scope,profile_id,rank,form,frequency,tokens_denominator
numbered,plain,1,من,2763,77800
numbered,plain,2,الله,2153,77800
numbered,plain,3,في,1185,77800
numbered,plain,4,ما,1013,77800
numbered,plain,5,إن,966,77800
numbered,plain,6,لا,812,77800
numbered,plain,7,الذين,810,77800
numbered,plain,8,على,670,77800
numbered,plain,9,إلا,664,77800
numbered,plain,10,ولا,658,77800
numbered,plain,11,وما,646,77800
numbered,plain,12,أن,638,77800
numbered,plain,13,قال,416,77800
numbered,plain,14,إلى,405,77800
numbered,plain,15,لهم,373,77800
numbered,plain,16,يا,350,77800
numbered,plain,17,ومن,342,77800
numbered,plain,18,ثم,340,77800
numbered,plain,19,لكم,337,77800
numbered,plain,20,به,327,77800
numbered,plain,21,كان,323,77800
numbered,plain,22,بما,296,77800
numbered,plain,23,قل,294,77800
numbered,plain,24,الأرض,287,77800
numbered,plain,25,ذلك,280,77800
numbered,plain,26,أو,280,77800
numbered,plain,27,له,275,77800
numbered,plain,28,الذي,268,77800
numbered,plain,29,هو,265,77800
numbered,plain,30,آمنوا,263,77800
numbered,plain,31,هم,261,77800
numbered,plain,32,وإن,254,77800
numbered,plain,33,قالوا,250,77800
numbered,plain,34,كل,245,77800
numbered,plain,35,فيها,241,77800
numbered,plain,36,والله,240,77800
numbered,plain,37,كانوا,229,77800
numbered,plain,38,عن,223,77800
numbered,plain,39,إذا,221,77800
numbered,plain,40,ربك,220,77800
numbered,plain,41,يوم,217,77800
numbered,plain,42,عليهم,214,77800
numbered,plain,43,شيء,190,77800
numbered,plain,44,هذا,190,77800
numbered,plain,45,كفروا,189,77800
numbered,plain,46,كنتم,188,77800
numbered,plain,47,الناس,182,77800
numbered,plain,48,السماوات,182,77800
numbered,plain,49,لم,178,77800
numbered,plain,50,وهو,171,77800
numbered,plain,51,فإن,168,77800
numbered,plain,52,إذ,165,77800
numbered,plain,53,والذين,164,77800
numbered,plain,54,عليكم,164,77800
numbered,plain,55,الكتاب,163,77800
numbered,plain,56,والأرض,157,77800
numbered,plain,57,إنا,156,77800
numbered,plain,58,فلا,156,77800
numbered,plain,59,منهم,153,77800
numbered,plain,60,عذاب,150,77800
numbered,plain,61,أيها,150,77800
numbered,plain,62,بعد,149,77800
numbered,plain,63,إنه,147,77800
numbered,plain,64,عليه,146,77800
numbered,plain,65,حتى,142,77800
numbered,plain,66,بالله,139,77800
numbered,plain,67,وهم,137,77800
numbered,plain,68,وإذا,134,77800
numbered,plain,69,أولئك,133,77800
numbered,plain,70,أم,131,77800
numbered,plain,71,إني,131,77800
numbered,plain,72,رب,130,77800
numbered,plain,73,موسى,129,77800
numbered,plain,74,ولقد,129,77800
numbered,plain,75,فيه,127,77800
numbered,plain,76,بل,127,77800
numbered,plain,77,قوم,126,77800
numbered,plain,78,قد,126,77800
numbered,plain,79,عند,119,77800
numbered,plain,80,قبل,118,77800
numbered,plain,81,لله,116,77800
numbered,plain,82,خير,116,77800
numbered,plain,83,يشاء,116,77800
numbered,plain,84,الدنيا,115,77800
numbered,plain,85,إنما,113,77800
numbered,plain,86,ولكن,112,77800
numbered,plain,87,ربهم,111,77800
numbered,plain,88,ولو,111,77800
numbered,plain,89,مما,111,77800
numbered,plain,90,السماء,109,77800
numbered,plain,91,الحق,109,77800
numbered,plain,92,منكم,107,77800
numbered,plain,93,عليم,106,77800
numbered,plain,94,ربنا,106,77800
numbered,plain,95,ربكم,102,77800
numbered,plain,96,النار,102,77800
numbered,plain,97,فلما,101,77800
numbered,plain,98,ألا,99,77800
numbered,plain,99,أنزل,95,77800
numbered,plain,100,لمن,94,77800
numbered,plain,101,ربي,94,77800
numbered,plain,102,دون,91,77800
numbered,plain,103,فمن,90,77800
numbered,plain,104,منه,88,77800
numbered,plain,105,سبيل,87,77800
numbered,plain,106,فإذا,87,77800
numbered,plain,107,يؤمنون,86,77800
numbered,plain,108,فما,86,77800
numbered,plain,109,منها,86,77800
numbered,plain,110,كذلك,86,77800
numbered,plain,111,العذاب,85,77800
numbered,plain,112,وقال,85,77800
numbered,plain,113,وكان,84,77800
numbered,plain,114,مبين,84,77800
numbered,plain,115,خلق,83,77800
numbered,plain,116,لنا,83,77800
numbered,plain,117,تعملون,83,77800
numbered,plain,118,يعلمون,82,77800
numbered,plain,119,بين,80,77800
numbered,plain,120,للذين,80,77800
numbered,plain,121,أنتم,80,77800
numbered,plain,122,لو,80,77800
numbered,plain,123,بها,79,77800
numbered,plain,124,ألم,78,77800
numbered,plain,125,المؤمنين,78,77800
numbered,plain,126,إليك,77,77800
numbered,plain,127,شيئا,77,77800
numbered,plain,128,إليه,76,77800
numbered,plain,129,عنهم,75,77800
numbered,plain,130,لما,74,77800
numbered,plain,131,بالحق,74,77800
numbered,plain,132,ربه,73,77800
numbered,plain,133,إله,73,77800
numbered,plain,134,أنفسهم,72,77800
numbered,plain,135,وإذ,72,77800
numbered,plain,136,جهنم,72,77800
numbered,plain,137,لك,71,77800
numbered,plain,138,يعلم,71,77800
numbered,plain,139,الآخرة,71,77800
numbered,plain,140,القيامة,70,77800
numbered,plain,141,غير,69,77800
numbered,plain,142,وأن,69,77800
numbered,plain,143,فرعون,67,77800
numbered,plain,144,هل,67,77800
numbered,plain,145,أنا,66,77800
numbered,plain,146,ورسوله,66,77800
numbered,plain,147,قلوبهم,65,77800
numbered,plain,148,نحن,65,77800
numbered,plain,149,يومئذ,65,77800
numbered,plain,150,الظالمين,64,77800
numbered,plain,151,العزيز,64,77800
numbered,plain,152,إنهم,63,77800
numbered,plain,153,الشيطان,63,77800
numbered,plain,154,الحياة,63,77800
numbered,plain,155,لي,63,77800
numbered,plain,156,كنا,63,77800
numbered,plain,157,جنات,62,77800
numbered,plain,158,كيف,62,77800
numbered,plain,159,أصحاب,62,77800
numbered,plain,160,إبراهيم,62,77800
numbered,plain,161,القوم,62,77800
numbered,plain,162,العالمين,61,77800
numbered,plain,163,الصالحات,61,77800
numbered,plain,164,بعض,61,77800
numbered,plain,165,وقالوا,61,77800
numbered,plain,166,رحيم,61,77800
numbered,plain,167,علم,60,77800
numbered,plain,168,كما,59,77800
numbered,plain,169,لعلكم,59,77800
numbered,plain,170,لن,59,77800
numbered,plain,171,الليل,59,77800
numbered,plain,172,الصلاة,58,77800
numbered,plain,173,مع,58,77800
numbered,plain,174,بينهم,58,77800
numbered,plain,175,الإنسان,58,77800
numbered,plain,176,التي,57,77800
numbered,plain,177,بآياتنا,57,77800
numbered,plain,178,فقد,57,77800
numbered,plain,179,عليك,57,77800
numbered,plain,180,جاء,57,77800
numbered,plain,181,شاء,56,77800
numbered,plain,182,تعلمون,56,77800
numbered,plain,183,الجنة,56,77800
numbered,plain,184,يعملون,56,77800
numbered,plain,185,أهل,56,77800
numbered,plain,186,أعلم,55,77800
numbered,plain,187,أنت,55,77800
numbered,plain,188,قليلا,55,77800
numbered,plain,189,لقد,54,77800
numbered,plain,190,وعملوا,53,77800
numbered,plain,191,أليم,52,77800
numbered,plain,192,الكافرين,52,77800
numbered,plain,193,رسول,52,77800
numbered,plain,194,آيات,52,77800
numbered,plain,195,قبلهم,52,77800
numbered,plain,196,غفور,52,77800
numbered,plain,197,بني,51,77800
numbered,plain,198,علينا,51,77800
numbered,plain,199,يقولون,51,77800
numbered,plain,200,للناس,51,77800
numbered,plain,201,لقوم,51,77800
numbered,plain,202,كنت,51,77800
numbered,plain,203,أرسلنا,51,77800
numbered,plain,204,إنك,50,77800
numbered,plain,205,عظيم,49,77800
numbered,plain,206,جميعا,49,77800
numbered,plain,207,أمة,49,77800
numbered,plain,208,تجري,48,77800
numbered,plain,209,الدين,47,77800
numbered,plain,210,نفس,47,77800
numbered,plain,211,هي,47,77800
numbered,plain,212,عما,47,77800
numbered,plain,213,كتاب,47,77800
numbered,plain,214,آية,47,77800
numbered,plain,215,مثل,47,77800
numbered,plain,216,ليس,47,77800
numbered,plain,217,ولم,47,77800
numbered,plain,218,كثيرا,46,77800
numbered,plain,219,هذه,46,77800
numbered,plain,220,فأولئك,46,77800
numbered,plain,221,عليها,46,77800
numbered,plain,222,الرحمن,45,77800
numbered,plain,223,جعل,45,77800
numbered,plain,224,وأنتم,45,77800
numbered,plain,225,أفلا,45,77800
numbered,plain,226,الرسول,45,77800
numbered,plain,227,ذلكم,44,77800
numbered,plain,228,ويوم,44,77800
numbered,plain,229,خالدين,44,77800
numbered,plain,230,ولهم,43,77800
numbered,plain,231,الأنهار,43,77800
numbered,plain,232,وقد,43,77800
numbered,plain,233,يهدي,43,77800
numbered,plain,234,القرآن,43,77800
numbered,plain,235,كذبوا,43,77800
numbered,plain,236,الحكيم,42,77800
numbered,plain,237,إسرائيل,42,77800
numbered,plain,238,واتقوا,42,77800
numbered,plain,239,ظلموا,42,77800
numbered,plain,240,بهم,41,77800
numbered,plain,241,فهم,41,77800
numbered,plain,242,أمر,41,77800
numbered,plain,243,هؤلاء,41,77800
numbered,plain,244,أنهم,41,77800
numbered,plain,245,بغير,41,77800
numbered,plain,246,جاءهم,41,77800
numbered,plain,247,لها,41,77800
numbered,plain,248,لعلهم,41,77800
numbered,plain,249,اليوم,41,77800
numbered,plain,250,إليهم,40,77800
numbered,plain,251,قوما,40,77800
numbered,plain,252,وعلى,39,77800
numbered,plain,253,يقول,39,77800
numbered,plain,254,يحب,39,77800
numbered,plain,255,حكيم,39,77800
numbered,plain,256,هدى,38,77800
numbered,plain,257,الملائكة,38,77800
numbered,plain,258,أنفسكم,38,77800
numbered,plain,259,أكثرهم,38,77800
numbered,plain,260,لولا,38,77800
numbered,plain,261,وكذلك,38,77800
numbered,plain,262,يريد,38,77800
numbered,plain,263,عذابا,38,77800
numbered,plain,264,ذكر,38,77800
numbered,plain,265,وعد,38,77800
numbered,plain,266,دونه,38,77800
numbered,plain,267,كلا,38,77800
numbered,plain,268,آمنا,37,77800
numbered,plain,269,بكم,37,77800
numbered,plain,270,قدير,37,77800
numbered,plain,271,خيرا,37,77800
numbered,plain,272,عنه,37,77800
numbered,plain,273,وجعلنا,37,77800
numbered,plain,274,تحتها,36,77800
numbered,plain,275,صالحا,36,77800
numbered,plain,276,العظيم,36,77800
numbered,plain,277,قومه,36,77800
numbered,plain,278,الموت,35,77800
numbered,plain,279,ماء,35,77800
numbered,plain,280,وكانوا,35,77800
numbered,plain,281,منا,35,77800
numbered,plain,282,يكون,35,77800
numbered,plain,283,شديد,35,77800
numbered,plain,284,أولم,35,77800
numbered,plain,285,الساعة,35,77800
numbered,plain,286,فبأي,35,77800
numbered,plain,287,الرحيم,34,77800
numbered,plain,288,قيل,34,77800
numbered,plain,289,بكل,34,77800
numbered,plain,290,بآيات,34,77800
numbered,plain,291,مؤمنين,34,77800
numbered,plain,292,حق,34,77800
numbered,plain,293,آياتنا,34,77800
numbered,plain,294,معه,34,77800
numbered,plain,295,رحمة,34,77800
numbered,plain,296,أولياء,34,77800
numbered,plain,297,آلاء,34,77800
numbered,plain,298,قبلك,33,77800
numbered,plain,299,وفي,33,77800
numbered,plain,300,وإنا,33,77800
numbered,plain,301,بعضهم,33,77800
numbered,plain,302,أيديهم,33,77800
numbered,plain,303,مريم,33,77800
numbered,plain,304,ولئن,33,77800
numbered,plain,305,نوح,33,77800
numbered,plain,306,ربكما,33,77800
numbered,plain,307,صراط,32,77800
numbered,plain,308,العليم,32,77800
numbered,plain,309,ولما,32,77800
numbered,plain,310,أوتوا,32,77800
numbered,plain,311,أحسن,32,77800
numbered,plain,312,يكن,32,77800
numbered,plain,313,الأمر,32,77800
numbered,plain,314,إليكم,32,77800
numbered,plain,315,أجر,32,77800
numbered,plain,316,صادقين,31,77800
numbered,plain,317,إنكم,31,77800
numbered,plain,318,فضل,31,77800
numbered,plain,319,آياته,31,77800
numbered,plain,320,ملك,31,77800
numbered,plain,321,ممن,31,77800
numbered,plain,322,الآيات,31,77800
numbered,plain,323,تر,31,77800
numbered,plain,324,أكثر,31,77800
numbered,plain,325,بينهما,31,77800
numbered,plain,326,الأولين,31,77800
numbered,plain,327,تكذبان,31,77800
numbered,plain,328,سوء,30,77800
numbered,plain,329,المحسنين,30,77800
numbered,plain,330,أحد,30,77800
numbered,plain,331,فإنما,30,77800
numbered,plain,332,النبي,30,77800
numbered,plain,333,الآخر,29,77800
numbered,plain,334,حيث,29,77800
numbered,plain,335,حين,29,77800
numbered,plain,336,جزاء,29,77800
numbered,plain,337,ابن,29,77800
numbered,plain,338,جعلنا,29,77800
numbered,plain,339,لآيات,29,77800
numbered,plain,340,لفي,29,77800
numbered,plain,341,بينكم,29,77800
numbered,plain,342,اتقوا,29,77800
numbered,plain,343,واحدة,29,77800
numbered,plain,344,قالت,29,77800
numbered,plain,345,سبيلا,29,77800
numbered,plain,346,نذير,29,77800
numbered,plain,347,وجعل,29,77800
numbered,plain,348,وأما,28,77800
numbered,plain,349,يظلمون,28,77800
numbered,plain,350,أشد,28,77800
numbered,plain,351,فضله,28,77800
numbered,plain,352,كانت,28,77800
numbered,plain,353,أبدا,28,77800
numbered,plain,354,السبيل,28,77800
numbered,plain,355,تلك,28,77800
numbered,plain,356,العلم,28,77800
numbered,plain,357,فهو,28,77800
numbered,plain,358,الملك,28,77800
numbered,plain,359,الغيب,28,77800
numbered,plain,360,ويقولون,28,77800
numbered,plain,361,القول,28,77800
numbered,plain,362,لئن,28,77800
numbered,plain,363,آمن,27,77800
numbered,plain,364,فقال,27,77800
numbered,plain,365,بصير,27,77800
numbered,plain,366,ولله,27,77800
numbered,plain,367,أعمالهم,27,77800
numbered,plain,368,وإلى,27,77800
numbered,plain,369,يؤمن,27,77800
numbered,plain,370,يدعون,27,77800
numbered,plain,371,عاقبة,27,77800
numbered,plain,372,ضلال,27,77800
numbered,plain,373,لكل,27,77800
numbered,plain,374,يروا,27,77800
numbered,plain,375,الحمد,26,77800
numbered,plain,376,سواء,26,77800
numbered,plain,377,معكم,26,77800
numbered,plain,378,الزكاة,26,77800
numbered,plain,379,بأنهم,26,77800
numbered,plain,380,ومنهم,26,77800
numbered,plain,381,نفسه,26,77800
numbered,plain,382,مستقيم,26,77800
numbered,plain,383,جناح,26,77800
numbered,plain,384,وأنا,26,77800
numbered,plain,385,والنهار,26,77800
numbered,plain,386,فسوف,26,77800
numbered,plain,387,وأولئك,25,77800
numbered,plain,388,جاءكم,25,77800
numbered,plain,389,عباده,25,77800
numbered,plain,390,أنزلنا,25,77800
numbered,plain,391,ذو,25,77800
numbered,plain,392,ينظرون,25,77800
numbered,plain,393,تكون,25,77800
numbered,plain,394,خبير,25,77800
numbered,plain,395,النهار,25,77800
numbered,plain,396,إلي,25,77800
numbered,plain,397,كذب,25,77800
numbered,plain,398,خالدون,24,77800
numbered,plain,399,عنها,24,77800
numbered,plain,400,تعقلون,24,77800
numbered,plain,401,عنكم,24,77800
numbered,plain,402,بالبينات,24,77800
numbered,plain,403,المشركين,24,77800
numbered,plain,404,فيما,24,77800
numbered,plain,405,وإنه,24,77800
numbered,plain,406,ورحمة,24,77800
numbered,plain,407,عزيز,24,77800
numbered,plain,408,النساء,24,77800
numbered,plain,409,الظالمون,24,77800
numbered,plain,410,ولولا,24,77800
numbered,plain,411,المرسلين,24,77800
numbered,plain,412,الجبال,24,77800
numbered,plain,413,للكافرين,23,77800
numbered,plain,414,أنه,23,77800
numbered,plain,415,عدو,23,77800
numbered,plain,416,البحر,23,77800
numbered,plain,417,واليوم,23,77800
numbered,plain,418,حسنا,23,77800
numbered,plain,419,بإذن,23,77800
numbered,plain,420,تولوا,23,77800
numbered,plain,421,الجحيم,23,77800
numbered,plain,422,المصير,23,77800
numbered,plain,423,رسولا,23,77800
numbered,plain,424,عنده,23,77800
numbered,plain,425,الحرام,23,77800
numbered,plain,426,أجمعين,23,77800
numbered,plain,427,كتب,23,77800
numbered,plain,428,المتقين,23,77800
numbered,plain,429,قرية,23,77800
numbered,plain,430,وله,23,77800
numbered,plain,431,أجل,23,77800
numbered,plain,432,فهل,23,77800
numbered,plain,433,يرجعون,22,77800
numbered,plain,434,ولن,22,77800
numbered,plain,435,فأما,22,77800
numbered,plain,436,ماذا,22,77800
numbered,plain,437,آل,22,77800
numbered,plain,438,فلن,22,77800
numbered,plain,439,بلى,22,77800
numbered,plain,440,فتنة,22,77800
numbered,plain,441,يأتي,22,77800
numbered,plain,442,الهدى,22,77800
numbered,plain,443,يعقلون,22,77800
numbered,plain,444,نزل,22,77800
numbered,plain,445,وإليه,22,77800
numbered,plain,446,المؤمنون,22,77800
numbered,plain,447,بشر,22,77800
numbered,plain,448,عليما,22,77800
numbered,plain,449,عظيما,22,77800
numbered,plain,450,أجرا,22,77800
numbered,plain,451,المبين,22,77800
numbered,plain,452,يشعرون,21,77800
numbered,plain,453,تكونوا,21,77800
numbered,plain,454,بعده,21,77800
numbered,plain,455,بالآخرة,21,77800
numbered,plain,456,ولي,21,77800
numbered,plain,457,حرم,21,77800
numbered,plain,458,سميع,21,77800
numbered,plain,459,نار,21,77800
numbered,plain,460,مسمى,21,77800
numbered,plain,461,وقل,21,77800
numbered,plain,462,تكن,21,77800
numbered,plain,463,وكفى,21,77800
numbered,plain,464,عسى,21,77800
numbered,plain,465,اتخذوا,21,77800
numbered,plain,466,الفلك,21,77800
numbered,plain,467,خلقنا,21,77800
numbered,plain,468,يوسف,21,77800
numbered,plain,469,ينفقون,20,77800
numbered,plain,470,مثلا,20,77800
numbered,plain,471,آدم,20,77800
numbered,plain,472,بعضكم,20,77800
numbered,plain,473,أول,20,77800
numbered,plain,474,يسمعون,20,77800
numbered,plain,475,تعبدون,20,77800
numbered,plain,476,كفر,20,77800
numbered,plain,477,شهيدا,20,77800
numbered,plain,478,أولو,20,77800
numbered,plain,479,بالمعروف,20,77800
numbered,plain,480,أيام,20,77800
numbered,plain,481,لآية,20,77800
numbered,plain,482,أموالهم,20,77800
numbered,plain,483,رحيما,20,77800
numbered,plain,484,غفورا,20,77800
numbered,plain,485,أحدا,20,77800
numbered,plain,486,أخاف,20,77800
numbered,plain,487,تدعون,20,77800
numbered,plain,488,الشمس,20,77800
numbered,plain,489,والقمر,20,77800
numbered,plain,490,عملوا,20,77800
numbered,plain,491,العرش,20,77800
numbered,plain,492,كريم,20,77800
numbered,plain,493,نارا,19,77800
numbered,plain,494,تتقون,19,77800
numbered,plain,495,ترجعون,19,77800
numbered,plain,496,ولكم,19,77800
numbered,plain,497,تشكرون,19,77800
numbered,plain,498,آتينا,19,77800
numbered,plain,499,قولا,19,77800
numbered,plain,500,السميع,19,77800
numbered,plain,501,الصالحين,19,77800
numbered,plain,502,إلينا,19,77800
numbered,plain,503,البر,19,77800
numbered,plain,504,والآخرة,19,77800
numbered,plain,505,الذكر,19,77800
numbered,plain,506,لهو,19,77800
numbered,plain,507,أنما,19,77800
numbered,plain,508,ذي,19,77800
numbered,plain,509,ترى,19,77800
numbered,plain,510,سلام,19,77800
numbered,plain,511,المجرمين,19,77800
numbered,plain,512,نشاء,19,77800
numbered,plain,513,نجزي,19,77800
numbered,plain,514,الجن,19,77800
numbered,plain,515,يشركون,19,77800
numbered,plain,516,قوة,19,77800
numbered,plain,517,للمتقين,18,77800
numbered,plain,518,خلقكم,18,77800
numbered,plain,519,قبلكم,18,77800
numbered,plain,520,أراد,18,77800
numbered,plain,521,واحد,18,77800
numbered,plain,522,يحيي,18,77800
numbered,plain,523,ضل,18,77800
numbered,plain,524,يتقون,18,77800
numbered,plain,525,واعلموا,18,77800
numbered,plain,526,جاءتهم,18,77800
numbered,plain,527,أكبر,18,77800
numbered,plain,528,ذا,18,77800
numbered,plain,529,الرسل,18,77800
numbered,plain,530,جنة,18,77800
numbered,plain,531,فقل,18,77800
numbered,plain,532,يفترون,18,77800
numbered,plain,533,كلمة,18,77800
numbered,plain,534,يغفر,18,77800
numbered,plain,535,فقالوا,18,77800
numbered,plain,536,ريب,17,77800
numbered,plain,537,أظلم,17,77800
numbered,plain,538,اعبدوا,17,77800
numbered,plain,539,فاتقوا,17,77800
numbered,plain,540,يضل,17,77800
numbered,plain,541,يخرج,17,77800
numbered,plain,542,يبين,17,77800
numbered,plain,543,الماء,17,77800
numbered,plain,544,يفعل,17,77800
numbered,plain,545,ينزل,17,77800
numbered,plain,546,يديه,17,77800
numbered,plain,547,يحكم,17,77800
numbered,plain,548,أمرا,17,77800
numbered,plain,549,عاد,17,77800
numbered,plain,550,بأن,17,77800
numbered,plain,551,حقا,17,77800
numbered,plain,552,قبله,17,77800
numbered,plain,553,حسنة,17,77800
numbered,plain,554,بعدهم,17,77800
numbered,plain,555,مغفرة,17,77800
numbered,plain,556,كبيرا,17,77800
numbered,plain,557,تجد,17,77800
numbered,plain,558,ولد,17,77800
numbered,plain,559,بيننا,17,77800
numbered,plain,560,طائفة,17,77800
numbered,plain,561,وجوههم,17,77800
numbered,plain,562,أفمن,17,77800
numbered,plain,563,الكافرون,17,77800
numbered,plain,564,الصادقين,17,77800
numbered,plain,565,آلهة,17,77800
numbered,plain,566,القرى,17,77800
numbered,plain,567,تذكرون,17,77800
numbered,plain,568,الملأ,17,77800
numbered,plain,569,ذات,17,77800
numbered,plain,570,لوط,17,77800
numbered,plain,571,خوف,16,77800
numbered,plain,572,يوما,16,77800
numbered,plain,573,الموتى,16,77800
numbered,plain,574,عيسى,16,77800
numbered,plain,575,فلم,16,77800
numbered,plain,576,سمعنا,16,77800
numbered,plain,577,قدمت,16,77800
numbered,plain,578,وهدى,16,77800
numbered,plain,579,بينات,16,77800
numbered,plain,580,آتيناهم,16,77800
numbered,plain,581,فيهم,16,77800
numbered,plain,582,إلها,16,77800
numbered,plain,583,كسبت,16,77800
numbered,plain,584,أولي,16,77800
numbered,plain,585,الألباب,16,77800
numbered,plain,586,العقاب,16,77800
numbered,plain,587,الحساب,16,77800
numbered,plain,588,نعمة,16,77800
numbered,plain,589,متاع,16,77800
numbered,plain,590,فكيف,16,77800
numbered,plain,591,تتلى,16,77800
numbered,plain,592,الصدور,16,77800
numbered,plain,593,أمرنا,16,77800
numbered,plain,594,عمل,16,77800
numbered,plain,595,حكيما,16,77800
numbered,plain,596,الفوز,16,77800
numbered,plain,597,أهلها,16,77800
numbered,plain,598,علي,16,77800
numbered,plain,599,تأتيهم,16,77800
numbered,plain,600,أهلكنا,16,77800
numbered,plain,601,كذبت,16,77800
numbered,plain,602,رحمته,16,77800
numbered,plain,603,وكنا,16,77800
numbered,plain,604,رزقا,15,77800
numbered,plain,605,ونحن,15,77800
numbered,plain,606,وآتوا,15,77800
numbered,plain,607,كلوا,15,77800
numbered,plain,608,إنها,15,77800
numbered,plain,609,ببعض,15,77800
numbered,plain,610,فإنه,15,77800
numbered,plain,611,للمؤمنين,15,77800
numbered,plain,612,يكفر,15,77800
numbered,plain,613,تقولوا,15,77800
numbered,plain,614,اتخذ,15,77800
numbered,plain,615,وبئس,15,77800
numbered,plain,616,خلت,15,77800
numbered,plain,617,المسجد,15,77800
numbered,plain,618,كسبوا,15,77800
numbered,plain,619,يأتيهم,15,77800
numbered,plain,620,شر,15,77800
numbered,plain,621,أنى,15,77800
numbered,plain,622,أيمانكم,15,77800
numbered,plain,623,يستطيعون,15,77800
numbered,plain,624,التوراة,15,77800
numbered,plain,625,واذكر,15,77800
numbered,plain,626,أني,15,77800
numbered,plain,627,فوق,15,77800
numbered,plain,628,وهذا,15,77800
numbered,plain,629,قلوب,15,77800
numbered,plain,630,وقيل,15,77800
numbered,plain,631,يجعل,15,77800
numbered,plain,632,ملكت,15,77800
numbered,plain,633,بصيرا,15,77800
numbered,plain,634,المنافقين,15,77800
numbered,plain,635,ليقولن,15,77800
numbered,plain,636,أخرى,15,77800
numbered,plain,637,شك,15,77800
numbered,plain,638,رسلنا,15,77800
numbered,plain,639,أيمانهم,15,77800
numbered,plain,640,كذبا,15,77800
numbered,plain,641,كافرون,15,77800
numbered,plain,642,والذي,15,77800
numbered,plain,643,بهذا,14,77800
numbered,plain,644,سبع,14,77800
numbered,plain,645,قلنا,14,77800
numbered,plain,646,نفسا,14,77800
numbered,plain,647,قلوبكم,14,77800
numbered,plain,648,يكسبون,14,77800
numbered,plain,649,معرضون,14,77800
numbered,plain,650,معهم,14,77800
numbered,plain,651,سنة,14,77800
numbered,plain,652,الفضل,14,77800
numbered,plain,653,سبحانه,14,77800
numbered,plain,654,أهله,14,77800
numbered,plain,655,مسلمون,14,77800
numbered,plain,656,أوتي,14,77800
numbered,plain,657,أين,14,77800
numbered,plain,658,والملائكة,14,77800
numbered,plain,659,دابة,14,77800
numbered,plain,660,بعيد,14,77800
numbered,plain,661,قريب,14,77800
numbered,plain,662,أنكم,14,77800
numbered,plain,663,بينة,14,77800
numbered,plain,664,أزواجا,14,77800
numbered,plain,665,داوود,14,77800
numbered,plain,666,الظلمات,14,77800
numbered,plain,667,بالقسط,14,77800
numbered,plain,668,وإني,14,77800
numbered,plain,669,يخلق,14,77800
numbered,plain,670,الكذب,14,77800
numbered,plain,671,افترى,14,77800
numbered,plain,672,رسوله,14,77800
numbered,plain,673,وأطيعوا,14,77800
numbered,plain,674,يرد,14,77800
numbered,plain,675,عندنا,14,77800
numbered,plain,676,السوء,14,77800
numbered,plain,677,السيئات,14,77800
numbered,plain,678,أليما,14,77800
numbered,plain,679,مكان,14,77800
numbered,plain,680,الأنعام,14,77800
numbered,plain,681,أوحينا,14,77800
numbered,plain,682,اسم,14,77800
numbered,plain,683,وأنت,14,77800
numbered,plain,684,يستهزئون,14,77800
numbered,plain,685,أرأيتم,14,77800
numbered,plain,686,يوحى,14,77800
numbered,plain,687,أنزلناه,14,77800
numbered,plain,688,مرة,14,77800
numbered,plain,689,الخلق,14,77800
numbered,plain,690,المدينة,14,77800
numbered,plain,691,عباد,14,77800
numbered,plain,692,وكل,14,77800
numbered,plain,693,الأولى,14,77800
numbered,plain,694,ويل,14,77800
numbered,plain,695,كمثل,13,77800
numbered,plain,696,يحزنون,13,77800
numbered,plain,697,ينصرون,13,77800
numbered,plain,698,لقومه,13,77800
numbered,plain,699,ادخلوا,13,77800
numbered,plain,700,واذكروا,13,77800
numbered,plain,701,فلولا,13,77800
numbered,plain,702,الخاسرين,13,77800
numbered,plain,703,يفعلون,13,77800
numbered,plain,704,فريق,13,77800
numbered,plain,705,الدار,13,77800
numbered,plain,706,الشياطين,13,77800
numbered,plain,707,وقالت,13,77800
numbered,plain,708,ولدا,13,77800
numbered,plain,709,لهن,13,77800
numbered,plain,710,الأمور,13,77800
numbered,plain,711,فوقهم,13,77800
numbered,plain,712,غيره,13,77800
numbered,plain,713,تتخذوا,13,77800
numbered,plain,714,فانظر,13,77800
numbered,plain,715,بعذاب,13,77800
numbered,plain,716,للعالمين,13,77800
numbered,plain,717,رجل,13,77800
numbered,plain,718,شركاء,13,77800
numbered,plain,719,وذلك,13,77800
numbered,plain,720,مبينا,13,77800
numbered,plain,721,وليا,13,77800
numbered,plain,722,يريدون,13,77800
numbered,plain,723,يفقهون,13,77800
numbered,plain,724,وكيلا,13,77800
numbered,plain,725,الحسنى,13,77800
numbered,plain,726,حرج,13,77800
numbered,plain,727,سبيله,13,77800
numbered,plain,728,وجدنا,13,77800
numbered,plain,729,فيقول,13,77800
numbered,plain,730,أليس,13,77800
numbered,plain,731,بغتة,13,77800
numbered,plain,732,أعبد,13,77800
numbered,plain,733,وإما,13,77800
numbered,plain,734,عالم,13,77800
numbered,plain,735,توعدون,13,77800
numbered,plain,736,الرزق,13,77800
numbered,plain,737,سلطان,13,77800
numbered,plain,738,ثمود,13,77800
numbered,plain,739,صبروا,13,77800
numbered,plain,740,المجرمون,13,77800
numbered,plain,741,وأنه,13,77800
numbered,plain,742,يكونوا,13,77800
numbered,plain,743,الكفار,13,77800
numbered,plain,744,سبحان,13,77800
numbered,plain,745,الآخرين,13,77800
numbered,plain,746,أدراك,13,77800
numbered,plain,747,بالغيب,12,77800
numbered,plain,748,المفلحون,12,77800
numbered,plain,749,مرض,12,77800
numbered,plain,750,كلما,12,77800
numbered,plain,751,وأنزل,12,77800
numbered,plain,752,تكفرون,12,77800
numbered,plain,753,وأنزلنا,12,77800
numbered,plain,754,يكفرون,12,77800
numbered,plain,755,أجرهم,12,77800
numbered,plain,756,أخذنا,12,77800
numbered,plain,757,يؤمنوا,12,77800
numbered,plain,758,سيئة,12,77800
numbered,plain,759,القربى,12,77800
numbered,plain,760,مهين,12,77800
numbered,plain,761,أشركوا,12,77800
numbered,plain,762,ورسله,12,77800
numbered,plain,763,وراء,12,77800
numbered,plain,764,بأمره,12,77800
numbered,plain,765,أرسلناك,12,77800
numbered,plain,766,أهواءهم,12,77800
numbered,plain,767,البيت,12,77800
numbered,plain,768,شهداء,12,77800
numbered,plain,769,اتبعوا,12,77800
numbered,plain,770,ترك,12,77800
numbered,plain,771,عبادي,12,77800
numbered,plain,772,بي,12,77800
numbered,plain,773,حدود,12,77800
numbered,plain,774,كم,12,77800
numbered,plain,775,هارون,12,77800
numbered,plain,776,درجات,12,77800
numbered,plain,777,الحي,12,77800
numbered,plain,778,خلفهم,12,77800
numbered,plain,779,قول,12,77800
numbered,plain,780,شهيد,12,77800
numbered,plain,781,أمن,12,77800
numbered,plain,782,ويعلم,12,77800
numbered,plain,783,بآية,12,77800
numbered,plain,784,أخذ,12,77800
numbered,plain,785,بذات,12,77800
numbered,plain,786,قتل,12,77800
numbered,plain,787,كتابا,12,77800
numbered,plain,788,خبيرا,12,77800
numbered,plain,789,نصيرا,12,77800
numbered,plain,790,يضلل,12,77800
numbered,plain,791,يستوي,12,77800
numbered,plain,792,تاب,12,77800
numbered,plain,793,وترى,12,77800
numbered,plain,794,سحر,12,77800
numbered,plain,795,رأى,12,77800
numbered,plain,796,أمرهم,12,77800
numbered,plain,797,بشرا,12,77800
numbered,plain,798,وثمود,12,77800
numbered,plain,799,تسمع,12,77800
numbered,plain,800,أفلم,12,77800
numbered,plain,801,اليمين,12,77800
numbered,plain,802,للمكذبين,12,77800
numbered,plain,803,ومما,11,77800
numbered,plain,804,يوقنون,11,77800
numbered,plain,805,ذهب,11,77800
numbered,plain,806,يبصرون,11,77800
numbered,plain,807,الثمرات,11,77800
numbered,plain,808,مثله,11,77800
numbered,plain,809,وبشر,11,77800
numbered,plain,810,الفاسقين,11,77800
numbered,plain,811,الخاسرون,11,77800
numbered,plain,812,إبليس,11,77800
numbered,plain,813,مني,11,77800
numbered,plain,814,مصدقا,11,77800
numbered,plain,815,وأقيموا,11,77800
numbered,plain,816,سجدا,11,77800
numbered,plain,817,طعام,11,77800
numbered,plain,818,بالذي,11,77800
numbered,plain,819,وعمل,11,77800
numbered,plain,820,هزوا,11,77800
numbered,plain,821,البينات,11,77800
numbered,plain,822,عدوا,11,77800
numbered,plain,823,كأنهم,11,77800
numbered,plain,824,واتبعوا,11,77800
numbered,plain,825,الكفر,11,77800
numbered,plain,826,وجهه,11,77800
numbered,plain,827,كن,11,77800
numbered,plain,828,جاءك,11,77800
numbered,plain,829,والحكمة,11,77800
numbered,plain,830,ويعقوب,11,77800
numbered,plain,831,فيكم,11,77800
numbered,plain,832,موتها,11,77800
numbered,plain,833,يتخذ,11,77800
numbered,plain,834,أموالكم,11,77800
numbered,plain,835,تفلحون,11,77800
numbered,plain,836,ثلاثة,11,77800
numbered,plain,837,ابتغاء,11,77800
numbered,plain,838,زين,11,77800
numbered,plain,839,يرجون,11,77800
numbered,plain,840,مؤمن,11,77800
numbered,plain,841,أحق,11,77800
numbered,plain,842,عليهن,11,77800
numbered,plain,843,وتلك,11,77800
numbered,plain,844,كثيرة,11,77800
numbered,plain,845,فمنهم,11,77800
numbered,plain,846,أنفقوا,11,77800
numbered,plain,847,للظالمين,11,77800
numbered,plain,848,عنا,11,77800
numbered,plain,849,البلاغ,11,77800
numbered,plain,850,تأكلون,11,77800
numbered,plain,851,وأطيعون,11,77800
numbered,plain,852,مرجعكم,11,77800
numbered,plain,853,شديدا,11,77800
numbered,plain,854,دين,11,77800
numbered,plain,855,صدق,11,77800
numbered,plain,856,فذوقوا,11,77800
numbered,plain,857,تقول,11,77800
numbered,plain,858,سلطانا,11,77800
numbered,plain,859,رسل,11,77800
numbered,plain,860,يذكرون,11,77800
numbered,plain,861,وربك,11,77800
numbered,plain,862,يقولوا,11,77800
numbered,plain,863,أضل,11,77800
numbered,plain,864,معك,11,77800
numbered,plain,865,ويقول,11,77800
numbered,plain,866,ساء,11,77800
numbered,plain,867,بيني,11,77800
numbered,plain,868,وإنهم,11,77800
numbered,plain,869,حميم,11,77800
numbered,plain,870,أسألكم,11,77800
numbered,plain,871,فأنى,11,77800
numbered,plain,872,المسلمين,11,77800
numbered,plain,873,ويا,11,77800
numbered,plain,874,أمين,11,77800
numbered,plain,875,استكبروا,11,77800
numbered,plain,876,رسلهم,11,77800
numbered,plain,877,معي,11,77800
numbered,plain,878,وأصحاب,11,77800
numbered,plain,879,والمؤمنات,11,77800
numbered,plain,880,عدن,11,77800
numbered,plain,881,تقوم,11,77800
numbered,plain,882,السمع,11,77800
numbered,plain,883,الغفور,11,77800
numbered,plain,884,فاصبر,11,77800
numbered,plain,885,عبادنا,11,77800
numbered,plain,886,وسخر,11,77800
numbered,plain,887,أإذا,11,77800
numbered,plain,888,نطفة,11,77800
numbered,plain,889,رزقناهم,10,77800
numbered,plain,890,فأتوا,10,77800
numbered,plain,891,وكلا,10,77800
numbered,plain,892,وكذبوا,10,77800
numbered,plain,893,ثمنا,10,77800
numbered,plain,894,نؤمن,10,77800
numbered,plain,895,القرية,10,77800
numbered,plain,896,هادوا,10,77800
numbered,plain,897,فريقا,10,77800
numbered,plain,898,سليمان,10,77800
numbered,plain,899,منهما,10,77800
numbered,plain,900,كثير,10,77800
numbered,plain,901,تبين,10,77800
numbered,plain,902,فله,10,77800
numbered,plain,903,يختلفون,10,77800
numbered,plain,904,وجه,10,77800
numbered,plain,905,قضى,10,77800
numbered,plain,906,فيكون,10,77800
numbered,plain,907,حنيفا,10,77800
numbered,plain,908,وربكم,10,77800
numbered,plain,909,يأت,10,77800
numbered,plain,910,الصابرين,10,77800
numbered,plain,911,مصيبة,10,77800
numbered,plain,912,تابوا,10,77800
numbered,plain,913,الرياح,10,77800
numbered,plain,914,آباءنا,10,77800
numbered,plain,915,يهتدون,10,77800
numbered,plain,916,أخيه,10,77800
numbered,plain,917,ذكرا,10,77800
numbered,plain,918,نصيب,10,77800
numbered,plain,919,كبير,10,77800
numbered,plain,920,دينكم,10,77800
numbered,plain,921,وجاهدوا,10,77800
numbered,plain,922,حليم,10,77800
numbered,plain,923,النور,10,77800
numbered,plain,924,وهي,10,77800
numbered,plain,925,الطير,10,77800
numbered,plain,926,ذرية,10,77800
numbered,plain,927,دعوا,10,77800
numbered,plain,928,دينهم,10,77800
numbered,plain,929,ويغفر,10,77800
numbered,plain,930,بك,10,77800
numbered,plain,931,المسيح,10,77800
numbered,plain,932,يدي,10,77800
numbered,plain,933,الكاذبين,10,77800
numbered,plain,934,وبينكم,10,77800
numbered,plain,935,المنكر,10,77800
numbered,plain,936,صدورهم,10,77800
numbered,plain,937,فإنهم,10,77800
numbered,plain,938,اتبع,10,77800
numbered,plain,939,أيديكم,10,77800
numbered,plain,940,فالذين,10,77800
numbered,plain,941,قليل,10,77800
numbered,plain,942,حكما,10,77800
numbered,plain,943,انظر,10,77800
numbered,plain,944,كأن,10,77800
numbered,plain,945,وأنفسهم,10,77800
numbered,plain,946,يعمل,10,77800
numbered,plain,947,يجدون,10,77800
numbered,plain,948,حديث,10,77800
numbered,plain,949,فأخذتهم,10,77800
numbered,plain,950,الظن,10,77800
numbered,plain,951,الطيبات,10,77800
numbered,plain,952,فإنا,10,77800
numbered,plain,953,المفسدين,10,77800
numbered,plain,954,النعيم,10,77800
numbered,plain,955,بلغ,10,77800
numbered,plain,956,أمره,10,77800
numbered,plain,957,بأسنا,10,77800
numbered,plain,958,الصور,10,77800
numbered,plain,959,والشهادة,10,77800
numbered,plain,960,جاءت,10,77800
numbered,plain,961,آياتي,10,77800
numbered,plain,962,اثنين,10,77800
numbered,plain,963,أرسل,10,77800
numbered,plain,964,لهما,10,77800
numbered,plain,965,أخرج,10,77800
numbered,plain,966,يرسل,10,77800
numbered,plain,967,وجاء,10,77800
numbered,plain,968,مجرمين,10,77800
numbered,plain,969,يتفكرون,10,77800
numbered,plain,970,الباطل,10,77800
numbered,plain,971,أذن,10,77800
numbered,plain,972,الأعراب,10,77800
numbered,plain,973,القرون,10,77800
numbered,plain,974,يغني,10,77800
numbered,plain,975,رأوا,10,77800
numbered,plain,976,لنفسه,10,77800
numbered,plain,977,الأحزاب,10,77800
numbered,plain,978,يملكون,10,77800
numbered,plain,979,الأمثال,10,77800
numbered,plain,980,الحميد,10,77800
numbered,plain,981,آخر,10,77800
numbered,plain,982,بحمد,10,77800
numbered,plain,983,بمن,10,77800
numbered,plain,984,عين,10,77800
numbered,plain,985,يوعدون,10,77800
numbered,plain,986,تكذبون,10,77800
numbered,plain,987,بيوت,10,77800
numbered,plain,988,تنزيل,10,77800
numbered,plain,989,أبصارهم,9,77800
numbered,plain,990,والسماء,9,77800
numbered,plain,991,تفعلوا,9,77800
numbered,plain,992,ويهدي,9,77800
numbered,plain,993,استوى,9,77800
numbered,plain,994,للملائكة,9,77800
numbered,plain,995,سبحانك,9,77800
numbered,plain,996,لبعض,9,77800
numbered,plain,997,اذكروا,9,77800
numbered,plain,998,أنزلت,9,77800
numbered,plain,999,بالباطل,9,77800
numbered,plain,1000,قلتم,9,77800
numbered,plain,1001,أدنى,9,77800
numbered,plain,1002,النبيين,9,77800
numbered,plain,1003,كونوا,9,77800
numbered,plain,1004,أكون,9,77800
numbered,plain,1005,بغافل,9,77800
numbered,plain,1006,فويل,9,77800
numbered,plain,1007,ميثاق,9,77800
numbered,plain,1008,والمساكين,9,77800
numbered,plain,1009,ديارهم,9,77800
numbered,plain,1010,الفاسقون,9,77800
numbered,plain,1011,تعلم,9,77800
numbered,plain,1012,نصير,9,77800
numbered,plain,1013,يذكر,9,77800
numbered,plain,1014,وإسماعيل,9,77800
numbered,plain,1015,مسلمين,9,77800
numbered,plain,1016,ملة,9,77800
numbered,plain,1017,وإسحاق,9,77800
numbered,plain,1018,أعمالكم,9,77800
numbered,plain,1019,تكونن,9,77800
numbered,plain,1020,ولعلكم,9,77800
numbered,plain,1021,اختلفوا,9,77800
numbered,plain,1022,يسألونك,9,77800
numbered,plain,1023,فيهن,9,77800
numbered,plain,1024,فضلا,9,77800
numbered,plain,1025,سريع,9,77800
numbered,plain,1026,تولى,9,77800
numbered,plain,1027,بإذنه,9,77800
numbered,plain,1028,متى,9,77800
numbered,plain,1029,كره,9,77800
numbered,plain,1030,أقرب,9,77800
numbered,plain,1031,يشكرون,9,77800
numbered,plain,1032,ويميت,9,77800
numbered,plain,1033,يتبعون,9,77800
numbered,plain,1034,بعضا,9,77800
numbered,plain,1035,فأخذهم,9,77800
numbered,plain,1036,لأولي,9,77800
numbered,plain,1037,الأبصار,9,77800
numbered,plain,1038,تشاء,9,77800
numbered,plain,1039,الخير,9,77800
numbered,plain,1040,والرسول,9,77800
numbered,plain,1041,هنالك,9,77800
numbered,plain,1042,طيبة,9,77800
numbered,plain,1043,تؤمنوا,9,77800
numbered,plain,1044,كالذين,9,77800
numbered,plain,1045,فليتوكل,9,77800
numbered,plain,1046,يتوب,9,77800
numbered,plain,1047,مثوى,9,77800
numbered,plain,1048,كمن,9,77800
numbered,plain,1049,نفعا,9,77800
numbered,plain,1050,يشرك,9,77800
numbered,plain,1051,عندك,9,77800
numbered,plain,1052,نفسك,9,77800
numbered,plain,1053,واتبع,9,77800
numbered,plain,1054,ضلوا,9,77800
numbered,plain,1055,نورا,9,77800
numbered,plain,1056,نفسي,9,77800
numbered,plain,1057,وبين,9,77800
numbered,plain,1058,نبأ,9,77800
numbered,plain,1059,وآتيناه,9,77800
numbered,plain,1060,فأصبحوا,9,77800
numbered,plain,1061,مكانا,9,77800
numbered,plain,1062,دخلوا,9,77800
numbered,plain,1063,ضرا,9,77800
numbered,plain,1064,تخرج,9,77800
numbered,plain,1065,أقول,9,77800
numbered,plain,1066,فإنك,9,77800
numbered,plain,1067,بربهم,9,77800
numbered,plain,1068,بريء,9,77800
numbered,plain,1069,يفلح,9,77800
numbered,plain,1070,أساطير,9,77800
numbered,plain,1071,لكاذبون,9,77800
numbered,plain,1072,أمم,9,77800
numbered,plain,1073,والبحر,9,77800
numbered,plain,1074,قومك,9,77800
numbered,plain,1075,لأبيه,9,77800
numbered,plain,1076,علما,9,77800
numbered,plain,1077,أوحي,9,77800
numbered,plain,1078,تجزون,9,77800
numbered,plain,1079,والشمس,9,77800
numbered,plain,1080,والإنس,9,77800
numbered,plain,1081,وكم,9,77800
numbered,plain,1082,ظالمين,9,77800
numbered,plain,1083,إما,9,77800
numbered,plain,1084,نعم,9,77800
numbered,plain,1085,أغنى,9,77800
numbered,plain,1086,بيوتا,9,77800
numbered,plain,1087,مدين,9,77800
numbered,plain,1088,فعل,9,77800
numbered,plain,1089,عذابي,9,77800
numbered,plain,1090,قريبا,9,77800
numbered,plain,1091,الوعد,9,77800
numbered,plain,1092,أجري,9,77800
numbered,plain,1093,تخف,9,77800
numbered,plain,1094,يعبدون,9,77800
numbered,plain,1095,قرآنا,9,77800
numbered,plain,1096,سنين,9,77800
numbered,plain,1097,رواسي,9,77800
numbered,plain,1098,ترابا,9,77800
numbered,plain,1099,أإنا,9,77800
numbered,plain,1100,يبسط,9,77800
numbered,plain,1101,ويقدر,9,77800
numbered,plain,1102,معلوم,9,77800
numbered,plain,1103,الأعلى,9,77800
numbered,plain,1104,نجعل,9,77800
numbered,plain,1105,للرحمن,9,77800
numbered,plain,1106,تبصرون,9,77800
numbered,plain,1107,ظلمات,8,77800
numbered,plain,1108,عهد,8,77800
numbered,plain,1109,وكنتم,8,77800
numbered,plain,1110,ليلة,8,77800
numbered,plain,1111,وقولوا,8,77800
numbered,plain,1112,توليتم,8,77800
numbered,plain,1113,بغيا,8,77800
numbered,plain,1114,غضب,8,77800
numbered,plain,1115,ألف,8,77800
numbered,plain,1116,يدخل,8,77800
numbered,plain,1117,اليهود,8,77800
numbered,plain,1118,قولهم,8,77800
numbered,plain,1119,واسع,8,77800
numbered,plain,1120,ونذيرا,8,77800
numbered,plain,1121,عنك,8,77800
numbered,plain,1122,تتبع,8,77800
numbered,plain,1123,آمنتم,8,77800
numbered,plain,1124,ولكل,8,77800
numbered,plain,1125,الخيرات,8,77800
numbered,plain,1126,كفار,8,77800
numbered,plain,1127,ينفع,8,77800
numbered,plain,1128,يرون,8,77800
numbered,plain,1129,تتبعوا,8,77800
numbered,plain,1130,إياه,8,77800
numbered,plain,1131,والكتاب,8,77800
numbered,plain,1132,وابن,8,77800
numbered,plain,1133,تأكلوا,8,77800
numbered,plain,1134,وأنفقوا,8,77800
numbered,plain,1135,يجد,8,77800
numbered,plain,1136,تحشرون,8,77800
numbered,plain,1137,العزة,8,77800
numbered,plain,1138,القتال,8,77800
numbered,plain,1139,فيهما,8,77800
numbered,plain,1140,يدعو,8,77800
numbered,plain,1141,وتتقوا,8,77800
numbered,plain,1142,عليهما,8,77800
numbered,plain,1143,نعمت,8,77800
numbered,plain,1144,لذو,8,77800
numbered,plain,1145,يأتيكم,8,77800
numbered,plain,1146,صبرا,8,77800
numbered,plain,1147,مائة,8,77800
numbered,plain,1148,تنفقوا,8,77800
numbered,plain,1149,وأقاموا,8,77800
numbered,plain,1150,والإنجيل,8,77800
numbered,plain,1151,ليوم,8,77800
numbered,plain,1152,نصيبا,8,77800
numbered,plain,1153,الميت,8,77800
numbered,plain,1154,أنثى,8,77800
numbered,plain,1155,أنباء,8,77800
numbered,plain,1156,أولى,8,77800
numbered,plain,1157,كافرين,8,77800
numbered,plain,1158,وجوه,8,77800
numbered,plain,1159,ترحمون,8,77800
numbered,plain,1160,ذكروا,8,77800
numbered,plain,1161,ظن,8,77800
numbered,plain,1162,آتاهم,8,77800
numbered,plain,1163,ذوقوا,8,77800
numbered,plain,1164,رجالا,8,77800
numbered,plain,1165,ويجعل,8,77800
numbered,plain,1166,اللاتي,8,77800
numbered,plain,1167,مثقال,8,77800
numbered,plain,1168,ليتني,8,77800
numbered,plain,1169,آخرين,8,77800
numbered,plain,1170,بأموالهم,8,77800
numbered,plain,1171,يشأ,8,77800
numbered,plain,1172,وأوحينا,8,77800
numbered,plain,1173,وهارون,8,77800
numbered,plain,1174,رسلا,8,77800
numbered,plain,1175,الإثم,8,77800
numbered,plain,1176,نور,8,77800
numbered,plain,1177,يملك,8,77800
numbered,plain,1178,يخافون,8,77800
numbered,plain,1179,أريد,8,77800
numbered,plain,1180,مقيم,8,77800
numbered,plain,1181,وأصلح,8,77800
numbered,plain,1182,أعرض,8,77800
numbered,plain,1183,رزقكم,8,77800
numbered,plain,1184,طين,8,77800
numbered,plain,1185,لقضي,8,77800
numbered,plain,1186,خسروا,8,77800
numbered,plain,1187,نقول,8,77800
numbered,plain,1188,وضل,8,77800
numbered,plain,1189,أبواب,8,77800
numbered,plain,1190,ووهبنا,8,77800
numbered,plain,1191,خلقناكم,8,77800
numbered,plain,1192,وجعلوا,8,77800
numbered,plain,1193,تطع,8,77800
numbered,plain,1194,دار,8,77800
numbered,plain,1195,لقاء,8,77800
numbered,plain,1196,الغني,8,77800
numbered,plain,1197,أما,8,77800
numbered,plain,1198,مال,8,77800
numbered,plain,1199,لغفور,8,77800
numbered,plain,1200,يبعثون,8,77800
numbered,plain,1201,ومنها,8,77800
numbered,plain,1202,ساعة,8,77800
numbered,plain,1203,فاليوم,8,77800
numbered,plain,1204,ادعوا,8,77800
numbered,plain,1205,فكذبوه,8,77800
numbered,plain,1206,أخاهم,8,77800
numbered,plain,1207,ونذر,8,77800
numbered,plain,1208,يعبد,8,77800
numbered,plain,1209,وأهله,8,77800
numbered,plain,1210,يهد,8,77800
numbered,plain,1211,السحرة,8,77800
numbered,plain,1212,ألقوا,8,77800
numbered,plain,1213,برب,8,77800
numbered,plain,1214,اليم,8,77800
numbered,plain,1215,فكان,8,77800
numbered,plain,1216,يك,8,77800
numbered,plain,1217,وقوم,8,77800
numbered,plain,1218,عملا,8,77800
numbered,plain,1219,علمت,8,77800
numbered,plain,1220,عربيا,8,77800
numbered,plain,1221,أبت,8,77800
numbered,plain,1222,المخلصين,8,77800
numbered,plain,1223,يسير,8,77800
numbered,plain,1224,تالله,8,77800
numbered,plain,1225,الكبير,8,77800
numbered,plain,1226,شكور,8,77800
numbered,plain,1227,بسلطان,8,77800
numbered,plain,1228,الريح,8,77800
numbered,plain,1229,ضرب,8,77800
numbered,plain,1230,وعيون,8,77800
numbered,plain,1231,لبثتم,8,77800
numbered,plain,1232,أمري,8,77800
numbered,plain,1233,نبيا,8,77800
numbered,plain,1234,السعير,8,77800
numbered,plain,1235,ورب,8,77800
numbered,plain,1236,أقسم,8,77800
numbered,plain,1237,أنعمت,7,77800
numbered,plain,1238,خلوا,7,77800
numbered,plain,1239,يعمهون,7,77800
numbered,plain,1240,بالهدى,7,77800
numbered,plain,1241,آذانهم,7,77800
numbered,plain,1242,محيط,7,77800
numbered,plain,1243,أزواج,7,77800
numbered,plain,1244,الشجرة,7,77800
numbered,plain,1245,فإما,7,77800
numbered,plain,1246,وآمنوا,7,77800
numbered,plain,1247,عدل,7,77800
numbered,plain,1248,تنظرون,7,77800
numbered,plain,1249,ظالمون,7,77800
numbered,plain,1250,طيبات,7,77800
numbered,plain,1251,رزقناكم,7,77800
numbered,plain,1252,فكلوا,7,77800
numbered,plain,1253,الطور,7,77800
numbered,plain,1254,ورحمته,7,77800
numbered,plain,1255,واليتامى,7,77800
numbered,plain,1256,يخفف,7,77800
numbered,plain,1257,وآتينا,7,77800
numbered,plain,1258,أحدهم,7,77800
numbered,plain,1259,أسلم,7,77800
numbered,plain,1260,مقام,7,77800
numbered,plain,1261,يتلو,7,77800
numbered,plain,1262,وعيسى,7,77800
numbered,plain,1263,أأنتم,7,77800
numbered,plain,1264,وجهك,7,77800
numbered,plain,1265,للحق,7,77800
numbered,plain,1266,لعنة,7,77800
numbered,plain,1267,حبا,7,77800
numbered,plain,1268,يرى,7,77800
numbered,plain,1269,يسمع,7,77800
numbered,plain,1270,دعاء,7,77800
numbered,plain,1271,يأكلون,7,77800
numbered,plain,1272,أحدكم,7,77800
numbered,plain,1273,إثما,7,77800
numbered,plain,1274,أحل,7,77800
numbered,plain,1275,هن,7,77800
numbered,plain,1276,الحج,7,77800
numbered,plain,1277,أذى,7,77800
numbered,plain,1278,فاذكروا,7,77800
numbered,plain,1279,حساب,7,77800
numbered,plain,1280,نصر,7,77800
numbered,plain,1281,يتذكرون,7,77800
numbered,plain,1282,أربعة,7,77800
numbered,plain,1283,خفتم,7,77800
numbered,plain,1284,أولادكم,7,77800
numbered,plain,1285,متاعا,7,77800
numbered,plain,1286,ملكا,7,77800
numbered,plain,1287,فليس,7,77800
numbered,plain,1288,وجنوده,7,77800
numbered,plain,1289,فئة,7,77800
numbered,plain,1290,منهن,7,77800
numbered,plain,1291,غني,7,77800
numbered,plain,1292,تراب,7,77800
numbered,plain,1293,الكبر,7,77800
numbered,plain,1294,الخبيث,7,77800
numbered,plain,1295,الربا,7,77800
numbered,plain,1296,جاءه,7,77800
numbered,plain,1297,تجدوا,7,77800
numbered,plain,1298,والمؤمنون,7,77800
numbered,plain,1299,لدنك,7,77800
numbered,plain,1300,بذنوبهم,7,77800
numbered,plain,1301,ناصرين,7,77800
numbered,plain,1302,ربها,7,77800
numbered,plain,1303,لديهم,7,77800
numbered,plain,1304,تعالوا,7,77800
numbered,plain,1305,تنزل,7,77800
numbered,plain,1306,عوجا,7,77800
numbered,plain,1307,ظلما,7,77800
numbered,plain,1308,كله,7,77800
numbered,plain,1309,مس,7,77800
numbered,plain,1310,الشاكرين,7,77800
numbered,plain,1311,ثواب,7,77800
numbered,plain,1312,نبي,7,77800
numbered,plain,1313,اغفر,7,77800
numbered,plain,1314,وعده,7,77800
numbered,plain,1315,واستغفر,7,77800
numbered,plain,1316,إيمانا,7,77800
numbered,plain,1317,فبئس,7,77800
numbered,plain,1318,سيئاتهم,7,77800
numbered,plain,1319,رشدا,7,77800
numbered,plain,1320,سعيرا,7,77800
numbered,plain,1321,وبنات,7,77800
numbered,plain,1322,المؤمنات,7,77800
numbered,plain,1323,تقتلوا,7,77800
numbered,plain,1324,يسيرا,7,77800
numbered,plain,1325,الرجال,7,77800
numbered,plain,1326,وأعتدنا,7,77800
numbered,plain,1327,تك,7,77800
numbered,plain,1328,سوف,7,77800
numbered,plain,1329,عزيزا,7,77800
numbered,plain,1330,فأعرض,7,77800
numbered,plain,1331,كيد,7,77800
numbered,plain,1332,وتوكل,7,77800
numbered,plain,1333,بأس,7,77800
numbered,plain,1334,قومهم,7,77800
numbered,plain,1335,مؤمنا,7,77800
numbered,plain,1336,وأعد,7,77800
numbered,plain,1337,أعد,7,77800
numbered,plain,1338,عبادك,7,77800
numbered,plain,1339,يتلى,7,77800
numbered,plain,1340,عندهم,7,77800
numbered,plain,1341,فتكون,7,77800
numbered,plain,1342,النفس,7,77800
numbered,plain,1343,فينبئكم,7,77800
numbered,plain,1344,حزب,7,77800
numbered,plain,1345,فاسقون,7,77800
numbered,plain,1346,تحت,7,77800
numbered,plain,1347,يستكبرون,7,77800
numbered,plain,1348,جعلناه,7,77800
numbered,plain,1349,رجلا,7,77800
numbered,plain,1350,أمرت,7,77800
numbered,plain,1351,تشركون,7,77800
numbered,plain,1352,بلقاء,7,77800
numbered,plain,1353,يجحدون,7,77800
numbered,plain,1354,نسوا,7,77800
numbered,plain,1355,خزائن,7,77800
numbered,plain,1356,أتبع,7,77800
numbered,plain,1357,الأعمى,7,77800
numbered,plain,1358,تستعجلون,7,77800
numbered,plain,1359,الحكم,7,77800
numbered,plain,1360,يبعث,7,77800
numbered,plain,1361,وتعالى,7,77800
numbered,plain,1362,يصفون,7,77800
numbered,plain,1363,خالق,7,77800
numbered,plain,1364,بمعجزين,7,77800
numbered,plain,1365,اعملوا,7,77800
numbered,plain,1366,المسرفين,7,77800
numbered,plain,1367,آباؤنا,7,77800
numbered,plain,1368,بالتي,7,77800
numbered,plain,1369,الكيل,7,77800
numbered,plain,1370,آمنت,7,77800
numbered,plain,1371,وذكرى,7,77800
numbered,plain,1372,لكما,7,77800
numbered,plain,1373,مخلصين,7,77800
numbered,plain,1374,برحمة,7,77800
numbered,plain,1375,ستة,7,77800
numbered,plain,1376,نوحا,7,77800
numbered,plain,1377,الغابرين,7,77800
numbered,plain,1378,شعيبا,7,77800
numbered,plain,1379,ساحر,7,77800
numbered,plain,1380,وقومه,7,77800
numbered,plain,1381,فأرسلنا,7,77800
numbered,plain,1382,وظنوا,7,77800
numbered,plain,1383,المنافقون,7,77800
numbered,plain,1384,الإيمان,7,77800
numbered,plain,1385,تحزن,7,77800
numbered,plain,1386,سورة,7,77800
numbered,plain,1387,سألتهم,7,77800
numbered,plain,1388,وعاد,7,77800
numbered,plain,1389,وعدا,7,77800
numbered,plain,1390,توكلت,7,77800
numbered,plain,1391,يعيده,7,77800
numbered,plain,1392,ليجزي,7,77800
numbered,plain,1393,الضر,7,77800
numbered,plain,1394,سبقت,7,77800
numbered,plain,1395,والأبصار,7,77800
numbered,plain,1396,افتراه,7,77800
numbered,plain,1397,المنذرين,7,77800
numbered,plain,1398,اهتدى,7,77800
numbered,plain,1399,واصبر,7,77800
numbered,plain,1400,تعبدوا,7,77800
numbered,plain,1401,وحاق,7,77800
numbered,plain,1402,مالا,7,77800
numbered,plain,1403,مريب,7,77800
numbered,plain,1404,الصيحة,7,77800
numbered,plain,1405,سلاما,7,77800
numbered,plain,1406,أبانا,7,77800
numbered,plain,1407,وتركنا,7,77800
numbered,plain,1408,لعلي,7,77800
numbered,plain,1409,علمنا,7,77800
numbered,plain,1410,وتولى,7,77800
numbered,plain,1411,آمنين,7,77800
numbered,plain,1412,يسيروا,7,77800
numbered,plain,1413,يتذكر,7,77800
numbered,plain,1414,مثلكم,7,77800
numbered,plain,1415,المرسلون,7,77800
numbered,plain,1416,إلهكم,7,77800
numbered,plain,1417,كفورا,7,77800
numbered,plain,1418,خلقا,7,77800
numbered,plain,1419,متكئين,7,77800
numbered,plain,1420,صفا,7,77800
numbered,plain,1421,نادى,7,77800
numbered,plain,1422,بكرة,7,77800
numbered,plain,1423,تذكرة,7,77800
numbered,plain,1424,قدر,7,77800
numbered,plain,1425,وأبقى,7,77800
numbered,plain,1426,يسبحون,7,77800
numbered,plain,1427,يتساءلون,7,77800
numbered,plain,1428,أفرأيتم,7,77800
numbered,plain,1429,الفصل,7,77800
numbered,plain,1430,حم,7,77800
numbered,plain,1431,والليل,7,77800
numbered,plain,1432,نعبد,6,77800
numbered,plain,1433,الصراط,6,77800
numbered,plain,1434,الضالين,6,77800
numbered,plain,1435,الم,6,77800
numbered,plain,1436,بمؤمنين,6,77800
numbered,plain,1437,يكذبون,6,77800
numbered,plain,1438,اشتروا,6,77800
numbered,plain,1439,الضلالة,6,77800
numbered,plain,1440,يكاد,6,77800
numbered,plain,1441,أندادا,6,77800
numbered,plain,1442,نزلنا,6,77800
numbered,plain,1443,عبدنا,6,77800
numbered,plain,1444,أقل,6,77800
numbered,plain,1445,غيب,6,77800
numbered,plain,1446,اسجدوا,6,77800
numbered,plain,1447,وقلنا,6,77800
numbered,plain,1448,التواب,6,77800
numbered,plain,1449,نعمتي,6,77800
numbered,plain,1450,يقبل,6,77800
numbered,plain,1451,شفاعة,6,77800
numbered,plain,1452,العجل,6,77800
numbered,plain,1453,تهتدون,6,77800
numbered,plain,1454,نرى,6,77800
numbered,plain,1455,الباب,6,77800
numbered,plain,1456,فقلنا,6,77800
numbered,plain,1457,عينا,6,77800
numbered,plain,1458,واشربوا,6,77800
numbered,plain,1459,رزق,6,77800
numbered,plain,1460,فلهم,6,77800
numbered,plain,1461,فوقكم,6,77800
numbered,plain,1462,بقوة,6,77800
numbered,plain,1463,علمتم,6,77800
numbered,plain,1464,أعوذ,6,77800
numbered,plain,1465,الجاهلين,6,77800
numbered,plain,1466,ادع,6,77800
numbered,plain,1467,جئت,6,77800
numbered,plain,1468,خشية,6,77800
numbered,plain,1469,يعلنون,6,77800
numbered,plain,1470,يخلف,6,77800
numbered,plain,1471,تقولون,6,77800
numbered,plain,1472,إحسانا,6,77800
numbered,plain,1473,خزي,6,77800
numbered,plain,1474,قلوبنا,6,77800
numbered,plain,1475,إيمانكم,6,77800
numbered,plain,1476,السحر,6,77800
numbered,plain,1477,بخير,6,77800
numbered,plain,1478,لأنفسكم,6,77800
numbered,plain,1479,هودا,6,77800
numbered,plain,1480,فالله,6,77800
numbered,plain,1481,المشرق,6,77800
numbered,plain,1482,واتخذوا,6,77800
numbered,plain,1483,السجود,6,77800
numbered,plain,1484,اجعل,6,77800
numbered,plain,1485,بمثل,6,77800
numbered,plain,1486,وجوهكم,6,77800
numbered,plain,1487,بشيء,6,77800
numbered,plain,1488,وأصلحوا,6,77800
numbered,plain,1489,طيبا,6,77800
numbered,plain,1490,إثم,6,77800
numbered,plain,1491,المتقون,6,77800
numbered,plain,1492,عني,6,77800
numbered,plain,1493,فإني,6,77800
numbered,plain,1494,التقوى,6,77800
numbered,plain,1495,الفساد,6,77800
numbered,plain,1496,رءوف,6,77800
numbered,plain,1497,السلم,6,77800
numbered,plain,1498,فاعلموا,6,77800
numbered,plain,1499,ترجع,6,77800
numbered,plain,1500,تدخلوا,6,77800
numbered,plain,1501,يأتكم,6,77800
numbered,plain,1502,حبطت,6,77800
numbered,plain,1503,رحمت,6,77800
numbered,plain,1504,ويسألونك,6,77800
numbered,plain,1505,مؤمنة,6,77800
numbered,plain,1506,بمعروف,6,77800
numbered,plain,1507,ظلم,6,77800
numbered,plain,1508,سرا,6,77800
numbered,plain,1509,معروفا,6,77800
numbered,plain,1510,وصية,6,77800
numbered,plain,1511,قرضا,6,77800
numbered,plain,1512,أخرجنا,6,77800
numbered,plain,1513,وإنك,6,77800
numbered,plain,1514,العلي,6,77800
numbered,plain,1515,الطاغوت,6,77800
numbered,plain,1516,ماله,6,77800
numbered,plain,1517,حميد,6,77800
numbered,plain,1518,أنصار,6,77800
numbered,plain,1519,الصدقات,6,77800
numbered,plain,1520,بالليل,6,77800
numbered,plain,1521,بالعدل,6,77800
numbered,plain,1522,تجارة,6,77800
numbered,plain,1523,ويعذب,6,77800
numbered,plain,1524,وأطعنا,6,77800
numbered,plain,1525,تحمل,6,77800
numbered,plain,1526,الأرحام,6,77800
numbered,plain,1527,الفتنة,6,77800
numbered,plain,1528,تغني,6,77800
numbered,plain,1529,أولادهم,6,77800
numbered,plain,1530,والأنعام,6,77800
numbered,plain,1531,فاغفر,6,77800
numbered,plain,1532,بعيدا,6,77800
numbered,plain,1533,تحبون,6,77800
numbered,plain,1534,ذنوبكم,6,77800
numbered,plain,1535,امرأت,6,77800
numbered,plain,1536,وسبح,6,77800
numbered,plain,1537,نساء,6,77800
numbered,plain,1538,أيهم,6,77800
numbered,plain,1539,بيوتكم,6,77800
numbered,plain,1540,الشاهدين,6,77800
numbered,plain,1541,تختلفون,6,77800
numbered,plain,1542,خلقه,6,77800
numbered,plain,1543,يؤتيه,6,77800
numbered,plain,1544,وبما,6,77800
numbered,plain,1545,إيمانهم,6,77800
numbered,plain,1546,الطعام,6,77800
numbered,plain,1547,لكان,6,77800
numbered,plain,1548,وأكثرهم,6,77800
numbered,plain,1549,يعذبهم,6,77800
numbered,plain,1550,وجنات,6,77800
numbered,plain,1551,المكذبين,6,77800
numbered,plain,1552,وليعلم,6,77800
numbered,plain,1553,وكأين,6,77800
numbered,plain,1554,ومأواهم,6,77800
numbered,plain,1555,ومنكم,6,77800
numbered,plain,1556,عفا,6,77800
numbered,plain,1557,يغشى,6,77800
numbered,plain,1558,قتلوا,6,77800
numbered,plain,1559,فبما,6,77800
numbered,plain,1560,نعلم,6,77800
numbered,plain,1561,بأفواههم,6,77800
numbered,plain,1562,بالذين,6,77800
numbered,plain,1563,يسارعون,6,77800
numbered,plain,1564,فآمنوا,6,77800
numbered,plain,1565,جاءوا,6,77800
numbered,plain,1566,خلقت,6,77800
numbered,plain,1567,لكن,6,77800
numbered,plain,1568,نزلا,6,77800
numbered,plain,1569,وخلق,6,77800
numbered,plain,1570,الأنثيين,6,77800
numbered,plain,1571,أزواجكم,6,77800
numbered,plain,1572,يطع,6,77800
numbered,plain,1573,أعتدنا,6,77800
numbered,plain,1574,زوج,6,77800
numbered,plain,1575,أمهاتكم,6,77800
numbered,plain,1576,أجورهن,6,77800
numbered,plain,1577,رزقهم,6,77800
numbered,plain,1578,ذرة,6,77800
numbered,plain,1579,مفعولا,6,77800
numbered,plain,1580,أهدى,6,77800
numbered,plain,1581,وأحسن,6,77800
numbered,plain,1582,ضلالا,6,77800
numbered,plain,1583,رأيت,6,77800
numbered,plain,1584,يصدون,6,77800
numbered,plain,1585,لدنا,6,77800
numbered,plain,1586,مستقيما,6,77800
numbered,plain,1587,يقاتلون,6,77800
numbered,plain,1588,يخشون,6,77800
numbered,plain,1589,وبينهم,6,77800
numbered,plain,1590,رقبة,6,77800
numbered,plain,1591,ألقى,6,77800
numbered,plain,1592,عرض,6,77800
numbered,plain,1593,سوءا,6,77800
numbered,plain,1594,خسر,6,77800
numbered,plain,1595,يدخلون,6,77800
numbered,plain,1596,قديرا,6,77800
numbered,plain,1597,حرمنا,6,77800
numbered,plain,1598,وصدوا,6,77800
numbered,plain,1599,عبدا,6,77800
numbered,plain,1600,يبتغون,6,77800
numbered,plain,1601,وأجر,6,77800
numbered,plain,1602,عشر,6,77800
numbered,plain,1603,جاءنا,6,77800
numbered,plain,1604,يخرجوا,6,77800
numbered,plain,1605,بالمؤمنين,6,77800
numbered,plain,1606,آثارهم,6,77800
numbered,plain,1607,آتاكم,6,77800
numbered,plain,1608,وكثير,6,77800
numbered,plain,1609,يؤفكون,6,77800
numbered,plain,1610,سمعوا,6,77800
numbered,plain,1611,أعينهم,6,77800
numbered,plain,1612,مؤمنون,6,77800
numbered,plain,1613,منك,6,77800
numbered,plain,1614,الرحمة,6,77800
numbered,plain,1615,فاطر,6,77800
numbered,plain,1616,الخبير,6,77800
numbered,plain,1617,أي,6,77800
numbered,plain,1618,كبر,6,77800
numbered,plain,1619,عندي,6,77800
numbered,plain,1620,الذكرى,6,77800
numbered,plain,1621,ذكرى,6,77800
numbered,plain,1622,وذكر,6,77800
numbered,plain,1623,إسحاق,6,77800
numbered,plain,1624,ولوطا,6,77800
numbered,plain,1625,صلاتهم,6,77800
numbered,plain,1626,زعمتم,6,77800
numbered,plain,1627,النجوم,6,77800
numbered,plain,1628,فأخرجنا,6,77800
numbered,plain,1629,الإنس,6,77800
numbered,plain,1630,فذرهم,6,77800
numbered,plain,1631,يمشي,6,77800
numbered,plain,1632,يمكرون,6,77800
numbered,plain,1633,غافلون,6,77800
numbered,plain,1634,فلله,6,77800
numbered,plain,1635,والميزان,6,77800
numbered,plain,1636,إنني,6,77800
numbered,plain,1637,وزر,6,77800
numbered,plain,1638,جعلكم,6,77800
numbered,plain,1639,موازينه,6,77800
numbered,plain,1640,زينة,6,77800
numbered,plain,1641,أجلهم,6,77800
numbered,plain,1642,ونادى,6,77800
numbered,plain,1643,رجال,6,77800
numbered,plain,1644,تبارك,6,77800
numbered,plain,1645,فأنجيناه,6,77800
numbered,plain,1646,وحده,6,77800
numbered,plain,1647,تأكل,6,77800
numbered,plain,1648,صالح,6,77800
numbered,plain,1649,أرسلت,6,77800
numbered,plain,1650,الحسنة,6,77800
numbered,plain,1651,مكر,6,77800
numbered,plain,1652,بعثنا,6,77800
numbered,plain,1653,وملئه,6,77800
numbered,plain,1654,بيضاء,6,77800
numbered,plain,1655,أعين,6,77800
numbered,plain,1656,الراحمين,6,77800
numbered,plain,1657,بعدها,6,77800
numbered,plain,1658,هواه,6,77800
numbered,plain,1659,أيان,6,77800
numbered,plain,1660,ورزق,6,77800
numbered,plain,1661,الصم,6,77800
numbered,plain,1662,مدبرين,6,77800
numbered,plain,1663,معنا,6,77800
numbered,plain,1664,فاسقين,6,77800
numbered,plain,1665,كفرتم,6,77800
numbered,plain,1666,سخر,6,77800
numbered,plain,1667,الأولون,6,77800
numbered,plain,1668,يبدأ,6,77800
numbered,plain,1669,ضر,6,77800
numbered,plain,1670,مسه,6,77800
numbered,plain,1671,يستمعون,6,77800
numbered,plain,1672,أفأنت,6,77800
numbered,plain,1673,قضي,6,77800
numbered,plain,1674,الخلد,6,77800
numbered,plain,1675,وأمرت,6,77800
numbered,plain,1676,الأليم,6,77800
numbered,plain,1677,مثلنا,6,77800
numbered,plain,1678,حفيظ,6,77800
numbered,plain,1679,كيدا,6,77800
numbered,plain,1680,للإنسان,6,77800
numbered,plain,1681,فاعلين,6,77800
numbered,plain,1682,السجن,6,77800
numbered,plain,1683,الواحد,6,77800
numbered,plain,1684,القهار,6,77800
numbered,plain,1685,فينظروا,6,77800
numbered,plain,1686,جديد,6,77800
numbered,plain,1687,القلوب,6,77800
numbered,plain,1688,مآب,6,77800
numbered,plain,1689,رءوسهم,6,77800
numbered,plain,1690,فسبح,6,77800
numbered,plain,1691,اليقين,6,77800
numbered,plain,1692,أتى,6,77800
numbered,plain,1693,سيئات,6,77800
numbered,plain,1694,البصر,6,77800
numbered,plain,1695,تفعلون,6,77800
numbered,plain,1696,وبنين,6,77800
numbered,plain,1697,بعباده,6,77800
numbered,plain,1698,يسبح,6,77800
numbered,plain,1699,ملائكة,6,77800
numbered,plain,1700,عبده,6,77800
numbered,plain,1701,الحديث,6,77800
numbered,plain,1702,الشمال,6,77800
numbered,plain,1703,ثلاث,6,77800
numbered,plain,1704,أرأيت,6,77800
numbered,plain,1705,يسرا,6,77800
numbered,plain,1706,ينبغي,6,77800
numbered,plain,1707,يخشى,6,77800
numbered,plain,1708,أتاك,6,77800
numbered,plain,1709,الكبرى,6,77800
numbered,plain,1710,طغى,6,77800
numbered,plain,1711,شجرة,6,77800
numbered,plain,1712,ويلنا,6,77800
numbered,plain,1713,والجبال,6,77800
numbered,plain,1714,بالعذاب,6,77800
numbered,plain,1715,يسعى,6,77800
numbered,plain,1716,صيحة,6,77800
numbered,plain,1717,فاكهة,6,77800
numbered,plain,1718,مجنون,6,77800
numbered,plain,1719,مدكر,6,77800
numbered,plain,1720,المستقيم,5,77800
numbered,plain,1721,السفهاء,5,77800
numbered,plain,1722,طغيانهم,5,77800
numbered,plain,1723,مثلهم,5,77800
numbered,plain,1724,حوله,5,77800
numbered,plain,1725,تجعلوا,5,77800
numbered,plain,1726,مطهرة,5,77800
numbered,plain,1727,يحييكم,5,77800
numbered,plain,1728,سماوات,5,77800
numbered,plain,1729,الأسماء,5,77800
numbered,plain,1730,كلها,5,77800
numbered,plain,1731,تكتمون,5,77800
numbered,plain,1732,لآدم,5,77800
numbered,plain,1733,فسجدوا,5,77800
numbered,plain,1734,مستقر,5,77800
numbered,plain,1735,فتاب,5,77800
numbered,plain,1736,وأوفوا,5,77800
numbered,plain,1737,يظنون,5,77800
numbered,plain,1738,وأنهم,5,77800
numbered,plain,1739,بلاء,5,77800
numbered,plain,1740,شئتم,5,77800
numbered,plain,1741,يفسقون,5,77800
numbered,plain,1742,عشرة,5,77800
numbered,plain,1743,أناس,5,77800
numbered,plain,1744,تعثوا,5,77800
numbered,plain,1745,مفسدين,5,77800
numbered,plain,1746,ويقتلون,5,77800
numbered,plain,1747,والنصارى,5,77800
numbered,plain,1748,ورفعنا,5,77800
numbered,plain,1749,خذوا,5,77800
numbered,plain,1750,السبت,5,77800
numbered,plain,1751,وموعظة,5,77800
numbered,plain,1752,يأمركم,5,77800
numbered,plain,1753,الآن,5,77800
numbered,plain,1754,فهي,5,77800
numbered,plain,1755,يكتبون,5,77800
numbered,plain,1756,تخرجون,5,77800
numbered,plain,1757,بالإثم,5,77800
numbered,plain,1758,والعدوان,5,77800
numbered,plain,1759,لعنهم,5,77800
numbered,plain,1760,مصدق,5,77800
numbered,plain,1761,وللكافرين,5,77800
numbered,plain,1762,بالظالمين,5,77800
numbered,plain,1763,يود,5,77800
numbered,plain,1764,وبشرى,5,77800
numbered,plain,1765,وملائكته,5,77800
numbered,plain,1766,ظهورهم,5,77800
numbered,plain,1767,مثلها,5,77800
numbered,plain,1768,تريدون,5,77800
numbered,plain,1769,بالإيمان,5,77800
numbered,plain,1770,نصارى,5,77800
numbered,plain,1771,يتلون,5,77800
numbered,plain,1772,اسمه,5,77800
numbered,plain,1773,والمغرب,5,77800
numbered,plain,1774,حضر,5,77800
numbered,plain,1775,يعقوب,5,77800
numbered,plain,1776,واحدا,5,77800
numbered,plain,1777,تسألون,5,77800
numbered,plain,1778,شقاق,5,77800
numbered,plain,1779,شهادة,5,77800
numbered,plain,1780,يتبع,5,77800
numbered,plain,1781,لرءوف,5,77800
numbered,plain,1782,أبناءهم,5,77800
numbered,plain,1783,واشكروا,5,77800
numbered,plain,1784,يكتمون,5,77800
numbered,plain,1785,والناس,5,77800
numbered,plain,1786,خطوات,5,77800
numbered,plain,1787,ولحم,5,77800
numbered,plain,1788,والضراء,5,77800
numbered,plain,1789,وحين,5,77800
numbered,plain,1790,صدقوا,5,77800
numbered,plain,1791,خاف,5,77800
numbered,plain,1792,سفر,5,77800
numbered,plain,1793,نسائكم,5,77800
numbered,plain,1794,وكلوا,5,77800
numbered,plain,1795,الفجر,5,77800
numbered,plain,1796,أموال,5,77800
numbered,plain,1797,وليس,5,77800
numbered,plain,1798,اتقى,5,77800
numbered,plain,1799,وقاتلوا,5,77800
numbered,plain,1800,القتل,5,77800
numbered,plain,1801,يقاتلوكم,5,77800
numbered,plain,1802,يبلغ,5,77800
numbered,plain,1803,أشهر,5,77800
numbered,plain,1804,يعلمه,5,77800
numbered,plain,1805,قلبه,5,77800
numbered,plain,1806,المهاد,5,77800
numbered,plain,1807,بالعباد,5,77800
numbered,plain,1808,كافة,5,77800
numbered,plain,1809,جاءتكم,5,77800
numbered,plain,1810,وقضي,5,77800
numbered,plain,1811,ليحكم,5,77800
numbered,plain,1812,هاجروا,5,77800
numbered,plain,1813,اليتامى,5,77800
numbered,plain,1814,يحل,5,77800
numbered,plain,1815,أجلهن,5,77800
numbered,plain,1816,وسعها,5,77800
numbered,plain,1817,فريضة,5,77800
numbered,plain,1818,قدره,5,77800
numbered,plain,1819,بيده,5,77800
numbered,plain,1820,معروف,5,77800
numbered,plain,1821,خرجوا,5,77800
numbered,plain,1822,شرب,5,77800
numbered,plain,1823,فضلنا,5,77800
numbered,plain,1824,كالذي,5,77800
numbered,plain,1825,خاوية,5,77800
numbered,plain,1826,حبة,5,77800
numbered,plain,1827,يضاعف,5,77800
numbered,plain,1828,ومغفرة,5,77800
numbered,plain,1829,ينفق,5,77800
numbered,plain,1830,يعدكم,5,77800
numbered,plain,1831,الحكمة,5,77800
numbered,plain,1832,سيئاتكم,5,77800
numbered,plain,1833,تظلمون,5,77800
numbered,plain,1834,بسيماهم,5,77800
numbered,plain,1835,يقوم,5,77800
numbered,plain,1836,سلف,5,77800
numbered,plain,1837,أثيم,5,77800
numbered,plain,1838,رجلين,5,77800
numbered,plain,1839,إحداهما,5,77800
numbered,plain,1840,الأخرى,5,77800
numbered,plain,1841,رسله,5,77800
numbered,plain,1842,تأويله,5,77800
numbered,plain,1843,الميعاد,5,77800
numbered,plain,1844,لعبرة,5,77800
numbered,plain,1845,ورضوان,5,77800
numbered,plain,1846,إننا,5,77800
numbered,plain,1847,اللهم,5,77800
numbered,plain,1848,عملت,5,77800
numbered,plain,1849,أطيعوا,5,77800
numbered,plain,1850,زكريا,5,77800
numbered,plain,1851,الدعاء,5,77800
numbered,plain,1852,فاعبدوه,5,77800
numbered,plain,1853,أوتيتم,5,77800
numbered,plain,1854,جزاؤهم,5,77800
numbered,plain,1855,لبني,5,77800
numbered,plain,1856,بيت,5,77800
numbered,plain,1857,تطيعوا,5,77800
numbered,plain,1858,وكيف,5,77800
numbered,plain,1859,أعداء,5,77800
numbered,plain,1860,الأدبار,5,77800
numbered,plain,1861,قائمة,5,77800
numbered,plain,1862,تصبروا,5,77800
numbered,plain,1863,أهلك,5,77800
numbered,plain,1864,جعله,5,77800
numbered,plain,1865,فانظروا,5,77800
numbered,plain,1866,جاهدوا,5,77800
numbered,plain,1867,أصابهم,5,77800
numbered,plain,1868,وحسن,5,77800
numbered,plain,1869,خاسرين,5,77800
numbered,plain,1870,مولاكم,5,77800
numbered,plain,1871,غليظ,5,77800
numbered,plain,1872,تحسبن,5,77800
numbered,plain,1873,يستبشرون,5,77800
numbered,plain,1874,أحسنوا,5,77800
numbered,plain,1875,يحزنك,5,77800
numbered,plain,1876,الطيب,5,77800
numbered,plain,1877,الحريق,5,77800
numbered,plain,1878,بظلام,5,77800
numbered,plain,1879,للعبيد,5,77800
numbered,plain,1880,الغرور,5,77800
numbered,plain,1881,بربكم,5,77800
numbered,plain,1882,الأبرار,5,77800
numbered,plain,1883,البلاد,5,77800
numbered,plain,1884,مأواهم,5,77800
numbered,plain,1885,للذكر,5,77800
numbered,plain,1886,آباؤكم,5,77800
numbered,plain,1887,يأتين,5,77800
numbered,plain,1888,الفاحشة,5,77800
numbered,plain,1889,كرها,5,77800
numbered,plain,1890,فعسى,5,77800
numbered,plain,1891,يظلم,5,77800
numbered,plain,1892,حديثا,5,77800
numbered,plain,1893,تقربوا,5,77800
numbered,plain,1894,تعلموا,5,77800
numbered,plain,1895,تؤمنون,5,77800
numbered,plain,1896,جاءوك,5,77800
numbered,plain,1897,يحلفون,5,77800
numbered,plain,1898,يجدوا,5,77800
numbered,plain,1899,فعلوه,5,77800
numbered,plain,1900,صراطا,5,77800
numbered,plain,1901,أنعم,5,77800
numbered,plain,1902,مودة,5,77800
numbered,plain,1903,واجعل,5,77800
numbered,plain,1904,تصبهم,5,77800
numbered,plain,1905,السلام,5,77800
numbered,plain,1906,لست,5,77800
numbered,plain,1907,أرض,5,77800
numbered,plain,1908,وقع,5,77800
numbered,plain,1909,يجادل,5,77800
numbered,plain,1910,إناثا,5,77800
numbered,plain,1911,غرورا,5,77800
numbered,plain,1912,الأنفس,5,77800
numbered,plain,1913,ليغفر,5,77800
numbered,plain,1914,وسوف,5,77800
numbered,plain,1915,نهوا,5,77800
numbered,plain,1916,يشهد,5,77800
numbered,plain,1917,ويزيدهم,5,77800
numbered,plain,1918,يصنعون,5,77800
numbered,plain,1919,أبناء,5,77800
numbered,plain,1920,أملك,5,77800
numbered,plain,1921,واتل,5,77800
numbered,plain,1922,يدك,5,77800
numbered,plain,1923,فأصبح,5,77800
numbered,plain,1924,خلاف,5,77800
numbered,plain,1925,فاحكم,5,77800
numbered,plain,1926,فترى,5,77800
numbered,plain,1927,جهد,5,77800
numbered,plain,1928,ويؤتون,5,77800
numbered,plain,1929,الغالبون,5,77800
numbered,plain,1930,وأضل,5,77800
numbered,plain,1931,لبئس,5,77800
numbered,plain,1932,بلغت,5,77800
numbered,plain,1933,يقتلون,5,77800
numbered,plain,1934,لسان,5,77800
numbered,plain,1935,وعن,5,77800
numbered,plain,1936,ليعلم,5,77800
numbered,plain,1937,يأتوا,5,77800
numbered,plain,1938,الرازقين,5,77800
numbered,plain,1939,قلت,5,77800
numbered,plain,1940,رضي,5,77800
numbered,plain,1941,ورضوا,5,77800
numbered,plain,1942,يعدلون,5,77800
numbered,plain,1943,معرضين,5,77800
numbered,plain,1944,قرن,5,77800
numbered,plain,1945,تحتهم,5,77800
numbered,plain,1946,سيروا,5,77800
numbered,plain,1947,وقرا,5,77800
numbered,plain,1948,أتاهم,5,77800
numbered,plain,1949,والبصير,5,77800
numbered,plain,1950,شفيع,5,77800
numbered,plain,1951,حسابهم,5,77800
numbered,plain,1952,فتنا,5,77800
numbered,plain,1953,نفصل,5,77800
numbered,plain,1954,لنكونن,5,77800
numbered,plain,1955,وكذب,5,77800
numbered,plain,1956,بوكيل,5,77800
numbered,plain,1957,هدانا,5,77800
numbered,plain,1958,القمر,5,77800
numbered,plain,1959,مهتدون,5,77800
numbered,plain,1960,وموسى,5,77800
numbered,plain,1961,يلعبون,5,77800
numbered,plain,1962,أخرجوا,5,77800
numbered,plain,1963,أنشأكم,5,77800
numbered,plain,1964,وغير,5,77800
numbered,plain,1965,وكيل,5,77800
numbered,plain,1966,بصائر,5,77800
numbered,plain,1967,مرجعهم,5,77800
numbered,plain,1968,كلمت,5,77800
numbered,plain,1969,ميتا,5,77800
numbered,plain,1970,بأنفسهم,5,77800
numbered,plain,1971,يحشرهم,5,77800
numbered,plain,1972,يومكم,5,77800
numbered,plain,1973,ليضل,5,77800
numbered,plain,1974,اليتيم,5,77800
numbered,plain,1975,أشده,5,77800
numbered,plain,1976,بالحسنة,5,77800
numbered,plain,1977,بالسيئة,5,77800
numbered,plain,1978,تزر,5,77800
numbered,plain,1979,وازرة,5,77800
numbered,plain,1980,لتنذر,5,77800
numbered,plain,1981,خفت,5,77800
numbered,plain,1982,الساجدين,5,77800
numbered,plain,1983,يأمر,5,77800
numbered,plain,1984,يستأخرون,5,77800
numbered,plain,1985,ضعف,5,77800
numbered,plain,1986,وعدنا,5,77800
numbered,plain,1987,يومهم,5,77800
numbered,plain,1988,نعمل,5,77800
numbered,plain,1989,رسالات,5,77800
numbered,plain,1990,أجئتنا,5,77800
numbered,plain,1991,وآباؤكم,5,77800
numbered,plain,1992,استضعفوا,5,77800
numbered,plain,1993,جاثمين,5,77800
numbered,plain,1994,امرأته,5,77800
numbered,plain,1995,وأمطرنا,5,77800
numbered,plain,1996,الحاكمين,5,77800
numbered,plain,1997,السيئة,5,77800
numbered,plain,1998,نقص,5,77800
numbered,plain,1999,فأرسل,5,77800
numbered,plain,2000,ساجدين,5,77800
numbered,plain,2001,فاستكبروا,5,77800
numbered,plain,2002,باركنا,5,77800
numbered,plain,2003,قومي,5,77800
numbered,plain,2004,وأمر,5,77800
numbered,plain,2005,لربهم,5,77800
numbered,plain,2006,كأنه,5,77800
numbered,plain,2007,أشرك,5,77800
numbered,plain,2008,آتيناه,5,77800
numbered,plain,2009,شئنا,5,77800
numbered,plain,2010,وممن,5,77800
numbered,plain,2011,يخلقون,5,77800
numbered,plain,2012,يمشون,5,77800
numbered,plain,2013,يتوكلون,5,77800
numbered,plain,2014,وينزل,5,77800
numbered,plain,2015,حجارة,5,77800
numbered,plain,2016,أرى,5,77800
numbered,plain,2017,استطعتم,5,77800
numbered,plain,2018,أئمة,5,77800
numbered,plain,2019,نعيم,5,77800
numbered,plain,2020,كارهون,5,77800
numbered,plain,2021,يعلموا,5,77800
numbered,plain,2022,الخزي,5,77800
numbered,plain,2023,والمنافقات,5,77800
numbered,plain,2024,مرتين,5,77800
numbered,plain,2025,والقرآن,5,77800
numbered,plain,2026,الر,5,77800
numbered,plain,2027,يفصل,5,77800
numbered,plain,2028,الشر,5,77800
numbered,plain,2029,يأكل,5,77800
numbered,plain,2030,ليلا,5,77800
numbered,plain,2031,يرزقكم,5,77800
numbered,plain,2032,حقت,5,77800
numbered,plain,2033,نعدهم,5,77800
numbered,plain,2034,وأسروا,5,77800
numbered,plain,2035,وجعلناهم,5,77800
numbered,plain,2036,ائتوني,5,77800
numbered,plain,2037,توبوا,5,77800
numbered,plain,2038,كفور,5,77800
numbered,plain,2039,يستجيبوا,5,77800
numbered,plain,2040,مرية,5,77800
numbered,plain,2041,جرم,5,77800
numbered,plain,2042,آلهتنا,5,77800
numbered,plain,2043,فينا,5,77800
numbered,plain,2044,لشيء,5,77800
numbered,plain,2045,أصاب,5,77800
numbered,plain,2046,بئس,5,77800
numbered,plain,2047,يرجع,5,77800
numbered,plain,2048,رأيتهم,5,77800
numbered,plain,2049,تأويل,5,77800
numbered,plain,2050,قميصه,5,77800
numbered,plain,2051,وعلما,5,77800
numbered,plain,2052,لدينا,5,77800
numbered,plain,2053,منكرون,5,77800
numbered,plain,2054,ولمن,5,77800
numbered,plain,2055,حمل,5,77800
numbered,plain,2056,منذر,5,77800
numbered,plain,2057,هاد,5,77800
numbered,plain,2058,يجادلون,5,77800
numbered,plain,2059,خلقوا,5,77800
numbered,plain,2060,أعمى,5,77800
numbered,plain,2061,فنعم,5,77800
numbered,plain,2062,مكرهم,5,77800
numbered,plain,2063,ولعذاب,5,77800
numbered,plain,2064,كفى,5,77800
numbered,plain,2065,بالقول,5,77800
numbered,plain,2066,بقدر,5,77800
numbered,plain,2067,لنحن,5,77800
numbered,plain,2068,سرر,5,77800
numbered,plain,2069,مصبحين,5,77800
numbered,plain,2070,فكانوا,5,77800
numbered,plain,2071,شركائي,5,77800
numbered,plain,2072,يشاءون,5,77800
numbered,plain,2073,يموت,5,77800
numbered,plain,2074,يشتهون,5,77800
numbered,plain,2075,بربك,5,77800
numbered,plain,2076,تجعل,5,77800
numbered,plain,2077,لمبعوثون,5,77800
numbered,plain,2078,اذهب,5,77800
numbered,plain,2079,جانب,5,77800
numbered,plain,2080,كتابه,5,77800
numbered,plain,2081,الروح,5,77800
numbered,plain,2082,كسفا,5,77800
numbered,plain,2083,الأرائك,5,77800
numbered,plain,2084,وبينك,5,77800
numbered,plain,2085,فكانت,5,77800
numbered,plain,2086,ونفخ,5,77800
numbered,plain,2087,ذكري,5,77800
numbered,plain,2088,يحيى,5,77800
numbered,plain,2089,حيا,5,77800
numbered,plain,2090,عبد,5,77800
numbered,plain,2091,غفلة,5,77800
numbered,plain,2092,الشفاعة,5,77800
numbered,plain,2093,يخاف,5,77800
numbered,plain,2094,مساكنهم,5,77800
numbered,plain,2095,يسأل,5,77800
numbered,plain,2096,مشفقون,5,77800
numbered,plain,2097,فجعلناهم,5,77800
numbered,plain,2098,والطير,5,77800
numbered,plain,2099,القبور,5,77800
numbered,plain,2100,الحميم,5,77800
numbered,plain,2101,منافع,5,77800
numbered,plain,2102,نكير,5,77800
numbered,plain,2103,أزواجهم,5,77800
numbered,plain,2104,وعظاما,5,77800
numbered,plain,2105,متنا,5,77800
numbered,plain,2106,امرئ,5,77800
numbered,plain,2107,جان,5,77800
numbered,plain,2108,أإله,5,77800
numbered,plain,2109,يكذب,5,77800
numbered,plain,2110,وفرعون,5,77800
numbered,plain,2111,محضرون,5,77800
numbered,plain,2112,وصدق,5,77800
numbered,plain,2113,تبديلا,5,77800
numbered,plain,2114,جند,5,77800
numbered,plain,2115,أواب,5,77800
numbered,plain,2116,بيوم,5,77800
numbered,plain,2117,ظننتم,5,77800
numbered,plain,2118,خاشعة,5,77800
numbered,plain,2119,يخرجون,5,77800
numbered,plain,2120,تفسدوا,4,77800
numbered,plain,2121,قاموا,4,77800
numbered,plain,2122,وأبصارهم,4,77800
numbered,plain,2123,وادعوا,4,77800
numbered,plain,2124,أعدت,4,77800
numbered,plain,2125,يضرب,4,77800
numbered,plain,2126,ينقضون,4,77800
numbered,plain,2127,يميتكم,4,77800
numbered,plain,2128,اهبطوا,4,77800
numbered,plain,2129,تبع,4,77800
numbered,plain,2130,بآياتي,4,77800
numbered,plain,2131,فاتقون,4,77800
numbered,plain,2132,بالصبر,4,77800
numbered,plain,2133,راجعون,4,77800
numbered,plain,2134,يؤخذ,4,77800
numbered,plain,2135,أبناءكم,4,77800
numbered,plain,2136,وأغرقنا,4,77800
numbered,plain,2137,أربعين,4,77800
numbered,plain,2138,اتخذتم,4,77800
numbered,plain,2139,بغضب,4,77800
numbered,plain,2140,ميثاقكم,4,77800
numbered,plain,2141,بقرة,4,77800
numbered,plain,2142,الحرث,4,77800
numbered,plain,2143,مسلمة,4,77800
numbered,plain,2144,كادوا,4,77800
numbered,plain,2145,يسرون,4,77800
numbered,plain,2146,عهدا,4,77800
numbered,plain,2147,وبالوالدين,4,77800
numbered,plain,2148,دياركم,4,77800
numbered,plain,2149,تقتلون,4,77800
numbered,plain,2150,بروح,4,77800
numbered,plain,2151,القدس,4,77800
numbered,plain,2152,بكفرهم,4,77800
numbered,plain,2153,واسمعوا,4,77800
numbered,plain,2154,خالصة,4,77800
numbered,plain,2155,حياة,4,77800
numbered,plain,2156,يعمر,4,77800
numbered,plain,2157,عاهدوا,4,77800
numbered,plain,2158,تتلو,4,77800
numbered,plain,2159,المرء,4,77800
numbered,plain,2160,ينفعهم,4,77800
numbered,plain,2161,ولبئس,4,77800
numbered,plain,2162,تقدموا,4,77800
numbered,plain,2163,هاتوا,4,77800
numbered,plain,2164,برهانكم,4,77800
numbered,plain,2165,محسن,4,77800
numbered,plain,2166,النصارى,4,77800
numbered,plain,2167,منع,4,77800
numbered,plain,2168,تأتينا,4,77800
numbered,plain,2169,بشيرا,4,77800
numbered,plain,2170,إماما,4,77800
numbered,plain,2171,ذريتي,4,77800
numbered,plain,2172,تقبل,4,77800
numbered,plain,2173,لرب,4,77800
numbered,plain,2174,بعدي,4,77800
numbered,plain,2175,والأسباط,4,77800
numbered,plain,2176,اهتدوا,4,77800
numbered,plain,2177,عابدون,4,77800
numbered,plain,2178,سيقول,4,77800
numbered,plain,2179,لنعلم,4,77800
numbered,plain,2180,ينقلب,4,77800
numbered,plain,2181,يعرفون,4,77800
numbered,plain,2182,الممترين,4,77800
numbered,plain,2183,أحياء,4,77800
numbered,plain,2184,تشعرون,4,77800
numbered,plain,2185,الخوف,4,77800
numbered,plain,2186,شعائر,4,77800
numbered,plain,2187,وماتوا,4,77800
numbered,plain,2188,واختلاف,4,77800
numbered,plain,2189,فأحيا,4,77800
numbered,plain,2190,كرة,4,77800
numbered,plain,2191,حلالا,4,77800
numbered,plain,2192,بالسوء,4,77800
numbered,plain,2193,نتبع,4,77800
numbered,plain,2194,آباؤهم,4,77800
numbered,plain,2195,الميتة,4,77800
numbered,plain,2196,والدم,4,77800
numbered,plain,2197,لغير,4,77800
numbered,plain,2198,اضطر,4,77800
numbered,plain,2199,المال,4,77800
numbered,plain,2200,والصابرين,4,77800
numbered,plain,2201,والأنثى,4,77800
numbered,plain,2202,اعتدى,4,77800
numbered,plain,2203,شهر,4,77800
numbered,plain,2204,شهد,4,77800
numbered,plain,2205,الشهر,4,77800
numbered,plain,2206,هداكم,4,77800
numbered,plain,2207,دعوة,4,77800
numbered,plain,2208,البيوت,4,77800
numbered,plain,2209,يقاتلونكم,4,77800
numbered,plain,2210,المعتدين,4,77800
numbered,plain,2211,انتهوا,4,77800
numbered,plain,2212,الهدي,4,77800
numbered,plain,2213,صدقة,4,77800
numbered,plain,2214,أمنتم,4,77800
numbered,plain,2215,فصيام,4,77800
numbered,plain,2216,فرض,4,77800
numbered,plain,2217,آتنا,4,77800
numbered,plain,2218,مرضات,4,77800
numbered,plain,2219,يبدل,4,77800
numbered,plain,2220,يرزق,4,77800
numbered,plain,2221,مبشرين,4,77800
numbered,plain,2222,ومنذرين,4,77800
numbered,plain,2223,أنفقتم,4,77800
numbered,plain,2224,استطاعوا,4,77800
numbered,plain,2225,تنكحوا,4,77800
numbered,plain,2226,أمركم,4,77800
numbered,plain,2227,حرث,4,77800
numbered,plain,2228,يؤاخذكم,4,77800
numbered,plain,2229,أرادوا,4,77800
numbered,plain,2230,درجة,4,77800
numbered,plain,2231,آتيتموهن,4,77800
numbered,plain,2232,طلقتم,4,77800
numbered,plain,2233,يعظكم,4,77800
numbered,plain,2234,أزكى,4,77800
numbered,plain,2235,للتقوى,4,77800
numbered,plain,2236,علمكم,4,77800
numbered,plain,2237,بعث,4,77800
numbered,plain,2238,يؤت,4,77800
numbered,plain,2239,فصل,4,77800
numbered,plain,2240,علمه,4,77800
numbered,plain,2241,وسع,4,77800
numbered,plain,2242,فأت,4,77800
numbered,plain,2243,مر,4,77800
numbered,plain,2244,عام,4,77800
numbered,plain,2245,لبثت,4,77800
numbered,plain,2246,لحما,4,77800
numbered,plain,2247,أكلها,4,77800
numbered,plain,2248,نخيل,4,77800
numbered,plain,2249,تبدوا,4,77800
numbered,plain,2250,هداهم,4,77800
numbered,plain,2251,يسألون,4,77800
numbered,plain,2252,وعلانية,4,77800
numbered,plain,2253,وذروا,4,77800
numbered,plain,2254,ضعيفا,4,77800
numbered,plain,2255,واغفر,4,77800
numbered,plain,2256,الفرقان,4,77800
numbered,plain,2257,انتقام,4,77800
numbered,plain,2258,يخفى,4,77800
numbered,plain,2259,وأخر,4,77800
numbered,plain,2260,ذنوبنا,4,77800
numbered,plain,2261,وأولو,4,77800
numbered,plain,2262,قائما,4,77800
numbered,plain,2263,الإسلام,4,77800
numbered,plain,2264,أسلموا,4,77800
numbered,plain,2265,صدوركم,4,77800
numbered,plain,2266,المحراب,4,77800
numbered,plain,2267,وجد,4,77800
numbered,plain,2268,دعا,4,77800
numbered,plain,2269,هب,4,77800
numbered,plain,2270,غلام,4,77800
numbered,plain,2271,تكلم,4,77800
numbered,plain,2272,بالعشي,4,77800
numbered,plain,2273,يختصمون,4,77800
numbered,plain,2274,المقربين,4,77800
numbered,plain,2275,جئتكم,4,77800
numbered,plain,2276,أجورهم,4,77800
numbered,plain,2277,وأنفسكم,4,77800
numbered,plain,2278,القصص,4,77800
numbered,plain,2279,ها,4,77800
numbered,plain,2280,يشترون,4,77800
numbered,plain,2281,بعهد,4,77800
numbered,plain,2282,ينظر,4,77800
numbered,plain,2283,بالكتاب,4,77800
numbered,plain,2284,لبشر,4,77800
numbered,plain,2285,بالكفر,4,77800
numbered,plain,2286,أفغير,4,77800
numbered,plain,2287,يبغون,4,77800
numbered,plain,2288,طوعا,4,77800
numbered,plain,2289,دينا,4,77800
numbered,plain,2290,كفرا,4,77800
numbered,plain,2291,للذي,4,77800
numbered,plain,2292,مباركا,4,77800
numbered,plain,2293,واعتصموا,4,77800
numbered,plain,2294,ويأمرون,4,77800
numbered,plain,2295,وينهون,4,77800
numbered,plain,2296,يسجدون,4,77800
numbered,plain,2297,ريح,4,77800
numbered,plain,2298,أفواههم,4,77800
numbered,plain,2299,أذلة,4,77800
numbered,plain,2300,بشرى,4,77800
numbered,plain,2301,فعلوا,4,77800
numbered,plain,2302,فاحشة,4,77800
numbered,plain,2303,ونعم,4,77800
numbered,plain,2304,محمد,4,77800
numbered,plain,2305,الرعب,4,77800
numbered,plain,2306,أراكم,4,77800
numbered,plain,2307,يدعوكم,4,77800
numbered,plain,2308,لكيلا,4,77800
numbered,plain,2309,أصابكم,4,77800
numbered,plain,2310,الجاهلية,4,77800
numbered,plain,2311,هاهنا,4,77800
numbered,plain,2312,الجمعان,4,77800
numbered,plain,2313,لإخوانهم,4,77800
numbered,plain,2314,متم,4,77800
numbered,plain,2315,ينصركم,4,77800
numbered,plain,2316,قاتلوا,4,77800
numbered,plain,2317,بنعمة,4,77800
numbered,plain,2318,وفضل,4,77800
numbered,plain,2319,يضيع,4,77800
numbered,plain,2320,استجابوا,4,77800
numbered,plain,2321,لرسول,4,77800
numbered,plain,2322,عزم,4,77800
numbered,plain,2323,قياما,4,77800
numbered,plain,2324,عامل,4,77800
numbered,plain,2325,ثوابا,4,77800
numbered,plain,2326,زوجها,4,77800
numbered,plain,2327,ونساء,4,77800
numbered,plain,2328,تعدلوا,4,77800
numbered,plain,2329,هنيئا,4,77800
numbered,plain,2330,حسيبا,4,77800
numbered,plain,2331,حظ,4,77800
numbered,plain,2332,اثنتين,4,77800
numbered,plain,2333,إخوة,4,77800
numbered,plain,2334,يدخله,4,77800
numbered,plain,2335,عنهما,4,77800
numbered,plain,2336,التوبة,4,77800
numbered,plain,2337,بجهالة,4,77800
numbered,plain,2338,تبت,4,77800
numbered,plain,2339,بفاحشة,4,77800
numbered,plain,2340,بهتانا,4,77800
numbered,plain,2341,المحصنات,4,77800
numbered,plain,2342,كريما,4,77800
numbered,plain,2343,تخافون,4,77800
numbered,plain,2344,مهينا,4,77800
numbered,plain,2345,فساء,4,77800
numbered,plain,2346,جئنا,4,77800
numbered,plain,2347,مرضى,4,77800
numbered,plain,2348,صعيدا,4,77800
numbered,plain,2349,وأيديكم,4,77800
numbered,plain,2350,عفوا,4,77800
numbered,plain,2351,الكلم,4,77800
numbered,plain,2352,يؤتون,4,77800
numbered,plain,2353,وآتيناهم,4,77800
numbered,plain,2354,سميعا,4,77800
numbered,plain,2355,أردنا,4,77800
numbered,plain,2356,أكن,4,77800
numbered,plain,2357,بأحسن,4,77800
numbered,plain,2358,يصلون,4,77800
numbered,plain,2359,وغضب,4,77800
numbered,plain,2360,القاعدين,4,77800
numbered,plain,2361,واسعة,4,77800
numbered,plain,2362,وساءت,4,77800
numbered,plain,2363,مطر,4,77800
numbered,plain,2364,يرضى,4,77800
numbered,plain,2365,آذان,4,77800
numbered,plain,2366,واتخذ,4,77800
numbered,plain,2367,وإياكم,4,77800
numbered,plain,2368,تكفروا,4,77800
numbered,plain,2369,يذهبكم,4,77800
numbered,plain,2370,الهوى,4,77800
numbered,plain,2371,يخوضوا,4,77800
numbered,plain,2372,نكن,4,77800
numbered,plain,2373,الجهر,4,77800
numbered,plain,2374,ميثاقهم,4,77800
numbered,plain,2375,وسليمان,4,77800
numbered,plain,2376,بعلمه,4,77800
numbered,plain,2377,يشهدون,4,77800
numbered,plain,2378,المقربون,4,77800
numbered,plain,2379,واستكبروا,4,77800
numbered,plain,2380,هلك,4,77800
numbered,plain,2381,أوفوا,4,77800
numbered,plain,2382,حل,4,77800
numbered,plain,2383,عمله,4,77800
numbered,plain,2384,وأرجلكم,4,77800
numbered,plain,2385,نعمته,4,77800
numbered,plain,2386,العداوة,4,77800
numbered,plain,2387,والبغضاء,4,77800
numbered,plain,2388,رسولنا,4,77800
numbered,plain,2389,يهلك,4,77800
numbered,plain,2390,وأمه,4,77800
numbered,plain,2391,يعذبكم,4,77800
numbered,plain,2392,أحدهما,4,77800
numbered,plain,2393,أخي,4,77800
numbered,plain,2394,سماعون,4,77800
numbered,plain,2395,يأتوك,4,77800
numbered,plain,2396,الإنجيل,4,77800
numbered,plain,2397,ليبلوكم,4,77800
numbered,plain,2398,نادمين,4,77800
numbered,plain,2399,أهؤلاء,4,77800
numbered,plain,2400,يقيمون,4,77800
numbered,plain,2401,يتول,4,77800
numbered,plain,2402,طغيانا,4,77800
numbered,plain,2403,وكفرا,4,77800
numbered,plain,2404,وألقينا,4,77800
numbered,plain,2405,رجس,4,77800
numbered,plain,2406,وبال,4,77800
numbered,plain,2407,غيركم,4,77800
numbered,plain,2408,قربى,4,77800
numbered,plain,2409,علام,4,77800
numbered,plain,2410,الغيوب,4,77800
numbered,plain,2411,بإذني,4,77800
numbered,plain,2412,نريد,4,77800
numbered,plain,2413,وآية,4,77800
numbered,plain,2414,وكنت,4,77800
numbered,plain,2415,وأجل,4,77800
numbered,plain,2416,تكسبون,4,77800
numbered,plain,2417,أغير,4,77800
numbered,plain,2418,عصيت,4,77800
numbered,plain,2419,بضر,4,77800
numbered,plain,2420,أئنكم,4,77800
numbered,plain,2421,بآياته,4,77800
numbered,plain,2422,تزعمون,4,77800
numbered,plain,2423,مشركين,4,77800
numbered,plain,2424,أكنة,4,77800
numbered,plain,2425,أمثالكم,4,77800
numbered,plain,2426,فأخذناهم,4,77800
numbered,plain,2427,وزين,4,77800
numbered,plain,2428,فتحنا,4,77800
numbered,plain,2429,دابر,4,77800
numbered,plain,2430,نصرف,4,77800
numbered,plain,2431,نرسل,4,77800
numbered,plain,2432,يمسهم,4,77800
numbered,plain,2433,يتوفاكم,4,77800
numbered,plain,2434,ويرسل,4,77800
numbered,plain,2435,شيعا,4,77800
numbered,plain,2436,شراب,4,77800
numbered,plain,2437,وعذاب,4,77800
numbered,plain,2438,ائتنا,4,77800
numbered,plain,2439,واتقوه,4,77800
numbered,plain,2440,ينفخ,4,77800
numbered,plain,2441,ملكوت,4,77800
numbered,plain,2442,أحب,4,77800
numbered,plain,2443,بظلم,4,77800
numbered,plain,2444,ذريته,4,77800
numbered,plain,2445,مبارك,4,77800
numbered,plain,2446,تؤفكون,4,77800
numbered,plain,2447,نبات,4,77800
numbered,plain,2448,والزيتون,4,77800
numbered,plain,2449,فلنفسه,4,77800
numbered,plain,2450,وأعرض,4,77800
numbered,plain,2451,زينا,4,77800
numbered,plain,2452,وأقسموا,4,77800
numbered,plain,2453,أنها,4,77800
numbered,plain,2454,ليؤمنوا,4,77800
numbered,plain,2455,يوحي,4,77800
numbered,plain,2456,بالمهتدين,4,77800
numbered,plain,2457,الرجس,4,77800
numbered,plain,2458,شهدنا,4,77800
numbered,plain,2459,وأهلها,4,77800
numbered,plain,2460,مكانتكم,4,77800
numbered,plain,2461,يحكمون,4,77800
numbered,plain,2462,بطون,4,77800
numbered,plain,2463,مختلفا,4,77800
numbered,plain,2464,وصاكم,4,77800
numbered,plain,2465,أجد,4,77800
numbered,plain,2466,لصادقون,4,77800
numbered,plain,2467,ظهر,4,77800
numbered,plain,2468,لكنا,4,77800
numbered,plain,2469,خلائف,4,77800
numbered,plain,2470,صدرك,4,77800
numbered,plain,2471,أهلكناها,4,77800
numbered,plain,2472,دعواهم,4,77800
numbered,plain,2473,ثقلت,4,77800
numbered,plain,2474,فاخرج,4,77800
numbered,plain,2475,لأملأن,4,77800
numbered,plain,2476,سوآتهما,4,77800
numbered,plain,2477,ضعفا,4,77800
numbered,plain,2478,حجاب,4,77800
numbered,plain,2479,خوفا,4,77800
numbered,plain,2480,وطمعا,4,77800
numbered,plain,2481,سحابا,4,77800
numbered,plain,2482,ولكني,4,77800
numbered,plain,2483,تعدنا,4,77800
numbered,plain,2484,ناقة,4,77800
numbered,plain,2485,بسوء,4,77800
numbered,plain,2486,الرجفة,4,77800
numbered,plain,2487,دارهم,4,77800
numbered,plain,2488,فتولى,4,77800
numbered,plain,2489,لتأتون,4,77800
numbered,plain,2490,جواب,4,77800
numbered,plain,2491,شعيب,4,77800
numbered,plain,2492,توكلنا,4,77800
numbered,plain,2493,قومنا,4,77800
numbered,plain,2494,يغنوا,4,77800
numbered,plain,2495,الغالبين,4,77800
numbered,plain,2496,كشفنا,4,77800
numbered,plain,2497,فانتقمنا,4,77800
numbered,plain,2498,غافلين,4,77800
numbered,plain,2499,تجهلون,4,77800
numbered,plain,2500,جسدا,4,77800
numbered,plain,2501,أرحم,4,77800
numbered,plain,2502,يهدون,4,77800
numbered,plain,2503,ذريتهم,4,77800
numbered,plain,2504,المبطلون,4,77800
numbered,plain,2505,علمها,4,77800
numbered,plain,2506,لنفسي,4,77800
numbered,plain,2507,مسني,4,77800
numbered,plain,2508,إليها,4,77800
numbered,plain,2509,فتعالى,4,77800
numbered,plain,2510,تدعوهم,4,77800
numbered,plain,2511,فاستعذ,4,77800
numbered,plain,2512,إحدى,4,77800
numbered,plain,2513,الفتح,4,77800
numbered,plain,2514,ويصدون,4,77800
numbered,plain,2515,يتوفى,4,77800
numbered,plain,2516,قوي,4,77800
numbered,plain,2517,دونهم,4,77800
numbered,plain,2518,اتبعك,4,77800
numbered,plain,2519,يغلبوا,4,77800
numbered,plain,2520,سبق,4,77800
numbered,plain,2521,يؤتكم,4,77800
numbered,plain,2522,وهاجروا,4,77800
numbered,plain,2523,عاهدتم,4,77800
numbered,plain,2524,الأكبر,4,77800
numbered,plain,2525,للمشركين,4,77800
numbered,plain,2526,استقاموا,4,77800
numbered,plain,2527,صدور,4,77800
numbered,plain,2528,الفائزون,4,77800
numbered,plain,2529,فتربصوا,4,77800
numbered,plain,2530,تغن,4,77800
numbered,plain,2531,عدة,4,77800
numbered,plain,2532,القيم,4,77800
numbered,plain,2533,بنا,4,77800
numbered,plain,2534,يأتون,4,77800
numbered,plain,2535,رضوا,4,77800
numbered,plain,2536,يؤذون,4,77800
numbered,plain,2537,والمنافقين,4,77800
numbered,plain,2538,وآخرون,4,77800
numbered,plain,2539,يحبون,4,77800
numbered,plain,2540,نصب,4,77800
numbered,plain,2541,أيكم,4,77800
numbered,plain,2542,عجبا,4,77800
numbered,plain,2543,أنذر,4,77800
numbered,plain,2544,قدم,4,77800
numbered,plain,2545,يدبر,4,77800
numbered,plain,2546,لقاءنا,4,77800
numbered,plain,2547,ويعبدون,4,77800
numbered,plain,2548,أذقنا,4,77800
numbered,plain,2549,مكرا,4,77800
numbered,plain,2550,بالأمس,4,77800
numbered,plain,2551,ذلة,4,77800
numbered,plain,2552,فسيقولون,4,77800
numbered,plain,2553,تحكمون,4,77800
numbered,plain,2554,أعمل,4,77800
numbered,plain,2555,العمي,4,77800
numbered,plain,2556,نرينك,4,77800
numbered,plain,2557,لحق,4,77800
numbered,plain,2558,لتسكنوا,4,77800
numbered,plain,2559,فعليه,4,77800
numbered,plain,2560,وأخيه,4,77800
numbered,plain,2561,يقضي,4,77800
numbered,plain,2562,فاسأل,4,77800
numbered,plain,2563,تدع,4,77800
numbered,plain,2564,فصلت,4,77800
numbered,plain,2565,صنعوا,4,77800
numbered,plain,2566,نراك,4,77800
numbered,plain,2567,ينفعكم,4,77800
numbered,plain,2568,بأعيننا,4,77800
numbered,plain,2569,يأتيه,4,77800
numbered,plain,2570,زوجين,4,77800
numbered,plain,2571,موج,4,77800
numbered,plain,2572,رحم,4,77800
numbered,plain,2573,بعدا,4,77800
numbered,plain,2574,تتولوا,4,77800
numbered,plain,2575,هود,4,77800
numbered,plain,2576,نجينا,4,77800
numbered,plain,2577,منيب,4,77800
numbered,plain,2578,لوطا,4,77800
numbered,plain,2579,بعزيز,4,77800
numbered,plain,2580,ظالمة,4,77800
numbered,plain,2581,لأجل,4,77800
numbered,plain,2582,عطاء,4,77800
numbered,plain,2583,فاختلف,4,77800
numbered,plain,2584,خلقهم,4,77800
numbered,plain,2585,ليوسف,4,77800
numbered,plain,2586,أبيكم,4,77800
numbered,plain,2587,صالحين,4,77800
numbered,plain,2588,غدا,4,77800
numbered,plain,2589,تصفون,4,77800
numbered,plain,2590,خضر,4,77800
numbered,plain,2591,مكين,4,77800
numbered,plain,2592,باب,4,77800
numbered,plain,2593,أخاه,4,77800
numbered,plain,2594,أبي,4,77800
numbered,plain,2595,يتق,4,77800
numbered,plain,2596,لطيف,4,77800
numbered,plain,2597,تسألهم,4,77800
numbered,plain,2598,نوحي,4,77800
numbered,plain,2599,يجري,4,77800
numbered,plain,2600,بماء,4,77800
numbered,plain,2601,أعناقهم,4,77800
numbered,plain,2602,لشديد,4,77800
numbered,plain,2603,أسر,4,77800
numbered,plain,2604,خلفه,4,77800
numbered,plain,2605,مرد,4,77800
numbered,plain,2606,بحمده,4,77800
numbered,plain,2607,عقبى,4,77800
numbered,plain,2608,وأزواجهم,4,77800
numbered,plain,2609,عقاب,4,77800
numbered,plain,2610,صبار,4,77800
numbered,plain,2611,أرسلتم,4,77800
numbered,plain,2612,محيص,4,77800
numbered,plain,2613,قرار,4,77800
numbered,plain,2614,يصلونها,4,77800
numbered,plain,2615,البلد,4,77800
numbered,plain,2616,وللمؤمنين,4,77800
numbered,plain,2617,مقرنين,4,77800
numbered,plain,2618,شيطان,4,77800
numbered,plain,2619,رجيم,4,77800
numbered,plain,2620,صلصال,4,77800
numbered,plain,2621,خلقناه,4,77800
numbered,plain,2622,متقابلين,4,77800
numbered,plain,2623,بغلام,4,77800
numbered,plain,2624,الأيكة,4,77800
numbered,plain,2625,جناحك,4,77800
numbered,plain,2626,ألوانه,4,77800
numbered,plain,2627,ولتبتغوا,4,77800
numbered,plain,2628,البنات,4,77800
numbered,plain,2629,ثمرات,4,77800
numbered,plain,2630,مختلف,4,77800
numbered,plain,2631,العمر,4,77800
numbered,plain,2632,يقدر,4,77800
numbered,plain,2633,وضرب,4,77800
numbered,plain,2634,والأفئدة,4,77800
numbered,plain,2635,يؤذن,4,77800
numbered,plain,2636,ندعو,4,77800
numbered,plain,2637,البصير,4,77800
numbered,plain,2638,حملنا,4,77800
numbered,plain,2639,علوا,4,77800
numbered,plain,2640,لتبتغوا,4,77800
numbered,plain,2641,فحق,4,77800
numbered,plain,2642,مسئولا,4,77800
numbered,plain,2643,صرفنا,4,77800
numbered,plain,2644,نفورا,4,77800
numbered,plain,2645,ولوا,4,77800
numbered,plain,2646,عظاما,4,77800
numbered,plain,2647,أحاط,4,77800
numbered,plain,2648,حاصبا,4,77800
numbered,plain,2649,بيمينه,4,77800
numbered,plain,2650,يزيد,4,77800
numbered,plain,2651,ظهيرا,4,77800
numbered,plain,2652,تنزيلا,4,77800
numbered,plain,2653,لينذر,4,77800
numbered,plain,2654,الكهف,4,77800
numbered,plain,2655,لبثوا,4,77800
numbered,plain,2656,فلينظر,4,77800
numbered,plain,2657,سيقولون,4,77800
numbered,plain,2658,يحلون,4,77800
numbered,plain,2659,أساور,4,77800
numbered,plain,2660,بربي,4,77800
numbered,plain,2661,تستطيع,4,77800
numbered,plain,2662,موعدا,4,77800
numbered,plain,2663,أهلكناهم,4,77800
numbered,plain,2664,البحرين,4,77800
numbered,plain,2665,سببا,4,77800
numbered,plain,2666,يحسبون,4,77800
numbered,plain,2667,يرجو,4,77800
numbered,plain,2668,وكانت,4,77800
numbered,plain,2669,سويا,4,77800
numbered,plain,2670,وعشيا,4,77800
numbered,plain,2671,بوالديه,4,77800
numbered,plain,2672,وجعلني,4,77800
numbered,plain,2673,رحمتنا,4,77800
numbered,plain,2674,مخلصا,4,77800
numbered,plain,2675,وآمن,4,77800
numbered,plain,2676,أفرأيت,4,77800
numbered,plain,2677,آتيكم,4,77800
numbered,plain,2678,نودي,4,77800
numbered,plain,2679,كي,4,77800
numbered,plain,2680,سبلا,4,77800
numbered,plain,2681,النجوى,4,77800
numbered,plain,2682,أفلح,4,77800
numbered,plain,2683,تزكى,4,77800
numbered,plain,2684,آلهتكم,4,77800
numbered,plain,2685,ينطقون,4,77800
numbered,plain,2686,ونجيناه,4,77800
numbered,plain,2687,فاستجبنا,4,77800
numbered,plain,2688,أدري,4,77800
numbered,plain,2689,علقة,4,77800
numbered,plain,2690,يولج,4,77800
numbered,plain,2691,ويولج,4,77800
numbered,plain,2692,آباءهم,4,77800
numbered,plain,2693,إفك,4,77800
numbered,plain,2694,إخوانهن,4,77800
numbered,plain,2695,آبائكم,4,77800
numbered,plain,2696,نذيرا,4,77800
numbered,plain,2697,وأصيلا,4,77800
numbered,plain,2698,ثبورا,4,77800
numbered,plain,2699,مستقرا,4,77800
numbered,plain,2700,بلدة,4,77800
numbered,plain,2701,أغرقنا,4,77800
numbered,plain,2702,أخوهم,4,77800
numbered,plain,2703,فتحا,4,77800
numbered,plain,2704,لدي,4,77800
numbered,plain,2705,رآه,4,77800
numbered,plain,2706,فأنبتنا,4,77800
numbered,plain,2707,وهامان,4,77800
numbered,plain,2708,يناديهم,4,77800
numbered,plain,2709,وإبراهيم,4,77800
numbered,plain,2710,ريحا,4,77800
numbered,plain,2711,فيومئذ,4,77800
numbered,plain,2712,تدري,4,77800
numbered,plain,2713,المأوى,4,77800
numbered,plain,2714,جنود,4,77800
numbered,plain,2715,جميلا,4,77800
numbered,plain,2716,منكن,4,77800
numbered,plain,2717,والمشركين,4,77800
numbered,plain,2718,ليقولون,4,77800
numbered,plain,2719,كذاب,4,77800
numbered,plain,2720,وبدا,4,77800
numbered,plain,2721,ممنون,4,77800
numbered,plain,2722,فضة,4,77800
numbered,plain,2723,مولى,4,77800
numbered,plain,2724,النذر,4,77800
numbered,plain,2725,فذكر,4,77800
numbered,plain,2726,يسرنا,4,77800
numbered,plain,2727,بالنذر,4,77800
numbered,plain,2728,سقر,4,77800
numbered,plain,2729,باسم,4,77800
numbered,plain,2730,سبح,4,77800
numbered,plain,2731,رزقه,4,77800
numbered,plain,2732,حسابا,4,77800
numbered,plain,2733,راضية,4,77800
numbered,plain,2734,المسكين,4,77800
numbered,plain,2735,أدبر,4,77800
numbered,plain,2736,أيحسب,4,77800
numbered,plain,2737,وتواصوا,4,77800
numbered,plain,2738,بسم,3,77800
numbered,plain,2739,مالك,3,77800
numbered,plain,2740,سمعهم,3,77800
numbered,plain,2741,أنؤمن,3,77800
numbered,plain,2742,مهتدين,3,77800
numbered,plain,2743,صم,3,77800
numbered,plain,2744,عمي,3,77800
numbered,plain,2745,بالكافرين,3,77800
numbered,plain,2746,البرق,3,77800
numbered,plain,2747,بناء,3,77800
numbered,plain,2748,فأخرج,3,77800
numbered,plain,2749,متشابها,3,77800
numbered,plain,2750,فوقها,3,77800
numbered,plain,2751,يوصل,3,77800
numbered,plain,2752,وأعلم,3,77800
numbered,plain,2753,تبدون,3,77800
numbered,plain,2754,أبى,3,77800
numbered,plain,2755,واستكبر,3,77800
numbered,plain,2756,رغدا,3,77800
numbered,plain,2757,ومتاع,3,77800
numbered,plain,2758,كلمات,3,77800
numbered,plain,2759,يأتينكم,3,77800
numbered,plain,2760,وإياي,3,77800
numbered,plain,2761,كافر,3,77800
numbered,plain,2762,تشتروا,3,77800
numbered,plain,2763,والصلاة,3,77800
numbered,plain,2764,ملاقو,3,77800
numbered,plain,2765,يسومونكم,3,77800
numbered,plain,2766,ويستحيون,3,77800
numbered,plain,2767,نساءكم,3,77800
numbered,plain,2768,جهرة,3,77800
numbered,plain,2769,الصاعقة,3,77800
numbered,plain,2770,الغمام,3,77800
numbered,plain,2771,المن,3,77800
numbered,plain,2772,والسلوى,3,77800
numbered,plain,2773,وادخلوا,3,77800
numbered,plain,2774,فأنزلنا,3,77800
numbered,plain,2775,رجزا,3,77800
numbered,plain,2776,اضرب,3,77800
numbered,plain,2777,بعصاك,3,77800
numbered,plain,2778,الحجر,3,77800
numbered,plain,2779,تنبت,3,77800
numbered,plain,2780,عصوا,3,77800
numbered,plain,2781,يعتدون,3,77800
numbered,plain,2782,آتيناكم,3,77800
numbered,plain,2783,البقر,3,77800
numbered,plain,2784,قتلتم,3,77800
numbered,plain,2785,مخرج,3,77800
numbered,plain,2786,كلام,3,77800
numbered,plain,2787,أولا,3,77800
numbered,plain,2788,بأيديهم,3,77800
numbered,plain,2789,وويل,3,77800
numbered,plain,2790,أياما,3,77800
numbered,plain,2791,معدودة,3,77800
numbered,plain,2792,كسب,3,77800
numbered,plain,2793,تشهدون,3,77800
numbered,plain,2794,وقفينا,3,77800
numbered,plain,2795,تهوى,3,77800
numbered,plain,2796,وفريقا,3,77800
numbered,plain,2797,بئسما,3,77800
numbered,plain,2798,يكفروا,3,77800
numbered,plain,2799,قلبك,3,77800
numbered,plain,2800,يضرهم,3,77800
numbered,plain,2801,خلاق,3,77800
numbered,plain,2802,تسألوا,3,77800
numbered,plain,2803,أجره,3,77800
numbered,plain,2804,مساجد,3,77800
numbered,plain,2805,بينا,3,77800
numbered,plain,2806,اتبعت,3,77800
numbered,plain,2807,بيتي,3,77800
numbered,plain,2808,آياتك,3,77800
numbered,plain,2809,ويعلمهم,3,77800
numbered,plain,2810,ويزكيهم,3,77800
numbered,plain,2811,اصطفى,3,77800
numbered,plain,2812,كسبتم,3,77800
numbered,plain,2813,نفرق,3,77800
numbered,plain,2814,أعمالنا,3,77800
numbered,plain,2815,ويكون,3,77800
numbered,plain,2816,عقبيه,3,77800
numbered,plain,2817,بالناس,3,77800
numbered,plain,2818,تقلب,3,77800
numbered,plain,2819,قبلة,3,77800
numbered,plain,2820,فول,3,77800
numbered,plain,2821,شطر,3,77800
numbered,plain,2822,فاستبقوا,3,77800
numbered,plain,2823,لئلا,3,77800
numbered,plain,2824,حجة,3,77800
numbered,plain,2825,ويعلمكم,3,77800
numbered,plain,2826,يقتل,3,77800
numbered,plain,2827,الأموال,3,77800
numbered,plain,2828,بهما,3,77800
numbered,plain,2829,وبث,3,77800
numbered,plain,2830,القوة,3,77800
numbered,plain,2831,ورأوا,3,77800
numbered,plain,2832,الأسباب,3,77800
numbered,plain,2833,ومثل,3,77800
numbered,plain,2834,الخنزير,3,77800
numbered,plain,2835,باغ,3,77800
numbered,plain,2836,بطونهم,3,77800
numbered,plain,2837,يكلمهم,3,77800
numbered,plain,2838,والنبيين,3,77800
numbered,plain,2839,وآتى,3,77800
numbered,plain,2840,الرقاب,3,77800
numbered,plain,2841,الحر,3,77800
numbered,plain,2842,بإحسان,3,77800
numbered,plain,2843,والأقربين,3,77800
numbered,plain,2844,الصيام,3,77800
numbered,plain,2845,معدودات,3,77800
numbered,plain,2846,مريضا,3,77800
numbered,plain,2847,فدية,3,77800
numbered,plain,2848,العسر,3,77800
numbered,plain,2849,الداع,3,77800
numbered,plain,2850,لباس,3,77800
numbered,plain,2851,وابتغوا,3,77800
numbered,plain,2852,يتبين,3,77800
numbered,plain,2853,أبوابها,3,77800
numbered,plain,2854,تعتدوا,3,77800
numbered,plain,2855,واقتلوهم,3,77800
numbered,plain,2856,رأسه,3,77800
numbered,plain,2857,واستغفروا,3,77800
numbered,plain,2858,آباءكم,3,77800
numbered,plain,2859,تعجل,3,77800
numbered,plain,2860,يومين,3,77800
numbered,plain,2861,سعى,3,77800
numbered,plain,2862,ظلل,3,77800
numbered,plain,2863,فهدى,3,77800
numbered,plain,2864,حسبتم,3,77800
numbered,plain,2865,مستهم,3,77800
numbered,plain,2866,تكرهوا,3,77800
numbered,plain,2867,وكفر,3,77800
numbered,plain,2868,يردوكم,3,77800
numbered,plain,2869,الخمر,3,77800
numbered,plain,2870,والميسر,3,77800
numbered,plain,2871,ومنافع,3,77800
numbered,plain,2872,تتفكرون,3,77800
numbered,plain,2873,فإخوانكم,3,77800
numbered,plain,2874,المحيض,3,77800
numbered,plain,2875,باللغو,3,77800
numbered,plain,2876,نسائهم,3,77800
numbered,plain,2877,يقيما,3,77800
numbered,plain,2878,ظنا,3,77800
numbered,plain,2879,فأمسكوهن,3,77800
numbered,plain,2880,يتم,3,77800
numbered,plain,2881,أردتم,3,77800
numbered,plain,2882,آتيتم,3,77800
numbered,plain,2883,ويذرون,3,77800
numbered,plain,2884,عقدة,3,77800
numbered,plain,2885,النكاح,3,77800
numbered,plain,2886,تمسوهن,3,77800
numbered,plain,2887,تعفوا,3,77800
numbered,plain,2888,لنبي,3,77800
numbered,plain,2889,يؤتي,3,77800
numbered,plain,2890,ملكه,3,77800
numbered,plain,2891,وآل,3,77800
numbered,plain,2892,غلبت,3,77800
numbered,plain,2893,أفرغ,3,77800
numbered,plain,2894,أقدامنا,3,77800
numbered,plain,2895,نتلوها,3,77800
numbered,plain,2896,ورفع,3,77800
numbered,plain,2897,بيع,3,77800
numbered,plain,2898,والكافرون,3,77800
numbered,plain,2899,القيوم,3,77800
numbered,plain,2900,يشفع,3,77800
numbered,plain,2901,الرشد,3,77800
numbered,plain,2902,الغي,3,77800
numbered,plain,2903,عروشها,3,77800
numbered,plain,2904,وانظر,3,77800
numbered,plain,2905,العظام,3,77800
numbered,plain,2906,تؤمن,3,77800
numbered,plain,2907,فخذ,3,77800
numbered,plain,2908,جبل,3,77800
numbered,plain,2909,وابل,3,77800
numbered,plain,2910,يقدرون,3,77800
numbered,plain,2911,ضعفين,3,77800
numbered,plain,2912,وأعناب,3,77800
numbered,plain,2913,بالفحشاء,3,77800
numbered,plain,2914,الفقراء,3,77800
numbered,plain,2915,ويكفر,3,77800
numbered,plain,2916,للفقراء,3,77800
numbered,plain,2917,أغنياء,3,77800
numbered,plain,2918,البيع,3,77800
numbered,plain,2919,وحرم,3,77800
numbered,plain,2920,موعظة,3,77800
numbered,plain,2921,فلكم,3,77800
numbered,plain,2922,كاتب,3,77800
numbered,plain,2923,وأقوم,3,77800
numbered,plain,2924,تخفوه,3,77800
numbered,plain,2925,وكتبه,3,77800
numbered,plain,2926,وإليك,3,77800
numbered,plain,2927,وعليها,3,77800
numbered,plain,2928,حملته,3,77800
numbered,plain,2929,وارحمنا,3,77800
numbered,plain,2930,وهب,3,77800
numbered,plain,2931,الوهاب,3,77800
numbered,plain,2932,جامع,3,77800
numbered,plain,2933,كدأب,3,77800
numbered,plain,2934,وأخرى,3,77800
numbered,plain,2935,بنصره,3,77800
numbered,plain,2936,الشهوات,3,77800
numbered,plain,2937,حسن,3,77800
numbered,plain,2938,يأمرون,3,77800
numbered,plain,2939,فبشرهم,3,77800
numbered,plain,2940,يتولى,3,77800
numbered,plain,2941,وبينه,3,77800
numbered,plain,2942,أمدا,3,77800
numbered,plain,2943,ونوحا,3,77800
numbered,plain,2944,عمران,3,77800
numbered,plain,2945,بعضها,3,77800
numbered,plain,2946,عندها,3,77800
numbered,plain,2947,قائم,3,77800
numbered,plain,2948,يلقون,3,77800
numbered,plain,2949,المهد,3,77800
numbered,plain,2950,الطين,3,77800
numbered,plain,2951,طيرا,3,77800
numbered,plain,2952,الحواريون,3,77800
numbered,plain,2953,ومكروا,3,77800
numbered,plain,2954,ومكر,3,77800
numbered,plain,2955,لعنت,3,77800
numbered,plain,2956,نشرك,3,77800
numbered,plain,2957,بعضنا,3,77800
numbered,plain,2958,أربابا,3,77800
numbered,plain,2959,اتبعوه,3,77800
numbered,plain,2960,يضلون,3,77800
numbered,plain,2961,دمت,3,77800
numbered,plain,2962,أوفى,3,77800
numbered,plain,2963,ألسنتهم,3,77800
numbered,plain,2964,والحكم,3,77800
numbered,plain,2965,والنبوة,3,77800
numbered,plain,2966,وشهدوا,3,77800
numbered,plain,2967,وجاءهم,3,77800
numbered,plain,2968,الضالون,3,77800
numbered,plain,2969,تفرقوا,3,77800
numbered,plain,2970,ففي,3,77800
numbered,plain,2971,تأمرون,3,77800
numbered,plain,2972,الأنبياء,3,77800
numbered,plain,2973,آناء,3,77800
numbered,plain,2974,ظلمهم,3,77800
numbered,plain,2975,ودوا,3,77800
numbered,plain,2976,الغيظ,3,77800
numbered,plain,2977,يضركم,3,77800
numbered,plain,2978,كيدهم,3,77800
numbered,plain,2979,نصركم,3,77800
numbered,plain,2980,ألن,3,77800
numbered,plain,2981,النصر,3,77800
numbered,plain,2982,العاملين,3,77800
numbered,plain,2983,تهنوا,3,77800
numbered,plain,2984,تحزنوا,3,77800
numbered,plain,2985,أعقابكم,3,77800
numbered,plain,2986,لنفس,3,77800
numbered,plain,2987,نؤته,3,77800
numbered,plain,2988,فاتكم,3,77800
numbered,plain,2989,الغم,3,77800
numbered,plain,2990,وطائفة,3,77800
numbered,plain,2991,يخفون,3,77800
numbered,plain,2992,التقى,3,77800
numbered,plain,2993,ضربوا,3,77800
numbered,plain,2994,ماتوا,3,77800
numbered,plain,2995,ليجعل,3,77800
numbered,plain,2996,حسرة,3,77800
numbered,plain,2997,يجمعون,3,77800
numbered,plain,2998,غالب,3,77800
numbered,plain,2999,غل,3,77800
numbered,plain,3000,رضوان,3,77800
numbered,plain,3001,ومأواه,3,77800
numbered,plain,3002,للإيمان,3,77800
numbered,plain,3003,حسبنا,3,77800
numbered,plain,3004,يضروا,3,77800
numbered,plain,3005,حظا,3,77800
numbered,plain,3006,يحسبن,3,77800
numbered,plain,3007,لأنفسهم,3,77800
numbered,plain,3008,يبخلون,3,77800
numbered,plain,3009,قبلي,3,77800
numbered,plain,3010,كذبوك,3,77800
numbered,plain,3011,ذائقة,3,77800
numbered,plain,3012,وإنما,3,77800
numbered,plain,3013,وأدخل,3,77800
numbered,plain,3014,أتوا,3,77800
numbered,plain,3015,فاستجاب,3,77800
numbered,plain,3016,سبيلي,3,77800
numbered,plain,3017,خاشعين,3,77800
numbered,plain,3018,مثنى,3,77800
numbered,plain,3019,غنيا,3,77800
numbered,plain,3020,الوالدان,3,77800
numbered,plain,3021,والأقربون,3,77800
numbered,plain,3022,فلها,3,77800
numbered,plain,3023,السدس,3,77800
numbered,plain,3024,نصف,3,77800
numbered,plain,3025,امرأة,3,77800
numbered,plain,3026,أخت,3,77800
numbered,plain,3027,يعص,3,77800
numbered,plain,3028,خالدا,3,77800
numbered,plain,3029,فأعرضوا,3,77800
numbered,plain,3030,توابا,3,77800
numbered,plain,3031,يتوبون,3,77800
numbered,plain,3032,مبينة,3,77800
numbered,plain,3033,وإثما,3,77800
numbered,plain,3034,ميثاقا,3,77800
numbered,plain,3035,غليظا,3,77800
numbered,plain,3036,وساء,3,77800
numbered,plain,3037,حرمت,3,77800
numbered,plain,3038,دخلتم,3,77800
numbered,plain,3039,بهن,3,77800
numbered,plain,3040,والمحصنات,3,77800
numbered,plain,3041,بأموالكم,3,77800
numbered,plain,3042,خشي,3,77800
numbered,plain,3043,ليبين,3,77800
numbered,plain,3044,ويتوب,3,77800
numbered,plain,3045,ويريد,3,77800
numbered,plain,3046,كبائر,3,77800
numbered,plain,3047,مدخلا,3,77800
numbered,plain,3048,نصيبهم,3,77800
numbered,plain,3049,عليا,3,77800
numbered,plain,3050,واعبدوا,3,77800
numbered,plain,3051,تشركوا,3,77800
numbered,plain,3052,وجئنا,3,77800
numbered,plain,3053,ويريدون,3,77800
numbered,plain,3054,يحرفون,3,77800
numbered,plain,3055,مواضعه,3,77800
numbered,plain,3056,فتيلا,3,77800
numbered,plain,3057,أمروا,3,77800
numbered,plain,3058,شجر,3,77800
numbered,plain,3059,قضيت,3,77800
numbered,plain,3060,كتبنا,3,77800
numbered,plain,3061,اقتلوا,3,77800
numbered,plain,3062,وأشد,3,77800
numbered,plain,3063,والشهداء,3,77800
numbered,plain,3064,انفروا,3,77800
numbered,plain,3065,فوزا,3,77800
numbered,plain,3066,فقاتلوا,3,77800
numbered,plain,3067,أينما,3,77800
numbered,plain,3068,يكادون,3,77800
numbered,plain,3069,أصابك,3,77800
numbered,plain,3070,حفيظا,3,77800
numbered,plain,3071,طاعة,3,77800
numbered,plain,3072,يبيتون,3,77800
numbered,plain,3073,يهاجروا,3,77800
numbered,plain,3074,جاءوكم,3,77800
numbered,plain,3075,ردوا,3,77800
numbered,plain,3076,فتحرير,3,77800
numbered,plain,3077,ضربتم,3,77800
numbered,plain,3078,فتبينوا,3,77800
numbered,plain,3079,مغانم,3,77800
numbered,plain,3080,المجاهدين,3,77800
numbered,plain,3081,مصيرا,3,77800
numbered,plain,3082,فأقيموا,3,77800
numbered,plain,3083,يعدهم,3,77800
numbered,plain,3084,قيلا,3,77800
numbered,plain,3085,خليلا,3,77800
numbered,plain,3086,ويأت,3,77800
numbered,plain,3087,شاكرا,3,77800
numbered,plain,3088,يتخذوا,3,77800
numbered,plain,3089,تعدوا,3,77800
numbered,plain,3090,وأخذنا,3,77800
numbered,plain,3091,وقولهم,3,77800
numbered,plain,3092,طبع,3,77800
numbered,plain,3093,وأكلهم,3,77800
numbered,plain,3094,وأيوب,3,77800
numbered,plain,3095,أنزله,3,77800
numbered,plain,3096,عبادته,3,77800
numbered,plain,3097,برهان,3,77800
numbered,plain,3098,كانتا,3,77800
numbered,plain,3099,بهيمة,3,77800
numbered,plain,3100,الصيد,3,77800
numbered,plain,3101,ورضوانا,3,77800
numbered,plain,3102,يجرمنكم,3,77800
numbered,plain,3103,السبع,3,77800
numbered,plain,3104,تطلع,3,77800
numbered,plain,3105,ينبئهم,3,77800
numbered,plain,3106,ويعفو,3,77800
numbered,plain,3107,وكتاب,3,77800
numbered,plain,3108,فإنها,3,77800
numbered,plain,3109,يتقبل,3,77800
numbered,plain,3110,ويلتى,3,77800
numbered,plain,3111,فكأنما,3,77800
numbered,plain,3112,فسادا,3,77800
numbered,plain,3113,تقطع,3,77800
numbered,plain,3114,ومثله,3,77800
numbered,plain,3115,يعذب,3,77800
numbered,plain,3116,المقسطين,3,77800
numbered,plain,3117,وعندهم,3,77800
numbered,plain,3118,حكم,3,77800
numbered,plain,3119,كفارة,3,77800
numbered,plain,3120,فاعلم,3,77800
numbered,plain,3121,يصيبهم,3,77800
numbered,plain,3122,يتولهم,3,77800
numbered,plain,3123,دائرة,3,77800
numbered,plain,3124,يرتد,3,77800
numbered,plain,3125,بقوم,3,77800
numbered,plain,3126,ولعبا,3,77800
numbered,plain,3127,أنبئكم,3,77800
numbered,plain,3128,يد,3,77800
numbered,plain,3129,يداه,3,77800
numbered,plain,3130,أرجلهم,3,77800
numbered,plain,3131,وأرسلنا,3,77800
numbered,plain,3132,أهواء,3,77800
numbered,plain,3133,حرما,3,77800
numbered,plain,3134,لتعلموا,3,77800
numbered,plain,3135,اعلموا,3,77800
numbered,plain,3136,أيمان,3,77800
numbered,plain,3137,يجمع,3,77800
numbered,plain,3138,ونكون,3,77800
numbered,plain,3139,تغفر,3,77800
numbered,plain,3140,والنور,3,77800
numbered,plain,3141,أجلا,3,77800
numbered,plain,3142,مكناهم,3,77800
numbered,plain,3143,مدرارا,3,77800
numbered,plain,3144,فأهلكناهم,3,77800
numbered,plain,3145,استهزئ,3,77800
numbered,plain,3146,برسل,3,77800
numbered,plain,3147,سخروا,3,77800
numbered,plain,3148,انظروا,3,77800
numbered,plain,3149,يمسسك,3,77800
numbered,plain,3150,يستمع,3,77800
numbered,plain,3151,يفقهوه,3,77800
numbered,plain,3152,ينهون,3,77800
numbered,plain,3153,حياتنا,3,77800
numbered,plain,3154,وربنا,3,77800
numbered,plain,3155,لعب,3,77800
numbered,plain,3156,ولهو,3,77800
numbered,plain,3157,مبدل,3,77800
numbered,plain,3158,لكلمات,3,77800
numbered,plain,3159,نبإ,3,77800
numbered,plain,3160,استطعت,3,77800
numbered,plain,3161,يبعثهم,3,77800
numbered,plain,3162,يحشرون,3,77800
numbered,plain,3163,يجعله,3,77800
numbered,plain,3164,أتاكم,3,77800
numbered,plain,3165,فرحوا,3,77800
numbered,plain,3166,مبلسون,3,77800
numbered,plain,3167,يصدفون,3,77800
numbered,plain,3168,وأنذر,3,77800
numbered,plain,3169,وعنده,3,77800
numbered,plain,3170,تضرعا,3,77800
numbered,plain,3171,وغرتهم,3,77800
numbered,plain,3172,ينفعنا,3,77800
numbered,plain,3173,تتذكرون,3,77800
numbered,plain,3174,الفريقين,3,77800
numbered,plain,3175,هدينا,3,77800
numbered,plain,3176,آبائهم,3,77800
numbered,plain,3177,وذرياتهم,3,77800
numbered,plain,3178,قدروا,3,77800
numbered,plain,3179,حولها,3,77800
numbered,plain,3180,يحافظون,3,77800
numbered,plain,3181,الهون,3,77800
numbered,plain,3182,تستكبرون,3,77800
numbered,plain,3183,تقدير,3,77800
numbered,plain,3184,فصلنا,3,77800
numbered,plain,3185,طلعها,3,77800
numbered,plain,3186,أعناب,3,77800
numbered,plain,3187,ثمره,3,77800
numbered,plain,3188,فعليها,3,77800
numbered,plain,3189,جعلناك,3,77800
numbered,plain,3190,فينبئهم,3,77800
numbered,plain,3191,والجن,3,77800
numbered,plain,3192,وتمت,3,77800
numbered,plain,3193,يخرصون,3,77800
numbered,plain,3194,أجرموا,3,77800
numbered,plain,3195,صدره,3,77800
numbered,plain,3196,كأنما,3,77800
numbered,plain,3197,معشر,3,77800
numbered,plain,3198,مهلك,3,77800
numbered,plain,3199,والنخل,3,77800
numbered,plain,3200,حقه,3,77800
numbered,plain,3201,ثمانية,3,77800
numbered,plain,3202,بعلم,3,77800
numbered,plain,3203,عندكم,3,77800
numbered,plain,3204,تتبعون,3,77800
numbered,plain,3205,فلو,3,77800
numbered,plain,3206,تشهد,3,77800
numbered,plain,3207,نكلف,3,77800
numbered,plain,3208,فاتبعوه,3,77800
numbered,plain,3209,إيمانها,3,77800
numbered,plain,3210,منتظرون,3,77800
numbered,plain,3211,يجزى,3,77800
numbered,plain,3212,شريك,3,77800
numbered,plain,3213,تكسب,3,77800
numbered,plain,3214,بياتا,3,77800
numbered,plain,3215,منعك,3,77800
numbered,plain,3216,المنظرين,3,77800
numbered,plain,3217,مدحورا,3,77800
numbered,plain,3218,تبعك,3,77800
numbered,plain,3219,الناصحين,3,77800
numbered,plain,3220,ربهما,3,77800
numbered,plain,3221,وفيها,3,77800
numbered,plain,3222,لباسا,3,77800
numbered,plain,3223,أتقولون,3,77800
numbered,plain,3224,ويحسبون,3,77800
numbered,plain,3225,لعباده,3,77800
numbered,plain,3226,يستقدمون,3,77800
numbered,plain,3227,دخلت,3,77800
numbered,plain,3228,يلج,3,77800
numbered,plain,3229,ونزعنا,3,77800
numbered,plain,3230,ويبغونها,3,77800
numbered,plain,3231,تلقاء,3,77800
numbered,plain,3232,تجعلنا,3,77800
numbered,plain,3233,لهوا,3,77800
numbered,plain,3234,بكتاب,3,77800
numbered,plain,3235,شفعاء,3,77800
numbered,plain,3236,والنجوم,3,77800
numbered,plain,3237,مسخرات,3,77800
numbered,plain,3238,والأمر,3,77800
numbered,plain,3239,ميت,3,77800
numbered,plain,3240,لنراك,3,77800
numbered,plain,3241,خلفاء,3,77800
numbered,plain,3242,فأتنا,3,77800
numbered,plain,3243,أسماء,3,77800
numbered,plain,3244,سميتموها,3,77800
numbered,plain,3245,فانتظروا,3,77800
numbered,plain,3246,المنتظرين,3,77800
numbered,plain,3247,تمسوها,3,77800
numbered,plain,3248,فيأخذكم,3,77800
numbered,plain,3249,تتخذون,3,77800
numbered,plain,3250,الناقة,3,77800
numbered,plain,3251,أبلغتكم,3,77800
numbered,plain,3252,أتأتون,3,77800
numbered,plain,3253,مطرا,3,77800
numbered,plain,3254,تبخسوا,3,77800
numbered,plain,3255,أشياءهم,3,77800
numbered,plain,3256,عدنا,3,77800
numbered,plain,3257,لخاسرون,3,77800
numbered,plain,3258,بدلنا,3,77800
numbered,plain,3259,يطبع,3,77800
numbered,plain,3260,فألقى,3,77800
numbered,plain,3261,عصاه,3,77800
numbered,plain,3262,يده,3,77800
numbered,plain,3263,للناظرين,3,77800
numbered,plain,3264,لساحر,3,77800
numbered,plain,3265,يخرجكم,3,77800
numbered,plain,3266,أرضكم,3,77800
numbered,plain,3267,فماذا,3,77800
numbered,plain,3268,وأخاه,3,77800
numbered,plain,3269,المدائن,3,77800
numbered,plain,3270,حاشرين,3,77800
numbered,plain,3271,لأجرا,3,77800
numbered,plain,3272,وإنكم,3,77800
numbered,plain,3273,وجاءوا,3,77800
numbered,plain,3274,بسحر,3,77800
numbered,plain,3275,عصاك,3,77800
numbered,plain,3276,تلقف,3,77800
numbered,plain,3277,آذن,3,77800
numbered,plain,3278,نساءهم,3,77800
numbered,plain,3279,واصبروا,3,77800
numbered,plain,3280,والعاقبة,3,77800
numbered,plain,3281,الرجز,3,77800
numbered,plain,3282,فأغرقناهم,3,77800
numbered,plain,3283,وأورثنا,3,77800
numbered,plain,3284,مكانه,3,77800
numbered,plain,3285,دكا,3,77800
numbered,plain,3286,وكن,3,77800
numbered,plain,3287,الألواح,3,77800
numbered,plain,3288,يجزون,3,77800
numbered,plain,3289,يهديهم,3,77800
numbered,plain,3290,أسفا,3,77800
numbered,plain,3291,وألقى,3,77800
numbered,plain,3292,أخذتهم,3,77800
numbered,plain,3293,شئت,3,77800
numbered,plain,3294,ويحل,3,77800
numbered,plain,3295,ولعلهم,3,77800
numbered,plain,3296,الصالحون,3,77800
numbered,plain,3297,يأتهم,3,77800
numbered,plain,3298,نضيع,3,77800
numbered,plain,3299,واقع,3,77800
numbered,plain,3300,فأتبعه,3,77800
numbered,plain,3301,لجهنم,3,77800
numbered,plain,3302,يلحدون,3,77800
numbered,plain,3303,نصرا,3,77800
numbered,plain,3304,شركاءكم,3,77800
numbered,plain,3305,خذ,3,77800
numbered,plain,3306,نزغ,3,77800
numbered,plain,3307,بالغدو,3,77800
numbered,plain,3308,والآصال,3,77800
numbered,plain,3309,بكلماته,3,77800
numbered,plain,3310,رجز,3,77800
numbered,plain,3311,ويثبت,3,77800
numbered,plain,3312,لقيتم,3,77800
numbered,plain,3313,وللرسول,3,77800
numbered,plain,3314,وقلبه,3,77800
numbered,plain,3315,ورزقكم,3,77800
numbered,plain,3316,وأولادكم,3,77800
numbered,plain,3317,بعضه,3,77800
numbered,plain,3318,سنت,3,77800
numbered,plain,3319,المولى,3,77800
numbered,plain,3320,أسفل,3,77800
numbered,plain,3321,يتوكل,3,77800
numbered,plain,3322,يضربون,3,77800
numbered,plain,3323,وذوقوا,3,77800
numbered,plain,3324,عهدهم,3,77800
numbered,plain,3325,وآخرين,3,77800
numbered,plain,3326,يعلمهم,3,77800
numbered,plain,3327,وعند,3,77800
numbered,plain,3328,يظهروا,3,77800
numbered,plain,3329,فصدوا,3,77800
numbered,plain,3330,يستوون,3,77800
numbered,plain,3331,ومساكن,3,77800
numbered,plain,3332,سكينته,3,77800
numbered,plain,3333,تروها,3,77800
numbered,plain,3334,المشركون,3,77800
numbered,plain,3335,نوره,3,77800
numbered,plain,3336,ودين,3,77800
numbered,plain,3337,ليظهره,3,77800
numbered,plain,3338,عاما,3,77800
numbered,plain,3339,بالحياة,3,77800
numbered,plain,3340,فأنزل,3,77800
numbered,plain,3341,الخروج,3,77800
numbered,plain,3342,فرحون,3,77800
numbered,plain,3343,تعجبك,3,77800
numbered,plain,3344,تعتذروا,3,77800
numbered,plain,3345,ليظلمهم,3,77800
numbered,plain,3346,جاهد,3,77800
numbered,plain,3347,تستغفر,3,77800
numbered,plain,3348,المخلفون,3,77800
numbered,plain,3349,الضعفاء,3,77800
numbered,plain,3350,عملكم,3,77800
numbered,plain,3351,وآخر,3,77800
numbered,plain,3352,أسس,3,77800
numbered,plain,3353,يزال,3,77800
numbered,plain,3354,وأموالهم,3,77800
numbered,plain,3355,والمهاجرين,3,77800
numbered,plain,3356,يفتنون,3,77800
numbered,plain,3357,نظر,3,77800
numbered,plain,3358,عدد,3,77800
numbered,plain,3359,ضره,3,77800
numbered,plain,3360,ضراء,3,77800
numbered,plain,3361,وظن,3,77800
numbered,plain,3362,أتاها,3,77800
numbered,plain,3363,عاصم,3,77800
numbered,plain,3364,ويخرج,3,77800
numbered,plain,3365,الضلال,3,77800
numbered,plain,3366,شركائكم,3,77800
numbered,plain,3367,تهدي,3,77800
numbered,plain,3368,يلبثوا,3,77800
numbered,plain,3369,نتوفينك,3,77800
numbered,plain,3370,عذابه,3,77800
numbered,plain,3371,وربي,3,77800
numbered,plain,3372,ظلمت,3,77800
numbered,plain,3373,شأن,3,77800
numbered,plain,3374,قرآن,3,77800
numbered,plain,3375,البشرى,3,77800
numbered,plain,3376,مبصرا,3,77800
numbered,plain,3377,فنجيناه,3,77800
numbered,plain,3378,وتكون,3,77800
numbered,plain,3379,ويحق,3,77800
numbered,plain,3380,للقوم,3,77800
numbered,plain,3381,لتكون,3,77800
numbered,plain,3382,ورزقناهم,3,77800
numbered,plain,3383,كلهم,3,77800
numbered,plain,3384,ننجي,3,77800
numbered,plain,3385,أقم,3,77800
numbered,plain,3386,للدين,3,77800
numbered,plain,3387,فعلت,3,77800
numbered,plain,3388,يهتدي,3,77800
numbered,plain,3389,استغفروا,3,77800
numbered,plain,3390,رزقها,3,77800
numbered,plain,3391,فخور,3,77800
numbered,plain,3392,كنز,3,77800
numbered,plain,3393,وزينتها,3,77800
numbered,plain,3394,شاهد,3,77800
numbered,plain,3395,يعرضون,3,77800
numbered,plain,3396,كاذبين,3,77800
numbered,plain,3397,مغرقون,3,77800
numbered,plain,3398,يخزيه,3,77800
numbered,plain,3399,وأهلك,3,77800
numbered,plain,3400,بسلام,3,77800
numbered,plain,3401,فطرني,3,77800
numbered,plain,3402,جبار,3,77800
numbered,plain,3403,عنيد,3,77800
numbered,plain,3404,فعقروها,3,77800
numbered,plain,3405,تمتعوا,3,77800
numbered,plain,3406,القوي,3,77800
numbered,plain,3407,خيفة,3,77800
numbered,plain,3408,فأسر,3,77800
numbered,plain,3409,بأهلك,3,77800
numbered,plain,3410,سجيل,3,77800
numbered,plain,3411,نفعل,3,77800
numbered,plain,3412,وسلطان,3,77800
numbered,plain,3413,ظلمناهم,3,77800
numbered,plain,3414,تطغوا,3,77800
numbered,plain,3415,تنصرون,3,77800
numbered,plain,3416,وأقم,3,77800
numbered,plain,3417,عاملون,3,77800
numbered,plain,3418,الأحاديث,3,77800
numbered,plain,3419,عصبة,3,77800
numbered,plain,3420,قائل,3,77800
numbered,plain,3421,لحافظون,3,77800
numbered,plain,3422,الذئب,3,77800
numbered,plain,3423,سولت,3,77800
numbered,plain,3424,وجاءت,3,77800
numbered,plain,3425,مصر,3,77800
numbered,plain,3426,مكنا,3,77800
numbered,plain,3427,دبر,3,77800
numbered,plain,3428,لذنبك,3,77800
numbered,plain,3429,أيديهن,3,77800
numbered,plain,3430,ودخل,3,77800
numbered,plain,3431,بتأويله,3,77800
numbered,plain,3432,ارجع,3,77800
numbered,plain,3433,كيل,3,77800
numbered,plain,3434,انقلبوا,3,77800
numbered,plain,3435,أهلهم,3,77800
numbered,plain,3436,المتوكلون,3,77800
numbered,plain,3437,حاجة,3,77800
numbered,plain,3438,جزاؤه,3,77800
numbered,plain,3439,يأذن,3,77800
numbered,plain,3440,ارجعوا,3,77800
numbered,plain,3441,حافظين,3,77800
numbered,plain,3442,كظيم,3,77800
numbered,plain,3443,روح,3,77800
numbered,plain,3444,يجزي,3,77800
numbered,plain,3445,أدعو,3,77800
numbered,plain,3446,عمد,3,77800
numbered,plain,3447,ترونها,3,77800
numbered,plain,3448,الأغلال,3,77800
numbered,plain,3449,ويستعجلونك,3,77800
numbered,plain,3450,يريكم,3,77800
numbered,plain,3451,يسجد,3,77800
numbered,plain,3452,جعلوا,3,77800
numbered,plain,3453,حلية,3,77800
numbered,plain,3454,ويخافون,3,77800
numbered,plain,3455,يدخلونها,3,77800
numbered,plain,3456,اللعنة,3,77800
numbered,plain,3457,أناب,3,77800
numbered,plain,3458,بذكر,3,77800
numbered,plain,3459,بالرحمن,3,77800
numbered,plain,3460,تصيبهم,3,77800
numbered,plain,3461,واق,3,77800
numbered,plain,3462,أرضنا,3,77800
numbered,plain,3463,فأوحى,3,77800
numbered,plain,3464,وعيد,3,77800
numbered,plain,3465,البعيد,3,77800
numbered,plain,3466,القرار,3,77800
numbered,plain,3467,فاجعل,3,77800
numbered,plain,3468,إسماعيل,3,77800
numbered,plain,3469,يؤخرهم,3,77800
numbered,plain,3470,مهطعين,3,77800
numbered,plain,3471,مكروا,3,77800
numbered,plain,3472,والسماوات,3,77800
numbered,plain,3473,وقرآن,3,77800
numbered,plain,3474,أجلها,3,77800
numbered,plain,3475,لمجنون,3,77800
numbered,plain,3476,لقالوا,3,77800
numbered,plain,3477,وأنبتنا,3,77800
numbered,plain,3478,نحيي,3,77800
numbered,plain,3479,حمإ,3,77800
numbered,plain,3480,مسنون,3,77800
numbered,plain,3481,أجمعون,3,77800
numbered,plain,3482,سبعة,3,77800
numbered,plain,3483,جئناك,3,77800
numbered,plain,3484,أدبارهم,3,77800
numbered,plain,3485,متعنا,3,77800
numbered,plain,3486,واخفض,3,77800
numbered,plain,3487,أنك,3,77800
numbered,plain,3488,أنذروا,3,77800
numbered,plain,3489,تعالى,3,77800
numbered,plain,3490,تميد,3,77800
numbered,plain,3491,تسرون,3,77800
numbered,plain,3492,تعلنون,3,77800
numbered,plain,3493,فألقوا,3,77800
numbered,plain,3494,المتكبرين,3,77800
numbered,plain,3495,يخسف,3,77800
numbered,plain,3496,ليكفروا,3,77800
numbered,plain,3497,ويجعلون,3,77800
numbered,plain,3498,ظل,3,77800
numbered,plain,3499,للشاربين,3,77800
numbered,plain,3500,فضلوا,3,77800
numbered,plain,3501,ومتاعا,3,77800
numbered,plain,3502,نبعث,3,77800
numbered,plain,3503,يستعتبون,3,77800
numbered,plain,3504,يفسدون,3,77800
numbered,plain,3505,ونزلنا,3,77800
numbered,plain,3506,وإيتاء,3,77800
numbered,plain,3507,والمنكر,3,77800
numbered,plain,3508,ولنجزينهم,3,77800
numbered,plain,3509,الكاذبون,3,77800
numbered,plain,3510,تأتي,3,77800
numbered,plain,3511,وجعلناه,3,77800
numbered,plain,3512,دوني,3,77800
numbered,plain,3513,شكورا,3,77800
numbered,plain,3514,مبصرة,3,77800
numbered,plain,3515,اقرأ,3,77800
numbered,plain,3516,العاجلة,3,77800
numbered,plain,3517,أف,3,77800
numbered,plain,3518,الذل,3,77800
numbered,plain,3519,أوحى,3,77800
numbered,plain,3520,ليذكروا,3,77800
numbered,plain,3521,حليما,3,77800
numbered,plain,3522,مسحورا,3,77800
numbered,plain,3523,تحويلا,3,77800
numbered,plain,3524,الرؤيا,3,77800
numbered,plain,3525,خسارا,3,77800
numbered,plain,3526,أنعمنا,3,77800
numbered,plain,3527,فأبى,3,77800
numbered,plain,3528,تسع,3,77800
numbered,plain,3529,تدعوا,3,77800
numbered,plain,3530,عددا,3,77800
numbered,plain,3531,فرارا,3,77800
numbered,plain,3532,كلبهم,3,77800
numbered,plain,3533,نسيت,3,77800
numbered,plain,3534,تريد,3,77800
numbered,plain,3535,كالمهل,3,77800
numbered,plain,3536,سندس,3,77800
numbered,plain,3537,وإستبرق,3,77800
numbered,plain,3538,واضرب,3,77800
numbered,plain,3539,زرعا,3,77800
numbered,plain,3540,تظلم,3,77800
numbered,plain,3541,وفجرنا,3,77800
numbered,plain,3542,أظن,3,77800
numbered,plain,3543,وخير,3,77800
numbered,plain,3544,ووضع,3,77800
numbered,plain,3545,مشفقين,3,77800
numbered,plain,3546,نسيا,3,77800
numbered,plain,3547,الحوت,3,77800
numbered,plain,3548,ستجدني,3,77800
numbered,plain,3549,فانطلقا,3,77800
numbered,plain,3550,السفينة,3,77800
numbered,plain,3551,نكرا,3,77800
numbered,plain,3552,القرنين,3,77800
numbered,plain,3553,ووجد,3,77800
numbered,plain,3554,سدا,3,77800
numbered,plain,3555,الحديد,3,77800
numbered,plain,3556,جمعا,3,77800
numbered,plain,3557,شقيا,3,77800
numbered,plain,3558,فخرج,3,77800
numbered,plain,3559,تقيا,3,77800
numbered,plain,3560,جبارا,3,77800
numbered,plain,3561,وسلام,3,77800
numbered,plain,3562,روحنا,3,77800
numbered,plain,3563,مت,3,77800
numbered,plain,3564,أمك,3,77800
numbered,plain,3565,بالصلاة,3,77800
numbered,plain,3566,وإلينا,3,77800
numbered,plain,3567,تعبد,3,77800
numbered,plain,3568,جاءني,3,77800
numbered,plain,3569,يمسك,3,77800
numbered,plain,3570,تنته,3,77800
numbered,plain,3571,الأيمن,3,77800
numbered,plain,3572,لغوا,3,77800
numbered,plain,3573,واصطبر,3,77800
numbered,plain,3574,فردا,3,77800
numbered,plain,3575,تكاد,3,77800
numbered,plain,3576,وهل,3,77800
numbered,plain,3577,لأهله,3,77800
numbered,plain,3578,آنست,3,77800
numbered,plain,3579,بالواد,3,77800
numbered,plain,3580,تسعى,3,77800
numbered,plain,3581,أدلكم,3,77800
numbered,plain,3582,تقر,3,77800
numbered,plain,3583,فقولا,3,77800
numbered,plain,3584,لعله,3,77800
numbered,plain,3585,خاب,3,77800
numbered,plain,3586,يمينك,3,77800
numbered,plain,3587,بعبادي,3,77800
numbered,plain,3588,ولكنا,3,77800
numbered,plain,3589,يحمل,3,77800
numbered,plain,3590,تنفع,3,77800
numbered,plain,3591,الصحف,3,77800
numbered,plain,3592,فستعلمون,3,77800
numbered,plain,3593,شاعر,3,77800
numbered,plain,3594,فسبحان,3,77800
numbered,plain,3595,فاعبدون,3,77800
numbered,plain,3596,مكرمون,3,77800
numbered,plain,3597,ارتضى,3,77800
numbered,plain,3598,فذلك,3,77800
numbered,plain,3599,وآباءهم,3,77800
numbered,plain,3600,عابدين,3,77800
numbered,plain,3601,يقال,3,77800
numbered,plain,3602,الكرب,3,77800
numbered,plain,3603,ومثلهم,3,77800
numbered,plain,3604,وذا,3,77800
numbered,plain,3605,الوارثين,3,77800
numbered,plain,3606,وجعلناها,3,77800
numbered,plain,3607,البعث,3,77800
numbered,plain,3608,ينصره,3,77800
numbered,plain,3609,نذقه,3,77800
numbered,plain,3610,تشرك,3,77800
numbered,plain,3611,جعلناها,3,77800
numbered,plain,3612,نصرهم,3,77800
numbered,plain,3613,لقوي,3,77800
numbered,plain,3614,يكذبوك,3,77800
numbered,plain,3615,معاجزين,3,77800
numbered,plain,3616,تمنى,3,77800
numbered,plain,3617,يلقي,3,77800
numbered,plain,3618,لعلى,3,77800
numbered,plain,3619,ليكون,3,77800
numbered,plain,3620,لقادرون,3,77800
numbered,plain,3621,انصرني,3,77800
numbered,plain,3622,كذبون,3,77800
numbered,plain,3623,أنشأنا,3,77800
numbered,plain,3624,وقلوبهم,3,77800
numbered,plain,3625,ينطق,3,77800
numbered,plain,3626,وآباؤنا,3,77800
numbered,plain,3627,ورائهم,3,77800
numbered,plain,3628,نفخ,3,77800
numbered,plain,3629,سخريا,3,77800
numbered,plain,3630,الكريم,3,77800
numbered,plain,3631,يدع,3,77800
numbered,plain,3632,يرمون,3,77800
numbered,plain,3633,أربع,3,77800
numbered,plain,3634,زينتهن,3,77800
numbered,plain,3635,أيه,3,77800
numbered,plain,3636,مبينات,3,77800
numbered,plain,3637,كأنها,3,77800
numbered,plain,3638,مباركة,3,77800
numbered,plain,3639,يضعن,3,77800
numbered,plain,3640,نشورا,3,77800
numbered,plain,3641,يلقى,3,77800
numbered,plain,3642,فجعلناه,3,77800
numbered,plain,3643,اتخذت,3,77800
numbered,plain,3644,ضربنا,3,77800
numbered,plain,3645,الظل,3,77800
numbered,plain,3646,فجعله,3,77800
numbered,plain,3647,سراجا,3,77800
numbered,plain,3648,مروا,3,77800
numbered,plain,3649,نشأ,3,77800
numbered,plain,3650,سيهدين,3,77800
numbered,plain,3651,بقلب,3,77800
numbered,plain,3652,ونجني,3,77800
numbered,plain,3653,المشحون,3,77800
numbered,plain,3654,بمعذبين,3,77800
numbered,plain,3655,وتذرون,3,77800
numbered,plain,3656,الأمين,3,77800
numbered,plain,3657,يستعجلون,3,77800
numbered,plain,3658,ولى,3,77800
numbered,plain,3659,يوزعون,3,77800
numbered,plain,3660,ألقي,3,77800
numbered,plain,3661,يشكر,3,77800
numbered,plain,3662,أمه,3,77800
numbered,plain,3663,شيعته,3,77800
numbered,plain,3664,قتلت,3,77800
numbered,plain,3665,فأخذناه,3,77800
numbered,plain,3666,أعرضوا,3,77800
numbered,plain,3667,ليت,3,77800
numbered,plain,3668,يلقاها,3,77800
numbered,plain,3669,وليعلمن,3,77800
numbered,plain,3670,حسب,3,77800
numbered,plain,3671,ووصينا,3,77800
numbered,plain,3672,يبدئ,3,77800
numbered,plain,3673,النشأة,3,77800
numbered,plain,3674,يجحد,3,77800
numbered,plain,3675,كفره,3,77800
numbered,plain,3676,مصفرا,3,77800
numbered,plain,3677,فبشره,3,77800
numbered,plain,3678,يعرج,3,77800
numbered,plain,3679,منتقمون,3,77800
numbered,plain,3680,أمهاتهم,3,77800
numbered,plain,3681,فأحبط,3,77800
numbered,plain,3682,أسوة,3,77800
numbered,plain,3683,زادهم,3,77800
numbered,plain,3684,أمسك,3,77800
numbered,plain,3685,شاهدا,3,77800
numbered,plain,3686,ومبشرا,3,77800
numbered,plain,3687,أفاء,3,77800
numbered,plain,3688,يدريك,3,77800
numbered,plain,3689,لعل,3,77800
numbered,plain,3690,وقدر,3,77800
numbered,plain,3691,وقليل,3,77800
numbered,plain,3692,جنتان,3,77800
numbered,plain,3693,شرك,3,77800
numbered,plain,3694,أروني,3,77800
numbered,plain,3695,تضع,3,77800
numbered,plain,3696,مقتا,3,77800
numbered,plain,3697,جميع,3,77800
numbered,plain,3698,الأجداث,3,77800
numbered,plain,3699,بقادر,3,77800
numbered,plain,3700,أهم,3,77800
numbered,plain,3701,خلقناهم,3,77800
numbered,plain,3702,معين,3,77800
numbered,plain,3703,قاصرات,3,77800
numbered,plain,3704,الطرف,3,77800
numbered,plain,3705,مكنون,3,77800
numbered,plain,3706,البطون,3,77800
numbered,plain,3707,منذرين,3,77800
numbered,plain,3708,فراغ,3,77800
numbered,plain,3709,فكفروا,3,77800
numbered,plain,3710,فتول,3,77800
numbered,plain,3711,الغفار,3,77800
numbered,plain,3712,حطاما,3,77800
numbered,plain,3713,جاءوها,3,77800
numbered,plain,3714,خزنتها,3,77800
numbered,plain,3715,أمرها,3,77800
numbered,plain,3716,صاعقة,3,77800
numbered,plain,3717,الجمع,3,77800
numbered,plain,3718,الجوار,3,77800
numbered,plain,3719,بذلك,3,77800
numbered,plain,3720,يضحكون,3,77800
numbered,plain,3721,وأكواب,3,77800
numbered,plain,3722,يلاقوا,3,77800
numbered,plain,3723,يعرض,3,77800
numbered,plain,3724,وأنهار,3,77800
numbered,plain,3725,حميما,3,77800
numbered,plain,3726,فأولى,3,77800
numbered,plain,3727,يبخل,3,77800
numbered,plain,3728,لتؤمنوا,3,77800
numbered,plain,3729,مؤمنات,3,77800
numbered,plain,3730,فأصلحوا,3,77800
numbered,plain,3731,معتد,3,77800
numbered,plain,3732,لواقع,3,77800
numbered,plain,3733,تذر,3,77800
numbered,plain,3734,لحكم,3,77800
numbered,plain,3735,والأولى,3,77800
numbered,plain,3736,بالحسنى,3,77800
numbered,plain,3737,صحف,3,77800
numbered,plain,3738,سيعلمون,3,77800
numbered,plain,3739,الميزان,3,77800
numbered,plain,3740,إنس,3,77800
numbered,plain,3741,الميمنة,3,77800
numbered,plain,3742,المشأمة,3,77800
numbered,plain,3743,وفاكهة,3,77800
numbered,plain,3744,مرفوعة,3,77800
numbered,plain,3745,مسكينا,3,77800
numbered,plain,3746,الحاقة,3,77800
numbered,plain,3747,لقول,3,77800
numbered,plain,3748,بقول,3,77800
numbered,plain,3749,للبشر,3,77800
numbered,plain,3750,بالدين,3,77800
numbered,plain,3751,يره,3,77800
numbered,plain,3752,القدر,3,77800
numbered,plain,3753,القارعة,3,77800
numbered,plain,3754,ويقيمون,2,77800
numbered,plain,3755,أأنذرتهم,2,77800
numbered,plain,3756,تنذرهم,2,77800
numbered,plain,3757,غشاوة,2,77800
numbered,plain,3758,يخادعون,2,77800
numbered,plain,3759,فزادهم,2,77800
numbered,plain,3760,مصلحون,2,77800
numbered,plain,3761,لقوا,2,77800
numbered,plain,3762,يجعلون,2,77800
numbered,plain,3763,أصابعهم,2,77800
numbered,plain,3764,الصواعق,2,77800
numbered,plain,3765,حذر,2,77800
numbered,plain,3766,لذهب,2,77800
numbered,plain,3767,بسورة,2,77800
numbered,plain,3768,شهداءكم,2,77800
numbered,plain,3769,وقودها,2,77800
numbered,plain,3770,والحجارة,2,77800
numbered,plain,3771,وأتوا,2,77800
numbered,plain,3772,يستحيي,2,77800
numbered,plain,3773,ميثاقه,2,77800
numbered,plain,3774,ويقطعون,2,77800
numbered,plain,3775,ويفسدون,2,77800
numbered,plain,3776,أمواتا,2,77800
numbered,plain,3777,جاعل,2,77800
numbered,plain,3778,خليفة,2,77800
numbered,plain,3779,وعلم,2,77800
numbered,plain,3780,بأسمائهم,2,77800
numbered,plain,3781,اسكن,2,77800
numbered,plain,3782,وزوجك,2,77800
numbered,plain,3783,شئتما,2,77800
numbered,plain,3784,تقربا,2,77800
numbered,plain,3785,فتكونا,2,77800
numbered,plain,3786,كانا,2,77800
numbered,plain,3787,فتلقى,2,77800
numbered,plain,3788,هداي,2,77800
numbered,plain,3789,فارهبون,2,77800
numbered,plain,3790,الراكعين,2,77800
numbered,plain,3791,بالبر,2,77800
numbered,plain,3792,وتنسون,2,77800
numbered,plain,3793,وإنها,2,77800
numbered,plain,3794,لكبيرة,2,77800
numbered,plain,3795,وأني,2,77800
numbered,plain,3796,فضلتكم,2,77800
numbered,plain,3797,تجزي,2,77800
numbered,plain,3798,والفرقان,2,77800
numbered,plain,3799,ظلمتم,2,77800
numbered,plain,3800,بارئكم,2,77800
numbered,plain,3801,فاقتلوا,2,77800
numbered,plain,3802,وظللنا,2,77800
numbered,plain,3803,ظلمونا,2,77800
numbered,plain,3804,حطة,2,77800
numbered,plain,3805,نغفر,2,77800
numbered,plain,3806,خطاياكم,2,77800
numbered,plain,3807,فبدل,2,77800
numbered,plain,3808,اثنتا,2,77800
numbered,plain,3809,مشربهم,2,77800
numbered,plain,3810,فادع,2,77800
numbered,plain,3811,وضربت,2,77800
numbered,plain,3812,الذلة,2,77800
numbered,plain,3813,وباءوا,2,77800
numbered,plain,3814,والصابئين,2,77800
numbered,plain,3815,قردة,2,77800
numbered,plain,3816,خاسئين,2,77800
numbered,plain,3817,فجعلناها,2,77800
numbered,plain,3818,نكالا,2,77800
numbered,plain,3819,تؤمرون,2,77800
numbered,plain,3820,لونها,2,77800
numbered,plain,3821,تشابه,2,77800
numbered,plain,3822,لمهتدون,2,77800
numbered,plain,3823,ويريكم,2,77800
numbered,plain,3824,قست,2,77800
numbered,plain,3825,خلا,2,77800
numbered,plain,3826,فتح,2,77800
numbered,plain,3827,أماني,2,77800
numbered,plain,3828,كتبت,2,77800
numbered,plain,3829,تمسنا,2,77800
numbered,plain,3830,تظاهرون,2,77800
numbered,plain,3831,يردون,2,77800
numbered,plain,3832,وأيدناه,2,77800
numbered,plain,3833,كذبتم,2,77800
numbered,plain,3834,غلف,2,77800
numbered,plain,3835,عرفوا,2,77800
numbered,plain,3836,أنبياء,2,77800
numbered,plain,3837,وعصينا,2,77800
numbered,plain,3838,فتمنوا,2,77800
numbered,plain,3839,نزله,2,77800
numbered,plain,3840,وجبريل,2,77800
numbered,plain,3841,يفرقون,2,77800
numbered,plain,3842,اشتراه,2,77800
numbered,plain,3843,يختص,2,77800
numbered,plain,3844,برحمته,2,77800
numbered,plain,3845,رسولكم,2,77800
numbered,plain,3846,ود,2,77800
numbered,plain,3847,كفارا,2,77800
numbered,plain,3848,تجدوه,2,77800
numbered,plain,3849,ليست,2,77800
numbered,plain,3850,وسعى,2,77800
numbered,plain,3851,يدخلوها,2,77800
numbered,plain,3852,قانتون,2,77800
numbered,plain,3853,بديع,2,77800
numbered,plain,3854,ترضى,2,77800
numbered,plain,3855,ملتهم,2,77800
numbered,plain,3856,بكلمات,2,77800
numbered,plain,3857,ينال,2,77800
numbered,plain,3858,للطائفين,2,77800
numbered,plain,3859,والركع,2,77800
numbered,plain,3860,يرفع,2,77800
numbered,plain,3861,القواعد,2,77800
numbered,plain,3862,واجعلنا,2,77800
numbered,plain,3863,وتب,2,77800
numbered,plain,3864,وابعث,2,77800
numbered,plain,3865,أسلمت,2,77800
numbered,plain,3866,تموتن,2,77800
numbered,plain,3867,إلهك,2,77800
numbered,plain,3868,وإله,2,77800
numbered,plain,3869,تهتدوا,2,77800
numbered,plain,3870,قولوا,2,77800
numbered,plain,3871,النبيون,2,77800
numbered,plain,3872,صبغة,2,77800
numbered,plain,3873,قبلتهم,2,77800
numbered,plain,3874,جعلناكم,2,77800
numbered,plain,3875,لتكونوا,2,77800
numbered,plain,3876,وحيث,2,77800
numbered,plain,3877,فولوا,2,77800
numbered,plain,3878,شطره,2,77800
numbered,plain,3879,بتابع,2,77800
numbered,plain,3880,يعرفونه,2,77800
numbered,plain,3881,خرجت,2,77800
numbered,plain,3882,تخشوهم,2,77800
numbered,plain,3883,استعينوا,2,77800
numbered,plain,3884,أموات,2,77800
numbered,plain,3885,ولنبلونكم,2,77800
numbered,plain,3886,ونقص,2,77800
numbered,plain,3887,أصابتهم,2,77800
numbered,plain,3888,حج,2,77800
numbered,plain,3889,يطوف,2,77800
numbered,plain,3890,تطوع,2,77800
numbered,plain,3891,وإلهكم,2,77800
numbered,plain,3892,والفلك,2,77800
numbered,plain,3893,وتصريف,2,77800
numbered,plain,3894,تبرأ,2,77800
numbered,plain,3895,حسرات,2,77800
numbered,plain,3896,بخارجين,2,77800
numbered,plain,3897,والفحشاء,2,77800
numbered,plain,3898,يزكيهم,2,77800
numbered,plain,3899,حبه,2,77800
numbered,plain,3900,ذوي,2,77800
numbered,plain,3901,وأقام,2,77800
numbered,plain,3902,البأساء,2,77800
numbered,plain,3903,البأس,2,77800
numbered,plain,3904,القصاص,2,77800
numbered,plain,3905,بالأنثى,2,77800
numbered,plain,3906,الوصية,2,77800
numbered,plain,3907,بدله,2,77800
numbered,plain,3908,سمعه,2,77800
numbered,plain,3909,فعدة,2,77800
numbered,plain,3910,أخر,2,77800
numbered,plain,3911,مسكين,2,77800
numbered,plain,3912,العدة,2,77800
numbered,plain,3913,فليستجيبوا,2,77800
numbered,plain,3914,الخيط,2,77800
numbered,plain,3915,عاكفون,2,77800
numbered,plain,3916,المساجد,2,77800
numbered,plain,3917,لتأكلوا,2,77800
numbered,plain,3918,ظهورها,2,77800
numbered,plain,3919,ثقفتموهم,2,77800
numbered,plain,3920,والفتنة,2,77800
numbered,plain,3921,قاتلوكم,2,77800
numbered,plain,3922,وقاتلوهم,2,77800
numbered,plain,3923,عدوان,2,77800
numbered,plain,3924,قصاص,2,77800
numbered,plain,3925,بأيديكم,2,77800
numbered,plain,3926,وأحسنوا,2,77800
numbered,plain,3927,استيسر,2,77800
numbered,plain,3928,رءوسكم,2,77800
numbered,plain,3929,محله,2,77800
numbered,plain,3930,تمتع,2,77800
numbered,plain,3931,رجعتم,2,77800
numbered,plain,3932,كاملة,2,77800
numbered,plain,3933,معلومات,2,77800
numbered,plain,3934,فسوق,2,77800
numbered,plain,3935,تبتغوا,2,77800
numbered,plain,3936,أفضتم,2,77800
numbered,plain,3937,أفيضوا,2,77800
numbered,plain,3938,قضيتم,2,77800
numbered,plain,3939,وقنا,2,77800
numbered,plain,3940,تأخر,2,77800
numbered,plain,3941,قوله,2,77800
numbered,plain,3942,الخصام,2,77800
numbered,plain,3943,اتق,2,77800
numbered,plain,3944,أخذته,2,77800
numbered,plain,3945,ويسخرون,2,77800
numbered,plain,3946,فبعث,2,77800
numbered,plain,3947,اختلف,2,77800
numbered,plain,3948,وزلزلوا,2,77800
numbered,plain,3949,وعسى,2,77800
numbered,plain,3950,قتال,2,77800
numbered,plain,3951,وصد,2,77800
numbered,plain,3952,والمسجد,2,77800
numbered,plain,3953,يزالون,2,77800
numbered,plain,3954,دينه,2,77800
numbered,plain,3955,العفو,2,77800
numbered,plain,3956,إصلاح,2,77800
numbered,plain,3957,مشركة,2,77800
numbered,plain,3958,أعجبتكم,2,77800
numbered,plain,3959,مشرك,2,77800
numbered,plain,3960,ويبين,2,77800
numbered,plain,3961,حرثكم,2,77800
numbered,plain,3962,الطلاق,2,77800
numbered,plain,3963,يتربصن,2,77800
numbered,plain,3964,بأنفسهن,2,77800
numbered,plain,3965,إصلاحا,2,77800
numbered,plain,3966,ولهن,2,77800
numbered,plain,3967,تأخذوا,2,77800
numbered,plain,3968,يتعد,2,77800
numbered,plain,3969,طلقها,2,77800
numbered,plain,3970,تحل,2,77800
numbered,plain,3971,فبلغن,2,77800
numbered,plain,3972,ضرارا,2,77800
numbered,plain,3973,تعضلوهن,2,77800
numbered,plain,3974,يوعظ,2,77800
numbered,plain,3975,وأطهر,2,77800
numbered,plain,3976,أولادهن,2,77800
numbered,plain,3977,الرضاعة,2,77800
numbered,plain,3978,تكلف,2,77800
numbered,plain,3979,مولود,2,77800
numbered,plain,3980,تراض,2,77800
numbered,plain,3981,يتوفون,2,77800
numbered,plain,3982,بلغن,2,77800
numbered,plain,3983,فعلن,2,77800
numbered,plain,3984,أنفسهن,2,77800
numbered,plain,3985,أجله,2,77800
numbered,plain,3986,طلقتموهن,2,77800
numbered,plain,3987,فرضتم,2,77800
numbered,plain,3988,يعفو,2,77800
numbered,plain,3989,موتوا,2,77800
numbered,plain,3990,يقرض,2,77800
numbered,plain,3991,فيضاعفه,2,77800
numbered,plain,3992,أضعافا,2,77800
numbered,plain,3993,الملإ,2,77800
numbered,plain,3994,نقاتل,2,77800
numbered,plain,3995,عسيتم,2,77800
numbered,plain,3996,تقاتلوا,2,77800
numbered,plain,3997,نبيهم,2,77800
numbered,plain,3998,طالوت,2,77800
numbered,plain,3999,سعة,2,77800
numbered,plain,4000,بسطة,2,77800
numbered,plain,4001,التابوت,2,77800
numbered,plain,4002,تحمله,2,77800
numbered,plain,4003,يطعمه,2,77800
numbered,plain,4004,طاقة,2,77800
numbered,plain,4005,برزوا,2,77800
numbered,plain,4006,وثبت,2,77800
numbered,plain,4007,وانصرنا,2,77800
numbered,plain,4008,دفع,2,77800
numbered,plain,4009,لفسدت,2,77800
numbered,plain,4010,كلم,2,77800
numbered,plain,4011,اقتتلوا,2,77800
numbered,plain,4012,يحيطون,2,77800
numbered,plain,4013,كرسيه,2,77800
numbered,plain,4014,ويؤمن,2,77800
numbered,plain,4015,استمسك,2,77800
numbered,plain,4016,بالعروة,2,77800
numbered,plain,4017,الوثقى,2,77800
numbered,plain,4018,أولياؤهم,2,77800
numbered,plain,4019,آتاه,2,77800
numbered,plain,4020,أرني,2,77800
numbered,plain,4021,جزءا,2,77800
numbered,plain,4022,تبطلوا,2,77800
numbered,plain,4023,رئاء,2,77800
numbered,plain,4024,فمثله,2,77800
numbered,plain,4025,تنفقون,2,77800
numbered,plain,4026,نفقة,2,77800
numbered,plain,4027,يوف,2,77800
numbered,plain,4028,ضربا,2,77800
numbered,plain,4029,وأحل,2,77800
numbered,plain,4030,تبتم,2,77800
numbered,plain,4031,رءوس,2,77800
numbered,plain,4032,توفى,2,77800
numbered,plain,4033,يأب,2,77800
numbered,plain,4034,يكتب,2,77800
numbered,plain,4035,وليتق,2,77800
numbered,plain,4036,يستطيع,2,77800
numbered,plain,4037,رجالكم,2,77800
numbered,plain,4038,الشهداء,2,77800
numbered,plain,4039,تضل,2,77800
numbered,plain,4040,صغيرا,2,77800
numbered,plain,4041,أقسط,2,77800
numbered,plain,4042,حاضرة,2,77800
numbered,plain,4043,وأشهدوا,2,77800
numbered,plain,4044,الشهادة,2,77800
numbered,plain,4045,يكلف,2,77800
numbered,plain,4046,قبلنا,2,77800
numbered,plain,4047,مولانا,2,77800
numbered,plain,4048,فيتبعون,2,77800
numbered,plain,4049,وابتغاء,2,77800
numbered,plain,4050,فئتين,2,77800
numbered,plain,4051,حب,2,77800
numbered,plain,4052,الذهب,2,77800
numbered,plain,4053,والفضة,2,77800
numbered,plain,4054,والخيل,2,77800
numbered,plain,4055,والصادقين,2,77800
numbered,plain,4056,والقانتين,2,77800
numbered,plain,4057,وجهي,2,77800
numbered,plain,4058,ووفيت,2,77800
numbered,plain,4059,تؤتي,2,77800
numbered,plain,4060,بيدك,2,77800
numbered,plain,4061,وتخرج,2,77800
numbered,plain,4062,تتقوا,2,77800
numbered,plain,4063,ويحذركم,2,77800
numbered,plain,4064,بينها,2,77800
numbered,plain,4065,فاتبعوني,2,77800
numbered,plain,4066,نذرت,2,77800
numbered,plain,4067,فتقبل,2,77800
numbered,plain,4068,وضعتها,2,77800
numbered,plain,4069,الرجيم,2,77800
numbered,plain,4070,نباتا,2,77800
numbered,plain,4071,دخل,2,77800
numbered,plain,4072,يصلي,2,77800
numbered,plain,4073,يبشرك,2,77800
numbered,plain,4074,بكلمة,2,77800
numbered,plain,4075,آيتك,2,77800
numbered,plain,4076,والإبكار,2,77800
numbered,plain,4077,لربك,2,77800
numbered,plain,4078,نوحيه,2,77800
numbered,plain,4079,وجيها,2,77800
numbered,plain,4080,وكهلا,2,77800
numbered,plain,4081,يمسسني,2,77800
numbered,plain,4082,والتوراة,2,77800
numbered,plain,4083,كهيئة,2,77800
numbered,plain,4084,الأكمه,2,77800
numbered,plain,4085,والأبرص,2,77800
numbered,plain,4086,ومصدقا,2,77800
numbered,plain,4087,أنصاري,2,77800
numbered,plain,4088,واشهد,2,77800
numbered,plain,4089,بأنا,2,77800
numbered,plain,4090,فاكتبنا,2,77800
numbered,plain,4091,الماكرين,2,77800
numbered,plain,4092,فيوفيهم,2,77800
numbered,plain,4093,بالمفسدين,2,77800
numbered,plain,4094,فقولوا,2,77800
numbered,plain,4095,تحاجون,2,77800
numbered,plain,4096,مسلما,2,77800
numbered,plain,4097,يؤتى,2,77800
numbered,plain,4098,بيد,2,77800
numbered,plain,4099,تأمنه,2,77800
numbered,plain,4100,يؤده,2,77800
numbered,plain,4101,الأميين,2,77800
numbered,plain,4102,بعهده,2,77800
numbered,plain,4103,واتقى,2,77800
numbered,plain,4104,عبادا,2,77800
numbered,plain,4105,تدرسون,2,77800
numbered,plain,4106,وكرها,2,77800
numbered,plain,4107,ازدادوا,2,77800
numbered,plain,4108,فاتبعوا,2,77800
numbered,plain,4109,وفيكم,2,77800
numbered,plain,4110,بحبل,2,77800
numbered,plain,4111,فأصبحتم,2,77800
numbered,plain,4112,إخوانا,2,77800
numbered,plain,4113,شفا,2,77800
numbered,plain,4114,وتؤمنون,2,77800
numbered,plain,4115,ثقفوا,2,77800
numbered,plain,4116,ليسوا,2,77800
numbered,plain,4117,يفعلوا,2,77800
numbered,plain,4118,بالمتقين,2,77800
numbered,plain,4119,خبالا,2,77800
numbered,plain,4120,عنتم,2,77800
numbered,plain,4121,بدت,2,77800
numbered,plain,4122,تخفي,2,77800
numbered,plain,4123,أولاء,2,77800
numbered,plain,4124,تسؤهم,2,77800
numbered,plain,4125,مقاعد,2,77800
numbered,plain,4126,همت,2,77800
numbered,plain,4127,طائفتان,2,77800
numbered,plain,4128,آلاف,2,77800
numbered,plain,4129,منزلين,2,77800
numbered,plain,4130,ولتطمئن,2,77800
numbered,plain,4131,ليقطع,2,77800
numbered,plain,4132,وجنة,2,77800
numbered,plain,4133,عرضها,2,77800
numbered,plain,4134,فاستغفروا,2,77800
numbered,plain,4135,الذنوب,2,77800
numbered,plain,4136,سنن,2,77800
numbered,plain,4137,فسيروا,2,77800
numbered,plain,4138,الأعلون,2,77800
numbered,plain,4139,قرح,2,77800
numbered,plain,4140,الأيام,2,77800
numbered,plain,4141,ويتخذ,2,77800
numbered,plain,4142,وليمحص,2,77800
numbered,plain,4143,تمنون,2,77800
numbered,plain,4144,أفإن,2,77800
numbered,plain,4145,مات,2,77800
numbered,plain,4146,انقلبتم,2,77800
numbered,plain,4147,تموت,2,77800
numbered,plain,4148,استكانوا,2,77800
numbered,plain,4149,فتنقلبوا,2,77800
numbered,plain,4150,سنلقي,2,77800
numbered,plain,4151,أمنة,2,77800
numbered,plain,4152,قتلنا,2,77800
numbered,plain,4153,لإلى,2,77800
numbered,plain,4154,فاعف,2,77800
numbered,plain,4155,فتوكل,2,77800
numbered,plain,4156,باء,2,77800
numbered,plain,4157,أصابتكم,2,77800
numbered,plain,4158,فبإذن,2,77800
numbered,plain,4159,نافقوا,2,77800
numbered,plain,4160,يرزقون,2,77800
numbered,plain,4161,يلحقوا,2,77800
numbered,plain,4162,يخوف,2,77800
numbered,plain,4163,أولياءه,2,77800
numbered,plain,4164,نملي,2,77800
numbered,plain,4165,ليزدادوا,2,77800
numbered,plain,4166,يجتبي,2,77800
numbered,plain,4167,بخلوا,2,77800
numbered,plain,4168,ميراث,2,77800
numbered,plain,4169,سمع,2,77800
numbered,plain,4170,فقير,2,77800
numbered,plain,4171,سنكتب,2,77800
numbered,plain,4172,وقتلهم,2,77800
numbered,plain,4173,ونقول,2,77800
numbered,plain,4174,يأتينا,2,77800
numbered,plain,4175,والزبر,2,77800
numbered,plain,4176,المنير,2,77800
numbered,plain,4177,أجوركم,2,77800
numbered,plain,4178,فاز,2,77800
numbered,plain,4179,يفرحون,2,77800
numbered,plain,4180,وقعودا,2,77800
numbered,plain,4181,جنوبهم,2,77800
numbered,plain,4182,باطلا,2,77800
numbered,plain,4183,فآمنا,2,77800
numbered,plain,4184,وتوفنا,2,77800
numbered,plain,4185,وأوذوا,2,77800
numbered,plain,4186,وقتلوا,2,77800
numbered,plain,4187,لأكفرن,2,77800
numbered,plain,4188,الثواب,2,77800
numbered,plain,4189,رقيبا,2,77800
numbered,plain,4190,وثلاث,2,77800
numbered,plain,4191,ورباع,2,77800
numbered,plain,4192,بلغوا,2,77800
numbered,plain,4193,فقيرا,2,77800
numbered,plain,4194,للرجال,2,77800
numbered,plain,4195,وللنساء,2,77800
numbered,plain,4196,مفروضا,2,77800
numbered,plain,4197,تركوا,2,77800
numbered,plain,4198,وليقولوا,2,77800
numbered,plain,4199,سديدا,2,77800
numbered,plain,4200,فلهن,2,77800
numbered,plain,4201,أبواه,2,77800
numbered,plain,4202,فلأمه,2,77800
numbered,plain,4203,الثلث,2,77800
numbered,plain,4204,وأبناؤكم,2,77800
numbered,plain,4205,الربع,2,77800
numbered,plain,4206,تركن,2,77800
numbered,plain,4207,تركتم,2,77800
numbered,plain,4208,أخ,2,77800
numbered,plain,4209,واللاتي,2,77800
numbered,plain,4210,شهدوا,2,77800
numbered,plain,4211,وآتيتم,2,77800
numbered,plain,4212,وأخواتكم,2,77800
numbered,plain,4213,محصنين,2,77800
numbered,plain,4214,مسافحين,2,77800
numbered,plain,4215,فآتوهن,2,77800
numbered,plain,4216,يستطع,2,77800
numbered,plain,4217,طولا,2,77800
numbered,plain,4218,ينكح,2,77800
numbered,plain,4219,فتياتكم,2,77800
numbered,plain,4220,أخدان,2,77800
numbered,plain,4221,ويهديكم,2,77800
numbered,plain,4222,تميلوا,2,77800
numbered,plain,4223,نكفر,2,77800
numbered,plain,4224,اكتسبوا,2,77800
numbered,plain,4225,واسألوا,2,77800
numbered,plain,4226,قانتات,2,77800
numbered,plain,4227,للغيب,2,77800
numbered,plain,4228,المضاجع,2,77800
numbered,plain,4229,فابعثوا,2,77800
numbered,plain,4230,والجار,2,77800
numbered,plain,4231,بالبخل,2,77800
numbered,plain,4232,باليوم,2,77800
numbered,plain,4233,قرينا,2,77800
numbered,plain,4234,ويؤت,2,77800
numbered,plain,4235,لدنه,2,77800
numbered,plain,4236,وعصوا,2,77800
numbered,plain,4237,سكارى,2,77800
numbered,plain,4238,جنبا,2,77800
numbered,plain,4239,الغائط,2,77800
numbered,plain,4240,لامستم,2,77800
numbered,plain,4241,فتيمموا,2,77800
numbered,plain,4242,فامسحوا,2,77800
numbered,plain,4243,بوجوهكم,2,77800
numbered,plain,4244,تضلوا,2,77800
numbered,plain,4245,واسمع,2,77800
numbered,plain,4246,بألسنتهم,2,77800
numbered,plain,4247,لعنا,2,77800
numbered,plain,4248,يزكي,2,77800
numbered,plain,4249,نقيرا,2,77800
numbered,plain,4250,بجهنم,2,77800
numbered,plain,4251,جلودهم,2,77800
numbered,plain,4252,سندخلهم,2,77800
numbered,plain,4253,تأويلا,2,77800
numbered,plain,4254,لوجدوا,2,77800
numbered,plain,4255,حرجا,2,77800
numbered,plain,4256,تسليما,2,77800
numbered,plain,4257,والصالحين,2,77800
numbered,plain,4258,حذركم,2,77800
numbered,plain,4259,نؤتيه,2,77800
numbered,plain,4260,تقاتلون,2,77800
numbered,plain,4261,والمستضعفين,2,77800
numbered,plain,4262,والنساء,2,77800
numbered,plain,4263,والولدان,2,77800
numbered,plain,4264,الظالم,2,77800
numbered,plain,4265,كفوا,2,77800
numbered,plain,4266,فمال,2,77800
numbered,plain,4267,يتدبرون,2,77800
numbered,plain,4268,الأمن,2,77800
numbered,plain,4269,يكف,2,77800
numbered,plain,4270,بأسا,2,77800
numbered,plain,4271,ردوها,2,77800
numbered,plain,4272,ليجمعنكم,2,77800
numbered,plain,4273,أصدق,2,77800
numbered,plain,4274,أتريدون,2,77800
numbered,plain,4275,فخذوهم,2,77800
numbered,plain,4276,وجدتموهم,2,77800
numbered,plain,4277,وألقوا,2,77800
numbered,plain,4278,لمؤمن,2,77800
numbered,plain,4279,خطأ,2,77800
numbered,plain,4280,شهرين,2,77800
numbered,plain,4281,متتابعين,2,77800
numbered,plain,4282,توبة,2,77800
numbered,plain,4283,متعمدا,2,77800
numbered,plain,4284,فعند,2,77800
numbered,plain,4285,ظالمي,2,77800
numbered,plain,4286,فيم,2,77800
numbered,plain,4287,وليأخذوا,2,77800
numbered,plain,4288,يصلوا,2,77800
numbered,plain,4289,أسلحتكم,2,77800
numbered,plain,4290,تألمون,2,77800
numbered,plain,4291,أراك,2,77800
numbered,plain,4292,تجادل,2,77800
numbered,plain,4293,يستخفون,2,77800
numbered,plain,4294,محيطا,2,77800
numbered,plain,4295,يستغفر,2,77800
numbered,plain,4296,يكسب,2,77800
numbered,plain,4297,يضلوك,2,77800
numbered,plain,4298,يشاقق,2,77800
numbered,plain,4299,ويتبع,2,77800
numbered,plain,4300,شيطانا,2,77800
numbered,plain,4301,لعنه,2,77800
numbered,plain,4302,ولآمرنهم,2,77800
numbered,plain,4303,يفتيكم,2,77800
numbered,plain,4304,تنكحوهن,2,77800
numbered,plain,4305,الولدان,2,77800
numbered,plain,4306,تقوموا,2,77800
numbered,plain,4307,سعته,2,77800
numbered,plain,4308,وصينا,2,77800
numbered,plain,4309,قوامين,2,77800
numbered,plain,4310,ليهديهم,2,77800
numbered,plain,4311,تقعدوا,2,77800
numbered,plain,4312,كسالى,2,77800
numbered,plain,4313,يراءون,2,77800
numbered,plain,4314,شكرتم,2,77800
numbered,plain,4315,وآمنتم,2,77800
numbered,plain,4316,يفرقوا,2,77800
numbered,plain,4317,يؤتيهم,2,77800
numbered,plain,4318,يسألك,2,77800
numbered,plain,4319,أرنا,2,77800
numbered,plain,4320,بظلمهم,2,77800
numbered,plain,4321,نقضهم,2,77800
numbered,plain,4322,قتلوه,2,77800
numbered,plain,4323,ليؤمنن,2,77800
numbered,plain,4324,موته,2,77800
numbered,plain,4325,أحلت,2,77800
numbered,plain,4326,ويونس,2,77800
numbered,plain,4327,زبورا,2,77800
numbered,plain,4328,ورسلا,2,77800
numbered,plain,4329,وظلموا,2,77800
numbered,plain,4330,طريقا,2,77800
numbered,plain,4331,طريق,2,77800
numbered,plain,4332,تغلوا,2,77800
numbered,plain,4333,يستنكف,2,77800
numbered,plain,4334,ويهديهم,2,77800
numbered,plain,4335,يرثها,2,77800
numbered,plain,4336,شنآن,2,77800
numbered,plain,4337,والتقوى,2,77800
numbered,plain,4338,أكل,2,77800
numbered,plain,4339,يئس,2,77800
numbered,plain,4340,واخشون,2,77800
numbered,plain,4341,مخمصة,2,77800
numbered,plain,4342,ليطهركم,2,77800
numbered,plain,4343,وليتم,2,77800
numbered,plain,4344,خائنة,2,77800
numbered,plain,4345,تخفون,2,77800
numbered,plain,4346,رضوانه,2,77800
numbered,plain,4347,سبل,2,77800
numbered,plain,4348,بشير,2,77800
numbered,plain,4349,وآتاكم,2,77800
numbered,plain,4350,جبارين,2,77800
numbered,plain,4351,ندخلها,2,77800
numbered,plain,4352,فإنكم,2,77800
numbered,plain,4353,فاذهب,2,77800
numbered,plain,4354,وأخي,2,77800
numbered,plain,4355,تأس,2,77800
numbered,plain,4356,ابني,2,77800
numbered,plain,4357,قربانا,2,77800
numbered,plain,4358,فقتله,2,77800
numbered,plain,4359,يواري,2,77800
numbered,plain,4360,سوءة,2,77800
numbered,plain,4361,أحياها,2,77800
numbered,plain,4362,ويسعون,2,77800
numbered,plain,4363,وأرجلهم,2,77800
numbered,plain,4364,تقدروا,2,77800
numbered,plain,4365,الوسيلة,2,77800
numbered,plain,4366,ظلمه,2,77800
numbered,plain,4367,للكذب,2,77800
numbered,plain,4368,فخذوه,2,77800
numbered,plain,4369,تملك,2,77800
numbered,plain,4370,يتولون,2,77800
numbered,plain,4371,ونور,2,77800
numbered,plain,4372,والأحبار,2,77800
numbered,plain,4373,وكتبنا,2,77800
numbered,plain,4374,بالنفس,2,77800
numbered,plain,4375,بعيسى,2,77800
numbered,plain,4376,لجعلكم,2,77800
numbered,plain,4377,احكم,2,77800
numbered,plain,4378,ذنوبهم,2,77800
numbered,plain,4379,أقسموا,2,77800
numbered,plain,4380,أعزة,2,77800
numbered,plain,4381,والكفار,2,77800
numbered,plain,4382,أكثركم,2,77800
numbered,plain,4383,السحت,2,77800
numbered,plain,4384,مغلولة,2,77800
numbered,plain,4385,وليزيدن,2,77800
numbered,plain,4386,أقاموا,2,77800
numbered,plain,4387,رسالته,2,77800
numbered,plain,4388,لستم,2,77800
numbered,plain,4389,وصموا,2,77800
numbered,plain,4390,ينتهوا,2,77800
numbered,plain,4391,أتعبدون,2,77800
numbered,plain,4392,لعن,2,77800
numbered,plain,4393,عداوة,2,77800
numbered,plain,4394,تفيض,2,77800
numbered,plain,4395,الدمع,2,77800
numbered,plain,4396,الأيمان,2,77800
numbered,plain,4397,إطعام,2,77800
numbered,plain,4398,مساكين,2,77800
numbered,plain,4399,ذوا,2,77800
numbered,plain,4400,بالغ,2,77800
numbered,plain,4401,الكعبة,2,77800
numbered,plain,4402,صيد,2,77800
numbered,plain,4403,والهدي,2,77800
numbered,plain,4404,أعجبك,2,77800
numbered,plain,4405,تبد,2,77800
numbered,plain,4406,فيقسمان,2,77800
numbered,plain,4407,ارتبتم,2,77800
numbered,plain,4408,أنهما,2,77800
numbered,plain,4409,وجهها,2,77800
numbered,plain,4410,أجبتم,2,77800
numbered,plain,4411,جئتهم,2,77800
numbered,plain,4412,مائدة,2,77800
numbered,plain,4413,وتطمئن,2,77800
numbered,plain,4414,ونعلم,2,77800
numbered,plain,4415,أعذبه,2,77800
numbered,plain,4416,أأنت,2,77800
numbered,plain,4417,إلهين,2,77800
numbered,plain,4418,تعذبهم,2,77800
numbered,plain,4419,صدقهم,2,77800
numbered,plain,4420,تمترون,2,77800
numbered,plain,4421,نمكن,2,77800
numbered,plain,4422,وأنشأنا,2,77800
numbered,plain,4423,قرنا,2,77800
numbered,plain,4424,لجعلناه,2,77800
numbered,plain,4425,يلبسون,2,77800
numbered,plain,4426,فحاق,2,77800
numbered,plain,4427,سكن,2,77800
numbered,plain,4428,أتخذ,2,77800
numbered,plain,4429,يطعم,2,77800
numbered,plain,4430,كاشف,2,77800
numbered,plain,4431,القاهر,2,77800
numbered,plain,4432,وأوحي,2,77800
numbered,plain,4433,أشهد,2,77800
numbered,plain,4434,نحشرهم,2,77800
numbered,plain,4435,يجادلونك,2,77800
numbered,plain,4436,يهلكون,2,77800
numbered,plain,4437,وقفوا,2,77800
numbered,plain,4438,ليتنا,2,77800
numbered,plain,4439,نرد,2,77800
numbered,plain,4440,نكذب,2,77800
numbered,plain,4441,بدا,2,77800
numbered,plain,4442,بمبعوثين,2,77800
numbered,plain,4443,فرطنا,2,77800
numbered,plain,4444,يحملون,2,77800
numbered,plain,4445,أوزارهم,2,77800
numbered,plain,4446,يزرون,2,77800
numbered,plain,4447,نصرنا,2,77800
numbered,plain,4448,تبتغي,2,77800
numbered,plain,4449,سلما,2,77800
numbered,plain,4450,يستجيب,2,77800
numbered,plain,4451,قادر,2,77800
numbered,plain,4452,يشإ,2,77800
numbered,plain,4453,أرأيتكم,2,77800
numbered,plain,4454,بالبأساء,2,77800
numbered,plain,4455,يتضرعون,2,77800
numbered,plain,4456,أخذناهم,2,77800
numbered,plain,4457,فقطع,2,77800
numbered,plain,4458,والحمد,2,77800
numbered,plain,4459,سمعكم,2,77800
numbered,plain,4460,وختم,2,77800
numbered,plain,4461,بالغداة,2,77800
numbered,plain,4462,والعشي,2,77800
numbered,plain,4463,بأعلم,2,77800
numbered,plain,4464,فأنه,2,77800
numbered,plain,4465,نهيت,2,77800
numbered,plain,4466,ضللت,2,77800
numbered,plain,4467,المهتدين,2,77800
numbered,plain,4468,يقص,2,77800
numbered,plain,4469,يعلمها,2,77800
numbered,plain,4470,تسقط,2,77800
numbered,plain,4471,بالنهار,2,77800
numbered,plain,4472,ينبئكم,2,77800
numbered,plain,4473,مولاهم,2,77800
numbered,plain,4474,أسرع,2,77800
numbered,plain,4475,ينجيكم,2,77800
numbered,plain,4476,وخفية,2,77800
numbered,plain,4477,أقيموا,2,77800
numbered,plain,4478,أصناما,2,77800
numbered,plain,4479,كوكبا,2,77800
numbered,plain,4480,أفل,2,77800
numbered,plain,4481,فطر,2,77800
numbered,plain,4482,أشركتم,2,77800
numbered,plain,4483,فأي,2,77800
numbered,plain,4484,نرفع,2,77800
numbered,plain,4485,وزكريا,2,77800
numbered,plain,4486,ويحيى,2,77800
numbered,plain,4487,واليسع,2,77800
numbered,plain,4488,وإخوانهم,2,77800
numbered,plain,4489,ذرهم,2,77800
numbered,plain,4490,جئتمونا,2,77800
numbered,plain,4491,فالق,2,77800
numbered,plain,4492,سكنا,2,77800
numbered,plain,4493,حسبانا,2,77800
numbered,plain,4494,خضرا,2,77800
numbered,plain,4495,نخرج,2,77800
numbered,plain,4496,النخل,2,77800
numbered,plain,4497,دانية,2,77800
numbered,plain,4498,والرمان,2,77800
numbered,plain,4499,متشابه,2,77800
numbered,plain,4500,أثمر,2,77800
numbered,plain,4501,بنين,2,77800
numbered,plain,4502,صاحبة,2,77800
numbered,plain,4503,اللطيف,2,77800
numbered,plain,4504,أبصر,2,77800
numbered,plain,4505,بحفيظ,2,77800
numbered,plain,4506,عملهم,2,77800
numbered,plain,4507,أفئدتهم,2,77800
numbered,plain,4508,قبلا,2,77800
numbered,plain,4509,زخرف,2,77800
numbered,plain,4510,أفئدة,2,77800
numbered,plain,4511,لكلماته,2,77800
numbered,plain,4512,سيجزون,2,77800
numbered,plain,4513,أومن,2,77800
numbered,plain,4514,سيصيب,2,77800
numbered,plain,4515,يهديه,2,77800
numbered,plain,4516,للإسلام,2,77800
numbered,plain,4517,يضله,2,77800
numbered,plain,4518,ضيقا,2,77800
numbered,plain,4519,يصعد,2,77800
numbered,plain,4520,وليهم,2,77800
numbered,plain,4521,استمتع,2,77800
numbered,plain,4522,أجلت,2,77800
numbered,plain,4523,يقصون,2,77800
numbered,plain,4524,وينذرونكم,2,77800
numbered,plain,4525,أنفسنا,2,77800
numbered,plain,4526,ويستخلف,2,77800
numbered,plain,4527,لآت,2,77800
numbered,plain,4528,ذرأ,2,77800
numbered,plain,4529,بزعمهم,2,77800
numbered,plain,4530,يصل,2,77800
numbered,plain,4531,شركائهم,2,77800
numbered,plain,4532,شركاؤهم,2,77800
numbered,plain,4533,حجر,2,77800
numbered,plain,4534,وأنعام,2,77800
numbered,plain,4535,افتراء,2,77800
numbered,plain,4536,سيجزيهم,2,77800
numbered,plain,4537,أزواجنا,2,77800
numbered,plain,4538,ميتة,2,77800
numbered,plain,4539,أنشأ,2,77800
numbered,plain,4540,معروشات,2,77800
numbered,plain,4541,أكله,2,77800
numbered,plain,4542,تسرفوا,2,77800
numbered,plain,4543,آلذكرين,2,77800
numbered,plain,4544,اشتملت,2,77800
numbered,plain,4545,أرحام,2,77800
numbered,plain,4546,الإبل,2,77800
numbered,plain,4547,لحم,2,77800
numbered,plain,4548,حملت,2,77800
numbered,plain,4549,جزيناهم,2,77800
numbered,plain,4550,ذاقوا,2,77800
numbered,plain,4551,لهداكم,2,77800
numbered,plain,4552,هلم,2,77800
numbered,plain,4553,إملاق,2,77800
numbered,plain,4554,الفواحش,2,77800
numbered,plain,4555,بطن,2,77800
numbered,plain,4556,وتفصيلا,2,77800
numbered,plain,4557,لغافلين,2,77800
numbered,plain,4558,فرقوا,2,77800
numbered,plain,4559,أمثالها,2,77800
numbered,plain,4560,هداني,2,77800
numbered,plain,4561,قيما,2,77800
numbered,plain,4562,ربا,2,77800
numbered,plain,4563,مكناكم,2,77800
numbered,plain,4564,معايش,2,77800
numbered,plain,4565,تسجد,2,77800
numbered,plain,4566,خلقتني,2,77800
numbered,plain,4567,وخلقته,2,77800
numbered,plain,4568,الصاغرين,2,77800
numbered,plain,4569,أغويتني,2,77800
numbered,plain,4570,اخرج,2,77800
numbered,plain,4571,فكلا,2,77800
numbered,plain,4572,فوسوس,2,77800
numbered,plain,4573,تكونا,2,77800
numbered,plain,4574,وطفقا,2,77800
numbered,plain,4575,يخصفان,2,77800
numbered,plain,4576,ورق,2,77800
numbered,plain,4577,وأقل,2,77800
numbered,plain,4578,قالا,2,77800
numbered,plain,4579,يراكم,2,77800
numbered,plain,4580,مسجد,2,77800
numbered,plain,4581,وادعوه,2,77800
numbered,plain,4582,والطيبات,2,77800
numbered,plain,4583,والبغي,2,77800
numbered,plain,4584,ينالهم,2,77800
numbered,plain,4585,أختها,2,77800
numbered,plain,4586,لهذا,2,77800
numbered,plain,4587,أورثتموها,2,77800
numbered,plain,4588,وجدتم,2,77800
numbered,plain,4589,فأذن,2,77800
numbered,plain,4590,مؤذن,2,77800
numbered,plain,4591,الأعراف,2,77800
numbered,plain,4592,ونادوا,2,77800
numbered,plain,4593,أقسمتم,2,77800
numbered,plain,4594,تحزنون,2,77800
numbered,plain,4595,فصلناه,2,77800
numbered,plain,4596,يغشي,2,77800
numbered,plain,4597,إصلاحها,2,77800
numbered,plain,4598,نباته,2,77800
numbered,plain,4599,أبلغكم,2,77800
numbered,plain,4600,أوعجبتم,2,77800
numbered,plain,4601,لينذركم,2,77800
numbered,plain,4602,سفاهة,2,77800
numbered,plain,4603,فذروها,2,77800
numbered,plain,4604,قصورا,2,77800
numbered,plain,4605,وتنحتون,2,77800
numbered,plain,4606,أتعلمون,2,77800
numbered,plain,4607,مرسل,2,77800
numbered,plain,4608,وعتوا,2,77800
numbered,plain,4609,ونصحت,2,77800
numbered,plain,4610,سبقكم,2,77800
numbered,plain,4611,شهوة,2,77800
numbered,plain,4612,مسرفون,2,77800
numbered,plain,4613,قريتكم,2,77800
numbered,plain,4614,يتطهرون,2,77800
numbered,plain,4615,فاصبروا,2,77800
numbered,plain,4616,لتعودن,2,77800
numbered,plain,4617,ملتنا,2,77800
numbered,plain,4618,نجانا,2,77800
numbered,plain,4619,أفأمن,2,77800
numbered,plain,4620,نائمون,2,77800
numbered,plain,4621,ضحى,2,77800
numbered,plain,4622,أفأمنوا,2,77800
numbered,plain,4623,يرثون,2,77800
numbered,plain,4624,فظلموا,2,77800
numbered,plain,4625,ببينة,2,77800
numbered,plain,4626,ثعبان,2,77800
numbered,plain,4627,ونزع,2,77800
numbered,plain,4628,أرجه,2,77800
numbered,plain,4629,وأرسل,2,77800
numbered,plain,4630,تلقي,2,77800
numbered,plain,4631,نكون,2,77800
numbered,plain,4632,ألق,2,77800
numbered,plain,4633,يأفكون,2,77800
numbered,plain,4634,لأقطعن,2,77800
numbered,plain,4635,منقلبون,2,77800
numbered,plain,4636,جئتنا,2,77800
numbered,plain,4637,عدوكم,2,77800
numbered,plain,4638,الطوفان,2,77800
numbered,plain,4639,ينكثون,2,77800
numbered,plain,4640,يعرشون,2,77800
numbered,plain,4641,وجاوزنا,2,77800
numbered,plain,4642,ببني,2,77800
numbered,plain,4643,وباطل,2,77800
numbered,plain,4644,أنجيناكم,2,77800
numbered,plain,4645,بعشر,2,77800
numbered,plain,4646,ميقات,2,77800
numbered,plain,4647,لميقاتنا,2,77800
numbered,plain,4648,تراني,2,77800
numbered,plain,4649,الجبل,2,77800
numbered,plain,4650,تجلى,2,77800
numbered,plain,4651,وخر,2,77800
numbered,plain,4652,سأريكم,2,77800
numbered,plain,4653,يتخذوه,2,77800
numbered,plain,4654,ولقاء,2,77800
numbered,plain,4655,عجلا,2,77800
numbered,plain,4656,خوار,2,77800
numbered,plain,4657,رجع,2,77800
numbered,plain,4658,غضبان,2,77800
numbered,plain,4659,وأخذ,2,77800
numbered,plain,4660,تجعلني,2,77800
numbered,plain,4661,سبعين,2,77800
numbered,plain,4662,ولينا,2,77800
numbered,plain,4663,وسعت,2,77800
numbered,plain,4664,الأمي,2,77800
numbered,plain,4665,الخبائث,2,77800
numbered,plain,4666,وبه,2,77800
numbered,plain,4667,وقطعناهم,2,77800
numbered,plain,4668,أمما,2,77800
numbered,plain,4669,اسكنوا,2,77800
numbered,plain,4670,معذبهم,2,77800
numbered,plain,4671,أنجينا,2,77800
numbered,plain,4672,عتوا,2,77800
numbered,plain,4673,تأذن,2,77800
numbered,plain,4674,فخلف,2,77800
numbered,plain,4675,خلف,2,77800
numbered,plain,4676,الأدنى,2,77800
numbered,plain,4677,والدار,2,77800
numbered,plain,4678,المصلحين,2,77800
numbered,plain,4679,الغاوين,2,77800
numbered,plain,4680,يلهث,2,77800
numbered,plain,4681,كالأنعام,2,77800
numbered,plain,4682,الغافلون,2,77800
numbered,plain,4683,فادعوه,2,77800
numbered,plain,4684,سنستدرجهم,2,77800
numbered,plain,4685,وأملي,2,77800
numbered,plain,4686,كيدي,2,77800
numbered,plain,4687,متين,2,77800
numbered,plain,4688,يتفكروا,2,77800
numbered,plain,4689,ينظروا,2,77800
numbered,plain,4690,اقترب,2,77800
numbered,plain,4691,مرساها,2,77800
numbered,plain,4692,تأتيكم,2,77800
numbered,plain,4693,وبشير,2,77800
numbered,plain,4694,حملا,2,77800
numbered,plain,4695,آتاهما,2,77800
numbered,plain,4696,وليي,2,77800
numbered,plain,4697,يسمعوا,2,77800
numbered,plain,4698,وتراهم,2,77800
numbered,plain,4699,ينزغنك,2,77800
numbered,plain,4700,طائف,2,77800
numbered,plain,4701,تذكروا,2,77800
numbered,plain,4702,تأتهم,2,77800
numbered,plain,4703,قرئ,2,77800
numbered,plain,4704,فاستمعوا,2,77800
numbered,plain,4705,الغافلين,2,77800
numbered,plain,4706,الأنفال,2,77800
numbered,plain,4707,وجلت,2,77800
numbered,plain,4708,بيتك,2,77800
numbered,plain,4709,ويذهب,2,77800
numbered,plain,4710,شاقوا,2,77800
numbered,plain,4711,تولوهم,2,77800
numbered,plain,4712,قتلهم,2,77800
numbered,plain,4713,رميت,2,77800
numbered,plain,4714,تنتهوا,2,77800
numbered,plain,4715,تعودوا,2,77800
numbered,plain,4716,نعد,2,77800
numbered,plain,4717,تسمعون,2,77800
numbered,plain,4718,الدواب,2,77800
numbered,plain,4719,استجيبوا,2,77800
numbered,plain,4720,دعاكم,2,77800
numbered,plain,4721,ليعذبهم,2,77800
numbered,plain,4722,يستغفرون,2,77800
numbered,plain,4723,النصير,2,77800
numbered,plain,4724,غنمتم,2,77800
numbered,plain,4725,فأن,2,77800
numbered,plain,4726,ولذي,2,77800
numbered,plain,4727,بالعدوة,2,77800
numbered,plain,4728,ليقضي,2,77800
numbered,plain,4729,ليهلك,2,77800
numbered,plain,4730,حي,2,77800
numbered,plain,4731,لسميع,2,77800
numbered,plain,4732,سلم,2,77800
numbered,plain,4733,أعينكم,2,77800
numbered,plain,4734,ترون,2,77800
numbered,plain,4735,وأدبارهم,2,77800
numbered,plain,4736,يغيروا,2,77800
numbered,plain,4737,الحرب,2,77800
numbered,plain,4738,الخائنين,2,77800
numbered,plain,4739,وعدوكم,2,77800
numbered,plain,4740,يريدوا,2,77800
numbered,plain,4741,حسبك,2,77800
numbered,plain,4742,مائتين,2,77800
numbered,plain,4743,أسرى,2,77800
numbered,plain,4744,لمسكم,2,77800
numbered,plain,4745,آووا,2,77800
numbered,plain,4746,ونصروا,2,77800
numbered,plain,4747,براءة,2,77800
numbered,plain,4748,معجزي,2,77800
numbered,plain,4749,فأجره,2,77800
numbered,plain,4750,فاستقيموا,2,77800
numbered,plain,4751,ذمة,2,77800
numbered,plain,4752,نكثوا,2,77800
numbered,plain,4753,وهموا,2,77800
numbered,plain,4754,شاهدين,2,77800
numbered,plain,4755,أعظم,2,77800
numbered,plain,4756,وإخوانكم,2,77800
numbered,plain,4757,استحبوا,2,77800
numbered,plain,4758,وأزواجكم,2,77800
numbered,plain,4759,وضاقت,2,77800
numbered,plain,4760,رحبت,2,77800
numbered,plain,4761,يعطوا,2,77800
numbered,plain,4762,صاغرون,2,77800
numbered,plain,4763,قاتلهم,2,77800
numbered,plain,4764,ليعبدوا,2,77800
numbered,plain,4765,ليأكلون,2,77800
numbered,plain,4766,شهرا,2,77800
numbered,plain,4767,تنفروا,2,77800
numbered,plain,4768,ثاني,2,77800
numbered,plain,4769,لصاحبه,2,77800
numbered,plain,4770,بجنود,2,77800
numbered,plain,4771,عرضا,2,77800
numbered,plain,4772,بعدت,2,77800
numbered,plain,4773,يستأذنك,2,77800
numbered,plain,4774,يجاهدوا,2,77800
numbered,plain,4775,لمحيطة,2,77800
numbered,plain,4776,تصبك,2,77800
numbered,plain,4777,نتربص,2,77800
numbered,plain,4778,يصيبكم,2,77800
numbered,plain,4779,وتزهق,2,77800
numbered,plain,4780,ويحلفون,2,77800
numbered,plain,4781,ملجأ,2,77800
numbered,plain,4782,لولوا,2,77800
numbered,plain,4783,راغبون,2,77800
numbered,plain,4784,يحذر,2,77800
numbered,plain,4785,نخوض,2,77800
numbered,plain,4786,وآياته,2,77800
numbered,plain,4787,حسبهم,2,77800
numbered,plain,4788,ولعنهم,2,77800
numbered,plain,4789,وأكثر,2,77800
numbered,plain,4790,أموالا,2,77800
numbered,plain,4791,وأولادا,2,77800
numbered,plain,4792,بخلاقهم,2,77800
numbered,plain,4793,والمؤتفكات,2,77800
numbered,plain,4794,واغلظ,2,77800
numbered,plain,4795,وكفروا,2,77800
numbered,plain,4796,ينالوا,2,77800
numbered,plain,4797,نقموا,2,77800
numbered,plain,4798,يتوبوا,2,77800
numbered,plain,4799,عاهد,2,77800
numbered,plain,4800,وتولوا,2,77800
numbered,plain,4801,يلقونه,2,77800
numbered,plain,4802,سرهم,2,77800
numbered,plain,4803,ونجواهم,2,77800
numbered,plain,4804,استغفر,2,77800
numbered,plain,4805,فرح,2,77800
numbered,plain,4806,وكرهوا,2,77800
numbered,plain,4807,تصل,2,77800
numbered,plain,4808,تقم,2,77800
numbered,plain,4809,الطول,2,77800
numbered,plain,4810,الخوالف,2,77800
numbered,plain,4811,وطبع,2,77800
numbered,plain,4812,يستأذنونك,2,77800
numbered,plain,4813,أخباركم,2,77800
numbered,plain,4814,تردون,2,77800
numbered,plain,4815,وصلوات,2,77800
numbered,plain,4816,والسابقون,2,77800
numbered,plain,4817,المهاجرين,2,77800
numbered,plain,4818,والأنصار,2,77800
numbered,plain,4819,حولكم,2,77800
numbered,plain,4820,مسجدا,2,77800
numbered,plain,4821,بنيانه,2,77800
numbered,plain,4822,تقوى,2,77800
numbered,plain,4823,بنيانهم,2,77800
numbered,plain,4824,للنبي,2,77800
numbered,plain,4825,وعدها,2,77800
numbered,plain,4826,كاد,2,77800
numbered,plain,4827,حولهم,2,77800
numbered,plain,4828,يغيظ,2,77800
numbered,plain,4829,صغيرة,2,77800
numbered,plain,4830,كبيرة,2,77800
numbered,plain,4831,ليجزيهم,2,77800
numbered,plain,4832,نفر,2,77800
numbered,plain,4833,ولينذروا,2,77800
numbered,plain,4834,رجعوا,2,77800
numbered,plain,4835,يحذرون,2,77800
numbered,plain,4836,فزادتهم,2,77800
numbered,plain,4837,حسبي,2,77800
numbered,plain,4838,منازل,2,77800
numbered,plain,4839,السنين,2,77800
numbered,plain,4840,والحساب,2,77800
numbered,plain,4841,اختلاف,2,77800
numbered,plain,4842,بالخير,2,77800
numbered,plain,4843,دعانا,2,77800
numbered,plain,4844,للمسرفين,2,77800
numbered,plain,4845,وجاءتهم,2,77800
numbered,plain,4846,ائت,2,77800
numbered,plain,4847,بريح,2,77800
numbered,plain,4848,وفرحوا,2,77800
numbered,plain,4849,عاصف,2,77800
numbered,plain,4850,الموج,2,77800
numbered,plain,4851,كماء,2,77800
numbered,plain,4852,فاختلط,2,77800
numbered,plain,4853,أخذت,2,77800
numbered,plain,4854,نهارا,2,77800
numbered,plain,4855,حصيدا,2,77800
numbered,plain,4856,إيانا,2,77800
numbered,plain,4857,تصرفون,2,77800
numbered,plain,4858,فسقوا,2,77800
numbered,plain,4859,يفترى,2,77800
numbered,plain,4860,تصديق,2,77800
numbered,plain,4861,وتفصيل,2,77800
numbered,plain,4862,فإلينا,2,77800
numbered,plain,4863,رسولهم,2,77800
numbered,plain,4864,يستعجل,2,77800
numbered,plain,4865,آلآن,2,77800
numbered,plain,4866,الندامة,2,77800
numbered,plain,4867,وشفاء,2,77800
numbered,plain,4868,آلله,2,77800
numbered,plain,4869,تفترون,2,77800
numbered,plain,4870,شهودا,2,77800
numbered,plain,4871,تفيضون,2,77800
numbered,plain,4872,يعزب,2,77800
numbered,plain,4873,أصغر,2,77800
numbered,plain,4874,تبديل,2,77800
numbered,plain,4875,يفلحون,2,77800
numbered,plain,4876,الشديد,2,77800
numbered,plain,4877,مقامي,2,77800
numbered,plain,4878,فأجمعوا,2,77800
numbered,plain,4879,سألتكم,2,77800
numbered,plain,4880,فجاءوهم,2,77800
numbered,plain,4881,الكبرياء,2,77800
numbered,plain,4882,ملقون,2,77800
numbered,plain,4883,جئتم,2,77800
numbered,plain,4884,يصلح,2,77800
numbered,plain,4885,برحمتك,2,77800
numbered,plain,4886,آتيت,2,77800
numbered,plain,4887,ليضلوا,2,77800
numbered,plain,4888,سبيلك,2,77800
numbered,plain,4889,فأتبعهم,2,77800
numbered,plain,4890,بوأنا,2,77800
numbered,plain,4891,يقرءون,2,77800
numbered,plain,4892,يونس,2,77800
numbered,plain,4893,ديني,2,77800
numbered,plain,4894,لدن,2,77800
numbered,plain,4895,ثيابهم,2,77800
numbered,plain,4896,مبعوثون,2,77800
numbered,plain,4897,أخرنا,2,77800
numbered,plain,4898,أذقناه,2,77800
numbered,plain,4899,مسته,2,77800
numbered,plain,4900,فلعلك,2,77800
numbered,plain,4901,فالنار,2,77800
numbered,plain,4902,الأشهاد,2,77800
numbered,plain,4903,معجزين,2,77800
numbered,plain,4904,الأخسرون,2,77800
numbered,plain,4905,يستويان,2,77800
numbered,plain,4906,وآتاني,2,77800
numbered,plain,4907,فعميت,2,77800
numbered,plain,4908,بطارد,2,77800
numbered,plain,4909,ينصرني,2,77800
numbered,plain,4910,افتريته,2,77800
numbered,plain,4911,تبتئس,2,77800
numbered,plain,4912,ووحينا,2,77800
numbered,plain,4913,تخاطبني,2,77800
numbered,plain,4914,وفار,2,77800
numbered,plain,4915,التنور,2,77800
numbered,plain,4916,سماء,2,77800
numbered,plain,4917,أهلي,2,77800
numbered,plain,4918,وإلا,2,77800
numbered,plain,4919,وأتبعوا,2,77800
numbered,plain,4920,عادا,2,77800
numbered,plain,4921,تدعونا,2,77800
numbered,plain,4922,بالبشرى,2,77800
numbered,plain,4923,بعجل,2,77800
numbered,plain,4924,وامرأته,2,77800
numbered,plain,4925,بإسحاق,2,77800
numbered,plain,4926,عجوز,2,77800
numbered,plain,4927,شيخا,2,77800
numbered,plain,4928,عجيب,2,77800
numbered,plain,4929,مجيد,2,77800
numbered,plain,4930,سيء,2,77800
numbered,plain,4931,وضاق,2,77800
numbered,plain,4932,ذرعا,2,77800
numbered,plain,4933,يهرعون,2,77800
numbered,plain,4934,بناتي,2,77800
numbered,plain,4935,أطهر,2,77800
numbered,plain,4936,تخزون,2,77800
numbered,plain,4937,ضيفي,2,77800
numbered,plain,4938,بقطع,2,77800
numbered,plain,4939,يلتفت,2,77800
numbered,plain,4940,امرأتك,2,77800
numbered,plain,4941,موعدهم,2,77800
numbered,plain,4942,الصبح,2,77800
numbered,plain,4943,عاليها,2,77800
numbered,plain,4944,سافلها,2,77800
numbered,plain,4945,منضود,2,77800
numbered,plain,4946,مسومة,2,77800
numbered,plain,4947,ببعيد,2,77800
numbered,plain,4948,المكيال,2,77800
numbered,plain,4949,أموالنا,2,77800
numbered,plain,4950,لأنت,2,77800
numbered,plain,4951,أنيب,2,77800
numbered,plain,4952,وراءكم,2,77800
numbered,plain,4953,كاذب,2,77800
numbered,plain,4954,رقيب,2,77800
numbered,plain,4955,آلهتهم,2,77800
numbered,plain,4956,زفير,2,77800
numbered,plain,4957,دامت,2,77800
numbered,plain,4958,فعال,2,77800
numbered,plain,4959,يذهبن,2,77800
numbered,plain,4960,فؤادك,2,77800
numbered,plain,4961,فاعبده,2,77800
numbered,plain,4962,ويتم,2,77800
numbered,plain,4963,للسائلين,2,77800
numbered,plain,4964,وتكونوا,2,77800
numbered,plain,4965,غيابت,2,77800
numbered,plain,4966,الجب,2,77800
numbered,plain,4967,أرسله,2,77800
numbered,plain,4968,يأكله,2,77800
numbered,plain,4969,يبكون,2,77800
numbered,plain,4970,متاعنا,2,77800
numbered,plain,4971,فصبر,2,77800
numbered,plain,4972,جميل,2,77800
numbered,plain,4973,المستعان,2,77800
numbered,plain,4974,نتخذه,2,77800
numbered,plain,4975,الأبواب,2,77800
numbered,plain,4976,معاذ,2,77800
numbered,plain,4977,لدى,2,77800
numbered,plain,4978,وشهد,2,77800
numbered,plain,4979,فكذبت,2,77800
numbered,plain,4980,كيدكن,2,77800
numbered,plain,4981,إليهن,2,77800
numbered,plain,4982,وقلن,2,77800
numbered,plain,4983,حاش,2,77800
numbered,plain,4984,راودته,2,77800
numbered,plain,4985,كيدهن,2,77800
numbered,plain,4986,وأكن,2,77800
numbered,plain,4987,أراني,2,77800
numbered,plain,4988,خمرا,2,77800
numbered,plain,4989,يأتيكما,2,77800
numbered,plain,4990,تركت,2,77800
numbered,plain,4991,صاحبي,2,77800
numbered,plain,4992,فلبث,2,77800
numbered,plain,4993,بضع,2,77800
numbered,plain,4994,بقرات,2,77800
numbered,plain,4995,سمان,2,77800
numbered,plain,4996,يأكلهن,2,77800
numbered,plain,4997,عجاف,2,77800
numbered,plain,4998,وسبع,2,77800
numbered,plain,4999,سنبلات,2,77800
numbered,plain,5000,يابسات,2,77800
numbered,plain,5001,أفتوني,2,77800
numbered,plain,5002,رؤياي,2,77800
numbered,plain,5003,أضغاث,2,77800
numbered,plain,5004,أحلام,2,77800
numbered,plain,5005,بتأويل,2,77800
numbered,plain,5006,شداد,2,77800
numbered,plain,5007,بال,2,77800
numbered,plain,5008,اجعلني,2,77800
numbered,plain,5009,ولأجر,2,77800
numbered,plain,5010,جهزهم,2,77800
numbered,plain,5011,بجهازهم,2,77800
numbered,plain,5012,المنزلين,2,77800
numbered,plain,5013,بضاعتهم,2,77800
numbered,plain,5014,أخانا,2,77800
numbered,plain,5015,ردت,2,77800
numbered,plain,5016,أهلنا,2,77800
numbered,plain,5017,بعير,2,77800
numbered,plain,5018,موثقا,2,77800
numbered,plain,5019,وعليه,2,77800
numbered,plain,5020,أبوهم,2,77800
numbered,plain,5021,علمناه,2,77800
numbered,plain,5022,آوى,2,77800
numbered,plain,5023,أيتها,2,77800
numbered,plain,5024,العير,2,77800
numbered,plain,5025,زعيم,2,77800
numbered,plain,5026,وعاء,2,77800
numbered,plain,5027,سرق,2,77800
numbered,plain,5028,أبا,2,77800
numbered,plain,5029,نجيا,2,77800
numbered,plain,5030,كبيرهم,2,77800
numbered,plain,5031,أبرح,2,77800
numbered,plain,5032,واسأل,2,77800
numbered,plain,5033,يأتيني,2,77800
numbered,plain,5034,الحزن,2,77800
numbered,plain,5035,تذكر,2,77800
numbered,plain,5036,اذهبوا,2,77800
numbered,plain,5037,ييأس,2,77800
numbered,plain,5038,مسنا,2,77800
numbered,plain,5039,فعلتم,2,77800
numbered,plain,5040,أإنك,2,77800
numbered,plain,5041,فألقوه,2,77800
numbered,plain,5042,وأتوني,2,77800
numbered,plain,5043,القديم,2,77800
numbered,plain,5044,خاطئين,2,77800
numbered,plain,5045,أبويه,2,77800
numbered,plain,5046,وألحقني,2,77800
numbered,plain,5047,بالصالحين,2,77800
numbered,plain,5048,مشركون,2,77800
numbered,plain,5049,بصيرة,2,77800
numbered,plain,5050,وسبحان,2,77800
numbered,plain,5051,ولدار,2,77800
numbered,plain,5052,رفع,2,77800
numbered,plain,5053,مد,2,77800
numbered,plain,5054,وأنهارا,2,77800
numbered,plain,5055,صنوان,2,77800
numbered,plain,5056,السحاب,2,77800
numbered,plain,5057,فيصيب,2,77800
numbered,plain,5058,كفيه,2,77800
numbered,plain,5059,تستوي,2,77800
numbered,plain,5060,لافتدوا,2,77800
numbered,plain,5061,يوفون,2,77800
numbered,plain,5062,ويدرءون,2,77800
numbered,plain,5063,صلح,2,77800
numbered,plain,5064,صبرتم,2,77800
numbered,plain,5065,قبلها,2,77800
numbered,plain,5066,سيرت,2,77800
numbered,plain,5067,قطعت,2,77800
numbered,plain,5068,لهدى,2,77800
numbered,plain,5069,فأمليت,2,77800
numbered,plain,5070,أشق,2,77800
numbered,plain,5071,نأتي,2,77800
numbered,plain,5072,ننقصها,2,77800
numbered,plain,5073,أطرافها,2,77800
numbered,plain,5074,المكر,2,77800
numbered,plain,5075,وسيعلم,2,77800
numbered,plain,5076,بلسان,2,77800
numbered,plain,5077,لغني,2,77800
numbered,plain,5078,كفرنا,2,77800
numbered,plain,5079,أفي,2,77800
numbered,plain,5080,ويؤخركم,2,77800
numbered,plain,5081,يمن,2,77800
numbered,plain,5082,سبلنا,2,77800
numbered,plain,5083,ورائه,2,77800
numbered,plain,5084,بخلق,2,77800
numbered,plain,5085,وبرزوا,2,77800
numbered,plain,5086,تبعا,2,77800
numbered,plain,5087,مغنون,2,77800
numbered,plain,5088,صبرنا,2,77800
numbered,plain,5089,وعدكم,2,77800
numbered,plain,5090,تحيتهم,2,77800
numbered,plain,5091,كشجرة,2,77800
numbered,plain,5092,ويضرب,2,77800
numbered,plain,5093,خبيثة,2,77800
numbered,plain,5094,بدلوا,2,77800
numbered,plain,5095,لعبادي,2,77800
numbered,plain,5096,خلال,2,77800
numbered,plain,5097,لتجري,2,77800
numbered,plain,5098,تحصوها,2,77800
numbered,plain,5099,تهوي,2,77800
numbered,plain,5100,ولوالدي,2,77800
numbered,plain,5101,تبدل,2,77800
numbered,plain,5102,الأصفاد,2,77800
numbered,plain,5103,بلاغ,2,77800
numbered,plain,5104,ولها,2,77800
numbered,plain,5105,تسبق,2,77800
numbered,plain,5106,ننزل,2,77800
numbered,plain,5107,منظرين,2,77800
numbered,plain,5108,بابا,2,77800
numbered,plain,5109,بروجا,2,77800
numbered,plain,5110,وزيناها,2,77800
numbered,plain,5111,شهاب,2,77800
numbered,plain,5112,مددناها,2,77800
numbered,plain,5113,ونميت,2,77800
numbered,plain,5114,الوارثون,2,77800
numbered,plain,5115,السموم,2,77800
numbered,plain,5116,سويته,2,77800
numbered,plain,5117,ونفخت,2,77800
numbered,plain,5118,روحي,2,77800
numbered,plain,5119,فقعوا,2,77800
numbered,plain,5120,فسجد,2,77800
numbered,plain,5121,فأنظرني,2,77800
numbered,plain,5122,الوقت,2,77800
numbered,plain,5123,المعلوم,2,77800
numbered,plain,5124,ادخلوها,2,77800
numbered,plain,5125,ونبئهم,2,77800
numbered,plain,5126,ضيف,2,77800
numbered,plain,5127,نبشرك,2,77800
numbered,plain,5128,خطبكم,2,77800
numbered,plain,5129,قدرنا,2,77800
numbered,plain,5130,يمترون,2,77800
numbered,plain,5131,وقضينا,2,77800
numbered,plain,5132,مشرقين,2,77800
numbered,plain,5133,لآتية,2,77800
numbered,plain,5134,فاصفح,2,77800
numbered,plain,5135,الخلاق,2,77800
numbered,plain,5136,آتيناك,2,77800
numbered,plain,5137,سبعا,2,77800
numbered,plain,5138,تمدن,2,77800
numbered,plain,5139,عينيك,2,77800
numbered,plain,5140,النذير,2,77800
numbered,plain,5141,فوربك,2,77800
numbered,plain,5142,تؤمر,2,77800
numbered,plain,5143,خصيم,2,77800
numbered,plain,5144,بلد,2,77800
numbered,plain,5145,وزينة,2,77800
numbered,plain,5146,والأعناب,2,77800
numbered,plain,5147,طريا,2,77800
numbered,plain,5148,تلبسونها,2,77800
numbered,plain,5149,مواخر,2,77800
numbered,plain,5150,مستكبرون,2,77800
numbered,plain,5151,تتوفاهم,2,77800
numbered,plain,5152,فادخلوا,2,77800
numbered,plain,5153,فأصابهم,2,77800
numbered,plain,5154,واجتنبوا,2,77800
numbered,plain,5155,لنبوئنهم,2,77800
numbered,plain,5156,فاسألوا,2,77800
numbered,plain,5157,لتبين,2,77800
numbered,plain,5158,يأخذهم,2,77800
numbered,plain,5159,تقلبهم,2,77800
numbered,plain,5160,داخرون,2,77800
numbered,plain,5161,ويفعلون,2,77800
numbered,plain,5162,يؤمرون,2,77800
numbered,plain,5163,فإياي,2,77800
numbered,plain,5164,مسكم,2,77800
numbered,plain,5165,كشف,2,77800
numbered,plain,5166,فتمتعوا,2,77800
numbered,plain,5167,لتسألن,2,77800
numbered,plain,5168,مسودا,2,77800
numbered,plain,5169,المثل,2,77800
numbered,plain,5170,يؤاخذ,2,77800
numbered,plain,5171,نسقيكم,2,77800
numbered,plain,5172,وأوحى,2,77800
numbered,plain,5173,الشجر,2,77800
numbered,plain,5174,بطونها,2,77800
numbered,plain,5175,شفاء,2,77800
numbered,plain,5176,أرذل,2,77800
numbered,plain,5177,لكي,2,77800
numbered,plain,5178,أفبالباطل,2,77800
numbered,plain,5179,مولاه,2,77800
numbered,plain,5180,كلمح,2,77800
numbered,plain,5181,يمسكهن,2,77800
numbered,plain,5182,جلود,2,77800
numbered,plain,5183,أثاثا,2,77800
numbered,plain,5184,تقيكم,2,77800
numbered,plain,5185,بأسكم,2,77800
numbered,plain,5186,دونك,2,77800
numbered,plain,5187,زدناهم,2,77800
numbered,plain,5188,للمسلمين,2,77800
numbered,plain,5189,الفحشاء,2,77800
numbered,plain,5190,دخلا,2,77800
numbered,plain,5191,قرأت,2,77800
numbered,plain,5192,عربي,2,77800
numbered,plain,5193,إيمانه,2,77800
numbered,plain,5194,شرح,2,77800
numbered,plain,5195,فتنوا,2,77800
numbered,plain,5196,نفسها,2,77800
numbered,plain,5197,ألسنتكم,2,77800
numbered,plain,5198,قصصنا,2,77800
numbered,plain,5199,اجتباه,2,77800
numbered,plain,5200,بالحكمة,2,77800
numbered,plain,5201,ضيق,2,77800
numbered,plain,5202,بأموال,2,77800
numbered,plain,5203,وجعلناكم,2,77800
numbered,plain,5204,أحسنتم,2,77800
numbered,plain,5205,تتبيرا,2,77800
numbered,plain,5206,يرحمكم,2,77800
numbered,plain,5207,ويبشر,2,77800
numbered,plain,5208,بالشر,2,77800
numbered,plain,5209,نهلك,2,77800
numbered,plain,5210,تدميرا,2,77800
numbered,plain,5211,بذنوب,2,77800
numbered,plain,5212,يصلاها,2,77800
numbered,plain,5213,مذموما,2,77800
numbered,plain,5214,سعيهم,2,77800
numbered,plain,5215,مشكورا,2,77800
numbered,plain,5216,وللآخرة,2,77800
numbered,plain,5217,تفضيلا,2,77800
numbered,plain,5218,فتقعد,2,77800
numbered,plain,5219,والمسكين,2,77800
numbered,plain,5220,لربه,2,77800
numbered,plain,5221,ملوما,2,77800
numbered,plain,5222,لوليه,2,77800
numbered,plain,5223,العهد,2,77800
numbered,plain,5224,وزنوا,2,77800
numbered,plain,5225,بالقسطاس,2,77800
numbered,plain,5226,تمش,2,77800
numbered,plain,5227,مرحا,2,77800
numbered,plain,5228,بالبنين,2,77800
numbered,plain,5229,يزيدهم,2,77800
numbered,plain,5230,بينك,2,77800
numbered,plain,5231,حجابا,2,77800
numbered,plain,5232,نجوى,2,77800
numbered,plain,5233,ورفاتا,2,77800
numbered,plain,5234,جديدا,2,77800
numbered,plain,5235,وتظنون,2,77800
numbered,plain,5236,مسطورا,2,77800
numbered,plain,5237,بالآيات,2,77800
numbered,plain,5238,والأولاد,2,77800
numbered,plain,5239,وعدهم,2,77800
numbered,plain,5240,يزجي,2,77800
numbered,plain,5241,يعيدكم,2,77800
numbered,plain,5242,تارة,2,77800
numbered,plain,5243,وفضلناهم,2,77800
numbered,plain,5244,كدت,2,77800
numbered,plain,5245,نافلة,2,77800
numbered,plain,5246,مقاما,2,77800
numbered,plain,5247,ونأى,2,77800
numbered,plain,5248,بجانبه,2,77800
numbered,plain,5249,بمثله,2,77800
numbered,plain,5250,خلالها,2,77800
numbered,plain,5251,تفجيرا,2,77800
numbered,plain,5252,أبعث,2,77800
numbered,plain,5253,المهتد,2,77800
numbered,plain,5254,تملكون,2,77800
numbered,plain,5255,لأظنك,2,77800
numbered,plain,5256,فأراد,2,77800
numbered,plain,5257,وبالحق,2,77800
numbered,plain,5258,مبشرا,2,77800
numbered,plain,5259,للأذقان,2,77800
numbered,plain,5260,تجهر,2,77800
numbered,plain,5261,وابتغ,2,77800
numbered,plain,5262,لآبائهم,2,77800
numbered,plain,5263,باخع,2,77800
numbered,plain,5264,بعثناهم,2,77800
numbered,plain,5265,شططا,2,77800
numbered,plain,5266,كهفهم,2,77800
numbered,plain,5267,لبثنا,2,77800
numbered,plain,5268,يتنازعون,2,77800
numbered,plain,5269,ابنوا,2,77800
numbered,plain,5270,بنيانا,2,77800
numbered,plain,5271,رابعهم,2,77800
numbered,plain,5272,خمسة,2,77800
numbered,plain,5273,سادسهم,2,77800
numbered,plain,5274,ظاهرا,2,77800
numbered,plain,5275,يهدين,2,77800
numbered,plain,5276,ملتحدا,2,77800
numbered,plain,5277,ذكرنا,2,77800
numbered,plain,5278,الوجوه,2,77800
numbered,plain,5279,مرتفقا,2,77800
numbered,plain,5280,جنتين,2,77800
numbered,plain,5281,الجنتين,2,77800
numbered,plain,5282,يحاوره,2,77800
numbered,plain,5283,نفرا,2,77800
numbered,plain,5284,ظالم,2,77800
numbered,plain,5285,خلقك,2,77800
numbered,plain,5286,جنتك,2,77800
numbered,plain,5287,وولدا,2,77800
numbered,plain,5288,فتصبح,2,77800
numbered,plain,5289,غورا,2,77800
numbered,plain,5290,يقلب,2,77800
numbered,plain,5291,أنفق,2,77800
numbered,plain,5292,ينصرونه,2,77800
numbered,plain,5293,والباقيات,2,77800
numbered,plain,5294,فدعوهم,2,77800
numbered,plain,5295,جدلا,2,77800
numbered,plain,5296,ليدحضوا,2,77800
numbered,plain,5297,ونسي,2,77800
numbered,plain,5298,يهتدوا,2,77800
numbered,plain,5299,لفتاه,2,77800
numbered,plain,5300,أبلغ,2,77800
numbered,plain,5301,مجمع,2,77800
numbered,plain,5302,فوجدا,2,77800
numbered,plain,5303,وعلمناه,2,77800
numbered,plain,5304,تحط,2,77800
numbered,plain,5305,خبرا,2,77800
numbered,plain,5306,صابرا,2,77800
numbered,plain,5307,غلاما,2,77800
numbered,plain,5308,عذرا,2,77800
numbered,plain,5309,وراءهم,2,77800
numbered,plain,5310,زكاة,2,77800
numbered,plain,5311,وجدها,2,77800
numbered,plain,5312,فيعذبه,2,77800
numbered,plain,5313,مطلع,2,77800
numbered,plain,5314,لديه,2,77800
numbered,plain,5315,دونهما,2,77800
numbered,plain,5316,يأجوج,2,77800
numbered,plain,5317,ومأجوج,2,77800
numbered,plain,5318,خرجا,2,77800
numbered,plain,5319,أجعل,2,77800
numbered,plain,5320,آتوني,2,77800
numbered,plain,5321,زبر,2,77800
numbered,plain,5322,سمعا,2,77800
numbered,plain,5323,ولقائه,2,77800
numbered,plain,5324,ورسلي,2,77800
numbered,plain,5325,الفردوس,2,77800
numbered,plain,5326,فليعمل,2,77800
numbered,plain,5327,وهن,2,77800
numbered,plain,5328,شيبا,2,77800
numbered,plain,5329,امرأتي,2,77800
numbered,plain,5330,عاقرا,2,77800
numbered,plain,5331,سميا,2,77800
numbered,plain,5332,عتيا,2,77800
numbered,plain,5333,هين,2,77800
numbered,plain,5334,ليال,2,77800
numbered,plain,5335,صبيا,2,77800
numbered,plain,5336,وبرا,2,77800
numbered,plain,5337,عصيا,2,77800
numbered,plain,5338,مقضيا,2,77800
numbered,plain,5339,النخلة,2,77800
numbered,plain,5340,تحزني,2,77800
numbered,plain,5341,البشر,2,77800
numbered,plain,5342,آتاني,2,77800
numbered,plain,5343,والزكاة,2,77800
numbered,plain,5344,والسلام,2,77800
numbered,plain,5345,أسمع,2,77800
numbered,plain,5346,وأبصر,2,77800
numbered,plain,5347,وأنذرهم,2,77800
numbered,plain,5348,صديقا,2,77800
numbered,plain,5349,وناديناه,2,77800
numbered,plain,5350,خروا,2,77800
numbered,plain,5351,بأمر,2,77800
numbered,plain,5352,أيدينا,2,77800
numbered,plain,5353,والشياطين,2,77800
numbered,plain,5354,حول,2,77800
numbered,plain,5355,جثيا,2,77800
numbered,plain,5356,فليمدد,2,77800
numbered,plain,5357,مدا,2,77800
numbered,plain,5358,فسيعلمون,2,77800
numbered,plain,5359,أطلع,2,77800
numbered,plain,5360,ليكونوا,2,77800
numbered,plain,5361,بعبادتهم,2,77800
numbered,plain,5362,عدا,2,77800
numbered,plain,5363,نحشر,2,77800
numbered,plain,5364,يتفطرن,2,77800
numbered,plain,5365,سيجعل,2,77800
numbered,plain,5366,ودا,2,77800
numbered,plain,5367,يسرناه,2,77800
numbered,plain,5368,بلسانك,2,77800
numbered,plain,5369,وتنذر,2,77800
numbered,plain,5370,العلى,2,77800
numbered,plain,5371,السر,2,77800
numbered,plain,5372,امكثوا,2,77800
numbered,plain,5373,المقدس,2,77800
numbered,plain,5374,طوى,2,77800
numbered,plain,5375,آتية,2,77800
numbered,plain,5376,يصدنك,2,77800
numbered,plain,5377,بيمينك,2,77800
numbered,plain,5378,واضمم,2,77800
numbered,plain,5379,صدري,2,77800
numbered,plain,5380,لساني,2,77800
numbered,plain,5381,قولي,2,77800
numbered,plain,5382,وزيرا,2,77800
numbered,plain,5383,مننا,2,77800
numbered,plain,5384,تمشي,2,77800
numbered,plain,5385,عينها,2,77800
numbered,plain,5386,اذهبا,2,77800
numbered,plain,5387,نخاف,2,77800
numbered,plain,5388,أعطى,2,77800
numbered,plain,5389,مهدا,2,77800
numbered,plain,5390,شتى,2,77800
numbered,plain,5391,النهى,2,77800
numbered,plain,5392,نخرجكم,2,77800
numbered,plain,5393,فكذب,2,77800
numbered,plain,5394,يحشر,2,77800
numbered,plain,5395,فجمع,2,77800
numbered,plain,5396,كيده,2,77800
numbered,plain,5397,ويلكم,2,77800
numbered,plain,5398,هذان,2,77800
numbered,plain,5399,ائتوا,2,77800
numbered,plain,5400,حبالهم,2,77800
numbered,plain,5401,وعصيهم,2,77800
numbered,plain,5402,فأوجس,2,77800
numbered,plain,5403,وألق,2,77800
numbered,plain,5404,الساحر,2,77800
numbered,plain,5405,فألقي,2,77800
numbered,plain,5406,لكبيركم,2,77800
numbered,plain,5407,ولأصلبنكم,2,77800
numbered,plain,5408,ولتعلمن,2,77800
numbered,plain,5409,بربنا,2,77800
numbered,plain,5410,خطايانا,2,77800
numbered,plain,5411,الدرجات,2,77800
numbered,plain,5412,فاضرب,2,77800
numbered,plain,5413,غشيهم,2,77800
numbered,plain,5414,غضبي,2,77800
numbered,plain,5415,هوى,2,77800
numbered,plain,5416,السامري,2,77800
numbered,plain,5417,فنسي,2,77800
numbered,plain,5418,فتنتم,2,77800
numbered,plain,5419,عاكفين,2,77800
numbered,plain,5420,أثر,2,77800
numbered,plain,5421,نسفا,2,77800
numbered,plain,5422,يتخافتون,2,77800
numbered,plain,5423,عشرا,2,77800
numbered,plain,5424,عوج,2,77800
numbered,plain,5425,الأصوات,2,77800
numbered,plain,5426,وصرفنا,2,77800
numbered,plain,5427,الوعيد,2,77800
numbered,plain,5428,يحدث,2,77800
numbered,plain,5429,بالقرآن,2,77800
numbered,plain,5430,يقضى,2,77800
numbered,plain,5431,وعصى,2,77800
numbered,plain,5432,تنسى,2,77800
numbered,plain,5433,لزاما,2,77800
numbered,plain,5434,طلوع,2,77800
numbered,plain,5435,وقبل,2,77800
numbered,plain,5436,لعلك,2,77800
numbered,plain,5437,لنفتنهم,2,77800
numbered,plain,5438,فنتبع,2,77800
numbered,plain,5439,محدث,2,77800
numbered,plain,5440,أفهم,2,77800
numbered,plain,5441,جعلناهم,2,77800
numbered,plain,5442,لاعبين,2,77800
numbered,plain,5443,نتخذ,2,77800
numbered,plain,5444,ير,2,77800
numbered,plain,5445,فجاجا,2,77800
numbered,plain,5446,سقفا,2,77800
numbered,plain,5447,فلك,2,77800
numbered,plain,5448,يتخذونك,2,77800
numbered,plain,5449,أهذا,2,77800
numbered,plain,5450,عجل,2,77800
numbered,plain,5451,خردل,2,77800
numbered,plain,5452,أتينا,2,77800
numbered,plain,5453,عالمين,2,77800
numbered,plain,5454,فجعلهم,2,77800
numbered,plain,5455,بآلهتنا,2,77800
numbered,plain,5456,حرقوه,2,77800
numbered,plain,5457,بردا,2,77800
numbered,plain,5458,وسلاما,2,77800
numbered,plain,5459,بأمرنا,2,77800
numbered,plain,5460,وإقام,2,77800
numbered,plain,5461,يسبحن,2,77800
numbered,plain,5462,ولسليمان,2,77800
numbered,plain,5463,فكشفنا,2,77800
numbered,plain,5464,الكفل,2,77800
numbered,plain,5465,فنادى,2,77800
numbered,plain,5466,والتي,2,77800
numbered,plain,5467,أحصنت,2,77800
numbered,plain,5468,فرجها,2,77800
numbered,plain,5469,فنفخنا,2,77800
numbered,plain,5470,أمتكم,2,77800
numbered,plain,5471,وتقطعوا,2,77800
numbered,plain,5472,فتحت,2,77800
numbered,plain,5473,ينسلون,2,77800
numbered,plain,5474,واقترب,2,77800
numbered,plain,5475,أقريب,2,77800
numbered,plain,5476,حملها,2,77800
numbered,plain,5477,مضغة,2,77800
numbered,plain,5478,مخلقة,2,77800
numbered,plain,5479,طفلا,2,77800
numbered,plain,5480,لتبلغوا,2,77800
numbered,plain,5481,أشدكم,2,77800
numbered,plain,5482,اهتزت,2,77800
numbered,plain,5483,وربت,2,77800
numbered,plain,5484,بهيج,2,77800
numbered,plain,5485,منير,2,77800
numbered,plain,5486,الخسران,2,77800
numbered,plain,5487,يظن,2,77800
numbered,plain,5488,والشجر,2,77800
numbered,plain,5489,والدواب,2,77800
numbered,plain,5490,خصمان,2,77800
numbered,plain,5491,ثياب,2,77800
numbered,plain,5492,حديد,2,77800
numbered,plain,5493,أعيدوا,2,77800
numbered,plain,5494,ولؤلؤا,2,77800
numbered,plain,5495,ولباسهم,2,77800
numbered,plain,5496,حرير,2,77800
numbered,plain,5497,وهدوا,2,77800
numbered,plain,5498,لإبراهيم,2,77800
numbered,plain,5499,وأطعموا,2,77800
numbered,plain,5500,العتيق,2,77800
numbered,plain,5501,يعظم,2,77800
numbered,plain,5502,الزور,2,77800
numbered,plain,5503,حنفاء,2,77800
numbered,plain,5504,خر,2,77800
numbered,plain,5505,منسكا,2,77800
numbered,plain,5506,سخرها,2,77800
numbered,plain,5507,تعمى,2,77800
numbered,plain,5508,تعدون,2,77800
numbered,plain,5509,سعوا,2,77800
numbered,plain,5510,عقيم,2,77800
numbered,plain,5511,لعفو,2,77800
numbered,plain,5512,لكفور,2,77800
numbered,plain,5513,وادع,2,77800
numbered,plain,5514,تعرف,2,77800
numbered,plain,5515,اركعوا,2,77800
numbered,plain,5516,واسجدوا,2,77800
numbered,plain,5517,اللغو,2,77800
numbered,plain,5518,لفروجهم,2,77800
numbered,plain,5519,حافظون,2,77800
numbered,plain,5520,ملومين,2,77800
numbered,plain,5521,ابتغى,2,77800
numbered,plain,5522,العادون,2,77800
numbered,plain,5523,لأماناتهم,2,77800
numbered,plain,5524,وعهدهم,2,77800
numbered,plain,5525,راعون,2,77800
numbered,plain,5526,سلالة,2,77800
numbered,plain,5527,فخلقنا,2,77800
numbered,plain,5528,فتبارك,2,77800
numbered,plain,5529,الخالقين,2,77800
numbered,plain,5530,طرائق,2,77800
numbered,plain,5531,فواكه,2,77800
numbered,plain,5532,تحملون,2,77800
numbered,plain,5533,لأنزل,2,77800
numbered,plain,5534,آبائنا,2,77800
numbered,plain,5535,فأوحينا,2,77800
numbered,plain,5536,تشربون,2,77800
numbered,plain,5537,هيهات,2,77800
numbered,plain,5538,نموت,2,77800
numbered,plain,5539,ونحيا,2,77800
numbered,plain,5540,غثاء,2,77800
numbered,plain,5541,فبعدا,2,77800
numbered,plain,5542,قرونا,2,77800
numbered,plain,5543,أحاديث,2,77800
numbered,plain,5544,وقومهما,2,77800
numbered,plain,5545,فكذبوهما,2,77800
numbered,plain,5546,واعملوا,2,77800
numbered,plain,5547,ولدينا,2,77800
numbered,plain,5548,غمرة,2,77800
numbered,plain,5549,فكنتم,2,77800
numbered,plain,5550,أتيناهم,2,77800
numbered,plain,5551,ذرأكم,2,77800
numbered,plain,5552,يجير,2,77800
numbered,plain,5553,ادفع,2,77800
numbered,plain,5554,برزخ,2,77800
numbered,plain,5555,ضالين,2,77800
numbered,plain,5556,حسابه,2,77800
numbered,plain,5557,جلدة,2,77800
numbered,plain,5558,رأفة,2,77800
numbered,plain,5559,بأربعة,2,77800
numbered,plain,5560,شهادات,2,77800
numbered,plain,5561,والخامسة,2,77800
numbered,plain,5562,تواب,2,77800
numbered,plain,5563,شرا,2,77800
numbered,plain,5564,سمعتموه,2,77800
numbered,plain,5565,فإذ,2,77800
numbered,plain,5566,بأفواهكم,2,77800
numbered,plain,5567,ويعلمون,2,77800
numbered,plain,5568,فارجعوا,2,77800
numbered,plain,5569,فروجهم,2,77800
numbered,plain,5570,يبدين,2,77800
numbered,plain,5571,آبائهن,2,77800
numbered,plain,5572,بعولتهن,2,77800
numbered,plain,5573,أبنائهن,2,77800
numbered,plain,5574,أخواتهن,2,77800
numbered,plain,5575,نسائهن,2,77800
numbered,plain,5576,أيمانهن,2,77800
numbered,plain,5577,عورات,2,77800
numbered,plain,5578,نكاحا,2,77800
numbered,plain,5579,وآتوهم,2,77800
numbered,plain,5580,ومثلا,2,77800
numbered,plain,5581,فوقه,2,77800
numbered,plain,5582,سحاب,2,77800
numbered,plain,5583,صافات,2,77800
numbered,plain,5584,بينه,2,77800
numbered,plain,5585,الودق,2,77800
numbered,plain,5586,خلاله,2,77800
numbered,plain,5587,جبال,2,77800
numbered,plain,5588,بطنه,2,77800
numbered,plain,5589,ليخرجن,2,77800
numbered,plain,5590,الحلم,2,77800
numbered,plain,5591,صلاة,2,77800
numbered,plain,5592,بزينة,2,77800
numbered,plain,5593,الأعرج,2,77800
numbered,plain,5594,المريض,2,77800
numbered,plain,5595,مفاتحه,2,77800
numbered,plain,5596,أشتاتا,2,77800
numbered,plain,5597,تحية,2,77800
numbered,plain,5598,يذهبوا,2,77800
numbered,plain,5599,فقدره,2,77800
numbered,plain,5600,تقديرا,2,77800
numbered,plain,5601,وزورا,2,77800
numbered,plain,5602,الأسواق,2,77800
numbered,plain,5603,بالساعة,2,77800
numbered,plain,5604,أذلك,2,77800
numbered,plain,5605,بورا,2,77800
numbered,plain,5606,للمجرمين,2,77800
numbered,plain,5607,محجورا,2,77800
numbered,plain,5608,هباء,2,77800
numbered,plain,5609,منثورا,2,77800
numbered,plain,5610,تشقق,2,77800
numbered,plain,5611,ترتيلا,2,77800
numbered,plain,5612,وعادا,2,77800
numbered,plain,5613,الرس,2,77800
numbered,plain,5614,يرونها,2,77800
numbered,plain,5615,إلهه,2,77800
numbered,plain,5616,سباتا,2,77800
numbered,plain,5617,طهورا,2,77800
numbered,plain,5618,أنعاما,2,77800
numbered,plain,5619,جهادا,2,77800
numbered,plain,5620,مرج,2,77800
numbered,plain,5621,عذب,2,77800
numbered,plain,5622,فرات,2,77800
numbered,plain,5623,ملح,2,77800
numbered,plain,5624,أجاج,2,77800
numbered,plain,5625,نسبا,2,77800
numbered,plain,5626,الكافر,2,77800
numbered,plain,5627,منيرا,2,77800
numbered,plain,5628,الجاهلون,2,77800
numbered,plain,5629,عذابها,2,77800
numbered,plain,5630,ومقاما,2,77800
numbered,plain,5631,كراما,2,77800
numbered,plain,5632,قرة,2,77800
numbered,plain,5633,طسم,2,77800
numbered,plain,5634,ذنب,2,77800
numbered,plain,5635,فأخاف,2,77800
numbered,plain,5636,موقنين,2,77800
numbered,plain,5637,غيري,2,77800
numbered,plain,5638,لفرعون,2,77800
numbered,plain,5639,أئن,2,77800
numbered,plain,5640,متبعون,2,77800
numbered,plain,5641,ومقام,2,77800
numbered,plain,5642,وأورثناها,2,77800
numbered,plain,5643,وأنجينا,2,77800
numbered,plain,5644,سليم,2,77800
numbered,plain,5645,وأزلفت,2,77800
numbered,plain,5646,وبرزت,2,77800
numbered,plain,5647,ينتصرون,2,77800
numbered,plain,5648,لتكونن,2,77800
numbered,plain,5649,الباقين,2,77800
numbered,plain,5650,بطشتم,2,77800
numbered,plain,5651,أمدكم,2,77800
numbered,plain,5652,وزروع,2,77800
numbered,plain,5653,ونخل,2,77800
numbered,plain,5654,يصلحون,2,77800
numbered,plain,5655,المسحرين,2,77800
numbered,plain,5656,نجني,2,77800
numbered,plain,5657,عجوزا,2,77800
numbered,plain,5658,دمرنا,2,77800
numbered,plain,5659,فيقولوا,2,77800
numbered,plain,5660,أفبعذابنا,2,77800
numbered,plain,5661,أفاك,2,77800
numbered,plain,5662,واد,2,77800
numbered,plain,5663,بخبر,2,77800
numbered,plain,5664,تصطلون,2,77800
numbered,plain,5665,جاءها,2,77800
numbered,plain,5666,رآها,2,77800
numbered,plain,5667,تهتز,2,77800
numbered,plain,5668,مدبرا,2,77800
numbered,plain,5669,يعقب,2,77800
numbered,plain,5670,جيبك,2,77800
numbered,plain,5671,وأوتينا,2,77800
numbered,plain,5672,النمل,2,77800
numbered,plain,5673,أوزعني,2,77800
numbered,plain,5674,أشكر,2,77800
numbered,plain,5675,نعمتك,2,77800
numbered,plain,5676,والدي,2,77800
numbered,plain,5677,ترضاه,2,77800
numbered,plain,5678,بنبإ,2,77800
numbered,plain,5679,عرش,2,77800
numbered,plain,5680,للشمس,2,77800
numbered,plain,5681,فصدهم,2,77800
numbered,plain,5682,تعلوا,2,77800
numbered,plain,5683,تفرحون,2,77800
numbered,plain,5684,آتيك,2,77800
numbered,plain,5685,شكر,2,77800
numbered,plain,5686,قوارير,2,77800
numbered,plain,5687,طائركم,2,77800
numbered,plain,5688,تسعة,2,77800
numbered,plain,5689,فتلك,2,77800
numbered,plain,5690,بيوتهم,2,77800
numbered,plain,5691,حدائق,2,77800
numbered,plain,5692,قرارا,2,77800
numbered,plain,5693,أنهارا,2,77800
numbered,plain,5694,أئنا,2,77800
numbered,plain,5695,ضلالتهم,2,77800
numbered,plain,5696,ففزع,2,77800
numbered,plain,5697,داخرين,2,77800
numbered,plain,5698,فزع,2,77800
numbered,plain,5699,آمنون,2,77800
numbered,plain,5700,ونجعلهم,2,77800
numbered,plain,5701,وجنودهما,2,77800
numbered,plain,5702,وأصبح,2,77800
numbered,plain,5703,جنب,2,77800
numbered,plain,5704,عدوه,2,77800
numbered,plain,5705,مضل,2,77800
numbered,plain,5706,خائفا,2,77800
numbered,plain,5707,يترقب,2,77800
numbered,plain,5708,أقصى,2,77800
numbered,plain,5709,ورد,2,77800
numbered,plain,5710,يسقون,2,77800
numbered,plain,5711,قالتا,2,77800
numbered,plain,5712,يصدر,2,77800
numbered,plain,5713,بأهله,2,77800
numbered,plain,5714,لسانا,2,77800
numbered,plain,5715,ونجعل,2,77800
numbered,plain,5716,مفترى,2,77800
numbered,plain,5717,هامان,2,77800
numbered,plain,5718,صرحا,2,77800
numbered,plain,5719,لأظنه,2,77800
numbered,plain,5720,فنبذناهم,2,77800
numbered,plain,5721,بجانب,2,77800
numbered,plain,5722,قضينا,2,77800
numbered,plain,5723,مرسلين,2,77800
numbered,plain,5724,تظاهرا,2,77800
numbered,plain,5725,أحببت,2,77800
numbered,plain,5726,فمتاع,2,77800
numbered,plain,5727,المحضرين,2,77800
numbered,plain,5728,الأنباء,2,77800
numbered,plain,5729,الخيرة,2,77800
numbered,plain,5730,سرمدا,2,77800
numbered,plain,5731,قارون,2,77800
numbered,plain,5732,أوتيته,2,77800
numbered,plain,5733,الصابرون,2,77800
numbered,plain,5734,تمنوا,2,77800
numbered,plain,5735,جاهداك,2,77800
numbered,plain,5736,تطعهما,2,77800
numbered,plain,5737,فأنبئكم,2,77800
numbered,plain,5738,أوليس,2,77800
numbered,plain,5739,أثقالهم,2,77800
numbered,plain,5740,خمسين,2,77800
numbered,plain,5741,أوثانا,2,77800
numbered,plain,5742,يئسوا,2,77800
numbered,plain,5743,ومأواكم,2,77800
numbered,plain,5744,فآمن,2,77800
numbered,plain,5745,النبوة,2,77800
numbered,plain,5746,وقارون,2,77800
numbered,plain,5747,العنكبوت,2,77800
numbered,plain,5748,بيتا,2,77800
numbered,plain,5749,نضربها,2,77800
numbered,plain,5750,نجاهم,2,77800
numbered,plain,5751,أساءوا,2,77800
numbered,plain,5752,بشركائهم,2,77800
numbered,plain,5753,فأقم,2,77800
numbered,plain,5754,لخلق,2,77800
numbered,plain,5755,منيبين,2,77800
numbered,plain,5756,أيدي,2,77800
numbered,plain,5757,يصدعون,2,77800
numbered,plain,5758,فتثير,2,77800
numbered,plain,5759,لمحيي,2,77800
numbered,plain,5760,والإيمان,2,77800
numbered,plain,5761,ولكنكم,2,77800
numbered,plain,5762,معذرتهم,2,77800
numbered,plain,5763,للمحسنين,2,77800
numbered,plain,5764,مستكبرا,2,77800
numbered,plain,5765,يسمعها,2,77800
numbered,plain,5766,لقمان,2,77800
numbered,plain,5767,اشكر,2,77800
numbered,plain,5768,وفصاله,2,77800
numbered,plain,5769,مختال,2,77800
numbered,plain,5770,تروا,2,77800
numbered,plain,5771,ظاهرة,2,77800
numbered,plain,5772,بنعمت,2,77800
numbered,plain,5773,مقتصد,2,77800
numbered,plain,5774,تغرنكم,2,77800
numbered,plain,5775,يغرنكم,2,77800
numbered,plain,5776,الغيث,2,77800
numbered,plain,5777,بأي,2,77800
numbered,plain,5778,مقداره,2,77800
numbered,plain,5779,نسيتم,2,77800
numbered,plain,5780,ولنذيقنهم,2,77800
numbered,plain,5781,لرجل,2,77800
numbered,plain,5782,اللائي,2,77800
numbered,plain,5783,قولكم,2,77800
numbered,plain,5784,زاغت,2,77800
numbered,plain,5785,الحناجر,2,77800
numbered,plain,5786,أشحة,2,77800
numbered,plain,5787,وقذف,2,77800
numbered,plain,5788,لأزواجك,2,77800
numbered,plain,5789,كنتن,2,77800
numbered,plain,5790,تردن,2,77800
numbered,plain,5791,سراحا,2,77800
numbered,plain,5792,بيوتكن,2,77800
numbered,plain,5793,وأجرا,2,77800
numbered,plain,5794,وطرا,2,77800
numbered,plain,5795,قدرا,2,77800
numbered,plain,5796,ليخرجكم,2,77800
numbered,plain,5797,أزواجك,2,77800
numbered,plain,5798,فانتشروا,2,77800
numbered,plain,5799,أزواجه,2,77800
numbered,plain,5800,ينته,2,77800
numbered,plain,5801,لسنة,2,77800
numbered,plain,5802,أطعنا,2,77800
numbered,plain,5803,والمشركات,2,77800
numbered,plain,5804,ممزق,2,77800
numbered,plain,5805,المهين,2,77800
numbered,plain,5806,سدر,2,77800
numbered,plain,5807,قرى,2,77800
numbered,plain,5808,ظهير,2,77800
numbered,plain,5809,إياكم,2,77800
numbered,plain,5810,يفتح,2,77800
numbered,plain,5811,مترفوها,2,77800
numbered,plain,5812,زلفى,2,77800
numbered,plain,5813,فكذبوا,2,77800
numbered,plain,5814,وأنى,2,77800
numbered,plain,5815,ويقذفون,2,77800
numbered,plain,5816,فرآه,2,77800
numbered,plain,5817,النشور,2,77800
numbered,plain,5818,تنذر,2,77800
numbered,plain,5819,يتزكى,2,77800
numbered,plain,5820,ألوانها,2,77800
numbered,plain,5821,بيض,2,77800
numbered,plain,5822,لخبير,2,77800
numbered,plain,5823,سابق,2,77800
numbered,plain,5824,يمسنا,2,77800
numbered,plain,5825,لغوب,2,77800
numbered,plain,5826,كفرهم,2,77800
numbered,plain,5827,استكبارا,2,77800
numbered,plain,5828,السيئ,2,77800
numbered,plain,5829,لسنت,2,77800
numbered,plain,5830,أحصيناه,2,77800
numbered,plain,5831,يسألكم,2,77800
numbered,plain,5832,شفاعتهم,2,77800
numbered,plain,5833,ينقذون,2,77800
numbered,plain,5834,المكرمين,2,77800
numbered,plain,5835,العباد,2,77800
numbered,plain,5836,الأزواج,2,77800
numbered,plain,5837,ظلال,2,77800
numbered,plain,5838,اصلوها,2,77800
numbered,plain,5839,المشارق,2,77800
numbered,plain,5840,الكواكب,2,77800
numbered,plain,5841,وحفظا,2,77800
numbered,plain,5842,فاستفتهم,2,77800
numbered,plain,5843,أوآباؤنا,2,77800
numbered,plain,5844,زجرة,2,77800
numbered,plain,5845,وأقبل,2,77800
numbered,plain,5846,طاغين,2,77800
numbered,plain,5847,مشتركون,2,77800
numbered,plain,5848,بالمجرمين,2,77800
numbered,plain,5849,يطاف,2,77800
numbered,plain,5850,لذة,2,77800
numbered,plain,5851,ينزفون,2,77800
numbered,plain,5852,كأنهن,2,77800
numbered,plain,5853,فأقبل,2,77800
numbered,plain,5854,قرين,2,77800
numbered,plain,5855,المصدقين,2,77800
numbered,plain,5856,لكنت,2,77800
numbered,plain,5857,موتتنا,2,77800
numbered,plain,5858,الزقوم,2,77800
numbered,plain,5859,لآكلون,2,77800
numbered,plain,5860,فمالئون,2,77800
numbered,plain,5861,ظنكم,2,77800
numbered,plain,5862,سقيم,2,77800
numbered,plain,5863,تنطقون,2,77800
numbered,plain,5864,باليمين,2,77800
numbered,plain,5865,الأسفلين,2,77800
numbered,plain,5866,ذريتهما,2,77800
numbered,plain,5867,لمحضرون,2,77800
numbered,plain,5868,مليم,2,77800
numbered,plain,5869,بالعراء,2,77800
numbered,plain,5870,البنون,2,77800
numbered,plain,5871,إفكهم,2,77800
numbered,plain,5872,فنادوا,2,77800
numbered,plain,5873,الأوتاد,2,77800
numbered,plain,5874,وشددنا,2,77800
numbered,plain,5875,الخطاب,2,77800
numbered,plain,5876,نعجة,2,77800
numbered,plain,5877,فاستغفر,2,77800
numbered,plain,5878,لزلفى,2,77800
numbered,plain,5879,العبد,2,77800
numbered,plain,5880,لأحد,2,77800
numbered,plain,5881,بارد,2,77800
numbered,plain,5882,وشراب,2,77800
numbered,plain,5883,الأخيار,2,77800
numbered,plain,5884,بفاكهة,2,77800
numbered,plain,5885,للطاغين,2,77800
numbered,plain,5886,فوج,2,77800
numbered,plain,5887,مرحبا,2,77800
numbered,plain,5888,فاعبد,2,77800
numbered,plain,5889,وأهليهم,2,77800
numbered,plain,5890,اجتنبوا,2,77800
numbered,plain,5891,غرف,2,77800
numbered,plain,5892,يهيج,2,77800
numbered,plain,5893,فتراه,2,77800
numbered,plain,5894,لذكرى,2,77800
numbered,plain,5895,فأتاهم,2,77800
numbered,plain,5896,بالصدق,2,77800
numbered,plain,5897,أسوأ,2,77800
numbered,plain,5898,أرادني,2,77800
numbered,plain,5899,مقاليد,2,77800
numbered,plain,5900,قيام,2,77800
numbered,plain,5901,وجيء,2,77800
numbered,plain,5902,وسيق,2,77800
numbered,plain,5903,زمرا,2,77800
numbered,plain,5904,وفتحت,2,77800
numbered,plain,5905,ويستغفرون,2,77800
numbered,plain,5906,وقهم,2,77800
numbered,plain,5907,ينادون,2,77800
numbered,plain,5908,بأنه,2,77800
numbered,plain,5909,ينيب,2,77800
numbered,plain,5910,فادعوا,2,77800
numbered,plain,5911,تجزى,2,77800
numbered,plain,5912,الآزفة,2,77800
numbered,plain,5913,الأعين,2,77800
numbered,plain,5914,وآثارا,2,77800
numbered,plain,5915,يظهر,2,77800
numbered,plain,5916,عذت,2,77800
numbered,plain,5917,متكبر,2,77800
numbered,plain,5918,كاذبا,2,77800
numbered,plain,5919,مسرف,2,77800
numbered,plain,5920,ظاهرين,2,77800
numbered,plain,5921,الرشاد,2,77800
numbered,plain,5922,للعباد,2,77800
numbered,plain,5923,قلب,2,77800
numbered,plain,5924,أدعوكم,2,77800
numbered,plain,5925,تدعونني,2,77800
numbered,plain,5926,يؤفك,2,77800
numbered,plain,5927,وصوركم,2,77800
numbered,plain,5928,فأحسن,2,77800
numbered,plain,5929,صوركم,2,77800
numbered,plain,5930,ولتبلغوا,2,77800
numbered,plain,5931,يسحبون,2,77800
numbered,plain,5932,وخسر,2,77800
numbered,plain,5933,وقر,2,77800
numbered,plain,5934,وتجعلون,2,77800
numbered,plain,5935,بمصابيح,2,77800
numbered,plain,5936,صرصرا,2,77800
numbered,plain,5937,خلقهن,2,77800
numbered,plain,5938,أساء,2,77800
numbered,plain,5939,الولي,2,77800
numbered,plain,5940,حجتهم,2,77800
numbered,plain,5941,نزد,2,77800
numbered,plain,5942,كالأعلام,2,77800
numbered,plain,5943,ظهره,2,77800
numbered,plain,5944,يجتنبون,2,77800
numbered,plain,5945,والفواحش,2,77800
numbered,plain,5946,صبر,2,77800
numbered,plain,5947,ينصرونهم,2,77800
numbered,plain,5948,بطشا,2,77800
numbered,plain,5949,باقية,2,77800
numbered,plain,5950,لجعلنا,2,77800
numbered,plain,5951,أبوابا,2,77800
numbered,plain,5952,المشرقين,2,77800
numbered,plain,5953,لذكر,2,77800
numbered,plain,5954,نسمع,2,77800
numbered,plain,5955,ويلعبوا,2,77800
numbered,plain,5956,فارتقب,2,77800
numbered,plain,5957,فدعا,2,77800
numbered,plain,5958,مجرمون,2,77800
numbered,plain,5959,ونعمة,2,77800
numbered,plain,5960,فاكهين,2,77800
numbered,plain,5961,بآبائنا,2,77800
numbered,plain,5962,خذوه,2,77800
numbered,plain,5963,وزوجناهم,2,77800
numbered,plain,5964,بحور,2,77800
numbered,plain,5965,يذوقون,2,77800
numbered,plain,5966,ووقاهم,2,77800
numbered,plain,5967,الدهر,2,77800
numbered,plain,5968,يجمعكم,2,77800
numbered,plain,5969,والساعة,2,77800
numbered,plain,5970,ندري,2,77800
numbered,plain,5971,وغرتكم,2,77800
numbered,plain,5972,حشر,2,77800
numbered,plain,5973,سبقونا,2,77800
numbered,plain,5974,رأوه,2,77800
numbered,plain,5975,داعي,2,77800
numbered,plain,5976,بالهم,2,77800
numbered,plain,5977,أمثالهم,2,77800
numbered,plain,5978,فضرب,2,77800
numbered,plain,5979,ويدخلهم,2,77800
numbered,plain,5980,كرهوا,2,77800
numbered,plain,5981,ناصر,2,77800
numbered,plain,5982,أرحامكم,2,77800
numbered,plain,5983,فمنكم,2,77800
numbered,plain,5984,السكينة,2,77800
numbered,plain,5985,ليدخل,2,77800
numbered,plain,5986,يبايعونك,2,77800
numbered,plain,5987,فعلم,2,77800
numbered,plain,5988,فجعل,2,77800
numbered,plain,5989,فاستوى,2,77800
numbered,plain,5990,الصادقون,2,77800
numbered,plain,5991,المجيد,2,77800
numbered,plain,5992,بنيناها,2,77800
numbered,plain,5993,الأول,2,77800
numbered,plain,5994,حبل,2,77800
numbered,plain,5995,عتيد,2,77800
numbered,plain,5996,قرينه,2,77800
numbered,plain,5997,مناع,2,77800
numbered,plain,5998,للخير,2,77800
numbered,plain,5999,مزيد,2,77800
numbered,plain,6000,فسبحه,2,77800
numbered,plain,6001,سراعا,2,77800
numbered,plain,6002,ساهون,2,77800
numbered,plain,6003,للسائل,2,77800
numbered,plain,6004,والمحروم,2,77800
numbered,plain,6005,طاغون,2,77800
numbered,plain,6006,دافع,2,77800
numbered,plain,6007,تمور,2,77800
numbered,plain,6008,مصفوفة,2,77800
numbered,plain,6009,كأسا,2,77800
numbered,plain,6010,ويطوف,2,77800
numbered,plain,6011,فليأتوا,2,77800
numbered,plain,6012,الخالقون,2,77800
numbered,plain,6013,مغرم,2,77800
numbered,plain,6014,مثقلون,2,77800
numbered,plain,6015,والنجم,2,77800
numbered,plain,6016,صاحبكم,2,77800
numbered,plain,6017,بالأفق,2,77800
numbered,plain,6018,المنتهى,2,77800
numbered,plain,6019,الأنثى,2,77800
numbered,plain,6020,قسمة,2,77800
numbered,plain,6021,المغفرة,2,77800
numbered,plain,6022,ينبأ,2,77800
numbered,plain,6023,الزوجين,2,77800
numbered,plain,6024,مستمر,2,77800
numbered,plain,6025,بالغة,2,77800
numbered,plain,6026,عسر,2,77800
numbered,plain,6027,أعجاز,2,77800
numbered,plain,6028,نخل,2,77800
numbered,plain,6029,وسعر,2,77800
numbered,plain,6030,أشر,2,77800
numbered,plain,6031,مقتدر,2,77800
numbered,plain,6032,الزبر,2,77800
numbered,plain,6033,اللؤلؤ,2,77800
numbered,plain,6034,والمرجان,2,77800
numbered,plain,6035,الجلال,2,77800
numbered,plain,6036,والإكرام,2,77800
numbered,plain,6037,انشقت,2,77800
numbered,plain,6038,عينان,2,77800
numbered,plain,6039,يطمثهن,2,77800
numbered,plain,6040,الإحسان,2,77800
numbered,plain,6041,حسان,2,77800
numbered,plain,6042,وقعت,2,77800
numbered,plain,6043,الواقعة,2,77800
numbered,plain,6044,كاذبة,2,77800
numbered,plain,6045,ثلة,2,77800
numbered,plain,6046,ولدان,2,77800
numbered,plain,6047,مخلدون,2,77800
numbered,plain,6048,وظل,2,77800
numbered,plain,6049,أترابا,2,77800
numbered,plain,6050,لأصحاب,2,77800
numbered,plain,6051,فشاربون,2,77800
numbered,plain,6052,بمسبوقين,2,77800
numbered,plain,6053,نبدل,2,77800
numbered,plain,6054,محرومون,2,77800
numbered,plain,6055,جحيم,2,77800
numbered,plain,6056,نورهم,2,77800
numbered,plain,6057,وبأيمانهم,2,77800
numbered,plain,6058,وأقرضوا,2,77800
numbered,plain,6059,يظاهرون,2,77800
numbered,plain,6060,يعودون,2,77800
numbered,plain,6061,يتماسا,2,77800
numbered,plain,6062,يحادون,2,77800
numbered,plain,6063,ومعصيت,2,77800
numbered,plain,6064,نجواكم,2,77800
numbered,plain,6065,فأنساهم,2,77800
numbered,plain,6066,يوق,2,77800
numbered,plain,6067,شح,2,77800
numbered,plain,6068,القدوس,2,77800
numbered,plain,6069,بالمودة,2,77800
numbered,plain,6070,ينهاكم,2,77800
numbered,plain,6071,ويدخلكم,2,77800
numbered,plain,6072,يؤخر,2,77800
numbered,plain,6073,واستغنى,2,77800
numbered,plain,6074,ويعمل,2,77800
numbered,plain,6075,سيئاته,2,77800
numbered,plain,6076,واللائي,2,77800
numbered,plain,6077,حملهن,2,77800
numbered,plain,6078,طباقا,2,77800
numbered,plain,6079,بذنبهم,2,77800
numbered,plain,6080,بمجنون,2,77800
numbered,plain,6081,قادرين,2,77800
numbered,plain,6082,لضالون,2,77800
numbered,plain,6083,ترهقهم,2,77800
numbered,plain,6084,فأهلكوا,2,77800
numbered,plain,6085,والملك,2,77800
numbered,plain,6086,كتابيه,2,77800
numbered,plain,6087,حسابيه,2,77800
numbered,plain,6088,عيشة,2,77800
numbered,plain,6089,عالية,2,77800
numbered,plain,6090,قطوفها,2,77800
numbered,plain,6091,يحض,2,77800
numbered,plain,6092,والروح,2,77800
numbered,plain,6093,كالعهن,2,77800
numbered,plain,6094,وصاحبته,2,77800
numbered,plain,6095,وجمع,2,77800
numbered,plain,6096,المصلين,2,77800
numbered,plain,6097,دعوتهم,2,77800
numbered,plain,6098,تذرن,2,77800
numbered,plain,6099,تزد,2,77800
numbered,plain,6100,ظننا,2,77800
numbered,plain,6101,رهقا,2,77800
numbered,plain,6102,رصدا,2,77800
numbered,plain,6103,ومنا,2,77800
numbered,plain,6104,القاسطون,2,77800
numbered,plain,6105,لبدا,2,77800
numbered,plain,6106,قم,2,77800
numbered,plain,6107,ثقيلا,2,77800
numbered,plain,6108,سبحا,2,77800
numbered,plain,6109,طويلا,2,77800
numbered,plain,6110,ترجف,2,77800
numbered,plain,6111,فاقرءوا,2,77800
numbered,plain,6112,تيسر,2,77800
numbered,plain,6113,عبس,2,77800
numbered,plain,6114,والصبح,2,77800
numbered,plain,6115,نك,2,77800
numbered,plain,6116,صحفا,2,77800
numbered,plain,6117,ذكره,2,77800
numbered,plain,6118,ووجوه,2,77800
numbered,plain,6119,صلى,2,77800
numbered,plain,6120,فسوى,2,77800
numbered,plain,6121,مزاجها,2,77800
numbered,plain,6122,يشرب,2,77800
numbered,plain,6123,نضرة,2,77800
numbered,plain,6124,شرابا,2,77800
numbered,plain,6125,سعيكم,2,77800
numbered,plain,6126,تشاءون,2,77800
numbered,plain,6127,انطلقوا,2,77800
numbered,plain,6128,أفواجا,2,77800
numbered,plain,6129,مآبا,2,77800
numbered,plain,6130,كذابا,2,77800
numbered,plain,6131,بناها,2,77800
numbered,plain,6132,فسواها,2,77800
numbered,plain,6133,ضحاها,2,77800
numbered,plain,6134,ولأنعامكم,2,77800
numbered,plain,6135,يزكى,2,77800
numbered,plain,6136,استغنى,2,77800
numbered,plain,6137,فأنت,2,77800
numbered,plain,6138,البحار,2,77800
numbered,plain,6139,الفجار,2,77800
numbered,plain,6140,سجين,2,77800
numbered,plain,6141,مرقوم,2,77800
numbered,plain,6142,وأذنت,2,77800
numbered,plain,6143,لربها,2,77800
numbered,plain,6144,وحقت,2,77800
numbered,plain,6145,مسرورا,2,77800
numbered,plain,6146,لليسرى,2,77800
numbered,plain,6147,الأشقى,2,77800
numbered,plain,6148,حامية,2,77800
numbered,plain,6149,جوع,2,77800
numbered,plain,6150,ابتلاه,2,77800
numbered,plain,6151,العقبة,2,77800
numbered,plain,6152,يتيما,2,77800
numbered,plain,6153,مؤصدة,2,77800
numbered,plain,6154,فسنيسره,2,77800
numbered,plain,6155,ولسوف,2,77800
numbered,plain,6156,ووجدك,2,77800
numbered,plain,6157,البينة,2,77800
numbered,plain,6158,البرية,2,77800
numbered,plain,6159,الحطمة,2,77800
numbered,plain,6160,لهب,2,77800
numbered,plain,6161,إياك,1,77800
numbered,plain,6162,وإياك,1,77800
numbered,plain,6163,نستعين,1,77800
numbered,plain,6164,اهدنا,1,77800
numbered,plain,6165,المغضوب,1,77800
numbered,plain,6166,وبالآخرة,1,77800
numbered,plain,6167,ختم,1,77800
numbered,plain,6168,وباليوم,1,77800
numbered,plain,6169,يخدعون,1,77800
numbered,plain,6170,مرضا,1,77800
numbered,plain,6171,المفسدون,1,77800
numbered,plain,6172,شياطينهم,1,77800
numbered,plain,6173,مستهزئون,1,77800
numbered,plain,6174,يستهزئ,1,77800
numbered,plain,6175,ويمدهم,1,77800
numbered,plain,6176,ربحت,1,77800
numbered,plain,6177,تجارتهم,1,77800
numbered,plain,6178,استوقد,1,77800
numbered,plain,6179,أضاءت,1,77800
numbered,plain,6180,بنورهم,1,77800
numbered,plain,6181,وتركهم,1,77800
numbered,plain,6182,كصيب,1,77800
numbered,plain,6183,ورعد,1,77800
numbered,plain,6184,وبرق,1,77800
numbered,plain,6185,يخطف,1,77800
numbered,plain,6186,أضاء,1,77800
numbered,plain,6187,مشوا,1,77800
numbered,plain,6188,بسمعهم,1,77800
numbered,plain,6189,فراشا,1,77800
numbered,plain,6190,رزقوا,1,77800
numbered,plain,6191,ثمرة,1,77800
numbered,plain,6192,رزقنا,1,77800
numbered,plain,6193,بعوضة,1,77800
numbered,plain,6194,فيعلمون,1,77800
numbered,plain,6195,فيقولون,1,77800
numbered,plain,6196,فأحياكم,1,77800
numbered,plain,6197,فسواهن,1,77800
numbered,plain,6198,أتجعل,1,77800
numbered,plain,6199,يفسد,1,77800
numbered,plain,6200,ويسفك,1,77800
numbered,plain,6201,الدماء,1,77800
numbered,plain,6202,نسبح,1,77800
numbered,plain,6203,بحمدك,1,77800
numbered,plain,6204,ونقدس,1,77800
numbered,plain,6205,عرضهم,1,77800
numbered,plain,6206,أنبئوني,1,77800
numbered,plain,6207,بأسماء,1,77800
numbered,plain,6208,علمتنا,1,77800
numbered,plain,6209,أنبئهم,1,77800
numbered,plain,6210,أنبأهم,1,77800
numbered,plain,6211,فأزلهما,1,77800
numbered,plain,6212,فأخرجهما,1,77800
numbered,plain,6213,بعهدي,1,77800
numbered,plain,6214,أوف,1,77800
numbered,plain,6215,بعهدكم,1,77800
numbered,plain,6216,تلبسوا,1,77800
numbered,plain,6217,وتكتموا,1,77800
numbered,plain,6218,واركعوا,1,77800
numbered,plain,6219,أتأمرون,1,77800
numbered,plain,6220,تتلون,1,77800
numbered,plain,6221,واستعينوا,1,77800
numbered,plain,6222,الخاشعين,1,77800
numbered,plain,6223,نجيناكم,1,77800
numbered,plain,6224,يذبحون,1,77800
numbered,plain,6225,فرقنا,1,77800
numbered,plain,6226,فأنجيناكم,1,77800
numbered,plain,6227,واعدنا,1,77800
numbered,plain,6228,عفونا,1,77800
numbered,plain,6229,باتخاذكم,1,77800
numbered,plain,6230,فتوبوا,1,77800
numbered,plain,6231,فأخذتكم,1,77800
numbered,plain,6232,بعثناكم,1,77800
numbered,plain,6233,موتكم,1,77800
numbered,plain,6234,وسنزيد,1,77800
numbered,plain,6235,استسقى,1,77800
numbered,plain,6236,فانفجرت,1,77800
numbered,plain,6237,نصبر,1,77800
numbered,plain,6238,بقلها,1,77800
numbered,plain,6239,وقثائها,1,77800
numbered,plain,6240,وفومها,1,77800
numbered,plain,6241,وعدسها,1,77800
numbered,plain,6242,وبصلها,1,77800
numbered,plain,6243,أتستبدلون,1,77800
numbered,plain,6244,مصرا,1,77800
numbered,plain,6245,سألتم,1,77800
numbered,plain,6246,والمسكنة,1,77800
numbered,plain,6247,لكنتم,1,77800
numbered,plain,6248,اعتدوا,1,77800
numbered,plain,6249,يديها,1,77800
numbered,plain,6250,خلفها,1,77800
numbered,plain,6251,تذبحوا,1,77800
numbered,plain,6252,أتتخذنا,1,77800
numbered,plain,6253,فارض,1,77800
numbered,plain,6254,بكر,1,77800
numbered,plain,6255,عوان,1,77800
numbered,plain,6256,فافعلوا,1,77800
numbered,plain,6257,صفراء,1,77800
numbered,plain,6258,فاقع,1,77800
numbered,plain,6259,تسر,1,77800
numbered,plain,6260,الناظرين,1,77800
numbered,plain,6261,ذلول,1,77800
numbered,plain,6262,تثير,1,77800
numbered,plain,6263,تسقي,1,77800
numbered,plain,6264,شية,1,77800
numbered,plain,6265,فذبحوها,1,77800
numbered,plain,6266,فادارأتم,1,77800
numbered,plain,6267,اضربوه,1,77800
numbered,plain,6268,ببعضها,1,77800
numbered,plain,6269,كالحجارة,1,77800
numbered,plain,6270,قسوة,1,77800
numbered,plain,6271,الحجارة,1,77800
numbered,plain,6272,يتفجر,1,77800
numbered,plain,6273,يشقق,1,77800
numbered,plain,6274,فيخرج,1,77800
numbered,plain,6275,يهبط,1,77800
numbered,plain,6276,أفتطمعون,1,77800
numbered,plain,6277,يحرفونه,1,77800
numbered,plain,6278,عقلوه,1,77800
numbered,plain,6279,أتحدثونهم,1,77800
numbered,plain,6280,ليحاجوكم,1,77800
numbered,plain,6281,أميون,1,77800
numbered,plain,6282,ليشتروا,1,77800
numbered,plain,6283,أتخذتم,1,77800
numbered,plain,6284,عهده,1,77800
numbered,plain,6285,وأحاطت,1,77800
numbered,plain,6286,خطيئته,1,77800
numbered,plain,6287,وذي,1,77800
numbered,plain,6288,تسفكون,1,77800
numbered,plain,6289,دماءكم,1,77800
numbered,plain,6290,أقررتم,1,77800
numbered,plain,6291,وتخرجون,1,77800
numbered,plain,6292,يأتوكم,1,77800
numbered,plain,6293,أسارى,1,77800
numbered,plain,6294,تفادوهم,1,77800
numbered,plain,6295,محرم,1,77800
numbered,plain,6296,إخراجهم,1,77800
numbered,plain,6297,أفتؤمنون,1,77800
numbered,plain,6298,وتكفرون,1,77800
numbered,plain,6299,بالرسل,1,77800
numbered,plain,6300,أفكلما,1,77800
numbered,plain,6301,استكبرتم,1,77800
numbered,plain,6302,ففريقا,1,77800
numbered,plain,6303,فقليلا,1,77800
numbered,plain,6304,يستفتحون,1,77800
numbered,plain,6305,فلعنة,1,77800
numbered,plain,6306,فباءوا,1,77800
numbered,plain,6307,ويكفرون,1,77800
numbered,plain,6308,وراءه,1,77800
numbered,plain,6309,وأشربوا,1,77800
numbered,plain,6310,يتمنوه,1,77800
numbered,plain,6311,ولتجدنهم,1,77800
numbered,plain,6312,أحرص,1,77800
numbered,plain,6313,بمزحزحه,1,77800
numbered,plain,6314,لجبريل,1,77800
numbered,plain,6315,وميكال,1,77800
numbered,plain,6316,أوكلما,1,77800
numbered,plain,6317,نبذه,1,77800
numbered,plain,6318,نبذ,1,77800
numbered,plain,6319,الملكين,1,77800
numbered,plain,6320,ببابل,1,77800
numbered,plain,6321,هاروت,1,77800
numbered,plain,6322,وماروت,1,77800
numbered,plain,6323,يعلمان,1,77800
numbered,plain,6324,يقولا,1,77800
numbered,plain,6325,تكفر,1,77800
numbered,plain,6326,فيتعلمون,1,77800
numbered,plain,6327,وزوجه,1,77800
numbered,plain,6328,بضارين,1,77800
numbered,plain,6329,ويتعلمون,1,77800
numbered,plain,6330,علموا,1,77800
numbered,plain,6331,شروا,1,77800
numbered,plain,6332,لمثوبة,1,77800
numbered,plain,6333,راعنا,1,77800
numbered,plain,6334,انظرنا,1,77800
numbered,plain,6335,ننسخ,1,77800
numbered,plain,6336,ننسها,1,77800
numbered,plain,6337,نأت,1,77800
numbered,plain,6338,سئل,1,77800
numbered,plain,6339,يتبدل,1,77800
numbered,plain,6340,يردونكم,1,77800
numbered,plain,6341,حسدا,1,77800
numbered,plain,6342,فاعفوا,1,77800
numbered,plain,6343,واصفحوا,1,77800
numbered,plain,6344,أمانيهم,1,77800
numbered,plain,6345,خرابها,1,77800
numbered,plain,6346,خائفين,1,77800
numbered,plain,6347,فأينما,1,77800
numbered,plain,6348,فثم,1,77800
numbered,plain,6349,يكلمنا,1,77800
numbered,plain,6350,تشابهت,1,77800
numbered,plain,6351,تسأل,1,77800
numbered,plain,6352,يتلونه,1,77800
numbered,plain,6353,تلاوته,1,77800
numbered,plain,6354,تنفعها,1,77800
numbered,plain,6355,ابتلى,1,77800
numbered,plain,6356,فأتمهن,1,77800
numbered,plain,6357,جاعلك,1,77800
numbered,plain,6358,عهدي,1,77800
numbered,plain,6359,مثابة,1,77800
numbered,plain,6360,وأمنا,1,77800
numbered,plain,6361,مصلى,1,77800
numbered,plain,6362,وعهدنا,1,77800
numbered,plain,6363,طهرا,1,77800
numbered,plain,6364,والعاكفين,1,77800
numbered,plain,6365,بلدا,1,77800
numbered,plain,6366,وارزق,1,77800
numbered,plain,6367,فأمتعه,1,77800
numbered,plain,6368,أضطره,1,77800
numbered,plain,6369,ذريتنا,1,77800
numbered,plain,6370,وأرنا,1,77800
numbered,plain,6371,مناسكنا,1,77800
numbered,plain,6372,يرغب,1,77800
numbered,plain,6373,سفه,1,77800
numbered,plain,6374,اصطفيناه,1,77800
numbered,plain,6375,ووصى,1,77800
numbered,plain,6376,بنيه,1,77800
numbered,plain,6377,لبنيه,1,77800
numbered,plain,6378,آبائك,1,77800
numbered,plain,6379,فسيكفيكهم,1,77800
numbered,plain,6380,أتحاجوننا,1,77800
numbered,plain,6381,ولنا,1,77800
numbered,plain,6382,مخلصون,1,77800
numbered,plain,6383,كتم,1,77800
numbered,plain,6384,ولاهم,1,77800
numbered,plain,6385,وسطا,1,77800
numbered,plain,6386,القبلة,1,77800
numbered,plain,6387,ليضيع,1,77800
numbered,plain,6388,فلنولينك,1,77800
numbered,plain,6389,ترضاها,1,77800
numbered,plain,6390,ليعلمون,1,77800
numbered,plain,6391,أتيت,1,77800
numbered,plain,6392,تبعوا,1,77800
numbered,plain,6393,قبلتك,1,77800
numbered,plain,6394,ليكتمون,1,77800
numbered,plain,6395,وجهة,1,77800
numbered,plain,6396,موليها,1,77800
numbered,plain,6397,واخشوني,1,77800
numbered,plain,6398,ولأتم,1,77800
numbered,plain,6399,ويزكيكم,1,77800
numbered,plain,6400,فاذكروني,1,77800
numbered,plain,6401,أذكركم,1,77800
numbered,plain,6402,والجوع,1,77800
numbered,plain,6403,والأنفس,1,77800
numbered,plain,6404,والثمرات,1,77800
numbered,plain,6405,صلوات,1,77800
numbered,plain,6406,المهتدون,1,77800
numbered,plain,6407,الصفا,1,77800
numbered,plain,6408,والمروة,1,77800
numbered,plain,6409,اعتمر,1,77800
numbered,plain,6410,شاكر,1,77800
numbered,plain,6411,والهدى,1,77800
numbered,plain,6412,بيناه,1,77800
numbered,plain,6413,يلعنهم,1,77800
numbered,plain,6414,ويلعنهم,1,77800
numbered,plain,6415,اللاعنون,1,77800
numbered,plain,6416,وبينوا,1,77800
numbered,plain,6417,أتوب,1,77800
numbered,plain,6418,والسحاب,1,77800
numbered,plain,6419,المسخر,1,77800
numbered,plain,6420,يحبونهم,1,77800
numbered,plain,6421,كحب,1,77800
numbered,plain,6422,وتقطعت,1,77800
numbered,plain,6423,فنتبرأ,1,77800
numbered,plain,6424,تبرءوا,1,77800
numbered,plain,6425,يريهم,1,77800
numbered,plain,6426,ألفينا,1,77800
numbered,plain,6427,ينعق,1,77800
numbered,plain,6428,ونداء,1,77800
numbered,plain,6429,ويشترون,1,77800
numbered,plain,6430,والعذاب,1,77800
numbered,plain,6431,بالمغفرة,1,77800
numbered,plain,6432,أصبرهم,1,77800
numbered,plain,6433,والسائلين,1,77800
numbered,plain,6434,والموفون,1,77800
numbered,plain,6435,بعهدهم,1,77800
numbered,plain,6436,القتلى,1,77800
numbered,plain,6437,بالحر,1,77800
numbered,plain,6438,والعبد,1,77800
numbered,plain,6439,بالعبد,1,77800
numbered,plain,6440,عفي,1,77800
numbered,plain,6441,فاتباع,1,77800
numbered,plain,6442,وأداء,1,77800
numbered,plain,6443,تخفيف,1,77800
numbered,plain,6444,للوالدين,1,77800
numbered,plain,6445,إثمه,1,77800
numbered,plain,6446,يبدلونه,1,77800
numbered,plain,6447,موص,1,77800
numbered,plain,6448,جنفا,1,77800
numbered,plain,6449,فأصلح,1,77800
numbered,plain,6450,يطيقونه,1,77800
numbered,plain,6451,تصوموا,1,77800
numbered,plain,6452,رمضان,1,77800
numbered,plain,6453,وبينات,1,77800
numbered,plain,6454,فليصمه,1,77800
numbered,plain,6455,اليسر,1,77800
numbered,plain,6456,ولتكملوا,1,77800
numbered,plain,6457,ولتكبروا,1,77800
numbered,plain,6458,سألك,1,77800
numbered,plain,6459,أجيب,1,77800
numbered,plain,6460,دعان,1,77800
numbered,plain,6461,وليؤمنوا,1,77800
numbered,plain,6462,يرشدون,1,77800
numbered,plain,6463,الرفث,1,77800
numbered,plain,6464,تختانون,1,77800
numbered,plain,6465,وعفا,1,77800
numbered,plain,6466,فالآن,1,77800
numbered,plain,6467,باشروهن,1,77800
numbered,plain,6468,الأبيض,1,77800
numbered,plain,6469,الأسود,1,77800
numbered,plain,6470,أتموا,1,77800
numbered,plain,6471,تباشروهن,1,77800
numbered,plain,6472,تقربوها,1,77800
numbered,plain,6473,وتدلوا,1,77800
numbered,plain,6474,الحكام,1,77800
numbered,plain,6475,الأهلة,1,77800
numbered,plain,6476,مواقيت,1,77800
numbered,plain,6477,والحج,1,77800
numbered,plain,6478,تأتوا,1,77800
numbered,plain,6479,وأخرجوهم,1,77800
numbered,plain,6480,أخرجوكم,1,77800
numbered,plain,6481,تقاتلوهم,1,77800
numbered,plain,6482,فاقتلوهم,1,77800
numbered,plain,6483,بالشهر,1,77800
numbered,plain,6484,والحرمات,1,77800
numbered,plain,6485,فاعتدوا,1,77800
numbered,plain,6486,تلقوا,1,77800
numbered,plain,6487,التهلكة,1,77800
numbered,plain,6488,وأتموا,1,77800
numbered,plain,6489,والعمرة,1,77800
numbered,plain,6490,أحصرتم,1,77800
numbered,plain,6491,تحلقوا,1,77800
numbered,plain,6492,ففدية,1,77800
numbered,plain,6493,صيام,1,77800
numbered,plain,6494,نسك,1,77800
numbered,plain,6495,بالعمرة,1,77800
numbered,plain,6496,وسبعة,1,77800
numbered,plain,6497,حاضري,1,77800
numbered,plain,6498,رفث,1,77800
numbered,plain,6499,جدال,1,77800
numbered,plain,6500,وتزودوا,1,77800
numbered,plain,6501,الزاد,1,77800
numbered,plain,6502,واتقون,1,77800
numbered,plain,6503,عرفات,1,77800
numbered,plain,6504,المشعر,1,77800
numbered,plain,6505,واذكروه,1,77800
numbered,plain,6506,أفاض,1,77800
numbered,plain,6507,مناسككم,1,77800
numbered,plain,6508,كذكركم,1,77800
numbered,plain,6509,يعجبك,1,77800
numbered,plain,6510,ويشهد,1,77800
numbered,plain,6511,ألد,1,77800
numbered,plain,6512,ليفسد,1,77800
numbered,plain,6513,ويهلك,1,77800
numbered,plain,6514,والنسل,1,77800
numbered,plain,6515,فحسبه,1,77800
numbered,plain,6516,يشري,1,77800
numbered,plain,6517,زللتم,1,77800
numbered,plain,6518,سل,1,77800
numbered,plain,6519,جاءته,1,77800
numbered,plain,6520,أوتوه,1,77800
numbered,plain,6521,فللوالدين,1,77800
numbered,plain,6522,تحبوا,1,77800
numbered,plain,6523,وإخراج,1,77800
numbered,plain,6524,يرتدد,1,77800
numbered,plain,6525,فيمت,1,77800
numbered,plain,6526,وإثمهما,1,77800
numbered,plain,6527,نفعهما,1,77800
numbered,plain,6528,تخالطوهم,1,77800
numbered,plain,6529,المفسد,1,77800
numbered,plain,6530,المصلح,1,77800
numbered,plain,6531,لأعنتكم,1,77800
numbered,plain,6532,المشركات,1,77800
numbered,plain,6533,ولأمة,1,77800
numbered,plain,6534,ولعبد,1,77800
numbered,plain,6535,أعجبكم,1,77800
numbered,plain,6536,والمغفرة,1,77800
numbered,plain,6537,فاعتزلوا,1,77800
numbered,plain,6538,تقربوهن,1,77800
numbered,plain,6539,يطهرن,1,77800
numbered,plain,6540,تطهرن,1,77800
numbered,plain,6541,فأتوهن,1,77800
numbered,plain,6542,التوابين,1,77800
numbered,plain,6543,ويحب,1,77800
numbered,plain,6544,المتطهرين,1,77800
numbered,plain,6545,نساؤكم,1,77800
numbered,plain,6546,وقدموا,1,77800
numbered,plain,6547,ملاقوه,1,77800
numbered,plain,6548,عرضة,1,77800
numbered,plain,6549,لأيمانكم,1,77800
numbered,plain,6550,تبروا,1,77800
numbered,plain,6551,وتصلحوا,1,77800
numbered,plain,6552,يؤلون,1,77800
numbered,plain,6553,تربص,1,77800
numbered,plain,6554,فاءوا,1,77800
numbered,plain,6555,عزموا,1,77800
numbered,plain,6556,والمطلقات,1,77800
numbered,plain,6557,قروء,1,77800
numbered,plain,6558,يكتمن,1,77800
numbered,plain,6559,أرحامهن,1,77800
numbered,plain,6560,وبعولتهن,1,77800
numbered,plain,6561,بردهن,1,77800
numbered,plain,6562,وللرجال,1,77800
numbered,plain,6563,مرتان,1,77800
numbered,plain,6564,فإمساك,1,77800
numbered,plain,6565,تسريح,1,77800
numbered,plain,6566,يخافا,1,77800
numbered,plain,6567,افتدت,1,77800
numbered,plain,6568,تعتدوها,1,77800
numbered,plain,6569,تنكح,1,77800
numbered,plain,6570,زوجا,1,77800
numbered,plain,6571,يتراجعا,1,77800
numbered,plain,6572,يبينها,1,77800
numbered,plain,6573,سرحوهن,1,77800
numbered,plain,6574,تمسكوهن,1,77800
numbered,plain,6575,لتعتدوا,1,77800
numbered,plain,6576,ينكحن,1,77800
numbered,plain,6577,أزواجهن,1,77800
numbered,plain,6578,تراضوا,1,77800
numbered,plain,6579,والوالدات,1,77800
numbered,plain,6580,يرضعن,1,77800
numbered,plain,6581,حولين,1,77800
numbered,plain,6582,كاملين,1,77800
numbered,plain,6583,المولود,1,77800
numbered,plain,6584,رزقهن,1,77800
numbered,plain,6585,وكسوتهن,1,77800
numbered,plain,6586,تضار,1,77800
numbered,plain,6587,والدة,1,77800
numbered,plain,6588,بولدها,1,77800
numbered,plain,6589,بولده,1,77800
numbered,plain,6590,الوارث,1,77800
numbered,plain,6591,أرادا,1,77800
numbered,plain,6592,فصالا,1,77800
numbered,plain,6593,وتشاور,1,77800
numbered,plain,6594,تسترضعوا,1,77800
numbered,plain,6595,سلمتم,1,77800
numbered,plain,6596,وعشرا,1,77800
numbered,plain,6597,عرضتم,1,77800
numbered,plain,6598,خطبة,1,77800
numbered,plain,6599,أكننتم,1,77800
numbered,plain,6600,ستذكرونهن,1,77800
numbered,plain,6601,تواعدوهن,1,77800
numbered,plain,6602,تعزموا,1,77800
numbered,plain,6603,فاحذروه,1,77800
numbered,plain,6604,تفرضوا,1,77800
numbered,plain,6605,ومتعوهن,1,77800
numbered,plain,6606,الموسع,1,77800
numbered,plain,6607,المقتر,1,77800
numbered,plain,6608,فنصف,1,77800
numbered,plain,6609,يعفون,1,77800
numbered,plain,6610,تنسوا,1,77800
numbered,plain,6611,حافظوا,1,77800
numbered,plain,6612,الصلوات,1,77800
numbered,plain,6613,الوسطى,1,77800
numbered,plain,6614,وقوموا,1,77800
numbered,plain,6615,قانتين,1,77800
numbered,plain,6616,فرجالا,1,77800
numbered,plain,6617,ركبانا,1,77800
numbered,plain,6618,لأزواجهم,1,77800
numbered,plain,6619,الحول,1,77800
numbered,plain,6620,إخراج,1,77800
numbered,plain,6621,خرجن,1,77800
numbered,plain,6622,وللمطلقات,1,77800
numbered,plain,6623,ألوف,1,77800
numbered,plain,6624,أحياهم,1,77800
numbered,plain,6625,يقبض,1,77800
numbered,plain,6626,ويبسط,1,77800
numbered,plain,6627,ابعث,1,77800
numbered,plain,6628,ديارنا,1,77800
numbered,plain,6629,وأبنائنا,1,77800
numbered,plain,6630,بالملك,1,77800
numbered,plain,6631,اصطفاه,1,77800
numbered,plain,6632,وزاده,1,77800
numbered,plain,6633,والجسم,1,77800
numbered,plain,6634,سكينة,1,77800
numbered,plain,6635,وبقية,1,77800
numbered,plain,6636,بالجنود,1,77800
numbered,plain,6637,مبتليكم,1,77800
numbered,plain,6638,بنهر,1,77800
numbered,plain,6639,اغترف,1,77800
numbered,plain,6640,غرفة,1,77800
numbered,plain,6641,فشربوا,1,77800
numbered,plain,6642,جاوزه,1,77800
numbered,plain,6643,بجالوت,1,77800
numbered,plain,6644,قليلة,1,77800
numbered,plain,6645,لجالوت,1,77800
numbered,plain,6646,فهزموهم,1,77800
numbered,plain,6647,وقتل,1,77800
numbered,plain,6648,جالوت,1,77800
numbered,plain,6649,وآتاه,1,77800
numbered,plain,6650,وعلمه,1,77800
numbered,plain,6651,اقتتل,1,77800
numbered,plain,6652,خلة,1,77800
numbered,plain,6653,تأخذه,1,77800
numbered,plain,6654,نوم,1,77800
numbered,plain,6655,يئوده,1,77800
numbered,plain,6656,حفظهما,1,77800
numbered,plain,6657,إكراه,1,77800
numbered,plain,6658,بالطاغوت,1,77800
numbered,plain,6659,انفصام,1,77800
numbered,plain,6660,يخرجهم,1,77800
numbered,plain,6661,يخرجونهم,1,77800
numbered,plain,6662,حاج,1,77800
numbered,plain,6663,أحيي,1,77800
numbered,plain,6664,وأميت,1,77800
numbered,plain,6665,بالشمس,1,77800
numbered,plain,6666,المغرب,1,77800
numbered,plain,6667,فبهت,1,77800
numbered,plain,6668,فأماته,1,77800
numbered,plain,6669,بعثه,1,77800
numbered,plain,6670,طعامك,1,77800
numbered,plain,6671,وشرابك,1,77800
numbered,plain,6672,يتسنه,1,77800
numbered,plain,6673,حمارك,1,77800
numbered,plain,6674,ولنجعلك,1,77800
numbered,plain,6675,ننشزها,1,77800
numbered,plain,6676,نكسوها,1,77800
numbered,plain,6677,تحيي,1,77800
numbered,plain,6678,ليطمئن,1,77800
numbered,plain,6679,قلبي,1,77800
numbered,plain,6680,فصرهن,1,77800
numbered,plain,6681,ادعهن,1,77800
numbered,plain,6682,يأتينك,1,77800
numbered,plain,6683,سعيا,1,77800
numbered,plain,6684,واعلم,1,77800
numbered,plain,6685,أنبتت,1,77800
numbered,plain,6686,سنابل,1,77800
numbered,plain,6687,سنبلة,1,77800
numbered,plain,6688,يتبعها,1,77800
numbered,plain,6689,صدقاتكم,1,77800
numbered,plain,6690,بالمن,1,77800
numbered,plain,6691,والأذى,1,77800
numbered,plain,6692,صفوان,1,77800
numbered,plain,6693,فأصابه,1,77800
numbered,plain,6694,فتركه,1,77800
numbered,plain,6695,صلدا,1,77800
numbered,plain,6696,وتثبيتا,1,77800
numbered,plain,6697,بربوة,1,77800
numbered,plain,6698,أصابها,1,77800
numbered,plain,6699,فآتت,1,77800
numbered,plain,6700,يصبها,1,77800
numbered,plain,6701,فطل,1,77800
numbered,plain,6702,أيود,1,77800
numbered,plain,6703,وأصابه,1,77800
numbered,plain,6704,ضعفاء,1,77800
numbered,plain,6705,فأصابها,1,77800
numbered,plain,6706,إعصار,1,77800
numbered,plain,6707,فاحترقت,1,77800
numbered,plain,6708,تيمموا,1,77800
numbered,plain,6709,ولستم,1,77800
numbered,plain,6710,بآخذيه,1,77800
numbered,plain,6711,تغمضوا,1,77800
numbered,plain,6712,الفقر,1,77800
numbered,plain,6713,ويأمركم,1,77800
numbered,plain,6714,وفضلا,1,77800
numbered,plain,6715,نذرتم,1,77800
numbered,plain,6716,نذر,1,77800
numbered,plain,6717,فنعما,1,77800
numbered,plain,6718,تخفوها,1,77800
numbered,plain,6719,وتؤتوها,1,77800
numbered,plain,6720,فلأنفسكم,1,77800
numbered,plain,6721,أحصروا,1,77800
numbered,plain,6722,يحسبهم,1,77800
numbered,plain,6723,الجاهل,1,77800
numbered,plain,6724,التعفف,1,77800
numbered,plain,6725,تعرفهم,1,77800
numbered,plain,6726,إلحافا,1,77800
numbered,plain,6727,يقومون,1,77800
numbered,plain,6728,يتخبطه,1,77800
numbered,plain,6729,المس,1,77800
numbered,plain,6730,فانتهى,1,77800
numbered,plain,6731,وأمره,1,77800
numbered,plain,6732,يمحق,1,77800
numbered,plain,6733,ويربي,1,77800
numbered,plain,6734,بقي,1,77800
numbered,plain,6735,فأذنوا,1,77800
numbered,plain,6736,بحرب,1,77800
numbered,plain,6737,عسرة,1,77800
numbered,plain,6738,فنظرة,1,77800
numbered,plain,6739,ميسرة,1,77800
numbered,plain,6740,تصدقوا,1,77800
numbered,plain,6741,تداينتم,1,77800
numbered,plain,6742,بدين,1,77800
numbered,plain,6743,فاكتبوه,1,77800
numbered,plain,6744,وليكتب,1,77800
numbered,plain,6745,فليكتب,1,77800
numbered,plain,6746,وليملل,1,77800
numbered,plain,6747,يبخس,1,77800
numbered,plain,6748,سفيها,1,77800
numbered,plain,6749,يمل,1,77800
numbered,plain,6750,فليملل,1,77800
numbered,plain,6751,وليه,1,77800
numbered,plain,6752,واستشهدوا,1,77800
numbered,plain,6753,شهيدين,1,77800
numbered,plain,6754,يكونا,1,77800
numbered,plain,6755,فرجل,1,77800
numbered,plain,6756,وامرأتان,1,77800
numbered,plain,6757,ترضون,1,77800
numbered,plain,6758,فتذكر,1,77800
numbered,plain,6759,تسأموا,1,77800
numbered,plain,6760,تكتبوه,1,77800
numbered,plain,6761,للشهادة,1,77800
numbered,plain,6762,وأدنى,1,77800
numbered,plain,6763,ترتابوا,1,77800
numbered,plain,6764,تديرونها,1,77800
numbered,plain,6765,تكتبوها,1,77800
numbered,plain,6766,تبايعتم,1,77800
numbered,plain,6767,يضار,1,77800
numbered,plain,6768,كاتبا,1,77800
numbered,plain,6769,فرهان,1,77800
numbered,plain,6770,مقبوضة,1,77800
numbered,plain,6771,فليؤد,1,77800
numbered,plain,6772,اؤتمن,1,77800
numbered,plain,6773,أمانته,1,77800
numbered,plain,6774,تكتموا,1,77800
numbered,plain,6775,يكتمها,1,77800
numbered,plain,6776,آثم,1,77800
numbered,plain,6777,يحاسبكم,1,77800
numbered,plain,6778,فيغفر,1,77800
numbered,plain,6779,غفرانك,1,77800
numbered,plain,6780,اكتسبت,1,77800
numbered,plain,6781,تؤاخذنا,1,77800
numbered,plain,6782,نسينا,1,77800
numbered,plain,6783,أخطأنا,1,77800
numbered,plain,6784,إصرا,1,77800
numbered,plain,6785,تحملنا,1,77800
numbered,plain,6786,واعف,1,77800
numbered,plain,6787,فانصرنا,1,77800
numbered,plain,6788,يصوركم,1,77800
numbered,plain,6789,محكمات,1,77800
numbered,plain,6790,متشابهات,1,77800
numbered,plain,6791,زيغ,1,77800
numbered,plain,6792,والراسخون,1,77800
numbered,plain,6793,تزغ,1,77800
numbered,plain,6794,هديتنا,1,77800
numbered,plain,6795,وقود,1,77800
numbered,plain,6796,ستغلبون,1,77800
numbered,plain,6797,وتحشرون,1,77800
numbered,plain,6798,التقتا,1,77800
numbered,plain,6799,تقاتل,1,77800
numbered,plain,6800,كافرة,1,77800
numbered,plain,6801,يرونهم,1,77800
numbered,plain,6802,مثليهم,1,77800
numbered,plain,6803,رأي,1,77800
numbered,plain,6804,العين,1,77800
numbered,plain,6805,يؤيد,1,77800
numbered,plain,6806,والبنين,1,77800
numbered,plain,6807,والقناطير,1,77800
numbered,plain,6808,المقنطرة,1,77800
numbered,plain,6809,المسومة,1,77800
numbered,plain,6810,والحرث,1,77800
numbered,plain,6811,المآب,1,77800
numbered,plain,6812,أؤنبئكم,1,77800
numbered,plain,6813,وأزواج,1,77800
numbered,plain,6814,والمنفقين,1,77800
numbered,plain,6815,والمستغفرين,1,77800
numbered,plain,6816,بالأسحار,1,77800
numbered,plain,6817,حاجوك,1,77800
numbered,plain,6818,اتبعن,1,77800
numbered,plain,6819,والأميين,1,77800
numbered,plain,6820,أأسلمتم,1,77800
numbered,plain,6821,وغرهم,1,77800
numbered,plain,6822,جمعناهم,1,77800
numbered,plain,6823,وتنزع,1,77800
numbered,plain,6824,وتعز,1,77800
numbered,plain,6825,وتذل,1,77800
numbered,plain,6826,تولج,1,77800
numbered,plain,6827,وتولج,1,77800
numbered,plain,6828,وترزق,1,77800
numbered,plain,6829,تقاة,1,77800
numbered,plain,6830,تخفوا,1,77800
numbered,plain,6831,تبدوه,1,77800
numbered,plain,6832,محضرا,1,77800
numbered,plain,6833,تود,1,77800
numbered,plain,6834,يحببكم,1,77800
numbered,plain,6835,بطني,1,77800
numbered,plain,6836,محررا,1,77800
numbered,plain,6837,وضعت,1,77800
numbered,plain,6838,كالأنثى,1,77800
numbered,plain,6839,سميتها,1,77800
numbered,plain,6840,أعيذها,1,77800
numbered,plain,6841,وذريتها,1,77800
numbered,plain,6842,فتقبلها,1,77800
numbered,plain,6843,بقبول,1,77800
numbered,plain,6844,وأنبتها,1,77800
numbered,plain,6845,وكفلها,1,77800
numbered,plain,6846,فنادته,1,77800
numbered,plain,6847,بيحيى,1,77800
numbered,plain,6848,وسيدا,1,77800
numbered,plain,6849,وحصورا,1,77800
numbered,plain,6850,ونبيا,1,77800
numbered,plain,6851,بلغني,1,77800
numbered,plain,6852,وامرأتي,1,77800
numbered,plain,6853,عاقر,1,77800
numbered,plain,6854,رمزا,1,77800
numbered,plain,6855,اصطفاك,1,77800
numbered,plain,6856,وطهرك,1,77800
numbered,plain,6857,واصطفاك,1,77800
numbered,plain,6858,اقنتي,1,77800
numbered,plain,6859,واسجدي,1,77800
numbered,plain,6860,واركعي,1,77800
numbered,plain,6861,أقلامهم,1,77800
numbered,plain,6862,يكفل,1,77800
numbered,plain,6863,ويكلم,1,77800
numbered,plain,6864,ويعلمه,1,77800
numbered,plain,6865,ورسولا,1,77800
numbered,plain,6866,أخلق,1,77800
numbered,plain,6867,فأنفخ,1,77800
numbered,plain,6868,وأبرئ,1,77800
numbered,plain,6869,وأحيي,1,77800
numbered,plain,6870,وأنبئكم,1,77800
numbered,plain,6871,تدخرون,1,77800
numbered,plain,6872,ولأحل,1,77800
numbered,plain,6873,وجئتكم,1,77800
numbered,plain,6874,أحس,1,77800
numbered,plain,6875,واتبعنا,1,77800
numbered,plain,6876,متوفيك,1,77800
numbered,plain,6877,ورافعك,1,77800
numbered,plain,6878,ومطهرك,1,77800
numbered,plain,6879,وجاعل,1,77800
numbered,plain,6880,اتبعوك,1,77800
numbered,plain,6881,فأحكم,1,77800
numbered,plain,6882,فأعذبهم,1,77800
numbered,plain,6883,نتلوه,1,77800
numbered,plain,6884,والذكر,1,77800
numbered,plain,6885,حاجك,1,77800
numbered,plain,6886,ندع,1,77800
numbered,plain,6887,أبناءنا,1,77800
numbered,plain,6888,وأبناءكم,1,77800
numbered,plain,6889,ونساءنا,1,77800
numbered,plain,6890,ونساءكم,1,77800
numbered,plain,6891,وأنفسنا,1,77800
numbered,plain,6892,نبتهل,1,77800
numbered,plain,6893,فنجعل,1,77800
numbered,plain,6894,اشهدوا,1,77800
numbered,plain,6895,حاججتم,1,77800
numbered,plain,6896,يهوديا,1,77800
numbered,plain,6897,نصرانيا,1,77800
numbered,plain,6898,بإبراهيم,1,77800
numbered,plain,6899,ودت,1,77800
numbered,plain,6900,يضلونكم,1,77800
numbered,plain,6901,تلبسون,1,77800
numbered,plain,6902,وتكتمون,1,77800
numbered,plain,6903,واكفروا,1,77800
numbered,plain,6904,آخره,1,77800
numbered,plain,6905,يحاجوكم,1,77800
numbered,plain,6906,بقنطار,1,77800
numbered,plain,6907,بدينار,1,77800
numbered,plain,6908,وأيمانهم,1,77800
numbered,plain,6909,لفريقا,1,77800
numbered,plain,6910,يلوون,1,77800
numbered,plain,6911,لتحسبوه,1,77800
numbered,plain,6912,ربانيين,1,77800
numbered,plain,6913,أيأمركم,1,77800
numbered,plain,6914,آتيتكم,1,77800
numbered,plain,6915,وحكمة,1,77800
numbered,plain,6916,لتؤمنن,1,77800
numbered,plain,6917,ولتنصرنه,1,77800
numbered,plain,6918,أأقررتم,1,77800
numbered,plain,6919,وأخذتم,1,77800
numbered,plain,6920,إصري,1,77800
numbered,plain,6921,أقررنا,1,77800
numbered,plain,6922,فاشهدوا,1,77800
numbered,plain,6923,والنبيون,1,77800
numbered,plain,6924,يبتغ,1,77800
numbered,plain,6925,توبتهم,1,77800
numbered,plain,6926,ملء,1,77800
numbered,plain,6927,ذهبا,1,77800
numbered,plain,6928,افتدى,1,77800
numbered,plain,6929,تنالوا,1,77800
numbered,plain,6930,حلا,1,77800
numbered,plain,6931,بالتوراة,1,77800
numbered,plain,6932,فاتلوها,1,77800
numbered,plain,6933,وضع,1,77800
numbered,plain,6934,ببكة,1,77800
numbered,plain,6935,دخله,1,77800
numbered,plain,6936,استطاع,1,77800
numbered,plain,6937,تصدون,1,77800
numbered,plain,6938,تبغونها,1,77800
numbered,plain,6939,يعتصم,1,77800
numbered,plain,6940,هدي,1,77800
numbered,plain,6941,تقاته,1,77800
numbered,plain,6942,فألف,1,77800
numbered,plain,6943,بنعمته,1,77800
numbered,plain,6944,حفرة,1,77800
numbered,plain,6945,فأنقذكم,1,77800
numbered,plain,6946,ولتكن,1,77800
numbered,plain,6947,واختلفوا,1,77800
numbered,plain,6948,تبيض,1,77800
numbered,plain,6949,وتسود,1,77800
numbered,plain,6950,اسودت,1,77800
numbered,plain,6951,أكفرتم,1,77800
numbered,plain,6952,ابيضت,1,77800
numbered,plain,6953,أخرجت,1,77800
numbered,plain,6954,وتنهون,1,77800
numbered,plain,6955,يضروكم,1,77800
numbered,plain,6956,يولوكم,1,77800
numbered,plain,6957,ضربت,1,77800
numbered,plain,6958,وحبل,1,77800
numbered,plain,6959,المسكنة,1,77800
numbered,plain,6960,ويسارعون,1,77800
numbered,plain,6961,يكفروه,1,77800
numbered,plain,6962,صر,1,77800
numbered,plain,6963,أصابت,1,77800
numbered,plain,6964,فأهلكته,1,77800
numbered,plain,6965,بطانة,1,77800
numbered,plain,6966,دونكم,1,77800
numbered,plain,6967,يألونكم,1,77800
numbered,plain,6968,البغضاء,1,77800
numbered,plain,6969,تحبونهم,1,77800
numbered,plain,6970,يحبونكم,1,77800
numbered,plain,6971,لقوكم,1,77800
numbered,plain,6972,عضوا,1,77800
numbered,plain,6973,الأنامل,1,77800
numbered,plain,6974,بغيظكم,1,77800
numbered,plain,6975,تمسسكم,1,77800
numbered,plain,6976,تصبكم,1,77800
numbered,plain,6977,يفرحوا,1,77800
numbered,plain,6978,غدوت,1,77800
numbered,plain,6979,تبوئ,1,77800
numbered,plain,6980,للقتال,1,77800
numbered,plain,6981,تفشلا,1,77800
numbered,plain,6982,وليهما,1,77800
numbered,plain,6983,ببدر,1,77800
numbered,plain,6984,يكفيكم,1,77800
numbered,plain,6985,يمدكم,1,77800
numbered,plain,6986,بثلاثة,1,77800
numbered,plain,6987,ويأتوكم,1,77800
numbered,plain,6988,فورهم,1,77800
numbered,plain,6989,يمددكم,1,77800
numbered,plain,6990,بخمسة,1,77800
numbered,plain,6991,مسومين,1,77800
numbered,plain,6992,طرفا,1,77800
numbered,plain,6993,يكبتهم,1,77800
numbered,plain,6994,فينقلبوا,1,77800
numbered,plain,6995,خائبين,1,77800
numbered,plain,6996,مضاعفة,1,77800
numbered,plain,6997,وسارعوا,1,77800
numbered,plain,6998,السراء,1,77800
numbered,plain,6999,والكاظمين,1,77800
numbered,plain,7000,والعافين,1,77800
numbered,plain,7001,لذنوبهم,1,77800
numbered,plain,7002,يصروا,1,77800
numbered,plain,7003,بيان,1,77800
numbered,plain,7004,يمسسكم,1,77800
numbered,plain,7005,نداولها,1,77800
numbered,plain,7006,ويمحق,1,77800
numbered,plain,7007,تلقوه,1,77800
numbered,plain,7008,رأيتموه,1,77800
numbered,plain,7009,يضر,1,77800
numbered,plain,7010,وسيجزي,1,77800
numbered,plain,7011,مؤجلا,1,77800
numbered,plain,7012,وسنجزي,1,77800
numbered,plain,7013,قاتل,1,77800
numbered,plain,7014,ربيون,1,77800
numbered,plain,7015,وهنوا,1,77800
numbered,plain,7016,ضعفوا,1,77800
numbered,plain,7017,وإسرافنا,1,77800
numbered,plain,7018,فآتاهم,1,77800
numbered,plain,7019,الناصرين,1,77800
numbered,plain,7020,صدقكم,1,77800
numbered,plain,7021,تحسونهم,1,77800
numbered,plain,7022,فشلتم,1,77800
numbered,plain,7023,وتنازعتم,1,77800
numbered,plain,7024,وعصيتم,1,77800
numbered,plain,7025,صرفكم,1,77800
numbered,plain,7026,ليبتليكم,1,77800
numbered,plain,7027,تصعدون,1,77800
numbered,plain,7028,تلوون,1,77800
numbered,plain,7029,أخراكم,1,77800
numbered,plain,7030,فأثابكم,1,77800
numbered,plain,7031,غما,1,77800
numbered,plain,7032,بغم,1,77800
numbered,plain,7033,نعاسا,1,77800
numbered,plain,7034,أهمتهم,1,77800
numbered,plain,7035,يبدون,1,77800
numbered,plain,7036,لبرز,1,77800
numbered,plain,7037,مضاجعهم,1,77800
numbered,plain,7038,وليبتلي,1,77800
numbered,plain,7039,استزلهم,1,77800
numbered,plain,7040,غزى,1,77800
numbered,plain,7041,لمغفرة,1,77800
numbered,plain,7042,لنت,1,77800
numbered,plain,7043,فظا,1,77800
numbered,plain,7044,القلب,1,77800
numbered,plain,7045,لانفضوا,1,77800
numbered,plain,7046,حولك,1,77800
numbered,plain,7047,وشاورهم,1,77800
numbered,plain,7048,عزمت,1,77800
numbered,plain,7049,المتوكلين,1,77800
numbered,plain,7050,يخذلكم,1,77800
numbered,plain,7051,يغل,1,77800
numbered,plain,7052,يغلل,1,77800
numbered,plain,7053,بسخط,1,77800
numbered,plain,7054,أولما,1,77800
numbered,plain,7055,أصبتم,1,77800
numbered,plain,7056,مثليها,1,77800
numbered,plain,7057,ادفعوا,1,77800
numbered,plain,7058,قتالا,1,77800
numbered,plain,7059,لاتبعناكم,1,77800
numbered,plain,7060,للكفر,1,77800
numbered,plain,7061,وقعدوا,1,77800
numbered,plain,7062,أطاعونا,1,77800
numbered,plain,7063,فادرءوا,1,77800
numbered,plain,7064,فرحين,1,77800
numbered,plain,7065,ويستبشرون,1,77800
numbered,plain,7066,القرح,1,77800
numbered,plain,7067,جمعوا,1,77800
numbered,plain,7068,فاخشوهم,1,77800
numbered,plain,7069,الوكيل,1,77800
numbered,plain,7070,فانقلبوا,1,77800
numbered,plain,7071,يمسسهم,1,77800
numbered,plain,7072,تخافوهم,1,77800
numbered,plain,7073,وخافون,1,77800
numbered,plain,7074,ليذر,1,77800
numbered,plain,7075,يميز,1,77800
numbered,plain,7076,ليطلعكم,1,77800
numbered,plain,7077,سيطوقون,1,77800
numbered,plain,7078,بقربان,1,77800
numbered,plain,7079,تأكله,1,77800
numbered,plain,7080,وبالذي,1,77800
numbered,plain,7081,قتلتموهم,1,77800
numbered,plain,7082,توفون,1,77800
numbered,plain,7083,زحزح,1,77800
numbered,plain,7084,لتبلون,1,77800
numbered,plain,7085,ولتسمعن,1,77800
numbered,plain,7086,لتبيننه,1,77800
numbered,plain,7087,تكتمونه,1,77800
numbered,plain,7088,فنبذوه,1,77800
numbered,plain,7089,واشتروا,1,77800
numbered,plain,7090,ويحبون,1,77800
numbered,plain,7091,يحمدوا,1,77800
numbered,plain,7092,تحسبنهم,1,77800
numbered,plain,7093,بمفازة,1,77800
numbered,plain,7094,ويتفكرون,1,77800
numbered,plain,7095,فقنا,1,77800
numbered,plain,7096,تدخل,1,77800
numbered,plain,7097,أخزيته,1,77800
numbered,plain,7098,مناديا,1,77800
numbered,plain,7099,ينادي,1,77800
numbered,plain,7100,سيئاتنا,1,77800
numbered,plain,7101,وآتنا,1,77800
numbered,plain,7102,وعدتنا,1,77800
numbered,plain,7103,رسلك,1,77800
numbered,plain,7104,تخزنا,1,77800
numbered,plain,7105,تخلف,1,77800
numbered,plain,7106,أضيع,1,77800
numbered,plain,7107,وأخرجوا,1,77800
numbered,plain,7108,ولأدخلنهم,1,77800
numbered,plain,7109,يغرنك,1,77800
numbered,plain,7110,للأبرار,1,77800
numbered,plain,7111,اصبروا,1,77800
numbered,plain,7112,وصابروا,1,77800
numbered,plain,7113,ورابطوا,1,77800
numbered,plain,7114,تساءلون,1,77800
numbered,plain,7115,والأرحام,1,77800
numbered,plain,7116,تتبدلوا,1,77800
numbered,plain,7117,بالطيب,1,77800
numbered,plain,7118,حوبا,1,77800
numbered,plain,7119,تقسطوا,1,77800
numbered,plain,7120,فانكحوا,1,77800
numbered,plain,7121,طاب,1,77800
numbered,plain,7122,فواحدة,1,77800
numbered,plain,7123,تعولوا,1,77800
numbered,plain,7124,صدقاتهن,1,77800
numbered,plain,7125,نحلة,1,77800
numbered,plain,7126,طبن,1,77800
numbered,plain,7127,فكلوه,1,77800
numbered,plain,7128,مريئا,1,77800
numbered,plain,7129,تؤتوا,1,77800
numbered,plain,7130,وارزقوهم,1,77800
numbered,plain,7131,واكسوهم,1,77800
numbered,plain,7132,وابتلوا,1,77800
numbered,plain,7133,آنستم,1,77800
numbered,plain,7134,فادفعوا,1,77800
numbered,plain,7135,تأكلوها,1,77800
numbered,plain,7136,إسرافا,1,77800
numbered,plain,7137,وبدارا,1,77800
numbered,plain,7138,يكبروا,1,77800
numbered,plain,7139,فليستعفف,1,77800
numbered,plain,7140,فليأكل,1,77800
numbered,plain,7141,دفعتم,1,77800
numbered,plain,7142,فأشهدوا,1,77800
numbered,plain,7143,كثر,1,77800
numbered,plain,7144,القسمة,1,77800
numbered,plain,7145,فارزقوهم,1,77800
numbered,plain,7146,وليخش,1,77800
numbered,plain,7147,ضعافا,1,77800
numbered,plain,7148,خافوا,1,77800
numbered,plain,7149,فليتقوا,1,77800
numbered,plain,7150,وسيصلون,1,77800
numbered,plain,7151,يوصيكم,1,77800
numbered,plain,7152,ثلثا,1,77800
numbered,plain,7153,النصف,1,77800
numbered,plain,7154,ولأبويه,1,77800
numbered,plain,7155,وورثه,1,77800
numbered,plain,7156,يوصي,1,77800
numbered,plain,7157,تدرون,1,77800
numbered,plain,7158,يوصين,1,77800
numbered,plain,7159,الثمن,1,77800
numbered,plain,7160,توصون,1,77800
numbered,plain,7161,يورث,1,77800
numbered,plain,7162,كلالة,1,77800
numbered,plain,7163,فلكل,1,77800
numbered,plain,7164,يوصى,1,77800
numbered,plain,7165,مضار,1,77800
numbered,plain,7166,ويتعد,1,77800
numbered,plain,7167,حدوده,1,77800
numbered,plain,7168,فاستشهدوا,1,77800
numbered,plain,7169,يتوفاهن,1,77800
numbered,plain,7170,واللذان,1,77800
numbered,plain,7171,يأتيانها,1,77800
numbered,plain,7172,فآذوهما,1,77800
numbered,plain,7173,تابا,1,77800
numbered,plain,7174,وأصلحا,1,77800
numbered,plain,7175,وليست,1,77800
numbered,plain,7176,يموتون,1,77800
numbered,plain,7177,ترثوا,1,77800
numbered,plain,7178,لتذهبوا,1,77800
numbered,plain,7179,وعاشروهن,1,77800
numbered,plain,7180,كرهتموهن,1,77800
numbered,plain,7181,استبدال,1,77800
numbered,plain,7182,إحداهن,1,77800
numbered,plain,7183,قنطارا,1,77800
numbered,plain,7184,أتأخذونه,1,77800
numbered,plain,7185,تأخذونه,1,77800
numbered,plain,7186,أفضى,1,77800
numbered,plain,7187,وأخذن,1,77800
numbered,plain,7188,نكح,1,77800
numbered,plain,7189,ومقتا,1,77800
numbered,plain,7190,وبناتكم,1,77800
numbered,plain,7191,وعماتكم,1,77800
numbered,plain,7192,وخالاتكم,1,77800
numbered,plain,7193,الأخ,1,77800
numbered,plain,7194,الأخت,1,77800
numbered,plain,7195,وأمهاتكم,1,77800
numbered,plain,7196,أرضعنكم,1,77800
numbered,plain,7197,وأمهات,1,77800
numbered,plain,7198,وربائبكم,1,77800
numbered,plain,7199,حجوركم,1,77800
numbered,plain,7200,وحلائل,1,77800
numbered,plain,7201,أبنائكم,1,77800
numbered,plain,7202,أصلابكم,1,77800
numbered,plain,7203,تجمعوا,1,77800
numbered,plain,7204,الأختين,1,77800
numbered,plain,7205,استمتعتم,1,77800
numbered,plain,7206,تراضيتم,1,77800
numbered,plain,7207,الفريضة,1,77800
numbered,plain,7208,بإيمانكم,1,77800
numbered,plain,7209,فانكحوهن,1,77800
numbered,plain,7210,أهلهن,1,77800
numbered,plain,7211,وآتوهن,1,77800
numbered,plain,7212,محصنات,1,77800
numbered,plain,7213,مسافحات,1,77800
numbered,plain,7214,متخذات,1,77800
numbered,plain,7215,أحصن,1,77800
numbered,plain,7216,أتين,1,77800
numbered,plain,7217,فعليهن,1,77800
numbered,plain,7218,العنت,1,77800
numbered,plain,7219,ميلا,1,77800
numbered,plain,7220,عدوانا,1,77800
numbered,plain,7221,وظلما,1,77800
numbered,plain,7222,نصليه,1,77800
numbered,plain,7223,تجتنبوا,1,77800
numbered,plain,7224,تنهون,1,77800
numbered,plain,7225,وندخلكم,1,77800
numbered,plain,7226,تتمنوا,1,77800
numbered,plain,7227,اكتسبن,1,77800
numbered,plain,7228,موالي,1,77800
numbered,plain,7229,عقدت,1,77800
numbered,plain,7230,فآتوهم,1,77800
numbered,plain,7231,قوامون,1,77800
numbered,plain,7232,فالصالحات,1,77800
numbered,plain,7233,حافظات,1,77800
numbered,plain,7234,حفظ,1,77800
numbered,plain,7235,نشوزهن,1,77800
numbered,plain,7236,فعظوهن,1,77800
numbered,plain,7237,واهجروهن,1,77800
numbered,plain,7238,واضربوهن,1,77800
numbered,plain,7239,أطعنكم,1,77800
numbered,plain,7240,تبغوا,1,77800
numbered,plain,7241,وحكما,1,77800
numbered,plain,7242,يريدا,1,77800
numbered,plain,7243,يوفق,1,77800
numbered,plain,7244,وبذي,1,77800
numbered,plain,7245,الجنب,1,77800
numbered,plain,7246,والصاحب,1,77800
numbered,plain,7247,بالجنب,1,77800
numbered,plain,7248,مختالا,1,77800
numbered,plain,7249,فخورا,1,77800
numbered,plain,7250,ويكتمون,1,77800
numbered,plain,7251,وماذا,1,77800
numbered,plain,7252,يضاعفها,1,77800
numbered,plain,7253,بشهيد,1,77800
numbered,plain,7254,تسوى,1,77800
numbered,plain,7255,عابري,1,77800
numbered,plain,7256,تغتسلوا,1,77800
numbered,plain,7257,بأعدائكم,1,77800
numbered,plain,7258,مسمع,1,77800
numbered,plain,7259,وراعنا,1,77800
numbered,plain,7260,ليا,1,77800
numbered,plain,7261,وطعنا,1,77800
numbered,plain,7262,وانظرنا,1,77800
numbered,plain,7263,نطمس,1,77800
numbered,plain,7264,وجوها,1,77800
numbered,plain,7265,فنردها,1,77800
numbered,plain,7266,أدبارها,1,77800
numbered,plain,7267,نلعنهم,1,77800
numbered,plain,7268,يزكون,1,77800
numbered,plain,7269,بالجبت,1,77800
numbered,plain,7270,والطاغوت,1,77800
numbered,plain,7271,يلعن,1,77800
numbered,plain,7272,يحسدون,1,77800
numbered,plain,7273,صد,1,77800
numbered,plain,7274,نصليهم,1,77800
numbered,plain,7275,نضجت,1,77800
numbered,plain,7276,بدلناهم,1,77800
numbered,plain,7277,جلودا,1,77800
numbered,plain,7278,غيرها,1,77800
numbered,plain,7279,ليذوقوا,1,77800
numbered,plain,7280,وندخلهم,1,77800
numbered,plain,7281,ظلا,1,77800
numbered,plain,7282,ظليلا,1,77800
numbered,plain,7283,تؤدوا,1,77800
numbered,plain,7284,الأمانات,1,77800
numbered,plain,7285,حكمتم,1,77800
numbered,plain,7286,تحكموا,1,77800
numbered,plain,7287,نعما,1,77800
numbered,plain,7288,وأولي,1,77800
numbered,plain,7289,تنازعتم,1,77800
numbered,plain,7290,فردوه,1,77800
numbered,plain,7291,يزعمون,1,77800
numbered,plain,7292,يتحاكموا,1,77800
numbered,plain,7293,يضلهم,1,77800
numbered,plain,7294,صدودا,1,77800
numbered,plain,7295,وتوفيقا,1,77800
numbered,plain,7296,وعظهم,1,77800
numbered,plain,7297,بليغا,1,77800
numbered,plain,7298,ليطاع,1,77800
numbered,plain,7299,يحكموك,1,77800
numbered,plain,7300,ويسلموا,1,77800
numbered,plain,7301,اخرجوا,1,77800
numbered,plain,7302,يوعظون,1,77800
numbered,plain,7303,تثبيتا,1,77800
numbered,plain,7304,لآتيناهم,1,77800
numbered,plain,7305,ولهديناهم,1,77800
numbered,plain,7306,والصديقين,1,77800
numbered,plain,7307,رفيقا,1,77800
numbered,plain,7308,فانفروا,1,77800
numbered,plain,7309,ثبات,1,77800
numbered,plain,7310,ليبطئن,1,77800
numbered,plain,7311,فأفوز,1,77800
numbered,plain,7312,فليقاتل,1,77800
numbered,plain,7313,يشرون,1,77800
numbered,plain,7314,يقاتل,1,77800
numbered,plain,7315,فيقتل,1,77800
numbered,plain,7316,يغلب,1,77800
numbered,plain,7317,كخشية,1,77800
numbered,plain,7318,أخرتنا,1,77800
numbered,plain,7319,يدرككم,1,77800
numbered,plain,7320,بروج,1,77800
numbered,plain,7321,مشيدة,1,77800
numbered,plain,7322,وأرسلناك,1,77800
numbered,plain,7323,أطاع,1,77800
numbered,plain,7324,اختلافا,1,77800
numbered,plain,7325,أذاعوا,1,77800
numbered,plain,7326,ردوه,1,77800
numbered,plain,7327,لعلمه,1,77800
numbered,plain,7328,يستنبطونه,1,77800
numbered,plain,7329,لاتبعتم,1,77800
numbered,plain,7330,فقاتل,1,77800
numbered,plain,7331,وحرض,1,77800
numbered,plain,7332,تنكيلا,1,77800
numbered,plain,7333,كفل,1,77800
numbered,plain,7334,مقيتا,1,77800
numbered,plain,7335,حييتم,1,77800
numbered,plain,7336,بتحية,1,77800
numbered,plain,7337,فحيوا,1,77800
numbered,plain,7338,أركسهم,1,77800
numbered,plain,7339,تهدوا,1,77800
numbered,plain,7340,فتكونون,1,77800
numbered,plain,7341,حصرت,1,77800
numbered,plain,7342,يقاتلوا,1,77800
numbered,plain,7343,لسلطهم,1,77800
numbered,plain,7344,فلقاتلوكم,1,77800
numbered,plain,7345,اعتزلوكم,1,77800
numbered,plain,7346,ستجدون,1,77800
numbered,plain,7347,يأمنوكم,1,77800
numbered,plain,7348,ويأمنوا,1,77800
numbered,plain,7349,أركسوا,1,77800
numbered,plain,7350,يعتزلوكم,1,77800
numbered,plain,7351,ويلقوا,1,77800
numbered,plain,7352,ويكفوا,1,77800
numbered,plain,7353,وأولئكم,1,77800
numbered,plain,7354,ودية,1,77800
numbered,plain,7355,يصدقوا,1,77800
numbered,plain,7356,وتحرير,1,77800
numbered,plain,7357,فجزاؤه,1,77800
numbered,plain,7358,ولعنه,1,77800
numbered,plain,7359,تبتغون,1,77800
numbered,plain,7360,القاعدون,1,77800
numbered,plain,7361,الضرر,1,77800
numbered,plain,7362,والمجاهدون,1,77800
numbered,plain,7363,توفاهم,1,77800
numbered,plain,7364,مستضعفين,1,77800
numbered,plain,7365,فتهاجروا,1,77800
numbered,plain,7366,المستضعفين,1,77800
numbered,plain,7367,حيلة,1,77800
numbered,plain,7368,يهاجر,1,77800
numbered,plain,7369,مراغما,1,77800
numbered,plain,7370,وسعة,1,77800
numbered,plain,7371,بيته,1,77800
numbered,plain,7372,مهاجرا,1,77800
numbered,plain,7373,يدركه,1,77800
numbered,plain,7374,تقصروا,1,77800
numbered,plain,7375,يفتنكم,1,77800
numbered,plain,7376,فأقمت,1,77800
numbered,plain,7377,فلتقم,1,77800
numbered,plain,7378,أسلحتهم,1,77800
numbered,plain,7379,سجدوا,1,77800
numbered,plain,7380,فليكونوا,1,77800
numbered,plain,7381,ورائكم,1,77800
numbered,plain,7382,ولتأت,1,77800
numbered,plain,7383,فليصلوا,1,77800
numbered,plain,7384,حذرهم,1,77800
numbered,plain,7385,وأسلحتهم,1,77800
numbered,plain,7386,تغفلون,1,77800
numbered,plain,7387,وأمتعتكم,1,77800
numbered,plain,7388,فيميلون,1,77800
numbered,plain,7389,ميلة,1,77800
numbered,plain,7390,تضعوا,1,77800
numbered,plain,7391,وخذوا,1,77800
numbered,plain,7392,جنوبكم,1,77800
numbered,plain,7393,اطمأننتم,1,77800
numbered,plain,7394,موقوتا,1,77800
numbered,plain,7395,يألمون,1,77800
numbered,plain,7396,وترجون,1,77800
numbered,plain,7397,لتحكم,1,77800
numbered,plain,7398,للخائنين,1,77800
numbered,plain,7399,خصيما,1,77800
numbered,plain,7400,يختانون,1,77800
numbered,plain,7401,خوانا,1,77800
numbered,plain,7402,أثيما,1,77800
numbered,plain,7403,جادلتم,1,77800
numbered,plain,7404,يكسبه,1,77800
numbered,plain,7405,خطيئة,1,77800
numbered,plain,7406,يرم,1,77800
numbered,plain,7407,بريئا,1,77800
numbered,plain,7408,احتمل,1,77800
numbered,plain,7409,لهمت,1,77800
numbered,plain,7410,يضرونك,1,77800
numbered,plain,7411,وعلمك,1,77800
numbered,plain,7412,نجواهم,1,77800
numbered,plain,7413,بصدقة,1,77800
numbered,plain,7414,نوله,1,77800
numbered,plain,7415,ونصله,1,77800
numbered,plain,7416,مريدا,1,77800
numbered,plain,7417,لأتخذن,1,77800
numbered,plain,7418,ولأضلنهم,1,77800
numbered,plain,7419,ولأمنينهم,1,77800
numbered,plain,7420,فليبتكن,1,77800
numbered,plain,7421,فليغيرن,1,77800
numbered,plain,7422,خسرانا,1,77800
numbered,plain,7423,ويمنيهم,1,77800
numbered,plain,7424,محيصا,1,77800
numbered,plain,7425,بأمانيكم,1,77800
numbered,plain,7426,يجز,1,77800
numbered,plain,7427,ويستفتونك,1,77800
numbered,plain,7428,يتامى,1,77800
numbered,plain,7429,تؤتونهن,1,77800
numbered,plain,7430,وترغبون,1,77800
numbered,plain,7431,لليتامى,1,77800
numbered,plain,7432,خافت,1,77800
numbered,plain,7433,بعلها,1,77800
numbered,plain,7434,نشوزا,1,77800
numbered,plain,7435,إعراضا,1,77800
numbered,plain,7436,يصلحا,1,77800
numbered,plain,7437,صلحا,1,77800
numbered,plain,7438,والصلح,1,77800
numbered,plain,7439,وأحضرت,1,77800
numbered,plain,7440,الشح,1,77800
numbered,plain,7441,تحسنوا,1,77800
numbered,plain,7442,تستطيعوا,1,77800
numbered,plain,7443,حرصتم,1,77800
numbered,plain,7444,الميل,1,77800
numbered,plain,7445,فتذروها,1,77800
numbered,plain,7446,كالمعلقة,1,77800
numbered,plain,7447,تصلحوا,1,77800
numbered,plain,7448,يتفرقا,1,77800
numbered,plain,7449,يغن,1,77800
numbered,plain,7450,واسعا,1,77800
numbered,plain,7451,حميدا,1,77800
numbered,plain,7452,بآخرين,1,77800
numbered,plain,7453,الوالدين,1,77800
numbered,plain,7454,تلووا,1,77800
numbered,plain,7455,تعرضوا,1,77800
numbered,plain,7456,يتخذون,1,77800
numbered,plain,7457,أيبتغون,1,77800
numbered,plain,7458,سمعتم,1,77800
numbered,plain,7459,ويستهزأ,1,77800
numbered,plain,7460,والكافرين,1,77800
numbered,plain,7461,يتربصون,1,77800
numbered,plain,7462,نستحوذ,1,77800
numbered,plain,7463,ونمنعكم,1,77800
numbered,plain,7464,خادعهم,1,77800
numbered,plain,7465,مذبذبين,1,77800
numbered,plain,7466,الدرك,1,77800
numbered,plain,7467,الأسفل,1,77800
numbered,plain,7468,وأخلصوا,1,77800
numbered,plain,7469,بعذابكم,1,77800
numbered,plain,7470,ونكفر,1,77800
numbered,plain,7471,سألوا,1,77800
numbered,plain,7472,فعفونا,1,77800
numbered,plain,7473,بميثاقهم,1,77800
numbered,plain,7474,وكفرهم,1,77800
numbered,plain,7475,وبكفرهم,1,77800
numbered,plain,7476,صلبوه,1,77800
numbered,plain,7477,شبه,1,77800
numbered,plain,7478,اتباع,1,77800
numbered,plain,7479,يقينا,1,77800
numbered,plain,7480,رفعه,1,77800
numbered,plain,7481,فبظلم,1,77800
numbered,plain,7482,وبصدهم,1,77800
numbered,plain,7483,وأخذهم,1,77800
numbered,plain,7484,الراسخون,1,77800
numbered,plain,7485,والمقيمين,1,77800
numbered,plain,7486,والمؤتون,1,77800
numbered,plain,7487,سنؤتيهم,1,77800
numbered,plain,7488,قصصناهم,1,77800
numbered,plain,7489,نقصصهم,1,77800
numbered,plain,7490,وكلم,1,77800
numbered,plain,7491,تكليما,1,77800
numbered,plain,7492,وكلمته,1,77800
numbered,plain,7493,ألقاها,1,77800
numbered,plain,7494,وروح,1,77800
numbered,plain,7495,ويستكبر,1,77800
numbered,plain,7496,فسيحشرهم,1,77800
numbered,plain,7497,استنكفوا,1,77800
numbered,plain,7498,فيعذبهم,1,77800
numbered,plain,7499,فسيدخلهم,1,77800
numbered,plain,7500,يستفتونك,1,77800
numbered,plain,7501,الكلالة,1,77800
numbered,plain,7502,امرؤ,1,77800
numbered,plain,7503,فلهما,1,77800
numbered,plain,7504,الثلثان,1,77800
numbered,plain,7505,فللذكر,1,77800
numbered,plain,7506,بالعقود,1,77800
numbered,plain,7507,محلي,1,77800
numbered,plain,7508,تحلوا,1,77800
numbered,plain,7509,القلائد,1,77800
numbered,plain,7510,آمين,1,77800
numbered,plain,7511,حللتم,1,77800
numbered,plain,7512,فاصطادوا,1,77800
numbered,plain,7513,صدوكم,1,77800
numbered,plain,7514,وتعاونوا,1,77800
numbered,plain,7515,تعاونوا,1,77800
numbered,plain,7516,والمنخنقة,1,77800
numbered,plain,7517,والموقوذة,1,77800
numbered,plain,7518,والمتردية,1,77800
numbered,plain,7519,والنطيحة,1,77800
numbered,plain,7520,ذكيتم,1,77800
numbered,plain,7521,ذبح,1,77800
numbered,plain,7522,النصب,1,77800
numbered,plain,7523,تستقسموا,1,77800
numbered,plain,7524,بالأزلام,1,77800
numbered,plain,7525,فسق,1,77800
numbered,plain,7526,أكملت,1,77800
numbered,plain,7527,وأتممت,1,77800
numbered,plain,7528,ورضيت,1,77800
numbered,plain,7529,متجانف,1,77800
numbered,plain,7530,لإثم,1,77800
numbered,plain,7531,الجوارح,1,77800
numbered,plain,7532,مكلبين,1,77800
numbered,plain,7533,تعلمونهن,1,77800
numbered,plain,7534,أمسكن,1,77800
numbered,plain,7535,وطعام,1,77800
numbered,plain,7536,وطعامكم,1,77800
numbered,plain,7537,متخذي,1,77800
numbered,plain,7538,حبط,1,77800
numbered,plain,7539,قمتم,1,77800
numbered,plain,7540,فاغسلوا,1,77800
numbered,plain,7541,المرافق,1,77800
numbered,plain,7542,وامسحوا,1,77800
numbered,plain,7543,برءوسكم,1,77800
numbered,plain,7544,الكعبين,1,77800
numbered,plain,7545,فاطهروا,1,77800
numbered,plain,7546,وميثاقه,1,77800
numbered,plain,7547,واثقكم,1,77800
numbered,plain,7548,اعدلوا,1,77800
numbered,plain,7549,يبسطوا,1,77800
numbered,plain,7550,فكف,1,77800
numbered,plain,7551,وبعثنا,1,77800
numbered,plain,7552,اثني,1,77800
numbered,plain,7553,نقيبا,1,77800
numbered,plain,7554,أقمتم,1,77800
numbered,plain,7555,برسلي,1,77800
numbered,plain,7556,وعزرتموهم,1,77800
numbered,plain,7557,وأقرضتم,1,77800
numbered,plain,7558,ولأدخلنكم,1,77800
numbered,plain,7559,لعناهم,1,77800
numbered,plain,7560,قاسية,1,77800
numbered,plain,7561,ونسوا,1,77800
numbered,plain,7562,تزال,1,77800
numbered,plain,7563,واصفح,1,77800
numbered,plain,7564,فنسوا,1,77800
numbered,plain,7565,فأغرينا,1,77800
numbered,plain,7566,ويخرجهم,1,77800
numbered,plain,7567,وأحباؤه,1,77800
numbered,plain,7568,بذنوبكم,1,77800
numbered,plain,7569,فترة,1,77800
numbered,plain,7570,ونذير,1,77800
numbered,plain,7571,وجعلكم,1,77800
numbered,plain,7572,ملوكا,1,77800
numbered,plain,7573,المقدسة,1,77800
numbered,plain,7574,ترتدوا,1,77800
numbered,plain,7575,أدباركم,1,77800
numbered,plain,7576,داخلون,1,77800
numbered,plain,7577,رجلان,1,77800
numbered,plain,7578,دخلتموه,1,77800
numbered,plain,7579,غالبون,1,77800
numbered,plain,7580,فتوكلوا,1,77800
numbered,plain,7581,داموا,1,77800
numbered,plain,7582,فقاتلا,1,77800
numbered,plain,7583,قاعدون,1,77800
numbered,plain,7584,فافرق,1,77800
numbered,plain,7585,محرمة,1,77800
numbered,plain,7586,يتيهون,1,77800
numbered,plain,7587,قربا,1,77800
numbered,plain,7588,لأقتلنك,1,77800
numbered,plain,7589,بسطت,1,77800
numbered,plain,7590,لتقتلني,1,77800
numbered,plain,7591,بباسط,1,77800
numbered,plain,7592,لأقتلك,1,77800
numbered,plain,7593,تبوء,1,77800
numbered,plain,7594,بإثمي,1,77800
numbered,plain,7595,وإثمك,1,77800
numbered,plain,7596,فطوعت,1,77800
numbered,plain,7597,غرابا,1,77800
numbered,plain,7598,يبحث,1,77800
numbered,plain,7599,ليريه,1,77800
numbered,plain,7600,أعجزت,1,77800
numbered,plain,7601,الغراب,1,77800
numbered,plain,7602,فأواري,1,77800
numbered,plain,7603,النادمين,1,77800
numbered,plain,7604,فساد,1,77800
numbered,plain,7605,أحيا,1,77800
numbered,plain,7606,لمسرفون,1,77800
numbered,plain,7607,يحاربون,1,77800
numbered,plain,7608,يقتلوا,1,77800
numbered,plain,7609,يصلبوا,1,77800
numbered,plain,7610,ينفوا,1,77800
numbered,plain,7611,ليفتدوا,1,77800
numbered,plain,7612,والسارق,1,77800
numbered,plain,7613,والسارقة,1,77800
numbered,plain,7614,فاقطعوا,1,77800
numbered,plain,7615,أيديهما,1,77800
numbered,plain,7616,كسبا,1,77800
numbered,plain,7617,تؤتوه,1,77800
numbered,plain,7618,فاحذروا,1,77800
numbered,plain,7619,فتنته,1,77800
numbered,plain,7620,يطهر,1,77800
numbered,plain,7621,أكالون,1,77800
numbered,plain,7622,للسحت,1,77800
numbered,plain,7623,تعرض,1,77800
numbered,plain,7624,يضروك,1,77800
numbered,plain,7625,حكمت,1,77800
numbered,plain,7626,يحكمونك,1,77800
numbered,plain,7627,والربانيون,1,77800
numbered,plain,7628,استحفظوا,1,77800
numbered,plain,7629,تخشوا,1,77800
numbered,plain,7630,والعين,1,77800
numbered,plain,7631,بالعين,1,77800
numbered,plain,7632,والأنف,1,77800
numbered,plain,7633,بالأنف,1,77800
numbered,plain,7634,والأذن,1,77800
numbered,plain,7635,بالأذن,1,77800
numbered,plain,7636,والسن,1,77800
numbered,plain,7637,بالسن,1,77800
numbered,plain,7638,والجروح,1,77800
numbered,plain,7639,تصدق,1,77800
numbered,plain,7640,وليحكم,1,77800
numbered,plain,7641,ومهيمنا,1,77800
numbered,plain,7642,شرعة,1,77800
numbered,plain,7643,ومنهاجا,1,77800
numbered,plain,7644,واحذرهم,1,77800
numbered,plain,7645,يفتنوك,1,77800
numbered,plain,7646,لفاسقون,1,77800
numbered,plain,7647,أفحكم,1,77800
numbered,plain,7648,نخشى,1,77800
numbered,plain,7649,تصيبنا,1,77800
numbered,plain,7650,بالفتح,1,77800
numbered,plain,7651,فيصبحوا,1,77800
numbered,plain,7652,أسروا,1,77800
numbered,plain,7653,لمعكم,1,77800
numbered,plain,7654,يحبهم,1,77800
numbered,plain,7655,ويحبونه,1,77800
numbered,plain,7656,يجاهدون,1,77800
numbered,plain,7657,لومة,1,77800
numbered,plain,7658,لائم,1,77800
numbered,plain,7659,وليكم,1,77800
numbered,plain,7660,راكعون,1,77800
numbered,plain,7661,ناديتم,1,77800
numbered,plain,7662,اتخذوها,1,77800
numbered,plain,7663,تنقمون,1,77800
numbered,plain,7664,مثوبة,1,77800
numbered,plain,7665,القردة,1,77800
numbered,plain,7666,والخنازير,1,77800
numbered,plain,7667,وعبد,1,77800
numbered,plain,7668,ينهاهم,1,77800
numbered,plain,7669,الربانيون,1,77800
numbered,plain,7670,غلت,1,77800
numbered,plain,7671,ولعنوا,1,77800
numbered,plain,7672,مبسوطتان,1,77800
numbered,plain,7673,أوقدوا,1,77800
numbered,plain,7674,للحرب,1,77800
numbered,plain,7675,أطفأها,1,77800
numbered,plain,7676,لكفرنا,1,77800
numbered,plain,7677,ولأدخلناهم,1,77800
numbered,plain,7678,لأكلوا,1,77800
numbered,plain,7679,مقتصدة,1,77800
numbered,plain,7680,تفعل,1,77800
numbered,plain,7681,يعصمك,1,77800
numbered,plain,7682,تقيموا,1,77800
numbered,plain,7683,والصابئون,1,77800
numbered,plain,7684,وحسبوا,1,77800
numbered,plain,7685,فعموا,1,77800
numbered,plain,7686,عموا,1,77800
numbered,plain,7687,ثالث,1,77800
numbered,plain,7688,ليمسن,1,77800
numbered,plain,7689,ويستغفرونه,1,77800
numbered,plain,7690,صديقة,1,77800
numbered,plain,7691,يأكلان,1,77800
numbered,plain,7692,نبين,1,77800
numbered,plain,7693,وأضلوا,1,77800
numbered,plain,7694,وضلوا,1,77800
numbered,plain,7695,يتناهون,1,77800
numbered,plain,7696,منكر,1,77800
numbered,plain,7697,سخط,1,77800
numbered,plain,7698,والنبي,1,77800
numbered,plain,7699,اتخذوهم,1,77800
numbered,plain,7700,لتجدن,1,77800
numbered,plain,7701,ولتجدن,1,77800
numbered,plain,7702,أقربهم,1,77800
numbered,plain,7703,قسيسين,1,77800
numbered,plain,7704,ورهبانا,1,77800
numbered,plain,7705,ونطمع,1,77800
numbered,plain,7706,يدخلنا,1,77800
numbered,plain,7707,فأثابهم,1,77800
numbered,plain,7708,تحرموا,1,77800
numbered,plain,7709,عقدتم,1,77800
numbered,plain,7710,فكفارته,1,77800
numbered,plain,7711,أوسط,1,77800
numbered,plain,7712,تطعمون,1,77800
numbered,plain,7713,أهليكم,1,77800
numbered,plain,7714,كسوتهم,1,77800
numbered,plain,7715,تحرير,1,77800
numbered,plain,7716,حلفتم,1,77800
numbered,plain,7717,واحفظوا,1,77800
numbered,plain,7718,والأنصاب,1,77800
numbered,plain,7719,والأزلام,1,77800
numbered,plain,7720,فاجتنبوه,1,77800
numbered,plain,7721,يوقع,1,77800
numbered,plain,7722,ويصدكم,1,77800
numbered,plain,7723,منتهون,1,77800
numbered,plain,7724,واحذروا,1,77800
numbered,plain,7725,طعموا,1,77800
numbered,plain,7726,ليبلونكم,1,77800
numbered,plain,7727,تناله,1,77800
numbered,plain,7728,ورماحكم,1,77800
numbered,plain,7729,يخافه,1,77800
numbered,plain,7730,قتله,1,77800
numbered,plain,7731,فجزاء,1,77800
numbered,plain,7732,النعم,1,77800
numbered,plain,7733,هديا,1,77800
numbered,plain,7734,صياما,1,77800
numbered,plain,7735,ليذوق,1,77800
numbered,plain,7736,فينتقم,1,77800
numbered,plain,7737,وطعامه,1,77800
numbered,plain,7738,وللسيارة,1,77800
numbered,plain,7739,دمتم,1,77800
numbered,plain,7740,والشهر,1,77800
numbered,plain,7741,والقلائد,1,77800
numbered,plain,7742,والطيب,1,77800
numbered,plain,7743,كثرة,1,77800
numbered,plain,7744,أشياء,1,77800
numbered,plain,7745,تسؤكم,1,77800
numbered,plain,7746,سألها,1,77800
numbered,plain,7747,أصبحوا,1,77800
numbered,plain,7748,بحيرة,1,77800
numbered,plain,7749,سائبة,1,77800
numbered,plain,7750,وصيلة,1,77800
numbered,plain,7751,حام,1,77800
numbered,plain,7752,اهتديتم,1,77800
numbered,plain,7753,اثنان,1,77800
numbered,plain,7754,آخران,1,77800
numbered,plain,7755,فأصابتكم,1,77800
numbered,plain,7756,تحبسونهما,1,77800
numbered,plain,7757,نشتري,1,77800
numbered,plain,7758,نكتم,1,77800
numbered,plain,7759,الآثمين,1,77800
numbered,plain,7760,عثر,1,77800
numbered,plain,7761,استحقا,1,77800
numbered,plain,7762,فآخران,1,77800
numbered,plain,7763,يقومان,1,77800
numbered,plain,7764,مقامهما,1,77800
numbered,plain,7765,استحق,1,77800
numbered,plain,7766,الأوليان,1,77800
numbered,plain,7767,لشهادتنا,1,77800
numbered,plain,7768,شهادتهما,1,77800
numbered,plain,7769,اعتدينا,1,77800
numbered,plain,7770,بالشهادة,1,77800
numbered,plain,7771,يخافوا,1,77800
numbered,plain,7772,ترد,1,77800
numbered,plain,7773,اذكر,1,77800
numbered,plain,7774,والدتك,1,77800
numbered,plain,7775,أيدتك,1,77800
numbered,plain,7776,علمتك,1,77800
numbered,plain,7777,تخلق,1,77800
numbered,plain,7778,فتنفخ,1,77800
numbered,plain,7779,وتبرئ,1,77800
numbered,plain,7780,كففت,1,77800
numbered,plain,7781,أوحيت,1,77800
numbered,plain,7782,الحواريين,1,77800
numbered,plain,7783,وبرسولي,1,77800
numbered,plain,7784,بأننا,1,77800
numbered,plain,7785,نأكل,1,77800
numbered,plain,7786,صدقتنا,1,77800
numbered,plain,7787,عيدا,1,77800
numbered,plain,7788,لأولنا,1,77800
numbered,plain,7789,وآخرنا,1,77800
numbered,plain,7790,وارزقنا,1,77800
numbered,plain,7791,منزلها,1,77800
numbered,plain,7792,اتخذوني,1,77800
numbered,plain,7793,وأمي,1,77800
numbered,plain,7794,بحق,1,77800
numbered,plain,7795,قلته,1,77800
numbered,plain,7796,علمته,1,77800
numbered,plain,7797,أمرتني,1,77800
numbered,plain,7798,توفيتني,1,77800
numbered,plain,7799,الرقيب,1,77800
numbered,plain,7800,سركم,1,77800
numbered,plain,7801,وجهركم,1,77800
numbered,plain,7802,قرطاس,1,77800
numbered,plain,7803,فلمسوه,1,77800
numbered,plain,7804,لقال,1,77800
numbered,plain,7805,وللبسنا,1,77800
numbered,plain,7806,يصرف,1,77800
numbered,plain,7807,رحمه,1,77800
numbered,plain,7808,لأنذركم,1,77800
numbered,plain,7809,لتشهدون,1,77800
numbered,plain,7810,وإنني,1,77800
numbered,plain,7811,شركاؤكم,1,77800
numbered,plain,7812,فتنتهم,1,77800
numbered,plain,7813,وينأون,1,77800
numbered,plain,7814,لعادوا,1,77800
numbered,plain,7815,حسرتنا,1,77800
numbered,plain,7816,وللدار,1,77800
numbered,plain,7817,ليحزنك,1,77800
numbered,plain,7818,يكذبونك,1,77800
numbered,plain,7819,فصبروا,1,77800
numbered,plain,7820,إعراضهم,1,77800
numbered,plain,7821,نفقا,1,77800
numbered,plain,7822,فتأتيهم,1,77800
numbered,plain,7823,لجمعهم,1,77800
numbered,plain,7824,والموتى,1,77800
numbered,plain,7825,طائر,1,77800
numbered,plain,7826,يطير,1,77800
numbered,plain,7827,بجناحيه,1,77800
numbered,plain,7828,وبكم,1,77800
numbered,plain,7829,يضلله,1,77800
numbered,plain,7830,أتتكم,1,77800
numbered,plain,7831,فيكشف,1,77800
numbered,plain,7832,تضرعوا,1,77800
numbered,plain,7833,وأبصاركم,1,77800
numbered,plain,7834,يحشروا,1,77800
numbered,plain,7835,تطرد,1,77800
numbered,plain,7836,حسابك,1,77800
numbered,plain,7837,فتطردهم,1,77800
numbered,plain,7838,ليقولوا,1,77800
numbered,plain,7839,بالشاكرين,1,77800
numbered,plain,7840,ولتستبين,1,77800
numbered,plain,7841,أهواءكم,1,77800
numbered,plain,7842,وكذبتم,1,77800
numbered,plain,7843,الفاصلين,1,77800
numbered,plain,7844,مفاتح,1,77800
numbered,plain,7845,ورقة,1,77800
numbered,plain,7846,رطب,1,77800
numbered,plain,7847,يابس,1,77800
numbered,plain,7848,جرحتم,1,77800
numbered,plain,7849,يبعثكم,1,77800
numbered,plain,7850,ليقضى,1,77800
numbered,plain,7851,حفظة,1,77800
numbered,plain,7852,توفته,1,77800
numbered,plain,7853,يفرطون,1,77800
numbered,plain,7854,الحاسبين,1,77800
numbered,plain,7855,تدعونه,1,77800
numbered,plain,7856,أنجانا,1,77800
numbered,plain,7857,كرب,1,77800
numbered,plain,7858,القادر,1,77800
numbered,plain,7859,أرجلكم,1,77800
numbered,plain,7860,يلبسكم,1,77800
numbered,plain,7861,ويذيق,1,77800
numbered,plain,7862,يخوضون,1,77800
numbered,plain,7863,ينسينك,1,77800
numbered,plain,7864,تقعد,1,77800
numbered,plain,7865,وذر,1,77800
numbered,plain,7866,لعبا,1,77800
numbered,plain,7867,ولهوا,1,77800
numbered,plain,7868,تبسل,1,77800
numbered,plain,7869,تعدل,1,77800
numbered,plain,7870,أبسلوا,1,77800
numbered,plain,7871,أندعو,1,77800
numbered,plain,7872,يضرنا,1,77800
numbered,plain,7873,ونرد,1,77800
numbered,plain,7874,أعقابنا,1,77800
numbered,plain,7875,استهوته,1,77800
numbered,plain,7876,حيران,1,77800
numbered,plain,7877,يدعونه,1,77800
numbered,plain,7878,وأمرنا,1,77800
numbered,plain,7879,لنسلم,1,77800
numbered,plain,7880,آزر,1,77800
numbered,plain,7881,أتتخذ,1,77800
numbered,plain,7882,وقومك,1,77800
numbered,plain,7883,نري,1,77800
numbered,plain,7884,وليكون,1,77800
numbered,plain,7885,الموقنين,1,77800
numbered,plain,7886,جن,1,77800
numbered,plain,7887,الآفلين,1,77800
numbered,plain,7888,بازغا,1,77800
numbered,plain,7889,يهدني,1,77800
numbered,plain,7890,لأكونن,1,77800
numbered,plain,7891,بازغة,1,77800
numbered,plain,7892,أفلت,1,77800
numbered,plain,7893,وجهت,1,77800
numbered,plain,7894,وحاجه,1,77800
numbered,plain,7895,أتحاجوني,1,77800
numbered,plain,7896,هدان,1,77800
numbered,plain,7897,بالأمن,1,77800
numbered,plain,7898,يلبسوا,1,77800
numbered,plain,7899,حجتنا,1,77800
numbered,plain,7900,آتيناها,1,77800
numbered,plain,7901,ويوسف,1,77800
numbered,plain,7902,وإلياس,1,77800
numbered,plain,7903,واجتبيناهم,1,77800
numbered,plain,7904,وهديناهم,1,77800
numbered,plain,7905,لحبط,1,77800
numbered,plain,7906,وكلنا,1,77800
numbered,plain,7907,بكافرين,1,77800
numbered,plain,7908,فبهداهم,1,77800
numbered,plain,7909,اقتده,1,77800
numbered,plain,7910,تجعلونه,1,77800
numbered,plain,7911,قراطيس,1,77800
numbered,plain,7912,تبدونها,1,77800
numbered,plain,7913,وتخفون,1,77800
numbered,plain,7914,وعلمتم,1,77800
numbered,plain,7915,خوضهم,1,77800
numbered,plain,7916,ولتنذر,1,77800
numbered,plain,7917,يوح,1,77800
numbered,plain,7918,سأنزل,1,77800
numbered,plain,7919,غمرات,1,77800
numbered,plain,7920,باسطو,1,77800
numbered,plain,7921,فرادى,1,77800
numbered,plain,7922,وتركتم,1,77800
numbered,plain,7923,خولناكم,1,77800
numbered,plain,7924,ظهوركم,1,77800
numbered,plain,7925,شفعاءكم,1,77800
numbered,plain,7926,الحب,1,77800
numbered,plain,7927,والنوى,1,77800
numbered,plain,7928,ومخرج,1,77800
numbered,plain,7929,الإصباح,1,77800
numbered,plain,7930,لتهتدوا,1,77800
numbered,plain,7931,فمستقر,1,77800
numbered,plain,7932,ومستودع,1,77800
numbered,plain,7933,متراكبا,1,77800
numbered,plain,7934,قنوان,1,77800
numbered,plain,7935,مشتبها,1,77800
numbered,plain,7936,وينعه,1,77800
numbered,plain,7937,وخلقهم,1,77800
numbered,plain,7938,وخرقوا,1,77800
numbered,plain,7939,تدركه,1,77800
numbered,plain,7940,يدرك,1,77800
numbered,plain,7941,درست,1,77800
numbered,plain,7942,ولنبينه,1,77800
numbered,plain,7943,تسبوا,1,77800
numbered,plain,7944,فيسبوا,1,77800
numbered,plain,7945,يشعركم,1,77800
numbered,plain,7946,ونقلب,1,77800
numbered,plain,7947,ونذرهم,1,77800
numbered,plain,7948,أننا,1,77800
numbered,plain,7949,وكلمهم,1,77800
numbered,plain,7950,وحشرنا,1,77800
numbered,plain,7951,يجهلون,1,77800
numbered,plain,7952,شياطين,1,77800
numbered,plain,7953,ولتصغى,1,77800
numbered,plain,7954,وليرضوه,1,77800
numbered,plain,7955,وليقترفوا,1,77800
numbered,plain,7956,مقترفون,1,77800
numbered,plain,7957,أبتغي,1,77800
numbered,plain,7958,مفصلا,1,77800
numbered,plain,7959,منزل,1,77800
numbered,plain,7960,صدقا,1,77800
numbered,plain,7961,وعدلا,1,77800
numbered,plain,7962,اضطررتم,1,77800
numbered,plain,7963,ليضلون,1,77800
numbered,plain,7964,بأهوائهم,1,77800
numbered,plain,7965,بالمعتدين,1,77800
numbered,plain,7966,ظاهر,1,77800
numbered,plain,7967,وباطنه,1,77800
numbered,plain,7968,يقترفون,1,77800
numbered,plain,7969,لفسق,1,77800
numbered,plain,7970,ليوحون,1,77800
numbered,plain,7971,أوليائهم,1,77800
numbered,plain,7972,ليجادلوكم,1,77800
numbered,plain,7973,أطعتموهم,1,77800
numbered,plain,7974,لمشركون,1,77800
numbered,plain,7975,فأحييناه,1,77800
numbered,plain,7976,بخارج,1,77800
numbered,plain,7977,أكابر,1,77800
numbered,plain,7978,مجرميها,1,77800
numbered,plain,7979,ليمكروا,1,77800
numbered,plain,7980,نؤتى,1,77800
numbered,plain,7981,صغار,1,77800
numbered,plain,7982,يشرح,1,77800
numbered,plain,7983,استكثرتم,1,77800
numbered,plain,7984,وبلغنا,1,77800
numbered,plain,7985,أجلنا,1,77800
numbered,plain,7986,مثواكم,1,77800
numbered,plain,7987,نولي,1,77800
numbered,plain,7988,بعدكم,1,77800
numbered,plain,7989,لشركائنا,1,77800
numbered,plain,7990,لشركائهم,1,77800
numbered,plain,7991,لكثير,1,77800
numbered,plain,7992,ليردوهم,1,77800
numbered,plain,7993,وليلبسوا,1,77800
numbered,plain,7994,أنعام,1,77800
numbered,plain,7995,وحرث,1,77800
numbered,plain,7996,يطعمها,1,77800
numbered,plain,7997,لذكورنا,1,77800
numbered,plain,7998,ومحرم,1,77800
numbered,plain,7999,وصفهم,1,77800
numbered,plain,8000,سفها,1,77800
numbered,plain,8001,وحرموا,1,77800
numbered,plain,8002,والزرع,1,77800
numbered,plain,8003,حصاده,1,77800
numbered,plain,8004,حمولة,1,77800
numbered,plain,8005,وفرشا,1,77800
numbered,plain,8006,الضأن,1,77800
numbered,plain,8007,المعز,1,77800
numbered,plain,8008,نبئوني,1,77800
numbered,plain,8009,محرما,1,77800
numbered,plain,8010,طاعم,1,77800
numbered,plain,8011,دما,1,77800
numbered,plain,8012,مسفوحا,1,77800
numbered,plain,8013,خنزير,1,77800
numbered,plain,8014,فسقا,1,77800
numbered,plain,8015,ظفر,1,77800
numbered,plain,8016,والغنم,1,77800
numbered,plain,8017,شحومهما,1,77800
numbered,plain,8018,ظهورهما,1,77800
numbered,plain,8019,الحوايا,1,77800
numbered,plain,8020,اختلط,1,77800
numbered,plain,8021,بعظم,1,77800
numbered,plain,8022,ببغيهم,1,77800
numbered,plain,8023,بأسه,1,77800
numbered,plain,8024,أشركنا,1,77800
numbered,plain,8025,فتخرجوه,1,77800
numbered,plain,8026,تخرصون,1,77800
numbered,plain,8027,الحجة,1,77800
numbered,plain,8028,البالغة,1,77800
numbered,plain,8029,أتل,1,77800
numbered,plain,8030,نرزقكم,1,77800
numbered,plain,8031,وإياهم,1,77800
numbered,plain,8032,فاعدلوا,1,77800
numbered,plain,8033,وبعهد,1,77800
numbered,plain,8034,صراطي,1,77800
numbered,plain,8035,السبل,1,77800
numbered,plain,8036,فتفرق,1,77800
numbered,plain,8037,تماما,1,77800
numbered,plain,8038,طائفتين,1,77800
numbered,plain,8039,دراستهم,1,77800
numbered,plain,8040,وصدف,1,77800
numbered,plain,8041,سنجزي,1,77800
numbered,plain,8042,انتظروا,1,77800
numbered,plain,8043,صلاتي,1,77800
numbered,plain,8044,ونسكي,1,77800
numbered,plain,8045,ومحياي,1,77800
numbered,plain,8046,ومماتي,1,77800
numbered,plain,8047,وبذلك,1,77800
numbered,plain,8048,أبغي,1,77800
numbered,plain,8049,المص,1,77800
numbered,plain,8050,فجاءها,1,77800
numbered,plain,8051,قائلون,1,77800
numbered,plain,8052,فلنسألن,1,77800
numbered,plain,8053,ولنسألن,1,77800
numbered,plain,8054,فلنقصن,1,77800
numbered,plain,8055,غائبين,1,77800
numbered,plain,8056,والوزن,1,77800
numbered,plain,8057,صورناكم,1,77800
numbered,plain,8058,أمرتك,1,77800
numbered,plain,8059,فاهبط,1,77800
numbered,plain,8060,تتكبر,1,77800
numbered,plain,8061,أنظرني,1,77800
numbered,plain,8062,لأقعدن,1,77800
numbered,plain,8063,صراطك,1,77800
numbered,plain,8064,لآتينهم,1,77800
numbered,plain,8065,شمائلهم,1,77800
numbered,plain,8066,شاكرين,1,77800
numbered,plain,8067,مذءوما,1,77800
numbered,plain,8068,ليبدي,1,77800
numbered,plain,8069,ووري,1,77800
numbered,plain,8070,نهاكما,1,77800
numbered,plain,8071,ملكين,1,77800
numbered,plain,8072,الخالدين,1,77800
numbered,plain,8073,وقاسمهما,1,77800
numbered,plain,8074,فدلاهما,1,77800
numbered,plain,8075,بغرور,1,77800
numbered,plain,8076,ذاقا,1,77800
numbered,plain,8077,وناداهما,1,77800
numbered,plain,8078,أنهكما,1,77800
numbered,plain,8079,تلكما,1,77800
numbered,plain,8080,ظلمنا,1,77800
numbered,plain,8081,وترحمنا,1,77800
numbered,plain,8082,تحيون,1,77800
numbered,plain,8083,تموتون,1,77800
numbered,plain,8084,سوآتكم,1,77800
numbered,plain,8085,وريشا,1,77800
numbered,plain,8086,ولباس,1,77800
numbered,plain,8087,يفتننكم,1,77800
numbered,plain,8088,أبويكم,1,77800
numbered,plain,8089,ينزع,1,77800
numbered,plain,8090,لباسهما,1,77800
numbered,plain,8091,ليريهما,1,77800
numbered,plain,8092,وقبيله,1,77800
numbered,plain,8093,ترونهم,1,77800
numbered,plain,8094,بدأكم,1,77800
numbered,plain,8095,تعودون,1,77800
numbered,plain,8096,زينتكم,1,77800
numbered,plain,8097,والإثم,1,77800
numbered,plain,8098,يتوفونهم,1,77800
numbered,plain,8099,اداركوا,1,77800
numbered,plain,8100,أخراهم,1,77800
numbered,plain,8101,لأولاهم,1,77800
numbered,plain,8102,أضلونا,1,77800
numbered,plain,8103,فآتهم,1,77800
numbered,plain,8104,أولاهم,1,77800
numbered,plain,8105,لأخراهم,1,77800
numbered,plain,8106,تفتح,1,77800
numbered,plain,8107,الجمل,1,77800
numbered,plain,8108,سم,1,77800
numbered,plain,8109,الخياط,1,77800
numbered,plain,8110,مهاد,1,77800
numbered,plain,8111,غواش,1,77800
numbered,plain,8112,لنهتدي,1,77800
numbered,plain,8113,ونودوا,1,77800
numbered,plain,8114,تلكم,1,77800
numbered,plain,8115,وبينهما,1,77800
numbered,plain,8116,يطمعون,1,77800
numbered,plain,8117,صرفت,1,77800
numbered,plain,8118,يعرفونهم,1,77800
numbered,plain,8119,جمعكم,1,77800
numbered,plain,8120,حرمهما,1,77800
numbered,plain,8121,ننساهم,1,77800
numbered,plain,8122,جئناهم,1,77800
numbered,plain,8123,نسوه,1,77800
numbered,plain,8124,فيشفعوا,1,77800
numbered,plain,8125,فنعمل,1,77800
numbered,plain,8126,يطلبه,1,77800
numbered,plain,8127,حثيثا,1,77800
numbered,plain,8128,أقلت,1,77800
numbered,plain,8129,ثقالا,1,77800
numbered,plain,8130,سقناه,1,77800
numbered,plain,8131,لبلد,1,77800
numbered,plain,8132,والبلد,1,77800
numbered,plain,8133,خبث,1,77800
numbered,plain,8134,نكدا,1,77800
numbered,plain,8135,ضلالة,1,77800
numbered,plain,8136,وأنصح,1,77800
numbered,plain,8137,ولتتقوا,1,77800
numbered,plain,8138,عمين,1,77800
numbered,plain,8139,لنظنك,1,77800
numbered,plain,8140,ناصح,1,77800
numbered,plain,8141,وزادكم,1,77800
numbered,plain,8142,لنعبد,1,77800
numbered,plain,8143,أتجادلونني,1,77800
numbered,plain,8144,وقطعنا,1,77800
numbered,plain,8145,وبوأكم,1,77800
numbered,plain,8146,سهولها,1,77800
numbered,plain,8147,فعقروا,1,77800
numbered,plain,8148,رسالة,1,77800
numbered,plain,8149,أخرجوهم,1,77800
numbered,plain,8150,فأوفوا,1,77800
numbered,plain,8151,وتصدون,1,77800
numbered,plain,8152,وتبغونها,1,77800
numbered,plain,8153,فكثركم,1,77800
numbered,plain,8154,وانظروا,1,77800
numbered,plain,8155,لنخرجنك,1,77800
numbered,plain,8156,قريتنا,1,77800
numbered,plain,8157,كارهين,1,77800
numbered,plain,8158,افترينا,1,77800
numbered,plain,8159,ملتكم,1,77800
numbered,plain,8160,نعود,1,77800
numbered,plain,8161,افتح,1,77800
numbered,plain,8162,الفاتحين,1,77800
numbered,plain,8163,اتبعتم,1,77800
numbered,plain,8164,آسى,1,77800
numbered,plain,8165,يضرعون,1,77800
numbered,plain,8166,الضراء,1,77800
numbered,plain,8167,والسراء,1,77800
numbered,plain,8168,لفتحنا,1,77800
numbered,plain,8169,بركات,1,77800
numbered,plain,8170,أوأمن,1,77800
numbered,plain,8171,يأمن,1,77800
numbered,plain,8172,أصبناهم,1,77800
numbered,plain,8173,ونطبع,1,77800
numbered,plain,8174,أنبائها,1,77800
numbered,plain,8175,لأكثرهم,1,77800
numbered,plain,8176,لفاسقين,1,77800
numbered,plain,8177,حقيق,1,77800
numbered,plain,8178,الملقين,1,77800
numbered,plain,8179,سحروا,1,77800
numbered,plain,8180,واسترهبوهم,1,77800
numbered,plain,8181,فوقع,1,77800
numbered,plain,8182,وبطل,1,77800
numbered,plain,8183,فغلبوا,1,77800
numbered,plain,8184,وانقلبوا,1,77800
numbered,plain,8185,صاغرين,1,77800
numbered,plain,8186,وألقي,1,77800
numbered,plain,8187,لمكر,1,77800
numbered,plain,8188,مكرتموه,1,77800
numbered,plain,8189,لتخرجوا,1,77800
numbered,plain,8190,لأصلبنكم,1,77800
numbered,plain,8191,تنقم,1,77800
numbered,plain,8192,جاءتنا,1,77800
numbered,plain,8193,أتذر,1,77800
numbered,plain,8194,ليفسدوا,1,77800
numbered,plain,8195,ويذرك,1,77800
numbered,plain,8196,وآلهتك,1,77800
numbered,plain,8197,سنقتل,1,77800
numbered,plain,8198,ونستحيي,1,77800
numbered,plain,8199,قاهرون,1,77800
numbered,plain,8200,يورثها,1,77800
numbered,plain,8201,أوذينا,1,77800
numbered,plain,8202,ويستخلفكم,1,77800
numbered,plain,8203,فينظر,1,77800
numbered,plain,8204,بالسنين,1,77800
numbered,plain,8205,يطيروا,1,77800
numbered,plain,8206,بموسى,1,77800
numbered,plain,8207,طائرهم,1,77800
numbered,plain,8208,مهما,1,77800
numbered,plain,8209,تأتنا,1,77800
numbered,plain,8210,لتسحرنا,1,77800
numbered,plain,8211,والجراد,1,77800
numbered,plain,8212,والقمل,1,77800
numbered,plain,8213,والضفادع,1,77800
numbered,plain,8214,مفصلات,1,77800
numbered,plain,8215,كشفت,1,77800
numbered,plain,8216,لنؤمنن,1,77800
numbered,plain,8217,ولنرسلن,1,77800
numbered,plain,8218,بالغوه,1,77800
numbered,plain,8219,يستضعفون,1,77800
numbered,plain,8220,مشارق,1,77800
numbered,plain,8221,ومغاربها,1,77800
numbered,plain,8222,ودمرنا,1,77800
numbered,plain,8223,يصنع,1,77800
numbered,plain,8224,يعكفون,1,77800
numbered,plain,8225,أصنام,1,77800
numbered,plain,8226,متبر,1,77800
numbered,plain,8227,أبغيكم,1,77800
numbered,plain,8228,فضلكم,1,77800
numbered,plain,8229,وواعدنا,1,77800
numbered,plain,8230,ثلاثين,1,77800
numbered,plain,8231,وأتممناها,1,77800
numbered,plain,8232,فتم,1,77800
numbered,plain,8233,لأخيه,1,77800
numbered,plain,8234,اخلفني,1,77800
numbered,plain,8235,وكلمه,1,77800
numbered,plain,8236,أنظر,1,77800
numbered,plain,8237,استقر,1,77800
numbered,plain,8238,للجبل,1,77800
numbered,plain,8239,صعقا,1,77800
numbered,plain,8240,أفاق,1,77800
numbered,plain,8241,اصطفيتك,1,77800
numbered,plain,8242,برسالاتي,1,77800
numbered,plain,8243,وبكلامي,1,77800
numbered,plain,8244,آتيتك,1,77800
numbered,plain,8245,فخذها,1,77800
numbered,plain,8246,يأخذوا,1,77800
numbered,plain,8247,بأحسنها,1,77800
numbered,plain,8248,سأصرف,1,77800
numbered,plain,8249,يتكبرون,1,77800
numbered,plain,8250,حليهم,1,77800
numbered,plain,8251,اتخذوه,1,77800
numbered,plain,8252,سقط,1,77800
numbered,plain,8253,يرحمنا,1,77800
numbered,plain,8254,خلفتموني,1,77800
numbered,plain,8255,أعجلتم,1,77800
numbered,plain,8256,برأس,1,77800
numbered,plain,8257,يجره,1,77800
numbered,plain,8258,استضعفوني,1,77800
numbered,plain,8259,وكادوا,1,77800
numbered,plain,8260,يقتلونني,1,77800
numbered,plain,8261,تشمت,1,77800
numbered,plain,8262,الأعداء,1,77800
numbered,plain,8263,ولأخي,1,77800
numbered,plain,8264,وأدخلنا,1,77800
numbered,plain,8265,رحمتك,1,77800
numbered,plain,8266,سينالهم,1,77800
numbered,plain,8267,وذلة,1,77800
numbered,plain,8268,المفترين,1,77800
numbered,plain,8269,سكت,1,77800
numbered,plain,8270,الغضب,1,77800
numbered,plain,8271,نسختها,1,77800
numbered,plain,8272,يرهبون,1,77800
numbered,plain,8273,واختار,1,77800
numbered,plain,8274,أهلكتهم,1,77800
numbered,plain,8275,أتهلكنا,1,77800
numbered,plain,8276,فتنتك,1,77800
numbered,plain,8277,وتهدي,1,77800
numbered,plain,8278,الغافرين,1,77800
numbered,plain,8279,واكتب,1,77800
numbered,plain,8280,هدنا,1,77800
numbered,plain,8281,أصيب,1,77800
numbered,plain,8282,أشاء,1,77800
numbered,plain,8283,ورحمتي,1,77800
numbered,plain,8284,فسأكتبها,1,77800
numbered,plain,8285,يجدونه,1,77800
numbered,plain,8286,مكتوبا,1,77800
numbered,plain,8287,يأمرهم,1,77800
numbered,plain,8288,وينهاهم,1,77800
numbered,plain,8289,ويحرم,1,77800
numbered,plain,8290,ويضع,1,77800
numbered,plain,8291,إصرهم,1,77800
numbered,plain,8292,والأغلال,1,77800
numbered,plain,8293,وعزروه,1,77800
numbered,plain,8294,ونصروه,1,77800
numbered,plain,8295,وكلماته,1,77800
numbered,plain,8296,واتبعوه,1,77800
numbered,plain,8297,اثنتي,1,77800
numbered,plain,8298,أسباطا,1,77800
numbered,plain,8299,استسقاه,1,77800
numbered,plain,8300,فانبجست,1,77800
numbered,plain,8301,خطيئاتكم,1,77800
numbered,plain,8302,سنزيد,1,77800
numbered,plain,8303,واسألهم,1,77800
numbered,plain,8304,يعدون,1,77800
numbered,plain,8305,حيتانهم,1,77800
numbered,plain,8306,سبتهم,1,77800
numbered,plain,8307,شرعا,1,77800
numbered,plain,8308,يسبتون,1,77800
numbered,plain,8309,نبلوهم,1,77800
numbered,plain,8310,تعظون,1,77800
numbered,plain,8311,مهلكهم,1,77800
numbered,plain,8312,معذرة,1,77800
numbered,plain,8313,بئيس,1,77800
numbered,plain,8314,ليبعثن,1,77800
numbered,plain,8315,يسومهم,1,77800
numbered,plain,8316,لسريع,1,77800
numbered,plain,8317,وبلوناهم,1,77800
numbered,plain,8318,بالحسنات,1,77800
numbered,plain,8319,والسيئات,1,77800
numbered,plain,8320,ورثوا,1,77800
numbered,plain,8321,يأخذون,1,77800
numbered,plain,8322,سيغفر,1,77800
numbered,plain,8323,يأخذوه,1,77800
numbered,plain,8324,ودرسوا,1,77800
numbered,plain,8325,يمسكون,1,77800
numbered,plain,8326,نتقنا,1,77800
numbered,plain,8327,ظلة,1,77800
numbered,plain,8328,وأشهدهم,1,77800
numbered,plain,8329,ألست,1,77800
numbered,plain,8330,أفتهلكنا,1,77800
numbered,plain,8331,فانسلخ,1,77800
numbered,plain,8332,لرفعناه,1,77800
numbered,plain,8333,ولكنه,1,77800
numbered,plain,8334,أخلد,1,77800
numbered,plain,8335,الكلب,1,77800
numbered,plain,8336,تتركه,1,77800
numbered,plain,8337,فاقصص,1,77800
numbered,plain,8338,المهتدي,1,77800
numbered,plain,8339,ذرأنا,1,77800
numbered,plain,8340,أسمائه,1,77800
numbered,plain,8341,بصاحبهم,1,77800
numbered,plain,8342,هادي,1,77800
numbered,plain,8343,ويذرهم,1,77800
numbered,plain,8344,يجليها,1,77800
numbered,plain,8345,لوقتها,1,77800
numbered,plain,8346,كأنك,1,77800
numbered,plain,8347,حفي,1,77800
numbered,plain,8348,لاستكثرت,1,77800
numbered,plain,8349,ليسكن,1,77800
numbered,plain,8350,تغشاها,1,77800
numbered,plain,8351,خفيفا,1,77800
numbered,plain,8352,فمرت,1,77800
numbered,plain,8353,أثقلت,1,77800
numbered,plain,8354,آتيتنا,1,77800
numbered,plain,8355,جعلا,1,77800
numbered,plain,8356,أيشركون,1,77800
numbered,plain,8357,يتبعوكم,1,77800
numbered,plain,8358,أدعوتموهم,1,77800
numbered,plain,8359,صامتون,1,77800
numbered,plain,8360,فادعوهم,1,77800
numbered,plain,8361,ألهم,1,77800
numbered,plain,8362,أرجل,1,77800
numbered,plain,8363,أيد,1,77800
numbered,plain,8364,يبطشون,1,77800
numbered,plain,8365,كيدون,1,77800
numbered,plain,8366,بالعرف,1,77800
numbered,plain,8367,مسهم,1,77800
numbered,plain,8368,مبصرون,1,77800
numbered,plain,8369,يمدونهم,1,77800
numbered,plain,8370,يقصرون,1,77800
numbered,plain,8371,اجتبيتها,1,77800
numbered,plain,8372,وأنصتوا,1,77800
numbered,plain,8373,وخيفة,1,77800
numbered,plain,8374,ودون,1,77800
numbered,plain,8375,ويسبحونه,1,77800
numbered,plain,8376,تليت,1,77800
numbered,plain,8377,زادتهم,1,77800
numbered,plain,8378,أخرجك,1,77800
numbered,plain,8379,لكارهون,1,77800
numbered,plain,8380,يساقون,1,77800
numbered,plain,8381,الطائفتين,1,77800
numbered,plain,8382,وتودون,1,77800
numbered,plain,8383,الشوكة,1,77800
numbered,plain,8384,يحق,1,77800
numbered,plain,8385,ويقطع,1,77800
numbered,plain,8386,ليحق,1,77800
numbered,plain,8387,ويبطل,1,77800
numbered,plain,8388,تستغيثون,1,77800
numbered,plain,8389,ممدكم,1,77800
numbered,plain,8390,بألف,1,77800
numbered,plain,8391,مردفين,1,77800
numbered,plain,8392,يغشيكم,1,77800
numbered,plain,8393,النعاس,1,77800
numbered,plain,8394,وليربط,1,77800
numbered,plain,8395,الأقدام,1,77800
numbered,plain,8396,فثبتوا,1,77800
numbered,plain,8397,سألقي,1,77800
numbered,plain,8398,فاضربوا,1,77800
numbered,plain,8399,الأعناق,1,77800
numbered,plain,8400,واضربوا,1,77800
numbered,plain,8401,بنان,1,77800
numbered,plain,8402,فذوقوه,1,77800
numbered,plain,8403,زحفا,1,77800
numbered,plain,8404,يولهم,1,77800
numbered,plain,8405,دبره,1,77800
numbered,plain,8406,متحرفا,1,77800
numbered,plain,8407,لقتال,1,77800
numbered,plain,8408,متحيزا,1,77800
numbered,plain,8409,تقتلوهم,1,77800
numbered,plain,8410,رمى,1,77800
numbered,plain,8411,وليبلي,1,77800
numbered,plain,8412,موهن,1,77800
numbered,plain,8413,تستفتحوا,1,77800
numbered,plain,8414,فئتكم,1,77800
numbered,plain,8415,كثرت,1,77800
numbered,plain,8416,البكم,1,77800
numbered,plain,8417,لأسمعهم,1,77800
numbered,plain,8418,أسمعهم,1,77800
numbered,plain,8419,لتولوا,1,77800
numbered,plain,8420,يحول,1,77800
numbered,plain,8421,تصيبن,1,77800
numbered,plain,8422,خاصة,1,77800
numbered,plain,8423,مستضعفون,1,77800
numbered,plain,8424,يتخطفكم,1,77800
numbered,plain,8425,فآواكم,1,77800
numbered,plain,8426,وأيدكم,1,77800
numbered,plain,8427,تخونوا,1,77800
numbered,plain,8428,وتخونوا,1,77800
numbered,plain,8429,أماناتكم,1,77800
numbered,plain,8430,فرقانا,1,77800
numbered,plain,8431,يمكر,1,77800
numbered,plain,8432,ليثبتوك,1,77800
numbered,plain,8433,يقتلوك,1,77800
numbered,plain,8434,يخرجوك,1,77800
numbered,plain,8435,ويمكرون,1,77800
numbered,plain,8436,ويمكر,1,77800
numbered,plain,8437,لقلنا,1,77800
numbered,plain,8438,فأمطر,1,77800
numbered,plain,8439,أولياؤه,1,77800
numbered,plain,8440,مكاء,1,77800
numbered,plain,8441,وتصدية,1,77800
numbered,plain,8442,ليصدوا,1,77800
numbered,plain,8443,فسينفقونها,1,77800
numbered,plain,8444,يغلبون,1,77800
numbered,plain,8445,ليميز,1,77800
numbered,plain,8446,فيركمه,1,77800
numbered,plain,8447,فيجعله,1,77800
numbered,plain,8448,يعودوا,1,77800
numbered,plain,8449,مضت,1,77800
numbered,plain,8450,خمسه,1,77800
numbered,plain,8451,القصوى,1,77800
numbered,plain,8452,والركب,1,77800
numbered,plain,8453,تواعدتم,1,77800
numbered,plain,8454,لاختلفتم,1,77800
numbered,plain,8455,يريكهم,1,77800
numbered,plain,8456,منامك,1,77800
numbered,plain,8457,أراكهم,1,77800
numbered,plain,8458,لفشلتم,1,77800
numbered,plain,8459,ولتنازعتم,1,77800
numbered,plain,8460,يريكموهم,1,77800
numbered,plain,8461,التقيتم,1,77800
numbered,plain,8462,ويقللكم,1,77800
numbered,plain,8463,فاثبتوا,1,77800
numbered,plain,8464,تنازعوا,1,77800
numbered,plain,8465,فتفشلوا,1,77800
numbered,plain,8466,وتذهب,1,77800
numbered,plain,8467,ريحكم,1,77800
numbered,plain,8468,بطرا,1,77800
numbered,plain,8469,ورئاء,1,77800
numbered,plain,8470,جار,1,77800
numbered,plain,8471,تراءت,1,77800
numbered,plain,8472,الفئتان,1,77800
numbered,plain,8473,نكص,1,77800
numbered,plain,8474,غر,1,77800
numbered,plain,8475,مغيرا,1,77800
numbered,plain,8476,أنعمها,1,77800
numbered,plain,8477,عاهدت,1,77800
numbered,plain,8478,تثقفنهم,1,77800
numbered,plain,8479,فشرد,1,77800
numbered,plain,8480,تخافن,1,77800
numbered,plain,8481,خيانة,1,77800
numbered,plain,8482,فانبذ,1,77800
numbered,plain,8483,سبقوا,1,77800
numbered,plain,8484,يعجزون,1,77800
numbered,plain,8485,وأعدوا,1,77800
numbered,plain,8486,رباط,1,77800
numbered,plain,8487,الخيل,1,77800
numbered,plain,8488,ترهبون,1,77800
numbered,plain,8489,تعلمونهم,1,77800
numbered,plain,8490,جنحوا,1,77800
numbered,plain,8491,للسلم,1,77800
numbered,plain,8492,فاجنح,1,77800
numbered,plain,8493,يخدعوك,1,77800
numbered,plain,8494,أيدك,1,77800
numbered,plain,8495,وبالمؤمنين,1,77800
numbered,plain,8496,وألف,1,77800
numbered,plain,8497,أنفقت,1,77800
numbered,plain,8498,ألفت,1,77800
numbered,plain,8499,حرض,1,77800
numbered,plain,8500,عشرون,1,77800
numbered,plain,8501,صابرون,1,77800
numbered,plain,8502,ألفا,1,77800
numbered,plain,8503,خفف,1,77800
numbered,plain,8504,صابرة,1,77800
numbered,plain,8505,ألفين,1,77800
numbered,plain,8506,يثخن,1,77800
numbered,plain,8507,أخذتم,1,77800
numbered,plain,8508,الأسرى,1,77800
numbered,plain,8509,خيانتك,1,77800
numbered,plain,8510,خانوا,1,77800
numbered,plain,8511,فأمكن,1,77800
numbered,plain,8512,ولايتهم,1,77800
numbered,plain,8513,استنصروكم,1,77800
numbered,plain,8514,فعليكم,1,77800
numbered,plain,8515,تفعلوه,1,77800
numbered,plain,8516,وفساد,1,77800
numbered,plain,8517,فسيحوا,1,77800
numbered,plain,8518,مخزي,1,77800
numbered,plain,8519,وأذان,1,77800
numbered,plain,8520,ينقصوكم,1,77800
numbered,plain,8521,يظاهروا,1,77800
numbered,plain,8522,فأتموا,1,77800
numbered,plain,8523,مدتهم,1,77800
numbered,plain,8524,انسلخ,1,77800
numbered,plain,8525,الأشهر,1,77800
numbered,plain,8526,الحرم,1,77800
numbered,plain,8527,وخذوهم,1,77800
numbered,plain,8528,واحصروهم,1,77800
numbered,plain,8529,واقعدوا,1,77800
numbered,plain,8530,مرصد,1,77800
numbered,plain,8531,فخلوا,1,77800
numbered,plain,8532,سبيلهم,1,77800
numbered,plain,8533,استجارك,1,77800
numbered,plain,8534,أبلغه,1,77800
numbered,plain,8535,مأمنه,1,77800
numbered,plain,8536,يرقبوا,1,77800
numbered,plain,8537,يرضونكم,1,77800
numbered,plain,8538,وتأبى,1,77800
numbered,plain,8539,يرقبون,1,77800
numbered,plain,8540,المعتدون,1,77800
numbered,plain,8541,ونفصل,1,77800
numbered,plain,8542,وطعنوا,1,77800
numbered,plain,8543,ينتهون,1,77800
numbered,plain,8544,بإخراج,1,77800
numbered,plain,8545,بدءوكم,1,77800
numbered,plain,8546,أتخشونهم,1,77800
numbered,plain,8547,تخشوه,1,77800
numbered,plain,8548,قاتلوهم,1,77800
numbered,plain,8549,ويخزهم,1,77800
numbered,plain,8550,وينصركم,1,77800
numbered,plain,8551,ويشف,1,77800
numbered,plain,8552,غيظ,1,77800
numbered,plain,8553,تتركوا,1,77800
numbered,plain,8554,وليجة,1,77800
numbered,plain,8555,يعمروا,1,77800
numbered,plain,8556,يخش,1,77800
numbered,plain,8557,أجعلتم,1,77800
numbered,plain,8558,سقاية,1,77800
numbered,plain,8559,الحاج,1,77800
numbered,plain,8560,وعمارة,1,77800
numbered,plain,8561,وجاهد,1,77800
numbered,plain,8562,يبشرهم,1,77800
numbered,plain,8563,وعشيرتكم,1,77800
numbered,plain,8564,وأموال,1,77800
numbered,plain,8565,اقترفتموها,1,77800
numbered,plain,8566,وتجارة,1,77800
numbered,plain,8567,تخشون,1,77800
numbered,plain,8568,كسادها,1,77800
numbered,plain,8569,ترضونها,1,77800
numbered,plain,8570,وجهاد,1,77800
numbered,plain,8571,مواطن,1,77800
numbered,plain,8572,حنين,1,77800
numbered,plain,8573,كثرتكم,1,77800
numbered,plain,8574,جنودا,1,77800
numbered,plain,8575,وعذب,1,77800
numbered,plain,8576,نجس,1,77800
numbered,plain,8577,يقربوا,1,77800
numbered,plain,8578,عامهم,1,77800
numbered,plain,8579,عيلة,1,77800
numbered,plain,8580,يغنيكم,1,77800
numbered,plain,8581,يحرمون,1,77800
numbered,plain,8582,يدينون,1,77800
numbered,plain,8583,الجزية,1,77800
numbered,plain,8584,عزير,1,77800
numbered,plain,8585,يضاهئون,1,77800
numbered,plain,8586,أحبارهم,1,77800
numbered,plain,8587,ورهبانهم,1,77800
numbered,plain,8588,والمسيح,1,77800
numbered,plain,8589,يطفئوا,1,77800
numbered,plain,8590,ويأبى,1,77800
numbered,plain,8591,الأحبار,1,77800
numbered,plain,8592,والرهبان,1,77800
numbered,plain,8593,يكنزون,1,77800
numbered,plain,8594,ينفقونها,1,77800
numbered,plain,8595,يحمى,1,77800
numbered,plain,8596,فتكوى,1,77800
numbered,plain,8597,جباههم,1,77800
numbered,plain,8598,وجنوبهم,1,77800
numbered,plain,8599,وظهورهم,1,77800
numbered,plain,8600,كنزتم,1,77800
numbered,plain,8601,تكنزون,1,77800
numbered,plain,8602,الشهور,1,77800
numbered,plain,8603,اثنا,1,77800
numbered,plain,8604,تظلموا,1,77800
numbered,plain,8605,النسيء,1,77800
numbered,plain,8606,زيادة,1,77800
numbered,plain,8607,يحلونه,1,77800
numbered,plain,8608,ويحرمونه,1,77800
numbered,plain,8609,ليواطئوا,1,77800
numbered,plain,8610,فيحلوا,1,77800
numbered,plain,8611,اثاقلتم,1,77800
numbered,plain,8612,أرضيتم,1,77800
numbered,plain,8613,ويستبدل,1,77800
numbered,plain,8614,تضروه,1,77800
numbered,plain,8615,تنصروه,1,77800
numbered,plain,8616,نصره,1,77800
numbered,plain,8617,أخرجه,1,77800
numbered,plain,8618,هما,1,77800
numbered,plain,8619,الغار,1,77800
numbered,plain,8620,وأيده,1,77800
numbered,plain,8621,السفلى,1,77800
numbered,plain,8622,وكلمة,1,77800
numbered,plain,8623,العليا,1,77800
numbered,plain,8624,خفافا,1,77800
numbered,plain,8625,وثقالا,1,77800
numbered,plain,8626,وسفرا,1,77800
numbered,plain,8627,قاصدا,1,77800
numbered,plain,8628,لاتبعوك,1,77800
numbered,plain,8629,الشقة,1,77800
numbered,plain,8630,وسيحلفون,1,77800
numbered,plain,8631,استطعنا,1,77800
numbered,plain,8632,لخرجنا,1,77800
numbered,plain,8633,أذنت,1,77800
numbered,plain,8634,وتعلم,1,77800
numbered,plain,8635,وارتابت,1,77800
numbered,plain,8636,ريبهم,1,77800
numbered,plain,8637,يترددون,1,77800
numbered,plain,8638,لأعدوا,1,77800
numbered,plain,8639,انبعاثهم,1,77800
numbered,plain,8640,فثبطهم,1,77800
numbered,plain,8641,اقعدوا,1,77800
numbered,plain,8642,زادوكم,1,77800
numbered,plain,8643,ولأوضعوا,1,77800
numbered,plain,8644,خلالكم,1,77800
numbered,plain,8645,يبغونكم,1,77800
numbered,plain,8646,ابتغوا,1,77800
numbered,plain,8647,وقلبوا,1,77800
numbered,plain,8648,وظهر,1,77800
numbered,plain,8649,ائذن,1,77800
numbered,plain,8650,تفتني,1,77800
numbered,plain,8651,سقطوا,1,77800
numbered,plain,8652,ويتولوا,1,77800
numbered,plain,8653,يصيبنا,1,77800
numbered,plain,8654,تربصون,1,77800
numbered,plain,8655,الحسنيين,1,77800
numbered,plain,8656,بأيدينا,1,77800
numbered,plain,8657,متربصون,1,77800
numbered,plain,8658,منعهم,1,77800
numbered,plain,8659,نفقاتهم,1,77800
numbered,plain,8660,وبرسوله,1,77800
numbered,plain,8661,لمنكم,1,77800
numbered,plain,8662,ولكنهم,1,77800
numbered,plain,8663,مغارات,1,77800
numbered,plain,8664,يجمحون,1,77800
numbered,plain,8665,يلمزك,1,77800
numbered,plain,8666,أعطوا,1,77800
numbered,plain,8667,يسخطون,1,77800
numbered,plain,8668,سيؤتينا,1,77800
numbered,plain,8669,والعاملين,1,77800
numbered,plain,8670,والمؤلفة,1,77800
numbered,plain,8671,والغارمين,1,77800
numbered,plain,8672,ليرضوكم,1,77800
numbered,plain,8673,يرضوه,1,77800
numbered,plain,8674,يحادد,1,77800
numbered,plain,8675,تنبئهم,1,77800
numbered,plain,8676,استهزئوا,1,77800
numbered,plain,8677,تحذرون,1,77800
numbered,plain,8678,ونلعب,1,77800
numbered,plain,8679,أبالله,1,77800
numbered,plain,8680,تستهزئون,1,77800
numbered,plain,8681,نعف,1,77800
numbered,plain,8682,نعذب,1,77800
numbered,plain,8683,بالمنكر,1,77800
numbered,plain,8684,المعروف,1,77800
numbered,plain,8685,ويقبضون,1,77800
numbered,plain,8686,فنسيهم,1,77800
numbered,plain,8687,فاستمتعوا,1,77800
numbered,plain,8688,فاستمتعتم,1,77800
numbered,plain,8689,بخلاقكم,1,77800
numbered,plain,8690,وخضتم,1,77800
numbered,plain,8691,خاضوا,1,77800
numbered,plain,8692,أتتهم,1,77800
numbered,plain,8693,ويطيعون,1,77800
numbered,plain,8694,سيرحمهم,1,77800
numbered,plain,8695,إسلامهم,1,77800
numbered,plain,8696,أغناهم,1,77800
numbered,plain,8697,يتولوا,1,77800
numbered,plain,8698,آتانا,1,77800
numbered,plain,8699,لنصدقن,1,77800
numbered,plain,8700,ولنكونن,1,77800
numbered,plain,8701,فأعقبهم,1,77800
numbered,plain,8702,نفاقا,1,77800
numbered,plain,8703,أخلفوا,1,77800
numbered,plain,8704,وعدوه,1,77800
numbered,plain,8705,يلمزون,1,77800
numbered,plain,8706,المطوعين,1,77800
numbered,plain,8707,جهدهم,1,77800
numbered,plain,8708,فيسخرون,1,77800
numbered,plain,8709,بمقعدهم,1,77800
numbered,plain,8710,حرا,1,77800
numbered,plain,8711,فليضحكوا,1,77800
numbered,plain,8712,وليبكوا,1,77800
numbered,plain,8713,رجعك,1,77800
numbered,plain,8714,فاستأذنوك,1,77800
numbered,plain,8715,للخروج,1,77800
numbered,plain,8716,تخرجوا,1,77800
numbered,plain,8717,رضيتم,1,77800
numbered,plain,8718,بالقعود,1,77800
numbered,plain,8719,فاقعدوا,1,77800
numbered,plain,8720,الخالفين,1,77800
numbered,plain,8721,قبره,1,77800
numbered,plain,8722,وأولادهم,1,77800
numbered,plain,8723,استأذنك,1,77800
numbered,plain,8724,ذرنا,1,77800
numbered,plain,8725,المعذرون,1,77800
numbered,plain,8726,ليؤذن,1,77800
numbered,plain,8727,وقعد,1,77800
numbered,plain,8728,المرضى,1,77800
numbered,plain,8729,نصحوا,1,77800
numbered,plain,8730,أتوك,1,77800
numbered,plain,8731,لتحملهم,1,77800
numbered,plain,8732,أحملكم,1,77800
numbered,plain,8733,وأعينهم,1,77800
numbered,plain,8734,حزنا,1,77800
numbered,plain,8735,يعتذرون,1,77800
numbered,plain,8736,نبأنا,1,77800
numbered,plain,8737,وسيرى,1,77800
numbered,plain,8738,سيحلفون,1,77800
numbered,plain,8739,لتعرضوا,1,77800
numbered,plain,8740,لترضوا,1,77800
numbered,plain,8741,ترضوا,1,77800
numbered,plain,8742,ونفاقا,1,77800
numbered,plain,8743,وأجدر,1,77800
numbered,plain,8744,مغرما,1,77800
numbered,plain,8745,ويتربص,1,77800
numbered,plain,8746,الدوائر,1,77800
numbered,plain,8747,قربات,1,77800
numbered,plain,8748,قربة,1,77800
numbered,plain,8749,سيدخلهم,1,77800
numbered,plain,8750,اتبعوهم,1,77800
numbered,plain,8751,منافقون,1,77800
numbered,plain,8752,مردوا,1,77800
numbered,plain,8753,النفاق,1,77800
numbered,plain,8754,تعلمهم,1,77800
numbered,plain,8755,نعلمهم,1,77800
numbered,plain,8756,سنعذبهم,1,77800
numbered,plain,8757,اعترفوا,1,77800
numbered,plain,8758,خلطوا,1,77800
numbered,plain,8759,سيئا,1,77800
numbered,plain,8760,تطهرهم,1,77800
numbered,plain,8761,وتزكيهم,1,77800
numbered,plain,8762,وصل,1,77800
numbered,plain,8763,صلاتك,1,77800
numbered,plain,8764,ويأخذ,1,77800
numbered,plain,8765,فسيرى,1,77800
numbered,plain,8766,وستردون,1,77800
numbered,plain,8767,مرجون,1,77800
numbered,plain,8768,لأمر,1,77800
numbered,plain,8769,وتفريقا,1,77800
numbered,plain,8770,وإرصادا,1,77800
numbered,plain,8771,حارب,1,77800
numbered,plain,8772,وليحلفن,1,77800
numbered,plain,8773,لمسجد,1,77800
numbered,plain,8774,يتطهروا,1,77800
numbered,plain,8775,المطهرين,1,77800
numbered,plain,8776,جرف,1,77800
numbered,plain,8777,هار,1,77800
numbered,plain,8778,فانهار,1,77800
numbered,plain,8779,بنوا,1,77800
numbered,plain,8780,ريبة,1,77800
numbered,plain,8781,اشترى,1,77800
numbered,plain,8782,فيقتلون,1,77800
numbered,plain,8783,فاستبشروا,1,77800
numbered,plain,8784,ببيعكم,1,77800
numbered,plain,8785,بايعتم,1,77800
numbered,plain,8786,التائبون,1,77800
numbered,plain,8787,العابدون,1,77800
numbered,plain,8788,الحامدون,1,77800
numbered,plain,8789,السائحون,1,77800
numbered,plain,8790,الراكعون,1,77800
numbered,plain,8791,الساجدون,1,77800
numbered,plain,8792,الآمرون,1,77800
numbered,plain,8793,والناهون,1,77800
numbered,plain,8794,والحافظون,1,77800
numbered,plain,8795,لحدود,1,77800
numbered,plain,8796,يستغفروا,1,77800
numbered,plain,8797,استغفار,1,77800
numbered,plain,8798,موعدة,1,77800
numbered,plain,8799,لأواه,1,77800
numbered,plain,8800,العسرة,1,77800
numbered,plain,8801,يزيغ,1,77800
numbered,plain,8802,الثلاثة,1,77800
numbered,plain,8803,خلفوا,1,77800
numbered,plain,8804,ضاقت,1,77800
numbered,plain,8805,ليتوبوا,1,77800
numbered,plain,8806,وكونوا,1,77800
numbered,plain,8807,لأهل,1,77800
numbered,plain,8808,يتخلفوا,1,77800
numbered,plain,8809,يرغبوا,1,77800
numbered,plain,8810,ظمأ,1,77800
numbered,plain,8811,يطئون,1,77800
numbered,plain,8812,موطئا,1,77800
numbered,plain,8813,ينالون,1,77800
numbered,plain,8814,نيلا,1,77800
numbered,plain,8815,يقطعون,1,77800
numbered,plain,8816,واديا,1,77800
numbered,plain,8817,لينفروا,1,77800
numbered,plain,8818,فرقة,1,77800
numbered,plain,8819,ليتفقهوا,1,77800
numbered,plain,8820,يلونكم,1,77800
numbered,plain,8821,وليجدوا,1,77800
numbered,plain,8822,غلظة,1,77800
numbered,plain,8823,زادته,1,77800
numbered,plain,8824,رجسا,1,77800
numbered,plain,8825,رجسهم,1,77800
numbered,plain,8826,انصرفوا,1,77800
numbered,plain,8827,صرف,1,77800
numbered,plain,8828,حريص,1,77800
numbered,plain,8829,أكان,1,77800
numbered,plain,8830,إذنه,1,77800
numbered,plain,8831,ضياء,1,77800
numbered,plain,8832,وقدره,1,77800
numbered,plain,8833,واطمأنوا,1,77800
numbered,plain,8834,بإيمانهم,1,77800
numbered,plain,8835,وتحيتهم,1,77800
numbered,plain,8836,يعجل,1,77800
numbered,plain,8837,استعجالهم,1,77800
numbered,plain,8838,فنذر,1,77800
numbered,plain,8839,لجنبه,1,77800
numbered,plain,8840,قاعدا,1,77800
numbered,plain,8841,يدعنا,1,77800
numbered,plain,8842,لننظر,1,77800
numbered,plain,8843,بقرآن,1,77800
numbered,plain,8844,أبدله,1,77800
numbered,plain,8845,تلوته,1,77800
numbered,plain,8846,أدراكم,1,77800
numbered,plain,8847,عمرا,1,77800
numbered,plain,8848,شفعاؤنا,1,77800
numbered,plain,8849,أتنبئون,1,77800
numbered,plain,8850,فاختلفوا,1,77800
numbered,plain,8851,تمكرون,1,77800
numbered,plain,8852,يسيركم,1,77800
numbered,plain,8853,وجرين,1,77800
numbered,plain,8854,جاءتها,1,77800
numbered,plain,8855,أحيط,1,77800
numbered,plain,8856,أنجيتنا,1,77800
numbered,plain,8857,أنجاهم,1,77800
numbered,plain,8858,بغيكم,1,77800
numbered,plain,8859,فننبئكم,1,77800
numbered,plain,8860,زخرفها,1,77800
numbered,plain,8861,وازينت,1,77800
numbered,plain,8862,قادرون,1,77800
numbered,plain,8863,وزيادة,1,77800
numbered,plain,8864,يرهق,1,77800
numbered,plain,8865,قتر,1,77800
numbered,plain,8866,بمثلها,1,77800
numbered,plain,8867,وترهقهم,1,77800
numbered,plain,8868,أغشيت,1,77800
numbered,plain,8869,قطعا,1,77800
numbered,plain,8870,مظلما,1,77800
numbered,plain,8871,مكانكم,1,77800
numbered,plain,8872,وشركاؤكم,1,77800
numbered,plain,8873,فزيلنا,1,77800
numbered,plain,8874,فكفى,1,77800
numbered,plain,8875,عبادتكم,1,77800
numbered,plain,8876,تبلو,1,77800
numbered,plain,8877,أسلفت,1,77800
numbered,plain,8878,وردوا,1,77800
numbered,plain,8879,فذلكم,1,77800
numbered,plain,8880,يهدى,1,77800
numbered,plain,8881,يحيطوا,1,77800
numbered,plain,8882,عملي,1,77800
numbered,plain,8883,بريئون,1,77800
numbered,plain,8884,يتعارفون,1,77800
numbered,plain,8885,أثم,1,77800
numbered,plain,8886,ويستنبئونك,1,77800
numbered,plain,8887,إي,1,77800
numbered,plain,8888,لافتدت,1,77800
numbered,plain,8889,بفضل,1,77800
numbered,plain,8890,وبرحمته,1,77800
numbered,plain,8891,فبذلك,1,77800
numbered,plain,8892,فليفرحوا,1,77800
numbered,plain,8893,فجعلتم,1,77800
numbered,plain,8894,حراما,1,77800
numbered,plain,8895,وحلالا,1,77800
numbered,plain,8896,نذيقهم,1,77800
numbered,plain,8897,وتذكيري,1,77800
numbered,plain,8898,فعلى,1,77800
numbered,plain,8899,وشركاءكم,1,77800
numbered,plain,8900,غمة,1,77800
numbered,plain,8901,اقضوا,1,77800
numbered,plain,8902,نطبع,1,77800
numbered,plain,8903,لسحر,1,77800
numbered,plain,8904,أسحر,1,77800
numbered,plain,8905,الساحرون,1,77800
numbered,plain,8906,لتلفتنا,1,77800
numbered,plain,8907,سيبطله,1,77800
numbered,plain,8908,لموسى,1,77800
numbered,plain,8909,وملئهم,1,77800
numbered,plain,8910,يفتنهم,1,77800
numbered,plain,8911,لعال,1,77800
numbered,plain,8912,توكلوا,1,77800
numbered,plain,8913,ونجنا,1,77800
numbered,plain,8914,تبوآ,1,77800
numbered,plain,8915,لقومكما,1,77800
numbered,plain,8916,بمصر,1,77800
numbered,plain,8917,واجعلوا,1,77800
numbered,plain,8918,وملأه,1,77800
numbered,plain,8919,وأموالا,1,77800
numbered,plain,8920,اطمس,1,77800
numbered,plain,8921,واشدد,1,77800
numbered,plain,8922,أجيبت,1,77800
numbered,plain,8923,دعوتكما,1,77800
numbered,plain,8924,فاستقيما,1,77800
numbered,plain,8925,تتبعان,1,77800
numbered,plain,8926,وعدوا,1,77800
numbered,plain,8927,أدركه,1,77800
numbered,plain,8928,الغرق,1,77800
numbered,plain,8929,بنو,1,77800
numbered,plain,8930,ننجيك,1,77800
numbered,plain,8931,ببدنك,1,77800
numbered,plain,8932,خلفك,1,77800
numbered,plain,8933,لغافلون,1,77800
numbered,plain,8934,مبوأ,1,77800
numbered,plain,8935,فنفعها,1,77800
numbered,plain,8936,ومتعناهم,1,77800
numbered,plain,8937,لآمن,1,77800
numbered,plain,8938,تكره,1,77800
numbered,plain,8939,والنذر,1,77800
numbered,plain,8940,ينتظرون,1,77800
numbered,plain,8941,ننج,1,77800
numbered,plain,8942,ينفعك,1,77800
numbered,plain,8943,يضرك,1,77800
numbered,plain,8944,يردك,1,77800
numbered,plain,8945,راد,1,77800
numbered,plain,8946,لفضله,1,77800
numbered,plain,8947,يصيب,1,77800
numbered,plain,8948,أحكمت,1,77800
numbered,plain,8949,يمتعكم,1,77800
numbered,plain,8950,يثنون,1,77800
numbered,plain,8951,ليستخفوا,1,77800
numbered,plain,8952,يستغشون,1,77800
numbered,plain,8953,مستقرها,1,77800
numbered,plain,8954,ومستودعها,1,77800
numbered,plain,8955,عرشه,1,77800
numbered,plain,8956,يحبسه,1,77800
numbered,plain,8957,مصروفا,1,77800
numbered,plain,8958,نزعناها,1,77800
numbered,plain,8959,ليئوس,1,77800
numbered,plain,8960,نعماء,1,77800
numbered,plain,8961,لفرح,1,77800
numbered,plain,8962,تارك,1,77800
numbered,plain,8963,وضائق,1,77800
numbered,plain,8964,سور,1,77800
numbered,plain,8965,مفتريات,1,77800
numbered,plain,8966,فإلم,1,77800
numbered,plain,8967,نوف,1,77800
numbered,plain,8968,يبخسون,1,77800
numbered,plain,8969,وحبط,1,77800
numbered,plain,8970,ويتلوه,1,77800
numbered,plain,8971,موعده,1,77800
numbered,plain,8972,وأخبتوا,1,77800
numbered,plain,8973,كالأعمى,1,77800
numbered,plain,8974,والأصم,1,77800
numbered,plain,8975,والسميع,1,77800
numbered,plain,8976,أراذلنا,1,77800
numbered,plain,8977,بادي,1,77800
numbered,plain,8978,الرأي,1,77800
numbered,plain,8979,نظنكم,1,77800
numbered,plain,8980,أنلزمكموها,1,77800
numbered,plain,8981,طردتهم,1,77800
numbered,plain,8982,تزدري,1,77800
numbered,plain,8983,جادلتنا,1,77800
numbered,plain,8984,فأكثرت,1,77800
numbered,plain,8985,جدالنا,1,77800
numbered,plain,8986,نصحي,1,77800
numbered,plain,8987,أردت,1,77800
numbered,plain,8988,أنصح,1,77800
numbered,plain,8989,يغويكم,1,77800
numbered,plain,8990,فعلي,1,77800
numbered,plain,8991,إجرامي,1,77800
numbered,plain,8992,تجرمون,1,77800
numbered,plain,8993,واصنع,1,77800
numbered,plain,8994,ويصنع,1,77800
numbered,plain,8995,وكلما,1,77800
numbered,plain,8996,ملأ,1,77800
numbered,plain,8997,تسخروا,1,77800
numbered,plain,8998,نسخر,1,77800
numbered,plain,8999,تسخرون,1,77800
numbered,plain,9000,احمل,1,77800
numbered,plain,9001,اركبوا,1,77800
numbered,plain,9002,مجراها,1,77800
numbered,plain,9003,ومرساها,1,77800
numbered,plain,9004,كالجبال,1,77800
numbered,plain,9005,ابنه,1,77800
numbered,plain,9006,معزل,1,77800
numbered,plain,9007,اركب,1,77800
numbered,plain,9008,سآوي,1,77800
numbered,plain,9009,يعصمني,1,77800
numbered,plain,9010,وحال,1,77800
numbered,plain,9011,المغرقين,1,77800
numbered,plain,9012,ابلعي,1,77800
numbered,plain,9013,ماءك,1,77800
numbered,plain,9014,أقلعي,1,77800
numbered,plain,9015,وغيض,1,77800
numbered,plain,9016,واستوت,1,77800
numbered,plain,9017,الجودي,1,77800
numbered,plain,9018,وعدك,1,77800
numbered,plain,9019,أحكم,1,77800
numbered,plain,9020,تسألن,1,77800
numbered,plain,9021,أعظك,1,77800
numbered,plain,9022,أسألك,1,77800
numbered,plain,9023,وترحمني,1,77800
numbered,plain,9024,اهبط,1,77800
numbered,plain,9025,وبركات,1,77800
numbered,plain,9026,وأمم,1,77800
numbered,plain,9027,سنمتعهم,1,77800
numbered,plain,9028,نوحيها,1,77800
numbered,plain,9029,تعلمها,1,77800
numbered,plain,9030,العاقبة,1,77800
numbered,plain,9031,مفترون,1,77800
numbered,plain,9032,ويزدكم,1,77800
numbered,plain,9033,قوتكم,1,77800
numbered,plain,9034,بتاركي,1,77800
numbered,plain,9035,قولك,1,77800
numbered,plain,9036,اعتراك,1,77800
numbered,plain,9037,واشهدوا,1,77800
numbered,plain,9038,فكيدوني,1,77800
numbered,plain,9039,آخذ,1,77800
numbered,plain,9040,بناصيتها,1,77800
numbered,plain,9041,تضرونه,1,77800
numbered,plain,9042,ونجيناهم,1,77800
numbered,plain,9043,جحدوا,1,77800
numbered,plain,9044,لعاد,1,77800
numbered,plain,9045,واستعمركم,1,77800
numbered,plain,9046,فاستغفروه,1,77800
numbered,plain,9047,مجيب,1,77800
numbered,plain,9048,مرجوا,1,77800
numbered,plain,9049,أتنهانا,1,77800
numbered,plain,9050,وإننا,1,77800
numbered,plain,9051,عصيته,1,77800
numbered,plain,9052,تزيدونني,1,77800
numbered,plain,9053,تخسير,1,77800
numbered,plain,9054,داركم,1,77800
numbered,plain,9055,مكذوب,1,77800
numbered,plain,9056,لثمود,1,77800
numbered,plain,9057,لبث,1,77800
numbered,plain,9058,حنيذ,1,77800
numbered,plain,9059,نكرهم,1,77800
numbered,plain,9060,وأوجس,1,77800
numbered,plain,9061,فضحكت,1,77800
numbered,plain,9062,فبشرناها,1,77800
numbered,plain,9063,أألد,1,77800
numbered,plain,9064,بعلي,1,77800
numbered,plain,9065,أتعجبين,1,77800
numbered,plain,9066,وبركاته,1,77800
numbered,plain,9067,الروع,1,77800
numbered,plain,9068,وجاءته,1,77800
numbered,plain,9069,يجادلنا,1,77800
numbered,plain,9070,لحليم,1,77800
numbered,plain,9071,أواه,1,77800
numbered,plain,9072,آتيهم,1,77800
numbered,plain,9073,مردود,1,77800
numbered,plain,9074,عصيب,1,77800
numbered,plain,9075,وجاءه,1,77800
numbered,plain,9076,رشيد,1,77800
numbered,plain,9077,بناتك,1,77800
numbered,plain,9078,لتعلم,1,77800
numbered,plain,9079,آوي,1,77800
numbered,plain,9080,ركن,1,77800
numbered,plain,9081,مصيبها,1,77800
numbered,plain,9082,بقريب,1,77800
numbered,plain,9083,تنقصوا,1,77800
numbered,plain,9084,بقيت,1,77800
numbered,plain,9085,أصلاتك,1,77800
numbered,plain,9086,تأمرك,1,77800
numbered,plain,9087,نترك,1,77800
numbered,plain,9088,الحليم,1,77800
numbered,plain,9089,الرشيد,1,77800
numbered,plain,9090,ورزقني,1,77800
numbered,plain,9091,أخالفكم,1,77800
numbered,plain,9092,أنهاكم,1,77800
numbered,plain,9093,الإصلاح,1,77800
numbered,plain,9094,توفيقي,1,77800
numbered,plain,9095,شقاقي,1,77800
numbered,plain,9096,ودود,1,77800
numbered,plain,9097,نفقه,1,77800
numbered,plain,9098,رهطك,1,77800
numbered,plain,9099,لرجمناك,1,77800
numbered,plain,9100,أرهطي,1,77800
numbered,plain,9101,أعز,1,77800
numbered,plain,9102,واتخذتموه,1,77800
numbered,plain,9103,ظهريا,1,77800
numbered,plain,9104,وارتقبوا,1,77800
numbered,plain,9105,وأخذت,1,77800
numbered,plain,9106,لمدين,1,77800
numbered,plain,9107,برشيد,1,77800
numbered,plain,9108,يقدم,1,77800
numbered,plain,9109,فأوردهم,1,77800
numbered,plain,9110,الورد,1,77800
numbered,plain,9111,المورود,1,77800
numbered,plain,9112,الرفد,1,77800
numbered,plain,9113,المرفود,1,77800
numbered,plain,9114,نقصه,1,77800
numbered,plain,9115,وحصيد,1,77800
numbered,plain,9116,أغنت,1,77800
numbered,plain,9117,زادوهم,1,77800
numbered,plain,9118,تتبيب,1,77800
numbered,plain,9119,أخذه,1,77800
numbered,plain,9120,مجموع,1,77800
numbered,plain,9121,مشهود,1,77800
numbered,plain,9122,نؤخره,1,77800
numbered,plain,9123,معدود,1,77800
numbered,plain,9124,شقي,1,77800
numbered,plain,9125,وسعيد,1,77800
numbered,plain,9126,شقوا,1,77800
numbered,plain,9127,وشهيق,1,77800
numbered,plain,9128,سعدوا,1,77800
numbered,plain,9129,مجذوذ,1,77800
numbered,plain,9130,لموفوهم,1,77800
numbered,plain,9131,منقوص,1,77800
numbered,plain,9132,ليوفينهم,1,77800
numbered,plain,9133,فاستقم,1,77800
numbered,plain,9134,تركنوا,1,77800
numbered,plain,9135,فتمسكم,1,77800
numbered,plain,9136,طرفي,1,77800
numbered,plain,9137,وزلفا,1,77800
numbered,plain,9138,الحسنات,1,77800
numbered,plain,9139,للذاكرين,1,77800
numbered,plain,9140,بقية,1,77800
numbered,plain,9141,أترفوا,1,77800
numbered,plain,9142,لجعل,1,77800
numbered,plain,9143,مختلفين,1,77800
numbered,plain,9144,ولذلك,1,77800
numbered,plain,9145,نثبت,1,77800
numbered,plain,9146,وجاءك,1,77800
numbered,plain,9147,وانتظروا,1,77800
numbered,plain,9148,تقصص,1,77800
numbered,plain,9149,رؤياك,1,77800
numbered,plain,9150,إخوتك,1,77800
numbered,plain,9151,فيكيدوا,1,77800
numbered,plain,9152,يجتبيك,1,77800
numbered,plain,9153,ويعلمك,1,77800
numbered,plain,9154,أتمها,1,77800
numbered,plain,9155,أبويك,1,77800
numbered,plain,9156,وإخوته,1,77800
numbered,plain,9157,وأخوه,1,77800
numbered,plain,9158,أبينا,1,77800
numbered,plain,9159,اطرحوه,1,77800
numbered,plain,9160,أرضا,1,77800
numbered,plain,9161,يخل,1,77800
numbered,plain,9162,وألقوه,1,77800
numbered,plain,9163,يلتقطه,1,77800
numbered,plain,9164,السيارة,1,77800
numbered,plain,9165,تأمنا,1,77800
numbered,plain,9166,لناصحون,1,77800
numbered,plain,9167,يرتع,1,77800
numbered,plain,9168,ويلعب,1,77800
numbered,plain,9169,ليحزنني,1,77800
numbered,plain,9170,تذهبوا,1,77800
numbered,plain,9171,وأخاف,1,77800
numbered,plain,9172,ذهبوا,1,77800
numbered,plain,9173,وأجمعوا,1,77800
numbered,plain,9174,يجعلوه,1,77800
numbered,plain,9175,لتنبئنهم,1,77800
numbered,plain,9176,بأمرهم,1,77800
numbered,plain,9177,أباهم,1,77800
numbered,plain,9178,عشاء,1,77800
numbered,plain,9179,ذهبنا,1,77800
numbered,plain,9180,نستبق,1,77800
numbered,plain,9181,فأكله,1,77800
numbered,plain,9182,بمؤمن,1,77800
numbered,plain,9183,بدم,1,77800
numbered,plain,9184,سيارة,1,77800
numbered,plain,9185,فأرسلوا,1,77800
numbered,plain,9186,واردهم,1,77800
numbered,plain,9187,فأدلى,1,77800
numbered,plain,9188,دلوه,1,77800
numbered,plain,9189,وأسروه,1,77800
numbered,plain,9190,بضاعة,1,77800
numbered,plain,9191,وشروه,1,77800
numbered,plain,9192,بثمن,1,77800
numbered,plain,9193,بخس,1,77800
numbered,plain,9194,دراهم,1,77800
numbered,plain,9195,الزاهدين,1,77800
numbered,plain,9196,لامرأته,1,77800
numbered,plain,9197,أكرمي,1,77800
numbered,plain,9198,مثواه,1,77800
numbered,plain,9199,ولنعلمه,1,77800
numbered,plain,9200,وراودته,1,77800
numbered,plain,9201,بيتها,1,77800
numbered,plain,9202,وغلقت,1,77800
numbered,plain,9203,هيت,1,77800
numbered,plain,9204,مثواي,1,77800
numbered,plain,9205,لنصرف,1,77800
numbered,plain,9206,واستبقا,1,77800
numbered,plain,9207,وقدت,1,77800
numbered,plain,9208,وألفيا,1,77800
numbered,plain,9209,سيدها,1,77800
numbered,plain,9210,يسجن,1,77800
numbered,plain,9211,راودتني,1,77800
numbered,plain,9212,فصدقت,1,77800
numbered,plain,9213,واستغفري,1,77800
numbered,plain,9214,الخاطئين,1,77800
numbered,plain,9215,نسوة,1,77800
numbered,plain,9216,تراود,1,77800
numbered,plain,9217,فتاها,1,77800
numbered,plain,9218,شغفها,1,77800
numbered,plain,9219,لنراها,1,77800
numbered,plain,9220,سمعت,1,77800
numbered,plain,9221,بمكرهن,1,77800
numbered,plain,9222,وأعتدت,1,77800
numbered,plain,9223,متكأ,1,77800
numbered,plain,9224,وآتت,1,77800
numbered,plain,9225,سكينا,1,77800
numbered,plain,9226,رأينه,1,77800
numbered,plain,9227,أكبرنه,1,77800
numbered,plain,9228,وقطعن,1,77800
numbered,plain,9229,فذلكن,1,77800
numbered,plain,9230,لمتنني,1,77800
numbered,plain,9231,فاستعصم,1,77800
numbered,plain,9232,آمره,1,77800
numbered,plain,9233,ليسجنن,1,77800
numbered,plain,9234,وليكونا,1,77800
numbered,plain,9235,يدعونني,1,77800
numbered,plain,9236,تصرف,1,77800
numbered,plain,9237,أصب,1,77800
numbered,plain,9238,فصرف,1,77800
numbered,plain,9239,ليسجننه,1,77800
numbered,plain,9240,فتيان,1,77800
numbered,plain,9241,أعصر,1,77800
numbered,plain,9242,أحمل,1,77800
numbered,plain,9243,رأسي,1,77800
numbered,plain,9244,خبزا,1,77800
numbered,plain,9245,نبئنا,1,77800
numbered,plain,9246,ترزقانه,1,77800
numbered,plain,9247,نبأتكما,1,77800
numbered,plain,9248,ذلكما,1,77800
numbered,plain,9249,علمني,1,77800
numbered,plain,9250,واتبعت,1,77800
numbered,plain,9251,آبائي,1,77800
numbered,plain,9252,أأرباب,1,77800
numbered,plain,9253,متفرقون,1,77800
numbered,plain,9254,أحدكما,1,77800
numbered,plain,9255,فيسقي,1,77800
numbered,plain,9256,فيصلب,1,77800
numbered,plain,9257,فتأكل,1,77800
numbered,plain,9258,تستفتيان,1,77800
numbered,plain,9259,ناج,1,77800
numbered,plain,9260,اذكرني,1,77800
numbered,plain,9261,فأنساه,1,77800
numbered,plain,9262,للرؤيا,1,77800
numbered,plain,9263,تعبرون,1,77800
numbered,plain,9264,الأحلام,1,77800
numbered,plain,9265,بعالمين,1,77800
numbered,plain,9266,نجا,1,77800
numbered,plain,9267,وادكر,1,77800
numbered,plain,9268,فأرسلون,1,77800
numbered,plain,9269,الصديق,1,77800
numbered,plain,9270,أفتنا,1,77800
numbered,plain,9271,أرجع,1,77800
numbered,plain,9272,تزرعون,1,77800
numbered,plain,9273,دأبا,1,77800
numbered,plain,9274,حصدتم,1,77800
numbered,plain,9275,فذروه,1,77800
numbered,plain,9276,سنبله,1,77800
numbered,plain,9277,يأكلن,1,77800
numbered,plain,9278,قدمتم,1,77800
numbered,plain,9279,تحصنون,1,77800
numbered,plain,9280,يغاث,1,77800
numbered,plain,9281,وفيه,1,77800
numbered,plain,9282,يعصرون,1,77800
numbered,plain,9283,فاسأله,1,77800
numbered,plain,9284,النسوة,1,77800
numbered,plain,9285,قطعن,1,77800
numbered,plain,9286,بكيدهن,1,77800
numbered,plain,9287,خطبكن,1,77800
numbered,plain,9288,راودتن,1,77800
numbered,plain,9289,قلن,1,77800
numbered,plain,9290,حصحص,1,77800
numbered,plain,9291,أخنه,1,77800
numbered,plain,9292,أبرئ,1,77800
numbered,plain,9293,لأمارة,1,77800
numbered,plain,9294,أستخلصه,1,77800
numbered,plain,9295,كلمه,1,77800
numbered,plain,9296,يتبوأ,1,77800
numbered,plain,9297,برحمتنا,1,77800
numbered,plain,9298,فدخلوا,1,77800
numbered,plain,9299,فعرفهم,1,77800
numbered,plain,9300,بأخ,1,77800
numbered,plain,9301,أوفي,1,77800
numbered,plain,9302,تأتوني,1,77800
numbered,plain,9303,تقربون,1,77800
numbered,plain,9304,سنراود,1,77800
numbered,plain,9305,أباه,1,77800
numbered,plain,9306,لفاعلون,1,77800
numbered,plain,9307,لفتيانه,1,77800
numbered,plain,9308,اجعلوا,1,77800
numbered,plain,9309,رحالهم,1,77800
numbered,plain,9310,يعرفونها,1,77800
numbered,plain,9311,أبيهم,1,77800
numbered,plain,9312,نكتل,1,77800
numbered,plain,9313,آمنكم,1,77800
numbered,plain,9314,أمنتكم,1,77800
numbered,plain,9315,حافظا,1,77800
numbered,plain,9316,فتحوا,1,77800
numbered,plain,9317,متاعهم,1,77800
numbered,plain,9318,وجدوا,1,77800
numbered,plain,9319,نبغي,1,77800
numbered,plain,9320,بضاعتنا,1,77800
numbered,plain,9321,ونمير,1,77800
numbered,plain,9322,ونحفظ,1,77800
numbered,plain,9323,ونزداد,1,77800
numbered,plain,9324,تؤتون,1,77800
numbered,plain,9325,لتأتنني,1,77800
numbered,plain,9326,يحاط,1,77800
numbered,plain,9327,آتوه,1,77800
numbered,plain,9328,موثقهم,1,77800
numbered,plain,9329,متفرقة,1,77800
numbered,plain,9330,أغني,1,77800
numbered,plain,9331,قضاها,1,77800
numbered,plain,9332,أخوك,1,77800
numbered,plain,9333,السقاية,1,77800
numbered,plain,9334,رحل,1,77800
numbered,plain,9335,لسارقون,1,77800
numbered,plain,9336,وأقبلوا,1,77800
numbered,plain,9337,تفقدون,1,77800
numbered,plain,9338,نفقد,1,77800
numbered,plain,9339,صواع,1,77800
numbered,plain,9340,لنفسد,1,77800
numbered,plain,9341,سارقين,1,77800
numbered,plain,9342,رحله,1,77800
numbered,plain,9343,فبدأ,1,77800
numbered,plain,9344,بأوعيتهم,1,77800
numbered,plain,9345,استخرجها,1,77800
numbered,plain,9346,كدنا,1,77800
numbered,plain,9347,ليأخذ,1,77800
numbered,plain,9348,وفوق,1,77800
numbered,plain,9349,يسرق,1,77800
numbered,plain,9350,فأسرها,1,77800
numbered,plain,9351,يبدها,1,77800
numbered,plain,9352,أحدنا,1,77800
numbered,plain,9353,نأخذ,1,77800
numbered,plain,9354,لظالمون,1,77800
numbered,plain,9355,استيأسوا,1,77800
numbered,plain,9356,خلصوا,1,77800
numbered,plain,9357,أباكم,1,77800
numbered,plain,9358,فرطتم,1,77800
numbered,plain,9359,ابنك,1,77800
numbered,plain,9360,والعير,1,77800
numbered,plain,9361,أقبلنا,1,77800
numbered,plain,9362,أسفى,1,77800
numbered,plain,9363,وابيضت,1,77800
numbered,plain,9364,عيناه,1,77800
numbered,plain,9365,تفتأ,1,77800
numbered,plain,9366,حرضا,1,77800
numbered,plain,9367,الهالكين,1,77800
numbered,plain,9368,أشكو,1,77800
numbered,plain,9369,بثي,1,77800
numbered,plain,9370,وحزني,1,77800
numbered,plain,9371,فتحسسوا,1,77800
numbered,plain,9372,تيأسوا,1,77800
numbered,plain,9373,وأهلنا,1,77800
numbered,plain,9374,ببضاعة,1,77800
numbered,plain,9375,مزجاة,1,77800
numbered,plain,9376,فأوف,1,77800
numbered,plain,9377,وتصدق,1,77800
numbered,plain,9378,المتصدقين,1,77800
numbered,plain,9379,بيوسف,1,77800
numbered,plain,9380,جاهلون,1,77800
numbered,plain,9381,ويصبر,1,77800
numbered,plain,9382,آثرك,1,77800
numbered,plain,9383,لخاطئين,1,77800
numbered,plain,9384,تثريب,1,77800
numbered,plain,9385,بقميصي,1,77800
numbered,plain,9386,بأهلكم,1,77800
numbered,plain,9387,لأجد,1,77800
numbered,plain,9388,تفندون,1,77800
numbered,plain,9389,ضلالك,1,77800
numbered,plain,9390,البشير,1,77800
numbered,plain,9391,ألقاه,1,77800
numbered,plain,9392,فارتد,1,77800
numbered,plain,9393,أستغفر,1,77800
numbered,plain,9394,وخروا,1,77800
numbered,plain,9395,جعلها,1,77800
numbered,plain,9396,أخرجني,1,77800
numbered,plain,9397,البدو,1,77800
numbered,plain,9398,إخوتي,1,77800
numbered,plain,9399,آتيتني,1,77800
numbered,plain,9400,وعلمتني,1,77800
numbered,plain,9401,توفني,1,77800
numbered,plain,9402,أجمعوا,1,77800
numbered,plain,9403,حرصت,1,77800
numbered,plain,9404,يمرون,1,77800
numbered,plain,9405,غاشية,1,77800
numbered,plain,9406,اتبعني,1,77800
numbered,plain,9407,استيأس,1,77800
numbered,plain,9408,فنجي,1,77800
numbered,plain,9409,قصصهم,1,77800
numbered,plain,9410,عبرة,1,77800
numbered,plain,9411,المر,1,77800
numbered,plain,9412,توقنون,1,77800
numbered,plain,9413,قطع,1,77800
numbered,plain,9414,متجاورات,1,77800
numbered,plain,9415,وزرع,1,77800
numbered,plain,9416,ونخيل,1,77800
numbered,plain,9417,يسقى,1,77800
numbered,plain,9418,ونفضل,1,77800
numbered,plain,9419,الأكل,1,77800
numbered,plain,9420,تعجب,1,77800
numbered,plain,9421,فعجب,1,77800
numbered,plain,9422,المثلات,1,77800
numbered,plain,9423,تغيض,1,77800
numbered,plain,9424,تزداد,1,77800
numbered,plain,9425,بمقدار,1,77800
numbered,plain,9426,المتعال,1,77800
numbered,plain,9427,جهر,1,77800
numbered,plain,9428,مستخف,1,77800
numbered,plain,9429,وسارب,1,77800
numbered,plain,9430,معقبات,1,77800
numbered,plain,9431,يحفظونه,1,77800
numbered,plain,9432,يغير,1,77800
numbered,plain,9433,وال,1,77800
numbered,plain,9434,وينشئ,1,77800
numbered,plain,9435,الثقال,1,77800
numbered,plain,9436,ويسبح,1,77800
numbered,plain,9437,الرعد,1,77800
numbered,plain,9438,خيفته,1,77800
numbered,plain,9439,المحال,1,77800
numbered,plain,9440,يستجيبون,1,77800
numbered,plain,9441,كباسط,1,77800
numbered,plain,9442,ليبلغ,1,77800
numbered,plain,9443,فاه,1,77800
numbered,plain,9444,ببالغه,1,77800
numbered,plain,9445,وظلالهم,1,77800
numbered,plain,9446,أفاتخذتم,1,77800
numbered,plain,9447,كخلقه,1,77800
numbered,plain,9448,فتشابه,1,77800
numbered,plain,9449,فسالت,1,77800
numbered,plain,9450,أودية,1,77800
numbered,plain,9451,بقدرها,1,77800
numbered,plain,9452,فاحتمل,1,77800
numbered,plain,9453,السيل,1,77800
numbered,plain,9454,زبدا,1,77800
numbered,plain,9455,رابيا,1,77800
numbered,plain,9456,يوقدون,1,77800
numbered,plain,9457,زبد,1,77800
numbered,plain,9458,والباطل,1,77800
numbered,plain,9459,الزبد,1,77800
numbered,plain,9460,فيذهب,1,77800
numbered,plain,9461,جفاء,1,77800
numbered,plain,9462,فيمكث,1,77800
numbered,plain,9463,الميثاق,1,77800
numbered,plain,9464,ويخشون,1,77800
numbered,plain,9465,تطمئن,1,77800
numbered,plain,9466,طوبى,1,77800
numbered,plain,9467,لتتلو,1,77800
numbered,plain,9468,متاب,1,77800
numbered,plain,9469,قارعة,1,77800
numbered,plain,9470,سموهم,1,77800
numbered,plain,9471,تنبئونه,1,77800
numbered,plain,9472,بظاهر,1,77800
numbered,plain,9473,دائم,1,77800
numbered,plain,9474,وظلها,1,77800
numbered,plain,9475,وعقبى,1,77800
numbered,plain,9476,ينكر,1,77800
numbered,plain,9477,وذرية,1,77800
numbered,plain,9478,يمحو,1,77800
numbered,plain,9479,وعلينا,1,77800
numbered,plain,9480,معقب,1,77800
numbered,plain,9481,لحكمه,1,77800
numbered,plain,9482,مرسلا,1,77800
numbered,plain,9483,لتخرج,1,77800
numbered,plain,9484,يستحبون,1,77800
numbered,plain,9485,فيضل,1,77800
numbered,plain,9486,وذكرهم,1,77800
numbered,plain,9487,بأيام,1,77800
numbered,plain,9488,أنجاكم,1,77800
numbered,plain,9489,ويذبحون,1,77800
numbered,plain,9490,لأزيدنكم,1,77800
numbered,plain,9491,فردوا,1,77800
numbered,plain,9492,تدعوننا,1,77800
numbered,plain,9493,تصدونا,1,77800
numbered,plain,9494,فأتونا,1,77800
numbered,plain,9495,نأتيكم,1,77800
numbered,plain,9496,نتوكل,1,77800
numbered,plain,9497,ولنصبرن,1,77800
numbered,plain,9498,آذيتمونا,1,77800
numbered,plain,9499,لرسلهم,1,77800
numbered,plain,9500,لنخرجنكم,1,77800
numbered,plain,9501,لنهلكن,1,77800
numbered,plain,9502,ولنسكننكم,1,77800
numbered,plain,9503,وخاف,1,77800
numbered,plain,9504,واستفتحوا,1,77800
numbered,plain,9505,وخاب,1,77800
numbered,plain,9506,ويسقى,1,77800
numbered,plain,9507,صديد,1,77800
numbered,plain,9508,يتجرعه,1,77800
numbered,plain,9509,يسيغه,1,77800
numbered,plain,9510,ويأتيه,1,77800
numbered,plain,9511,بميت,1,77800
numbered,plain,9512,كرماد,1,77800
numbered,plain,9513,اشتدت,1,77800
numbered,plain,9514,لهديناكم,1,77800
numbered,plain,9515,أجزعنا,1,77800
numbered,plain,9516,ووعدتكم,1,77800
numbered,plain,9517,فأخلفتكم,1,77800
numbered,plain,9518,دعوتكم,1,77800
numbered,plain,9519,فاستجبتم,1,77800
numbered,plain,9520,تلوموني,1,77800
numbered,plain,9521,ولوموا,1,77800
numbered,plain,9522,بمصرخكم,1,77800
numbered,plain,9523,بمصرخي,1,77800
numbered,plain,9524,كفرت,1,77800
numbered,plain,9525,أشركتمون,1,77800
numbered,plain,9526,أصلها,1,77800
numbered,plain,9527,ثابت,1,77800
numbered,plain,9528,وفرعها,1,77800
numbered,plain,9529,اجتثت,1,77800
numbered,plain,9530,يثبت,1,77800
numbered,plain,9531,الثابت,1,77800
numbered,plain,9532,ويضل,1,77800
numbered,plain,9533,ويفعل,1,77800
numbered,plain,9534,وأحلوا,1,77800
numbered,plain,9535,البوار,1,77800
numbered,plain,9536,مصيركم,1,77800
numbered,plain,9537,يقيموا,1,77800
numbered,plain,9538,وينفقوا,1,77800
numbered,plain,9539,دائبين,1,77800
numbered,plain,9540,سألتموه,1,77800
numbered,plain,9541,لظلوم,1,77800
numbered,plain,9542,واجنبني,1,77800
numbered,plain,9543,وبني,1,77800
numbered,plain,9544,الأصنام,1,77800
numbered,plain,9545,إنهن,1,77800
numbered,plain,9546,أضللن,1,77800
numbered,plain,9547,تبعني,1,77800
numbered,plain,9548,عصاني,1,77800
numbered,plain,9549,أسكنت,1,77800
numbered,plain,9550,بواد,1,77800
numbered,plain,9551,زرع,1,77800
numbered,plain,9552,المحرم,1,77800
numbered,plain,9553,ليقيموا,1,77800
numbered,plain,9554,وارزقهم,1,77800
numbered,plain,9555,نخفي,1,77800
numbered,plain,9556,نعلن,1,77800
numbered,plain,9557,وتقبل,1,77800
numbered,plain,9558,غافلا,1,77800
numbered,plain,9559,تشخص,1,77800
numbered,plain,9560,مقنعي,1,77800
numbered,plain,9561,طرفهم,1,77800
numbered,plain,9562,وأفئدتهم,1,77800
numbered,plain,9563,هواء,1,77800
numbered,plain,9564,نجب,1,77800
numbered,plain,9565,دعوتك,1,77800
numbered,plain,9566,ونتبع,1,77800
numbered,plain,9567,زوال,1,77800
numbered,plain,9568,وسكنتم,1,77800
numbered,plain,9569,مساكن,1,77800
numbered,plain,9570,وتبين,1,77800
numbered,plain,9571,فعلنا,1,77800
numbered,plain,9572,وضربنا,1,77800
numbered,plain,9573,لتزول,1,77800
numbered,plain,9574,مخلف,1,77800
numbered,plain,9575,سرابيلهم,1,77800
numbered,plain,9576,قطران,1,77800
numbered,plain,9577,وتغشى,1,77800
numbered,plain,9578,وليعلموا,1,77800
numbered,plain,9579,وليذكر,1,77800
numbered,plain,9580,ربما,1,77800
numbered,plain,9581,يأكلوا,1,77800
numbered,plain,9582,ويتمتعوا,1,77800
numbered,plain,9583,ويلههم,1,77800
numbered,plain,9584,الأمل,1,77800
numbered,plain,9585,بالملائكة,1,77800
numbered,plain,9586,شيع,1,77800
numbered,plain,9587,نسلكه,1,77800
numbered,plain,9588,فظلوا,1,77800
numbered,plain,9589,يعرجون,1,77800
numbered,plain,9590,سكرت,1,77800
numbered,plain,9591,أبصارنا,1,77800
numbered,plain,9592,مسحورون,1,77800
numbered,plain,9593,وحفظناها,1,77800
numbered,plain,9594,استرق,1,77800
numbered,plain,9595,موزون,1,77800
numbered,plain,9596,برازقين,1,77800
numbered,plain,9597,خزائنه,1,77800
numbered,plain,9598,ننزله,1,77800
numbered,plain,9599,لواقح,1,77800
numbered,plain,9600,فأسقيناكموه,1,77800
numbered,plain,9601,بخازنين,1,77800
numbered,plain,9602,المستقدمين,1,77800
numbered,plain,9603,المستأخرين,1,77800
numbered,plain,9604,والجان,1,77800
numbered,plain,9605,لأسجد,1,77800
numbered,plain,9606,خلقته,1,77800
numbered,plain,9607,لأزينن,1,77800
numbered,plain,9608,ولأغوينهم,1,77800
numbered,plain,9609,لموعدهم,1,77800
numbered,plain,9610,جزء,1,77800
numbered,plain,9611,مقسوم,1,77800
numbered,plain,9612,بمخرجين,1,77800
numbered,plain,9613,نبئ,1,77800
numbered,plain,9614,وجلون,1,77800
numbered,plain,9615,توجل,1,77800
numbered,plain,9616,أبشرتموني,1,77800
numbered,plain,9617,فبم,1,77800
numbered,plain,9618,تبشرون,1,77800
numbered,plain,9619,بشرناك,1,77800
numbered,plain,9620,القانطين,1,77800
numbered,plain,9621,يقنط,1,77800
numbered,plain,9622,لمنجوهم,1,77800
numbered,plain,9623,وأتيناك,1,77800
numbered,plain,9624,وامضوا,1,77800
numbered,plain,9625,مقطوع,1,77800
numbered,plain,9626,تفضحون,1,77800
numbered,plain,9627,ننهك,1,77800
numbered,plain,9628,لعمرك,1,77800
numbered,plain,9629,سكرتهم,1,77800
numbered,plain,9630,فجعلنا,1,77800
numbered,plain,9631,للمتوسمين,1,77800
numbered,plain,9632,لبسبيل,1,77800
numbered,plain,9633,لظالمين,1,77800
numbered,plain,9634,وإنهما,1,77800
numbered,plain,9635,لبإمام,1,77800
numbered,plain,9636,ينحتون,1,77800
numbered,plain,9637,الصفح,1,77800
numbered,plain,9638,الجميل,1,77800
numbered,plain,9639,المثاني,1,77800
numbered,plain,9640,المقتسمين,1,77800
numbered,plain,9641,عضين,1,77800
numbered,plain,9642,لنسألنهم,1,77800
numbered,plain,9643,فاصدع,1,77800
numbered,plain,9644,كفيناك,1,77800
numbered,plain,9645,المستهزئين,1,77800
numbered,plain,9646,يضيق,1,77800
numbered,plain,9647,واعبد,1,77800
numbered,plain,9648,يأتيك,1,77800
numbered,plain,9649,تستعجلوه,1,77800
numbered,plain,9650,بالروح,1,77800
numbered,plain,9651,خلقها,1,77800
numbered,plain,9652,دفء,1,77800
numbered,plain,9653,جمال,1,77800
numbered,plain,9654,تريحون,1,77800
numbered,plain,9655,تسرحون,1,77800
numbered,plain,9656,وتحمل,1,77800
numbered,plain,9657,أثقالكم,1,77800
numbered,plain,9658,بالغيه,1,77800
numbered,plain,9659,بشق,1,77800
numbered,plain,9660,والبغال,1,77800
numbered,plain,9661,والحمير,1,77800
numbered,plain,9662,لتركبوها,1,77800
numbered,plain,9663,ويخلق,1,77800
numbered,plain,9664,قصد,1,77800
numbered,plain,9665,جائر,1,77800
numbered,plain,9666,ومنه,1,77800
numbered,plain,9667,تسيمون,1,77800
numbered,plain,9668,ينبت,1,77800
numbered,plain,9669,الزرع,1,77800
numbered,plain,9670,والنخيل,1,77800
numbered,plain,9671,وتستخرجوا,1,77800
numbered,plain,9672,وسبلا,1,77800
numbered,plain,9673,وعلامات,1,77800
numbered,plain,9674,وبالنجم,1,77800
numbered,plain,9675,منكرة,1,77800
numbered,plain,9676,المستكبرين,1,77800
numbered,plain,9677,ليحملوا,1,77800
numbered,plain,9678,أوزار,1,77800
numbered,plain,9679,يضلونهم,1,77800
numbered,plain,9680,فأتى,1,77800
numbered,plain,9681,فخر,1,77800
numbered,plain,9682,السقف,1,77800
numbered,plain,9683,وأتاهم,1,77800
numbered,plain,9684,يخزيهم,1,77800
numbered,plain,9685,تشاقون,1,77800
numbered,plain,9686,والسوء,1,77800
numbered,plain,9687,فلبئس,1,77800
numbered,plain,9688,ولنعم,1,77800
numbered,plain,9689,طيبين,1,77800
numbered,plain,9690,تحرص,1,77800
numbered,plain,9691,قولنا,1,77800
numbered,plain,9692,أردناه,1,77800
numbered,plain,9693,تخوف,1,77800
numbered,plain,9694,يتفيأ,1,77800
numbered,plain,9695,ظلاله,1,77800
numbered,plain,9696,والشمائل,1,77800
numbered,plain,9697,واصبا,1,77800
numbered,plain,9698,فإليه,1,77800
numbered,plain,9699,تجأرون,1,77800
numbered,plain,9700,يتوارى,1,77800
numbered,plain,9701,أيمسكه,1,77800
numbered,plain,9702,هون,1,77800
numbered,plain,9703,يدسه,1,77800
numbered,plain,9704,التراب,1,77800
numbered,plain,9705,يكرهون,1,77800
numbered,plain,9706,وتصف,1,77800
numbered,plain,9707,مفرطون,1,77800
numbered,plain,9708,فزين,1,77800
numbered,plain,9709,بطونه,1,77800
numbered,plain,9710,فرث,1,77800
numbered,plain,9711,ودم,1,77800
numbered,plain,9712,لبنا,1,77800
numbered,plain,9713,خالصا,1,77800
numbered,plain,9714,سائغا,1,77800
numbered,plain,9715,النخيل,1,77800
numbered,plain,9716,سكرا,1,77800
numbered,plain,9717,ورزقا,1,77800
numbered,plain,9718,النحل,1,77800
numbered,plain,9719,اتخذي,1,77800
numbered,plain,9720,كلي,1,77800
numbered,plain,9721,فاسلكي,1,77800
numbered,plain,9722,ذللا,1,77800
numbered,plain,9723,برادي,1,77800
numbered,plain,9724,أفبنعمة,1,77800
numbered,plain,9725,وحفدة,1,77800
numbered,plain,9726,وبنعمت,1,77800
numbered,plain,9727,تضربوا,1,77800
numbered,plain,9728,مملوكا,1,77800
numbered,plain,9729,رزقناه,1,77800
numbered,plain,9730,وجهرا,1,77800
numbered,plain,9731,أبكم,1,77800
numbered,plain,9732,يوجهه,1,77800
numbered,plain,9733,أخرجكم,1,77800
numbered,plain,9734,جو,1,77800
numbered,plain,9735,تستخفونها,1,77800
numbered,plain,9736,ظعنكم,1,77800
numbered,plain,9737,إقامتكم,1,77800
numbered,plain,9738,أصوافها,1,77800
numbered,plain,9739,وأوبارها,1,77800
numbered,plain,9740,وأشعارها,1,77800
numbered,plain,9741,ظلالا,1,77800
numbered,plain,9742,أكنانا,1,77800
numbered,plain,9743,سرابيل,1,77800
numbered,plain,9744,وسرابيل,1,77800
numbered,plain,9745,تسلمون,1,77800
numbered,plain,9746,ينكرونها,1,77800
numbered,plain,9747,شركاءهم,1,77800
numbered,plain,9748,شركاؤنا,1,77800
numbered,plain,9749,تبيانا,1,77800
numbered,plain,9750,والإحسان,1,77800
numbered,plain,9751,وينهى,1,77800
numbered,plain,9752,تنقضوا,1,77800
numbered,plain,9753,توكيدها,1,77800
numbered,plain,9754,جعلتم,1,77800
numbered,plain,9755,كفيلا,1,77800
numbered,plain,9756,كالتي,1,77800
numbered,plain,9757,نقضت,1,77800
numbered,plain,9758,غزلها,1,77800
numbered,plain,9759,أنكاثا,1,77800
numbered,plain,9760,أربى,1,77800
numbered,plain,9761,يبلوكم,1,77800
numbered,plain,9762,وليبينن,1,77800
numbered,plain,9763,ولتسألن,1,77800
numbered,plain,9764,فتزل,1,77800
numbered,plain,9765,ثبوتها,1,77800
numbered,plain,9766,وتذوقوا,1,77800
numbered,plain,9767,صددتم,1,77800
numbered,plain,9768,ينفد,1,77800
numbered,plain,9769,باق,1,77800
numbered,plain,9770,ولنجزين,1,77800
numbered,plain,9771,فلنحيينه,1,77800
numbered,plain,9772,سلطانه,1,77800
numbered,plain,9773,يتولونه,1,77800
numbered,plain,9774,مفتر,1,77800
numbered,plain,9775,ليثبت,1,77800
numbered,plain,9776,أعجمي,1,77800
numbered,plain,9777,يفتري,1,77800
numbered,plain,9778,أكره,1,77800
numbered,plain,9779,مطمئن,1,77800
numbered,plain,9780,صدرا,1,77800
numbered,plain,9781,فعليهم,1,77800
numbered,plain,9782,وسمعهم,1,77800
numbered,plain,9783,وصبروا,1,77800
numbered,plain,9784,وتوفى,1,77800
numbered,plain,9785,آمنة,1,77800
numbered,plain,9786,مطمئنة,1,77800
numbered,plain,9787,يأتيها,1,77800
numbered,plain,9788,فكفرت,1,77800
numbered,plain,9789,بأنعم,1,77800
numbered,plain,9790,فأذاقها,1,77800
numbered,plain,9791,الجوع,1,77800
numbered,plain,9792,والخوف,1,77800
numbered,plain,9793,تصف,1,77800
numbered,plain,9794,حلال,1,77800
numbered,plain,9795,حرام,1,77800
numbered,plain,9796,لتفتروا,1,77800
numbered,plain,9797,قانتا,1,77800
numbered,plain,9798,لأنعمه,1,77800
numbered,plain,9799,وهداه,1,77800
numbered,plain,9800,والموعظة,1,77800
numbered,plain,9801,وجادلهم,1,77800
numbered,plain,9802,عاقبتم,1,77800
numbered,plain,9803,فعاقبوا,1,77800
numbered,plain,9804,عوقبتم,1,77800
numbered,plain,9805,للصابرين,1,77800
numbered,plain,9806,صبرك,1,77800
numbered,plain,9807,محسنون,1,77800
numbered,plain,9808,بعبده,1,77800
numbered,plain,9809,الأقصى,1,77800
numbered,plain,9810,لنريه,1,77800
numbered,plain,9811,لتفسدن,1,77800
numbered,plain,9812,ولتعلن,1,77800
numbered,plain,9813,أولاهما,1,77800
numbered,plain,9814,فجاسوا,1,77800
numbered,plain,9815,الديار,1,77800
numbered,plain,9816,رددنا,1,77800
numbered,plain,9817,الكرة,1,77800
numbered,plain,9818,وأمددناكم,1,77800
numbered,plain,9819,نفيرا,1,77800
numbered,plain,9820,أسأتم,1,77800
numbered,plain,9821,ليسوءوا,1,77800
numbered,plain,9822,وليدخلوا,1,77800
numbered,plain,9823,دخلوه,1,77800
numbered,plain,9824,وليتبروا,1,77800
numbered,plain,9825,عدتم,1,77800
numbered,plain,9826,حصيرا,1,77800
numbered,plain,9827,للتي,1,77800
numbered,plain,9828,أقوم,1,77800
numbered,plain,9829,ويدع,1,77800
numbered,plain,9830,دعاءه,1,77800
numbered,plain,9831,عجولا,1,77800
numbered,plain,9832,آيتين,1,77800
numbered,plain,9833,فمحونا,1,77800
numbered,plain,9834,ولتعلموا,1,77800
numbered,plain,9835,تفصيلا,1,77800
numbered,plain,9836,إنسان,1,77800
numbered,plain,9837,ألزمناه,1,77800
numbered,plain,9838,طائره,1,77800
numbered,plain,9839,عنقه,1,77800
numbered,plain,9840,ونخرج,1,77800
numbered,plain,9841,يلقاه,1,77800
numbered,plain,9842,منشورا,1,77800
numbered,plain,9843,كتابك,1,77800
numbered,plain,9844,بنفسك,1,77800
numbered,plain,9845,معذبين,1,77800
numbered,plain,9846,مترفيها,1,77800
numbered,plain,9847,ففسقوا,1,77800
numbered,plain,9848,فدمرناها,1,77800
numbered,plain,9849,عجلنا,1,77800
numbered,plain,9850,سعيها,1,77800
numbered,plain,9851,نمد,1,77800
numbered,plain,9852,وهؤلاء,1,77800
numbered,plain,9853,محظورا,1,77800
numbered,plain,9854,وأكبر,1,77800
numbered,plain,9855,مخذولا,1,77800
numbered,plain,9856,وقضى,1,77800
numbered,plain,9857,يبلغن,1,77800
numbered,plain,9858,كلاهما,1,77800
numbered,plain,9859,تقل,1,77800
numbered,plain,9860,تنهرهما,1,77800
numbered,plain,9861,ارحمهما,1,77800
numbered,plain,9862,ربياني,1,77800
numbered,plain,9863,نفوسكم,1,77800
numbered,plain,9864,للأوابين,1,77800
numbered,plain,9865,وآت,1,77800
numbered,plain,9866,تبذر,1,77800
numbered,plain,9867,تبذيرا,1,77800
numbered,plain,9868,المبذرين,1,77800
numbered,plain,9869,إخوان,1,77800
numbered,plain,9870,تعرضن,1,77800
numbered,plain,9871,ترجوها,1,77800
numbered,plain,9872,ميسورا,1,77800
numbered,plain,9873,عنقك,1,77800
numbered,plain,9874,تبسطها,1,77800
numbered,plain,9875,البسط,1,77800
numbered,plain,9876,محسورا,1,77800
numbered,plain,9877,نرزقهم,1,77800
numbered,plain,9878,خطئا,1,77800
numbered,plain,9879,الزنى,1,77800
numbered,plain,9880,مظلوما,1,77800
numbered,plain,9881,يسرف,1,77800
numbered,plain,9882,منصورا,1,77800
numbered,plain,9883,بالعهد,1,77800
numbered,plain,9884,كلتم,1,77800
numbered,plain,9885,تقف,1,77800
numbered,plain,9886,والبصر,1,77800
numbered,plain,9887,والفؤاد,1,77800
numbered,plain,9888,تخرق,1,77800
numbered,plain,9889,تبلغ,1,77800
numbered,plain,9890,سيئه,1,77800
numbered,plain,9891,مكروها,1,77800
numbered,plain,9892,أفأصفاكم,1,77800
numbered,plain,9893,لتقولون,1,77800
numbered,plain,9894,لابتغوا,1,77800
numbered,plain,9895,تسبح,1,77800
numbered,plain,9896,تفقهون,1,77800
numbered,plain,9897,تسبيحهم,1,77800
numbered,plain,9898,مستورا,1,77800
numbered,plain,9899,ذكرت,1,77800
numbered,plain,9900,حديدا,1,77800
numbered,plain,9901,يكبر,1,77800
numbered,plain,9902,يعيدنا,1,77800
numbered,plain,9903,فطركم,1,77800
numbered,plain,9904,فسينغضون,1,77800
numbered,plain,9905,فتستجيبون,1,77800
numbered,plain,9906,ينزغ,1,77800
numbered,plain,9907,ويرجون,1,77800
numbered,plain,9908,محذورا,1,77800
numbered,plain,9909,مهلكوها,1,77800
numbered,plain,9910,معذبوها,1,77800
numbered,plain,9911,منعنا,1,77800
numbered,plain,9912,تخويفا,1,77800
numbered,plain,9913,أريناك,1,77800
numbered,plain,9914,والشجرة,1,77800
numbered,plain,9915,الملعونة,1,77800
numbered,plain,9916,ونخوفهم,1,77800
numbered,plain,9917,أأسجد,1,77800
numbered,plain,9918,طينا,1,77800
numbered,plain,9919,أرأيتك,1,77800
numbered,plain,9920,كرمت,1,77800
numbered,plain,9921,أخرتن,1,77800
numbered,plain,9922,لأحتنكن,1,77800
numbered,plain,9923,جزاؤكم,1,77800
numbered,plain,9924,موفورا,1,77800
numbered,plain,9925,واستفزز,1,77800
numbered,plain,9926,بصوتك,1,77800
numbered,plain,9927,وأجلب,1,77800
numbered,plain,9928,بخيلك,1,77800
numbered,plain,9929,ورجلك,1,77800
numbered,plain,9930,وشاركهم,1,77800
numbered,plain,9931,نجاكم,1,77800
numbered,plain,9932,أعرضتم,1,77800
numbered,plain,9933,أفأمنتم,1,77800
numbered,plain,9934,فيرسل,1,77800
numbered,plain,9935,قاصفا,1,77800
numbered,plain,9936,فيغرقكم,1,77800
numbered,plain,9937,تبيعا,1,77800
numbered,plain,9938,كرمنا,1,77800
numbered,plain,9939,وحملناهم,1,77800
numbered,plain,9940,بإمامهم,1,77800
numbered,plain,9941,كتابهم,1,77800
numbered,plain,9942,ليفتنونك,1,77800
numbered,plain,9943,لتفتري,1,77800
numbered,plain,9944,لاتخذوك,1,77800
numbered,plain,9945,ثبتناك,1,77800
numbered,plain,9946,لأذقناك,1,77800
numbered,plain,9947,وضعف,1,77800
numbered,plain,9948,الممات,1,77800
numbered,plain,9949,ليستفزونك,1,77800
numbered,plain,9950,ليخرجوك,1,77800
numbered,plain,9951,يلبثون,1,77800
numbered,plain,9952,خلافك,1,77800
numbered,plain,9953,لسنتنا,1,77800
numbered,plain,9954,لدلوك,1,77800
numbered,plain,9955,غسق,1,77800
numbered,plain,9956,مشهودا,1,77800
numbered,plain,9957,فتهجد,1,77800
numbered,plain,9958,يبعثك,1,77800
numbered,plain,9959,محمودا,1,77800
numbered,plain,9960,أدخلني,1,77800
numbered,plain,9961,مدخل,1,77800
numbered,plain,9962,وأخرجني,1,77800
numbered,plain,9963,وزهق,1,77800
numbered,plain,9964,زهوقا,1,77800
numbered,plain,9965,وننزل,1,77800
numbered,plain,9966,يئوسا,1,77800
numbered,plain,9967,شاكلته,1,77800
numbered,plain,9968,فربكم,1,77800
numbered,plain,9969,لنذهبن,1,77800
numbered,plain,9970,اجتمعت,1,77800
numbered,plain,9971,تفجر,1,77800
numbered,plain,9972,ينبوعا,1,77800
numbered,plain,9973,وعنب,1,77800
numbered,plain,9974,فتفجر,1,77800
numbered,plain,9975,زعمت,1,77800
numbered,plain,9976,قبيلا,1,77800
numbered,plain,9977,ترقى,1,77800
numbered,plain,9978,لرقيك,1,77800
numbered,plain,9979,نقرؤه,1,77800
numbered,plain,9980,مطمئنين,1,77800
numbered,plain,9981,لنزلنا,1,77800
numbered,plain,9982,ونحشرهم,1,77800
numbered,plain,9983,عميا,1,77800
numbered,plain,9984,وبكما,1,77800
numbered,plain,9985,وصما,1,77800
numbered,plain,9986,خبت,1,77800
numbered,plain,9987,لأمسكتم,1,77800
numbered,plain,9988,الإنفاق,1,77800
numbered,plain,9989,قتورا,1,77800
numbered,plain,9990,مثبورا,1,77800
numbered,plain,9991,يستفزهم,1,77800
numbered,plain,9992,فأغرقناه,1,77800
numbered,plain,9993,لفيفا,1,77800
numbered,plain,9994,وقرآنا,1,77800
numbered,plain,9995,فرقناه,1,77800
numbered,plain,9996,لتقرأه,1,77800
numbered,plain,9997,مكث,1,77800
numbered,plain,9998,ونزلناه,1,77800
numbered,plain,9999,يخرون,1,77800
numbered,plain,10000,لمفعولا,1,77800
numbered,plain,10001,ويخرون,1,77800
numbered,plain,10002,خشوعا,1,77800
numbered,plain,10003,أيا,1,77800
numbered,plain,10004,بصلاتك,1,77800
numbered,plain,10005,تخافت,1,77800
numbered,plain,10006,وكبره,1,77800
numbered,plain,10007,تكبيرا,1,77800
numbered,plain,10008,ماكثين,1,77800
numbered,plain,10009,وينذر,1,77800
numbered,plain,10010,كبرت,1,77800
numbered,plain,10011,لنبلوهم,1,77800
numbered,plain,10012,لجاعلون,1,77800
numbered,plain,10013,جرزا,1,77800
numbered,plain,10014,حسبت,1,77800
numbered,plain,10015,والرقيم,1,77800
numbered,plain,10016,أوى,1,77800
numbered,plain,10017,الفتية,1,77800
numbered,plain,10018,وهيئ,1,77800
numbered,plain,10019,فضربنا,1,77800
numbered,plain,10020,الحزبين,1,77800
numbered,plain,10021,أحصى,1,77800
numbered,plain,10022,نبأهم,1,77800
numbered,plain,10023,فتية,1,77800
numbered,plain,10024,وزدناهم,1,77800
numbered,plain,10025,وربطنا,1,77800
numbered,plain,10026,اعتزلتموهم,1,77800
numbered,plain,10027,فأووا,1,77800
numbered,plain,10028,ينشر,1,77800
numbered,plain,10029,ويهيئ,1,77800
numbered,plain,10030,مرفقا,1,77800
numbered,plain,10031,طلعت,1,77800
numbered,plain,10032,تزاور,1,77800
numbered,plain,10033,غربت,1,77800
numbered,plain,10034,تقرضهم,1,77800
numbered,plain,10035,فجوة,1,77800
numbered,plain,10036,مرشدا,1,77800
numbered,plain,10037,وتحسبهم,1,77800
numbered,plain,10038,أيقاظا,1,77800
numbered,plain,10039,رقود,1,77800
numbered,plain,10040,ونقلبهم,1,77800
numbered,plain,10041,وذات,1,77800
numbered,plain,10042,وكلبهم,1,77800
numbered,plain,10043,باسط,1,77800
numbered,plain,10044,ذراعيه,1,77800
numbered,plain,10045,بالوصيد,1,77800
numbered,plain,10046,اطلعت,1,77800
numbered,plain,10047,لوليت,1,77800
numbered,plain,10048,ولملئت,1,77800
numbered,plain,10049,رعبا,1,77800
numbered,plain,10050,ليتساءلوا,1,77800
numbered,plain,10051,بورقكم,1,77800
numbered,plain,10052,طعاما,1,77800
numbered,plain,10053,فليأتكم,1,77800
numbered,plain,10054,برزق,1,77800
numbered,plain,10055,وليتلطف,1,77800
numbered,plain,10056,يشعرن,1,77800
numbered,plain,10057,يرجموكم,1,77800
numbered,plain,10058,يعيدوكم,1,77800
numbered,plain,10059,تفلحوا,1,77800
numbered,plain,10060,أعثرنا,1,77800
numbered,plain,10061,ليعلموا,1,77800
numbered,plain,10062,غلبوا,1,77800
numbered,plain,10063,لنتخذن,1,77800
numbered,plain,10064,رجما,1,77800
numbered,plain,10065,وثامنهم,1,77800
numbered,plain,10066,بعدتهم,1,77800
numbered,plain,10067,تمار,1,77800
numbered,plain,10068,مراء,1,77800
numbered,plain,10069,تستفت,1,77800
numbered,plain,10070,تقولن,1,77800
numbered,plain,10071,فاعل,1,77800
numbered,plain,10072,لأقرب,1,77800
numbered,plain,10073,ولبثوا,1,77800
numbered,plain,10074,وازدادوا,1,77800
numbered,plain,10075,تسعا,1,77800
numbered,plain,10076,وأسمع,1,77800
numbered,plain,10077,حكمه,1,77800
numbered,plain,10078,تعد,1,77800
numbered,plain,10079,عيناك,1,77800
numbered,plain,10080,أغفلنا,1,77800
numbered,plain,10081,فرطا,1,77800
numbered,plain,10082,فليؤمن,1,77800
numbered,plain,10083,فليكفر,1,77800
numbered,plain,10084,سرادقها,1,77800
numbered,plain,10085,يستغيثوا,1,77800
numbered,plain,10086,يغاثوا,1,77800
numbered,plain,10087,يشوي,1,77800
numbered,plain,10088,الشراب,1,77800
numbered,plain,10089,ويلبسون,1,77800
numbered,plain,10090,ثيابا,1,77800
numbered,plain,10091,وحسنت,1,77800
numbered,plain,10092,لأحدهما,1,77800
numbered,plain,10093,وحففناهما,1,77800
numbered,plain,10094,بنخل,1,77800
numbered,plain,10095,كلتا,1,77800
numbered,plain,10096,آتت,1,77800
numbered,plain,10097,خلالهما,1,77800
numbered,plain,10098,نهرا,1,77800
numbered,plain,10099,ثمر,1,77800
numbered,plain,10100,وأعز,1,77800
numbered,plain,10101,جنته,1,77800
numbered,plain,10102,تبيد,1,77800
numbered,plain,10103,رددت,1,77800
numbered,plain,10104,لأجدن,1,77800
numbered,plain,10105,منقلبا,1,77800
numbered,plain,10106,صاحبه,1,77800
numbered,plain,10107,أكفرت,1,77800
numbered,plain,10108,سواك,1,77800
numbered,plain,10109,ترن,1,77800
numbered,plain,10110,يؤتين,1,77800
numbered,plain,10111,زلقا,1,77800
numbered,plain,10112,يصبح,1,77800
numbered,plain,10113,ماؤها,1,77800
numbered,plain,10114,طلبا,1,77800
numbered,plain,10115,وأحيط,1,77800
numbered,plain,10116,بثمره,1,77800
numbered,plain,10117,منتصرا,1,77800
numbered,plain,10118,الولاية,1,77800
numbered,plain,10119,عقبا,1,77800
numbered,plain,10120,هشيما,1,77800
numbered,plain,10121,تذروه,1,77800
numbered,plain,10122,مقتدرا,1,77800
numbered,plain,10123,والبنون,1,77800
numbered,plain,10124,أملا,1,77800
numbered,plain,10125,نسير,1,77800
numbered,plain,10126,بارزة,1,77800
numbered,plain,10127,وحشرناهم,1,77800
numbered,plain,10128,نغادر,1,77800
numbered,plain,10129,وعرضوا,1,77800
numbered,plain,10130,ويلتنا,1,77800
numbered,plain,10131,يغادر,1,77800
numbered,plain,10132,أحصاها,1,77800
numbered,plain,10133,ووجدوا,1,77800
numbered,plain,10134,حاضرا,1,77800
numbered,plain,10135,ففسق,1,77800
numbered,plain,10136,أفتتخذونه,1,77800
numbered,plain,10137,وذريته,1,77800
numbered,plain,10138,بدلا,1,77800
numbered,plain,10139,أشهدتهم,1,77800
numbered,plain,10140,متخذ,1,77800
numbered,plain,10141,المضلين,1,77800
numbered,plain,10142,عضدا,1,77800
numbered,plain,10143,نادوا,1,77800
numbered,plain,10144,موبقا,1,77800
numbered,plain,10145,ورأى,1,77800
numbered,plain,10146,فظنوا,1,77800
numbered,plain,10147,مواقعوها,1,77800
numbered,plain,10148,مصرفا,1,77800
numbered,plain,10149,ويستغفروا,1,77800
numbered,plain,10150,ويجادل,1,77800
numbered,plain,10151,تدعهم,1,77800
numbered,plain,10152,يؤاخذهم,1,77800
numbered,plain,10153,لعجل,1,77800
numbered,plain,10154,موعد,1,77800
numbered,plain,10155,موئلا,1,77800
numbered,plain,10156,لمهلكهم,1,77800
numbered,plain,10157,أمضي,1,77800
numbered,plain,10158,حقبا,1,77800
numbered,plain,10159,بلغا,1,77800
numbered,plain,10160,حوتهما,1,77800
numbered,plain,10161,فاتخذ,1,77800
numbered,plain,10162,سربا,1,77800
numbered,plain,10163,جاوزا,1,77800
numbered,plain,10164,غداءنا,1,77800
numbered,plain,10165,لقينا,1,77800
numbered,plain,10166,سفرنا,1,77800
numbered,plain,10167,نصبا,1,77800
numbered,plain,10168,أوينا,1,77800
numbered,plain,10169,الصخرة,1,77800
numbered,plain,10170,أنسانيه,1,77800
numbered,plain,10171,أذكره,1,77800
numbered,plain,10172,نبغ,1,77800
numbered,plain,10173,فارتدا,1,77800
numbered,plain,10174,آثارهما,1,77800
numbered,plain,10175,قصصا,1,77800
numbered,plain,10176,أتبعك,1,77800
numbered,plain,10177,تعلمن,1,77800
numbered,plain,10178,تصبر,1,77800
numbered,plain,10179,أعصي,1,77800
numbered,plain,10180,اتبعتني,1,77800
numbered,plain,10181,تسألني,1,77800
numbered,plain,10182,أحدث,1,77800
numbered,plain,10183,ركبا,1,77800
numbered,plain,10184,خرقها,1,77800
numbered,plain,10185,أخرقتها,1,77800
numbered,plain,10186,لتغرق,1,77800
numbered,plain,10187,إمرا,1,77800
numbered,plain,10188,تؤاخذني,1,77800
numbered,plain,10189,ترهقني,1,77800
numbered,plain,10190,عسرا,1,77800
numbered,plain,10191,لقيا,1,77800
numbered,plain,10192,أقتلت,1,77800
numbered,plain,10193,زكية,1,77800
numbered,plain,10194,سألتك,1,77800
numbered,plain,10195,تصاحبني,1,77800
numbered,plain,10196,لدني,1,77800
numbered,plain,10197,أتيا,1,77800
numbered,plain,10198,استطعما,1,77800
numbered,plain,10199,فأبوا,1,77800
numbered,plain,10200,يضيفوهما,1,77800
numbered,plain,10201,جدارا,1,77800
numbered,plain,10202,ينقض,1,77800
numbered,plain,10203,فأقامه,1,77800
numbered,plain,10204,لاتخذت,1,77800
numbered,plain,10205,فراق,1,77800
numbered,plain,10206,سأنبئك,1,77800
numbered,plain,10207,تستطع,1,77800
numbered,plain,10208,لمساكين,1,77800
numbered,plain,10209,فأردت,1,77800
numbered,plain,10210,أعيبها,1,77800
numbered,plain,10211,يأخذ,1,77800
numbered,plain,10212,سفينة,1,77800
numbered,plain,10213,غصبا,1,77800
numbered,plain,10214,الغلام,1,77800
numbered,plain,10215,فخشينا,1,77800
numbered,plain,10216,يرهقهما,1,77800
numbered,plain,10217,فأردنا,1,77800
numbered,plain,10218,يبدلهما,1,77800
numbered,plain,10219,وأقرب,1,77800
numbered,plain,10220,رحما,1,77800
numbered,plain,10221,الجدار,1,77800
numbered,plain,10222,لغلامين,1,77800
numbered,plain,10223,يتيمين,1,77800
numbered,plain,10224,تحته,1,77800
numbered,plain,10225,أبوهما,1,77800
numbered,plain,10226,يبلغا,1,77800
numbered,plain,10227,أشدهما,1,77800
numbered,plain,10228,ويستخرجا,1,77800
numbered,plain,10229,كنزهما,1,77800
numbered,plain,10230,فعلته,1,77800
numbered,plain,10231,تسطع,1,77800
numbered,plain,10232,سأتلو,1,77800
numbered,plain,10233,فأتبع,1,77800
numbered,plain,10234,مغرب,1,77800
numbered,plain,10235,تغرب,1,77800
numbered,plain,10236,حمئة,1,77800
numbered,plain,10237,تعذب,1,77800
numbered,plain,10238,تتخذ,1,77800
numbered,plain,10239,نعذبه,1,77800
numbered,plain,10240,وسنقول,1,77800
numbered,plain,10241,دونها,1,77800
numbered,plain,10242,سترا,1,77800
numbered,plain,10243,أحطنا,1,77800
numbered,plain,10244,السدين,1,77800
numbered,plain,10245,مفسدون,1,77800
numbered,plain,10246,مكني,1,77800
numbered,plain,10247,فأعينوني,1,77800
numbered,plain,10248,ردما,1,77800
numbered,plain,10249,ساوى,1,77800
numbered,plain,10250,الصدفين,1,77800
numbered,plain,10251,انفخوا,1,77800
numbered,plain,10252,قطرا,1,77800
numbered,plain,10253,اسطاعوا,1,77800
numbered,plain,10254,يظهروه,1,77800
numbered,plain,10255,نقبا,1,77800
numbered,plain,10256,دكاء,1,77800
numbered,plain,10257,يموج,1,77800
numbered,plain,10258,فجمعناهم,1,77800
numbered,plain,10259,وعرضنا,1,77800
numbered,plain,10260,غطاء,1,77800
numbered,plain,10261,أفحسب,1,77800
numbered,plain,10262,ننبئكم,1,77800
numbered,plain,10263,بالأخسرين,1,77800
numbered,plain,10264,أعمالا,1,77800
numbered,plain,10265,يحسنون,1,77800
numbered,plain,10266,صنعا,1,77800
numbered,plain,10267,فحبطت,1,77800
numbered,plain,10268,نقيم,1,77800
numbered,plain,10269,وزنا,1,77800
numbered,plain,10270,حولا,1,77800
numbered,plain,10271,مدادا,1,77800
numbered,plain,10272,لنفد,1,77800
numbered,plain,10273,تنفد,1,77800
numbered,plain,10274,مددا,1,77800
numbered,plain,10275,بعبادة,1,77800
numbered,plain,10276,كهيعص,1,77800
numbered,plain,10277,نداء,1,77800
numbered,plain,10278,خفيا,1,77800
numbered,plain,10279,العظم,1,77800
numbered,plain,10280,واشتعل,1,77800
numbered,plain,10281,الرأس,1,77800
numbered,plain,10282,بدعائك,1,77800
numbered,plain,10283,الموالي,1,77800
numbered,plain,10284,ورائي,1,77800
numbered,plain,10285,فهب,1,77800
numbered,plain,10286,يرثني,1,77800
numbered,plain,10287,ويرث,1,77800
numbered,plain,10288,واجعله,1,77800
numbered,plain,10289,رضيا,1,77800
numbered,plain,10290,خلقتك,1,77800
numbered,plain,10291,سبحوا,1,77800
numbered,plain,10292,وحنانا,1,77800
numbered,plain,10293,وزكاة,1,77800
numbered,plain,10294,انتبذت,1,77800
numbered,plain,10295,شرقيا,1,77800
numbered,plain,10296,فاتخذت,1,77800
numbered,plain,10297,فتمثل,1,77800
numbered,plain,10298,لأهب,1,77800
numbered,plain,10299,زكيا,1,77800
numbered,plain,10300,أك,1,77800
numbered,plain,10301,ولنجعله,1,77800
numbered,plain,10302,فحملته,1,77800
numbered,plain,10303,فانتبذت,1,77800
numbered,plain,10304,قصيا,1,77800
numbered,plain,10305,فأجاءها,1,77800
numbered,plain,10306,المخاض,1,77800
numbered,plain,10307,جذع,1,77800
numbered,plain,10308,منسيا,1,77800
numbered,plain,10309,فناداها,1,77800
numbered,plain,10310,تحتك,1,77800
numbered,plain,10311,سريا,1,77800
numbered,plain,10312,وهزي,1,77800
numbered,plain,10313,بجذع,1,77800
numbered,plain,10314,تساقط,1,77800
numbered,plain,10315,رطبا,1,77800
numbered,plain,10316,جنيا,1,77800
numbered,plain,10317,فكلي,1,77800
numbered,plain,10318,واشربي,1,77800
numbered,plain,10319,وقري,1,77800
numbered,plain,10320,ترين,1,77800
numbered,plain,10321,فقولي,1,77800
numbered,plain,10322,صوما,1,77800
numbered,plain,10323,أكلم,1,77800
numbered,plain,10324,إنسيا,1,77800
numbered,plain,10325,فأتت,1,77800
numbered,plain,10326,قومها,1,77800
numbered,plain,10327,فريا,1,77800
numbered,plain,10328,أبوك,1,77800
numbered,plain,10329,امرأ,1,77800
numbered,plain,10330,فأشارت,1,77800
numbered,plain,10331,نكلم,1,77800
numbered,plain,10332,وأوصاني,1,77800
numbered,plain,10333,بوالدتي,1,77800
numbered,plain,10334,يجعلني,1,77800
numbered,plain,10335,ولدت,1,77800
numbered,plain,10336,أموت,1,77800
numbered,plain,10337,مشهد,1,77800
numbered,plain,10338,يأتوننا,1,77800
numbered,plain,10339,الحسرة,1,77800
numbered,plain,10340,نرث,1,77800
numbered,plain,10341,يبصر,1,77800
numbered,plain,10342,يأتك,1,77800
numbered,plain,10343,فاتبعني,1,77800
numbered,plain,10344,أهدك,1,77800
numbered,plain,10345,للشيطان,1,77800
numbered,plain,10346,أراغب,1,77800
numbered,plain,10347,آلهتي,1,77800
numbered,plain,10348,لأرجمنك,1,77800
numbered,plain,10349,واهجرني,1,77800
numbered,plain,10350,مليا,1,77800
numbered,plain,10351,سأستغفر,1,77800
numbered,plain,10352,حفيا,1,77800
numbered,plain,10353,وأعتزلكم,1,77800
numbered,plain,10354,وأدعو,1,77800
numbered,plain,10355,بدعاء,1,77800
numbered,plain,10356,اعتزلهم,1,77800
numbered,plain,10357,وهبنا,1,77800
numbered,plain,10358,وقربناه,1,77800
numbered,plain,10359,صادق,1,77800
numbered,plain,10360,مرضيا,1,77800
numbered,plain,10361,إدريس,1,77800
numbered,plain,10362,ورفعناه,1,77800
numbered,plain,10363,وإسرائيل,1,77800
numbered,plain,10364,واجتبينا,1,77800
numbered,plain,10365,وبكيا,1,77800
numbered,plain,10366,أضاعوا,1,77800
numbered,plain,10367,غيا,1,77800
numbered,plain,10368,مأتيا,1,77800
numbered,plain,10369,نورث,1,77800
numbered,plain,10370,نتنزل,1,77800
numbered,plain,10371,خلفنا,1,77800
numbered,plain,10372,لعبادته,1,77800
numbered,plain,10373,لسوف,1,77800
numbered,plain,10374,لنحشرنهم,1,77800
numbered,plain,10375,لنحضرنهم,1,77800
numbered,plain,10376,لننزعن,1,77800
numbered,plain,10377,شيعة,1,77800
numbered,plain,10378,صليا,1,77800
numbered,plain,10379,واردها,1,77800
numbered,plain,10380,حتما,1,77800
numbered,plain,10381,نديا,1,77800
numbered,plain,10382,ورئيا,1,77800
numbered,plain,10383,وأضعف,1,77800
numbered,plain,10384,جندا,1,77800
numbered,plain,10385,ويزيد,1,77800
numbered,plain,10386,مردا,1,77800
numbered,plain,10387,لأوتين,1,77800
numbered,plain,10388,ونمد,1,77800
numbered,plain,10389,ونرثه,1,77800
numbered,plain,10390,ويأتينا,1,77800
numbered,plain,10391,عزا,1,77800
numbered,plain,10392,سيكفرون,1,77800
numbered,plain,10393,ويكونون,1,77800
numbered,plain,10394,ضدا,1,77800
numbered,plain,10395,تؤزهم,1,77800
numbered,plain,10396,أزا,1,77800
numbered,plain,10397,وفدا,1,77800
numbered,plain,10398,ونسوق,1,77800
numbered,plain,10399,وردا,1,77800
numbered,plain,10400,إدا,1,77800
numbered,plain,10401,وتنشق,1,77800
numbered,plain,10402,وتخر,1,77800
numbered,plain,10403,هدا,1,77800
numbered,plain,10404,آتي,1,77800
numbered,plain,10405,أحصاهم,1,77800
numbered,plain,10406,وكلهم,1,77800
numbered,plain,10407,آتيه,1,77800
numbered,plain,10408,لتبشر,1,77800
numbered,plain,10409,لدا,1,77800
numbered,plain,10410,تحس,1,77800
numbered,plain,10411,ركزا,1,77800
numbered,plain,10412,طه,1,77800
numbered,plain,10413,لتشقى,1,77800
numbered,plain,10414,الثرى,1,77800
numbered,plain,10415,وأخفى,1,77800
numbered,plain,10416,بقبس,1,77800
numbered,plain,10417,فاخلع,1,77800
numbered,plain,10418,نعليك,1,77800
numbered,plain,10419,اخترتك,1,77800
numbered,plain,10420,فاستمع,1,77800
numbered,plain,10421,فاعبدني,1,77800
numbered,plain,10422,لذكري,1,77800
numbered,plain,10423,أكاد,1,77800
numbered,plain,10424,أخفيها,1,77800
numbered,plain,10425,لتجزى,1,77800
numbered,plain,10426,فتردى,1,77800
numbered,plain,10427,عصاي,1,77800
numbered,plain,10428,أتوكأ,1,77800
numbered,plain,10429,وأهش,1,77800
numbered,plain,10430,غنمي,1,77800
numbered,plain,10431,مآرب,1,77800
numbered,plain,10432,ألقها,1,77800
numbered,plain,10433,فألقاها,1,77800
numbered,plain,10434,حية,1,77800
numbered,plain,10435,خذها,1,77800
numbered,plain,10436,سنعيدها,1,77800
numbered,plain,10437,سيرتها,1,77800
numbered,plain,10438,لنريك,1,77800
numbered,plain,10439,اشرح,1,77800
numbered,plain,10440,ويسر,1,77800
numbered,plain,10441,واحلل,1,77800
numbered,plain,10442,يفقهوا,1,77800
numbered,plain,10443,اشدد,1,77800
numbered,plain,10444,أزري,1,77800
numbered,plain,10445,وأشركه,1,77800
numbered,plain,10446,نسبحك,1,77800
numbered,plain,10447,ونذكرك,1,77800
numbered,plain,10448,أوتيت,1,77800
numbered,plain,10449,سؤلك,1,77800
numbered,plain,10450,اقذفيه,1,77800
numbered,plain,10451,فاقذفيه,1,77800
numbered,plain,10452,فليلقه,1,77800
numbered,plain,10453,بالساحل,1,77800
numbered,plain,10454,يأخذه,1,77800
numbered,plain,10455,وعدو,1,77800
numbered,plain,10456,وألقيت,1,77800
numbered,plain,10457,محبة,1,77800
numbered,plain,10458,ولتصنع,1,77800
numbered,plain,10459,عيني,1,77800
numbered,plain,10460,أختك,1,77800
numbered,plain,10461,فتقول,1,77800
numbered,plain,10462,يكفله,1,77800
numbered,plain,10463,فرجعناك,1,77800
numbered,plain,10464,وقتلت,1,77800
numbered,plain,10465,فنجيناك,1,77800
numbered,plain,10466,وفتناك,1,77800
numbered,plain,10467,فتونا,1,77800
numbered,plain,10468,فلبثت,1,77800
numbered,plain,10469,واصطنعتك,1,77800
numbered,plain,10470,وأخوك,1,77800
numbered,plain,10471,تنيا,1,77800
numbered,plain,10472,لينا,1,77800
numbered,plain,10473,يفرط,1,77800
numbered,plain,10474,يطغى,1,77800
numbered,plain,10475,تخافا,1,77800
numbered,plain,10476,معكما,1,77800
numbered,plain,10477,وأرى,1,77800
numbered,plain,10478,فأتياه,1,77800
numbered,plain,10479,ينسى,1,77800
numbered,plain,10480,وسلك,1,77800
numbered,plain,10481,وارعوا,1,77800
numbered,plain,10482,أنعامكم,1,77800
numbered,plain,10483,نعيدكم,1,77800
numbered,plain,10484,أريناه,1,77800
numbered,plain,10485,وأبى,1,77800
numbered,plain,10486,لتخرجنا,1,77800
numbered,plain,10487,بسحرك,1,77800
numbered,plain,10488,فلنأتينك,1,77800
numbered,plain,10489,نخلفه,1,77800
numbered,plain,10490,سوى,1,77800
numbered,plain,10491,موعدكم,1,77800
numbered,plain,10492,الزينة,1,77800
numbered,plain,10493,تفتروا,1,77800
numbered,plain,10494,فيسحتكم,1,77800
numbered,plain,10495,فتنازعوا,1,77800
numbered,plain,10496,لساحران,1,77800
numbered,plain,10497,يريدان,1,77800
numbered,plain,10498,يخرجاكم,1,77800
numbered,plain,10499,بسحرهما,1,77800
numbered,plain,10500,ويذهبا,1,77800
numbered,plain,10501,بطريقتكم,1,77800
numbered,plain,10502,المثلى,1,77800
numbered,plain,10503,كيدكم,1,77800
numbered,plain,10504,استعلى,1,77800
numbered,plain,10505,يخيل,1,77800
numbered,plain,10506,سحرهم,1,77800
numbered,plain,10507,فلأقطعن,1,77800
numbered,plain,10508,جذوع,1,77800
numbered,plain,10509,أينا,1,77800
numbered,plain,10510,نؤثرك,1,77800
numbered,plain,10511,فطرنا,1,77800
numbered,plain,10512,فاقض,1,77800
numbered,plain,10513,قاض,1,77800
numbered,plain,10514,تقضي,1,77800
numbered,plain,10515,أكرهتنا,1,77800
numbered,plain,10516,مجرما,1,77800
numbered,plain,10517,يأته,1,77800
numbered,plain,10518,يبسا,1,77800
numbered,plain,10519,تخاف,1,77800
numbered,plain,10520,دركا,1,77800
numbered,plain,10521,تخشى,1,77800
numbered,plain,10522,بجنوده,1,77800
numbered,plain,10523,فغشيهم,1,77800
numbered,plain,10524,وواعدناكم,1,77800
numbered,plain,10525,فيحل,1,77800
numbered,plain,10526,يحلل,1,77800
numbered,plain,10527,لغفار,1,77800
numbered,plain,10528,أعجلك,1,77800
numbered,plain,10529,أثري,1,77800
numbered,plain,10530,وعجلت,1,77800
numbered,plain,10531,لترضى,1,77800
numbered,plain,10532,بعدك,1,77800
numbered,plain,10533,وأضلهم,1,77800
numbered,plain,10534,فرجع,1,77800
numbered,plain,10535,أفطال,1,77800
numbered,plain,10536,فأخلفتم,1,77800
numbered,plain,10537,موعدي,1,77800
numbered,plain,10538,أخلفنا,1,77800
numbered,plain,10539,موعدك,1,77800
numbered,plain,10540,بملكنا,1,77800
numbered,plain,10541,أوزارا,1,77800
numbered,plain,10542,فقذفناها,1,77800
numbered,plain,10543,فكذلك,1,77800
numbered,plain,10544,نبرح,1,77800
numbered,plain,10545,تتبعن,1,77800
numbered,plain,10546,أفعصيت,1,77800
numbered,plain,10547,تأخذ,1,77800
numbered,plain,10548,بلحيتي,1,77800
numbered,plain,10549,برأسي,1,77800
numbered,plain,10550,خشيت,1,77800
numbered,plain,10551,فرقت,1,77800
numbered,plain,10552,ترقب,1,77800
numbered,plain,10553,خطبك,1,77800
numbered,plain,10554,سامري,1,77800
numbered,plain,10555,بصرت,1,77800
numbered,plain,10556,يبصروا,1,77800
numbered,plain,10557,فقبضت,1,77800
numbered,plain,10558,قبضة,1,77800
numbered,plain,10559,فنبذتها,1,77800
numbered,plain,10560,مساس,1,77800
numbered,plain,10561,تخلفه,1,77800
numbered,plain,10562,ظلت,1,77800
numbered,plain,10563,عاكفا,1,77800
numbered,plain,10564,لنحرقنه,1,77800
numbered,plain,10565,لننسفنه,1,77800
numbered,plain,10566,وزرا,1,77800
numbered,plain,10567,ونحشر,1,77800
numbered,plain,10568,زرقا,1,77800
numbered,plain,10569,أمثلهم,1,77800
numbered,plain,10570,طريقة,1,77800
numbered,plain,10571,ينسفها,1,77800
numbered,plain,10572,فيذرها,1,77800
numbered,plain,10573,قاعا,1,77800
numbered,plain,10574,صفصفا,1,77800
numbered,plain,10575,أمتا,1,77800
numbered,plain,10576,الداعي,1,77800
numbered,plain,10577,وخشعت,1,77800
numbered,plain,10578,همسا,1,77800
numbered,plain,10579,ورضي,1,77800
numbered,plain,10580,وعنت,1,77800
numbered,plain,10581,للحي,1,77800
numbered,plain,10582,هضما,1,77800
numbered,plain,10583,وحيه,1,77800
numbered,plain,10584,زدني,1,77800
numbered,plain,10585,عهدنا,1,77800
numbered,plain,10586,نجد,1,77800
numbered,plain,10587,عزما,1,77800
numbered,plain,10588,ولزوجك,1,77800
numbered,plain,10589,يخرجنكما,1,77800
numbered,plain,10590,فتشقى,1,77800
numbered,plain,10591,تجوع,1,77800
numbered,plain,10592,تعرى,1,77800
numbered,plain,10593,وأنك,1,77800
numbered,plain,10594,تظمأ,1,77800
numbered,plain,10595,تضحى,1,77800
numbered,plain,10596,أدلك,1,77800
numbered,plain,10597,وملك,1,77800
numbered,plain,10598,يبلى,1,77800
numbered,plain,10599,فأكلا,1,77800
numbered,plain,10600,فبدت,1,77800
numbered,plain,10601,فغوى,1,77800
numbered,plain,10602,اهبطا,1,77800
numbered,plain,10603,يشقى,1,77800
numbered,plain,10604,معيشة,1,77800
numbered,plain,10605,ضنكا,1,77800
numbered,plain,10606,ونحشره,1,77800
numbered,plain,10607,حشرتني,1,77800
numbered,plain,10608,أتتك,1,77800
numbered,plain,10609,فنسيتها,1,77800
numbered,plain,10610,أسرف,1,77800
numbered,plain,10611,غروبها,1,77800
numbered,plain,10612,وأطراف,1,77800
numbered,plain,10613,زهرة,1,77800
numbered,plain,10614,نسألك,1,77800
numbered,plain,10615,نرزقك,1,77800
numbered,plain,10616,نذل,1,77800
numbered,plain,10617,ونخزى,1,77800
numbered,plain,10618,متربص,1,77800
numbered,plain,10619,السوي,1,77800
numbered,plain,10620,استمعوه,1,77800
numbered,plain,10621,لاهية,1,77800
numbered,plain,10622,أفتأتون,1,77800
numbered,plain,10623,فليأتنا,1,77800
numbered,plain,10624,صدقناهم,1,77800
numbered,plain,10625,فأنجيناهم,1,77800
numbered,plain,10626,وأهلكنا,1,77800
numbered,plain,10627,ذكركم,1,77800
numbered,plain,10628,قصمنا,1,77800
numbered,plain,10629,أحسوا,1,77800
numbered,plain,10630,يركضون,1,77800
numbered,plain,10631,تركضوا,1,77800
numbered,plain,10632,وارجعوا,1,77800
numbered,plain,10633,أترفتم,1,77800
numbered,plain,10634,ومساكنكم,1,77800
numbered,plain,10635,زالت,1,77800
numbered,plain,10636,خامدين,1,77800
numbered,plain,10637,لاتخذناه,1,77800
numbered,plain,10638,نقذف,1,77800
numbered,plain,10639,فيدمغه,1,77800
numbered,plain,10640,زاهق,1,77800
numbered,plain,10641,الويل,1,77800
numbered,plain,10642,يستحسرون,1,77800
numbered,plain,10643,ينشرون,1,77800
numbered,plain,10644,لفسدتا,1,77800
numbered,plain,10645,يسبقونه,1,77800
numbered,plain,10646,يشفعون,1,77800
numbered,plain,10647,خشيته,1,77800
numbered,plain,10648,يقل,1,77800
numbered,plain,10649,نجزيه,1,77800
numbered,plain,10650,رتقا,1,77800
numbered,plain,10651,ففتقناهما,1,77800
numbered,plain,10652,محفوظا,1,77800
numbered,plain,10653,آياتها,1,77800
numbered,plain,10654,الخالدون,1,77800
numbered,plain,10655,ونبلوكم,1,77800
numbered,plain,10656,والخير,1,77800
numbered,plain,10657,رآك,1,77800
numbered,plain,10658,يكفون,1,77800
numbered,plain,10659,فتبهتهم,1,77800
numbered,plain,10660,ردها,1,77800
numbered,plain,10661,يكلؤكم,1,77800
numbered,plain,10662,تمنعهم,1,77800
numbered,plain,10663,دوننا,1,77800
numbered,plain,10664,يصحبون,1,77800
numbered,plain,10665,طال,1,77800
numbered,plain,10666,أنذركم,1,77800
numbered,plain,10667,بالوحي,1,77800
numbered,plain,10668,ينذرون,1,77800
numbered,plain,10669,نفحة,1,77800
numbered,plain,10670,ونضع,1,77800
numbered,plain,10671,الموازين,1,77800
numbered,plain,10672,القسط,1,77800
numbered,plain,10673,حاسبين,1,77800
numbered,plain,10674,وضياء,1,77800
numbered,plain,10675,وذكرا,1,77800
numbered,plain,10676,أفأنتم,1,77800
numbered,plain,10677,رشده,1,77800
numbered,plain,10678,التماثيل,1,77800
numbered,plain,10679,اللاعبين,1,77800
numbered,plain,10680,فطرهن,1,77800
numbered,plain,10681,وتالله,1,77800
numbered,plain,10682,لأكيدن,1,77800
numbered,plain,10683,أصنامكم,1,77800
numbered,plain,10684,جذاذا,1,77800
numbered,plain,10685,فتى,1,77800
numbered,plain,10686,يذكرهم,1,77800
numbered,plain,10687,فعله,1,77800
numbered,plain,10688,فاسألوهم,1,77800
numbered,plain,10689,فرجعوا,1,77800
numbered,plain,10690,نكسوا,1,77800
numbered,plain,10691,أفتعبدون,1,77800
numbered,plain,10692,وانصروا,1,77800
numbered,plain,10693,كوني,1,77800
numbered,plain,10694,وأرادوا,1,77800
numbered,plain,10695,الأخسرين,1,77800
numbered,plain,10696,تعمل,1,77800
numbered,plain,10697,وأدخلناه,1,77800
numbered,plain,10698,ونصرناه,1,77800
numbered,plain,10699,وداوود,1,77800
numbered,plain,10700,يحكمان,1,77800
numbered,plain,10701,نفشت,1,77800
numbered,plain,10702,غنم,1,77800
numbered,plain,10703,لحكمهم,1,77800
numbered,plain,10704,ففهمناها,1,77800
numbered,plain,10705,وسخرنا,1,77800
numbered,plain,10706,صنعة,1,77800
numbered,plain,10707,لبوس,1,77800
numbered,plain,10708,لتحصنكم,1,77800
numbered,plain,10709,شاكرون,1,77800
numbered,plain,10710,عاصفة,1,77800
numbered,plain,10711,يغوصون,1,77800
numbered,plain,10712,ويعملون,1,77800
numbered,plain,10713,للعابدين,1,77800
numbered,plain,10714,وإدريس,1,77800
numbered,plain,10715,وأدخلناهم,1,77800
numbered,plain,10716,النون,1,77800
numbered,plain,10717,مغاضبا,1,77800
numbered,plain,10718,فظن,1,77800
numbered,plain,10719,نقدر,1,77800
numbered,plain,10720,تذرني,1,77800
numbered,plain,10721,وأصلحنا,1,77800
numbered,plain,10722,زوجه,1,77800
numbered,plain,10723,ويدعوننا,1,77800
numbered,plain,10724,رغبا,1,77800
numbered,plain,10725,ورهبا,1,77800
numbered,plain,10726,وابنها,1,77800
numbered,plain,10727,كفران,1,77800
numbered,plain,10728,لسعيه,1,77800
numbered,plain,10729,كاتبون,1,77800
numbered,plain,10730,وحرام,1,77800
numbered,plain,10731,حدب,1,77800
numbered,plain,10732,شاخصة,1,77800
numbered,plain,10733,أبصار,1,77800
numbered,plain,10734,حصب,1,77800
numbered,plain,10735,واردون,1,77800
numbered,plain,10736,وردوها,1,77800
numbered,plain,10737,مبعدون,1,77800
numbered,plain,10738,حسيسها,1,77800
numbered,plain,10739,اشتهت,1,77800
numbered,plain,10740,يحزنهم,1,77800
numbered,plain,10741,الفزع,1,77800
numbered,plain,10742,وتتلقاهم,1,77800
numbered,plain,10743,نطوي,1,77800
numbered,plain,10744,كطي,1,77800
numbered,plain,10745,السجل,1,77800
numbered,plain,10746,للكتب,1,77800
numbered,plain,10747,بدأنا,1,77800
numbered,plain,10748,نعيده,1,77800
numbered,plain,10749,الزبور,1,77800
numbered,plain,10750,لبلاغا,1,77800
numbered,plain,10751,آذنتكم,1,77800
numbered,plain,10752,زلزلة,1,77800
numbered,plain,10753,تذهل,1,77800
numbered,plain,10754,مرضعة,1,77800
numbered,plain,10755,أرضعت,1,77800
numbered,plain,10756,وتضع,1,77800
numbered,plain,10757,بسكارى,1,77800
numbered,plain,10758,مريد,1,77800
numbered,plain,10759,تولاه,1,77800
numbered,plain,10760,ويهديه,1,77800
numbered,plain,10761,لنبين,1,77800
numbered,plain,10762,ونقر,1,77800
numbered,plain,10763,هامدة,1,77800
numbered,plain,10764,وأنبتت,1,77800
numbered,plain,10765,عطفه,1,77800
numbered,plain,10766,ونذيقه,1,77800
numbered,plain,10767,يداك,1,77800
numbered,plain,10768,حرف,1,77800
numbered,plain,10769,أصابه,1,77800
numbered,plain,10770,اطمأن,1,77800
numbered,plain,10771,أصابته,1,77800
numbered,plain,10772,انقلب,1,77800
numbered,plain,10773,يضره,1,77800
numbered,plain,10774,ينفعه,1,77800
numbered,plain,10775,نفعه,1,77800
numbered,plain,10776,العشير,1,77800
numbered,plain,10777,بسبب,1,77800
numbered,plain,10778,والمجوس,1,77800
numbered,plain,10779,يهن,1,77800
numbered,plain,10780,مكرم,1,77800
numbered,plain,10781,اختصموا,1,77800
numbered,plain,10782,يصب,1,77800
numbered,plain,10783,يصهر,1,77800
numbered,plain,10784,والجلود,1,77800
numbered,plain,10785,مقامع,1,77800
numbered,plain,10786,غم,1,77800
numbered,plain,10787,العاكف,1,77800
numbered,plain,10788,والباد,1,77800
numbered,plain,10789,بإلحاد,1,77800
numbered,plain,10790,وطهر,1,77800
numbered,plain,10791,والقائمين,1,77800
numbered,plain,10792,وأذن,1,77800
numbered,plain,10793,بالحج,1,77800
numbered,plain,10794,ضامر,1,77800
numbered,plain,10795,فج,1,77800
numbered,plain,10796,عميق,1,77800
numbered,plain,10797,ليشهدوا,1,77800
numbered,plain,10798,ويذكروا,1,77800
numbered,plain,10799,البائس,1,77800
numbered,plain,10800,الفقير,1,77800
numbered,plain,10801,ليقضوا,1,77800
numbered,plain,10802,تفثهم,1,77800
numbered,plain,10803,وليوفوا,1,77800
numbered,plain,10804,نذورهم,1,77800
numbered,plain,10805,وليطوفوا,1,77800
numbered,plain,10806,بالبيت,1,77800
numbered,plain,10807,حرمات,1,77800
numbered,plain,10808,وأحلت,1,77800
numbered,plain,10809,فاجتنبوا,1,77800
numbered,plain,10810,الأوثان,1,77800
numbered,plain,10811,فتخطفه,1,77800
numbered,plain,10812,سحيق,1,77800
numbered,plain,10813,محلها,1,77800
numbered,plain,10814,فإلهكم,1,77800
numbered,plain,10815,المخبتين,1,77800
numbered,plain,10816,والمقيمي,1,77800
numbered,plain,10817,والبدن,1,77800
numbered,plain,10818,صواف,1,77800
numbered,plain,10819,وجبت,1,77800
numbered,plain,10820,جنوبها,1,77800
numbered,plain,10821,القانع,1,77800
numbered,plain,10822,والمعتر,1,77800
numbered,plain,10823,سخرناها,1,77800
numbered,plain,10824,لحومها,1,77800
numbered,plain,10825,دماؤها,1,77800
numbered,plain,10826,يناله,1,77800
numbered,plain,10827,لتكبروا,1,77800
numbered,plain,10828,يدافع,1,77800
numbered,plain,10829,خوان,1,77800
numbered,plain,10830,لقدير,1,77800
numbered,plain,10831,لهدمت,1,77800
numbered,plain,10832,صوامع,1,77800
numbered,plain,10833,وبيع,1,77800
numbered,plain,10834,ومساجد,1,77800
numbered,plain,10835,ولينصرن,1,77800
numbered,plain,10836,وأمروا,1,77800
numbered,plain,10837,ونهوا,1,77800
numbered,plain,10838,فكأين,1,77800
numbered,plain,10839,وبئر,1,77800
numbered,plain,10840,معطلة,1,77800
numbered,plain,10841,وقصر,1,77800
numbered,plain,10842,مشيد,1,77800
numbered,plain,10843,كألف,1,77800
numbered,plain,10844,أمليت,1,77800
numbered,plain,10845,أخذتها,1,77800
numbered,plain,10846,وإلي,1,77800
numbered,plain,10847,أمنيته,1,77800
numbered,plain,10848,فينسخ,1,77800
numbered,plain,10849,والقاسية,1,77800
numbered,plain,10850,فيؤمنوا,1,77800
numbered,plain,10851,فتخبت,1,77800
numbered,plain,10852,لهاد,1,77800
numbered,plain,10853,ليرزقنهم,1,77800
numbered,plain,10854,ليدخلنهم,1,77800
numbered,plain,10855,يرضونه,1,77800
numbered,plain,10856,لعليم,1,77800
numbered,plain,10857,عاقب,1,77800
numbered,plain,10858,عوقب,1,77800
numbered,plain,10859,بغي,1,77800
numbered,plain,10860,لينصرنه,1,77800
numbered,plain,10861,مخضرة,1,77800
numbered,plain,10862,ويمسك,1,77800
numbered,plain,10863,تقع,1,77800
numbered,plain,10864,أحياكم,1,77800
numbered,plain,10865,ناسكوه,1,77800
numbered,plain,10866,ينازعنك,1,77800
numbered,plain,10867,جادلوك,1,77800
numbered,plain,10868,يسطون,1,77800
numbered,plain,10869,أفأنبئكم,1,77800
numbered,plain,10870,يخلقوا,1,77800
numbered,plain,10871,ذبابا,1,77800
numbered,plain,10872,اجتمعوا,1,77800
numbered,plain,10873,يسلبهم,1,77800
numbered,plain,10874,الذباب,1,77800
numbered,plain,10875,يستنقذوه,1,77800
numbered,plain,10876,الطالب,1,77800
numbered,plain,10877,والمطلوب,1,77800
numbered,plain,10878,يصطفي,1,77800
numbered,plain,10879,وافعلوا,1,77800
numbered,plain,10880,جهاده,1,77800
numbered,plain,10881,اجتباكم,1,77800
numbered,plain,10882,سماكم,1,77800
numbered,plain,10883,خاشعون,1,77800
numbered,plain,10884,للزكاة,1,77800
numbered,plain,10885,فاعلون,1,77800
numbered,plain,10886,صلواتهم,1,77800
numbered,plain,10887,النطفة,1,77800
numbered,plain,10888,العلقة,1,77800
numbered,plain,10889,المضغة,1,77800
numbered,plain,10890,فكسونا,1,77800
numbered,plain,10891,أنشأناه,1,77800
numbered,plain,10892,لميتون,1,77800
numbered,plain,10893,تبعثون,1,77800
numbered,plain,10894,فأسكناه,1,77800
numbered,plain,10895,ذهاب,1,77800
numbered,plain,10896,فأنشأنا,1,77800
numbered,plain,10897,وشجرة,1,77800
numbered,plain,10898,طور,1,77800
numbered,plain,10899,سيناء,1,77800
numbered,plain,10900,بالدهن,1,77800
numbered,plain,10901,وصبغ,1,77800
numbered,plain,10902,للآكلين,1,77800
numbered,plain,10903,يتفضل,1,77800
numbered,plain,10904,اصنع,1,77800
numbered,plain,10905,فاسلك,1,77800
numbered,plain,10906,استويت,1,77800
numbered,plain,10907,أنزلني,1,77800
numbered,plain,10908,منزلا,1,77800
numbered,plain,10909,لمبتلين,1,77800
numbered,plain,10910,وأترفناهم,1,77800
numbered,plain,10911,ويشرب,1,77800
numbered,plain,10912,أطعتم,1,77800
numbered,plain,10913,أيعدكم,1,77800
numbered,plain,10914,مخرجون,1,77800
numbered,plain,10915,ليصبحن,1,77800
numbered,plain,10916,تترى,1,77800
numbered,plain,10917,رسولها,1,77800
numbered,plain,10918,كذبوه,1,77800
numbered,plain,10919,فأتبعنا,1,77800
numbered,plain,10920,عالين,1,77800
numbered,plain,10921,لبشرين,1,77800
numbered,plain,10922,المهلكين,1,77800
numbered,plain,10923,وآويناهما,1,77800
numbered,plain,10924,ربوة,1,77800
numbered,plain,10925,ومعين,1,77800
numbered,plain,10926,فتقطعوا,1,77800
numbered,plain,10927,زبرا,1,77800
numbered,plain,10928,غمرتهم,1,77800
numbered,plain,10929,أيحسبون,1,77800
numbered,plain,10930,نمدهم,1,77800
numbered,plain,10931,نسارع,1,77800
numbered,plain,10932,آتوا,1,77800
numbered,plain,10933,وجلة,1,77800
numbered,plain,10934,سابقون,1,77800
numbered,plain,10935,أعمال,1,77800
numbered,plain,10936,مترفيهم,1,77800
numbered,plain,10937,يجأرون,1,77800
numbered,plain,10938,تجأروا,1,77800
numbered,plain,10939,تنكصون,1,77800
numbered,plain,10940,مستكبرين,1,77800
numbered,plain,10941,سامرا,1,77800
numbered,plain,10942,تهجرون,1,77800
numbered,plain,10943,يدبروا,1,77800
numbered,plain,10944,يعرفوا,1,77800
numbered,plain,10945,بذكرهم,1,77800
numbered,plain,10946,ذكرهم,1,77800
numbered,plain,10947,فخراج,1,77800
numbered,plain,10948,لتدعوهم,1,77800
numbered,plain,10949,لناكبون,1,77800
numbered,plain,10950,رحمناهم,1,77800
numbered,plain,10951,وكشفنا,1,77800
numbered,plain,10952,للجوا,1,77800
numbered,plain,10953,يجار,1,77800
numbered,plain,10954,تسحرون,1,77800
numbered,plain,10955,ولعلا,1,77800
numbered,plain,10956,تريني,1,77800
numbered,plain,10957,نريك,1,77800
numbered,plain,10958,همزات,1,77800
numbered,plain,10959,وأعوذ,1,77800
numbered,plain,10960,يحضرون,1,77800
numbered,plain,10961,ارجعون,1,77800
numbered,plain,10962,قائلها,1,77800
numbered,plain,10963,أنساب,1,77800
numbered,plain,10964,تلفح,1,77800
numbered,plain,10965,كالحون,1,77800
numbered,plain,10966,شقوتنا,1,77800
numbered,plain,10967,اخسئوا,1,77800
numbered,plain,10968,تكلمون,1,77800
numbered,plain,10969,فاتخذتموهم,1,77800
numbered,plain,10970,أنسوكم,1,77800
numbered,plain,10971,تضحكون,1,77800
numbered,plain,10972,جزيتهم,1,77800
numbered,plain,10973,العادين,1,77800
numbered,plain,10974,أفحسبتم,1,77800
numbered,plain,10975,عبثا,1,77800
numbered,plain,10976,وأنكم,1,77800
numbered,plain,10977,وارحم,1,77800
numbered,plain,10978,أنزلناها,1,77800
numbered,plain,10979,وفرضناها,1,77800
numbered,plain,10980,الزانية,1,77800
numbered,plain,10981,والزاني,1,77800
numbered,plain,10982,فاجلدوا,1,77800
numbered,plain,10983,تأخذكم,1,77800
numbered,plain,10984,وليشهد,1,77800
numbered,plain,10985,عذابهما,1,77800
numbered,plain,10986,الزاني,1,77800
numbered,plain,10987,زانية,1,77800
numbered,plain,10988,والزانية,1,77800
numbered,plain,10989,ينكحها,1,77800
numbered,plain,10990,زان,1,77800
numbered,plain,10991,فاجلدوهم,1,77800
numbered,plain,10992,ثمانين,1,77800
numbered,plain,10993,تقبلوا,1,77800
numbered,plain,10994,فشهادة,1,77800
numbered,plain,10995,ويدرأ,1,77800
numbered,plain,10996,بالإفك,1,77800
numbered,plain,10997,تحسبوه,1,77800
numbered,plain,10998,اكتسب,1,77800
numbered,plain,10999,كبره,1,77800
numbered,plain,11000,بالشهداء,1,77800
numbered,plain,11001,تلقونه,1,77800
numbered,plain,11002,بألسنتكم,1,77800
numbered,plain,11003,وتقولون,1,77800
numbered,plain,11004,وتحسبونه,1,77800
numbered,plain,11005,هينا,1,77800
numbered,plain,11006,نتكلم,1,77800
numbered,plain,11007,بهتان,1,77800
numbered,plain,11008,لمثله,1,77800
numbered,plain,11009,تشيع,1,77800
numbered,plain,11010,زكى,1,77800
numbered,plain,11011,يأتل,1,77800
numbered,plain,11012,والسعة,1,77800
numbered,plain,11013,يؤتوا,1,77800
numbered,plain,11014,وليعفوا,1,77800
numbered,plain,11015,وليصفحوا,1,77800
numbered,plain,11016,الغافلات,1,77800
numbered,plain,11017,لعنوا,1,77800
numbered,plain,11018,وأيديهم,1,77800
numbered,plain,11019,يوفيهم,1,77800
numbered,plain,11020,الخبيثات,1,77800
numbered,plain,11021,للخبيثين,1,77800
numbered,plain,11022,والخبيثون,1,77800
numbered,plain,11023,للخبيثات,1,77800
numbered,plain,11024,للطيبين,1,77800
numbered,plain,11025,والطيبون,1,77800
numbered,plain,11026,للطيبات,1,77800
numbered,plain,11027,مبرءون,1,77800
numbered,plain,11028,تستأنسوا,1,77800
numbered,plain,11029,وتسلموا,1,77800
numbered,plain,11030,تدخلوها,1,77800
numbered,plain,11031,مسكونة,1,77800
numbered,plain,11032,يغضوا,1,77800
numbered,plain,11033,ويحفظوا,1,77800
numbered,plain,11034,للمؤمنات,1,77800
numbered,plain,11035,يغضضن,1,77800
numbered,plain,11036,أبصارهن,1,77800
numbered,plain,11037,ويحفظن,1,77800
numbered,plain,11038,فروجهن,1,77800
numbered,plain,11039,وليضربن,1,77800
numbered,plain,11040,بخمرهن,1,77800
numbered,plain,11041,جيوبهن,1,77800
numbered,plain,11042,لبعولتهن,1,77800
numbered,plain,11043,آباء,1,77800
numbered,plain,11044,التابعين,1,77800
numbered,plain,11045,الإربة,1,77800
numbered,plain,11046,الطفل,1,77800
numbered,plain,11047,يضربن,1,77800
numbered,plain,11048,بأرجلهن,1,77800
numbered,plain,11049,يخفين,1,77800
numbered,plain,11050,وتوبوا,1,77800
numbered,plain,11051,وأنكحوا,1,77800
numbered,plain,11052,الأيامى,1,77800
numbered,plain,11053,عبادكم,1,77800
numbered,plain,11054,وإمائكم,1,77800
numbered,plain,11055,فقراء,1,77800
numbered,plain,11056,يغنهم,1,77800
numbered,plain,11057,وليستعفف,1,77800
numbered,plain,11058,يغنيهم,1,77800
numbered,plain,11059,فكاتبوهم,1,77800
numbered,plain,11060,البغاء,1,77800
numbered,plain,11061,أردن,1,77800
numbered,plain,11062,تحصنا,1,77800
numbered,plain,11063,يكرههن,1,77800
numbered,plain,11064,إكراههن,1,77800
numbered,plain,11065,كمشكاة,1,77800
numbered,plain,11066,مصباح,1,77800
numbered,plain,11067,المصباح,1,77800
numbered,plain,11068,زجاجة,1,77800
numbered,plain,11069,الزجاجة,1,77800
numbered,plain,11070,كوكب,1,77800
numbered,plain,11071,دري,1,77800
numbered,plain,11072,يوقد,1,77800
numbered,plain,11073,زيتونة,1,77800
numbered,plain,11074,شرقية,1,77800
numbered,plain,11075,غربية,1,77800
numbered,plain,11076,زيتها,1,77800
numbered,plain,11077,يضيء,1,77800
numbered,plain,11078,تمسسه,1,77800
numbered,plain,11079,لنوره,1,77800
numbered,plain,11080,ترفع,1,77800
numbered,plain,11081,ويذكر,1,77800
numbered,plain,11082,تلهيهم,1,77800
numbered,plain,11083,تتقلب,1,77800
numbered,plain,11084,كسراب,1,77800
numbered,plain,11085,بقيعة,1,77800
numbered,plain,11086,يحسبه,1,77800
numbered,plain,11087,الظمآن,1,77800
numbered,plain,11088,يجده,1,77800
numbered,plain,11089,فوفاه,1,77800
numbered,plain,11090,كظلمات,1,77800
numbered,plain,11091,بحر,1,77800
numbered,plain,11092,لجي,1,77800
numbered,plain,11093,يغشاه,1,77800
numbered,plain,11094,يكد,1,77800
numbered,plain,11095,يراها,1,77800
numbered,plain,11096,صلاته,1,77800
numbered,plain,11097,وتسبيحه,1,77800
numbered,plain,11098,يؤلف,1,77800
numbered,plain,11099,ركاما,1,77800
numbered,plain,11100,برد,1,77800
numbered,plain,11101,ويصرفه,1,77800
numbered,plain,11102,سنا,1,77800
numbered,plain,11103,برقه,1,77800
numbered,plain,11104,يذهب,1,77800
numbered,plain,11105,بالأبصار,1,77800
numbered,plain,11106,وبالرسول,1,77800
numbered,plain,11107,مذعنين,1,77800
numbered,plain,11108,ارتابوا,1,77800
numbered,plain,11109,يحيف,1,77800
numbered,plain,11110,ويخش,1,77800
numbered,plain,11111,ويتقه,1,77800
numbered,plain,11112,أمرتهم,1,77800
numbered,plain,11113,تقسموا,1,77800
numbered,plain,11114,معروفة,1,77800
numbered,plain,11115,وعليكم,1,77800
numbered,plain,11116,حملتم,1,77800
numbered,plain,11117,تطيعوه,1,77800
numbered,plain,11118,ليستخلفنهم,1,77800
numbered,plain,11119,استخلف,1,77800
numbered,plain,11120,وليمكنن,1,77800
numbered,plain,11121,وليبدلنهم,1,77800
numbered,plain,11122,خوفهم,1,77800
numbered,plain,11123,أمنا,1,77800
numbered,plain,11124,يعبدونني,1,77800
numbered,plain,11125,ليستأذنكم,1,77800
numbered,plain,11126,يبلغوا,1,77800
numbered,plain,11127,مرات,1,77800
numbered,plain,11128,تضعون,1,77800
numbered,plain,11129,ثيابكم,1,77800
numbered,plain,11130,الظهيرة,1,77800
numbered,plain,11131,العشاء,1,77800
numbered,plain,11132,بعدهن,1,77800
numbered,plain,11133,طوافون,1,77800
numbered,plain,11134,الأطفال,1,77800
numbered,plain,11135,فليستأذنوا,1,77800
numbered,plain,11136,استأذن,1,77800
numbered,plain,11137,والقواعد,1,77800
numbered,plain,11138,ثيابهن,1,77800
numbered,plain,11139,متبرجات,1,77800
numbered,plain,11140,يستعففن,1,77800
numbered,plain,11141,إخوانكم,1,77800
numbered,plain,11142,أخواتكم,1,77800
numbered,plain,11143,أعمامكم,1,77800
numbered,plain,11144,عماتكم,1,77800
numbered,plain,11145,أخوالكم,1,77800
numbered,plain,11146,خالاتكم,1,77800
numbered,plain,11147,ملكتم,1,77800
numbered,plain,11148,صديقكم,1,77800
numbered,plain,11149,فسلموا,1,77800
numbered,plain,11150,يستأذنوه,1,77800
numbered,plain,11151,استأذنوك,1,77800
numbered,plain,11152,شأنهم,1,77800
numbered,plain,11153,كدعاء,1,77800
numbered,plain,11154,يتسللون,1,77800
numbered,plain,11155,لواذا,1,77800
numbered,plain,11156,فليحذر,1,77800
numbered,plain,11157,يخالفون,1,77800
numbered,plain,11158,موتا,1,77800
numbered,plain,11159,وأعانه,1,77800
numbered,plain,11160,آخرون,1,77800
numbered,plain,11161,اكتتبها,1,77800
numbered,plain,11162,تملى,1,77800
numbered,plain,11163,ويمشي,1,77800
numbered,plain,11164,رأتهم,1,77800
numbered,plain,11165,تغيظا,1,77800
numbered,plain,11166,وزفيرا,1,77800
numbered,plain,11167,ومصيرا,1,77800
numbered,plain,11168,أضللتم,1,77800
numbered,plain,11169,متعتهم,1,77800
numbered,plain,11170,كذبوكم,1,77800
numbered,plain,11171,تستطيعون,1,77800
numbered,plain,11172,صرفا,1,77800
numbered,plain,11173,ويمشون,1,77800
numbered,plain,11174,أتصبرون,1,77800
numbered,plain,11175,حجرا,1,77800
numbered,plain,11176,وقدمنا,1,77800
numbered,plain,11177,مقيلا,1,77800
numbered,plain,11178,بالغمام,1,77800
numbered,plain,11179,ونزل,1,77800
numbered,plain,11180,عسيرا,1,77800
numbered,plain,11181,يعض,1,77800
numbered,plain,11182,فلانا,1,77800
numbered,plain,11183,أضلني,1,77800
numbered,plain,11184,خذولا,1,77800
numbered,plain,11185,مهجورا,1,77800
numbered,plain,11186,هاديا,1,77800
numbered,plain,11187,ونصيرا,1,77800
numbered,plain,11188,جملة,1,77800
numbered,plain,11189,لنثبت,1,77800
numbered,plain,11190,ورتلناه,1,77800
numbered,plain,11191,يأتونك,1,77800
numbered,plain,11192,تفسيرا,1,77800
numbered,plain,11193,فدمرناهم,1,77800
numbered,plain,11194,أغرقناهم,1,77800
numbered,plain,11195,وقرونا,1,77800
numbered,plain,11196,تبرنا,1,77800
numbered,plain,11197,أمطرت,1,77800
numbered,plain,11198,رأوك,1,77800
numbered,plain,11199,ليضلنا,1,77800
numbered,plain,11200,تحسب,1,77800
numbered,plain,11201,لجعله,1,77800
numbered,plain,11202,ساكنا,1,77800
numbered,plain,11203,دليلا,1,77800
numbered,plain,11204,قبضناه,1,77800
numbered,plain,11205,قبضا,1,77800
numbered,plain,11206,والنوم,1,77800
numbered,plain,11207,لنحيي,1,77800
numbered,plain,11208,ونسقيه,1,77800
numbered,plain,11209,وأناسي,1,77800
numbered,plain,11210,صرفناه,1,77800
numbered,plain,11211,لبعثنا,1,77800
numbered,plain,11212,وجاهدهم,1,77800
numbered,plain,11213,برزخا,1,77800
numbered,plain,11214,وحجرا,1,77800
numbered,plain,11215,وصهرا,1,77800
numbered,plain,11216,أنسجد,1,77800
numbered,plain,11217,تأمرنا,1,77800
numbered,plain,11218,وزادهم,1,77800
numbered,plain,11219,وقمرا,1,77800
numbered,plain,11220,خلفة,1,77800
numbered,plain,11221,وعباد,1,77800
numbered,plain,11222,هونا,1,77800
numbered,plain,11223,خاطبهم,1,77800
numbered,plain,11224,وقياما,1,77800
numbered,plain,11225,اصرف,1,77800
numbered,plain,11226,غراما,1,77800
numbered,plain,11227,ساءت,1,77800
numbered,plain,11228,يسرفوا,1,77800
numbered,plain,11229,يقتروا,1,77800
numbered,plain,11230,قواما,1,77800
numbered,plain,11231,يزنون,1,77800
numbered,plain,11232,يلق,1,77800
numbered,plain,11233,أثاما,1,77800
numbered,plain,11234,ويخلد,1,77800
numbered,plain,11235,مهانا,1,77800
numbered,plain,11236,حسنات,1,77800
numbered,plain,11237,متابا,1,77800
numbered,plain,11238,يخروا,1,77800
numbered,plain,11239,صما,1,77800
numbered,plain,11240,وعميانا,1,77800
numbered,plain,11241,وذرياتنا,1,77800
numbered,plain,11242,الغرفة,1,77800
numbered,plain,11243,ويلقون,1,77800
numbered,plain,11244,حسنت,1,77800
numbered,plain,11245,يعبأ,1,77800
numbered,plain,11246,دعاؤكم,1,77800
numbered,plain,11247,فظلت,1,77800
numbered,plain,11248,خاضعين,1,77800
numbered,plain,11249,فسيأتيهم,1,77800
numbered,plain,11250,أنبتنا,1,77800
numbered,plain,11251,ويضيق,1,77800
numbered,plain,11252,ينطلق,1,77800
numbered,plain,11253,فاذهبا,1,77800
numbered,plain,11254,مستمعون,1,77800
numbered,plain,11255,فأتيا,1,77800
numbered,plain,11256,نربك,1,77800
numbered,plain,11257,وليدا,1,77800
numbered,plain,11258,ولبثت,1,77800
numbered,plain,11259,عمرك,1,77800
numbered,plain,11260,وفعلت,1,77800
numbered,plain,11261,فعلتك,1,77800
numbered,plain,11262,فعلتها,1,77800
numbered,plain,11263,ففررت,1,77800
numbered,plain,11264,خفتكم,1,77800
numbered,plain,11265,فوهب,1,77800
numbered,plain,11266,تمنها,1,77800
numbered,plain,11267,عبدت,1,77800
numbered,plain,11268,تستمعون,1,77800
numbered,plain,11269,لأجعلنك,1,77800
numbered,plain,11270,المسجونين,1,77800
numbered,plain,11271,جئتك,1,77800
numbered,plain,11272,للملإ,1,77800
numbered,plain,11273,بسحره,1,77800
numbered,plain,11274,سحار,1,77800
numbered,plain,11275,لميقات,1,77800
numbered,plain,11276,مجتمعون,1,77800
numbered,plain,11277,لعلنا,1,77800
numbered,plain,11278,بعزة,1,77800
numbered,plain,11279,فلسوف,1,77800
numbered,plain,11280,ضير,1,77800
numbered,plain,11281,نطمع,1,77800
numbered,plain,11282,لشرذمة,1,77800
numbered,plain,11283,قليلون,1,77800
numbered,plain,11284,لغائظون,1,77800
numbered,plain,11285,لجميع,1,77800
numbered,plain,11286,حاذرون,1,77800
numbered,plain,11287,فأخرجناهم,1,77800
numbered,plain,11288,وكنوز,1,77800
numbered,plain,11289,فأتبعوهم,1,77800
numbered,plain,11290,تراءى,1,77800
numbered,plain,11291,لمدركون,1,77800
numbered,plain,11292,فانفلق,1,77800
numbered,plain,11293,فرق,1,77800
numbered,plain,11294,كالطود,1,77800
numbered,plain,11295,وأزلفنا,1,77800
numbered,plain,11296,فنظل,1,77800
numbered,plain,11297,يسمعونكم,1,77800
numbered,plain,11298,ينفعونكم,1,77800
numbered,plain,11299,يضرون,1,77800
numbered,plain,11300,الأقدمون,1,77800
numbered,plain,11301,خلقني,1,77800
numbered,plain,11302,يطعمني,1,77800
numbered,plain,11303,ويسقين,1,77800
numbered,plain,11304,مرضت,1,77800
numbered,plain,11305,يشفين,1,77800
numbered,plain,11306,يميتني,1,77800
numbered,plain,11307,يحيين,1,77800
numbered,plain,11308,أطمع,1,77800
numbered,plain,11309,خطيئتي,1,77800
numbered,plain,11310,واجعلني,1,77800
numbered,plain,11311,ورثة,1,77800
numbered,plain,11312,لأبي,1,77800
numbered,plain,11313,تخزني,1,77800
numbered,plain,11314,بنون,1,77800
numbered,plain,11315,للغاوين,1,77800
numbered,plain,11316,ينصرونكم,1,77800
numbered,plain,11317,فكبكبوا,1,77800
numbered,plain,11318,والغاوون,1,77800
numbered,plain,11319,وجنود,1,77800
numbered,plain,11320,نسويكم,1,77800
numbered,plain,11321,أضلنا,1,77800
numbered,plain,11322,شافعين,1,77800
numbered,plain,11323,صديق,1,77800
numbered,plain,11324,فنكون,1,77800
numbered,plain,11325,واتبعك,1,77800
numbered,plain,11326,الأرذلون,1,77800
numbered,plain,11327,علمي,1,77800
numbered,plain,11328,المرجومين,1,77800
numbered,plain,11329,فافتح,1,77800
numbered,plain,11330,أتبنون,1,77800
numbered,plain,11331,ريع,1,77800
numbered,plain,11332,تعبثون,1,77800
numbered,plain,11333,وتتخذون,1,77800
numbered,plain,11334,مصانع,1,77800
numbered,plain,11335,تخلدون,1,77800
numbered,plain,11336,بأنعام,1,77800
numbered,plain,11337,أوعظت,1,77800
numbered,plain,11338,الواعظين,1,77800
numbered,plain,11339,أتتركون,1,77800
numbered,plain,11340,هضيم,1,77800
numbered,plain,11341,فارهين,1,77800
numbered,plain,11342,الذكران,1,77800
numbered,plain,11343,عادون,1,77800
numbered,plain,11344,المخرجين,1,77800
numbered,plain,11345,لعملكم,1,77800
numbered,plain,11346,القالين,1,77800
numbered,plain,11347,وأهلي,1,77800
numbered,plain,11348,المخسرين,1,77800
numbered,plain,11349,والجبلة,1,77800
numbered,plain,11350,نظنك,1,77800
numbered,plain,11351,فأسقط,1,77800
numbered,plain,11352,الظلة,1,77800
numbered,plain,11353,لتنزيل,1,77800
numbered,plain,11354,علماء,1,77800
numbered,plain,11355,نزلناه,1,77800
numbered,plain,11356,الأعجمين,1,77800
numbered,plain,11357,فقرأه,1,77800
numbered,plain,11358,سلكناه,1,77800
numbered,plain,11359,فيأتيهم,1,77800
numbered,plain,11360,منظرون,1,77800
numbered,plain,11361,متعناهم,1,77800
numbered,plain,11362,يمتعون,1,77800
numbered,plain,11363,منذرون,1,77800
numbered,plain,11364,تنزلت,1,77800
numbered,plain,11365,لمعزولون,1,77800
numbered,plain,11366,المعذبين,1,77800
numbered,plain,11367,عشيرتك,1,77800
numbered,plain,11368,الأقربين,1,77800
numbered,plain,11369,عصوك,1,77800
numbered,plain,11370,يراك,1,77800
numbered,plain,11371,وتقلبك,1,77800
numbered,plain,11372,كاذبون,1,77800
numbered,plain,11373,والشعراء,1,77800
numbered,plain,11374,يتبعهم,1,77800
numbered,plain,11375,الغاوون,1,77800
numbered,plain,11376,يهيمون,1,77800
numbered,plain,11377,وذكروا,1,77800
numbered,plain,11378,وانتصروا,1,77800
numbered,plain,11379,منقلب,1,77800
numbered,plain,11380,ينقلبون,1,77800
numbered,plain,11381,طس,1,77800
numbered,plain,11382,لتلقى,1,77800
numbered,plain,11383,سآتيكم,1,77800
numbered,plain,11384,بشهاب,1,77800
numbered,plain,11385,قبس,1,77800
numbered,plain,11386,بورك,1,77800
numbered,plain,11387,بدل,1,77800
numbered,plain,11388,وجحدوا,1,77800
numbered,plain,11389,واستيقنتها,1,77800
numbered,plain,11390,وعلوا,1,77800
numbered,plain,11391,وقالا,1,77800
numbered,plain,11392,وورث,1,77800
numbered,plain,11393,منطق,1,77800
numbered,plain,11394,وحشر,1,77800
numbered,plain,11395,لسليمان,1,77800
numbered,plain,11396,جنوده,1,77800
numbered,plain,11397,نملة,1,77800
numbered,plain,11398,مساكنكم,1,77800
numbered,plain,11399,يحطمنكم,1,77800
numbered,plain,11400,فتبسم,1,77800
numbered,plain,11401,ضاحكا,1,77800
numbered,plain,11402,قولها,1,77800
numbered,plain,11403,وأدخلني,1,77800
numbered,plain,11404,وتفقد,1,77800
numbered,plain,11405,الهدهد,1,77800
numbered,plain,11406,الغائبين,1,77800
numbered,plain,11407,لأعذبنه,1,77800
numbered,plain,11408,لأذبحنه,1,77800
numbered,plain,11409,ليأتيني,1,77800
numbered,plain,11410,فمكث,1,77800
numbered,plain,11411,أحطت,1,77800
numbered,plain,11412,وجئتك,1,77800
numbered,plain,11413,سبإ,1,77800
numbered,plain,11414,يقين,1,77800
numbered,plain,11415,وجدت,1,77800
numbered,plain,11416,تملكهم,1,77800
numbered,plain,11417,وأوتيت,1,77800
numbered,plain,11418,وجدتها,1,77800
numbered,plain,11419,وقومها,1,77800
numbered,plain,11420,يسجدوا,1,77800
numbered,plain,11421,الخبء,1,77800
numbered,plain,11422,سننظر,1,77800
numbered,plain,11423,أصدقت,1,77800
numbered,plain,11424,بكتابي,1,77800
numbered,plain,11425,فألقه,1,77800
numbered,plain,11426,تول,1,77800
numbered,plain,11427,قاطعة,1,77800
numbered,plain,11428,فانظري,1,77800
numbered,plain,11429,تأمرين,1,77800
numbered,plain,11430,الملوك,1,77800
numbered,plain,11431,أفسدوها,1,77800
numbered,plain,11432,مرسلة,1,77800
numbered,plain,11433,بهدية,1,77800
numbered,plain,11434,فناظرة,1,77800
numbered,plain,11435,بم,1,77800
numbered,plain,11436,أتمدونن,1,77800
numbered,plain,11437,بمال,1,77800
numbered,plain,11438,بهديتكم,1,77800
numbered,plain,11439,فلنأتينهم,1,77800
numbered,plain,11440,ولنخرجنهم,1,77800
numbered,plain,11441,بعرشها,1,77800
numbered,plain,11442,يأتوني,1,77800
numbered,plain,11443,عفريت,1,77800
numbered,plain,11444,مقامك,1,77800
numbered,plain,11445,طرفك,1,77800
numbered,plain,11446,ليبلوني,1,77800
numbered,plain,11447,أأشكر,1,77800
numbered,plain,11448,أكفر,1,77800
numbered,plain,11449,نكروا,1,77800
numbered,plain,11450,عرشها,1,77800
numbered,plain,11451,ننظر,1,77800
numbered,plain,11452,أتهتدي,1,77800
numbered,plain,11453,أهكذا,1,77800
numbered,plain,11454,عرشك,1,77800
numbered,plain,11455,وصدها,1,77800
numbered,plain,11456,ادخلي,1,77800
numbered,plain,11457,الصرح,1,77800
numbered,plain,11458,رأته,1,77800
numbered,plain,11459,حسبته,1,77800
numbered,plain,11460,لجة,1,77800
numbered,plain,11461,وكشفت,1,77800
numbered,plain,11462,ساقيها,1,77800
numbered,plain,11463,صرح,1,77800
numbered,plain,11464,ممرد,1,77800
numbered,plain,11465,وأسلمت,1,77800
numbered,plain,11466,فريقان,1,77800
numbered,plain,11467,تستغفرون,1,77800
numbered,plain,11468,اطيرنا,1,77800
numbered,plain,11469,وبمن,1,77800
numbered,plain,11470,تفتنون,1,77800
numbered,plain,11471,رهط,1,77800
numbered,plain,11472,تقاسموا,1,77800
numbered,plain,11473,لنبيتنه,1,77800
numbered,plain,11474,لنقولن,1,77800
numbered,plain,11475,ومكرنا,1,77800
numbered,plain,11476,دمرناهم,1,77800
numbered,plain,11477,وقومهم,1,77800
numbered,plain,11478,قدرناها,1,77800
numbered,plain,11479,بهجة,1,77800
numbered,plain,11480,تنبتوا,1,77800
numbered,plain,11481,شجرها,1,77800
numbered,plain,11482,حاجزا,1,77800
numbered,plain,11483,يجيب,1,77800
numbered,plain,11484,المضطر,1,77800
numbered,plain,11485,دعاه,1,77800
numbered,plain,11486,ويكشف,1,77800
numbered,plain,11487,ويجعلكم,1,77800
numbered,plain,11488,يهديكم,1,77800
numbered,plain,11489,ادارك,1,77800
numbered,plain,11490,علمهم,1,77800
numbered,plain,11491,عمون,1,77800
numbered,plain,11492,لمخرجون,1,77800
numbered,plain,11493,ردف,1,77800
numbered,plain,11494,غائبة,1,77800
numbered,plain,11495,بحكمه,1,77800
numbered,plain,11496,بهادي,1,77800
numbered,plain,11497,تكلمهم,1,77800
numbered,plain,11498,فوجا,1,77800
numbered,plain,11499,أكذبتم,1,77800
numbered,plain,11500,تحيطوا,1,77800
numbered,plain,11501,أماذا,1,77800
numbered,plain,11502,ووقع,1,77800
numbered,plain,11503,ليسكنوا,1,77800
numbered,plain,11504,أتوه,1,77800
numbered,plain,11505,تحسبها,1,77800
numbered,plain,11506,جامدة,1,77800
numbered,plain,11507,تمر,1,77800
numbered,plain,11508,صنع,1,77800
numbered,plain,11509,أتقن,1,77800
numbered,plain,11510,فكبت,1,77800
numbered,plain,11511,البلدة,1,77800
numbered,plain,11512,حرمها,1,77800
numbered,plain,11513,أتلو,1,77800
numbered,plain,11514,سيريكم,1,77800
numbered,plain,11515,فتعرفونها,1,77800
numbered,plain,11516,نتلو,1,77800
numbered,plain,11517,علا,1,77800
numbered,plain,11518,يستضعف,1,77800
numbered,plain,11519,يذبح,1,77800
numbered,plain,11520,ويستحيي,1,77800
numbered,plain,11521,ونريد,1,77800
numbered,plain,11522,نمن,1,77800
numbered,plain,11523,ونمكن,1,77800
numbered,plain,11524,ونري,1,77800
numbered,plain,11525,أرضعيه,1,77800
numbered,plain,11526,فألقيه,1,77800
numbered,plain,11527,تخافي,1,77800
numbered,plain,11528,رادوه,1,77800
numbered,plain,11529,وجاعلوه,1,77800
numbered,plain,11530,فالتقطه,1,77800
numbered,plain,11531,وحزنا,1,77800
numbered,plain,11532,قرت,1,77800
numbered,plain,11533,ولك,1,77800
numbered,plain,11534,تقتلوه,1,77800
numbered,plain,11535,فؤاد,1,77800
numbered,plain,11536,فارغا,1,77800
numbered,plain,11537,كادت,1,77800
numbered,plain,11538,لتبدي,1,77800
numbered,plain,11539,ربطنا,1,77800
numbered,plain,11540,قلبها,1,77800
numbered,plain,11541,لأخته,1,77800
numbered,plain,11542,قصيه,1,77800
numbered,plain,11543,فبصرت,1,77800
numbered,plain,11544,وحرمنا,1,77800
numbered,plain,11545,المراضع,1,77800
numbered,plain,11546,فقالت,1,77800
numbered,plain,11547,يكفلونه,1,77800
numbered,plain,11548,ناصحون,1,77800
numbered,plain,11549,فرددناه,1,77800
numbered,plain,11550,ولتعلم,1,77800
numbered,plain,11551,واستوى,1,77800
numbered,plain,11552,فوجد,1,77800
numbered,plain,11553,يقتتلان,1,77800
numbered,plain,11554,فاستغاثه,1,77800
numbered,plain,11555,فوكزه,1,77800
numbered,plain,11556,فقضى,1,77800
numbered,plain,11557,فغفر,1,77800
numbered,plain,11558,استنصره,1,77800
numbered,plain,11559,يستصرخه,1,77800
numbered,plain,11560,لغوي,1,77800
numbered,plain,11561,يبطش,1,77800
numbered,plain,11562,أتريد,1,77800
numbered,plain,11563,تقتلني,1,77800
numbered,plain,11564,يأتمرون,1,77800
numbered,plain,11565,ليقتلوك,1,77800
numbered,plain,11566,توجه,1,77800
numbered,plain,11567,يهديني,1,77800
numbered,plain,11568,امرأتين,1,77800
numbered,plain,11569,تذودان,1,77800
numbered,plain,11570,خطبكما,1,77800
numbered,plain,11571,نسقي,1,77800
numbered,plain,11572,الرعاء,1,77800
numbered,plain,11573,وأبونا,1,77800
numbered,plain,11574,شيخ,1,77800
numbered,plain,11575,فسقى,1,77800
numbered,plain,11576,فجاءته,1,77800
numbered,plain,11577,استحياء,1,77800
numbered,plain,11578,يدعوك,1,77800
numbered,plain,11579,ليجزيك,1,77800
numbered,plain,11580,سقيت,1,77800
numbered,plain,11581,وقص,1,77800
numbered,plain,11582,نجوت,1,77800
numbered,plain,11583,استأجره,1,77800
numbered,plain,11584,استأجرت,1,77800
numbered,plain,11585,أنكحك,1,77800
numbered,plain,11586,ابنتي,1,77800
numbered,plain,11587,هاتين,1,77800
numbered,plain,11588,تأجرني,1,77800
numbered,plain,11589,ثماني,1,77800
numbered,plain,11590,حجج,1,77800
numbered,plain,11591,أتممت,1,77800
numbered,plain,11592,أيما,1,77800
numbered,plain,11593,الأجلين,1,77800
numbered,plain,11594,الأجل,1,77800
numbered,plain,11595,وسار,1,77800
numbered,plain,11596,آنس,1,77800
numbered,plain,11597,جذوة,1,77800
numbered,plain,11598,شاطئ,1,77800
numbered,plain,11599,الواد,1,77800
numbered,plain,11600,البقعة,1,77800
numbered,plain,11601,المباركة,1,77800
numbered,plain,11602,أقبل,1,77800
numbered,plain,11603,الآمنين,1,77800
numbered,plain,11604,اسلك,1,77800
numbered,plain,11605,الرهب,1,77800
numbered,plain,11606,فذانك,1,77800
numbered,plain,11607,برهانان,1,77800
numbered,plain,11608,أفصح,1,77800
numbered,plain,11609,فأرسله,1,77800
numbered,plain,11610,ردءا,1,77800
numbered,plain,11611,يصدقني,1,77800
numbered,plain,11612,سنشد,1,77800
numbered,plain,11613,عضدك,1,77800
numbered,plain,11614,بأخيك,1,77800
numbered,plain,11615,إليكما,1,77800
numbered,plain,11616,أنتما,1,77800
numbered,plain,11617,اتبعكما,1,77800
numbered,plain,11618,فأوقد,1,77800
numbered,plain,11619,وأتبعناهم,1,77800
numbered,plain,11620,المقبوحين,1,77800
numbered,plain,11621,الغربي,1,77800
numbered,plain,11622,فتطاول,1,77800
numbered,plain,11623,ثاويا,1,77800
numbered,plain,11624,نادينا,1,77800
numbered,plain,11625,سحران,1,77800
numbered,plain,11626,أتبعه,1,77800
numbered,plain,11627,وصلنا,1,77800
numbered,plain,11628,نبتغي,1,77800
numbered,plain,11629,نتخطف,1,77800
numbered,plain,11630,يجبى,1,77800
numbered,plain,11631,بطرت,1,77800
numbered,plain,11632,معيشتها,1,77800
numbered,plain,11633,تسكن,1,77800
numbered,plain,11634,أمها,1,77800
numbered,plain,11635,مهلكي,1,77800
numbered,plain,11636,وعدناه,1,77800
numbered,plain,11637,لاقيه,1,77800
numbered,plain,11638,متعناه,1,77800
numbered,plain,11639,أغوينا,1,77800
numbered,plain,11640,أغويناهم,1,77800
numbered,plain,11641,غوينا,1,77800
numbered,plain,11642,تبرأنا,1,77800
numbered,plain,11643,المفلحين,1,77800
numbered,plain,11644,ويختار,1,77800
numbered,plain,11645,بضياء,1,77800
numbered,plain,11646,بليل,1,77800
numbered,plain,11647,تسكنون,1,77800
numbered,plain,11648,فعلموا,1,77800
numbered,plain,11649,فبغى,1,77800
numbered,plain,11650,الكنوز,1,77800
numbered,plain,11651,لتنوء,1,77800
numbered,plain,11652,بالعصبة,1,77800
numbered,plain,11653,تفرح,1,77800
numbered,plain,11654,الفرحين,1,77800
numbered,plain,11655,آتاك,1,77800
numbered,plain,11656,تنس,1,77800
numbered,plain,11657,نصيبك,1,77800
numbered,plain,11658,تبغ,1,77800
numbered,plain,11659,زينته,1,77800
numbered,plain,11660,فخسفنا,1,77800
numbered,plain,11661,وبداره,1,77800
numbered,plain,11662,المنتصرين,1,77800
numbered,plain,11663,ويكأن,1,77800
numbered,plain,11664,لخسف,1,77800
numbered,plain,11665,ويكأنه,1,77800
numbered,plain,11666,نجعلها,1,77800
numbered,plain,11667,لرادك,1,77800
numbered,plain,11668,معاد,1,77800
numbered,plain,11669,ترجو,1,77800
numbered,plain,11670,هالك,1,77800
numbered,plain,11671,أحسب,1,77800
numbered,plain,11672,يتركوا,1,77800
numbered,plain,11673,فليعلمن,1,77800
numbered,plain,11674,يسبقونا,1,77800
numbered,plain,11675,يجاهد,1,77800
numbered,plain,11676,لنكفرن,1,77800
numbered,plain,11677,لتشرك,1,77800
numbered,plain,11678,لندخلنهم,1,77800
numbered,plain,11679,أوذي,1,77800
numbered,plain,11680,كعذاب,1,77800
numbered,plain,11681,سبيلنا,1,77800
numbered,plain,11682,ولنحمل,1,77800
numbered,plain,11683,بحاملين,1,77800
numbered,plain,11684,خطاياهم,1,77800
numbered,plain,11685,وليحملن,1,77800
numbered,plain,11686,وأثقالا,1,77800
numbered,plain,11687,وليسألن,1,77800
numbered,plain,11688,وتخلقون,1,77800
numbered,plain,11689,إفكا,1,77800
numbered,plain,11690,فابتغوا,1,77800
numbered,plain,11691,واعبدوه,1,77800
numbered,plain,11692,تكذبوا,1,77800
numbered,plain,11693,بدأ,1,77800
numbered,plain,11694,ينشئ,1,77800
numbered,plain,11695,ويرحم,1,77800
numbered,plain,11696,تقلبون,1,77800
numbered,plain,11697,رحمتي,1,77800
numbered,plain,11698,اقتلوه,1,77800
numbered,plain,11699,فأنجاه,1,77800
numbered,plain,11700,ويلعن,1,77800
numbered,plain,11701,مهاجر,1,77800
numbered,plain,11702,وتقطعون,1,77800
numbered,plain,11703,وتأتون,1,77800
numbered,plain,11704,ناديكم,1,77800
numbered,plain,11705,مهلكو,1,77800
numbered,plain,11706,لننجينه,1,77800
numbered,plain,11707,منجوك,1,77800
numbered,plain,11708,منزلون,1,77800
numbered,plain,11709,تركنا,1,77800
numbered,plain,11710,وارجوا,1,77800
numbered,plain,11711,مستبصرين,1,77800
numbered,plain,11712,سابقين,1,77800
numbered,plain,11713,بذنبه,1,77800
numbered,plain,11714,خسفنا,1,77800
numbered,plain,11715,أوهن,1,77800
numbered,plain,11716,لبيت,1,77800
numbered,plain,11717,يعقلها,1,77800
numbered,plain,11718,العالمون,1,77800
numbered,plain,11719,اتل,1,77800
numbered,plain,11720,تنهى,1,77800
numbered,plain,11721,ولذكر,1,77800
numbered,plain,11722,تصنعون,1,77800
numbered,plain,11723,تجادلوا,1,77800
numbered,plain,11724,وإلهنا,1,77800
numbered,plain,11725,تخطه,1,77800
numbered,plain,11726,لارتاب,1,77800
numbered,plain,11727,يكفهم,1,77800
numbered,plain,11728,لرحمة,1,77800
numbered,plain,11729,لجاءهم,1,77800
numbered,plain,11730,وليأتينهم,1,77800
numbered,plain,11731,يستعجلونك,1,77800
numbered,plain,11732,يغشاهم,1,77800
numbered,plain,11733,أرضي,1,77800
numbered,plain,11734,غرفا,1,77800
numbered,plain,11735,يرزقها,1,77800
numbered,plain,11736,ولعب,1,77800
numbered,plain,11737,لهي,1,77800
numbered,plain,11738,الحيوان,1,77800
numbered,plain,11739,ركبوا,1,77800
numbered,plain,11740,وليتمتعوا,1,77800
numbered,plain,11741,ويتخطف,1,77800
numbered,plain,11742,وبنعمة,1,77800
numbered,plain,11743,لنهدينهم,1,77800
numbered,plain,11744,لمع,1,77800
numbered,plain,11745,الروم,1,77800
numbered,plain,11746,غلبهم,1,77800
numbered,plain,11747,سيغلبون,1,77800
numbered,plain,11748,ويومئذ,1,77800
numbered,plain,11749,يفرح,1,77800
numbered,plain,11750,بنصر,1,77800
numbered,plain,11751,ينصر,1,77800
numbered,plain,11752,لكافرون,1,77800
numbered,plain,11753,وأثاروا,1,77800
numbered,plain,11754,وعمروها,1,77800
numbered,plain,11755,عمروها,1,77800
numbered,plain,11756,السوأى,1,77800
numbered,plain,11757,يبلس,1,77800
numbered,plain,11758,يتفرقون,1,77800
numbered,plain,11759,روضة,1,77800
numbered,plain,11760,يحبرون,1,77800
numbered,plain,11761,تمسون,1,77800
numbered,plain,11762,تصبحون,1,77800
numbered,plain,11763,تظهرون,1,77800
numbered,plain,11764,ويحيي,1,77800
numbered,plain,11765,تنتشرون,1,77800
numbered,plain,11766,وألوانكم,1,77800
numbered,plain,11767,منامكم,1,77800
numbered,plain,11768,وابتغاؤكم,1,77800
numbered,plain,11769,فيحيي,1,77800
numbered,plain,11770,أهون,1,77800
numbered,plain,11771,فأنتم,1,77800
numbered,plain,11772,تخافونهم,1,77800
numbered,plain,11773,كخيفتكم,1,77800
numbered,plain,11774,فطرت,1,77800
numbered,plain,11775,أذاقهم,1,77800
numbered,plain,11776,يتكلم,1,77800
numbered,plain,11777,يقنطون,1,77800
numbered,plain,11778,فآت,1,77800
numbered,plain,11779,ليربو,1,77800
numbered,plain,11780,يربو,1,77800
numbered,plain,11781,المضعفون,1,77800
numbered,plain,11782,ليذيقهم,1,77800
numbered,plain,11783,فلأنفسهم,1,77800
numbered,plain,11784,يمهدون,1,77800
numbered,plain,11785,مبشرات,1,77800
numbered,plain,11786,وليذيقكم,1,77800
numbered,plain,11787,ولتجري,1,77800
numbered,plain,11788,فيبسطه,1,77800
numbered,plain,11789,ويجعله,1,77800
numbered,plain,11790,لمبلسين,1,77800
numbered,plain,11791,آثار,1,77800
numbered,plain,11792,فرأوه,1,77800
numbered,plain,11793,لظلوا,1,77800
numbered,plain,11794,بهاد,1,77800
numbered,plain,11795,وشيبة,1,77800
numbered,plain,11796,القدير,1,77800
numbered,plain,11797,يقسم,1,77800
numbered,plain,11798,فهذا,1,77800
numbered,plain,11799,مبطلون,1,77800
numbered,plain,11800,يستخفنك,1,77800
numbered,plain,11801,يشتري,1,77800
numbered,plain,11802,ويتخذها,1,77800
numbered,plain,11803,أذنيه,1,77800
numbered,plain,11804,فأروني,1,77800
numbered,plain,11805,لابنه,1,77800
numbered,plain,11806,يعظه,1,77800
numbered,plain,11807,الشرك,1,77800
numbered,plain,11808,لظلم,1,77800
numbered,plain,11809,وهنا,1,77800
numbered,plain,11810,عامين,1,77800
numbered,plain,11811,ولوالديك,1,77800
numbered,plain,11812,وصاحبهما,1,77800
numbered,plain,11813,فتكن,1,77800
numbered,plain,11814,صخرة,1,77800
numbered,plain,11815,وانه,1,77800
numbered,plain,11816,تصعر,1,77800
numbered,plain,11817,خدك,1,77800
numbered,plain,11818,واقصد,1,77800
numbered,plain,11819,مشيك,1,77800
numbered,plain,11820,واغضض,1,77800
numbered,plain,11821,صوتك,1,77800
numbered,plain,11822,أنكر,1,77800
numbered,plain,11823,لصوت,1,77800
numbered,plain,11824,الحمير,1,77800
numbered,plain,11825,وأسبغ,1,77800
numbered,plain,11826,نعمه,1,77800
numbered,plain,11827,وباطنة,1,77800
numbered,plain,11828,يدعوهم,1,77800
numbered,plain,11829,يسلم,1,77800
numbered,plain,11830,فننبئهم,1,77800
numbered,plain,11831,نمتعهم,1,77800
numbered,plain,11832,نضطرهم,1,77800
numbered,plain,11833,أقلام,1,77800
numbered,plain,11834,يمده,1,77800
numbered,plain,11835,أبحر,1,77800
numbered,plain,11836,نفدت,1,77800
numbered,plain,11837,بعثكم,1,77800
numbered,plain,11838,كنفس,1,77800
numbered,plain,11839,ليريكم,1,77800
numbered,plain,11840,كالظلل,1,77800
numbered,plain,11841,ختار,1,77800
numbered,plain,11842,واخشوا,1,77800
numbered,plain,11843,والد,1,77800
numbered,plain,11844,ولده,1,77800
numbered,plain,11845,جاز,1,77800
numbered,plain,11846,والده,1,77800
numbered,plain,11847,وبدأ,1,77800
numbered,plain,11848,نسله,1,77800
numbered,plain,11849,سواه,1,77800
numbered,plain,11850,روحه,1,77800
numbered,plain,11851,ضللنا,1,77800
numbered,plain,11852,ناكسو,1,77800
numbered,plain,11853,أبصرنا,1,77800
numbered,plain,11854,وسمعنا,1,77800
numbered,plain,11855,فارجعنا,1,77800
numbered,plain,11856,موقنون,1,77800
numbered,plain,11857,لآتينا,1,77800
numbered,plain,11858,هداها,1,77800
numbered,plain,11859,نسيناكم,1,77800
numbered,plain,11860,وسبحوا,1,77800
numbered,plain,11861,تتجافى,1,77800
numbered,plain,11862,أخفي,1,77800
numbered,plain,11863,فاسقا,1,77800
numbered,plain,11864,فمأواهم,1,77800
numbered,plain,11865,لقائه,1,77800
numbered,plain,11866,نسوق,1,77800
numbered,plain,11867,الجرز,1,77800
numbered,plain,11868,فنخرج,1,77800
numbered,plain,11869,أنعامهم,1,77800
numbered,plain,11870,وانتظر,1,77800
numbered,plain,11871,قلبين,1,77800
numbered,plain,11872,جوفه,1,77800
numbered,plain,11873,أدعياءكم,1,77800
numbered,plain,11874,ادعوهم,1,77800
numbered,plain,11875,ومواليكم,1,77800
numbered,plain,11876,أخطأتم,1,77800
numbered,plain,11877,تعمدت,1,77800
numbered,plain,11878,وأزواجه,1,77800
numbered,plain,11879,أوليائكم,1,77800
numbered,plain,11880,ومنك,1,77800
numbered,plain,11881,ليسأل,1,77800
numbered,plain,11882,وجنودا,1,77800
numbered,plain,11883,وبلغت,1,77800
numbered,plain,11884,الظنونا,1,77800
numbered,plain,11885,ابتلي,1,77800
numbered,plain,11886,زلزالا,1,77800
numbered,plain,11887,يثرب,1,77800
numbered,plain,11888,ويستأذن,1,77800
numbered,plain,11889,بيوتنا,1,77800
numbered,plain,11890,عورة,1,77800
numbered,plain,11891,بعورة,1,77800
numbered,plain,11892,أقطارها,1,77800
numbered,plain,11893,سئلوا,1,77800
numbered,plain,11894,لآتوها,1,77800
numbered,plain,11895,تلبثوا,1,77800
numbered,plain,11896,يولون,1,77800
numbered,plain,11897,الفرار,1,77800
numbered,plain,11898,فررتم,1,77800
numbered,plain,11899,تمتعون,1,77800
numbered,plain,11900,يعصمكم,1,77800
numbered,plain,11901,المعوقين,1,77800
numbered,plain,11902,والقائلين,1,77800
numbered,plain,11903,تدور,1,77800
numbered,plain,11904,سلقوكم,1,77800
numbered,plain,11905,بألسنة,1,77800
numbered,plain,11906,حداد,1,77800
numbered,plain,11907,يودوا,1,77800
numbered,plain,11908,بادون,1,77800
numbered,plain,11909,أنبائكم,1,77800
numbered,plain,11910,وتسليما,1,77800
numbered,plain,11911,نحبه,1,77800
numbered,plain,11912,ينتظر,1,77800
numbered,plain,11913,بصدقهم,1,77800
numbered,plain,11914,بغيظهم,1,77800
numbered,plain,11915,قويا,1,77800
numbered,plain,11916,ظاهروهم,1,77800
numbered,plain,11917,صياصيهم,1,77800
numbered,plain,11918,وتأسرون,1,77800
numbered,plain,11919,وأورثكم,1,77800
numbered,plain,11920,أرضهم,1,77800
numbered,plain,11921,وديارهم,1,77800
numbered,plain,11922,وأرضا,1,77800
numbered,plain,11923,تطئوها,1,77800
numbered,plain,11924,فتعالين,1,77800
numbered,plain,11925,أمتعكن,1,77800
numbered,plain,11926,وأسرحكن,1,77800
numbered,plain,11927,للمحسنات,1,77800
numbered,plain,11928,يقنت,1,77800
numbered,plain,11929,وتعمل,1,77800
numbered,plain,11930,نؤتها,1,77800
numbered,plain,11931,أجرها,1,77800
numbered,plain,11932,لستن,1,77800
numbered,plain,11933,كأحد,1,77800
numbered,plain,11934,اتقيتن,1,77800
numbered,plain,11935,تخضعن,1,77800
numbered,plain,11936,فيطمع,1,77800
numbered,plain,11937,وقرن,1,77800
numbered,plain,11938,تبرجن,1,77800
numbered,plain,11939,تبرج,1,77800
numbered,plain,11940,وأقمن,1,77800
numbered,plain,11941,وآتين,1,77800
numbered,plain,11942,وأطعن,1,77800
numbered,plain,11943,ليذهب,1,77800
numbered,plain,11944,ويطهركم,1,77800
numbered,plain,11945,تطهيرا,1,77800
numbered,plain,11946,واذكرن,1,77800
numbered,plain,11947,لطيفا,1,77800
numbered,plain,11948,والمسلمات,1,77800
numbered,plain,11949,والمؤمنين,1,77800
numbered,plain,11950,والقانتات,1,77800
numbered,plain,11951,والصادقات,1,77800
numbered,plain,11952,والصابرات,1,77800
numbered,plain,11953,والخاشعين,1,77800
numbered,plain,11954,والخاشعات,1,77800
numbered,plain,11955,والمتصدقين,1,77800
numbered,plain,11956,والمتصدقات,1,77800
numbered,plain,11957,والصائمين,1,77800
numbered,plain,11958,والصائمات,1,77800
numbered,plain,11959,والحافظين,1,77800
numbered,plain,11960,والحافظات,1,77800
numbered,plain,11961,والذاكرين,1,77800
numbered,plain,11962,والذاكرات,1,77800
numbered,plain,11963,وأنعمت,1,77800
numbered,plain,11964,زوجك,1,77800
numbered,plain,11965,واتق,1,77800
numbered,plain,11966,وتخفي,1,77800
numbered,plain,11967,مبديه,1,77800
numbered,plain,11968,وتخشى,1,77800
numbered,plain,11969,تخشاه,1,77800
numbered,plain,11970,زيد,1,77800
numbered,plain,11971,زوجناكها,1,77800
numbered,plain,11972,أدعيائهم,1,77800
numbered,plain,11973,قضوا,1,77800
numbered,plain,11974,مقدورا,1,77800
numbered,plain,11975,يبلغون,1,77800
numbered,plain,11976,ويخشونه,1,77800
numbered,plain,11977,وخاتم,1,77800
numbered,plain,11978,وسبحوه,1,77800
numbered,plain,11979,وداعيا,1,77800
numbered,plain,11980,وسراجا,1,77800
numbered,plain,11981,ودع,1,77800
numbered,plain,11982,أذاهم,1,77800
numbered,plain,11983,نكحتم,1,77800
numbered,plain,11984,تعتدونها,1,77800
numbered,plain,11985,فمتعوهن,1,77800
numbered,plain,11986,وسرحوهن,1,77800
numbered,plain,11987,أحللنا,1,77800
numbered,plain,11988,عمك,1,77800
numbered,plain,11989,عماتك,1,77800
numbered,plain,11990,خالك,1,77800
numbered,plain,11991,خالاتك,1,77800
numbered,plain,11992,هاجرن,1,77800
numbered,plain,11993,وامرأة,1,77800
numbered,plain,11994,وهبت,1,77800
numbered,plain,11995,يستنكحها,1,77800
numbered,plain,11996,فرضنا,1,77800
numbered,plain,11997,ترجي,1,77800
numbered,plain,11998,وتؤوي,1,77800
numbered,plain,11999,ابتغيت,1,77800
numbered,plain,12000,عزلت,1,77800
numbered,plain,12001,أعينهن,1,77800
numbered,plain,12002,يحزن,1,77800
numbered,plain,12003,ويرضين,1,77800
numbered,plain,12004,آتيتهن,1,77800
numbered,plain,12005,كلهن,1,77800
numbered,plain,12006,حسنهن,1,77800
numbered,plain,12007,ناظرين,1,77800
numbered,plain,12008,إناه,1,77800
numbered,plain,12009,دعيتم,1,77800
numbered,plain,12010,طعمتم,1,77800
numbered,plain,12011,مستأنسين,1,77800
numbered,plain,12012,لحديث,1,77800
numbered,plain,12013,يؤذي,1,77800
numbered,plain,12014,فيستحيي,1,77800
numbered,plain,12015,سألتموهن,1,77800
numbered,plain,12016,فاسألوهن,1,77800
numbered,plain,12017,لقلوبكم,1,77800
numbered,plain,12018,وقلوبهن,1,77800
numbered,plain,12019,تؤذوا,1,77800
numbered,plain,12020,واتقين,1,77800
numbered,plain,12021,صلوا,1,77800
numbered,plain,12022,وسلموا,1,77800
numbered,plain,12023,احتملوا,1,77800
numbered,plain,12024,وبناتك,1,77800
numbered,plain,12025,يدنين,1,77800
numbered,plain,12026,جلابيبهن,1,77800
numbered,plain,12027,يعرفن,1,77800
numbered,plain,12028,يؤذين,1,77800
numbered,plain,12029,والمرجفون,1,77800
numbered,plain,12030,لنغرينك,1,77800
numbered,plain,12031,يجاورونك,1,77800
numbered,plain,12032,ملعونين,1,77800
numbered,plain,12033,أخذوا,1,77800
numbered,plain,12034,تقتيلا,1,77800
numbered,plain,12035,الرسولا,1,77800
numbered,plain,12036,سادتنا,1,77800
numbered,plain,12037,وكبراءنا,1,77800
numbered,plain,12038,فأضلونا,1,77800
numbered,plain,12039,السبيلا,1,77800
numbered,plain,12040,آتهم,1,77800
numbered,plain,12041,والعنهم,1,77800
numbered,plain,12042,آذوا,1,77800
numbered,plain,12043,فبرأه,1,77800
numbered,plain,12044,عرضنا,1,77800
numbered,plain,12045,الأمانة,1,77800
numbered,plain,12046,فأبين,1,77800
numbered,plain,12047,يحملنها,1,77800
numbered,plain,12048,وأشفقن,1,77800
numbered,plain,12049,وحملها,1,77800
numbered,plain,12050,ظلوما,1,77800
numbered,plain,12051,جهولا,1,77800
numbered,plain,12052,ليعذب,1,77800
numbered,plain,12053,لتأتينكم,1,77800
numbered,plain,12054,ويرى,1,77800
numbered,plain,12055,ندلكم,1,77800
numbered,plain,12056,مزقتم,1,77800
numbered,plain,12057,أفترى,1,77800
numbered,plain,12058,والضلال,1,77800
numbered,plain,12059,نخسف,1,77800
numbered,plain,12060,نسقط,1,77800
numbered,plain,12061,أوبي,1,77800
numbered,plain,12062,وألنا,1,77800
numbered,plain,12063,اعمل,1,77800
numbered,plain,12064,سابغات,1,77800
numbered,plain,12065,السرد,1,77800
numbered,plain,12066,غدوها,1,77800
numbered,plain,12067,ورواحها,1,77800
numbered,plain,12068,وأسلنا,1,77800
numbered,plain,12069,القطر,1,77800
numbered,plain,12070,يزغ,1,77800
numbered,plain,12071,محاريب,1,77800
numbered,plain,12072,وتماثيل,1,77800
numbered,plain,12073,وجفان,1,77800
numbered,plain,12074,كالجواب,1,77800
numbered,plain,12075,وقدور,1,77800
numbered,plain,12076,راسيات,1,77800
numbered,plain,12077,شكرا,1,77800
numbered,plain,12078,الشكور,1,77800
numbered,plain,12079,دلهم,1,77800
numbered,plain,12080,منسأته,1,77800
numbered,plain,12081,تبينت,1,77800
numbered,plain,12082,لسبإ,1,77800
numbered,plain,12083,مسكنهم,1,77800
numbered,plain,12084,يمين,1,77800
numbered,plain,12085,وشمال,1,77800
numbered,plain,12086,سيل,1,77800
numbered,plain,12087,العرم,1,77800
numbered,plain,12088,وبدلناهم,1,77800
numbered,plain,12089,بجنتيهم,1,77800
numbered,plain,12090,ذواتي,1,77800
numbered,plain,12091,خمط,1,77800
numbered,plain,12092,وأثل,1,77800
numbered,plain,12093,وشيء,1,77800
numbered,plain,12094,نجازي,1,77800
numbered,plain,12095,الكفور,1,77800
numbered,plain,12096,وقدرنا,1,77800
numbered,plain,12097,السير,1,77800
numbered,plain,12098,ليالي,1,77800
numbered,plain,12099,وأياما,1,77800
numbered,plain,12100,باعد,1,77800
numbered,plain,12101,أسفارنا,1,77800
numbered,plain,12102,ومزقناهم,1,77800
numbered,plain,12103,ظنه,1,77800
numbered,plain,12104,أجرمنا,1,77800
numbered,plain,12105,نسأل,1,77800
numbered,plain,12106,الفتاح,1,77800
numbered,plain,12107,ألحقتم,1,77800
numbered,plain,12108,ميعاد,1,77800
numbered,plain,12109,تستأخرون,1,77800
numbered,plain,12110,تستقدمون,1,77800
numbered,plain,12111,موقوفون,1,77800
numbered,plain,12112,أنحن,1,77800
numbered,plain,12113,صددناكم,1,77800
numbered,plain,12114,تأمروننا,1,77800
numbered,plain,12115,أعناق,1,77800
numbered,plain,12116,تقربكم,1,77800
numbered,plain,12117,الضعف,1,77800
numbered,plain,12118,الغرفات,1,77800
numbered,plain,12119,يسعون,1,77800
numbered,plain,12120,يخلفه,1,77800
numbered,plain,12121,يصدكم,1,77800
numbered,plain,12122,يدرسونها,1,77800
numbered,plain,12123,معشار,1,77800
numbered,plain,12124,رسلي,1,77800
numbered,plain,12125,أعظكم,1,77800
numbered,plain,12126,بواحدة,1,77800
numbered,plain,12127,وفرادى,1,77800
numbered,plain,12128,تتفكروا,1,77800
numbered,plain,12129,بصاحبكم,1,77800
numbered,plain,12130,يقذف,1,77800
numbered,plain,12131,يعيد,1,77800
numbered,plain,12132,اهتديت,1,77800
numbered,plain,12133,فزعوا,1,77800
numbered,plain,12134,فوت,1,77800
numbered,plain,12135,وأخذوا,1,77800
numbered,plain,12136,التناوش,1,77800
numbered,plain,12137,وحيل,1,77800
numbered,plain,12138,بأشياعهم,1,77800
numbered,plain,12139,أجنحة,1,77800
numbered,plain,12140,ممسك,1,77800
numbered,plain,12141,فاتخذوه,1,77800
numbered,plain,12142,حزبه,1,77800
numbered,plain,12143,تذهب,1,77800
numbered,plain,12144,فسقناه,1,77800
numbered,plain,12145,فأحيينا,1,77800
numbered,plain,12146,والعمل,1,77800
numbered,plain,12147,الصالح,1,77800
numbered,plain,12148,يرفعه,1,77800
numbered,plain,12149,يبور,1,77800
numbered,plain,12150,معمر,1,77800
numbered,plain,12151,ينقص,1,77800
numbered,plain,12152,عمره,1,77800
numbered,plain,12153,البحران,1,77800
numbered,plain,12154,سائغ,1,77800
numbered,plain,12155,شرابه,1,77800
numbered,plain,12156,وتستخرجون,1,77800
numbered,plain,12157,قطمير,1,77800
numbered,plain,12158,دعاءكم,1,77800
numbered,plain,12159,بشرككم,1,77800
numbered,plain,12160,ينبئك,1,77800
numbered,plain,12161,مثقلة,1,77800
numbered,plain,12162,الحرور,1,77800
numbered,plain,12163,الأحياء,1,77800
numbered,plain,12164,الأموات,1,77800
numbered,plain,12165,بمسمع,1,77800
numbered,plain,12166,وبالزبر,1,77800
numbered,plain,12167,وبالكتاب,1,77800
numbered,plain,12168,جدد,1,77800
numbered,plain,12169,وحمر,1,77800
numbered,plain,12170,وغرابيب,1,77800
numbered,plain,12171,سود,1,77800
numbered,plain,12172,العلماء,1,77800
numbered,plain,12173,تبور,1,77800
numbered,plain,12174,ليوفيهم,1,77800
numbered,plain,12175,أورثنا,1,77800
numbered,plain,12176,اصطفينا,1,77800
numbered,plain,12177,بالخيرات,1,77800
numbered,plain,12178,أذهب,1,77800
numbered,plain,12179,أحلنا,1,77800
numbered,plain,12180,المقامة,1,77800
numbered,plain,12181,فيموتوا,1,77800
numbered,plain,12182,يصطرخون,1,77800
numbered,plain,12183,نعمركم,1,77800
numbered,plain,12184,وجاءكم,1,77800
numbered,plain,12185,بينت,1,77800
numbered,plain,12186,يعد,1,77800
numbered,plain,12187,تزولا,1,77800
numbered,plain,12188,زالتا,1,77800
numbered,plain,12189,أمسكهما,1,77800
numbered,plain,12190,ليكونن,1,77800
numbered,plain,12191,الأمم,1,77800
numbered,plain,12192,يحيق,1,77800
numbered,plain,12193,ليعجزه,1,77800
numbered,plain,12194,ظهرها,1,77800
numbered,plain,12195,يس,1,77800
numbered,plain,12196,أغلالا,1,77800
numbered,plain,12197,الأذقان,1,77800
numbered,plain,12198,مقمحون,1,77800
numbered,plain,12199,فأغشيناهم,1,77800
numbered,plain,12200,وسواء,1,77800
numbered,plain,12201,وخشي,1,77800
numbered,plain,12202,بمغفرة,1,77800
numbered,plain,12203,ونكتب,1,77800
numbered,plain,12204,قدموا,1,77800
numbered,plain,12205,وآثارهم,1,77800
numbered,plain,12206,إمام,1,77800
numbered,plain,12207,فعززنا,1,77800
numbered,plain,12208,بثالث,1,77800
numbered,plain,12209,مرسلون,1,77800
numbered,plain,12210,لمرسلون,1,77800
numbered,plain,12211,تطيرنا,1,77800
numbered,plain,12212,لنرجمنكم,1,77800
numbered,plain,12213,وليمسنكم,1,77800
numbered,plain,12214,ذكرتم,1,77800
numbered,plain,12215,أأتخذ,1,77800
numbered,plain,12216,يردن,1,77800
numbered,plain,12217,فاسمعون,1,77800
numbered,plain,12218,ادخل,1,77800
numbered,plain,12219,غفر,1,77800
numbered,plain,12220,خامدون,1,77800
numbered,plain,12221,أحييناها,1,77800
numbered,plain,12222,وأخرجنا,1,77800
numbered,plain,12223,فمنه,1,77800
numbered,plain,12224,العيون,1,77800
numbered,plain,12225,ليأكلوا,1,77800
numbered,plain,12226,عملته,1,77800
numbered,plain,12227,نسلخ,1,77800
numbered,plain,12228,مظلمون,1,77800
numbered,plain,12229,لمستقر,1,77800
numbered,plain,12230,قدرناه,1,77800
numbered,plain,12231,كالعرجون,1,77800
numbered,plain,12232,تدرك,1,77800
numbered,plain,12233,وخلقنا,1,77800
numbered,plain,12234,يركبون,1,77800
numbered,plain,12235,نغرقهم,1,77800
numbered,plain,12236,صريخ,1,77800
numbered,plain,12237,خلفكم,1,77800
numbered,plain,12238,أنطعم,1,77800
numbered,plain,12239,أطعمه,1,77800
numbered,plain,12240,تأخذهم,1,77800
numbered,plain,12241,يخصمون,1,77800
numbered,plain,12242,توصية,1,77800
numbered,plain,12243,مرقدنا,1,77800
numbered,plain,12244,شغل,1,77800
numbered,plain,12245,فاكهون,1,77800
numbered,plain,12246,متكئون,1,77800
numbered,plain,12247,وامتازوا,1,77800
numbered,plain,12248,أعهد,1,77800
numbered,plain,12249,اعبدوني,1,77800
numbered,plain,12250,جبلا,1,77800
numbered,plain,12251,نختم,1,77800
numbered,plain,12252,وتكلمنا,1,77800
numbered,plain,12253,وتشهد,1,77800
numbered,plain,12254,لطمسنا,1,77800
numbered,plain,12255,لمسخناهم,1,77800
numbered,plain,12256,مكانتهم,1,77800
numbered,plain,12257,مضيا,1,77800
numbered,plain,12258,نعمره,1,77800
numbered,plain,12259,ننكسه,1,77800
numbered,plain,12260,الشعر,1,77800
numbered,plain,12261,مالكون,1,77800
numbered,plain,12262,وذللناها,1,77800
numbered,plain,12263,فمنها,1,77800
numbered,plain,12264,ركوبهم,1,77800
numbered,plain,12265,ومشارب,1,77800
numbered,plain,12266,رميم,1,77800
numbered,plain,12267,يحييها,1,77800
numbered,plain,12268,أنشأها,1,77800
numbered,plain,12269,الأخضر,1,77800
numbered,plain,12270,توقدون,1,77800
numbered,plain,12271,والصافات,1,77800
numbered,plain,12272,فالزاجرات,1,77800
numbered,plain,12273,زجرا,1,77800
numbered,plain,12274,فالتاليات,1,77800
numbered,plain,12275,لواحد,1,77800
numbered,plain,12276,مارد,1,77800
numbered,plain,12277,دحورا,1,77800
numbered,plain,12278,واصب,1,77800
numbered,plain,12279,خطف,1,77800
numbered,plain,12280,الخطفة,1,77800
numbered,plain,12281,ثاقب,1,77800
numbered,plain,12282,لازب,1,77800
numbered,plain,12283,عجبت,1,77800
numbered,plain,12284,يستسخرون,1,77800
numbered,plain,12285,احشروا,1,77800
numbered,plain,12286,فاهدوهم,1,77800
numbered,plain,12287,وقفوهم,1,77800
numbered,plain,12288,مسئولون,1,77800
numbered,plain,12289,تناصرون,1,77800
numbered,plain,12290,مستسلمون,1,77800
numbered,plain,12291,تأتوننا,1,77800
numbered,plain,12292,لذائقون,1,77800
numbered,plain,12293,فأغويناكم,1,77800
numbered,plain,12294,غاوين,1,77800
numbered,plain,12295,لتاركو,1,77800
numbered,plain,12296,لشاعر,1,77800
numbered,plain,12297,لذائقو,1,77800
numbered,plain,12298,بكأس,1,77800
numbered,plain,12299,غول,1,77800
numbered,plain,12300,لمدينون,1,77800
numbered,plain,12301,مطلعون,1,77800
numbered,plain,12302,فاطلع,1,77800
numbered,plain,12303,لتردين,1,77800
numbered,plain,12304,أفما,1,77800
numbered,plain,12305,بميتين,1,77800
numbered,plain,12306,لمثل,1,77800
numbered,plain,12307,العاملون,1,77800
numbered,plain,12308,أصل,1,77800
numbered,plain,12309,لشوبا,1,77800
numbered,plain,12310,ألفوا,1,77800
numbered,plain,12311,نادانا,1,77800
numbered,plain,12312,فلنعم,1,77800
numbered,plain,12313,المجيبون,1,77800
numbered,plain,12314,أئفكا,1,77800
numbered,plain,12315,فنظر,1,77800
numbered,plain,12316,نظرة,1,77800
numbered,plain,12317,فتولوا,1,77800
numbered,plain,12318,فأقبلوا,1,77800
numbered,plain,12319,يزفون,1,77800
numbered,plain,12320,تنحتون,1,77800
numbered,plain,12321,فأرادوا,1,77800
numbered,plain,12322,ذاهب,1,77800
numbered,plain,12323,فبشرناه,1,77800
numbered,plain,12324,السعي,1,77800
numbered,plain,12325,المنام,1,77800
numbered,plain,12326,أذبحك,1,77800
numbered,plain,12327,افعل,1,77800
numbered,plain,12328,أسلما,1,77800
numbered,plain,12329,وتله,1,77800
numbered,plain,12330,للجبين,1,77800
numbered,plain,12331,صدقت,1,77800
numbered,plain,12332,البلاء,1,77800
numbered,plain,12333,وفديناه,1,77800
numbered,plain,12334,بذبح,1,77800
numbered,plain,12335,وبشرناه,1,77800
numbered,plain,12336,وباركنا,1,77800
numbered,plain,12337,وظالم,1,77800
numbered,plain,12338,ونجيناهما,1,77800
numbered,plain,12339,ونصرناهم,1,77800
numbered,plain,12340,وآتيناهما,1,77800
numbered,plain,12341,المستبين,1,77800
numbered,plain,12342,وهديناهما,1,77800
numbered,plain,12343,إنهما,1,77800
numbered,plain,12344,إلياس,1,77800
numbered,plain,12345,أتدعون,1,77800
numbered,plain,12346,بعلا,1,77800
numbered,plain,12347,إل,1,77800
numbered,plain,12348,ياسين,1,77800
numbered,plain,12349,نجيناه,1,77800
numbered,plain,12350,لتمرون,1,77800
numbered,plain,12351,وبالليل,1,77800
numbered,plain,12352,أبق,1,77800
numbered,plain,12353,فساهم,1,77800
numbered,plain,12354,المدحضين,1,77800
numbered,plain,12355,فالتقمه,1,77800
numbered,plain,12356,المسبحين,1,77800
numbered,plain,12357,للبث,1,77800
numbered,plain,12358,فنبذناه,1,77800
numbered,plain,12359,يقطين,1,77800
numbered,plain,12360,وأرسلناه,1,77800
numbered,plain,12361,يزيدون,1,77800
numbered,plain,12362,فمتعناهم,1,77800
numbered,plain,12363,ألربك,1,77800
numbered,plain,12364,شاهدون,1,77800
numbered,plain,12365,أصطفى,1,77800
numbered,plain,12366,البنين,1,77800
numbered,plain,12367,بكتابكم,1,77800
numbered,plain,12368,بفاتنين,1,77800
numbered,plain,12369,صال,1,77800
numbered,plain,12370,الصافون,1,77800
numbered,plain,12371,المسبحون,1,77800
numbered,plain,12372,كلمتنا,1,77800
numbered,plain,12373,لعبادنا,1,77800
numbered,plain,12374,المنصورون,1,77800
numbered,plain,12375,جندنا,1,77800
numbered,plain,12376,وأبصرهم,1,77800
numbered,plain,12377,بساحتهم,1,77800
numbered,plain,12378,صباح,1,77800
numbered,plain,12379,وتول,1,77800
numbered,plain,12380,ص,1,77800
numbered,plain,12381,عزة,1,77800
numbered,plain,12382,وشقاق,1,77800
numbered,plain,12383,ولات,1,77800
numbered,plain,12384,مناص,1,77800
numbered,plain,12385,وعجبوا,1,77800
numbered,plain,12386,الآلهة,1,77800
numbered,plain,12387,عجاب,1,77800
numbered,plain,12388,وانطلق,1,77800
numbered,plain,12389,امشوا,1,77800
numbered,plain,12390,يراد,1,77800
numbered,plain,12391,الملة,1,77800
numbered,plain,12392,اختلاق,1,77800
numbered,plain,12393,أأنزل,1,77800
numbered,plain,12394,يذوقوا,1,77800
numbered,plain,12395,فليرتقوا,1,77800
numbered,plain,12396,مهزوم,1,77800
numbered,plain,12397,فواق,1,77800
numbered,plain,12398,قطنا,1,77800
numbered,plain,12399,اصبر,1,77800
numbered,plain,12400,الأيد,1,77800
numbered,plain,12401,سخرنا,1,77800
numbered,plain,12402,والإشراق,1,77800
numbered,plain,12403,محشورة,1,77800
numbered,plain,12404,وفصل,1,77800
numbered,plain,12405,الخصم,1,77800
numbered,plain,12406,تسوروا,1,77800
numbered,plain,12407,بغى,1,77800
numbered,plain,12408,تشطط,1,77800
numbered,plain,12409,واهدنا,1,77800
numbered,plain,12410,وتسعون,1,77800
numbered,plain,12411,أكفلنيها,1,77800
numbered,plain,12412,وعزني,1,77800
numbered,plain,12413,ظلمك,1,77800
numbered,plain,12414,بسؤال,1,77800
numbered,plain,12415,نعجتك,1,77800
numbered,plain,12416,نعاجه,1,77800
numbered,plain,12417,الخلطاء,1,77800
numbered,plain,12418,ليبغي,1,77800
numbered,plain,12419,فتناه,1,77800
numbered,plain,12420,راكعا,1,77800
numbered,plain,12421,وأناب,1,77800
numbered,plain,12422,فغفرنا,1,77800
numbered,plain,12423,فيضلك,1,77800
numbered,plain,12424,كالمفسدين,1,77800
numbered,plain,12425,كالفجار,1,77800
numbered,plain,12426,ليدبروا,1,77800
numbered,plain,12427,وليتذكر,1,77800
numbered,plain,12428,لداوود,1,77800
numbered,plain,12429,الصافنات,1,77800
numbered,plain,12430,الجياد,1,77800
numbered,plain,12431,توارت,1,77800
numbered,plain,12432,بالحجاب,1,77800
numbered,plain,12433,فطفق,1,77800
numbered,plain,12434,مسحا,1,77800
numbered,plain,12435,بالسوق,1,77800
numbered,plain,12436,والأعناق,1,77800
numbered,plain,12437,فسخرنا,1,77800
numbered,plain,12438,رخاء,1,77800
numbered,plain,12439,وغواص,1,77800
numbered,plain,12440,عطاؤنا,1,77800
numbered,plain,12441,فامنن,1,77800
numbered,plain,12442,أيوب,1,77800
numbered,plain,12443,بنصب,1,77800
numbered,plain,12444,اركض,1,77800
numbered,plain,12445,برجلك,1,77800
numbered,plain,12446,مغتسل,1,77800
numbered,plain,12447,وخذ,1,77800
numbered,plain,12448,ضغثا,1,77800
numbered,plain,12449,تحنث,1,77800
numbered,plain,12450,وجدناه,1,77800
numbered,plain,12451,الأيدي,1,77800
numbered,plain,12452,أخلصناهم,1,77800
numbered,plain,12453,بخالصة,1,77800
numbered,plain,12454,المصطفين,1,77800
numbered,plain,12455,لحسن,1,77800
numbered,plain,12456,مفتحة,1,77800
numbered,plain,12457,أتراب,1,77800
numbered,plain,12458,لرزقنا,1,77800
numbered,plain,12459,نفاد,1,77800
numbered,plain,12460,لشر,1,77800
numbered,plain,12461,فليذوقوه,1,77800
numbered,plain,12462,وغساق,1,77800
numbered,plain,12463,شكله,1,77800
numbered,plain,12464,مقتحم,1,77800
numbered,plain,12465,صالو,1,77800
numbered,plain,12466,قدمتموه,1,77800
numbered,plain,12467,فزده,1,77800
numbered,plain,12468,الأشرار,1,77800
numbered,plain,12469,أتخذناهم,1,77800
numbered,plain,12470,تخاصم,1,77800
numbered,plain,12471,بالملإ,1,77800
numbered,plain,12472,استكبر,1,77800
numbered,plain,12473,بيدي,1,77800
numbered,plain,12474,أستكبرت,1,77800
numbered,plain,12475,العالين,1,77800
numbered,plain,12476,لعنتي,1,77800
numbered,plain,12477,فبعزتك,1,77800
numbered,plain,12478,لأغوينهم,1,77800
numbered,plain,12479,فالحق,1,77800
numbered,plain,12480,والحق,1,77800
numbered,plain,12481,المتكلفين,1,77800
numbered,plain,12482,نبأه,1,77800
numbered,plain,12483,الخالص,1,77800
numbered,plain,12484,نعبدهم,1,77800
numbered,plain,12485,ليقربونا,1,77800
numbered,plain,12486,لاصطفى,1,77800
numbered,plain,12487,يكور,1,77800
numbered,plain,12488,ويكور,1,77800
numbered,plain,12489,يخلقكم,1,77800
numbered,plain,12490,تشكروا,1,77800
numbered,plain,12491,يرضه,1,77800
numbered,plain,12492,منيبا,1,77800
numbered,plain,12493,خوله,1,77800
numbered,plain,12494,نسي,1,77800
numbered,plain,12495,بكفرك,1,77800
numbered,plain,12496,قانت,1,77800
numbered,plain,12497,ساجدا,1,77800
numbered,plain,12498,وقائما,1,77800
numbered,plain,12499,ويرجو,1,77800
numbered,plain,12500,وأرض,1,77800
numbered,plain,12501,يوفى,1,77800
numbered,plain,12502,لأن,1,77800
numbered,plain,12503,فاعبدوا,1,77800
numbered,plain,12504,يعبدوها,1,77800
numbered,plain,12505,وأنابوا,1,77800
numbered,plain,12506,فبشر,1,77800
numbered,plain,12507,أحسنه,1,77800
numbered,plain,12508,تنقذ,1,77800
numbered,plain,12509,مبنية,1,77800
numbered,plain,12510,فسلكه,1,77800
numbered,plain,12511,ينابيع,1,77800
numbered,plain,12512,للقاسية,1,77800
numbered,plain,12513,مثاني,1,77800
numbered,plain,12514,تقشعر,1,77800
numbered,plain,12515,تلين,1,77800
numbered,plain,12516,يتقي,1,77800
numbered,plain,12517,بوجهه,1,77800
numbered,plain,12518,فأذاقهم,1,77800
numbered,plain,12519,متشاكسون,1,77800
numbered,plain,12520,ورجلا,1,77800
numbered,plain,12521,ميتون,1,77800
numbered,plain,12522,تختصمون,1,77800
numbered,plain,12523,ليكفر,1,77800
numbered,plain,12524,ويجزيهم,1,77800
numbered,plain,12525,بكاف,1,77800
numbered,plain,12526,ويخوفونك,1,77800
numbered,plain,12527,كاشفات,1,77800
numbered,plain,12528,ممسكات,1,77800
numbered,plain,12529,تمت,1,77800
numbered,plain,12530,منامها,1,77800
numbered,plain,12531,فيمسك,1,77800
numbered,plain,12532,اشمأزت,1,77800
numbered,plain,12533,تحكم,1,77800
numbered,plain,12534,يحتسبون,1,77800
numbered,plain,12535,خولناه,1,77800
numbered,plain,12536,قالها,1,77800
numbered,plain,12537,سيصيبهم,1,77800
numbered,plain,12538,أسرفوا,1,77800
numbered,plain,12539,تقنطوا,1,77800
numbered,plain,12540,وأنيبوا,1,77800
numbered,plain,12541,وأسلموا,1,77800
numbered,plain,12542,حسرتى,1,77800
numbered,plain,12543,فرطت,1,77800
numbered,plain,12544,الساخرين,1,77800
numbered,plain,12545,فأكون,1,77800
numbered,plain,12546,جاءتك,1,77800
numbered,plain,12547,واستكبرت,1,77800
numbered,plain,12548,مسودة,1,77800
numbered,plain,12549,للمتكبرين,1,77800
numbered,plain,12550,وينجي,1,77800
numbered,plain,12551,بمفازتهم,1,77800
numbered,plain,12552,تأمروني,1,77800
numbered,plain,12553,أشركت,1,77800
numbered,plain,12554,ليحبطن,1,77800
numbered,plain,12555,عملك,1,77800
numbered,plain,12556,ولتكونن,1,77800
numbered,plain,12557,قبضته,1,77800
numbered,plain,12558,مطويات,1,77800
numbered,plain,12559,فصعق,1,77800
numbered,plain,12560,وأشرقت,1,77800
numbered,plain,12561,بنور,1,77800
numbered,plain,12562,بالنبيين,1,77800
numbered,plain,12563,طبتم,1,77800
numbered,plain,12564,فادخلوها,1,77800
numbered,plain,12565,صدقنا,1,77800
numbered,plain,12566,نتبوأ,1,77800
numbered,plain,12567,حافين,1,77800
numbered,plain,12568,غافر,1,77800
numbered,plain,12569,الذنب,1,77800
numbered,plain,12570,وقابل,1,77800
numbered,plain,12571,التوب,1,77800
numbered,plain,12572,يغررك,1,77800
numbered,plain,12573,والأحزاب,1,77800
numbered,plain,12574,وهمت,1,77800
numbered,plain,12575,برسولهم,1,77800
numbered,plain,12576,ليأخذوه,1,77800
numbered,plain,12577,وجادلوا,1,77800
numbered,plain,12578,ويؤمنون,1,77800
numbered,plain,12579,وأدخلهم,1,77800
numbered,plain,12580,وعدتهم,1,77800
numbered,plain,12581,تق,1,77800
numbered,plain,12582,لمقت,1,77800
numbered,plain,12583,مقتكم,1,77800
numbered,plain,12584,فتكفرون,1,77800
numbered,plain,12585,أمتنا,1,77800
numbered,plain,12586,وأحييتنا,1,77800
numbered,plain,12587,فاعترفنا,1,77800
numbered,plain,12588,بذنوبنا,1,77800
numbered,plain,12589,خروج,1,77800
numbered,plain,12590,دعي,1,77800
numbered,plain,12591,فالحكم,1,77800
numbered,plain,12592,رفيع,1,77800
numbered,plain,12593,التلاق,1,77800
numbered,plain,12594,بارزون,1,77800
numbered,plain,12595,كاظمين,1,77800
numbered,plain,12596,يطاع,1,77800
numbered,plain,12597,يقضون,1,77800
numbered,plain,12598,واستحيوا,1,77800
numbered,plain,12599,ذروني,1,77800
numbered,plain,12600,أقتل,1,77800
numbered,plain,12601,وليدع,1,77800
numbered,plain,12602,يكتم,1,77800
numbered,plain,12603,أتقتلون,1,77800
numbered,plain,12604,كذبه,1,77800
numbered,plain,12605,صادقا,1,77800
numbered,plain,12606,يصبكم,1,77800
numbered,plain,12607,ينصرنا,1,77800
numbered,plain,12608,أريكم,1,77800
numbered,plain,12609,أهديكم,1,77800
numbered,plain,12610,دأب,1,77800
numbered,plain,12611,التناد,1,77800
numbered,plain,12612,تولون,1,77800
numbered,plain,12613,زلتم,1,77800
numbered,plain,12614,مرتاب,1,77800
numbered,plain,12615,أسباب,1,77800
numbered,plain,12616,فأطلع,1,77800
numbered,plain,12617,تباب,1,77800
numbered,plain,12618,اتبعون,1,77800
numbered,plain,12619,أهدكم,1,77800
numbered,plain,12620,النجاة,1,77800
numbered,plain,12621,وتدعونني,1,77800
numbered,plain,12622,لأكفر,1,77800
numbered,plain,12623,وأشرك,1,77800
numbered,plain,12624,مردنا,1,77800
numbered,plain,12625,فستذكرون,1,77800
numbered,plain,12626,وأفوض,1,77800
numbered,plain,12627,فوقاه,1,77800
numbered,plain,12628,بآل,1,77800
numbered,plain,12629,غدوا,1,77800
numbered,plain,12630,أدخلوا,1,77800
numbered,plain,12631,يتحاجون,1,77800
numbered,plain,12632,لخزنة,1,77800
numbered,plain,12633,رسلكم,1,77800
numbered,plain,12634,لننصر,1,77800
numbered,plain,12635,ببالغيه,1,77800
numbered,plain,12636,المسيء,1,77800
numbered,plain,12637,ادعوني,1,77800
numbered,plain,12638,أستجب,1,77800
numbered,plain,12639,عبادتي,1,77800
numbered,plain,12640,سيدخلون,1,77800
numbered,plain,12641,شيوخا,1,77800
numbered,plain,12642,يصرفون,1,77800
numbered,plain,12643,والسلاسل,1,77800
numbered,plain,12644,يسجرون,1,77800
numbered,plain,12645,تمرحون,1,77800
numbered,plain,12646,نقصص,1,77800
numbered,plain,12647,لتركبوا,1,77800
numbered,plain,12648,تنكرون,1,77800
numbered,plain,12649,وكفرنا,1,77800
numbered,plain,12650,آذاننا,1,77800
numbered,plain,12651,فاعمل,1,77800
numbered,plain,12652,واستغفروه,1,77800
numbered,plain,12653,لتكفرون,1,77800
numbered,plain,12654,وبارك,1,77800
numbered,plain,12655,أقواتها,1,77800
numbered,plain,12656,دخان,1,77800
numbered,plain,12657,وللأرض,1,77800
numbered,plain,12658,ائتيا,1,77800
numbered,plain,12659,طائعين,1,77800
numbered,plain,12660,فقضاهن,1,77800
numbered,plain,12661,وزينا,1,77800
numbered,plain,12662,أنذرتكم,1,77800
numbered,plain,12663,نحسات,1,77800
numbered,plain,12664,لنذيقهم,1,77800
numbered,plain,12665,أخزى,1,77800
numbered,plain,12666,فهديناهم,1,77800
numbered,plain,12667,فاستحبوا,1,77800
numbered,plain,12668,العمى,1,77800
numbered,plain,12669,ونجينا,1,77800
numbered,plain,12670,وجلودهم,1,77800
numbered,plain,12671,لجلودهم,1,77800
numbered,plain,12672,شهدتم,1,77800
numbered,plain,12673,أنطقنا,1,77800
numbered,plain,12674,أنطق,1,77800
numbered,plain,12675,تستترون,1,77800
numbered,plain,12676,أبصاركم,1,77800
numbered,plain,12677,جلودكم,1,77800
numbered,plain,12678,وذلكم,1,77800
numbered,plain,12679,أرداكم,1,77800
numbered,plain,12680,يصبروا,1,77800
numbered,plain,12681,يستعتبوا,1,77800
numbered,plain,12682,المعتبين,1,77800
numbered,plain,12683,وقيضنا,1,77800
numbered,plain,12684,قرناء,1,77800
numbered,plain,12685,فزينوا,1,77800
numbered,plain,12686,وحق,1,77800
numbered,plain,12687,تسمعوا,1,77800
numbered,plain,12688,والغوا,1,77800
numbered,plain,12689,تغلبون,1,77800
numbered,plain,12690,فلنذيقن,1,77800
numbered,plain,12691,اللذين,1,77800
numbered,plain,12692,أضلانا,1,77800
numbered,plain,12693,نجعلهما,1,77800
numbered,plain,12694,ليكونا,1,77800
numbered,plain,12695,تتنزل,1,77800
numbered,plain,12696,تخافوا,1,77800
numbered,plain,12697,وأبشروا,1,77800
numbered,plain,12698,بالجنة,1,77800
numbered,plain,12699,أولياؤكم,1,77800
numbered,plain,12700,تشتهي,1,77800
numbered,plain,12701,تسجدوا,1,77800
numbered,plain,12702,للقمر,1,77800
numbered,plain,12703,يسأمون,1,77800
numbered,plain,12704,بالذكر,1,77800
numbered,plain,12705,لكتاب,1,77800
numbered,plain,12706,للرسل,1,77800
numbered,plain,12707,وذو,1,77800
numbered,plain,12708,أعجميا,1,77800
numbered,plain,12709,أأعجمي,1,77800
numbered,plain,12710,وعربي,1,77800
numbered,plain,12711,عمى,1,77800
numbered,plain,12712,أكمامها,1,77800
numbered,plain,12713,آذناك,1,77800
numbered,plain,12714,يسأم,1,77800
numbered,plain,12715,فيئوس,1,77800
numbered,plain,12716,قنوط,1,77800
numbered,plain,12717,رجعت,1,77800
numbered,plain,12718,للحسنى,1,77800
numbered,plain,12719,فلننبئن,1,77800
numbered,plain,12720,فذو,1,77800
numbered,plain,12721,عريض,1,77800
numbered,plain,12722,سنريهم,1,77800
numbered,plain,12723,الآفاق,1,77800
numbered,plain,12724,عسق,1,77800
numbered,plain,12725,فوقهن,1,77800
numbered,plain,12726,وفريق,1,77800
numbered,plain,12727,لجعلهم,1,77800
numbered,plain,12728,والظالمون,1,77800
numbered,plain,12729,اختلفتم,1,77800
numbered,plain,12730,فحكمه,1,77800
numbered,plain,12731,يذرؤكم,1,77800
numbered,plain,12732,كمثله,1,77800
numbered,plain,12733,شرع,1,77800
numbered,plain,12734,وصى,1,77800
numbered,plain,12735,تتفرقوا,1,77800
numbered,plain,12736,أورثوا,1,77800
numbered,plain,12737,فلذلك,1,77800
numbered,plain,12738,واستقم,1,77800
numbered,plain,12739,لأعدل,1,77800
numbered,plain,12740,يحاجون,1,77800
numbered,plain,12741,استجيب,1,77800
numbered,plain,12742,داحضة,1,77800
numbered,plain,12743,وعليهم,1,77800
numbered,plain,12744,يمارون,1,77800
numbered,plain,12745,حرثه,1,77800
numbered,plain,12746,شرعوا,1,77800
numbered,plain,12747,روضات,1,77800
numbered,plain,12748,الجنات,1,77800
numbered,plain,12749,يبشر,1,77800
numbered,plain,12750,المودة,1,77800
numbered,plain,12751,يقترف,1,77800
numbered,plain,12752,يختم,1,77800
numbered,plain,12753,ويمح,1,77800
numbered,plain,12754,ويستجيب,1,77800
numbered,plain,12755,بسط,1,77800
numbered,plain,12756,لبغوا,1,77800
numbered,plain,12757,قنطوا,1,77800
numbered,plain,12758,وينشر,1,77800
numbered,plain,12759,بث,1,77800
numbered,plain,12760,جمعهم,1,77800
numbered,plain,12761,يسكن,1,77800
numbered,plain,12762,فيظللن,1,77800
numbered,plain,12763,رواكد,1,77800
numbered,plain,12764,يوبقهن,1,77800
numbered,plain,12765,ويعف,1,77800
numbered,plain,12766,غضبوا,1,77800
numbered,plain,12767,يغفرون,1,77800
numbered,plain,12768,وأمرهم,1,77800
numbered,plain,12769,شورى,1,77800
numbered,plain,12770,البغي,1,77800
numbered,plain,12771,وجزاء,1,77800
numbered,plain,12772,انتصر,1,77800
numbered,plain,12773,ويبغون,1,77800
numbered,plain,12774,وغفر,1,77800
numbered,plain,12775,طرف,1,77800
numbered,plain,12776,خفي,1,77800
numbered,plain,12777,لربكم,1,77800
numbered,plain,12778,ملجإ,1,77800
numbered,plain,12779,يهب,1,77800
numbered,plain,12780,ويهب,1,77800
numbered,plain,12781,الذكور,1,77800
numbered,plain,12782,يزوجهم,1,77800
numbered,plain,12783,ذكرانا,1,77800
numbered,plain,12784,وإناثا,1,77800
numbered,plain,12785,عقيما,1,77800
numbered,plain,12786,يكلمه,1,77800
numbered,plain,12787,وحيا,1,77800
numbered,plain,12788,فيوحي,1,77800
numbered,plain,12789,روحا,1,77800
numbered,plain,12790,نهدي,1,77800
numbered,plain,12791,لتهدي,1,77800
numbered,plain,12792,تصير,1,77800
numbered,plain,12793,أفنضرب,1,77800
numbered,plain,12794,صفحا,1,77800
numbered,plain,12795,مسرفين,1,77800
numbered,plain,12796,فأهلكنا,1,77800
numbered,plain,12797,ومضى,1,77800
numbered,plain,12798,فأنشرنا,1,77800
numbered,plain,12799,تركبون,1,77800
numbered,plain,12800,لتستووا,1,77800
numbered,plain,12801,ظهوره,1,77800
numbered,plain,12802,استويتم,1,77800
numbered,plain,12803,وتقولوا,1,77800
numbered,plain,12804,لمنقلبون,1,77800
numbered,plain,12805,بنات,1,77800
numbered,plain,12806,وأصفاكم,1,77800
numbered,plain,12807,ينشأ,1,77800
numbered,plain,12808,الحلية,1,77800
numbered,plain,12809,أشهدوا,1,77800
numbered,plain,12810,ستكتب,1,77800
numbered,plain,12811,شهادتهم,1,77800
numbered,plain,12812,ويسألون,1,77800
numbered,plain,12813,عبدناهم,1,77800
numbered,plain,12814,مستمسكون,1,77800
numbered,plain,12815,مقتدون,1,77800
numbered,plain,12816,بأهدى,1,77800
numbered,plain,12817,براء,1,77800
numbered,plain,12818,وجعلها,1,77800
numbered,plain,12819,عقبه,1,77800
numbered,plain,12820,متعت,1,77800
numbered,plain,12821,ورسول,1,77800
numbered,plain,12822,القريتين,1,77800
numbered,plain,12823,يقسمون,1,77800
numbered,plain,12824,قسمنا,1,77800
numbered,plain,12825,معيشتهم,1,77800
numbered,plain,12826,ليتخذ,1,77800
numbered,plain,12827,ورحمت,1,77800
numbered,plain,12828,لبيوتهم,1,77800
numbered,plain,12829,ومعارج,1,77800
numbered,plain,12830,يظهرون,1,77800
numbered,plain,12831,ولبيوتهم,1,77800
numbered,plain,12832,وسررا,1,77800
numbered,plain,12833,يتكئون,1,77800
numbered,plain,12834,وزخرفا,1,77800
numbered,plain,12835,يعش,1,77800
numbered,plain,12836,نقيض,1,77800
numbered,plain,12837,ليصدونهم,1,77800
numbered,plain,12838,القرين,1,77800
numbered,plain,12839,نذهبن,1,77800
numbered,plain,12840,وعدناهم,1,77800
numbered,plain,12841,مقتدرون,1,77800
numbered,plain,12842,فاستمسك,1,77800
numbered,plain,12843,ولقومك,1,77800
numbered,plain,12844,أجعلنا,1,77800
numbered,plain,12845,نريهم,1,77800
numbered,plain,12846,وأخذناهم,1,77800
numbered,plain,12847,وهذه,1,77800
numbered,plain,12848,تحتي,1,77800
numbered,plain,12849,أسورة,1,77800
numbered,plain,12850,مقترنين,1,77800
numbered,plain,12851,فاستخف,1,77800
numbered,plain,12852,فأطاعوه,1,77800
numbered,plain,12853,آسفونا,1,77800
numbered,plain,12854,انتقمنا,1,77800
numbered,plain,12855,سلفا,1,77800
numbered,plain,12856,للآخرين,1,77800
numbered,plain,12857,أآلهتنا,1,77800
numbered,plain,12858,ضربوه,1,77800
numbered,plain,12859,خصمون,1,77800
numbered,plain,12860,يخلفون,1,77800
numbered,plain,12861,لعلم,1,77800
numbered,plain,12862,للساعة,1,77800
numbered,plain,12863,تمترن,1,77800
numbered,plain,12864,واتبعون,1,77800
numbered,plain,12865,يصدنكم,1,77800
numbered,plain,12866,ولأبين,1,77800
numbered,plain,12867,الأخلاء,1,77800
numbered,plain,12868,تحبرون,1,77800
numbered,plain,12869,بصحاف,1,77800
numbered,plain,12870,تشتهيه,1,77800
numbered,plain,12871,وتلذ,1,77800
numbered,plain,12872,يفتر,1,77800
numbered,plain,12873,ليقض,1,77800
numbered,plain,12874,ماكثون,1,77800
numbered,plain,12875,جئناكم,1,77800
numbered,plain,12876,أبرموا,1,77800
numbered,plain,12877,مبرمون,1,77800
numbered,plain,12878,ورسلنا,1,77800
numbered,plain,12879,فأنا,1,77800
numbered,plain,12880,العابدين,1,77800
numbered,plain,12881,وتبارك,1,77800
numbered,plain,12882,وقيله,1,77800
numbered,plain,12883,يفرق,1,77800
numbered,plain,12884,بدخان,1,77800
numbered,plain,12885,اكشف,1,77800
numbered,plain,12886,معلم,1,77800
numbered,plain,12887,كاشفو,1,77800
numbered,plain,12888,عائدون,1,77800
numbered,plain,12889,نبطش,1,77800
numbered,plain,12890,البطشة,1,77800
numbered,plain,12891,أدوا,1,77800
numbered,plain,12892,ترجمون,1,77800
numbered,plain,12893,فاعتزلون,1,77800
numbered,plain,12894,واترك,1,77800
numbered,plain,12895,رهوا,1,77800
numbered,plain,12896,بكت,1,77800
numbered,plain,12897,عاليا,1,77800
numbered,plain,12898,اخترناهم,1,77800
numbered,plain,12899,بمنشرين,1,77800
numbered,plain,12900,خلقناهما,1,77800
numbered,plain,12901,ميقاتهم,1,77800
numbered,plain,12902,شجرت,1,77800
numbered,plain,12903,الأثيم,1,77800
numbered,plain,12904,يغلي,1,77800
numbered,plain,12905,كغلي,1,77800
numbered,plain,12906,فاعتلوه,1,77800
numbered,plain,12907,صبوا,1,77800
numbered,plain,12908,ذق,1,77800
numbered,plain,12909,الموتة,1,77800
numbered,plain,12910,مرتقبون,1,77800
numbered,plain,12911,يبث,1,77800
numbered,plain,12912,يصر,1,77800
numbered,plain,12913,اتخذها,1,77800
numbered,plain,12914,يغفروا,1,77800
numbered,plain,12915,شريعة,1,77800
numbered,plain,12916,فاتبعها,1,77800
numbered,plain,12917,اجترحوا,1,77800
numbered,plain,12918,نجعلهم,1,77800
numbered,plain,12919,محياهم,1,77800
numbered,plain,12920,ومماتهم,1,77800
numbered,plain,12921,ولتجزى,1,77800
numbered,plain,12922,وأضله,1,77800
numbered,plain,12923,بصره,1,77800
numbered,plain,12924,يهلكنا,1,77800
numbered,plain,12925,يخسر,1,77800
numbered,plain,12926,جاثية,1,77800
numbered,plain,12927,تدعى,1,77800
numbered,plain,12928,كتابها,1,77800
numbered,plain,12929,كتابنا,1,77800
numbered,plain,12930,نستنسخ,1,77800
numbered,plain,12931,فيدخلهم,1,77800
numbered,plain,12932,فاستكبرتم,1,77800
numbered,plain,12933,نظن,1,77800
numbered,plain,12934,بمستيقنين,1,77800
numbered,plain,12935,ننساكم,1,77800
numbered,plain,12936,بأنكم,1,77800
numbered,plain,12937,أثارة,1,77800
numbered,plain,12938,دعائهم,1,77800
numbered,plain,12939,بدعا,1,77800
numbered,plain,12940,وكفرتم,1,77800
numbered,plain,12941,واستكبرتم,1,77800
numbered,plain,12942,قديم,1,77800
numbered,plain,12943,ووضعته,1,77800
numbered,plain,12944,وحمله,1,77800
numbered,plain,12945,ثلاثون,1,77800
numbered,plain,12946,وبلغ,1,77800
numbered,plain,12947,نتقبل,1,77800
numbered,plain,12948,ونتجاوز,1,77800
numbered,plain,12949,الصدق,1,77800
numbered,plain,12950,لوالديه,1,77800
numbered,plain,12951,أتعدانني,1,77800
numbered,plain,12952,وهما,1,77800
numbered,plain,12953,يستغيثان,1,77800
numbered,plain,12954,ويلك,1,77800
numbered,plain,12955,وليوفيهم,1,77800
numbered,plain,12956,أذهبتم,1,77800
numbered,plain,12957,طيباتكم,1,77800
numbered,plain,12958,حياتكم,1,77800
numbered,plain,12959,واستمتعتم,1,77800
numbered,plain,12960,تفسقون,1,77800
numbered,plain,12961,أخا,1,77800
numbered,plain,12962,بالأحقاف,1,77800
numbered,plain,12963,لتأفكنا,1,77800
numbered,plain,12964,وأبلغكم,1,77800
numbered,plain,12965,عارضا,1,77800
numbered,plain,12966,مستقبل,1,77800
numbered,plain,12967,أوديتهم,1,77800
numbered,plain,12968,عارض,1,77800
numbered,plain,12969,ممطرنا,1,77800
numbered,plain,12970,استعجلتم,1,77800
numbered,plain,12971,تدمر,1,77800
numbered,plain,12972,وأبصارا,1,77800
numbered,plain,12973,وأفئدة,1,77800
numbered,plain,12974,حضروه,1,77800
numbered,plain,12975,أنصتوا,1,77800
numbered,plain,12976,أجيبوا,1,77800
numbered,plain,12977,ويجركم,1,77800
numbered,plain,12978,يجب,1,77800
numbered,plain,12979,بمعجز,1,77800
numbered,plain,12980,يعي,1,77800
numbered,plain,12981,بخلقهن,1,77800
numbered,plain,12982,العزم,1,77800
numbered,plain,12983,تستعجل,1,77800
numbered,plain,12984,نهار,1,77800
numbered,plain,12985,أثخنتموهم,1,77800
numbered,plain,12986,فشدوا,1,77800
numbered,plain,12987,الوثاق,1,77800
numbered,plain,12988,فداء,1,77800
numbered,plain,12989,أوزارها,1,77800
numbered,plain,12990,لانتصر,1,77800
numbered,plain,12991,ليبلو,1,77800
numbered,plain,12992,سيهديهم,1,77800
numbered,plain,12993,ويصلح,1,77800
numbered,plain,12994,عرفها,1,77800
numbered,plain,12995,تنصروا,1,77800
numbered,plain,12996,أقدامكم,1,77800
numbered,plain,12997,فتعسا,1,77800
numbered,plain,12998,دمر,1,77800
numbered,plain,12999,يتمتعون,1,77800
numbered,plain,13000,ويأكلون,1,77800
numbered,plain,13001,والنار,1,77800
numbered,plain,13002,قريتك,1,77800
numbered,plain,13003,أخرجتك,1,77800
numbered,plain,13004,أنهار,1,77800
numbered,plain,13005,آسن,1,77800
numbered,plain,13006,لبن,1,77800
numbered,plain,13007,يتغير,1,77800
numbered,plain,13008,طعمه,1,77800
numbered,plain,13009,خمر,1,77800
numbered,plain,13010,عسل,1,77800
numbered,plain,13011,مصفى,1,77800
numbered,plain,13012,خالد,1,77800
numbered,plain,13013,وسقوا,1,77800
numbered,plain,13014,أمعاءهم,1,77800
numbered,plain,13015,آنفا,1,77800
numbered,plain,13016,وآتاهم,1,77800
numbered,plain,13017,تقواهم,1,77800
numbered,plain,13018,أشراطها,1,77800
numbered,plain,13019,ذكراهم,1,77800
numbered,plain,13020,متقلبكم,1,77800
numbered,plain,13021,ومثواكم,1,77800
numbered,plain,13022,نزلت,1,77800
numbered,plain,13023,محكمة,1,77800
numbered,plain,13024,المغشي,1,77800
numbered,plain,13025,وقول,1,77800
numbered,plain,13026,فأصمهم,1,77800
numbered,plain,13027,وأعمى,1,77800
numbered,plain,13028,أقفالها,1,77800
numbered,plain,13029,ارتدوا,1,77800
numbered,plain,13030,سول,1,77800
numbered,plain,13031,وأملى,1,77800
numbered,plain,13032,سنطيعكم,1,77800
numbered,plain,13033,إسرارهم,1,77800
numbered,plain,13034,توفتهم,1,77800
numbered,plain,13035,أسخط,1,77800
numbered,plain,13036,أضغانهم,1,77800
numbered,plain,13037,لأريناكهم,1,77800
numbered,plain,13038,فلعرفتهم,1,77800
numbered,plain,13039,ولتعرفنهم,1,77800
numbered,plain,13040,لحن,1,77800
numbered,plain,13041,ونبلو,1,77800
numbered,plain,13042,وشاقوا,1,77800
numbered,plain,13043,وسيحبط,1,77800
numbered,plain,13044,وتدعوا,1,77800
numbered,plain,13045,يتركم,1,77800
numbered,plain,13046,يسألكموها,1,77800
numbered,plain,13047,فيحفكم,1,77800
numbered,plain,13048,تبخلوا,1,77800
numbered,plain,13049,أضغانكم,1,77800
numbered,plain,13050,لتنفقوا,1,77800
numbered,plain,13051,يستبدل,1,77800
numbered,plain,13052,تقدم,1,77800
numbered,plain,13053,ذنبك,1,77800
numbered,plain,13054,ويهديك,1,77800
numbered,plain,13055,وينصرك,1,77800
numbered,plain,13056,الظانين,1,77800
numbered,plain,13057,وتعزروه,1,77800
numbered,plain,13058,وتوقروه,1,77800
numbered,plain,13059,وتسبحوه,1,77800
numbered,plain,13060,يبايعون,1,77800
numbered,plain,13061,نكث,1,77800
numbered,plain,13062,ينكث,1,77800
numbered,plain,13063,فسيؤتيه,1,77800
numbered,plain,13064,شغلتنا,1,77800
numbered,plain,13065,وأهلونا,1,77800
numbered,plain,13066,أهليهم,1,77800
numbered,plain,13067,وظننتم,1,77800
numbered,plain,13068,انطلقتم,1,77800
numbered,plain,13069,لتأخذوها,1,77800
numbered,plain,13070,ذرونا,1,77800
numbered,plain,13071,نتبعكم,1,77800
numbered,plain,13072,يبدلوا,1,77800
numbered,plain,13073,تتبعونا,1,77800
numbered,plain,13074,كذلكم,1,77800
numbered,plain,13075,تحسدوننا,1,77800
numbered,plain,13076,للمخلفين,1,77800
numbered,plain,13077,ستدعون,1,77800
numbered,plain,13078,تقاتلونهم,1,77800
numbered,plain,13079,يسلمون,1,77800
numbered,plain,13080,يعذبه,1,77800
numbered,plain,13081,وأثابهم,1,77800
numbered,plain,13082,ومغانم,1,77800
numbered,plain,13083,يأخذونها,1,77800
numbered,plain,13084,تأخذونها,1,77800
numbered,plain,13085,فعجل,1,77800
numbered,plain,13086,وكف,1,77800
numbered,plain,13087,ولتكون,1,77800
numbered,plain,13088,قاتلكم,1,77800
numbered,plain,13089,كف,1,77800
numbered,plain,13090,ببطن,1,77800
numbered,plain,13091,مكة,1,77800
numbered,plain,13092,أظفركم,1,77800
numbered,plain,13093,وصدوكم,1,77800
numbered,plain,13094,معكوفا,1,77800
numbered,plain,13095,تعلموهم,1,77800
numbered,plain,13096,تطئوهم,1,77800
numbered,plain,13097,فتصيبكم,1,77800
numbered,plain,13098,معرة,1,77800
numbered,plain,13099,تزيلوا,1,77800
numbered,plain,13100,لعذبنا,1,77800
numbered,plain,13101,الحمية,1,77800
numbered,plain,13102,حمية,1,77800
numbered,plain,13103,وألزمهم,1,77800
numbered,plain,13104,لتدخلن,1,77800
numbered,plain,13105,محلقين,1,77800
numbered,plain,13106,ومقصرين,1,77800
numbered,plain,13107,أشداء,1,77800
numbered,plain,13108,رحماء,1,77800
numbered,plain,13109,تراهم,1,77800
numbered,plain,13110,ركعا,1,77800
numbered,plain,13111,سيماهم,1,77800
numbered,plain,13112,كزرع,1,77800
numbered,plain,13113,شطأه,1,77800
numbered,plain,13114,فآزره,1,77800
numbered,plain,13115,فاستغلظ,1,77800
numbered,plain,13116,سوقه,1,77800
numbered,plain,13117,يعجب,1,77800
numbered,plain,13118,الزراع,1,77800
numbered,plain,13119,ليغيظ,1,77800
numbered,plain,13120,ترفعوا,1,77800
numbered,plain,13121,أصواتكم,1,77800
numbered,plain,13122,صوت,1,77800
numbered,plain,13123,تجهروا,1,77800
numbered,plain,13124,كجهر,1,77800
numbered,plain,13125,تحبط,1,77800
numbered,plain,13126,يغضون,1,77800
numbered,plain,13127,أصواتهم,1,77800
numbered,plain,13128,امتحن,1,77800
numbered,plain,13129,ينادونك,1,77800
numbered,plain,13130,الحجرات,1,77800
numbered,plain,13131,فاسق,1,77800
numbered,plain,13132,تصيبوا,1,77800
numbered,plain,13133,فتصبحوا,1,77800
numbered,plain,13134,يطيعكم,1,77800
numbered,plain,13135,لعنتم,1,77800
numbered,plain,13136,حبب,1,77800
numbered,plain,13137,وزينه,1,77800
numbered,plain,13138,وكره,1,77800
numbered,plain,13139,والفسوق,1,77800
numbered,plain,13140,والعصيان,1,77800
numbered,plain,13141,الراشدون,1,77800
numbered,plain,13142,بغت,1,77800
numbered,plain,13143,تبغي,1,77800
numbered,plain,13144,تفيء,1,77800
numbered,plain,13145,فاءت,1,77800
numbered,plain,13146,وأقسطوا,1,77800
numbered,plain,13147,أخويكم,1,77800
numbered,plain,13148,يسخر,1,77800
numbered,plain,13149,تلمزوا,1,77800
numbered,plain,13150,تنابزوا,1,77800
numbered,plain,13151,بالألقاب,1,77800
numbered,plain,13152,الاسم,1,77800
numbered,plain,13153,الفسوق,1,77800
numbered,plain,13154,يتب,1,77800
numbered,plain,13155,تجسسوا,1,77800
numbered,plain,13156,يغتب,1,77800
numbered,plain,13157,أيحب,1,77800
numbered,plain,13158,فكرهتموه,1,77800
numbered,plain,13159,وأنثى,1,77800
numbered,plain,13160,شعوبا,1,77800
numbered,plain,13161,وقبائل,1,77800
numbered,plain,13162,لتعارفوا,1,77800
numbered,plain,13163,أكرمكم,1,77800
numbered,plain,13164,أتقاكم,1,77800
numbered,plain,13165,أسلمنا,1,77800
numbered,plain,13166,يلتكم,1,77800
numbered,plain,13167,يرتابوا,1,77800
numbered,plain,13168,بدينكم,1,77800
numbered,plain,13169,يمنون,1,77800
numbered,plain,13170,إسلامكم,1,77800
numbered,plain,13171,ق,1,77800
numbered,plain,13172,عجبوا,1,77800
numbered,plain,13173,تنقص,1,77800
numbered,plain,13174,وعندنا,1,77800
numbered,plain,13175,مريج,1,77800
numbered,plain,13176,فروج,1,77800
numbered,plain,13177,تبصرة,1,77800
numbered,plain,13178,وحب,1,77800
numbered,plain,13179,الحصيد,1,77800
numbered,plain,13180,باسقات,1,77800
numbered,plain,13181,طلع,1,77800
numbered,plain,13182,نضيد,1,77800
numbered,plain,13183,وأحيينا,1,77800
numbered,plain,13184,وإخوان,1,77800
numbered,plain,13185,أفعيينا,1,77800
numbered,plain,13186,بالخلق,1,77800
numbered,plain,13187,لبس,1,77800
numbered,plain,13188,توسوس,1,77800
numbered,plain,13189,الوريد,1,77800
numbered,plain,13190,يتلقى,1,77800
numbered,plain,13191,المتلقيان,1,77800
numbered,plain,13192,قعيد,1,77800
numbered,plain,13193,يلفظ,1,77800
numbered,plain,13194,سكرة,1,77800
numbered,plain,13195,تحيد,1,77800
numbered,plain,13196,معها,1,77800
numbered,plain,13197,سائق,1,77800
numbered,plain,13198,وشهيد,1,77800
numbered,plain,13199,غطاءك,1,77800
numbered,plain,13200,فبصرك,1,77800
numbered,plain,13201,ألقيا,1,77800
numbered,plain,13202,فألقياه,1,77800
numbered,plain,13203,أطغيته,1,77800
numbered,plain,13204,تختصموا,1,77800
numbered,plain,13205,بالوعيد,1,77800
numbered,plain,13206,امتلأت,1,77800
numbered,plain,13207,وتقول,1,77800
numbered,plain,13208,الخلود,1,77800
numbered,plain,13209,فنقبوا,1,77800
numbered,plain,13210,الغروب,1,77800
numbered,plain,13211,وأدبار,1,77800
numbered,plain,13212,واستمع,1,77800
numbered,plain,13213,يناد,1,77800
numbered,plain,13214,المناد,1,77800
numbered,plain,13215,بجبار,1,77800
numbered,plain,13216,والذاريات,1,77800
numbered,plain,13217,ذروا,1,77800
numbered,plain,13218,فالحاملات,1,77800
numbered,plain,13219,فالجاريات,1,77800
numbered,plain,13220,فالمقسمات,1,77800
numbered,plain,13221,لصادق,1,77800
numbered,plain,13222,الحبك,1,77800
numbered,plain,13223,أفك,1,77800
numbered,plain,13224,الخراصون,1,77800
numbered,plain,13225,فتنتكم,1,77800
numbered,plain,13226,آخذين,1,77800
numbered,plain,13227,محسنين,1,77800
numbered,plain,13228,يهجعون,1,77800
numbered,plain,13229,وبالأسحار,1,77800
numbered,plain,13230,للموقنين,1,77800
numbered,plain,13231,فورب,1,77800
numbered,plain,13232,فجاء,1,77800
numbered,plain,13233,سمين,1,77800
numbered,plain,13234,فقربه,1,77800
numbered,plain,13235,وبشروه,1,77800
numbered,plain,13236,فأقبلت,1,77800
numbered,plain,13237,صرة,1,77800
numbered,plain,13238,فصكت,1,77800
numbered,plain,13239,لنرسل,1,77800
numbered,plain,13240,أرسلناه,1,77800
numbered,plain,13241,بركنه,1,77800
numbered,plain,13242,العقيم,1,77800
numbered,plain,13243,أتت,1,77800
numbered,plain,13244,جعلته,1,77800
numbered,plain,13245,كالرميم,1,77800
numbered,plain,13246,فعتوا,1,77800
numbered,plain,13247,منتصرين,1,77800
numbered,plain,13248,بأيد,1,77800
numbered,plain,13249,لموسعون,1,77800
numbered,plain,13250,فرشناها,1,77800
numbered,plain,13251,الماهدون,1,77800
numbered,plain,13252,ففروا,1,77800
numbered,plain,13253,أتواصوا,1,77800
numbered,plain,13254,بملوم,1,77800
numbered,plain,13255,ليعبدون,1,77800
numbered,plain,13256,يطعمون,1,77800
numbered,plain,13257,الرزاق,1,77800
numbered,plain,13258,المتين,1,77800
numbered,plain,13259,ذنوبا,1,77800
numbered,plain,13260,ذنوب,1,77800
numbered,plain,13261,أصحابهم,1,77800
numbered,plain,13262,والطور,1,77800
numbered,plain,13263,مسطور,1,77800
numbered,plain,13264,رق,1,77800
numbered,plain,13265,منشور,1,77800
numbered,plain,13266,والبيت,1,77800
numbered,plain,13267,المعمور,1,77800
numbered,plain,13268,والسقف,1,77800
numbered,plain,13269,المرفوع,1,77800
numbered,plain,13270,المسجور,1,77800
numbered,plain,13271,مورا,1,77800
numbered,plain,13272,وتسير,1,77800
numbered,plain,13273,سيرا,1,77800
numbered,plain,13274,خوض,1,77800
numbered,plain,13275,أفسحر,1,77800
numbered,plain,13276,ونعيم,1,77800
numbered,plain,13277,واتبعتهم,1,77800
numbered,plain,13278,بإيمان,1,77800
numbered,plain,13279,ألحقنا,1,77800
numbered,plain,13280,ألتناهم,1,77800
numbered,plain,13281,رهين,1,77800
numbered,plain,13282,وأمددناهم,1,77800
numbered,plain,13283,لغو,1,77800
numbered,plain,13284,تأثيم,1,77800
numbered,plain,13285,غلمان,1,77800
numbered,plain,13286,لؤلؤ,1,77800
numbered,plain,13287,ووقانا,1,77800
numbered,plain,13288,ندعوه,1,77800
numbered,plain,13289,بكاهن,1,77800
numbered,plain,13290,المنون,1,77800
numbered,plain,13291,تربصوا,1,77800
numbered,plain,13292,المتربصين,1,77800
numbered,plain,13293,تأمرهم,1,77800
numbered,plain,13294,أحلامهم,1,77800
numbered,plain,13295,تقوله,1,77800
numbered,plain,13296,بحديث,1,77800
numbered,plain,13297,المصيطرون,1,77800
numbered,plain,13298,فليأت,1,77800
numbered,plain,13299,مستمعهم,1,77800
numbered,plain,13300,المكيدون,1,77800
numbered,plain,13301,ساقطا,1,77800
numbered,plain,13302,مركوم,1,77800
numbered,plain,13303,يصعقون,1,77800
numbered,plain,13304,وإدبار,1,77800
numbered,plain,13305,غوى,1,77800
numbered,plain,13306,وحي,1,77800
numbered,plain,13307,القوى,1,77800
numbered,plain,13308,دنا,1,77800
numbered,plain,13309,فتدلى,1,77800
numbered,plain,13310,قاب,1,77800
numbered,plain,13311,قوسين,1,77800
numbered,plain,13312,الفؤاد,1,77800
numbered,plain,13313,أفتمارونه,1,77800
numbered,plain,13314,نزلة,1,77800
numbered,plain,13315,سدرة,1,77800
numbered,plain,13316,السدرة,1,77800
numbered,plain,13317,زاغ,1,77800
numbered,plain,13318,اللات,1,77800
numbered,plain,13319,والعزى,1,77800
numbered,plain,13320,ومناة,1,77800
numbered,plain,13321,الثالثة,1,77800
numbered,plain,13322,ألكم,1,77800
numbered,plain,13323,ضيزى,1,77800
numbered,plain,13324,ويرضى,1,77800
numbered,plain,13325,ليسمون,1,77800
numbered,plain,13326,تسمية,1,77800
numbered,plain,13327,مبلغهم,1,77800
numbered,plain,13328,ويجزي,1,77800
numbered,plain,13329,اللمم,1,77800
numbered,plain,13330,أجنة,1,77800
numbered,plain,13331,تزكوا,1,77800
numbered,plain,13332,وأعطى,1,77800
numbered,plain,13333,وأكدى,1,77800
numbered,plain,13334,أعنده,1,77800
numbered,plain,13335,وفى,1,77800
numbered,plain,13336,سعيه,1,77800
numbered,plain,13337,يجزاه,1,77800
numbered,plain,13338,الجزاء,1,77800
numbered,plain,13339,الأوفى,1,77800
numbered,plain,13340,أضحك,1,77800
numbered,plain,13341,وأبكى,1,77800
numbered,plain,13342,أمات,1,77800
numbered,plain,13343,وأحيا,1,77800
numbered,plain,13344,وأقنى,1,77800
numbered,plain,13345,الشعرى,1,77800
numbered,plain,13346,أبقى,1,77800
numbered,plain,13347,وأطغى,1,77800
numbered,plain,13348,والمؤتفكة,1,77800
numbered,plain,13349,أهوى,1,77800
numbered,plain,13350,فغشاها,1,77800
numbered,plain,13351,غشى,1,77800
numbered,plain,13352,تتمارى,1,77800
numbered,plain,13353,أزفت,1,77800
numbered,plain,13354,كاشفة,1,77800
numbered,plain,13355,تعجبون,1,77800
numbered,plain,13356,وتضحكون,1,77800
numbered,plain,13357,تبكون,1,77800
numbered,plain,13358,سامدون,1,77800
numbered,plain,13359,فاسجدوا,1,77800
numbered,plain,13360,اقتربت,1,77800
numbered,plain,13361,وانشق,1,77800
numbered,plain,13362,يعرضوا,1,77800
numbered,plain,13363,ويقولوا,1,77800
numbered,plain,13364,مزدجر,1,77800
numbered,plain,13365,حكمة,1,77800
numbered,plain,13366,نكر,1,77800
numbered,plain,13367,خشعا,1,77800
numbered,plain,13368,جراد,1,77800
numbered,plain,13369,منتشر,1,77800
numbered,plain,13370,وازدجر,1,77800
numbered,plain,13371,مغلوب,1,77800
numbered,plain,13372,فانتصر,1,77800
numbered,plain,13373,ففتحنا,1,77800
numbered,plain,13374,منهمر,1,77800
numbered,plain,13375,عيونا,1,77800
numbered,plain,13376,فالتقى,1,77800
numbered,plain,13377,وحملناه,1,77800
numbered,plain,13378,ألواح,1,77800
numbered,plain,13379,ودسر,1,77800
numbered,plain,13380,تركناها,1,77800
numbered,plain,13381,نحس,1,77800
numbered,plain,13382,تنزع,1,77800
numbered,plain,13383,منقعر,1,77800
numbered,plain,13384,أبشرا,1,77800
numbered,plain,13385,نتبعه,1,77800
numbered,plain,13386,أألقي,1,77800
numbered,plain,13387,الكذاب,1,77800
numbered,plain,13388,الأشر,1,77800
numbered,plain,13389,مرسلو,1,77800
numbered,plain,13390,فارتقبهم,1,77800
numbered,plain,13391,محتضر,1,77800
numbered,plain,13392,صاحبهم,1,77800
numbered,plain,13393,فتعاطى,1,77800
numbered,plain,13394,فعقر,1,77800
numbered,plain,13395,كهشيم,1,77800
numbered,plain,13396,المحتظر,1,77800
numbered,plain,13397,نجيناهم,1,77800
numbered,plain,13398,أنذرهم,1,77800
numbered,plain,13399,بطشتنا,1,77800
numbered,plain,13400,فتماروا,1,77800
numbered,plain,13401,راودوه,1,77800
numbered,plain,13402,ضيفه,1,77800
numbered,plain,13403,فطمسنا,1,77800
numbered,plain,13404,صبحهم,1,77800
numbered,plain,13405,أكفاركم,1,77800
numbered,plain,13406,أولئكم,1,77800
numbered,plain,13407,منتصر,1,77800
numbered,plain,13408,سيهزم,1,77800
numbered,plain,13409,ويولون,1,77800
numbered,plain,13410,الدبر,1,77800
numbered,plain,13411,أدهى,1,77800
numbered,plain,13412,بالبصر,1,77800
numbered,plain,13413,أشياعكم,1,77800
numbered,plain,13414,صغير,1,77800
numbered,plain,13415,وكبير,1,77800
numbered,plain,13416,مستطر,1,77800
numbered,plain,13417,ونهر,1,77800
numbered,plain,13418,مقعد,1,77800
numbered,plain,13419,مليك,1,77800
numbered,plain,13420,البيان,1,77800
numbered,plain,13421,بحسبان,1,77800
numbered,plain,13422,يسجدان,1,77800
numbered,plain,13423,رفعها,1,77800
numbered,plain,13424,الوزن,1,77800
numbered,plain,13425,تخسروا,1,77800
numbered,plain,13426,وضعها,1,77800
numbered,plain,13427,للأنام,1,77800
numbered,plain,13428,الأكمام,1,77800
numbered,plain,13429,والحب,1,77800
numbered,plain,13430,العصف,1,77800
numbered,plain,13431,والريحان,1,77800
numbered,plain,13432,كالفخار,1,77800
numbered,plain,13433,الجان,1,77800
numbered,plain,13434,مارج,1,77800
numbered,plain,13435,المغربين,1,77800
numbered,plain,13436,يلتقيان,1,77800
numbered,plain,13437,يبغيان,1,77800
numbered,plain,13438,المنشآت,1,77800
numbered,plain,13439,فان,1,77800
numbered,plain,13440,ويبقى,1,77800
numbered,plain,13441,يسأله,1,77800
numbered,plain,13442,سنفرغ,1,77800
numbered,plain,13443,الثقلان,1,77800
numbered,plain,13444,تنفذوا,1,77800
numbered,plain,13445,أقطار,1,77800
numbered,plain,13446,فانفذوا,1,77800
numbered,plain,13447,تنفذون,1,77800
numbered,plain,13448,عليكما,1,77800
numbered,plain,13449,شواظ,1,77800
numbered,plain,13450,ونحاس,1,77800
numbered,plain,13451,تنتصران,1,77800
numbered,plain,13452,وردة,1,77800
numbered,plain,13453,كالدهان,1,77800
numbered,plain,13454,ذنبه,1,77800
numbered,plain,13455,يعرف,1,77800
numbered,plain,13456,فيؤخذ,1,77800
numbered,plain,13457,بالنواصي,1,77800
numbered,plain,13458,والأقدام,1,77800
numbered,plain,13459,يطوفون,1,77800
numbered,plain,13460,آن,1,77800
numbered,plain,13461,ذواتا,1,77800
numbered,plain,13462,أفنان,1,77800
numbered,plain,13463,تجريان,1,77800
numbered,plain,13464,زوجان,1,77800
numbered,plain,13465,فرش,1,77800
numbered,plain,13466,بطائنها,1,77800
numbered,plain,13467,إستبرق,1,77800
numbered,plain,13468,وجنى,1,77800
numbered,plain,13469,دان,1,77800
numbered,plain,13470,الياقوت,1,77800
numbered,plain,13471,مدهامتان,1,77800
numbered,plain,13472,نضاختان,1,77800
numbered,plain,13473,ورمان,1,77800
numbered,plain,13474,خيرات,1,77800
numbered,plain,13475,حور,1,77800
numbered,plain,13476,مقصورات,1,77800
numbered,plain,13477,الخيام,1,77800
numbered,plain,13478,رفرف,1,77800
numbered,plain,13479,وعبقري,1,77800
numbered,plain,13480,لوقعتها,1,77800
numbered,plain,13481,خافضة,1,77800
numbered,plain,13482,رافعة,1,77800
numbered,plain,13483,رجت,1,77800
numbered,plain,13484,رجا,1,77800
numbered,plain,13485,وبست,1,77800
numbered,plain,13486,بسا,1,77800
numbered,plain,13487,منبثا,1,77800
numbered,plain,13488,فأصحاب,1,77800
numbered,plain,13489,السابقون,1,77800
numbered,plain,13490,موضونة,1,77800
numbered,plain,13491,بأكواب,1,77800
numbered,plain,13492,وأباريق,1,77800
numbered,plain,13493,وكأس,1,77800
numbered,plain,13494,يتخيرون,1,77800
numbered,plain,13495,طير,1,77800
numbered,plain,13496,وحور,1,77800
numbered,plain,13497,كأمثال,1,77800
numbered,plain,13498,المكنون,1,77800
numbered,plain,13499,تأثيما,1,77800
numbered,plain,13500,مخضود,1,77800
numbered,plain,13501,وطلح,1,77800
numbered,plain,13502,ممدود,1,77800
numbered,plain,13503,وماء,1,77800
numbered,plain,13504,مسكوب,1,77800
numbered,plain,13505,مقطوعة,1,77800
numbered,plain,13506,ممنوعة,1,77800
numbered,plain,13507,وفرش,1,77800
numbered,plain,13508,أنشأناهن,1,77800
numbered,plain,13509,إنشاء,1,77800
numbered,plain,13510,فجعلناهن,1,77800
numbered,plain,13511,أبكارا,1,77800
numbered,plain,13512,عربا,1,77800
numbered,plain,13513,وثلة,1,77800
numbered,plain,13514,سموم,1,77800
numbered,plain,13515,وحميم,1,77800
numbered,plain,13516,يحموم,1,77800
numbered,plain,13517,مترفين,1,77800
numbered,plain,13518,يصرون,1,77800
numbered,plain,13519,الحنث,1,77800
numbered,plain,13520,أئذا,1,77800
numbered,plain,13521,والآخرين,1,77800
numbered,plain,13522,لمجموعون,1,77800
numbered,plain,13523,المكذبون,1,77800
numbered,plain,13524,زقوم,1,77800
numbered,plain,13525,الهيم,1,77800
numbered,plain,13526,نزلهم,1,77800
numbered,plain,13527,تصدقون,1,77800
numbered,plain,13528,تخلقونه,1,77800
numbered,plain,13529,وننشئكم,1,77800
numbered,plain,13530,تحرثون,1,77800
numbered,plain,13531,تزرعونه,1,77800
numbered,plain,13532,الزارعون,1,77800
numbered,plain,13533,فظلتم,1,77800
numbered,plain,13534,تفكهون,1,77800
numbered,plain,13535,لمغرمون,1,77800
numbered,plain,13536,أنزلتموه,1,77800
numbered,plain,13537,المزن,1,77800
numbered,plain,13538,المنزلون,1,77800
numbered,plain,13539,أجاجا,1,77800
numbered,plain,13540,تورون,1,77800
numbered,plain,13541,أنشأتم,1,77800
numbered,plain,13542,شجرتها,1,77800
numbered,plain,13543,المنشئون,1,77800
numbered,plain,13544,للمقوين,1,77800
numbered,plain,13545,بمواقع,1,77800
numbered,plain,13546,لقسم,1,77800
numbered,plain,13547,لقرآن,1,77800
numbered,plain,13548,يمسه,1,77800
numbered,plain,13549,المطهرون,1,77800
numbered,plain,13550,أفبهذا,1,77800
numbered,plain,13551,مدهنون,1,77800
numbered,plain,13552,الحلقوم,1,77800
numbered,plain,13553,حينئذ,1,77800
numbered,plain,13554,مدينين,1,77800
numbered,plain,13555,ترجعونها,1,77800
numbered,plain,13556,فروح,1,77800
numbered,plain,13557,وريحان,1,77800
numbered,plain,13558,وجنت,1,77800
numbered,plain,13559,فسلام,1,77800
numbered,plain,13560,فنزل,1,77800
numbered,plain,13561,وتصلية,1,77800
numbered,plain,13562,والآخر,1,77800
numbered,plain,13563,والظاهر,1,77800
numbered,plain,13564,والباطن,1,77800
numbered,plain,13565,مستخلفين,1,77800
numbered,plain,13566,وقاتل,1,77800
numbered,plain,13567,بشراكم,1,77800
numbered,plain,13568,انظرونا,1,77800
numbered,plain,13569,نقتبس,1,77800
numbered,plain,13570,نوركم,1,77800
numbered,plain,13571,فالتمسوا,1,77800
numbered,plain,13572,بسور,1,77800
numbered,plain,13573,باطنه,1,77800
numbered,plain,13574,وظاهره,1,77800
numbered,plain,13575,ينادونهم,1,77800
numbered,plain,13576,وتربصتم,1,77800
numbered,plain,13577,وارتبتم,1,77800
numbered,plain,13578,الأماني,1,77800
numbered,plain,13579,وغركم,1,77800
numbered,plain,13580,مأواكم,1,77800
numbered,plain,13581,يأن,1,77800
numbered,plain,13582,تخشع,1,77800
numbered,plain,13583,فطال,1,77800
numbered,plain,13584,الأمد,1,77800
numbered,plain,13585,فقست,1,77800
numbered,plain,13586,والمصدقات,1,77800
numbered,plain,13587,الصديقون,1,77800
numbered,plain,13588,ونورهم,1,77800
numbered,plain,13589,وتفاخر,1,77800
numbered,plain,13590,وتكاثر,1,77800
numbered,plain,13591,غيث,1,77800
numbered,plain,13592,أعجب,1,77800
numbered,plain,13593,سابقوا,1,77800
numbered,plain,13594,كعرض,1,77800
numbered,plain,13595,نبرأها,1,77800
numbered,plain,13596,تأسوا,1,77800
numbered,plain,13597,تفرحوا,1,77800
numbered,plain,13598,ليقوم,1,77800
numbered,plain,13599,مهتد,1,77800
numbered,plain,13600,قفينا,1,77800
numbered,plain,13601,برسلنا,1,77800
numbered,plain,13602,ورهبانية,1,77800
numbered,plain,13603,ابتدعوها,1,77800
numbered,plain,13604,كتبناها,1,77800
numbered,plain,13605,رعوها,1,77800
numbered,plain,13606,رعايتها,1,77800
numbered,plain,13607,فآتينا,1,77800
numbered,plain,13608,برسوله,1,77800
numbered,plain,13609,كفلين,1,77800
numbered,plain,13610,تمشون,1,77800
numbered,plain,13611,تجادلك,1,77800
numbered,plain,13612,وتشتكي,1,77800
numbered,plain,13613,تحاوركما,1,77800
numbered,plain,13614,ولدنهم,1,77800
numbered,plain,13615,منكرا,1,77800
numbered,plain,13616,توعظون,1,77800
numbered,plain,13617,فإطعام,1,77800
numbered,plain,13618,ستين,1,77800
numbered,plain,13619,كبتوا,1,77800
numbered,plain,13620,كبت,1,77800
numbered,plain,13621,أحصاه,1,77800
numbered,plain,13622,ونسوه,1,77800
numbered,plain,13623,ويتناجون,1,77800
numbered,plain,13624,حيوك,1,77800
numbered,plain,13625,يحيك,1,77800
numbered,plain,13626,يعذبنا,1,77800
numbered,plain,13627,تناجيتم,1,77800
numbered,plain,13628,تتناجوا,1,77800
numbered,plain,13629,وتناجوا,1,77800
numbered,plain,13630,ليحزن,1,77800
numbered,plain,13631,بضارهم,1,77800
numbered,plain,13632,تفسحوا,1,77800
numbered,plain,13633,المجالس,1,77800
numbered,plain,13634,فافسحوا,1,77800
numbered,plain,13635,يفسح,1,77800
numbered,plain,13636,انشزوا,1,77800
numbered,plain,13637,فانشزوا,1,77800
numbered,plain,13638,ناجيتم,1,77800
numbered,plain,13639,فقدموا,1,77800
numbered,plain,13640,أأشفقتم,1,77800
numbered,plain,13641,صدقات,1,77800
numbered,plain,13642,وتاب,1,77800
numbered,plain,13643,فيحلفون,1,77800
numbered,plain,13644,استحوذ,1,77800
numbered,plain,13645,الأذلين,1,77800
numbered,plain,13646,لأغلبن,1,77800
numbered,plain,13647,يوادون,1,77800
numbered,plain,13648,حاد,1,77800
numbered,plain,13649,إخوانهم,1,77800
numbered,plain,13650,عشيرتهم,1,77800
numbered,plain,13651,وأيدهم,1,77800
numbered,plain,13652,لأول,1,77800
numbered,plain,13653,الحشر,1,77800
numbered,plain,13654,مانعتهم,1,77800
numbered,plain,13655,حصونهم,1,77800
numbered,plain,13656,يحتسبوا,1,77800
numbered,plain,13657,يخربون,1,77800
numbered,plain,13658,وأيدي,1,77800
numbered,plain,13659,فاعتبروا,1,77800
numbered,plain,13660,الجلاء,1,77800
numbered,plain,13661,لعذبهم,1,77800
numbered,plain,13662,يشاق,1,77800
numbered,plain,13663,قطعتم,1,77800
numbered,plain,13664,لينة,1,77800
numbered,plain,13665,تركتموها,1,77800
numbered,plain,13666,أصولها,1,77800
numbered,plain,13667,وليخزي,1,77800
numbered,plain,13668,أوجفتم,1,77800
numbered,plain,13669,خيل,1,77800
numbered,plain,13670,ركاب,1,77800
numbered,plain,13671,يسلط,1,77800
numbered,plain,13672,دولة,1,77800
numbered,plain,13673,الأغنياء,1,77800
numbered,plain,13674,نهاكم,1,77800
numbered,plain,13675,فانتهوا,1,77800
numbered,plain,13676,وينصرون,1,77800
numbered,plain,13677,تبوءوا,1,77800
numbered,plain,13678,هاجر,1,77800
numbered,plain,13679,ويؤثرون,1,77800
numbered,plain,13680,خصاصة,1,77800
numbered,plain,13681,ولإخواننا,1,77800
numbered,plain,13682,غلا,1,77800
numbered,plain,13683,أخرجتم,1,77800
numbered,plain,13684,لنخرجن,1,77800
numbered,plain,13685,نطيع,1,77800
numbered,plain,13686,قوتلتم,1,77800
numbered,plain,13687,لننصرنكم,1,77800
numbered,plain,13688,قوتلوا,1,77800
numbered,plain,13689,نصروهم,1,77800
numbered,plain,13690,ليولن,1,77800
numbered,plain,13691,لأنتم,1,77800
numbered,plain,13692,رهبة,1,77800
numbered,plain,13693,محصنة,1,77800
numbered,plain,13694,جدر,1,77800
numbered,plain,13695,بأسهم,1,77800
numbered,plain,13696,تحسبهم,1,77800
numbered,plain,13697,اكفر,1,77800
numbered,plain,13698,عاقبتهما,1,77800
numbered,plain,13699,ولتنظر,1,77800
numbered,plain,13700,لغد,1,77800
numbered,plain,13701,لرأيته,1,77800
numbered,plain,13702,خاشعا,1,77800
numbered,plain,13703,متصدعا,1,77800
numbered,plain,13704,المؤمن,1,77800
numbered,plain,13705,المهيمن,1,77800
numbered,plain,13706,الجبار,1,77800
numbered,plain,13707,المتكبر,1,77800
numbered,plain,13708,الخالق,1,77800
numbered,plain,13709,البارئ,1,77800
numbered,plain,13710,المصور,1,77800
numbered,plain,13711,عدوي,1,77800
numbered,plain,13712,تلقون,1,77800
numbered,plain,13713,خرجتم,1,77800
numbered,plain,13714,مرضاتي,1,77800
numbered,plain,13715,أخفيتم,1,77800
numbered,plain,13716,أعلنتم,1,77800
numbered,plain,13717,يفعله,1,77800
numbered,plain,13718,يثقفوكم,1,77800
numbered,plain,13719,ويبسطوا,1,77800
numbered,plain,13720,وألسنتهم,1,77800
numbered,plain,13721,وودوا,1,77800
numbered,plain,13722,تنفعكم,1,77800
numbered,plain,13723,لقومهم,1,77800
numbered,plain,13724,برآء,1,77800
numbered,plain,13725,لأستغفرن,1,77800
numbered,plain,13726,أنبنا,1,77800
numbered,plain,13727,عاديتم,1,77800
numbered,plain,13728,يخرجوكم,1,77800
numbered,plain,13729,تبروهم,1,77800
numbered,plain,13730,وتقسطوا,1,77800
numbered,plain,13731,وأخرجوكم,1,77800
numbered,plain,13732,وظاهروا,1,77800
numbered,plain,13733,إخراجكم,1,77800
numbered,plain,13734,مهاجرات,1,77800
numbered,plain,13735,فامتحنوهن,1,77800
numbered,plain,13736,بإيمانهن,1,77800
numbered,plain,13737,علمتموهن,1,77800
numbered,plain,13738,ترجعوهن,1,77800
numbered,plain,13739,تمسكوا,1,77800
numbered,plain,13740,بعصم,1,77800
numbered,plain,13741,الكوافر,1,77800
numbered,plain,13742,وليسألوا,1,77800
numbered,plain,13743,فعاقبتم,1,77800
numbered,plain,13744,فآتوا,1,77800
numbered,plain,13745,ذهبت,1,77800
numbered,plain,13746,يبايعنك,1,77800
numbered,plain,13747,يشركن,1,77800
numbered,plain,13748,يسرقن,1,77800
numbered,plain,13749,يزنين,1,77800
numbered,plain,13750,يقتلن,1,77800
numbered,plain,13751,ببهتان,1,77800
numbered,plain,13752,يفترينه,1,77800
numbered,plain,13753,وأرجلهن,1,77800
numbered,plain,13754,يعصينك,1,77800
numbered,plain,13755,فبايعهن,1,77800
numbered,plain,13756,بنيان,1,77800
numbered,plain,13757,مرصوص,1,77800
numbered,plain,13758,تؤذونني,1,77800
numbered,plain,13759,زاغوا,1,77800
numbered,plain,13760,أزاغ,1,77800
numbered,plain,13761,برسول,1,77800
numbered,plain,13762,أحمد,1,77800
numbered,plain,13763,يدعى,1,77800
numbered,plain,13764,ليطفئوا,1,77800
numbered,plain,13765,تنجيكم,1,77800
numbered,plain,13766,وتجاهدون,1,77800
numbered,plain,13767,تحبونها,1,77800
numbered,plain,13768,وفتح,1,77800
numbered,plain,13769,للحواريين,1,77800
numbered,plain,13770,فآمنت,1,77800
numbered,plain,13771,وكفرت,1,77800
numbered,plain,13772,فأيدنا,1,77800
numbered,plain,13773,عدوهم,1,77800
numbered,plain,13774,حملوا,1,77800
numbered,plain,13775,يحملوها,1,77800
numbered,plain,13776,الحمار,1,77800
numbered,plain,13777,أسفارا,1,77800
numbered,plain,13778,يتمنونه,1,77800
numbered,plain,13779,تفرون,1,77800
numbered,plain,13780,ملاقيكم,1,77800
numbered,plain,13781,للصلاة,1,77800
numbered,plain,13782,الجمعة,1,77800
numbered,plain,13783,فاسعوا,1,77800
numbered,plain,13784,انفضوا,1,77800
numbered,plain,13785,وتركوك,1,77800
numbered,plain,13786,اللهو,1,77800
numbered,plain,13787,التجارة,1,77800
numbered,plain,13788,نشهد,1,77800
numbered,plain,13789,لرسوله,1,77800
numbered,plain,13790,فطبع,1,77800
numbered,plain,13791,أجسامهم,1,77800
numbered,plain,13792,لقولهم,1,77800
numbered,plain,13793,خشب,1,77800
numbered,plain,13794,مسندة,1,77800
numbered,plain,13795,العدو,1,77800
numbered,plain,13796,فاحذرهم,1,77800
numbered,plain,13797,لووا,1,77800
numbered,plain,13798,ورأيتهم,1,77800
numbered,plain,13799,أستغفرت,1,77800
numbered,plain,13800,ينفضوا,1,77800
numbered,plain,13801,رجعنا,1,77800
numbered,plain,13802,الأعز,1,77800
numbered,plain,13803,الأذل,1,77800
numbered,plain,13804,ولرسوله,1,77800
numbered,plain,13805,تلهكم,1,77800
numbered,plain,13806,أخرتني,1,77800
numbered,plain,13807,فأصدق,1,77800
numbered,plain,13808,فذاقوا,1,77800
numbered,plain,13809,أبشر,1,77800
numbered,plain,13810,يهدوننا,1,77800
numbered,plain,13811,زعم,1,77800
numbered,plain,13812,يبعثوا,1,77800
numbered,plain,13813,لتبعثن,1,77800
numbered,plain,13814,لتنبؤن,1,77800
numbered,plain,13815,عملتم,1,77800
numbered,plain,13816,التغابن,1,77800
numbered,plain,13817,ويدخله,1,77800
numbered,plain,13818,فاحذروهم,1,77800
numbered,plain,13819,وتصفحوا,1,77800
numbered,plain,13820,وتغفروا,1,77800
numbered,plain,13821,تقرضوا,1,77800
numbered,plain,13822,يضاعفه,1,77800
numbered,plain,13823,فطلقوهن,1,77800
numbered,plain,13824,لعدتهن,1,77800
numbered,plain,13825,وأحصوا,1,77800
numbered,plain,13826,تخرجوهن,1,77800
numbered,plain,13827,بيوتهن,1,77800
numbered,plain,13828,يخرجن,1,77800
numbered,plain,13829,فارقوهن,1,77800
numbered,plain,13830,مخرجا,1,77800
numbered,plain,13831,ويرزقه,1,77800
numbered,plain,13832,يحتسب,1,77800
numbered,plain,13833,حسبه,1,77800
numbered,plain,13834,يئسن,1,77800
numbered,plain,13835,فعدتهن,1,77800
numbered,plain,13836,يحضن,1,77800
numbered,plain,13837,وأولات,1,77800
numbered,plain,13838,الأحمال,1,77800
numbered,plain,13839,ويعظم,1,77800
numbered,plain,13840,أسكنوهن,1,77800
numbered,plain,13841,سكنتم,1,77800
numbered,plain,13842,وجدكم,1,77800
numbered,plain,13843,تضاروهن,1,77800
numbered,plain,13844,لتضيقوا,1,77800
numbered,plain,13845,أولات,1,77800
numbered,plain,13846,فأنفقوا,1,77800
numbered,plain,13847,أرضعن,1,77800
numbered,plain,13848,وأتمروا,1,77800
numbered,plain,13849,تعاسرتم,1,77800
numbered,plain,13850,فسترضع,1,77800
numbered,plain,13851,لينفق,1,77800
numbered,plain,13852,فلينفق,1,77800
numbered,plain,13853,آتاها,1,77800
numbered,plain,13854,عتت,1,77800
numbered,plain,13855,فحاسبناها,1,77800
numbered,plain,13856,وعذبناها,1,77800
numbered,plain,13857,فذاقت,1,77800
numbered,plain,13858,خسرا,1,77800
numbered,plain,13859,ليخرج,1,77800
numbered,plain,13860,مثلهن,1,77800
numbered,plain,13861,يتنزل,1,77800
numbered,plain,13862,بينهن,1,77800
numbered,plain,13863,تحرم,1,77800
numbered,plain,13864,تحلة,1,77800
numbered,plain,13865,نبأت,1,77800
numbered,plain,13866,وأظهره,1,77800
numbered,plain,13867,عرف,1,77800
numbered,plain,13868,نبأها,1,77800
numbered,plain,13869,أنبأك,1,77800
numbered,plain,13870,نبأني,1,77800
numbered,plain,13871,تتوبا,1,77800
numbered,plain,13872,صغت,1,77800
numbered,plain,13873,قلوبكما,1,77800
numbered,plain,13874,وصالح,1,77800
numbered,plain,13875,طلقكن,1,77800
numbered,plain,13876,يبدله,1,77800
numbered,plain,13877,مسلمات,1,77800
numbered,plain,13878,تائبات,1,77800
numbered,plain,13879,عابدات,1,77800
numbered,plain,13880,سائحات,1,77800
numbered,plain,13881,ثيبات,1,77800
numbered,plain,13882,وأبكارا,1,77800
numbered,plain,13883,قوا,1,77800
numbered,plain,13884,وأهليكم,1,77800
numbered,plain,13885,غلاظ,1,77800
numbered,plain,13886,يعصون,1,77800
numbered,plain,13887,نصوحا,1,77800
numbered,plain,13888,يخزي,1,77800
numbered,plain,13889,أتمم,1,77800
numbered,plain,13890,نورنا,1,77800
numbered,plain,13891,وامرأت,1,77800
numbered,plain,13892,عبدين,1,77800
numbered,plain,13893,فخانتاهما,1,77800
numbered,plain,13894,يغنيا,1,77800
numbered,plain,13895,ادخلا,1,77800
numbered,plain,13896,الداخلين,1,77800
numbered,plain,13897,وعمله,1,77800
numbered,plain,13898,ومريم,1,77800
numbered,plain,13899,ابنت,1,77800
numbered,plain,13900,وصدقت,1,77800
numbered,plain,13901,القانتين,1,77800
numbered,plain,13902,والحياة,1,77800
numbered,plain,13903,تفاوت,1,77800
numbered,plain,13904,فارجع,1,77800
numbered,plain,13905,فطور,1,77800
numbered,plain,13906,كرتين,1,77800
numbered,plain,13907,خاسئا,1,77800
numbered,plain,13908,حسير,1,77800
numbered,plain,13909,رجوما,1,77800
numbered,plain,13910,للشياطين,1,77800
numbered,plain,13911,وللذين,1,77800
numbered,plain,13912,شهيقا,1,77800
numbered,plain,13913,تفور,1,77800
numbered,plain,13914,تميز,1,77800
numbered,plain,13915,سألهم,1,77800
numbered,plain,13916,فكذبنا,1,77800
numbered,plain,13917,نعقل,1,77800
numbered,plain,13918,فاعترفوا,1,77800
numbered,plain,13919,فسحقا,1,77800
numbered,plain,13920,اجهروا,1,77800
numbered,plain,13921,ذلولا,1,77800
numbered,plain,13922,فامشوا,1,77800
numbered,plain,13923,مناكبها,1,77800
numbered,plain,13924,أأمنتم,1,77800
numbered,plain,13925,ويقبضن,1,77800
numbered,plain,13926,غرور,1,77800
numbered,plain,13927,لجوا,1,77800
numbered,plain,13928,عتو,1,77800
numbered,plain,13929,ونفور,1,77800
numbered,plain,13930,مكبا,1,77800
numbered,plain,13931,زلفة,1,77800
numbered,plain,13932,سيئت,1,77800
numbered,plain,13933,أهلكني,1,77800
numbered,plain,13934,رحمنا,1,77800
numbered,plain,13935,أصبح,1,77800
numbered,plain,13936,ماؤكم,1,77800
numbered,plain,13937,ن,1,77800
numbered,plain,13938,والقلم,1,77800
numbered,plain,13939,يسطرون,1,77800
numbered,plain,13940,فستبصر,1,77800
numbered,plain,13941,ويبصرون,1,77800
numbered,plain,13942,بأييكم,1,77800
numbered,plain,13943,المفتون,1,77800
numbered,plain,13944,تدهن,1,77800
numbered,plain,13945,فيدهنون,1,77800
numbered,plain,13946,حلاف,1,77800
numbered,plain,13947,هماز,1,77800
numbered,plain,13948,مشاء,1,77800
numbered,plain,13949,بنميم,1,77800
numbered,plain,13950,عتل,1,77800
numbered,plain,13951,زنيم,1,77800
numbered,plain,13952,سنسمه,1,77800
numbered,plain,13953,الخرطوم,1,77800
numbered,plain,13954,بلوناهم,1,77800
numbered,plain,13955,بلونا,1,77800
numbered,plain,13956,ليصرمنها,1,77800
numbered,plain,13957,يستثنون,1,77800
numbered,plain,13958,فطاف,1,77800
numbered,plain,13959,فأصبحت,1,77800
numbered,plain,13960,كالصريم,1,77800
numbered,plain,13961,فتنادوا,1,77800
numbered,plain,13962,اغدوا,1,77800
numbered,plain,13963,صارمين,1,77800
numbered,plain,13964,فانطلقوا,1,77800
numbered,plain,13965,يدخلنها,1,77800
numbered,plain,13966,وغدوا,1,77800
numbered,plain,13967,حرد,1,77800
numbered,plain,13968,رأوها,1,77800
numbered,plain,13969,أوسطهم,1,77800
numbered,plain,13970,تسبحون,1,77800
numbered,plain,13971,يتلاومون,1,77800
numbered,plain,13972,يبدلنا,1,77800
numbered,plain,13973,أفنجعل,1,77800
numbered,plain,13974,كالمجرمين,1,77800
numbered,plain,13975,تخيرون,1,77800
numbered,plain,13976,سلهم,1,77800
numbered,plain,13977,يكشف,1,77800
numbered,plain,13978,ساق,1,77800
numbered,plain,13979,ويدعون,1,77800
numbered,plain,13980,سالمون,1,77800
numbered,plain,13981,فذرني,1,77800
numbered,plain,13982,كصاحب,1,77800
numbered,plain,13983,مكظوم,1,77800
numbered,plain,13984,تداركه,1,77800
numbered,plain,13985,لنبذ,1,77800
numbered,plain,13986,مذموم,1,77800
numbered,plain,13987,فاجتباه,1,77800
numbered,plain,13988,ليزلقونك,1,77800
numbered,plain,13989,بأبصارهم,1,77800
numbered,plain,13990,بالقارعة,1,77800
numbered,plain,13991,بالطاغية,1,77800
numbered,plain,13992,صرصر,1,77800
numbered,plain,13993,عاتية,1,77800
numbered,plain,13994,وثمانية,1,77800
numbered,plain,13995,حسوما,1,77800
numbered,plain,13996,صرعى,1,77800
numbered,plain,13997,بالخاطئة,1,77800
numbered,plain,13998,فعصوا,1,77800
numbered,plain,13999,أخذة,1,77800
numbered,plain,14000,رابية,1,77800
numbered,plain,14001,حملناكم,1,77800
numbered,plain,14002,الجارية,1,77800
numbered,plain,14003,لنجعلها,1,77800
numbered,plain,14004,وتعيها,1,77800
numbered,plain,14005,واعية,1,77800
numbered,plain,14006,نفخة,1,77800
numbered,plain,14007,وحملت,1,77800
numbered,plain,14008,فدكتا,1,77800
numbered,plain,14009,دكة,1,77800
numbered,plain,14010,وانشقت,1,77800
numbered,plain,14011,واهية,1,77800
numbered,plain,14012,أرجائها,1,77800
numbered,plain,14013,ويحمل,1,77800
numbered,plain,14014,تعرضون,1,77800
numbered,plain,14015,تخفى,1,77800
numbered,plain,14016,خافية,1,77800
numbered,plain,14017,هاؤم,1,77800
numbered,plain,14018,اقرءوا,1,77800
numbered,plain,14019,ظننت,1,77800
numbered,plain,14020,ملاق,1,77800
numbered,plain,14021,أسلفتم,1,77800
numbered,plain,14022,الخالية,1,77800
numbered,plain,14023,بشماله,1,77800
numbered,plain,14024,أوت,1,77800
numbered,plain,14025,أدر,1,77800
numbered,plain,14026,ليتها,1,77800
numbered,plain,14027,القاضية,1,77800
numbered,plain,14028,ماليه,1,77800
numbered,plain,14029,سلطانيه,1,77800
numbered,plain,14030,فغلوه,1,77800
numbered,plain,14031,صلوه,1,77800
numbered,plain,14032,سلسلة,1,77800
numbered,plain,14033,ذرعها,1,77800
numbered,plain,14034,سبعون,1,77800
numbered,plain,14035,ذراعا,1,77800
numbered,plain,14036,فاسلكوه,1,77800
numbered,plain,14037,غسلين,1,77800
numbered,plain,14038,الخاطئون,1,77800
numbered,plain,14039,كاهن,1,77800
numbered,plain,14040,الأقاويل,1,77800
numbered,plain,14041,لأخذنا,1,77800
numbered,plain,14042,لقطعنا,1,77800
numbered,plain,14043,الوتين,1,77800
numbered,plain,14044,حاجزين,1,77800
numbered,plain,14045,لتذكرة,1,77800
numbered,plain,14046,مكذبين,1,77800
numbered,plain,14047,لحسرة,1,77800
numbered,plain,14048,سأل,1,77800
numbered,plain,14049,سائل,1,77800
numbered,plain,14050,المعارج,1,77800
numbered,plain,14051,تعرج,1,77800
numbered,plain,14052,يرونه,1,77800
numbered,plain,14053,ونراه,1,77800
numbered,plain,14054,يبصرونهم,1,77800
numbered,plain,14055,المجرم,1,77800
numbered,plain,14056,يفتدي,1,77800
numbered,plain,14057,ببنيه,1,77800
numbered,plain,14058,وفصيلته,1,77800
numbered,plain,14059,تؤويه,1,77800
numbered,plain,14060,ينجيه,1,77800
numbered,plain,14061,لظى,1,77800
numbered,plain,14062,نزاعة,1,77800
numbered,plain,14063,للشوى,1,77800
numbered,plain,14064,تدعو,1,77800
numbered,plain,14065,فأوعى,1,77800
numbered,plain,14066,هلوعا,1,77800
numbered,plain,14067,جزوعا,1,77800
numbered,plain,14068,منوعا,1,77800
numbered,plain,14069,دائمون,1,77800
numbered,plain,14070,يصدقون,1,77800
numbered,plain,14071,مأمون,1,77800
numbered,plain,14072,بشهاداتهم,1,77800
numbered,plain,14073,قائمون,1,77800
numbered,plain,14074,عزين,1,77800
numbered,plain,14075,أيطمع,1,77800
numbered,plain,14076,والمغارب,1,77800
numbered,plain,14077,يوفضون,1,77800
numbered,plain,14078,دعوت,1,77800
numbered,plain,14079,ونهارا,1,77800
numbered,plain,14080,يزدهم,1,77800
numbered,plain,14081,دعائي,1,77800
numbered,plain,14082,لتغفر,1,77800
numbered,plain,14083,واستغشوا,1,77800
numbered,plain,14084,وأصروا,1,77800
numbered,plain,14085,جهارا,1,77800
numbered,plain,14086,أعلنت,1,77800
numbered,plain,14087,وأسررت,1,77800
numbered,plain,14088,إسرارا,1,77800
numbered,plain,14089,فقلت,1,77800
numbered,plain,14090,غفارا,1,77800
numbered,plain,14091,ويمددكم,1,77800
numbered,plain,14092,ترجون,1,77800
numbered,plain,14093,وقارا,1,77800
numbered,plain,14094,أطوارا,1,77800
numbered,plain,14095,أنبتكم,1,77800
numbered,plain,14096,ويخرجكم,1,77800
numbered,plain,14097,إخراجا,1,77800
numbered,plain,14098,بساطا,1,77800
numbered,plain,14099,لتسلكوا,1,77800
numbered,plain,14100,عصوني,1,77800
numbered,plain,14101,يزده,1,77800
numbered,plain,14102,وولده,1,77800
numbered,plain,14103,كبارا,1,77800
numbered,plain,14104,سواعا,1,77800
numbered,plain,14105,يغوث,1,77800
numbered,plain,14106,ويعوق,1,77800
numbered,plain,14107,ونسرا,1,77800
numbered,plain,14108,أضلوا,1,77800
numbered,plain,14109,خطيئاتهم,1,77800
numbered,plain,14110,أغرقوا,1,77800
numbered,plain,14111,فأدخلوا,1,77800
numbered,plain,14112,أنصارا,1,77800
numbered,plain,14113,ديارا,1,77800
numbered,plain,14114,تذرهم,1,77800
numbered,plain,14115,يضلوا,1,77800
numbered,plain,14116,يلدوا,1,77800
numbered,plain,14117,فاجرا,1,77800
numbered,plain,14118,تبارا,1,77800
numbered,plain,14119,استمع,1,77800
numbered,plain,14120,جد,1,77800
numbered,plain,14121,سفيهنا,1,77800
numbered,plain,14122,يعوذون,1,77800
numbered,plain,14123,برجال,1,77800
numbered,plain,14124,فزادوهم,1,77800
numbered,plain,14125,ظنوا,1,77800
numbered,plain,14126,لمسنا,1,77800
numbered,plain,14127,فوجدناها,1,77800
numbered,plain,14128,ملئت,1,77800
numbered,plain,14129,حرسا,1,77800
numbered,plain,14130,وشهبا,1,77800
numbered,plain,14131,نقعد,1,77800
numbered,plain,14132,للسمع,1,77800
numbered,plain,14133,شهابا,1,77800
numbered,plain,14134,قددا,1,77800
numbered,plain,14135,نعجز,1,77800
numbered,plain,14136,نعجزه,1,77800
numbered,plain,14137,هربا,1,77800
numbered,plain,14138,بربه,1,77800
numbered,plain,14139,بخسا,1,77800
numbered,plain,14140,المسلمون,1,77800
numbered,plain,14141,تحروا,1,77800
numbered,plain,14142,حطبا,1,77800
numbered,plain,14143,الطريقة,1,77800
numbered,plain,14144,لأسقيناهم,1,77800
numbered,plain,14145,غدقا,1,77800
numbered,plain,14146,يسلكه,1,77800
numbered,plain,14147,صعدا,1,77800
numbered,plain,14148,قام,1,77800
numbered,plain,14149,يدعوه,1,77800
numbered,plain,14150,يكونون,1,77800
numbered,plain,14151,يجيرني,1,77800
numbered,plain,14152,بلاغا,1,77800
numbered,plain,14153,ورسالاته,1,77800
numbered,plain,14154,أضعف,1,77800
numbered,plain,14155,ناصرا,1,77800
numbered,plain,14156,غيبه,1,77800
numbered,plain,14157,يسلك,1,77800
numbered,plain,14158,أبلغوا,1,77800
numbered,plain,14159,وأحاط,1,77800
numbered,plain,14160,وأحصى,1,77800
numbered,plain,14161,المزمل,1,77800
numbered,plain,14162,نصفه,1,77800
numbered,plain,14163,انقص,1,77800
numbered,plain,14164,زد,1,77800
numbered,plain,14165,ورتل,1,77800
numbered,plain,14166,ناشئة,1,77800
numbered,plain,14167,وطئا,1,77800
numbered,plain,14168,وتبتل,1,77800
numbered,plain,14169,تبتيلا,1,77800
numbered,plain,14170,فاتخذه,1,77800
numbered,plain,14171,واهجرهم,1,77800
numbered,plain,14172,هجرا,1,77800
numbered,plain,14173,وذرني,1,77800
numbered,plain,14174,والمكذبين,1,77800
numbered,plain,14175,النعمة,1,77800
numbered,plain,14176,ومهلهم,1,77800
numbered,plain,14177,أنكالا,1,77800
numbered,plain,14178,وجحيما,1,77800
numbered,plain,14179,وطعاما,1,77800
numbered,plain,14180,غصة,1,77800
numbered,plain,14181,وعذابا,1,77800
numbered,plain,14182,كثيبا,1,77800
numbered,plain,14183,مهيلا,1,77800
numbered,plain,14184,فعصى,1,77800
numbered,plain,14185,أخذا,1,77800
numbered,plain,14186,وبيلا,1,77800
numbered,plain,14187,منفطر,1,77800
numbered,plain,14188,ثلثي,1,77800
numbered,plain,14189,ونصفه,1,77800
numbered,plain,14190,وثلثه,1,77800
numbered,plain,14191,تحصوه,1,77800
numbered,plain,14192,سيكون,1,77800
numbered,plain,14193,وأعظم,1,77800
numbered,plain,14194,المدثر,1,77800
numbered,plain,14195,فأنذر,1,77800
numbered,plain,14196,فكبر,1,77800
numbered,plain,14197,وثيابك,1,77800
numbered,plain,14198,فطهر,1,77800
numbered,plain,14199,والرجز,1,77800
numbered,plain,14200,فاهجر,1,77800
numbered,plain,14201,تمنن,1,77800
numbered,plain,14202,تستكثر,1,77800
numbered,plain,14203,ولربك,1,77800
numbered,plain,14204,نقر,1,77800
numbered,plain,14205,الناقور,1,77800
numbered,plain,14206,عسير,1,77800
numbered,plain,14207,ذرني,1,77800
numbered,plain,14208,وحيدا,1,77800
numbered,plain,14209,وجعلت,1,77800
numbered,plain,14210,ممدودا,1,77800
numbered,plain,14211,ومهدت,1,77800
numbered,plain,14212,تمهيدا,1,77800
numbered,plain,14213,يطمع,1,77800
numbered,plain,14214,أزيد,1,77800
numbered,plain,14215,لآياتنا,1,77800
numbered,plain,14216,عنيدا,1,77800
numbered,plain,14217,سأرهقه,1,77800
numbered,plain,14218,صعودا,1,77800
numbered,plain,14219,فكر,1,77800
numbered,plain,14220,فقتل,1,77800
numbered,plain,14221,وبسر,1,77800
numbered,plain,14222,يؤثر,1,77800
numbered,plain,14223,سأصليه,1,77800
numbered,plain,14224,تبقي,1,77800
numbered,plain,14225,لواحة,1,77800
numbered,plain,14226,عدتهم,1,77800
numbered,plain,14227,ليستيقن,1,77800
numbered,plain,14228,ويزداد,1,77800
numbered,plain,14229,يرتاب,1,77800
numbered,plain,14230,وليقول,1,77800
numbered,plain,14231,أسفر,1,77800
numbered,plain,14232,لإحدى,1,77800
numbered,plain,14233,يتقدم,1,77800
numbered,plain,14234,يتأخر,1,77800
numbered,plain,14235,رهينة,1,77800
numbered,plain,14236,سلككم,1,77800
numbered,plain,14237,نطعم,1,77800
numbered,plain,14238,الخائضين,1,77800
numbered,plain,14239,أتانا,1,77800
numbered,plain,14240,تنفعهم,1,77800
numbered,plain,14241,الشافعين,1,77800
numbered,plain,14242,التذكرة,1,77800
numbered,plain,14243,حمر,1,77800
numbered,plain,14244,مستنفرة,1,77800
numbered,plain,14245,فرت,1,77800
numbered,plain,14246,قسورة,1,77800
numbered,plain,14247,منشرة,1,77800
numbered,plain,14248,وأهل,1,77800
numbered,plain,14249,اللوامة,1,77800
numbered,plain,14250,نجمع,1,77800
numbered,plain,14251,عظامه,1,77800
numbered,plain,14252,نسوي,1,77800
numbered,plain,14253,بنانه,1,77800
numbered,plain,14254,ليفجر,1,77800
numbered,plain,14255,أمامه,1,77800
numbered,plain,14256,برق,1,77800
numbered,plain,14257,وخسف,1,77800
numbered,plain,14258,المفر,1,77800
numbered,plain,14259,المستقر,1,77800
numbered,plain,14260,معاذيره,1,77800
numbered,plain,14261,تحرك,1,77800
numbered,plain,14262,لسانك,1,77800
numbered,plain,14263,لتعجل,1,77800
numbered,plain,14264,جمعه,1,77800
numbered,plain,14265,وقرآنه,1,77800
numbered,plain,14266,قرأناه,1,77800
numbered,plain,14267,فاتبع,1,77800
numbered,plain,14268,قرآنه,1,77800
numbered,plain,14269,بيانه,1,77800
numbered,plain,14270,ناضرة,1,77800
numbered,plain,14271,ناظرة,1,77800
numbered,plain,14272,باسرة,1,77800
numbered,plain,14273,تظن,1,77800
numbered,plain,14274,فاقرة,1,77800
numbered,plain,14275,التراقي,1,77800
numbered,plain,14276,راق,1,77800
numbered,plain,14277,الفراق,1,77800
numbered,plain,14278,والتفت,1,77800
numbered,plain,14279,الساق,1,77800
numbered,plain,14280,بالساق,1,77800
numbered,plain,14281,المساق,1,77800
numbered,plain,14282,يتمطى,1,77800
numbered,plain,14283,يترك,1,77800
numbered,plain,14284,سدى,1,77800
numbered,plain,14285,يمنى,1,77800
numbered,plain,14286,فخلق,1,77800
numbered,plain,14287,مذكورا,1,77800
numbered,plain,14288,أمشاج,1,77800
numbered,plain,14289,نبتليه,1,77800
numbered,plain,14290,هديناه,1,77800
numbered,plain,14291,سلاسل,1,77800
numbered,plain,14292,وأغلالا,1,77800
numbered,plain,14293,وسعيرا,1,77800
numbered,plain,14294,يشربون,1,77800
numbered,plain,14295,كأس,1,77800
numbered,plain,14296,كافورا,1,77800
numbered,plain,14297,يفجرونها,1,77800
numbered,plain,14298,شره,1,77800
numbered,plain,14299,مستطيرا,1,77800
numbered,plain,14300,ويطعمون,1,77800
numbered,plain,14301,ويتيما,1,77800
numbered,plain,14302,وأسيرا,1,77800
numbered,plain,14303,نطعمكم,1,77800
numbered,plain,14304,لوجه,1,77800
numbered,plain,14305,عبوسا,1,77800
numbered,plain,14306,قمطريرا,1,77800
numbered,plain,14307,فوقاهم,1,77800
numbered,plain,14308,ولقاهم,1,77800
numbered,plain,14309,وسرورا,1,77800
numbered,plain,14310,وجزاهم,1,77800
numbered,plain,14311,وحريرا,1,77800
numbered,plain,14312,شمسا,1,77800
numbered,plain,14313,زمهريرا,1,77800
numbered,plain,14314,ودانية,1,77800
numbered,plain,14315,ظلالها,1,77800
numbered,plain,14316,وذللت,1,77800
numbered,plain,14317,تذليلا,1,77800
numbered,plain,14318,ويطاف,1,77800
numbered,plain,14319,بآنية,1,77800
numbered,plain,14320,قواريرا,1,77800
numbered,plain,14321,قدروها,1,77800
numbered,plain,14322,ويسقون,1,77800
numbered,plain,14323,زنجبيلا,1,77800
numbered,plain,14324,تسمى,1,77800
numbered,plain,14325,سلسبيلا,1,77800
numbered,plain,14326,حسبتهم,1,77800
numbered,plain,14327,لؤلؤا,1,77800
numbered,plain,14328,نعيما,1,77800
numbered,plain,14329,وملكا,1,77800
numbered,plain,14330,عاليهم,1,77800
numbered,plain,14331,وحلوا,1,77800
numbered,plain,14332,وسقاهم,1,77800
numbered,plain,14333,آثما,1,77800
numbered,plain,14334,فاسجد,1,77800
numbered,plain,14335,وسبحه,1,77800
numbered,plain,14336,أسرهم,1,77800
numbered,plain,14337,والظالمين,1,77800
numbered,plain,14338,والمرسلات,1,77800
numbered,plain,14339,عرفا,1,77800
numbered,plain,14340,فالعاصفات,1,77800
numbered,plain,14341,عصفا,1,77800
numbered,plain,14342,والناشرات,1,77800
numbered,plain,14343,نشرا,1,77800
numbered,plain,14344,فالفارقات,1,77800
numbered,plain,14345,فرقا,1,77800
numbered,plain,14346,فالملقيات,1,77800
numbered,plain,14347,نذرا,1,77800
numbered,plain,14348,طمست,1,77800
numbered,plain,14349,فرجت,1,77800
numbered,plain,14350,نسفت,1,77800
numbered,plain,14351,أقتت,1,77800
numbered,plain,14352,لأي,1,77800
numbered,plain,14353,نتبعهم,1,77800
numbered,plain,14354,نخلقكم,1,77800
numbered,plain,14355,فقدرنا,1,77800
numbered,plain,14356,القادرون,1,77800
numbered,plain,14357,كفاتا,1,77800
numbered,plain,14358,وأمواتا,1,77800
numbered,plain,14359,شامخات,1,77800
numbered,plain,14360,وأسقيناكم,1,77800
numbered,plain,14361,فراتا,1,77800
numbered,plain,14362,شعب,1,77800
numbered,plain,14363,ظليل,1,77800
numbered,plain,14364,اللهب,1,77800
numbered,plain,14365,ترمي,1,77800
numbered,plain,14366,بشرر,1,77800
numbered,plain,14367,كالقصر,1,77800
numbered,plain,14368,جمالت,1,77800
numbered,plain,14369,صفر,1,77800
numbered,plain,14370,فيعتذرون,1,77800
numbered,plain,14371,جمعناكم,1,77800
numbered,plain,14372,والأولين,1,77800
numbered,plain,14373,فكيدون,1,77800
numbered,plain,14374,وفواكه,1,77800
numbered,plain,14375,وتمتعوا,1,77800
numbered,plain,14376,يركعون,1,77800
numbered,plain,14377,عم,1,77800
numbered,plain,14378,النبإ,1,77800
numbered,plain,14379,مختلفون,1,77800
numbered,plain,14380,مهادا,1,77800
numbered,plain,14381,أوتادا,1,77800
numbered,plain,14382,وخلقناكم,1,77800
numbered,plain,14383,نومكم,1,77800
numbered,plain,14384,معاشا,1,77800
numbered,plain,14385,وبنينا,1,77800
numbered,plain,14386,شدادا,1,77800
numbered,plain,14387,وهاجا,1,77800
numbered,plain,14388,المعصرات,1,77800
numbered,plain,14389,ثجاجا,1,77800
numbered,plain,14390,لنخرج,1,77800
numbered,plain,14391,ونباتا,1,77800
numbered,plain,14392,ألفافا,1,77800
numbered,plain,14393,ميقاتا,1,77800
numbered,plain,14394,فتأتون,1,77800
numbered,plain,14395,وسيرت,1,77800
numbered,plain,14396,سرابا,1,77800
numbered,plain,14397,مرصادا,1,77800
numbered,plain,14398,لابثين,1,77800
numbered,plain,14399,أحقابا,1,77800
numbered,plain,14400,وغساقا,1,77800
numbered,plain,14401,وفاقا,1,77800
numbered,plain,14402,نزيدكم,1,77800
numbered,plain,14403,مفازا,1,77800
numbered,plain,14404,وأعنابا,1,77800
numbered,plain,14405,وكواعب,1,77800
numbered,plain,14406,وكأسا,1,77800
numbered,plain,14407,دهاقا,1,77800
numbered,plain,14408,خطابا,1,77800
numbered,plain,14409,يتكلمون,1,77800
numbered,plain,14410,صوابا,1,77800
numbered,plain,14411,أنذرناكم,1,77800
numbered,plain,14412,والنازعات,1,77800
numbered,plain,14413,غرقا,1,77800
numbered,plain,14414,والناشطات,1,77800
numbered,plain,14415,نشطا,1,77800
numbered,plain,14416,والسابحات,1,77800
numbered,plain,14417,فالسابقات,1,77800
numbered,plain,14418,سبقا,1,77800
numbered,plain,14419,فالمدبرات,1,77800
numbered,plain,14420,الراجفة,1,77800
numbered,plain,14421,تتبعها,1,77800
numbered,plain,14422,الرادفة,1,77800
numbered,plain,14423,واجفة,1,77800
numbered,plain,14424,أبصارها,1,77800
numbered,plain,14425,لمردودون,1,77800
numbered,plain,14426,الحافرة,1,77800
numbered,plain,14427,نخرة,1,77800
numbered,plain,14428,خاسرة,1,77800
numbered,plain,14429,بالساهرة,1,77800
numbered,plain,14430,ناداه,1,77800
numbered,plain,14431,وأهديك,1,77800
numbered,plain,14432,فتخشى,1,77800
numbered,plain,14433,فأراه,1,77800
numbered,plain,14434,الآية,1,77800
numbered,plain,14435,فحشر,1,77800
numbered,plain,14436,فأخذه,1,77800
numbered,plain,14437,نكال,1,77800
numbered,plain,14438,سمكها,1,77800
numbered,plain,14439,وأغطش,1,77800
numbered,plain,14440,ليلها,1,77800
numbered,plain,14441,وأخرج,1,77800
numbered,plain,14442,دحاها,1,77800
numbered,plain,14443,ماءها,1,77800
numbered,plain,14444,ومرعاها,1,77800
numbered,plain,14445,أرساها,1,77800
numbered,plain,14446,الطامة,1,77800
numbered,plain,14447,وآثر,1,77800
numbered,plain,14448,ونهى,1,77800
numbered,plain,14449,ذكراها,1,77800
numbered,plain,14450,منتهاها,1,77800
numbered,plain,14451,يخشاها,1,77800
numbered,plain,14452,عشية,1,77800
numbered,plain,14453,فتنفعه,1,77800
numbered,plain,14454,تصدى,1,77800
numbered,plain,14455,تلهى,1,77800
numbered,plain,14456,مكرمة,1,77800
numbered,plain,14457,بأيدي,1,77800
numbered,plain,14458,سفرة,1,77800
numbered,plain,14459,كرام,1,77800
numbered,plain,14460,بررة,1,77800
numbered,plain,14461,أكفره,1,77800
numbered,plain,14462,يسره,1,77800
numbered,plain,14463,أماته,1,77800
numbered,plain,14464,فأقبره,1,77800
numbered,plain,14465,أنشره,1,77800
numbered,plain,14466,يقض,1,77800
numbered,plain,14467,طعامه,1,77800
numbered,plain,14468,صببنا,1,77800
numbered,plain,14469,صبا,1,77800
numbered,plain,14470,شققنا,1,77800
numbered,plain,14471,شقا,1,77800
numbered,plain,14472,وعنبا,1,77800
numbered,plain,14473,وقضبا,1,77800
numbered,plain,14474,وزيتونا,1,77800
numbered,plain,14475,ونخلا,1,77800
numbered,plain,14476,وحدائق,1,77800
numbered,plain,14477,غلبا,1,77800
numbered,plain,14478,وأبا,1,77800
numbered,plain,14479,الصاخة,1,77800
numbered,plain,14480,يفر,1,77800
numbered,plain,14481,وأبيه,1,77800
numbered,plain,14482,وبنيه,1,77800
numbered,plain,14483,يغنيه,1,77800
numbered,plain,14484,مسفرة,1,77800
numbered,plain,14485,ضاحكة,1,77800
numbered,plain,14486,مستبشرة,1,77800
numbered,plain,14487,غبرة,1,77800
numbered,plain,14488,ترهقها,1,77800
numbered,plain,14489,قترة,1,77800
numbered,plain,14490,الكفرة,1,77800
numbered,plain,14491,الفجرة,1,77800
numbered,plain,14492,كورت,1,77800
numbered,plain,14493,انكدرت,1,77800
numbered,plain,14494,العشار,1,77800
numbered,plain,14495,عطلت,1,77800
numbered,plain,14496,الوحوش,1,77800
numbered,plain,14497,حشرت,1,77800
numbered,plain,14498,سجرت,1,77800
numbered,plain,14499,النفوس,1,77800
numbered,plain,14500,زوجت,1,77800
numbered,plain,14501,الموءودة,1,77800
numbered,plain,14502,سئلت,1,77800
numbered,plain,14503,نشرت,1,77800
numbered,plain,14504,كشطت,1,77800
numbered,plain,14505,سعرت,1,77800
numbered,plain,14506,أزلفت,1,77800
numbered,plain,14507,أحضرت,1,77800
numbered,plain,14508,بالخنس,1,77800
numbered,plain,14509,الكنس,1,77800
numbered,plain,14510,عسعس,1,77800
numbered,plain,14511,تنفس,1,77800
numbered,plain,14512,مطاع,1,77800
numbered,plain,14513,بضنين,1,77800
numbered,plain,14514,فأين,1,77800
numbered,plain,14515,تذهبون,1,77800
numbered,plain,14516,يستقيم,1,77800
numbered,plain,14517,انفطرت,1,77800
numbered,plain,14518,انتثرت,1,77800
numbered,plain,14519,فجرت,1,77800
numbered,plain,14520,بعثرت,1,77800
numbered,plain,14521,وأخرت,1,77800
numbered,plain,14522,غرك,1,77800
numbered,plain,14523,فسواك,1,77800
numbered,plain,14524,فعدلك,1,77800
numbered,plain,14525,صورة,1,77800
numbered,plain,14526,ركبك,1,77800
numbered,plain,14527,لحافظين,1,77800
numbered,plain,14528,كاتبين,1,77800
numbered,plain,14529,بغائبين,1,77800
numbered,plain,14530,للمطففين,1,77800
numbered,plain,14531,اكتالوا,1,77800
numbered,plain,14532,يستوفون,1,77800
numbered,plain,14533,كالوهم,1,77800
numbered,plain,14534,وزنوهم,1,77800
numbered,plain,14535,يخسرون,1,77800
numbered,plain,14536,ران,1,77800
numbered,plain,14537,لمحجوبون,1,77800
numbered,plain,14538,لصالو,1,77800
numbered,plain,14539,عليين,1,77800
numbered,plain,14540,عليون,1,77800
numbered,plain,14541,يشهده,1,77800
numbered,plain,14542,رحيق,1,77800
numbered,plain,14543,مختوم,1,77800
numbered,plain,14544,ختامه,1,77800
numbered,plain,14545,مسك,1,77800
numbered,plain,14546,فليتنافس,1,77800
numbered,plain,14547,المتنافسون,1,77800
numbered,plain,14548,ومزاجه,1,77800
numbered,plain,14549,تسنيم,1,77800
numbered,plain,14550,يتغامزون,1,77800
numbered,plain,14551,فكهين,1,77800
numbered,plain,14552,رأوهم,1,77800
numbered,plain,14553,أرسلوا,1,77800
numbered,plain,14554,ثوب,1,77800
numbered,plain,14555,مدت,1,77800
numbered,plain,14556,وألقت,1,77800
numbered,plain,14557,وتخلت,1,77800
numbered,plain,14558,كادح,1,77800
numbered,plain,14559,كدحا,1,77800
numbered,plain,14560,فملاقيه,1,77800
numbered,plain,14561,يحاسب,1,77800
numbered,plain,14562,وينقلب,1,77800
numbered,plain,14563,ويصلى,1,77800
numbered,plain,14564,يحور,1,77800
numbered,plain,14565,بالشفق,1,77800
numbered,plain,14566,وسق,1,77800
numbered,plain,14567,اتسق,1,77800
numbered,plain,14568,لتركبن,1,77800
numbered,plain,14569,طبقا,1,77800
numbered,plain,14570,طبق,1,77800
numbered,plain,14571,يوعون,1,77800
numbered,plain,14572,البروج,1,77800
numbered,plain,14573,الموعود,1,77800
numbered,plain,14574,وشاهد,1,77800
numbered,plain,14575,ومشهود,1,77800
numbered,plain,14576,الأخدود,1,77800
numbered,plain,14577,الوقود,1,77800
numbered,plain,14578,قعود,1,77800
numbered,plain,14579,شهود,1,77800
numbered,plain,14580,بطش,1,77800
numbered,plain,14581,ويعيد,1,77800
numbered,plain,14582,الودود,1,77800
numbered,plain,14583,الجنود,1,77800
numbered,plain,14584,تكذيب,1,77800
numbered,plain,14585,لوح,1,77800
numbered,plain,14586,محفوظ,1,77800
numbered,plain,14587,والطارق,1,77800
numbered,plain,14588,الطارق,1,77800
numbered,plain,14589,النجم,1,77800
numbered,plain,14590,الثاقب,1,77800
numbered,plain,14591,حافظ,1,77800
numbered,plain,14592,مم,1,77800
numbered,plain,14593,دافق,1,77800
numbered,plain,14594,الصلب,1,77800
numbered,plain,14595,والترائب,1,77800
numbered,plain,14596,رجعه,1,77800
numbered,plain,14597,لقادر,1,77800
numbered,plain,14598,تبلى,1,77800
numbered,plain,14599,السرائر,1,77800
numbered,plain,14600,الرجع,1,77800
numbered,plain,14601,الصدع,1,77800
numbered,plain,14602,بالهزل,1,77800
numbered,plain,14603,يكيدون,1,77800
numbered,plain,14604,وأكيد,1,77800
numbered,plain,14605,فمهل,1,77800
numbered,plain,14606,أمهلهم,1,77800
numbered,plain,14607,رويدا,1,77800
numbered,plain,14608,المرعى,1,77800
numbered,plain,14609,أحوى,1,77800
numbered,plain,14610,سنقرئك,1,77800
numbered,plain,14611,ونيسرك,1,77800
numbered,plain,14612,نفعت,1,77800
numbered,plain,14613,سيذكر,1,77800
numbered,plain,14614,ويتجنبها,1,77800
numbered,plain,14615,يصلى,1,77800
numbered,plain,14616,فصلى,1,77800
numbered,plain,14617,تؤثرون,1,77800
numbered,plain,14618,الغاشية,1,77800
numbered,plain,14619,عاملة,1,77800
numbered,plain,14620,ناصبة,1,77800
numbered,plain,14621,تصلى,1,77800
numbered,plain,14622,تسقى,1,77800
numbered,plain,14623,آنية,1,77800
numbered,plain,14624,ضريع,1,77800
numbered,plain,14625,يسمن,1,77800
numbered,plain,14626,ناعمة,1,77800
numbered,plain,14627,لسعيها,1,77800
numbered,plain,14628,لاغية,1,77800
numbered,plain,14629,جارية,1,77800
numbered,plain,14630,موضوعة,1,77800
numbered,plain,14631,ونمارق,1,77800
numbered,plain,14632,وزرابي,1,77800
numbered,plain,14633,مبثوثة,1,77800
numbered,plain,14634,رفعت,1,77800
numbered,plain,14635,نصبت,1,77800
numbered,plain,14636,سطحت,1,77800
numbered,plain,14637,مذكر,1,77800
numbered,plain,14638,بمصيطر,1,77800
numbered,plain,14639,إيابهم,1,77800
numbered,plain,14640,والفجر,1,77800
numbered,plain,14641,وليال,1,77800
numbered,plain,14642,والشفع,1,77800
numbered,plain,14643,والوتر,1,77800
numbered,plain,14644,يسر,1,77800
numbered,plain,14645,قسم,1,77800
numbered,plain,14646,لذي,1,77800
numbered,plain,14647,بعاد,1,77800
numbered,plain,14648,إرم,1,77800
numbered,plain,14649,العماد,1,77800
numbered,plain,14650,جابوا,1,77800
numbered,plain,14651,الصخر,1,77800
numbered,plain,14652,طغوا,1,77800
numbered,plain,14653,فأكثروا,1,77800
numbered,plain,14654,فصب,1,77800
numbered,plain,14655,سوط,1,77800
numbered,plain,14656,لبالمرصاد,1,77800
numbered,plain,14657,فأكرمه,1,77800
numbered,plain,14658,ونعمه,1,77800
numbered,plain,14659,أكرمن,1,77800
numbered,plain,14660,فقدر,1,77800
numbered,plain,14661,أهانن,1,77800
numbered,plain,14662,تكرمون,1,77800
numbered,plain,14663,تحاضون,1,77800
numbered,plain,14664,وتأكلون,1,77800
numbered,plain,14665,التراث,1,77800
numbered,plain,14666,أكلا,1,77800
numbered,plain,14667,وتحبون,1,77800
numbered,plain,14668,جما,1,77800
numbered,plain,14669,دكت,1,77800
numbered,plain,14670,لحياتي,1,77800
numbered,plain,14671,يوثق,1,77800
numbered,plain,14672,وثاقه,1,77800
numbered,plain,14673,المطمئنة,1,77800
numbered,plain,14674,ارجعي,1,77800
numbered,plain,14675,مرضية,1,77800
numbered,plain,14676,فادخلي,1,77800
numbered,plain,14677,وادخلي,1,77800
numbered,plain,14678,جنتي,1,77800
numbered,plain,14679,ووالد,1,77800
numbered,plain,14680,كبد,1,77800
numbered,plain,14681,أهلكت,1,77800
numbered,plain,14682,عينين,1,77800
numbered,plain,14683,ولسانا,1,77800
numbered,plain,14684,وشفتين,1,77800
numbered,plain,14685,وهديناه,1,77800
numbered,plain,14686,النجدين,1,77800
numbered,plain,14687,اقتحم,1,77800
numbered,plain,14688,فك,1,77800
numbered,plain,14689,مسغبة,1,77800
numbered,plain,14690,مقربة,1,77800
numbered,plain,14691,متربة,1,77800
numbered,plain,14692,بالمرحمة,1,77800
numbered,plain,14693,وضحاها,1,77800
numbered,plain,14694,تلاها,1,77800
numbered,plain,14695,جلاها,1,77800
numbered,plain,14696,يغشاها,1,77800
numbered,plain,14697,طحاها,1,77800
numbered,plain,14698,ونفس,1,77800
numbered,plain,14699,سواها,1,77800
numbered,plain,14700,فألهمها,1,77800
numbered,plain,14701,فجورها,1,77800
numbered,plain,14702,وتقواها,1,77800
numbered,plain,14703,زكاها,1,77800
numbered,plain,14704,دساها,1,77800
numbered,plain,14705,بطغواها,1,77800
numbered,plain,14706,انبعث,1,77800
numbered,plain,14707,أشقاها,1,77800
numbered,plain,14708,وسقياها,1,77800
numbered,plain,14709,فدمدم,1,77800
numbered,plain,14710,عقباها,1,77800
numbered,plain,14711,لشتى,1,77800
numbered,plain,14712,بخل,1,77800
numbered,plain,14713,للعسرى,1,77800
numbered,plain,14714,تردى,1,77800
numbered,plain,14715,للهدى,1,77800
numbered,plain,14716,للآخرة,1,77800
numbered,plain,14717,فأنذرتكم,1,77800
numbered,plain,14718,تلظى,1,77800
numbered,plain,14719,وسيجنبها,1,77800
numbered,plain,14720,الأتقى,1,77800
numbered,plain,14721,والضحى,1,77800
numbered,plain,14722,سجى,1,77800
numbered,plain,14723,ودعك,1,77800
numbered,plain,14724,قلى,1,77800
numbered,plain,14725,يعطيك,1,77800
numbered,plain,14726,فترضى,1,77800
numbered,plain,14727,يجدك,1,77800
numbered,plain,14728,فآوى,1,77800
numbered,plain,14729,ضالا,1,77800
numbered,plain,14730,عائلا,1,77800
numbered,plain,14731,فأغنى,1,77800
numbered,plain,14732,تقهر,1,77800
numbered,plain,14733,السائل,1,77800
numbered,plain,14734,تنهر,1,77800
numbered,plain,14735,فحدث,1,77800
numbered,plain,14736,نشرح,1,77800
numbered,plain,14737,ووضعنا,1,77800
numbered,plain,14738,وزرك,1,77800
numbered,plain,14739,أنقض,1,77800
numbered,plain,14740,ظهرك,1,77800
numbered,plain,14741,ذكرك,1,77800
numbered,plain,14742,فرغت,1,77800
numbered,plain,14743,فانصب,1,77800
numbered,plain,14744,فارغب,1,77800
numbered,plain,14745,والتين,1,77800
numbered,plain,14746,وطور,1,77800
numbered,plain,14747,سينين,1,77800
numbered,plain,14748,تقويم,1,77800
numbered,plain,14749,رددناه,1,77800
numbered,plain,14750,سافلين,1,77800
numbered,plain,14751,يكذبك,1,77800
numbered,plain,14752,بأحكم,1,77800
numbered,plain,14753,علق,1,77800
numbered,plain,14754,الأكرم,1,77800
numbered,plain,14755,بالقلم,1,77800
numbered,plain,14756,ليطغى,1,77800
numbered,plain,14757,الرجعى,1,77800
numbered,plain,14758,ينهى,1,77800
numbered,plain,14759,بالتقوى,1,77800
numbered,plain,14760,لنسفعا,1,77800
numbered,plain,14761,بالناصية,1,77800
numbered,plain,14762,ناصية,1,77800
numbered,plain,14763,خاطئة,1,77800
numbered,plain,14764,فليدع,1,77800
numbered,plain,14765,ناديه,1,77800
numbered,plain,14766,سندع,1,77800
numbered,plain,14767,الزبانية,1,77800
numbered,plain,14768,تطعه,1,77800
numbered,plain,14769,واسجد,1,77800
numbered,plain,14770,منفكين,1,77800
numbered,plain,14771,قيمة,1,77800
numbered,plain,14772,تفرق,1,77800
numbered,plain,14773,ويقيموا,1,77800
numbered,plain,14774,ويؤتوا,1,77800
numbered,plain,14775,القيمة,1,77800
numbered,plain,14776,زلزلت,1,77800
numbered,plain,14777,زلزالها,1,77800
numbered,plain,14778,وأخرجت,1,77800
numbered,plain,14779,أثقالها,1,77800
numbered,plain,14780,تحدث,1,77800
numbered,plain,14781,أخبارها,1,77800
numbered,plain,14782,ليروا,1,77800
numbered,plain,14783,والعاديات,1,77800
numbered,plain,14784,ضبحا,1,77800
numbered,plain,14785,فالموريات,1,77800
numbered,plain,14786,قدحا,1,77800
numbered,plain,14787,فالمغيرات,1,77800
numbered,plain,14788,صبحا,1,77800
numbered,plain,14789,فأثرن,1,77800
numbered,plain,14790,نقعا,1,77800
numbered,plain,14791,فوسطن,1,77800
numbered,plain,14792,لكنود,1,77800
numbered,plain,14793,لشهيد,1,77800
numbered,plain,14794,لحب,1,77800
numbered,plain,14795,بعثر,1,77800
numbered,plain,14796,وحصل,1,77800
numbered,plain,14797,كالفراش,1,77800
numbered,plain,14798,المبثوث,1,77800
numbered,plain,14799,المنفوش,1,77800
numbered,plain,14800,فأمه,1,77800
numbered,plain,14801,هاوية,1,77800
numbered,plain,14802,هيه,1,77800
numbered,plain,14803,ألهاكم,1,77800
numbered,plain,14804,التكاثر,1,77800
numbered,plain,14805,زرتم,1,77800
numbered,plain,14806,المقابر,1,77800
numbered,plain,14807,لترون,1,77800
numbered,plain,14808,لترونها,1,77800
numbered,plain,14809,والعصر,1,77800
numbered,plain,14810,همزة,1,77800
numbered,plain,14811,لمزة,1,77800
numbered,plain,14812,جمع,1,77800
numbered,plain,14813,وعدده,1,77800
numbered,plain,14814,يحسب,1,77800
numbered,plain,14815,أخلده,1,77800
numbered,plain,14816,لينبذن,1,77800
numbered,plain,14817,الموقدة,1,77800
numbered,plain,14818,الأفئدة,1,77800
numbered,plain,14819,ممددة,1,77800
numbered,plain,14820,بأصحاب,1,77800
numbered,plain,14821,الفيل,1,77800
numbered,plain,14822,تضليل,1,77800
numbered,plain,14823,أبابيل,1,77800
numbered,plain,14824,ترميهم,1,77800
numbered,plain,14825,بحجارة,1,77800
numbered,plain,14826,كعصف,1,77800
numbered,plain,14827,مأكول,1,77800
numbered,plain,14828,لإيلاف,1,77800
numbered,plain,14829,قريش,1,77800
numbered,plain,14830,إيلافهم,1,77800
numbered,plain,14831,رحلة,1,77800
numbered,plain,14832,الشتاء,1,77800
numbered,plain,14833,والصيف,1,77800
numbered,plain,14834,فليعبدوا,1,77800
numbered,plain,14835,أطعمهم,1,77800
numbered,plain,14836,وآمنهم,1,77800
numbered,plain,14837,للمصلين,1,77800
numbered,plain,14838,ويمنعون,1,77800
numbered,plain,14839,الماعون,1,77800
numbered,plain,14840,أعطيناك,1,77800
numbered,plain,14841,الكوثر,1,77800
numbered,plain,14842,وانحر,1,77800
numbered,plain,14843,شانئك,1,77800
numbered,plain,14844,الأبتر,1,77800
numbered,plain,14845,عابد,1,77800
numbered,plain,14846,عبدتم,1,77800
numbered,plain,14847,والفتح,1,77800
numbered,plain,14848,ورأيت,1,77800
numbered,plain,14849,واستغفره,1,77800
numbered,plain,14850,يدا,1,77800
numbered,plain,14851,سيصلى,1,77800
numbered,plain,14852,حمالة,1,77800
numbered,plain,14853,الحطب,1,77800
numbered,plain,14854,جيدها,1,77800
numbered,plain,14855,مسد,1,77800
numbered,plain,14856,الصمد,1,77800
numbered,plain,14857,يلد,1,77800
numbered,plain,14858,يولد,1,77800
numbered,plain,14859,الفلق,1,77800
numbered,plain,14860,غاسق,1,77800
numbered,plain,14861,وقب,1,77800
numbered,plain,14862,النفاثات,1,77800
numbered,plain,14863,العقد,1,77800
numbered,plain,14864,حاسد,1,77800
numbered,plain,14865,حسد,1,77800
numbered,plain,14866,الوسواس,1,77800
numbered,plain,14867,الخناس,1,77800
numbered,plain,14868,يوسوس,1,77800
