hypothesis_id,simulation,value,observed,profile_id,scope
STAT-length_adjacency-numbered-verse_shuffle_within_surah,1,6.601764129369487,5.958183600130676,plain,numbered
STAT-length_adjacency-numbered-verse_shuffle_within_surah,2,6.647010780790591,5.958183600130676,plain,numbered
STAT-length_adjacency-numbered-verse_shuffle_within_surah,3,6.583959490362626,5.958183600130676,plain,numbered
STAT-length_adjacency-numbered-verse_shuffle_within_surah,4,6.549493629532832,5.958183600130676,plain,numbered
STAT-length_adjacency-numbered-verse_shuffle_within_surah,5,6.565011434171839,5.958183600130676,plain,numbered
STAT-length_adjacency-numbered-verse_shuffle_within_surah,6,6.5695851029075465,5.958183600130676,plain,numbered
STAT-length_adjacency-numbered-verse_shuffle_within_surah,7,6.630186213655668,5.958183600130676,plain,numbered
STAT-length_adjacency-numbered-verse_shuffle_within_surah,8,6.599803985625613,5.958183600130676,plain,numbered
STAT-length_adjacency-numbered-verse_shuffle_within_surah,9,6.569258412283568,5.958183600130676,plain,numbered
STAT-length_adjacency-numbered-verse_shuffle_within_surah,10,6.616465207448546,5.958183600130676,plain,numbered
STAT-length_adjacency-numbered-verse_shuffle_within_surah,11,6.519764782750735,5.958183600130676,plain,numbered
STAT-length_adjacency-numbered-verse_shuffle_within_surah,12,6.613524991832734,5.958183600130676,plain,numbered
STAT-length_adjacency-numbered-verse_shuffle_within_surah,13,6.568768376347599,5.958183600130676,plain,numbered
STAT-length_adjacency-numbered-verse_shuffle_within_surah,14,6.577589023195034,5.958183600130676,plain,numbered
STAT-length_adjacency-numbered-verse_shuffle_within_surah,15,6.674616138516825,5.958183600130676,plain,numbered
STAT-length_adjacency-numbered-verse_shuffle_within_surah,16,6.659098333877818,5.958183600130676,plain,numbered
STAT-length_adjacency-numbered-verse_shuffle_within_surah,17,6.612218229336818,5.958183600130676,plain,numbered
STAT-length_adjacency-numbered-verse_shuffle_within_surah,18,6.62234563868017,5.958183600130676,plain,numbered
STAT-length_adjacency-numbered-verse_shuffle_within_surah,19,6.630186213655668,5.958183600130676,plain,numbered
STAT-length_adjacency-numbered-verse_shuffle_within_surah,20,6.6011107481215285,5.958183600130676,plain,numbered
STAT-length_adjacency-numbered-verse_shuffle_within_surah,21,6.639170205815093,5.958183600130676,plain,numbered
STAT-length_adjacency-numbered-verse_shuffle_within_surah,22,6.662038549493629,5.958183600130676,plain,numbered
STAT-length_adjacency-numbered-verse_shuffle_within_surah,23,6.541326363933355,5.958183600130676,plain,numbered
STAT-length_adjacency-numbered-verse_shuffle_within_surah,24,6.4808885984972235,5.958183600130676,plain,numbered
STAT-length_adjacency-numbered-verse_shuffle_within_surah,25,6.558477621692258,5.958183600130676,plain,numbered
STAT-length_adjacency-numbered-verse_shuffle_within_surah,26,6.585592943482522,5.958183600130676,plain,numbered
STAT-length_adjacency-numbered-verse_shuffle_within_surah,27,6.636066644887292,5.958183600130676,plain,numbered
STAT-length_adjacency-numbered-verse_shuffle_within_surah,28,6.5860829794184905,5.958183600130676,plain,numbered
STAT-length_adjacency-numbered-verse_shuffle_within_surah,29,6.636883371447239,5.958183600130676,plain,numbered
STAT-length_adjacency-numbered-verse_shuffle_within_surah,30,6.644560601110748,5.958183600130676,plain,numbered
STAT-length_adjacency-numbered-verse_shuffle_within_surah,31,6.564521398235871,5.958183600130676,plain,numbered
STAT-length_adjacency-numbered-verse_shuffle_within_surah,32,6.517641293694871,5.958183600130676,plain,numbered
STAT-length_adjacency-numbered-verse_shuffle_within_surah,33,6.616465207448546,5.958183600130676,plain,numbered
STAT-length_adjacency-numbered-verse_shuffle_within_surah,34,6.566481541979745,5.958183600130676,plain,numbered
STAT-length_adjacency-numbered-verse_shuffle_within_surah,35,6.563214635739954,5.958183600130676,plain,numbered
STAT-length_adjacency-numbered-verse_shuffle_within_surah,36,6.580365893498857,5.958183600130676,plain,numbered
STAT-length_adjacency-numbered-verse_shuffle_within_surah,37,6.606337798105194,5.958183600130676,plain,numbered
STAT-length_adjacency-numbered-verse_shuffle_within_surah,38,6.598333877817707,5.958183600130676,plain,numbered
STAT-length_adjacency-numbered-verse_shuffle_within_surah,39,6.599967330937602,5.958183600130676,plain,numbered
STAT-length_adjacency-numbered-verse_shuffle_within_surah,40,6.5225416530545575,5.958183600130676,plain,numbered
STAT-length_adjacency-numbered-verse_shuffle_within_surah,41,6.565664815419797,5.958183600130676,plain,numbered
STAT-length_adjacency-numbered-verse_shuffle_within_surah,42,6.6321463573995425,5.958183600130676,plain,numbered
STAT-length_adjacency-numbered-verse_shuffle_within_surah,43,6.556844168572362,5.958183600130676,plain,numbered
STAT-length_adjacency-numbered-verse_shuffle_within_surah,44,6.560437765436132,5.958183600130676,plain,numbered
STAT-length_adjacency-numbered-verse_shuffle_within_surah,45,6.53969291081346,5.958183600130676,plain,numbered
STAT-length_adjacency-numbered-verse_shuffle_within_surah,46,6.596863770009801,5.958183600130676,plain,numbered
STAT-length_adjacency-numbered-verse_shuffle_within_surah,47,6.596537079385822,5.958183600130676,plain,numbered
STAT-length_adjacency-numbered-verse_shuffle_within_surah,48,6.639986932375041,5.958183600130676,plain,numbered
STAT-length_adjacency-numbered-verse_shuffle_within_surah,49,6.506043776543613,5.958183600130676,plain,numbered
STAT-length_adjacency-numbered-verse_shuffle_within_surah,50,6.527932048350213,5.958183600130676,plain,numbered
STAT-length_adjacency-numbered-verse_shuffle_within_surah,51,6.685723619732114,5.958183600130676,plain,numbered
STAT-length_adjacency-numbered-verse_shuffle_within_surah,52,6.55766089513231,5.958183600130676,plain,numbered
STAT-length_adjacency-numbered-verse_shuffle_within_surah,53,6.64015027768703,5.958183600130676,plain,numbered
STAT-length_adjacency-numbered-verse_shuffle_within_surah,54,6.645540672982685,5.958183600130676,plain,numbered
STAT-length_adjacency-numbered-verse_shuffle_within_surah,55,6.55733420450833,5.958183600130676,plain,numbered
STAT-length_adjacency-numbered-verse_shuffle_within_surah,56,6.494609604704345,5.958183600130676,plain,numbered
STAT-length_adjacency-numbered-verse_shuffle_within_surah,57,6.512414243711206,5.958183600130676,plain,numbered
STAT-length_adjacency-numbered-verse_shuffle_within_surah,58,6.631329630839595,5.958183600130676,plain,numbered
STAT-length_adjacency-numbered-verse_shuffle_within_surah,59,6.576772296635086,5.958183600130676,plain,numbered
STAT-length_adjacency-numbered-verse_shuffle_within_surah,60,6.710062071218556,5.958183600130676,plain,numbered
STAT-length_adjacency-numbered-verse_shuffle_within_surah,61,6.573832081019275,5.958183600130676,plain,numbered
STAT-length_adjacency-numbered-verse_shuffle_within_surah,62,6.6437438745508,5.958183600130676,plain,numbered
STAT-length_adjacency-numbered-verse_shuffle_within_surah,63,6.526298595230317,5.958183600130676,plain,numbered
STAT-length_adjacency-numbered-verse_shuffle_within_surah,64,6.598333877817707,5.958183600130676,plain,numbered
STAT-length_adjacency-numbered-verse_shuffle_within_surah,65,6.607481215289122,5.958183600130676,plain,numbered
STAT-length_adjacency-numbered-verse_shuffle_within_surah,66,6.641620385494936,5.958183600130676,plain,numbered
STAT-length_adjacency-numbered-verse_shuffle_within_surah,67,6.595393662201895,5.958183600130676,plain,numbered
STAT-length_adjacency-numbered-verse_shuffle_within_surah,68,6.6151584449526295,5.958183600130676,plain,numbered
STAT-length_adjacency-numbered-verse_shuffle_within_surah,69,6.485952303168899,5.958183600130676,plain,numbered
STAT-length_adjacency-numbered-verse_shuffle_within_surah,70,6.552923881084613,5.958183600130676,plain,numbered
STAT-length_adjacency-numbered-verse_shuffle_within_surah,71,6.474028095393662,5.958183600130676,plain,numbered
STAT-length_adjacency-numbered-verse_shuffle_within_surah,72,6.627736033975825,5.958183600130676,plain,numbered
STAT-length_adjacency-numbered-verse_shuffle_within_surah,73,6.500816726559948,5.958183600130676,plain,numbered
STAT-length_adjacency-numbered-verse_shuffle_within_surah,74,6.649297615158445,5.958183600130676,plain,numbered
STAT-length_adjacency-numbered-verse_shuffle_within_surah,75,6.565338124795819,5.958183600130676,plain,numbered
STAT-length_adjacency-numbered-verse_shuffle_within_surah,76,6.621692257432212,5.958183600130676,plain,numbered
STAT-length_adjacency-numbered-verse_shuffle_within_surah,77,6.584449526298595,5.958183600130676,plain,numbered
STAT-length_adjacency-numbered-verse_shuffle_within_surah,78,6.660078405749755,5.958183600130676,plain,numbered
STAT-length_adjacency-numbered-verse_shuffle_within_surah,79,6.5895132309702715,5.958183600130676,plain,numbered
STAT-length_adjacency-numbered-verse_shuffle_within_surah,80,6.551780463900686,5.958183600130676,plain,numbered
STAT-length_adjacency-numbered-verse_shuffle_within_surah,81,6.568768376347599,5.958183600130676,plain,numbered
STAT-length_adjacency-numbered-verse_shuffle_within_surah,82,6.545900032669063,5.958183600130676,plain,numbered
STAT-length_adjacency-numbered-verse_shuffle_within_surah,83,6.55014701078079,5.958183600130676,plain,numbered
STAT-length_adjacency-numbered-verse_shuffle_within_surah,84,6.549983665468801,5.958183600130676,plain,numbered
STAT-length_adjacency-numbered-verse_shuffle_within_surah,85,6.605684416857236,5.958183600130676,plain,numbered
STAT-length_adjacency-numbered-verse_shuffle_within_surah,86,6.660078405749755,5.958183600130676,plain,numbered
STAT-length_adjacency-numbered-verse_shuffle_within_surah,87,6.576935641947076,5.958183600130676,plain,numbered
STAT-length_adjacency-numbered-verse_shuffle_within_surah,88,6.642927147990853,5.958183600130676,plain,numbered
STAT-length_adjacency-numbered-verse_shuffle_within_surah,89,6.559457693564195,5.958183600130676,plain,numbered
STAT-length_adjacency-numbered-verse_shuffle_within_surah,90,6.6176086246324735,5.958183600130676,plain,numbered
STAT-length_adjacency-numbered-verse_shuffle_within_surah,91,6.582489382554721,5.958183600130676,plain,numbered
STAT-length_adjacency-numbered-verse_shuffle_within_surah,92,6.605521071545247,5.958183600130676,plain,numbered
STAT-length_adjacency-numbered-verse_shuffle_within_surah,93,6.640967004246978,5.958183600130676,plain,numbered
STAT-length_adjacency-numbered-verse_shuffle_within_surah,94,6.424534465860829,5.958183600130676,plain,numbered
STAT-length_adjacency-numbered-verse_shuffle_within_surah,95,6.551290427964718,5.958183600130676,plain,numbered
STAT-length_adjacency-numbered-verse_shuffle_within_surah,96,6.531852335837962,5.958183600130676,plain,numbered
STAT-length_adjacency-numbered-verse_shuffle_within_surah,97,6.583469454426658,5.958183600130676,plain,numbered
STAT-length_adjacency-numbered-verse_shuffle_within_surah,98,6.542796471741261,5.958183600130676,plain,numbered
STAT-length_adjacency-numbered-verse_shuffle_within_surah,99,6.569911793531525,5.958183600130676,plain,numbered
STAT-length_adjacency-numbered-verse_shuffle_within_surah,100,6.618262005880431,5.958183600130676,plain,numbered
STAT-length_adjacency-numbered-verse_shuffle_within_surah,101,6.6156484808885985,5.958183600130676,plain,numbered
STAT-length_adjacency-numbered-verse_shuffle_within_surah,102,6.572361973211369,5.958183600130676,plain,numbered
STAT-length_adjacency-numbered-verse_shuffle_within_surah,103,6.573342045083306,5.958183600130676,plain,numbered
STAT-length_adjacency-numbered-verse_shuffle_within_surah,104,6.494772950016334,5.958183600130676,plain,numbered
STAT-length_adjacency-numbered-verse_shuffle_within_surah,105,6.604867690297288,5.958183600130676,plain,numbered
STAT-length_adjacency-numbered-verse_shuffle_within_surah,106,6.559784384188174,5.958183600130676,plain,numbered
STAT-length_adjacency-numbered-verse_shuffle_within_surah,107,6.470107807905913,5.958183600130676,plain,numbered
STAT-length_adjacency-numbered-verse_shuffle_within_surah,108,6.619405423064358,5.958183600130676,plain,numbered
STAT-length_adjacency-numbered-verse_shuffle_within_surah,109,6.548350212348906,5.958183600130676,plain,numbered
STAT-length_adjacency-numbered-verse_shuffle_within_surah,110,6.653871283894152,5.958183600130676,plain,numbered
STAT-length_adjacency-numbered-verse_shuffle_within_surah,111,6.630839594903626,5.958183600130676,plain,numbered
STAT-length_adjacency-numbered-verse_shuffle_within_surah,112,6.607481215289122,5.958183600130676,plain,numbered
STAT-length_adjacency-numbered-verse_shuffle_within_surah,113,6.580855929434825,5.958183600130676,plain,numbered
STAT-length_adjacency-numbered-verse_shuffle_within_surah,114,6.535119242077752,5.958183600130676,plain,numbered
STAT-length_adjacency-numbered-verse_shuffle_within_surah,115,6.538386148317543,5.958183600130676,plain,numbered
STAT-length_adjacency-numbered-verse_shuffle_within_surah,116,6.502776870303823,5.958183600130676,plain,numbered
STAT-length_adjacency-numbered-verse_shuffle_within_surah,117,6.562397909180007,5.958183600130676,plain,numbered
STAT-length_adjacency-numbered-verse_shuffle_within_surah,118,6.529728846782097,5.958183600130676,plain,numbered
STAT-length_adjacency-numbered-verse_shuffle_within_surah,119,6.486442339104868,5.958183600130676,plain,numbered
STAT-length_adjacency-numbered-verse_shuffle_within_surah,120,6.572198627899379,5.958183600130676,plain,numbered
STAT-length_adjacency-numbered-verse_shuffle_within_surah,121,6.533485788957857,5.958183600130676,plain,numbered
STAT-length_adjacency-numbered-verse_shuffle_within_surah,122,6.59359686377001,5.958183600130676,plain,numbered
STAT-length_adjacency-numbered-verse_shuffle_within_surah,123,6.550800392028749,5.958183600130676,plain,numbered
STAT-length_adjacency-numbered-verse_shuffle_within_surah,124,6.574485462267233,5.958183600130676,plain,numbered
STAT-length_adjacency-numbered-verse_shuffle_within_surah,125,6.601437438745508,5.958183600130676,plain,numbered
STAT-length_adjacency-numbered-verse_shuffle_within_surah,126,6.603234237177393,5.958183600130676,plain,numbered
STAT-length_adjacency-numbered-verse_shuffle_within_surah,127,6.565011434171839,5.958183600130676,plain,numbered
STAT-length_adjacency-numbered-verse_shuffle_within_surah,128,6.576445606011108,5.958183600130676,plain,numbered
STAT-length_adjacency-numbered-verse_shuffle_within_surah,129,6.56827834041163,5.958183600130676,plain,numbered
STAT-length_adjacency-numbered-verse_shuffle_within_surah,130,6.674616138516825,5.958183600130676,plain,numbered
STAT-length_adjacency-numbered-verse_shuffle_within_surah,131,6.709572035282587,5.958183600130676,plain,numbered
STAT-length_adjacency-numbered-verse_shuffle_within_surah,132,6.595393662201895,5.958183600130676,plain,numbered
STAT-length_adjacency-numbered-verse_shuffle_within_surah,133,6.6476641620385495,5.958183600130676,plain,numbered
STAT-length_adjacency-numbered-verse_shuffle_within_surah,134,6.577098987259066,5.958183600130676,plain,numbered
STAT-length_adjacency-numbered-verse_shuffle_within_surah,135,6.526298595230317,5.958183600130676,plain,numbered
STAT-length_adjacency-numbered-verse_shuffle_within_surah,136,6.557987585756289,5.958183600130676,plain,numbered
STAT-length_adjacency-numbered-verse_shuffle_within_surah,137,6.546390068605031,5.958183600130676,plain,numbered
STAT-length_adjacency-numbered-verse_shuffle_within_surah,138,6.6016007840574975,5.958183600130676,plain,numbered
STAT-length_adjacency-numbered-verse_shuffle_within_surah,139,6.544919960797125,5.958183600130676,plain,numbered
STAT-length_adjacency-numbered-verse_shuffle_within_surah,140,6.598170532505717,5.958183600130676,plain,numbered
STAT-length_adjacency-numbered-verse_shuffle_within_surah,141,6.5400196014374385,5.958183600130676,plain,numbered
STAT-length_adjacency-numbered-verse_shuffle_within_surah,142,6.595883698137864,5.958183600130676,plain,numbered
STAT-length_adjacency-numbered-verse_shuffle_within_surah,143,6.6185886965044105,5.958183600130676,plain,numbered
STAT-length_adjacency-numbered-verse_shuffle_within_surah,144,6.470271153217903,5.958183600130676,plain,numbered
STAT-length_adjacency-numbered-verse_shuffle_within_surah,145,6.565174779483828,5.958183600130676,plain,numbered
STAT-length_adjacency-numbered-verse_shuffle_within_surah,146,6.6166285527605355,5.958183600130676,plain,numbered
STAT-length_adjacency-numbered-verse_shuffle_within_surah,147,6.639823587063051,5.958183600130676,plain,numbered
STAT-length_adjacency-numbered-verse_shuffle_within_surah,148,6.629042796471741,5.958183600130676,plain,numbered
STAT-length_adjacency-numbered-verse_shuffle_within_surah,149,6.589676576282261,5.958183600130676,plain,numbered
STAT-length_adjacency-numbered-verse_shuffle_within_surah,150,6.57203528258739,5.958183600130676,plain,numbered
STAT-length_adjacency-numbered-verse_shuffle_within_surah,151,6.520254818686704,5.958183600130676,plain,numbered
STAT-length_adjacency-numbered-verse_shuffle_within_surah,152,6.550963737340738,5.958183600130676,plain,numbered
STAT-length_adjacency-numbered-verse_shuffle_within_surah,153,6.739464227376675,5.958183600130676,plain,numbered
STAT-length_adjacency-numbered-verse_shuffle_within_surah,154,6.56468474354786,5.958183600130676,plain,numbered
STAT-length_adjacency-numbered-verse_shuffle_within_surah,155,6.5695851029075465,5.958183600130676,plain,numbered
STAT-length_adjacency-numbered-verse_shuffle_within_surah,156,6.620548840248285,5.958183600130676,plain,numbered
STAT-length_adjacency-numbered-verse_shuffle_within_surah,157,6.555374060764456,5.958183600130676,plain,numbered
STAT-length_adjacency-numbered-verse_shuffle_within_surah,158,6.6612218229336815,5.958183600130676,plain,numbered
STAT-length_adjacency-numbered-verse_shuffle_within_surah,159,6.490852662528585,5.958183600130676,plain,numbered
STAT-length_adjacency-numbered-verse_shuffle_within_surah,160,6.57203528258739,5.958183600130676,plain,numbered
STAT-length_adjacency-numbered-verse_shuffle_within_surah,161,6.561907873244038,5.958183600130676,plain,numbered
STAT-length_adjacency-numbered-verse_shuffle_within_surah,162,6.563868016987913,5.958183600130676,plain,numbered
STAT-length_adjacency-numbered-verse_shuffle_within_surah,163,6.606827834041163,5.958183600130676,plain,numbered
STAT-length_adjacency-numbered-verse_shuffle_within_surah,164,6.504246978111728,5.958183600130676,plain,numbered
STAT-length_adjacency-numbered-verse_shuffle_within_surah,165,6.662365240117609,5.958183600130676,plain,numbered
STAT-length_adjacency-numbered-verse_shuffle_within_surah,166,6.604867690297288,5.958183600130676,plain,numbered
STAT-length_adjacency-numbered-verse_shuffle_within_surah,167,6.516661221822933,5.958183600130676,plain,numbered
STAT-length_adjacency-numbered-verse_shuffle_within_surah,168,6.51796798431885,5.958183600130676,plain,numbered
STAT-length_adjacency-numbered-verse_shuffle_within_surah,169,6.594086899705978,5.958183600130676,plain,numbered
STAT-length_adjacency-numbered-verse_shuffle_within_surah,170,6.491179353152565,5.958183600130676,plain,numbered
STAT-length_adjacency-numbered-verse_shuffle_within_surah,171,6.690460633779811,5.958183600130676,plain,numbered
STAT-length_adjacency-numbered-verse_shuffle_within_surah,172,6.590983338778177,5.958183600130676,plain,numbered
STAT-length_adjacency-numbered-verse_shuffle_within_surah,173,6.571708591963411,5.958183600130676,plain,numbered
STAT-length_adjacency-numbered-verse_shuffle_within_surah,174,6.612708265272786,5.958183600130676,plain,numbered
STAT-length_adjacency-numbered-verse_shuffle_within_surah,175,6.618425351192421,5.958183600130676,plain,numbered
STAT-length_adjacency-numbered-verse_shuffle_within_surah,176,6.567788304475662,5.958183600130676,plain,numbered
STAT-length_adjacency-numbered-verse_shuffle_within_surah,177,6.579875857562888,5.958183600130676,plain,numbered
STAT-length_adjacency-numbered-verse_shuffle_within_surah,178,6.565174779483828,5.958183600130676,plain,numbered
STAT-length_adjacency-numbered-verse_shuffle_within_surah,179,6.573342045083306,5.958183600130676,plain,numbered
STAT-length_adjacency-numbered-verse_shuffle_within_surah,180,6.517477948382881,5.958183600130676,plain,numbered
STAT-length_adjacency-numbered-verse_shuffle_within_surah,181,6.560274420124142,5.958183600130676,plain,numbered
STAT-length_adjacency-numbered-verse_shuffle_within_surah,182,6.584286180986606,5.958183600130676,plain,numbered
STAT-length_adjacency-numbered-verse_shuffle_within_surah,183,6.614668409016661,5.958183600130676,plain,numbered
STAT-length_adjacency-numbered-verse_shuffle_within_surah,184,6.6671022541653056,5.958183600130676,plain,numbered
STAT-length_adjacency-numbered-verse_shuffle_within_surah,185,6.580202548186867,5.958183600130676,plain,numbered
STAT-length_adjacency-numbered-verse_shuffle_within_surah,186,6.631983012087553,5.958183600130676,plain,numbered
STAT-length_adjacency-numbered-verse_shuffle_within_surah,187,6.625285854295981,5.958183600130676,plain,numbered
STAT-length_adjacency-numbered-verse_shuffle_within_surah,188,6.56141783730807,5.958183600130676,plain,numbered
STAT-length_adjacency-numbered-verse_shuffle_within_surah,189,6.571218556027442,5.958183600130676,plain,numbered
STAT-length_adjacency-numbered-verse_shuffle_within_surah,190,6.529892192094087,5.958183600130676,plain,numbered
STAT-length_adjacency-numbered-verse_shuffle_within_surah,191,6.518948056190787,5.958183600130676,plain,numbered
STAT-length_adjacency-numbered-verse_shuffle_within_surah,192,6.596537079385822,5.958183600130676,plain,numbered
STAT-length_adjacency-numbered-verse_shuffle_within_surah,193,6.608461287161059,5.958183600130676,plain,numbered
STAT-length_adjacency-numbered-verse_shuffle_within_surah,194,6.520744854622673,5.958183600130676,plain,numbered
STAT-length_adjacency-numbered-verse_shuffle_within_surah,195,6.616791898072525,5.958183600130676,plain,numbered
STAT-length_adjacency-numbered-verse_shuffle_within_surah,196,6.563541326363933,5.958183600130676,plain,numbered
STAT-length_adjacency-numbered-verse_shuffle_within_surah,197,6.635739954263313,5.958183600130676,plain,numbered
STAT-length_adjacency-numbered-verse_shuffle_within_surah,198,6.520744854622673,5.958183600130676,plain,numbered
STAT-length_adjacency-numbered-verse_shuffle_within_surah,199,6.656484808885985,5.958183600130676,plain,numbered
STAT-length_adjacency-numbered-verse_shuffle_within_surah,200,6.5540672982685395,5.958183600130676,plain,numbered
STAT-length_adjacency-numbered-verse_shuffle_within_surah,201,6.5739954263312645,5.958183600130676,plain,numbered
STAT-length_adjacency-numbered-verse_shuffle_within_surah,202,6.57562887945116,5.958183600130676,plain,numbered
STAT-length_adjacency-numbered-verse_shuffle_within_surah,203,6.606827834041163,5.958183600130676,plain,numbered
STAT-length_adjacency-numbered-verse_shuffle_within_surah,204,6.576282260699118,5.958183600130676,plain,numbered
STAT-length_adjacency-numbered-verse_shuffle_within_surah,205,6.533159098333877,5.958183600130676,plain,numbered
STAT-length_adjacency-numbered-verse_shuffle_within_surah,206,6.503103560927801,5.958183600130676,plain,numbered
STAT-length_adjacency-numbered-verse_shuffle_within_surah,207,6.498039856256125,5.958183600130676,plain,numbered
STAT-length_adjacency-numbered-verse_shuffle_within_surah,208,6.594250245017968,5.958183600130676,plain,numbered
STAT-length_adjacency-numbered-verse_shuffle_within_surah,209,6.6045409996733095,5.958183600130676,plain,numbered
STAT-length_adjacency-numbered-verse_shuffle_within_surah,210,6.612708265272786,5.958183600130676,plain,numbered
STAT-length_adjacency-numbered-verse_shuffle_within_surah,211,6.6481541979745185,5.958183600130676,plain,numbered
STAT-length_adjacency-numbered-verse_shuffle_within_surah,212,6.637373407383208,5.958183600130676,plain,numbered
STAT-length_adjacency-numbered-verse_shuffle_within_surah,213,6.61532179026462,5.958183600130676,plain,numbered
STAT-length_adjacency-numbered-verse_shuffle_within_surah,214,6.580529238810846,5.958183600130676,plain,numbered
STAT-length_adjacency-numbered-verse_shuffle_within_surah,215,6.562887945115975,5.958183600130676,plain,numbered
STAT-length_adjacency-numbered-verse_shuffle_within_surah,216,6.545246651421104,5.958183600130676,plain,numbered
STAT-length_adjacency-numbered-verse_shuffle_within_surah,217,6.559457693564195,5.958183600130676,plain,numbered
STAT-length_adjacency-numbered-verse_shuffle_within_surah,218,6.6180986605684415,5.958183600130676,plain,numbered
STAT-length_adjacency-numbered-verse_shuffle_within_surah,219,6.601274093433519,5.958183600130676,plain,numbered
STAT-length_adjacency-numbered-verse_shuffle_within_surah,220,6.602254165305456,5.958183600130676,plain,numbered
STAT-length_adjacency-numbered-verse_shuffle_within_surah,221,6.621202221496243,5.958183600130676,plain,numbered
STAT-length_adjacency-numbered-verse_shuffle_within_surah,222,6.526298595230317,5.958183600130676,plain,numbered
STAT-length_adjacency-numbered-verse_shuffle_within_surah,223,6.673472721332898,5.958183600130676,plain,numbered
STAT-length_adjacency-numbered-verse_shuffle_within_surah,224,6.527115321790265,5.958183600130676,plain,numbered
STAT-length_adjacency-numbered-verse_shuffle_within_surah,225,6.5545573342045085,5.958183600130676,plain,numbered
STAT-length_adjacency-numbered-verse_shuffle_within_surah,226,6.620712185560275,5.958183600130676,plain,numbered
STAT-length_adjacency-numbered-verse_shuffle_within_surah,227,6.613851682456714,5.958183600130676,plain,numbered
STAT-length_adjacency-numbered-verse_shuffle_within_surah,228,6.565991506043776,5.958183600130676,plain,numbered
STAT-length_adjacency-numbered-verse_shuffle_within_surah,229,6.516007840574975,5.958183600130676,plain,numbered
STAT-length_adjacency-numbered-verse_shuffle_within_surah,230,6.652564521398236,5.958183600130676,plain,numbered
STAT-length_adjacency-numbered-verse_shuffle_within_surah,231,6.597680496569748,5.958183600130676,plain,numbered
STAT-length_adjacency-numbered-verse_shuffle_within_surah,232,6.548676902972884,5.958183600130676,plain,numbered
STAT-length_adjacency-numbered-verse_shuffle_within_surah,233,6.4959163672002616,5.958183600130676,plain,numbered
STAT-length_adjacency-numbered-verse_shuffle_within_surah,234,6.477295001633453,5.958183600130676,plain,numbered
STAT-length_adjacency-numbered-verse_shuffle_within_surah,235,6.568931721659588,5.958183600130676,plain,numbered
STAT-length_adjacency-numbered-verse_shuffle_within_surah,236,6.636066644887292,5.958183600130676,plain,numbered
STAT-length_adjacency-numbered-verse_shuffle_within_surah,237,6.5880431231623655,5.958183600130676,plain,numbered
STAT-length_adjacency-numbered-verse_shuffle_within_surah,238,6.6187520418164,5.958183600130676,plain,numbered
STAT-length_adjacency-numbered-verse_shuffle_within_surah,239,6.666448872917347,5.958183600130676,plain,numbered
STAT-length_adjacency-numbered-verse_shuffle_within_surah,240,6.581182620058804,5.958183600130676,plain,numbered
STAT-length_adjacency-numbered-verse_shuffle_within_surah,241,6.628226069911793,5.958183600130676,plain,numbered
STAT-length_adjacency-numbered-verse_shuffle_within_surah,242,6.558150931068278,5.958183600130676,plain,numbered
STAT-length_adjacency-numbered-verse_shuffle_within_surah,243,6.6350865730153545,5.958183600130676,plain,numbered
STAT-length_adjacency-numbered-verse_shuffle_within_surah,244,6.6646520744854625,5.958183600130676,plain,numbered
STAT-length_adjacency-numbered-verse_shuffle_within_surah,245,6.569748448219536,5.958183600130676,plain,numbered
STAT-length_adjacency-numbered-verse_shuffle_within_surah,246,6.692094086899706,5.958183600130676,plain,numbered
STAT-length_adjacency-numbered-verse_shuffle_within_surah,247,6.561254491996079,5.958183600130676,plain,numbered
STAT-length_adjacency-numbered-verse_shuffle_within_surah,248,6.573342045083306,5.958183600130676,plain,numbered
STAT-length_adjacency-numbered-verse_shuffle_within_surah,249,6.557987585756289,5.958183600130676,plain,numbered
STAT-length_adjacency-numbered-verse_shuffle_within_surah,250,6.630186213655668,5.958183600130676,plain,numbered
STAT-length_adjacency-numbered-verse_shuffle_within_surah,251,6.591963410650115,5.958183600130676,plain,numbered
STAT-length_adjacency-numbered-verse_shuffle_within_surah,252,6.534629206141783,5.958183600130676,plain,numbered
STAT-length_adjacency-numbered-verse_shuffle_within_surah,253,6.593433518458021,5.958183600130676,plain,numbered
STAT-length_adjacency-numbered-verse_shuffle_within_surah,254,6.6292061417837305,5.958183600130676,plain,numbered
STAT-length_adjacency-numbered-verse_shuffle_within_surah,255,6.520908199934662,5.958183600130676,plain,numbered
STAT-length_adjacency-numbered-verse_shuffle_within_surah,256,6.5860829794184905,5.958183600130676,plain,numbered
STAT-length_adjacency-numbered-verse_shuffle_within_surah,257,6.566971577915714,5.958183600130676,plain,numbered
STAT-length_adjacency-numbered-verse_shuffle_within_surah,258,6.591146684090167,5.958183600130676,plain,numbered
STAT-length_adjacency-numbered-verse_shuffle_within_surah,259,6.57905913100294,5.958183600130676,plain,numbered
STAT-length_adjacency-numbered-verse_shuffle_within_surah,260,6.579549166938909,5.958183600130676,plain,numbered
STAT-length_adjacency-numbered-verse_shuffle_within_surah,261,6.542959817053251,5.958183600130676,plain,numbered
STAT-length_adjacency-numbered-verse_shuffle_within_surah,262,6.653871283894152,5.958183600130676,plain,numbered
STAT-length_adjacency-numbered-verse_shuffle_within_surah,263,6.628879451159752,5.958183600130676,plain,numbered
STAT-length_adjacency-numbered-verse_shuffle_within_surah,264,6.645377327670696,5.958183600130676,plain,numbered
STAT-length_adjacency-numbered-verse_shuffle_within_surah,265,6.594250245017968,5.958183600130676,plain,numbered
STAT-length_adjacency-numbered-verse_shuffle_within_surah,266,6.640803658934988,5.958183600130676,plain,numbered
STAT-length_adjacency-numbered-verse_shuffle_within_surah,267,6.562397909180007,5.958183600130676,plain,numbered
STAT-length_adjacency-numbered-verse_shuffle_within_surah,268,6.605847762169225,5.958183600130676,plain,numbered
STAT-length_adjacency-numbered-verse_shuffle_within_surah,269,6.5400196014374385,5.958183600130676,plain,numbered
STAT-length_adjacency-numbered-verse_shuffle_within_surah,270,6.561581182620059,5.958183600130676,plain,numbered
STAT-length_adjacency-numbered-verse_shuffle_within_surah,271,6.593433518458021,5.958183600130676,plain,numbered
STAT-length_adjacency-numbered-verse_shuffle_within_surah,272,6.655341391702058,5.958183600130676,plain,numbered
STAT-length_adjacency-numbered-verse_shuffle_within_surah,273,6.664815419797452,5.958183600130676,plain,numbered
STAT-length_adjacency-numbered-verse_shuffle_within_surah,274,6.558967657628226,5.958183600130676,plain,numbered
STAT-length_adjacency-numbered-verse_shuffle_within_surah,275,6.66906239790918,5.958183600130676,plain,numbered
STAT-length_adjacency-numbered-verse_shuffle_within_surah,276,6.684906893172166,5.958183600130676,plain,numbered
STAT-length_adjacency-numbered-verse_shuffle_within_surah,277,6.623815746488075,5.958183600130676,plain,numbered
STAT-length_adjacency-numbered-verse_shuffle_within_surah,278,6.629859523031689,5.958183600130676,plain,numbered
STAT-length_adjacency-numbered-verse_shuffle_within_surah,279,6.600457366873571,5.958183600130676,plain,numbered
STAT-length_adjacency-numbered-verse_shuffle_within_surah,280,6.594250245017968,5.958183600130676,plain,numbered
STAT-length_adjacency-numbered-verse_shuffle_within_surah,281,6.523358379614505,5.958183600130676,plain,numbered
STAT-length_adjacency-numbered-verse_shuffle_within_surah,282,6.590656648154198,5.958183600130676,plain,numbered
STAT-length_adjacency-numbered-verse_shuffle_within_surah,283,6.548676902972884,5.958183600130676,plain,numbered
STAT-length_adjacency-numbered-verse_shuffle_within_surah,284,6.531525645213982,5.958183600130676,plain,numbered
STAT-length_adjacency-numbered-verse_shuffle_within_surah,285,6.55031035609278,5.958183600130676,plain,numbered
STAT-length_adjacency-numbered-verse_shuffle_within_surah,286,6.513884351519112,5.958183600130676,plain,numbered
STAT-length_adjacency-numbered-verse_shuffle_within_surah,287,6.609114668409017,5.958183600130676,plain,numbered
STAT-length_adjacency-numbered-verse_shuffle_within_surah,288,6.614831754328651,5.958183600130676,plain,numbered
STAT-length_adjacency-numbered-verse_shuffle_within_surah,289,6.582326037242731,5.958183600130676,plain,numbered
STAT-length_adjacency-numbered-verse_shuffle_within_surah,290,6.540836327997386,5.958183600130676,plain,numbered
STAT-length_adjacency-numbered-verse_shuffle_within_surah,291,6.646847435478602,5.958183600130676,plain,numbered
STAT-length_adjacency-numbered-verse_shuffle_within_surah,292,6.578569095066972,5.958183600130676,plain,numbered
STAT-length_adjacency-numbered-verse_shuffle_within_surah,293,6.603397582489382,5.958183600130676,plain,numbered
STAT-length_adjacency-numbered-verse_shuffle_within_surah,294,6.603887618425351,5.958183600130676,plain,numbered
STAT-length_adjacency-numbered-verse_shuffle_within_surah,295,6.599640640313623,5.958183600130676,plain,numbered
STAT-length_adjacency-numbered-verse_shuffle_within_surah,296,6.574322116955243,5.958183600130676,plain,numbered
STAT-length_adjacency-numbered-verse_shuffle_within_surah,297,6.5895132309702715,5.958183600130676,plain,numbered
STAT-length_adjacency-numbered-verse_shuffle_within_surah,298,6.596700424697811,5.958183600130676,plain,numbered
STAT-length_adjacency-numbered-verse_shuffle_within_surah,299,6.508657301535446,5.958183600130676,plain,numbered
STAT-length_adjacency-numbered-verse_shuffle_within_surah,300,6.59000326690624,5.958183600130676,plain,numbered
STAT-length_adjacency-numbered-verse_shuffle_within_surah,301,6.685396929108134,5.958183600130676,plain,numbered
STAT-length_adjacency-numbered-verse_shuffle_within_surah,302,6.512577589023195,5.958183600130676,plain,numbered
STAT-length_adjacency-numbered-verse_shuffle_within_surah,303,6.495753021888272,5.958183600130676,plain,numbered
STAT-length_adjacency-numbered-verse_shuffle_within_surah,304,6.568931721659588,5.958183600130676,plain,numbered
STAT-length_adjacency-numbered-verse_shuffle_within_surah,305,6.5511270826527275,5.958183600130676,plain,numbered
STAT-length_adjacency-numbered-verse_shuffle_within_surah,306,6.611074812152891,5.958183600130676,plain,numbered
STAT-length_adjacency-numbered-verse_shuffle_within_surah,307,6.5220516171185885,5.958183600130676,plain,numbered
STAT-length_adjacency-numbered-verse_shuffle_within_surah,308,6.624632473048024,5.958183600130676,plain,numbered
STAT-length_adjacency-numbered-verse_shuffle_within_surah,309,6.616465207448546,5.958183600130676,plain,numbered
STAT-length_adjacency-numbered-verse_shuffle_within_surah,310,6.540672982685397,5.958183600130676,plain,numbered
STAT-length_adjacency-numbered-verse_shuffle_within_surah,311,6.593433518458021,5.958183600130676,plain,numbered
STAT-length_adjacency-numbered-verse_shuffle_within_surah,312,6.588696504410324,5.958183600130676,plain,numbered
STAT-length_adjacency-numbered-verse_shuffle_within_surah,313,6.547860176412937,5.958183600130676,plain,numbered
STAT-length_adjacency-numbered-verse_shuffle_within_surah,314,6.550637046716759,5.958183600130676,plain,numbered
STAT-length_adjacency-numbered-verse_shuffle_within_surah,315,6.622835674616138,5.958183600130676,plain,numbered
STAT-length_adjacency-numbered-verse_shuffle_within_surah,316,6.567788304475662,5.958183600130676,plain,numbered
STAT-length_adjacency-numbered-verse_shuffle_within_surah,317,6.559294348252205,5.958183600130676,plain,numbered
STAT-length_adjacency-numbered-verse_shuffle_within_surah,318,6.4900359359686375,5.958183600130676,plain,numbered
STAT-length_adjacency-numbered-verse_shuffle_within_surah,319,6.565174779483828,5.958183600130676,plain,numbered
STAT-length_adjacency-numbered-verse_shuffle_within_surah,320,6.617281934008494,5.958183600130676,plain,numbered
STAT-length_adjacency-numbered-verse_shuffle_within_surah,321,6.576445606011108,5.958183600130676,plain,numbered
STAT-length_adjacency-numbered-verse_shuffle_within_surah,322,6.548840248284875,5.958183600130676,plain,numbered
STAT-length_adjacency-numbered-verse_shuffle_within_surah,323,6.529075465534139,5.958183600130676,plain,numbered
STAT-length_adjacency-numbered-verse_shuffle_within_surah,324,6.597843841881738,5.958183600130676,plain,numbered
STAT-length_adjacency-numbered-verse_shuffle_within_surah,325,6.50359359686377,5.958183600130676,plain,numbered
STAT-length_adjacency-numbered-verse_shuffle_within_surah,326,6.611728193400849,5.958183600130676,plain,numbered
STAT-length_adjacency-numbered-verse_shuffle_within_surah,327,6.688337144723946,5.958183600130676,plain,numbered
STAT-length_adjacency-numbered-verse_shuffle_within_surah,328,6.593760209081999,5.958183600130676,plain,numbered
STAT-length_adjacency-numbered-verse_shuffle_within_surah,329,6.661385168245672,5.958183600130676,plain,numbered
STAT-length_adjacency-numbered-verse_shuffle_within_surah,330,6.524338451486442,5.958183600130676,plain,numbered
STAT-length_adjacency-numbered-verse_shuffle_within_surah,331,6.566481541979745,5.958183600130676,plain,numbered
STAT-length_adjacency-numbered-verse_shuffle_within_surah,332,6.536916040509637,5.958183600130676,plain,numbered
STAT-length_adjacency-numbered-verse_shuffle_within_surah,333,6.639823587063051,5.958183600130676,plain,numbered
STAT-length_adjacency-numbered-verse_shuffle_within_surah,334,6.624305782424044,5.958183600130676,plain,numbered
STAT-length_adjacency-numbered-verse_shuffle_within_surah,335,6.536916040509637,5.958183600130676,plain,numbered
STAT-length_adjacency-numbered-verse_shuffle_within_surah,336,6.5705651747794835,5.958183600130676,plain,numbered
STAT-length_adjacency-numbered-verse_shuffle_within_surah,337,6.583959490362626,5.958183600130676,plain,numbered
STAT-length_adjacency-numbered-verse_shuffle_within_surah,338,6.613361646520745,5.958183600130676,plain,numbered
STAT-length_adjacency-numbered-verse_shuffle_within_surah,339,6.6486442339104865,5.958183600130676,plain,numbered
STAT-length_adjacency-numbered-verse_shuffle_within_surah,340,6.483828814113035,5.958183600130676,plain,numbered
STAT-length_adjacency-numbered-verse_shuffle_within_surah,341,6.590656648154198,5.958183600130676,plain,numbered
STAT-length_adjacency-numbered-verse_shuffle_within_surah,342,6.543286507677229,5.958183600130676,plain,numbered
STAT-length_adjacency-numbered-verse_shuffle_within_surah,343,6.503266906239791,5.958183600130676,plain,numbered
STAT-length_adjacency-numbered-verse_shuffle_within_surah,344,6.51078079059131,5.958183600130676,plain,numbered
STAT-length_adjacency-numbered-verse_shuffle_within_surah,345,6.58640967004247,5.958183600130676,plain,numbered
STAT-length_adjacency-numbered-verse_shuffle_within_surah,346,6.542959817053251,5.958183600130676,plain,numbered
STAT-length_adjacency-numbered-verse_shuffle_within_surah,347,6.551617118588696,5.958183600130676,plain,numbered
STAT-length_adjacency-numbered-verse_shuffle_within_surah,348,6.536262659261679,5.958183600130676,plain,numbered
STAT-length_adjacency-numbered-verse_shuffle_within_surah,349,6.595393662201895,5.958183600130676,plain,numbered
STAT-length_adjacency-numbered-verse_shuffle_within_surah,350,6.559294348252205,5.958183600130676,plain,numbered
STAT-length_adjacency-numbered-verse_shuffle_within_surah,351,6.596863770009801,5.958183600130676,plain,numbered
STAT-length_adjacency-numbered-verse_shuffle_within_surah,352,6.529565501470108,5.958183600130676,plain,numbered
STAT-length_adjacency-numbered-verse_shuffle_within_surah,353,6.559947729500164,5.958183600130676,plain,numbered
STAT-length_adjacency-numbered-verse_shuffle_within_surah,354,6.646684090166612,5.958183600130676,plain,numbered
STAT-length_adjacency-numbered-verse_shuffle_within_surah,355,6.47827507350539,5.958183600130676,plain,numbered
STAT-length_adjacency-numbered-verse_shuffle_within_surah,356,6.606174452793205,5.958183600130676,plain,numbered
STAT-length_adjacency-numbered-verse_shuffle_within_surah,357,6.502286834367854,5.958183600130676,plain,numbered
STAT-length_adjacency-numbered-verse_shuffle_within_surah,358,6.562887945115975,5.958183600130676,plain,numbered
STAT-length_adjacency-numbered-verse_shuffle_within_surah,359,6.536262659261679,5.958183600130676,plain,numbered
STAT-length_adjacency-numbered-verse_shuffle_within_surah,360,6.649460960470434,5.958183600130676,plain,numbered
STAT-length_adjacency-numbered-verse_shuffle_within_surah,361,6.582162691930741,5.958183600130676,plain,numbered
STAT-length_adjacency-numbered-verse_shuffle_within_surah,362,6.622672329304149,5.958183600130676,plain,numbered
STAT-length_adjacency-numbered-verse_shuffle_within_surah,363,6.591963410650115,5.958183600130676,plain,numbered
STAT-length_adjacency-numbered-verse_shuffle_within_surah,364,6.5405096373734075,5.958183600130676,plain,numbered
STAT-length_adjacency-numbered-verse_shuffle_within_surah,365,6.589676576282261,5.958183600130676,plain,numbered
STAT-length_adjacency-numbered-verse_shuffle_within_surah,366,6.598333877817707,5.958183600130676,plain,numbered
STAT-length_adjacency-numbered-verse_shuffle_within_surah,367,6.430578242404443,5.958183600130676,plain,numbered
STAT-length_adjacency-numbered-verse_shuffle_within_surah,368,6.541163018621366,5.958183600130676,plain,numbered
STAT-length_adjacency-numbered-verse_shuffle_within_surah,369,6.642763802678863,5.958183600130676,plain,numbered
STAT-length_adjacency-numbered-verse_shuffle_within_surah,370,6.47125122508984,5.958183600130676,plain,numbered
STAT-length_adjacency-numbered-verse_shuffle_within_surah,371,6.63328977458347,5.958183600130676,plain,numbered
STAT-length_adjacency-numbered-verse_shuffle_within_surah,372,6.580039202874877,5.958183600130676,plain,numbered
STAT-length_adjacency-numbered-verse_shuffle_within_surah,373,6.653544593270174,5.958183600130676,plain,numbered
STAT-length_adjacency-numbered-verse_shuffle_within_surah,374,6.614668409016661,5.958183600130676,plain,numbered
STAT-length_adjacency-numbered-verse_shuffle_within_surah,375,6.5560274420124145,5.958183600130676,plain,numbered
STAT-length_adjacency-numbered-verse_shuffle_within_surah,376,6.644070565174779,5.958183600130676,plain,numbered
STAT-length_adjacency-numbered-verse_shuffle_within_surah,377,6.5681149950996405,5.958183600130676,plain,numbered
STAT-length_adjacency-numbered-verse_shuffle_within_surah,378,6.644070565174779,5.958183600130676,plain,numbered
STAT-length_adjacency-numbered-verse_shuffle_within_surah,379,6.46782097353806,5.958183600130676,plain,numbered
STAT-length_adjacency-numbered-verse_shuffle_within_surah,380,6.636556680823261,5.958183600130676,plain,numbered
STAT-length_adjacency-numbered-verse_shuffle_within_surah,381,6.508167265599477,5.958183600130676,plain,numbered
STAT-length_adjacency-numbered-verse_shuffle_within_surah,382,6.565664815419797,5.958183600130676,plain,numbered
STAT-length_adjacency-numbered-verse_shuffle_within_surah,383,6.572852009147337,5.958183600130676,plain,numbered
STAT-length_adjacency-numbered-verse_shuffle_within_surah,384,6.460797125122509,5.958183600130676,plain,numbered
STAT-length_adjacency-numbered-verse_shuffle_within_surah,385,6.702058150931069,5.958183600130676,plain,numbered
STAT-length_adjacency-numbered-verse_shuffle_within_surah,386,6.678046390068605,5.958183600130676,plain,numbered
STAT-length_adjacency-numbered-verse_shuffle_within_surah,387,6.599150604377654,5.958183600130676,plain,numbered
STAT-length_adjacency-numbered-verse_shuffle_within_surah,388,6.668082326037243,5.958183600130676,plain,numbered
STAT-length_adjacency-numbered-verse_shuffle_within_surah,389,6.6006207121855605,5.958183600130676,plain,numbered
STAT-length_adjacency-numbered-verse_shuffle_within_surah,390,6.591310029402156,5.958183600130676,plain,numbered
STAT-length_adjacency-numbered-verse_shuffle_within_surah,391,6.632473048023522,5.958183600130676,plain,numbered
STAT-length_adjacency-numbered-verse_shuffle_within_surah,392,6.666775563541326,5.958183600130676,plain,numbered
STAT-length_adjacency-numbered-verse_shuffle_within_surah,393,6.544266579549167,5.958183600130676,plain,numbered
STAT-length_adjacency-numbered-verse_shuffle_within_surah,394,6.573015354459327,5.958183600130676,plain,numbered
STAT-length_adjacency-numbered-verse_shuffle_within_surah,395,6.620222149624306,5.958183600130676,plain,numbered
STAT-length_adjacency-numbered-verse_shuffle_within_surah,396,6.652401176086246,5.958183600130676,plain,numbered
STAT-length_adjacency-numbered-verse_shuffle_within_surah,397,6.667918980725253,5.958183600130676,plain,numbered
STAT-length_adjacency-numbered-verse_shuffle_within_surah,398,6.524665142110422,5.958183600130676,plain,numbered
STAT-length_adjacency-numbered-verse_shuffle_within_surah,399,6.558804312316236,5.958183600130676,plain,numbered
STAT-length_adjacency-numbered-verse_shuffle_within_surah,400,6.627572688663835,5.958183600130676,plain,numbered
STAT-length_adjacency-numbered-verse_shuffle_within_surah,401,6.664488729173473,5.958183600130676,plain,numbered
STAT-length_adjacency-numbered-verse_shuffle_within_surah,402,6.470271153217903,5.958183600130676,plain,numbered
STAT-length_adjacency-numbered-verse_shuffle_within_surah,403,6.537896112381575,5.958183600130676,plain,numbered
STAT-length_adjacency-numbered-verse_shuffle_within_surah,404,6.56844168572362,5.958183600130676,plain,numbered
STAT-length_adjacency-numbered-verse_shuffle_within_surah,405,6.568605031035609,5.958183600130676,plain,numbered
STAT-length_adjacency-numbered-verse_shuffle_within_surah,406,6.622018948056191,5.958183600130676,plain,numbered
STAT-length_adjacency-numbered-verse_shuffle_within_surah,407,6.585592943482522,5.958183600130676,plain,numbered
STAT-length_adjacency-numbered-verse_shuffle_within_surah,408,6.592616791898073,5.958183600130676,plain,numbered
STAT-length_adjacency-numbered-verse_shuffle_within_surah,409,6.582326037242731,5.958183600130676,plain,numbered
STAT-length_adjacency-numbered-verse_shuffle_within_surah,410,6.647337471414571,5.958183600130676,plain,numbered
STAT-length_adjacency-numbered-verse_shuffle_within_surah,411,6.475334857889578,5.958183600130676,plain,numbered
STAT-length_adjacency-numbered-verse_shuffle_within_surah,412,6.589186540346292,5.958183600130676,plain,numbered
STAT-length_adjacency-numbered-verse_shuffle_within_surah,413,6.50359359686377,5.958183600130676,plain,numbered
STAT-length_adjacency-numbered-verse_shuffle_within_surah,414,6.6016007840574975,5.958183600130676,plain,numbered
STAT-length_adjacency-numbered-verse_shuffle_within_surah,415,6.489709245344659,5.958183600130676,plain,numbered
STAT-length_adjacency-numbered-verse_shuffle_within_surah,416,6.590819993466187,5.958183600130676,plain,numbered
STAT-length_adjacency-numbered-verse_shuffle_within_surah,417,6.523358379614505,5.958183600130676,plain,numbered
STAT-length_adjacency-numbered-verse_shuffle_within_surah,418,6.727049983665469,5.958183600130676,plain,numbered
STAT-length_adjacency-numbered-verse_shuffle_within_surah,419,6.547043449852989,5.958183600130676,plain,numbered
STAT-length_adjacency-numbered-verse_shuffle_within_surah,420,6.53969291081346,5.958183600130676,plain,numbered
STAT-length_adjacency-numbered-verse_shuffle_within_surah,421,6.5240117608624635,5.958183600130676,plain,numbered
STAT-length_adjacency-numbered-verse_shuffle_within_surah,422,6.511924207775237,5.958183600130676,plain,numbered
STAT-length_adjacency-numbered-verse_shuffle_within_surah,423,6.568768376347599,5.958183600130676,plain,numbered
STAT-length_adjacency-numbered-verse_shuffle_within_surah,424,6.5865730153544595,5.958183600130676,plain,numbered
STAT-length_adjacency-numbered-verse_shuffle_within_surah,425,6.571708591963411,5.958183600130676,plain,numbered
STAT-length_adjacency-numbered-verse_shuffle_within_surah,426,6.678373080692584,5.958183600130676,plain,numbered
STAT-length_adjacency-numbered-verse_shuffle_within_surah,427,6.634433191767396,5.958183600130676,plain,numbered
STAT-length_adjacency-numbered-verse_shuffle_within_surah,428,6.565174779483828,5.958183600130676,plain,numbered
STAT-length_adjacency-numbered-verse_shuffle_within_surah,429,6.595393662201895,5.958183600130676,plain,numbered
STAT-length_adjacency-numbered-verse_shuffle_within_surah,430,6.562887945115975,5.958183600130676,plain,numbered
STAT-length_adjacency-numbered-verse_shuffle_within_surah,431,6.590656648154198,5.958183600130676,plain,numbered
STAT-length_adjacency-numbered-verse_shuffle_within_surah,432,6.603397582489382,5.958183600130676,plain,numbered
STAT-length_adjacency-numbered-verse_shuffle_within_surah,433,6.627245998039856,5.958183600130676,plain,numbered
STAT-length_adjacency-numbered-verse_shuffle_within_surah,434,6.567788304475662,5.958183600130676,plain,numbered
STAT-length_adjacency-numbered-verse_shuffle_within_surah,435,6.5986605684416855,5.958183600130676,plain,numbered
STAT-length_adjacency-numbered-verse_shuffle_within_surah,436,6.606174452793205,5.958183600130676,plain,numbered
STAT-length_adjacency-numbered-verse_shuffle_within_surah,437,6.5846128716105845,5.958183600130676,plain,numbered
STAT-length_adjacency-numbered-verse_shuffle_within_surah,438,6.608461287161059,5.958183600130676,plain,numbered
STAT-length_adjacency-numbered-verse_shuffle_within_surah,439,6.567788304475662,5.958183600130676,plain,numbered
STAT-length_adjacency-numbered-verse_shuffle_within_surah,440,6.568605031035609,5.958183600130676,plain,numbered
STAT-length_adjacency-numbered-verse_shuffle_within_surah,441,6.607317869977131,5.958183600130676,plain,numbered
STAT-length_adjacency-numbered-verse_shuffle_within_surah,442,6.57938582162692,5.958183600130676,plain,numbered
STAT-length_adjacency-numbered-verse_shuffle_within_surah,443,6.672329304148971,5.958183600130676,plain,numbered
STAT-length_adjacency-numbered-verse_shuffle_within_surah,444,6.611891538712839,5.958183600130676,plain,numbered
STAT-length_adjacency-numbered-verse_shuffle_within_surah,445,6.683763475988239,5.958183600130676,plain,numbered
STAT-length_adjacency-numbered-verse_shuffle_within_surah,446,6.5971904606337795,5.958183600130676,plain,numbered
STAT-length_adjacency-numbered-verse_shuffle_within_surah,447,6.536916040509637,5.958183600130676,plain,numbered
STAT-length_adjacency-numbered-verse_shuffle_within_surah,448,6.6215289121202225,5.958183600130676,plain,numbered
STAT-length_adjacency-numbered-verse_shuffle_within_surah,449,6.521234890558641,5.958183600130676,plain,numbered
STAT-length_adjacency-numbered-verse_shuffle_within_surah,450,6.563377981051944,5.958183600130676,plain,numbered
STAT-length_adjacency-numbered-verse_shuffle_within_surah,451,6.554720679516498,5.958183600130676,plain,numbered
STAT-length_adjacency-numbered-verse_shuffle_within_surah,452,6.642600457366874,5.958183600130676,plain,numbered
STAT-length_adjacency-numbered-verse_shuffle_within_surah,453,6.581345965370794,5.958183600130676,plain,numbered
STAT-length_adjacency-numbered-verse_shuffle_within_surah,454,6.663998693237504,5.958183600130676,plain,numbered
STAT-length_adjacency-numbered-verse_shuffle_within_surah,455,6.65125775890232,5.958183600130676,plain,numbered
STAT-length_adjacency-numbered-verse_shuffle_within_surah,456,6.511760862463247,5.958183600130676,plain,numbered
STAT-length_adjacency-numbered-verse_shuffle_within_surah,457,6.643580529238811,5.958183600130676,plain,numbered
STAT-length_adjacency-numbered-verse_shuffle_within_surah,458,6.569258412283568,5.958183600130676,plain,numbered
STAT-length_adjacency-numbered-verse_shuffle_within_surah,459,6.6350865730153545,5.958183600130676,plain,numbered
STAT-length_adjacency-numbered-verse_shuffle_within_surah,460,6.660568441685724,5.958183600130676,plain,numbered
STAT-length_adjacency-numbered-verse_shuffle_within_surah,461,6.567624959163672,5.958183600130676,plain,numbered
STAT-length_adjacency-numbered-verse_shuffle_within_surah,462,6.540346292061418,5.958183600130676,plain,numbered
STAT-length_adjacency-numbered-verse_shuffle_within_surah,463,6.663345311989546,5.958183600130676,plain,numbered
STAT-length_adjacency-numbered-verse_shuffle_within_surah,464,6.584122835674616,5.958183600130676,plain,numbered
STAT-length_adjacency-numbered-verse_shuffle_within_surah,465,6.53250571708592,5.958183600130676,plain,numbered
STAT-length_adjacency-numbered-verse_shuffle_within_surah,466,6.703038222803006,5.958183600130676,plain,numbered
STAT-length_adjacency-numbered-verse_shuffle_within_surah,467,6.6646520744854625,5.958183600130676,plain,numbered
STAT-length_adjacency-numbered-verse_shuffle_within_surah,468,6.661548513557661,5.958183600130676,plain,numbered
STAT-length_adjacency-numbered-verse_shuffle_within_surah,469,6.639823587063051,5.958183600130676,plain,numbered
STAT-length_adjacency-numbered-verse_shuffle_within_surah,470,6.608297941849069,5.958183600130676,plain,numbered
STAT-length_adjacency-numbered-verse_shuffle_within_surah,471,6.581182620058804,5.958183600130676,plain,numbered
STAT-length_adjacency-numbered-verse_shuffle_within_surah,472,6.652891212022215,5.958183600130676,plain,numbered
STAT-length_adjacency-numbered-verse_shuffle_within_surah,473,6.543286507677229,5.958183600130676,plain,numbered
STAT-length_adjacency-numbered-verse_shuffle_within_surah,474,6.621692257432212,5.958183600130676,plain,numbered
STAT-length_adjacency-numbered-verse_shuffle_within_surah,475,6.580039202874877,5.958183600130676,plain,numbered
STAT-length_adjacency-numbered-verse_shuffle_within_surah,476,6.67265599477295,5.958183600130676,plain,numbered
STAT-length_adjacency-numbered-verse_shuffle_within_surah,477,6.554230643580529,5.958183600130676,plain,numbered
STAT-length_adjacency-numbered-verse_shuffle_within_surah,478,6.659425024501797,5.958183600130676,plain,numbered
STAT-length_adjacency-numbered-verse_shuffle_within_surah,479,6.484318850049004,5.958183600130676,plain,numbered
STAT-length_adjacency-numbered-verse_shuffle_within_surah,480,6.52156158118262,5.958183600130676,plain,numbered
STAT-length_adjacency-numbered-verse_shuffle_within_surah,481,6.668572361973212,5.958183600130676,plain,numbered
STAT-length_adjacency-numbered-verse_shuffle_within_surah,482,6.600947402809539,5.958183600130676,plain,numbered
STAT-length_adjacency-numbered-verse_shuffle_within_surah,483,6.606991179353153,5.958183600130676,plain,numbered
STAT-length_adjacency-numbered-verse_shuffle_within_surah,484,6.589676576282261,5.958183600130676,plain,numbered
STAT-length_adjacency-numbered-verse_shuffle_within_surah,485,6.482358706305129,5.958183600130676,plain,numbered
STAT-length_adjacency-numbered-verse_shuffle_within_surah,486,6.496079712512251,5.958183600130676,plain,numbered
STAT-length_adjacency-numbered-verse_shuffle_within_surah,487,6.601764129369487,5.958183600130676,plain,numbered
STAT-length_adjacency-numbered-verse_shuffle_within_surah,488,6.518131329630839,5.958183600130676,plain,numbered
STAT-length_adjacency-numbered-verse_shuffle_within_surah,489,6.652237830774257,5.958183600130676,plain,numbered
STAT-length_adjacency-numbered-verse_shuffle_within_surah,490,6.548186867036916,5.958183600130676,plain,numbered
STAT-length_adjacency-numbered-verse_shuffle_within_surah,491,6.516824567134924,5.958183600130676,plain,numbered
STAT-length_adjacency-numbered-verse_shuffle_within_surah,492,6.669552433845149,5.958183600130676,plain,numbered
STAT-length_adjacency-numbered-verse_shuffle_within_surah,493,6.545246651421104,5.958183600130676,plain,numbered
STAT-length_adjacency-numbered-verse_shuffle_within_surah,494,6.5114341718392685,5.958183600130676,plain,numbered
STAT-length_adjacency-numbered-verse_shuffle_within_surah,495,6.534792551453774,5.958183600130676,plain,numbered
STAT-length_adjacency-numbered-verse_shuffle_within_surah,496,6.561744527932048,5.958183600130676,plain,numbered
STAT-length_adjacency-numbered-verse_shuffle_within_surah,497,6.485952303168899,5.958183600130676,plain,numbered
STAT-length_adjacency-numbered-verse_shuffle_within_surah,498,6.612054884024828,5.958183600130676,plain,numbered
STAT-length_adjacency-numbered-verse_shuffle_within_surah,499,6.596047043449853,5.958183600130676,plain,numbered
STAT-length_adjacency-numbered-verse_shuffle_within_surah,500,6.5828160731787,5.958183600130676,plain,numbered
STAT-length_adjacency-numbered-verse_shuffle_within_surah,501,6.581182620058804,5.958183600130676,plain,numbered
STAT-length_adjacency-numbered-verse_shuffle_within_surah,502,6.575955570075139,5.958183600130676,plain,numbered
STAT-length_adjacency-numbered-verse_shuffle_within_surah,503,6.583306109114669,5.958183600130676,plain,numbered
STAT-length_adjacency-numbered-verse_shuffle_within_surah,504,6.53969291081346,5.958183600130676,plain,numbered
STAT-length_adjacency-numbered-verse_shuffle_within_surah,505,6.608461287161059,5.958183600130676,plain,numbered
STAT-length_adjacency-numbered-verse_shuffle_within_surah,506,6.514701078079059,5.958183600130676,plain,numbered
STAT-length_adjacency-numbered-verse_shuffle_within_surah,507,6.596047043449853,5.958183600130676,plain,numbered
STAT-length_adjacency-numbered-verse_shuffle_within_surah,508,6.531525645213982,5.958183600130676,plain,numbered
STAT-length_adjacency-numbered-verse_shuffle_within_surah,509,6.560927801372101,5.958183600130676,plain,numbered
STAT-length_adjacency-numbered-verse_shuffle_within_surah,510,6.593106827834041,5.958183600130676,plain,numbered
STAT-length_adjacency-numbered-verse_shuffle_within_surah,511,6.610258085592943,5.958183600130676,plain,numbered
STAT-length_adjacency-numbered-verse_shuffle_within_surah,512,6.570401829467494,5.958183600130676,plain,numbered
STAT-length_adjacency-numbered-verse_shuffle_within_surah,513,6.659588369813786,5.958183600130676,plain,numbered
STAT-length_adjacency-numbered-verse_shuffle_within_surah,514,6.577098987259066,5.958183600130676,plain,numbered
STAT-length_adjacency-numbered-verse_shuffle_within_surah,515,6.57905913100294,5.958183600130676,plain,numbered
STAT-length_adjacency-numbered-verse_shuffle_within_surah,516,6.677066318196668,5.958183600130676,plain,numbered
STAT-length_adjacency-numbered-verse_shuffle_within_surah,517,6.503920287487749,5.958183600130676,plain,numbered
STAT-length_adjacency-numbered-verse_shuffle_within_surah,518,6.53969291081346,5.958183600130676,plain,numbered
STAT-length_adjacency-numbered-verse_shuffle_within_surah,519,6.523358379614505,5.958183600130676,plain,numbered
STAT-length_adjacency-numbered-verse_shuffle_within_surah,520,6.687357072852009,5.958183600130676,plain,numbered
STAT-length_adjacency-numbered-verse_shuffle_within_surah,521,6.690460633779811,5.958183600130676,plain,numbered
STAT-length_adjacency-numbered-verse_shuffle_within_surah,522,6.569421757595557,5.958183600130676,plain,numbered
STAT-length_adjacency-numbered-verse_shuffle_within_surah,523,6.577098987259066,5.958183600130676,plain,numbered
STAT-length_adjacency-numbered-verse_shuffle_within_surah,524,6.536426004573669,5.958183600130676,plain,numbered
STAT-length_adjacency-numbered-verse_shuffle_within_surah,525,6.652401176086246,5.958183600130676,plain,numbered
STAT-length_adjacency-numbered-verse_shuffle_within_surah,526,6.573832081019275,5.958183600130676,plain,numbered
STAT-length_adjacency-numbered-verse_shuffle_within_surah,527,6.533975824893825,5.958183600130676,plain,numbered
STAT-length_adjacency-numbered-verse_shuffle_within_surah,528,6.503266906239791,5.958183600130676,plain,numbered
STAT-length_adjacency-numbered-verse_shuffle_within_surah,529,6.620548840248285,5.958183600130676,plain,numbered
STAT-length_adjacency-numbered-verse_shuffle_within_surah,530,6.571381901339431,5.958183600130676,plain,numbered
STAT-length_adjacency-numbered-verse_shuffle_within_surah,531,6.596700424697811,5.958183600130676,plain,numbered
STAT-length_adjacency-numbered-verse_shuffle_within_surah,532,6.638353479255145,5.958183600130676,plain,numbered
STAT-length_adjacency-numbered-verse_shuffle_within_surah,533,6.612544919960797,5.958183600130676,plain,numbered
STAT-length_adjacency-numbered-verse_shuffle_within_surah,534,6.537732767069585,5.958183600130676,plain,numbered
STAT-length_adjacency-numbered-verse_shuffle_within_surah,535,6.508167265599477,5.958183600130676,plain,numbered
STAT-length_adjacency-numbered-verse_shuffle_within_surah,536,6.603234237177393,5.958183600130676,plain,numbered
STAT-length_adjacency-numbered-verse_shuffle_within_surah,537,6.672165958836981,5.958183600130676,plain,numbered
STAT-length_adjacency-numbered-verse_shuffle_within_surah,538,6.565501470107808,5.958183600130676,plain,numbered
STAT-length_adjacency-numbered-verse_shuffle_within_surah,539,6.700098007187194,5.958183600130676,plain,numbered
STAT-length_adjacency-numbered-verse_shuffle_within_surah,540,6.711042143090493,5.958183600130676,plain,numbered
STAT-length_adjacency-numbered-verse_shuffle_within_surah,541,6.605194380921268,5.958183600130676,plain,numbered
STAT-length_adjacency-numbered-verse_shuffle_within_surah,542,6.62218229336818,5.958183600130676,plain,numbered
STAT-length_adjacency-numbered-verse_shuffle_within_surah,543,6.609768049656975,5.958183600130676,plain,numbered
STAT-length_adjacency-numbered-verse_shuffle_within_surah,544,6.609114668409017,5.958183600130676,plain,numbered
STAT-length_adjacency-numbered-verse_shuffle_within_surah,545,6.599640640313623,5.958183600130676,plain,numbered
STAT-length_adjacency-numbered-verse_shuffle_within_surah,546,6.62234563868017,5.958183600130676,plain,numbered
STAT-length_adjacency-numbered-verse_shuffle_within_surah,547,6.663835347925515,5.958183600130676,plain,numbered
STAT-length_adjacency-numbered-verse_shuffle_within_surah,548,6.6306762495916365,5.958183600130676,plain,numbered
STAT-length_adjacency-numbered-verse_shuffle_within_surah,549,6.54312316236524,5.958183600130676,plain,numbered
STAT-length_adjacency-numbered-verse_shuffle_within_surah,550,6.67984318850049,5.958183600130676,plain,numbered
STAT-length_adjacency-numbered-verse_shuffle_within_surah,551,6.5,5.958183600130676,plain,numbered
STAT-length_adjacency-numbered-verse_shuffle_within_surah,552,6.576445606011108,5.958183600130676,plain,numbered
STAT-length_adjacency-numbered-verse_shuffle_within_surah,553,6.6035609278013725,5.958183600130676,plain,numbered
STAT-length_adjacency-numbered-verse_shuffle_within_surah,554,6.54312316236524,5.958183600130676,plain,numbered
STAT-length_adjacency-numbered-verse_shuffle_within_surah,555,6.626265926167919,5.958183600130676,plain,numbered
STAT-length_adjacency-numbered-verse_shuffle_within_surah,556,6.668245671349232,5.958183600130676,plain,numbered
STAT-length_adjacency-numbered-verse_shuffle_within_surah,557,6.612381574648808,5.958183600130676,plain,numbered
STAT-length_adjacency-numbered-verse_shuffle_within_surah,558,6.520091473374714,5.958183600130676,plain,numbered
STAT-length_adjacency-numbered-verse_shuffle_within_surah,559,6.608624632473048,5.958183600130676,plain,numbered
STAT-length_adjacency-numbered-verse_shuffle_within_surah,560,6.510454099967331,5.958183600130676,plain,numbered
STAT-length_adjacency-numbered-verse_shuffle_within_surah,561,6.4289447892845475,5.958183600130676,plain,numbered
STAT-length_adjacency-numbered-verse_shuffle_within_surah,562,6.602417510617445,5.958183600130676,plain,numbered
STAT-length_adjacency-numbered-verse_shuffle_within_surah,563,6.5191114015027765,5.958183600130676,plain,numbered
STAT-length_adjacency-numbered-verse_shuffle_within_surah,564,6.662201894805619,5.958183600130676,plain,numbered
STAT-length_adjacency-numbered-verse_shuffle_within_surah,565,6.585919634106501,5.958183600130676,plain,numbered
STAT-length_adjacency-numbered-verse_shuffle_within_surah,566,6.646847435478602,5.958183600130676,plain,numbered
STAT-length_adjacency-numbered-verse_shuffle_within_surah,567,6.510454099967331,5.958183600130676,plain,numbered
STAT-length_adjacency-numbered-verse_shuffle_within_surah,568,6.515191114015027,5.958183600130676,plain,numbered
STAT-length_adjacency-numbered-verse_shuffle_within_surah,569,6.485298921920941,5.958183600130676,plain,numbered
STAT-length_adjacency-numbered-verse_shuffle_within_surah,570,6.595557007513884,5.958183600130676,plain,numbered
STAT-length_adjacency-numbered-verse_shuffle_within_surah,571,6.605194380921268,5.958183600130676,plain,numbered
STAT-length_adjacency-numbered-verse_shuffle_within_surah,572,6.50718719372754,5.958183600130676,plain,numbered
STAT-length_adjacency-numbered-verse_shuffle_within_surah,573,6.615975171512577,5.958183600130676,plain,numbered
STAT-length_adjacency-numbered-verse_shuffle_within_surah,574,6.626429271479909,5.958183600130676,plain,numbered
STAT-length_adjacency-numbered-verse_shuffle_within_surah,575,6.6020908199934665,5.958183600130676,plain,numbered
STAT-length_adjacency-numbered-verse_shuffle_within_surah,576,6.547860176412937,5.958183600130676,plain,numbered
STAT-length_adjacency-numbered-verse_shuffle_within_surah,577,6.643090493302842,5.958183600130676,plain,numbered
STAT-length_adjacency-numbered-verse_shuffle_within_surah,578,6.5718719372754,5.958183600130676,plain,numbered
STAT-length_adjacency-numbered-verse_shuffle_within_surah,579,6.673799411956876,5.958183600130676,plain,numbered
STAT-length_adjacency-numbered-verse_shuffle_within_surah,580,6.634759882391375,5.958183600130676,plain,numbered
STAT-length_adjacency-numbered-verse_shuffle_within_surah,581,6.560764456060111,5.958183600130676,plain,numbered
STAT-length_adjacency-numbered-verse_shuffle_within_surah,582,6.625449199607972,5.958183600130676,plain,numbered
STAT-length_adjacency-numbered-verse_shuffle_within_surah,583,6.545083306109115,5.958183600130676,plain,numbered
STAT-length_adjacency-numbered-verse_shuffle_within_surah,584,6.625122508983992,5.958183600130676,plain,numbered
STAT-length_adjacency-numbered-verse_shuffle_within_surah,585,6.688173799411957,5.958183600130676,plain,numbered
STAT-length_adjacency-numbered-verse_shuffle_within_surah,586,6.510127409343352,5.958183600130676,plain,numbered
STAT-length_adjacency-numbered-verse_shuffle_within_surah,587,6.528585429598171,5.958183600130676,plain,numbered
STAT-length_adjacency-numbered-verse_shuffle_within_surah,588,6.569421757595557,5.958183600130676,plain,numbered
STAT-length_adjacency-numbered-verse_shuffle_within_surah,589,6.6311662855276055,5.958183600130676,plain,numbered
STAT-length_adjacency-numbered-verse_shuffle_within_surah,590,6.526135249918327,5.958183600130676,plain,numbered
STAT-length_adjacency-numbered-verse_shuffle_within_surah,591,6.629696177719699,5.958183600130676,plain,numbered
STAT-length_adjacency-numbered-verse_shuffle_within_surah,592,6.559457693564195,5.958183600130676,plain,numbered
STAT-length_adjacency-numbered-verse_shuffle_within_surah,593,6.606501143417184,5.958183600130676,plain,numbered
STAT-length_adjacency-numbered-verse_shuffle_within_surah,594,6.606501143417184,5.958183600130676,plain,numbered
STAT-length_adjacency-numbered-verse_shuffle_within_surah,595,6.61156484808886,5.958183600130676,plain,numbered
STAT-length_adjacency-numbered-verse_shuffle_within_surah,596,6.650767722966351,5.958183600130676,plain,numbered
STAT-length_adjacency-numbered-verse_shuffle_within_surah,597,6.582326037242731,5.958183600130676,plain,numbered
STAT-length_adjacency-numbered-verse_shuffle_within_surah,598,6.52874877491016,5.958183600130676,plain,numbered
STAT-length_adjacency-numbered-verse_shuffle_within_surah,599,6.589676576282261,5.958183600130676,plain,numbered
STAT-length_adjacency-numbered-verse_shuffle_within_surah,600,6.58640967004247,5.958183600130676,plain,numbered
STAT-length_adjacency-numbered-verse_shuffle_within_surah,601,6.534139170205815,5.958183600130676,plain,numbered
STAT-length_adjacency-numbered-verse_shuffle_within_surah,602,6.52139823587063,5.958183600130676,plain,numbered
STAT-length_adjacency-numbered-verse_shuffle_within_surah,603,6.530872263966025,5.958183600130676,plain,numbered
STAT-length_adjacency-numbered-verse_shuffle_within_surah,604,6.673472721332898,5.958183600130676,plain,numbered
STAT-length_adjacency-numbered-verse_shuffle_within_surah,605,6.529565501470108,5.958183600130676,plain,numbered
STAT-length_adjacency-numbered-verse_shuffle_within_surah,606,6.512740934335184,5.958183600130676,plain,numbered
STAT-length_adjacency-numbered-verse_shuffle_within_surah,607,6.622835674616138,5.958183600130676,plain,numbered
STAT-length_adjacency-numbered-verse_shuffle_within_surah,608,6.6447239464227374,5.958183600130676,plain,numbered
STAT-length_adjacency-numbered-verse_shuffle_within_surah,609,6.564194707611891,5.958183600130676,plain,numbered
STAT-length_adjacency-numbered-verse_shuffle_within_surah,610,6.611891538712839,5.958183600130676,plain,numbered
STAT-length_adjacency-numbered-verse_shuffle_within_surah,611,6.475824893825547,5.958183600130676,plain,numbered
STAT-length_adjacency-numbered-verse_shuffle_within_surah,612,6.605357726233257,5.958183600130676,plain,numbered
STAT-length_adjacency-numbered-verse_shuffle_within_surah,613,6.611401502776871,5.958183600130676,plain,numbered
STAT-length_adjacency-numbered-verse_shuffle_within_surah,614,6.577752368507024,5.958183600130676,plain,numbered
STAT-length_adjacency-numbered-verse_shuffle_within_surah,615,6.558967657628226,5.958183600130676,plain,numbered
STAT-length_adjacency-numbered-verse_shuffle_within_surah,616,6.6326363933355115,5.958183600130676,plain,numbered
STAT-length_adjacency-numbered-verse_shuffle_within_surah,617,6.551453773276707,5.958183600130676,plain,numbered
STAT-length_adjacency-numbered-verse_shuffle_within_surah,618,6.49624305782424,5.958183600130676,plain,numbered
STAT-length_adjacency-numbered-verse_shuffle_within_surah,619,6.585592943482522,5.958183600130676,plain,numbered
STAT-length_adjacency-numbered-verse_shuffle_within_surah,620,6.655831427638026,5.958183600130676,plain,numbered
STAT-length_adjacency-numbered-verse_shuffle_within_surah,621,6.532015681149951,5.958183600130676,plain,numbered
STAT-length_adjacency-numbered-verse_shuffle_within_surah,622,6.548513557660895,5.958183600130676,plain,numbered
STAT-length_adjacency-numbered-verse_shuffle_within_surah,623,6.562724599803985,5.958183600130676,plain,numbered
STAT-length_adjacency-numbered-verse_shuffle_within_surah,624,6.637210062071219,5.958183600130676,plain,numbered
STAT-length_adjacency-numbered-verse_shuffle_within_surah,625,6.567461613851682,5.958183600130676,plain,numbered
STAT-length_adjacency-numbered-verse_shuffle_within_surah,626,6.44609604704345,5.958183600130676,plain,numbered
STAT-length_adjacency-numbered-verse_shuffle_within_surah,627,6.572198627899379,5.958183600130676,plain,numbered
STAT-length_adjacency-numbered-verse_shuffle_within_surah,628,6.550637046716759,5.958183600130676,plain,numbered
STAT-length_adjacency-numbered-verse_shuffle_within_surah,629,6.602744201241425,5.958183600130676,plain,numbered
STAT-length_adjacency-numbered-verse_shuffle_within_surah,630,6.601927474681476,5.958183600130676,plain,numbered
STAT-length_adjacency-numbered-verse_shuffle_within_surah,631,6.638353479255145,5.958183600130676,plain,numbered
STAT-length_adjacency-numbered-verse_shuffle_within_surah,632,6.6292061417837305,5.958183600130676,plain,numbered
STAT-length_adjacency-numbered-verse_shuffle_within_surah,633,6.678373080692584,5.958183600130676,plain,numbered
STAT-length_adjacency-numbered-verse_shuffle_within_surah,634,6.587226396602418,5.958183600130676,plain,numbered
STAT-length_adjacency-numbered-verse_shuffle_within_surah,635,6.436785364260046,5.958183600130676,plain,numbered
STAT-length_adjacency-numbered-verse_shuffle_within_surah,636,6.575465534139171,5.958183600130676,plain,numbered
STAT-length_adjacency-numbered-verse_shuffle_within_surah,637,6.5725253185233585,5.958183600130676,plain,numbered
STAT-length_adjacency-numbered-verse_shuffle_within_surah,638,6.568768376347599,5.958183600130676,plain,numbered
STAT-length_adjacency-numbered-verse_shuffle_within_surah,639,6.622999019928128,5.958183600130676,plain,numbered
STAT-length_adjacency-numbered-verse_shuffle_within_surah,640,6.660241751061744,5.958183600130676,plain,numbered
STAT-length_adjacency-numbered-verse_shuffle_within_surah,641,6.663345311989546,5.958183600130676,plain,numbered
STAT-length_adjacency-numbered-verse_shuffle_within_surah,642,6.724763149297615,5.958183600130676,plain,numbered
STAT-length_adjacency-numbered-verse_shuffle_within_surah,643,6.587879777850375,5.958183600130676,plain,numbered
STAT-length_adjacency-numbered-verse_shuffle_within_surah,644,6.611401502776871,5.958183600130676,plain,numbered
STAT-length_adjacency-numbered-verse_shuffle_within_surah,645,6.624305782424044,5.958183600130676,plain,numbered
STAT-length_adjacency-numbered-verse_shuffle_within_surah,646,6.572198627899379,5.958183600130676,plain,numbered
STAT-length_adjacency-numbered-verse_shuffle_within_surah,647,6.581672655994773,5.958183600130676,plain,numbered
STAT-length_adjacency-numbered-verse_shuffle_within_surah,648,6.573015354459327,5.958183600130676,plain,numbered
STAT-length_adjacency-numbered-verse_shuffle_within_surah,649,6.6752695197647824,5.958183600130676,plain,numbered
STAT-length_adjacency-numbered-verse_shuffle_within_surah,650,6.655831427638026,5.958183600130676,plain,numbered
STAT-length_adjacency-numbered-verse_shuffle_within_surah,651,6.532995753021888,5.958183600130676,plain,numbered
STAT-length_adjacency-numbered-verse_shuffle_within_surah,652,6.579222476314929,5.958183600130676,plain,numbered
STAT-length_adjacency-numbered-verse_shuffle_within_surah,653,6.695524338451486,5.958183600130676,plain,numbered
STAT-length_adjacency-numbered-verse_shuffle_within_surah,654,6.632309702711532,5.958183600130676,plain,numbered
STAT-length_adjacency-numbered-verse_shuffle_within_surah,655,6.617771969944463,5.958183600130676,plain,numbered
STAT-length_adjacency-numbered-verse_shuffle_within_surah,656,6.553250571708592,5.958183600130676,plain,numbered
STAT-length_adjacency-numbered-verse_shuffle_within_surah,657,6.613034955896766,5.958183600130676,plain,numbered
STAT-length_adjacency-numbered-verse_shuffle_within_surah,658,6.616465207448546,5.958183600130676,plain,numbered
STAT-length_adjacency-numbered-verse_shuffle_within_surah,659,6.548023521724926,5.958183600130676,plain,numbered
STAT-length_adjacency-numbered-verse_shuffle_within_surah,660,6.639986932375041,5.958183600130676,plain,numbered
STAT-length_adjacency-numbered-verse_shuffle_within_surah,661,6.62577589023195,5.958183600130676,plain,numbered
STAT-length_adjacency-numbered-verse_shuffle_within_surah,662,6.640967004246978,5.958183600130676,plain,numbered
STAT-length_adjacency-numbered-verse_shuffle_within_surah,663,6.6646520744854625,5.958183600130676,plain,numbered
STAT-length_adjacency-numbered-verse_shuffle_within_surah,664,6.4929761515844495,5.958183600130676,plain,numbered
STAT-length_adjacency-numbered-verse_shuffle_within_surah,665,6.589023195034303,5.958183600130676,plain,numbered
STAT-length_adjacency-numbered-verse_shuffle_within_surah,666,6.578242404442992,5.958183600130676,plain,numbered
STAT-length_adjacency-numbered-verse_shuffle_within_surah,667,6.628062724599804,5.958183600130676,plain,numbered
STAT-length_adjacency-numbered-verse_shuffle_within_surah,668,6.575792224763149,5.958183600130676,plain,numbered
STAT-length_adjacency-numbered-verse_shuffle_within_surah,669,6.666285527605358,5.958183600130676,plain,numbered
STAT-length_adjacency-numbered-verse_shuffle_within_surah,670,6.590819993466187,5.958183600130676,plain,numbered
STAT-length_adjacency-numbered-verse_shuffle_within_surah,671,6.462593923554394,5.958183600130676,plain,numbered
STAT-length_adjacency-numbered-verse_shuffle_within_surah,672,6.709408689970598,5.958183600130676,plain,numbered
STAT-length_adjacency-numbered-verse_shuffle_within_surah,673,6.659425024501797,5.958183600130676,plain,numbered
STAT-length_adjacency-numbered-verse_shuffle_within_surah,674,6.485298921920941,5.958183600130676,plain,numbered
STAT-length_adjacency-numbered-verse_shuffle_within_surah,675,6.6341065011434175,5.958183600130676,plain,numbered
STAT-length_adjacency-numbered-verse_shuffle_within_surah,676,6.551453773276707,5.958183600130676,plain,numbered
STAT-length_adjacency-numbered-verse_shuffle_within_surah,677,6.5545573342045085,5.958183600130676,plain,numbered
STAT-length_adjacency-numbered-verse_shuffle_within_surah,678,6.560601110748122,5.958183600130676,plain,numbered
STAT-length_adjacency-numbered-verse_shuffle_within_surah,679,6.569748448219536,5.958183600130676,plain,numbered
STAT-length_adjacency-numbered-verse_shuffle_within_surah,680,6.548676902972884,5.958183600130676,plain,numbered
STAT-length_adjacency-numbered-verse_shuffle_within_surah,681,6.603397582489382,5.958183600130676,plain,numbered
STAT-length_adjacency-numbered-verse_shuffle_within_surah,682,6.538712838941523,5.958183600130676,plain,numbered
STAT-length_adjacency-numbered-verse_shuffle_within_surah,683,6.592126755962104,5.958183600130676,plain,numbered
STAT-length_adjacency-numbered-verse_shuffle_within_surah,684,6.668245671349232,5.958183600130676,plain,numbered
STAT-length_adjacency-numbered-verse_shuffle_within_surah,685,6.587879777850375,5.958183600130676,plain,numbered
STAT-length_adjacency-numbered-verse_shuffle_within_surah,686,6.544919960797125,5.958183600130676,plain,numbered
STAT-length_adjacency-numbered-verse_shuffle_within_surah,687,6.649297615158445,5.958183600130676,plain,numbered
STAT-length_adjacency-numbered-verse_shuffle_within_surah,688,6.599640640313623,5.958183600130676,plain,numbered
STAT-length_adjacency-numbered-verse_shuffle_within_surah,689,6.726886638353479,5.958183600130676,plain,numbered
STAT-length_adjacency-numbered-verse_shuffle_within_surah,690,6.502450179679843,5.958183600130676,plain,numbered
STAT-length_adjacency-numbered-verse_shuffle_within_surah,691,6.63672002613525,5.958183600130676,plain,numbered
STAT-length_adjacency-numbered-verse_shuffle_within_surah,692,6.717739300882065,5.958183600130676,plain,numbered
STAT-length_adjacency-numbered-verse_shuffle_within_surah,693,6.537896112381575,5.958183600130676,plain,numbered
STAT-length_adjacency-numbered-verse_shuffle_within_surah,694,6.556354132636393,5.958183600130676,plain,numbered
STAT-length_adjacency-numbered-verse_shuffle_within_surah,695,6.5831427638026785,5.958183600130676,plain,numbered
STAT-length_adjacency-numbered-verse_shuffle_within_surah,696,6.595720352825874,5.958183600130676,plain,numbered
STAT-length_adjacency-numbered-verse_shuffle_within_surah,697,6.642437112054884,5.958183600130676,plain,numbered
STAT-length_adjacency-numbered-verse_shuffle_within_surah,698,6.654524665142111,5.958183600130676,plain,numbered
STAT-length_adjacency-numbered-verse_shuffle_within_surah,699,6.6937275400196015,5.958183600130676,plain,numbered
STAT-length_adjacency-numbered-verse_shuffle_within_surah,700,6.596537079385822,5.958183600130676,plain,numbered
STAT-length_adjacency-numbered-verse_shuffle_within_surah,701,6.569258412283568,5.958183600130676,plain,numbered
STAT-length_adjacency-numbered-verse_shuffle_within_surah,702,6.544756615485135,5.958183600130676,plain,numbered
STAT-length_adjacency-numbered-verse_shuffle_within_surah,703,6.5690950669715775,5.958183600130676,plain,numbered
STAT-length_adjacency-numbered-verse_shuffle_within_surah,704,6.546063377981052,5.958183600130676,plain,numbered
STAT-length_adjacency-numbered-verse_shuffle_within_surah,705,6.6045409996733095,5.958183600130676,plain,numbered
STAT-length_adjacency-numbered-verse_shuffle_within_surah,706,6.612544919960797,5.958183600130676,plain,numbered
STAT-length_adjacency-numbered-verse_shuffle_within_surah,707,6.534792551453774,5.958183600130676,plain,numbered
STAT-length_adjacency-numbered-verse_shuffle_within_surah,708,6.534302515517805,5.958183600130676,plain,numbered
STAT-length_adjacency-numbered-verse_shuffle_within_surah,709,6.648807579222476,5.958183600130676,plain,numbered
STAT-length_adjacency-numbered-verse_shuffle_within_surah,710,6.627736033975825,5.958183600130676,plain,numbered
STAT-length_adjacency-numbered-verse_shuffle_within_surah,711,6.599640640313623,5.958183600130676,plain,numbered
STAT-length_adjacency-numbered-verse_shuffle_within_surah,712,6.657464880757923,5.958183600130676,plain,numbered
STAT-length_adjacency-numbered-verse_shuffle_within_surah,713,6.605357726233257,5.958183600130676,plain,numbered
STAT-length_adjacency-numbered-verse_shuffle_within_surah,714,6.468474354786018,5.958183600130676,plain,numbered
STAT-length_adjacency-numbered-verse_shuffle_within_surah,715,6.703528258738975,5.958183600130676,plain,numbered
STAT-length_adjacency-numbered-verse_shuffle_within_surah,716,6.511924207775237,5.958183600130676,plain,numbered
STAT-length_adjacency-numbered-verse_shuffle_within_surah,717,6.514864423391049,5.958183600130676,plain,numbered
STAT-length_adjacency-numbered-verse_shuffle_within_surah,718,6.62593923554394,5.958183600130676,plain,numbered
STAT-length_adjacency-numbered-verse_shuffle_within_surah,719,6.535282587389742,5.958183600130676,plain,numbered
STAT-length_adjacency-numbered-verse_shuffle_within_surah,720,6.579712512250898,5.958183600130676,plain,numbered
STAT-length_adjacency-numbered-verse_shuffle_within_surah,721,6.611728193400849,5.958183600130676,plain,numbered
STAT-length_adjacency-numbered-verse_shuffle_within_surah,722,6.554393988892519,5.958183600130676,plain,numbered
STAT-length_adjacency-numbered-verse_shuffle_within_surah,723,6.5666448872917345,5.958183600130676,plain,numbered
STAT-length_adjacency-numbered-verse_shuffle_within_surah,724,6.6336164652074485,5.958183600130676,plain,numbered
STAT-length_adjacency-numbered-verse_shuffle_within_surah,725,6.462103887618425,5.958183600130676,plain,numbered
STAT-length_adjacency-numbered-verse_shuffle_within_surah,726,6.610911466840902,5.958183600130676,plain,numbered
STAT-length_adjacency-numbered-verse_shuffle_within_surah,727,6.469617771969944,5.958183600130676,plain,numbered
STAT-length_adjacency-numbered-verse_shuffle_within_surah,728,6.646357399542633,5.958183600130676,plain,numbered
STAT-length_adjacency-numbered-verse_shuffle_within_surah,729,6.644070565174779,5.958183600130676,plain,numbered
STAT-length_adjacency-numbered-verse_shuffle_within_surah,730,6.619895459000326,5.958183600130676,plain,numbered
STAT-length_adjacency-numbered-verse_shuffle_within_surah,731,6.55733420450833,5.958183600130676,plain,numbered
STAT-length_adjacency-numbered-verse_shuffle_within_surah,732,6.649297615158445,5.958183600130676,plain,numbered
STAT-length_adjacency-numbered-verse_shuffle_within_surah,733,6.553740607644561,5.958183600130676,plain,numbered
STAT-length_adjacency-numbered-verse_shuffle_within_surah,734,6.592290101274093,5.958183600130676,plain,numbered
STAT-length_adjacency-numbered-verse_shuffle_within_surah,735,6.661385168245672,5.958183600130676,plain,numbered
STAT-length_adjacency-numbered-verse_shuffle_within_surah,736,6.589186540346292,5.958183600130676,plain,numbered
STAT-length_adjacency-numbered-verse_shuffle_within_surah,737,6.545083306109115,5.958183600130676,plain,numbered
STAT-length_adjacency-numbered-verse_shuffle_within_surah,738,6.512250898399216,5.958183600130676,plain,numbered
STAT-length_adjacency-numbered-verse_shuffle_within_surah,739,6.56827834041163,5.958183600130676,plain,numbered
STAT-length_adjacency-numbered-verse_shuffle_within_surah,740,6.542796471741261,5.958183600130676,plain,numbered
STAT-length_adjacency-numbered-verse_shuffle_within_surah,741,6.526788631166285,5.958183600130676,plain,numbered
STAT-length_adjacency-numbered-verse_shuffle_within_surah,742,6.560764456060111,5.958183600130676,plain,numbered
STAT-length_adjacency-numbered-verse_shuffle_within_surah,743,6.629696177719699,5.958183600130676,plain,numbered
STAT-length_adjacency-numbered-verse_shuffle_within_surah,744,6.58983992159425,5.958183600130676,plain,numbered
STAT-length_adjacency-numbered-verse_shuffle_within_surah,745,6.552760535772624,5.958183600130676,plain,numbered
STAT-length_adjacency-numbered-verse_shuffle_within_surah,746,6.55047370140477,5.958183600130676,plain,numbered
STAT-length_adjacency-numbered-verse_shuffle_within_surah,747,6.516334531198955,5.958183600130676,plain,numbered
STAT-length_adjacency-numbered-verse_shuffle_within_surah,748,6.562234563868017,5.958183600130676,plain,numbered
STAT-length_adjacency-numbered-verse_shuffle_within_surah,749,6.7592290101274095,5.958183600130676,plain,numbered
STAT-length_adjacency-numbered-verse_shuffle_within_surah,750,6.666448872917347,5.958183600130676,plain,numbered
STAT-length_adjacency-numbered-verse_shuffle_within_surah,751,6.720842861809866,5.958183600130676,plain,numbered
STAT-length_adjacency-numbered-verse_shuffle_within_surah,752,6.5555374060764455,5.958183600130676,plain,numbered
STAT-length_adjacency-numbered-verse_shuffle_within_surah,753,6.596373734073832,5.958183600130676,plain,numbered
STAT-length_adjacency-numbered-verse_shuffle_within_surah,754,6.614668409016661,5.958183600130676,plain,numbered
STAT-length_adjacency-numbered-verse_shuffle_within_surah,755,6.648807579222476,5.958183600130676,plain,numbered
STAT-length_adjacency-numbered-verse_shuffle_within_surah,756,6.592780137210062,5.958183600130676,plain,numbered
STAT-length_adjacency-numbered-verse_shuffle_within_surah,757,6.542633126429272,5.958183600130676,plain,numbered
STAT-length_adjacency-numbered-verse_shuffle_within_surah,758,6.596863770009801,5.958183600130676,plain,numbered
STAT-length_adjacency-numbered-verse_shuffle_within_surah,759,6.6520744854622675,5.958183600130676,plain,numbered
STAT-length_adjacency-numbered-verse_shuffle_within_surah,760,6.679516497876511,5.958183600130676,plain,numbered
STAT-length_adjacency-numbered-verse_shuffle_within_surah,761,6.533322443645868,5.958183600130676,plain,numbered
STAT-length_adjacency-numbered-verse_shuffle_within_surah,762,6.640803658934988,5.958183600130676,plain,numbered
STAT-length_adjacency-numbered-verse_shuffle_within_surah,763,6.513884351519112,5.958183600130676,plain,numbered
STAT-length_adjacency-numbered-verse_shuffle_within_surah,764,6.549003593596864,5.958183600130676,plain,numbered
STAT-length_adjacency-numbered-verse_shuffle_within_surah,765,6.61499509964064,5.958183600130676,plain,numbered
STAT-length_adjacency-numbered-verse_shuffle_within_surah,766,6.553413917020581,5.958183600130676,plain,numbered
STAT-length_adjacency-numbered-verse_shuffle_within_surah,767,6.585266252858543,5.958183600130676,plain,numbered
STAT-length_adjacency-numbered-verse_shuffle_within_surah,768,6.639496896439073,5.958183600130676,plain,numbered
STAT-length_adjacency-numbered-verse_shuffle_within_surah,769,6.588696504410324,5.958183600130676,plain,numbered
STAT-length_adjacency-numbered-verse_shuffle_within_surah,770,6.483012087553087,5.958183600130676,plain,numbered
STAT-length_adjacency-numbered-verse_shuffle_within_surah,771,6.578895785690951,5.958183600130676,plain,numbered
STAT-length_adjacency-numbered-verse_shuffle_within_surah,772,6.534465860829794,5.958183600130676,plain,numbered
STAT-length_adjacency-numbered-verse_shuffle_within_surah,773,6.624632473048024,5.958183600130676,plain,numbered
STAT-length_adjacency-numbered-verse_shuffle_within_surah,774,6.6306762495916365,5.958183600130676,plain,numbered
STAT-length_adjacency-numbered-verse_shuffle_within_surah,775,6.661548513557661,5.958183600130676,plain,numbered
STAT-length_adjacency-numbered-verse_shuffle_within_surah,776,6.577589023195034,5.958183600130676,plain,numbered
STAT-length_adjacency-numbered-verse_shuffle_within_surah,777,6.514701078079059,5.958183600130676,plain,numbered
STAT-length_adjacency-numbered-verse_shuffle_within_surah,778,6.598497223129696,5.958183600130676,plain,numbered
STAT-length_adjacency-numbered-verse_shuffle_within_surah,779,6.535282587389742,5.958183600130676,plain,numbered
STAT-length_adjacency-numbered-verse_shuffle_within_surah,780,6.645867363606665,5.958183600130676,plain,numbered
STAT-length_adjacency-numbered-verse_shuffle_within_surah,781,6.672982685396929,5.958183600130676,plain,numbered
STAT-length_adjacency-numbered-verse_shuffle_within_surah,782,6.670859196341065,5.958183600130676,plain,numbered
STAT-length_adjacency-numbered-verse_shuffle_within_surah,783,6.497549820320157,5.958183600130676,plain,numbered
STAT-length_adjacency-numbered-verse_shuffle_within_surah,784,6.609931394968965,5.958183600130676,plain,numbered
STAT-length_adjacency-numbered-verse_shuffle_within_surah,785,6.590166612218229,5.958183600130676,plain,numbered
STAT-length_adjacency-numbered-verse_shuffle_within_surah,786,6.530545573342045,5.958183600130676,plain,numbered
STAT-length_adjacency-numbered-verse_shuffle_within_surah,787,6.556354132636393,5.958183600130676,plain,numbered
STAT-length_adjacency-numbered-verse_shuffle_within_surah,788,6.432048350212349,5.958183600130676,plain,numbered
STAT-length_adjacency-numbered-verse_shuffle_within_surah,789,6.596863770009801,5.958183600130676,plain,numbered
STAT-length_adjacency-numbered-verse_shuffle_within_surah,790,6.532669062397909,5.958183600130676,plain,numbered
STAT-length_adjacency-numbered-verse_shuffle_within_surah,791,6.610421430904933,5.958183600130676,plain,numbered
STAT-length_adjacency-numbered-verse_shuffle_within_surah,792,6.580692584122835,5.958183600130676,plain,numbered
STAT-length_adjacency-numbered-verse_shuffle_within_surah,793,6.4929761515844495,5.958183600130676,plain,numbered
STAT-length_adjacency-numbered-verse_shuffle_within_surah,794,6.566808232603725,5.958183600130676,plain,numbered
STAT-length_adjacency-numbered-verse_shuffle_within_surah,795,6.6767396275726885,5.958183600130676,plain,numbered
STAT-length_adjacency-numbered-verse_shuffle_within_surah,796,6.476804965697484,5.958183600130676,plain,numbered
STAT-length_adjacency-numbered-verse_shuffle_within_surah,797,6.545083306109115,5.958183600130676,plain,numbered
STAT-length_adjacency-numbered-verse_shuffle_within_surah,798,6.58983992159425,5.958183600130676,plain,numbered
STAT-length_adjacency-numbered-verse_shuffle_within_surah,799,6.516497876510944,5.958183600130676,plain,numbered
STAT-length_adjacency-numbered-verse_shuffle_within_surah,800,6.5511270826527275,5.958183600130676,plain,numbered
STAT-length_adjacency-numbered-verse_shuffle_within_surah,801,6.544593270173146,5.958183600130676,plain,numbered
STAT-length_adjacency-numbered-verse_shuffle_within_surah,802,6.660731786997713,5.958183600130676,plain,numbered
STAT-length_adjacency-numbered-verse_shuffle_within_surah,803,6.477131656321464,5.958183600130676,plain,numbered
STAT-length_adjacency-numbered-verse_shuffle_within_surah,804,6.641457040182947,5.958183600130676,plain,numbered
STAT-length_adjacency-numbered-verse_shuffle_within_surah,805,6.560111074812153,5.958183600130676,plain,numbered
STAT-length_adjacency-numbered-verse_shuffle_within_surah,806,6.495262985952303,5.958183600130676,plain,numbered
STAT-length_adjacency-numbered-verse_shuffle_within_surah,807,6.579222476314929,5.958183600130676,plain,numbered
STAT-length_adjacency-numbered-verse_shuffle_within_surah,808,6.5739954263312645,5.958183600130676,plain,numbered
STAT-length_adjacency-numbered-verse_shuffle_within_surah,809,6.505390395295655,5.958183600130676,plain,numbered
STAT-length_adjacency-numbered-verse_shuffle_within_surah,810,6.618915387128389,5.958183600130676,plain,numbered
STAT-length_adjacency-numbered-verse_shuffle_within_surah,811,6.536589349885658,5.958183600130676,plain,numbered
STAT-length_adjacency-numbered-verse_shuffle_within_surah,812,6.627245998039856,5.958183600130676,plain,numbered
STAT-length_adjacency-numbered-verse_shuffle_within_surah,813,6.687683763475988,5.958183600130676,plain,numbered
STAT-length_adjacency-numbered-verse_shuffle_within_surah,814,6.585429598170532,5.958183600130676,plain,numbered
STAT-length_adjacency-numbered-verse_shuffle_within_surah,815,6.54312316236524,5.958183600130676,plain,numbered
STAT-length_adjacency-numbered-verse_shuffle_within_surah,816,6.509310682783404,5.958183600130676,plain,numbered
STAT-length_adjacency-numbered-verse_shuffle_within_surah,817,6.562397909180007,5.958183600130676,plain,numbered
STAT-length_adjacency-numbered-verse_shuffle_within_surah,818,6.577589023195034,5.958183600130676,plain,numbered
STAT-length_adjacency-numbered-verse_shuffle_within_surah,819,6.553740607644561,5.958183600130676,plain,numbered
STAT-length_adjacency-numbered-verse_shuffle_within_surah,820,6.584286180986606,5.958183600130676,plain,numbered
STAT-length_adjacency-numbered-verse_shuffle_within_surah,821,6.6331264292714796,5.958183600130676,plain,numbered
STAT-length_adjacency-numbered-verse_shuffle_within_surah,822,6.562561254491996,5.958183600130676,plain,numbered
STAT-length_adjacency-numbered-verse_shuffle_within_surah,823,6.60078405749755,5.958183600130676,plain,numbered
STAT-length_adjacency-numbered-verse_shuffle_within_surah,824,6.642763802678863,5.958183600130676,plain,numbered
STAT-length_adjacency-numbered-verse_shuffle_within_surah,825,6.616465207448546,5.958183600130676,plain,numbered
STAT-length_adjacency-numbered-verse_shuffle_within_surah,826,6.548513557660895,5.958183600130676,plain,numbered
STAT-length_adjacency-numbered-verse_shuffle_within_surah,827,6.6646520744854625,5.958183600130676,plain,numbered
STAT-length_adjacency-numbered-verse_shuffle_within_surah,828,6.540346292061418,5.958183600130676,plain,numbered
STAT-length_adjacency-numbered-verse_shuffle_within_surah,829,6.536589349885658,5.958183600130676,plain,numbered
STAT-length_adjacency-numbered-verse_shuffle_within_surah,830,6.491342698464554,5.958183600130676,plain,numbered
STAT-length_adjacency-numbered-verse_shuffle_within_surah,831,6.571708591963411,5.958183600130676,plain,numbered
STAT-length_adjacency-numbered-verse_shuffle_within_surah,832,6.595720352825874,5.958183600130676,plain,numbered
STAT-length_adjacency-numbered-verse_shuffle_within_surah,833,6.543776543613198,5.958183600130676,plain,numbered
STAT-length_adjacency-numbered-verse_shuffle_within_surah,834,6.64031362299902,5.958183600130676,plain,numbered
STAT-length_adjacency-numbered-verse_shuffle_within_surah,835,6.666448872917347,5.958183600130676,plain,numbered
STAT-length_adjacency-numbered-verse_shuffle_within_surah,836,6.646030708918654,5.958183600130676,plain,numbered
STAT-length_adjacency-numbered-verse_shuffle_within_surah,837,6.505227049983666,5.958183600130676,plain,numbered
STAT-length_adjacency-numbered-verse_shuffle_within_surah,838,6.575955570075139,5.958183600130676,plain,numbered
STAT-length_adjacency-numbered-verse_shuffle_within_surah,839,6.498529892192094,5.958183600130676,plain,numbered
STAT-length_adjacency-numbered-verse_shuffle_within_surah,840,6.577262332571055,5.958183600130676,plain,numbered
STAT-length_adjacency-numbered-verse_shuffle_within_surah,841,6.4580202548186865,5.958183600130676,plain,numbered
STAT-length_adjacency-numbered-verse_shuffle_within_surah,842,6.5560274420124145,5.958183600130676,plain,numbered
STAT-length_adjacency-numbered-verse_shuffle_within_surah,843,6.582326037242731,5.958183600130676,plain,numbered
STAT-length_adjacency-numbered-verse_shuffle_within_surah,844,6.590983338778177,5.958183600130676,plain,numbered
STAT-length_adjacency-numbered-verse_shuffle_within_surah,845,6.55031035609278,5.958183600130676,plain,numbered
STAT-length_adjacency-numbered-verse_shuffle_within_surah,846,6.554884024828487,5.958183600130676,plain,numbered
STAT-length_adjacency-numbered-verse_shuffle_within_surah,847,6.672982685396929,5.958183600130676,plain,numbered
STAT-length_adjacency-numbered-verse_shuffle_within_surah,848,6.484318850049004,5.958183600130676,plain,numbered
STAT-length_adjacency-numbered-verse_shuffle_within_surah,849,6.6171185886965045,5.958183600130676,plain,numbered
STAT-length_adjacency-numbered-verse_shuffle_within_surah,850,6.564521398235871,5.958183600130676,plain,numbered
STAT-length_adjacency-numbered-verse_shuffle_within_surah,851,6.540346292061418,5.958183600130676,plain,numbered
STAT-length_adjacency-numbered-verse_shuffle_within_surah,852,6.646357399542633,5.958183600130676,plain,numbered
STAT-length_adjacency-numbered-verse_shuffle_within_surah,853,6.617935315256452,5.958183600130676,plain,numbered
STAT-length_adjacency-numbered-verse_shuffle_within_surah,854,6.632309702711532,5.958183600130676,plain,numbered
STAT-length_adjacency-numbered-verse_shuffle_within_surah,855,6.584776216922575,5.958183600130676,plain,numbered
STAT-length_adjacency-numbered-verse_shuffle_within_surah,856,6.542796471741261,5.958183600130676,plain,numbered
STAT-length_adjacency-numbered-verse_shuffle_within_surah,857,6.506370467167592,5.958183600130676,plain,numbered
STAT-length_adjacency-numbered-verse_shuffle_within_surah,858,6.59735380594577,5.958183600130676,plain,numbered
STAT-length_adjacency-numbered-verse_shuffle_within_surah,859,6.661548513557661,5.958183600130676,plain,numbered
STAT-length_adjacency-numbered-verse_shuffle_within_surah,860,6.551780463900686,5.958183600130676,plain,numbered
STAT-length_adjacency-numbered-verse_shuffle_within_surah,861,6.513884351519112,5.958183600130676,plain,numbered
STAT-length_adjacency-numbered-verse_shuffle_within_surah,862,6.629859523031689,5.958183600130676,plain,numbered
STAT-length_adjacency-numbered-verse_shuffle_within_surah,863,6.576282260699118,5.958183600130676,plain,numbered
STAT-length_adjacency-numbered-verse_shuffle_within_surah,864,6.631983012087553,5.958183600130676,plain,numbered
STAT-length_adjacency-numbered-verse_shuffle_within_surah,865,6.556680823260373,5.958183600130676,plain,numbered
STAT-length_adjacency-numbered-verse_shuffle_within_surah,866,6.598333877817707,5.958183600130676,plain,numbered
STAT-length_adjacency-numbered-verse_shuffle_within_surah,867,6.630349558967658,5.958183600130676,plain,numbered
STAT-length_adjacency-numbered-verse_shuffle_within_surah,868,6.614015027768703,5.958183600130676,plain,numbered
STAT-length_adjacency-numbered-verse_shuffle_within_surah,869,6.599803985625613,5.958183600130676,plain,numbered
STAT-length_adjacency-numbered-verse_shuffle_within_surah,870,6.606011107481216,5.958183600130676,plain,numbered
STAT-length_adjacency-numbered-verse_shuffle_within_surah,871,6.646847435478602,5.958183600130676,plain,numbered
STAT-length_adjacency-numbered-verse_shuffle_within_surah,872,6.560274420124142,5.958183600130676,plain,numbered
STAT-length_adjacency-numbered-verse_shuffle_within_surah,873,6.673962757268867,5.958183600130676,plain,numbered
STAT-length_adjacency-numbered-verse_shuffle_within_surah,874,6.548350212348906,5.958183600130676,plain,numbered
STAT-length_adjacency-numbered-verse_shuffle_within_surah,875,6.627899379287815,5.958183600130676,plain,numbered
STAT-length_adjacency-numbered-verse_shuffle_within_surah,876,6.677556354132636,5.958183600130676,plain,numbered
STAT-length_adjacency-numbered-verse_shuffle_within_surah,877,6.657138190133943,5.958183600130676,plain,numbered
STAT-length_adjacency-numbered-verse_shuffle_within_surah,878,6.727703364913427,5.958183600130676,plain,numbered
STAT-length_adjacency-numbered-verse_shuffle_within_surah,879,6.573015354459327,5.958183600130676,plain,numbered
STAT-length_adjacency-numbered-verse_shuffle_within_surah,880,6.553413917020581,5.958183600130676,plain,numbered
STAT-length_adjacency-numbered-verse_shuffle_within_surah,881,6.5570075138843515,5.958183600130676,plain,numbered
STAT-length_adjacency-numbered-verse_shuffle_within_surah,882,6.532995753021888,5.958183600130676,plain,numbered
STAT-length_adjacency-numbered-verse_shuffle_within_surah,883,6.4915060437765435,5.958183600130676,plain,numbered
STAT-length_adjacency-numbered-verse_shuffle_within_surah,884,6.557824240444299,5.958183600130676,plain,numbered
STAT-length_adjacency-numbered-verse_shuffle_within_surah,885,6.567788304475662,5.958183600130676,plain,numbered
STAT-length_adjacency-numbered-verse_shuffle_within_surah,886,6.545573342045083,5.958183600130676,plain,numbered
STAT-length_adjacency-numbered-verse_shuffle_within_surah,887,6.662855276053577,5.958183600130676,plain,numbered
STAT-length_adjacency-numbered-verse_shuffle_within_surah,888,6.572361973211369,5.958183600130676,plain,numbered
STAT-length_adjacency-numbered-verse_shuffle_within_surah,889,6.627736033975825,5.958183600130676,plain,numbered
STAT-length_adjacency-numbered-verse_shuffle_within_surah,890,6.618425351192421,5.958183600130676,plain,numbered
STAT-length_adjacency-numbered-verse_shuffle_within_surah,891,6.624469127736034,5.958183600130676,plain,numbered
STAT-length_adjacency-numbered-verse_shuffle_within_surah,892,6.544429924861157,5.958183600130676,plain,numbered
STAT-length_adjacency-numbered-verse_shuffle_within_surah,893,6.556844168572362,5.958183600130676,plain,numbered
STAT-length_adjacency-numbered-verse_shuffle_within_surah,894,6.645704018294675,5.958183600130676,plain,numbered
STAT-length_adjacency-numbered-verse_shuffle_within_surah,895,6.48562561254492,5.958183600130676,plain,numbered
STAT-length_adjacency-numbered-verse_shuffle_within_surah,896,6.587879777850375,5.958183600130676,plain,numbered
STAT-length_adjacency-numbered-verse_shuffle_within_surah,897,6.554884024828487,5.958183600130676,plain,numbered
STAT-length_adjacency-numbered-verse_shuffle_within_surah,898,6.59000326690624,5.958183600130676,plain,numbered
STAT-length_adjacency-numbered-verse_shuffle_within_surah,899,6.577425677883045,5.958183600130676,plain,numbered
STAT-length_adjacency-numbered-verse_shuffle_within_surah,900,6.622672329304149,5.958183600130676,plain,numbered
STAT-length_adjacency-numbered-verse_shuffle_within_surah,901,6.58624632473048,5.958183600130676,plain,numbered
STAT-length_adjacency-numbered-verse_shuffle_within_surah,902,6.483012087553087,5.958183600130676,plain,numbered
STAT-length_adjacency-numbered-verse_shuffle_within_surah,903,6.557170859196341,5.958183600130676,plain,numbered
STAT-length_adjacency-numbered-verse_shuffle_within_surah,904,6.559947729500164,5.958183600130676,plain,numbered
STAT-length_adjacency-numbered-verse_shuffle_within_surah,905,6.565664815419797,5.958183600130676,plain,numbered
STAT-length_adjacency-numbered-verse_shuffle_within_surah,906,6.645050637046717,5.958183600130676,plain,numbered
STAT-length_adjacency-numbered-verse_shuffle_within_surah,907,6.594903626265926,5.958183600130676,plain,numbered
STAT-length_adjacency-numbered-verse_shuffle_within_surah,908,6.5540672982685395,5.958183600130676,plain,numbered
STAT-length_adjacency-numbered-verse_shuffle_within_surah,909,6.515681149950996,5.958183600130676,plain,numbered
STAT-length_adjacency-numbered-verse_shuffle_within_surah,910,6.702384841555047,5.958183600130676,plain,numbered
STAT-length_adjacency-numbered-verse_shuffle_within_surah,911,6.465370793858217,5.958183600130676,plain,numbered
STAT-length_adjacency-numbered-verse_shuffle_within_surah,912,6.623979091800066,5.958183600130676,plain,numbered
STAT-length_adjacency-numbered-verse_shuffle_within_surah,913,6.726396602417511,5.958183600130676,plain,numbered
STAT-length_adjacency-numbered-verse_shuffle_within_surah,914,6.563051290427965,5.958183600130676,plain,numbered
STAT-length_adjacency-numbered-verse_shuffle_within_surah,915,6.596700424697811,5.958183600130676,plain,numbered
STAT-length_adjacency-numbered-verse_shuffle_within_surah,916,6.6612218229336815,5.958183600130676,plain,numbered
STAT-length_adjacency-numbered-verse_shuffle_within_surah,917,6.56468474354786,5.958183600130676,plain,numbered
STAT-length_adjacency-numbered-verse_shuffle_within_surah,918,6.572361973211369,5.958183600130676,plain,numbered
STAT-length_adjacency-numbered-verse_shuffle_within_surah,919,6.605031035609278,5.958183600130676,plain,numbered
STAT-length_adjacency-numbered-verse_shuffle_within_surah,920,6.620548840248285,5.958183600130676,plain,numbered
STAT-length_adjacency-numbered-verse_shuffle_within_surah,921,6.598987259065665,5.958183600130676,plain,numbered
STAT-length_adjacency-numbered-verse_shuffle_within_surah,922,6.62593923554394,5.958183600130676,plain,numbered
STAT-length_adjacency-numbered-verse_shuffle_within_surah,923,6.502613524991832,5.958183600130676,plain,numbered
STAT-length_adjacency-numbered-verse_shuffle_within_surah,924,6.68719372754002,5.958183600130676,plain,numbered
STAT-length_adjacency-numbered-verse_shuffle_within_surah,925,6.600457366873571,5.958183600130676,plain,numbered
STAT-length_adjacency-numbered-verse_shuffle_within_surah,926,6.588206468474355,5.958183600130676,plain,numbered
STAT-length_adjacency-numbered-verse_shuffle_within_surah,927,6.631983012087553,5.958183600130676,plain,numbered
STAT-length_adjacency-numbered-verse_shuffle_within_surah,928,6.506860503103561,5.958183600130676,plain,numbered
STAT-length_adjacency-numbered-verse_shuffle_within_surah,929,6.569911793531525,5.958183600130676,plain,numbered
STAT-length_adjacency-numbered-verse_shuffle_within_surah,930,6.56484808885985,5.958183600130676,plain,numbered
STAT-length_adjacency-numbered-verse_shuffle_within_surah,931,6.581836001306763,5.958183600130676,plain,numbered
STAT-length_adjacency-numbered-verse_shuffle_within_surah,932,6.551453773276707,5.958183600130676,plain,numbered
STAT-length_adjacency-numbered-verse_shuffle_within_surah,933,6.6501143417183926,5.958183600130676,plain,numbered
STAT-length_adjacency-numbered-verse_shuffle_within_surah,934,6.552107154524665,5.958183600130676,plain,numbered
STAT-length_adjacency-numbered-verse_shuffle_within_surah,935,6.531525645213982,5.958183600130676,plain,numbered
STAT-length_adjacency-numbered-verse_shuffle_within_surah,936,6.544919960797125,5.958183600130676,plain,numbered
STAT-length_adjacency-numbered-verse_shuffle_within_surah,937,6.508330610911467,5.958183600130676,plain,numbered
STAT-length_adjacency-numbered-verse_shuffle_within_surah,938,6.579875857562888,5.958183600130676,plain,numbered
STAT-length_adjacency-numbered-verse_shuffle_within_surah,939,6.602907546553414,5.958183600130676,plain,numbered
STAT-length_adjacency-numbered-verse_shuffle_within_surah,940,6.629369487095721,5.958183600130676,plain,numbered
STAT-length_adjacency-numbered-verse_shuffle_within_surah,941,6.511760862463247,5.958183600130676,plain,numbered
STAT-length_adjacency-numbered-verse_shuffle_within_surah,942,6.55390395295655,5.958183600130676,plain,numbered
STAT-length_adjacency-numbered-verse_shuffle_within_surah,943,6.5739954263312645,5.958183600130676,plain,numbered
STAT-length_adjacency-numbered-verse_shuffle_within_surah,944,6.5681149950996405,5.958183600130676,plain,numbered
STAT-length_adjacency-numbered-verse_shuffle_within_surah,945,6.612544919960797,5.958183600130676,plain,numbered
STAT-length_adjacency-numbered-verse_shuffle_within_surah,946,6.641620385494936,5.958183600130676,plain,numbered
STAT-length_adjacency-numbered-verse_shuffle_within_surah,947,6.570401829467494,5.958183600130676,plain,numbered
STAT-length_adjacency-numbered-verse_shuffle_within_surah,948,6.58624632473048,5.958183600130676,plain,numbered
STAT-length_adjacency-numbered-verse_shuffle_within_surah,949,6.611074812152891,5.958183600130676,plain,numbered
STAT-length_adjacency-numbered-verse_shuffle_within_surah,950,6.62218229336818,5.958183600130676,plain,numbered
STAT-length_adjacency-numbered-verse_shuffle_within_surah,951,6.662855276053577,5.958183600130676,plain,numbered
STAT-length_adjacency-numbered-verse_shuffle_within_surah,952,6.668409016661222,5.958183600130676,plain,numbered
STAT-length_adjacency-numbered-verse_shuffle_within_surah,953,6.6151584449526295,5.958183600130676,plain,numbered
STAT-length_adjacency-numbered-verse_shuffle_within_surah,954,6.583796145050637,5.958183600130676,plain,numbered
STAT-length_adjacency-numbered-verse_shuffle_within_surah,955,6.5040836327997384,5.958183600130676,plain,numbered
STAT-length_adjacency-numbered-verse_shuffle_within_surah,956,6.622018948056191,5.958183600130676,plain,numbered
STAT-length_adjacency-numbered-verse_shuffle_within_surah,957,6.572852009147337,5.958183600130676,plain,numbered
STAT-length_adjacency-numbered-verse_shuffle_within_surah,958,6.623489055864097,5.958183600130676,plain,numbered
STAT-length_adjacency-numbered-verse_shuffle_within_surah,959,6.549003593596864,5.958183600130676,plain,numbered
STAT-length_adjacency-numbered-verse_shuffle_within_surah,960,6.623815746488075,5.958183600130676,plain,numbered
STAT-length_adjacency-numbered-verse_shuffle_within_surah,961,6.5846128716105845,5.958183600130676,plain,numbered
STAT-length_adjacency-numbered-verse_shuffle_within_surah,962,6.616791898072525,5.958183600130676,plain,numbered
STAT-length_adjacency-numbered-verse_shuffle_within_surah,963,6.519928128062725,5.958183600130676,plain,numbered
STAT-length_adjacency-numbered-verse_shuffle_within_surah,964,6.649460960470434,5.958183600130676,plain,numbered
STAT-length_adjacency-numbered-verse_shuffle_within_surah,965,6.588369813786344,5.958183600130676,plain,numbered
STAT-length_adjacency-numbered-verse_shuffle_within_surah,966,6.608461287161059,5.958183600130676,plain,numbered
STAT-length_adjacency-numbered-verse_shuffle_within_surah,967,6.699444625939235,5.958183600130676,plain,numbered
STAT-length_adjacency-numbered-verse_shuffle_within_surah,968,6.642600457366874,5.958183600130676,plain,numbered
STAT-length_adjacency-numbered-verse_shuffle_within_surah,969,6.570238484155505,5.958183600130676,plain,numbered
STAT-length_adjacency-numbered-verse_shuffle_within_surah,970,6.61123815746488,5.958183600130676,plain,numbered
STAT-length_adjacency-numbered-verse_shuffle_within_surah,971,6.581019274746815,5.958183600130676,plain,numbered
STAT-length_adjacency-numbered-verse_shuffle_within_surah,972,6.446259392355439,5.958183600130676,plain,numbered
STAT-length_adjacency-numbered-verse_shuffle_within_surah,973,6.696994446259392,5.958183600130676,plain,numbered
STAT-length_adjacency-numbered-verse_shuffle_within_surah,974,6.53969291081346,5.958183600130676,plain,numbered
STAT-length_adjacency-numbered-verse_shuffle_within_surah,975,6.471414570401829,5.958183600130676,plain,numbered
STAT-length_adjacency-numbered-verse_shuffle_within_surah,976,6.608951323097027,5.958183600130676,plain,numbered
STAT-length_adjacency-numbered-verse_shuffle_within_surah,977,6.629369487095721,5.958183600130676,plain,numbered
STAT-length_adjacency-numbered-verse_shuffle_within_surah,978,6.590983338778177,5.958183600130676,plain,numbered
STAT-length_adjacency-numbered-verse_shuffle_within_surah,979,6.481705325057171,5.958183600130676,plain,numbered
STAT-length_adjacency-numbered-verse_shuffle_within_surah,980,6.554720679516498,5.958183600130676,plain,numbered
STAT-length_adjacency-numbered-verse_shuffle_within_surah,981,6.669715779157138,5.958183600130676,plain,numbered
STAT-length_adjacency-numbered-verse_shuffle_within_surah,982,6.560601110748122,5.958183600130676,plain,numbered
STAT-length_adjacency-numbered-verse_shuffle_within_surah,983,6.580855929434825,5.958183600130676,plain,numbered
STAT-length_adjacency-numbered-verse_shuffle_within_surah,984,6.5390395295655015,5.958183600130676,plain,numbered
STAT-length_adjacency-numbered-verse_shuffle_within_surah,985,6.582979418490689,5.958183600130676,plain,numbered
STAT-length_adjacency-numbered-verse_shuffle_within_surah,986,6.756942175759556,5.958183600130676,plain,numbered
STAT-length_adjacency-numbered-verse_shuffle_within_surah,987,6.612871610584776,5.958183600130676,plain,numbered
STAT-length_adjacency-numbered-verse_shuffle_within_surah,988,6.61156484808886,5.958183600130676,plain,numbered
STAT-length_adjacency-numbered-verse_shuffle_within_surah,989,6.696831100947403,5.958183600130676,plain,numbered
STAT-length_adjacency-numbered-verse_shuffle_within_surah,990,6.520744854622673,5.958183600130676,plain,numbered
STAT-length_adjacency-numbered-verse_shuffle_within_surah,991,6.585756288794512,5.958183600130676,plain,numbered
STAT-length_adjacency-numbered-verse_shuffle_within_surah,992,6.637373407383208,5.958183600130676,plain,numbered
STAT-length_adjacency-numbered-verse_shuffle_within_surah,993,6.588533159098334,5.958183600130676,plain,numbered
STAT-length_adjacency-numbered-verse_shuffle_within_surah,994,6.486769029728847,5.958183600130676,plain,numbered
STAT-length_adjacency-numbered-verse_shuffle_within_surah,995,6.4639006860503105,5.958183600130676,plain,numbered
STAT-length_adjacency-numbered-verse_shuffle_within_surah,996,6.632799738647501,5.958183600130676,plain,numbered
STAT-length_adjacency-numbered-verse_shuffle_within_surah,997,6.655178046390069,5.958183600130676,plain,numbered
STAT-length_adjacency-numbered-verse_shuffle_within_surah,998,6.666285527605358,5.958183600130676,plain,numbered
STAT-length_adjacency-numbered-verse_shuffle_within_surah,999,6.584939562234564,5.958183600130676,plain,numbered
