hypothesis_id,simulation,value,observed,profile_id,scope
STAT-ending_2-numbered-verse_shuffle_within_surah,1,0.2886311662855276,0.40297288467820974,plain,numbered
STAT-ending_2-numbered-verse_shuffle_within_surah,2,0.29059131002940214,0.40297288467820974,plain,numbered
STAT-ending_2-numbered-verse_shuffle_within_surah,3,0.2945115975171513,0.40297288467820974,plain,numbered
STAT-ending_2-numbered-verse_shuffle_within_surah,4,0.29238810846128716,0.40297288467820974,plain,numbered
STAT-ending_2-numbered-verse_shuffle_within_surah,5,0.27785037569421756,0.40297288467820974,plain,numbered
STAT-ending_2-numbered-verse_shuffle_within_surah,6,0.2967984318850049,0.40297288467820974,plain,numbered
STAT-ending_2-numbered-verse_shuffle_within_surah,7,0.29418490689317217,0.40297288467820974,plain,numbered
STAT-ending_2-numbered-verse_shuffle_within_surah,8,0.2946749428291408,0.40297288467820974,plain,numbered
STAT-ending_2-numbered-verse_shuffle_within_surah,9,0.2789937928781444,0.40297288467820974,plain,numbered
STAT-ending_2-numbered-verse_shuffle_within_surah,10,0.291734727213329,0.40297288467820974,plain,numbered
STAT-ending_2-numbered-verse_shuffle_within_surah,11,0.2850375694217576,0.40297288467820974,plain,numbered
STAT-ending_2-numbered-verse_shuffle_within_surah,12,0.2840574975498203,0.40297288467820974,plain,numbered
STAT-ending_2-numbered-verse_shuffle_within_surah,13,0.2865076772296635,0.40297288467820974,plain,numbered
STAT-ending_2-numbered-verse_shuffle_within_surah,14,0.28242404442992486,0.40297288467820974,plain,numbered
STAT-ending_2-numbered-verse_shuffle_within_surah,15,0.2832407709898726,0.40297288467820974,plain,numbered
STAT-ending_2-numbered-verse_shuffle_within_surah,16,0.2904279647174126,0.40297288467820974,plain,numbered
STAT-ending_2-numbered-verse_shuffle_within_surah,17,0.29222476314929763,0.40297288467820974,plain,numbered
STAT-ending_2-numbered-verse_shuffle_within_surah,18,0.28846782097353807,0.40297288467820974,plain,numbered
STAT-ending_2-numbered-verse_shuffle_within_surah,19,0.2842208428618099,0.40297288467820974,plain,numbered
STAT-ending_2-numbered-verse_shuffle_within_surah,20,0.28781443972557985,0.40297288467820974,plain,numbered
STAT-ending_2-numbered-verse_shuffle_within_surah,21,0.29663508657301535,0.40297288467820974,plain,numbered
STAT-ending_2-numbered-verse_shuffle_within_surah,22,0.2907546553413917,0.40297288467820974,plain,numbered
STAT-ending_2-numbered-verse_shuffle_within_surah,23,0.2883044756615485,0.40297288467820974,plain,numbered
STAT-ending_2-numbered-verse_shuffle_within_surah,24,0.27768703038222803,0.40297288467820974,plain,numbered
STAT-ending_2-numbered-verse_shuffle_within_surah,25,0.2861809866056844,0.40297288467820974,plain,numbered
STAT-ending_2-numbered-verse_shuffle_within_surah,26,0.2928781443972558,0.40297288467820974,plain,numbered
STAT-ending_2-numbered-verse_shuffle_within_surah,27,0.2847108787977785,0.40297288467820974,plain,numbered
STAT-ending_2-numbered-verse_shuffle_within_surah,28,0.28520091473374715,0.40297288467820974,plain,numbered
STAT-ending_2-numbered-verse_shuffle_within_surah,29,0.28961123815746487,0.40297288467820974,plain,numbered
STAT-ending_2-numbered-verse_shuffle_within_surah,30,0.2946749428291408,0.40297288467820974,plain,numbered
STAT-ending_2-numbered-verse_shuffle_within_surah,31,0.28520091473374715,0.40297288467820974,plain,numbered
STAT-ending_2-numbered-verse_shuffle_within_surah,32,0.28977458346945445,0.40297288467820974,plain,numbered
STAT-ending_2-numbered-verse_shuffle_within_surah,33,0.2847108787977785,0.40297288467820974,plain,numbered
STAT-ending_2-numbered-verse_shuffle_within_surah,34,0.2853642600457367,0.40297288467820974,plain,numbered
STAT-ending_2-numbered-verse_shuffle_within_surah,35,0.284547533485789,0.40297288467820974,plain,numbered
STAT-ending_2-numbered-verse_shuffle_within_surah,36,0.29369487095720354,0.40297288467820974,plain,numbered
STAT-ending_2-numbered-verse_shuffle_within_surah,37,0.291734727213329,0.40297288467820974,plain,numbered
STAT-ending_2-numbered-verse_shuffle_within_surah,38,0.2925514537732767,0.40297288467820974,plain,numbered
STAT-ending_2-numbered-verse_shuffle_within_surah,39,0.2842208428618099,0.40297288467820974,plain,numbered
STAT-ending_2-numbered-verse_shuffle_within_surah,40,0.28520091473374715,0.40297288467820974,plain,numbered
STAT-ending_2-numbered-verse_shuffle_within_surah,41,0.29206141783730805,0.40297288467820974,plain,numbered
STAT-ending_2-numbered-verse_shuffle_within_surah,42,0.28520091473374715,0.40297288467820974,plain,numbered
STAT-ending_2-numbered-verse_shuffle_within_surah,43,0.2987585756288795,0.40297288467820974,plain,numbered
STAT-ending_2-numbered-verse_shuffle_within_surah,44,0.297125122508984,0.40297288467820974,plain,numbered
STAT-ending_2-numbered-verse_shuffle_within_surah,45,0.2873244037896112,0.40297288467820974,plain,numbered
STAT-ending_2-numbered-verse_shuffle_within_surah,46,0.28242404442992486,0.40297288467820974,plain,numbered
STAT-ending_2-numbered-verse_shuffle_within_surah,47,0.2856909506697158,0.40297288467820974,plain,numbered
STAT-ending_2-numbered-verse_shuffle_within_surah,48,0.2853642600457367,0.40297288467820974,plain,numbered
STAT-ending_2-numbered-verse_shuffle_within_surah,49,0.2976151584449526,0.40297288467820974,plain,numbered
STAT-ending_2-numbered-verse_shuffle_within_surah,50,0.2925514537732767,0.40297288467820974,plain,numbered
STAT-ending_2-numbered-verse_shuffle_within_surah,51,0.2907546553413917,0.40297288467820974,plain,numbered
STAT-ending_2-numbered-verse_shuffle_within_surah,52,0.28912120222149623,0.40297288467820974,plain,numbered
STAT-ending_2-numbered-verse_shuffle_within_surah,53,0.291734727213329,0.40297288467820974,plain,numbered
STAT-ending_2-numbered-verse_shuffle_within_surah,54,0.2910813459653708,0.40297288467820974,plain,numbered
STAT-ending_2-numbered-verse_shuffle_within_surah,55,0.2977785037569422,0.40297288467820974,plain,numbered
STAT-ending_2-numbered-verse_shuffle_within_surah,56,0.2843841881737994,0.40297288467820974,plain,numbered
STAT-ending_2-numbered-verse_shuffle_within_surah,57,0.2915713819013394,0.40297288467820974,plain,numbered
STAT-ending_2-numbered-verse_shuffle_within_surah,58,0.2871610584776217,0.40297288467820974,plain,numbered
STAT-ending_2-numbered-verse_shuffle_within_surah,59,0.2843841881737994,0.40297288467820974,plain,numbered
STAT-ending_2-numbered-verse_shuffle_within_surah,60,0.2873244037896112,0.40297288467820974,plain,numbered
STAT-ending_2-numbered-verse_shuffle_within_surah,61,0.2853642600457367,0.40297288467820974,plain,numbered
STAT-ending_2-numbered-verse_shuffle_within_surah,62,0.2819340084939562,0.40297288467820974,plain,numbered
STAT-ending_2-numbered-verse_shuffle_within_surah,63,0.28373080692584124,0.40297288467820974,plain,numbered
STAT-ending_2-numbered-verse_shuffle_within_surah,64,0.2992486115648481,0.40297288467820974,plain,numbered
STAT-ending_2-numbered-verse_shuffle_within_surah,65,0.2925514537732767,0.40297288467820974,plain,numbered
STAT-ending_2-numbered-verse_shuffle_within_surah,66,0.29238810846128716,0.40297288467820974,plain,numbered
STAT-ending_2-numbered-verse_shuffle_within_surah,67,0.2871610584776217,0.40297288467820974,plain,numbered
STAT-ending_2-numbered-verse_shuffle_within_surah,68,0.2933681803332244,0.40297288467820974,plain,numbered
STAT-ending_2-numbered-verse_shuffle_within_surah,69,0.2871610584776217,0.40297288467820974,plain,numbered
STAT-ending_2-numbered-verse_shuffle_within_surah,70,0.2902646194054231,0.40297288467820974,plain,numbered
STAT-ending_2-numbered-verse_shuffle_within_surah,71,0.29402156158118264,0.40297288467820974,plain,numbered
STAT-ending_2-numbered-verse_shuffle_within_surah,72,0.29369487095720354,0.40297288467820974,plain,numbered
STAT-ending_2-numbered-verse_shuffle_within_surah,73,0.291734727213329,0.40297288467820974,plain,numbered
STAT-ending_2-numbered-verse_shuffle_within_surah,74,0.2961450506370467,0.40297288467820974,plain,numbered
STAT-ending_2-numbered-verse_shuffle_within_surah,75,0.29271479908526626,0.40297288467820974,plain,numbered
STAT-ending_2-numbered-verse_shuffle_within_surah,76,0.2853642600457367,0.40297288467820974,plain,numbered
STAT-ending_2-numbered-verse_shuffle_within_surah,77,0.2907546553413917,0.40297288467820974,plain,numbered
STAT-ending_2-numbered-verse_shuffle_within_surah,78,0.2902646194054231,0.40297288467820974,plain,numbered
STAT-ending_2-numbered-verse_shuffle_within_surah,79,0.283077425677883,0.40297288467820974,plain,numbered
STAT-ending_2-numbered-verse_shuffle_within_surah,80,0.28699771316563216,0.40297288467820974,plain,numbered
STAT-ending_2-numbered-verse_shuffle_within_surah,81,0.2811172819340085,0.40297288467820974,plain,numbered
STAT-ending_2-numbered-verse_shuffle_within_surah,82,0.29663508657301535,0.40297288467820974,plain,numbered
STAT-ending_2-numbered-verse_shuffle_within_surah,83,0.28520091473374715,0.40297288467820974,plain,numbered
STAT-ending_2-numbered-verse_shuffle_within_surah,84,0.2873244037896112,0.40297288467820974,plain,numbered
STAT-ending_2-numbered-verse_shuffle_within_surah,85,0.284547533485789,0.40297288467820974,plain,numbered
STAT-ending_2-numbered-verse_shuffle_within_surah,86,0.2914080365893499,0.40297288467820974,plain,numbered
STAT-ending_2-numbered-verse_shuffle_within_surah,87,0.2856909506697158,0.40297288467820974,plain,numbered
STAT-ending_2-numbered-verse_shuffle_within_surah,88,0.2819340084939562,0.40297288467820974,plain,numbered
STAT-ending_2-numbered-verse_shuffle_within_surah,89,0.2925514537732767,0.40297288467820974,plain,numbered
STAT-ending_2-numbered-verse_shuffle_within_surah,90,0.2904279647174126,0.40297288467820974,plain,numbered
STAT-ending_2-numbered-verse_shuffle_within_surah,91,0.2868343678536426,0.40297288467820974,plain,numbered
STAT-ending_2-numbered-verse_shuffle_within_surah,92,0.2892845475334858,0.40297288467820974,plain,numbered
STAT-ending_2-numbered-verse_shuffle_within_surah,93,0.30088206468474354,0.40297288467820974,plain,numbered
STAT-ending_2-numbered-verse_shuffle_within_surah,94,0.29091800065338125,0.40297288467820974,plain,numbered
STAT-ending_2-numbered-verse_shuffle_within_surah,95,0.29238810846128716,0.40297288467820974,plain,numbered
STAT-ending_2-numbered-verse_shuffle_within_surah,96,0.289937928781444,0.40297288467820974,plain,numbered
STAT-ending_2-numbered-verse_shuffle_within_surah,97,0.2829140803658935,0.40297288467820974,plain,numbered
STAT-ending_2-numbered-verse_shuffle_within_surah,98,0.28520091473374715,0.40297288467820974,plain,numbered
STAT-ending_2-numbered-verse_shuffle_within_surah,99,0.2972884678209735,0.40297288467820974,plain,numbered
STAT-ending_2-numbered-verse_shuffle_within_surah,100,0.29794184906893173,0.40297288467820974,plain,numbered
STAT-ending_2-numbered-verse_shuffle_within_surah,101,0.2789937928781444,0.40297288467820974,plain,numbered
STAT-ending_2-numbered-verse_shuffle_within_surah,102,0.29059131002940214,0.40297288467820974,plain,numbered
STAT-ending_2-numbered-verse_shuffle_within_surah,103,0.2883044756615485,0.40297288467820974,plain,numbered
STAT-ending_2-numbered-verse_shuffle_within_surah,104,0.28699771316563216,0.40297288467820974,plain,numbered
STAT-ending_2-numbered-verse_shuffle_within_surah,105,0.2985952303168899,0.40297288467820974,plain,numbered
STAT-ending_2-numbered-verse_shuffle_within_surah,106,0.2886311662855276,0.40297288467820974,plain,numbered
STAT-ending_2-numbered-verse_shuffle_within_surah,107,0.2816073178699771,0.40297288467820974,plain,numbered
STAT-ending_2-numbered-verse_shuffle_within_surah,108,0.28846782097353807,0.40297288467820974,plain,numbered
STAT-ending_2-numbered-verse_shuffle_within_surah,109,0.29238810846128716,0.40297288467820974,plain,numbered
STAT-ending_2-numbered-verse_shuffle_within_surah,110,0.2930414897092453,0.40297288467820974,plain,numbered
STAT-ending_2-numbered-verse_shuffle_within_surah,111,0.29238810846128716,0.40297288467820974,plain,numbered
STAT-ending_2-numbered-verse_shuffle_within_surah,112,0.2889578569095067,0.40297288467820974,plain,numbered
STAT-ending_2-numbered-verse_shuffle_within_surah,113,0.2930414897092453,0.40297288467820974,plain,numbered
STAT-ending_2-numbered-verse_shuffle_within_surah,114,0.28944789284547534,0.40297288467820974,plain,numbered
STAT-ending_2-numbered-verse_shuffle_within_surah,115,0.2933681803332244,0.40297288467820974,plain,numbered
STAT-ending_2-numbered-verse_shuffle_within_surah,116,0.2883044756615485,0.40297288467820974,plain,numbered
STAT-ending_2-numbered-verse_shuffle_within_surah,117,0.2943482522051617,0.40297288467820974,plain,numbered
STAT-ending_2-numbered-verse_shuffle_within_surah,118,0.28242404442992486,0.40297288467820974,plain,numbered
STAT-ending_2-numbered-verse_shuffle_within_surah,119,0.2886311662855276,0.40297288467820974,plain,numbered
STAT-ending_2-numbered-verse_shuffle_within_surah,120,0.2856909506697158,0.40297288467820974,plain,numbered
STAT-ending_2-numbered-verse_shuffle_within_surah,121,0.28846782097353807,0.40297288467820974,plain,numbered
STAT-ending_2-numbered-verse_shuffle_within_surah,122,0.2915713819013394,0.40297288467820974,plain,numbered
STAT-ending_2-numbered-verse_shuffle_within_surah,123,0.28552760535772626,0.40297288467820974,plain,numbered
STAT-ending_2-numbered-verse_shuffle_within_surah,124,0.2860176412936949,0.40297288467820974,plain,numbered
STAT-ending_2-numbered-verse_shuffle_within_surah,125,0.28242404442992486,0.40297288467820974,plain,numbered
STAT-ending_2-numbered-verse_shuffle_within_surah,126,0.2976151584449526,0.40297288467820974,plain,numbered
STAT-ending_2-numbered-verse_shuffle_within_surah,127,0.289937928781444,0.40297288467820974,plain,numbered
STAT-ending_2-numbered-verse_shuffle_within_surah,128,0.2814439725579876,0.40297288467820974,plain,numbered
STAT-ending_2-numbered-verse_shuffle_within_surah,129,0.2873244037896112,0.40297288467820974,plain,numbered
STAT-ending_2-numbered-verse_shuffle_within_surah,130,0.2803005553740608,0.40297288467820974,plain,numbered
STAT-ending_2-numbered-verse_shuffle_within_surah,131,0.2950016334531199,0.40297288467820974,plain,numbered
STAT-ending_2-numbered-verse_shuffle_within_surah,132,0.28487422410976804,0.40297288467820974,plain,numbered
STAT-ending_2-numbered-verse_shuffle_within_surah,133,0.29238810846128716,0.40297288467820974,plain,numbered
STAT-ending_2-numbered-verse_shuffle_within_surah,134,0.2915713819013394,0.40297288467820974,plain,numbered
STAT-ending_2-numbered-verse_shuffle_within_surah,135,0.2799738647500817,0.40297288467820974,plain,numbered
STAT-ending_2-numbered-verse_shuffle_within_surah,136,0.27654361319830123,0.40297288467820974,plain,numbered
STAT-ending_2-numbered-verse_shuffle_within_surah,137,0.29663508657301535,0.40297288467820974,plain,numbered
STAT-ending_2-numbered-verse_shuffle_within_surah,138,0.2832407709898726,0.40297288467820974,plain,numbered
STAT-ending_2-numbered-verse_shuffle_within_surah,139,0.2945115975171513,0.40297288467820974,plain,numbered
STAT-ending_2-numbered-verse_shuffle_within_surah,140,0.2883044756615485,0.40297288467820974,plain,numbered
STAT-ending_2-numbered-verse_shuffle_within_surah,141,0.283077425677883,0.40297288467820974,plain,numbered
STAT-ending_2-numbered-verse_shuffle_within_surah,142,0.2871610584776217,0.40297288467820974,plain,numbered
STAT-ending_2-numbered-verse_shuffle_within_surah,143,0.2902646194054231,0.40297288467820974,plain,numbered
STAT-ending_2-numbered-verse_shuffle_within_surah,144,0.2860176412936949,0.40297288467820974,plain,numbered
STAT-ending_2-numbered-verse_shuffle_within_surah,145,0.28699771316563216,0.40297288467820974,plain,numbered
STAT-ending_2-numbered-verse_shuffle_within_surah,146,0.2887945115975172,0.40297288467820974,plain,numbered
STAT-ending_2-numbered-verse_shuffle_within_surah,147,0.28699771316563216,0.40297288467820974,plain,numbered
STAT-ending_2-numbered-verse_shuffle_within_surah,148,0.28520091473374715,0.40297288467820974,plain,numbered
STAT-ending_2-numbered-verse_shuffle_within_surah,149,0.28487422410976804,0.40297288467820974,plain,numbered
STAT-ending_2-numbered-verse_shuffle_within_surah,150,0.29059131002940214,0.40297288467820974,plain,numbered
STAT-ending_2-numbered-verse_shuffle_within_surah,151,0.289937928781444,0.40297288467820974,plain,numbered
STAT-ending_2-numbered-verse_shuffle_within_surah,152,0.28634433191767394,0.40297288467820974,plain,numbered
STAT-ending_2-numbered-verse_shuffle_within_surah,153,0.28912120222149623,0.40297288467820974,plain,numbered
STAT-ending_2-numbered-verse_shuffle_within_surah,154,0.2976151584449526,0.40297288467820974,plain,numbered
STAT-ending_2-numbered-verse_shuffle_within_surah,155,0.29059131002940214,0.40297288467820974,plain,numbered
STAT-ending_2-numbered-verse_shuffle_within_surah,156,0.2871610584776217,0.40297288467820974,plain,numbered
STAT-ending_2-numbered-verse_shuffle_within_surah,157,0.2907546553413917,0.40297288467820974,plain,numbered
STAT-ending_2-numbered-verse_shuffle_within_surah,158,0.27948382881411304,0.40297288467820974,plain,numbered
STAT-ending_2-numbered-verse_shuffle_within_surah,159,0.29402156158118264,0.40297288467820974,plain,numbered
STAT-ending_2-numbered-verse_shuffle_within_surah,160,0.2956550147010781,0.40297288467820974,plain,numbered
STAT-ending_2-numbered-verse_shuffle_within_surah,161,0.29271479908526626,0.40297288467820974,plain,numbered
STAT-ending_2-numbered-verse_shuffle_within_surah,162,0.2928781443972558,0.40297288467820974,plain,numbered
STAT-ending_2-numbered-verse_shuffle_within_surah,163,0.2918980725253185,0.40297288467820974,plain,numbered
STAT-ending_2-numbered-verse_shuffle_within_surah,164,0.2932048350212349,0.40297288467820974,plain,numbered
STAT-ending_2-numbered-verse_shuffle_within_surah,165,0.2832407709898726,0.40297288467820974,plain,numbered
STAT-ending_2-numbered-verse_shuffle_within_surah,166,0.29124469127736036,0.40297288467820974,plain,numbered
STAT-ending_2-numbered-verse_shuffle_within_surah,167,0.284547533485789,0.40297288467820974,plain,numbered
STAT-ending_2-numbered-verse_shuffle_within_surah,168,0.2886311662855276,0.40297288467820974,plain,numbered
STAT-ending_2-numbered-verse_shuffle_within_surah,169,0.2842208428618099,0.40297288467820974,plain,numbered
STAT-ending_2-numbered-verse_shuffle_within_surah,170,0.293531525645214,0.40297288467820974,plain,numbered
STAT-ending_2-numbered-verse_shuffle_within_surah,171,0.2853642600457367,0.40297288467820974,plain,numbered
STAT-ending_2-numbered-verse_shuffle_within_surah,172,0.29271479908526626,0.40297288467820974,plain,numbered
STAT-ending_2-numbered-verse_shuffle_within_surah,173,0.2945115975171513,0.40297288467820974,plain,numbered
STAT-ending_2-numbered-verse_shuffle_within_surah,174,0.2803005553740608,0.40297288467820974,plain,numbered
STAT-ending_2-numbered-verse_shuffle_within_surah,175,0.2915713819013394,0.40297288467820974,plain,numbered
STAT-ending_2-numbered-verse_shuffle_within_surah,176,0.2842208428618099,0.40297288467820974,plain,numbered
STAT-ending_2-numbered-verse_shuffle_within_surah,177,0.2887945115975172,0.40297288467820974,plain,numbered
STAT-ending_2-numbered-verse_shuffle_within_surah,178,0.29630839594903624,0.40297288467820974,plain,numbered
STAT-ending_2-numbered-verse_shuffle_within_surah,179,0.29091800065338125,0.40297288467820974,plain,numbered
STAT-ending_2-numbered-verse_shuffle_within_surah,180,0.2801372100620712,0.40297288467820974,plain,numbered
STAT-ending_2-numbered-verse_shuffle_within_surah,181,0.29124469127736036,0.40297288467820974,plain,numbered
STAT-ending_2-numbered-verse_shuffle_within_surah,182,0.2892845475334858,0.40297288467820974,plain,numbered
STAT-ending_2-numbered-verse_shuffle_within_surah,183,0.2814439725579876,0.40297288467820974,plain,numbered
STAT-ending_2-numbered-verse_shuffle_within_surah,184,0.2886311662855276,0.40297288467820974,plain,numbered
STAT-ending_2-numbered-verse_shuffle_within_surah,185,0.2902646194054231,0.40297288467820974,plain,numbered
STAT-ending_2-numbered-verse_shuffle_within_surah,186,0.2873244037896112,0.40297288467820974,plain,numbered
STAT-ending_2-numbered-verse_shuffle_within_surah,187,0.28373080692584124,0.40297288467820974,plain,numbered
STAT-ending_2-numbered-verse_shuffle_within_surah,188,0.2799738647500817,0.40297288467820974,plain,numbered
STAT-ending_2-numbered-verse_shuffle_within_surah,189,0.2902646194054231,0.40297288467820974,plain,numbered
STAT-ending_2-numbered-verse_shuffle_within_surah,190,0.2868343678536426,0.40297288467820974,plain,numbered
STAT-ending_2-numbered-verse_shuffle_within_surah,191,0.2904279647174126,0.40297288467820974,plain,numbered
STAT-ending_2-numbered-verse_shuffle_within_surah,192,0.2932048350212349,0.40297288467820974,plain,numbered
STAT-ending_2-numbered-verse_shuffle_within_surah,193,0.2910813459653708,0.40297288467820974,plain,numbered
STAT-ending_2-numbered-verse_shuffle_within_surah,194,0.28781443972557985,0.40297288467820974,plain,numbered
STAT-ending_2-numbered-verse_shuffle_within_surah,195,0.29059131002940214,0.40297288467820974,plain,numbered
STAT-ending_2-numbered-verse_shuffle_within_surah,196,0.28846782097353807,0.40297288467820974,plain,numbered
STAT-ending_2-numbered-verse_shuffle_within_surah,197,0.2910813459653708,0.40297288467820974,plain,numbered
STAT-ending_2-numbered-verse_shuffle_within_surah,198,0.289937928781444,0.40297288467820974,plain,numbered
STAT-ending_2-numbered-verse_shuffle_within_surah,199,0.2856909506697158,0.40297288467820974,plain,numbered
STAT-ending_2-numbered-verse_shuffle_within_surah,200,0.28389415223783077,0.40297288467820974,plain,numbered
STAT-ending_2-numbered-verse_shuffle_within_surah,201,0.2925514537732767,0.40297288467820974,plain,numbered
STAT-ending_2-numbered-verse_shuffle_within_surah,202,0.29124469127736036,0.40297288467820974,plain,numbered
STAT-ending_2-numbered-verse_shuffle_within_surah,203,0.2856909506697158,0.40297288467820974,plain,numbered
STAT-ending_2-numbered-verse_shuffle_within_surah,204,0.2868343678536426,0.40297288467820974,plain,numbered
STAT-ending_2-numbered-verse_shuffle_within_surah,205,0.28912120222149623,0.40297288467820974,plain,numbered
STAT-ending_2-numbered-verse_shuffle_within_surah,206,0.28552760535772626,0.40297288467820974,plain,numbered
STAT-ending_2-numbered-verse_shuffle_within_surah,207,0.2873244037896112,0.40297288467820974,plain,numbered
STAT-ending_2-numbered-verse_shuffle_within_surah,208,0.284547533485789,0.40297288467820974,plain,numbered
STAT-ending_2-numbered-verse_shuffle_within_surah,209,0.2904279647174126,0.40297288467820974,plain,numbered
STAT-ending_2-numbered-verse_shuffle_within_surah,210,0.2887945115975172,0.40297288467820974,plain,numbered
STAT-ending_2-numbered-verse_shuffle_within_surah,211,0.2860176412936949,0.40297288467820974,plain,numbered
STAT-ending_2-numbered-verse_shuffle_within_surah,212,0.291734727213329,0.40297288467820974,plain,numbered
STAT-ending_2-numbered-verse_shuffle_within_surah,213,0.28340411630186213,0.40297288467820974,plain,numbered
STAT-ending_2-numbered-verse_shuffle_within_surah,214,0.2946749428291408,0.40297288467820974,plain,numbered
STAT-ending_2-numbered-verse_shuffle_within_surah,215,0.2814439725579876,0.40297288467820974,plain,numbered
STAT-ending_2-numbered-verse_shuffle_within_surah,216,0.2901012740934335,0.40297288467820974,plain,numbered
STAT-ending_2-numbered-verse_shuffle_within_surah,217,0.2829140803658935,0.40297288467820974,plain,numbered
STAT-ending_2-numbered-verse_shuffle_within_surah,218,0.28373080692584124,0.40297288467820974,plain,numbered
STAT-ending_2-numbered-verse_shuffle_within_surah,219,0.2910813459653708,0.40297288467820974,plain,numbered
STAT-ending_2-numbered-verse_shuffle_within_surah,220,0.29059131002940214,0.40297288467820974,plain,numbered
STAT-ending_2-numbered-verse_shuffle_within_surah,221,0.2842208428618099,0.40297288467820974,plain,numbered
STAT-ending_2-numbered-verse_shuffle_within_surah,222,0.28944789284547534,0.40297288467820974,plain,numbered
STAT-ending_2-numbered-verse_shuffle_within_surah,223,0.2914080365893499,0.40297288467820974,plain,numbered
STAT-ending_2-numbered-verse_shuffle_within_surah,224,0.291734727213329,0.40297288467820974,plain,numbered
STAT-ending_2-numbered-verse_shuffle_within_surah,225,0.2865076772296635,0.40297288467820974,plain,numbered
STAT-ending_2-numbered-verse_shuffle_within_surah,226,0.2932048350212349,0.40297288467820974,plain,numbered
STAT-ending_2-numbered-verse_shuffle_within_surah,227,0.29238810846128716,0.40297288467820974,plain,numbered
STAT-ending_2-numbered-verse_shuffle_within_surah,228,0.2930414897092453,0.40297288467820974,plain,numbered
STAT-ending_2-numbered-verse_shuffle_within_surah,229,0.2819340084939562,0.40297288467820974,plain,numbered
STAT-ending_2-numbered-verse_shuffle_within_surah,230,0.28961123815746487,0.40297288467820974,plain,numbered
STAT-ending_2-numbered-verse_shuffle_within_surah,231,0.2817706631819667,0.40297288467820974,plain,numbered
STAT-ending_2-numbered-verse_shuffle_within_surah,232,0.28846782097353807,0.40297288467820974,plain,numbered
STAT-ending_2-numbered-verse_shuffle_within_surah,233,0.2883044756615485,0.40297288467820974,plain,numbered
STAT-ending_2-numbered-verse_shuffle_within_surah,234,0.2840574975498203,0.40297288467820974,plain,numbered
STAT-ending_2-numbered-verse_shuffle_within_surah,235,0.284547533485789,0.40297288467820974,plain,numbered
STAT-ending_2-numbered-verse_shuffle_within_surah,236,0.2856909506697158,0.40297288467820974,plain,numbered
STAT-ending_2-numbered-verse_shuffle_within_surah,237,0.2930414897092453,0.40297288467820974,plain,numbered
STAT-ending_2-numbered-verse_shuffle_within_surah,238,0.28209735380594575,0.40297288467820974,plain,numbered
STAT-ending_2-numbered-verse_shuffle_within_surah,239,0.28634433191767394,0.40297288467820974,plain,numbered
STAT-ending_2-numbered-verse_shuffle_within_surah,240,0.28242404442992486,0.40297288467820974,plain,numbered
STAT-ending_2-numbered-verse_shuffle_within_surah,241,0.2946749428291408,0.40297288467820974,plain,numbered
STAT-ending_2-numbered-verse_shuffle_within_surah,242,0.2933681803332244,0.40297288467820974,plain,numbered
STAT-ending_2-numbered-verse_shuffle_within_surah,243,0.28520091473374715,0.40297288467820974,plain,numbered
STAT-ending_2-numbered-verse_shuffle_within_surah,244,0.28912120222149623,0.40297288467820974,plain,numbered
STAT-ending_2-numbered-verse_shuffle_within_surah,245,0.2817706631819667,0.40297288467820974,plain,numbered
STAT-ending_2-numbered-verse_shuffle_within_surah,246,0.28912120222149623,0.40297288467820974,plain,numbered
STAT-ending_2-numbered-verse_shuffle_within_surah,247,0.2904279647174126,0.40297288467820974,plain,numbered
STAT-ending_2-numbered-verse_shuffle_within_surah,248,0.2861809866056844,0.40297288467820974,plain,numbered
STAT-ending_2-numbered-verse_shuffle_within_surah,249,0.2858542959817053,0.40297288467820974,plain,numbered
STAT-ending_2-numbered-verse_shuffle_within_surah,250,0.29549166938908855,0.40297288467820974,plain,numbered
STAT-ending_2-numbered-verse_shuffle_within_surah,251,0.29483828814113033,0.40297288467820974,plain,numbered
STAT-ending_2-numbered-verse_shuffle_within_surah,252,0.2887945115975172,0.40297288467820974,plain,numbered
STAT-ending_2-numbered-verse_shuffle_within_surah,253,0.2850375694217576,0.40297288467820974,plain,numbered
STAT-ending_2-numbered-verse_shuffle_within_surah,254,0.2943482522051617,0.40297288467820974,plain,numbered
STAT-ending_2-numbered-verse_shuffle_within_surah,255,0.2887945115975172,0.40297288467820974,plain,numbered
STAT-ending_2-numbered-verse_shuffle_within_surah,256,0.2945115975171513,0.40297288467820974,plain,numbered
STAT-ending_2-numbered-verse_shuffle_within_surah,257,0.2943482522051617,0.40297288467820974,plain,numbered
STAT-ending_2-numbered-verse_shuffle_within_surah,258,0.304312316236524,0.40297288467820974,plain,numbered
STAT-ending_2-numbered-verse_shuffle_within_surah,259,0.28062724599803984,0.40297288467820974,plain,numbered
STAT-ending_2-numbered-verse_shuffle_within_surah,260,0.28667102254165305,0.40297288467820974,plain,numbered
STAT-ending_2-numbered-verse_shuffle_within_surah,261,0.2943482522051617,0.40297288467820974,plain,numbered
STAT-ending_2-numbered-verse_shuffle_within_surah,262,0.29124469127736036,0.40297288467820974,plain,numbered
STAT-ending_2-numbered-verse_shuffle_within_surah,263,0.2946749428291408,0.40297288467820974,plain,numbered
STAT-ending_2-numbered-verse_shuffle_within_surah,264,0.28797778503756943,0.40297288467820974,plain,numbered
STAT-ending_2-numbered-verse_shuffle_within_surah,265,0.2887945115975172,0.40297288467820974,plain,numbered
STAT-ending_2-numbered-verse_shuffle_within_surah,266,0.2974518131329631,0.40297288467820974,plain,numbered
STAT-ending_2-numbered-verse_shuffle_within_surah,267,0.2928781443972558,0.40297288467820974,plain,numbered
STAT-ending_2-numbered-verse_shuffle_within_surah,268,0.2918980725253185,0.40297288467820974,plain,numbered
STAT-ending_2-numbered-verse_shuffle_within_surah,269,0.2860176412936949,0.40297288467820974,plain,numbered
STAT-ending_2-numbered-verse_shuffle_within_surah,270,0.289937928781444,0.40297288467820974,plain,numbered
STAT-ending_2-numbered-verse_shuffle_within_surah,271,0.2910813459653708,0.40297288467820974,plain,numbered
STAT-ending_2-numbered-verse_shuffle_within_surah,272,0.28944789284547534,0.40297288467820974,plain,numbered
STAT-ending_2-numbered-verse_shuffle_within_surah,273,0.27915713819013394,0.40297288467820974,plain,numbered
STAT-ending_2-numbered-verse_shuffle_within_surah,274,0.29908526625285853,0.40297288467820974,plain,numbered
STAT-ending_2-numbered-verse_shuffle_within_surah,275,0.2901012740934335,0.40297288467820974,plain,numbered
STAT-ending_2-numbered-verse_shuffle_within_surah,276,0.2847108787977785,0.40297288467820974,plain,numbered
STAT-ending_2-numbered-verse_shuffle_within_surah,277,0.2925514537732767,0.40297288467820974,plain,numbered
STAT-ending_2-numbered-verse_shuffle_within_surah,278,0.29369487095720354,0.40297288467820974,plain,numbered
STAT-ending_2-numbered-verse_shuffle_within_surah,279,0.2883044756615485,0.40297288467820974,plain,numbered
STAT-ending_2-numbered-verse_shuffle_within_surah,280,0.28209735380594575,0.40297288467820974,plain,numbered
STAT-ending_2-numbered-verse_shuffle_within_surah,281,0.29663508657301535,0.40297288467820974,plain,numbered
STAT-ending_2-numbered-verse_shuffle_within_surah,282,0.28487422410976804,0.40297288467820974,plain,numbered
STAT-ending_2-numbered-verse_shuffle_within_surah,283,0.2874877491016008,0.40297288467820974,plain,numbered
STAT-ending_2-numbered-verse_shuffle_within_surah,284,0.2856909506697158,0.40297288467820974,plain,numbered
STAT-ending_2-numbered-verse_shuffle_within_surah,285,0.2865076772296635,0.40297288467820974,plain,numbered
STAT-ending_2-numbered-verse_shuffle_within_surah,286,0.2930414897092453,0.40297288467820974,plain,numbered
STAT-ending_2-numbered-verse_shuffle_within_surah,287,0.28797778503756943,0.40297288467820974,plain,numbered
STAT-ending_2-numbered-verse_shuffle_within_surah,288,0.2853642600457367,0.40297288467820974,plain,numbered
STAT-ending_2-numbered-verse_shuffle_within_surah,289,0.29238810846128716,0.40297288467820974,plain,numbered
STAT-ending_2-numbered-verse_shuffle_within_surah,290,0.2910813459653708,0.40297288467820974,plain,numbered
STAT-ending_2-numbered-verse_shuffle_within_surah,291,0.28552760535772626,0.40297288467820974,plain,numbered
STAT-ending_2-numbered-verse_shuffle_within_surah,292,0.28961123815746487,0.40297288467820974,plain,numbered
STAT-ending_2-numbered-verse_shuffle_within_surah,293,0.2915713819013394,0.40297288467820974,plain,numbered
STAT-ending_2-numbered-verse_shuffle_within_surah,294,0.2964717412610258,0.40297288467820974,plain,numbered
STAT-ending_2-numbered-verse_shuffle_within_surah,295,0.2874877491016008,0.40297288467820974,plain,numbered
STAT-ending_2-numbered-verse_shuffle_within_surah,296,0.2943482522051617,0.40297288467820974,plain,numbered
STAT-ending_2-numbered-verse_shuffle_within_surah,297,0.2843841881737994,0.40297288467820974,plain,numbered
STAT-ending_2-numbered-verse_shuffle_within_surah,298,0.28667102254165305,0.40297288467820974,plain,numbered
STAT-ending_2-numbered-verse_shuffle_within_surah,299,0.29059131002940214,0.40297288467820974,plain,numbered
STAT-ending_2-numbered-verse_shuffle_within_surah,300,0.28487422410976804,0.40297288467820974,plain,numbered
STAT-ending_2-numbered-verse_shuffle_within_surah,301,0.2883044756615485,0.40297288467820974,plain,numbered
STAT-ending_2-numbered-verse_shuffle_within_surah,302,0.29696177719699446,0.40297288467820974,plain,numbered
STAT-ending_2-numbered-verse_shuffle_within_surah,303,0.29206141783730805,0.40297288467820974,plain,numbered
STAT-ending_2-numbered-verse_shuffle_within_surah,304,0.2853642600457367,0.40297288467820974,plain,numbered
STAT-ending_2-numbered-verse_shuffle_within_surah,305,0.28634433191767394,0.40297288467820974,plain,numbered
STAT-ending_2-numbered-verse_shuffle_within_surah,306,0.2847108787977785,0.40297288467820974,plain,numbered
STAT-ending_2-numbered-verse_shuffle_within_surah,307,0.28552760535772626,0.40297288467820974,plain,numbered
STAT-ending_2-numbered-verse_shuffle_within_surah,308,0.29271479908526626,0.40297288467820974,plain,numbered
STAT-ending_2-numbered-verse_shuffle_within_surah,309,0.2892845475334858,0.40297288467820974,plain,numbered
STAT-ending_2-numbered-verse_shuffle_within_surah,310,0.2883044756615485,0.40297288467820974,plain,numbered
STAT-ending_2-numbered-verse_shuffle_within_surah,311,0.28667102254165305,0.40297288467820974,plain,numbered
STAT-ending_2-numbered-verse_shuffle_within_surah,312,0.2801372100620712,0.40297288467820974,plain,numbered
STAT-ending_2-numbered-verse_shuffle_within_surah,313,0.28634433191767394,0.40297288467820974,plain,numbered
STAT-ending_2-numbered-verse_shuffle_within_surah,314,0.2958183600130676,0.40297288467820974,plain,numbered
STAT-ending_2-numbered-verse_shuffle_within_surah,315,0.2902646194054231,0.40297288467820974,plain,numbered
STAT-ending_2-numbered-verse_shuffle_within_surah,316,0.29973864750081675,0.40297288467820974,plain,numbered
STAT-ending_2-numbered-verse_shuffle_within_surah,317,0.28912120222149623,0.40297288467820974,plain,numbered
STAT-ending_2-numbered-verse_shuffle_within_surah,318,0.2876510944135903,0.40297288467820974,plain,numbered
STAT-ending_2-numbered-verse_shuffle_within_surah,319,0.2856909506697158,0.40297288467820974,plain,numbered
STAT-ending_2-numbered-verse_shuffle_within_surah,320,0.2977785037569422,0.40297288467820974,plain,numbered
STAT-ending_2-numbered-verse_shuffle_within_surah,321,0.2819340084939562,0.40297288467820974,plain,numbered
STAT-ending_2-numbered-verse_shuffle_within_surah,322,0.28226069911793533,0.40297288467820974,plain,numbered
STAT-ending_2-numbered-verse_shuffle_within_surah,323,0.2861809866056844,0.40297288467820974,plain,numbered
STAT-ending_2-numbered-verse_shuffle_within_surah,324,0.293531525645214,0.40297288467820974,plain,numbered
STAT-ending_2-numbered-verse_shuffle_within_surah,325,0.28226069911793533,0.40297288467820974,plain,numbered
STAT-ending_2-numbered-verse_shuffle_within_surah,326,0.28552760535772626,0.40297288467820974,plain,numbered
STAT-ending_2-numbered-verse_shuffle_within_surah,327,0.2892845475334858,0.40297288467820974,plain,numbered
STAT-ending_2-numbered-verse_shuffle_within_surah,328,0.3064358052923881,0.40297288467820974,plain,numbered
STAT-ending_2-numbered-verse_shuffle_within_surah,329,0.28977458346945445,0.40297288467820974,plain,numbered
STAT-ending_2-numbered-verse_shuffle_within_surah,330,0.283077425677883,0.40297288467820974,plain,numbered
STAT-ending_2-numbered-verse_shuffle_within_surah,331,0.2799738647500817,0.40297288467820974,plain,numbered
STAT-ending_2-numbered-verse_shuffle_within_surah,332,0.2928781443972558,0.40297288467820974,plain,numbered
STAT-ending_2-numbered-verse_shuffle_within_surah,333,0.2907546553413917,0.40297288467820974,plain,numbered
STAT-ending_2-numbered-verse_shuffle_within_surah,334,0.29238810846128716,0.40297288467820974,plain,numbered
STAT-ending_2-numbered-verse_shuffle_within_surah,335,0.28814113034955896,0.40297288467820974,plain,numbered
STAT-ending_2-numbered-verse_shuffle_within_surah,336,0.28977458346945445,0.40297288467820974,plain,numbered
STAT-ending_2-numbered-verse_shuffle_within_surah,337,0.2904279647174126,0.40297288467820974,plain,numbered
STAT-ending_2-numbered-verse_shuffle_within_surah,338,0.2876510944135903,0.40297288467820974,plain,numbered
STAT-ending_2-numbered-verse_shuffle_within_surah,339,0.28781443972557985,0.40297288467820974,plain,numbered
STAT-ending_2-numbered-verse_shuffle_within_surah,340,0.2932048350212349,0.40297288467820974,plain,numbered
STAT-ending_2-numbered-verse_shuffle_within_surah,341,0.29696177719699446,0.40297288467820974,plain,numbered
STAT-ending_2-numbered-verse_shuffle_within_surah,342,0.2928781443972558,0.40297288467820974,plain,numbered
STAT-ending_2-numbered-verse_shuffle_within_surah,343,0.28487422410976804,0.40297288467820974,plain,numbered
STAT-ending_2-numbered-verse_shuffle_within_surah,344,0.2865076772296635,0.40297288467820974,plain,numbered
STAT-ending_2-numbered-verse_shuffle_within_surah,345,0.29222476314929763,0.40297288467820974,plain,numbered
STAT-ending_2-numbered-verse_shuffle_within_surah,346,0.28797778503756943,0.40297288467820974,plain,numbered
STAT-ending_2-numbered-verse_shuffle_within_surah,347,0.28977458346945445,0.40297288467820974,plain,numbered
STAT-ending_2-numbered-verse_shuffle_within_surah,348,0.2858542959817053,0.40297288467820974,plain,numbered
STAT-ending_2-numbered-verse_shuffle_within_surah,349,0.2873244037896112,0.40297288467820974,plain,numbered
STAT-ending_2-numbered-verse_shuffle_within_surah,350,0.28944789284547534,0.40297288467820974,plain,numbered
STAT-ending_2-numbered-verse_shuffle_within_surah,351,0.2832407709898726,0.40297288467820974,plain,numbered
STAT-ending_2-numbered-verse_shuffle_within_surah,352,0.27948382881411304,0.40297288467820974,plain,numbered
STAT-ending_2-numbered-verse_shuffle_within_surah,353,0.29549166938908855,0.40297288467820974,plain,numbered
STAT-ending_2-numbered-verse_shuffle_within_surah,354,0.291734727213329,0.40297288467820974,plain,numbered
STAT-ending_2-numbered-verse_shuffle_within_surah,355,0.28699771316563216,0.40297288467820974,plain,numbered
STAT-ending_2-numbered-verse_shuffle_within_surah,356,0.2976151584449526,0.40297288467820974,plain,numbered
STAT-ending_2-numbered-verse_shuffle_within_surah,357,0.2910813459653708,0.40297288467820974,plain,numbered
STAT-ending_2-numbered-verse_shuffle_within_surah,358,0.2961450506370467,0.40297288467820974,plain,numbered
STAT-ending_2-numbered-verse_shuffle_within_surah,359,0.2928781443972558,0.40297288467820974,plain,numbered
STAT-ending_2-numbered-verse_shuffle_within_surah,360,0.2847108787977785,0.40297288467820974,plain,numbered
STAT-ending_2-numbered-verse_shuffle_within_surah,361,0.2883044756615485,0.40297288467820974,plain,numbered
STAT-ending_2-numbered-verse_shuffle_within_surah,362,0.2932048350212349,0.40297288467820974,plain,numbered
STAT-ending_2-numbered-verse_shuffle_within_surah,363,0.2843841881737994,0.40297288467820974,plain,numbered
STAT-ending_2-numbered-verse_shuffle_within_surah,364,0.28912120222149623,0.40297288467820974,plain,numbered
STAT-ending_2-numbered-verse_shuffle_within_surah,365,0.29385821626919306,0.40297288467820974,plain,numbered
STAT-ending_2-numbered-verse_shuffle_within_surah,366,0.2964717412610258,0.40297288467820974,plain,numbered
STAT-ending_2-numbered-verse_shuffle_within_surah,367,0.28373080692584124,0.40297288467820974,plain,numbered
STAT-ending_2-numbered-verse_shuffle_within_surah,368,0.28977458346945445,0.40297288467820974,plain,numbered
STAT-ending_2-numbered-verse_shuffle_within_surah,369,0.28814113034955896,0.40297288467820974,plain,numbered
STAT-ending_2-numbered-verse_shuffle_within_surah,370,0.28944789284547534,0.40297288467820974,plain,numbered
STAT-ending_2-numbered-verse_shuffle_within_surah,371,0.2914080365893499,0.40297288467820974,plain,numbered
STAT-ending_2-numbered-verse_shuffle_within_surah,372,0.29549166938908855,0.40297288467820974,plain,numbered
STAT-ending_2-numbered-verse_shuffle_within_surah,373,0.2843841881737994,0.40297288467820974,plain,numbered
STAT-ending_2-numbered-verse_shuffle_within_surah,374,0.2887945115975172,0.40297288467820974,plain,numbered
STAT-ending_2-numbered-verse_shuffle_within_surah,375,0.2868343678536426,0.40297288467820974,plain,numbered
STAT-ending_2-numbered-verse_shuffle_within_surah,376,0.2873244037896112,0.40297288467820974,plain,numbered
STAT-ending_2-numbered-verse_shuffle_within_surah,377,0.2964717412610258,0.40297288467820974,plain,numbered
STAT-ending_2-numbered-verse_shuffle_within_surah,378,0.28356746161385166,0.40297288467820974,plain,numbered
STAT-ending_2-numbered-verse_shuffle_within_surah,379,0.29091800065338125,0.40297288467820974,plain,numbered
STAT-ending_2-numbered-verse_shuffle_within_surah,380,0.2843841881737994,0.40297288467820974,plain,numbered
STAT-ending_2-numbered-verse_shuffle_within_surah,381,0.29402156158118264,0.40297288467820974,plain,numbered
STAT-ending_2-numbered-verse_shuffle_within_surah,382,0.2858542959817053,0.40297288467820974,plain,numbered
STAT-ending_2-numbered-verse_shuffle_within_surah,383,0.28944789284547534,0.40297288467820974,plain,numbered
STAT-ending_2-numbered-verse_shuffle_within_surah,384,0.2829140803658935,0.40297288467820974,plain,numbered
STAT-ending_2-numbered-verse_shuffle_within_surah,385,0.2871610584776217,0.40297288467820974,plain,numbered
STAT-ending_2-numbered-verse_shuffle_within_surah,386,0.28944789284547534,0.40297288467820974,plain,numbered
STAT-ending_2-numbered-verse_shuffle_within_surah,387,0.2889578569095067,0.40297288467820974,plain,numbered
STAT-ending_2-numbered-verse_shuffle_within_surah,388,0.29091800065338125,0.40297288467820974,plain,numbered
STAT-ending_2-numbered-verse_shuffle_within_surah,389,0.2977785037569422,0.40297288467820974,plain,numbered
STAT-ending_2-numbered-verse_shuffle_within_surah,390,0.2914080365893499,0.40297288467820974,plain,numbered
STAT-ending_2-numbered-verse_shuffle_within_surah,391,0.2928781443972558,0.40297288467820974,plain,numbered
STAT-ending_2-numbered-verse_shuffle_within_surah,392,0.2889578569095067,0.40297288467820974,plain,numbered
STAT-ending_2-numbered-verse_shuffle_within_surah,393,0.2873244037896112,0.40297288467820974,plain,numbered
STAT-ending_2-numbered-verse_shuffle_within_surah,394,0.2974518131329631,0.40297288467820974,plain,numbered
STAT-ending_2-numbered-verse_shuffle_within_surah,395,0.2902646194054231,0.40297288467820974,plain,numbered
STAT-ending_2-numbered-verse_shuffle_within_surah,396,0.2925514537732767,0.40297288467820974,plain,numbered
STAT-ending_2-numbered-verse_shuffle_within_surah,397,0.29059131002940214,0.40297288467820974,plain,numbered
STAT-ending_2-numbered-verse_shuffle_within_surah,398,0.2902646194054231,0.40297288467820974,plain,numbered
STAT-ending_2-numbered-verse_shuffle_within_surah,399,0.2925514537732767,0.40297288467820974,plain,numbered
STAT-ending_2-numbered-verse_shuffle_within_surah,400,0.2892845475334858,0.40297288467820974,plain,numbered
STAT-ending_2-numbered-verse_shuffle_within_surah,401,0.2961450506370467,0.40297288467820974,plain,numbered
STAT-ending_2-numbered-verse_shuffle_within_surah,402,0.29549166938908855,0.40297288467820974,plain,numbered
STAT-ending_2-numbered-verse_shuffle_within_surah,403,0.28634433191767394,0.40297288467820974,plain,numbered
STAT-ending_2-numbered-verse_shuffle_within_surah,404,0.2868343678536426,0.40297288467820974,plain,numbered
STAT-ending_2-numbered-verse_shuffle_within_surah,405,0.289937928781444,0.40297288467820974,plain,numbered
STAT-ending_2-numbered-verse_shuffle_within_surah,406,0.28944789284547534,0.40297288467820974,plain,numbered
STAT-ending_2-numbered-verse_shuffle_within_surah,407,0.2858542959817053,0.40297288467820974,plain,numbered
STAT-ending_2-numbered-verse_shuffle_within_surah,408,0.28944789284547534,0.40297288467820974,plain,numbered
STAT-ending_2-numbered-verse_shuffle_within_surah,409,0.293531525645214,0.40297288467820974,plain,numbered
STAT-ending_2-numbered-verse_shuffle_within_surah,410,0.2892845475334858,0.40297288467820974,plain,numbered
STAT-ending_2-numbered-verse_shuffle_within_surah,411,0.29091800065338125,0.40297288467820974,plain,numbered
STAT-ending_2-numbered-verse_shuffle_within_surah,412,0.2842208428618099,0.40297288467820974,plain,numbered
STAT-ending_2-numbered-verse_shuffle_within_surah,413,0.29385821626919306,0.40297288467820974,plain,numbered
STAT-ending_2-numbered-verse_shuffle_within_surah,414,0.2876510944135903,0.40297288467820974,plain,numbered
STAT-ending_2-numbered-verse_shuffle_within_surah,415,0.2928781443972558,0.40297288467820974,plain,numbered
STAT-ending_2-numbered-verse_shuffle_within_surah,416,0.2817706631819667,0.40297288467820974,plain,numbered
STAT-ending_2-numbered-verse_shuffle_within_surah,417,0.29369487095720354,0.40297288467820974,plain,numbered
STAT-ending_2-numbered-verse_shuffle_within_surah,418,0.28356746161385166,0.40297288467820974,plain,numbered
STAT-ending_2-numbered-verse_shuffle_within_surah,419,0.2945115975171513,0.40297288467820974,plain,numbered
STAT-ending_2-numbered-verse_shuffle_within_surah,420,0.29091800065338125,0.40297288467820974,plain,numbered
STAT-ending_2-numbered-verse_shuffle_within_surah,421,0.2902646194054231,0.40297288467820974,plain,numbered
STAT-ending_2-numbered-verse_shuffle_within_surah,422,0.28340411630186213,0.40297288467820974,plain,numbered
STAT-ending_2-numbered-verse_shuffle_within_surah,423,0.2974518131329631,0.40297288467820974,plain,numbered
STAT-ending_2-numbered-verse_shuffle_within_surah,424,0.2853642600457367,0.40297288467820974,plain,numbered
STAT-ending_2-numbered-verse_shuffle_within_surah,425,0.28846782097353807,0.40297288467820974,plain,numbered
STAT-ending_2-numbered-verse_shuffle_within_surah,426,0.2901012740934335,0.40297288467820974,plain,numbered
STAT-ending_2-numbered-verse_shuffle_within_surah,427,0.2887945115975172,0.40297288467820974,plain,numbered
STAT-ending_2-numbered-verse_shuffle_within_surah,428,0.298921920940869,0.40297288467820974,plain,numbered
STAT-ending_2-numbered-verse_shuffle_within_surah,429,0.2946749428291408,0.40297288467820974,plain,numbered
STAT-ending_2-numbered-verse_shuffle_within_surah,430,0.2816073178699771,0.40297288467820974,plain,numbered
STAT-ending_2-numbered-verse_shuffle_within_surah,431,0.2873244037896112,0.40297288467820974,plain,numbered
STAT-ending_2-numbered-verse_shuffle_within_surah,432,0.28944789284547534,0.40297288467820974,plain,numbered
STAT-ending_2-numbered-verse_shuffle_within_surah,433,0.2943482522051617,0.40297288467820974,plain,numbered
STAT-ending_2-numbered-verse_shuffle_within_surah,434,0.2860176412936949,0.40297288467820974,plain,numbered
STAT-ending_2-numbered-verse_shuffle_within_surah,435,0.2876510944135903,0.40297288467820974,plain,numbered
STAT-ending_2-numbered-verse_shuffle_within_surah,436,0.2858542959817053,0.40297288467820974,plain,numbered
STAT-ending_2-numbered-verse_shuffle_within_surah,437,0.2825873897419144,0.40297288467820974,plain,numbered
STAT-ending_2-numbered-verse_shuffle_within_surah,438,0.2858542959817053,0.40297288467820974,plain,numbered
STAT-ending_2-numbered-verse_shuffle_within_surah,439,0.29532832407709897,0.40297288467820974,plain,numbered
STAT-ending_2-numbered-verse_shuffle_within_surah,440,0.2840574975498203,0.40297288467820974,plain,numbered
STAT-ending_2-numbered-verse_shuffle_within_surah,441,0.28814113034955896,0.40297288467820974,plain,numbered
STAT-ending_2-numbered-verse_shuffle_within_surah,442,0.2914080365893499,0.40297288467820974,plain,numbered
STAT-ending_2-numbered-verse_shuffle_within_surah,443,0.2804639006860503,0.40297288467820974,plain,numbered
STAT-ending_2-numbered-verse_shuffle_within_surah,444,0.28520091473374715,0.40297288467820974,plain,numbered
STAT-ending_2-numbered-verse_shuffle_within_surah,445,0.28814113034955896,0.40297288467820974,plain,numbered
STAT-ending_2-numbered-verse_shuffle_within_surah,446,0.2946749428291408,0.40297288467820974,plain,numbered
STAT-ending_2-numbered-verse_shuffle_within_surah,447,0.28846782097353807,0.40297288467820974,plain,numbered
STAT-ending_2-numbered-verse_shuffle_within_surah,448,0.2904279647174126,0.40297288467820974,plain,numbered
STAT-ending_2-numbered-verse_shuffle_within_surah,449,0.28128062724599806,0.40297288467820974,plain,numbered
STAT-ending_2-numbered-verse_shuffle_within_surah,450,0.2961450506370467,0.40297288467820974,plain,numbered
STAT-ending_2-numbered-verse_shuffle_within_surah,451,0.2871610584776217,0.40297288467820974,plain,numbered
STAT-ending_2-numbered-verse_shuffle_within_surah,452,0.28552760535772626,0.40297288467820974,plain,numbered
STAT-ending_2-numbered-verse_shuffle_within_surah,453,0.28242404442992486,0.40297288467820974,plain,numbered
STAT-ending_2-numbered-verse_shuffle_within_surah,454,0.2967984318850049,0.40297288467820974,plain,numbered
STAT-ending_2-numbered-verse_shuffle_within_surah,455,0.2842208428618099,0.40297288467820974,plain,numbered
STAT-ending_2-numbered-verse_shuffle_within_surah,456,0.29091800065338125,0.40297288467820974,plain,numbered
STAT-ending_2-numbered-verse_shuffle_within_surah,457,0.28667102254165305,0.40297288467820974,plain,numbered
STAT-ending_2-numbered-verse_shuffle_within_surah,458,0.2842208428618099,0.40297288467820974,plain,numbered
STAT-ending_2-numbered-verse_shuffle_within_surah,459,0.28373080692584124,0.40297288467820974,plain,numbered
STAT-ending_2-numbered-verse_shuffle_within_surah,460,0.29385821626919306,0.40297288467820974,plain,numbered
STAT-ending_2-numbered-verse_shuffle_within_surah,461,0.2901012740934335,0.40297288467820974,plain,numbered
STAT-ending_2-numbered-verse_shuffle_within_surah,462,0.2886311662855276,0.40297288467820974,plain,numbered
STAT-ending_2-numbered-verse_shuffle_within_surah,463,0.2865076772296635,0.40297288467820974,plain,numbered
STAT-ending_2-numbered-verse_shuffle_within_surah,464,0.2858542959817053,0.40297288467820974,plain,numbered
STAT-ending_2-numbered-verse_shuffle_within_surah,465,0.2918980725253185,0.40297288467820974,plain,numbered
STAT-ending_2-numbered-verse_shuffle_within_surah,466,0.29826853969291084,0.40297288467820974,plain,numbered
STAT-ending_2-numbered-verse_shuffle_within_surah,467,0.2868343678536426,0.40297288467820974,plain,numbered
STAT-ending_2-numbered-verse_shuffle_within_surah,468,0.2842208428618099,0.40297288467820974,plain,numbered
STAT-ending_2-numbered-verse_shuffle_within_surah,469,0.28667102254165305,0.40297288467820974,plain,numbered
STAT-ending_2-numbered-verse_shuffle_within_surah,470,0.2874877491016008,0.40297288467820974,plain,numbered
STAT-ending_2-numbered-verse_shuffle_within_surah,471,0.29696177719699446,0.40297288467820974,plain,numbered
STAT-ending_2-numbered-verse_shuffle_within_surah,472,0.29238810846128716,0.40297288467820974,plain,numbered
STAT-ending_2-numbered-verse_shuffle_within_surah,473,0.2861809866056844,0.40297288467820974,plain,numbered
STAT-ending_2-numbered-verse_shuffle_within_surah,474,0.29385821626919306,0.40297288467820974,plain,numbered
STAT-ending_2-numbered-verse_shuffle_within_surah,475,0.2883044756615485,0.40297288467820974,plain,numbered
STAT-ending_2-numbered-verse_shuffle_within_surah,476,0.28944789284547534,0.40297288467820974,plain,numbered
STAT-ending_2-numbered-verse_shuffle_within_surah,477,0.28634433191767394,0.40297288467820974,plain,numbered
STAT-ending_2-numbered-verse_shuffle_within_surah,478,0.2840574975498203,0.40297288467820974,plain,numbered
STAT-ending_2-numbered-verse_shuffle_within_surah,479,0.2904279647174126,0.40297288467820974,plain,numbered
STAT-ending_2-numbered-verse_shuffle_within_surah,480,0.28699771316563216,0.40297288467820974,plain,numbered
STAT-ending_2-numbered-verse_shuffle_within_surah,481,0.2847108787977785,0.40297288467820974,plain,numbered
STAT-ending_2-numbered-verse_shuffle_within_surah,482,0.30104540999673307,0.40297288467820974,plain,numbered
STAT-ending_2-numbered-verse_shuffle_within_surah,483,0.28095393662201895,0.40297288467820974,plain,numbered
STAT-ending_2-numbered-verse_shuffle_within_surah,484,0.29973864750081675,0.40297288467820974,plain,numbered
STAT-ending_2-numbered-verse_shuffle_within_surah,485,0.291734727213329,0.40297288467820974,plain,numbered
STAT-ending_2-numbered-verse_shuffle_within_surah,486,0.29385821626919306,0.40297288467820974,plain,numbered
STAT-ending_2-numbered-verse_shuffle_within_surah,487,0.2825873897419144,0.40297288467820974,plain,numbered
STAT-ending_2-numbered-verse_shuffle_within_surah,488,0.28912120222149623,0.40297288467820974,plain,numbered
STAT-ending_2-numbered-verse_shuffle_within_surah,489,0.28961123815746487,0.40297288467820974,plain,numbered
STAT-ending_2-numbered-verse_shuffle_within_surah,490,0.28797778503756943,0.40297288467820974,plain,numbered
STAT-ending_2-numbered-verse_shuffle_within_surah,491,0.28699771316563216,0.40297288467820974,plain,numbered
STAT-ending_2-numbered-verse_shuffle_within_surah,492,0.27964717412610257,0.40297288467820974,plain,numbered
STAT-ending_2-numbered-verse_shuffle_within_surah,493,0.29238810846128716,0.40297288467820974,plain,numbered
STAT-ending_2-numbered-verse_shuffle_within_surah,494,0.2832407709898726,0.40297288467820974,plain,numbered
STAT-ending_2-numbered-verse_shuffle_within_surah,495,0.2858542959817053,0.40297288467820974,plain,numbered
STAT-ending_2-numbered-verse_shuffle_within_surah,496,0.2871610584776217,0.40297288467820974,plain,numbered
STAT-ending_2-numbered-verse_shuffle_within_surah,497,0.2915713819013394,0.40297288467820974,plain,numbered
STAT-ending_2-numbered-verse_shuffle_within_surah,498,0.2946749428291408,0.40297288467820974,plain,numbered
STAT-ending_2-numbered-verse_shuffle_within_surah,499,0.28242404442992486,0.40297288467820974,plain,numbered
STAT-ending_2-numbered-verse_shuffle_within_surah,500,0.2933681803332244,0.40297288467820974,plain,numbered
STAT-ending_2-numbered-verse_shuffle_within_surah,501,0.28814113034955896,0.40297288467820974,plain,numbered
STAT-ending_2-numbered-verse_shuffle_within_surah,502,0.291734727213329,0.40297288467820974,plain,numbered
STAT-ending_2-numbered-verse_shuffle_within_surah,503,0.2964717412610258,0.40297288467820974,plain,numbered
STAT-ending_2-numbered-verse_shuffle_within_surah,504,0.2964717412610258,0.40297288467820974,plain,numbered
STAT-ending_2-numbered-verse_shuffle_within_surah,505,0.28356746161385166,0.40297288467820974,plain,numbered
STAT-ending_2-numbered-verse_shuffle_within_surah,506,0.28977458346945445,0.40297288467820974,plain,numbered
STAT-ending_2-numbered-verse_shuffle_within_surah,507,0.2876510944135903,0.40297288467820974,plain,numbered
STAT-ending_2-numbered-verse_shuffle_within_surah,508,0.2901012740934335,0.40297288467820974,plain,numbered
STAT-ending_2-numbered-verse_shuffle_within_surah,509,0.2829140803658935,0.40297288467820974,plain,numbered
STAT-ending_2-numbered-verse_shuffle_within_surah,510,0.2887945115975172,0.40297288467820974,plain,numbered
STAT-ending_2-numbered-verse_shuffle_within_surah,511,0.28634433191767394,0.40297288467820974,plain,numbered
STAT-ending_2-numbered-verse_shuffle_within_surah,512,0.298921920940869,0.40297288467820974,plain,numbered
STAT-ending_2-numbered-verse_shuffle_within_surah,513,0.29369487095720354,0.40297288467820974,plain,numbered
STAT-ending_2-numbered-verse_shuffle_within_surah,514,0.29271479908526626,0.40297288467820974,plain,numbered
STAT-ending_2-numbered-verse_shuffle_within_surah,515,0.2915713819013394,0.40297288467820974,plain,numbered
STAT-ending_2-numbered-verse_shuffle_within_surah,516,0.2840574975498203,0.40297288467820974,plain,numbered
STAT-ending_2-numbered-verse_shuffle_within_surah,517,0.28781443972557985,0.40297288467820974,plain,numbered
STAT-ending_2-numbered-verse_shuffle_within_surah,518,0.2871610584776217,0.40297288467820974,plain,numbered
STAT-ending_2-numbered-verse_shuffle_within_surah,519,0.284547533485789,0.40297288467820974,plain,numbered
STAT-ending_2-numbered-verse_shuffle_within_surah,520,0.27948382881411304,0.40297288467820974,plain,numbered
STAT-ending_2-numbered-verse_shuffle_within_surah,521,0.28209735380594575,0.40297288467820974,plain,numbered
STAT-ending_2-numbered-verse_shuffle_within_surah,522,0.28552760535772626,0.40297288467820974,plain,numbered
STAT-ending_2-numbered-verse_shuffle_within_surah,523,0.2902646194054231,0.40297288467820974,plain,numbered
STAT-ending_2-numbered-verse_shuffle_within_surah,524,0.28552760535772626,0.40297288467820974,plain,numbered
STAT-ending_2-numbered-verse_shuffle_within_surah,525,0.2842208428618099,0.40297288467820974,plain,numbered
STAT-ending_2-numbered-verse_shuffle_within_surah,526,0.297125122508984,0.40297288467820974,plain,numbered
STAT-ending_2-numbered-verse_shuffle_within_surah,527,0.28095393662201895,0.40297288467820974,plain,numbered
STAT-ending_2-numbered-verse_shuffle_within_surah,528,0.284547533485789,0.40297288467820974,plain,numbered
STAT-ending_2-numbered-verse_shuffle_within_surah,529,0.2977785037569422,0.40297288467820974,plain,numbered
STAT-ending_2-numbered-verse_shuffle_within_surah,530,0.2853642600457367,0.40297288467820974,plain,numbered
STAT-ending_2-numbered-verse_shuffle_within_surah,531,0.2842208428618099,0.40297288467820974,plain,numbered
STAT-ending_2-numbered-verse_shuffle_within_surah,532,0.2850375694217576,0.40297288467820974,plain,numbered
STAT-ending_2-numbered-verse_shuffle_within_surah,533,0.2902646194054231,0.40297288467820974,plain,numbered
STAT-ending_2-numbered-verse_shuffle_within_surah,534,0.28912120222149623,0.40297288467820974,plain,numbered
STAT-ending_2-numbered-verse_shuffle_within_surah,535,0.28961123815746487,0.40297288467820974,plain,numbered
STAT-ending_2-numbered-verse_shuffle_within_surah,536,0.28699771316563216,0.40297288467820974,plain,numbered
STAT-ending_2-numbered-verse_shuffle_within_surah,537,0.29059131002940214,0.40297288467820974,plain,numbered
STAT-ending_2-numbered-verse_shuffle_within_surah,538,0.28667102254165305,0.40297288467820974,plain,numbered
STAT-ending_2-numbered-verse_shuffle_within_surah,539,0.29385821626919306,0.40297288467820974,plain,numbered
STAT-ending_2-numbered-verse_shuffle_within_surah,540,0.29124469127736036,0.40297288467820974,plain,numbered
STAT-ending_2-numbered-verse_shuffle_within_surah,541,0.29059131002940214,0.40297288467820974,plain,numbered
STAT-ending_2-numbered-verse_shuffle_within_surah,542,0.28797778503756943,0.40297288467820974,plain,numbered
STAT-ending_2-numbered-verse_shuffle_within_surah,543,0.30055537406076444,0.40297288467820974,plain,numbered
STAT-ending_2-numbered-verse_shuffle_within_surah,544,0.2843841881737994,0.40297288467820974,plain,numbered
STAT-ending_2-numbered-verse_shuffle_within_surah,545,0.28944789284547534,0.40297288467820974,plain,numbered
STAT-ending_2-numbered-verse_shuffle_within_surah,546,0.2883044756615485,0.40297288467820974,plain,numbered
STAT-ending_2-numbered-verse_shuffle_within_surah,547,0.2874877491016008,0.40297288467820974,plain,numbered
STAT-ending_2-numbered-verse_shuffle_within_surah,548,0.2901012740934335,0.40297288467820974,plain,numbered
STAT-ending_2-numbered-verse_shuffle_within_surah,549,0.2750735053903953,0.40297288467820974,plain,numbered
STAT-ending_2-numbered-verse_shuffle_within_surah,550,0.28912120222149623,0.40297288467820974,plain,numbered
STAT-ending_2-numbered-verse_shuffle_within_surah,551,0.2873244037896112,0.40297288467820974,plain,numbered
STAT-ending_2-numbered-verse_shuffle_within_surah,552,0.2856909506697158,0.40297288467820974,plain,numbered
STAT-ending_2-numbered-verse_shuffle_within_surah,553,0.2883044756615485,0.40297288467820974,plain,numbered
STAT-ending_2-numbered-verse_shuffle_within_surah,554,0.2925514537732767,0.40297288467820974,plain,numbered
STAT-ending_2-numbered-verse_shuffle_within_surah,555,0.2925514537732767,0.40297288467820974,plain,numbered
STAT-ending_2-numbered-verse_shuffle_within_surah,556,0.2860176412936949,0.40297288467820974,plain,numbered
STAT-ending_2-numbered-verse_shuffle_within_surah,557,0.2876510944135903,0.40297288467820974,plain,numbered
STAT-ending_2-numbered-verse_shuffle_within_surah,558,0.2856909506697158,0.40297288467820974,plain,numbered
STAT-ending_2-numbered-verse_shuffle_within_surah,559,0.29418490689317217,0.40297288467820974,plain,numbered
STAT-ending_2-numbered-verse_shuffle_within_surah,560,0.2930414897092453,0.40297288467820974,plain,numbered
STAT-ending_2-numbered-verse_shuffle_within_surah,561,0.2865076772296635,0.40297288467820974,plain,numbered
STAT-ending_2-numbered-verse_shuffle_within_surah,562,0.28944789284547534,0.40297288467820974,plain,numbered
STAT-ending_2-numbered-verse_shuffle_within_surah,563,0.29663508657301535,0.40297288467820974,plain,numbered
STAT-ending_2-numbered-verse_shuffle_within_surah,564,0.29238810846128716,0.40297288467820974,plain,numbered
STAT-ending_2-numbered-verse_shuffle_within_surah,565,0.2858542959817053,0.40297288467820974,plain,numbered
STAT-ending_2-numbered-verse_shuffle_within_surah,566,0.29091800065338125,0.40297288467820974,plain,numbered
STAT-ending_2-numbered-verse_shuffle_within_surah,567,0.2873244037896112,0.40297288467820974,plain,numbered
STAT-ending_2-numbered-verse_shuffle_within_surah,568,0.2964717412610258,0.40297288467820974,plain,numbered
STAT-ending_2-numbered-verse_shuffle_within_surah,569,0.2876510944135903,0.40297288467820974,plain,numbered
STAT-ending_2-numbered-verse_shuffle_within_surah,570,0.2901012740934335,0.40297288467820974,plain,numbered
STAT-ending_2-numbered-verse_shuffle_within_surah,571,0.2871610584776217,0.40297288467820974,plain,numbered
STAT-ending_2-numbered-verse_shuffle_within_surah,572,0.28814113034955896,0.40297288467820974,plain,numbered
STAT-ending_2-numbered-verse_shuffle_within_surah,573,0.29206141783730805,0.40297288467820974,plain,numbered
STAT-ending_2-numbered-verse_shuffle_within_surah,574,0.2876510944135903,0.40297288467820974,plain,numbered
STAT-ending_2-numbered-verse_shuffle_within_surah,575,0.2892845475334858,0.40297288467820974,plain,numbered
STAT-ending_2-numbered-verse_shuffle_within_surah,576,0.2902646194054231,0.40297288467820974,plain,numbered
STAT-ending_2-numbered-verse_shuffle_within_surah,577,0.2874877491016008,0.40297288467820974,plain,numbered
STAT-ending_2-numbered-verse_shuffle_within_surah,578,0.28814113034955896,0.40297288467820974,plain,numbered
STAT-ending_2-numbered-verse_shuffle_within_surah,579,0.291734727213329,0.40297288467820974,plain,numbered
STAT-ending_2-numbered-verse_shuffle_within_surah,580,0.2958183600130676,0.40297288467820974,plain,numbered
STAT-ending_2-numbered-verse_shuffle_within_surah,581,0.2853642600457367,0.40297288467820974,plain,numbered
STAT-ending_2-numbered-verse_shuffle_within_surah,582,0.2901012740934335,0.40297288467820974,plain,numbered
STAT-ending_2-numbered-verse_shuffle_within_surah,583,0.29238810846128716,0.40297288467820974,plain,numbered
STAT-ending_2-numbered-verse_shuffle_within_surah,584,0.2950016334531199,0.40297288467820974,plain,numbered
STAT-ending_2-numbered-verse_shuffle_within_surah,585,0.2868343678536426,0.40297288467820974,plain,numbered
STAT-ending_2-numbered-verse_shuffle_within_surah,586,0.29532832407709897,0.40297288467820974,plain,numbered
STAT-ending_2-numbered-verse_shuffle_within_surah,587,0.2915713819013394,0.40297288467820974,plain,numbered
STAT-ending_2-numbered-verse_shuffle_within_surah,588,0.28634433191767394,0.40297288467820974,plain,numbered
STAT-ending_2-numbered-verse_shuffle_within_surah,589,0.2901012740934335,0.40297288467820974,plain,numbered
STAT-ending_2-numbered-verse_shuffle_within_surah,590,0.28912120222149623,0.40297288467820974,plain,numbered
STAT-ending_2-numbered-verse_shuffle_within_surah,591,0.2850375694217576,0.40297288467820974,plain,numbered
STAT-ending_2-numbered-verse_shuffle_within_surah,592,0.2860176412936949,0.40297288467820974,plain,numbered
STAT-ending_2-numbered-verse_shuffle_within_surah,593,0.2928781443972558,0.40297288467820974,plain,numbered
STAT-ending_2-numbered-verse_shuffle_within_surah,594,0.29532832407709897,0.40297288467820974,plain,numbered
STAT-ending_2-numbered-verse_shuffle_within_surah,595,0.2901012740934335,0.40297288467820974,plain,numbered
STAT-ending_2-numbered-verse_shuffle_within_surah,596,0.2861809866056844,0.40297288467820974,plain,numbered
STAT-ending_2-numbered-verse_shuffle_within_surah,597,0.28226069911793533,0.40297288467820974,plain,numbered
STAT-ending_2-numbered-verse_shuffle_within_surah,598,0.2892845475334858,0.40297288467820974,plain,numbered
STAT-ending_2-numbered-verse_shuffle_within_surah,599,0.30267886311662856,0.40297288467820974,plain,numbered
STAT-ending_2-numbered-verse_shuffle_within_surah,600,0.28961123815746487,0.40297288467820974,plain,numbered
STAT-ending_2-numbered-verse_shuffle_within_surah,601,0.2817706631819667,0.40297288467820974,plain,numbered
STAT-ending_2-numbered-verse_shuffle_within_surah,602,0.28846782097353807,0.40297288467820974,plain,numbered
STAT-ending_2-numbered-verse_shuffle_within_surah,603,0.28699771316563216,0.40297288467820974,plain,numbered
STAT-ending_2-numbered-verse_shuffle_within_surah,604,0.2843841881737994,0.40297288467820974,plain,numbered
STAT-ending_2-numbered-verse_shuffle_within_surah,605,0.2907546553413917,0.40297288467820974,plain,numbered
STAT-ending_2-numbered-verse_shuffle_within_surah,606,0.2876510944135903,0.40297288467820974,plain,numbered
STAT-ending_2-numbered-verse_shuffle_within_surah,607,0.2945115975171513,0.40297288467820974,plain,numbered
STAT-ending_2-numbered-verse_shuffle_within_surah,608,0.28699771316563216,0.40297288467820974,plain,numbered
STAT-ending_2-numbered-verse_shuffle_within_surah,609,0.28667102254165305,0.40297288467820974,plain,numbered
STAT-ending_2-numbered-verse_shuffle_within_surah,610,0.2858542959817053,0.40297288467820974,plain,numbered
STAT-ending_2-numbered-verse_shuffle_within_surah,611,0.2825873897419144,0.40297288467820974,plain,numbered
STAT-ending_2-numbered-verse_shuffle_within_surah,612,0.29402156158118264,0.40297288467820974,plain,numbered
STAT-ending_2-numbered-verse_shuffle_within_surah,613,0.28667102254165305,0.40297288467820974,plain,numbered
STAT-ending_2-numbered-verse_shuffle_within_surah,614,0.28487422410976804,0.40297288467820974,plain,numbered
STAT-ending_2-numbered-verse_shuffle_within_surah,615,0.2858542959817053,0.40297288467820974,plain,numbered
STAT-ending_2-numbered-verse_shuffle_within_surah,616,0.29124469127736036,0.40297288467820974,plain,numbered
STAT-ending_2-numbered-verse_shuffle_within_surah,617,0.29957530218882716,0.40297288467820974,plain,numbered
STAT-ending_2-numbered-verse_shuffle_within_surah,618,0.2868343678536426,0.40297288467820974,plain,numbered
STAT-ending_2-numbered-verse_shuffle_within_surah,619,0.29124469127736036,0.40297288467820974,plain,numbered
STAT-ending_2-numbered-verse_shuffle_within_surah,620,0.2889578569095067,0.40297288467820974,plain,numbered
STAT-ending_2-numbered-verse_shuffle_within_surah,621,0.2868343678536426,0.40297288467820974,plain,numbered
STAT-ending_2-numbered-verse_shuffle_within_surah,622,0.28389415223783077,0.40297288467820974,plain,numbered
STAT-ending_2-numbered-verse_shuffle_within_surah,623,0.284547533485789,0.40297288467820974,plain,numbered
STAT-ending_2-numbered-verse_shuffle_within_surah,624,0.28944789284547534,0.40297288467820974,plain,numbered
STAT-ending_2-numbered-verse_shuffle_within_surah,625,0.2825873897419144,0.40297288467820974,plain,numbered
STAT-ending_2-numbered-verse_shuffle_within_surah,626,0.2933681803332244,0.40297288467820974,plain,numbered
STAT-ending_2-numbered-verse_shuffle_within_surah,627,0.2910813459653708,0.40297288467820974,plain,numbered
STAT-ending_2-numbered-verse_shuffle_within_surah,628,0.2904279647174126,0.40297288467820974,plain,numbered
STAT-ending_2-numbered-verse_shuffle_within_surah,629,0.2871610584776217,0.40297288467820974,plain,numbered
STAT-ending_2-numbered-verse_shuffle_within_surah,630,0.28944789284547534,0.40297288467820974,plain,numbered
STAT-ending_2-numbered-verse_shuffle_within_surah,631,0.27768703038222803,0.40297288467820974,plain,numbered
STAT-ending_2-numbered-verse_shuffle_within_surah,632,0.2977785037569422,0.40297288467820974,plain,numbered
STAT-ending_2-numbered-verse_shuffle_within_surah,633,0.2887945115975172,0.40297288467820974,plain,numbered
STAT-ending_2-numbered-verse_shuffle_within_surah,634,0.2860176412936949,0.40297288467820974,plain,numbered
STAT-ending_2-numbered-verse_shuffle_within_surah,635,0.2840574975498203,0.40297288467820974,plain,numbered
STAT-ending_2-numbered-verse_shuffle_within_surah,636,0.2889578569095067,0.40297288467820974,plain,numbered
STAT-ending_2-numbered-verse_shuffle_within_surah,637,0.28846782097353807,0.40297288467820974,plain,numbered
STAT-ending_2-numbered-verse_shuffle_within_surah,638,0.29271479908526626,0.40297288467820974,plain,numbered
STAT-ending_2-numbered-verse_shuffle_within_surah,639,0.2860176412936949,0.40297288467820974,plain,numbered
STAT-ending_2-numbered-verse_shuffle_within_surah,640,0.2925514537732767,0.40297288467820974,plain,numbered
STAT-ending_2-numbered-verse_shuffle_within_surah,641,0.2943482522051617,0.40297288467820974,plain,numbered
STAT-ending_2-numbered-verse_shuffle_within_surah,642,0.2873244037896112,0.40297288467820974,plain,numbered
STAT-ending_2-numbered-verse_shuffle_within_surah,643,0.2858542959817053,0.40297288467820974,plain,numbered
STAT-ending_2-numbered-verse_shuffle_within_surah,644,0.2918980725253185,0.40297288467820974,plain,numbered
STAT-ending_2-numbered-verse_shuffle_within_surah,645,0.2850375694217576,0.40297288467820974,plain,numbered
STAT-ending_2-numbered-verse_shuffle_within_surah,646,0.2856909506697158,0.40297288467820974,plain,numbered
STAT-ending_2-numbered-verse_shuffle_within_surah,647,0.2873244037896112,0.40297288467820974,plain,numbered
STAT-ending_2-numbered-verse_shuffle_within_surah,648,0.28944789284547534,0.40297288467820974,plain,numbered
STAT-ending_2-numbered-verse_shuffle_within_surah,649,0.283077425677883,0.40297288467820974,plain,numbered
STAT-ending_2-numbered-verse_shuffle_within_surah,650,0.2943482522051617,0.40297288467820974,plain,numbered
STAT-ending_2-numbered-verse_shuffle_within_surah,651,0.28846782097353807,0.40297288467820974,plain,numbered
STAT-ending_2-numbered-verse_shuffle_within_surah,652,0.2910813459653708,0.40297288467820974,plain,numbered
STAT-ending_2-numbered-verse_shuffle_within_surah,653,0.2876510944135903,0.40297288467820974,plain,numbered
STAT-ending_2-numbered-verse_shuffle_within_surah,654,0.28552760535772626,0.40297288467820974,plain,numbered
STAT-ending_2-numbered-verse_shuffle_within_surah,655,0.2907546553413917,0.40297288467820974,plain,numbered
STAT-ending_2-numbered-verse_shuffle_within_surah,656,0.2945115975171513,0.40297288467820974,plain,numbered
STAT-ending_2-numbered-verse_shuffle_within_surah,657,0.29271479908526626,0.40297288467820974,plain,numbered
STAT-ending_2-numbered-verse_shuffle_within_surah,658,0.29402156158118264,0.40297288467820974,plain,numbered
STAT-ending_2-numbered-verse_shuffle_within_surah,659,0.2860176412936949,0.40297288467820974,plain,numbered
STAT-ending_2-numbered-verse_shuffle_within_surah,660,0.2803005553740608,0.40297288467820974,plain,numbered
STAT-ending_2-numbered-verse_shuffle_within_surah,661,0.2860176412936949,0.40297288467820974,plain,numbered
STAT-ending_2-numbered-verse_shuffle_within_surah,662,0.2843841881737994,0.40297288467820974,plain,numbered
STAT-ending_2-numbered-verse_shuffle_within_surah,663,0.293531525645214,0.40297288467820974,plain,numbered
STAT-ending_2-numbered-verse_shuffle_within_surah,664,0.2853642600457367,0.40297288467820974,plain,numbered
STAT-ending_2-numbered-verse_shuffle_within_surah,665,0.2843841881737994,0.40297288467820974,plain,numbered
STAT-ending_2-numbered-verse_shuffle_within_surah,666,0.2950016334531199,0.40297288467820974,plain,numbered
STAT-ending_2-numbered-verse_shuffle_within_surah,667,0.2902646194054231,0.40297288467820974,plain,numbered
STAT-ending_2-numbered-verse_shuffle_within_surah,668,0.28977458346945445,0.40297288467820974,plain,numbered
STAT-ending_2-numbered-verse_shuffle_within_surah,669,0.2868343678536426,0.40297288467820974,plain,numbered
STAT-ending_2-numbered-verse_shuffle_within_surah,670,0.28373080692584124,0.40297288467820974,plain,numbered
STAT-ending_2-numbered-verse_shuffle_within_surah,671,0.29206141783730805,0.40297288467820974,plain,numbered
STAT-ending_2-numbered-verse_shuffle_within_surah,672,0.2856909506697158,0.40297288467820974,plain,numbered
STAT-ending_2-numbered-verse_shuffle_within_surah,673,0.2902646194054231,0.40297288467820974,plain,numbered
STAT-ending_2-numbered-verse_shuffle_within_surah,674,0.29206141783730805,0.40297288467820974,plain,numbered
STAT-ending_2-numbered-verse_shuffle_within_surah,675,0.28095393662201895,0.40297288467820974,plain,numbered
STAT-ending_2-numbered-verse_shuffle_within_surah,676,0.291734727213329,0.40297288467820974,plain,numbered
STAT-ending_2-numbered-verse_shuffle_within_surah,677,0.2907546553413917,0.40297288467820974,plain,numbered
STAT-ending_2-numbered-verse_shuffle_within_surah,678,0.28667102254165305,0.40297288467820974,plain,numbered
STAT-ending_2-numbered-verse_shuffle_within_surah,679,0.2861809866056844,0.40297288467820974,plain,numbered
STAT-ending_2-numbered-verse_shuffle_within_surah,680,0.28552760535772626,0.40297288467820974,plain,numbered
STAT-ending_2-numbered-verse_shuffle_within_surah,681,0.29271479908526626,0.40297288467820974,plain,numbered
STAT-ending_2-numbered-verse_shuffle_within_surah,682,0.2915713819013394,0.40297288467820974,plain,numbered
STAT-ending_2-numbered-verse_shuffle_within_surah,683,0.2933681803332244,0.40297288467820974,plain,numbered
STAT-ending_2-numbered-verse_shuffle_within_surah,684,0.28667102254165305,0.40297288467820974,plain,numbered
STAT-ending_2-numbered-verse_shuffle_within_surah,685,0.29271479908526626,0.40297288467820974,plain,numbered
STAT-ending_2-numbered-verse_shuffle_within_surah,686,0.28634433191767394,0.40297288467820974,plain,numbered
STAT-ending_2-numbered-verse_shuffle_within_surah,687,0.2992486115648481,0.40297288467820974,plain,numbered
STAT-ending_2-numbered-verse_shuffle_within_surah,688,0.289937928781444,0.40297288467820974,plain,numbered
STAT-ending_2-numbered-verse_shuffle_within_surah,689,0.2832407709898726,0.40297288467820974,plain,numbered
STAT-ending_2-numbered-verse_shuffle_within_surah,690,0.29402156158118264,0.40297288467820974,plain,numbered
STAT-ending_2-numbered-verse_shuffle_within_surah,691,0.29369487095720354,0.40297288467820974,plain,numbered
STAT-ending_2-numbered-verse_shuffle_within_surah,692,0.29630839594903624,0.40297288467820974,plain,numbered
STAT-ending_2-numbered-verse_shuffle_within_surah,693,0.2961450506370467,0.40297288467820974,plain,numbered
STAT-ending_2-numbered-verse_shuffle_within_surah,694,0.28667102254165305,0.40297288467820974,plain,numbered
STAT-ending_2-numbered-verse_shuffle_within_surah,695,0.2945115975171513,0.40297288467820974,plain,numbered
STAT-ending_2-numbered-verse_shuffle_within_surah,696,0.2901012740934335,0.40297288467820974,plain,numbered
STAT-ending_2-numbered-verse_shuffle_within_surah,697,0.2901012740934335,0.40297288467820974,plain,numbered
STAT-ending_2-numbered-verse_shuffle_within_surah,698,0.2829140803658935,0.40297288467820974,plain,numbered
STAT-ending_2-numbered-verse_shuffle_within_surah,699,0.2889578569095067,0.40297288467820974,plain,numbered
STAT-ending_2-numbered-verse_shuffle_within_surah,700,0.2914080365893499,0.40297288467820974,plain,numbered
STAT-ending_2-numbered-verse_shuffle_within_surah,701,0.2910813459653708,0.40297288467820974,plain,numbered
STAT-ending_2-numbered-verse_shuffle_within_surah,702,0.2874877491016008,0.40297288467820974,plain,numbered
STAT-ending_2-numbered-verse_shuffle_within_surah,703,0.28373080692584124,0.40297288467820974,plain,numbered
STAT-ending_2-numbered-verse_shuffle_within_surah,704,0.28340411630186213,0.40297288467820974,plain,numbered
STAT-ending_2-numbered-verse_shuffle_within_surah,705,0.2871610584776217,0.40297288467820974,plain,numbered
STAT-ending_2-numbered-verse_shuffle_within_surah,706,0.2842208428618099,0.40297288467820974,plain,numbered
STAT-ending_2-numbered-verse_shuffle_within_surah,707,0.2865076772296635,0.40297288467820974,plain,numbered
STAT-ending_2-numbered-verse_shuffle_within_surah,708,0.291734727213329,0.40297288467820974,plain,numbered
STAT-ending_2-numbered-verse_shuffle_within_surah,709,0.2876510944135903,0.40297288467820974,plain,numbered
STAT-ending_2-numbered-verse_shuffle_within_surah,710,0.2886311662855276,0.40297288467820974,plain,numbered
STAT-ending_2-numbered-verse_shuffle_within_surah,711,0.28977458346945445,0.40297288467820974,plain,numbered
STAT-ending_2-numbered-verse_shuffle_within_surah,712,0.28275073505390397,0.40297288467820974,plain,numbered
STAT-ending_2-numbered-verse_shuffle_within_surah,713,0.28062724599803984,0.40297288467820974,plain,numbered
STAT-ending_2-numbered-verse_shuffle_within_surah,714,0.284547533485789,0.40297288467820974,plain,numbered
STAT-ending_2-numbered-verse_shuffle_within_surah,715,0.2874877491016008,0.40297288467820974,plain,numbered
STAT-ending_2-numbered-verse_shuffle_within_surah,716,0.2865076772296635,0.40297288467820974,plain,numbered
STAT-ending_2-numbered-verse_shuffle_within_surah,717,0.293531525645214,0.40297288467820974,plain,numbered
STAT-ending_2-numbered-verse_shuffle_within_surah,718,0.2925514537732767,0.40297288467820974,plain,numbered
STAT-ending_2-numbered-verse_shuffle_within_surah,719,0.2945115975171513,0.40297288467820974,plain,numbered
STAT-ending_2-numbered-verse_shuffle_within_surah,720,0.2873244037896112,0.40297288467820974,plain,numbered
STAT-ending_2-numbered-verse_shuffle_within_surah,721,0.29238810846128716,0.40297288467820974,plain,numbered
STAT-ending_2-numbered-verse_shuffle_within_surah,722,0.2907546553413917,0.40297288467820974,plain,numbered
STAT-ending_2-numbered-verse_shuffle_within_surah,723,0.28128062724599806,0.40297288467820974,plain,numbered
STAT-ending_2-numbered-verse_shuffle_within_surah,724,0.29843188500490037,0.40297288467820974,plain,numbered
STAT-ending_2-numbered-verse_shuffle_within_surah,725,0.29696177719699446,0.40297288467820974,plain,numbered
STAT-ending_2-numbered-verse_shuffle_within_surah,726,0.29124469127736036,0.40297288467820974,plain,numbered
STAT-ending_2-numbered-verse_shuffle_within_surah,727,0.2860176412936949,0.40297288467820974,plain,numbered
STAT-ending_2-numbered-verse_shuffle_within_surah,728,0.28356746161385166,0.40297288467820974,plain,numbered
STAT-ending_2-numbered-verse_shuffle_within_surah,729,0.2832407709898726,0.40297288467820974,plain,numbered
STAT-ending_2-numbered-verse_shuffle_within_surah,730,0.2933681803332244,0.40297288467820974,plain,numbered
STAT-ending_2-numbered-verse_shuffle_within_surah,731,0.2874877491016008,0.40297288467820974,plain,numbered
STAT-ending_2-numbered-verse_shuffle_within_surah,732,0.2925514537732767,0.40297288467820974,plain,numbered
STAT-ending_2-numbered-verse_shuffle_within_surah,733,0.28242404442992486,0.40297288467820974,plain,numbered
STAT-ending_2-numbered-verse_shuffle_within_surah,734,0.2959817053250572,0.40297288467820974,plain,numbered
STAT-ending_2-numbered-verse_shuffle_within_surah,735,0.2858542959817053,0.40297288467820974,plain,numbered
STAT-ending_2-numbered-verse_shuffle_within_surah,736,0.28846782097353807,0.40297288467820974,plain,numbered
STAT-ending_2-numbered-verse_shuffle_within_surah,737,0.28699771316563216,0.40297288467820974,plain,numbered
STAT-ending_2-numbered-verse_shuffle_within_surah,738,0.2914080365893499,0.40297288467820974,plain,numbered
STAT-ending_2-numbered-verse_shuffle_within_surah,739,0.29402156158118264,0.40297288467820974,plain,numbered
STAT-ending_2-numbered-verse_shuffle_within_surah,740,0.2871610584776217,0.40297288467820974,plain,numbered
STAT-ending_2-numbered-verse_shuffle_within_surah,741,0.28961123815746487,0.40297288467820974,plain,numbered
STAT-ending_2-numbered-verse_shuffle_within_surah,742,0.2889578569095067,0.40297288467820974,plain,numbered
STAT-ending_2-numbered-verse_shuffle_within_surah,743,0.29238810846128716,0.40297288467820974,plain,numbered
STAT-ending_2-numbered-verse_shuffle_within_surah,744,0.2889578569095067,0.40297288467820974,plain,numbered
STAT-ending_2-numbered-verse_shuffle_within_surah,745,0.2861809866056844,0.40297288467820974,plain,numbered
STAT-ending_2-numbered-verse_shuffle_within_surah,746,0.2914080365893499,0.40297288467820974,plain,numbered
STAT-ending_2-numbered-verse_shuffle_within_surah,747,0.2886311662855276,0.40297288467820974,plain,numbered
STAT-ending_2-numbered-verse_shuffle_within_surah,748,0.29222476314929763,0.40297288467820974,plain,numbered
STAT-ending_2-numbered-verse_shuffle_within_surah,749,0.29630839594903624,0.40297288467820974,plain,numbered
STAT-ending_2-numbered-verse_shuffle_within_surah,750,0.2889578569095067,0.40297288467820974,plain,numbered
STAT-ending_2-numbered-verse_shuffle_within_surah,751,0.29794184906893173,0.40297288467820974,plain,numbered
STAT-ending_2-numbered-verse_shuffle_within_surah,752,0.2907546553413917,0.40297288467820974,plain,numbered
STAT-ending_2-numbered-verse_shuffle_within_surah,753,0.289937928781444,0.40297288467820974,plain,numbered
STAT-ending_2-numbered-verse_shuffle_within_surah,754,0.2868343678536426,0.40297288467820974,plain,numbered
STAT-ending_2-numbered-verse_shuffle_within_surah,755,0.2850375694217576,0.40297288467820974,plain,numbered
STAT-ending_2-numbered-verse_shuffle_within_surah,756,0.2904279647174126,0.40297288467820974,plain,numbered
STAT-ending_2-numbered-verse_shuffle_within_surah,757,0.284547533485789,0.40297288467820974,plain,numbered
STAT-ending_2-numbered-verse_shuffle_within_surah,758,0.2928781443972558,0.40297288467820974,plain,numbered
STAT-ending_2-numbered-verse_shuffle_within_surah,759,0.29941195687683764,0.40297288467820974,plain,numbered
STAT-ending_2-numbered-verse_shuffle_within_surah,760,0.2950016334531199,0.40297288467820974,plain,numbered
STAT-ending_2-numbered-verse_shuffle_within_surah,761,0.29091800065338125,0.40297288467820974,plain,numbered
STAT-ending_2-numbered-verse_shuffle_within_surah,762,0.2961450506370467,0.40297288467820974,plain,numbered
STAT-ending_2-numbered-verse_shuffle_within_surah,763,0.29369487095720354,0.40297288467820974,plain,numbered
STAT-ending_2-numbered-verse_shuffle_within_surah,764,0.3013721006207122,0.40297288467820974,plain,numbered
STAT-ending_2-numbered-verse_shuffle_within_surah,765,0.2958183600130676,0.40297288467820974,plain,numbered
STAT-ending_2-numbered-verse_shuffle_within_surah,766,0.2883044756615485,0.40297288467820974,plain,numbered
STAT-ending_2-numbered-verse_shuffle_within_surah,767,0.2932048350212349,0.40297288467820974,plain,numbered
STAT-ending_2-numbered-verse_shuffle_within_surah,768,0.29369487095720354,0.40297288467820974,plain,numbered
STAT-ending_2-numbered-verse_shuffle_within_surah,769,0.2914080365893499,0.40297288467820974,plain,numbered
STAT-ending_2-numbered-verse_shuffle_within_surah,770,0.2930414897092453,0.40297288467820974,plain,numbered
STAT-ending_2-numbered-verse_shuffle_within_surah,771,0.29418490689317217,0.40297288467820974,plain,numbered
STAT-ending_2-numbered-verse_shuffle_within_surah,772,0.28977458346945445,0.40297288467820974,plain,numbered
STAT-ending_2-numbered-verse_shuffle_within_surah,773,0.29238810846128716,0.40297288467820974,plain,numbered
STAT-ending_2-numbered-verse_shuffle_within_surah,774,0.2874877491016008,0.40297288467820974,plain,numbered
STAT-ending_2-numbered-verse_shuffle_within_surah,775,0.2889578569095067,0.40297288467820974,plain,numbered
STAT-ending_2-numbered-verse_shuffle_within_surah,776,0.2915713819013394,0.40297288467820974,plain,numbered
STAT-ending_2-numbered-verse_shuffle_within_surah,777,0.3031688990525972,0.40297288467820974,plain,numbered
STAT-ending_2-numbered-verse_shuffle_within_surah,778,0.2992486115648481,0.40297288467820974,plain,numbered
STAT-ending_2-numbered-verse_shuffle_within_surah,779,0.2861809866056844,0.40297288467820974,plain,numbered
STAT-ending_2-numbered-verse_shuffle_within_surah,780,0.2901012740934335,0.40297288467820974,plain,numbered
STAT-ending_2-numbered-verse_shuffle_within_surah,781,0.29059131002940214,0.40297288467820974,plain,numbered
STAT-ending_2-numbered-verse_shuffle_within_surah,782,0.2943482522051617,0.40297288467820974,plain,numbered
STAT-ending_2-numbered-verse_shuffle_within_surah,783,0.2843841881737994,0.40297288467820974,plain,numbered
STAT-ending_2-numbered-verse_shuffle_within_surah,784,0.2814439725579876,0.40297288467820974,plain,numbered
STAT-ending_2-numbered-verse_shuffle_within_surah,785,0.2907546553413917,0.40297288467820974,plain,numbered
STAT-ending_2-numbered-verse_shuffle_within_surah,786,0.29516497876510944,0.40297288467820974,plain,numbered
STAT-ending_2-numbered-verse_shuffle_within_surah,787,0.30202548186867034,0.40297288467820974,plain,numbered
STAT-ending_2-numbered-verse_shuffle_within_surah,788,0.2861809866056844,0.40297288467820974,plain,numbered
STAT-ending_2-numbered-verse_shuffle_within_surah,789,0.289937928781444,0.40297288467820974,plain,numbered
STAT-ending_2-numbered-verse_shuffle_within_surah,790,0.2945115975171513,0.40297288467820974,plain,numbered
STAT-ending_2-numbered-verse_shuffle_within_surah,791,0.2925514537732767,0.40297288467820974,plain,numbered
STAT-ending_2-numbered-verse_shuffle_within_surah,792,0.28814113034955896,0.40297288467820974,plain,numbered
STAT-ending_2-numbered-verse_shuffle_within_surah,793,0.28340411630186213,0.40297288467820974,plain,numbered
STAT-ending_2-numbered-verse_shuffle_within_surah,794,0.2930414897092453,0.40297288467820974,plain,numbered
STAT-ending_2-numbered-verse_shuffle_within_surah,795,0.29091800065338125,0.40297288467820974,plain,numbered
STAT-ending_2-numbered-verse_shuffle_within_surah,796,0.2886311662855276,0.40297288467820974,plain,numbered
STAT-ending_2-numbered-verse_shuffle_within_surah,797,0.2928781443972558,0.40297288467820974,plain,numbered
STAT-ending_2-numbered-verse_shuffle_within_surah,798,0.28226069911793533,0.40297288467820974,plain,numbered
STAT-ending_2-numbered-verse_shuffle_within_surah,799,0.2762169225743221,0.40297288467820974,plain,numbered
STAT-ending_2-numbered-verse_shuffle_within_surah,800,0.28699771316563216,0.40297288467820974,plain,numbered
STAT-ending_2-numbered-verse_shuffle_within_surah,801,0.2933681803332244,0.40297288467820974,plain,numbered
STAT-ending_2-numbered-verse_shuffle_within_surah,802,0.2874877491016008,0.40297288467820974,plain,numbered
STAT-ending_2-numbered-verse_shuffle_within_surah,803,0.2901012740934335,0.40297288467820974,plain,numbered
STAT-ending_2-numbered-verse_shuffle_within_surah,804,0.28912120222149623,0.40297288467820974,plain,numbered
STAT-ending_2-numbered-verse_shuffle_within_surah,805,0.2860176412936949,0.40297288467820974,plain,numbered
STAT-ending_2-numbered-verse_shuffle_within_surah,806,0.29483828814113033,0.40297288467820974,plain,numbered
STAT-ending_2-numbered-verse_shuffle_within_surah,807,0.29532832407709897,0.40297288467820974,plain,numbered
STAT-ending_2-numbered-verse_shuffle_within_surah,808,0.2910813459653708,0.40297288467820974,plain,numbered
STAT-ending_2-numbered-verse_shuffle_within_surah,809,0.27670695851029076,0.40297288467820974,plain,numbered
STAT-ending_2-numbered-verse_shuffle_within_surah,810,0.2832407709898726,0.40297288467820974,plain,numbered
STAT-ending_2-numbered-verse_shuffle_within_surah,811,0.2925514537732767,0.40297288467820974,plain,numbered
STAT-ending_2-numbered-verse_shuffle_within_surah,812,0.2915713819013394,0.40297288467820974,plain,numbered
STAT-ending_2-numbered-verse_shuffle_within_surah,813,0.29222476314929763,0.40297288467820974,plain,numbered
STAT-ending_2-numbered-verse_shuffle_within_surah,814,0.2783404116301862,0.40297288467820974,plain,numbered
STAT-ending_2-numbered-verse_shuffle_within_surah,815,0.28814113034955896,0.40297288467820974,plain,numbered
STAT-ending_2-numbered-verse_shuffle_within_surah,816,0.28340411630186213,0.40297288467820974,plain,numbered
STAT-ending_2-numbered-verse_shuffle_within_surah,817,0.29059131002940214,0.40297288467820974,plain,numbered
STAT-ending_2-numbered-verse_shuffle_within_surah,818,0.2868343678536426,0.40297288467820974,plain,numbered
STAT-ending_2-numbered-verse_shuffle_within_surah,819,0.28781443972557985,0.40297288467820974,plain,numbered
STAT-ending_2-numbered-verse_shuffle_within_surah,820,0.28977458346945445,0.40297288467820974,plain,numbered
STAT-ending_2-numbered-verse_shuffle_within_surah,821,0.2950016334531199,0.40297288467820974,plain,numbered
STAT-ending_2-numbered-verse_shuffle_within_surah,822,0.28275073505390397,0.40297288467820974,plain,numbered
STAT-ending_2-numbered-verse_shuffle_within_surah,823,0.2918980725253185,0.40297288467820974,plain,numbered
STAT-ending_2-numbered-verse_shuffle_within_surah,824,0.28226069911793533,0.40297288467820974,plain,numbered
STAT-ending_2-numbered-verse_shuffle_within_surah,825,0.289937928781444,0.40297288467820974,plain,numbered
STAT-ending_2-numbered-verse_shuffle_within_surah,826,0.28944789284547534,0.40297288467820974,plain,numbered
STAT-ending_2-numbered-verse_shuffle_within_surah,827,0.2853642600457367,0.40297288467820974,plain,numbered
STAT-ending_2-numbered-verse_shuffle_within_surah,828,0.2853642600457367,0.40297288467820974,plain,numbered
STAT-ending_2-numbered-verse_shuffle_within_surah,829,0.2964717412610258,0.40297288467820974,plain,numbered
STAT-ending_2-numbered-verse_shuffle_within_surah,830,0.2889578569095067,0.40297288467820974,plain,numbered
STAT-ending_2-numbered-verse_shuffle_within_surah,831,0.28552760535772626,0.40297288467820974,plain,numbered
STAT-ending_2-numbered-verse_shuffle_within_surah,832,0.27981051943809215,0.40297288467820974,plain,numbered
STAT-ending_2-numbered-verse_shuffle_within_surah,833,0.284547533485789,0.40297288467820974,plain,numbered
STAT-ending_2-numbered-verse_shuffle_within_surah,834,0.28520091473374715,0.40297288467820974,plain,numbered
STAT-ending_2-numbered-verse_shuffle_within_surah,835,0.28520091473374715,0.40297288467820974,plain,numbered
STAT-ending_2-numbered-verse_shuffle_within_surah,836,0.2856909506697158,0.40297288467820974,plain,numbered
STAT-ending_2-numbered-verse_shuffle_within_surah,837,0.28356746161385166,0.40297288467820974,plain,numbered
STAT-ending_2-numbered-verse_shuffle_within_surah,838,0.28814113034955896,0.40297288467820974,plain,numbered
STAT-ending_2-numbered-verse_shuffle_within_surah,839,0.29059131002940214,0.40297288467820974,plain,numbered
STAT-ending_2-numbered-verse_shuffle_within_surah,840,0.2816073178699771,0.40297288467820974,plain,numbered
STAT-ending_2-numbered-verse_shuffle_within_surah,841,0.28487422410976804,0.40297288467820974,plain,numbered
STAT-ending_2-numbered-verse_shuffle_within_surah,842,0.2918980725253185,0.40297288467820974,plain,numbered
STAT-ending_2-numbered-verse_shuffle_within_surah,843,0.2876510944135903,0.40297288467820974,plain,numbered
STAT-ending_2-numbered-verse_shuffle_within_surah,844,0.2915713819013394,0.40297288467820974,plain,numbered
STAT-ending_2-numbered-verse_shuffle_within_surah,845,0.2858542959817053,0.40297288467820974,plain,numbered
STAT-ending_2-numbered-verse_shuffle_within_surah,846,0.2825873897419144,0.40297288467820974,plain,numbered
STAT-ending_2-numbered-verse_shuffle_within_surah,847,0.28520091473374715,0.40297288467820974,plain,numbered
STAT-ending_2-numbered-verse_shuffle_within_surah,848,0.2928781443972558,0.40297288467820974,plain,numbered
STAT-ending_2-numbered-verse_shuffle_within_surah,849,0.28389415223783077,0.40297288467820974,plain,numbered
STAT-ending_2-numbered-verse_shuffle_within_surah,850,0.2825873897419144,0.40297288467820974,plain,numbered
STAT-ending_2-numbered-verse_shuffle_within_surah,851,0.28095393662201895,0.40297288467820974,plain,numbered
STAT-ending_2-numbered-verse_shuffle_within_surah,852,0.29483828814113033,0.40297288467820974,plain,numbered
STAT-ending_2-numbered-verse_shuffle_within_surah,853,0.2901012740934335,0.40297288467820974,plain,numbered
STAT-ending_2-numbered-verse_shuffle_within_surah,854,0.29369487095720354,0.40297288467820974,plain,numbered
STAT-ending_2-numbered-verse_shuffle_within_surah,855,0.2860176412936949,0.40297288467820974,plain,numbered
STAT-ending_2-numbered-verse_shuffle_within_surah,856,0.28667102254165305,0.40297288467820974,plain,numbered
STAT-ending_2-numbered-verse_shuffle_within_surah,857,0.2873244037896112,0.40297288467820974,plain,numbered
STAT-ending_2-numbered-verse_shuffle_within_surah,858,0.2861809866056844,0.40297288467820974,plain,numbered
STAT-ending_2-numbered-verse_shuffle_within_surah,859,0.2904279647174126,0.40297288467820974,plain,numbered
STAT-ending_2-numbered-verse_shuffle_within_surah,860,0.28634433191767394,0.40297288467820974,plain,numbered
STAT-ending_2-numbered-verse_shuffle_within_surah,861,0.2876510944135903,0.40297288467820974,plain,numbered
STAT-ending_2-numbered-verse_shuffle_within_surah,862,0.28846782097353807,0.40297288467820974,plain,numbered
STAT-ending_2-numbered-verse_shuffle_within_surah,863,0.2972884678209735,0.40297288467820974,plain,numbered
STAT-ending_2-numbered-verse_shuffle_within_surah,864,0.2976151584449526,0.40297288467820974,plain,numbered
STAT-ending_2-numbered-verse_shuffle_within_surah,865,0.28552760535772626,0.40297288467820974,plain,numbered
STAT-ending_2-numbered-verse_shuffle_within_surah,866,0.2914080365893499,0.40297288467820974,plain,numbered
STAT-ending_2-numbered-verse_shuffle_within_surah,867,0.2861809866056844,0.40297288467820974,plain,numbered
STAT-ending_2-numbered-verse_shuffle_within_surah,868,0.2871610584776217,0.40297288467820974,plain,numbered
STAT-ending_2-numbered-verse_shuffle_within_surah,869,0.28634433191767394,0.40297288467820974,plain,numbered
STAT-ending_2-numbered-verse_shuffle_within_surah,870,0.2967984318850049,0.40297288467820974,plain,numbered
STAT-ending_2-numbered-verse_shuffle_within_surah,871,0.2943482522051617,0.40297288467820974,plain,numbered
STAT-ending_2-numbered-verse_shuffle_within_surah,872,0.2925514537732767,0.40297288467820974,plain,numbered
STAT-ending_2-numbered-verse_shuffle_within_surah,873,0.29516497876510944,0.40297288467820974,plain,numbered
STAT-ending_2-numbered-verse_shuffle_within_surah,874,0.284547533485789,0.40297288467820974,plain,numbered
STAT-ending_2-numbered-verse_shuffle_within_surah,875,0.28552760535772626,0.40297288467820974,plain,numbered
STAT-ending_2-numbered-verse_shuffle_within_surah,876,0.2819340084939562,0.40297288467820974,plain,numbered
STAT-ending_2-numbered-verse_shuffle_within_surah,877,0.29206141783730805,0.40297288467820974,plain,numbered
STAT-ending_2-numbered-verse_shuffle_within_surah,878,0.289937928781444,0.40297288467820974,plain,numbered
STAT-ending_2-numbered-verse_shuffle_within_surah,879,0.28487422410976804,0.40297288467820974,plain,numbered
STAT-ending_2-numbered-verse_shuffle_within_surah,880,0.27801372100620714,0.40297288467820974,plain,numbered
STAT-ending_2-numbered-verse_shuffle_within_surah,881,0.2868343678536426,0.40297288467820974,plain,numbered
STAT-ending_2-numbered-verse_shuffle_within_surah,882,0.28814113034955896,0.40297288467820974,plain,numbered
STAT-ending_2-numbered-verse_shuffle_within_surah,883,0.3003920287487749,0.40297288467820974,plain,numbered
STAT-ending_2-numbered-verse_shuffle_within_surah,884,0.2964717412610258,0.40297288467820974,plain,numbered
STAT-ending_2-numbered-verse_shuffle_within_surah,885,0.2907546553413917,0.40297288467820974,plain,numbered
STAT-ending_2-numbered-verse_shuffle_within_surah,886,0.2873244037896112,0.40297288467820974,plain,numbered
STAT-ending_2-numbered-verse_shuffle_within_surah,887,0.2945115975171513,0.40297288467820974,plain,numbered
STAT-ending_2-numbered-verse_shuffle_within_surah,888,0.2889578569095067,0.40297288467820974,plain,numbered
STAT-ending_2-numbered-verse_shuffle_within_surah,889,0.2876510944135903,0.40297288467820974,plain,numbered
STAT-ending_2-numbered-verse_shuffle_within_surah,890,0.2840574975498203,0.40297288467820974,plain,numbered
STAT-ending_2-numbered-verse_shuffle_within_surah,891,0.2886311662855276,0.40297288467820974,plain,numbered
STAT-ending_2-numbered-verse_shuffle_within_surah,892,0.2987585756288795,0.40297288467820974,plain,numbered
STAT-ending_2-numbered-verse_shuffle_within_surah,893,0.2868343678536426,0.40297288467820974,plain,numbered
STAT-ending_2-numbered-verse_shuffle_within_surah,894,0.2946749428291408,0.40297288467820974,plain,numbered
STAT-ending_2-numbered-verse_shuffle_within_surah,895,0.2925514537732767,0.40297288467820974,plain,numbered
STAT-ending_2-numbered-verse_shuffle_within_surah,896,0.2856909506697158,0.40297288467820974,plain,numbered
STAT-ending_2-numbered-verse_shuffle_within_surah,897,0.2914080365893499,0.40297288467820974,plain,numbered
STAT-ending_2-numbered-verse_shuffle_within_surah,898,0.28961123815746487,0.40297288467820974,plain,numbered
STAT-ending_2-numbered-verse_shuffle_within_surah,899,0.2977785037569422,0.40297288467820974,plain,numbered
STAT-ending_2-numbered-verse_shuffle_within_surah,900,0.28699771316563216,0.40297288467820974,plain,numbered
STAT-ending_2-numbered-verse_shuffle_within_surah,901,0.2914080365893499,0.40297288467820974,plain,numbered
STAT-ending_2-numbered-verse_shuffle_within_surah,902,0.2871610584776217,0.40297288467820974,plain,numbered
STAT-ending_2-numbered-verse_shuffle_within_surah,903,0.2817706631819667,0.40297288467820974,plain,numbered
STAT-ending_2-numbered-verse_shuffle_within_surah,904,0.2825873897419144,0.40297288467820974,plain,numbered
STAT-ending_2-numbered-verse_shuffle_within_surah,905,0.2842208428618099,0.40297288467820974,plain,numbered
STAT-ending_2-numbered-verse_shuffle_within_surah,906,0.29059131002940214,0.40297288467820974,plain,numbered
STAT-ending_2-numbered-verse_shuffle_within_surah,907,0.29059131002940214,0.40297288467820974,plain,numbered
STAT-ending_2-numbered-verse_shuffle_within_surah,908,0.2860176412936949,0.40297288467820974,plain,numbered
STAT-ending_2-numbered-verse_shuffle_within_surah,909,0.28520091473374715,0.40297288467820974,plain,numbered
STAT-ending_2-numbered-verse_shuffle_within_surah,910,0.2883044756615485,0.40297288467820974,plain,numbered
STAT-ending_2-numbered-verse_shuffle_within_surah,911,0.2887945115975172,0.40297288467820974,plain,numbered
STAT-ending_2-numbered-verse_shuffle_within_surah,912,0.2873244037896112,0.40297288467820974,plain,numbered
STAT-ending_2-numbered-verse_shuffle_within_surah,913,0.28242404442992486,0.40297288467820974,plain,numbered
STAT-ending_2-numbered-verse_shuffle_within_surah,914,0.28961123815746487,0.40297288467820974,plain,numbered
STAT-ending_2-numbered-verse_shuffle_within_surah,915,0.28912120222149623,0.40297288467820974,plain,numbered
STAT-ending_2-numbered-verse_shuffle_within_surah,916,0.29124469127736036,0.40297288467820974,plain,numbered
STAT-ending_2-numbered-verse_shuffle_within_surah,917,0.29957530218882716,0.40297288467820974,plain,numbered
STAT-ending_2-numbered-verse_shuffle_within_surah,918,0.28242404442992486,0.40297288467820974,plain,numbered
STAT-ending_2-numbered-verse_shuffle_within_surah,919,0.2865076772296635,0.40297288467820974,plain,numbered
STAT-ending_2-numbered-verse_shuffle_within_surah,920,0.28912120222149623,0.40297288467820974,plain,numbered
STAT-ending_2-numbered-verse_shuffle_within_surah,921,0.291734727213329,0.40297288467820974,plain,numbered
STAT-ending_2-numbered-verse_shuffle_within_surah,922,0.2886311662855276,0.40297288467820974,plain,numbered
STAT-ending_2-numbered-verse_shuffle_within_surah,923,0.29826853969291084,0.40297288467820974,plain,numbered
STAT-ending_2-numbered-verse_shuffle_within_surah,924,0.28340411630186213,0.40297288467820974,plain,numbered
STAT-ending_2-numbered-verse_shuffle_within_surah,925,0.2873244037896112,0.40297288467820974,plain,numbered
STAT-ending_2-numbered-verse_shuffle_within_surah,926,0.2876510944135903,0.40297288467820974,plain,numbered
STAT-ending_2-numbered-verse_shuffle_within_surah,927,0.28634433191767394,0.40297288467820974,plain,numbered
STAT-ending_2-numbered-verse_shuffle_within_surah,928,0.28977458346945445,0.40297288467820974,plain,numbered
STAT-ending_2-numbered-verse_shuffle_within_surah,929,0.28552760535772626,0.40297288467820974,plain,numbered
STAT-ending_2-numbered-verse_shuffle_within_surah,930,0.2819340084939562,0.40297288467820974,plain,numbered
STAT-ending_2-numbered-verse_shuffle_within_surah,931,0.28814113034955896,0.40297288467820974,plain,numbered
STAT-ending_2-numbered-verse_shuffle_within_surah,932,0.29059131002940214,0.40297288467820974,plain,numbered
STAT-ending_2-numbered-verse_shuffle_within_surah,933,0.293531525645214,0.40297288467820974,plain,numbered
STAT-ending_2-numbered-verse_shuffle_within_surah,934,0.2887945115975172,0.40297288467820974,plain,numbered
STAT-ending_2-numbered-verse_shuffle_within_surah,935,0.289937928781444,0.40297288467820974,plain,numbered
STAT-ending_2-numbered-verse_shuffle_within_surah,936,0.2901012740934335,0.40297288467820974,plain,numbered
STAT-ending_2-numbered-verse_shuffle_within_surah,937,0.28667102254165305,0.40297288467820974,plain,numbered
STAT-ending_2-numbered-verse_shuffle_within_surah,938,0.29532832407709897,0.40297288467820974,plain,numbered
STAT-ending_2-numbered-verse_shuffle_within_surah,939,0.28814113034955896,0.40297288467820974,plain,numbered
STAT-ending_2-numbered-verse_shuffle_within_surah,940,0.2886311662855276,0.40297288467820974,plain,numbered
STAT-ending_2-numbered-verse_shuffle_within_surah,941,0.2873244037896112,0.40297288467820974,plain,numbered
STAT-ending_2-numbered-verse_shuffle_within_surah,942,0.29238810846128716,0.40297288467820974,plain,numbered
STAT-ending_2-numbered-verse_shuffle_within_surah,943,0.29271479908526626,0.40297288467820974,plain,numbered
STAT-ending_2-numbered-verse_shuffle_within_surah,944,0.28961123815746487,0.40297288467820974,plain,numbered
STAT-ending_2-numbered-verse_shuffle_within_surah,945,0.2873244037896112,0.40297288467820974,plain,numbered
STAT-ending_2-numbered-verse_shuffle_within_surah,946,0.2958183600130676,0.40297288467820974,plain,numbered
STAT-ending_2-numbered-verse_shuffle_within_surah,947,0.2902646194054231,0.40297288467820974,plain,numbered
STAT-ending_2-numbered-verse_shuffle_within_surah,948,0.2868343678536426,0.40297288467820974,plain,numbered
STAT-ending_2-numbered-verse_shuffle_within_surah,949,0.29091800065338125,0.40297288467820974,plain,numbered
STAT-ending_2-numbered-verse_shuffle_within_surah,950,0.29238810846128716,0.40297288467820974,plain,numbered
STAT-ending_2-numbered-verse_shuffle_within_surah,951,0.2928781443972558,0.40297288467820974,plain,numbered
STAT-ending_2-numbered-verse_shuffle_within_surah,952,0.28487422410976804,0.40297288467820974,plain,numbered
STAT-ending_2-numbered-verse_shuffle_within_surah,953,0.3031688990525972,0.40297288467820974,plain,numbered
STAT-ending_2-numbered-verse_shuffle_within_surah,954,0.28944789284547534,0.40297288467820974,plain,numbered
STAT-ending_2-numbered-verse_shuffle_within_surah,955,0.2930414897092453,0.40297288467820974,plain,numbered
STAT-ending_2-numbered-verse_shuffle_within_surah,956,0.28552760535772626,0.40297288467820974,plain,numbered
STAT-ending_2-numbered-verse_shuffle_within_surah,957,0.28944789284547534,0.40297288467820974,plain,numbered
STAT-ending_2-numbered-verse_shuffle_within_surah,958,0.293531525645214,0.40297288467820974,plain,numbered
STAT-ending_2-numbered-verse_shuffle_within_surah,959,0.27981051943809215,0.40297288467820974,plain,numbered
STAT-ending_2-numbered-verse_shuffle_within_surah,960,0.2832407709898726,0.40297288467820974,plain,numbered
STAT-ending_2-numbered-verse_shuffle_within_surah,961,0.2987585756288795,0.40297288467820974,plain,numbered
STAT-ending_2-numbered-verse_shuffle_within_surah,962,0.28781443972557985,0.40297288467820974,plain,numbered
STAT-ending_2-numbered-verse_shuffle_within_surah,963,0.2967984318850049,0.40297288467820974,plain,numbered
STAT-ending_2-numbered-verse_shuffle_within_surah,964,0.29516497876510944,0.40297288467820974,plain,numbered
STAT-ending_2-numbered-verse_shuffle_within_surah,965,0.29222476314929763,0.40297288467820974,plain,numbered
STAT-ending_2-numbered-verse_shuffle_within_surah,966,0.28373080692584124,0.40297288467820974,plain,numbered
STAT-ending_2-numbered-verse_shuffle_within_surah,967,0.28389415223783077,0.40297288467820974,plain,numbered
STAT-ending_2-numbered-verse_shuffle_within_surah,968,0.28944789284547534,0.40297288467820974,plain,numbered
STAT-ending_2-numbered-verse_shuffle_within_surah,969,0.28961123815746487,0.40297288467820974,plain,numbered
STAT-ending_2-numbered-verse_shuffle_within_surah,970,0.28128062724599806,0.40297288467820974,plain,numbered
STAT-ending_2-numbered-verse_shuffle_within_surah,971,0.28275073505390397,0.40297288467820974,plain,numbered
STAT-ending_2-numbered-verse_shuffle_within_surah,972,0.29369487095720354,0.40297288467820974,plain,numbered
STAT-ending_2-numbered-verse_shuffle_within_surah,973,0.28944789284547534,0.40297288467820974,plain,numbered
STAT-ending_2-numbered-verse_shuffle_within_surah,974,0.2902646194054231,0.40297288467820974,plain,numbered
STAT-ending_2-numbered-verse_shuffle_within_surah,975,0.28340411630186213,0.40297288467820974,plain,numbered
STAT-ending_2-numbered-verse_shuffle_within_surah,976,0.29271479908526626,0.40297288467820974,plain,numbered
STAT-ending_2-numbered-verse_shuffle_within_surah,977,0.284547533485789,0.40297288467820974,plain,numbered
STAT-ending_2-numbered-verse_shuffle_within_surah,978,0.2850375694217576,0.40297288467820974,plain,numbered
STAT-ending_2-numbered-verse_shuffle_within_surah,979,0.2874877491016008,0.40297288467820974,plain,numbered
STAT-ending_2-numbered-verse_shuffle_within_surah,980,0.28356746161385166,0.40297288467820974,plain,numbered
STAT-ending_2-numbered-verse_shuffle_within_surah,981,0.29516497876510944,0.40297288467820974,plain,numbered
STAT-ending_2-numbered-verse_shuffle_within_surah,982,0.2915713819013394,0.40297288467820974,plain,numbered
STAT-ending_2-numbered-verse_shuffle_within_surah,983,0.2850375694217576,0.40297288467820974,plain,numbered
STAT-ending_2-numbered-verse_shuffle_within_surah,984,0.293531525645214,0.40297288467820974,plain,numbered
STAT-ending_2-numbered-verse_shuffle_within_surah,985,0.2901012740934335,0.40297288467820974,plain,numbered
STAT-ending_2-numbered-verse_shuffle_within_surah,986,0.28699771316563216,0.40297288467820974,plain,numbered
STAT-ending_2-numbered-verse_shuffle_within_surah,987,0.2930414897092453,0.40297288467820974,plain,numbered
STAT-ending_2-numbered-verse_shuffle_within_surah,988,0.2945115975171513,0.40297288467820974,plain,numbered
STAT-ending_2-numbered-verse_shuffle_within_surah,989,0.29908526625285853,0.40297288467820974,plain,numbered
STAT-ending_2-numbered-verse_shuffle_within_surah,990,0.2868343678536426,0.40297288467820974,plain,numbered
STAT-ending_2-numbered-verse_shuffle_within_surah,991,0.28797778503756943,0.40297288467820974,plain,numbered
STAT-ending_2-numbered-verse_shuffle_within_surah,992,0.28373080692584124,0.40297288467820974,plain,numbered
STAT-ending_2-numbered-verse_shuffle_within_surah,993,0.2977785037569422,0.40297288467820974,plain,numbered
STAT-ending_2-numbered-verse_shuffle_within_surah,994,0.29385821626919306,0.40297288467820974,plain,numbered
STAT-ending_2-numbered-verse_shuffle_within_surah,995,0.2907546553413917,0.40297288467820974,plain,numbered
STAT-ending_2-numbered-verse_shuffle_within_surah,996,0.28209735380594575,0.40297288467820974,plain,numbered
STAT-ending_2-numbered-verse_shuffle_within_surah,997,0.29238810846128716,0.40297288467820974,plain,numbered
STAT-ending_2-numbered-verse_shuffle_within_surah,998,0.28242404442992486,0.40297288467820974,plain,numbered
STAT-ending_2-numbered-verse_shuffle_within_surah,999,0.2799738647500817,0.40297288467820974,plain,numbered
