surah_a,surah_b,cosine,shared_types,tokens_a,tokens_b,adjacent,profile_id,scope
2,3,0.7558569347146307,619,6145,3505,1,plain,file
2,5,0.7110621634442436,549,6145,2841,0,plain,file
3,5,0.6959432891396604,444,3505,2841,0,plain,file
2,4,0.6637904165969247,578,6145,3767,0,plain,file
6,10,0.651938798037004,381,3060,1843,0,plain,file
2,10,0.6498364109006085,385,6145,1843,0,plain,file
2,16,0.6458643384601875,409,6145,1848,0,plain,file
2,9,0.6416645603819834,413,6145,2505,0,plain,file
3,9,0.6404978013493502,358,3505,2505,0,plain,file
2,7,0.6387181626147725,554,6145,3345,0,plain,file
2,6,0.6362093985608224,493,6145,3060,0,plain,file
3,4,0.6356024419201333,431,3505,3767,1,plain,file
3,16,0.6307607551934242,323,3505,1848,0,plain,file
7,10,0.6287008417343984,399,3345,1843,0,plain,file
3,10,0.6258548024771236,327,3505,1843,0,plain,file
4,33,0.6169549721428217,264,3767,1307,0,plain,file
4,5,0.6105644106664035,399,3767,2841,1,plain,file
3,6,0.6039573119544887,402,3505,3060,0,plain,file
10,16,0.6021765915871803,278,1843,1848,0,plain,file
6,7,0.6011651779103261,462,3060,3345,1,plain,file
2,22,0.599640782742839,316,6145,1283,0,plain,file
5,9,0.5987021310571254,327,2841,2505,0,plain,file
3,22,0.5976203002966085,269,3505,1283,0,plain,file
3,8,0.5963563539414103,292,3505,1247,0,plain,file
6,16,0.5902065130490554,352,3060,1848,0,plain,file
7,28,0.5895372754577443,295,3345,1442,0,plain,file
4,9,0.5832910690407227,319,3767,2505,0,plain,file
2,8,0.5807638494619622,298,6145,1247,0,plain,file
7,11,0.5792091604702552,373,3345,1950,0,plain,file
3,7,0.5780484298580126,405,3505,3345,0,plain,file
2,24,0.5744026372125021,297,6145,1323,0,plain,file
8,9,0.573487490447555,208,1247,2505,1,plain,file
3,29,0.5733928623033799,250,3505,982,0,plain,file
2,29,0.5720981787188206,298,6145,982,0,plain,file
3,39,0.568654505357347,262,3505,1181,0,plain,file
10,39,0.5676820812125366,251,1843,1181,0,plain,file
5,16,0.5670485513501765,303,2841,1848,0,plain,file
5,10,0.5665017362590788,295,2841,1843,0,plain,file
5,7,0.5657878435314074,382,2841,3345,0,plain,file
2,39,0.565143187736698,290,6145,1181,0,plain,file
5,6,0.5619234194066114,377,2841,3060,1,plain,file
10,40,0.5615298004392352,243,1843,1230,0,plain,file
16,39,0.560693166325571,253,1848,1181,0,plain,file
3,40,0.5586693964697346,278,3505,1230,0,plain,file
5,22,0.5578454612300784,252,2841,1283,0,plain,file
2,42,0.5557486973191642,226,6145,864,0,plain,file
10,28,0.5546193056821955,240,1843,1442,0,plain,file
6,39,0.5531934256776883,300,3060,1181,0,plain,file
3,42,0.5523824106484667,204,3505,864,0,plain,file
10,29,0.5517816234488387,224,1843,982,0,plain,file
2,40,0.5515786688414915,297,6145,1230,0,plain,file
3,24,0.5508280904690295,252,3505,1323,0,plain,file
5,8,0.5483526496219223,233,2841,1247,0,plain,file
2,28,0.547847276301619,311,6145,1442,0,plain,file
7,16,0.5471373433119001,338,3345,1848,0,plain,file
2,11,0.5458376252074867,357,6145,1950,0,plain,file
4,22,0.5426971897715421,231,3767,1283,0,plain,file
9,16,0.542222967135716,240,2505,1848,0,plain,file
10,11,0.5401589543018338,277,1843,1950,1,plain,file
16,29,0.5393937206907603,239,1848,982,0,plain,file
16,22,0.538197254458159,213,1848,1283,0,plain,file
7,29,0.5374321350404939,280,3345,982,0,plain,file
10,30,0.5373494720274811,195,1843,821,0,plain,file
10,22,0.5357845400384702,193,1843,1283,0,plain,file
6,11,0.5347235118451248,326,3060,1950,0,plain,file
4,16,0.5345738284310155,313,3767,1848,0,plain,file
7,40,0.5332116045590396,273,3345,1230,0,plain,file
9,24,0.5300149893517384,205,2505,1323,0,plain,file
4,10,0.5284797183621863,275,3767,1843,0,plain,file
5,24,0.5277237362687008,242,2841,1323,0,plain,file
4,8,0.5269925998408408,233,3767,1247,0,plain,file
3,11,0.524283610665629,313,3505,1950,0,plain,file
4,24,0.5237952731659745,243,3767,1323,0,plain,file
6,29,0.5232640262427332,260,3060,982,0,plain,file
2,35,0.5225487806251851,224,6145,782,0,plain,file
16,30,0.5222138964438627,196,1848,821,0,plain,file
4,6,0.5220825076404018,390,3767,3060,0,plain,file
10,34,0.5218534283913246,212,1843,888,0,plain,file
9,10,0.5216686167621442,236,2505,1843,1,plain,file
3,35,0.5202149940682987,185,3505,782,0,plain,file
2,14,0.5192483385721754,238,6145,834,0,plain,file
3,14,0.5190635694361947,208,3505,834,0,plain,file
6,34,0.5186489876164463,223,3060,888,0,plain,file
7,20,0.5185955829223486,280,3345,1357,0,plain,file
9,22,0.5173321752759221,187,2505,1283,0,plain,file
3,28,0.517142463809406,253,3505,1442,0,plain,file
10,42,0.5141791080744866,174,1843,864,0,plain,file
16,40,0.5141464250491449,228,1848,1230,0,plain,file
2,30,0.5110148113710193,236,6145,821,0,plain,file
5,39,0.5109310969622103,225,2841,1181,0,plain,file
5,29,0.5105180348768045,228,2841,982,0,plain,file
6,9,0.5095785531476098,277,3060,2505,0,plain,file
3,13,0.508155999327485,202,3505,858,0,plain,file
6,42,0.5076109592870054,199,3060,864,0,plain,file
8,22,0.50747257652242,182,1247,1283,0,plain,file
6,28,0.5066544171429406,271,3060,1442,0,plain,file
22,42,0.5064867336108753,156,1283,864,0,plain,file
22,39,0.5064284344854039,167,1283,1181,0,plain,file
6,40,0.5063067934669304,269,3060,1230,0,plain,file
16,42,0.5059269637477398,164,1848,864,0,plain,file
22,40,0.5058624767633509,174,1283,1230,0,plain,file
2,33,0.5057410985282114,255,6145,1307,0,plain,file
10,46,0.5056985350938399,190,1843,649,0,plain,file
7,26,0.5056258280324206,291,3345,1324,0,plain,file
9,33,0.5055667835117729,192,2505,1307,0,plain,file
7,27,0.505344149709953,274,3345,1163,0,plain,file
20,28,0.5053222340761975,198,1357,1442,0,plain,file
3,33,0.5046763112145093,208,3505,1307,0,plain,file
2,13,0.5046615906817143,234,6145,858,0,plain,file
22,31,0.5029680206471315,145,1283,554,0,plain,file
5,11,0.5028464809927308,288,2841,1950,0,plain,file
29,39,0.5017821727900156,198,982,1181,0,plain,file
3,30,0.5008229284679275,192,3505,821,0,plain,file
10,35,0.4999282812907774,167,1843,782,0,plain,file
39,40,0.4992966872336791,199,1181,1230,1,plain,file
7,46,0.49901600371594784,213,3345,649,0,plain,file
3,57,0.4983041397920269,192,3505,579,0,plain,file
6,22,0.4982662990043017,246,3060,1283,0,plain,file
5,40,0.4961867487267721,228,2841,1230,0,plain,file
6,46,0.49481190551451615,212,3060,649,0,plain,file
22,29,0.49473651055552015,157,1283,982,0,plain,file
7,39,0.49445645134771854,270,3345,1181,0,plain,file
39,42,0.49357779217371867,153,1181,864,0,plain,file
2,46,0.4930115159513089,205,6145,649,0,plain,file
10,13,0.49245469578373524,184,1843,858,0,plain,file
5,42,0.4915259637681183,182,2841,864,0,plain,file
6,13,0.49140225415844435,210,3060,858,0,plain,file
11,16,0.4911633230373116,245,1950,1848,0,plain,file
29,40,0.4903244991945684,167,982,1230,0,plain,file
7,12,0.4899943682969825,293,3345,1799,0,plain,file
4,29,0.48981954544706957,219,3767,982,0,plain,file
10,27,0.48974221908898646,226,1843,1163,0,plain,file
11,28,0.4893353874705514,222,1950,1442,0,plain,file
16,45,0.48872612546829375,156,1848,492,0,plain,file
3,46,0.4883319989358251,192,3505,649,0,plain,file
7,21,0.4860616260105026,272,3345,1178,0,plain,file
3,59,0.4849549220852794,144,3505,451,0,plain,file
4,7,0.48445248925736434,370,3767,3345,0,plain,file
13,39,0.4842353355273888,173,858,1181,0,plain,file
29,42,0.48396562725749365,135,982,864,0,plain,file
5,33,0.48387397708064694,195,2841,1307,0,plain,file
2,34,0.48340628104115785,239,6145,888,0,plain,file
22,35,0.4827104400255478,159,1283,782,0,plain,file
9,39,0.4825660330510274,205,2505,1181,0,plain,file
10,45,0.482521959498608,158,1843,492,0,plain,file
29,30,0.4825120039694355,150,982,821,1,plain,file
16,24,0.4819430902261148,196,1848,1323,0,plain,file
11,29,0.48162303609407703,231,1950,982,0,plain,file
10,14,0.481500742235286,177,1843,834,0,plain,file
9,58,0.4810289199864911,135,2505,479,0,plain,file
2,31,0.4807172604865294,181,6145,554,0,plain,file
4,39,0.4802568122157323,227,3767,1181,0,plain,file
4,42,0.47952474805658213,187,3767,864,0,plain,file
16,35,0.47943814530559864,187,1848,782,0,plain,file
11,40,0.4791585021400717,206,1950,1230,0,plain,file
7,9,0.47765720748705875,305,3345,2505,0,plain,file
9,29,0.47684293282064033,199,2505,982,0,plain,file
3,45,0.4764498057217824,159,3505,492,0,plain,file
13,42,0.47601796716832,130,858,864,0,plain,file
16,28,0.47594900634135173,218,1848,1442,0,plain,file
2,58,0.47584843350025813,165,6145,479,0,plain,file
13,16,0.4750978400235316,187,858,1848,0,plain,file
4,35,0.4749313827335891,186,3767,782,0,plain,file
35,42,0.4748237570369086,130,782,864,0,plain,file
2,45,0.47433158008371423,189,6145,492,0,plain,file
30,42,0.47412722523449613,127,821,864,0,plain,file
14,40,0.47290477833393857,163,834,1230,0,plain,file
5,28,0.47232345677107374,241,2841,1442,0,plain,file
2,57,0.4717834430858165,203,6145,579,0,plain,file
28,40,0.47132257342575296,180,1442,1230,0,plain,file
4,40,0.47121803872981266,234,3767,1230,0,plain,file
3,31,0.4711692587077021,156,3505,554,0,plain,file
3,34,0.47115175639221,200,3505,888,0,plain,file
2,59,0.4707489292591914,158,6145,451,0,plain,file
27,28,0.4705125184836249,218,1163,1442,1,plain,file
14,22,0.47050647003067103,149,834,1283,0,plain,file
4,48,0.47040820435276437,169,3767,564,0,plain,file
7,34,0.47023590284255934,232,3345,888,0,plain,file
30,40,0.4693072847124137,158,821,1230,0,plain,file
7,23,0.46890967889227364,258,3345,1056,0,plain,file
28,29,0.46879515428306306,186,1442,982,1,plain,file
6,30,0.4681509835306684,208,3060,821,0,plain,file
14,16,0.4678155352030868,175,834,1848,0,plain,file
2,41,0.4660202676442198,243,6145,798,0,plain,file
10,41,0.46596036774779614,191,1843,798,0,plain,file
30,39,0.4658143801376079,153,821,1181,0,plain,file
2,27,0.46353450139489066,268,6145,1163,0,plain,file
8,33,0.46337308095301144,136,1247,1307,0,plain,file
8,16,0.4632469669830916,176,1247,1848,0,plain,file
22,30,0.46233272908277173,133,1283,821,0,plain,file
8,24,0.46168696750253346,158,1247,1323,0,plain,file
8,10,0.46109729942234534,176,1247,1843,0,plain,file
7,42,0.46042692057972806,188,3345,864,0,plain,file
3,58,0.45973449104061975,145,3505,479,0,plain,file
40,42,0.4595067153208701,150,1230,864,0,plain,file
2,12,0.4592207461548593,304,6145,1799,0,plain,file
7,22,0.4592012478405485,230,3345,1283,0,plain,file
6,41,0.4587656789401923,228,3060,798,0,plain,file
5,58,0.4585453448939734,147,2841,479,0,plain,file
5,14,0.4584259369148249,184,2841,834,0,plain,file
6,35,0.45678707565015775,199,3060,782,0,plain,file
7,30,0.4561347652985271,204,3345,821,0,plain,file
7,18,0.4554172885253582,283,3345,1587,0,plain,file
5,13,0.4550436881667842,175,2841,858,0,plain,file
13,40,0.4549608630796199,177,858,1230,0,plain,file
9,40,0.4548537009747574,188,2505,1230,0,plain,file
34,42,0.45331664358819795,142,888,864,0,plain,file
6,27,0.45320752386566265,249,3060,1163,0,plain,file
7,14,0.4528815544004478,205,3345,834,0,plain,file
5,46,0.45267484552808385,185,2841,649,0,plain,file
7,43,0.4523492226207386,250,3345,840,0,plain,file
3,41,0.45193483612109075,206,3505,798,0,plain,file
5,35,0.45182071169395327,167,2841,782,0,plain,file
2,20,0.4514528003040655,262,6145,1357,0,plain,file
11,26,0.450985072242858,196,1950,1324,0,plain,file
13,29,0.45046057893177244,150,858,982,0,plain,file
22,24,0.4502560023956945,159,1283,1323,0,plain,file
14,42,0.4497342512242692,124,834,864,0,plain,file
13,22,0.4496045680404704,153,858,1283,0,plain,file
6,21,0.44957003037111615,261,3060,1178,0,plain,file
14,39,0.44932121507752054,157,834,1181,0,plain,file
6,45,0.44926412773442215,169,3060,492,0,plain,file
6,23,0.4489327305267403,245,3060,1056,0,plain,file
5,59,0.44878441448693396,144,2841,451,0,plain,file
4,58,0.4485317737101313,150,3767,479,0,plain,file
2,23,0.4483624978455537,264,6145,1056,0,plain,file
35,40,0.44818871101655094,163,782,1230,0,plain,file
11,39,0.4480452540295558,223,1950,1181,0,plain,file
29,35,0.4479664224801337,133,982,782,0,plain,file
11,42,0.44778905244417844,178,1950,864,0,plain,file
10,23,0.44758117336672776,210,1843,1056,0,plain,file
6,8,0.44752057002756385,219,3060,1247,0,plain,file
33,48,0.44740905205116643,142,1307,564,0,plain,file
10,24,0.44737440904001025,175,1843,1323,0,plain,file
10,21,0.4472606699686118,211,1843,1178,0,plain,file
10,31,0.4465661472328338,141,1843,554,0,plain,file
2,21,0.4456979265949737,268,6145,1178,0,plain,file
4,11,0.44560267627712313,265,3767,1950,0,plain,file
29,34,0.4452368855744625,158,982,888,0,plain,file
16,41,0.4452293177350083,186,1848,798,0,plain,file
12,28,0.4451366173198115,213,1799,1442,0,plain,file
6,24,0.4439848066818843,208,3060,1323,0,plain,file
9,42,0.44383411826921654,141,2505,864,0,plain,file
9,59,0.4437036294904958,137,2505,451,0,plain,file
9,49,0.443219771739176,90,2505,357,0,plain,file
28,46,0.44292480867494854,155,1442,649,0,plain,file
16,34,0.44276706041896596,168,1848,888,0,plain,file
11,46,0.44275893448661074,177,1950,649,0,plain,file
4,14,0.44191641716179003,172,3767,834,0,plain,file
11,22,0.44175232040068446,183,1950,1283,0,plain,file
3,27,0.44171087590553654,224,3505,1163,0,plain,file
8,40,0.4414602206731937,149,1247,1230,0,plain,file
5,57,0.44134303172492817,174,2841,579,0,plain,file
14,29,0.44090263490008574,141,834,982,0,plain,file
2,18,0.4407257569999,291,6145,1587,0,plain,file
7,41,0.4393346152637393,225,3345,798,0,plain,file
35,39,0.43861430499047205,157,782,1181,0,plain,file
6,14,0.4382075891474352,191,3060,834,0,plain,file
16,46,0.43787174829627373,151,1848,649,0,plain,file
5,30,0.4376787832365028,170,2841,821,0,plain,file
6,17,0.4373581297348687,291,3060,1562,0,plain,file
3,47,0.435842826552263,151,3505,546,0,plain,file
39,45,0.43567912475119097,134,1181,492,0,plain,file
14,35,0.4342491518977048,136,834,782,0,plain,file
7,15,0.43415877097014216,192,3345,661,0,plain,file
2,49,0.4340834018268716,118,6145,357,0,plain,file
3,49,0.43397989874677756,104,3505,357,0,plain,file
4,17,0.4334896723498193,298,3767,1562,0,plain,file
9,35,0.4331742547259172,141,2505,782,0,plain,file
6,18,0.43207665211150953,286,3060,1587,0,plain,file
28,39,0.4317827521114554,176,1442,1181,0,plain,file
26,28,0.43172137320616605,156,1324,1442,0,plain,file
13,35,0.43123083246803223,145,858,782,0,plain,file
4,30,0.43070249627723245,169,3767,821,0,plain,file
30,35,0.42954071288780865,121,821,782,0,plain,file
10,17,0.42932960706511925,236,1843,1562,0,plain,file
11,12,0.42924876863005224,236,1950,1799,1,plain,file
5,49,0.42902558427883786,103,2841,357,0,plain,file
22,33,0.4289840661173498,130,1283,1307,0,plain,file
29,46,0.4289138957301903,144,982,649,0,plain,file
28,42,0.428668083411028,132,1442,864,0,plain,file
5,31,0.42863090453498587,141,2841,554,0,plain,file
34,39,0.4279287905459782,153,888,1181,0,plain,file
4,31,0.4277859457017528,137,3767,554,0,plain,file
9,11,0.4277483142198553,231,2505,1950,0,plain,file
4,13,0.42684294969405034,172,3767,858,0,plain,file
34,41,0.42678525365350267,150,888,798,0,plain,file
8,49,0.42673173609878096,87,1247,357,0,plain,file
2,17,0.4267303298642696,319,6145,1562,0,plain,file
16,27,0.4264125700999337,199,1848,1163,0,plain,file
3,12,0.42622233153005357,267,3505,1799,0,plain,file
6,12,0.42616313081299,288,3060,1799,0,plain,file
11,34,0.426095236160971,174,1950,888,0,plain,file
10,26,0.4258650113727927,198,1843,1324,0,plain,file
10,12,0.4254065309513367,232,1843,1799,0,plain,file
10,20,0.42447021695886494,197,1843,1357,0,plain,file
11,27,0.42423608482014685,205,1950,1163,0,plain,file
5,61,0.42405694417566725,97,2841,230,0,plain,file
4,28,0.42361847227473953,229,3767,1442,0,plain,file
7,36,0.42358447734874627,209,3345,734,0,plain,file
9,57,0.4234952434573555,149,2505,579,0,plain,file
7,13,0.4234253102693101,197,3345,858,0,plain,file
39,46,0.4231052248834172,149,1181,649,0,plain,file
30,45,0.4218888300531252,114,821,492,0,plain,file
21,28,0.4215238595291021,179,1178,1442,0,plain,file
24,33,0.42143551966253345,151,1323,1307,0,plain,file
3,21,0.42139889302041483,225,3505,1178,0,plain,file
11,14,0.4213864508141729,175,1950,834,0,plain,file
22,57,0.4212784686956286,134,1283,579,0,plain,file
8,39,0.42115451732481174,144,1247,1181,0,plain,file
7,35,0.42071472824311545,181,3345,782,0,plain,file
13,30,0.420648678095232,129,858,821,0,plain,file
16,21,0.42054792642623756,189,1848,1178,0,plain,file
34,46,0.4202458409469836,129,888,649,0,plain,file
29,45,0.41940205012388937,123,982,492,0,plain,file
34,40,0.4193955773900501,150,888,1230,0,plain,file
2,26,0.4193158249058718,234,6145,1324,0,plain,file
8,29,0.4188718531375644,141,1247,982,0,plain,file
28,34,0.41851210937687566,157,1442,888,0,plain,file
7,8,0.4180954213178019,221,3345,1247,1,plain,file
27,29,0.4180053273567666,177,1163,982,0,plain,file
40,46,0.4177975758178058,139,1230,649,0,plain,file
16,31,0.4174394767978995,134,1848,554,0,plain,file
8,58,0.41730016832134265,107,1247,479,0,plain,file
18,28,0.4172359764722471,206,1587,1442,0,plain,file
11,20,0.4170544715350969,188,1950,1357,0,plain,file
16,23,0.4169885612256072,206,1848,1056,0,plain,file
10,33,0.41603628269373055,144,1843,1307,0,plain,file
5,34,0.41587851033252626,194,2841,888,0,plain,file
5,45,0.41496582964259376,140,2841,492,0,plain,file
2,47,0.41473525870087175,168,6145,546,0,plain,file
29,31,0.4139811251555559,127,982,554,0,plain,file
24,42,0.4139027497397695,124,1323,864,0,plain,file
10,18,0.41378097942179487,216,1843,1587,0,plain,file
6,43,0.4137133592707506,245,3060,840,0,plain,file
7,17,0.41340108858298447,282,3345,1562,0,plain,file
10,43,0.4129067566047149,200,1843,840,0,plain,file
22,45,0.41290539475506366,110,1283,492,0,plain,file
24,58,0.41279870272501284,111,1323,479,0,plain,file
11,41,0.4127834385922997,196,1950,798,0,plain,file
31,39,0.4121777886449432,122,554,1181,0,plain,file
13,34,0.41201868272036957,130,858,888,0,plain,file
7,24,0.41165723433002865,222,3345,1323,0,plain,file
28,30,0.4116392543242139,147,1442,821,0,plain,file
9,31,0.4114152464548899,115,2505,554,0,plain,file
5,27,0.41100005891630104,220,2841,1163,0,plain,file
13,14,0.4109760472181743,136,858,834,1,plain,file
16,57,0.410520199920348,134,1848,579,0,plain,file
14,30,0.40956161019169546,116,834,821,0,plain,file
9,47,0.40955081036305113,119,2505,546,0,plain,file
42,45,0.40943425150065943,101,864,492,0,plain,file
11,35,0.4089531170014275,145,1950,782,0,plain,file
9,13,0.40892012788304277,147,2505,858,0,plain,file
2,60,0.40880605518052593,134,6145,356,0,plain,file
9,30,0.4084689182638617,150,2505,821,0,plain,file
27,30,0.40844430605919146,144,1163,821,0,plain,file
11,23,0.40839693856329445,219,1950,1056,0,plain,file
22,28,0.40837353308084823,145,1283,1442,0,plain,file
6,31,0.40825737805270496,140,3060,554,0,plain,file
24,39,0.40825619545274566,148,1323,1181,0,plain,file
9,14,0.4078828608702771,142,2505,834,0,plain,file
2,43,0.40760098874479433,262,6145,840,0,plain,file
41,42,0.40753756738024344,127,798,864,1,plain,file
14,28,0.4070604240934138,128,834,1442,0,plain,file
22,34,0.4069458114540841,149,1283,888,0,plain,file
21,29,0.4063119171323834,169,1178,982,0,plain,file
9,48,0.4062322157354088,150,2505,564,0,plain,file
16,59,0.4062210706920917,105,1848,451,0,plain,file
29,41,0.40616727278238074,149,982,798,0,plain,file
15,26,0.4056679807535958,147,661,1324,0,plain,file
31,35,0.4055696669595161,117,554,782,0,plain,file
28,41,0.40552355400605417,169,1442,798,0,plain,file
7,45,0.40483141231133757,171,3345,492,0,plain,file
21,34,0.40480792461519166,156,1178,888,0,plain,file
9,28,0.4044872954530946,193,2505,1442,0,plain,file
10,36,0.4043365613564609,175,1843,734,0,plain,file
20,26,0.4043157927002603,152,1357,1324,0,plain,file
21,36,0.4042869530636668,157,1178,734,0,plain,file
31,42,0.4038018601056693,102,554,864,0,plain,file
2,36,0.4037292456665879,215,6145,734,0,plain,file
40,41,0.40358900637050205,152,1230,798,1,plain,file
5,12,0.4035615187988666,244,2841,1799,0,plain,file
30,41,0.40341501690341586,123,821,798,0,plain,file
5,60,0.40335182290514393,127,2841,356,0,plain,file
3,23,0.4033127794288715,220,3505,1056,0,plain,file
18,20,0.4030177531963651,197,1587,1357,0,plain,file
4,57,0.40229564250138283,157,3767,579,0,plain,file
42,57,0.40228883111126224,97,864,579,0,plain,file
8,42,0.40227436868823985,123,1247,864,0,plain,file
11,43,0.4020112696826428,206,1950,840,0,plain,file
3,61,0.4020020832207301,99,3505,230,0,plain,file
22,58,0.40192332259442726,104,1283,479,0,plain,file
3,18,0.40187057443769497,236,3505,1587,0,plain,file
3,26,0.4012359532782303,201,3505,1324,0,plain,file
16,33,0.4009891440859995,141,1848,1307,0,plain,file
4,59,0.4007437338234156,128,3767,451,0,plain,file
40,45,0.4004941590531889,129,1230,492,0,plain,file
6,20,0.4003823344510138,221,3060,1357,0,plain,file
8,59,0.40034639736882394,101,1247,451,0,plain,file
30,34,0.39997222558565854,125,821,888,0,plain,file
11,18,0.39997144429270975,220,1950,1587,0,plain,file
28,35,0.3998507958748565,129,1442,782,0,plain,file
24,29,0.39979237140014967,146,1323,982,0,plain,file
39,41,0.39928120768283787,164,1181,798,0,plain,file
41,46,0.3990084232546576,133,798,649,0,plain,file
6,36,0.3987669909151019,203,3060,734,0,plain,file
11,21,0.39827208574419465,198,1950,1178,0,plain,file
21,23,0.3979728745274251,175,1178,1056,0,plain,file
10,59,0.39789869064579036,108,1843,451,0,plain,file
10,32,0.39788800709521527,134,1843,376,0,plain,file
34,35,0.39767872694050255,126,888,782,1,plain,file
13,28,0.3972699152290827,136,858,1442,0,plain,file
5,18,0.39648527295933467,241,2841,1587,0,plain,file
27,40,0.39598233996005266,164,1163,1230,0,plain,file
6,26,0.39553956909194243,215,3060,1324,0,plain,file
12,27,0.39545166987462227,187,1799,1163,0,plain,file
6,33,0.39525507699835183,173,3060,1307,0,plain,file
5,41,0.3951066976879253,191,2841,798,0,plain,file
21,27,0.39478000175124867,166,1178,1163,0,plain,file
5,47,0.39473090100575575,129,2841,546,0,plain,file
39,59,0.3946911119110613,104,1181,451,0,plain,file
26,37,0.3946480673288901,165,1324,869,0,plain,file
22,59,0.3944696575907224,95,1283,451,0,plain,file
10,57,0.39388509816054945,134,1843,579,0,plain,file
4,49,0.3936803159449864,99,3767,357,0,plain,file
11,15,0.3927717815750659,155,1950,661,0,plain,file
8,47,0.3924385742943027,107,1247,546,0,plain,file
22,41,0.3924188960895806,153,1283,798,0,plain,file
8,11,0.3922084558352553,184,1247,1950,0,plain,file
4,46,0.3920579880568617,162,3767,649,0,plain,file
16,36,0.39195594288345076,168,1848,734,0,plain,file
22,46,0.39133491768804285,119,1283,649,0,plain,file
8,35,0.3910324039724834,115,1247,782,0,plain,file
42,46,0.3908955888230805,109,864,649,0,plain,file
3,62,0.39084820981746576,93,3505,181,0,plain,file
14,34,0.39080117502613376,133,834,888,0,plain,file
3,17,0.390411686362852,250,3505,1562,0,plain,file
3,60,0.3903303765020822,121,3505,356,0,plain,file
9,46,0.3897544765206891,138,2505,649,0,plain,file
31,40,0.38967556268871745,115,554,1230,0,plain,file
17,28,0.38935049430966223,204,1562,1442,0,plain,file
23,28,0.3893476168711144,178,1056,1442,0,plain,file
28,43,0.3889322960612552,179,1442,840,0,plain,file
12,20,0.3889277369062917,171,1799,1357,0,plain,file
12,40,0.38779171327122264,186,1799,1230,0,plain,file
40,59,0.3877166857168921,91,1230,451,0,plain,file
6,59,0.3871413695845515,134,3060,451,0,plain,file
8,14,0.38692579078174055,121,1247,834,0,plain,file
27,34,0.3862650348229981,158,1163,888,0,plain,file
27,39,0.38625614438005357,164,1163,1181,0,plain,file
12,26,0.3862301955478731,165,1799,1324,0,plain,file
23,43,0.38518993208745145,174,1056,840,0,plain,file
3,20,0.3850695356552457,207,3505,1357,0,plain,file
5,20,0.3840278807086723,198,2841,1357,0,plain,file
9,45,0.383687346759577,125,2505,492,0,plain,file
22,47,0.3836258408606295,111,1283,546,0,plain,file
33,39,0.38361643354781,126,1307,1181,0,plain,file
12,16,0.3833955853030875,223,1799,1848,0,plain,file
2,61,0.3828013186738544,97,6145,230,0,plain,file
29,33,0.38271325872134165,125,982,1307,0,plain,file
4,47,0.38183098237268875,145,3767,546,0,plain,file
27,46,0.3814951356037287,137,1163,649,0,plain,file
9,61,0.38126338798603526,90,2505,230,0,plain,file
4,34,0.3807216216079833,184,3767,888,0,plain,file
17,25,0.3805341391507191,206,1562,900,0,plain,file
24,35,0.38052616431602954,121,1323,782,0,plain,file
9,41,0.3802685093693764,160,2505,798,0,plain,file
16,58,0.3802424325394559,111,1848,479,0,plain,file
13,41,0.38010808262692725,135,858,798,0,plain,file
17,34,0.38009134047187126,175,1562,888,0,plain,file
4,18,0.38000486815073575,257,3767,1587,0,plain,file
11,45,0.37992909587441287,136,1950,492,0,plain,file
7,59,0.37958518478805814,128,3345,451,0,plain,file
24,40,0.3791396007563531,140,1323,1230,0,plain,file
21,46,0.37910069193386287,128,1178,649,0,plain,file
2,15,0.3789866098067108,177,6145,661,0,plain,file
26,27,0.3789724960111619,150,1324,1163,1,plain,file
21,39,0.37853251177216,165,1178,1181,0,plain,file
33,35,0.378500478306562,110,1307,782,0,plain,file
8,57,0.3784599674815827,121,1247,579,0,plain,file
29,57,0.37806706327752604,112,982,579,0,plain,file
7,31,0.37776315600168986,148,3345,554,0,plain,file
23,29,0.3771988906779955,162,1056,982,0,plain,file
5,23,0.3771312485585656,202,2841,1056,0,plain,file
21,43,0.3770728212312038,174,1178,840,0,plain,file
8,31,0.37702107406386803,99,1247,554,0,plain,file
11,13,0.3769144060976932,159,1950,858,0,plain,file
11,36,0.3767968338859886,161,1950,734,0,plain,file
15,28,0.37645506661760675,123,661,1442,0,plain,file
14,31,0.37566427152447246,100,834,554,0,plain,file
24,57,0.3754839032332595,121,1323,579,0,plain,file
26,29,0.3754173051445593,151,1324,982,0,plain,file
4,60,0.3752484267233967,123,3767,356,0,plain,file
12,29,0.37513967149417266,175,1799,982,0,plain,file
13,46,0.375085596940685,108,858,649,0,plain,file
3,36,0.37507378083817544,174,3505,734,0,plain,file
13,24,0.37498364085525104,124,858,1323,0,plain,file
7,32,0.37483498281163763,152,3345,376,0,plain,file
9,34,0.37471720256359314,152,2505,888,0,plain,file
7,19,0.37434840911492895,200,3345,975,0,plain,file
45,46,0.3741821468862838,101,492,649,1,plain,file
7,33,0.37410334270722423,182,3345,1307,0,plain,file
19,28,0.37392663141562144,154,975,1442,0,plain,file
16,43,0.37386765607433753,199,1848,840,0,plain,file
23,27,0.373781826860357,164,1056,1163,0,plain,file
11,17,0.37367067895096556,199,1950,1562,0,plain,file
39,57,0.3735835052466779,117,1181,579,0,plain,file
9,60,0.37329231158791754,101,2505,356,0,plain,file
29,59,0.37316564499618216,94,982,451,0,plain,file
33,40,0.37312401941450674,118,1307,1230,0,plain,file
24,49,0.37269182380776006,81,1323,357,0,plain,file
33,49,0.3726626289640911,70,1307,357,0,plain,file
31,45,0.37194794433863465,97,554,492,0,plain,file
23,40,0.37183038340574504,164,1056,1230,0,plain,file
6,57,0.3717119196311371,154,3060,579,0,plain,file
4,45,0.37115353284338093,135,3767,492,0,plain,file
35,57,0.37114165163991475,107,782,579,0,plain,file
4,27,0.37111974191007346,197,3767,1163,0,plain,file
3,48,0.37104283423654344,142,3505,564,0,plain,file
12,21,0.37085664138496643,194,1799,1178,0,plain,file
11,24,0.37083326080321133,163,1950,1323,0,plain,file
14,46,0.3706475958154431,109,834,649,0,plain,file
35,46,0.3703321968004349,104,782,649,0,plain,file
11,31,0.3701839424540665,133,1950,554,0,plain,file
11,30,0.36991244504100457,139,1950,821,0,plain,file
23,39,0.36982049656401733,162,1056,1181,0,plain,file
24,30,0.3697558464249042,128,1323,821,0,plain,file
40,57,0.3695749067847797,120,1230,579,0,plain,file
33,58,0.3691590791236732,85,1307,479,0,plain,file
5,21,0.36915054028522915,201,2841,1178,0,plain,file
3,43,0.36900333741353214,227,3505,840,0,plain,file
5,26,0.36860170154691924,197,2841,1324,0,plain,file
42,59,0.3684816684977026,75,864,451,0,plain,file
3,64,0.368423559640748,110,3505,246,0,plain,file
8,13,0.36817737936328293,112,1247,858,0,plain,file
30,31,0.3680813384661727,92,821,554,1,plain,file
6,32,0.36794639569879833,146,3060,376,0,plain,file
34,45,0.36784997630763283,110,888,492,0,plain,file
23,34,0.3675948334799462,148,1056,888,0,plain,file
4,41,0.3669911607995139,174,3767,798,0,plain,file
20,27,0.3669652319588526,146,1357,1163,0,plain,file
2,62,0.3668210997203857,95,6145,181,0,plain,file
7,37,0.36659824213440895,190,3345,869,0,plain,file
17,18,0.36601905135841944,241,1562,1587,1,plain,file
14,24,0.3659774894245541,119,834,1323,0,plain,file
6,15,0.3655639544313699,165,3060,661,0,plain,file
3,19,0.36543967899247737,206,3505,975,0,plain,file
24,31,0.3654169189562044,111,1323,554,0,plain,file
5,48,0.36535419558736637,150,2841,564,0,plain,file
9,27,0.36530290523288855,161,2505,1163,0,plain,file
16,47,0.3652556181155248,124,1848,546,0,plain,file
21,30,0.3649185886161457,127,1178,821,0,plain,file
28,36,0.36466406445348576,131,1442,734,0,plain,file
24,59,0.3644884783725029,104,1323,451,0,plain,file
29,43,0.3644630212633893,166,982,840,0,plain,file
18,34,0.36403076740807866,161,1587,888,0,plain,file
22,27,0.36398720728035705,138,1283,1163,0,plain,file
30,46,0.3638146693427793,108,821,649,0,plain,file
16,17,0.36370010204565617,214,1848,1562,1,plain,file
6,25,0.3635535881313348,208,3060,900,0,plain,file
21,40,0.36351970524902594,146,1178,1230,0,plain,file
4,65,0.36348226432436775,102,3767,293,0,plain,file
16,32,0.3634482551868861,120,1848,376,0,plain,file
27,43,0.3630757459562053,158,1163,840,0,plain,file
10,15,0.3630303737955201,142,1843,661,0,plain,file
4,25,0.36199922236401916,205,3767,900,0,plain,file
35,41,0.36171184463814243,114,782,798,0,plain,file
39,58,0.3610281604978369,95,1181,479,0,plain,file
20,40,0.3609792054951801,162,1357,1230,0,plain,file
2,32,0.36046228191780955,156,6145,376,0,plain,file
32,39,0.3601832163459735,119,376,1181,0,plain,file
16,18,0.35975424033420317,202,1848,1587,0,plain,file
16,26,0.3595985281310698,164,1848,1324,0,plain,file
21,41,0.3594423062821458,147,1178,798,0,plain,file
14,41,0.3591570951776485,132,834,798,0,plain,file
13,31,0.35912957237179877,103,858,554,0,plain,file
35,45,0.35906785664337776,99,782,492,0,plain,file
17,35,0.35876797770413515,148,1562,782,0,plain,file
12,18,0.35868017334596614,183,1799,1587,0,plain,file
2,48,0.3581795309682388,156,6145,564,0,plain,file
10,58,0.3580836680543397,108,1843,479,0,plain,file
6,58,0.3580107405782587,133,3060,479,0,plain,file
21,42,0.3578401053530451,114,1178,864,0,plain,file
28,45,0.35776852462647374,123,1442,492,0,plain,file
7,38,0.3577132095545621,174,3345,739,0,plain,file
3,32,0.3576434395278737,141,3505,376,0,plain,file
11,33,0.3576152821491324,147,1950,1307,0,plain,file
33,42,0.357409503854674,101,1307,864,0,plain,file
14,27,0.35646193395719494,128,834,1163,0,plain,file
8,30,0.35643434480508274,122,1247,821,0,plain,file
15,29,0.35641538617200325,124,661,982,0,plain,file
13,45,0.3560255362411553,100,858,492,0,plain,file
2,65,0.35479224864021713,120,6145,293,0,plain,file
10,25,0.35472425030649374,183,1843,900,0,plain,file
12,46,0.35467994993880947,149,1799,649,0,plain,file
2,19,0.35444867575112377,225,6145,975,0,plain,file
18,39,0.3533989798917171,181,1587,1181,0,plain,file
3,15,0.35288818123326643,150,3505,661,0,plain,file
24,28,0.35285499878351145,139,1323,1442,0,plain,file
2,25,0.35268931759422567,242,6145,900,0,plain,file
12,15,0.3522847065851295,136,1799,661,0,plain,file
26,40,0.352223786170228,147,1324,1230,0,plain,file
27,41,0.3520724042800995,152,1163,798,0,plain,file
14,45,0.35206029049818083,94,834,492,0,plain,file
7,57,0.35187576886560024,159,3345,579,0,plain,file
33,59,0.3510762538423026,90,1307,451,0,plain,file
27,36,0.3509562688079868,129,1163,734,0,plain,file
5,62,0.3507774249259467,83,2841,181,0,plain,file
18,29,0.35068033503168405,173,1587,982,0,plain,file
49,58,0.35035244448151054,59,357,479,0,plain,file
14,33,0.35032750781982325,104,834,1307,0,plain,file
5,36,0.3502970905396856,167,2841,734,0,plain,file
17,29,0.35006533398729867,178,1562,982,0,plain,file
18,21,0.34982466902852866,175,1587,1178,0,plain,file
30,57,0.34909096042719967,89,821,579,0,plain,file
36,43,0.3488656596885124,144,734,840,0,plain,file
29,36,0.34885761308580654,128,982,734,0,plain,file
14,59,0.34877852299539325,84,834,451,0,plain,file
15,20,0.34871317143621466,115,661,1357,0,plain,file
34,43,0.3487084609987441,140,888,840,0,plain,file
21,38,0.34862118820374344,136,1178,739,0,plain,file
23,42,0.3484084902923347,127,1056,864,0,plain,file
27,42,0.34830711553392724,119,1163,864,0,plain,file
12,34,0.3480260685523693,153,1799,888,0,plain,file
10,37,0.34771510709162007,163,1843,869,0,plain,file
40,43,0.34770984429812046,160,1230,840,0,plain,file
20,21,0.3470892596511367,150,1357,1178,1,plain,file
4,12,0.3470749107188879,236,3767,1799,0,plain,file
15,27,0.34663978774481363,132,661,1163,0,plain,file
5,17,0.34650199725363695,232,2841,1562,0,plain,file
5,43,0.34635137214207407,205,2841,840,0,plain,file
15,21,0.34592466964992724,127,661,1178,0,plain,file
34,36,0.34584223918853807,118,888,734,0,plain,file
19,20,0.3455755006577524,142,975,1357,1,plain,file
12,43,0.3452293009957948,182,1799,840,0,plain,file
18,46,0.344957178459808,151,1587,649,0,plain,file
31,33,0.344535688895382,83,554,1307,0,plain,file
23,30,0.34445832110223584,126,1056,821,0,plain,file
16,20,0.3441081137982027,159,1848,1357,0,plain,file
13,59,0.3440956401876277,84,858,451,0,plain,file
36,46,0.3440529036623263,119,734,649,0,plain,file
7,25,0.34403948963822195,225,3345,900,0,plain,file
31,46,0.34363012483964317,94,554,649,0,plain,file
13,57,0.3434762387149397,103,858,579,0,plain,file
10,49,0.3434047585009917,75,1843,357,0,plain,file
9,64,0.3432891394919466,99,2505,246,0,plain,file
41,45,0.3432801576067789,109,798,492,0,plain,file
18,27,0.34325074105656683,169,1587,1163,0,plain,file
11,59,0.342560679968516,104,1950,451,0,plain,file
2,37,0.3425422457813939,189,6145,869,0,plain,file
26,43,0.3423349947014865,158,1324,840,0,plain,file
21,26,0.3423156420997167,162,1178,1324,0,plain,file
17,42,0.3422541276691696,142,1562,864,0,plain,file
17,39,0.34210954472098865,190,1562,1181,0,plain,file
35,59,0.34205567374903134,77,782,451,0,plain,file
13,21,0.3420152577431378,128,858,1178,0,plain,file
22,23,0.3418716624523753,136,1283,1056,1,plain,file
22,49,0.3416232435512979,75,1283,357,0,plain,file
9,21,0.3414704829485146,166,2505,1178,0,plain,file
10,47,0.3414499464354032,115,1843,546,0,plain,file
26,34,0.341358873300579,123,1324,888,0,plain,file
26,36,0.34133992959942433,136,1324,734,0,plain,file
18,26,0.3411223608848535,148,1587,1324,0,plain,file
12,39,0.34086023516736796,185,1799,1181,0,plain,file
8,46,0.3405275486513081,110,1247,649,0,plain,file
27,31,0.34050660002662236,116,1163,554,0,plain,file
30,32,0.3403313317294308,88,821,376,0,plain,file
12,42,0.34031534790055,133,1799,864,0,plain,file
17,20,0.3398378082310809,187,1562,1357,0,plain,file
8,60,0.3398205171984681,91,1247,356,0,plain,file
9,63,0.3395600398962407,82,2505,185,0,plain,file
11,19,0.33953202146476597,157,1950,975,0,plain,file
32,41,0.3394142992406092,111,376,798,0,plain,file
31,34,0.3392548250251799,103,554,888,0,plain,file
18,19,0.3391043984234898,162,1587,975,1,plain,file
29,58,0.33905137228524923,91,982,479,0,plain,file
16,49,0.33899971319129923,74,1848,357,0,plain,file
20,29,0.33891555908796833,146,1357,982,0,plain,file
3,38,0.3387824167941542,169,3505,739,0,plain,file
14,57,0.33866269326397813,93,834,579,0,plain,file
21,22,0.33863551567883066,146,1178,1283,1,plain,file
28,33,0.33859056214354977,128,1442,1307,0,plain,file
13,27,0.3385042693776655,126,858,1163,0,plain,file
8,28,0.33840345893319257,144,1247,1442,0,plain,file
17,40,0.33828414859792816,179,1562,1230,0,plain,file
26,46,0.33824766472572454,117,1324,649,0,plain,file
9,18,0.3381133208963468,192,2505,1587,0,plain,file
31,57,0.3380580875310934,95,554,579,0,plain,file
13,47,0.33795480170372444,95,858,546,0,plain,file
9,23,0.33794972359756514,170,2505,1056,0,plain,file
36,40,0.33778971381479705,142,734,1230,0,plain,file
17,27,0.33711695875579567,180,1562,1163,0,plain,file
36,41,0.33699483465790225,121,734,798,0,plain,file
10,19,0.3367739184530839,165,1843,975,0,plain,file
28,59,0.33660858544017497,91,1442,451,0,plain,file
8,34,0.33624884217587403,134,1247,888,0,plain,file
40,58,0.33604250322755436,88,1230,479,0,plain,file
12,22,0.3357124810343885,153,1799,1283,0,plain,file
58,59,0.3356841185320743,72,479,451,1,plain,file
18,42,0.33563384743983843,128,1587,864,0,plain,file
18,22,0.3354340293329416,164,1587,1283,0,plain,file
15,38,0.3354019127846344,120,661,739,0,plain,file
6,37,0.335064642910507,181,3060,869,0,plain,file
27,35,0.3344894165998508,113,1163,782,0,plain,file
2,64,0.3344712736451273,118,6145,246,0,plain,file
20,46,0.33435799069506567,121,1357,649,0,plain,file
39,43,0.334247931894022,176,1181,840,0,plain,file
8,27,0.3336796359681362,138,1247,1163,0,plain,file
4,21,0.33364706328109933,209,3767,1178,0,plain,file
14,21,0.3333778892439864,129,834,1178,0,plain,file
29,47,0.332457918779932,99,982,546,0,plain,file
28,32,0.33227167928340345,111,1442,376,0,plain,file
21,32,0.3322598624169102,114,1178,376,0,plain,file
23,45,0.3321985015613551,115,1056,492,0,plain,file
23,46,0.3320360490982231,118,1056,649,0,plain,file
20,39,0.3318863353128897,150,1357,1181,0,plain,file
2,38,0.3316647982670248,175,6145,739,0,plain,file
28,31,0.33147937606756367,96,1442,554,0,plain,file
39,47,0.3313824506283702,105,1181,546,0,plain,file
4,23,0.3312223209666879,193,3767,1056,0,plain,file
11,38,0.3311427814513198,145,1950,739,0,plain,file
15,34,0.3310319207038476,107,661,888,0,plain,file
43,46,0.33087773730458786,131,840,649,0,plain,file
17,33,0.3308079452114146,160,1562,1307,0,plain,file
29,32,0.3307690658776714,109,982,376,0,plain,file
24,45,0.3306577684873243,98,1323,492,0,plain,file
24,46,0.33051720701504583,115,1323,649,0,plain,file
15,16,0.3304004948685533,132,661,1848,1,plain,file
9,12,0.3302100674999352,206,2505,1799,0,plain,file
21,37,0.3301689982688941,148,1178,869,0,plain,file
20,34,0.3301651722244691,130,1357,888,0,plain,file
11,57,0.3301190901323996,135,1950,579,0,plain,file
15,43,0.33005897320979516,120,661,840,0,plain,file
36,39,0.3299775142377191,148,734,1181,0,plain,file
28,37,0.3299293591791336,137,1442,869,0,plain,file
23,36,0.32977192371133235,137,1056,734,0,plain,file
20,43,0.32958248762783704,147,1357,840,0,plain,file
21,35,0.32947824924995683,109,1178,782,0,plain,file
23,26,0.3293538205233005,146,1056,1324,0,plain,file
18,40,0.3290908174472431,175,1587,1230,0,plain,file
11,37,0.3288961473830159,150,1950,869,0,plain,file
24,47,0.328716284110324,94,1323,546,0,plain,file
34,57,0.32848709823459893,102,888,579,0,plain,file
12,14,0.32844088987441367,133,1799,834,0,plain,file
20,23,0.3283583416238144,150,1357,1056,0,plain,file
22,48,0.3279028643351822,96,1283,564,0,plain,file
42,47,0.3278368969905343,68,864,546,0,plain,file
23,41,0.32782137025687347,141,1056,798,0,plain,file
3,37,0.3277189412094876,156,3505,869,0,plain,file
32,45,0.32765222533236693,96,376,492,0,plain,file
40,47,0.3273098653960137,107,1230,546,0,plain,file
30,59,0.3270621064686054,71,821,451,0,plain,file
6,19,0.32687631410084383,186,3060,975,0,plain,file
57,59,0.3266464488631121,82,579,451,0,plain,file
5,15,0.32653547089210616,138,2841,661,0,plain,file
5,64,0.3265143890906348,110,2841,246,0,plain,file
31,58,0.32627828306496826,70,554,479,0,plain,file
18,23,0.3261626619299571,172,1587,1056,0,plain,file
42,43,0.32607722338451667,119,864,840,1,plain,file
36,42,0.3259552468303566,97,734,864,0,plain,file
7,47,0.32578662494203736,133,3345,546,0,plain,file
5,65,0.32563652644099705,92,2841,293,0,plain,file
7,51,0.3255721127772694,127,3345,364,0,plain,file
7,58,0.32552843204583065,132,3345,479,0,plain,file
27,45,0.32485206568313135,112,1163,492,0,plain,file
8,45,0.32481037270285185,93,1247,492,0,plain,file
41,43,0.32456519562116104,147,798,840,0,plain,file
14,23,0.3243316213610793,129,834,1056,0,plain,file
30,43,0.32430706840112855,129,821,840,0,plain,file
20,42,0.3242745121050398,112,1357,864,0,plain,file
6,67,0.3239555200257911,100,3060,337,0,plain,file
15,46,0.32366776124269075,98,661,649,0,plain,file
6,38,0.32366529736605926,163,3060,739,0,plain,file
9,17,0.3236643028304853,198,2505,1562,0,plain,file
30,33,0.32362082460371766,90,821,1307,0,plain,file
17,23,0.32360198019997455,176,1562,1056,0,plain,file
13,17,0.323571814077553,148,858,1562,0,plain,file
12,30,0.32350417372318324,128,1799,821,0,plain,file
13,23,0.3233682011763669,122,858,1056,0,plain,file
7,61,0.3233421879407062,84,3345,230,0,plain,file
16,60,0.32332012426853574,88,1848,356,0,plain,file
32,40,0.32318437566601377,106,376,1230,0,plain,file
17,21,0.32314544526796557,175,1562,1178,0,plain,file
15,18,0.32297462342150857,128,661,1587,0,plain,file
24,34,0.3226742902035833,129,1323,888,0,plain,file
4,61,0.3226320441912021,82,3767,230,0,plain,file
14,26,0.3226065850573266,113,834,1324,0,plain,file
16,25,0.32245981172514593,168,1848,900,0,plain,file
45,57,0.32216678381357866,83,492,579,0,plain,file
23,37,0.32197416562590847,153,1056,869,0,plain,file
8,41,0.32195957297251476,133,1247,798,0,plain,file
10,38,0.3219588484911781,137,1843,739,0,plain,file
37,43,0.32157102720586317,156,869,840,0,plain,file
13,33,0.3215246639018527,97,858,1307,0,plain,file
12,36,0.3214730924554554,150,1799,734,0,plain,file
17,30,0.32129535435639184,136,1562,821,0,plain,file
3,65,0.3212928685270381,88,3505,293,0,plain,file
4,20,0.3209251313994927,194,3767,1357,0,plain,file
25,34,0.3208468779099565,135,900,888,0,plain,file
8,61,0.3207771687592149,57,1247,230,0,plain,file
21,45,0.3207757587052185,102,1178,492,0,plain,file
17,41,0.3204579596717143,156,1562,798,0,plain,file
24,60,0.3203550145911748,87,1323,356,0,plain,file
10,44,0.3201886157739931,103,1843,350,0,plain,file
10,61,0.3200493149312562,79,1843,230,0,plain,file
17,22,0.31984353447495156,158,1562,1283,0,plain,file
12,19,0.31978221148682906,150,1799,975,0,plain,file
10,62,0.3195273491522811,71,1843,181,0,plain,file
15,37,0.31936165101480973,115,661,869,0,plain,file
17,46,0.3192511424351661,143,1562,649,0,plain,file
15,40,0.31924603894210246,115,661,1230,0,plain,file
57,64,0.3191890219356938,85,579,246,0,plain,file
17,26,0.3185091026950715,159,1562,1324,0,plain,file
5,19,0.3184160831928226,174,2841,975,0,plain,file
15,36,0.3183643327037774,111,661,734,0,plain,file
32,46,0.3181855363890023,103,376,649,0,plain,file
10,67,0.31801892981374374,88,1843,337,0,plain,file
32,34,0.3175823060559703,102,376,888,0,plain,file
35,47,0.3175607338179844,98,782,546,0,plain,file
12,23,0.3174301778288164,158,1799,1056,0,plain,file
28,38,0.3173337578131807,114,1442,739,0,plain,file
19,26,0.31726883131512035,129,975,1324,0,plain,file
19,27,0.3170711142631634,134,975,1163,0,plain,file
26,38,0.3170293631059408,121,1324,739,0,plain,file
20,36,0.31691935556976014,117,1357,734,0,plain,file
6,47,0.3166404756332763,139,3060,546,0,plain,file
3,25,0.31655286777155683,191,3505,900,0,plain,file
34,38,0.3159396750249648,105,888,739,0,plain,file
22,32,0.31584929098127973,105,1283,376,0,plain,file
11,32,0.3157216158609161,133,1950,376,0,plain,file
20,41,0.3152568753750954,137,1357,798,0,plain,file
18,30,0.31521874932747007,124,1587,821,0,plain,file
20,22,0.31442194750852104,132,1357,1283,0,plain,file
29,37,0.3142590846177512,129,982,869,0,plain,file
13,18,0.3141126312603513,134,858,1587,0,plain,file
31,59,0.3139464030006244,62,554,451,0,plain,file
24,27,0.3139445846439045,144,1323,1163,0,plain,file
18,36,0.3138991063466686,146,1587,734,0,plain,file
5,66,0.3136522782091373,88,2841,258,0,plain,file
14,58,0.3136356744625169,74,834,479,0,plain,file
13,32,0.31353207780332526,101,858,376,0,plain,file
24,64,0.31344769000076256,76,1323,246,0,plain,file
15,23,0.3134134576104812,120,661,1056,0,plain,file
24,41,0.31330363350773555,121,1323,798,0,plain,file
11,58,0.3127233304189539,103,1950,479,0,plain,file
8,48,0.312612074943578,91,1247,564,0,plain,file
6,49,0.3124270414985563,94,3060,357,0,plain,file
11,51,0.31217825801136234,110,1950,364,0,plain,file
30,36,0.31211154504610544,104,821,734,0,plain,file
14,20,0.3120083130583894,129,834,1357,0,plain,file
57,58,0.3119246504261949,81,579,479,1,plain,file
33,57,0.311878077158508,98,1307,579,0,plain,file
27,37,0.31179277467772626,137,1163,869,0,plain,file
18,41,0.311761878953636,159,1587,798,0,plain,file
35,36,0.3115433312056767,97,782,734,1,plain,file
12,35,0.31149964210211895,125,1799,782,0,plain,file
33,60,0.3114562514640135,78,1307,356,0,plain,file
4,19,0.31138072952989504,184,3767,975,0,plain,file
8,64,0.3113071785451167,77,1247,246,0,plain,file
19,21,0.3112127080178037,145,975,1178,0,plain,file
26,44,0.3111059248758398,97,1324,350,0,plain,file
9,62,0.310875402465795,70,2505,181,0,plain,file
18,43,0.3106641387136907,163,1587,840,0,plain,file
35,58,0.3100876371805132,75,782,479,0,plain,file
3,66,0.30992158201254016,96,3505,258,0,plain,file
10,60,0.3097596470402041,92,1843,356,0,plain,file
3,63,0.3094239223667504,73,3505,185,0,plain,file
33,65,0.30929017744256976,72,1307,293,0,plain,file
17,43,0.3092817077803483,168,1562,840,0,plain,file
5,25,0.30917868741147914,187,2841,900,0,plain,file
39,49,0.3088982886626931,63,1181,357,0,plain,file
32,42,0.3088673532963462,80,376,864,0,plain,file
5,32,0.30861269588332607,123,2841,376,0,plain,file
11,44,0.308268492504691,92,1950,350,0,plain,file
6,62,0.30817919916989567,82,3060,181,0,plain,file
14,18,0.3081602375926363,139,834,1587,0,plain,file
14,43,0.3080117563956367,134,834,840,0,plain,file
9,36,0.3079357454035661,128,2505,734,0,plain,file
42,58,0.3076338195019803,71,864,479,0,plain,file
34,67,0.307518513761646,78,888,337,0,plain,file
22,43,0.30749730897643013,144,1283,840,0,plain,file
24,48,0.3074760533333616,99,1323,564,0,plain,file
31,41,0.3073127225902996,96,554,798,0,plain,file
14,17,0.30694397479411406,137,834,1562,0,plain,file
16,37,0.30672719373990076,154,1848,869,0,plain,file
18,35,0.3065004506742953,137,1587,782,0,plain,file
2,63,0.30629855810978274,86,6145,185,0,plain,file
4,36,0.3053557407480351,154,3767,734,0,plain,file
4,26,0.3052874153535683,168,3767,1324,0,plain,file
49,60,0.30526913936971084,57,357,356,0,plain,file
40,44,0.3049584499428495,99,1230,350,0,plain,file
19,40,0.30493743379479143,145,975,1230,0,plain,file
23,35,0.3044724929776294,114,1056,782,0,plain,file
34,59,0.304412037324395,84,888,451,0,plain,file
20,35,0.30429030313950073,110,1357,782,0,plain,file
7,44,0.3042128328367235,108,3345,350,0,plain,file
12,37,0.3042105725134692,140,1799,869,0,plain,file
22,26,0.30407666733009175,123,1283,1324,0,plain,file
22,60,0.30399723589422445,88,1283,356,0,plain,file
26,42,0.3039326883679283,96,1324,864,0,plain,file
39,48,0.3038312977563854,98,1181,564,0,plain,file
14,36,0.30368435227487217,110,834,734,0,plain,file
38,40,0.30357056533857907,134,739,1230,0,plain,file
22,36,0.3035046626268915,126,1283,734,0,plain,file
11,25,0.3034757816362994,171,1950,900,0,plain,file
33,46,0.30327913957702074,96,1307,649,0,plain,file
16,48,0.3032187280686297,103,1848,564,0,plain,file
46,59,0.3031689549741911,77,649,451,0,plain,file
28,57,0.30253517927238993,96,1442,579,0,plain,file
36,45,0.3022248494752269,90,734,492,0,plain,file
18,38,0.3021502790607436,136,1587,739,0,plain,file
6,48,0.30213145920591433,125,3060,564,0,plain,file
22,65,0.3019907904829779,68,1283,293,0,plain,file
6,53,0.301777505934693,104,3060,364,0,plain,file
19,46,0.30156476863814774,123,975,649,0,plain,file
10,48,0.3012280240211403,109,1843,564,0,plain,file
12,17,0.30121781802229974,184,1799,1562,0,plain,file
18,33,0.3009218440522024,149,1587,1307,0,plain,file
12,41,0.3007969626600728,147,1799,798,0,plain,file
25,39,0.3004923178229238,152,900,1181,0,plain,file
16,61,0.3004451543576037,66,1848,230,0,plain,file
26,39,0.3004172399539266,146,1324,1181,0,plain,file
5,38,0.3003311471972208,149,2841,739,0,plain,file
18,24,0.3001782482852515,143,1587,1323,0,plain,file
2,51,0.3000964263327117,125,6145,364,0,plain,file
8,12,0.2999655939531311,148,1247,1799,0,plain,file
33,47,0.29980161132063937,83,1307,546,0,plain,file
19,29,0.2992987811710251,128,975,982,0,plain,file
22,61,0.2992840025113245,57,1283,230,0,plain,file
20,38,0.2992435343545167,115,1357,739,0,plain,file
41,57,0.2989953064798637,96,798,579,0,plain,file
25,33,0.29893498520071055,117,900,1307,0,plain,file
17,19,0.29883945089598574,161,1562,975,0,plain,file
2,66,0.29866088086033715,104,6145,258,0,plain,file
37,40,0.2985800582006382,126,869,1230,0,plain,file
16,19,0.29849786289994407,154,1848,975,0,plain,file
5,63,0.29835855366955466,82,2841,185,0,plain,file
23,32,0.2983186136134319,111,1056,376,0,plain,file
30,47,0.2981808324330941,74,821,546,0,plain,file
27,38,0.2981076394098564,110,1163,739,0,plain,file
4,62,0.29793895443676294,74,3767,181,0,plain,file
12,38,0.2978608037948897,131,1799,739,0,plain,file
45,59,0.2976756178613454,66,492,451,0,plain,file
32,36,0.2976019219946058,100,376,734,0,plain,file
8,23,0.29749723163047787,132,1247,1056,0,plain,file
5,37,0.2972828055553098,163,2841,869,0,plain,file
12,24,0.2972643289915029,157,1799,1323,0,plain,file
27,59,0.29722050329211264,84,1163,451,0,plain,file
21,25,0.2971227143787448,163,1178,900,0,plain,file
9,65,0.2970001165339672,72,2505,293,0,plain,file
40,61,0.29693643256795593,66,1230,230,0,plain,file
27,33,0.296894440521728,111,1163,1307,0,plain,file
13,20,0.29683965769958687,127,858,1357,0,plain,file
6,60,0.2967452168829603,103,3060,356,0,plain,file
7,49,0.2964367690786604,93,3345,357,0,plain,file
13,36,0.2960632391611345,113,858,734,0,plain,file
58,64,0.29572033289603183,69,479,246,0,plain,file
25,40,0.2956414316845305,144,900,1230,0,plain,file
41,59,0.29535886327528277,81,798,451,0,plain,file
33,66,0.2953037708785438,61,1307,258,0,plain,file
12,13,0.2948962862130222,144,1799,858,1,plain,file
9,26,0.29486262353835596,149,2505,1324,0,plain,file
3,98,0.2946700217420137,46,3505,98,0,plain,file
19,39,0.2945167729280962,140,975,1181,0,plain,file
7,60,0.2945058388918631,105,3345,356,0,plain,file
17,24,0.29434729289958456,145,1562,1323,0,plain,file
10,51,0.2939894269708332,111,1843,364,0,plain,file
19,42,0.29380843926137545,104,975,864,0,plain,file
36,37,0.2937685566976658,110,734,869,1,plain,file
33,61,0.29353804325299754,51,1307,230,0,plain,file
29,49,0.2935224396550612,58,982,357,0,plain,file
23,24,0.29348727469889363,132,1056,1323,1,plain,file
46,58,0.29348352461191657,77,649,479,0,plain,file
26,35,0.29328944017505837,97,1324,782,0,plain,file
16,64,0.293011317186065,85,1848,246,0,plain,file
16,62,0.29294686484582416,63,1848,181,0,plain,file
29,38,0.29293942699933834,117,982,739,0,plain,file
3,67,0.2928489021505436,99,3505,337,0,plain,file
9,20,0.2926899649341484,154,2505,1357,0,plain,file
25,28,0.2925824139386306,151,900,1442,0,plain,file
32,35,0.29238608104902164,83,376,782,0,plain,file
25,29,0.2923557657773463,142,900,982,0,plain,file
9,43,0.2919967081164415,165,2505,840,0,plain,file
26,41,0.29187600324174345,116,1324,798,0,plain,file
4,43,0.2917487927898931,190,3767,840,0,plain,file
34,37,0.2916725587593019,119,888,869,0,plain,file
18,45,0.29124270137605585,120,1587,492,0,plain,file
10,53,0.29111740064040786,86,1843,364,0,plain,file
37,44,0.2910084218876284,96,869,350,0,plain,file
37,39,0.29091125292126024,125,869,1181,0,plain,file
35,43,0.2907458085892252,111,782,840,0,plain,file
43,45,0.29059922196653293,107,840,492,0,plain,file
13,43,0.2905790859109448,121,858,840,0,plain,file
15,39,0.29052160285022655,123,661,1181,0,plain,file
15,42,0.2902338346871855,89,661,864,0,plain,file
4,64,0.29000834349884214,96,3767,246,0,plain,file
6,61,0.28957867575135793,77,3060,230,0,plain,file
14,38,0.2895296686724056,119,834,739,0,plain,file
22,62,0.28923832592555226,64,1283,181,0,plain,file
38,46,0.2892209016157856,91,739,649,0,plain,file
33,45,0.2889327385136822,75,1307,492,0,plain,file
8,62,0.28866952773163096,65,1247,181,0,plain,file
47,58,0.2886237497387252,66,546,479,0,plain,file
2,67,0.28860169190697316,111,6145,337,0,plain,file
46,57,0.2883353901994696,83,649,579,0,plain,file
15,17,0.28800358060755155,127,661,1562,0,plain,file
19,34,0.2879267414112904,123,975,888,0,plain,file
49,59,0.2878693746652808,53,357,451,0,plain,file
17,45,0.28752487621169276,116,1562,492,0,plain,file
17,31,0.287455496726381,109,1562,554,0,plain,file
45,58,0.2873919505823283,70,492,479,0,plain,file
8,21,0.28723411171312524,132,1247,1178,0,plain,file
6,51,0.28723208785681215,119,3060,364,0,plain,file
29,48,0.28722494536666515,97,982,564,0,plain,file
20,30,0.2871481337369105,101,1357,821,0,plain,file
19,43,0.28688377639618645,141,975,840,0,plain,file
17,36,0.28652517417923895,135,1562,734,0,plain,file
39,67,0.2864230060419611,87,1181,337,0,plain,file
24,62,0.2859280917385994,63,1323,181,0,plain,file
33,34,0.2857345017528814,103,1307,888,1,plain,file
15,19,0.28567353214272395,108,661,975,0,plain,file
35,67,0.28512268517999784,82,782,337,0,plain,file
22,64,0.2846825217649957,83,1283,246,0,plain,file
8,66,0.284608491574142,67,1247,258,0,plain,file
3,44,0.2845368276647381,114,3505,350,0,plain,file
28,51,0.2844713140951172,95,1442,364,0,plain,file
16,44,0.28446127588632314,86,1848,350,0,plain,file
14,32,0.28427737235820966,83,834,376,0,plain,file
23,59,0.2840955521425427,93,1056,451,0,plain,file
31,49,0.28392608727314034,50,554,357,0,plain,file
2,44,0.28392233730068783,122,6145,350,0,plain,file
11,47,0.2839195674613882,105,1950,546,0,plain,file
47,57,0.28389138280985315,74,546,579,0,plain,file
16,67,0.283715341369449,93,1848,337,0,plain,file
38,43,0.2830684351957456,112,739,840,0,plain,file
14,47,0.2830680652775569,72,834,546,0,plain,file
16,53,0.2830192969191642,90,1848,364,0,plain,file
48,59,0.2826496875734937,71,564,451,0,plain,file
32,43,0.28261650022785095,106,376,840,0,plain,file
25,35,0.28243808112080604,115,900,782,0,plain,file
42,48,0.28240986295365167,81,864,564,0,plain,file
35,49,0.28225523439766054,53,782,357,0,plain,file
6,44,0.2822376763883945,107,3060,350,0,plain,file
26,45,0.28220941307801223,92,1324,492,0,plain,file
15,30,0.28172123279561023,84,661,821,0,plain,file
12,31,0.28164486578788234,111,1799,554,0,plain,file
16,63,0.2815931956372773,64,1848,185,0,plain,file
27,32,0.28156467996038576,99,1163,376,0,plain,file
47,49,0.2813818205790854,49,546,357,0,plain,file
39,62,0.2811845061841951,65,1181,181,0,plain,file
40,49,0.28104042931000284,61,1230,357,0,plain,file
8,18,0.28096862672186224,144,1247,1587,0,plain,file
30,58,0.28096187103850123,61,821,479,0,plain,file
26,30,0.28079678363403815,98,1324,821,0,plain,file
37,46,0.28069845182855874,101,869,649,0,plain,file
18,25,0.28056796498340486,166,1587,900,0,plain,file
58,60,0.2805500103853006,66,479,356,0,plain,file
38,39,0.28014491820568693,118,739,1181,1,plain,file
13,58,0.2801396425719846,76,858,479,0,plain,file
3,53,0.28001122698548037,97,3505,364,0,plain,file
29,60,0.2798298337665979,82,982,356,0,plain,file
15,51,0.279717001647123,93,661,364,0,plain,file
15,35,0.27971201457363265,82,661,782,0,plain,file
7,48,0.27955696928235063,132,3345,564,0,plain,file
25,42,0.2794607458338682,100,900,864,0,plain,file
13,25,0.2792462983920549,121,858,900,0,plain,file
2,53,0.2792435628999572,103,6145,364,0,plain,file
42,67,0.27915664495449194,63,864,337,0,plain,file
24,61,0.2790860911428897,56,1323,230,0,plain,file
4,63,0.2788864672880639,79,3767,185,0,plain,file
21,24,0.2785470929884389,123,1178,1323,0,plain,file
21,31,0.2782803833136844,95,1178,554,0,plain,file
40,60,0.278172774612116,81,1230,356,0,plain,file
8,17,0.27810298300588115,146,1247,1562,0,plain,file
20,37,0.2775867213649376,110,1357,869,0,plain,file
19,38,0.2775564554840434,111,975,739,0,plain,file
12,33,0.27754490471508475,129,1799,1307,0,plain,file
15,44,0.2775384428662429,80,661,350,0,plain,file
18,31,0.2774967777324436,111,1587,554,0,plain,file
28,44,0.2774761006134529,85,1442,350,0,plain,file
16,38,0.27732570630253395,122,1848,739,0,plain,file
39,65,0.2772866902872114,62,1181,293,0,plain,file
13,38,0.27723345679137085,100,858,739,0,plain,file
15,22,0.2772310291744399,103,661,1283,0,plain,file
25,43,0.2771477391073008,141,900,840,0,plain,file
11,49,0.2771355158002208,80,1950,357,0,plain,file
8,26,0.2769953098987153,133,1247,1324,0,plain,file
9,25,0.2769276748796471,154,2505,900,0,plain,file
23,38,0.27666203849239807,114,1056,739,0,plain,file
23,31,0.276551187571442,91,1056,554,0,plain,file
4,15,0.2765030978212682,141,3767,661,0,plain,file
25,46,0.27641505348309164,120,900,649,0,plain,file
9,32,0.2763136634422602,101,2505,376,0,plain,file
40,51,0.2761619860318658,89,1230,364,0,plain,file
38,42,0.27579669973638765,88,739,864,0,plain,file
14,15,0.2757914763048663,92,834,661,1,plain,file
8,65,0.2756571667229401,60,1247,293,0,plain,file
3,51,0.2755714261766552,110,3505,364,0,plain,file
46,47,0.27528931969152626,73,649,546,1,plain,file
19,22,0.2751502711999585,125,975,1283,0,plain,file
15,41,0.27509957472115687,91,661,798,0,plain,file
27,57,0.27480964852549855,98,1163,579,0,plain,file
4,32,0.27474613474353277,121,3767,376,0,plain,file
22,67,0.27402072083728135,73,1283,337,0,plain,file
48,58,0.2737902428460536,67,564,479,0,plain,file
39,60,0.2737463049595009,79,1181,356,0,plain,file
33,41,0.2737003997082195,104,1307,798,0,plain,file
19,36,0.273446064594357,115,975,734,0,plain,file
22,25,0.27320279993764635,134,1283,900,0,plain,file
40,48,0.273196417588662,91,1230,564,0,plain,file
9,66,0.27319451091687347,84,2505,258,0,plain,file
25,30,0.27319336451924764,113,900,821,0,plain,file
8,63,0.2728029317373655,61,1247,185,0,plain,file
12,45,0.27267740965188053,102,1799,492,0,plain,file
25,41,0.27267569786685525,124,900,798,0,plain,file
31,47,0.2724638669132701,68,554,546,0,plain,file
28,61,0.27233980420164866,55,1442,230,0,plain,file
9,15,0.27228195347073414,117,2505,661,0,plain,file
9,37,0.27211820452914065,127,2505,869,0,plain,file
23,25,0.2719217804624454,139,1056,900,0,plain,file
24,65,0.2717122105454832,70,1323,293,0,plain,file
40,62,0.27149836034534575,63,1230,181,0,plain,file
18,37,0.2714641262736287,138,1587,869,0,plain,file
42,49,0.2711266157976302,53,864,357,0,plain,file
47,59,0.27100287503740794,61,546,451,0,plain,file
31,36,0.27077899806863925,91,554,734,0,plain,file
19,30,0.27068580459149605,101,975,821,0,plain,file
16,65,0.2706601174574683,67,1848,293,0,plain,file
40,64,0.2704929900047507,85,1230,246,0,plain,file
36,38,0.27047794313950835,95,734,739,0,plain,file
59,64,0.27046654575545803,71,451,246,0,plain,file
29,67,0.26994623563637254,79,982,337,0,plain,file
20,31,0.2699288910951672,90,1357,554,0,plain,file
28,47,0.2699287467262388,92,1442,546,0,plain,file
29,44,0.2697479559791307,80,982,350,0,plain,file
12,59,0.2696215582863971,96,1799,451,0,plain,file
18,32,0.2693594213478941,116,1587,376,0,plain,file
11,61,0.2688306607759036,61,1950,230,0,plain,file
25,27,0.26877426866254117,134,900,1163,0,plain,file
49,57,0.268683792053621,58,357,579,0,plain,file
37,38,0.2685638968285059,103,869,739,1,plain,file
16,51,0.26848191830479917,101,1848,364,0,plain,file
14,19,0.26821379970826464,116,834,975,0,plain,file
22,37,0.2677295979706157,102,1283,869,0,plain,file
20,25,0.2677117835910766,153,1357,900,0,plain,file
34,44,0.2675947976271462,80,888,350,0,plain,file
17,32,0.26759131528737073,110,1562,376,0,plain,file
26,51,0.2675568797962987,95,1324,364,0,plain,file
29,61,0.2675026581327597,61,982,230,0,plain,file
7,62,0.2674726017149221,77,3345,181,0,plain,file
6,65,0.26746098393313894,82,3060,293,0,plain,file
35,60,0.26736979318034365,65,782,356,0,plain,file
29,62,0.2673256917922358,59,982,181,0,plain,file
34,47,0.26732019335015655,89,888,546,0,plain,file
46,67,0.2671222138372069,70,649,337,0,plain,file
49,61,0.2669969897945219,36,357,230,0,plain,file
13,48,0.26692201171204244,86,858,564,0,plain,file
40,67,0.2668675992055565,75,1230,337,0,plain,file
26,31,0.2668396422093771,90,1324,554,0,plain,file
39,61,0.26672572425268687,55,1181,230,0,plain,file
41,47,0.2665411269273287,81,798,546,0,plain,file
24,43,0.2663468054273642,125,1323,840,0,plain,file
19,35,0.2661004323557405,97,975,782,0,plain,file
59,61,0.2660795078624553,45,451,230,0,plain,file
4,66,0.26560386310195827,87,3767,258,0,plain,file
7,67,0.26544698100397096,92,3345,337,0,plain,file
42,60,0.2653832110961607,71,864,356,0,plain,file
22,38,0.26512858849333676,103,1283,739,0,plain,file
30,62,0.2650647546186144,54,821,181,0,plain,file
21,44,0.26478360157143166,91,1178,350,0,plain,file
20,24,0.26470876683759087,112,1357,1323,0,plain,file
20,32,0.2647009725895038,103,1357,376,0,plain,file
27,67,0.26453504735423566,75,1163,337,0,plain,file
11,67,0.26452302612256484,93,1950,337,0,plain,file
44,45,0.26412821969602246,75,350,492,1,plain,file
42,62,0.26412236053379917,58,864,181,0,plain,file
46,61,0.2639421631006226,56,649,230,0,plain,file
43,44,0.2637831918845586,93,840,350,1,plain,file
57,60,0.263594997485063,70,579,356,0,plain,file
48,57,0.2630579285873147,76,564,579,0,plain,file
57,62,0.2628440357000675,50,579,181,0,plain,file
4,37,0.26265807833293797,142,3767,869,0,plain,file
22,53,0.2626564288932474,73,1283,364,0,plain,file
19,25,0.2622166871225412,142,975,900,0,plain,file
8,36,0.26213808526921056,110,1247,734,0,plain,file
29,65,0.26202493217405337,61,982,293,0,plain,file
15,45,0.26200355946902854,79,661,492,0,plain,file
37,42,0.26170906739505584,85,869,864,0,plain,file
41,58,0.26128664952789143,88,798,479,0,plain,file
20,45,0.2612196672776047,87,1357,492,0,plain,file
13,67,0.26113637390010597,63,858,337,0,plain,file
21,59,0.26066122522996676,76,1178,451,0,plain,file
24,36,0.26058974069855145,106,1323,734,0,plain,file
11,53,0.2604467300213674,87,1950,364,0,plain,file
5,51,0.2603886688096567,108,2841,364,0,plain,file
35,48,0.2603169435862313,77,782,564,0,plain,file
11,60,0.260279036034192,89,1950,356,0,plain,file
2,98,0.26018129796306483,50,6145,98,0,plain,file
14,48,0.26008324772260477,74,834,564,0,plain,file
30,48,0.2596606844670199,69,821,564,0,plain,file
42,61,0.2595992119077472,48,864,230,0,plain,file
58,61,0.2595623013198066,45,479,230,0,plain,file
21,57,0.25950120863318205,89,1178,579,0,plain,file
14,61,0.25947425885037023,56,834,230,0,plain,file
13,19,0.2594380229472422,108,858,975,0,plain,file
21,51,0.2591362003624545,96,1178,364,0,plain,file
27,51,0.2587124070737449,101,1163,364,0,plain,file
4,38,0.2586072323091829,141,3767,739,0,plain,file
28,49,0.258542957210637,65,1442,357,0,plain,file
14,49,0.2582599316578313,52,834,357,0,plain,file
113,114,0.2577663894295804,10,27,24,1,plain,file
6,64,0.25765457701074407,93,3060,246,0,plain,file
18,59,0.25762991045953737,95,1587,451,0,plain,file
23,57,0.25719167074386945,99,1056,579,0,plain,file
10,65,0.25718843885175247,65,1843,293,0,plain,file
20,33,0.2571281046191658,113,1357,1307,0,plain,file
34,58,0.2570793777719196,87,888,479,0,plain,file
13,26,0.2570729721552761,106,858,1324,0,plain,file
13,15,0.25676847719872997,88,858,661,0,plain,file
39,44,0.2567454233116234,78,1181,350,0,plain,file
24,26,0.2565093886578925,117,1323,1324,0,plain,file
40,65,0.2564329227029378,63,1230,293,0,plain,file
41,67,0.2563488341986046,73,798,337,0,plain,file
25,36,0.2561284692910218,124,900,734,0,plain,file
19,33,0.2559639792617882,102,975,1307,0,plain,file
7,53,0.2558927544101303,100,3345,364,0,plain,file
39,64,0.25573958642179584,76,1181,246,0,plain,file
34,50,0.25565108469136316,76,888,377,0,plain,file
42,53,0.2555660698811969,64,864,364,0,plain,file
36,57,0.25520220583204256,92,734,579,0,plain,file
14,37,0.25515706925079823,92,834,869,0,plain,file
28,58,0.25505923598286234,81,1442,479,0,plain,file
18,57,0.25502385005025946,109,1587,579,0,plain,file
34,51,0.2548614215592177,86,888,364,0,plain,file
36,44,0.25483103861677225,74,734,350,0,plain,file
42,64,0.2545384263124379,65,864,246,0,plain,file
44,46,0.25449078485939997,74,350,649,0,plain,file
45,47,0.25446658194944066,65,492,546,0,plain,file
35,64,0.2543113064174384,73,782,246,0,plain,file
12,57,0.2538724380984342,101,1799,579,0,plain,file
31,48,0.25361306337439155,62,554,564,0,plain,file
9,19,0.2533947910532566,143,2505,975,0,plain,file
19,23,0.25330905632103123,124,975,1056,0,plain,file
31,43,0.25322657014016803,95,554,840,0,plain,file
24,25,0.25319533937815897,122,1323,900,1,plain,file
25,45,0.2528341148366392,99,900,492,0,plain,file
20,59,0.252687105211349,84,1357,451,0,plain,file
14,60,0.2525886276097415,62,834,356,0,plain,file
42,65,0.2523673034774484,51,864,293,0,plain,file
27,49,0.2521863356478967,68,1163,357,0,plain,file
57,61,0.2521391299520265,53,579,230,0,plain,file
8,43,0.25197680758692254,127,1247,840,0,plain,file
22,66,0.2519518388083109,67,1283,258,0,plain,file
17,38,0.2518338507749681,122,1562,739,0,plain,file
7,50,0.2517154016448402,103,3345,377,0,plain,file
35,37,0.251459779270803,87,782,869,0,plain,file
41,51,0.2514434939562274,78,798,364,0,plain,file
59,60,0.2514302923723943,56,451,356,1,plain,file
30,49,0.2514154167555844,48,821,357,0,plain,file
28,67,0.2513070593417823,76,1442,337,0,plain,file
19,41,0.2512377241260296,103,975,798,0,plain,file
22,44,0.2511745815359108,70,1283,350,0,plain,file
35,38,0.2511375301289402,85,782,739,0,plain,file
5,98,0.2511304786790729,47,2841,98,0,plain,file
17,37,0.2509431607181153,133,1562,869,0,plain,file
29,64,0.2508478758915992,76,982,246,0,plain,file
36,59,0.25075540246119066,80,734,451,0,plain,file
29,51,0.25073334355437094,85,982,364,0,plain,file
19,45,0.2504123574385696,92,975,492,0,plain,file
19,37,0.2503827233239383,116,975,869,0,plain,file
46,51,0.2501956662621908,74,649,364,0,plain,file
15,50,0.2501218486415487,87,661,377,0,plain,file
31,64,0.2498737256464349,64,554,246,0,plain,file
35,62,0.24951304971881375,51,782,181,0,plain,file
11,50,0.24912508976173872,99,1950,377,0,plain,file
38,41,0.2490565374244043,103,739,798,0,plain,file
43,51,0.24867603646112596,92,840,364,0,plain,file
17,48,0.2486548232323407,131,1562,564,0,plain,file
14,64,0.2485496967196263,70,834,246,0,plain,file
13,49,0.24836013844498533,54,858,357,0,plain,file
16,52,0.24781706192703631,94,1848,316,0,plain,file
22,63,0.24756309661271134,58,1283,185,0,plain,file
14,25,0.24753421979963122,108,834,900,0,plain,file
7,66,0.2474942203914578,81,3345,258,0,plain,file
28,53,0.24747830464447318,74,1442,364,0,plain,file
37,45,0.24697593178656552,89,869,492,0,plain,file
34,62,0.24669516712245626,58,888,181,0,plain,file
43,57,0.24657352787470274,90,840,579,0,plain,file
30,37,0.2465726644895703,88,821,869,0,plain,file
12,61,0.24641519403547574,62,1799,230,0,plain,file
11,48,0.24641083753739074,112,1950,564,0,plain,file
31,61,0.2459607962357196,46,554,230,0,plain,file
16,66,0.2458732921630077,75,1848,258,0,plain,file
23,33,0.24586063377618,117,1056,1307,0,plain,file
4,98,0.2458149784492923,50,3767,98,0,plain,file
37,51,0.24574135522961435,92,869,364,0,plain,file
26,33,0.2456755923281217,96,1324,1307,0,plain,file
5,67,0.2456740438541979,94,2841,337,0,plain,file
27,44,0.2456478050002884,84,1163,350,0,plain,file
39,53,0.24551024933413623,89,1181,364,0,plain,file
32,67,0.24542366365843785,64,376,337,0,plain,file
14,44,0.24538922318980957,69,834,350,0,plain,file
10,52,0.24524634190652675,99,1843,316,0,plain,file
36,67,0.24514727326343025,76,734,337,0,plain,file
18,47,0.245094367580953,94,1587,546,0,plain,file
27,61,0.24498867474942496,54,1163,230,0,plain,file
2,73,0.24485927930446283,84,6145,204,0,plain,file
12,51,0.24476718690556207,95,1799,364,0,plain,file
5,44,0.24460164342947407,102,2841,350,0,plain,file
27,58,0.2442420898504817,82,1163,479,0,plain,file
10,64,0.24411928624125376,82,1843,246,0,plain,file
2,52,0.24399672092856728,109,6145,316,0,plain,file
17,59,0.2438113166485347,100,1562,451,0,plain,file
30,38,0.24379995795480291,81,821,739,0,plain,file
61,62,0.2437942339440448,41,230,181,1,plain,file
24,63,0.24371630036951844,59,1323,185,0,plain,file
40,53,0.2436320106005784,75,1230,364,0,plain,file
8,25,0.2435977944237719,114,1247,900,0,plain,file
18,48,0.24358441233663838,112,1587,564,0,plain,file
11,71,0.24345894906581017,68,1950,231,0,plain,file
6,72,0.24332631897060605,83,3060,290,0,plain,file
32,57,0.24313110854543699,66,376,579,0,plain,file
26,59,0.24310603192338398,77,1324,451,0,plain,file
21,33,0.24307476713679094,110,1178,1307,0,plain,file
90,103,0.2430470106362609,9,86,18,0,plain,file
9,38,0.2427354510454459,117,2505,739,0,plain,file
37,41,0.24267457903010553,107,869,798,0,plain,file
15,32,0.24238864899219154,82,661,376,0,plain,file
38,45,0.24238261789248958,75,739,492,0,plain,file
26,32,0.2422962511077313,89,1324,376,0,plain,file
7,63,0.24229014136516067,80,3345,185,0,plain,file
23,51,0.2421839047237197,96,1056,364,0,plain,file
39,63,0.2420396402899943,58,1181,185,0,plain,file
28,60,0.24180443936052276,68,1442,356,0,plain,file
9,98,0.24179807753603283,48,2505,98,0,plain,file
43,67,0.24177117013742483,70,840,337,0,plain,file
59,62,0.24162001978069012,48,451,181,0,plain,file
10,63,0.2414631993429719,62,1843,185,0,plain,file
8,37,0.24123704372315843,105,1247,869,0,plain,file
58,63,0.24116610770124292,53,479,185,0,plain,file
2,72,0.24095444708539135,87,6145,290,0,plain,file
31,60,0.24086269027111704,54,554,356,0,plain,file
42,50,0.24079605518712147,67,864,377,0,plain,file
34,53,0.24065509125180987,69,888,364,0,plain,file
10,50,0.2406316570293781,91,1843,377,0,plain,file
3,50,0.2406098737717948,99,3505,377,0,plain,file
33,36,0.24056734558054316,90,1307,734,0,plain,file
22,50,0.24043563411974253,85,1283,377,0,plain,file
25,48,0.24028535058806436,101,900,564,0,plain,file
58,65,0.24022257168185587,55,479,293,0,plain,file
36,51,0.24020818761438126,84,734,364,0,plain,file
12,25,0.24010106444821278,139,1799,900,0,plain,file
14,67,0.23983985218393256,63,834,337,0,plain,file
29,53,0.23939502058746473,72,982,364,0,plain,file
21,67,0.23934231643326448,72,1178,337,0,plain,file
31,32,0.23927774618917147,68,554,376,1,plain,file
7,68,0.23923469575449607,98,3345,305,0,plain,file
18,72,0.23916943823245154,83,1587,290,0,plain,file
23,58,0.2390581258027059,81,1056,479,0,plain,file
6,52,0.23890196282578183,106,3060,316,0,plain,file
39,51,0.2388449441800487,91,1181,364,0,plain,file
8,15,0.23875528864858725,98,1247,661,0,plain,file
7,65,0.23861126586328957,75,3345,293,0,plain,file
5,53,0.23839079292725304,85,2841,364,0,plain,file
33,62,0.23823692000852045,53,1307,181,0,plain,file
2,50,0.23812761094475593,110,6145,377,0,plain,file
9,51,0.2380259153932807,92,2505,364,0,plain,file
17,57,0.23799622898249828,108,1562,579,0,plain,file
16,50,0.2378362518599893,94,1848,377,0,plain,file
35,65,0.2378329210521809,51,782,293,0,plain,file
40,50,0.23780043136731097,87,1230,377,0,plain,file
23,70,0.23762318291227566,72,1056,221,0,plain,file
8,32,0.23760682068109018,87,1247,376,0,plain,file
49,66,0.23756216502555616,38,357,258,0,plain,file
14,51,0.23744368468167196,79,834,364,0,plain,file
4,73,0.23733343200592025,75,3767,204,0,plain,file
9,44,0.2372670959565266,78,2505,350,0,plain,file
6,63,0.2371121941883151,74,3060,185,0,plain,file
20,51,0.23704618336002145,80,1357,364,0,plain,file
14,65,0.23696868458909576,52,834,293,0,plain,file
33,63,0.23695818927218942,56,1307,185,0,plain,file
43,59,0.23693605534011344,79,840,451,0,plain,file
10,66,0.23678954307929276,71,1843,258,0,plain,file
2,71,0.23650745072790288,76,6145,231,0,plain,file
21,50,0.23642352794312702,82,1178,377,0,plain,file
30,67,0.2363734422470482,55,821,337,0,plain,file
8,20,0.23624020918101654,116,1247,1357,0,plain,file
6,50,0.23623200233158942,100,3060,377,0,plain,file
29,98,0.2359684137670986,38,982,98,0,plain,file
23,67,0.23573711659095267,75,1056,337,0,plain,file
23,44,0.2355802190586351,78,1056,350,0,plain,file
27,47,0.23554758614785196,78,1163,546,0,plain,file
49,64,0.235387108185728,45,357,246,0,plain,file
46,48,0.23505732501861212,78,649,564,0,plain,file
35,44,0.23498592393569692,56,782,350,0,plain,file
38,50,0.23498477898001258,84,739,377,0,plain,file
13,65,0.23485149214065265,55,858,293,0,plain,file
49,62,0.23484103925890748,36,357,181,0,plain,file
7,52,0.23466083234794813,106,3345,316,0,plain,file
14,62,0.23445254233427523,49,834,181,0,plain,file
40,66,0.23416931524791817,66,1230,258,0,plain,file
21,47,0.23402392217715365,83,1178,546,0,plain,file
7,71,0.23384366200056908,73,3345,231,0,plain,file
42,44,0.23383776602316944,60,864,350,0,plain,file
13,60,0.23344718295918668,63,858,356,0,plain,file
23,50,0.2333367199565967,89,1056,377,0,plain,file
45,53,0.23314428434438864,62,492,364,0,plain,file
17,67,0.23310474912005175,77,1562,337,0,plain,file
35,61,0.23280803549655554,48,782,230,0,plain,file
25,32,0.2326808455613165,106,900,376,0,plain,file
46,53,0.23241664095887224,65,649,364,0,plain,file
28,62,0.23189273640112468,59,1442,181,0,plain,file
4,67,0.2318823206468211,82,3767,337,0,plain,file
34,60,0.23187362107295595,75,888,356,0,plain,file
29,50,0.23178132418809147,85,982,377,0,plain,file
48,61,0.2316888929696192,50,564,230,0,plain,file
30,65,0.23161964851544825,48,821,293,0,plain,file
28,48,0.23159402991187675,85,1442,564,0,plain,file
30,60,0.23154706761653562,55,821,356,0,plain,file
47,60,0.23067625575285747,54,546,356,0,plain,file
20,61,0.23061351998527285,54,1357,230,0,plain,file
22,51,0.23054673508409934,85,1283,364,0,plain,file
48,49,0.23053007092537225,55,564,357,1,plain,file
31,67,0.23040752195842146,52,554,337,0,plain,file
14,50,0.23033544461982278,83,834,377,0,plain,file
12,32,0.23021806567192565,99,1799,376,0,plain,file
42,51,0.23001998733267573,62,864,364,0,plain,file
20,57,0.2298492262016888,86,1357,579,0,plain,file
58,62,0.2296908009995195,43,479,181,0,plain,file
11,62,0.2295782428492973,64,1950,181,0,plain,file
34,49,0.22947783467308377,64,888,357,0,plain,file
46,60,0.22946144938271748,66,649,356,0,plain,file
46,49,0.2294523138294833,49,649,357,0,plain,file
46,62,0.22913732290901562,50,649,181,0,plain,file
24,37,0.22905979825195102,106,1323,869,0,plain,file
13,37,0.228865846860592,84,858,869,0,plain,file
15,24,0.22861754679986676,95,661,1323,0,plain,file
39,50,0.22854240869058468,80,1181,377,0,plain,file
59,65,0.22825979391121493,44,451,293,0,plain,file
26,61,0.22807608323404532,55,1324,230,0,plain,file
26,57,0.22801609287056224,81,1324,579,0,plain,file
31,62,0.2275617209880371,42,554,181,0,plain,file
59,63,0.2274517345269476,44,451,185,0,plain,file
8,38,0.227385914674328,98,1247,739,0,plain,file
31,65,0.2273434624008456,50,554,293,0,plain,file
2,68,0.2273135007368384,103,6145,305,0,plain,file
3,73,0.2273097865055493,66,3505,204,0,plain,file
33,64,0.22692021112340713,58,1307,246,0,plain,file
22,98,0.22688089976766104,41,1283,98,0,plain,file
45,49,0.22683527142485993,44,492,357,0,plain,file
35,53,0.22659817832910673,55,782,364,0,plain,file
34,48,0.22653493083151977,89,888,564,0,plain,file
12,44,0.22636178609467608,92,1799,350,0,plain,file
39,66,0.2260655615105475,64,1181,258,0,plain,file
48,65,0.22600718977101616,53,564,293,0,plain,file
13,64,0.22593245318942234,62,858,246,0,plain,file
4,51,0.22576799113528587,101,3767,364,0,plain,file
47,63,0.22567341644263383,46,546,185,0,plain,file
32,37,0.22562759186445872,84,376,869,0,plain,file
36,47,0.22552683619290753,75,734,546,0,plain,file
62,64,0.22541370839696478,41,181,246,0,plain,file
6,68,0.22541150285813422,102,3060,305,0,plain,file
43,52,0.22540537127643814,80,840,316,0,plain,file
25,26,0.22535458098899164,125,900,1324,1,plain,file
21,52,0.22523609010407866,84,1178,316,0,plain,file
25,31,0.22504883350844385,88,900,554,0,plain,file
10,72,0.22474653919376825,66,1843,290,0,plain,file
47,48,0.22469852828141862,69,546,564,1,plain,file
41,44,0.2245921029033936,70,798,350,0,plain,file
41,60,0.22448087707600245,64,798,356,0,plain,file
17,53,0.224386297821376,93,1562,364,0,plain,file
60,66,0.2242198647200213,55,356,258,0,plain,file
13,62,0.2241616714163458,44,858,181,0,plain,file
6,66,0.22413280191771667,83,3060,258,0,plain,file
31,37,0.2240872729062776,76,554,869,0,plain,file
33,43,0.22381668654215414,108,1307,840,0,plain,file
2,74,0.2237891555976821,88,6145,260,0,plain,file
3,72,0.22376295904267648,81,3505,290,0,plain,file
30,44,0.22367433264410577,58,821,350,0,plain,file
24,67,0.22364242046857846,66,1323,337,0,plain,file
9,67,0.22356428193350994,75,2505,337,0,plain,file
22,73,0.22336382927887,54,1283,204,0,plain,file
27,48,0.22330114390900047,84,1163,564,0,plain,file
28,66,0.2230859420559886,64,1442,258,0,plain,file
3,52,0.22298759689591788,99,3505,316,0,plain,file
19,32,0.22298340533661376,88,975,376,0,plain,file
10,71,0.22293674667784086,63,1843,231,0,plain,file
28,50,0.2229146648465911,84,1442,377,0,plain,file
32,44,0.2229031217747986,62,376,350,0,plain,file
45,48,0.22288944618498274,66,492,564,0,plain,file
23,52,0.22283136086222274,88,1056,316,0,plain,file
27,52,0.22264416462068706,87,1163,316,0,plain,file
11,64,0.22263404467493025,81,1950,246,0,plain,file
15,25,0.22254514996606337,107,661,900,0,plain,file
23,47,0.22221779101450023,75,1056,546,0,plain,file
24,32,0.22216071084697653,78,1323,376,0,plain,file
18,58,0.22213061030462222,97,1587,479,0,plain,file
10,56,0.2218969514171178,70,1843,383,0,plain,file
32,38,0.2215908851324415,77,376,739,0,plain,file
3,74,0.22150005247390306,74,3505,260,0,plain,file
12,58,0.2214797406282347,90,1799,479,0,plain,file
60,64,0.22146244948278004,50,356,246,0,plain,file
29,63,0.22127647378342993,57,982,185,0,plain,file
30,53,0.22100680143683002,62,821,364,0,plain,file
3,85,0.22046368766736466,60,3505,113,0,plain,file
30,61,0.22038597844542832,40,821,230,0,plain,file
15,57,0.2203095307735262,69,661,579,0,plain,file
11,66,0.22028127505224906,76,1950,258,0,plain,file
30,50,0.22023856039022216,64,821,377,0,plain,file
27,50,0.22003805076963476,73,1163,377,0,plain,file
32,59,0.2199741071033423,57,376,451,0,plain,file
4,53,0.2199685685645615,91,3767,364,0,plain,file
49,63,0.21996832005187242,38,357,185,0,plain,file
41,49,0.21994622200389882,58,798,357,0,plain,file
27,62,0.21986678978814983,57,1163,181,0,plain,file
18,51,0.21978925910785893,89,1587,364,0,plain,file
8,19,0.21967542091091696,104,1247,975,0,plain,file
38,44,0.21962448788139127,76,739,350,0,plain,file
16,68,0.2195998903451222,84,1848,305,0,plain,file
19,24,0.21956964165443812,111,975,1323,0,plain,file
4,76,0.21912060502425487,61,3767,247,0,plain,file
15,31,0.2189661595229351,72,661,554,0,plain,file
20,44,0.21889063566546763,76,1357,350,0,plain,file
45,64,0.21868473075989964,53,492,246,0,plain,file
35,51,0.21867722137614418,65,782,364,0,plain,file
47,61,0.21864657643611976,35,546,230,0,plain,file
37,56,0.21851652260210164,82,869,383,0,plain,file
17,44,0.21846724730894312,80,1562,350,0,plain,file
13,53,0.21833822487876012,63,858,364,0,plain,file
9,53,0.2182882646454782,75,2505,364,0,plain,file
23,62,0.2182661781576786,61,1056,181,0,plain,file
25,59,0.21818001662622452,76,900,451,0,plain,file
5,50,0.21810565097388604,102,2841,377,0,plain,file
61,66,0.21802411714572983,38,230,258,0,plain,file
38,59,0.21796152629758503,70,739,451,0,plain,file
45,62,0.21792274590542007,46,492,181,0,plain,file
48,60,0.21790563940673244,64,564,356,0,plain,file
33,37,0.21760809415322582,87,1307,869,0,plain,file
2,56,0.2175934297161348,96,6145,383,0,plain,file
14,66,0.21752210221045817,60,834,258,0,plain,file
25,57,0.21726654191504868,93,900,579,0,plain,file
3,71,0.2168788174340531,65,3505,231,0,plain,file
41,62,0.21650502460783544,50,798,181,0,plain,file
44,51,0.21645092862665888,63,350,364,0,plain,file
11,52,0.21636892153687629,92,1950,316,0,plain,file
27,60,0.21619882360838502,64,1163,356,0,plain,file
18,60,0.21596274770549714,79,1587,356,0,plain,file
26,71,0.21589926913683913,58,1324,231,0,plain,file
4,44,0.2157458646551575,86,3767,350,0,plain,file
34,64,0.21570183989776154,70,888,246,0,plain,file
41,50,0.21569273733046443,75,798,377,0,plain,file
7,56,0.21566658278503986,82,3345,383,0,plain,file
28,65,0.21550436545058824,55,1442,293,0,plain,file
6,74,0.21544646203554002,81,3060,260,0,plain,file
15,59,0.21535121765932186,63,661,451,0,plain,file
38,51,0.21534303805092223,79,739,364,0,plain,file
25,38,0.2152529208932536,106,900,739,0,plain,file
30,51,0.2151900477049976,68,821,364,0,plain,file
24,38,0.21501284437387924,93,1323,739,0,plain,file
46,50,0.21452280412441757,68,649,377,0,plain,file
19,59,0.21439916855011362,74,975,451,0,plain,file
10,68,0.2143831135579052,87,1843,305,0,plain,file
29,66,0.21414628447235964,61,982,258,0,plain,file
30,64,0.2136671023672888,54,821,246,0,plain,file
12,60,0.21333052961575097,90,1799,356,0,plain,file
15,33,0.21332917248480993,86,661,1307,0,plain,file
57,65,0.21318972645303108,54,579,293,0,plain,file
47,64,0.2131602245449335,50,546,246,0,plain,file
7,64,0.2131458655131689,87,3345,246,0,plain,file
11,65,0.21312826044059233,66,1950,293,0,plain,file
28,71,0.21299139804798048,52,1442,231,0,plain,file
31,44,0.21281590530386532,56,554,350,0,plain,file
12,49,0.21273351220939532,76,1799,357,0,plain,file
45,60,0.21266774142686215,54,492,356,0,plain,file
17,60,0.21261877737085425,83,1562,356,0,plain,file
42,52,0.21260981914267998,61,864,316,0,plain,file
39,52,0.2125984622822135,86,1181,316,0,plain,file
4,72,0.2125954185051326,76,3767,290,0,plain,file
14,53,0.21250601672670316,59,834,364,0,plain,file
45,51,0.2123097295305476,63,492,364,0,plain,file
16,56,0.2120981211822534,73,1848,383,0,plain,file
30,63,0.21185074394880135,46,821,185,0,plain,file
31,38,0.21168850209743295,69,554,739,0,plain,file
11,68,0.21159558729233482,79,1950,305,0,plain,file
14,71,0.21158671799940282,58,834,231,0,plain,file
21,53,0.21147753516914902,64,1178,364,0,plain,file
12,47,0.2113054948519926,96,1799,546,0,plain,file
39,72,0.2111313161265303,62,1181,290,0,plain,file
41,53,0.21113101738897327,68,798,364,0,plain,file
12,67,0.21109819331357238,73,1799,337,0,plain,file
20,50,0.211096458939102,90,1357,377,0,plain,file
5,72,0.21103916594344732,76,2841,290,0,plain,file
24,66,0.2110339277243948,57,1323,258,0,plain,file
10,98,0.21097119823576077,41,1843,98,0,plain,file
26,50,0.21073690003351203,79,1324,377,0,plain,file
19,57,0.21071805393710336,80,975,579,0,plain,file
57,67,0.2103905910746126,57,579,337,0,plain,file
5,71,0.2102164992521657,67,2841,231,0,plain,file
37,59,0.21019581017385053,67,869,451,0,plain,file
34,61,0.21010355829758368,55,888,230,0,plain,file
36,52,0.2096087047292978,79,734,316,0,plain,file
60,65,0.2095045190348619,48,356,293,0,plain,file
11,73,0.2094523294734168,63,1950,204,0,plain,file
41,48,0.20940702748373097,74,798,564,0,plain,file
28,68,0.20915743887341748,75,1442,305,0,plain,file
9,72,0.2091196128326969,69,2505,290,0,plain,file
16,73,0.20911129410317228,56,1848,204,0,plain,file
10,74,0.2090084061725018,70,1843,260,0,plain,file
13,51,0.20873461685545822,67,858,364,0,plain,file
19,31,0.20862484869323614,85,975,554,0,plain,file
21,68,0.20861086304086338,69,1178,305,0,plain,file
31,53,0.2082975149671627,54,554,364,0,plain,file
49,65,0.2082599608047517,34,357,293,0,plain,file
16,98,0.20807665565441855,38,1848,98,0,plain,file
8,44,0.20777914136041048,72,1247,350,0,plain,file
8,51,0.20772105756587442,82,1247,364,0,plain,file
6,71,0.20771835992205048,69,3060,231,0,plain,file
82,83,0.20762599899493,23,85,173,1,plain,file
45,61,0.20760554129663258,40,492,230,0,plain,file
52,68,0.20746937881559996,54,316,305,0,plain,file
39,98,0.2074423787693446,33,1181,98,0,plain,file
18,61,0.2074084721480854,59,1587,230,0,plain,file
17,76,0.20736288262639435,72,1562,247,0,plain,file
6,56,0.20728396326378956,85,3060,383,0,plain,file
9,73,0.20710577875579358,57,2505,204,0,plain,file
5,73,0.20686164467875132,62,2841,204,0,plain,file
10,73,0.20674521335103996,52,1843,204,0,plain,file
40,63,0.20654217099157277,54,1230,185,0,plain,file
60,61,0.20647137719527947,36,356,230,1,plain,file
25,37,0.2064672626746104,111,900,869,0,plain,file
22,72,0.20645370709720393,55,1283,290,0,plain,file
13,52,0.20641678742740394,68,858,316,0,plain,file
7,72,0.20634493808467458,87,3345,290,0,plain,file
5,74,0.20610171071896569,77,2841,260,0,plain,file
32,47,0.20601538714023404,56,376,546,0,plain,file
44,52,0.2058596208119641,63,350,316,0,plain,file
17,58,0.2056079184949728,87,1562,479,0,plain,file
21,58,0.20545366785520416,86,1178,479,0,plain,file
57,66,0.20533106766312656,60,579,258,0,plain,file
13,61,0.2052894083396329,40,858,230,0,plain,file
42,63,0.20493599948002952,42,864,185,0,plain,file
16,71,0.20493573243543356,54,1848,231,0,plain,file
37,57,0.2045888582338661,73,869,579,0,plain,file
45,63,0.20456814608996257,46,492,185,0,plain,file
26,68,0.2043701735847252,75,1324,305,0,plain,file
23,53,0.20404752387433378,70,1056,364,0,plain,file
58,98,0.20398737717331625,33,479,98,0,plain,file
8,67,0.20373537409225498,65,1247,337,0,plain,file
18,53,0.20373378764654546,84,1587,364,0,plain,file
45,67,0.20352603032502833,50,492,337,0,plain,file
20,60,0.20333591211291285,65,1357,356,0,plain,file
32,50,0.20328802192256018,67,376,377,0,plain,file
42,66,0.20324121462295408,49,864,258,0,plain,file
12,50,0.20317714314091131,84,1799,377,0,plain,file
3,56,0.20315587832254225,83,3505,383,0,plain,file
42,98,0.20315473661402703,28,864,98,0,plain,file
25,58,0.203138241799242,80,900,479,0,plain,file
17,73,0.20307777150926515,58,1562,204,0,plain,file
45,52,0.2030659797480147,71,492,316,0,plain,file
18,44,0.20283566821983717,83,1587,350,0,plain,file
13,50,0.2027069836267908,69,858,377,0,plain,file
25,67,0.20239121342266791,60,900,337,0,plain,file
40,98,0.20227300522350497,36,1230,98,0,plain,file
20,53,0.20226006784419726,71,1357,364,0,plain,file
17,47,0.20217956557137232,95,1562,546,0,plain,file
30,52,0.2021664519510153,72,821,316,0,plain,file
26,67,0.20209866195295956,68,1324,337,0,plain,file
40,73,0.20206481652856756,52,1230,204,0,plain,file
21,60,0.20205132300653073,69,1178,356,0,plain,file
23,61,0.20196751873637142,53,1056,230,0,plain,file
43,68,0.20178685538122793,81,840,305,0,plain,file
18,49,0.2017474076876148,62,1587,357,0,plain,file
9,85,0.20172803357049893,54,2505,113,0,plain,file
27,53,0.20166165521194257,72,1163,364,0,plain,file
12,66,0.20154754280368278,70,1799,258,0,plain,file
36,60,0.20143032265288657,68,734,356,0,plain,file
46,52,0.20128174390519482,69,649,316,0,plain,file
27,71,0.20126293422871186,55,1163,231,0,plain,file
61,63,0.20122351600114488,33,230,185,0,plain,file
9,71,0.20116572107791403,54,2505,231,0,plain,file
24,44,0.20091681294225128,67,1323,350,0,plain,file
28,63,0.20078306749491348,54,1442,185,0,plain,file
41,52,0.20066659439941464,73,798,316,0,plain,file
32,33,0.2006412154019548,71,376,1307,1,plain,file
5,52,0.20059883019627736,91,2841,316,0,plain,file
12,53,0.2005801147281937,85,1799,364,0,plain,file
20,71,0.2005128150627134,50,1357,231,0,plain,file
8,53,0.2004677252677697,64,1247,364,0,plain,file
36,50,0.20023903300555848,73,734,377,0,plain,file
19,51,0.20022727072170474,80,975,364,0,plain,file
35,50,0.20004387490915168,65,782,377,0,plain,file
18,68,0.19994438704942483,88,1587,305,0,plain,file
57,63,0.1995975808602996,46,579,185,0,plain,file
38,57,0.19936552449431327,68,739,579,0,plain,file
4,71,0.19932486658557308,67,3767,231,0,plain,file
58,66,0.1988439116251512,45,479,258,0,plain,file
9,52,0.19878159958183184,83,2505,316,0,plain,file
48,64,0.19861778373440975,55,564,246,0,plain,file
36,58,0.1984406767523703,76,734,479,0,plain,file
3,68,0.19837039844209808,93,3505,305,0,plain,file
13,44,0.19817170372097442,58,858,350,0,plain,file
11,56,0.1979873494635567,75,1950,383,0,plain,file
46,64,0.19788748784014198,54,649,246,0,plain,file
12,48,0.19788443531170258,100,1799,564,0,plain,file
33,38,0.19779857173299797,84,1307,739,0,plain,file
43,61,0.19771602989465928,56,840,230,0,plain,file
27,63,0.19768046970210232,56,1163,185,0,plain,file
59,66,0.19767097717995177,49,451,258,0,plain,file
36,53,0.19758264944249154,55,734,364,0,plain,file
43,50,0.19743598565613943,79,840,377,0,plain,file
44,57,0.1971787811289459,54,350,579,0,plain,file
27,66,0.19711680315825614,59,1163,258,0,plain,file
20,47,0.19707953213696727,83,1357,546,0,plain,file
34,74,0.19703322010929572,54,888,260,0,plain,file
6,98,0.19683036942758755,41,3060,98,0,plain,file
29,52,0.19662532592328755,75,982,316,0,plain,file
34,52,0.19651989649032048,78,888,316,0,plain,file
12,65,0.19648299759594162,66,1799,293,0,plain,file
40,71,0.19635384412635337,60,1230,231,0,plain,file
77,83,0.19624352926703462,24,185,173,0,plain,file
35,98,0.19609836757781868,30,782,98,0,plain,file
24,51,0.1960889359517161,74,1323,364,0,plain,file
23,49,0.19603282689041085,58,1056,357,0,plain,file
61,64,0.19596393222891645,39,230,246,0,plain,file
24,53,0.1959568650559256,69,1323,364,0,plain,file
32,62,0.1958244824721296,44,376,181,0,plain,file
13,66,0.19578296342336926,55,858,258,0,plain,file
26,53,0.19574339795387136,67,1324,364,0,plain,file
2,70,0.19567182482011408,73,6145,221,0,plain,file
10,83,0.19559634217748026,54,1843,173,0,plain,file
7,98,0.19554101168279878,44,3345,98,0,plain,file
59,98,0.1954201583391695,27,451,98,0,plain,file
60,62,0.1950763941257756,39,356,181,0,plain,file
15,53,0.19502007185043654,56,661,364,0,plain,file
12,62,0.1947850316026137,64,1799,181,0,plain,file
13,63,0.19465019588576304,46,858,185,0,plain,file
23,60,0.19458092886876918,66,1056,356,0,plain,file
38,52,0.19445971310794616,74,739,316,0,plain,file
21,49,0.19414860759861585,60,1178,357,0,plain,file
6,73,0.19404488517544466,62,3060,204,0,plain,file
23,56,0.19402822176881002,72,1056,383,0,plain,file
13,98,0.1939093074837659,34,858,98,0,plain,file
26,58,0.19373763016030482,75,1324,479,0,plain,file
2,85,0.19372695001129694,63,6145,113,0,plain,file
40,52,0.1937159228982,83,1230,316,0,plain,file
18,67,0.193620920068018,68,1587,337,0,plain,file
18,50,0.19361709553579273,81,1587,377,0,plain,file
25,47,0.1934672030350248,80,900,546,0,plain,file
19,50,0.19340836961173802,78,975,377,0,plain,file
6,83,0.19340406135247412,55,3060,173,0,plain,file
5,85,0.19336953771247226,60,2841,113,0,plain,file
43,53,0.19322328742393421,66,840,364,0,plain,file
8,98,0.19310606851953796,30,1247,98,0,plain,file
24,73,0.19295733877768073,52,1323,204,0,plain,file
9,74,0.19283566002922495,72,2505,260,0,plain,file
46,66,0.19282505621454296,55,649,258,0,plain,file
37,68,0.19279687221999572,75,869,305,0,plain,file
44,59,0.19277334841005536,47,350,451,0,plain,file
36,49,0.19273645709542817,59,734,357,0,plain,file
35,63,0.19262838273084093,43,782,185,0,plain,file
34,72,0.19229250948421825,65,888,290,0,plain,file
46,65,0.19224100996852864,44,649,293,0,plain,file
33,73,0.1922101943276573,51,1307,204,0,plain,file
2,76,0.1920627036309245,68,6145,247,0,plain,file
43,58,0.19206218872720057,76,840,479,0,plain,file
64,65,0.19205658405073264,46,246,293,1,plain,file
46,63,0.19190386071261664,48,649,185,0,plain,file
16,74,0.19180243852136772,71,1848,260,0,plain,file
23,48,0.19164324990016798,85,1056,564,0,plain,file
32,52,0.19161260939909158,61,376,316,0,plain,file
43,47,0.19152782288801656,86,840,546,0,plain,file
28,52,0.19141095782288303,78,1442,316,0,plain,file
27,65,0.19134285168168588,55,1163,293,0,plain,file
51,57,0.19131085686232038,63,364,579,0,plain,file
18,65,0.1913083031107733,78,1587,293,0,plain,file
14,63,0.19123479809806634,43,834,185,0,plain,file
47,65,0.19121575914572767,48,546,293,0,plain,file
4,50,0.19120911807287908,97,3767,377,0,plain,file
11,74,0.19114349494199973,66,1950,260,0,plain,file
32,51,0.19110462147796095,63,376,364,0,plain,file
37,52,0.19105617444712203,77,869,316,0,plain,file
22,52,0.1909593985050828,74,1283,316,0,plain,file
35,66,0.19094961961752185,47,782,258,0,plain,file
45,50,0.19088381933047882,49,492,377,0,plain,file
22,85,0.19088082997357858,50,1283,113,0,plain,file
41,65,0.19076972228639977,52,798,293,0,plain,file
19,44,0.19057429643763005,66,975,350,0,plain,file
26,56,0.19039578573524055,68,1324,383,0,plain,file
5,68,0.19034345445370718,86,2841,305,0,plain,file
32,58,0.19033048226735916,59,376,479,0,plain,file
23,64,0.19032800707747172,70,1056,246,0,plain,file
28,56,0.19020751728326957,61,1442,383,0,plain,file
28,73,0.19013172522940078,55,1442,204,0,plain,file
8,73,0.19007942273722336,47,1247,204,0,plain,file
11,63,0.1899973188782313,60,1950,185,0,plain,file
17,51,0.18976802105299997,83,1562,364,0,plain,file
7,73,0.18967080936806835,68,3345,204,0,plain,file
27,64,0.18964183606727633,69,1163,246,0,plain,file
46,72,0.1894173259732145,55,649,290,0,plain,file
47,98,0.18939995940374205,31,546,98,0,plain,file
41,64,0.18928512078799428,61,798,246,0,plain,file
11,72,0.18923040948081876,65,1950,290,0,plain,file
15,56,0.18905376048984027,69,661,383,0,plain,file
24,98,0.1888298199633126,33,1323,98,0,plain,file
4,74,0.18872301282239234,72,3767,260,0,plain,file
29,71,0.18864529104690184,56,982,231,0,plain,file
26,49,0.18848599545132483,64,1324,357,0,plain,file
17,50,0.18821279561920345,79,1562,377,0,plain,file
21,48,0.18821136671553992,85,1178,564,0,plain,file
36,68,0.18800667997182952,63,734,305,0,plain,file
31,63,0.18799924801994936,38,554,185,0,plain,file
21,61,0.18768685566931056,51,1178,230,0,plain,file
2,83,0.18758723748026873,59,6145,173,0,plain,file
45,65,0.18755220480132812,39,492,293,0,plain,file
12,68,0.1874528174096536,75,1799,305,0,plain,file
48,63,0.18725772283455336,43,564,185,0,plain,file
16,72,0.18717363753922253,62,1848,290,0,plain,file
21,72,0.18716341955603213,70,1178,290,0,plain,file
40,72,0.1869491174116224,66,1230,290,0,plain,file
31,73,0.18674875911241065,35,554,204,0,plain,file
47,62,0.18655753073432013,32,546,181,0,plain,file
20,58,0.18655587720503572,78,1357,479,0,plain,file
4,52,0.1865548943129753,92,3767,316,0,plain,file
17,49,0.18640966495204275,61,1562,357,0,plain,file
35,71,0.18640367602409955,44,782,231,0,plain,file
29,72,0.1861826821126156,59,982,290,0,plain,file
21,56,0.18613120437678718,63,1178,383,0,plain,file
11,98,0.1859199836637235,37,1950,98,0,plain,file
46,68,0.18591494866917288,66,649,305,0,plain,file
20,49,0.18549400732141513,54,1357,357,0,plain,file
19,47,0.18525617337849656,80,975,546,0,plain,file
33,67,0.18523940865343783,58,1307,337,0,plain,file
13,72,0.18517687754802398,53,858,290,0,plain,file
40,74,0.18503961139979716,63,1230,260,0,plain,file
29,74,0.1848676855660396,57,982,260,0,plain,file
28,72,0.18469424861116132,60,1442,290,0,plain,file
57,85,0.1845923937926958,46,579,113,0,plain,file
15,68,0.18453943775132586,61,661,305,0,plain,file
25,50,0.18452224599838035,90,900,377,0,plain,file
53,57,0.18449761177506552,55,364,579,0,plain,file
35,52,0.18447419404244908,63,782,316,0,plain,file
59,67,0.18421930151935767,37,451,337,0,plain,file
42,74,0.18385092604898304,46,864,260,0,plain,file
19,61,0.18371661993471547,48,975,230,0,plain,file
26,47,0.18366515157507945,70,1324,546,0,plain,file
20,65,0.18353879801592937,61,1357,293,0,plain,file
39,70,0.18346134014627546,54,1181,221,0,plain,file
14,98,0.18338164079690505,31,834,98,0,plain,file
36,61,0.18312097521753323,46,734,230,0,plain,file
31,50,0.18282358040971586,49,554,377,0,plain,file
20,67,0.1827614816835445,63,1357,337,0,plain,file
20,68,0.18268998556275556,68,1357,305,0,plain,file
37,50,0.18267668963242092,72,869,377,0,plain,file
12,71,0.1824522024388297,53,1799,231,0,plain,file
34,98,0.1824121279630555,29,888,98,0,plain,file
33,44,0.18238695364788624,58,1307,350,0,plain,file
25,76,0.18236929358510812,70,900,247,0,plain,file
33,76,0.18223744616799337,55,1307,247,0,plain,file
40,85,0.18220284551703014,54,1230,113,0,plain,file
34,56,0.1821171691974753,59,888,383,0,plain,file
53,59,0.18207057859546935,43,364,451,0,plain,file
19,48,0.1820466952345287,77,975,564,0,plain,file
29,68,0.18198369154617258,71,982,305,0,plain,file
30,98,0.18198003443820837,27,821,98,0,plain,file
29,56,0.18197917146528653,62,982,383,0,plain,file
16,85,0.18190680816831134,48,1848,113,0,plain,file
38,53,0.18184789139613883,60,739,364,0,plain,file
10,85,0.18173774847888133,55,1843,113,0,plain,file
46,56,0.18172557790541308,55,649,383,0,plain,file
38,67,0.18154848887479103,53,739,337,0,plain,file
47,66,0.18150796334307406,45,546,258,0,plain,file
10,70,0.18125032466849145,61,1843,221,0,plain,file
3,83,0.18117532786436144,53,3505,173,0,plain,file
21,62,0.1810552695504272,53,1178,181,0,plain,file
60,63,0.180954501552954,37,356,185,0,plain,file
30,66,0.1803582218695859,45,821,258,0,plain,file
2,69,0.18026498584538378,80,6145,264,0,plain,file
41,61,0.18016218601293887,41,798,230,0,plain,file
34,85,0.1801538165147092,47,888,113,0,plain,file
23,71,0.18001450097132826,56,1056,231,0,plain,file
36,63,0.1798684558761517,49,734,185,0,plain,file
30,56,0.17985088808846944,55,821,383,0,plain,file
41,56,0.17972789507719786,62,798,383,0,plain,file
16,83,0.17961606479557599,47,1848,173,0,plain,file
16,70,0.17955221471287364,61,1848,221,0,plain,file
7,74,0.1792628013343477,74,3345,260,0,plain,file
42,70,0.17905071796691105,46,864,221,0,plain,file
3,76,0.1790071175749408,53,3505,247,0,plain,file
33,72,0.17897790476093123,56,1307,290,0,plain,file
53,67,0.17896584339006938,42,364,337,0,plain,file
33,53,0.17891701931367807,68,1307,364,0,plain,file
35,72,0.17885587282588647,50,782,290,0,plain,file
9,50,0.1787697708311422,77,2505,377,0,plain,file
45,66,0.1786365597119476,46,492,258,0,plain,file
11,83,0.17845872766430537,45,1950,173,0,plain,file
32,53,0.17844606728057616,53,376,364,0,plain,file
22,74,0.1784332994207872,60,1283,260,0,plain,file
34,68,0.17840244559716023,72,888,305,0,plain,file
42,72,0.17830277377294967,49,864,290,0,plain,file
23,63,0.17820767126793546,53,1056,185,0,plain,file
39,73,0.1780426680980047,46,1181,204,0,plain,file
17,74,0.1779889542260296,65,1562,260,0,plain,file
45,83,0.17787034757381118,42,492,173,0,plain,file
17,68,0.17776852255208145,74,1562,305,0,plain,file
35,73,0.17772850049113584,41,782,204,0,plain,file
46,98,0.1775701241731573,25,649,98,0,plain,file
41,63,0.17737845291667512,47,798,185,0,plain,file
39,71,0.17719670985984498,59,1181,231,0,plain,file
35,74,0.17716226961976994,48,782,260,0,plain,file
39,56,0.1769868696394568,65,1181,383,0,plain,file
36,71,0.1766701728872968,53,734,231,0,plain,file
15,54,0.1765586560102619,62,661,346,0,plain,file
26,60,0.17653252617947301,70,1324,356,0,plain,file
5,56,0.1764263254111923,76,2841,383,0,plain,file
38,47,0.17626483899202888,60,739,546,0,plain,file
31,66,0.1762438758669768,43,554,258,0,plain,file
22,71,0.17611701534299912,51,1283,231,0,plain,file
25,60,0.1758618770540854,63,900,356,0,plain,file
7,70,0.17579555054185203,68,3345,221,0,plain,file
20,48,0.17573648605806594,86,1357,564,0,plain,file
37,58,0.17567956703607565,64,869,479,0,plain,file
15,58,0.17565332717460022,64,661,479,0,plain,file
15,47,0.17564552272784675,62,661,546,0,plain,file
18,62,0.175580414264766,57,1587,181,0,plain,file
15,61,0.17539817536971591,42,661,230,0,plain,file
27,68,0.17535294979823898,72,1163,305,0,plain,file
11,69,0.17520719501366527,64,1950,264,0,plain,file
29,70,0.17508626494325236,53,982,221,0,plain,file
43,62,0.17468986238899734,53,840,181,0,plain,file
16,76,0.17468701898455824,57,1848,247,0,plain,file
20,66,0.17467774128126023,65,1357,258,0,plain,file
61,65,0.17464383986707113,29,230,293,0,plain,file
44,53,0.17462323847565575,44,350,364,0,plain,file
27,56,0.17460001438195594,62,1163,383,0,plain,file
14,52,0.17431522900580124,69,834,316,0,plain,file
7,54,0.1742852670257673,88,3345,346,0,plain,file
7,83,0.1742253238833672,55,3345,173,0,plain,file
46,83,0.1741929962954453,43,649,173,0,plain,file
10,76,0.17409591027452886,54,1843,247,0,plain,file
7,76,0.17398826278290883,65,3345,247,0,plain,file
8,85,0.17396114238855742,43,1247,113,0,plain,file
46,71,0.1739364477221346,50,649,231,0,plain,file
57,98,0.17387865413104123,30,579,98,0,plain,file
29,73,0.1738336115049073,43,982,204,0,plain,file
21,63,0.17383179479310074,53,1178,185,0,plain,file
22,56,0.17377002715405504,63,1283,383,0,plain,file
51,59,0.17373760745705244,50,364,451,0,plain,file
3,70,0.17362308861852802,66,3505,221,0,plain,file
18,71,0.17350282900644542,51,1587,231,0,plain,file
34,83,0.1732259046380351,47,888,173,0,plain,file
36,62,0.17312267216832958,50,734,181,0,plain,file
6,70,0.17308645208213425,70,3060,221,0,plain,file
43,56,0.17307468203804582,64,840,383,0,plain,file
6,85,0.17300999928276792,55,3060,113,0,plain,file
10,69,0.17299066274249586,60,1843,264,0,plain,file
39,74,0.17290221627993205,62,1181,260,0,plain,file
42,56,0.17284296707500993,46,864,383,0,plain,file
33,98,0.17268156310759153,30,1307,98,0,plain,file
43,48,0.17266040638120403,85,840,564,0,plain,file
22,70,0.1726248525454658,53,1283,221,0,plain,file
14,73,0.1724844178941163,41,834,204,0,plain,file
17,62,0.17247755849957216,53,1562,181,0,plain,file
24,72,0.1724454104674866,57,1323,290,0,plain,file
19,58,0.17242350136451287,76,975,479,0,plain,file
35,76,0.17225584521414924,39,782,247,0,plain,file
14,72,0.17220848835093608,50,834,290,0,plain,file
62,67,0.17207133049337045,31,181,337,0,plain,file
23,68,0.1719095383318771,77,1056,305,0,plain,file
33,51,0.1718923669958592,68,1307,364,0,plain,file
37,61,0.17183145323846966,46,869,230,0,plain,file
4,68,0.17180826100032173,87,3767,305,0,plain,file
8,72,0.17166422573245044,54,1247,290,0,plain,file
9,68,0.17165688460686612,74,2505,305,0,plain,file
15,67,0.17159581441113328,53,661,337,0,plain,file
5,76,0.17142276571357282,54,2841,247,0,plain,file
24,52,0.17116941825297638,69,1323,316,0,plain,file
50,51,0.17115758096665804,62,377,364,1,plain,file
36,56,0.17112923153752752,53,734,383,0,plain,file
35,56,0.17106740350989907,46,782,383,0,plain,file
50,57,0.17097696006471436,51,377,579,0,plain,file
42,85,0.1709547598610261,41,864,113,0,plain,file
17,72,0.1708947722111705,66,1562,290,0,plain,file
9,56,0.17084917014548506,69,2505,383,0,plain,file
63,64,0.17083692980309945,34,185,246,1,plain,file
40,68,0.17081961900440848,69,1230,305,0,plain,file
28,74,0.17080539301317424,63,1442,260,0,plain,file
22,83,0.17080059336242373,46,1283,173,0,plain,file
19,53,0.17076399288158606,62,975,364,0,plain,file
25,49,0.17070853940230066,56,900,357,0,plain,file
5,83,0.17062761195062146,48,2841,173,0,plain,file
26,48,0.1702348113510601,77,1324,564,0,plain,file
31,51,0.17017151023926838,56,554,364,0,plain,file
43,71,0.17015630284723166,56,840,231,0,plain,file
44,67,0.16990687432057316,40,350,337,0,plain,file
24,85,0.16979554819476356,46,1323,113,0,plain,file
37,67,0.16964632147731662,60,869,337,0,plain,file
37,47,0.16963355981376022,68,869,546,0,plain,file
12,64,0.16955560906714326,65,1799,246,0,plain,file
26,83,0.16928336952648773,49,1324,173,0,plain,file
6,69,0.16920522779692296,63,3060,264,0,plain,file
41,98,0.16912101595145734,30,798,98,0,plain,file
39,68,0.16892690733389762,72,1181,305,0,plain,file
5,70,0.1685286996494649,60,2841,221,0,plain,file
11,85,0.16848483630189146,53,1950,113,0,plain,file
14,68,0.16844327208710194,56,834,305,0,plain,file
7,69,0.16842910036367262,70,3345,264,0,plain,file
22,76,0.16835254379273162,48,1283,247,0,plain,file
20,72,0.16834510522640758,67,1357,290,0,plain,file
17,71,0.16830095327100267,57,1562,231,0,plain,file
48,66,0.1682236718610647,54,564,258,0,plain,file
28,98,0.16808979398121257,28,1442,98,0,plain,file
10,114,0.16806976705763785,11,1843,24,0,plain,file
28,64,0.1679892974715567,56,1442,246,0,plain,file
45,68,0.16792071366876174,55,492,305,0,plain,file
24,71,0.16783211144396173,42,1323,231,0,plain,file
8,70,0.16767487942671705,59,1247,221,0,plain,file
17,52,0.16714057196046567,80,1562,316,0,plain,file
45,98,0.16660277000780138,25,492,98,0,plain,file
65,66,0.16651940344998242,37,293,258,1,plain,file
43,66,0.16644647528991394,65,840,258,0,plain,file
4,70,0.16638415030609327,69,3767,221,0,plain,file
32,56,0.16620157472170743,57,376,383,0,plain,file
40,56,0.1661163498667556,53,1230,383,0,plain,file
40,54,0.1660257231011022,64,1230,346,0,plain,file
13,74,0.16592912276677518,51,858,260,0,plain,file
22,114,0.16589685223633222,10,1283,24,0,plain,file
25,53,0.1656215527201391,66,900,364,0,plain,file
6,76,0.16559013635802053,58,3060,247,0,plain,file
17,65,0.16558091570259484,63,1562,293,0,plain,file
30,74,0.16546454263796515,50,821,260,0,plain,file
43,60,0.16546215588579327,65,840,356,0,plain,file
44,50,0.1654410045993414,49,350,377,0,plain,file
40,70,0.1653647614088569,56,1230,221,0,plain,file
25,44,0.16527083925398597,64,900,350,0,plain,file
21,71,0.16524651963684275,48,1178,231,0,plain,file
48,62,0.16522684789990527,41,564,181,0,plain,file
26,62,0.16504754255515602,53,1324,181,0,plain,file
44,56,0.16503960490811284,47,350,383,0,plain,file
41,72,0.1649270127903755,55,798,290,0,plain,file
64,67,0.16479111853365325,44,246,337,0,plain,file
43,49,0.16467183114364783,58,840,357,0,plain,file
42,71,0.16466262558529116,40,864,231,0,plain,file
18,56,0.16456542180116052,69,1587,383,0,plain,file
8,74,0.16422135649188127,57,1247,260,0,plain,file
36,48,0.16411546694399579,71,734,564,0,plain,file
58,73,0.16391809165356533,41,479,204,0,plain,file
41,68,0.1636536041266659,62,798,305,0,plain,file
9,70,0.16358580607436404,56,2505,221,0,plain,file
62,63,0.16346690869600813,34,181,185,1,plain,file
19,67,0.1634539720620917,60,975,337,0,plain,file
21,74,0.1634360432854431,52,1178,260,0,plain,file
58,67,0.16342395101982338,46,479,337,0,plain,file
34,63,0.16327687981072292,54,888,185,0,plain,file
28,69,0.16318831745957033,52,1442,264,0,plain,file
45,56,0.16306051520821568,50,492,383,0,plain,file
11,70,0.1630599452593561,60,1950,221,0,plain,file
21,66,0.16298719626219174,61,1178,258,0,plain,file
4,56,0.16291178678506557,71,3767,383,0,plain,file
20,52,0.16274271205354565,64,1357,316,0,plain,file
17,56,0.16271533282073475,56,1562,383,0,plain,file
8,52,0.16267840528041153,69,1247,316,0,plain,file
37,53,0.16257524230317386,56,869,364,0,plain,file
27,74,0.16257400239322659,58,1163,260,0,plain,file
64,66,0.16256264590304803,43,246,258,0,plain,file
4,85,0.1625244819031467,53,3767,113,0,plain,file
24,74,0.1624567976850943,58,1323,260,0,plain,file
23,72,0.16242424990392992,66,1056,290,0,plain,file
3,69,0.162367535309405,64,3505,264,0,plain,file
44,49,0.16222445085843532,40,350,357,0,plain,file
9,76,0.162163561518583,49,2505,247,0,plain,file
53,72,0.16213343843153327,32,364,290,0,plain,file
34,65,0.16211139485481674,48,888,293,0,plain,file
18,63,0.16209463400219562,57,1587,185,0,plain,file
21,65,0.1620303740124459,47,1178,293,0,plain,file
42,73,0.16193563731336602,38,864,204,0,plain,file
39,85,0.1619062641738284,46,1181,113,0,plain,file
8,71,0.16189123121783058,45,1247,231,0,plain,file
33,71,0.1617258443843851,42,1307,231,0,plain,file
32,48,0.16158559128515898,64,376,564,0,plain,file
24,70,0.16147101808820452,52,1323,221,0,plain,file
31,98,0.16120912259707168,29,554,98,0,plain,file
29,85,0.16119555650656617,47,982,113,0,plain,file
20,56,0.16108502990298817,53,1357,383,0,plain,file
18,66,0.16096261155231853,66,1587,258,0,plain,file
29,76,0.16088160148278274,44,982,247,0,plain,file
16,69,0.16071024484958446,54,1848,264,0,plain,file
12,72,0.16067937490283896,70,1799,290,0,plain,file
19,60,0.1606729715462841,63,975,356,0,plain,file
41,66,0.16051006348009134,52,798,258,0,plain,file
38,68,0.1603578604424982,58,739,305,0,plain,file
47,67,0.16034780238514765,44,546,337,0,plain,file
38,58,0.16013447592534683,61,739,479,0,plain,file
21,98,0.16010119772049908,33,1178,98,0,plain,file
50,59,0.16007202587148217,45,377,451,0,plain,file
12,63,0.16000469812011914,59,1799,185,0,plain,file
15,48,0.15999996160647764,68,661,564,0,plain,file
22,68,0.15975522000937273,62,1283,305,0,plain,file
34,66,0.15966601960479193,54,888,258,0,plain,file
52,59,0.15944273115898774,50,316,451,0,plain,file
42,76,0.15934695674284322,41,864,247,0,plain,file
23,74,0.1588878105177316,61,1056,260,0,plain,file
18,76,0.15888474447097803,67,1587,247,0,plain,file
18,98,0.1588247014192543,37,1587,98,0,plain,file
30,71,0.15871083466053904,39,821,231,0,plain,file
30,70,0.15867643256797442,48,821,221,0,plain,file
18,74,0.15866808642804314,65,1587,260,0,plain,file
34,71,0.1586037611891275,45,888,231,0,plain,file
51,52,0.15846969549688794,64,364,316,1,plain,file
64,85,0.15780258727821359,38,246,113,0,plain,file
11,54,0.15776048027345047,70,1950,346,0,plain,file
38,48,0.15774878313890764,71,739,564,0,plain,file
27,72,0.15774375194379514,53,1163,290,0,plain,file
9,83,0.15761860542486836,47,2505,173,0,plain,file
24,50,0.1574758331832571,60,1323,377,0,plain,file
44,58,0.15734625767101917,46,350,479,0,plain,file
12,56,0.15734598816418677,64,1799,383,0,plain,file
42,83,0.15719414519262692,38,864,173,0,plain,file
45,71,0.15715290364439716,37,492,231,0,plain,file
26,66,0.15714707834658775,62,1324,258,0,plain,file
21,64,0.15707955992779893,61,1178,246,0,plain,file
37,48,0.1570743207184583,63,869,564,0,plain,file
25,68,0.15703448293112068,72,900,305,0,plain,file
8,68,0.15677565936299967,65,1247,305,0,plain,file
38,61,0.15674522757968248,40,739,230,0,plain,file
81,82,0.15670513042631207,15,108,85,1,plain,file
51,58,0.1566535263009984,55,364,479,0,plain,file
26,52,0.15663693385036495,75,1324,316,0,plain,file
32,60,0.1566227523036499,47,376,356,0,plain,file
53,58,0.15657730483836324,44,364,479,0,plain,file
18,64,0.15653650363149232,65,1587,246,0,plain,file
36,64,0.15640168052408854,59,734,246,0,plain,file
35,85,0.15636171890201153,44,782,113,0,plain,file
20,79,0.15635705889672388,64,1357,183,0,plain,file
33,74,0.15632401213606828,58,1307,260,0,plain,file
31,52,0.15628469360370156,52,554,316,0,plain,file
19,66,0.1562776770178614,57,975,258,0,plain,file
35,68,0.15623938352075517,55,782,305,0,plain,file
42,68,0.1562312516850591,52,864,305,0,plain,file
57,73,0.15619054676431665,38,579,204,0,plain,file
11,76,0.15615927092762058,50,1950,247,0,plain,file
39,76,0.15574187682331597,51,1181,247,0,plain,file
36,66,0.15571027727830408,56,734,258,0,plain,file
18,52,0.15558955092041163,81,1587,316,0,plain,file
49,73,0.15543048943608767,29,357,204,0,plain,file
29,83,0.15538493107067144,40,982,173,0,plain,file
15,60,0.15532451040309658,58,661,356,0,plain,file
13,56,0.15523690130715004,51,858,383,0,plain,file
32,68,0.15523420277453265,53,376,305,0,plain,file
59,72,0.15521814948965248,39,451,290,0,plain,file
5,69,0.15515536273026642,68,2841,264,0,plain,file
41,70,0.15512574239731203,54,798,221,0,plain,file
62,66,0.15496919291746936,30,181,258,0,plain,file
30,73,0.15495528297689476,37,821,204,0,plain,file
46,74,0.15491944503436128,49,649,260,0,plain,file
48,98,0.15490182171409778,34,564,98,0,plain,file
30,72,0.15486884467430995,41,821,290,0,plain,file
45,85,0.15484792352454532,40,492,113,0,plain,file
15,71,0.1547411920392571,44,661,231,0,plain,file
40,69,0.15466633331969043,58,1230,264,0,plain,file
17,61,0.15464155209545594,53,1562,230,0,plain,file
45,73,0.15463330163037936,38,492,204,0,plain,file
50,67,0.15461611516046436,44,377,337,0,plain,file
32,49,0.15449761235576914,42,376,357,0,plain,file
28,76,0.15431871364681593,48,1442,247,0,plain,file
30,114,0.15416878751975305,9,821,24,0,plain,file
19,49,0.1541417580007552,52,975,357,0,plain,file
15,52,0.1541394029637062,64,661,316,0,plain,file
20,62,0.15395822954078398,46,1357,181,0,plain,file
58,85,0.1537714288664596,41,479,113,0,plain,file
41,83,0.15355798044519986,40,798,173,0,plain,file
51,67,0.15353805599210807,43,364,337,0,plain,file
48,76,0.15340101631799433,48,564,247,0,plain,file
25,62,0.1533671330000647,44,900,181,0,plain,file
31,72,0.153284637044803,37,554,290,0,plain,file
36,65,0.15317331126566328,48,734,293,0,plain,file
47,53,0.15316031946993525,46,546,364,0,plain,file
13,85,0.15307316895350118,48,858,113,0,plain,file
52,56,0.1529406273783451,49,316,383,0,plain,file
39,83,0.15271443821975203,47,1181,173,0,plain,file
14,56,0.15265060796938837,44,834,383,0,plain,file
25,51,0.15262323979924033,68,900,364,0,plain,file
19,71,0.151661982602442,48,975,231,0,plain,file
41,85,0.15153659409339665,43,798,113,0,plain,file
13,73,0.1512193033797448,40,858,204,0,plain,file
10,54,0.1512029668758028,75,1843,346,0,plain,file
4,83,0.15119898148353353,45,3767,173,0,plain,file
34,70,0.15113743105639604,50,888,221,0,plain,file
15,49,0.1511010945489513,45,661,357,0,plain,file
14,74,0.15109688609844146,48,834,260,0,plain,file
46,70,0.15109644548647838,50,649,221,0,plain,file
23,98,0.1510452208591098,28,1056,98,0,plain,file
26,64,0.15083955249383854,55,1324,246,0,plain,file
44,68,0.15083353162762927,44,350,305,0,plain,file
36,69,0.1507839645187995,51,734,264,0,plain,file
23,66,0.15076400472400625,57,1056,258,0,plain,file
7,85,0.15073573420412784,55,3345,113,0,plain,file
25,52,0.1505066752652357,63,900,316,0,plain,file
43,70,0.15045369833584288,55,840,221,0,plain,file
52,63,0.15036080663834467,38,316,185,0,plain,file
30,68,0.15029513090234617,57,821,305,0,plain,file
50,56,0.150165267572434,45,377,383,0,plain,file
24,68,0.15015601790928032,60,1323,305,0,plain,file
35,70,0.15008797677352398,44,782,221,0,plain,file
27,73,0.15002476263614323,49,1163,204,0,plain,file
23,65,0.14981475386955798,50,1056,293,0,plain,file
2,114,0.1497637956744789,15,6145,24,0,plain,file
10,78,0.14968031563079273,50,1843,178,0,plain,file
24,76,0.14959783688411338,38,1323,247,0,plain,file
40,83,0.1495792085049274,40,1230,173,0,plain,file
37,71,0.1493360876059426,48,869,231,0,plain,file
41,74,0.1491332324631036,51,798,260,0,plain,file
30,83,0.14895140366724172,37,821,173,0,plain,file
23,73,0.14888064624480143,50,1056,204,0,plain,file
31,71,0.14885984202788408,40,554,231,0,plain,file
32,64,0.14874716158640172,45,376,246,0,plain,file
29,54,0.14860842883421885,57,982,346,0,plain,file
40,76,0.14837929522023707,46,1230,247,0,plain,file
12,52,0.14835982257194372,76,1799,316,0,plain,file
37,60,0.14820390651340482,60,869,356,0,plain,file
20,73,0.14819339867995515,54,1357,204,0,plain,file
25,70,0.14815083483122712,54,900,221,0,plain,file
26,74,0.14813081867553135,55,1324,260,0,plain,file
14,85,0.14806737457232325,42,834,113,0,plain,file
13,70,0.14806379609590467,45,858,221,0,plain,file
8,50,0.14806100989072268,64,1247,377,0,plain,file
57,71,0.1478962701582245,39,579,231,0,plain,file
64,98,0.14778519717647426,27,246,98,0,plain,file
38,49,0.14747597098672813,45,739,357,0,plain,file
41,69,0.14745027788361692,48,798,264,0,plain,file
49,98,0.14739717769854388,20,357,98,0,plain,file
25,65,0.14727365800640066,52,900,293,0,plain,file
26,73,0.147258153789097,40,1324,204,0,plain,file
19,62,0.14715964099382609,49,975,181,0,plain,file
25,78,0.14688666196757955,61,900,178,0,plain,file
34,54,0.14683836273419515,65,888,346,0,plain,file
52,57,0.14679276584453327,52,316,579,0,plain,file
10,88,0.1463070054578208,26,1843,96,0,plain,file
44,47,0.14626128549737194,43,350,546,0,plain,file
45,72,0.14617623104506383,41,492,290,0,plain,file
44,61,0.1460438608656366,36,350,230,0,plain,file
34,69,0.14600700292979407,46,888,264,0,plain,file
20,69,0.14598994658382408,52,1357,264,0,plain,file
9,69,0.14598908468862742,53,2505,264,0,plain,file
37,49,0.14597537269283647,44,869,357,0,plain,file
2,84,0.14592210184779594,53,6145,112,0,plain,file
20,87,0.14543626852950065,41,1357,76,0,plain,file
20,64,0.14543087225995707,63,1357,246,0,plain,file
30,76,0.14542683007522428,39,821,247,0,plain,file
29,114,0.14540198140513097,11,982,24,0,plain,file
48,72,0.1453482803121758,49,564,290,0,plain,file
19,98,0.14532999964537152,34,975,98,0,plain,file
3,114,0.14519855658098002,14,3505,24,0,plain,file
14,70,0.14495663630563912,48,834,221,0,plain,file
31,85,0.144876994225063,36,554,113,0,plain,file
22,69,0.14487633480313009,50,1283,264,0,plain,file
36,54,0.14485023415026274,59,734,346,0,plain,file
25,74,0.14480321719819378,57,900,260,0,plain,file
59,74,0.14473029305368826,43,451,260,0,plain,file
41,73,0.14463284904298696,45,798,204,0,plain,file
43,63,0.1444366318671322,53,840,185,0,plain,file
36,74,0.1444321677923369,50,734,260,0,plain,file
26,69,0.1443478544204475,61,1324,264,0,plain,file
25,64,0.1442706885773021,56,900,246,0,plain,file
57,74,0.14411345481627408,45,579,260,0,plain,file
3,84,0.14410659788367666,53,3505,112,0,plain,file
51,53,0.14407132531089314,47,364,364,0,plain,file
19,76,0.14397668804517819,50,975,247,0,plain,file
14,76,0.14396511735422635,35,834,247,0,plain,file
6,109,0.14394213564333666,14,3060,31,0,plain,file
33,50,0.14392791731695706,56,1307,377,0,plain,file
20,63,0.1438273657863398,44,1357,185,0,plain,file
59,85,0.14379149876193315,36,451,113,0,plain,file
32,61,0.14346235570865648,35,376,230,0,plain,file
19,65,0.14343583574135918,50,975,293,0,plain,file
59,73,0.14324406478608187,33,451,204,0,plain,file
39,69,0.14309442782558238,51,1181,264,0,plain,file
41,71,0.14307963616739458,43,798,231,0,plain,file
13,71,0.14305111445809682,42,858,231,0,plain,file
21,54,0.1430384047656182,65,1178,346,0,plain,file
63,65,0.1430057101812548,27,185,293,0,plain,file
47,85,0.14298713712396005,34,546,113,0,plain,file
12,73,0.14294752843028657,49,1799,204,0,plain,file
59,70,0.1427255589472835,38,451,221,0,plain,file
48,67,0.14266639879530027,42,564,337,0,plain,file
43,64,0.14258254070509208,53,840,246,0,plain,file
15,74,0.1424078384327166,54,661,260,0,plain,file
45,74,0.14219883143167633,38,492,260,0,plain,file
14,54,0.14217014602636105,53,834,346,0,plain,file
24,56,0.14206463232377597,58,1323,383,0,plain,file
13,68,0.14205219969827662,53,858,305,0,plain,file
58,72,0.1420167246296642,41,479,290,0,plain,file
18,85,0.14196562854226746,51,1587,113,0,plain,file
3,54,0.14193120743721524,76,3505,346,0,plain,file
8,83,0.14189044085165478,47,1247,173,0,plain,file
15,62,0.14167464898059726,38,661,181,0,plain,file
4,69,0.1416435392805953,60,3767,264,0,plain,file
32,70,0.14149547369109658,44,376,221,0,plain,file
21,70,0.14148979435155054,53,1178,221,0,plain,file
31,68,0.1411523046040708,49,554,305,0,plain,file
62,65,0.14083568332986435,30,181,293,0,plain,file
28,83,0.14076108370481746,42,1442,173,0,plain,file
37,62,0.14072729867356315,43,869,181,0,plain,file
7,79,0.14065181702229945,59,3345,183,0,plain,file
42,69,0.14058979003594824,36,864,264,0,plain,file
25,73,0.14055956606111789,47,900,204,0,plain,file
14,83,0.1405211079536373,37,834,173,0,plain,file
18,73,0.14050319506395273,55,1587,204,0,plain,file
63,66,0.14028075214151467,29,185,258,0,plain,file
38,56,0.14016857748857448,50,739,383,0,plain,file
59,71,0.14014838243854172,35,451,231,0,plain,file
27,69,0.14011363929136586,50,1163,264,0,plain,file
17,78,0.14009470564338472,54,1562,178,0,plain,file
17,64,0.1400714728860122,58,1562,246,0,plain,file
21,83,0.14005373326448517,45,1178,173,0,plain,file
37,54,0.13988662325739107,58,869,346,0,plain,file
38,60,0.1397959483878938,52,739,356,0,plain,file
65,72,0.1397655532391849,37,293,290,0,plain,file
26,65,0.13972596652014987,56,1324,293,0,plain,file
2,54,0.13969845648748325,83,6145,346,0,plain,file
58,70,0.13967819892869873,43,479,221,0,plain,file
31,74,0.1396682508912152,39,554,260,0,plain,file
38,62,0.1396005000190814,40,739,181,0,plain,file
35,88,0.13952285186574295,24,782,96,0,plain,file
10,109,0.13943731602708795,16,1843,31,0,plain,file
25,63,0.13942493011785567,49,900,185,0,plain,file
37,74,0.13941627636638335,58,869,260,0,plain,file
75,96,0.13941285523585542,19,168,76,0,plain,file
30,85,0.13932386920948286,36,821,113,0,plain,file
17,54,0.13928869107763997,63,1562,346,0,plain,file
46,85,0.1392871885971134,37,649,113,0,plain,file
20,74,0.1392613992530279,57,1357,260,0,plain,file
12,69,0.13921777507581987,60,1799,264,0,plain,file
21,78,0.13919097790803914,53,1178,178,0,plain,file
46,54,0.13918867139267974,55,649,346,0,plain,file
36,76,0.13914020792213247,44,734,247,0,plain,file
49,67,0.13912380365241073,32,357,337,0,plain,file
46,73,0.13893263464880176,33,649,204,0,plain,file
6,78,0.13885091855164833,57,3060,178,0,plain,file
45,70,0.138829654091654,43,492,221,0,plain,file
16,54,0.13879832384147148,68,1848,346,0,plain,file
20,76,0.13865178960935792,53,1357,247,0,plain,file
17,70,0.1386111676044045,61,1562,221,0,plain,file
32,63,0.138536530370235,41,376,185,0,plain,file
47,51,0.13842020632723545,50,546,364,0,plain,file
2,79,0.13840405016033558,65,6145,183,0,plain,file
4,84,0.13835146720597974,50,3767,112,0,plain,file
25,61,0.1381331351048608,41,900,230,0,plain,file
56,59,0.13808471092942382,39,383,451,0,plain,file
12,74,0.1379371575615679,59,1799,260,0,plain,file
51,62,0.13789063115798622,39,364,181,0,plain,file
17,63,0.13787628299708354,57,1562,185,0,plain,file
28,54,0.13775840250589474,55,1442,346,0,plain,file
26,63,0.13734772885405802,50,1324,185,0,plain,file
7,78,0.1373234014119201,57,3345,178,0,plain,file
15,66,0.13729167023460842,48,661,258,0,plain,file
16,78,0.13726019585672478,48,1848,178,0,plain,file
52,70,0.1372015838643635,43,316,221,0,plain,file
23,69,0.1371577550024401,55,1056,264,0,plain,file
5,109,0.13715630513063973,15,2841,31,0,plain,file
34,73,0.13713119621700345,38,888,204,0,plain,file
30,54,0.1371180318867408,49,821,346,0,plain,file
3,88,0.1370748738510655,33,3505,96,0,plain,file
17,66,0.13706479486577103,67,1562,258,0,plain,file
37,66,0.1369284262934978,49,869,258,0,plain,file
42,54,0.13687773048732269,48,864,346,0,plain,file
6,54,0.1367985674158402,78,3060,346,0,plain,file
8,56,0.13679214991049407,58,1247,383,0,plain,file
18,70,0.1367391926537787,56,1587,221,0,plain,file
60,72,0.13666284838433534,39,356,290,0,plain,file
38,66,0.13656415122615925,49,739,258,0,plain,file
13,76,0.13645216856036638,40,858,247,0,plain,file
26,85,0.13643484357921357,43,1324,113,0,plain,file
23,83,0.13636882262588915,44,1056,173,0,plain,file
25,56,0.1363343733638742,57,900,383,0,plain,file
61,71,0.13630156030127552,31,230,231,0,plain,file
43,69,0.13629901295054994,51,840,264,0,plain,file
50,53,0.13614580945758845,41,377,364,0,plain,file
23,85,0.13607696169577344,43,1056,113,0,plain,file
21,85,0.13600590180815414,40,1178,113,0,plain,file
11,78,0.13600032485776625,52,1950,178,0,plain,file
8,76,0.13589347189717924,41,1247,247,0,plain,file
47,74,0.13581637790637133,50,546,260,0,plain,file
19,74,0.13568355465656085,54,975,260,0,plain,file
43,73,0.13566830689105092,43,840,204,0,plain,file
65,98,0.1356629299666872,26,293,98,0,plain,file
44,71,0.13566059151169688,39,350,231,0,plain,file
37,63,0.13554059904120802,46,869,185,0,plain,file
15,98,0.13548109524558696,28,661,98,0,plain,file
34,76,0.13540691748639982,43,888,247,0,plain,file
22,54,0.13530761587807985,56,1283,346,0,plain,file
2,78,0.13518213540495844,65,6145,178,0,plain,file
2,109,0.1350871936463593,17,6145,31,0,plain,file
43,65,0.13502657598471368,50,840,293,0,plain,file
25,71,0.13499696070632522,48,900,231,0,plain,file
61,98,0.13493951543235438,22,230,98,0,plain,file
6,87,0.13490352233959188,33,3060,76,0,plain,file
17,84,0.13489880552916791,44,1562,112,0,plain,file
31,56,0.13478209945397213,41,554,383,0,plain,file
45,76,0.13477986234957054,38,492,247,0,plain,file
33,68,0.1346479829761942,57,1307,305,0,plain,file
41,76,0.13460629956392453,42,798,247,0,plain,file
44,62,0.13449742293001604,30,350,181,0,plain,file
38,98,0.13436112607650857,34,739,98,0,plain,file
51,61,0.1342918576032959,37,364,230,0,plain,file
19,72,0.1342649651166661,57,975,290,0,plain,file
63,71,0.13423327180683786,29,185,231,0,plain,file
44,76,0.13399743873473755,35,350,247,0,plain,file
37,70,0.13398343487794173,54,869,221,0,plain,file
52,58,0.13393895550854967,49,316,479,0,plain,file
5,84,0.13392959232065593,45,2841,112,0,plain,file
49,53,0.1338980188113254,30,357,364,0,plain,file
32,71,0.1338968497633624,38,376,231,0,plain,file
4,110,0.13379859466427363,13,3767,23,0,plain,file
46,76,0.13379555238374455,40,649,247,0,plain,file
32,54,0.13379310286281532,49,376,346,0,plain,file
43,54,0.1337238424383647,62,840,346,0,plain,file
29,69,0.13371536991917887,47,982,264,0,plain,file
38,74,0.13365979599101876,49,739,260,0,plain,file
48,51,0.13349530040321061,55,564,364,0,plain,file
2,88,0.1333916969175146,33,6145,96,0,plain,file
30,88,0.13336775088051556,23,821,96,0,plain,file
44,48,0.13336290284480762,49,350,564,0,plain,file
47,70,0.13332579629894717,38,546,221,0,plain,file
10,84,0.13328295507086288,49,1843,112,0,plain,file
47,52,0.1331987388523468,43,546,316,0,plain,file
43,76,0.1330638609346533,46,840,247,0,plain,file
36,72,0.13297739172781115,53,734,290,0,plain,file
62,98,0.13295410656245457,19,181,98,0,plain,file
15,65,0.13289432700134232,44,661,293,0,plain,file
33,52,0.13284545507276982,59,1307,316,0,plain,file
36,70,0.13282278511587683,44,734,221,0,plain,file
35,54,0.1328210225977062,46,782,346,0,plain,file
48,73,0.13278796537661633,38,564,204,0,plain,file
73,76,0.13269789469707366,34,204,247,0,plain,file
51,60,0.13255302871933328,50,364,356,0,plain,file
38,85,0.13254500655483656,42,739,113,0,plain,file
56,57,0.13251446790951188,40,383,579,1,plain,file
61,67,0.13251372920078883,29,230,337,0,plain,file
36,78,0.13247333027013825,41,734,178,0,plain,file
36,73,0.13242679437408056,36,734,204,0,plain,file
19,52,0.1323974252219003,60,975,316,0,plain,file
32,98,0.1323933644470451,24,376,98,0,plain,file
27,83,0.13229879907935996,47,1163,173,0,plain,file
36,83,0.13229450476314275,36,734,173,0,plain,file
21,76,0.1322790994654065,48,1178,247,0,plain,file
32,85,0.13227195190948893,40,376,113,0,plain,file
28,70,0.1322058586568683,47,1442,221,0,plain,file
40,114,0.13215348112585754,11,1230,24,0,plain,file
33,85,0.1321158772466407,40,1307,113,0,plain,file
44,54,0.13209223682076937,47,350,346,0,plain,file
52,67,0.13207023367910672,42,316,337,0,plain,file
19,68,0.1320624750533712,63,975,305,0,plain,file
43,72,0.13199184984332227,56,840,290,0,plain,file
2,87,0.13199161219003666,32,6145,76,0,plain,file
33,56,0.1318242861360303,49,1307,383,0,plain,file
27,85,0.13177585274750098,41,1163,113,0,plain,file
27,98,0.1317602526446704,26,1163,98,0,plain,file
45,69,0.13169511276724657,40,492,264,0,plain,file
30,69,0.13149175780056124,41,821,264,0,plain,file
15,83,0.13147650044726586,38,661,173,0,plain,file
19,73,0.13130968092658182,44,975,204,0,plain,file
17,69,0.13123976241453794,51,1562,264,0,plain,file
44,60,0.1311200057065994,41,350,356,0,plain,file
9,84,0.13107751278530663,41,2505,112,0,plain,file
43,74,0.1310631585790171,53,840,260,0,plain,file
17,75,0.1308892220501468,37,1562,168,0,plain,file
51,85,0.13088165478533842,40,364,113,0,plain,file
53,68,0.1308675989596924,41,364,305,0,plain,file
37,83,0.13082739352660228,43,869,173,0,plain,file
31,70,0.1308242860750089,40,554,221,0,plain,file
28,85,0.13078236036906157,36,1442,113,0,plain,file
18,83,0.1307477709454082,46,1587,173,0,plain,file
58,74,0.13067445103455244,40,479,260,0,plain,file
53,60,0.13066775068300152,39,364,356,0,plain,file
12,98,0.13063517714778428,31,1799,98,0,plain,file
47,73,0.130610331862414,35,546,204,0,plain,file
16,84,0.13058757496071724,42,1848,112,0,plain,file
35,114,0.13053027505411025,10,782,24,0,plain,file
38,71,0.1303938055883577,44,739,231,0,plain,file
21,69,0.13036986184360536,47,1178,264,0,plain,file
19,56,0.13015928203705712,48,975,383,0,plain,file
21,73,0.13000726661750056,44,1178,204,0,plain,file
12,76,0.12979940574533,50,1799,247,0,plain,file
7,88,0.12946671265218165,31,3345,96,0,plain,file
35,69,0.1294489943778905,40,782,264,0,plain,file
31,76,0.12942545312925277,33,554,247,0,plain,file
27,54,0.12942074747227592,56,1163,346,0,plain,file
61,85,0.1294200586075282,31,230,113,0,plain,file
31,83,0.12941835141732633,37,554,173,0,plain,file
16,88,0.1293458068689157,27,1848,96,0,plain,file
13,83,0.12924528015180783,36,858,173,0,plain,file
16,82,0.12921726131896688,28,1848,85,0,plain,file
17,98,0.12907680447806524,35,1562,98,0,plain,file
53,92,0.1290682154232286,22,364,75,0,plain,file
2,82,0.12900401911430331,30,6145,85,0,plain,file
38,54,0.12892239609611417,61,739,346,0,plain,file
58,71,0.12891662862409833,31,479,231,0,plain,file
6,82,0.12889466695387458,29,3060,85,0,plain,file
35,83,0.12884846534014782,29,782,173,0,plain,file
15,76,0.1287376152345024,40,661,247,0,plain,file
48,53,0.1287168334131077,52,564,364,0,plain,file
4,112,0.1286937104567094,12,3767,19,0,plain,file
33,70,0.12861965200986814,50,1307,221,0,plain,file
56,69,0.12854093471062977,43,383,264,0,plain,file
13,54,0.12838823666428525,50,858,346,0,plain,file
53,56,0.12834977073115095,38,364,383,0,plain,file
25,72,0.12828940761684848,57,900,290,0,plain,file
15,73,0.1282685953563582,39,661,204,0,plain,file
67,71,0.12825635954840986,41,337,231,0,plain,file
75,80,0.1280048151820552,18,168,137,0,plain,file
48,85,0.1278918204970609,42,564,113,0,plain,file
15,70,0.12786241843260196,51,661,221,0,plain,file
43,83,0.12782924173095428,45,840,173,0,plain,file
62,73,0.12781475731781305,25,181,204,0,plain,file
16,75,0.12773660345539406,41,1848,168,0,plain,file
47,72,0.1277091754424569,40,546,290,0,plain,file
24,83,0.1276380448902495,36,1323,173,0,plain,file
36,98,0.1275409327744865,26,734,98,0,plain,file
10,87,0.12734481678414727,28,1843,76,0,plain,file
37,64,0.12725920582497022,51,869,246,0,plain,file
60,67,0.12723546293317414,39,356,337,0,plain,file
9,112,0.1271908407519295,8,2505,19,0,plain,file
26,98,0.12718380623657863,29,1324,98,0,plain,file
32,72,0.12705114419045963,46,376,290,0,plain,file
26,76,0.12703841977572683,42,1324,247,0,plain,file
10,79,0.1269172697994205,51,1843,183,0,plain,file
43,98,0.12683878668940105,28,840,98,0,plain,file
8,69,0.1266779775207031,52,1247,264,0,plain,file
16,79,0.12664738087746732,50,1848,183,0,plain,file
29,88,0.126609164827977,23,982,96,0,plain,file
18,69,0.12658712332167654,52,1587,264,0,plain,file
46,69,0.12647708340466798,43,649,264,0,plain,file
25,98,0.12647002244117667,33,900,98,0,plain,file
28,84,0.12644166334620766,39,1442,112,0,plain,file
39,82,0.12642428927645583,28,1181,85,0,plain,file
25,66,0.12639004422437605,54,900,258,0,plain,file
43,85,0.12631587983038572,42,840,113,0,plain,file
39,54,0.12618366444247864,61,1181,346,0,plain,file
22,87,0.12618101979172067,26,1283,76,0,plain,file
17,85,0.1261503803149609,46,1562,113,0,plain,file
23,78,0.12614799291308065,56,1056,178,0,plain,file
34,78,0.126123536620005,41,888,178,0,plain,file
37,76,0.12608007973686675,40,869,247,0,plain,file
26,54,0.12597882780291808,61,1324,346,0,plain,file
35,78,0.1259546854694026,43,782,178,0,plain,file
38,64,0.12587753820108383,47,739,246,0,plain,file
13,114,0.125537515526419,11,858,24,0,plain,file
60,68,0.12553195720475788,44,356,305,0,plain,file
44,63,0.12536756487945966,35,350,185,0,plain,file
6,88,0.12534003931732643,31,3060,96,0,plain,file
6,80,0.12518723381077992,44,3060,137,0,plain,file
39,109,0.1250950362984833,12,1181,31,0,plain,file
41,54,0.12484382394387716,54,798,346,0,plain,file
15,64,0.124788352020426,43,661,246,0,plain,file
27,76,0.1247543723554043,43,1163,247,0,plain,file
23,54,0.1246992985003436,64,1056,346,0,plain,file
11,84,0.12464930429256078,47,1950,112,0,plain,file
40,78,0.12463346966398058,47,1230,178,0,plain,file
57,69,0.12456944336529253,37,579,264,0,plain,file
51,70,0.12423961800709206,43,364,221,0,plain,file
50,52,0.12421297825531291,49,377,316,0,plain,file
23,76,0.12419276788145883,50,1056,247,0,plain,file
32,65,0.12418193873396276,38,376,293,0,plain,file
3,87,0.1238449230768223,30,3505,76,0,plain,file
3,78,0.12376350377824506,54,3505,178,0,plain,file
26,70,0.12375459601625369,51,1324,221,0,plain,file
17,79,0.12368429752007826,52,1562,183,0,plain,file
53,79,0.12368070446348342,38,364,183,0,plain,file
2,80,0.12350502596242724,43,6145,137,0,plain,file
26,72,0.12348968659139352,48,1324,290,0,plain,file
40,79,0.12343547415513396,48,1230,183,0,plain,file
60,71,0.12340078379907216,29,356,231,0,plain,file
50,58,0.12337696848691465,47,377,479,0,plain,file
39,79,0.12335168260281142,48,1181,183,0,plain,file
22,88,0.12330394001024828,24,1283,96,0,plain,file
47,50,0.12326910048894904,42,546,377,0,plain,file
7,114,0.12321634687418753,13,3345,24,0,plain,file
57,72,0.12321570804709943,37,579,290,0,plain,file
12,83,0.12321044121048805,42,1799,173,0,plain,file
57,83,0.12317296445576169,33,579,173,0,plain,file
67,85,0.1231442383371795,28,337,113,0,plain,file
18,78,0.1231385817321038,58,1587,178,0,plain,file
10,75,0.12310951931415788,38,1843,168,0,plain,file
37,65,0.12302548150983718,41,869,293,0,plain,file
7,84,0.12297364270552624,52,3345,112,0,plain,file
51,83,0.12295764120214243,36,364,173,0,plain,file
53,62,0.12293975480072417,33,364,181,0,plain,file
44,73,0.1229210848719344,29,350,204,0,plain,file
45,82,0.12286369186605232,21,492,85,0,plain,file
38,65,0.12276039714048374,42,739,293,0,plain,file
32,76,0.12263481313695097,35,376,247,0,plain,file
6,84,0.12252421281990107,46,3060,112,0,plain,file
32,83,0.12248449015088653,32,376,173,0,plain,file
2,75,0.12246760782193179,44,6145,168,0,plain,file
44,64,0.12246518444233695,37,350,246,0,plain,file
60,73,0.12232708215801494,34,356,204,0,plain,file
58,83,0.12216758531447677,32,479,173,0,plain,file
49,85,0.12210321434205912,26,357,113,0,plain,file
42,82,0.12208206613934525,23,864,85,0,plain,file
28,88,0.12204110244607984,27,1442,96,0,plain,file
29,78,0.12193430832592282,45,982,178,0,plain,file
39,75,0.12187657141084313,36,1181,168,0,plain,file
44,69,0.12182536894391859,38,350,264,0,plain,file
49,52,0.12181418992535961,39,357,316,0,plain,file
32,78,0.12169867795919895,44,376,178,0,plain,file
27,70,0.12163794312899906,44,1163,221,0,plain,file
56,68,0.12158779012618534,43,383,305,0,plain,file
24,69,0.12156114221759985,45,1323,264,0,plain,file
15,63,0.12152203573879619,45,661,185,0,plain,file
22,110,0.12149617941612748,9,1283,23,0,plain,file
49,72,0.12141654959706967,30,357,290,0,plain,file
15,69,0.12118062507019667,46,661,264,0,plain,file
5,54,0.12113302770820576,72,2841,346,0,plain,file
11,88,0.12103821467135378,25,1950,96,0,plain,file
65,67,0.1208852898007476,35,293,337,0,plain,file
14,114,0.12074686176607478,10,834,24,0,plain,file
17,83,0.12071341178108147,41,1562,173,0,plain,file
11,79,0.12048770580418425,55,1950,183,0,plain,file
70,74,0.12048292177075814,40,221,260,0,plain,file
19,54,0.1204520348702387,59,975,346,0,plain,file
59,76,0.12042581148170597,33,451,247,0,plain,file
49,51,0.12041148044387034,40,357,364,0,plain,file
25,83,0.12010494611625805,38,900,173,0,plain,file
3,79,0.12007156107578495,54,3505,183,0,plain,file
47,71,0.11997754543875726,32,546,231,0,plain,file
20,54,0.11997284080082707,63,1357,346,0,plain,file
57,70,0.11995572646175245,37,579,221,0,plain,file
51,68,0.11993536970246058,47,364,305,0,plain,file
39,78,0.1199316426866603,49,1181,178,0,plain,file
16,87,0.11992540541702068,30,1848,76,0,plain,file
3,91,0.11982248728495015,17,3505,58,0,plain,file
74,83,0.11978985768776271,28,260,173,0,plain,file
74,102,0.11975631337674579,10,260,32,0,plain,file
42,84,0.11970124968168994,35,864,112,0,plain,file
35,87,0.11961583667785895,23,782,76,0,plain,file
48,50,0.11958083939590806,49,564,377,0,plain,file
20,98,0.11952910385157184,32,1357,98,0,plain,file
32,69,0.11951272600288897,38,376,264,0,plain,file
69,89,0.11945456748376569,29,264,143,0,plain,file
56,70,0.11939834076240555,45,383,221,0,plain,file
8,112,0.11936214319114045,10,1247,19,0,plain,file
13,69,0.11924152808759264,38,858,264,0,plain,file
33,69,0.11920512704465766,41,1307,264,0,plain,file
22,82,0.11899441168703807,28,1283,85,0,plain,file
62,85,0.11889720436562325,23,181,113,0,plain,file
44,70,0.1188882326464666,31,350,221,0,plain,file
42,80,0.11875246139418245,32,864,137,0,plain,file
74,98,0.11861250189771597,23,260,98,0,plain,file
4,54,0.11856376911843645,63,3767,346,0,plain,file
32,66,0.11842164378123882,39,376,258,0,plain,file
3,112,0.11839912443308691,10,3505,19,0,plain,file
6,75,0.11837700886088426,44,3060,168,0,plain,file
53,74,0.11835300603634065,33,364,260,0,plain,file
20,78,0.11823889117054706,50,1357,178,0,plain,file
51,66,0.1181214165547003,43,364,258,0,plain,file
36,85,0.11809619018751435,39,734,113,0,plain,file
28,79,0.1180958347022374,46,1442,183,0,plain,file
58,76,0.118087220357745,35,479,247,0,plain,file
15,72,0.11808429354323546,48,661,290,0,plain,file
4,114,0.11794354287238618,11,3767,24,0,plain,file
39,84,0.1178501557296158,45,1181,112,0,plain,file
14,69,0.11783653868939746,38,834,264,0,plain,file
41,84,0.11779101751522188,41,798,112,0,plain,file
60,74,0.1177782796716522,41,356,260,0,plain,file
39,112,0.11767020473091293,8,1181,19,0,plain,file
85,86,0.11764220837658838,18,113,65,1,plain,file
5,78,0.11757959829646122,57,2841,178,0,plain,file
48,74,0.11735101555264334,45,564,260,0,plain,file
47,83,0.11733132387399445,28,546,173,0,plain,file
48,52,0.11732966265451966,54,564,316,0,plain,file
28,78,0.11725526326298122,46,1442,178,0,plain,file
19,63,0.11722814232866527,43,975,185,0,plain,file
49,71,0.11716390161433118,25,357,231,0,plain,file
12,54,0.11713319264585191,65,1799,346,0,plain,file
52,53,0.11712059898766569,38,316,364,1,plain,file
56,67,0.11710989182701187,33,383,337,0,plain,file
2,90,0.116986117218956,35,6145,86,0,plain,file
37,79,0.1169776443642619,49,869,183,0,plain,file
36,109,0.11688720372863129,14,734,31,0,plain,file
5,82,0.11686330895931772,29,2841,85,0,plain,file
22,84,0.1168192671157164,44,1283,112,0,plain,file
4,88,0.11665119368833804,29,3767,96,0,plain,file
11,87,0.11663506936273829,30,1950,76,0,plain,file
50,70,0.11659887800940125,39,377,221,0,plain,file
44,78,0.11655121277880358,35,350,178,0,plain,file
38,63,0.1165433341024328,40,739,185,0,plain,file
39,114,0.11649623823842553,11,1181,24,0,plain,file
10,82,0.11634035400609821,29,1843,85,0,plain,file
83,102,0.1162362100652401,10,173,32,0,plain,file
9,78,0.11620976850231488,44,2505,178,0,plain,file
18,54,0.11620108277379884,66,1587,346,0,plain,file
42,86,0.11600608415930255,21,864,65,0,plain,file
38,72,0.11596391329355511,48,739,290,0,plain,file
81,83,0.11587820354590961,14,108,173,0,plain,file
40,88,0.11577650146294953,22,1230,96,0,plain,file
26,79,0.11570110551614769,49,1324,183,0,plain,file
10,80,0.11568457066148076,34,1843,137,0,plain,file
51,71,0.11567190857394608,35,364,231,0,plain,file
37,69,0.11559903801199989,47,869,264,0,plain,file
25,85,0.11559167297440147,43,900,113,0,plain,file
61,73,0.1154019187731436,25,230,204,0,plain,file
11,89,0.1153905209977659,36,1950,143,0,plain,file
50,54,0.11536294020366772,44,377,346,0,plain,file
16,80,0.11529425456108913,37,1848,137,0,plain,file
53,61,0.11523767875770777,30,364,230,0,plain,file
5,114,0.1151287615556201,13,2841,24,0,plain,file
22,79,0.11505919986916785,42,1283,183,0,plain,file
46,78,0.11497314092885197,40,649,178,0,plain,file
5,88,0.1148844628333,29,2841,96,0,plain,file
11,82,0.1148002078200093,27,1950,85,0,plain,file
2,86,0.11477220155145827,28,6145,65,0,plain,file
31,69,0.11469521436419552,33,554,264,0,plain,file
22,75,0.11469140378677284,40,1283,168,0,plain,file
38,73,0.1146879798279189,39,739,204,0,plain,file
22,80,0.11462263400702505,33,1283,137,0,plain,file
8,84,0.11458264532716973,37,1247,112,0,plain,file
19,78,0.11448495756677335,53,975,178,0,plain,file
69,84,0.11434758511402002,29,264,112,0,plain,file
8,110,0.11432176040947718,10,1247,23,0,plain,file
9,88,0.11426238391788246,19,2505,96,0,plain,file
6,114,0.11418635181213196,11,3060,24,0,plain,file
51,74,0.11413942404732949,46,364,260,0,plain,file
27,78,0.11410754719849064,49,1163,178,0,plain,file
50,64,0.1140901025516826,34,377,246,0,plain,file
60,98,0.1140547365142051,19,356,98,0,plain,file
29,84,0.11396601974116807,44,982,112,0,plain,file
29,79,0.11384553552894218,46,982,183,0,plain,file
65,73,0.11381960882700845,28,293,204,0,plain,file
50,61,0.11361272624211355,31,377,230,0,plain,file
58,68,0.11354699824656708,42,479,305,0,plain,file
19,69,0.11345946353969691,40,975,264,0,plain,file
35,84,0.11340440812966499,38,782,112,0,plain,file
41,78,0.11337692281417083,39,798,178,0,plain,file
33,110,0.11326579176998935,11,1307,23,0,plain,file
96,107,0.1131711256845859,7,76,29,0,plain,file
42,79,0.11315176520934227,39,864,183,0,plain,file
3,82,0.11314318236628408,31,3505,85,0,plain,file
3,92,0.11312366012606495,26,3505,75,0,plain,file
9,109,0.1130335193046077,13,2505,31,0,plain,file
10,92,0.11301286025281021,19,1843,75,0,plain,file
33,83,0.11289154110264163,39,1307,173,0,plain,file
64,73,0.1127208959285525,30,246,204,0,plain,file
2,92,0.11267869669811753,27,6145,75,0,plain,file
38,76,0.11264318864163927,38,739,247,0,plain,file
34,84,0.1124416824228052,41,888,112,0,plain,file
5,79,0.11242063976261472,48,2841,183,0,plain,file
57,68,0.11239640574076709,43,579,305,0,plain,file
39,88,0.11237060667327402,23,1181,96,0,plain,file
44,85,0.11234313524144308,29,350,113,0,plain,file
23,79,0.11227298749982022,53,1056,183,0,plain,file
30,80,0.11219707744011169,26,821,137,0,plain,file
47,76,0.11217941492528424,37,546,247,0,plain,file
15,78,0.11217809527830572,45,661,178,0,plain,file
53,73,0.11204417413727666,28,364,204,0,plain,file
45,78,0.11181526652048927,38,492,178,0,plain,file
34,88,0.1117311915842215,23,888,96,0,plain,file
31,82,0.11170630681539831,24,554,85,0,plain,file
77,104,0.11169459431580499,10,185,37,0,plain,file
38,83,0.11150693567610692,35,739,173,0,plain,file
67,73,0.1115018201078043,26,337,204,0,plain,file
3,80,0.111438458881003,37,3505,137,0,plain,file
37,73,0.11141097754208514,37,869,204,0,plain,file
19,64,0.1113156226658668,48,975,246,0,plain,file
4,78,0.11126222791875089,54,3767,178,0,plain,file
2,91,0.1112522719760831,19,6145,58,0,plain,file
52,60,0.11124130797471722,41,316,356,0,plain,file
10,86,0.11122637041671275,25,1843,65,0,plain,file
46,84,0.11112940192936611,37,649,112,0,plain,file
4,79,0.11103125532306711,51,3767,183,0,plain,file
68,83,0.11101220603169903,35,305,173,0,plain,file
67,68,0.11101032413101443,39,337,305,1,plain,file
60,109,0.11099271118986126,12,356,31,0,plain,file
22,78,0.11097712256919637,44,1283,178,0,plain,file
40,110,0.11096887700715448,13,1230,23,0,plain,file
42,114,0.11095601266525382,11,864,24,0,plain,file
74,80,0.11089637421068674,27,260,137,0,plain,file
30,79,0.11088771834257534,37,821,183,0,plain,file
21,88,0.11086094148783385,27,1178,96,0,plain,file
13,78,0.11079392937273849,45,858,178,0,plain,file
50,68,0.11077253446905999,49,377,305,0,plain,file
27,84,0.11075521618388709,38,1163,112,0,plain,file
6,89,0.11069392233906601,42,3060,143,0,plain,file
66,73,0.11066647730158745,29,258,204,0,plain,file
60,85,0.1105615792108805,29,356,113,0,plain,file
35,86,0.11052327991775443,21,782,65,0,plain,file
44,98,0.11050442718217426,19,350,98,0,plain,file
11,75,0.1105003921455183,36,1950,168,0,plain,file
12,85,0.11049023102845672,43,1799,113,0,plain,file
17,96,0.11048996498421643,28,1562,76,0,plain,file
67,72,0.11041688708316916,33,337,290,0,plain,file
25,69,0.11031127471405758,49,900,264,0,plain,file
57,76,0.1102200519537529,30,579,247,0,plain,file
16,96,0.11018449208621783,24,1848,76,0,plain,file
49,74,0.11017833649408698,28,357,260,0,plain,file
4,90,0.1101270416130412,34,3767,86,0,plain,file
5,90,0.11010963055490003,36,2841,86,0,plain,file
7,75,0.11005830518623146,44,3345,168,0,plain,file
33,112,0.10996931344226989,9,1307,19,0,plain,file
50,62,0.10992715638170547,29,377,181,0,plain,file
20,88,0.10985986728995217,29,1357,96,0,plain,file
20,75,0.10983480494302533,35,1357,168,0,plain,file
30,84,0.10978234998040302,38,821,112,0,plain,file
51,98,0.10977279123410419,23,364,98,0,plain,file
16,86,0.1097487430817376,27,1848,65,0,plain,file
11,80,0.10965194918750301,38,1950,137,0,plain,file
3,86,0.10928713890998844,23,3505,65,0,plain,file
62,72,0.10922226884930865,29,181,290,0,plain,file
21,87,0.10913184812436102,29,1178,76,0,plain,file
42,87,0.10906014161369568,25,864,76,0,plain,file
14,88,0.10903350245662902,21,834,96,0,plain,file
6,79,0.10902283706379179,52,3060,183,0,plain,file
3,109,0.10901858096630533,15,3505,31,0,plain,file
47,68,0.10892605958719222,45,546,305,0,plain,file
37,72,0.10876296039479752,44,869,290,0,plain,file
20,70,0.10874036823658405,45,1357,221,0,plain,file
51,56,0.1087259095503323,45,364,383,0,plain,file
51,64,0.10872290657082552,39,364,246,0,plain,file
18,84,0.10865899119384619,44,1587,112,0,plain,file
57,78,0.10858617750832647,38,579,178,0,plain,file
52,77,0.10856613510954027,38,316,185,0,plain,file
34,114,0.10853275004899135,9,888,24,0,plain,file
9,110,0.10852623044850361,9,2505,23,0,plain,file
47,84,0.10847758672921193,33,546,112,0,plain,file
6,96,0.10835171367675311,26,3060,76,0,plain,file
27,88,0.10821997856320716,25,1163,96,0,plain,file
82,101,0.10815673000665854,9,85,40,0,plain,file
7,87,0.10814134191004662,30,3345,76,0,plain,file
51,65,0.10812867015502961,39,364,293,0,plain,file
39,80,0.10810467565632732,30,1181,137,0,plain,file
5,80,0.10804740947493535,40,2841,137,0,plain,file
28,87,0.10799686081414855,28,1442,76,0,plain,file
53,64,0.10792321236975658,29,364,246,0,plain,file
30,78,0.1079086523918355,39,821,178,0,plain,file
3,75,0.10790035875429525,52,3505,168,0,plain,file
85,98,0.10789847051212377,24,113,98,0,plain,file
42,88,0.1078886832112488,23,864,96,0,plain,file
11,109,0.10779667389422345,12,1950,31,0,plain,file
42,78,0.10777467761346288,39,864,178,0,plain,file
59,69,0.10776859219534739,31,451,264,0,plain,file
18,89,0.10767019354311352,39,1587,143,0,plain,file
20,85,0.10764516150023064,45,1357,113,0,plain,file
29,80,0.10764023555171413,31,982,137,0,plain,file
33,109,0.10760747381045262,11,1307,31,0,plain,file
39,86,0.10757080179620375,25,1181,65,0,plain,file
12,70,0.10736825520576652,46,1799,221,0,plain,file
32,74,0.107353309755476,36,376,260,0,plain,file
43,78,0.10727500603527426,46,840,178,0,plain,file
62,71,0.10725152714882168,26,181,231,0,plain,file
51,73,0.10724297115555276,33,364,204,0,plain,file
40,84,0.10723009453250314,40,1230,112,0,plain,file
9,54,0.10720965120452243,58,2505,346,0,plain,file
22,112,0.10719832527838788,8,1283,19,0,plain,file
2,112,0.10717894815423386,11,6145,19,0,plain,file
64,72,0.10716362692634557,34,246,290,0,plain,file
3,110,0.10712697836578611,10,3505,23,0,plain,file
45,84,0.10690963625691408,36,492,112,0,plain,file
4,109,0.10680380475545674,16,3767,31,0,plain,file
44,74,0.10679349514841745,30,350,260,0,plain,file
40,87,0.1067899744474548,26,1230,76,0,plain,file
28,114,0.10672518245225851,10,1442,24,0,plain,file
37,98,0.1067250102759064,25,869,98,0,plain,file
23,82,0.10672243376827449,27,1056,85,0,plain,file
44,83,0.10651794728094681,29,350,173,0,plain,file
33,84,0.10643176463870258,39,1307,112,0,plain,file
56,76,0.10622714328829004,31,383,247,0,plain,file
10,96,0.10619025047591242,23,1843,76,0,plain,file
56,60,0.10616848235683651,32,383,356,0,plain,file
19,83,0.1061096391641773,40,975,173,0,plain,file
45,54,0.10606742415760562,42,492,346,0,plain,file
49,68,0.10599249706002217,31,357,305,0,plain,file
54,67,0.10594057583648919,36,346,337,0,plain,file
4,75,0.1059109332094473,37,3767,168,0,plain,file
6,112,0.10590198983022733,10,3060,19,0,plain,file
62,83,0.10588561005845386,25,181,173,0,plain,file
44,79,0.10585495242698784,34,350,183,0,plain,file
40,86,0.10581923333523374,25,1230,65,0,plain,file
11,114,0.10569334343952425,14,1950,24,0,plain,file
25,84,0.10567754828070064,39,900,112,0,plain,file
11,86,0.10560852127790728,25,1950,65,0,plain,file
26,78,0.10550244639900679,43,1324,178,0,plain,file
28,75,0.10541263199870936,31,1442,168,0,plain,file
96,102,0.10523697372323042,6,76,32,0,plain,file
7,80,0.1051803003601362,38,3345,137,0,plain,file
14,78,0.10514230914787831,40,834,178,0,plain,file
45,77,0.10500576434529094,36,492,185,0,plain,file
41,88,0.1049889114382433,21,798,96,0,plain,file
30,92,0.10495832814979537,19,821,75,0,plain,file
10,91,0.10491593802742966,19,1843,58,0,plain,file
2,97,0.10485856431767226,22,6145,34,0,plain,file
14,79,0.10466744578437628,37,834,183,0,plain,file
22,100,0.10456548045042792,18,1283,44,0,plain,file
5,112,0.10454005917853712,10,2841,19,0,plain,file
2,110,0.10449066107423445,11,6145,23,0,plain,file
17,81,0.10445602024674935,27,1562,108,0,plain,file
38,70,0.10438648652055332,40,739,221,0,plain,file
26,81,0.10437298292765781,30,1324,108,0,plain,file
75,102,0.10432144535282939,7,168,32,0,plain,file
32,73,0.10431616098119234,29,376,204,0,plain,file
31,96,0.10427669059222143,19,554,76,0,plain,file
20,83,0.10426406768022638,32,1357,173,0,plain,file
59,68,0.10423085185516988,37,451,305,0,plain,file
51,54,0.1041927648595755,51,364,346,0,plain,file
24,84,0.10409757931674124,40,1323,112,0,plain,file
38,78,0.10406735265558646,45,739,178,0,plain,file
2,81,0.10402139258196576,29,6145,108,0,plain,file
66,67,0.1038568530326638,30,258,337,1,plain,file
13,79,0.10383880435623312,44,858,183,0,plain,file
56,62,0.10381538816997256,30,383,181,0,plain,file
32,80,0.10381124644960175,26,376,137,0,plain,file
68,71,0.10368855039766423,31,305,231,0,plain,file
7,90,0.10364471701984655,35,3345,86,0,plain,file
47,56,0.10343810552706328,38,546,383,0,plain,file
49,76,0.10341467710820593,27,357,247,0,plain,file
37,85,0.10332005495002178,38,869,113,0,plain,file
16,114,0.10325303558045314,11,1848,24,0,plain,file
16,109,0.10323496482847618,12,1848,31,0,plain,file
40,80,0.10323256183482024,32,1230,137,0,plain,file
5,91,0.10306364419041159,17,2841,58,0,plain,file
32,114,0.10306185854178326,11,376,24,0,plain,file
18,75,0.10295688775079541,36,1587,168,0,plain,file
13,84,0.10292212256897457,38,858,112,0,plain,file
3,90,0.10287093009042764,34,3505,86,0,plain,file
42,91,0.10283930377709052,12,864,58,0,plain,file
34,89,0.10279106317059393,33,888,143,0,plain,file
63,68,0.10276711284171099,34,185,305,0,plain,file
52,62,0.10276673715052245,34,316,181,0,plain,file
31,54,0.10268567443345616,38,554,346,0,plain,file
48,70,0.10263658332532734,39,564,221,0,plain,file
27,79,0.10261096920431109,48,1163,183,0,plain,file
58,112,0.10260686587279817,7,479,19,0,plain,file
4,96,0.1025363933689747,27,3767,76,0,plain,file
7,82,0.10253408291212279,31,3345,85,0,plain,file
8,54,0.10252904213787722,52,1247,346,0,plain,file
32,79,0.10244187135757363,35,376,183,0,plain,file
52,72,0.10242180339069322,36,316,290,0,plain,file
24,112,0.10235388884448997,11,1323,19,0,plain,file
75,90,0.10234399528728633,16,168,86,0,plain,file
70,83,0.1022438436224297,31,221,173,0,plain,file
2,89,0.10222838822714986,43,6145,143,0,plain,file
9,79,0.10220506509356747,43,2505,183,0,plain,file
22,96,0.1021949501782486,22,1283,76,0,plain,file
21,84,0.1020993610137605,38,1178,112,0,plain,file
51,69,0.10207505607682824,40,364,264,0,plain,file
31,114,0.10207173593630423,8,554,24,0,plain,file
76,83,0.10195010390313282,27,247,173,0,plain,file
43,87,0.10189765873216995,28,840,76,0,plain,file
44,97,0.10184034619343398,16,350,34,0,plain,file
44,66,0.10179007658027958,37,350,258,0,plain,file
41,79,0.10175324363825053,43,798,183,0,plain,file
20,80,0.10173797981094766,35,1357,137,0,plain,file
6,86,0.10171417825428394,25,3060,65,0,plain,file
21,79,0.10170245954906122,45,1178,183,0,plain,file
4,87,0.10161310171144064,29,3767,76,0,plain,file
68,76,0.1015974000799813,29,305,247,0,plain,file
23,75,0.10125368067232358,36,1056,168,0,plain,file
28,80,0.10124416888192478,33,1442,137,0,plain,file
38,69,0.10122921520572024,41,739,264,0,plain,file
59,83,0.10117690595724348,29,451,173,0,plain,file
30,86,0.10115331120948877,22,821,65,0,plain,file
27,114,0.10113689130173042,10,1163,24,0,plain,file
22,86,0.10112190419080543,22,1283,65,0,plain,file
53,65,0.10103746782478147,34,364,293,0,plain,file
18,80,0.1010352749335921,37,1587,137,0,plain,file
16,89,0.10097561641306597,32,1848,143,0,plain,file
51,63,0.10091753917721169,34,364,185,0,plain,file
29,87,0.10080985366742276,26,982,76,0,plain,file
30,75,0.10079022836146173,30,821,168,0,plain,file
12,114,0.10078347231582915,11,1799,24,0,plain,file
53,98,0.10072631799544894,19,364,98,0,plain,file
37,78,0.10069426126850295,43,869,178,0,plain,file
60,70,0.10058159769454059,33,356,221,0,plain,file
10,89,0.10052509741336202,31,1843,143,0,plain,file
41,87,0.10051614729056801,26,798,76,0,plain,file
5,89,0.10051534038824697,38,2841,143,0,plain,file
13,88,0.10050646862163398,22,858,96,0,plain,file
21,86,0.10050442717734852,23,1178,65,0,plain,file
49,56,0.10049934610494839,30,357,383,0,plain,file
51,72,0.10047092885171945,40,364,290,0,plain,file
54,57,0.10046757748972393,42,346,579,0,plain,file
50,85,0.10039942490434112,33,377,113,0,plain,file
6,92,0.10039014337779152,21,3060,75,0,plain,file
60,76,0.1003239871333996,31,356,247,0,plain,file
66,98,0.10029187445324897,20,258,98,0,plain,file
53,85,0.10020116691856087,27,364,113,0,plain,file
63,72,0.10019402002431906,28,185,290,0,plain,file
44,65,0.10016563754122755,30,350,293,0,plain,file
28,86,0.1001580321679725,20,1442,65,0,plain,file
40,82,0.10011598894166217,25,1230,85,0,plain,file
65,71,0.10011217094219324,30,293,231,0,plain,file
36,88,0.0999761410778671,21,734,96,0,plain,file
45,88,0.09993029393154734,21,492,96,0,plain,file
74,85,0.09989425188968046,32,260,113,0,plain,file
9,90,0.09989048945667148,30,2505,86,0,plain,file
29,91,0.09983641093808887,17,982,58,0,plain,file
23,80,0.09982077037353831,33,1056,137,0,plain,file
57,114,0.09969716833830046,9,579,24,0,plain,file
52,76,0.09968907367748235,36,316,247,0,plain,file
19,85,0.09960730702277051,40,975,113,0,plain,file
29,86,0.09960032090247517,23,982,65,0,plain,file
9,87,0.09950129966848466,25,2505,76,0,plain,file
50,74,0.09947111468923697,40,377,260,0,plain,file
56,58,0.09946493078730133,38,383,479,0,plain,file
49,70,0.09945451916993558,29,357,221,0,plain,file
13,87,0.0994379934018228,26,858,76,0,plain,file
16,92,0.09942174379083593,17,1848,75,0,plain,file
2,96,0.09938582526176439,25,6145,76,0,plain,file
51,86,0.09936566105938958,19,364,65,0,plain,file
24,90,0.09933331242767396,30,1323,86,0,plain,file
24,88,0.09932546970349822,23,1323,96,0,plain,file
10,110,0.09926229886871442,11,1843,23,0,plain,file
19,70,0.09915814015998543,46,975,221,0,plain,file
31,88,0.09905193394329237,19,554,96,0,plain,file
34,86,0.09899501392424659,21,888,65,0,plain,file
50,60,0.09898385521818755,38,377,356,0,plain,file
15,85,0.09897009117092655,34,661,113,0,plain,file
44,88,0.09879680876064831,21,350,96,0,plain,file
4,91,0.09874851413247346,15,3767,58,0,plain,file
29,110,0.09874631765224573,12,982,23,0,plain,file
5,75,0.09873600279229926,36,2841,168,0,plain,file
11,96,0.09873146156760355,23,1950,76,0,plain,file
17,88,0.09871826607454946,24,1562,96,0,plain,file
25,54,0.09868835513146493,58,900,346,0,plain,file
3,101,0.09868105334119862,13,3505,40,0,plain,file
36,82,0.09867234606102207,25,734,85,0,plain,file
61,68,0.09867136117261488,30,230,305,0,plain,file
33,54,0.09864499661712321,46,1307,346,0,plain,file
50,82,0.09863393543214859,17,377,85,0,plain,file
41,86,0.09862613100184435,23,798,65,0,plain,file
9,91,0.09850335649575684,13,2505,58,0,plain,file
46,87,0.09834221834511214,24,649,76,0,plain,file
60,83,0.0983408696394692,24,356,173,0,plain,file
61,72,0.09833361379476024,24,230,290,0,plain,file
6,91,0.09832437028904978,19,3060,58,0,plain,file
35,92,0.0981144099725357,13,782,75,0,plain,file
70,75,0.09808045235298914,24,221,168,0,plain,file
75,89,0.09802484086845738,18,168,143,0,plain,file
87,92,0.0979880205117012,15,76,75,0,plain,file
38,79,0.09787523251534794,41,739,183,0,plain,file
16,91,0.09786109696169122,19,1848,58,0,plain,file
39,87,0.09778833461888407,25,1181,76,0,plain,file
9,114,0.09778272623562975,11,2505,24,0,plain,file
9,82,0.09778208550712719,23,2505,85,0,plain,file
70,107,0.09772618777252007,11,221,29,0,plain,file
65,76,0.09771490863291783,26,293,247,0,plain,file
36,92,0.09768830542085727,18,734,75,0,plain,file
4,82,0.09762094967957713,32,3767,85,0,plain,file
53,63,0.09757966352377107,31,364,185,0,plain,file
67,74,0.09752550906269053,32,337,260,0,plain,file
3,97,0.09746721064988796,16,3505,34,0,plain,file
39,110,0.09733790226867908,10,1181,23,0,plain,file
25,75,0.09731964292193018,33,900,168,0,plain,file
83,104,0.09726181550143201,13,173,37,0,plain,file
23,90,0.09725250011414552,33,1056,86,0,plain,file
52,64,0.09722270404859254,38,316,246,0,plain,file
31,81,0.0971482029931331,20,554,108,0,plain,file
68,70,0.09712786093086945,39,305,221,0,plain,file
75,83,0.097099182193175,18,168,173,0,plain,file
31,84,0.09705405448353924,34,554,112,0,plain,file
14,87,0.09701133646109006,23,834,76,0,plain,file
26,91,0.09700791120738811,18,1324,58,0,plain,file
61,69,0.09693791834566479,27,230,264,0,plain,file
6,81,0.09691231556151406,33,3060,108,0,plain,file
53,87,0.09681274530897513,24,364,76,0,plain,file
32,75,0.09679571070510737,29,376,168,0,plain,file
45,81,0.09677478746760636,19,492,108,0,plain,file
18,90,0.09664667524860414,34,1587,86,0,plain,file
47,54,0.09663442571373856,41,546,346,0,plain,file
43,79,0.09662799842111115,47,840,183,0,plain,file
4,80,0.09661614388275935,40,3767,137,0,plain,file
34,92,0.09660925277900828,18,888,75,0,plain,file
56,61,0.09653088553829015,24,383,230,0,plain,file
7,97,0.09652416553057268,19,3345,34,0,plain,file
12,78,0.09651142953634743,44,1799,178,0,plain,file
40,89,0.09640989048883745,38,1230,143,0,plain,file
36,84,0.09640014530318575,38,734,112,0,plain,file
40,75,0.0963469078917737,36,1230,168,0,plain,file
64,71,0.09632033108875375,26,246,231,0,plain,file
37,77,0.09626197953953608,45,869,185,0,plain,file
29,92,0.0962461585193368,15,982,75,0,plain,file
24,96,0.09623477922086777,22,1323,76,0,plain,file
43,114,0.096232448817377,12,840,24,0,plain,file
63,98,0.09621964292556615,16,185,98,0,plain,file
7,109,0.09616844941593215,13,3345,31,0,plain,file
27,109,0.09601794676460025,14,1163,31,0,plain,file
35,91,0.09595868286333666,13,782,58,0,plain,file
34,80,0.0959504689769542,26,888,137,0,plain,file
6,90,0.09594452243763714,35,3060,86,0,plain,file
35,79,0.09591578126085139,33,782,183,0,plain,file
46,88,0.09591185118197315,19,649,96,0,plain,file
24,87,0.0958900068446091,28,1323,76,0,plain,file
52,88,0.0958794473459281,24,316,96,0,plain,file
46,114,0.09586837313331083,10,649,24,0,plain,file
45,79,0.09586247997198857,35,492,183,0,plain,file
5,87,0.09585108708637602,27,2841,76,0,plain,file
12,79,0.09584424568418735,45,1799,183,0,plain,file
53,83,0.0957060754082151,27,364,173,0,plain,file
7,89,0.09568589100895404,39,3345,143,0,plain,file
32,88,0.09564728309781032,20,376,96,0,plain,file
22,90,0.09563437898194335,31,1283,86,0,plain,file
19,84,0.09560129234429672,37,975,112,0,plain,file
67,70,0.09552638603147577,28,337,221,0,plain,file
39,81,0.09552145349166996,32,1181,108,0,plain,file
59,114,0.09539096912455605,9,451,24,0,plain,file
36,75,0.09529285499102627,34,734,168,0,plain,file
66,71,0.09524073956850938,27,258,231,0,plain,file
7,92,0.09522349619143365,19,3345,75,0,plain,file
59,112,0.09508959026775675,7,451,19,0,plain,file
44,87,0.09504639632468302,22,350,76,0,plain,file
56,74,0.09492586823668242,35,383,260,0,plain,file
12,84,0.09492199957408039,44,1799,112,0,plain,file
22,89,0.09491128748594753,33,1283,143,0,plain,file
26,82,0.09488505560386003,24,1324,85,0,plain,file
16,81,0.0948361006489674,31,1848,108,0,plain,file
8,114,0.09478934283545701,10,1247,24,0,plain,file
20,84,0.09473421499362183,36,1357,112,0,plain,file
10,90,0.09472855871507507,30,1843,86,0,plain,file
50,78,0.09467009605552401,41,377,178,0,plain,file
2,107,0.09465588980717565,12,6145,29,0,plain,file
18,79,0.09465123775133641,45,1587,183,0,plain,file
5,110,0.09464805246037691,11,2841,23,0,plain,file
8,82,0.09455256057384205,26,1247,85,0,plain,file
45,109,0.09454546501583011,10,492,31,0,plain,file
22,91,0.09448107641560352,16,1283,58,0,plain,file
14,91,0.09447796196432387,16,834,58,0,plain,file
22,103,0.09446074087915561,13,1283,18,0,plain,file
31,78,0.09442411892351166,33,554,178,0,plain,file
44,72,0.09432535389786662,32,350,290,0,plain,file
14,86,0.09429873067902228,20,834,65,0,plain,file
39,89,0.09427616803360417,35,1181,143,0,plain,file
50,98,0.0942020094925775,19,377,98,0,plain,file
53,66,0.09419281298529891,30,364,258,0,plain,file
53,69,0.0941711351651741,30,364,264,0,plain,file
74,75,0.09415734365010126,24,260,168,1,plain,file
56,83,0.09412596887377293,34,383,173,0,plain,file
21,109,0.09400313200279287,13,1178,31,0,plain,file
33,87,0.09399332817165337,28,1307,76,0,plain,file
20,109,0.0939478800193062,12,1357,31,0,plain,file
90,95,0.09391542447604687,12,86,38,0,plain,file
69,74,0.0938395345377976,35,264,260,0,plain,file
10,100,0.09380174143538032,18,1843,44,0,plain,file
24,79,0.09377021948089566,38,1323,183,0,plain,file
2,101,0.09373894046153126,15,6145,40,0,plain,file
50,65,0.09373499701964284,34,377,293,0,plain,file
46,79,0.09372531775613906,36,649,183,0,plain,file
9,75,0.0937247643641964,32,2505,168,0,plain,file
42,101,0.0937171653922051,10,864,40,0,plain,file
23,87,0.0937112970213733,29,1056,76,0,plain,file
81,84,0.09360077379888099,16,108,112,0,plain,file
22,101,0.09354464036205132,12,1283,40,0,plain,file
34,90,0.0935236435140292,27,888,86,0,plain,file
52,69,0.09345448753726732,34,316,264,0,plain,file
48,71,0.09343376946604959,31,564,231,0,plain,file
53,96,0.09341068245289881,22,364,76,0,plain,file
48,68,0.09340423687521948,42,564,305,0,plain,file
39,91,0.09331131379458527,15,1181,58,0,plain,file
28,92,0.09326912932926204,17,1442,75,0,plain,file
30,110,0.09326824164806623,10,821,23,0,plain,file
23,88,0.09321322262881342,23,1056,96,0,plain,file
49,112,0.09308028629088802,8,357,19,0,plain,file
67,98,0.09301990372965119,15,337,98,0,plain,file
19,112,0.09300459348580849,11,975,19,0,plain,file
10,81,0.09300294765770947,30,1843,108,0,plain,file
90,104,0.09297383651039304,13,86,37,0,plain,file
13,80,0.09289023666831618,28,858,137,0,plain,file
26,92,0.09285194853772438,18,1324,75,0,plain,file
25,87,0.09280085778031794,26,900,76,0,plain,file
33,91,0.09278244214400017,14,1307,58,0,plain,file
49,83,0.09276623568736224,21,357,173,0,plain,file
31,110,0.09276341781088673,7,554,23,0,plain,file
11,92,0.09266391387954007,20,1950,75,0,plain,file
14,97,0.09264909391728512,15,834,34,0,plain,file
7,86,0.09260482320455185,25,3345,65,0,plain,file
25,89,0.09255387545373334,37,900,143,0,plain,file
110,114,0.0925370617652228,6,23,24,0,plain,file
41,80,0.09242954099453081,31,798,137,0,plain,file
50,69,0.09242595059355825,34,377,264,0,plain,file
56,78,0.09242168612174981,34,383,178,0,plain,file
16,100,0.09235647018228653,18,1848,44,0,plain,file
7,101,0.09233912460331566,17,3345,40,0,plain,file
39,95,0.09221062865894074,16,1181,38,0,plain,file
43,88,0.09220076371798021,26,840,96,0,plain,file
36,80,0.09211202977298995,27,734,137,0,plain,file
35,80,0.09208773638531466,25,782,137,0,plain,file
24,54,0.09208267032904686,48,1323,346,0,plain,file
8,91,0.09207765593963632,13,1247,58,0,plain,file
3,89,0.092067332564867,40,3505,143,0,plain,file
21,75,0.09204336192349737,32,1178,168,0,plain,file
7,91,0.09201913422204494,21,3345,58,0,plain,file
3,96,0.09190574370191884,23,3505,76,0,plain,file
40,92,0.09188916781986446,16,1230,75,0,plain,file
52,61,0.09179829358355612,28,316,230,0,plain,file
14,84,0.09174236060387896,32,834,112,0,plain,file
17,89,0.09167522941723212,35,1562,143,0,plain,file
46,75,0.09154240845135342,29,649,168,0,plain,file
48,83,0.0914829174635907,33,564,173,0,plain,file
33,96,0.09148179790332574,23,1307,76,0,plain,file
42,109,0.0914536179114814,11,864,31,0,plain,file
37,88,0.09143847946858163,25,869,96,0,plain,file
42,92,0.09143045846703114,14,864,75,0,plain,file
52,65,0.09140820314708141,30,316,293,0,plain,file
41,75,0.09140071374471223,32,798,168,0,plain,file
6,100,0.09136343159999381,16,3060,44,0,plain,file
29,103,0.09129021139787308,12,982,18,0,plain,file
34,82,0.09126350715806365,23,888,85,0,plain,file
42,110,0.0912346086929825,11,864,23,0,plain,file
66,85,0.09120343127343424,30,258,113,0,plain,file
61,74,0.09117290194427435,26,230,260,0,plain,file
63,84,0.09113842122058222,24,185,112,0,plain,file
24,80,0.09111870292016061,32,1323,137,0,plain,file
21,92,0.09107368861720504,19,1178,75,0,plain,file
26,87,0.09102464320810025,23,1324,76,0,plain,file
25,96,0.09095027180974652,22,900,76,0,plain,file
39,90,0.09093169339467856,28,1181,86,0,plain,file
23,84,0.09088761605174837,38,1056,112,0,plain,file
48,56,0.09085708821160801,40,564,383,0,plain,file
51,79,0.09085601708502959,33,364,183,0,plain,file
50,66,0.09080456101808243,34,377,258,0,plain,file
17,92,0.09072939901964196,20,1562,75,0,plain,file
60,84,0.09070952581253289,30,356,112,0,plain,file
64,70,0.09068226104927794,30,246,221,0,plain,file
18,86,0.09063737194192305,26,1587,65,0,plain,file
66,68,0.09061112131448147,39,258,305,0,plain,file
10,101,0.09057436738498792,12,1843,40,0,plain,file
11,91,0.09055381788445263,16,1950,58,0,plain,file
6,113,0.09055286708411024,11,3060,27,0,plain,file
65,112,0.09047927681767996,6,293,19,0,plain,file
68,72,0.09045766234060588,36,305,290,0,plain,file
50,79,0.0904162560956747,31,377,183,0,plain,file
21,114,0.09041191329821956,10,1178,24,0,plain,file
16,90,0.09037868983005744,30,1848,86,0,plain,file
15,88,0.09034278435110593,21,661,96,0,plain,file
18,88,0.09033667175155535,25,1587,96,0,plain,file
63,70,0.09017189878351514,29,185,221,0,plain,file
12,80,0.09013701866617801,35,1799,137,0,plain,file
30,113,0.09012669361968753,11,821,27,0,plain,file
16,97,0.09012285808471163,16,1848,34,0,plain,file
33,88,0.09010386551113786,20,1307,96,0,plain,file
29,95,0.09008547169186754,17,982,38,0,plain,file
39,113,0.09004653816424293,11,1181,27,0,plain,file
30,91,0.09004152009507667,13,821,58,0,plain,file
26,88,0.08998524845331149,25,1324,96,0,plain,file
8,88,0.08996766551317704,23,1247,96,0,plain,file
69,101,0.08984220636059496,14,264,40,0,plain,file
13,92,0.08981137925014372,18,858,75,0,plain,file
32,82,0.08977559693013087,21,376,85,0,plain,file
62,74,0.08976611438441723,27,181,260,0,plain,file
13,109,0.08975727124238103,11,858,31,0,plain,file
8,78,0.0897264118821498,41,1247,178,0,plain,file
10,112,0.08969130344240883,9,1843,19,0,plain,file
22,95,0.08966203881466497,15,1283,38,0,plain,file
21,80,0.08962751316221612,29,1178,137,0,plain,file
74,82,0.08957423984876357,21,260,85,0,plain,file
58,90,0.08953872969951836,27,479,86,0,plain,file
35,109,0.08953257674514331,12,782,31,0,plain,file
40,109,0.08947401581537093,14,1230,31,0,plain,file
58,110,0.08947344003493723,6,479,23,0,plain,file
39,92,0.0894374441235873,19,1181,75,0,plain,file
13,86,0.08941914577974752,20,858,65,0,plain,file
4,103,0.0894134394873605,14,3767,18,0,plain,file
64,74,0.0893928594332565,31,246,260,0,plain,file
2,106,0.08939215774959533,10,6145,21,0,plain,file
14,80,0.08938259598986208,26,834,137,0,plain,file
7,96,0.08936676082868977,25,3345,76,0,plain,file
9,89,0.08930677245856927,30,2505,143,0,plain,file
42,90,0.08930242290620842,23,864,86,0,plain,file
31,104,0.08926915169896227,12,554,37,0,plain,file
19,79,0.08925144789012598,41,975,183,0,plain,file
41,114,0.0892449007686877,9,798,24,0,plain,file
25,81,0.08921961850694951,25,900,108,0,plain,file
5,96,0.0892164957077911,25,2841,76,0,plain,file
75,77,0.08911102436392582,17,168,185,0,plain,file
35,110,0.08908560319982617,9,782,23,0,plain,file
54,59,0.08907448352722605,33,346,451,0,plain,file
49,109,0.08906878171632586,10,357,31,0,plain,file
48,112,0.08903256309474677,7,564,19,0,plain,file
95,103,0.08903114197844446,10,38,18,0,plain,file
41,92,0.0888973070387606,18,798,75,0,plain,file
15,84,0.08871047153365955,38,661,112,0,plain,file
62,82,0.08869461484175827,20,181,85,0,plain,file
68,73,0.0886893683161898,29,305,204,0,plain,file
22,97,0.08867855959987234,15,1283,34,0,plain,file
45,80,0.08863974421211872,23,492,137,0,plain,file
9,95,0.0886360903700732,13,2505,38,0,plain,file
4,92,0.08859888478394062,21,3767,75,0,plain,file
25,88,0.08858273042403898,22,900,96,0,plain,file
1,26,0.08857765908780593,14,29,1324,0,plain,file
20,89,0.08853905462266376,30,1357,143,0,plain,file
49,50,0.08852921715482716,31,357,377,1,plain,file
5,86,0.08851063627518901,25,2841,65,0,plain,file
58,69,0.08851022539329267,32,479,264,0,plain,file
24,109,0.08848398963800483,13,1323,31,0,plain,file
29,112,0.08843806208072796,8,982,19,0,plain,file
12,92,0.08843248872269747,22,1799,75,0,plain,file
29,90,0.08842479446980353,28,982,86,0,plain,file
52,73,0.08841525384925907,30,316,204,0,plain,file
58,84,0.0884093465312163,31,479,112,0,plain,file
3,113,0.08838958148486756,12,3505,27,0,plain,file
12,88,0.0883711926002942,25,1799,96,0,plain,file
35,75,0.08832846634298169,31,782,168,0,plain,file
59,87,0.08831282129584984,19,451,76,0,plain,file
14,82,0.08829549485865525,20,834,85,0,plain,file
16,101,0.08825061339377745,12,1848,40,0,plain,file
29,75,0.08824513852581765,33,982,168,0,plain,file
59,78,0.08824257128829248,31,451,178,0,plain,file
61,83,0.08821246507577225,22,230,173,0,plain,file
46,86,0.08820863427908421,22,649,65,0,plain,file
71,74,0.08814749620349835,25,231,260,0,plain,file
3,95,0.088101656975509,17,3505,38,0,plain,file
34,79,0.08809004475369737,36,888,183,0,plain,file
34,109,0.08806750999567392,11,888,31,0,plain,file
40,91,0.08797680186643146,17,1230,58,0,plain,file
9,96,0.08794117269114436,20,2505,76,0,plain,file
62,114,0.08792816726545294,9,181,24,0,plain,file
16,77,0.08790827640259055,49,1848,185,0,plain,file
3,106,0.08787581139021379,10,3505,21,0,plain,file
33,78,0.08774194591068937,35,1307,178,0,plain,file
11,100,0.08773958607546802,18,1950,44,0,plain,file
26,96,0.087737350017091,23,1324,76,0,plain,file
67,114,0.08770837997450529,8,337,24,0,plain,file
14,92,0.08770417382706693,16,834,75,0,plain,file
3,81,0.08768318801039593,29,3505,108,0,plain,file
27,80,0.08765790057498409,30,1163,137,0,plain,file
52,54,0.08760405201970264,36,316,346,0,plain,file
23,109,0.08755721207459687,13,1056,31,0,plain,file
79,87,0.08752129760515424,19,183,76,0,plain,file
50,72,0.08751678121700003,36,377,290,0,plain,file
11,110,0.08749211078666197,11,1950,23,0,plain,file
31,87,0.08747717026004063,19,554,76,0,plain,file
30,87,0.08743142269513535,22,821,76,0,plain,file
3,100,0.0874218803820564,18,3505,44,0,plain,file
12,87,0.08736025084111243,27,1799,76,0,plain,file
60,69,0.08731872967432139,28,356,264,0,plain,file
45,87,0.08725603310597813,19,492,76,0,plain,file
8,79,0.08724218672716716,37,1247,183,0,plain,file
40,90,0.08721598188424376,28,1230,86,0,plain,file
67,96,0.08719070220869554,18,337,76,0,plain,file
58,82,0.08716316854023805,22,479,85,0,plain,file
83,96,0.08713059771978475,13,173,76,0,plain,file
31,100,0.08705511663276615,13,554,44,0,plain,file
41,82,0.08705118876928505,24,798,85,0,plain,file
46,82,0.08702227638973416,20,649,85,0,plain,file
13,97,0.08700677765800507,16,858,34,0,plain,file
98,113,0.08685926993584184,8,98,27,0,plain,file
37,82,0.08680365815511733,29,869,85,0,plain,file
44,81,0.08678529938437902,22,350,108,0,plain,file
16,110,0.086649707463069,11,1848,23,0,plain,file
19,75,0.08662713824200152,34,975,168,0,plain,file
89,93,0.08661516296926045,12,143,44,0,plain,file
39,96,0.08659334283781836,22,1181,76,0,plain,file
19,89,0.08658566634998859,35,975,143,0,plain,file
31,75,0.08655318218509472,25,554,168,0,plain,file
50,83,0.08654558541105437,26,377,173,0,plain,file
67,83,0.0865249333757673,25,337,173,0,plain,file
21,82,0.08651259492598679,25,1178,85,0,plain,file
41,91,0.08647066513084362,18,798,58,0,plain,file
33,114,0.08643455599193839,9,1307,24,0,plain,file
34,87,0.08642706711455984,25,888,76,0,plain,file
36,86,0.08637547328425356,22,734,65,0,plain,file
50,76,0.08633189570292837,34,377,247,0,plain,file
49,84,0.08627222394778937,22,357,112,0,plain,file
70,98,0.08627082567795338,20,221,98,0,plain,file
52,66,0.08625524621082205,37,316,258,0,plain,file
15,79,0.08623027922066531,36,661,183,0,plain,file
5,103,0.0861913861105311,11,2841,18,0,plain,file
65,74,0.08614008712890787,30,293,260,0,plain,file
40,112,0.08613965149314698,8,1230,19,0,plain,file
30,89,0.08612565237260833,29,821,143,0,plain,file
27,75,0.08611358146104758,28,1163,168,0,plain,file
4,86,0.0861038460461091,26,3767,65,0,plain,file
26,84,0.08609445509946799,38,1324,112,0,plain,file
45,114,0.08604675793179971,10,492,24,0,plain,file
13,112,0.08597931636547551,8,858,19,0,plain,file
26,75,0.08596559841935911,33,1324,168,0,plain,file
70,80,0.08591133420571845,27,221,137,0,plain,file
27,87,0.08589013790699455,22,1163,76,0,plain,file
12,75,0.08588727647008877,36,1799,168,0,plain,file
31,79,0.0858871148212737,31,554,183,0,plain,file
31,86,0.08584790442630816,18,554,65,0,plain,file
28,89,0.08583312961807547,33,1442,143,0,plain,file
57,80,0.08581135049166214,23,579,137,0,plain,file
63,73,0.08579862003810124,21,185,204,0,plain,file
32,84,0.085796983825428,32,376,112,0,plain,file
34,97,0.08574983207562235,16,888,34,0,plain,file
33,79,0.08574628358592302,43,1307,183,0,plain,file
5,95,0.08573570084938432,16,2841,38,0,plain,file
24,78,0.0857314535846823,39,1323,178,0,plain,file
27,82,0.08557137221528069,25,1163,85,0,plain,file
10,106,0.08552061049256726,9,1843,21,0,plain,file
40,96,0.08552051086815507,23,1230,76,0,plain,file
14,75,0.08551700104662797,28,834,168,0,plain,file
33,82,0.08549319585394999,23,1307,85,0,plain,file
52,78,0.08547808469867522,33,316,178,0,plain,file
25,82,0.08542947812351778,24,900,85,0,plain,file
67,69,0.08542123369627753,27,337,264,0,plain,file
43,84,0.08542066146680703,39,840,112,0,plain,file
22,113,0.085409770727303,10,1283,27,0,plain,file
2,100,0.08539208593597424,16,6145,44,0,plain,file
5,81,0.0853862165372645,31,2841,108,0,plain,file
53,71,0.08534641961782355,27,364,231,0,plain,file
23,114,0.08528743012906737,10,1056,24,0,plain,file
31,89,0.08528087823788266,24,554,143,0,plain,file
19,114,0.08513866599900957,12,975,24,0,plain,file
54,76,0.08512463781684039,25,346,247,0,plain,file
8,109,0.08509377001087283,12,1247,31,0,plain,file
22,104,0.08505373677574933,14,1283,37,0,plain,file
10,97,0.08501435565360226,16,1843,34,0,plain,file
11,90,0.08497003085621793,33,1950,86,0,plain,file
22,109,0.08490720842421552,12,1283,31,0,plain,file
90,112,0.08488021673467237,7,86,19,0,plain,file
52,98,0.0848758267999309,22,316,98,0,plain,file
31,109,0.08486251644083838,11,554,31,0,plain,file
92,111,0.08485005656585062,9,75,27,0,plain,file
4,95,0.0848276870769916,16,3767,38,0,plain,file
50,73,0.0848275472480032,28,377,204,0,plain,file
63,76,0.08478176208538092,23,185,247,0,plain,file
13,90,0.08477844345142171,25,858,86,0,plain,file
76,78,0.08475141590873532,29,247,178,0,plain,file
2,113,0.0846595996819678,13,6145,27,0,plain,file
13,91,0.08462163934784254,14,858,58,0,plain,file
2,104,0.08453485513214072,15,6145,37,0,plain,file
37,81,0.08451226372925094,27,869,108,0,plain,file
17,114,0.08449340968339013,9,1562,24,0,plain,file
23,101,0.08448937402114762,12,1056,40,0,plain,file
70,82,0.08448902956609607,21,221,85,0,plain,file
57,84,0.0844564517635793,29,579,112,0,plain,file
8,90,0.08432006632873582,26,1247,86,0,plain,file
30,82,0.08430330188535926,23,821,85,0,plain,file
42,113,0.0842786859307626,11,864,27,0,plain,file
92,93,0.08418331010882274,11,75,44,1,plain,file
23,107,0.08415252622406362,12,1056,29,0,plain,file
43,92,0.08413228885029457,17,840,75,0,plain,file
3,103,0.08408930040872073,12,3505,18,0,plain,file
19,80,0.08406913221511977,28,975,137,0,plain,file
51,76,0.08406202305056984,33,364,247,0,plain,file
42,89,0.0840409983587511,30,864,143,0,plain,file
57,88,0.08403129681899382,19,579,96,0,plain,file
70,76,0.08395856960114705,33,221,247,0,plain,file
42,100,0.08388709707004967,16,864,44,0,plain,file
10,113,0.08384750209290555,11,1843,27,0,plain,file
29,97,0.08381813956714607,15,982,34,0,plain,file
15,92,0.08379058402719104,15,661,75,0,plain,file
29,109,0.08376429677013655,15,982,31,0,plain,file
53,81,0.0837440897702553,23,364,108,0,plain,file
4,89,0.08371198700097486,38,3767,143,0,plain,file
8,113,0.08370597813844141,11,1247,27,0,plain,file
53,54,0.08369819234343139,32,364,346,1,plain,file
62,68,0.08361661110522198,28,181,305,0,plain,file
9,104,0.08360647956942928,11,2505,37,0,plain,file
57,79,0.08349477467411988,30,579,183,0,plain,file
8,95,0.08348541452411988,13,1247,38,0,plain,file
51,88,0.08345804783009252,25,364,96,0,plain,file
19,87,0.08341317785762921,25,975,76,0,plain,file
11,97,0.08341037447970391,17,1950,34,0,plain,file
57,86,0.083399696320339,19,579,65,0,plain,file
29,82,0.08339105378962836,23,982,85,0,plain,file
20,114,0.08337637870034074,12,1357,24,0,plain,file
2,103,0.08337116564907159,13,6145,18,0,plain,file
32,86,0.08334892241405681,20,376,65,0,plain,file
67,88,0.08327203558149752,18,337,96,0,plain,file
89,96,0.08323222202386253,15,143,76,0,plain,file
17,90,0.08322852376388638,31,1562,86,0,plain,file
47,88,0.0831665302057581,20,546,96,0,plain,file
43,75,0.08314349392256484,33,840,168,0,plain,file
32,87,0.0830649674662063,21,376,76,0,plain,file
5,92,0.08303873708422743,19,2841,75,0,plain,file
6,101,0.08299638527876384,12,3060,40,0,plain,file
45,86,0.08291020041152766,17,492,65,0,plain,file
4,81,0.08285440417917957,28,3767,108,0,plain,file
63,85,0.08284276836089652,22,185,113,0,plain,file
41,89,0.08282479624834553,28,798,143,0,plain,file
33,75,0.08279132932139176,31,1307,168,0,plain,file
60,82,0.0827833221008267,20,356,85,0,plain,file
45,92,0.08273898055589841,15,492,75,0,plain,file
36,87,0.08265188068689631,20,734,76,0,plain,file
20,86,0.08264817650075697,22,1357,65,0,plain,file
42,81,0.08263585974106023,20,864,108,0,plain,file
42,97,0.08260155261943403,12,864,34,0,plain,file
29,96,0.0825779515755498,21,982,76,0,plain,file
80,102,0.08249933835412143,7,137,32,0,plain,file
73,79,0.08245184957625193,24,204,183,0,plain,file
31,112,0.08244991360552643,8,554,19,0,plain,file
45,103,0.08242322476318784,11,492,18,0,plain,file
59,110,0.08239953721780777,6,451,23,0,plain,file
47,103,0.08238857045415784,10,546,18,0,plain,file
50,63,0.08238220912151956,27,377,185,0,plain,file
36,79,0.08233072031883641,32,734,183,0,plain,file
36,81,0.08232958007755894,28,734,108,0,plain,file
45,101,0.08230244113294223,12,492,40,0,plain,file
34,91,0.08229705099035037,15,888,58,0,plain,file
2,95,0.08214251662677016,16,6145,38,0,plain,file
63,83,0.0821280636224785,22,185,173,0,plain,file
5,107,0.08211884188700164,11,2841,29,0,plain,file
8,103,0.08209171947987669,9,1247,18,0,plain,file
27,86,0.08206406174707485,22,1163,65,0,plain,file
68,85,0.08205646406652749,27,305,113,0,plain,file
75,84,0.08202387793384672,21,168,112,0,plain,file
42,103,0.08202301401303955,13,864,18,0,plain,file
45,75,0.08200562636861689,23,492,168,0,plain,file
28,96,0.08197940508097822,20,1442,76,0,plain,file
25,79,0.08197880200349582,40,900,183,0,plain,file
17,82,0.08197254598117257,25,1562,85,0,plain,file
9,86,0.08189556617180314,21,2505,65,0,plain,file
9,80,0.08186382968519439,29,2505,137,0,plain,file
5,113,0.0818408886081268,12,2841,27,0,plain,file
42,75,0.08181319729450788,29,864,168,0,plain,file
14,109,0.08178580870048383,11,834,31,0,plain,file
6,97,0.08177149779824197,18,3060,34,0,plain,file
25,114,0.08174361862943141,12,900,24,0,plain,file
57,90,0.08173335954399824,26,579,86,0,plain,file
63,81,0.08167259026358986,15,185,108,0,plain,file
54,69,0.08161158945295044,31,346,264,0,plain,file
39,100,0.0815686648760872,15,1181,44,0,plain,file
61,82,0.08155472855229064,15,230,85,0,plain,file
65,85,0.0815514189846099,28,293,113,0,plain,file
12,86,0.08148804024333911,21,1799,65,0,plain,file
29,89,0.08146876900998788,34,982,143,0,plain,file
46,109,0.08137744953995933,11,649,31,0,plain,file
2,77,0.08137175339932644,49,6145,185,0,plain,file
56,63,0.08131874740184143,28,383,185,0,plain,file
18,82,0.08126854616287595,31,1587,85,0,plain,file
29,100,0.08125557251285415,16,982,44,0,plain,file
10,103,0.0812496490808355,13,1843,18,0,plain,file
22,92,0.08124656624044599,14,1283,75,0,plain,file
34,75,0.08124608117211682,30,888,168,0,plain,file
23,100,0.08116550093545356,16,1056,44,0,plain,file
26,86,0.08103077478652365,21,1324,65,0,plain,file
9,107,0.08097382692575533,8,2505,29,0,plain,file
19,90,0.08093372628142881,33,975,86,0,plain,file
68,74,0.08092679164102101,39,305,260,0,plain,file
52,85,0.08092349434376923,30,316,113,0,plain,file
56,73,0.08092284056987614,29,383,204,0,plain,file
19,88,0.08090783667270943,24,975,96,0,plain,file
38,92,0.0808561267511225,17,739,75,0,plain,file
11,101,0.08085213256701794,12,1950,40,0,plain,file
4,113,0.08080354086246731,11,3767,27,0,plain,file
57,87,0.08076913791900175,21,579,76,0,plain,file
14,90,0.08072034214551475,25,834,86,0,plain,file
67,87,0.08069718470606362,18,337,76,0,plain,file
14,110,0.08067271207791611,7,834,23,0,plain,file
28,81,0.08062015249888839,26,1442,108,0,plain,file
28,101,0.0806031635600572,14,1442,40,0,plain,file
22,106,0.08048607447346344,8,1283,21,0,plain,file
39,97,0.08047892732170743,16,1181,34,0,plain,file
8,87,0.08047495640723482,22,1247,76,0,plain,file
6,110,0.08041868557359275,11,3060,23,0,plain,file
74,81,0.080389765040933,21,260,108,0,plain,file
9,92,0.08036568621589206,17,2505,75,0,plain,file
9,81,0.08033307815801499,27,2505,108,0,plain,file
17,80,0.08033201073643097,33,1562,137,0,plain,file
38,84,0.08031242166832905,35,739,112,0,plain,file
31,113,0.08030360909046036,10,554,27,0,plain,file
59,90,0.0802457499933555,25,451,86,0,plain,file
52,79,0.08019179179937036,26,316,183,0,plain,file
40,97,0.08017144101945456,16,1230,34,0,plain,file
13,113,0.08015074229421575,10,858,27,0,plain,file
82,109,0.08013084213866707,8,85,31,0,plain,file
46,80,0.08012955427992306,26,649,137,0,plain,file
27,92,0.0801192291789529,16,1163,75,0,plain,file
72,98,0.08008861850132322,20,290,98,0,plain,file
28,106,0.0800798889831239,8,1442,21,0,plain,file
54,56,0.08006152865505707,31,346,383,0,plain,file
41,96,0.08005627465515215,22,798,76,0,plain,file
56,90,0.08003656028775319,21,383,86,0,plain,file
71,72,0.08002924051786778,26,231,290,1,plain,file
6,107,0.07998193863648781,12,3060,29,0,plain,file
66,72,0.07995659807848937,28,258,290,0,plain,file
30,101,0.07993925996977551,13,821,40,0,plain,file
12,109,0.07989992620609537,16,1799,31,0,plain,file
18,96,0.07988334105146455,26,1587,76,0,plain,file
69,88,0.07988270072468774,21,264,96,0,plain,file
61,110,0.079858307008778,6,230,23,0,plain,file
45,91,0.07981060604354027,12,492,58,0,plain,file
66,74,0.0798018581066666,30,258,260,0,plain,file
30,90,0.07978962102455281,24,821,86,0,plain,file
34,101,0.07975001108037993,11,888,40,0,plain,file
27,89,0.07972639838834153,28,1163,143,0,plain,file
38,82,0.07971438069878545,18,739,85,0,plain,file
80,96,0.07970133536521785,14,137,76,0,plain,file
28,91,0.07970021117517598,13,1442,58,0,plain,file
52,74,0.07968771150021337,40,316,260,0,plain,file
19,86,0.07967727126917065,20,975,65,0,plain,file
14,101,0.0796566058016833,11,834,40,0,plain,file
8,86,0.07961564997048104,22,1247,65,0,plain,file
17,87,0.07957985508464145,22,1562,76,0,plain,file
59,84,0.07956494840808705,29,451,112,0,plain,file
17,86,0.0794768011093158,21,1562,65,0,plain,file
20,91,0.07947547209433467,15,1357,58,0,plain,file
19,82,0.07945802627988068,22,975,85,0,plain,file
24,75,0.07943778930766814,26,1323,168,0,plain,file
47,69,0.07939434043250244,32,546,264,0,plain,file
26,80,0.07937645308319345,26,1324,137,0,plain,file
59,88,0.07936843109774848,15,451,96,0,plain,file
35,112,0.07934808343068991,8,782,19,0,plain,file
7,106,0.07933239285952168,9,3345,21,0,plain,file
21,91,0.07930058673318507,18,1178,58,0,plain,file
10,95,0.07929922205551324,18,1843,38,0,plain,file
5,101,0.0792989338025841,12,2841,40,0,plain,file
11,81,0.0792953858978866,28,1950,108,0,plain,file
73,74,0.07929204500075501,28,204,260,1,plain,file
25,80,0.07926812588501794,32,900,137,0,plain,file
48,110,0.07920080513675605,8,564,23,0,plain,file
43,89,0.07915821092874098,31,840,143,0,plain,file
16,95,0.07912791081707102,17,1848,38,0,plain,file
73,78,0.07903907541786197,30,204,178,0,plain,file
74,89,0.07893482483334317,23,260,143,0,plain,file
23,89,0.07891927542352546,32,1056,143,0,plain,file
79,80,0.07884022750019655,25,183,137,1,plain,file
14,96,0.07882840625871365,18,834,76,0,plain,file
35,97,0.07882744115370668,14,782,34,0,plain,file
56,71,0.07878373750881458,30,383,231,0,plain,file
13,110,0.07878317009738768,9,858,23,0,plain,file
43,80,0.07877718335667719,28,840,137,0,plain,file
83,98,0.07876518573887116,16,173,98,0,plain,file
51,82,0.0787242056256422,18,364,85,0,plain,file
54,73,0.07869821000121444,28,346,204,0,plain,file
8,96,0.07869533885882929,20,1247,76,0,plain,file
13,96,0.07869178192623892,20,858,76,0,plain,file
16,107,0.07867633091186432,10,1848,29,0,plain,file
8,75,0.07863350774643928,30,1247,168,0,plain,file
25,92,0.07862705733607807,18,900,75,0,plain,file
53,70,0.07859117696909607,31,364,221,0,plain,file
18,87,0.0785107868321166,26,1587,76,0,plain,file
69,73,0.07850968082166805,26,264,204,0,plain,file
29,101,0.07849454303150168,10,982,40,0,plain,file
13,82,0.07843787527741528,20,858,85,0,plain,file
73,98,0.07841679240530237,16,204,98,0,plain,file
58,78,0.07840945912541027,33,479,178,0,plain,file
76,98,0.07840930716411625,17,247,98,0,plain,file
33,90,0.078402690657788,30,1307,86,0,plain,file
24,91,0.07837411161406556,14,1323,58,0,plain,file
8,81,0.07833283425984146,23,1247,108,0,plain,file
35,96,0.07829444266116699,16,782,76,0,plain,file
24,110,0.07827714252869133,9,1323,23,0,plain,file
38,87,0.0782713062927472,22,739,76,0,plain,file
34,99,0.07808512424929782,14,888,40,0,plain,file
58,107,0.07808276660567809,10,479,29,0,plain,file
44,86,0.0779925118550315,17,350,65,0,plain,file
68,75,0.07798439345789959,25,305,168,0,plain,file
74,96,0.07794495326462667,18,260,76,0,plain,file
3,107,0.07784975311038839,10,3505,29,0,plain,file
3,104,0.07783677992837461,12,3505,37,0,plain,file
68,79,0.07781784520664062,29,305,183,0,plain,file
49,96,0.07777414665944683,14,357,76,0,plain,file
36,91,0.07772777799079861,16,734,58,0,plain,file
72,73,0.07770780777536565,25,290,204,1,plain,file
15,82,0.07768538308165811,23,661,85,0,plain,file
20,92,0.07766100238232634,21,1357,75,0,plain,file
48,114,0.07764974361983472,10,564,24,0,plain,file
18,91,0.07763960315385553,16,1587,58,0,plain,file
62,76,0.07761299452564469,23,181,247,0,plain,file
12,89,0.0775991120314581,40,1799,143,0,plain,file
28,90,0.07759702747166015,24,1442,86,0,plain,file
59,86,0.07751557314043017,18,451,65,0,plain,file
31,80,0.07743198658655759,23,554,137,0,plain,file
40,101,0.0773745032726193,10,1230,40,0,plain,file
72,76,0.07730624095564693,29,290,247,0,plain,file
77,82,0.07727699081227696,16,185,85,0,plain,file
46,106,0.07727045417398377,9,649,21,0,plain,file
70,78,0.07726916896704715,31,221,178,0,plain,file
35,90,0.07722987372387285,26,782,86,0,plain,file
5,104,0.07721214010602744,14,2841,37,0,plain,file
58,95,0.07719118605479422,10,479,38,0,plain,file
1,2,0.07714028156163566,17,29,6145,1,plain,file
83,85,0.07704506098409628,20,173,113,0,plain,file
42,96,0.07700745351033557,19,864,76,0,plain,file
9,103,0.07695465330765873,6,2505,18,0,plain,file
57,91,0.07694314677675072,13,579,58,0,plain,file
53,88,0.07690192034401676,18,364,96,0,plain,file
27,91,0.07687605908875086,16,1163,58,0,plain,file
34,81,0.0768464106532071,23,888,108,0,plain,file
53,76,0.07678743420280029,30,364,247,0,plain,file
63,69,0.07671863015480447,24,185,264,0,plain,file
24,81,0.07669151441299314,25,1323,108,0,plain,file
40,81,0.07663359355267683,29,1230,108,0,plain,file
41,109,0.07661599454035882,11,798,31,0,plain,file
22,105,0.07660079876540316,10,1283,27,0,plain,file
13,101,0.07659960845253452,12,858,40,0,plain,file
6,95,0.07659487024180098,17,3060,38,0,plain,file
4,101,0.07655150033399503,13,3767,40,0,plain,file
53,82,0.07648799589048026,16,364,85,0,plain,file
17,110,0.07645880967815012,11,1562,23,0,plain,file
37,84,0.07643673214696291,31,869,112,0,plain,file
74,78,0.07641476343622057,23,260,178,0,plain,file
18,92,0.07639172777705394,17,1587,75,0,plain,file
58,109,0.07634760738173241,11,479,31,0,plain,file
4,97,0.07634644913488639,17,3767,34,0,plain,file
15,86,0.07633466716822405,20,661,65,0,plain,file
27,110,0.07632058817471236,11,1163,23,0,plain,file
24,86,0.0763166796007748,21,1323,65,0,plain,file
28,97,0.07616878391920254,14,1442,34,0,plain,file
44,82,0.07613774263115701,18,350,85,0,plain,file
35,101,0.07611423402831281,11,782,40,0,plain,file
4,100,0.07610932068008365,16,3767,44,0,plain,file
4,104,0.0761000913079505,14,3767,37,0,plain,file
46,90,0.07608828375397492,27,649,86,0,plain,file
62,69,0.076071652301823,24,181,264,0,plain,file
6,77,0.07606105654516139,49,3060,185,0,plain,file
28,109,0.07603495349547026,13,1442,31,0,plain,file
64,68,0.0759998485438094,30,246,305,0,plain,file
15,80,0.07590738042480942,26,661,137,0,plain,file
61,109,0.07589989416630255,10,230,31,0,plain,file
21,97,0.07586917317015465,17,1178,34,0,plain,file
14,100,0.07585343865139468,15,834,44,0,plain,file
67,76,0.0757876023659546,24,337,247,0,plain,file
27,96,0.0757786068885698,22,1163,76,0,plain,file
98,103,0.07575461313618946,10,98,18,0,plain,file
74,87,0.07573408090895087,20,260,76,0,plain,file
30,106,0.0757222721463563,7,821,21,0,plain,file
38,86,0.07565132240092272,20,739,65,0,plain,file
58,103,0.0756327705877022,8,479,18,0,plain,file
10,77,0.07561050023038574,37,1843,185,0,plain,file
59,107,0.07556177243553265,9,451,29,0,plain,file
8,92,0.07547325844667925,16,1247,75,0,plain,file
46,96,0.07546601699300395,20,649,76,0,plain,file
47,79,0.07543172042911331,30,546,183,0,plain,file
70,85,0.07540152222771283,23,221,113,0,plain,file
5,100,0.07536331411399742,15,2841,44,0,plain,file
46,91,0.07536054744233389,14,649,58,0,plain,file
28,82,0.07535893560188305,23,1442,85,0,plain,file
24,82,0.0753454822437427,25,1323,85,0,plain,file
74,90,0.07530985436652769,23,260,86,0,plain,file
12,82,0.07528674579692601,25,1799,85,0,plain,file
39,107,0.07525582488000473,11,1181,29,0,plain,file
14,106,0.07520624772392265,8,834,21,0,plain,file
39,101,0.07517702815510746,10,1181,40,0,plain,file
7,81,0.07516443123479126,33,3345,108,0,plain,file
30,95,0.07515828203056923,15,821,38,0,plain,file
80,82,0.07513288707791214,16,137,85,0,plain,file
20,82,0.07510942277146622,21,1357,85,0,plain,file
38,109,0.0750421896658048,13,739,31,0,plain,file
5,106,0.07502556169914597,10,2841,21,0,plain,file
8,89,0.07502307007681973,26,1247,143,0,plain,file
6,104,0.07497835609039889,14,3060,37,0,plain,file
56,72,0.07497076755620392,28,383,290,0,plain,file
31,90,0.07496086811438223,24,554,86,0,plain,file
23,92,0.07493054490485221,17,1056,75,0,plain,file
47,95,0.07485320910308449,13,546,38,0,plain,file
23,113,0.07483695052658557,12,1056,27,0,plain,file
64,69,0.07479116232196421,26,246,264,0,plain,file
11,95,0.0747707472043013,21,1950,38,0,plain,file
40,103,0.07476909162589417,11,1230,18,0,plain,file
42,112,0.07472798070350867,8,864,19,0,plain,file
58,81,0.07471991886976194,17,479,108,0,plain,file
69,75,0.07471966535620925,20,264,168,0,plain,file
33,89,0.07471953627671372,25,1307,143,0,plain,file
24,114,0.07465068869968067,9,1323,24,0,plain,file
40,100,0.07455561583132235,16,1230,44,0,plain,file
59,109,0.07454660742072972,9,451,31,0,plain,file
101,104,0.07448298035416469,9,40,37,0,plain,file
63,74,0.07445990211869694,29,185,260,0,plain,file
51,91,0.07442019556016632,15,364,58,0,plain,file
54,68,0.07438744438438998,35,346,305,0,plain,file
42,104,0.07437104672973767,12,864,37,0,plain,file
53,75,0.0743533865859865,28,364,168,0,plain,file
49,69,0.07434762401196944,25,357,264,0,plain,file
13,81,0.07432580851363402,27,858,108,0,plain,file
22,81,0.07432363383819875,26,1283,108,0,plain,file
43,100,0.07431761498321751,15,840,44,0,plain,file
56,65,0.0742625491857623,26,383,293,0,plain,file
26,114,0.07424395032009926,10,1324,24,0,plain,file
33,92,0.07422037363738813,15,1307,75,0,plain,file
44,92,0.07408654142962777,14,350,75,0,plain,file
49,103,0.0740610593363322,7,357,18,0,plain,file
75,88,0.07405212446562082,13,168,96,0,plain,file
58,80,0.07403274743381295,27,479,137,0,plain,file
61,70,0.07402218953809851,22,230,221,0,plain,file
36,96,0.07401821063918382,20,734,76,0,plain,file
58,96,0.07400462872388819,17,479,76,0,plain,file
71,88,0.0739650348120484,18,231,96,0,plain,file
42,95,0.07391080588056534,13,864,38,0,plain,file
69,71,0.07386414857121708,27,264,231,0,plain,file
1,6,0.07385982395665315,15,29,3060,0,plain,file
44,77,0.07384530089220612,32,350,185,0,plain,file
21,89,0.07382836174085863,30,1178,143,0,plain,file
13,89,0.07381881796869003,29,858,143,0,plain,file
48,54,0.07381138729142776,40,564,346,0,plain,file
35,106,0.07380156724165991,7,782,21,0,plain,file
42,106,0.0737909048134181,6,864,21,0,plain,file
74,104,0.07375771937116755,13,260,37,0,plain,file
14,89,0.07369493610766403,27,834,143,0,plain,file
14,105,0.07369273972535721,9,834,27,0,plain,file
29,113,0.0736407635782077,11,982,27,0,plain,file
37,97,0.07360865146094098,17,869,34,0,plain,file
56,88,0.07357009167404352,20,383,96,0,plain,file
9,101,0.07355719577489152,13,2505,40,0,plain,file
65,113,0.07352102057923332,9,293,27,0,plain,file
63,67,0.07350651455307351,23,185,337,0,plain,file
50,80,0.07349689762048468,24,377,137,0,plain,file
61,76,0.0734921217363121,19,230,247,0,plain,file
66,83,0.07347508414742597,24,258,173,0,plain,file
43,86,0.0734236918279663,22,840,65,0,plain,file
43,106,0.07338878597201007,9,840,21,0,plain,file
91,92,0.07335874050502826,9,58,75,1,plain,file
58,89,0.07332775610301007,25,479,143,0,plain,file
56,82,0.07331545572571134,20,383,85,0,plain,file
71,76,0.07326326992077198,22,231,247,0,plain,file
57,95,0.07325867384227883,13,579,38,0,plain,file
62,84,0.07322767456479215,21,181,112,0,plain,file
37,87,0.07320850578352037,26,869,76,0,plain,file
18,97,0.07319682237994045,17,1587,34,0,plain,file
51,84,0.07319001021281972,31,364,112,0,plain,file
40,106,0.07318216798543875,7,1230,21,0,plain,file
41,97,0.0731534511548677,15,798,34,0,plain,file
84,95,0.07314365514941731,15,112,38,0,plain,file
33,95,0.0731409389058628,15,1307,38,0,plain,file
37,86,0.07313994535766237,20,869,65,0,plain,file
35,100,0.07309168625971295,14,782,44,0,plain,file
8,100,0.0730679956406407,16,1247,44,0,plain,file
58,91,0.07306495240459505,12,479,58,0,plain,file
30,81,0.07305934586150915,22,821,108,0,plain,file
8,107,0.07301550996312688,11,1247,29,0,plain,file
16,112,0.0729858972518911,9,1848,19,0,plain,file
43,96,0.07297784281577598,19,840,76,0,plain,file
78,89,0.07296386338796007,23,178,143,0,plain,file
50,88,0.07295027935564213,21,377,96,0,plain,file
36,114,0.07288508859016295,9,734,24,0,plain,file
38,88,0.07288504589722886,21,739,96,0,plain,file
80,83,0.07283034258564831,17,137,173,0,plain,file
87,93,0.07282128702201514,12,76,44,0,plain,file
56,66,0.07280066851093553,27,383,258,0,plain,file
7,77,0.07279044308238522,50,3345,185,0,plain,file
39,106,0.07274903542349725,8,1181,21,0,plain,file
1,3,0.07272510255254888,16,29,3505,0,plain,file
56,64,0.07272288043282722,29,383,246,0,plain,file
29,81,0.07267388695487642,27,982,108,0,plain,file
8,97,0.07266811860728706,15,1247,34,0,plain,file
59,91,0.07264980928040873,10,451,58,0,plain,file
51,87,0.07260393322615992,23,364,76,0,plain,file
65,110,0.07250557211405634,6,293,23,0,plain,file
80,88,0.07248878261637995,13,137,96,0,plain,file
95,107,0.07242813963441497,6,38,29,0,plain,file
25,107,0.07242359123801607,11,900,29,0,plain,file
52,71,0.07239642545745142,26,316,231,0,plain,file
5,97,0.07238477087755112,15,2841,34,0,plain,file
9,100,0.07232723791106868,12,2505,44,0,plain,file
33,80,0.07230084080519543,28,1307,137,0,plain,file
33,86,0.07227125697507532,19,1307,65,0,plain,file
1,39,0.07226274114643574,14,29,1181,0,plain,file
50,89,0.07226140600529095,26,377,143,0,plain,file
58,88,0.07217355920533872,18,479,96,0,plain,file
59,82,0.07216967597873097,18,451,85,0,plain,file
27,106,0.07214516380857691,8,1163,21,0,plain,file
21,90,0.0721200025469333,28,1178,86,0,plain,file
29,106,0.07210075863044293,7,982,21,0,plain,file
62,70,0.07203235712047604,23,181,221,0,plain,file
69,81,0.07201189521859856,23,264,108,0,plain,file
16,113,0.07196004028319124,11,1848,27,0,plain,file
24,89,0.07195081774630316,28,1323,143,0,plain,file
69,100,0.07193443848822396,10,264,44,0,plain,file
38,90,0.07191949066565101,28,739,86,0,plain,file
77,81,0.07185646602082667,14,185,108,0,plain,file
64,84,0.07183369038012054,25,246,112,0,plain,file
19,96,0.07183349033984908,22,975,76,0,plain,file
32,97,0.07181721619173656,13,376,34,0,plain,file
23,77,0.07178716038251357,44,1056,185,0,plain,file
64,83,0.07178275802992001,21,246,173,0,plain,file
45,100,0.07174119002568836,14,492,44,0,plain,file
23,86,0.07172809134956132,23,1056,65,0,plain,file
37,92,0.07171961646988073,19,869,75,0,plain,file
45,96,0.07168331127675576,16,492,76,0,plain,file
53,84,0.07156611157595621,26,364,112,0,plain,file
59,79,0.07156595814858059,25,451,183,0,plain,file
15,81,0.07153636007536879,25,661,108,0,plain,file
21,106,0.07149412162155971,8,1178,21,0,plain,file
83,101,0.07145311362706062,11,173,40,0,plain,file
51,78,0.07145006454578146,32,364,178,0,plain,file
58,79,0.07143876405753581,24,479,183,0,plain,file
27,81,0.07142243180117833,29,1163,108,0,plain,file
70,96,0.07129119725549687,18,221,76,0,plain,file
46,112,0.07125712827827134,9,649,19,0,plain,file
48,69,0.0712505508707983,29,564,264,0,plain,file
11,103,0.07124407263767527,12,1950,18,0,plain,file
71,73,0.07123028635376705,22,231,204,0,plain,file
15,87,0.07119499075403284,21,661,76,0,plain,file
14,112,0.07114750458602732,7,834,19,0,plain,file
6,106,0.07110507402410465,9,3060,21,0,plain,file
49,110,0.07109853203450353,6,357,23,0,plain,file
69,79,0.071062421585605,25,264,183,0,plain,file
48,84,0.07105861234559842,30,564,112,0,plain,file
69,78,0.07096138648790683,30,264,178,0,plain,file
18,114,0.07095824992744239,11,1587,24,0,plain,file
65,68,0.07093659827209473,31,293,305,0,plain,file
9,97,0.0708631572685281,15,2505,34,0,plain,file
6,103,0.07086298766170498,10,3060,18,0,plain,file
1,9,0.07085420296388353,10,29,2505,0,plain,file
25,90,0.07082872987956594,29,900,86,0,plain,file
31,91,0.07082364817277681,11,554,58,0,plain,file
26,89,0.07075667297890523,31,1324,143,0,plain,file
13,100,0.07073540765988043,13,858,44,0,plain,file
14,103,0.0707053040830362,13,834,18,0,plain,file
4,107,0.07069409349949007,11,3767,29,0,plain,file
89,107,0.07062426646234465,10,143,29,0,plain,file
70,90,0.07059418532080818,23,221,86,0,plain,file
61,84,0.07055255953343836,19,230,112,0,plain,file
26,109,0.07054599824889578,12,1324,31,0,plain,file
40,95,0.07045554813188261,12,1230,38,0,plain,file
10,104,0.07041690874395963,12,1843,37,0,plain,file
82,100,0.07041134155641039,11,85,44,0,plain,file
30,97,0.07039792437888481,11,821,34,0,plain,file
76,88,0.07038414173201593,19,247,96,0,plain,file
41,90,0.07036882174448532,25,798,86,0,plain,file
46,92,0.07031472805474741,12,649,75,0,plain,file
46,81,0.07031032190669854,20,649,108,0,plain,file
45,95,0.07030280556368483,13,492,38,0,plain,file
25,86,0.0702792293672462,23,900,65,0,plain,file
16,106,0.07026856499481042,7,1848,21,0,plain,file
13,75,0.07020353382599462,27,858,168,0,plain,file
74,84,0.07018057627919243,29,260,112,0,plain,file
33,104,0.07016883370907578,11,1307,37,0,plain,file
36,77,0.07016577013941962,36,734,185,0,plain,file
54,70,0.07016224296421125,29,346,221,0,plain,file
71,78,0.0701433490312914,24,231,178,0,plain,file
72,112,0.07013806702588964,7,290,19,0,plain,file
34,100,0.07006784975501242,14,888,44,0,plain,file
23,97,0.07001490432195387,14,1056,34,0,plain,file
1,5,0.07000459631608452,13,29,2841,0,plain,file
35,82,0.0699850354658822,19,782,85,0,plain,file
82,86,0.06991834758529562,11,85,65,0,plain,file
18,109,0.06989501757292571,13,1587,31,0,plain,file
50,71,0.06985658844378258,30,377,231,0,plain,file
4,77,0.06984567429171237,46,3767,185,0,plain,file
65,78,0.06977699029732491,23,293,178,0,plain,file
33,81,0.06971658441350335,22,1307,108,0,plain,file
10,107,0.06971153991710809,10,1843,29,0,plain,file
61,89,0.06971007451839817,19,230,143,0,plain,file
74,76,0.06968152922860969,31,260,247,0,plain,file
30,96,0.06965828598566805,16,821,76,0,plain,file
73,96,0.06963739646637518,16,204,76,0,plain,file
60,90,0.06960793051513839,24,356,86,0,plain,file
27,113,0.06957699601480437,11,1163,27,0,plain,file
83,103,0.06953526115574232,9,173,18,0,plain,file
20,77,0.06951333223507916,38,1357,185,0,plain,file
69,76,0.06944027889676808,31,264,247,0,plain,file
24,95,0.06943219946077228,16,1323,38,0,plain,file
24,107,0.06941827406931987,10,1323,29,0,plain,file
15,75,0.0693247644831255,26,661,168,0,plain,file
82,104,0.06930516385610372,10,85,37,0,plain,file
64,82,0.06930505317248435,17,246,85,0,plain,file
47,110,0.06929397122058877,8,546,23,0,plain,file
8,104,0.06927406608445263,11,1247,37,0,plain,file
59,80,0.06926315030142015,22,451,137,0,plain,file
59,89,0.06919486404859601,24,451,143,0,plain,file
73,87,0.0691776315060981,16,204,76,0,plain,file
85,89,0.06916602229409652,19,113,143,0,plain,file
60,91,0.06914481365271835,13,356,58,0,plain,file
46,101,0.06912275950606303,10,649,40,0,plain,file
52,83,0.06912213367761313,32,316,173,0,plain,file
70,72,0.06904977265310445,30,221,290,0,plain,file
74,88,0.06895571572609757,15,260,96,0,plain,file
49,78,0.06879681322796821,22,357,178,0,plain,file
47,91,0.06878021805307825,10,546,58,0,plain,file
37,75,0.0687664980218345,24,869,168,0,plain,file
75,99,0.06874892383954607,8,168,40,0,plain,file
36,97,0.0687469467633246,14,734,34,0,plain,file
40,104,0.06873741943355141,11,1230,37,0,plain,file
16,104,0.06866897088172008,12,1848,37,0,plain,file
46,100,0.06864327740120293,12,649,44,0,plain,file
39,104,0.06864243502304337,12,1181,37,0,plain,file
8,80,0.068601680832067,27,1247,137,0,plain,file
34,113,0.06859489241156629,11,888,27,0,plain,file
35,89,0.06857759742548686,27,782,143,0,plain,file
7,100,0.06856036294122066,17,3345,44,0,plain,file
22,77,0.0685403258833606,39,1283,185,0,plain,file
3,77,0.06846717539253022,43,3505,185,0,plain,file
48,91,0.0684118885790454,14,564,58,0,plain,file
43,97,0.06840704532219662,16,840,34,0,plain,file
13,104,0.06839447366258589,14,858,37,0,plain,file
58,87,0.0683724074956299,19,479,76,0,plain,file
41,101,0.06836021108811106,11,798,40,0,plain,file
3,105,0.06835262134050483,14,3505,27,0,plain,file
45,97,0.06834316403582502,13,492,34,0,plain,file
26,101,0.06829379346080831,12,1324,40,0,plain,file
48,75,0.06827989029867863,23,564,168,0,plain,file
41,100,0.06824257379286582,16,798,44,0,plain,file
34,104,0.06823486155241083,14,888,37,0,plain,file
78,83,0.06816177105621579,21,178,173,0,plain,file
75,79,0.06813298521470279,19,168,183,0,plain,file
61,112,0.06811514030984413,6,230,19,0,plain,file
74,79,0.06811472191130995,28,260,183,0,plain,file
31,105,0.06807724290109872,8,554,27,0,plain,file
12,96,0.06804396644443649,23,1799,76,0,plain,file
49,114,0.06790835306498964,8,357,24,0,plain,file
73,85,0.06788146973897444,17,204,113,0,plain,file
14,77,0.0678412712992921,35,834,185,0,plain,file
35,103,0.06781959093800297,11,782,18,0,plain,file
46,89,0.06781875286717096,25,649,143,0,plain,file
37,80,0.06780821095826077,28,869,137,0,plain,file
1,14,0.06779658666000977,13,29,834,0,plain,file
33,103,0.06776029192153636,9,1307,18,0,plain,file
18,81,0.0677566898694373,28,1587,108,0,plain,file
43,82,0.067719562181761,24,840,85,0,plain,file
33,100,0.06766889050575002,15,1307,44,0,plain,file
75,82,0.06766466031877336,13,168,85,0,plain,file
39,103,0.06766276523875601,10,1181,18,0,plain,file
26,97,0.06764025200783697,15,1324,34,0,plain,file
64,78,0.06762628613850019,28,246,178,0,plain,file
1,4,0.06761162632967757,11,29,3767,0,plain,file
38,80,0.06760330831191169,24,739,137,0,plain,file
51,80,0.06750075010917923,23,364,137,0,plain,file
2,111,0.06749505511005124,12,6145,27,0,plain,file
89,105,0.06744961833562581,11,143,27,0,plain,file
44,84,0.06741134279201134,27,350,112,0,plain,file
47,114,0.0673781102540201,8,546,24,0,plain,file
41,81,0.06737593374124229,22,798,108,0,plain,file
19,110,0.06737545777814202,11,975,23,0,plain,file
67,86,0.06731064214842673,13,337,65,0,plain,file
66,84,0.0672875289200392,22,258,112,0,plain,file
70,73,0.0672837975517089,25,221,204,0,plain,file
27,90,0.06728099609152231,24,1163,86,0,plain,file
19,101,0.06727630647427287,13,975,40,0,plain,file
4,105,0.06724052846503845,11,3767,27,0,plain,file
65,94,0.06723782983029013,9,293,31,0,plain,file
59,104,0.06720767446953518,11,451,37,0,plain,file
23,91,0.06719439891567212,16,1056,58,0,plain,file
26,90,0.06716711696908778,26,1324,86,0,plain,file
63,91,0.06713885234779317,11,185,58,0,plain,file
66,109,0.06711285671344716,9,258,31,0,plain,file
13,106,0.0671046414135515,7,858,21,0,plain,file
3,111,0.06710339486690385,8,3505,27,0,plain,file
41,95,0.06709426162065821,18,798,38,0,plain,file
67,100,0.06708913066483772,13,337,44,0,plain,file
50,86,0.06708141772354832,18,377,65,0,plain,file
39,77,0.06708122996891562,43,1181,185,0,plain,file
40,107,0.06707337834398595,10,1230,29,0,plain,file
19,91,0.06702656017402919,15,975,58,0,plain,file
69,72,0.06698144712416161,30,264,290,0,plain,file
83,89,0.06696866167434357,18,173,143,0,plain,file
56,79,0.06695913555094753,25,383,183,0,plain,file
59,96,0.06692206227850075,17,451,76,0,plain,file
67,80,0.06691752803711032,22,337,137,0,plain,file
31,101,0.06690981504050811,9,554,40,0,plain,file
37,114,0.06689664098744552,11,869,24,0,plain,file
65,69,0.06685004899707869,27,293,264,0,plain,file
41,113,0.06684339984496153,11,798,27,0,plain,file
53,55,0.06684255003516812,30,364,356,0,plain,file
9,113,0.06680014330724703,9,2505,27,0,plain,file
46,95,0.0667803766306997,16,649,38,0,plain,file
60,75,0.06677798012641115,20,356,168,0,plain,file
32,96,0.06677254846670921,17,376,76,0,plain,file
12,97,0.06675604961661513,16,1799,34,0,plain,file
46,113,0.06673636957277893,11,649,27,0,plain,file
14,95,0.06671555469993798,13,834,38,0,plain,file
36,89,0.06671311135093573,31,734,143,0,plain,file
26,100,0.06669823109237348,12,1324,44,0,plain,file
25,77,0.06666516233029866,36,900,185,0,plain,file
60,112,0.06665535555613487,7,356,19,0,plain,file
79,89,0.066634437977564,21,183,143,0,plain,file
49,88,0.06652604315137847,14,357,96,0,plain,file
58,105,0.0665073304233637,9,479,27,0,plain,file
65,91,0.06647254113923629,9,293,58,0,plain,file
67,92,0.06645936315848679,11,337,75,0,plain,file
54,74,0.06645143254497879,32,346,260,0,plain,file
52,82,0.06643002922257008,20,316,85,0,plain,file
53,109,0.06641853689423005,8,364,31,0,plain,file
63,88,0.0664164791819012,14,185,96,0,plain,file
15,97,0.06632959065985912,13,661,34,0,plain,file
80,87,0.06632853348002514,13,137,76,0,plain,file
43,109,0.06631875146138944,13,840,31,0,plain,file
75,76,0.06630205398184764,21,168,247,1,plain,file
35,81,0.06629443937135401,20,782,108,0,plain,file
21,101,0.06628065737186686,12,1178,40,0,plain,file
4,106,0.0662729663346942,6,3767,21,0,plain,file
47,90,0.0662699017321149,22,546,86,0,plain,file
65,87,0.06623047092999064,15,293,76,0,plain,file
56,80,0.06621359903676928,22,383,137,0,plain,file
59,92,0.06620270732119492,13,451,75,0,plain,file
63,82,0.06615406604376947,15,185,85,0,plain,file
21,96,0.06614852764432136,19,1178,76,0,plain,file
40,77,0.06613523255465899,37,1230,185,0,plain,file
31,77,0.06613008254594815,35,554,185,0,plain,file
53,78,0.06610619589661633,27,364,178,0,plain,file
78,82,0.0660983084587673,18,178,85,0,plain,file
45,104,0.06608157383404854,13,492,37,0,plain,file
47,96,0.06608113378858978,17,546,76,0,plain,file
24,97,0.06593370067168546,14,1323,34,0,plain,file
69,80,0.06591355896314435,21,264,137,0,plain,file
48,79,0.06588353999739377,30,564,183,0,plain,file
40,113,0.06586620846386194,11,1230,27,0,plain,file
67,75,0.06582132221613593,21,337,168,0,plain,file
12,91,0.06580960785211129,16,1799,58,0,plain,file
21,81,0.06575137775324692,27,1178,108,0,plain,file
70,97,0.06570775768951823,15,221,34,0,plain,file
14,81,0.0656726010683629,23,834,108,0,plain,file
38,114,0.06566615124989976,10,739,24,0,plain,file
74,86,0.06563261050011365,20,260,65,0,plain,file
1,27,0.06563150668228053,13,29,1163,0,plain,file
22,111,0.06560557905847601,9,1283,27,0,plain,file
2,93,0.0655942243782772,16,6145,44,0,plain,file
23,81,0.06556213565737415,24,1056,108,0,plain,file
43,81,0.0655607625745559,29,840,108,0,plain,file
86,91,0.06547978385050206,9,65,58,0,plain,file
47,87,0.06546218052845469,19,546,76,0,plain,file
76,81,0.0654323437556896,16,247,108,0,plain,file
57,110,0.06539829484999234,7,579,23,0,plain,file
36,90,0.06535164952758518,25,734,86,0,plain,file
38,75,0.06534992151011723,27,739,168,0,plain,file
17,97,0.06532758999330106,19,1562,34,0,plain,file
60,78,0.06532738129450384,24,356,178,0,plain,file
45,106,0.06532448032945744,8,492,21,0,plain,file
45,90,0.06531498482479757,23,492,86,0,plain,file
57,112,0.06531146585694905,6,579,19,0,plain,file
33,101,0.06530337246244834,11,1307,40,0,plain,file
24,92,0.06518543022480283,16,1323,75,0,plain,file
16,103,0.06517013454331433,10,1848,18,0,plain,file
27,100,0.0651586164348431,14,1163,44,0,plain,file
75,100,0.06509876501804635,11,168,44,0,plain,file
12,101,0.06506142287821173,11,1799,40,0,plain,file
49,107,0.06505996529164385,8,357,29,0,plain,file
34,96,0.06498920275424781,21,888,76,0,plain,file
54,61,0.06495105809320452,28,346,230,0,plain,file
42,111,0.0649479962376027,8,864,27,0,plain,file
67,79,0.06491926282367688,26,337,183,0,plain,file
47,78,0.06491586887543709,26,546,178,0,plain,file
25,112,0.0648726482091837,9,900,19,0,plain,file
57,92,0.06486619663115692,13,579,75,0,plain,file
60,107,0.06486021274014184,10,356,29,0,plain,file
85,95,0.06483617472562465,12,113,38,0,plain,file
12,110,0.06482115504915037,12,1799,23,0,plain,file
59,106,0.06479193596090797,8,451,21,0,plain,file
7,107,0.06478629652701612,10,3345,29,0,plain,file
11,93,0.06476637828658209,14,1950,44,0,plain,file
32,92,0.06471135093144482,13,376,75,0,plain,file
80,89,0.06469691696829834,18,137,143,0,plain,file
7,113,0.06467447832137556,12,3345,27,0,plain,file
57,101,0.06467046398816004,11,579,40,0,plain,file
51,107,0.06466275262267768,12,364,29,0,plain,file
109,110,0.06465372866865308,5,31,23,1,plain,file
16,105,0.06447185476876353,11,1848,27,0,plain,file
83,84,0.06445771669797075,20,173,112,1,plain,file
62,112,0.06441312021265592,7,181,19,0,plain,file
54,78,0.06439979673052203,26,346,178,0,plain,file
17,109,0.06437565496045068,12,1562,31,0,plain,file
31,97,0.06436530783333229,11,554,34,0,plain,file
54,58,0.06428869241843047,33,346,479,0,plain,file
7,105,0.06428284308935013,12,3345,27,0,plain,file
30,107,0.06426893734313185,10,821,29,0,plain,file
15,89,0.06420622170220922,28,661,143,0,plain,file
7,104,0.06412467264437006,15,3345,37,0,plain,file
14,104,0.06412369056885822,11,834,37,0,plain,file
35,95,0.06406763789554204,15,782,38,0,plain,file
47,86,0.06406437657360989,17,546,65,0,plain,file
67,84,0.06404952042111146,24,337,112,0,plain,file
65,70,0.06399193191489475,27,293,221,0,plain,file
14,113,0.06398768133099898,10,834,27,0,plain,file
33,97,0.063943066862502,14,1307,34,0,plain,file
68,84,0.06394172734887764,27,305,112,0,plain,file
50,101,0.06391262042033183,9,377,40,0,plain,file
53,80,0.06389041067028864,19,364,137,0,plain,file
89,112,0.06387924242334211,7,143,19,0,plain,file
57,97,0.06384429208010765,14,579,34,0,plain,file
67,109,0.06382513644473903,10,337,31,0,plain,file
34,103,0.0638088154508725,12,888,18,0,plain,file
98,112,0.06379064248650951,7,98,19,0,plain,file
62,109,0.06375509592626208,11,181,31,0,plain,file
64,76,0.06372005237903913,21,246,247,0,plain,file
9,77,0.06369543231210884,36,2505,185,0,plain,file
66,79,0.06369365540142975,26,258,183,0,plain,file
62,87,0.06367326866321477,14,181,76,0,plain,file
33,113,0.06366783927696452,10,1307,27,0,plain,file
26,77,0.06364419797635879,41,1324,185,0,plain,file
15,101,0.06363945642738082,12,661,40,0,plain,file
71,109,0.06359175051111567,9,231,31,0,plain,file
32,106,0.06346698994414736,8,376,21,0,plain,file
30,100,0.06342864721047105,13,821,44,0,plain,file
30,77,0.06340523421107253,31,821,185,0,plain,file
69,77,0.06340412584491767,26,264,185,0,plain,file
98,114,0.06339783520695111,7,98,24,0,plain,file
67,113,0.06338639725480696,11,337,27,0,plain,file
2,105,0.06336709628583685,11,6145,27,0,plain,file
84,89,0.06332118750247401,22,112,143,0,plain,file
57,75,0.06332047377857668,22,579,168,0,plain,file
42,77,0.0633035213547298,30,864,185,0,plain,file
47,107,0.0633011802082546,8,546,29,0,plain,file
38,89,0.06328000388852975,28,739,143,0,plain,file
16,102,0.06326660056208483,11,1848,32,0,plain,file
20,90,0.06326333948871585,22,1357,86,0,plain,file
56,98,0.06323836575423644,15,383,98,0,plain,file
21,77,0.06322221526241195,39,1178,185,0,plain,file
49,82,0.06313761053910458,17,357,85,0,plain,file
19,92,0.06313229370581852,14,975,75,0,plain,file
5,77,0.06313196283715468,42,2841,185,0,plain,file
49,87,0.06313036321981347,13,357,76,0,plain,file
46,103,0.06313013111193663,10,649,18,0,plain,file
41,106,0.06312772224101185,8,798,21,0,plain,file
26,106,0.06308891323008911,8,1324,21,0,plain,file
28,110,0.06306689083825434,10,1442,23,0,plain,file
15,90,0.0630667198162289,25,661,86,0,plain,file
23,96,0.06303161638446134,21,1056,76,0,plain,file
11,113,0.06297655089375809,12,1950,27,0,plain,file
59,101,0.06297625601376951,9,451,40,0,plain,file
32,100,0.06295817776128187,14,376,44,0,plain,file
79,88,0.06290392956161324,18,183,96,0,plain,file
7,110,0.06290302901693028,12,3345,23,0,plain,file
20,96,0.06288822268418715,21,1357,76,0,plain,file
58,75,0.0628773822383466,23,479,168,0,plain,file
97,101,0.06286885533669606,9,34,40,0,plain,file
24,103,0.06286758291788903,10,1323,18,0,plain,file
69,82,0.06273554790717878,13,264,85,0,plain,file
31,92,0.06272542228803817,12,554,75,0,plain,file
69,107,0.06268527605303612,9,264,29,0,plain,file
49,75,0.06257035143223239,16,357,168,0,plain,file
63,110,0.06254254778785415,6,185,23,0,plain,file
31,103,0.06253800264875478,11,554,18,0,plain,file
85,103,0.06251780629975297,10,113,18,0,plain,file
17,91,0.06250557227092604,17,1562,58,0,plain,file
66,76,0.06250346596836233,21,258,247,0,plain,file
23,106,0.06248498915329573,8,1056,21,0,plain,file
47,89,0.06245788121474364,24,546,143,0,plain,file
3,93,0.062456395882202816,16,3505,44,0,plain,file
57,81,0.0624357928176574,20,579,108,0,plain,file
11,77,0.06233447542314296,39,1950,185,0,plain,file
60,79,0.06232887281870929,26,356,183,0,plain,file
46,77,0.06230025631593432,33,649,185,0,plain,file
88,101,0.06228930436293667,9,96,40,0,plain,file
44,114,0.0622890875999894,8,350,24,0,plain,file
17,77,0.06227514159156078,36,1562,185,0,plain,file
29,104,0.06223480341387094,11,982,37,0,plain,file
67,78,0.06222022620506243,21,337,178,0,plain,file
48,78,0.062197045412006935,31,564,178,0,plain,file
56,96,0.06215352483601196,17,383,76,0,plain,file
1,82,0.06214333116865664,7,29,85,0,plain,file
70,79,0.062117454090482596,24,221,183,0,plain,file
59,81,0.06199947139136045,19,451,108,0,plain,file
86,108,0.06198489196223718,7,65,14,0,plain,file
45,89,0.06196839882870884,23,492,143,0,plain,file
24,104,0.061908293037037807,13,1323,37,0,plain,file
1,16,0.06189186783567089,13,29,1848,0,plain,file
24,77,0.061867844818065905,39,1323,185,0,plain,file
32,77,0.0617076485104161,33,376,185,0,plain,file
19,113,0.0616779070311973,12,975,27,0,plain,file
76,87,0.061648275949810205,17,247,76,0,plain,file
60,110,0.06158250518161031,7,356,23,0,plain,file
1,7,0.06157896431355736,16,29,3345,0,plain,file
88,89,0.06155640264364671,17,96,143,1,plain,file
76,84,0.061542004910619855,24,247,112,0,plain,file
43,107,0.06152070434126502,11,840,29,0,plain,file
57,82,0.06151083711311872,18,579,85,0,plain,file
67,106,0.06150370941544893,7,337,21,0,plain,file
41,77,0.06144917330535722,36,798,185,0,plain,file
20,97,0.061421651867550636,15,1357,34,0,plain,file
68,78,0.06141250158166091,25,305,178,0,plain,file
4,111,0.06137750616393729,11,3767,27,0,plain,file
49,89,0.06137117094306949,18,357,143,0,plain,file
47,75,0.06135194102361119,23,546,168,0,plain,file
54,62,0.06135002552476901,23,346,181,0,plain,file
60,87,0.06131838753123414,15,356,76,0,plain,file
69,70,0.06130562826821734,27,264,221,1,plain,file
48,104,0.06129548840980253,12,564,37,0,plain,file
62,81,0.061292800859226795,15,181,108,0,plain,file
19,106,0.061267717884053295,8,975,21,0,plain,file
6,93,0.06124613838679163,13,3060,44,0,plain,file
54,60,0.06123178633610182,29,346,356,0,plain,file
46,97,0.06121089363343869,12,649,34,0,plain,file
21,100,0.06120560016931952,16,1178,44,0,plain,file
22,99,0.06120001659986222,14,1283,40,0,plain,file
54,65,0.061188947810778986,27,346,293,0,plain,file
74,107,0.0611679410674165,10,260,29,0,plain,file
56,85,0.06113239749602206,22,383,113,0,plain,file
9,106,0.06102840919543928,6,2505,21,0,plain,file
47,100,0.061000543320120185,13,546,44,0,plain,file
43,90,0.06096948844760057,25,840,86,0,plain,file
17,93,0.06094959257247241,14,1562,44,0,plain,file
11,106,0.06091844293521877,9,1950,21,0,plain,file
33,106,0.0609030324257909,8,1307,21,0,plain,file
92,96,0.06088875832961742,12,75,76,0,plain,file
72,74,0.06084032158362165,24,290,260,0,plain,file
37,91,0.060830866726213115,15,869,58,0,plain,file
38,106,0.060804584160154884,7,739,21,0,plain,file
28,111,0.06076703314077472,11,1442,27,0,plain,file
23,102,0.060760243949236833,11,1056,32,0,plain,file
33,107,0.06075603069875532,10,1307,29,0,plain,file
27,77,0.06071564799560785,41,1163,185,0,plain,file
18,100,0.06071209531731485,16,1587,44,0,plain,file
58,86,0.06070097954850384,17,479,65,0,plain,file
80,98,0.06065000601008665,14,137,98,0,plain,file
48,87,0.060647592694037064,18,564,76,0,plain,file
12,100,0.0606441717615798,14,1799,44,0,plain,file
50,75,0.0606237516865194,25,377,168,0,plain,file
34,77,0.060623218529826516,35,888,185,0,plain,file
53,86,0.06057446891012985,14,364,65,0,plain,file
31,95,0.06055700867291237,12,554,38,0,plain,file
24,100,0.060550471820953154,13,1323,44,0,plain,file
49,90,0.060534920275529515,17,357,86,0,plain,file
66,114,0.06048358502780084,8,258,24,0,plain,file
77,88,0.06041970929922094,20,185,96,0,plain,file
28,100,0.06041004242051022,14,1442,44,0,plain,file
52,75,0.06040467911759488,20,316,168,0,plain,file
15,114,0.06038974782910454,7,661,24,0,plain,file
62,78,0.06037878204771198,23,181,178,0,plain,file
16,93,0.0603656808291897,12,1848,44,0,plain,file
36,101,0.06033224270632678,8,734,40,0,plain,file
1,35,0.06033201524679331,10,29,782,0,plain,file
1,10,0.06030248223505069,15,29,1843,0,plain,file
6,105,0.06016263702240837,11,3060,27,0,plain,file
10,105,0.06011690581878194,9,1843,27,0,plain,file
59,75,0.060074456984422764,20,451,168,0,plain,file
60,89,0.06007071997807986,16,356,143,0,plain,file
78,80,0.060064189907976566,21,178,137,0,plain,file
12,106,0.06005092590079689,8,1799,21,0,plain,file
12,90,0.0600340570627375,26,1799,86,0,plain,file
50,91,0.06001597093611018,15,377,58,0,plain,file
52,89,0.06000187212289558,21,316,143,0,plain,file
59,95,0.05985609631224138,10,451,38,0,plain,file
8,101,0.05983424010091525,12,1247,40,0,plain,file
48,88,0.0598204774515719,17,564,96,0,plain,file
64,112,0.059814335968936524,7,246,19,0,plain,file
1,8,0.05974825427827177,11,29,1247,0,plain,file
49,95,0.05968927942978574,9,357,38,0,plain,file
15,91,0.059645007912938426,14,661,58,0,plain,file
68,69,0.05961033780674824,28,305,264,1,plain,file
17,100,0.05958159025942993,14,1562,44,0,plain,file
41,103,0.05956283396476787,12,798,18,0,plain,file
53,101,0.05956226190206601,9,364,40,0,plain,file
25,113,0.05952947643367033,12,900,27,0,plain,file
30,112,0.059528127138009576,8,821,19,0,plain,file
110,112,0.059498869404900144,4,23,19,0,plain,file
56,102,0.05947998835454453,10,383,32,0,plain,file
18,77,0.0594492988182692,41,1587,185,0,plain,file
17,113,0.05944512149634666,11,1562,27,0,plain,file
84,98,0.0594354145880863,17,112,98,0,plain,file
46,111,0.05943170740287217,10,649,27,0,plain,file
66,70,0.05939710526578419,22,258,221,0,plain,file
24,113,0.059389437313983856,11,1323,27,0,plain,file
32,89,0.05938656994541997,23,376,143,0,plain,file
44,80,0.059362576485806125,17,350,137,0,plain,file
101,114,0.05932369417026474,7,40,24,0,plain,file
77,78,0.05923693381995886,26,185,178,1,plain,file
43,91,0.05923399441070279,15,840,58,0,plain,file
27,97,0.05920834896868325,11,1163,34,0,plain,file
14,99,0.059200583278634714,15,834,40,0,plain,file
18,101,0.05919900329734428,13,1587,40,0,plain,file
12,81,0.05918272234221299,31,1799,108,0,plain,file
63,78,0.05916589647699357,20,185,178,0,plain,file
4,99,0.05915942049453227,19,3767,40,0,plain,file
58,104,0.05915261387922487,12,479,37,0,plain,file
27,101,0.05913458751711775,11,1163,40,0,plain,file
30,103,0.05912297472100991,11,821,18,0,plain,file
18,112,0.059116562349610234,9,1587,19,0,plain,file
49,91,0.05909186173690463,10,357,58,0,plain,file
28,77,0.059059581009448456,36,1442,185,0,plain,file
65,88,0.05905867867373628,13,293,96,0,plain,file
98,110,0.05905795197900743,6,98,23,0,plain,file
71,85,0.05904488377118816,19,231,113,0,plain,file
58,100,0.05903661312040054,12,479,44,0,plain,file
84,85,0.05898132862268351,21,112,113,1,plain,file
10,111,0.058922268376907394,9,1843,27,0,plain,file
30,105,0.0589174155530172,8,821,27,0,plain,file
84,93,0.058904363321262344,13,112,44,0,plain,file
11,104,0.0588979525210003,13,1950,37,0,plain,file
57,96,0.05889217895836904,16,579,76,0,plain,file
86,101,0.05887307046987827,9,65,40,0,plain,file
54,72,0.05885317477642132,31,346,290,0,plain,file
88,98,0.058821239339348616,9,96,98,0,plain,file
69,83,0.05881154101963921,17,264,173,0,plain,file
1,40,0.05880244555230535,12,29,1230,0,plain,file
83,100,0.05877746897787938,14,173,44,0,plain,file
22,107,0.05874134459454608,10,1283,29,0,plain,file
28,112,0.05866997111274601,9,1442,19,0,plain,file
69,86,0.05866398670094361,17,264,65,0,plain,file
82,89,0.058635453327138834,15,85,143,0,plain,file
92,104,0.0586269550482896,7,75,37,0,plain,file
47,97,0.05861634921793925,13,546,34,0,plain,file
1,23,0.05861385892695337,14,29,1056,0,plain,file
28,113,0.058598375946430865,9,1442,27,0,plain,file
67,89,0.05859750285416652,19,337,143,0,plain,file
10,99,0.058581155332386524,15,1843,40,0,plain,file
82,96,0.058541832071176705,11,85,76,0,plain,file
37,89,0.05851180605205457,29,869,143,0,plain,file
66,82,0.0584734426966725,13,258,85,0,plain,file
8,106,0.0584497952769993,8,1247,21,0,plain,file
35,77,0.058437276383289834,34,782,185,0,plain,file
53,89,0.058429533684786414,20,364,143,0,plain,file
52,84,0.058415065913892096,26,316,112,0,plain,file
48,96,0.05841240668443558,17,564,76,0,plain,file
9,105,0.05839842988873683,7,2505,27,0,plain,file
56,84,0.05837009720294369,28,383,112,0,plain,file
40,105,0.05836987097898258,10,1230,27,0,plain,file
27,104,0.05832389844727911,13,1163,37,0,plain,file
34,112,0.058301814714278435,7,888,19,0,plain,file
90,99,0.058297642823434324,7,86,40,0,plain,file
64,92,0.058291675548712514,15,246,75,0,plain,file
60,88,0.058283915256922836,15,356,96,0,plain,file
40,111,0.058238804470252495,9,1230,27,0,plain,file
51,97,0.0581812128904386,15,364,34,0,plain,file
36,106,0.05814804167278652,8,734,21,0,plain,file
88,106,0.05813670538605891,6,96,21,0,plain,file
18,93,0.058117976544556964,14,1587,44,0,plain,file
41,107,0.05809804396072724,9,798,29,0,plain,file
78,96,0.058093722954286456,14,178,76,0,plain,file
63,79,0.058057092851071815,22,185,183,0,plain,file
47,112,0.05805536948388108,7,546,19,0,plain,file
36,100,0.05805310350275643,15,734,44,0,plain,file
71,92,0.05803907847543896,12,231,75,0,plain,file
28,93,0.057918594255195834,13,1442,44,0,plain,file
38,101,0.057902971786673155,12,739,40,0,plain,file
25,109,0.05789185037400944,10,900,31,0,plain,file
95,98,0.05787635993340144,11,38,98,0,plain,file
64,109,0.05786729238661084,10,246,31,0,plain,file
44,75,0.05783938669529087,20,350,168,0,plain,file
42,107,0.05778442564078379,10,864,29,0,plain,file
39,111,0.057739459464314406,9,1181,27,0,plain,file
61,87,0.057720119341395884,13,230,76,0,plain,file
7,112,0.05771450435782517,10,3345,19,0,plain,file
76,96,0.05770964683035444,16,247,76,0,plain,file
62,80,0.057703306958147266,19,181,137,0,plain,file
76,113,0.0576926921987544,9,247,27,0,plain,file
39,105,0.05766651252965569,9,1181,27,0,plain,file
16,111,0.05765404924227963,8,1848,27,0,plain,file
27,107,0.05765054155570622,11,1163,29,0,plain,file
65,84,0.05761741014972983,25,293,112,0,plain,file
20,101,0.05760321352107826,11,1357,40,0,plain,file
19,97,0.057599446254951704,14,975,34,0,plain,file
52,86,0.05754300963766568,18,316,65,0,plain,file
31,99,0.05754235959117026,11,554,40,0,plain,file
24,106,0.057526633810122844,7,1323,21,0,plain,file
44,91,0.057509864440393924,12,350,58,0,plain,file
65,95,0.05750623816571112,11,293,38,0,plain,file
57,104,0.057493219699916484,11,579,37,0,plain,file
58,114,0.05744944292139391,7,479,24,0,plain,file
5,105,0.05744766511716854,11,2841,27,0,plain,file
35,113,0.05742299750253895,9,782,27,0,plain,file
44,96,0.057374752979948776,16,350,76,0,plain,file
76,80,0.05737450081335777,23,247,137,0,plain,file
1,42,0.05730588200875096,11,29,864,0,plain,file
78,84,0.057302971476184066,22,178,112,0,plain,file
59,97,0.05728421185507018,10,451,34,0,plain,file
57,100,0.05725340897828024,13,579,44,0,plain,file
29,111,0.0571938065981528,8,982,27,0,plain,file
70,101,0.057108796956355644,12,221,40,0,plain,file
24,101,0.057097929866210734,11,1323,40,0,plain,file
65,80,0.05709460307845271,19,293,137,0,plain,file
70,84,0.05705074060629344,26,221,112,0,plain,file
18,113,0.05704351570237229,11,1587,27,0,plain,file
72,90,0.057029468839502856,18,290,86,0,plain,file
63,112,0.05700350539748732,5,185,19,0,plain,file
5,111,0.05699322994029815,10,2841,27,0,plain,file
1,58,0.056969807258068404,8,29,479,0,plain,file
64,90,0.05696578085682925,23,246,86,0,plain,file
17,94,0.0569441292631771,11,1562,31,0,plain,file
81,91,0.05694260126643919,8,108,58,0,plain,file
48,95,0.056933191557441795,13,564,38,0,plain,file
83,114,0.05688908197126016,8,173,24,0,plain,file
45,110,0.05688825194955363,8,492,23,0,plain,file
71,84,0.056870018444047495,23,231,112,0,plain,file
62,103,0.0568627768721959,8,181,18,0,plain,file
1,28,0.05685410994711614,14,29,1442,0,plain,file
57,109,0.05682431923126565,10,579,31,0,plain,file
52,87,0.05681618046560349,18,316,76,0,plain,file
50,87,0.05680666134370453,18,377,76,0,plain,file
74,91,0.0567781395541277,13,260,58,0,plain,file
50,97,0.05672320022532424,12,377,34,0,plain,file
90,98,0.0567210188648652,16,86,98,0,plain,file
87,96,0.05668567155584868,12,76,76,0,plain,file
45,112,0.05668414348074353,7,492,19,0,plain,file
83,86,0.056667399723140416,13,173,65,0,plain,file
35,107,0.05663442590915893,8,782,29,0,plain,file
6,111,0.056593582833736965,9,3060,27,0,plain,file
79,91,0.05655564811865307,11,183,58,0,plain,file
21,113,0.05655257672346276,11,1178,27,0,plain,file
27,112,0.05649763570478462,8,1163,19,0,plain,file
63,96,0.05647397814726058,15,185,76,0,plain,file
51,77,0.05645199771048424,36,364,185,0,plain,file
1,46,0.05644464355900782,10,29,649,0,plain,file
59,105,0.05639304763157287,9,451,27,0,plain,file
43,77,0.056381593882448545,38,840,185,0,plain,file
71,75,0.05637495411882775,17,231,168,0,plain,file
56,75,0.0563343314031299,24,383,168,0,plain,file
38,97,0.056325048438709294,15,739,34,0,plain,file
29,105,0.05630120598078134,9,982,27,0,plain,file
53,93,0.05629655127494671,11,364,44,0,plain,file
7,95,0.05626013470919321,18,3345,38,0,plain,file
30,102,0.05623111670145405,9,821,32,0,plain,file
54,71,0.05622345680095092,28,346,231,0,plain,file
32,90,0.0561797041116269,20,376,86,0,plain,file
63,75,0.056176564743514346,17,185,168,0,plain,file
10,93,0.05617049458477077,11,1843,44,0,plain,file
1,60,0.05615161996899173,9,29,356,0,plain,file
73,83,0.05608229748453833,17,204,173,0,plain,file
34,111,0.05606835991052704,9,888,27,0,plain,file
79,85,0.05600628846071988,22,183,113,0,plain,file
7,55,0.0560054364411628,55,3345,356,0,plain,file
22,102,0.05593987585846658,11,1283,32,0,plain,file
66,69,0.05592263399970199,20,258,264,0,plain,file
62,89,0.05591602638509337,19,181,143,0,plain,file
83,107,0.05588964105218893,9,173,29,0,plain,file
23,95,0.05588840132674445,15,1056,38,0,plain,file
66,78,0.05585292986903197,23,258,178,0,plain,file
48,90,0.055826010719849876,23,564,86,0,plain,file
58,92,0.05582049846638578,13,479,75,0,plain,file
77,80,0.0557521464425389,18,185,137,0,plain,file
82,90,0.05574335663616008,13,85,86,0,plain,file
70,81,0.05574103877038194,18,221,108,0,plain,file
90,101,0.05568076426521247,11,86,40,0,plain,file
32,109,0.05555250929677914,11,376,31,0,plain,file
97,98,0.05555191294240233,12,34,98,1,plain,file
65,96,0.05554142147158325,18,293,76,0,plain,file
70,102,0.055537326254913144,10,221,32,0,plain,file
63,107,0.05553285011482666,9,185,29,0,plain,file
18,104,0.05551153582126286,13,1587,37,0,plain,file
35,104,0.055488911045783046,12,782,37,0,plain,file
61,78,0.055472793945312515,19,230,178,0,plain,file
1,59,0.055446563550729744,10,29,451,0,plain,file
73,84,0.05541186597428106,25,204,112,0,plain,file
1,43,0.05539591496162085,13,29,840,0,plain,file
1,22,0.05535607278676554,12,29,1283,0,plain,file
63,109,0.05532711731470637,10,185,31,0,plain,file
98,107,0.05529729453432521,6,98,29,0,plain,file
50,90,0.05523112299317702,19,377,86,0,plain,file
11,111,0.055226894914522436,10,1950,27,0,plain,file
30,104,0.05520756989902592,12,821,37,0,plain,file
1,29,0.0551869750861902,13,29,982,0,plain,file
35,105,0.05517737686220639,10,782,27,0,plain,file
75,78,0.05517238945291461,18,168,178,0,plain,file
54,64,0.05516302813436492,28,346,246,0,plain,file
20,106,0.05516208479798264,8,1357,21,0,plain,file
73,90,0.055115994998411535,18,204,86,0,plain,file
96,100,0.05511185458941301,10,76,44,0,plain,file
89,90,0.055103378780919976,17,143,86,1,plain,file
72,78,0.05505236448021592,29,290,178,0,plain,file
61,103,0.05502872205327501,7,230,18,0,plain,file
32,95,0.055005065570907945,13,376,38,0,plain,file
62,110,0.05491831571990885,7,181,23,0,plain,file
54,66,0.05489951586457231,32,346,258,0,plain,file
59,100,0.054892716577102645,10,451,44,0,plain,file
46,110,0.05488641681853064,9,649,23,0,plain,file
68,87,0.05487744266772687,18,305,76,0,plain,file
38,91,0.05487389050031152,12,739,58,0,plain,file
59,113,0.05485298955345069,8,451,27,0,plain,file
65,114,0.054840956471515066,6,293,24,0,plain,file
50,100,0.054838525212232585,11,377,44,0,plain,file
104,111,0.05483330787707899,8,37,27,0,plain,file
13,103,0.05483046036666464,11,858,18,0,plain,file
78,98,0.05480859717595963,16,178,98,0,plain,file
29,77,0.05477789382236421,34,982,185,0,plain,file
56,109,0.054750608372792546,10,383,31,0,plain,file
63,89,0.05474164016743562,17,185,143,0,plain,file
50,114,0.0547032428818862,8,377,24,0,plain,file
37,90,0.05468318492190228,24,869,86,0,plain,file
61,91,0.05466728968262969,8,230,58,0,plain,file
81,86,0.05462533542455446,13,108,65,0,plain,file
1,33,0.05453833830673791,11,29,1307,0,plain,file
48,107,0.05453350009749206,10,564,29,0,plain,file
48,80,0.05451723335839912,24,564,137,0,plain,file
42,105,0.05446721416815206,8,864,27,0,plain,file
52,107,0.05446552906227574,10,316,29,0,plain,file
56,87,0.054462217312962025,21,383,76,0,plain,file
13,95,0.05439150238907241,13,858,38,0,plain,file
85,100,0.05435654850870599,10,113,44,0,plain,file
1,34,0.05431178651776569,11,29,888,0,plain,file
32,101,0.05430855683643558,10,376,40,0,plain,file
28,104,0.054247781268802316,11,1442,37,0,plain,file
7,111,0.05420310096836741,11,3345,27,0,plain,file
8,111,0.0541913695149524,10,1247,27,0,plain,file
32,91,0.05413306040191007,12,376,58,0,plain,file
2,102,0.05411541020710112,11,6145,32,0,plain,file
84,92,0.05411491869789588,14,112,75,0,plain,file
30,109,0.05410439175072476,10,821,31,0,plain,file
48,113,0.05407673424652925,10,564,27,0,plain,file
21,107,0.0540414447078769,11,1178,29,0,plain,file
34,106,0.053982726889490885,7,888,21,0,plain,file
41,104,0.053969369293935136,12,798,37,0,plain,file
1,37,0.05394738650785259,15,29,869,0,plain,file
92,98,0.05393347502051554,10,75,98,0,plain,file
62,96,0.05390708081508158,13,181,76,0,plain,file
46,107,0.0538583981362072,10,649,29,0,plain,file
57,106,0.05384339955605896,6,579,21,0,plain,file
1,45,0.0538271536207171,11,29,492,0,plain,file
82,107,0.05382003472251103,7,85,29,0,plain,file
49,54,0.053786839396079054,22,357,346,0,plain,file
19,81,0.053744494424703575,24,975,108,0,plain,file
29,107,0.053699141999800665,10,982,29,0,plain,file
65,103,0.05367479177722933,10,293,18,0,plain,file
68,88,0.053671802051685126,16,305,96,0,plain,file
44,108,0.053663367203211104,7,350,14,0,plain,file
1,24,0.053605204268349284,11,29,1323,0,plain,file
50,84,0.05356051896472979,27,377,112,0,plain,file
17,112,0.05346528158497702,10,1562,19,0,plain,file
14,111,0.05346339530348937,8,834,27,0,plain,file
15,106,0.05345209437452202,8,661,21,0,plain,file
26,104,0.05343024767523945,13,1324,37,0,plain,file
67,82,0.053360187735359374,13,337,85,0,plain,file
66,112,0.053312270352026875,6,258,19,0,plain,file
71,98,0.053265416698413746,12,231,98,0,plain,file
68,96,0.05326173438674159,16,305,76,0,plain,file
62,88,0.05324467895165229,13,181,96,0,plain,file
69,109,0.05321872632870439,9,264,31,0,plain,file
61,114,0.05320235909621449,7,230,24,0,plain,file
67,112,0.053188465834918194,6,337,19,0,plain,file
47,80,0.05313181368802008,18,546,137,0,plain,file
56,92,0.05311243090138211,13,383,75,0,plain,file
8,77,0.053066738346412484,35,1247,185,0,plain,file
89,102,0.05305787738921613,6,143,32,0,plain,file
32,113,0.053037868753619426,11,376,27,0,plain,file
57,103,0.05300840216562908,8,579,18,0,plain,file
70,71,0.05298646131262089,25,221,231,1,plain,file
1,41,0.052972572643349244,12,29,798,0,plain,file
70,89,0.05296707339166531,21,221,143,0,plain,file
15,77,0.05295573035492629,38,661,185,0,plain,file
87,98,0.05294650037294995,12,76,98,0,plain,file
59,111,0.052929918308292086,9,451,27,0,plain,file
59,103,0.05290835693009895,8,451,18,0,plain,file
57,89,0.052896976831294046,21,579,143,0,plain,file
22,108,0.05287718766493374,6,1283,14,0,plain,file
13,77,0.05283896355735671,31,858,185,0,plain,file
15,103,0.05280843540816873,10,661,18,0,plain,file
62,113,0.052729678747418976,10,181,27,0,plain,file
34,95,0.052725463871379205,14,888,38,0,plain,file
27,105,0.05272398853905088,10,1163,27,0,plain,file
44,89,0.0527088014611532,21,350,143,0,plain,file
70,88,0.05270233816669592,18,221,96,0,plain,file
2,99,0.052687965602790904,16,6145,40,0,plain,file
88,102,0.0526037461258859,7,96,32,0,plain,file
78,88,0.052511718821979386,16,178,96,0,plain,file
19,93,0.05250573366526762,13,975,44,0,plain,file
20,93,0.05249704915039441,13,1357,44,0,plain,file
22,93,0.05245949873327923,12,1283,44,0,plain,file
9,94,0.05244374523294254,10,2505,31,0,plain,file
68,89,0.05243705950715895,21,305,143,0,plain,file
36,113,0.05242385081390445,11,734,27,0,plain,file
61,79,0.0523972552151739,17,230,183,0,plain,file
15,96,0.052376395327429,18,661,76,0,plain,file
68,93,0.05237252200100862,13,305,44,0,plain,file
82,103,0.05236879916958709,7,85,18,0,plain,file
74,92,0.052362788581588576,11,260,75,0,plain,file
3,108,0.052358169239491735,7,3505,14,0,plain,file
67,107,0.05232108881045127,7,337,29,0,plain,file
43,101,0.052305946266895054,12,840,40,0,plain,file
64,113,0.052283481383661505,10,246,27,0,plain,file
65,79,0.052276944249638344,21,293,183,0,plain,file
86,111,0.05224423647680673,8,65,27,0,plain,file
17,101,0.05222842004524289,13,1562,40,0,plain,file
19,109,0.052155795931401974,10,975,31,0,plain,file
6,102,0.05213984466234951,12,3060,32,0,plain,file
46,104,0.05212533188643843,12,649,37,0,plain,file
9,111,0.05210011800661567,7,2505,27,0,plain,file
31,111,0.052060668396599244,8,554,27,0,plain,file
73,82,0.05200767017589231,15,204,85,0,plain,file
64,100,0.05199998580527411,11,246,44,0,plain,file
13,107,0.0519778401174618,10,858,29,0,plain,file
68,98,0.05193670673653083,17,305,98,0,plain,file
53,91,0.05193034361753675,11,364,58,0,plain,file
102,104,0.05190092927308805,5,32,37,0,plain,file
85,88,0.05187328253431263,13,113,96,0,plain,file
17,103,0.05185330123572342,11,1562,18,0,plain,file
82,84,0.05183209025138938,16,85,112,0,plain,file
12,111,0.051788574061588155,10,1799,27,0,plain,file
12,113,0.05176900997904497,11,1799,27,0,plain,file
60,113,0.05173425504373945,9,356,27,0,plain,file
13,93,0.05166596278603489,12,858,44,0,plain,file
62,79,0.0516649714283735,17,181,183,0,plain,file
24,105,0.05163627324507902,10,1323,27,0,plain,file
2,94,0.05161954939756035,16,6145,31,0,plain,file
49,100,0.051613891540718375,9,357,44,0,plain,file
28,105,0.051603382948124,9,1442,27,0,plain,file
68,81,0.051581729961099596,20,305,108,0,plain,file
7,103,0.051550779640484455,11,3345,18,0,plain,file
82,97,0.05153960020749845,8,85,34,0,plain,file
38,77,0.051533116059807677,33,739,185,0,plain,file
69,98,0.05153013178868489,15,264,98,0,plain,file
61,88,0.05149086669018908,11,230,96,0,plain,file
80,86,0.051484578227296955,13,137,65,0,plain,file
58,77,0.05142331230475174,29,479,185,0,plain,file
84,103,0.05141369426604028,11,112,18,0,plain,file
39,102,0.05138840421043147,10,1181,32,0,plain,file
87,88,0.051355710966026,12,76,96,1,plain,file
26,110,0.051346083052058504,11,1324,23,0,plain,file
49,104,0.05132505248429342,10,357,37,0,plain,file
47,99,0.051303278988123986,11,546,40,0,plain,file
50,111,0.05127964253424645,9,377,27,0,plain,file
37,106,0.05126584787204811,8,869,21,0,plain,file
25,100,0.05125842885610927,14,900,44,0,plain,file
23,110,0.05123368767876226,10,1056,23,0,plain,file
69,102,0.051219912525683524,8,264,32,0,plain,file
37,109,0.05119569299149643,12,869,31,0,plain,file
54,85,0.05117897419369581,23,346,113,0,plain,file
96,104,0.051165637591251874,9,76,37,0,plain,file
82,87,0.05114310130725042,13,85,76,0,plain,file
84,91,0.05108015637781842,11,112,58,0,plain,file
14,107,0.05103160683892674,9,834,29,0,plain,file
21,105,0.0510057316458377,10,1178,27,0,plain,file
38,81,0.05096320267885693,22,739,108,0,plain,file
50,109,0.05096058405859279,8,377,31,0,plain,file
38,103,0.05094697400902104,11,739,18,0,plain,file
69,91,0.05094468753032571,13,264,58,0,plain,file
72,109,0.0509238474434143,9,290,31,0,plain,file
61,95,0.05092306027828099,7,230,38,0,plain,file
91,98,0.050892372020822134,8,58,98,0,plain,file
27,99,0.05089223090633954,15,1163,40,0,plain,file
96,103,0.050842534450529976,6,76,18,0,plain,file
64,87,0.0508105543767954,16,246,76,0,plain,file
19,105,0.05080403932575496,11,975,27,0,plain,file
72,91,0.05079560007693368,11,290,58,0,plain,file
88,92,0.05076103806049029,11,96,75,0,plain,file
60,80,0.050737956021176533,19,356,137,0,plain,file
78,102,0.05071075740742628,7,178,32,0,plain,file
53,114,0.050709919137028416,8,364,24,0,plain,file
1,62,0.0507076536468481,9,29,181,0,plain,file
45,113,0.050651481834126794,9,492,27,0,plain,file
25,104,0.050582821905864016,13,900,37,0,plain,file
4,94,0.05056010297965675,13,3767,31,0,plain,file
43,113,0.05054246313065715,11,840,27,0,plain,file
65,83,0.05053996180423923,20,293,173,0,plain,file
60,96,0.05051187256567805,15,356,76,0,plain,file
56,110,0.050500920401847914,10,383,23,0,plain,file
48,103,0.05048514814597144,11,564,18,0,plain,file
41,110,0.05047251957423326,9,798,23,0,plain,file
69,93,0.050390121649017766,11,264,44,0,plain,file
70,104,0.05038258685932782,13,221,37,0,plain,file
47,92,0.05035550089256259,11,546,75,0,plain,file
43,110,0.05034868603133729,11,840,23,0,plain,file
30,111,0.050308674474415914,8,821,27,0,plain,file
12,77,0.050237382543435606,40,1799,185,0,plain,file
72,114,0.05022696712429352,7,290,24,0,plain,file
30,99,0.05017688315641308,12,821,40,0,plain,file
79,92,0.05010085388037391,13,183,75,0,plain,file
75,92,0.0500858409214993,13,168,75,0,plain,file
65,92,0.05006422053543042,13,293,75,0,plain,file
11,107,0.050062928261489156,10,1950,29,0,plain,file
60,92,0.05003193495377237,13,356,75,0,plain,file
65,86,0.05001417219589699,12,293,65,0,plain,file
52,90,0.04998152165708833,20,316,86,0,plain,file
35,111,0.049950229893814015,8,782,27,0,plain,file
13,111,0.04993461473959299,8,858,27,0,plain,file
82,102,0.049925790844060125,7,85,32,0,plain,file
56,101,0.049892676499575885,12,383,40,0,plain,file
89,99,0.049890382854110814,10,143,40,0,plain,file
25,106,0.0498633190039396,8,900,21,0,plain,file
31,108,0.04986032472596139,6,554,14,0,plain,file
49,79,0.049849067457068144,17,357,183,0,plain,file
64,79,0.04984797294476759,19,246,183,0,plain,file
68,92,0.049835869668857204,16,305,75,0,plain,file
70,100,0.04980043892119245,14,221,44,0,plain,file
20,113,0.04979794392449913,11,1357,27,0,plain,file
83,87,0.04978137181456473,14,173,76,0,plain,file
69,85,0.049770710093761696,21,264,113,0,plain,file
8,105,0.049769133485486575,9,1247,27,0,plain,file
18,106,0.049762567374592885,8,1587,21,0,plain,file
68,86,0.04969978632441564,17,305,65,0,plain,file
57,105,0.04967302121778553,8,579,27,0,plain,file
13,105,0.049667484971645165,8,858,27,0,plain,file
36,107,0.049597895051474945,9,734,29,0,plain,file
72,84,0.0495904486863419,24,290,112,0,plain,file
77,99,0.049578252297861516,7,185,40,0,plain,file
7,93,0.04955872244335159,13,3345,44,0,plain,file
61,96,0.04952738553000483,13,230,76,0,plain,file
54,63,0.04951126224945115,23,346,185,0,plain,file
4,93,0.049439210680095644,13,3767,44,0,plain,file
20,100,0.049431262591920565,13,1357,44,0,plain,file
56,93,0.04941579399116955,14,383,44,0,plain,file
34,107,0.04938153451995567,9,888,29,0,plain,file
93,101,0.049327785748021234,9,44,40,0,plain,file
65,106,0.04932481308076399,6,293,21,0,plain,file
58,97,0.049323237259816,12,479,34,0,plain,file
87,91,0.049312662414824626,9,76,58,0,plain,file
56,77,0.04931149064433974,30,383,185,0,plain,file
64,114,0.04927912801615647,9,246,24,0,plain,file
60,100,0.049274407672703954,11,356,44,0,plain,file
50,77,0.049267726348890616,27,377,185,0,plain,file
40,108,0.04924459086892189,7,1230,14,0,plain,file
26,103,0.04922307166833023,11,1324,18,0,plain,file
58,101,0.0492214763508752,10,479,40,0,plain,file
25,91,0.04920244486863624,13,900,58,0,plain,file
33,111,0.04917561573589052,8,1307,27,0,plain,file
11,105,0.049171150980446145,8,1950,27,0,plain,file
64,96,0.04908939368626215,14,246,76,0,plain,file
33,108,0.049085738692909296,7,1307,14,0,plain,file
15,109,0.04908219881982451,12,661,31,0,plain,file
41,93,0.04905638211324175,13,798,44,0,plain,file
23,104,0.049041266410016646,13,1056,37,0,plain,file
49,80,0.049032823785786106,19,357,137,0,plain,file
49,86,0.04901072602660418,13,357,65,0,plain,file
52,110,0.049003639417448744,8,316,23,0,plain,file
34,105,0.04897088784345188,9,888,27,0,plain,file
60,103,0.04890012599679738,8,356,18,0,plain,file
1,19,0.04888088168244539,11,29,975,0,plain,file
69,90,0.04886912547095714,19,264,86,0,plain,file
53,100,0.048865429800536514,12,364,44,0,plain,file
45,111,0.04885811032436503,8,492,27,0,plain,file
12,95,0.048823591824750406,16,1799,38,0,plain,file
31,107,0.04880119625121408,9,554,29,0,plain,file
88,105,0.048796238964722405,8,96,27,0,plain,file
53,97,0.04869454183449815,11,364,34,0,plain,file
67,104,0.04866238023141077,9,337,37,0,plain,file
57,107,0.04866080379195727,9,579,29,0,plain,file
73,88,0.04865960573012505,13,204,96,0,plain,file
66,110,0.0486519985017671,6,258,23,0,plain,file
17,106,0.04864498723764633,8,1562,21,0,plain,file
54,79,0.04862839901152977,24,346,183,0,plain,file
68,90,0.04852168358198671,19,305,86,0,plain,file
44,101,0.04850718222021289,10,350,40,0,plain,file
33,77,0.048504928703744586,33,1307,185,0,plain,file
70,114,0.048471318602118944,8,221,24,0,plain,file
18,95,0.04845558899268199,16,1587,38,0,plain,file
89,110,0.04844515972120903,7,143,23,0,plain,file
72,113,0.04843114879229019,10,290,27,0,plain,file
83,90,0.04842464884241155,17,173,86,0,plain,file
61,104,0.04842151345072166,10,230,37,0,plain,file
74,95,0.04841719459224437,11,260,38,0,plain,file
1,31,0.048408107563771466,9,29,554,0,plain,file
56,89,0.04837719686751489,22,383,143,0,plain,file
64,86,0.048366268464245785,15,246,65,0,plain,file
9,108,0.048325022900021435,5,2505,14,0,plain,file
81,92,0.04822057438761116,9,108,75,0,plain,file
11,112,0.04821482177995964,9,1950,19,0,plain,file
17,104,0.048205393283480155,13,1562,37,0,plain,file
61,107,0.04816387097989202,7,230,29,0,plain,file
15,105,0.04815969661779537,9,661,27,0,plain,file
62,92,0.048111140889175404,11,181,75,0,plain,file
37,100,0.048080978256730196,12,869,44,0,plain,file
37,110,0.048032912201425824,10,869,23,0,plain,file
1,11,0.04802058554966282,11,29,1950,0,plain,file
40,99,0.04801424482853629,13,1230,40,0,plain,file
32,107,0.047932552675355906,10,376,29,0,plain,file
15,110,0.047895963907224955,12,661,23,0,plain,file
44,90,0.04789530774932263,18,350,86,0,plain,file
1,30,0.047843963426909025,12,29,821,0,plain,file
47,109,0.047820211724219255,10,546,31,0,plain,file
48,86,0.04779935712453597,14,564,65,0,plain,file
31,106,0.047791837952681555,6,554,21,0,plain,file
26,113,0.04777697989318805,11,1324,27,0,plain,file
51,92,0.04773546930256544,12,364,75,0,plain,file
41,105,0.047728763023087636,8,798,27,0,plain,file
28,95,0.04772533934835247,15,1442,38,0,plain,file
45,93,0.04767324215647752,10,492,44,0,plain,file
5,93,0.04765864073171659,12,2841,44,0,plain,file
27,111,0.04765167819411717,10,1163,27,0,plain,file
8,108,0.0476010579405725,6,1247,14,0,plain,file
66,88,0.04758798068441057,12,258,96,0,plain,file
8,99,0.04755658579984988,16,1247,40,0,plain,file
51,90,0.047517752315671354,20,364,86,0,plain,file
45,55,0.047464064405527355,31,492,356,0,plain,file
61,102,0.04741160838219401,5,230,32,0,plain,file
64,110,0.04736680406574595,5,246,23,0,plain,file
65,75,0.04731119317099506,18,293,168,0,plain,file
42,93,0.04730619404931084,10,864,44,0,plain,file
17,95,0.047302769395164215,16,1562,38,0,plain,file
51,75,0.047297516499786085,21,364,168,0,plain,file
89,100,0.04724575716010337,12,143,44,0,plain,file
85,107,0.04717836762188539,8,113,29,0,plain,file
67,97,0.047176302460828295,11,337,34,0,plain,file
54,98,0.04710246467459142,17,346,98,0,plain,file
64,80,0.04707571187677744,20,246,137,0,plain,file
83,88,0.04704801590413232,14,173,96,0,plain,file
51,101,0.04703249790057931,9,364,40,0,plain,file
20,81,0.04701112749683072,25,1357,108,0,plain,file
75,95,0.046996389856352266,7,168,38,0,plain,file
18,111,0.04698087667482176,10,1587,27,0,plain,file
52,80,0.046973173746422764,18,316,137,0,plain,file
51,114,0.04692000367791621,7,364,24,0,plain,file
78,110,0.046890881562932384,8,178,23,0,plain,file
12,112,0.046836933655309165,10,1799,19,0,plain,file
76,92,0.04682469669333685,12,247,75,0,plain,file
10,102,0.0467786096607636,10,1843,32,0,plain,file
65,97,0.04672289802805385,10,293,34,0,plain,file
19,77,0.04670926379398509,33,975,185,0,plain,file
66,75,0.04670727180796777,16,258,168,0,plain,file
32,103,0.04668839320731049,11,376,18,0,plain,file
25,97,0.04661972706321382,14,900,34,0,plain,file
26,111,0.0466104225166636,10,1324,27,0,plain,file
48,89,0.04660944341395907,20,564,143,0,plain,file
85,111,0.04660044905886686,9,113,27,0,plain,file
15,93,0.046599618134106825,11,661,44,0,plain,file
48,109,0.04659443013003696,9,564,31,0,plain,file
26,95,0.046553628394992774,15,1324,38,0,plain,file
67,90,0.046523315891238017,15,337,86,0,plain,file
33,105,0.04647394048599118,8,1307,27,0,plain,file
36,104,0.0464062759689167,12,734,37,0,plain,file
47,113,0.04640176251700852,9,546,27,0,plain,file
37,101,0.046378425405652825,9,869,40,0,plain,file
56,86,0.046354416500464006,14,383,65,0,plain,file
60,86,0.04633526358817475,13,356,65,0,plain,file
74,112,0.04633338401335288,8,260,19,0,plain,file
57,77,0.04633082876603426,28,579,185,0,plain,file
79,98,0.04630905299209362,15,183,98,0,plain,file
43,93,0.04629975946949236,12,840,44,0,plain,file
34,110,0.04626640736200219,11,888,23,0,plain,file
5,99,0.04626342767784884,14,2841,40,0,plain,file
64,103,0.046259524713061224,9,246,18,0,plain,file
62,100,0.04622759191116213,10,181,44,0,plain,file
47,104,0.046198158776054966,10,546,37,0,plain,file
65,105,0.046198096487654564,6,293,27,0,plain,file
98,101,0.04618213947906728,9,98,40,0,plain,file
1,48,0.04615255931027917,8,29,564,0,plain,file
82,95,0.04612846647644998,8,85,38,0,plain,file
62,107,0.04612036574034438,7,181,29,0,plain,file
35,108,0.04609330206964367,7,782,14,0,plain,file
75,87,0.04604786790031774,13,168,76,0,plain,file
27,95,0.046039896279672275,13,1163,38,0,plain,file
48,106,0.04601743859246185,6,564,21,0,plain,file
62,97,0.046005782809180926,9,181,34,0,plain,file
38,100,0.04600453249668987,12,739,44,0,plain,file
67,91,0.04599786147037711,10,337,58,0,plain,file
108,112,0.04592311121515559,5,14,19,0,plain,file
51,89,0.04587673662666348,22,364,143,0,plain,file
50,104,0.04587655408779918,12,377,37,0,plain,file
60,95,0.04587220271484262,9,356,38,0,plain,file
73,100,0.04585571086683203,10,204,44,0,plain,file
60,114,0.045839265100075285,7,356,24,0,plain,file
32,110,0.04582620940602883,9,376,23,0,plain,file
48,82,0.04582303346134347,18,564,85,0,plain,file
32,93,0.04578091657609237,11,376,44,0,plain,file
62,91,0.045767015779566864,9,181,58,0,plain,file
99,114,0.04571653245059574,5,40,24,0,plain,file
19,104,0.045703249362804066,14,975,37,0,plain,file
26,93,0.0456818375979922,12,1324,44,0,plain,file
75,103,0.045678484174709315,6,168,18,0,plain,file
49,92,0.04566217827935605,9,357,75,0,plain,file
73,110,0.04565741188659607,7,204,23,0,plain,file
80,85,0.04565040979075866,18,137,113,0,plain,file
69,112,0.045610291885641516,9,264,19,0,plain,file
12,104,0.04557652158046619,12,1799,37,0,plain,file
18,110,0.04555306461414927,10,1587,23,0,plain,file
21,99,0.04551096745497053,15,1178,40,0,plain,file
58,108,0.04545474486847554,6,479,14,0,plain,file
73,80,0.04543931013489552,17,204,137,0,plain,file
4,108,0.045425128790699036,7,3767,14,0,plain,file
59,108,0.0454028465136953,6,451,14,0,plain,file
51,94,0.0454009751418554,10,364,31,0,plain,file
64,107,0.04537503638551128,8,246,29,0,plain,file
52,109,0.04532337700865286,9,316,31,0,plain,file
41,111,0.04532003466269337,8,798,27,0,plain,file
85,87,0.04522988178118154,15,113,76,0,plain,file
58,106,0.04522872105800287,6,479,21,0,plain,file
54,91,0.04520606145113997,12,346,58,0,plain,file
48,100,0.04520253896698807,11,564,44,0,plain,file
72,75,0.04519633447847283,19,290,168,0,plain,file
62,75,0.045165302425496996,16,181,168,0,plain,file
38,96,0.04511070632203851,16,739,76,0,plain,file
57,113,0.045107319291848136,9,579,27,0,plain,file
80,99,0.045080315720437816,10,137,40,0,plain,file
72,86,0.04506598324727766,14,290,65,0,plain,file
58,113,0.045059916380415184,8,479,27,0,plain,file
65,109,0.045001826843425304,10,293,31,0,plain,file
9,93,0.04494250559656786,12,2505,44,0,plain,file
83,97,0.04492644723501768,11,173,34,0,plain,file
37,102,0.04489708771107277,12,869,32,0,plain,file
36,111,0.04489172307810606,9,734,27,0,plain,file
23,103,0.044876540829574006,9,1056,18,0,plain,file
84,90,0.04486744452933629,19,112,86,0,plain,file
57,111,0.04485434663868383,8,579,27,0,plain,file
53,112,0.044827734251246476,7,364,19,0,plain,file
74,101,0.04481321084931114,10,260,40,0,plain,file
60,104,0.044772428291829924,11,356,37,0,plain,file
32,81,0.044771271342939276,23,376,108,0,plain,file
78,79,0.04474914709714095,20,178,183,1,plain,file
49,108,0.044746374062057837,6,357,14,0,plain,file
1,47,0.04474013900108032,8,29,546,0,plain,file
76,85,0.04472120122448026,19,247,113,0,plain,file
91,110,0.04469559522084885,5,58,23,0,plain,file
52,105,0.044684020526608144,9,316,27,0,plain,file
45,107,0.044657528138208134,9,492,29,0,plain,file
93,94,0.04465541696550837,7,44,31,1,plain,file
69,110,0.044647974866255394,9,264,23,0,plain,file
15,94,0.04461878970864924,11,661,31,0,plain,file
1,63,0.04461757947409263,8,29,185,0,plain,file
17,99,0.04458220923557458,15,1562,40,0,plain,file
30,93,0.04457838588928415,12,821,44,0,plain,file
91,93,0.04456328382352565,8,58,44,0,plain,file
50,92,0.04455532304963584,13,377,75,0,plain,file
61,86,0.04452154759557261,12,230,65,0,plain,file
78,87,0.044520493544690704,17,178,76,0,plain,file
26,105,0.044495632385301825,10,1324,27,0,plain,file
73,75,0.04448060217721212,16,204,168,0,plain,file
29,108,0.04445670989592817,7,982,14,0,plain,file
73,108,0.044444296332803356,7,204,14,0,plain,file
8,94,0.04442706723678627,10,1247,31,0,plain,file
75,85,0.04441589602799581,13,168,113,0,plain,file
37,96,0.04440411801452975,17,869,76,0,plain,file
62,102,0.0443915249266018,6,181,32,0,plain,file
1,13,0.044363703718214846,9,29,858,0,plain,file
25,95,0.04435733471329996,14,900,38,0,plain,file
39,108,0.04434831013932267,7,1181,14,0,plain,file
72,88,0.04430564240826158,15,290,96,0,plain,file
64,95,0.044284979034527654,10,246,38,0,plain,file
42,99,0.04425453633148525,14,864,40,0,plain,file
68,82,0.04424935749254083,15,305,85,0,plain,file
76,90,0.04422849075515104,18,247,86,0,plain,file
5,108,0.044225430513126315,7,2841,14,0,plain,file
18,107,0.04422140108489679,10,1587,29,0,plain,file
47,106,0.044198020692410224,5,546,21,0,plain,file
82,98,0.04418827908195292,10,85,98,0,plain,file
21,104,0.04418604980136812,13,1178,37,0,plain,file
71,87,0.04416627186949969,14,231,76,0,plain,file
58,111,0.0441162337020004,9,479,27,0,plain,file
71,91,0.043998034687236065,9,231,58,0,plain,file
76,89,0.043987471220489696,20,247,143,0,plain,file
33,93,0.04394808982457618,12,1307,44,0,plain,file
79,96,0.04394708024448582,15,183,76,0,plain,file
76,110,0.04387809619723215,8,247,23,0,plain,file
72,89,0.04387012177486586,23,290,143,0,plain,file
29,93,0.043855216995832176,12,982,44,0,plain,file
18,103,0.04384795147113006,12,1587,18,0,plain,file
72,79,0.04383431449440072,23,290,183,0,plain,file
70,77,0.043806240630182625,25,221,185,0,plain,file
67,81,0.04374613620516595,16,337,108,0,plain,file
6,99,0.04371253848497117,15,3060,40,0,plain,file
44,93,0.04369489015512425,10,350,44,0,plain,file
1,49,0.04369166524990657,6,29,357,0,plain,file
61,90,0.04366843553208215,13,230,86,0,plain,file
3,94,0.04365660422219188,13,3505,31,0,plain,file
64,88,0.04365318918639315,13,246,96,0,plain,file
47,82,0.04364872869403034,14,546,85,0,plain,file
14,93,0.0436379348351813,9,834,44,0,plain,file
106,114,0.04362123266660102,6,21,24,0,plain,file
80,104,0.04358869840861959,11,137,37,0,plain,file
25,94,0.043556458268815434,10,900,31,0,plain,file
2,108,0.04355153229307911,8,6145,14,0,plain,file
79,84,0.0435459593250757,20,183,112,0,plain,file
85,90,0.043529267454159616,17,113,86,0,plain,file
96,99,0.04352218899260927,9,76,40,0,plain,file
69,92,0.04350526546948436,12,264,75,0,plain,file
63,87,0.043435272169755804,11,185,76,0,plain,file
1,17,0.04339054137541191,12,29,1562,0,plain,file
74,77,0.043361052132312033,24,260,185,0,plain,file
16,99,0.04335555864980431,16,1848,40,0,plain,file
72,83,0.043351935720366774,19,290,173,0,plain,file
43,104,0.04334904452161023,12,840,37,0,plain,file
64,104,0.043333869675742126,10,246,37,0,plain,file
89,92,0.04327865802835476,11,143,75,0,plain,file
76,114,0.04326668016497047,7,247,24,0,plain,file
10,108,0.043265591525565104,6,1843,14,0,plain,file
83,92,0.04325786943304137,10,173,75,0,plain,file
31,93,0.04325727205239022,10,554,44,0,plain,file
11,99,0.043255468845128396,17,1950,40,0,plain,file
90,93,0.043254990603569535,10,86,44,0,plain,file
72,80,0.04323547665072648,18,290,137,0,plain,file
9,102,0.04323050981541776,8,2505,32,0,plain,file
112,114,0.04320306224906827,5,19,24,0,plain,file
18,105,0.04318155014972013,10,1587,27,0,plain,file
86,96,0.04316363543907559,10,65,76,0,plain,file
61,106,0.04314518788471675,7,230,21,0,plain,file
12,93,0.04313891773184016,14,1799,44,0,plain,file
79,83,0.043131667334799784,20,183,173,0,plain,file
50,106,0.043099535106356224,7,377,21,0,plain,file
44,110,0.04308740086040369,9,350,23,0,plain,file
62,86,0.04307864822678953,12,181,65,0,plain,file
37,104,0.043072136638269275,12,869,37,0,plain,file
56,114,0.04305242985304526,8,383,24,0,plain,file
54,83,0.04302793233647896,23,346,173,0,plain,file
66,87,0.04295471821890139,12,258,76,0,plain,file
84,110,0.04286442362214385,9,112,23,0,plain,file
20,111,0.04281006414628989,10,1357,27,0,plain,file
63,90,0.04280253376036872,16,185,86,0,plain,file
85,96,0.042723947478315163,12,113,76,0,plain,file
35,93,0.04268012849278242,9,782,44,0,plain,file
48,97,0.04258659748809142,11,564,34,0,plain,file
27,94,0.04254850948228105,11,1163,31,0,plain,file
56,100,0.042490623464902386,11,383,44,0,plain,file
53,111,0.04246502072872872,9,364,27,0,plain,file
49,97,0.042458080357070355,11,357,34,0,plain,file
66,103,0.04245385838923575,7,258,18,0,plain,file
72,85,0.0424147346897175,17,290,113,0,plain,file
64,97,0.04239361266087476,11,246,34,0,plain,file
67,110,0.04232446981691542,8,337,23,0,plain,file
80,92,0.042299637436110434,10,137,75,0,plain,file
52,114,0.042297836177027634,9,316,24,0,plain,file
73,92,0.04223272387111934,11,204,75,0,plain,file
40,93,0.04216083489562975,11,1230,44,0,plain,file
53,106,0.04215978609207874,8,364,21,0,plain,file
54,114,0.0421463548891927,7,346,24,0,plain,file
17,107,0.042145289921232405,11,1562,29,0,plain,file
64,101,0.04213920456918434,9,246,40,0,plain,file
60,81,0.0421295626027661,15,356,108,0,plain,file
62,101,0.04211858649543891,10,181,40,0,plain,file
62,90,0.04211821046104343,16,181,86,0,plain,file
66,80,0.042054424890354006,15,258,137,0,plain,file
93,105,0.04200122415409036,7,44,27,0,plain,file
76,82,0.04197025600735364,15,247,85,0,plain,file
11,94,0.04195370152575219,12,1950,31,0,plain,file
11,102,0.041927562896978236,13,1950,32,0,plain,file
73,81,0.041909268190752254,17,204,108,0,plain,file
17,105,0.04190222030632184,9,1562,27,0,plain,file
44,106,0.041878279357795395,7,350,21,0,plain,file
20,112,0.04187290720540414,9,1357,19,0,plain,file
81,87,0.04186343250543313,13,108,76,0,plain,file
53,90,0.04185229236201165,18,364,86,0,plain,file
68,109,0.041849517028416,9,305,31,0,plain,file
77,89,0.041836296198340214,15,185,143,0,plain,file
65,104,0.041811524011312134,9,293,37,0,plain,file
31,94,0.04174535322493648,9,554,31,0,plain,file
66,92,0.04172542832083558,11,258,75,0,plain,file
48,92,0.04164137872598292,13,564,75,0,plain,file
61,100,0.04158976440325063,9,230,44,0,plain,file
62,95,0.041562173784973545,8,181,38,0,plain,file
15,111,0.04155068034209681,9,661,27,0,plain,file
86,97,0.04153931311813922,9,65,34,0,plain,file
24,111,0.041537390176334066,8,1323,27,0,plain,file
15,104,0.041500469511081065,14,661,37,0,plain,file
21,111,0.04145075547451993,8,1178,27,0,plain,file
61,80,0.041400849819848276,14,230,137,0,plain,file
74,103,0.041350571626622125,8,260,18,0,plain,file
4,102,0.0412988088859472,12,3767,32,0,plain,file
71,86,0.041288510937243,13,231,65,0,plain,file
1,64,0.04126308863895736,8,29,246,0,plain,file
67,101,0.041244937973110796,7,337,40,0,plain,file
28,107,0.0412047762621842,10,1442,29,0,plain,file
66,91,0.04117518890190944,8,258,58,0,plain,file
62,77,0.04115454707102614,22,181,185,0,plain,file
76,97,0.04112202519286251,10,247,34,0,plain,file
93,110,0.0410830286310552,6,44,23,0,plain,file
52,96,0.04102736389857118,13,316,76,0,plain,file
64,81,0.041021559968611544,14,246,108,0,plain,file
71,80,0.04100468970707355,14,231,137,0,plain,file
25,110,0.04100262522280354,10,900,23,0,plain,file
41,112,0.04100231237678514,8,798,19,0,plain,file
70,113,0.04097864273127931,11,221,27,0,plain,file
14,108,0.04096739729440056,7,834,14,0,plain,file
66,106,0.04096652652859348,7,258,21,0,plain,file
1,61,0.04092031201272463,7,29,230,0,plain,file
85,114,0.04089862022330359,8,113,24,0,plain,file
76,91,0.04089766763616779,11,247,58,0,plain,file
49,113,0.040894165871317445,9,357,27,0,plain,file
38,95,0.04082925437129496,15,739,38,0,plain,file
51,109,0.04081298367713512,9,364,31,0,plain,file
70,86,0.040780578347664555,16,221,65,0,plain,file
23,111,0.04077666311356054,9,1056,27,0,plain,file
68,108,0.04075705010007128,7,305,14,0,plain,file
51,111,0.04073910108627862,10,364,27,0,plain,file
63,103,0.040736817431781334,7,185,18,0,plain,file
73,89,0.040725247361714324,16,204,143,0,plain,file
62,106,0.0407004110454493,6,181,21,0,plain,file
61,75,0.04070024481728114,12,230,168,0,plain,file
51,96,0.04069672210233229,16,364,76,0,plain,file
47,101,0.04068592943436515,7,546,40,0,plain,file
36,103,0.040680117750123646,10,734,18,0,plain,file
76,79,0.040656492204332144,21,247,183,0,plain,file
79,93,0.04062181350047476,11,183,44,0,plain,file
92,101,0.04062067060887338,8,75,40,0,plain,file
3,102,0.040614738072465136,11,3505,32,0,plain,file
29,99,0.04055507629998017,13,982,40,0,plain,file
85,91,0.040531665694046065,10,113,58,0,plain,file
8,102,0.04049406500018392,11,1247,32,0,plain,file
49,81,0.04047831142312958,13,357,108,0,plain,file
81,90,0.040458958635217646,11,108,86,0,plain,file
86,98,0.04044817301778237,9,65,98,0,plain,file
67,105,0.04043767493070288,8,337,27,0,plain,file
21,95,0.040421637150524,15,1178,38,0,plain,file
20,110,0.040416087426505896,10,1357,23,0,plain,file
31,102,0.04039834993270626,8,554,32,0,plain,file
53,99,0.04037688534553995,10,364,40,0,plain,file
44,100,0.040304619497969756,10,350,44,0,plain,file
46,105,0.04029606076043638,7,649,27,0,plain,file
50,96,0.04029029001898267,19,377,76,0,plain,file
54,97,0.040287270660305186,12,346,34,0,plain,file
66,90,0.04028043559278797,17,258,86,0,plain,file
53,113,0.040275955734378546,9,364,27,0,plain,file
16,108,0.04027552331449767,6,1848,14,0,plain,file
76,112,0.04026521810972,7,247,19,0,plain,file
71,83,0.04025830491242871,16,231,173,0,plain,file
7,102,0.04017798155351766,12,3345,32,0,plain,file
43,105,0.04014085000743121,9,840,27,0,plain,file
48,94,0.040100479087946575,9,564,31,0,plain,file
87,103,0.04009202540122397,7,76,18,0,plain,file
72,87,0.04009105142515314,14,290,76,0,plain,file
48,81,0.040079765252726975,18,564,108,0,plain,file
70,92,0.04003211789582987,12,221,75,0,plain,file
1,15,0.040016247915844794,12,29,661,0,plain,file
51,100,0.040009332543324956,12,364,44,0,plain,file
48,101,0.04000840994849241,9,564,40,0,plain,file
71,79,0.0399942580021668,19,231,183,0,plain,file
12,105,0.039969143051347966,10,1799,27,0,plain,file
66,86,0.03996522971893121,13,258,65,0,plain,file
61,101,0.03996314424341949,8,230,40,0,plain,file
50,113,0.03995194459412357,9,377,27,0,plain,file
61,97,0.039903676623119305,9,230,34,0,plain,file
15,100,0.03985167568610394,12,661,44,0,plain,file
51,106,0.039844779391568365,7,364,21,0,plain,file
25,103,0.03982495651384112,8,900,18,0,plain,file
43,103,0.03978505651076662,10,840,18,0,plain,file
25,93,0.03974675316426898,13,900,44,0,plain,file
25,99,0.03973973108503523,14,900,40,0,plain,file
1,98,0.039739506757911165,6,29,98,0,plain,file
73,114,0.039733344844234936,7,204,24,0,plain,file
26,102,0.03971232551048908,12,1324,32,0,plain,file
64,91,0.03970821183966182,7,246,58,0,plain,file
62,104,0.03969993192146445,9,181,37,0,plain,file
1,71,0.0396908707472751,7,29,231,0,plain,file
97,104,0.039683640960340105,8,34,37,0,plain,file
19,100,0.03968111922381401,13,975,44,0,plain,file
74,97,0.03967749715585592,12,260,34,0,plain,file
39,93,0.03965616793319436,9,1181,44,0,plain,file
61,113,0.03962944124455827,8,230,27,0,plain,file
1,83,0.03962546280868953,9,29,173,0,plain,file
63,80,0.03962339356014855,13,185,137,0,plain,file
73,112,0.03961890584575252,5,204,19,0,plain,file
74,110,0.03960486576290763,9,260,23,0,plain,file
23,112,0.03957063434853203,8,1056,19,0,plain,file
1,57,0.03954062500611658,9,29,579,0,plain,file
93,107,0.03953832204083986,5,44,29,0,plain,file
66,89,0.039523799097199164,18,258,143,0,plain,file
53,102,0.03947988999945227,8,364,32,0,plain,file
63,92,0.03946725127429241,9,185,75,0,plain,file
21,103,0.03946584202096421,10,1178,18,0,plain,file
71,102,0.03944834501240548,7,231,32,0,plain,file
52,92,0.03944830924935985,12,316,75,0,plain,file
101,109,0.03944504120974157,5,40,31,0,plain,file
20,55,0.03940749626359944,43,1357,356,0,plain,file
48,105,0.039347550613284106,7,564,27,0,plain,file
59,77,0.0393440308233813,23,451,185,0,plain,file
54,84,0.03932633383820052,23,346,112,0,plain,file
39,99,0.03932277123822628,11,1181,40,0,plain,file
19,95,0.039239480341686325,14,975,38,0,plain,file
33,94,0.03921284323290335,10,1307,31,0,plain,file
65,89,0.03919465331919249,20,293,143,0,plain,file
98,109,0.039180661895455646,6,98,31,0,plain,file
63,77,0.039178128840376455,17,185,185,0,plain,file
110,113,0.03917421013876973,6,23,27,0,plain,file
23,99,0.0391596875111831,14,1056,40,0,plain,file
76,108,0.039156258108789505,6,247,14,0,plain,file
89,91,0.03914564794901727,8,143,58,0,plain,file
63,113,0.03914431223963769,8,185,27,0,plain,file
37,113,0.03909462777940971,11,869,27,0,plain,file
56,81,0.03907869618821396,22,383,108,0,plain,file
1,56,0.03904046222989553,12,29,383,0,plain,file
18,99,0.03903336199662137,16,1587,40,0,plain,file
75,94,0.03903206748773223,9,168,31,0,plain,file
67,77,0.03901695615364029,24,337,185,0,plain,file
25,101,0.03895820954277844,11,900,40,0,plain,file
89,101,0.03892374297249446,9,143,40,0,plain,file
20,104,0.0388391423560269,10,1357,37,0,plain,file
47,81,0.038808550931794916,17,546,108,0,plain,file
89,104,0.038778474416240404,10,143,37,0,plain,file
73,97,0.03876386449785773,11,204,34,0,plain,file
86,87,0.03875763415725978,11,65,76,1,plain,file
27,93,0.038755254178605814,11,1163,44,0,plain,file
1,95,0.038704459846304086,6,29,38,0,plain,file
69,97,0.038682888420424354,12,264,34,0,plain,file
15,113,0.03866740503188294,9,661,27,0,plain,file
45,102,0.038639655103524254,7,492,32,0,plain,file
43,95,0.03863166000468966,14,840,38,0,plain,file
72,110,0.03861848551044329,7,290,23,0,plain,file
3,99,0.03858909639074726,14,3505,40,0,plain,file
66,95,0.038576278319510604,8,258,38,0,plain,file
72,100,0.038544368024876076,13,290,44,0,plain,file
37,95,0.03851232662997976,11,869,38,0,plain,file
99,110,0.038469044769347926,7,40,23,0,plain,file
13,99,0.03844184583601324,9,858,40,0,plain,file
79,82,0.03843102560036103,14,183,85,0,plain,file
1,107,0.038424792117875035,6,29,29,0,plain,file
81,85,0.038410314221361784,14,108,113,0,plain,file
77,79,0.0383886354023234,19,185,183,0,plain,file
64,75,0.03837784652957597,16,246,168,0,plain,file
60,101,0.03833157238600113,9,356,40,0,plain,file
76,86,0.03832401155735215,11,247,65,0,plain,file
24,99,0.0383144301021091,13,1323,40,0,plain,file
8,93,0.038306073339681106,11,1247,44,0,plain,file
22,94,0.03825228333862189,11,1283,31,0,plain,file
23,93,0.038238094687048155,12,1056,44,0,plain,file
91,113,0.03820891169275999,6,58,27,0,plain,file
83,91,0.03820012196764201,9,173,58,0,plain,file
87,89,0.03816972128958917,13,76,143,0,plain,file
11,108,0.03816249635290376,7,1950,14,0,plain,file
89,109,0.03814355892450245,8,143,31,0,plain,file
64,89,0.03811116189975761,17,246,143,0,plain,file
52,97,0.038107570744284294,13,316,34,0,plain,file
56,106,0.03810589452508891,8,383,21,0,plain,file
65,90,0.038029844061300444,15,293,86,0,plain,file
50,110,0.03802725911759769,8,377,23,0,plain,file
6,108,0.03791393458481365,8,3060,14,0,plain,file
71,106,0.03786637778038858,6,231,21,0,plain,file
78,85,0.03786579005325536,20,178,113,0,plain,file
28,103,0.03782760157128521,8,1442,18,0,plain,file
33,99,0.03775589343017854,14,1307,40,0,plain,file
21,110,0.0377536839481529,11,1178,23,0,plain,file
19,111,0.03767886068221498,8,975,27,0,plain,file
36,105,0.03764380634231322,8,734,27,0,plain,file
36,93,0.03763020571527378,10,734,44,0,plain,file
44,102,0.03761051773065302,9,350,32,0,plain,file
19,103,0.037565313885218304,11,975,18,0,plain,file
54,86,0.037544932492317516,14,346,65,0,plain,file
9,99,0.03747608411983199,10,2505,40,0,plain,file
45,105,0.03747283599911119,8,492,27,0,plain,file
88,94,0.03747034771870221,6,96,31,0,plain,file
96,110,0.037412891417050675,7,76,23,0,plain,file
84,96,0.03734255849439346,14,112,76,0,plain,file
58,93,0.037312330184320265,11,479,44,0,plain,file
71,110,0.037302669773407654,9,231,23,0,plain,file
78,90,0.03722894667186834,17,178,86,0,plain,file
67,108,0.037228179173367605,6,337,14,0,plain,file
46,99,0.037225098904103186,13,649,40,0,plain,file
27,103,0.037192382616038897,8,1163,18,0,plain,file
21,93,0.03718271856571625,11,1178,44,0,plain,file
48,108,0.03715994854192945,7,564,14,0,plain,file
63,100,0.03715383355318043,10,185,44,0,plain,file
49,106,0.03714760522285689,5,357,21,0,plain,file
10,55,0.03712841081504476,49,1843,356,0,plain,file
1,51,0.03710971339007276,10,29,364,0,plain,file
68,80,0.03710483423489241,15,305,137,0,plain,file
47,105,0.03705454837260695,8,546,27,0,plain,file
52,101,0.03704946273044004,11,316,40,0,plain,file
53,103,0.037039782633135905,7,364,18,0,plain,file
16,94,0.03703157602053688,11,1848,31,0,plain,file
35,99,0.03702708570386069,10,782,40,0,plain,file
98,111,0.036989738092845205,9,98,27,0,plain,file
60,97,0.03697673142166396,10,356,34,0,plain,file
69,111,0.03689373010930549,10,264,27,0,plain,file
65,107,0.03687177762885314,9,293,29,0,plain,file
52,100,0.03683704688659974,13,316,44,0,plain,file
66,101,0.03681789039667552,9,258,40,0,plain,file
74,109,0.03681164665073869,9,260,31,0,plain,file
1,36,0.036807564498113725,10,29,734,0,plain,file
60,77,0.036804876549956275,23,356,185,0,plain,file
34,93,0.036761974469564994,11,888,44,0,plain,file
66,96,0.03673149119321064,12,258,76,0,plain,file
73,101,0.03669327372037445,10,204,40,0,plain,file
35,94,0.03665668593800116,10,782,31,0,plain,file
99,100,0.036535308426709705,8,40,44,1,plain,file
61,92,0.036532594941179934,9,230,75,0,plain,file
41,99,0.03652751357550018,12,798,40,0,plain,file
20,105,0.03647811554393572,8,1357,27,0,plain,file
69,104,0.036431576534820785,11,264,37,0,plain,file
1,70,0.036405157221359216,9,29,221,0,plain,file
25,105,0.03639185826379449,10,900,27,0,plain,file
72,97,0.0363360087627189,12,290,34,0,plain,file
71,96,0.03631504579477534,16,231,76,0,plain,file
44,103,0.03630934079863492,7,350,18,0,plain,file
46,93,0.036268282398439114,9,649,44,0,plain,file
75,81,0.036267029603682374,12,168,108,0,plain,file
69,87,0.03625364960518712,15,264,76,0,plain,file
65,101,0.036248034665645495,7,293,40,0,plain,file
73,105,0.03622093579280093,8,204,27,0,plain,file
37,108,0.036156289684668295,7,869,14,0,plain,file
92,113,0.03603783272736526,7,75,27,0,plain,file
68,77,0.03602669190114376,21,305,185,0,plain,file
60,105,0.0360169870040271,8,356,27,0,plain,file
71,111,0.03599971485219724,9,231,27,0,plain,file
73,103,0.035969342915115915,7,204,18,0,plain,file
71,81,0.0359204921810445,15,231,108,0,plain,file
63,95,0.03584100800396442,7,185,38,0,plain,file
71,89,0.03584026609460465,19,231,143,0,plain,file
78,86,0.03579149401171362,14,178,65,0,plain,file
1,109,0.035780742989860184,5,29,31,0,plain,file
43,94,0.03577710078526934,9,840,31,0,plain,file
63,86,0.03575901112777564,12,185,65,0,plain,file
80,90,0.035735907395264124,16,137,86,0,plain,file
98,106,0.03572826419045473,5,98,21,0,plain,file
84,88,0.035669395432029814,15,112,96,0,plain,file
26,108,0.035644211297594625,7,1324,14,0,plain,file
45,99,0.035628470394580065,11,492,40,0,plain,file
51,95,0.03560936009240428,10,364,38,0,plain,file
29,94,0.03560613919318007,12,982,31,0,plain,file
105,110,0.03559596044806666,6,27,23,0,plain,file
71,77,0.035591737250896906,22,231,185,0,plain,file
84,87,0.03547948483930217,16,112,76,0,plain,file
60,106,0.0354205179176287,6,356,21,0,plain,file
76,77,0.03539269004547586,23,247,185,1,plain,file
98,104,0.03535749288035007,8,98,37,0,plain,file
49,101,0.03525336323472113,9,357,40,0,plain,file
1,103,0.03523905298378551,5,29,18,0,plain,file
86,92,0.035230462868977526,8,65,75,0,plain,file
7,94,0.03522816941068657,14,3345,31,0,plain,file
29,102,0.035226042319630155,9,982,32,0,plain,file
37,111,0.03522507421142585,9,869,27,0,plain,file
94,96,0.03522269150839959,8,31,76,0,plain,file
90,96,0.0352185432007836,13,86,76,0,plain,file
37,105,0.03520514092939228,9,869,27,0,plain,file
77,100,0.035194283804180146,9,185,44,0,plain,file
72,101,0.03517642117801458,9,290,40,0,plain,file
73,86,0.03507585647367241,11,204,65,0,plain,file
47,77,0.03499689878253266,21,546,185,0,plain,file
1,112,0.034980085977262196,4,29,19,0,plain,file
50,99,0.03497927712612143,11,377,40,0,plain,file
82,99,0.03497165371747041,8,85,40,0,plain,file
5,94,0.034961130020426195,13,2841,31,0,plain,file
24,93,0.03493672023509099,11,1323,44,0,plain,file
30,55,0.03489915424783801,38,821,356,0,plain,file
24,108,0.0348614689038213,6,1323,14,0,plain,file
28,99,0.03483646343796541,13,1442,40,0,plain,file
54,80,0.03483030336400858,16,346,137,0,plain,file
64,111,0.03482858407498795,9,246,27,0,plain,file
48,111,0.034802648469967834,8,564,27,0,plain,file
81,98,0.034768117973709045,11,108,98,0,plain,file
1,18,0.03474881848070988,11,29,1587,0,plain,file
2,55,0.034713333991286566,56,6145,356,0,plain,file
94,105,0.034657966676915515,6,31,27,0,plain,file
104,110,0.03459683982006838,5,37,23,0,plain,file
32,105,0.03458027598063561,7,376,27,0,plain,file
56,97,0.03457055952008581,10,383,34,0,plain,file
53,107,0.03455488449707839,10,364,29,0,plain,file
53,95,0.03451178831196043,11,364,38,0,plain,file
7,99,0.03450733708488402,14,3345,40,0,plain,file
44,111,0.03450643358013678,9,350,27,0,plain,file
85,112,0.03448861004709387,7,113,19,0,plain,file
78,92,0.03446157809211779,11,178,75,0,plain,file
67,103,0.03445972369156551,7,337,18,0,plain,file
15,95,0.03445881035460176,10,661,38,0,plain,file
1,52,0.034456787703396136,9,29,316,0,plain,file
52,91,0.034446850447924504,11,316,58,0,plain,file
109,112,0.03438962069872739,5,31,19,0,plain,file
63,106,0.03436139095285367,6,185,21,0,plain,file
50,95,0.03435510819575116,10,377,38,0,plain,file
58,94,0.03434055826940182,8,479,31,0,plain,file
28,108,0.03432857236592243,7,1442,14,0,plain,file
81,93,0.03431966928933157,9,108,44,0,plain,file
38,111,0.03431917692687489,9,739,27,0,plain,file
52,93,0.03430747589374577,8,316,44,0,plain,file
1,105,0.034283056088160055,5,29,27,0,plain,file
64,77,0.03425116203124805,21,246,185,0,plain,file
100,103,0.03424903315078756,6,44,18,0,plain,file
18,94,0.03422610370800081,13,1587,31,0,plain,file
78,109,0.034219084160248804,8,178,31,0,plain,file
68,107,0.03421818409092291,9,305,29,0,plain,file
86,89,0.03412929818590856,12,65,143,0,plain,file
61,111,0.03412088037024969,8,230,27,0,plain,file
26,94,0.03411683545337741,12,1324,31,0,plain,file
66,104,0.03410717443749921,10,258,37,0,plain,file
73,109,0.0340951586679839,8,204,31,0,plain,file
12,103,0.03409513424877551,9,1799,18,0,plain,file
80,101,0.03405959868463374,10,137,40,0,plain,file
6,94,0.034012483822830474,11,3060,31,0,plain,file
68,91,0.0339954126800584,12,305,58,0,plain,file
51,81,0.03398199877380713,16,364,108,0,plain,file
82,85,0.033953575883841784,12,85,113,0,plain,file
43,111,0.033904701372852085,8,840,27,0,plain,file
63,104,0.033874405689165506,8,185,37,0,plain,file
1,32,0.033856770782994317,9,29,376,0,plain,file
23,105,0.03384817198753157,9,1056,27,0,plain,file
67,95,0.033772055790435865,9,337,38,0,plain,file
54,87,0.03369973392438238,17,346,76,0,plain,file
72,92,0.033696706880509096,11,290,75,0,plain,file
73,93,0.03368951526192578,10,204,44,0,plain,file
87,106,0.033687421806066015,7,76,21,0,plain,file
47,111,0.033686397320332545,7,546,27,0,plain,file
60,94,0.033658589004071954,8,356,31,0,plain,file
38,107,0.03361473555151816,10,739,29,0,plain,file
86,90,0.03360876751463479,11,65,86,0,plain,file
89,98,0.03360197729043288,13,143,98,0,plain,file
95,110,0.03354119822703067,5,38,23,0,plain,file
53,110,0.03352995276336872,7,364,23,0,plain,file
18,102,0.033519429455127946,11,1587,32,0,plain,file
54,75,0.03351669945823702,17,346,168,0,plain,file
56,91,0.03346954971311369,9,383,58,0,plain,file
53,77,0.03346428786628968,23,364,185,0,plain,file
65,82,0.03342886730709119,14,293,85,0,plain,file
6,55,0.03336547349284078,53,3060,356,0,plain,file
66,100,0.033362268262851,10,258,44,0,plain,file
50,105,0.033359618244447976,9,377,27,0,plain,file
81,89,0.03330283063751082,10,108,143,0,plain,file
1,66,0.03327396438942484,8,29,258,0,plain,file
63,114,0.033258801492465156,5,185,24,0,plain,file
53,108,0.03325030471761961,6,364,14,0,plain,file
59,93,0.03324424328506497,8,451,44,0,plain,file
66,111,0.033216715844038985,8,258,27,0,plain,file
93,96,0.03319230534144783,9,44,76,0,plain,file
34,55,0.03313379172967358,40,888,356,0,plain,file
1,65,0.03310251544345017,7,29,293,0,plain,file
1,38,0.03309600619265896,10,29,739,0,plain,file
24,102,0.03308100098496257,10,1323,32,0,plain,file
54,92,0.03307447508669783,13,346,75,0,plain,file
32,111,0.03306920639632656,8,376,27,0,plain,file
65,111,0.03306558812384846,7,293,27,0,plain,file
36,95,0.033024833937319434,12,734,38,0,plain,file
52,111,0.03300654267462856,9,316,27,0,plain,file
79,102,0.032967959081474714,8,183,32,0,plain,file
1,106,0.03296637627133234,5,29,21,0,plain,file
73,91,0.03292112909998945,7,204,58,0,plain,file
40,102,0.03291873856027338,10,1230,32,0,plain,file
75,93,0.03287037247022838,10,168,44,0,plain,file
87,110,0.03284719075532441,6,76,23,0,plain,file
75,86,0.0328452506095706,10,168,65,0,plain,file
44,104,0.03284425249326431,10,350,37,0,plain,file
61,81,0.03281292738033425,12,230,108,0,plain,file
42,55,0.03281223761577274,35,864,356,0,plain,file
51,110,0.0327974197598193,8,364,23,0,plain,file
5,102,0.03279236984429387,11,2841,32,0,plain,file
16,55,0.0327916371134263,41,1848,356,0,plain,file
67,111,0.032754784655016356,7,337,27,0,plain,file
12,99,0.03273352109042227,11,1799,40,0,plain,file
103,112,0.03272735895879643,4,18,19,0,plain,file
41,94,0.032632043583654964,10,798,31,0,plain,file
99,113,0.03258357635934748,7,40,27,0,plain,file
88,100,0.03253854744867116,8,96,44,0,plain,file
75,104,0.0325086022964719,7,168,37,0,plain,file
1,74,0.03249234678571685,9,29,260,0,plain,file
1,20,0.03248977325701665,9,29,1357,0,plain,file
86,104,0.03248540747680495,8,65,37,0,plain,file
67,99,0.032477623752785414,10,337,40,0,plain,file
49,77,0.03247197405582204,21,357,185,0,plain,file
45,108,0.03245313199450755,7,492,14,0,plain,file
36,108,0.03245175629663467,7,734,14,0,plain,file
112,113,0.032448752296830204,5,19,27,1,plain,file
80,100,0.03238164350138724,9,137,44,0,plain,file
79,94,0.03237370846478365,9,183,31,0,plain,file
103,107,0.03236645695471989,5,18,29,0,plain,file
54,88,0.03234667866119339,13,346,96,0,plain,file
53,104,0.03229663642508939,10,364,37,0,plain,file
72,104,0.03225462878936941,9,290,37,0,plain,file
100,109,0.032249197950804706,5,44,31,0,plain,file
72,93,0.03220440126367989,9,290,44,0,plain,file
17,111,0.032203346136155206,9,1562,27,0,plain,file
46,108,0.032191374748612805,7,649,14,0,plain,file
1,44,0.032188626355238975,9,29,350,0,plain,file
56,113,0.03215500496320795,9,383,27,0,plain,file
13,108,0.032066239842295986,6,858,14,0,plain,file
3,55,0.03205104996187441,45,3505,356,0,plain,file
51,93,0.03202949847264814,9,364,44,0,plain,file
66,94,0.03201560688334329,8,258,31,0,plain,file
1,110,0.0319766793384291,4,29,23,0,plain,file
19,107,0.03195022771995898,11,975,29,0,plain,file
12,102,0.03193147989980722,10,1799,32,0,plain,file
84,86,0.031909783478226816,11,112,65,0,plain,file
69,96,0.03190708038317343,13,264,76,0,plain,file
72,96,0.03190132578756849,14,290,76,0,plain,file
96,98,0.031851488886969564,8,76,98,0,plain,file
60,93,0.03184847756658602,10,356,44,0,plain,file
20,107,0.03184804920182677,9,1357,29,0,plain,file
38,104,0.03184584586672577,10,739,37,0,plain,file
37,103,0.03181618487109414,8,869,18,0,plain,file
15,112,0.03179560234972052,8,661,19,0,plain,file
82,92,0.031772559435717176,10,85,75,0,plain,file
21,112,0.03177069033004572,7,1178,19,0,plain,file
57,108,0.031735472806593196,6,579,14,0,plain,file
79,101,0.03171576331826864,10,183,40,0,plain,file
38,112,0.03164254787800112,7,739,19,0,plain,file
95,112,0.03163572443535655,4,38,19,0,plain,file
44,107,0.03161395041573765,9,350,29,0,plain,file
32,102,0.0315922973335403,6,376,32,0,plain,file
1,91,0.03157222560061253,6,29,58,0,plain,file
92,114,0.031564893254317244,6,75,24,0,plain,file
38,113,0.031557500410726726,8,739,27,0,plain,file
109,113,0.031541744568357816,6,31,27,0,plain,file
76,100,0.031538146431140585,11,247,44,0,plain,file
36,99,0.03149857136323358,10,734,40,0,plain,file
61,105,0.03146698433274054,6,230,27,0,plain,file
77,84,0.031431815583956135,20,185,112,0,plain,file
62,105,0.03143170979945418,7,181,27,0,plain,file
62,93,0.031391811611813855,9,181,44,0,plain,file
91,112,0.03137829910320136,4,58,19,0,plain,file
10,94,0.03134441319213301,9,1843,31,0,plain,file
57,93,0.031334139474144554,8,579,44,0,plain,file
87,114,0.03129579019407033,6,76,24,0,plain,file
62,108,0.03127322245792322,6,181,14,0,plain,file
100,110,0.03125693433998177,6,44,23,0,plain,file
54,82,0.03125408311104182,14,346,85,0,plain,file
19,94,0.031176953560554242,11,975,31,0,plain,file
44,109,0.031153836797139928,8,350,31,0,plain,file
28,55,0.031151414569954194,34,1442,356,0,plain,file
49,111,0.03114554323600675,8,357,27,0,plain,file
44,95,0.031115728474668196,9,350,38,0,plain,file
89,113,0.031109034466797407,7,143,27,0,plain,file
77,90,0.03110035651146473,17,185,86,0,plain,file
26,107,0.03107500838421095,10,1324,29,0,plain,file
42,108,0.031074808994144,6,864,14,0,plain,file
1,104,0.031064985517658465,5,29,37,0,plain,file
66,97,0.031036072213783128,8,258,34,0,plain,file
72,106,0.031035989074367824,5,290,21,0,plain,file
96,112,0.031026297176093606,5,76,19,0,plain,file
15,108,0.031004887851557004,7,661,14,0,plain,file
22,55,0.03099649778111957,41,1283,356,0,plain,file
67,94,0.030995242822646693,8,337,31,0,plain,file
62,111,0.030965009019125293,8,181,27,0,plain,file
76,103,0.030912692217166193,7,247,18,0,plain,file
51,113,0.030878835048117864,8,364,27,0,plain,file
21,55,0.030866166956000585,42,1178,356,0,plain,file
49,105,0.03084502333825904,6,357,27,0,plain,file
70,95,0.030832768651409954,10,221,38,0,plain,file
20,99,0.03082594132233181,12,1357,40,0,plain,file
64,106,0.03081723280168578,6,246,21,0,plain,file
27,55,0.030817217925820414,43,1163,356,0,plain,file
50,81,0.030817038037407,16,377,108,0,plain,file
52,104,0.030793167478314384,12,316,37,0,plain,file
11,55,0.03074281632952286,44,1950,356,0,plain,file
1,78,0.03073805765739805,7,29,178,0,plain,file
84,101,0.030706477659927563,10,112,40,0,plain,file
7,108,0.03066946829210751,7,3345,14,0,plain,file
65,108,0.03060864878010151,5,293,14,0,plain,file
77,102,0.030590378323140044,6,185,32,0,plain,file
49,99,0.03056708065192459,9,357,40,0,plain,file
51,104,0.030565897696874185,11,364,37,0,plain,file
35,55,0.030555906695089147,29,782,356,0,plain,file
96,105,0.030549995630913682,7,76,27,0,plain,file
39,55,0.030534136504325946,45,1181,356,0,plain,file
60,108,0.03048260230167347,7,356,14,0,plain,file
76,106,0.0304657140861923,6,247,21,0,plain,file
108,110,0.03045966125883033,4,14,23,0,plain,file
98,100,0.030447085393218647,9,98,44,0,plain,file
70,87,0.030430698683991682,14,221,76,0,plain,file
73,94,0.030396372022868864,7,204,31,0,plain,file
69,99,0.03039582643832327,9,264,40,0,plain,file
14,94,0.030366426661981347,8,834,31,0,plain,file
12,108,0.03034552290385156,7,1799,14,0,plain,file
103,108,0.03033278612507728,5,18,14,0,plain,file
87,109,0.030324539794720246,7,76,31,0,plain,file
60,111,0.030276164296798386,8,356,27,0,plain,file
64,105,0.03024401911979747,7,246,27,0,plain,file
73,99,0.03007129135494313,9,204,40,0,plain,file
37,112,0.030030560429292964,8,869,19,0,plain,file
1,76,0.029941053362571534,6,29,247,0,plain,file
44,112,0.029937563194497183,6,350,19,0,plain,file
103,110,0.02991737252159282,4,18,23,0,plain,file
73,104,0.02990541167231993,9,204,37,0,plain,file
81,96,0.029905181934478064,10,108,76,0,plain,file
81,110,0.029897425226931836,6,108,23,0,plain,file
41,55,0.029847524367785327,36,798,356,0,plain,file
72,81,0.029841836001102292,15,290,108,0,plain,file
58,102,0.029818988741827382,6,479,32,0,plain,file
85,92,0.029801045420596445,9,113,75,0,plain,file
37,107,0.029746459054401122,10,869,29,0,plain,file
40,94,0.029707592652451147,9,1230,31,0,plain,file
44,105,0.029700653887985873,8,350,27,0,plain,file
18,55,0.029698265700866446,53,1587,356,0,plain,file
61,108,0.029695193580952225,6,230,14,0,plain,file
73,77,0.029667269338249237,20,204,185,0,plain,file
88,114,0.029635625377805633,6,96,24,0,plain,file
107,114,0.029599045337446048,5,29,24,0,plain,file
85,110,0.02955172462148767,7,113,23,0,plain,file
71,104,0.029539893536355326,9,231,37,0,plain,file
51,105,0.0295230978672462,8,364,27,0,plain,file
39,94,0.02948660116138538,10,1181,31,0,plain,file
1,84,0.029485030781873006,7,29,112,0,plain,file
65,99,0.02947412378558983,8,293,40,0,plain,file
29,55,0.02945078701898334,37,982,356,0,plain,file
79,114,0.02944622102812533,7,183,24,0,plain,file
73,106,0.029423707807788562,6,204,21,0,plain,file
90,97,0.029422066947084966,9,86,34,0,plain,file
83,99,0.02936378386167627,8,173,40,0,plain,file
26,99,0.029341446220388555,11,1324,40,0,plain,file
32,104,0.0293298892665652,10,376,37,0,plain,file
79,110,0.029306931271327063,8,183,23,0,plain,file
91,97,0.029285270169758747,7,58,34,0,plain,file
68,97,0.029176765302010212,10,305,34,0,plain,file
19,99,0.029169458697436056,13,975,40,0,plain,file
47,93,0.02915932883172082,8,546,44,0,plain,file
80,84,0.02912211095980168,15,137,112,0,plain,file
65,100,0.029114427815431793,10,293,44,0,plain,file
40,55,0.029098732886758405,40,1230,356,0,plain,file
14,55,0.029098576406417612,35,834,356,0,plain,file
24,94,0.02909782510456265,10,1323,31,0,plain,file
17,55,0.02903321891301058,46,1562,356,0,plain,file
77,101,0.029021254112922827,11,185,40,0,plain,file
64,108,0.029004092810527238,6,246,14,0,plain,file
82,113,0.02899844501774786,7,85,27,0,plain,file
97,114,0.028983681669209234,6,34,24,0,plain,file
88,99,0.028962669383153776,6,96,40,0,plain,file
48,93,0.028936146575483466,9,564,44,0,plain,file
28,94,0.02893261383103596,11,1442,31,0,plain,file
49,94,0.02892392123830775,6,357,31,0,plain,file
52,106,0.02891623153491784,7,316,21,0,plain,file
79,97,0.028883380898658387,8,183,34,0,plain,file
63,97,0.02888140753304655,8,185,34,0,plain,file
85,108,0.02884393417681924,6,113,14,0,plain,file
65,81,0.028707782159628333,11,293,108,0,plain,file
100,113,0.02870372383431683,7,44,27,0,plain,file
64,99,0.028696710381475192,8,246,40,0,plain,file
104,112,0.028679561162735873,4,37,19,0,plain,file
19,102,0.028666458421906054,8,975,32,0,plain,file
47,108,0.028645411877166918,6,546,14,0,plain,file
74,93,0.02857524333061754,10,260,44,0,plain,file
57,102,0.028496355143493107,7,579,32,0,plain,file
70,99,0.02849554414516204,12,221,40,0,plain,file
58,99,0.028489716338204255,8,479,40,0,plain,file
32,108,0.028473170728070547,7,376,14,0,plain,file
68,100,0.028418101278887185,10,305,44,0,plain,file
43,108,0.028401481562774486,7,840,14,0,plain,file
92,106,0.02838995816005055,6,75,21,0,plain,file
53,105,0.02834399940132053,7,364,27,0,plain,file
104,114,0.02834213452772826,6,37,24,0,plain,file
91,101,0.028200108298687403,6,58,40,0,plain,file
79,86,0.028145118260265587,11,183,65,0,plain,file
71,114,0.028120932777962276,6,231,24,0,plain,file
78,101,0.028118104774398796,10,178,40,0,plain,file
66,107,0.02809830244882351,7,258,29,0,plain,file
79,81,0.028094732477044894,15,183,108,0,plain,file
76,95,0.028087194015511352,9,247,38,0,plain,file
20,94,0.028086795807069492,11,1357,31,0,plain,file
74,100,0.028037206892870058,11,260,44,0,plain,file
34,102,0.028036478025896285,10,888,32,0,plain,file
52,112,0.028027633622991537,7,316,19,0,plain,file
76,105,0.028006322847066098,8,247,27,0,plain,file
87,107,0.027873809401796262,6,76,29,0,plain,file
5,55,0.027857804844172065,44,2841,356,0,plain,file
43,112,0.027852688131560673,7,840,19,0,plain,file
89,103,0.027827224549846374,7,143,18,0,plain,file
72,105,0.02780487050285956,7,290,27,0,plain,file
69,114,0.02777659017798561,6,264,24,0,plain,file
4,55,0.027774597413882725,45,3767,356,0,plain,file
68,105,0.027763319250614107,8,305,27,0,plain,file
101,111,0.02774806568976898,8,40,27,0,plain,file
47,102,0.02774043133363937,7,546,32,0,plain,file
52,81,0.02773579113834153,15,316,108,0,plain,file
12,107,0.0276751986465733,11,1799,29,0,plain,file
36,55,0.02765804814941338,35,734,356,0,plain,file
26,112,0.02763648390999476,8,1324,19,0,plain,file
1,25,0.02758193835663882,8,29,900,0,plain,file
31,55,0.02755343766419268,31,554,356,0,plain,file
95,96,0.027551997796068397,5,38,76,1,plain,file
90,105,0.027545320829842002,8,86,27,0,plain,file
86,110,0.027532325316974932,5,65,23,0,plain,file
81,112,0.02748104204372103,5,108,19,0,plain,file
100,104,0.027466267086379146,7,44,37,0,plain,file
37,93,0.027460244384588,11,869,44,0,plain,file
65,77,0.027443043517138516,22,293,185,0,plain,file
84,100,0.02742247563689155,10,112,44,0,plain,file
38,110,0.02740479352098612,9,739,23,0,plain,file
88,111,0.027402389586833782,7,96,27,0,plain,file
71,105,0.027385601836678992,8,231,27,0,plain,file
101,110,0.02737471179472458,6,40,23,0,plain,file
105,114,0.027351206372131273,6,27,24,0,plain,file
36,94,0.027307796778002498,8,734,31,0,plain,file
85,104,0.027297489354649963,10,113,37,0,plain,file
96,113,0.027279100325022412,8,76,27,0,plain,file
51,103,0.02727276290957624,8,364,18,0,plain,file
1,50,0.02723815661425319,7,29,377,0,plain,file
70,91,0.027232948234618748,9,221,58,0,plain,file
80,91,0.027220635981351982,7,137,58,0,plain,file
88,107,0.02721388273483406,6,96,29,0,plain,file
96,114,0.027174328710562645,6,76,24,0,plain,file
38,93,0.02717139067755668,9,739,44,0,plain,file
13,55,0.027148147852927844,36,858,356,0,plain,file
107,109,0.027143428537138886,5,29,31,0,plain,file
62,99,0.027138500202270228,9,181,40,0,plain,file
42,94,0.027129320369078256,9,864,31,0,plain,file
9,55,0.02712743398986781,35,2505,356,0,plain,file
54,90,0.027112222147475887,15,346,86,0,plain,file
68,94,0.027104445746189053,8,305,31,0,plain,file
63,102,0.02701075084717442,7,185,32,0,plain,file
43,99,0.026986650001296617,12,840,40,0,plain,file
43,55,0.02694204589310977,39,840,356,0,plain,file
54,77,0.026937308308146314,22,346,185,0,plain,file
54,110,0.026903252568395524,9,346,23,0,plain,file
1,108,0.026841656558389135,4,29,14,0,plain,file
54,101,0.0268179140212736,10,346,40,0,plain,file
64,94,0.0268075824549948,8,246,31,0,plain,file
50,103,0.026787371192617645,8,377,18,0,plain,file
82,111,0.026764666541950047,7,85,27,0,plain,file
87,97,0.026744610216161015,9,76,34,0,plain,file
106,107,0.02662184382938155,5,21,29,1,plain,file
46,55,0.02660159746633358,37,649,356,0,plain,file
88,97,0.026557365734198327,7,96,34,0,plain,file
1,21,0.02653289298376556,9,29,1178,0,plain,file
86,112,0.026454050511447225,6,65,19,0,plain,file
71,82,0.026444496054506748,14,231,85,0,plain,file
50,93,0.026429199052093094,8,377,44,0,plain,file
63,105,0.026423877307214606,6,185,27,0,plain,file
61,77,0.02639611431910359,15,230,185,0,plain,file
72,99,0.026352255389766058,9,290,40,0,plain,file
44,55,0.026280863570273937,33,350,356,0,plain,file
86,113,0.026277329015027724,7,65,27,0,plain,file
48,77,0.026264423646397066,24,564,185,0,plain,file
70,103,0.026240762449286168,8,221,18,0,plain,file
94,110,0.026197087008386216,5,31,23,0,plain,file
69,113,0.026168440560865834,8,264,27,0,plain,file
52,113,0.026150717121812248,9,316,27,0,plain,file
66,113,0.026128608089775938,7,258,27,0,plain,file
59,94,0.026093432711652514,8,451,31,0,plain,file
76,109,0.02606506869862031,7,247,31,0,plain,file
104,107,0.026060672146256632,6,37,29,0,plain,file
86,109,0.02604812028894928,6,65,31,0,plain,file
91,114,0.026047518934284385,5,58,24,0,plain,file
71,112,0.026039136664764536,5,231,19,0,plain,file
63,108,0.025952267648553465,5,185,14,0,plain,file
106,112,0.025900123868388046,4,21,19,0,plain,file
80,114,0.025900114078884838,6,137,24,0,plain,file
66,77,0.025891344079783343,18,258,185,0,plain,file
55,77,0.025859468130326822,16,356,185,0,plain,file
80,93,0.02583525519223984,9,137,44,0,plain,file
57,94,0.025832162382738794,9,579,31,0,plain,file
36,110,0.02580800407116555,8,734,23,0,plain,file
45,94,0.02579011944753982,8,492,31,0,plain,file
86,114,0.025783881772658435,5,65,24,0,plain,file
63,101,0.0257825069563868,6,185,40,0,plain,file
83,95,0.02575021733473618,9,173,38,0,plain,file
15,55,0.025709559633135603,36,661,356,0,plain,file
83,109,0.02569545165333715,5,173,31,0,plain,file
1,90,0.025647456020600232,7,29,86,0,plain,file
84,109,0.025633406907868226,8,112,31,0,plain,file
25,111,0.025588383782886553,8,900,27,0,plain,file
81,101,0.025509408205937757,7,108,40,0,plain,file
92,110,0.025491383375899034,5,75,23,0,plain,file
71,103,0.025486143080421988,6,231,18,0,plain,file
38,105,0.025477179176819464,7,739,27,0,plain,file
74,105,0.02547270444961574,8,260,27,0,plain,file
1,67,0.025464751789818232,6,29,337,0,plain,file
24,55,0.02543591898158034,36,1323,356,0,plain,file
91,104,0.02539922380714251,6,58,37,0,plain,file
80,81,0.025383977465856494,10,137,108,1,plain,file
71,90,0.025359818249708725,13,231,86,0,plain,file
33,102,0.025354180216317218,7,1307,32,0,plain,file
66,105,0.025333366544132048,7,258,27,0,plain,file
55,57,0.025320598754205254,28,356,579,0,plain,file
32,55,0.02529283584052364,33,376,356,0,plain,file
79,100,0.02525666342561926,11,183,44,0,plain,file
68,110,0.02524525525583225,8,305,23,0,plain,file
111,114,0.0251849598044518,6,27,24,0,plain,file
54,106,0.025151804140121824,6,346,21,0,plain,file
12,55,0.025149086737978058,43,1799,356,0,plain,file
93,98,0.025127842359019662,8,44,98,0,plain,file
20,95,0.025108425669747705,10,1357,38,0,plain,file
44,113,0.025107058420284833,7,350,27,0,plain,file
68,95,0.025025497978681907,9,305,38,0,plain,file
48,99,0.025014005443464476,9,564,40,0,plain,file
36,112,0.025007966410297726,8,734,19,0,plain,file
66,108,0.025000419538912702,6,258,14,0,plain,file
88,91,0.024978659837037898,8,96,58,0,plain,file
38,108,0.024860297850227735,7,739,14,0,plain,file
78,104,0.02485504725489707,9,178,37,0,plain,file
23,55,0.024829058544170318,39,1056,356,0,plain,file
13,94,0.024812158808424373,8,858,31,0,plain,file
74,113,0.02475179485465127,9,260,27,0,plain,file
62,94,0.02472424630064654,7,181,31,0,plain,file
87,100,0.02471392085296652,7,76,44,0,plain,file
49,102,0.02468117963484843,7,357,32,0,plain,file
80,109,0.024673026783665983,7,137,31,0,plain,file
17,102,0.024657463304070107,10,1562,32,0,plain,file
82,91,0.02455431667295337,6,85,58,0,plain,file
71,95,0.024518823412578453,7,231,38,0,plain,file
80,111,0.024461101078360196,9,137,27,0,plain,file
96,106,0.02444101581160317,6,76,21,0,plain,file
54,89,0.0244123717840734,18,346,143,0,plain,file
41,108,0.02433123068627752,6,798,14,0,plain,file
52,95,0.024327646744263264,9,316,38,0,plain,file
26,55,0.024324909202616186,39,1324,356,0,plain,file
72,77,0.02432303003425147,23,290,185,0,plain,file
73,95,0.024322737160540075,7,204,38,0,plain,file
61,93,0.0243201577348944,8,230,44,0,plain,file
83,110,0.024267772830990797,7,173,23,0,plain,file
79,90,0.024250775827661535,14,183,86,0,plain,file
95,102,0.02421255738834171,5,38,32,0,plain,file
99,103,0.024156546603492257,5,40,18,0,plain,file
91,100,0.024135326611188994,6,58,44,0,plain,file
48,102,0.02411970112982163,8,564,32,0,plain,file
95,100,0.02409721082208289,6,38,44,0,plain,file
73,111,0.024078659489074426,8,204,27,0,plain,file
110,111,0.024024963818820366,5,23,27,1,plain,file
107,112,0.024019415646372687,4,29,19,0,plain,file
72,82,0.023996036770180897,11,290,85,0,plain,file
25,55,0.02398643154395617,39,900,356,0,plain,file
80,97,0.02395798423014369,9,137,34,0,plain,file
74,114,0.023863703821017476,6,260,24,0,plain,file
65,93,0.023834743279355232,7,293,44,0,plain,file
96,108,0.023820515343583138,5,76,14,0,plain,file
21,102,0.023805400690489063,9,1178,32,0,plain,file
80,95,0.02377882426765935,7,137,38,0,plain,file
86,103,0.02376684111808831,6,65,18,0,plain,file
56,105,0.023680682299066374,8,383,27,0,plain,file
106,110,0.023676327048006283,4,21,23,0,plain,file
30,108,0.023674316269903045,5,821,14,0,plain,file
98,105,0.02366772572509808,6,98,27,0,plain,file
109,114,0.0236394744691941,5,31,24,0,plain,file
52,102,0.02363301242035989,8,316,32,0,plain,file
70,106,0.023588340981873863,6,221,21,0,plain,file
55,59,0.023573869712843733,24,356,451,0,plain,file
1,89,0.023571052121274742,7,29,143,0,plain,file
32,99,0.023562134319225474,10,376,40,0,plain,file
56,111,0.023551229518144447,8,383,27,0,plain,file
83,113,0.023550480180070277,8,173,27,0,plain,file
81,108,0.023540311912348216,6,108,14,0,plain,file
100,101,0.023530745371127912,6,44,40,1,plain,file
1,69,0.023509468481213908,8,29,264,0,plain,file
104,105,0.023493943632292284,6,37,27,1,plain,file
109,111,0.023476629102897256,5,31,27,0,plain,file
104,109,0.023435840147236202,5,37,31,0,plain,file
91,106,0.0234275454936416,5,58,21,0,plain,file
38,55,0.023388135577874305,36,739,356,0,plain,file
54,81,0.02337976217015391,16,346,108,0,plain,file
76,93,0.02337134392746915,8,247,44,0,plain,file
76,104,0.023332497207066177,9,247,37,0,plain,file
92,103,0.02332415826646667,6,75,18,0,plain,file
93,99,0.02330082455609646,7,44,40,0,plain,file
89,95,0.02328704891868679,7,143,38,0,plain,file
15,102,0.02328109537498699,8,661,32,0,plain,file
13,102,0.02328004896082167,9,858,32,0,plain,file
1,81,0.023275520569432995,6,29,108,0,plain,file
59,99,0.02324862211557448,7,451,40,0,plain,file
66,81,0.023204579413952063,11,258,108,0,plain,file
1,114,0.023197337912458423,4,29,24,0,plain,file
78,81,0.0231934685748207,13,178,108,0,plain,file
86,106,0.023190426111431385,5,65,21,0,plain,file
52,108,0.02318817574245186,7,316,14,0,plain,file
15,107,0.023183954465284932,10,661,29,0,plain,file
74,111,0.02316861662410071,8,260,27,0,plain,file
91,111,0.023168583527530255,6,58,27,0,plain,file
70,110,0.0231415356604552,7,221,23,0,plain,file
52,99,0.023081294902147675,9,316,40,0,plain,file
97,108,0.023032199745325357,5,34,14,0,plain,file
105,112,0.02303161338362476,4,27,19,0,plain,file
73,113,0.023027616949556934,7,204,27,0,plain,file
78,107,0.023024886750890518,8,178,29,0,plain,file
12,94,0.023019795049351,10,1799,31,0,plain,file
78,97,0.023018595438928306,10,178,34,0,plain,file
32,112,0.02301501043412847,6,376,19,0,plain,file
54,108,0.023002401410900392,7,346,14,0,plain,file
88,103,0.022982375659110352,6,96,18,0,plain,file
56,104,0.02296605523031499,12,383,37,0,plain,file
71,97,0.022955273777047158,9,231,34,0,plain,file
19,55,0.02295114747507139,35,975,356,0,plain,file
27,108,0.02291713815779553,6,1163,14,0,plain,file
88,96,0.022912651521805646,8,96,76,0,plain,file
97,100,0.022900850579127177,7,34,44,0,plain,file
99,102,0.02288220673294103,5,40,32,0,plain,file
64,93,0.022859325621005823,8,246,44,0,plain,file
86,88,0.022835715683502657,7,65,96,0,plain,file
27,102,0.02282934415865665,9,1163,32,0,plain,file
77,86,0.022797605884444763,12,185,65,0,plain,file
78,103,0.022781582277571995,6,178,18,0,plain,file
81,113,0.022748354482451126,6,108,27,0,plain,file
89,111,0.0226912062237257,7,143,27,0,plain,file
97,106,0.022572514014718666,5,34,21,0,plain,file
78,105,0.02253892355152083,8,178,27,0,plain,file
84,113,0.022517652157149418,8,112,27,0,plain,file
98,108,0.02251722069536582,5,98,14,0,plain,file
34,108,0.022498502813673944,7,888,14,0,plain,file
59,102,0.02247743624861239,6,451,32,0,plain,file
57,99,0.022450542280484483,8,579,40,0,plain,file
66,93,0.022307358386297816,7,258,44,0,plain,file
69,105,0.02227974719474437,8,264,27,0,plain,file
68,114,0.022272095409784285,6,305,24,0,plain,file
1,88,0.022266679551998948,6,29,96,0,plain,file
77,105,0.022258579974903075,7,185,27,0,plain,file
71,113,0.022245726397085025,9,231,27,0,plain,file
78,106,0.02224567120221412,7,178,21,0,plain,file
101,113,0.02224139525234149,7,40,27,0,plain,file
1,73,0.022223941545547014,7,29,204,0,plain,file
78,100,0.02219169414599802,9,178,44,0,plain,file
54,111,0.022176080024571655,9,346,27,0,plain,file
78,114,0.02213980671846416,7,178,24,0,plain,file
33,55,0.02212348222756276,29,1307,356,0,plain,file
97,111,0.022120158350351082,8,34,27,0,plain,file
83,106,0.02205037723106021,7,173,21,0,plain,file
54,96,0.022036683561150485,13,346,76,0,plain,file
107,110,0.021957097318736216,4,29,23,0,plain,file
77,109,0.02193579258336252,8,185,31,0,plain,file
87,94,0.021930368658240475,7,76,31,0,plain,file
72,107,0.021892051435295337,7,290,29,0,plain,file
63,111,0.021849018096957815,6,185,27,0,plain,file
85,101,0.021783440884905438,8,113,40,0,plain,file
87,112,0.021775755768601527,4,76,19,0,plain,file
82,88,0.02173465890531632,10,85,96,0,plain,file
37,55,0.021722316835371274,40,869,356,0,plain,file
87,101,0.021721874338423618,7,76,40,0,plain,file
82,93,0.021711167777419927,7,85,44,0,plain,file
89,94,0.021653087850022984,7,143,31,0,plain,file
100,108,0.02164983159746309,5,44,14,0,plain,file
85,97,0.02160462936303612,9,113,34,0,plain,file
86,100,0.02159927417354354,8,65,44,0,plain,file
46,102,0.02159083201174061,9,649,32,0,plain,file
23,94,0.021534664171038984,11,1056,31,0,plain,file
80,106,0.021496203020189623,5,137,21,0,plain,file
74,106,0.02147905165935817,6,260,21,0,plain,file
91,109,0.021443532029141545,5,58,31,0,plain,file
72,111,0.021405780341363277,7,290,27,0,plain,file
35,102,0.02139062049596508,5,782,32,0,plain,file
1,85,0.02134850841052192,5,29,113,0,plain,file
81,102,0.021252067219006316,6,108,32,0,plain,file
67,93,0.02120796019379293,8,337,44,0,plain,file
111,112,0.021207483480117688,4,27,19,1,plain,file
93,97,0.021184875653087763,8,44,34,0,plain,file
47,94,0.021180779256390822,6,546,31,0,plain,file
84,99,0.021163683357825664,9,112,40,0,plain,file
54,105,0.02113240160385769,7,346,27,0,plain,file
8,55,0.021106913077807744,31,1247,356,0,plain,file
68,113,0.02106989639616821,9,305,27,0,plain,file
1,72,0.021060257045541497,6,29,290,0,plain,file
68,101,0.021040303260670364,8,305,40,0,plain,file
46,94,0.021035812550227264,7,649,31,0,plain,file
83,111,0.02098941763773727,8,173,27,0,plain,file
50,94,0.020984216968390715,9,377,31,0,plain,file
77,87,0.020969139517605578,14,185,76,0,plain,file
90,91,0.02096565013908308,7,86,58,1,plain,file
1,68,0.020937271432190055,8,29,305,0,plain,file
92,97,0.020926295290738747,6,75,34,0,plain,file
15,99,0.020905829632297077,11,661,40,0,plain,file
90,110,0.0208936250171393,6,86,23,0,plain,file
97,110,0.020858991816983467,5,34,23,0,plain,file
81,104,0.020692120363407108,8,108,37,0,plain,file
91,105,0.02068867226814529,6,58,27,0,plain,file
79,99,0.020657319721660107,9,183,40,0,plain,file
92,107,0.020634826510212805,5,75,29,0,plain,file
63,93,0.0206016473598409,7,185,44,0,plain,file
75,110,0.020588235173708662,7,168,23,0,plain,file
76,101,0.020585976229870052,7,247,40,0,plain,file
19,108,0.020576050733658122,7,975,14,0,plain,file
71,99,0.020526864157460453,8,231,40,0,plain,file
69,106,0.020475933877700532,6,264,21,0,plain,file
92,100,0.020471127284299017,6,75,44,0,plain,file
87,104,0.02046115753952284,7,76,37,0,plain,file
95,104,0.020392923387049317,5,38,37,0,plain,file
97,109,0.02038291578878782,5,34,31,0,plain,file
75,109,0.02038020071430825,6,168,31,0,plain,file
18,108,0.020340657218070726,7,1587,14,0,plain,file
60,99,0.020338414908284128,7,356,40,0,plain,file
68,103,0.020336966471246096,7,305,18,0,plain,file
17,108,0.020322680205263254,6,1562,14,0,plain,file
101,106,0.020301820126795024,5,40,21,0,plain,file
94,107,0.020294563893073127,5,31,29,0,plain,file
75,105,0.020291815466725073,7,168,27,0,plain,file
93,113,0.0202889121857795,7,44,27,0,plain,file
66,99,0.020249491697868695,7,258,40,0,plain,file
1,86,0.020235805539070884,6,29,65,0,plain,file
105,106,0.020227309054448656,5,27,21,1,plain,file
51,112,0.020208712467788263,5,364,19,0,plain,file
65,102,0.020144417750008803,6,293,32,0,plain,file
76,99,0.02013047496768016,9,247,40,0,plain,file
90,107,0.020109125071393757,6,86,29,0,plain,file
80,113,0.020084531894390974,8,137,27,0,plain,file
86,95,0.02007313994578725,6,65,38,0,plain,file
49,93,0.020021667220228044,7,357,44,0,plain,file
95,114,0.020015461279545177,5,38,24,0,plain,file
78,108,0.01998134482692181,6,178,14,0,plain,file
85,106,0.019973050526390493,6,113,21,0,plain,file
50,55,0.019969186722037933,28,377,356,0,plain,file
87,113,0.019936207445914643,7,76,27,0,plain,file
61,99,0.019929432505707917,7,230,40,0,plain,file
84,107,0.019925765651641576,6,112,29,0,plain,file
82,110,0.019892105210003428,6,85,23,0,plain,file
79,95,0.019876542944727918,9,183,38,0,plain,file
51,55,0.019861616109658944,32,364,356,0,plain,file
102,112,0.019830058097979286,4,32,19,0,plain,file
75,91,0.0198056578912284,8,168,58,0,plain,file
85,93,0.019744797687436765,8,113,44,0,plain,file
94,112,0.019744376912969087,4,31,19,0,plain,file
20,103,0.019688829408451333,7,1357,18,0,plain,file
43,102,0.019666568990591667,10,840,32,0,plain,file
80,103,0.01966037295530174,5,137,18,0,plain,file
108,114,0.01965589557280059,4,14,24,0,plain,file
70,108,0.019617509755653344,6,221,14,0,plain,file
55,67,0.019607320712010337,24,356,337,0,plain,file
88,109,0.019591601205500665,6,96,31,0,plain,file
25,102,0.019586911605453318,8,900,32,0,plain,file
104,113,0.019546138304359997,6,37,27,0,plain,file
1,53,0.019545041687201163,8,29,364,0,plain,file
71,107,0.01954084213969569,6,231,29,0,plain,file
74,94,0.019511465430168514,8,260,31,0,plain,file
87,108,0.01949440341940547,5,76,14,0,plain,file
20,102,0.01949109267886611,8,1357,32,0,plain,file
68,102,0.019484660231500542,7,305,32,0,plain,file
99,109,0.01947943102108672,5,40,31,0,plain,file
90,100,0.01945795415444041,7,86,44,0,plain,file
63,99,0.019434927204951043,7,185,40,0,plain,file
41,102,0.019427557174883828,8,798,32,0,plain,file
69,95,0.01940579140888015,8,264,38,0,plain,file
54,104,0.019345887781947676,10,346,37,0,plain,file
103,114,0.01930595173400113,4,18,24,0,plain,file
100,111,0.019230794358718,6,44,27,0,plain,file
97,113,0.019191745701997297,7,34,27,0,plain,file
91,96,0.01914235522297412,6,58,76,0,plain,file
30,94,0.019129772377803902,7,821,31,0,plain,file
38,99,0.019122979038008126,10,739,40,0,plain,file
74,99,0.019090770350167555,10,260,40,0,plain,file
1,54,0.01906776994872768,6,29,346,0,plain,file
21,108,0.01903717238346499,7,1178,14,0,plain,file
111,113,0.019026059642386142,7,27,27,0,plain,file
72,95,0.019010920119252064,6,290,38,0,plain,file
106,113,0.018994970934420916,5,21,27,0,plain,file
78,91,0.0189788969013819,8,178,58,0,plain,file
85,105,0.018949773291970305,7,113,27,0,plain,file
28,102,0.01891915480987397,11,1442,32,0,plain,file
54,113,0.01890461170807803,8,346,27,0,plain,file
88,110,0.018865582886807692,5,96,23,0,plain,file
60,102,0.018863997203945618,7,356,32,0,plain,file
71,101,0.018793462589311714,7,231,40,0,plain,file
78,99,0.018793293266831254,9,178,40,0,plain,file
96,97,0.01878687317805968,7,76,34,1,plain,file
51,108,0.018786274901633968,7,364,14,0,plain,file
81,100,0.01872505495430247,8,108,44,0,plain,file
100,114,0.0187104122363568,5,44,24,0,plain,file
23,108,0.018643724726183673,6,1056,14,0,plain,file
106,111,0.01862528323458436,5,21,27,0,plain,file
1,101,0.018569302481880268,5,29,40,0,plain,file
96,109,0.01855254850619236,6,76,31,0,plain,file
79,105,0.01854743690372209,7,183,27,0,plain,file
100,112,0.018486926664194596,4,44,19,0,plain,file
83,93,0.018482827511441476,8,173,44,0,plain,file
97,112,0.018412794612579247,4,34,19,0,plain,file
71,108,0.01833719730432808,6,231,14,0,plain,file
94,108,0.018299733957390794,5,31,14,0,plain,file
52,103,0.01825656537541065,7,316,18,0,plain,file
93,109,0.018254678509930684,5,44,31,0,plain,file
88,95,0.018245719911270327,7,96,38,0,plain,file
55,86,0.018237060276358102,18,356,65,0,plain,file
78,93,0.01823111370192286,9,178,44,0,plain,file
104,106,0.018217107541771468,5,37,21,0,plain,file
81,88,0.018206013949034032,9,108,96,0,plain,file
51,99,0.01817747768751416,9,364,40,0,plain,file
14,102,0.018173208494493266,7,834,32,0,plain,file
102,110,0.018127439980384297,4,32,23,0,plain,file
52,94,0.018124138312703084,7,316,31,0,plain,file
72,103,0.01807447906137226,6,290,18,0,plain,file
53,94,0.01805050369705323,7,364,31,0,plain,file
72,108,0.018042569090457504,6,290,14,0,plain,file
95,108,0.017998424044918367,4,38,14,0,plain,file
94,114,0.017989093634717537,5,31,24,0,plain,file
1,12,0.017974812144323435,10,29,1799,0,plain,file
94,103,0.017973934548946652,5,31,18,0,plain,file
91,99,0.01792642125355159,5,58,40,0,plain,file
52,55,0.017907104692530987,26,316,356,0,plain,file
68,104,0.017796998046003813,8,305,37,0,plain,file
88,112,0.017793830067717953,4,96,19,0,plain,file
79,113,0.01779004617839105,8,183,27,0,plain,file
68,99,0.01775047170656723,9,305,40,0,plain,file
79,103,0.017745177689115783,7,183,18,0,plain,file
55,56,0.017735061846829357,24,356,383,1,plain,file
55,71,0.01772106324161333,23,356,231,0,plain,file
79,109,0.017708731259972153,7,183,31,0,plain,file
72,94,0.017705661297540316,7,290,31,0,plain,file
87,105,0.01769379508625166,6,76,27,0,plain,file
50,107,0.01768721896021268,8,377,29,0,plain,file
81,103,0.017686059770970767,6,108,18,0,plain,file
56,108,0.017681119135276042,6,383,14,0,plain,file
106,108,0.017678819580161508,4,21,14,0,plain,file
99,112,0.01759663662833123,4,40,19,0,plain,file
85,94,0.01756263845599913,7,113,31,0,plain,file
87,90,0.01755825709405755,10,76,86,0,plain,file
55,76,0.01753504021883755,27,356,247,0,plain,file
61,94,0.017525158528888096,6,230,31,0,plain,file
84,114,0.017496569705470057,6,112,24,0,plain,file
97,105,0.017488589406332036,6,34,27,0,plain,file
95,99,0.017485174251057195,5,38,40,0,plain,file
54,100,0.017465766373553633,9,346,44,0,plain,file
47,55,0.017455945645928256,27,546,356,0,plain,file
79,106,0.01745000987522498,5,183,21,0,plain,file
70,111,0.01744386756129277,8,221,27,0,plain,file
84,105,0.017432778402618476,8,112,27,0,plain,file
1,113,0.017422947186653763,4,29,27,0,plain,file
103,106,0.017364074624053497,4,18,21,0,plain,file
54,107,0.017352962778665843,7,346,29,0,plain,file
77,97,0.017346280986394482,11,185,34,0,plain,file
1,87,0.017315591041028113,5,29,76,0,plain,file
90,114,0.017283800580288798,6,86,24,0,plain,file
90,111,0.01722389020491165,8,86,27,0,plain,file
105,113,0.017199409715969775,6,27,27,0,plain,file
87,95,0.01717715707330202,6,76,38,0,plain,file
76,111,0.017131833443476338,7,247,27,0,plain,file
99,101,0.017127737278372964,6,40,40,0,plain,file
74,108,0.017105682236323028,6,260,14,0,plain,file
1,111,0.01708385483994551,4,29,27,0,plain,file
76,107,0.016987023490301786,6,247,29,0,plain,file
49,55,0.016953874724443367,18,357,356,0,plain,file
105,111,0.01686466794466644,6,27,27,0,plain,file
55,58,0.016830862867421643,26,356,479,0,plain,file
87,111,0.01677881502616114,7,76,27,0,plain,file
48,55,0.016775359563151602,27,564,356,0,plain,file
21,94,0.016763186334943312,10,1178,31,0,plain,file
78,94,0.016734257307676442,8,178,31,0,plain,file
84,97,0.016712576863069498,9,112,34,0,plain,file
55,85,0.016702058738172973,22,356,113,0,plain,file
42,102,0.016693975308058003,6,864,32,0,plain,file
55,60,0.016684515209785502,21,356,356,0,plain,file
71,100,0.016671161862498056,9,231,44,0,plain,file
87,102,0.016666181844488405,5,76,32,0,plain,file
32,94,0.016597655359790252,7,376,31,0,plain,file
101,112,0.016560549879931635,4,40,19,0,plain,file
84,104,0.01655513957609099,9,112,37,0,plain,file
73,102,0.016516018911629852,5,204,32,0,plain,file
93,112,0.01649026319909096,4,44,19,0,plain,file
79,112,0.01648754951698481,5,183,19,0,plain,file
107,108,0.016395092077200916,4,29,14,1,plain,file
75,98,0.01634560783403881,7,168,98,0,plain,file
64,102,0.01632889820474242,5,246,32,0,plain,file
90,92,0.016327352731886673,7,86,75,0,plain,file
104,108,0.01631658235877773,4,37,14,0,plain,file
56,94,0.01630669471506159,8,383,31,0,plain,file
44,94,0.01628859259811031,6,350,31,0,plain,file
77,96,0.016246956961089742,12,185,76,0,plain,file
83,108,0.01620256773799025,5,173,14,0,plain,file
94,106,0.016179671875082645,5,31,21,0,plain,file
90,109,0.01616312578425666,6,86,31,0,plain,file
73,107,0.016145146710398562,6,204,29,0,plain,file
70,105,0.016133566627059327,6,221,27,0,plain,file
93,114,0.016102040265574782,5,44,24,0,plain,file
91,108,0.016063706270745687,4,58,14,0,plain,file
1,79,0.01603138583592672,5,29,183,0,plain,file
103,104,0.016026090000107514,4,18,37,1,plain,file
95,105,0.016008423003145936,5,38,27,0,plain,file
1,102,0.015974259007730418,4,29,32,0,plain,file
88,108,0.015929646961627266,5,96,14,0,plain,file
88,90,0.015916979683729866,9,96,86,0,plain,file
1,94,0.015905237856371227,4,29,31,0,plain,file
79,107,0.015860616498547236,6,183,29,0,plain,file
102,107,0.015840029666157836,5,32,29,0,plain,file
85,113,0.01583351254483625,7,113,27,0,plain,file
91,103,0.0157777159928206,4,58,18,0,plain,file
100,102,0.015774851202900134,5,44,32,0,plain,file
101,105,0.015729315581206924,6,40,27,0,plain,file
105,108,0.01572084132563172,4,27,14,0,plain,file
25,108,0.015680039677101864,5,900,14,0,plain,file
86,93,0.01567114752389035,7,65,44,0,plain,file
108,109,0.01564608520908689,4,14,31,1,plain,file
81,114,0.015616482379232199,5,108,24,0,plain,file
20,108,0.015514274798960398,7,1357,14,0,plain,file
77,85,0.015455071442786326,12,185,113,0,plain,file
92,108,0.01545396634093565,5,75,14,0,plain,file
103,105,0.015440955245535652,4,18,27,0,plain,file
68,106,0.01539677370190702,5,305,21,0,plain,file
55,65,0.01539020262892386,22,356,293,0,plain,file
63,94,0.01537822335832849,5,185,31,0,plain,file
103,109,0.015367530049899542,4,18,31,0,plain,file
88,113,0.015357056865375453,6,96,27,0,plain,file
91,95,0.015251443784284714,4,58,38,0,plain,file
76,94,0.015235604092091966,6,247,31,0,plain,file
70,93,0.015222848443011411,9,221,44,0,plain,file
91,107,0.015209794294329233,5,58,29,0,plain,file
82,114,0.015164463476466966,6,85,24,0,plain,file
70,112,0.015158825312250412,5,221,19,0,plain,file
71,93,0.015060542350658677,8,231,44,0,plain,file
78,112,0.015055552099905199,5,178,19,0,plain,file
95,113,0.015033118287367794,5,38,27,0,plain,file
55,78,0.014988207618369198,24,356,178,0,plain,file
92,94,0.014969747558704708,6,75,31,0,plain,file
100,105,0.014964641057207934,5,44,27,0,plain,file
70,109,0.014920841991489431,6,221,31,0,plain,file
78,95,0.014919238113548318,7,178,38,0,plain,file
93,111,0.014899700685058892,7,44,27,0,plain,file
1,100,0.014892288934889971,4,29,44,0,plain,file
56,103,0.014865580825335577,6,383,18,0,plain,file
1,97,0.014832571278621549,4,29,34,0,plain,file
108,113,0.01476305737165478,4,14,27,0,plain,file
95,111,0.01474053774380102,5,38,27,0,plain,file
77,98,0.014710587668049802,10,185,98,0,plain,file
81,111,0.014690506981687522,6,108,27,0,plain,file
85,109,0.01459602107569553,5,113,31,0,plain,file
103,113,0.014500223203152047,4,18,27,0,plain,file
93,106,0.014482426591719682,5,44,21,0,plain,file
108,111,0.014475732861334405,4,14,27,0,plain,file
88,104,0.014436028359834475,6,96,37,0,plain,file
81,95,0.014412282118914037,6,108,38,0,plain,file
55,61,0.014385019553260409,17,356,230,0,plain,file
1,77,0.014264640681357323,6,29,185,0,plain,file
55,62,0.014235204923997918,18,356,181,0,plain,file
103,111,0.014218014076241717,4,18,27,0,plain,file
77,94,0.014203495495825516,8,185,31,0,plain,file
1,99,0.01417510880588509,4,29,40,0,plain,file
55,64,0.014166040017917214,23,356,246,0,plain,file
55,72,0.014141525399137536,23,356,290,0,plain,file
98,102,0.0141382318164795,5,98,32,0,plain,file
95,106,0.013990194126425139,4,38,21,0,plain,file
93,100,0.01394952522022505,6,44,44,0,plain,file
80,110,0.013946358168337279,6,137,23,0,plain,file
72,102,0.013911372124392841,7,290,32,0,plain,file
99,105,0.01390772896082369,5,40,27,0,plain,file
94,104,0.013887402214621666,5,31,37,0,plain,file
97,102,0.013845176719556228,5,34,32,0,plain,file
1,75,0.013836131305121516,6,29,168,0,plain,file
37,99,0.013822534791995283,10,869,40,0,plain,file
37,94,0.013804508544194481,8,869,31,0,plain,file
86,105,0.01378758014580568,5,65,27,0,plain,file
85,102,0.013780354232216553,5,113,32,0,plain,file
86,107,0.013754703875442876,6,65,29,0,plain,file
67,102,0.013695194914848142,6,337,32,0,plain,file
84,106,0.01362634220847762,5,112,21,0,plain,file
55,73,0.013566727936280196,23,356,204,0,plain,file
56,99,0.013546867945462445,8,383,40,0,plain,file
102,108,0.013535534469245577,4,32,14,0,plain,file
82,112,0.013513243197162059,4,85,19,0,plain,file
75,107,0.013497950820386621,6,168,29,0,plain,file
77,92,0.013462926951481536,9,185,75,0,plain,file
54,103,0.013424470339338343,7,346,18,0,plain,file
80,112,0.013423156957460908,5,137,19,0,plain,file
55,69,0.013419631961809208,24,356,264,0,plain,file
78,111,0.013414108074750386,8,178,27,0,plain,file
80,105,0.013392241628537943,6,137,27,0,plain,file
84,111,0.013353268811398472,8,112,27,0,plain,file
79,111,0.013344776041262933,7,183,27,0,plain,file
94,98,0.013342758866060518,5,31,98,0,plain,file
89,114,0.013338834638203453,5,143,24,0,plain,file
102,103,0.013294554511103921,4,32,18,1,plain,file
1,93,0.01328386100264462,4,29,44,0,plain,file
83,105,0.013267504687722564,7,173,27,0,plain,file
79,104,0.01320391144210871,7,183,37,0,plain,file
92,112,0.013196238554081259,4,75,19,0,plain,file
55,70,0.013089603804515152,23,356,221,0,plain,file
90,113,0.013045682938837413,7,86,27,0,plain,file
55,98,0.013028296086544738,13,356,98,0,plain,file
100,107,0.012989286409273436,5,44,29,0,plain,file
93,104,0.012942461241941998,6,44,37,0,plain,file
56,107,0.012938660844017427,7,383,29,0,plain,file
66,102,0.012923526661127262,5,258,32,0,plain,file
90,102,0.012915304063101155,5,86,32,0,plain,file
96,101,0.012908496676497105,6,76,40,0,plain,file
89,97,0.012894305041791504,7,143,34,0,plain,file
55,75,0.01283321953893537,19,356,168,0,plain,file
94,100,0.012828780532191468,5,31,44,0,plain,file
55,68,0.01281826986408815,24,356,305,0,plain,file
95,97,0.012798052829324863,5,38,34,0,plain,file
81,109,0.012774520485877735,5,108,31,0,plain,file
81,97,0.012754615042471447,6,108,34,0,plain,file
86,99,0.012680701329719187,6,65,40,0,plain,file
92,99,0.012676451393749313,5,75,40,0,plain,file
82,108,0.012524515536732644,5,85,14,0,plain,file
55,89,0.012518898305283837,20,356,143,0,plain,file
92,95,0.012387354595070874,5,75,38,0,plain,file
95,109,0.012381582854058118,4,38,31,0,plain,file
92,105,0.012345837462553473,5,75,27,0,plain,file
97,103,0.01234438651007482,4,34,18,0,plain,file
81,99,0.012241062369658134,6,108,40,0,plain,file
56,95,0.012231799758332084,8,383,38,0,plain,file
1,96,0.012226379340603506,4,29,76,0,plain,file
68,111,0.01221241592365237,7,305,27,0,plain,file
44,99,0.012192043241079885,7,350,40,0,plain,file
106,109,0.012161718650890219,4,21,31,0,plain,file
78,113,0.012110563707196022,7,178,27,0,plain,file
55,79,0.012094161661049655,22,356,183,0,plain,file
55,74,0.012063787755193126,23,356,260,0,plain,file
99,108,0.012011053142090266,4,40,14,0,plain,file
50,112,0.012006565117107265,5,377,19,0,plain,file
94,99,0.011922718484027534,5,31,40,0,plain,file
68,112,0.011919038571406637,5,305,19,0,plain,file
87,99,0.01186207225017957,6,76,40,0,plain,file
54,93,0.01183453715325441,9,346,44,0,plain,file
55,63,0.01178397597234741,19,356,185,0,plain,file
81,106,0.011733732056937413,5,108,21,0,plain,file
54,55,0.011713487088845065,21,346,356,1,plain,file
102,114,0.011697801371751918,4,32,24,0,plain,file
55,66,0.011627303462168082,22,356,258,0,plain,file
75,114,0.0116060919506527,5,168,24,0,plain,file
38,94,0.011514857056252246,7,739,31,0,plain,file
95,101,0.011510625991626474,5,38,40,0,plain,file
83,94,0.011475191900167771,6,173,31,0,plain,file
34,94,0.011467250372935226,7,888,31,0,plain,file
71,94,0.01144927070279511,6,231,31,0,plain,file
105,107,0.011332497757808651,4,27,29,0,plain,file
101,108,0.01130384452843924,4,40,14,0,plain,file
55,87,0.011263168679512787,15,356,76,0,plain,file
93,108,0.011255868481846378,4,44,14,0,plain,file
84,112,0.011115245747186883,4,112,19,0,plain,file
101,103,0.011102596473736091,4,40,18,0,plain,file
54,95,0.01107473448264082,7,346,38,0,plain,file
82,106,0.011073524470385352,5,85,21,0,plain,file
93,103,0.01105547456893763,4,44,18,0,plain,file
54,109,0.011024736709428634,7,346,31,0,plain,file
77,106,0.011022949335013075,6,185,21,0,plain,file
99,104,0.010960360455196395,5,40,37,0,plain,file
38,102,0.010926980836403307,8,739,32,0,plain,file
77,93,0.010893428077953944,8,185,44,0,plain,file
77,91,0.010890522544168202,8,185,58,0,plain,file
69,108,0.010889051566785034,6,264,14,0,plain,file
90,106,0.010852902025490472,5,86,21,0,plain,file
76,102,0.010844468726709855,5,247,32,0,plain,file
96,111,0.010835679000096125,6,76,27,0,plain,file
105,109,0.010814774611545319,4,27,31,0,plain,file
55,96,0.010766938153280892,14,356,76,0,plain,file
80,107,0.010709032483840277,5,137,29,0,plain,file
94,95,0.01066510983968263,4,31,38,1,plain,file
107,113,0.010642071317767433,4,29,27,0,plain,file
1,92,0.010630333584961751,4,29,75,0,plain,file
1,80,0.010623325715089595,5,29,137,0,plain,file
50,108,0.010587732151653718,6,377,14,0,plain,file
102,106,0.01052118531917406,4,32,21,0,plain,file
55,84,0.010499354931348228,21,356,112,0,plain,file
75,106,0.010438700432977488,5,168,21,0,plain,file
107,111,0.010434951081545706,4,29,27,0,plain,file
75,113,0.010432258142144832,6,168,27,0,plain,file
82,94,0.01039750334575782,6,85,31,0,plain,file
84,108,0.010301973110680044,5,112,14,0,plain,file
88,93,0.010272005125120283,5,96,44,0,plain,file
99,111,0.010239072577897478,5,40,27,0,plain,file
90,94,0.010109555156146468,5,86,31,0,plain,file
98,99,0.010071707731155843,5,98,40,1,plain,file
75,108,0.00997185640669396,5,168,14,0,plain,file
77,114,0.009900456377014187,6,185,24,0,plain,file
100,106,0.00980856336652851,4,44,21,0,plain,file
70,94,0.009778691504273311,6,221,31,0,plain,file
55,80,0.009758039392911224,15,356,137,0,plain,file
55,88,0.009703488689306653,13,356,96,0,plain,file
85,99,0.009574973814866397,6,113,40,0,plain,file
91,102,0.009559983901693835,4,58,32,0,plain,file
91,94,0.009518677378771497,4,58,31,0,plain,file
77,110,0.009376706435944761,6,185,23,0,plain,file
102,105,0.00935593489205065,4,32,27,0,plain,file
99,106,0.00933620436440904,4,40,21,0,plain,file
79,108,0.00931681264547678,5,183,14,0,plain,file
102,109,0.009311445329139304,4,32,31,0,plain,file
94,109,0.009271212685038296,4,31,31,0,plain,file
84,94,0.009139983644741622,6,112,31,0,plain,file
97,107,0.009059849615676633,4,34,29,0,plain,file
69,94,0.008947357850563484,6,264,31,0,plain,file
93,95,0.008907369884539678,4,44,38,0,plain,file
97,99,0.008889783673620116,5,34,40,0,plain,file
92,109,0.008848355509859962,5,75,31,0,plain,file
102,113,0.008785929500580356,4,32,27,0,plain,file
94,113,0.008747967491225353,4,31,27,0,plain,file
99,107,0.008658266436398174,4,40,29,0,plain,file
82,105,0.008657105649015315,5,85,27,0,plain,file
89,108,0.00861959288895394,5,143,14,0,plain,file
102,111,0.008614934236665005,4,32,27,0,plain,file
81,107,0.0086101441725023,5,108,29,0,plain,file
94,111,0.008577711059075949,4,31,27,0,plain,file
69,103,0.00856534612760636,5,264,18,0,plain,file
75,112,0.008515030579638878,4,168,19,0,plain,file
83,112,0.008510391676291166,4,173,19,0,plain,file
55,83,0.008481916737191477,16,356,173,0,plain,file
55,91,0.008449556129605575,9,356,58,0,plain,file
90,108,0.008434970277365615,4,86,14,0,plain,file
55,92,0.008427888822750685,11,356,75,0,plain,file
75,101,0.008372844494031745,6,168,40,0,plain,file
77,111,0.008342337533397377,8,185,27,0,plain,file
77,108,0.008291811499184806,6,185,14,0,plain,file
55,90,0.008260738635392416,14,356,86,0,plain,file
55,114,0.00822240154312948,6,356,24,0,plain,file
101,107,0.008148469291162934,4,40,29,0,plain,file
51,102,0.008133932833772116,6,364,32,0,plain,file
86,94,0.008093751174894817,5,65,31,0,plain,file
94,102,0.008020588996738973,4,31,32,0,plain,file
36,102,0.007850551137018682,6,734,32,0,plain,file
80,94,0.0075690710159912475,5,137,31,0,plain,file
56,112,0.007516820127532374,5,383,19,0,plain,file
77,113,0.007493654475549209,7,185,27,0,plain,file
94,97,0.007447353766649668,4,31,34,0,plain,file
75,97,0.007421031963837435,5,168,34,0,plain,file
84,102,0.0073301459525166954,5,112,32,0,plain,file
55,101,0.007262502409989349,8,356,40,0,plain,file
55,104,0.007182794091144102,9,356,37,0,plain,file
55,109,0.00691852662518353,8,356,31,0,plain,file
81,94,0.0067815102192438385,5,108,31,0,plain,file
101,102,0.006727250230909049,4,40,32,1,plain,file
55,81,0.006721637552714798,15,356,108,0,plain,file
93,102,0.006698698275005202,4,44,32,0,plain,file
94,101,0.006698183307917879,4,31,40,0,plain,file
55,106,0.00663494022543136,6,356,21,0,plain,file
55,97,0.0065883103468826806,8,356,34,0,plain,file
55,113,0.006509544583486041,8,356,27,0,plain,file
55,107,0.006506180582720162,8,356,29,0,plain,file
80,108,0.006466824608814495,4,137,14,0,plain,file
54,99,0.006435813411827803,8,346,40,0,plain,file
54,112,0.00638255762847386,5,346,19,0,plain,file
81,105,0.0061475923172295485,4,108,27,0,plain,file
75,111,0.006123324239792202,5,168,27,0,plain,file
86,102,0.005986603317205053,4,65,32,0,plain,file
77,95,0.0059724139130427085,6,185,38,0,plain,file
55,111,0.005755556803854446,7,356,27,0,plain,file
77,112,0.005545856876029556,4,185,19,0,plain,file
55,105,0.005400365574253155,7,356,27,0,plain,file
92,102,0.005360594877809728,4,75,32,0,plain,file
77,107,0.005287718030540219,5,185,29,0,plain,file
55,93,0.00513498148773001,7,356,44,0,plain,file
77,103,0.005048569977516264,5,185,18,0,plain,file
55,100,0.005017967444289822,8,356,44,0,plain,file
50,102,0.004973114538743172,5,377,32,0,plain,file
89,106,0.004934306183928754,4,143,21,0,plain,file
55,103,0.004835995460962772,7,356,18,0,plain,file
55,110,0.004657926308106252,6,356,23,0,plain,file
55,82,0.004535991764543144,11,356,85,0,plain,file
1,55,0.004469964372907291,7,29,356,0,plain,file
55,95,0.004255959359240998,7,356,38,0,plain,file
55,112,0.0037917601383376824,6,356,19,0,plain,file
54,94,0.003213635962256877,5,346,31,0,plain,file
54,102,0.0030540038115660986,5,346,32,0,plain,file
55,99,0.002964709478217584,7,356,40,0,plain,file
55,94,0.002482150856288694,7,356,31,0,plain,file
55,108,0.0023157000132604183,6,356,14,0,plain,file
55,102,0.0019406436912492641,6,356,32,0,plain,file
