verse_id,surah_id,ayah_id,tokens,types,letters,entropy_bits,first_word,last_word,first_last_word_equal,token_palindrome,profile_id,scope
1:1,1,1,4,4,19,2.0,بسم,الرحيم,0,0,plain,file
1:2,1,2,4,4,18,2.0,الحمد,العالمين,0,0,plain,file
1:3,1,3,2,2,12,1.0,الرحمن,الرحيم,0,0,plain,file
1:4,1,4,3,3,12,1.584962500721156,مالك,الدين,0,0,plain,file
1:5,1,5,4,4,19,2.0,إياك,نستعين,0,0,plain,file
1:6,1,6,3,3,19,1.584962500721156,اهدنا,المستقيم,0,0,plain,file
1:7,1,7,9,8,44,2.94770277922009,صراط,الضالين,0,0,plain,file
2:1,2,1,5,5,22,2.321928094887362,بسم,الم,0,0,plain,file
2:2,2,2,7,7,27,2.8073549220576037,ذلك,للمتقين,0,0,plain,file
2:3,2,3,8,8,47,3.0,الذين,ينفقون,0,0,plain,file
2:4,2,4,12,11,52,3.4182958340544896,والذين,يوقنون,0,0,plain,file
2:5,2,5,8,8,33,3.0,أولئك,المفلحون,0,0,plain,file
2:6,2,6,11,11,47,3.4594316186372973,إن,يؤمنون,0,0,plain,file
2:7,2,7,12,11,53,3.4182958340544896,ختم,عظيم,0,0,plain,file
2:8,2,8,11,11,47,3.4594316186372973,ومن,بمؤمنين,0,0,plain,file
2:9,2,9,10,9,49,3.1219280948873624,يخادعون,يشعرون,0,0,plain,file
2:10,2,10,12,12,51,3.584962500721156,في,يكذبون,0,0,plain,file
2:11,2,11,11,11,43,3.4594316186372973,وإذا,مصلحون,0,0,plain,file
2:12,2,12,7,7,29,2.8073549220576037,ألا,يشعرون,0,0,plain,file
2:13,2,13,19,16,77,3.9321380397593746,وإذا,يعلمون,0,0,plain,file
2:14,2,14,16,14,73,3.75,وإذا,مستهزئون,0,0,plain,file
2:15,2,15,7,7,34,2.8073549220576037,الله,يعمهون,0,0,plain,file
2:16,2,16,11,11,57,3.4594316186372973,أولئك,مهتدين,0,0,plain,file
2:17,2,17,17,17,72,4.087462841250339,مثلهم,يبصرون,0,0,plain,file
2:18,2,18,6,6,19,2.584962500721156,صم,يرجعون,0,0,plain,file
2:19,2,19,19,18,86,4.142664355548848,أو,بالكافرين,0,0,plain,file
2:20,2,20,25,24,102,4.563856189774725,يكاد,قدير,0,0,plain,file
2:21,2,21,12,12,53,3.584962500721156,يا,تتقون,0,0,plain,file
2:22,2,22,23,21,99,4.349648912578752,الذي,تعلمون,0,0,plain,file
2:23,2,23,20,18,78,4.1219280948873624,وإن,صادقين,0,0,plain,file
2:24,2,24,13,12,66,3.546593564294939,فإن,للكافرين,0,0,plain,file
2:25,2,25,34,31,145,4.888789679422002,وبشر,خالدون,0,0,plain,file
2:26,2,26,39,32,155,4.907071770088826,إن,الفاسقين,0,0,plain,file
2:27,2,27,20,19,82,4.221928094887363,الذين,الخاسرون,0,0,plain,file
2:28,2,28,13,11,60,3.334679141051595,كيف,ترجعون,0,0,plain,file
2:29,2,29,19,19,70,4.247927513443585,هو,عليم,0,0,plain,file
2:30,2,30,28,25,111,4.59306920777189,وإذ,تعلمون,0,0,plain,file
2:31,2,31,15,15,70,3.906890595608519,وعلم,صادقين,0,0,plain,file
2:32,2,32,12,12,48,3.584962500721156,قالوا,الحكيم,0,0,plain,file
2:33,2,33,23,21,101,4.349648912578752,قال,تكتمون,0,0,plain,file
2:34,2,34,13,13,63,3.7004397181410926,وإذ,الكافرين,0,0,plain,file
2:35,2,35,19,19,80,4.247927513443585,وقلنا,الظالمين,0,0,plain,file
2:36,2,36,19,19,86,4.247927513443585,فأزلهما,حين,0,0,plain,file
2:37,2,37,11,11,43,3.4594316186372973,فتلقى,الرحيم,0,0,plain,file
2:38,2,38,17,17,68,4.087462841250339,قلنا,يحزنون,0,0,plain,file
2:39,2,39,10,10,51,3.3219280948873626,والذين,خالدون,0,0,plain,file
2:40,2,40,14,14,69,3.807354922057604,يا,فارهبون,0,0,plain,file
2:41,2,41,18,17,79,4.058813890331201,وآمنوا,فاتقون,0,0,plain,file
2:42,2,42,8,7,42,2.75,ولا,تعلمون,0,0,plain,file
2:43,2,43,7,7,41,2.8073549220576037,وأقيموا,الراكعين,0,0,plain,file
2:44,2,44,10,10,55,3.3219280948873626,أتأمرون,تعقلون,0,0,plain,file
2:45,2,45,8,8,47,3.0,واستعينوا,الخاشعين,0,0,plain,file
2:46,2,46,8,8,38,3.0,الذين,راجعون,0,0,plain,file
2:47,2,47,12,12,58,3.584962500721156,يا,العالمين,0,0,plain,file
2:48,2,48,19,15,69,3.787143960698139,واتقوا,ينصرون,0,0,plain,file
2:49,2,49,18,17,84,4.058813890331201,وإذ,عظيم,0,0,plain,file
2:50,2,50,10,10,50,3.3219280948873626,وإذ,تنظرون,0,0,plain,file
2:51,2,51,12,12,53,3.584962500721156,وإذ,ظالمون,0,0,plain,file
2:52,2,52,8,8,30,3.0,ثم,تشكرون,0,0,plain,file
2:53,2,53,7,7,37,2.8073549220576037,وإذ,تهتدون,0,0,plain,file
2:54,2,54,27,25,121,4.60673935401532,وإذ,الرحيم,0,0,plain,file
2:55,2,55,15,15,60,3.906890595608519,وإذ,تنظرون,0,0,plain,file
2:56,2,56,7,7,30,2.8073549220576037,ثم,تشكرون,0,0,plain,file
2:57,2,57,18,17,90,4.058813890331201,وظللنا,يظلمون,0,0,plain,file
2:58,2,58,20,20,95,4.321928094887363,وإذ,المحسنين,0,0,plain,file
2:59,2,59,18,16,77,3.94770277922009,فبدل,يفسقون,0,0,plain,file
2:60,2,60,28,28,118,4.807354922057605,وإذ,مفسدين,0,0,plain,file
2:61,2,61,60,55,257,5.740223928941852,وإذ,يعتدون,0,0,plain,file
2:62,2,62,24,23,108,4.501629167387822,إن,يحزنون,0,0,plain,file
2:63,2,63,15,14,70,3.773557262275186,وإذ,تتقون,0,0,plain,file
2:64,2,64,13,12,54,3.546593564294939,ثم,الخاسرين,0,0,plain,file
2:65,2,65,12,12,54,3.584962500721156,ولقد,خاسئين,0,0,plain,file
2:66,2,66,9,9,45,3.169925001442312,فجعلناها,للمتقين,0,0,plain,file
2:67,2,67,20,18,83,4.1219280948873624,وإذ,الجاهلين,0,0,plain,file
2:68,2,68,23,21,80,4.349648912578752,قالوا,تؤمرون,0,0,plain,file
2:69,2,69,18,16,71,3.94770277922009,قالوا,الناظرين,0,0,plain,file
2:70,2,70,17,15,62,3.85216872360328,قالوا,لمهتدون,0,0,plain,file
2:71,2,71,24,23,97,4.501629167387822,قال,يفعلون,0,0,plain,file
2:72,2,72,10,10,45,3.3219280948873626,وإذ,تكتمون,0,0,plain,file
2:73,2,73,11,11,57,3.4594316186372973,فقلنا,تعقلون,0,0,plain,file
2:74,2,74,37,28,141,4.661759784372453,ثم,تعملون,0,0,plain,file
2:75,2,75,19,19,77,4.247927513443585,أفتطمعون,يعلمون,0,0,plain,file
2:76,2,76,23,21,101,4.349648912578752,وإذا,تعقلون,0,0,plain,file
2:77,2,77,9,9,36,3.169925001442312,أولا,يعلنون,0,0,plain,file
2:78,2,78,11,10,45,3.2776134368191157,ومنهم,يظنون,0,0,plain,file
2:79,2,79,24,21,102,4.334962500721156,فويل,يكسبون,0,0,plain,file
2:80,2,80,23,21,91,4.316827716832514,وقالوا,تعلمون,0,0,plain,file
2:81,2,81,13,13,54,3.7004397181410926,بلى,خالدون,0,0,plain,file
2:82,2,82,10,10,52,3.3219280948873626,والذين,خالدون,0,0,plain,file
2:83,2,83,29,28,150,4.789015477886192,وإذ,معرضون,0,0,plain,file
2:84,2,84,15,15,71,3.906890595608519,وإذ,تشهدون,0,0,plain,file
2:85,2,85,49,46,231,5.492260864523371,ثم,تعملون,0,0,plain,file
2:86,2,86,13,13,63,3.7004397181410926,أولئك,ينصرون,0,0,plain,file
2:87,2,87,28,28,138,4.807354922057605,ولقد,تقتلون,0,0,plain,file
2:88,2,88,10,10,46,3.3219280948873626,وقالوا,يؤمنون,0,0,plain,file
2:89,2,89,26,21,108,4.315824333525708,ولما,الكافرين,0,0,plain,file
2:90,2,90,27,22,107,4.356558335416673,بئسما,مهين,0,0,plain,file
2:91,2,91,30,26,119,4.6150610122030695,وإذا,مؤمنين,0,0,plain,file
2:92,2,92,11,11,51,3.4594316186372973,ولقد,ظالمون,0,0,plain,file
2:93,2,93,27,27,131,4.754887502163468,وإذ,مؤمنين,0,0,plain,file
2:94,2,94,17,16,67,3.9698157824268097,قل,صادقين,0,0,plain,file
2:95,2,95,9,9,44,3.169925001442312,ولن,بالظالمين,0,0,plain,file
2:96,2,96,25,24,102,4.563856189774725,ولتجدنهم,يعملون,0,0,plain,file
2:97,2,97,18,18,72,4.169925001442312,قل,للمؤمنين,0,0,plain,file
2:98,2,98,12,12,55,3.584962500721156,من,للكافرين,0,0,plain,file
2:99,2,99,10,10,44,3.3219280948873626,ولقد,الفاسقون,0,0,plain,file
2:100,2,100,10,10,44,3.3219280948873626,أوكلما,يؤمنون,0,0,plain,file
2:101,2,101,22,20,89,4.277613436819116,ولما,يعلمون,0,0,plain,file
2:102,2,102,74,58,308,5.680812615915927,واتبعوا,يعلمون,0,0,plain,file
2:103,2,103,12,12,49,3.584962500721156,ولو,يعلمون,0,0,plain,file
2:104,2,104,13,13,65,3.7004397181410926,يا,أليم,0,0,plain,file
2:105,2,105,25,21,98,4.243856189774725,ما,العظيم,0,0,plain,file
2:106,2,106,19,18,61,4.142664355548848,ما,قدير,0,0,plain,file
2:107,2,107,17,15,59,3.85216872360328,ألم,نصير,0,0,plain,file
2:108,2,108,18,18,73,4.169925001442312,أم,السبيل,0,0,plain,file
2:109,2,109,33,28,123,4.68075775572209,ود,قدير,0,0,plain,file
2:110,2,110,17,16,76,3.9698157824268097,وأقيموا,بصير,0,0,plain,file
2:111,2,111,18,18,72,4.169925001442312,وقالوا,صادقين,0,0,plain,file
2:112,2,112,17,16,58,3.9698157824268097,بلى,يحزنون,0,0,plain,file
2:113,2,113,31,25,141,4.567099536193326,وقالت,يختلفون,0,0,plain,file
2:114,2,114,30,26,113,4.6150610122030695,ومن,عظيم,0,0,plain,file
2:115,2,115,12,11,52,3.4182958340544896,ولله,عليم,0,0,plain,file
2:116,2,116,14,13,56,3.6644977792004614,وقالوا,قانتون,0,0,plain,file
2:117,2,117,11,11,47,3.4594316186372973,بديع,فيكون,0,0,plain,file
2:118,2,118,24,23,103,4.501629167387822,وقال,يوقنون,0,0,plain,file
2:119,2,119,10,10,46,3.3219280948873626,إنا,الجحيم,0,0,plain,file
2:120,2,120,31,27,112,4.671780584510634,ولن,نصير,0,0,plain,file
2:121,2,121,15,14,70,3.773557262275186,الذين,الخاسرون,0,0,plain,file
2:122,2,122,12,12,58,3.584962500721156,يا,العالمين,0,0,plain,file
2:123,2,123,18,15,67,3.794653473544342,واتقوا,ينصرون,0,0,plain,file
2:124,2,124,19,17,83,3.997670276487613,وإذ,الظالمين,0,0,plain,file
2:125,2,125,22,21,115,4.3685225277282065,وإذ,السجود,0,0,plain,file
2:126,2,126,30,28,122,4.773557262275186,وإذ,المصير,0,0,plain,file
2:127,2,127,14,14,65,3.807354922057604,وإذ,العليم,0,0,plain,file
2:128,2,128,17,16,76,3.9698157824268097,ربنا,الرحيم,0,0,plain,file
2:129,2,129,16,16,81,4.0,ربنا,الحكيم,0,0,plain,file
2:130,2,130,18,17,74,4.058813890331201,ومن,الصالحين,0,0,plain,file
2:131,2,131,9,8,33,2.94770277922009,إذ,العالمين,0,0,plain,file
2:132,2,132,17,17,70,4.087462841250339,ووصى,مسلمون,0,0,plain,file
2:133,2,133,27,26,114,4.680813428089394,أم,مسلمون,0,0,plain,file
2:134,2,134,15,14,54,3.773557262275186,تلك,يعملون,0,0,plain,file
2:135,2,135,15,15,63,3.906890595608519,وقالوا,المشركين,0,0,plain,file
2:136,2,136,31,26,135,4.567099536193326,قولوا,مسلمون,0,0,plain,file
2:137,2,137,19,19,79,4.247927513443585,فإن,العليم,0,0,plain,file
2:138,2,138,10,8,37,2.9219280948873623,صبغة,عابدون,0,0,plain,file
2:139,2,139,14,14,63,3.807354922057604,قل,مخلصون,0,0,plain,file
2:140,2,140,30,27,127,4.681727678869737,أم,تعملون,0,0,plain,file
2:141,2,141,15,14,54,3.773557262275186,تلك,يعملون,0,0,plain,file
2:142,2,142,21,20,89,4.297079327540665,سيقول,مستقيم,0,0,plain,file
2:143,2,143,45,38,196,5.147191429566854,وكذلك,رحيم,0,0,plain,file
2:144,2,144,34,33,146,5.028639311838575,قد,يعملون,0,0,plain,file
2:145,2,145,32,27,130,4.6875,ولئن,الظالمين,0,0,plain,file
2:146,2,146,14,14,73,3.807354922057604,الذين,يعلمون,0,0,plain,file
2:147,2,147,7,6,27,2.521640636343318,الحق,الممترين,0,0,plain,file
2:148,2,148,19,18,75,4.142664355548848,ولكل,قدير,0,0,plain,file
2:149,2,149,17,17,66,4.087462841250339,ومن,تعملون,0,0,plain,file
2:150,2,150,31,30,138,4.889680181354616,ومن,تهتدون,0,0,plain,file
2:151,2,151,17,16,87,3.9698157824268097,كما,تعلمون,0,0,plain,file
2:152,2,152,6,6,32,2.584962500721156,فاذكروني,تكفرون,0,0,plain,file
2:153,2,153,11,11,53,3.4594316186372973,يا,الصابرين,0,0,plain,file
2:154,2,154,13,13,50,3.7004397181410926,ولا,تشعرون,0,0,plain,file
2:155,2,155,12,11,66,3.4182958340544896,ولنبلونكم,الصابرين,0,0,plain,file
2:156,2,156,10,10,45,3.3219280948873626,الذين,راجعون,0,0,plain,file
2:157,2,157,9,9,42,3.169925001442312,أولئك,المهتدون,0,0,plain,file
2:158,2,158,24,23,89,4.501629167387822,إن,عليم,0,0,plain,file
2:159,2,159,20,18,91,4.1219280948873624,إن,اللاعنون,0,0,plain,file
2:160,2,160,11,11,57,3.4594316186372973,إلا,الرحيم,0,0,plain,file
2:161,2,161,13,13,64,3.7004397181410926,إن,أجمعين,0,0,plain,file
2:162,2,162,9,9,37,3.169925001442312,خالدين,ينظرون,0,0,plain,file
2:163,2,163,9,8,35,2.94770277922009,وإلهكم,الرحيم,0,0,plain,file
2:164,2,164,43,38,187,5.176151091861087,إن,يعقلون,0,0,plain,file
2:165,2,165,31,26,123,4.607264455478376,ومن,العذاب,0,0,plain,file
2:166,2,166,12,10,57,3.2516291673878226,إذ,الأسباب,0,0,plain,file
2:167,2,167,23,23,96,4.523561956057013,وقال,النار,0,0,plain,file
2:168,2,168,17,17,68,4.087462841250339,يا,مبين,0,0,plain,file
2:169,2,169,11,11,50,3.4594316186372973,إنما,تعلمون,0,0,plain,file
2:170,2,170,22,21,89,4.3685225277282065,وإذا,يهتدون,0,0,plain,file
2:171,2,171,18,17,66,4.058813890331201,ومثل,يعقلون,0,0,plain,file
2:172,2,172,15,15,62,3.906890595608519,يا,تعبدون,0,0,plain,file
2:173,2,173,25,24,93,4.563856189774725,إنما,رحيم,0,0,plain,file
2:174,2,174,29,26,122,4.651084443403434,إن,أليم,0,0,plain,file
2:175,2,175,11,11,61,3.4594316186372973,أولئك,النار,0,0,plain,file
2:176,2,176,14,13,58,3.6644977792004614,ذلك,بعيد,0,0,plain,file
2:177,2,177,51,49,266,5.593993969422475,ليس,المتقون,0,0,plain,file
2:178,2,178,38,35,163,5.09003277660148,يا,أليم,0,0,plain,file
2:179,2,179,9,9,39,3.169925001442312,ولكم,تتقون,0,0,plain,file
2:180,2,180,16,16,77,4.0,كتب,المتقين,0,0,plain,file
2:181,2,181,14,14,54,3.807354922057604,فمن,عليم,0,0,plain,file
2:182,2,182,16,16,55,4.0,فمن,رحيم,0,0,plain,file
2:183,2,183,15,13,61,3.640223928941852,يا,تتقون,0,0,plain,file
2:184,2,184,32,30,123,4.875,أياما,تعلمون,0,0,plain,file
2:185,2,185,44,39,185,5.23215889136457,شهر,تشكرون,0,0,plain,file
2:186,2,186,17,17,77,4.087462841250339,وإذا,يرشدون,0,0,plain,file
2:187,2,187,65,53,286,5.591598582259223,أحل,يتقون,0,0,plain,file
2:188,2,188,17,17,87,4.087462841250339,ولا,تعلمون,0,0,plain,file
2:189,2,189,27,23,120,4.430632409490747,يسألونك,تفلحون,0,0,plain,file
2:190,2,190,13,12,59,3.546593564294939,وقاتلوا,المعتدين,0,0,plain,file
2:191,2,191,25,23,130,4.483856189774725,واقتلوهم,الكافرين,0,0,plain,file
2:192,2,192,6,5,24,2.2516291673878226,فإن,رحيم,0,0,plain,file
2:193,2,193,15,15,65,3.906890595608519,وقاتلوهم,الظالمين,0,0,plain,file
2:194,2,194,22,18,107,4.095795255000934,الشهر,المتقين,0,0,plain,file
2:195,2,195,14,13,66,3.6644977792004614,وأنفقوا,المحسنين,0,0,plain,file
2:196,2,196,73,58,290,5.710104695747773,وأتموا,العقاب,0,0,plain,file
2:197,2,197,30,26,121,4.6150610122030695,الحج,الألباب,0,0,plain,file
2:198,2,198,26,24,110,4.517559429596343,ليس,الضالين,0,0,plain,file
2:199,2,199,12,11,49,3.4182958340544896,ثم,رحيم,0,0,plain,file
2:200,2,200,24,22,97,4.418295834054489,فإذا,خلاق,0,0,plain,file
2:201,2,201,14,13,57,3.6644977792004614,ومنهم,النار,0,0,plain,file
2:202,2,202,8,8,35,3.0,أولئك,الحساب,0,0,plain,file
2:203,2,203,25,20,103,4.243856189774725,واذكروا,تحشرون,0,0,plain,file
2:204,2,204,17,16,65,3.9698157824268097,ومن,الخصام,0,0,plain,file
2:205,2,205,14,14,59,3.807354922057604,وإذا,الفساد,0,0,plain,file
2:206,2,206,12,12,52,3.584962500721156,وإذا,المهاد,0,0,plain,file
2:207,2,207,11,11,49,3.4594316186372973,ومن,بالعباد,0,0,plain,file
2:208,2,208,16,16,67,4.0,يا,مبين,0,0,plain,file
2:209,2,209,12,12,49,3.584962500721156,فإن,حكيم,0,0,plain,file
2:210,2,210,17,16,72,3.9698157824268097,هل,الأمور,0,0,plain,file
2:211,2,211,20,18,74,4.1219280948873624,سل,العقاب,0,0,plain,file
2:212,2,212,20,19,93,4.221928094887363,زين,حساب,0,0,plain,file
2:213,2,213,49,41,214,5.2573674970881275,كان,مستقيم,0,0,plain,file
2:214,2,214,30,28,127,4.773557262275186,أم,قريب,0,0,plain,file
2:215,2,215,22,20,104,4.277613436819116,يسألونك,عليم,0,0,plain,file
2:216,2,216,25,18,93,4.023465189601647,كتب,تعلمون,0,0,plain,file
2:217,2,217,57,49,247,5.517100540480532,يسألونك,خالدون,0,0,plain,file
2:218,2,218,16,15,72,3.875,إن,رحيم,0,0,plain,file
2:219,2,219,26,25,123,4.623516641218015,يسألونك,تتفكرون,0,0,plain,file
2:220,2,220,26,25,118,4.623516641218015,في,حكيم,0,0,plain,file
2:221,2,221,39,32,182,4.926427859887889,ولا,يتذكرون,0,0,plain,file
2:222,2,222,27,25,122,4.60673935401532,ويسألونك,المتطهرين,0,0,plain,file
2:223,2,223,16,16,81,4.0,نساؤكم,المؤمنين,0,0,plain,file
2:224,2,224,14,14,66,3.807354922057604,ولا,عليم,0,0,plain,file
2:225,2,225,14,13,65,3.6644977792004614,لا,حليم,0,0,plain,file
2:226,2,226,13,12,54,3.546593564294939,للذين,رحيم,0,0,plain,file
2:227,2,227,7,7,29,2.8073549220576037,وإن,عليم,0,0,plain,file
2:228,2,228,40,37,177,5.171928094887362,والمطلقات,حكيم,0,0,plain,file
2:229,2,229,46,36,193,5.001822825622231,الطلاق,الظالمون,0,0,plain,file
2:230,2,230,30,24,114,4.506890595608519,فإن,يعلمون,0,0,plain,file
2:231,2,231,45,39,203,5.180741985218564,وإذا,عليم,0,0,plain,file
2:232,2,232,33,33,147,5.044394119358454,وإذا,تعلمون,0,0,plain,file
2:233,2,233,64,55,288,5.706954882778696,والوالدات,بصير,0,0,plain,file
2:234,2,234,25,25,122,4.643856189774724,والذين,خبير,0,0,plain,file
2:235,2,235,47,39,200,5.182040447330256,ولا,حليم,0,0,plain,file
2:236,2,236,25,23,111,4.483856189774725,لا,المحسنين,0,0,plain,file
2:237,2,237,35,33,140,5.014997302659252,وإن,بصير,0,0,plain,file
2:238,2,238,8,8,44,3.0,حافظوا,قانتين,0,0,plain,file
2:239,2,239,15,15,65,3.906890595608519,فإن,تعلمون,0,0,plain,file
2:240,2,240,27,26,116,4.680813428089394,والذين,حكيم,0,0,plain,file
2:241,2,241,6,6,34,2.584962500721156,وللمطلقات,المتقين,0,0,plain,file
2:242,2,242,7,7,31,2.8073549220576037,كذلك,تعقلون,0,0,plain,file
2:243,2,243,28,26,106,4.664497779200461,ألم,يشكرون,0,0,plain,file
2:244,2,244,9,8,38,2.94770277922009,وقاتلوا,عليم,0,0,plain,file
2:245,2,245,16,16,69,4.0,من,ترجعون,0,0,plain,file
2:246,2,246,54,43,217,5.333500696567849,ألم,بالظالمين,0,0,plain,file
2:247,2,247,43,39,165,5.240218243074191,وقال,عليم,0,0,plain,file
2:248,2,248,30,28,114,4.748394345536403,وقال,مؤمنين,0,0,plain,file
2:249,2,249,60,51,240,5.594309137239128,فلما,الصابرين,0,0,plain,file
2:250,2,250,15,15,77,3.906890595608519,ولما,الكافرين,0,0,plain,file
2:251,2,251,27,24,122,4.458591205867172,فهزموهم,العالمين,0,0,plain,file
2:252,2,252,9,9,41,3.169925001442312,تلك,المرسلين,0,0,plain,file
2:253,2,253,52,37,208,4.977177401324999,تلك,يريد,0,0,plain,file
2:254,2,254,22,21,87,4.3685225277282065,يا,الظالمون,0,0,plain,file
2:255,2,255,50,40,189,5.213660689688186,الله,العظيم,0,0,plain,file
2:256,2,256,24,23,102,4.501629167387822,لا,عليم,0,0,plain,file
2:257,2,257,24,20,118,4.251629167387822,الله,خالدون,0,0,plain,file
2:258,2,258,43,35,169,5.001505161527902,ألم,الظالمين,0,0,plain,file
2:259,2,259,67,50,249,5.459683362351941,أو,قدير,0,0,plain,file
2:260,2,260,39,35,148,5.028991962451991,وإذ,حكيم,0,0,plain,file
2:261,2,261,24,21,97,4.334962500721156,مثل,عليم,0,0,plain,file
2:262,2,262,24,22,92,4.386842188131012,الذين,يحزنون,0,0,plain,file
2:263,2,263,11,11,44,3.4594316186372973,قول,حليم,0,0,plain,file
2:264,2,264,39,37,174,5.163482026499082,يا,الكافرين,0,0,plain,file
2:265,2,265,27,26,123,4.680813428089394,ومثل,بصير,0,0,plain,file
2:266,2,266,35,32,148,4.936286231168867,أيود,تتفكرون,0,0,plain,file
2:267,2,267,30,28,125,4.773557262275186,يا,حميد,0,0,plain,file
2:268,2,268,13,11,68,3.3927474104487847,الشيطان,عليم,0,0,plain,file
2:269,2,269,16,15,65,3.875,يؤتي,الألباب,0,0,plain,file
2:270,2,270,15,12,57,3.456564762130954,وما,أنصار,0,0,plain,file
2:271,2,271,20,20,89,4.321928094887363,إن,خبير,0,0,plain,file
2:272,2,272,28,21,112,4.253434386188785,ليس,تظلمون,0,0,plain,file
2:273,2,273,30,26,134,4.640223928941852,للفقراء,عليم,0,0,plain,file
2:274,2,274,17,16,79,3.9698157824268097,الذين,يحزنون,0,0,plain,file
2:275,2,275,45,40,186,5.252855596281599,الذين,خالدون,0,0,plain,file
2:276,2,276,11,11,45,3.4594316186372973,يمحق,أثيم,0,0,plain,file
2:277,2,277,19,18,87,4.142664355548848,إن,يحزنون,0,0,plain,file
2:278,2,278,14,14,54,3.807354922057604,يا,مؤمنين,0,0,plain,file
2:279,2,279,17,16,72,3.9698157824268097,فإن,تظلمون,0,0,plain,file
2:280,2,280,14,14,52,3.807354922057604,وإن,تعلمون,0,0,plain,file
2:281,2,281,15,15,54,3.906890595608519,واتقوا,يظلمون,0,0,plain,file
2:282,2,282,129,98,551,6.414376724727974,يا,عليم,0,0,plain,file
2:283,2,283,32,32,138,5.0,وإن,عليم,0,0,plain,file
2:284,2,284,28,24,103,4.494680368408909,لله,قدير,0,0,plain,file
2:285,2,285,27,25,118,4.60673935401532,آمن,المصير,0,0,plain,file
2:286,2,286,49,40,196,5.201145303166424,لا,الكافرين,0,0,plain,file
3:1,3,1,5,5,22,2.321928094887362,بسم,الم,0,0,plain,file
3:2,3,2,7,7,24,2.8073549220576037,الله,القيوم,0,0,plain,file
3:3,3,3,11,11,53,3.4594316186372973,نزل,والإنجيل,0,0,plain,file
3:4,3,4,18,18,74,4.169925001442312,من,انتقام,0,0,plain,file
3:5,3,5,11,10,37,3.2776134368191157,إن,السماء,0,0,plain,file
3:6,3,6,13,12,50,3.546593564294939,هو,الحكيم,0,0,plain,file
3:7,3,7,46,40,197,5.2626923908396215,هو,الألباب,0,0,plain,file
3:8,3,8,15,15,54,3.906890595608519,ربنا,الوهاب,0,0,plain,file
3:9,3,9,13,12,47,3.546593564294939,ربنا,الميعاد,0,0,plain,file
3:10,3,10,16,16,66,4.0,إن,النار,0,0,plain,file
3:11,3,11,14,14,68,3.807354922057604,كدأب,العقاب,0,0,plain,file
3:12,3,12,9,9,43,3.169925001442312,قل,المهاد,0,0,plain,file
3:13,3,13,29,27,116,4.694019357121935,قد,الأبصار,0,0,plain,file
3:14,3,14,24,23,125,4.501629167387822,زين,المآب,0,0,plain,file
3:15,3,15,24,22,107,4.386842188131012,قل,بالعباد,0,0,plain,file
3:16,3,16,11,11,50,3.4594316186372973,الذين,النار,0,0,plain,file
3:17,3,17,6,6,54,2.584962500721156,الصابرين,بالأسحار,0,0,plain,file
3:18,3,18,18,14,72,3.7254805569978675,شهد,الحكيم,0,0,plain,file
3:19,3,19,26,24,107,4.517559429596343,إن,الحساب,0,0,plain,file
3:20,3,20,26,25,122,4.623516641218015,فإن,بالعباد,0,0,plain,file
3:21,3,21,18,16,88,3.94770277922009,إن,أليم,0,0,plain,file
3:22,3,22,11,11,50,3.4594316186372973,أولئك,ناصرين,0,0,plain,file
3:23,3,23,20,19,81,4.221928094887363,ألم,معرضون,0,0,plain,file
3:24,3,24,15,15,65,3.906890595608519,ذلك,يفترون,0,0,plain,file
3:25,3,25,15,14,53,3.773557262275186,فكيف,يظلمون,0,0,plain,file
3:26,3,26,25,18,92,3.943465189601647,قل,قدير,0,0,plain,file
3:27,3,27,21,13,86,3.594465636961452,تولج,حساب,0,0,plain,file
3:28,3,28,27,24,113,4.504706483564822,لا,المصير,0,0,plain,file
3:29,3,29,22,19,79,4.152391277629866,قل,قدير,0,0,plain,file
3:30,3,30,26,24,96,4.546593564294938,يوم,بالعباد,0,0,plain,file
3:31,3,31,14,13,62,3.6644977792004614,قل,رحيم,0,0,plain,file
3:32,3,32,11,9,47,3.095795255000934,قل,الكافرين,0,0,plain,file
3:33,3,33,11,10,48,3.2776134368191157,إن,العالمين,0,0,plain,file
3:34,3,34,7,7,27,2.8073549220576037,ذرية,عليم,0,0,plain,file
3:35,3,35,18,18,66,4.169925001442312,إذ,العليم,0,0,plain,file
3:36,3,36,24,22,109,4.418295834054489,فلما,الرجيم,0,0,plain,file
3:37,3,37,35,32,138,4.957854445516395,فتقبلها,حساب,0,0,plain,file
3:38,3,38,15,15,52,3.906890595608519,هنالك,الدعاء,0,0,plain,file
3:39,3,39,20,18,92,4.1219280948873624,فنادته,الصالحين,0,0,plain,file
3:40,3,40,17,16,63,3.9698157824268097,قال,يشاء,0,0,plain,file
3:41,3,41,20,19,80,4.221928094887363,قال,والإبكار,0,0,plain,file
3:42,3,42,13,13,60,3.7004397181410926,وإذ,العالمين,0,0,plain,file
3:43,3,43,8,8,37,3.0,يا,الراكعين,0,0,plain,file
3:44,3,44,20,16,81,3.9219280948873627,ذلك,يختصمون,0,0,plain,file
3:45,3,45,21,20,91,4.297079327540665,إذ,المقربين,0,0,plain,file
3:46,3,46,7,7,33,2.8073549220576037,ويكلم,الصالحين,0,0,plain,file
3:47,3,47,23,23,79,4.523561956057013,قالت,فيكون,0,0,plain,file
3:48,3,48,5,5,35,2.321928094887362,ويعلمه,والإنجيل,0,0,plain,file
3:49,3,49,45,38,187,5.180741985218564,ورسولا,مؤمنين,0,0,plain,file
3:50,3,50,19,18,80,4.142664355548848,ومصدقا,وأطيعون,0,0,plain,file
3:51,3,51,8,8,34,3.0,إن,مستقيم,0,0,plain,file
3:52,3,52,20,18,86,4.1219280948873624,فلما,مسلمون,0,0,plain,file
3:53,3,53,9,9,46,3.169925001442312,ربنا,الشاهدين,0,0,plain,file
3:54,3,54,6,6,30,2.584962500721156,ومكروا,الماكرين,0,0,plain,file
3:55,3,55,31,27,132,4.671780584510634,إذ,تختلفون,0,0,plain,file
3:56,3,56,13,13,60,3.7004397181410926,فأما,ناصرين,0,0,plain,file
3:57,3,57,11,11,59,3.4594316186372973,وأما,الظالمين,0,0,plain,file
3:58,3,58,7,7,32,2.8073549220576037,ذلك,الحكيم,0,0,plain,file
3:59,3,59,15,15,47,3.906890595608519,إن,فيكون,0,0,plain,file
3:60,3,60,7,6,25,2.521640636343318,الحق,الممترين,0,0,plain,file
3:61,3,61,25,24,114,4.563856189774725,فمن,الكاذبين,0,0,plain,file
3:62,3,62,15,13,54,3.640223928941852,إن,الحكيم,0,0,plain,file
3:63,3,63,6,5,28,2.2516291673878226,فإن,بالمفسدين,0,0,plain,file
3:64,3,64,32,30,129,4.875,قل,مسلمون,0,0,plain,file
3:65,3,65,16,16,70,4.0,يا,تعقلون,0,0,plain,file
3:66,3,66,20,16,75,3.9219280948873627,ها,تعلمون,0,0,plain,file
3:67,3,67,14,12,61,3.4677201004744993,ما,المشركين,0,0,plain,file
3:68,3,68,13,13,66,3.7004397181410926,إن,المؤمنين,0,0,plain,file
3:69,3,69,13,12,54,3.546593564294939,ودت,يشعرون,0,0,plain,file
3:70,3,70,9,9,39,3.169925001442312,يا,تشهدون,0,0,plain,file
3:71,3,71,11,10,52,3.2776134368191157,يا,تعلمون,0,0,plain,file
3:72,3,72,17,16,79,3.9698157824268097,وقالت,يرجعون,0,0,plain,file
3:73,3,73,32,29,115,4.8125,ولا,عليم,0,0,plain,file
3:74,3,74,8,8,34,3.0,يختص,العظيم,0,0,plain,file
3:75,3,75,36,31,144,4.892147223664534,ومن,يعلمون,0,0,plain,file
3:76,3,76,9,9,36,3.169925001442312,بلى,المتقين,0,0,plain,file
3:77,3,77,27,24,116,4.504706483564822,إن,أليم,0,0,plain,file
3:78,3,78,29,18,120,3.9783335811852636,وإن,يعلمون,0,0,plain,file
3:79,3,79,28,24,120,4.521640636343319,ما,تدرسون,0,0,plain,file
3:80,3,80,13,13,67,3.7004397181410926,ولا,مسلمون,0,0,plain,file
3:81,3,81,33,29,146,4.801969876934211,وإذ,الشاهدين,0,0,plain,file
3:82,3,82,7,7,29,2.8073549220576037,فمن,الفاسقون,0,0,plain,file
3:83,3,83,14,14,62,3.807354922057604,أفغير,يرجعون,0,0,plain,file
3:84,3,84,29,26,126,4.625053839880556,قل,مسلمون,0,0,plain,file
3:85,3,85,13,13,52,3.7004397181410926,ومن,الخاسرين,0,0,plain,file
3:86,3,86,18,17,83,4.058813890331201,كيف,الظالمين,0,0,plain,file
3:87,3,87,9,9,47,3.169925001442312,أولئك,أجمعين,0,0,plain,file
3:88,3,88,9,9,37,3.169925001442312,خالدين,ينظرون,0,0,plain,file
3:89,3,89,11,11,43,3.4594316186372973,إلا,رحيم,0,0,plain,file
3:90,3,90,14,14,62,3.807354922057604,إن,الضالون,0,0,plain,file
3:91,3,91,24,22,91,4.418295834054489,إن,ناصرين,0,0,plain,file
3:92,3,92,15,14,56,3.773557262275186,لن,عليم,0,0,plain,file
3:93,3,93,24,23,99,4.501629167387822,كل,صادقين,0,0,plain,file
3:94,3,94,11,11,44,3.4594316186372973,فمن,الظالمون,0,0,plain,file
3:95,3,95,11,11,47,3.4594316186372973,قل,المشركين,0,0,plain,file
3:96,3,96,10,10,42,3.3219280948873626,إن,للعالمين,0,0,plain,file
3:97,3,97,25,24,99,4.563856189774725,فيه,العالمين,0,0,plain,file
3:98,3,98,13,13,50,3.7004397181410926,قل,تعملون,0,0,plain,file
3:99,3,99,20,19,77,4.221928094887363,قل,تعملون,0,0,plain,file
3:100,3,100,15,14,69,3.773557262275186,يا,كافرين,0,0,plain,file
3:101,3,101,17,17,74,4.087462841250339,وكيف,مستقيم,0,0,plain,file
3:102,3,102,13,13,54,3.7004397181410926,يا,مسلمون,0,0,plain,file
3:103,3,103,34,32,157,4.947613208833767,واعتصموا,تهتدون,0,0,plain,file
3:104,3,104,14,14,70,3.807354922057604,ولتكن,المفلحون,0,0,plain,file
3:105,3,105,14,14,65,3.807354922057604,ولا,عظيم,0,0,plain,file
3:106,3,106,17,16,81,3.9698157824268097,يوم,تكفرون,0,0,plain,file
3:107,3,107,10,10,43,3.3219280948873626,وأما,خالدون,0,0,plain,file
3:108,3,108,11,10,49,3.2776134368191157,تلك,للعالمين,0,0,plain,file
3:109,3,109,11,10,44,3.2776134368191157,ولله,الأمور,0,0,plain,file
3:110,3,110,23,23,113,4.523561956057013,كنتم,الفاسقون,0,0,plain,file
3:111,3,111,11,11,48,3.4594316186372973,لن,ينصرون,0,0,plain,file
3:112,3,112,35,29,152,4.743289445392768,ضربت,يعتدون,0,0,plain,file
3:113,3,113,14,14,59,3.807354922057604,ليسوا,يسجدون,0,0,plain,file
3:114,3,114,15,15,84,3.906890595608519,يؤمنون,الصالحين,0,0,plain,file
3:115,3,115,9,9,40,3.169925001442312,وما,بالمتقين,0,0,plain,file
3:116,3,116,18,18,77,4.169925001442312,إن,خالدون,0,0,plain,file
3:117,3,117,23,22,98,4.436605434317883,مثل,يظلمون,0,0,plain,file
3:118,3,118,31,28,125,4.7606479232901,يا,تعقلون,0,0,plain,file
3:119,3,119,28,27,127,4.735926350629033,ها,الصدور,0,0,plain,file
3:120,3,120,21,19,88,4.20184123230257,إن,محيط,0,0,plain,file
3:121,3,121,11,11,49,3.4594316186372973,وإذ,عليم,0,0,plain,file
3:122,3,122,12,12,57,3.584962500721156,إذ,المؤمنون,0,0,plain,file
3:123,3,123,10,9,47,3.1219280948873624,ولقد,تشكرون,0,0,plain,file
3:124,3,124,13,13,60,3.7004397181410926,إذ,منزلين,0,0,plain,file
3:125,3,125,15,14,69,3.773557262275186,بلى,مسومين,0,0,plain,file
3:126,3,126,17,14,68,3.7345216647797512,وما,الحكيم,0,0,plain,file
3:127,3,127,9,9,43,3.169925001442312,ليقطع,خائبين,0,0,plain,file
3:128,3,128,12,11,45,3.4182958340544896,ليس,ظالمون,0,0,plain,file
3:129,3,129,16,14,61,3.75,ولله,رحيم,0,0,plain,file
3:130,3,130,13,13,62,3.7004397181410926,يا,تفلحون,0,0,plain,file
3:131,3,131,5,5,27,2.321928094887362,واتقوا,للكافرين,0,0,plain,file
3:132,3,132,5,5,29,2.321928094887362,وأطيعوا,ترحمون,0,0,plain,file
3:133,3,133,11,11,55,3.4594316186372973,وسارعوا,للمتقين,0,0,plain,file
3:134,3,134,13,13,71,3.7004397181410926,الذين,المحسنين,0,0,plain,file
3:135,3,135,23,21,104,4.349648912578752,والذين,يعلمون,0,0,plain,file
3:136,3,136,15,14,70,3.773557262275186,أولئك,العاملين,0,0,plain,file
3:137,3,137,13,13,54,3.7004397181410926,قد,المكذبين,0,0,plain,file
3:138,3,138,6,6,29,2.584962500721156,هذا,للمتقين,0,0,plain,file
3:139,3,139,9,8,41,2.94770277922009,ولا,مؤمنين,0,0,plain,file
3:140,3,140,24,23,105,4.501629167387822,إن,الظالمين,0,0,plain,file
3:141,3,141,6,6,33,2.584962500721156,وليمحص,الكافرين,0,0,plain,file
3:142,3,142,13,13,60,3.7004397181410926,أم,الصابرين,0,0,plain,file
3:143,3,143,12,12,51,3.584962500721156,ولقد,تنظرون,0,0,plain,file
3:144,3,144,27,25,107,4.60673935401532,وما,الشاكرين,0,0,plain,file
3:145,3,145,24,19,99,4.168295834054489,وما,الشاكرين,0,0,plain,file
3:146,3,146,21,20,88,4.297079327540665,وكأين,الصابرين,0,0,plain,file
3:147,3,147,19,19,87,4.247927513443585,وما,الكافرين,0,0,plain,file
3:148,3,148,10,9,50,3.1219280948873624,فآتاهم,المحسنين,0,0,plain,file
3:149,3,149,13,12,64,3.546593564294939,يا,خاسرين,0,0,plain,file
3:150,3,150,6,6,26,2.584962500721156,بل,الناصرين,0,0,plain,file
3:151,3,151,19,19,84,4.247927513443585,سنلقي,الظالمين,0,0,plain,file
3:152,3,152,40,35,166,5.053055907333276,ولقد,المؤمنين,0,0,plain,file
3:153,3,153,25,22,106,4.403856189774725,إذ,تعملون,0,0,plain,file
3:154,3,154,75,58,291,5.685420190467035,ثم,الصدور,0,0,plain,file
3:155,3,155,21,19,89,4.20184123230257,إن,حليم,0,0,plain,file
3:156,3,156,37,34,157,5.047291203466789,يا,بصير,0,0,plain,file
3:157,3,157,14,13,53,3.6644977792004614,ولئن,يجمعون,0,0,plain,file
3:158,3,158,7,7,28,2.8073549220576037,ولئن,تحشرون,0,0,plain,file
3:159,3,159,30,26,121,4.6150610122030695,فبما,المتوكلين,0,0,plain,file
3:160,3,160,18,16,75,3.94770277922009,إن,المؤمنون,0,0,plain,file
3:161,3,161,21,21,68,4.392317422778761,وما,يظلمون,0,0,plain,file
3:162,3,162,13,12,53,3.546593564294939,أفمن,المصير,0,0,plain,file
3:163,3,163,8,8,32,3.0,هم,يعملون,0,0,plain,file
3:164,3,164,25,23,107,4.453660689688186,لقد,مبين,0,0,plain,file
3:165,3,165,20,20,73,4.321928094887363,أولما,قدير,0,0,plain,file
3:166,3,166,9,9,47,3.169925001442312,وما,المؤمنين,0,0,plain,file
3:167,3,167,33,32,151,4.983788058752393,وليعلم,يكتمون,0,0,plain,file
3:168,3,168,16,16,74,4.0,الذين,صادقين,0,0,plain,file
3:169,3,169,13,13,54,3.7004397181410926,ولا,يرزقون,0,0,plain,file
3:170,3,170,19,18,78,4.142664355548848,فرحين,يحزنون,0,0,plain,file
3:171,3,171,11,10,47,3.2776134368191157,يستبشرون,المؤمنين,0,0,plain,file
3:172,3,172,15,15,69,3.906890595608519,الذين,عظيم,0,0,plain,file
3:173,3,173,17,16,77,3.9698157824268097,الذين,الوكيل,0,0,plain,file
3:174,3,174,15,14,64,3.773557262275186,فانقلبوا,عظيم,0,0,plain,file
3:175,3,175,11,11,54,3.4594316186372973,إنما,مؤمنين,0,0,plain,file
3:176,3,176,22,20,87,4.277613436819116,ولا,عظيم,0,0,plain,file
3:177,3,177,12,12,53,3.584962500721156,إن,أليم,0,0,plain,file
3:178,3,178,17,15,74,3.85216872360328,ولا,مهين,0,0,plain,file
3:179,3,179,36,29,146,4.7390979179887855,ما,عظيم,0,0,plain,file
3:180,3,180,30,27,122,4.7068905956085185,ولا,خبير,0,0,plain,file
3:181,3,181,22,20,95,4.277613436819116,لقد,الحريق,0,0,plain,file
3:182,3,182,9,9,37,3.169925001442312,ذلك,للعبيد,0,0,plain,file
3:183,3,183,28,27,120,4.735926350629033,الذين,صادقين,0,0,plain,file
3:184,3,184,12,12,55,3.584962500721156,فإن,المنير,0,0,plain,file
3:185,3,185,23,23,99,4.523561956057013,كل,الغرور,0,0,plain,file
3:186,3,186,24,21,108,4.303508854797678,لتبلون,الأمور,0,0,plain,file
3:187,3,187,21,21,99,4.392317422778761,وإذ,يشترون,0,0,plain,file
3:188,3,188,20,19,86,4.221928094887363,لا,أليم,0,0,plain,file
3:189,3,189,9,9,38,3.169925001442312,ولله,قدير,0,0,plain,file
3:190,3,190,11,11,57,3.4594316186372973,إن,الألباب,0,0,plain,file
3:191,3,191,21,21,100,4.392317422778761,الذين,النار,0,0,plain,file
3:192,3,192,11,10,45,3.2776134368191157,ربنا,أنصار,0,0,plain,file
3:193,3,193,20,19,95,4.221928094887363,ربنا,الأبرار,0,0,plain,file
3:194,3,194,14,14,58,3.807354922057604,ربنا,الميعاد,0,0,plain,file
3:195,3,195,43,39,188,5.1562731157617065,فاستجاب,الثواب,0,0,plain,file
3:196,3,196,7,7,29,2.8073549220576037,لا,البلاد,0,0,plain,file
3:197,3,197,7,7,30,2.8073549220576037,متاع,المهاد,0,0,plain,file
3:198,3,198,21,18,85,4.106603137064474,لكن,للأبرار,0,0,plain,file
3:199,3,199,30,27,121,4.7068905956085185,وإن,الحساب,0,0,plain,file
3:200,3,200,11,11,57,3.4594316186372973,يا,تفلحون,0,0,plain,file
4:1,4,1,33,30,144,4.839700558686833,بسم,رقيبا,0,0,plain,file
4:2,4,2,16,14,82,3.75,وآتوا,كبيرا,0,0,plain,file
4:3,4,3,28,24,115,4.494680368408909,وإن,تعولوا,0,0,plain,file
4:4,4,4,14,14,58,3.807354922057604,وآتوا,مريئا,0,0,plain,file
4:5,4,5,16,16,79,4.0,ولا,معروفا,0,0,plain,file
4:6,4,6,37,33,186,4.993237149412734,وابتلوا,حسيبا,0,0,plain,file
4:7,4,7,19,13,91,3.5766176449086657,للرجال,مفروضا,0,0,plain,file
4:8,4,8,13,13,70,3.7004397181410926,وإذا,معروفا,0,0,plain,file
4:9,4,9,15,15,71,3.906890595608519,وليخش,سديدا,0,0,plain,file
4:10,4,10,13,12,63,3.546593564294939,إن,سعيرا,0,0,plain,file
4:11,4,11,71,57,271,5.712852048960261,يوصيكم,حكيما,0,0,plain,file
4:12,4,12,88,55,299,5.530470187252588,ولكم,حليم,0,0,plain,file
4:13,4,13,18,17,79,4.058813890331201,تلك,العظيم,0,0,plain,file
4:14,4,14,13,13,55,3.7004397181410926,ومن,مهين,0,0,plain,file
4:15,4,15,22,22,107,4.459431618637297,واللاتي,سبيلا,0,0,plain,file
4:16,4,16,14,14,70,3.807354922057604,واللذان,رحيما,0,0,plain,file
4:17,4,17,20,18,90,4.0841837197791895,إنما,حكيما,0,0,plain,file
4:18,4,18,24,24,106,4.584962500721156,وليست,أليما,0,0,plain,file
4:19,4,19,35,33,157,4.993429088311724,يا,كثيرا,0,0,plain,file
4:20,4,20,17,16,83,3.9698157824268097,وإن,مبينا,0,0,plain,file
4:21,4,21,11,11,49,3.4594316186372973,وكيف,غليظا,0,0,plain,file
4:22,4,22,17,16,63,3.9698157824268097,ولا,سبيلا,0,0,plain,file
4:23,4,23,54,44,265,5.356558335416673,حرمت,رحيما,0,0,plain,file
4:24,4,24,42,37,185,5.154222184683522,والمحصنات,حكيما,0,0,plain,file
4:25,4,25,58,51,264,5.603586383021305,ومن,رحيم,0,0,plain,file
4:26,4,26,14,14,61,3.807354922057604,يريد,حكيم,0,0,plain,file
4:27,4,27,13,12,60,3.546593564294939,والله,عظيما,0,0,plain,file
4:28,4,28,8,8,34,3.0,يريد,ضعيفا,0,0,plain,file
4:29,4,29,24,24,99,4.584962500721156,يا,رحيما,0,0,plain,file
4:30,4,30,13,12,53,3.546593564294939,ومن,يسيرا,0,0,plain,file
4:31,4,31,12,12,56,3.584962500721156,إن,كريما,0,0,plain,file
4:32,4,32,27,23,108,4.430632409490747,ولا,عليما,0,0,plain,file
4:33,4,33,19,19,88,4.247927513443585,ولكل,شهيدا,0,0,plain,file
4:34,4,34,40,36,192,5.1030559073332755,الرجال,كبيرا,0,0,plain,file
4:35,4,35,22,18,92,4.095795255000934,وإن,خبيرا,0,0,plain,file
4:36,4,36,32,29,158,4.8125,واعبدوا,فخورا,0,0,plain,file
4:37,4,37,15,15,78,3.906890595608519,الذين,مهينا,0,0,plain,file
4:38,4,38,18,16,85,3.94770277922009,والذين,قرينا,0,0,plain,file
4:39,4,39,15,14,68,3.773557262275186,وماذا,عليما,0,0,plain,file
4:40,4,40,15,15,55,3.906890595608519,إن,عظيما,0,0,plain,file
4:41,4,41,12,12,43,3.584962500721156,فكيف,شهيدا,0,0,plain,file
4:42,4,42,14,14,61,3.807354922057604,يومئذ,حديثا,0,0,plain,file
4:43,4,43,49,46,205,5.47685499713228,يا,غفورا,0,0,plain,file
4:44,4,44,14,14,64,3.807354922057604,ألم,السبيل,0,0,plain,file
4:45,4,45,9,7,44,2.725480556997868,والله,نصيرا,0,0,plain,file
4:46,4,46,38,36,177,5.142664355548849,من,قليلا,0,0,plain,file
4:47,4,47,29,29,121,4.857980995127572,يا,مفعولا,0,0,plain,file
4:48,4,48,20,19,69,4.221928094887363,إن,عظيما,0,0,plain,file
4:49,4,49,14,14,54,3.807354922057604,ألم,فتيلا,0,0,plain,file
4:50,4,50,10,10,40,3.3219280948873626,انظر,مبينا,0,0,plain,file
4:51,4,51,20,18,94,4.1219280948873624,ألم,سبيلا,0,0,plain,file
4:52,4,52,11,10,43,3.2776134368191157,أولئك,نصيرا,0,0,plain,file
4:53,4,53,10,10,37,3.3219280948873626,أم,نقيرا,0,0,plain,file
4:54,4,54,18,18,80,4.169925001442312,أم,عظيما,0,0,plain,file
4:55,4,55,11,10,38,3.2776134368191157,فمنهم,سعيرا,0,0,plain,file
4:56,4,56,20,19,95,4.221928094887363,إن,حكيما,0,0,plain,file
4:57,4,57,20,19,100,4.221928094887363,والذين,ظليلا,0,0,plain,file
4:58,4,58,25,20,102,4.183465189601647,إن,بصيرا,0,0,plain,file
4:59,4,59,29,28,132,4.789015477886192,يا,تأويلا,0,0,plain,file
4:60,4,60,30,26,125,4.6150610122030695,ألم,بعيدا,0,0,plain,file
4:61,4,61,15,15,65,3.906890595608519,وإذا,صدودا,0,0,plain,file
4:62,4,62,16,16,73,4.0,فكيف,وتوفيقا,0,0,plain,file
4:63,4,63,16,15,65,3.875,أولئك,بليغا,0,0,plain,file
4:64,4,64,23,21,105,4.316827716832514,وما,رحيما,0,0,plain,file
4:65,4,65,19,18,77,4.142664355548848,فلا,تسليما,0,0,plain,file
4:66,4,66,27,25,107,4.60673935401532,ولو,تثبيتا,0,0,plain,file
4:67,4,67,6,6,27,2.584962500721156,وإذا,عظيما,0,0,plain,file
4:68,4,68,3,3,21,1.584962500721156,ولهديناهم,مستقيما,0,0,plain,file
4:69,4,69,18,17,92,4.058813890331201,ومن,رفيقا,0,0,plain,file
4:70,4,70,7,7,28,2.8073549220576037,ذلك,عليما,0,0,plain,file
4:71,4,71,11,11,49,3.4594316186372973,يا,جميعا,0,0,plain,file
4:72,4,72,17,17,63,4.087462841250339,وإن,شهيدا,0,0,plain,file
4:73,4,73,19,19,75,4.247927513443585,ولئن,عظيما,0,0,plain,file
4:74,4,74,21,18,93,4.106603137064474,فليقاتل,عظيما,0,0,plain,file
4:75,4,75,31,25,139,4.502583407161068,وما,نصيرا,0,0,plain,file
4:76,4,76,20,16,98,3.9219280948873627,الذين,ضعيفا,0,0,plain,file
4:77,4,77,48,46,204,5.501629167387822,ألم,فتيلا,0,0,plain,file
4:78,4,78,36,28,143,4.704511459715548,أينما,حديثا,0,0,plain,file
4:79,4,79,18,15,73,3.8365916681089787,ما,شهيدا,0,0,plain,file
4:80,4,80,12,12,49,3.584962500721156,من,حفيظا,0,0,plain,file
4:81,4,81,24,24,101,4.584962500721156,ويقولون,وكيلا,0,0,plain,file
4:82,4,82,13,13,56,3.7004397181410926,أفلا,كثيرا,0,0,plain,file
4:83,4,83,30,29,135,4.840223928941852,وإذا,قليلا,0,0,plain,file
4:84,4,84,22,21,87,4.3685225277282065,فقاتل,تنكيلا,0,0,plain,file
4:85,4,85,22,17,77,4.004886164091843,من,مقيتا,0,0,plain,file
4:86,4,86,15,15,57,3.906890595608519,وإذا,حسيبا,0,0,plain,file
4:87,4,87,17,15,61,3.85216872360328,الله,حديثا,0,0,plain,file
4:88,4,88,22,21,88,4.3685225277282065,فما,سبيلا,0,0,plain,file
4:89,4,89,28,25,128,4.59306920777189,ودوا,نصيرا,0,0,plain,file
4:90,4,90,36,33,168,5.003258334775645,إلا,سبيلا,0,0,plain,file
4:91,4,91,32,32,162,5.0,ستجدون,مبينا,0,0,plain,file
4:92,4,92,60,42,235,5.256564762130954,وما,حكيما,0,0,plain,file
4:93,4,93,16,16,70,4.0,ومن,عظيما,0,0,plain,file
4:94,4,94,40,36,170,5.071928094887363,يا,خبيرا,0,0,plain,file
4:95,4,95,33,25,172,4.498939573903908,لا,عظيما,0,0,plain,file
4:96,4,96,8,8,37,3.0,درجات,رحيما,0,0,plain,file
4:97,4,97,27,25,128,4.578780557638895,إن,مصيرا,0,0,plain,file
4:98,4,98,12,12,64,3.584962500721156,إلا,سبيلا,0,0,plain,file
4:99,4,99,10,9,40,3.1219280948873624,فأولئك,غفورا,0,0,plain,file
4:100,4,100,31,26,122,4.567099536193326,ومن,رحيما,0,0,plain,file
4:101,4,101,23,21,96,4.349648912578752,وإذا,مبينا,0,0,plain,file
4:102,4,102,62,55,281,5.728389858773971,وإذا,مهينا,0,0,plain,file
4:103,4,103,20,17,106,3.9841837197791894,فإذا,موقوتا,0,0,plain,file
4:104,4,104,22,20,94,4.277613436819116,ولا,حكيما,0,0,plain,file
4:105,4,105,15,15,67,3.906890595608519,إنا,خصيما,0,0,plain,file
4:106,4,106,7,6,30,2.521640636343318,واستغفر,رحيما,0,0,plain,file
4:107,4,107,14,14,54,3.807354922057604,ولا,أثيما,0,0,plain,file
4:108,4,108,21,17,82,3.9754180179138334,يستخفون,محيطا,0,0,plain,file
4:109,4,109,19,18,79,4.142664355548848,ها,وكيلا,0,0,plain,file
4:110,4,110,13,12,50,3.546593564294939,ومن,رحيما,0,0,plain,file
4:111,4,111,11,11,46,3.4594316186372973,ومن,حكيما,0,0,plain,file
4:112,4,112,14,14,54,3.807354922057604,ومن,مبينا,0,0,plain,file
4:113,4,113,33,27,135,4.635006998015213,ولولا,عظيما,0,0,plain,file
4:114,4,114,26,24,97,4.546593564294938,لا,عظيما,0,0,plain,file
4:115,4,115,20,19,81,4.221928094887363,ومن,مصيرا,0,0,plain,file
4:116,4,116,20,19,67,4.221928094887363,إن,بعيدا,0,0,plain,file
4:117,4,117,11,9,43,3.095795255000934,إن,مريدا,0,0,plain,file
4:118,4,118,8,8,36,3.0,لعنه,مفروضا,0,0,plain,file
4:119,4,119,21,19,109,4.20184123230257,ولأضلنهم,مبينا,0,0,plain,file
4:120,4,120,7,6,35,2.521640636343318,يعدهم,غرورا,0,0,plain,file
4:121,4,121,7,7,32,2.8073549220576037,أولئك,محيصا,0,0,plain,file
4:122,4,122,21,19,95,4.20184123230257,والذين,قيلا,0,0,plain,file
4:123,4,123,20,17,72,3.9841837197791894,ليس,نصيرا,0,0,plain,file
4:124,4,124,16,15,66,3.875,ومن,نقيرا,0,0,plain,file
4:125,4,125,17,16,73,3.9698157824268097,ومن,خليلا,0,0,plain,file
4:126,4,126,12,11,45,3.4182958340544896,ولله,محيطا,0,0,plain,file
4:127,4,127,40,34,178,5.003055907333276,ويستفتونك,عليما,0,0,plain,file
4:128,4,128,29,28,126,4.789015477886192,وإن,خبيرا,0,0,plain,file
4:129,4,129,22,22,102,4.459431618637297,ولن,رحيما,0,0,plain,file
4:130,4,130,11,10,43,3.2776134368191157,وإن,حكيما,0,0,plain,file
4:131,4,131,32,24,129,4.4375,ولله,حميدا,0,0,plain,file
4:132,4,132,10,9,40,3.1219280948873624,ولله,وكيلا,0,0,plain,file
4:133,4,133,12,12,49,3.584962500721156,إن,قديرا,0,0,plain,file
4:134,4,134,14,11,62,3.3787834934861753,من,بصيرا,0,0,plain,file
4:135,4,135,38,36,163,5.1227988949656,يا,خبيرا,0,0,plain,file
4:136,4,136,29,25,130,4.582118926162055,يا,بعيدا,0,0,plain,file
4:137,4,137,20,15,78,3.7219280948873625,إن,سبيلا,0,0,plain,file
4:138,4,138,6,6,28,2.584962500721156,بشر,أليما,0,0,plain,file
4:139,4,139,14,13,71,3.6644977792004614,الذين,جميعا,0,0,plain,file
4:140,4,140,33,28,137,4.718488437474712,وقد,جميعا,0,0,plain,file
4:141,4,141,36,29,161,4.781036112553423,الذين,سبيلا,0,0,plain,file
4:142,4,142,19,17,91,4.037401197654112,إن,قليلا,0,0,plain,file
4:143,4,143,16,14,58,3.75,مذبذبين,سبيلا,0,0,plain,file
4:144,4,144,18,18,85,4.169925001442312,يا,مبينا,0,0,plain,file
4:145,4,145,11,11,45,3.4594316186372973,إن,نصيرا,0,0,plain,file
4:146,4,146,18,17,92,4.058813890331201,إلا,عظيما,0,0,plain,file
4:147,4,147,11,10,48,3.2776134368191157,ما,عليما,0,0,plain,file
4:148,4,148,14,12,53,3.521640636343318,لا,عليما,0,0,plain,file
4:149,4,149,14,13,49,3.6644977792004614,إن,قديرا,0,0,plain,file
4:150,4,150,22,17,100,4.004886164091843,إن,سبيلا,0,0,plain,file
4:151,4,151,8,8,43,3.0,أولئك,مهينا,0,0,plain,file
4:152,4,152,17,17,78,4.087462841250339,والذين,رحيما,0,0,plain,file
4:153,4,153,37,33,162,4.972834784489398,يسألك,مبينا,0,0,plain,file
4:154,4,154,19,17,90,4.037401197654112,ورفعنا,غليظا,0,0,plain,file
4:155,4,155,22,21,103,4.3685225277282065,فبما,قليلا,0,0,plain,file
4:156,4,156,6,6,31,2.584962500721156,وبكفرهم,عظيما,0,0,plain,file
4:157,4,157,34,30,128,4.829966150010237,وقولهم,يقينا,0,0,plain,file
4:158,4,158,8,7,32,2.75,بل,حكيما,0,0,plain,file
4:159,4,159,14,14,57,3.807354922057604,وإن,شهيدا,0,0,plain,file
4:160,4,160,14,14,60,3.807354922057604,فبظلم,كثيرا,0,0,plain,file
4:161,4,161,14,14,73,3.807354922057604,وأخذهم,أليما,0,0,plain,file
4:162,4,162,26,24,136,4.546593564294938,لكن,عظيما,0,0,plain,file
4:163,4,163,25,23,131,4.483856189774725,إنا,زبورا,0,0,plain,file
4:164,4,164,14,12,58,3.521640636343318,ورسلا,تكليما,0,0,plain,file
4:165,4,165,15,14,66,3.773557262275186,رسلا,حكيما,0,0,plain,file
4:166,4,166,13,13,61,3.7004397181410926,لكن,شهيدا,0,0,plain,file
4:167,4,167,11,11,43,3.4594316186372973,إن,بعيدا,0,0,plain,file
4:168,4,168,12,12,50,3.584962500721156,إن,طريقا,0,0,plain,file
4:169,4,169,11,11,44,3.4594316186372973,إلا,يسيرا,0,0,plain,file
4:170,4,170,24,24,99,4.584962500721156,يا,حكيما,0,0,plain,file
4:171,4,171,54,44,216,5.356558335416673,يا,وكيلا,0,0,plain,file
4:172,4,172,18,17,87,4.058813890331201,لن,جميعا,0,0,plain,file
4:173,4,173,26,23,129,4.469670487371861,فأما,نصيرا,0,0,plain,file
4:174,4,174,12,12,50,3.584962500721156,يا,مبينا,0,0,plain,file
4:175,4,175,15,15,73,3.906890595608519,فأما,مستقيما,0,0,plain,file
4:176,4,176,50,46,191,5.483856189774724,يستفتونك,عليم,0,0,plain,file
5:1,5,1,28,26,116,4.664497779200461,بسم,يريد,0,0,plain,file
5:2,5,2,53,42,242,5.180381775154636,يا,العقاب,0,0,plain,file
5:3,5,3,61,54,278,5.6888539358880745,حرمت,رحيم,0,0,plain,file
5:4,5,4,31,26,137,4.567099536193326,يسألونك,الحساب,0,0,plain,file
5:5,5,5,43,34,201,4.9611484756323305,اليوم,الخاسرين,0,0,plain,file
5:6,5,6,62,52,281,5.607264455478376,يا,تشكرون,0,0,plain,file
5:7,5,7,19,17,86,3.997670276487613,واذكروا,الصدور,0,0,plain,file
5:8,5,8,27,26,117,4.680813428089394,يا,تعملون,0,0,plain,file
5:9,5,9,10,10,47,3.3219280948873626,وعد,عظيم,0,0,plain,file
5:10,5,10,7,7,40,2.8073549220576037,والذين,الجحيم,0,0,plain,file
5:11,5,11,24,21,107,4.303508854797678,يا,المؤمنون,0,0,plain,file
5:12,5,12,45,43,207,5.3861889296149315,ولقد,السبيل,0,0,plain,file
5:13,5,13,32,31,141,4.9375,فبما,المحسنين,0,0,plain,file
5:14,5,14,25,25,119,4.643856189774724,ومن,يصنعون,0,0,plain,file
5:15,5,15,24,20,92,4.251629167387822,يا,مبين,0,0,plain,file
5:16,5,16,18,16,80,3.94770277922009,يهدي,مستقيم,0,0,plain,file
5:17,5,17,42,37,157,5.154222184683522,لقد,قدير,0,0,plain,file
5:18,5,18,30,29,134,4.840223928941852,وقالت,المصير,0,0,plain,file
5:19,5,19,29,25,107,4.582118926162055,يا,قدير,0,0,plain,file
5:20,5,20,23,23,92,4.523561956057013,وإذ,العالمين,0,0,plain,file
5:21,5,21,15,15,70,3.906890595608519,يا,خاسرين,0,0,plain,file
5:22,5,22,18,16,75,3.94770277922009,قالوا,داخلون,0,0,plain,file
5:23,5,23,21,20,100,4.297079327540665,قال,مؤمنين,0,0,plain,file
5:24,5,24,17,16,69,3.9698157824268097,قالوا,قاعدون,0,0,plain,file
5:25,5,25,13,13,52,3.7004397181410926,قال,الفاسقين,0,0,plain,file
5:26,5,26,14,14,62,3.807354922057604,قال,الفاسقين,0,0,plain,file
5:27,5,27,24,20,99,4.220175521464345,واتل,المتقين,0,0,plain,file
5:28,5,28,16,16,64,4.0,لئن,العالمين,0,0,plain,file
5:29,5,29,13,13,56,3.7004397181410926,إني,الظالمين,0,0,plain,file
5:30,5,30,9,9,38,3.169925001442312,فطوعت,الخاسرين,0,0,plain,file
5:31,5,31,26,25,106,4.623516641218015,فبعث,النادمين,0,0,plain,file
5:32,5,32,40,32,162,4.921928094887363,من,لمسرفون,0,0,plain,file
5:33,5,33,34,28,140,4.6901165175936645,إنما,عظيم,0,0,plain,file
5:34,5,34,13,12,52,3.546593564294939,إلا,رحيم,0,0,plain,file
5:35,5,35,14,14,68,3.807354922057604,يا,تفلحون,0,0,plain,file
5:36,5,36,24,22,88,4.418295834054489,إن,أليم,0,0,plain,file
5:37,5,37,12,12,49,3.584962500721156,يريدون,مقيم,0,0,plain,file
5:38,5,38,13,13,64,3.7004397181410926,والسارق,حكيم,0,0,plain,file
5:39,5,39,14,13,49,3.6644977792004614,فمن,رحيم,0,0,plain,file
5:40,5,40,19,18,71,4.142664355548848,ألم,قدير,0,0,plain,file
5:41,5,41,68,53,281,5.5724694587701356,يا,عظيم,0,0,plain,file
5:42,5,42,26,22,113,4.392747410448784,سماعون,المقسطين,0,0,plain,file
5:43,5,43,15,15,68,3.906890595608519,وكيف,بالمؤمنين,0,0,plain,file
5:44,5,44,41,38,195,5.2112105412034495,إنا,الكافرون,0,0,plain,file
5:45,5,45,31,31,140,4.954196310386874,وكتبنا,الظالمون,0,0,plain,file
5:46,5,46,26,21,117,4.315824333525708,وقفينا,للمتقين,0,0,plain,file
5:47,5,47,16,13,66,3.625,وليحكم,الفاسقون,0,0,plain,file
5:48,5,48,51,46,228,5.461545194870251,وأنزلنا,تختلفون,0,0,plain,file
5:49,5,49,33,29,136,4.779094498080773,وأن,لفاسقون,0,0,plain,file
5:50,5,50,10,10,45,3.3219280948873626,أفحكم,يوقنون,0,0,plain,file
5:51,5,51,23,21,104,4.349648912578752,يا,الظالمين,0,0,plain,file
5:52,5,52,28,26,116,4.664497779200461,فترى,نادمين,0,0,plain,file
5:53,5,53,15,14,80,3.773557262275186,ويقول,خاسرين,0,0,plain,file
5:54,5,54,38,34,158,5.017535737070863,يا,عليم,0,0,plain,file
5:55,5,55,13,13,68,3.7004397181410926,إنما,راكعون,0,0,plain,file
5:56,5,56,11,10,48,3.2776134368191157,ومن,الغالبون,0,0,plain,file
5:57,5,57,24,21,109,4.303508854797678,يا,مؤمنين,0,0,plain,file
5:58,5,58,12,12,54,3.584962500721156,وإذا,يعقلون,0,0,plain,file
5:59,5,59,21,19,77,4.20184123230257,قل,فاسقون,0,0,plain,file
5:60,5,60,27,25,110,4.60673935401532,قل,السبيل,0,0,plain,file
5:61,5,61,16,16,68,4.0,وإذا,يكتمون,0,0,plain,file
5:62,5,62,13,13,63,3.7004397181410926,وترى,يعملون,0,0,plain,file
5:63,5,63,13,13,67,3.7004397181410926,لولا,يصنعون,0,0,plain,file
5:64,5,64,47,46,218,5.512035660188276,وقالت,المفسدين,0,0,plain,file
5:65,5,65,12,12,62,3.584962500721156,ولو,النعيم,0,0,plain,file
5:66,5,66,24,22,104,4.418295834054489,ولو,يعملون,0,0,plain,file
5:67,5,67,25,24,94,4.563856189774725,يا,الكافرين,0,0,plain,file
5:68,5,68,31,28,129,4.7606479232901,قل,الكافرين,0,0,plain,file
5:69,5,69,20,20,92,4.321928094887363,إن,يحزنون,0,0,plain,file
5:70,5,70,19,19,89,4.247927513443585,لقد,يقتلون,0,0,plain,file
5:71,5,71,19,17,78,4.037401197654112,وحسبوا,يعملون,0,0,plain,file
5:72,5,72,34,30,139,4.829966150010237,لقد,أنصار,0,0,plain,file
5:73,5,73,25,23,96,4.483856189774725,لقد,أليم,0,0,plain,file
5:74,5,74,8,8,40,3.0,أفلا,رحيم,0,0,plain,file
5:75,5,75,25,24,98,4.563856189774725,ما,يؤفكون,0,0,plain,file
5:76,5,76,16,16,58,4.0,قل,العليم,0,0,plain,file
5:77,5,77,24,24,90,4.584962500721156,قل,السبيل,0,0,plain,file
5:78,5,78,17,17,71,4.087462841250339,لعن,يعتدون,0,0,plain,file
5:79,5,79,10,9,42,3.1219280948873624,كانوا,يفعلون,0,0,plain,file
5:80,5,80,19,19,78,4.247927513443585,ترى,خالدون,0,0,plain,file
5:81,5,81,15,15,70,3.906890595608519,ولو,فاسقون,0,0,plain,file
5:82,5,82,26,24,128,4.546593564294938,لتجدن,يستكبرون,0,0,plain,file
5:83,5,83,21,20,89,4.297079327540665,وإذا,الشاهدين,0,0,plain,file
5:84,5,84,16,15,63,3.875,وما,الصالحين,0,0,plain,file
5:85,5,85,14,14,67,3.807354922057604,فأثابهم,المحسنين,0,0,plain,file
5:86,5,86,7,7,40,2.8073549220576037,والذين,الجحيم,0,0,plain,file
5:87,5,87,18,16,69,3.94770277922009,يا,المعتدين,0,0,plain,file
5:88,5,88,12,11,52,3.4182958340544896,وكلوا,مؤمنون,0,0,plain,file
5:89,5,89,45,40,205,5.252855596281599,لا,تشكرون,0,0,plain,file
5:90,5,90,16,16,82,4.0,يا,تفلحون,0,0,plain,file
5:91,5,91,20,20,92,4.321928094887363,إنما,منتهون,0,0,plain,file
5:92,5,92,13,12,72,3.546593564294939,وأطيعوا,المبين,0,0,plain,file
5:93,5,93,24,18,116,4.053508854797678,ليس,المحسنين,0,0,plain,file
5:94,5,94,24,22,104,4.418295834054489,يا,أليم,0,0,plain,file
5:95,5,95,51,46,196,5.476346910598946,يا,انتقام,0,0,plain,file
5:96,5,96,20,18,86,4.1219280948873624,أحل,تحشرون,0,0,plain,file
5:97,5,97,27,23,119,4.430632409490747,جعل,عليم,0,0,plain,file
5:98,5,98,9,8,37,2.94770277922009,اعلموا,رحيم,0,0,plain,file
5:99,5,99,11,10,45,3.2776134368191157,ما,تكتمون,0,0,plain,file
5:100,5,100,16,15,73,3.875,قل,تفلحون,0,0,plain,file
5:101,5,101,26,22,100,4.392747410448784,يا,حليم,0,0,plain,file
5:102,5,102,9,9,34,3.169925001442312,قد,كافرين,0,0,plain,file
5:103,5,103,21,18,85,4.070656113151928,ما,يعقلون,0,0,plain,file
5:104,5,104,24,23,100,4.501629167387822,وإذا,يهتدون,0,0,plain,file
5:105,5,105,20,20,86,4.321928094887363,يا,تعملون,0,0,plain,file
5:106,5,106,52,47,213,5.5081320258334,يا,الآثمين,0,0,plain,file
5:107,5,107,26,25,128,4.623516641218015,فإن,الظالمين,0,0,plain,file
5:108,5,108,22,21,99,4.3685225277282065,ذلك,الفاسقين,0,0,plain,file
5:109,5,109,15,15,59,3.906890595608519,يوم,الغيوب,0,0,plain,file
5:110,5,110,64,56,280,5.675704882778696,إذ,مبين,0,0,plain,file
5:111,5,111,13,13,61,3.7004397181410926,وإذ,مسلمون,0,0,plain,file
5:112,5,112,22,21,86,4.3685225277282065,إذ,مؤمنين,0,0,plain,file
5:113,5,113,15,14,66,3.773557262275186,قالوا,الشاهدين,0,0,plain,file
5:114,5,114,22,22,97,4.459431618637297,قال,الرازقين,0,0,plain,file
5:115,5,115,17,16,70,3.9698157824268097,قال,العالمين,0,0,plain,file
5:116,5,116,45,38,153,5.13629754077412,وإذ,الغيوب,0,0,plain,file
5:117,5,117,29,26,108,4.625053839880556,ما,شهيد,0,0,plain,file
5:118,5,118,11,11,47,3.4594316186372973,إن,الحكيم,0,0,plain,file
5:119,5,119,24,23,102,4.501629167387822,قال,العظيم,0,0,plain,file
5:120,5,120,11,11,42,3.4594316186372973,لله,قدير,0,0,plain,file
6:1,6,1,18,18,88,4.169925001442312,بسم,يعدلون,0,0,plain,file
6:2,6,2,14,13,49,3.6644977792004614,هو,تمترون,0,0,plain,file
6:3,6,3,12,12,52,3.584962500721156,وهو,تكسبون,0,0,plain,file
6:4,6,4,11,10,42,3.2776134368191157,وما,معرضين,0,0,plain,file
6:5,6,5,12,12,53,3.584962500721156,فقد,يستهزئون,0,0,plain,file
6:6,6,6,31,28,138,4.696131794257842,ألم,آخرين,0,0,plain,file
6:7,6,7,16,16,66,4.0,ولو,مبين,0,0,plain,file
6:8,6,8,13,13,53,3.7004397181410926,وقالوا,ينظرون,0,0,plain,file
6:9,6,9,9,9,44,3.169925001442312,ولو,يلبسون,0,0,plain,file
6:10,6,10,13,13,56,3.7004397181410926,ولقد,يستهزئون,0,0,plain,file
6:11,6,11,10,10,41,3.3219280948873626,قل,المكذبين,0,0,plain,file
6:12,6,12,25,23,100,4.483856189774725,قل,يؤمنون,0,0,plain,file
6:13,6,13,9,9,37,3.169925001442312,وله,العليم,0,0,plain,file
6:14,6,14,24,20,92,4.251629167387822,قل,المشركين,0,0,plain,file
6:15,6,15,9,9,29,3.169925001442312,قل,عظيم,0,0,plain,file
6:16,6,16,9,9,36,3.169925001442312,من,المبين,0,0,plain,file
6:17,6,17,17,15,56,3.85216872360328,وإن,قدير,0,0,plain,file
6:18,6,18,7,6,32,2.521640636343318,وهو,الخبير,0,0,plain,file
6:19,6,19,37,33,137,4.93918309535868,قل,تشركون,0,0,plain,file
6:20,6,20,13,12,68,3.546593564294939,الذين,يؤمنون,0,0,plain,file
6:21,6,21,14,14,54,3.807354922057604,ومن,الظالمون,0,0,plain,file
6:22,6,22,12,12,57,3.584962500721156,ويوم,تزعمون,0,0,plain,file
6:23,6,23,12,12,43,3.584962500721156,ثم,مشركين,0,0,plain,file
6:24,6,24,10,10,41,3.3219280948873626,انظر,يفترون,0,0,plain,file
6:25,6,25,32,32,133,5.0,ومنهم,الأولين,0,0,plain,file
6:26,6,26,11,10,47,3.2776134368191157,وهم,يشعرون,0,0,plain,file
6:27,6,27,17,17,68,4.087462841250339,ولو,المؤمنين,0,0,plain,file
6:28,6,28,16,16,60,4.0,بل,لكاذبون,0,0,plain,file
6:29,6,29,9,9,39,3.169925001442312,وقالوا,بمبعوثين,0,0,plain,file
6:30,6,30,19,18,76,4.142664355548848,ولو,تكفرون,0,0,plain,file
6:31,6,31,27,25,111,4.60673935401532,قد,يزرون,0,0,plain,file
6:32,6,32,13,13,60,3.7004397181410926,وما,تعقلون,0,0,plain,file
6:33,6,33,14,14,66,3.807354922057604,قد,يجحدون,0,0,plain,file
6:34,6,34,22,20,90,4.277613436819116,ولقد,المرسلين,0,0,plain,file
6:35,6,35,28,27,114,4.735926350629033,وإن,الجاهلين,0,0,plain,file
6:36,6,36,10,10,50,3.3219280948873626,إنما,يرجعون,0,0,plain,file
6:37,6,37,19,18,67,4.142664355548848,وقالوا,يعلمون,0,0,plain,file
6:38,6,38,22,20,82,4.277613436819116,وما,يحشرون,0,0,plain,file
6:39,6,39,17,17,71,4.087462841250339,والذين,مستقيم,0,0,plain,file
6:40,6,40,15,13,62,3.640223928941852,قل,صادقين,0,0,plain,file
6:41,6,41,12,10,46,3.2516291673878226,بل,تشركون,0,0,plain,file
6:42,6,42,11,11,57,3.4594316186372973,ولقد,يتضرعون,0,0,plain,file
6:43,6,43,14,14,63,3.807354922057604,فلولا,يعملون,0,0,plain,file
6:44,6,44,20,20,79,4.321928094887363,فلما,مبلسون,0,0,plain,file
6:45,6,45,9,9,42,3.169925001442312,فقطع,العالمين,0,0,plain,file
6:46,6,46,23,22,90,4.436605434317883,قل,يصدفون,0,0,plain,file
6:47,6,47,14,14,56,3.807354922057604,قل,الظالمون,0,0,plain,file
6:48,6,48,15,15,64,3.906890595608519,وما,يحزنون,0,0,plain,file
6:49,6,49,8,8,43,3.0,والذين,يفسقون,0,0,plain,file
6:50,6,50,28,24,103,4.521640636343319,قل,تتفكرون,0,0,plain,file
6:51,6,51,17,17,65,4.087462841250339,وأنذر,يتقون,0,0,plain,file
6:52,6,52,25,20,105,4.099470570797252,ولا,الظالمين,0,0,plain,file
6:53,6,53,15,13,71,3.640223928941852,وكذلك,بالشاكرين,0,0,plain,file
6:54,6,54,27,26,108,4.680813428089394,وإذا,رحيم,0,0,plain,file
6:55,6,55,6,6,35,2.584962500721156,وكذلك,المجرمين,0,0,plain,file
6:56,6,56,21,19,74,4.20184123230257,قل,المهتدين,0,0,plain,file
6:57,6,57,22,20,77,4.277613436819116,قل,الفاصلين,0,0,plain,file
6:58,6,58,14,14,59,3.807354922057604,قل,بالظالمين,0,0,plain,file
6:59,6,59,31,24,113,4.429529777919442,وعنده,مبين,0,0,plain,file
6:60,6,60,22,20,95,4.243300368538958,وهو,تعملون,0,0,plain,file
6:61,6,61,17,17,71,4.087462841250339,وهو,يفرطون,0,0,plain,file
6:62,6,62,12,12,48,3.584962500721156,ثم,الحاسبين,0,0,plain,file
6:63,6,63,17,14,73,3.6168746059562213,قل,الشاكرين,0,0,plain,file
6:64,6,64,10,10,36,3.3219280948873626,قل,تشركون,0,0,plain,file
6:65,6,65,27,25,105,4.60673935401532,قل,يفقهون,0,0,plain,file
6:66,6,66,9,9,32,3.169925001442312,وكذب,بوكيل,0,0,plain,file
6:67,6,67,5,5,21,2.321928094887362,لكل,تعلمون,0,0,plain,file
6:68,6,68,23,22,103,4.436605434317883,وإذا,الظالمين,0,0,plain,file
6:69,6,69,12,10,47,3.2516291673878226,وما,يتقون,0,0,plain,file
6:70,6,70,45,41,175,5.297300040726043,وذر,يكفرون,0,0,plain,file
6:71,6,71,39,35,160,5.06091792393498,قل,العالمين,0,0,plain,file
6:72,6,72,8,8,38,3.0,وأن,تحشرون,0,0,plain,file
6:73,6,73,24,23,106,4.501629167387822,وهو,الخبير,0,0,plain,file
6:74,6,74,14,14,58,3.807354922057604,وإذ,مبين,0,0,plain,file
6:75,6,75,9,9,50,3.169925001442312,وكذلك,الموقنين,0,0,plain,file
6:76,6,76,15,13,54,3.640223928941852,فلما,الآفلين,0,0,plain,file
6:77,6,77,18,15,69,3.8365916681089787,فلما,الضالين,0,0,plain,file
6:78,6,78,18,15,65,3.8365916681089787,فلما,تشركون,0,0,plain,file
6:79,6,79,12,12,53,3.584962500721156,إني,المشركين,0,0,plain,file
6:80,6,80,25,24,92,4.563856189774725,وحاجه,تتذكرون,0,0,plain,file
6:81,6,81,22,20,93,4.277613436819116,وكيف,تعلمون,0,0,plain,file
6:82,6,82,11,11,52,3.4594316186372973,الذين,مهتدون,0,0,plain,file
6:83,6,83,14,14,58,3.807354922057604,وتلك,عليم,0,0,plain,file
6:84,6,84,21,20,100,4.297079327540665,ووهبنا,المحسنين,0,0,plain,file
6:85,6,85,7,7,34,2.8073549220576037,وزكريا,الصالحين,0,0,plain,file
6:86,6,86,8,8,44,3.0,وإسماعيل,العالمين,0,0,plain,file
6:87,6,87,9,9,56,3.169925001442312,ومن,مستقيم,0,0,plain,file
6:88,6,88,16,15,59,3.875,ذلك,يعملون,0,0,plain,file
6:89,6,89,17,15,81,3.807763576417194,أولئك,بكافرين,0,0,plain,file
6:90,6,90,16,16,66,4.0,أولئك,للعالمين,0,0,plain,file
6:91,6,91,44,38,171,5.169547811769946,وما,يلعبون,0,0,plain,file
6:92,6,92,22,21,102,4.3685225277282065,وهذا,يحافظون,0,0,plain,file
6:93,6,93,49,44,201,5.395222344071056,ومن,تستكبرون,0,0,plain,file
6:94,6,94,29,28,128,4.789015477886192,ولقد,تزعمون,0,0,plain,file
6:95,6,95,17,13,69,3.616874605956222,إن,تؤفكون,0,0,plain,file
6:96,6,96,12,12,62,3.584962500721156,فالق,العليم,0,0,plain,file
6:97,6,97,16,16,69,4.0,وهو,يعلمون,0,0,plain,file
6:98,6,98,13,13,59,3.7004397181410926,وهو,يفقهون,0,0,plain,file
6:99,6,99,44,40,187,5.260456902679037,وهو,يؤمنون,0,0,plain,file
6:100,6,100,15,15,68,3.906890595608519,وجعلوا,يصفون,0,0,plain,file
6:101,6,101,18,16,65,3.94770277922009,بديع,عليم,0,0,plain,file
6:102,6,102,16,14,53,3.75,ذلكم,وكيل,0,0,plain,file
6:103,6,103,9,7,43,2.725480556997868,لا,الخبير,0,0,plain,file
6:104,6,104,15,15,59,3.906890595608519,قد,بحفيظ,0,0,plain,file
6:105,6,105,8,8,44,3.0,وكذلك,يعلمون,0,0,plain,file
6:106,6,106,13,13,44,3.7004397181410926,اتبع,المشركين,0,0,plain,file
6:107,6,107,13,11,53,3.3927474104487847,ولو,بوكيل,0,0,plain,file
6:108,6,108,25,24,103,4.563856189774725,ولا,يعملون,0,0,plain,file
6:109,6,109,21,21,90,4.392317422778761,وأقسموا,يؤمنون,0,0,plain,file
6:110,6,110,13,13,60,3.7004397181410926,ونقلب,يعمهون,0,0,plain,file
6:111,6,111,22,22,100,4.459431618637297,ولو,يجهلون,0,0,plain,file
6:112,6,112,23,23,95,4.523561956057013,وكذلك,يفترون,0,0,plain,file
6:113,6,113,12,12,62,3.584962500721156,ولتصغى,مقترفون,0,0,plain,file
6:114,6,114,23,21,105,4.349648912578752,أفغير,الممترين,0,0,plain,file
6:115,6,115,11,11,48,3.4594316186372973,وتمت,العليم,0,0,plain,file
6:116,6,116,18,16,63,3.94770277922009,وإن,يخرصون,0,0,plain,file
6:117,6,117,11,10,39,3.2776134368191157,إن,بالمهتدين,0,0,plain,file
6:118,6,118,10,10,40,3.3219280948873626,فكلوا,مؤمنين,0,0,plain,file
6:119,6,119,30,28,116,4.773557262275186,وما,بالمعتدين,0,0,plain,file
6:120,6,120,12,11,59,3.4182958340544896,وذروا,يقترفون,0,0,plain,file
6:121,6,121,20,19,96,4.221928094887363,ولا,لمشركون,0,0,plain,file
6:122,6,122,24,23,100,4.501629167387822,أومن,يعملون,0,0,plain,file
6:123,6,123,15,14,69,3.773557262275186,وكذلك,يشعرون,0,0,plain,file
6:124,6,124,29,27,118,4.694019357121935,وإذا,يمكرون,0,0,plain,file
6:125,6,125,28,23,110,4.450212064914747,فمن,يؤمنون,0,0,plain,file
6:126,6,126,9,9,41,3.169925001442312,وهذا,يذكرون,0,0,plain,file
6:127,6,127,10,10,41,3.3219280948873626,لهم,يعملون,0,0,plain,file
6:128,6,128,36,34,151,5.0588138903312005,ويوم,عليم,0,0,plain,file
6:129,6,129,8,8,38,3.0,وكذلك,يكسبون,0,0,plain,file
6:130,6,130,28,27,134,4.735926350629033,يا,كافرين,0,0,plain,file
6:131,6,131,10,10,38,3.3219280948873626,ذلك,غافلون,0,0,plain,file
6:132,6,132,9,9,37,3.169925001442312,ولكل,يعملون,0,0,plain,file
6:133,6,133,18,17,71,4.058813890331201,وربك,آخرين,0,0,plain,file
6:134,6,134,7,7,27,2.8073549220576037,إن,بمعجزين,0,0,plain,file
6:135,6,135,19,19,75,4.247927513443585,قل,الظالمون,0,0,plain,file
6:136,6,136,31,26,128,4.607264455478376,وجعلوا,يحكمون,0,0,plain,file
6:137,6,137,20,20,96,4.321928094887363,وكذلك,يفترون,0,0,plain,file
6:138,6,138,26,24,117,4.546593564294938,وقالوا,يفترون,0,0,plain,file
6:139,6,139,22,22,95,4.459431618637297,وقالوا,عليم,0,0,plain,file
6:140,6,140,20,18,83,4.1219280948873624,قد,مهتدين,0,0,plain,file
6:141,6,141,31,29,145,4.825164052322358,وهو,المسرفين,0,0,plain,file
6:142,6,142,16,16,70,4.0,ومن,مبين,0,0,plain,file
6:143,6,143,23,21,106,4.349648912578752,ثمانية,صادقين,0,0,plain,file
6:144,6,144,40,34,167,5.003055907333276,ومن,الظالمين,0,0,plain,file
6:145,6,145,39,37,128,5.163482026499082,قل,رحيم,0,0,plain,file
6:146,6,146,28,25,122,4.59306920777189,وعلى,لصادقون,0,0,plain,file
6:147,6,147,13,13,51,3.7004397181410926,فإن,المجرمين,0,0,plain,file
6:148,6,148,37,32,142,4.918780730435343,سيقول,تخرصون,0,0,plain,file
6:149,6,149,8,8,36,3.0,قل,أجمعين,0,0,plain,file
6:150,6,150,27,26,118,4.680813428089394,قل,يعدلون,0,0,plain,file
6:151,6,151,42,36,180,5.088629625108201,قل,تعقلون,0,0,plain,file
6:152,6,152,35,34,149,5.0721401598021085,ولا,تذكرون,0,0,plain,file
6:153,6,153,17,17,75,4.087462841250339,وأن,تتقون,0,0,plain,file
6:154,6,154,17,17,75,4.087462841250339,ثم,يؤمنون,0,0,plain,file
6:155,6,155,8,8,44,3.0,وهذا,ترحمون,0,0,plain,file
6:156,6,156,14,14,61,3.807354922057604,أن,لغافلين,0,0,plain,file
6:157,6,157,35,34,144,5.0721401598021085,أو,يصدفون,0,0,plain,file
6:158,6,158,37,28,138,4.661759784372453,هل,منتظرون,0,0,plain,file
6:159,6,159,19,19,77,4.247927513443585,إن,يفعلون,0,0,plain,file
6:160,6,160,16,15,64,3.875,من,يظلمون,0,0,plain,file
6:161,6,161,16,16,66,4.0,قل,المشركين,0,0,plain,file
6:162,6,162,9,9,39,3.169925001442312,قل,العالمين,0,0,plain,file
6:163,6,163,8,8,32,3.0,لا,المسلمين,0,0,plain,file
6:164,6,164,29,27,104,4.720049960644813,قل,تختلفون,0,0,plain,file
6:165,6,165,21,21,86,4.392317422778761,وهو,رحيم,0,0,plain,file
7:1,7,1,5,5,23,2.321928094887362,بسم,المص,0,0,plain,file
7:2,7,2,13,13,50,3.7004397181410926,كتاب,للمؤمنين,0,0,plain,file
7:3,7,3,14,12,57,3.521640636343318,اتبعوا,تذكرون,0,0,plain,file
7:4,7,4,10,10,43,3.3219280948873626,وكم,قائلون,0,0,plain,file
7:5,7,5,12,12,46,3.584962500721156,فما,ظالمين,0,0,plain,file
7:6,7,6,6,6,36,2.584962500721156,فلنسألن,المرسلين,0,0,plain,file
7:7,7,7,6,6,27,2.584962500721156,فلنقصن,غائبين,0,0,plain,file
7:8,7,8,9,9,45,3.169925001442312,والوزن,المفلحون,0,0,plain,file
7:9,7,9,11,11,56,3.4594316186372973,ومن,يظلمون,0,0,plain,file
7:10,7,10,11,11,48,3.4594316186372973,ولقد,تشكرون,0,0,plain,file
7:11,7,11,16,15,73,3.875,ولقد,الساجدين,0,0,plain,file
7:12,7,12,17,15,57,3.85216872360328,قال,طين,0,0,plain,file
7:13,7,13,13,13,50,3.7004397181410926,قال,الصاغرين,0,0,plain,file
7:14,7,14,5,5,21,2.321928094887362,قال,يبعثون,0,0,plain,file
7:15,7,15,4,4,16,2.0,قال,المنظرين,0,0,plain,file
7:16,7,16,7,7,36,2.8073549220576037,قال,المستقيم,0,0,plain,file
7:17,7,17,15,14,66,3.773557262275186,ثم,شاكرين,0,0,plain,file
7:18,7,18,12,12,54,3.584962500721156,قال,أجمعين,0,0,plain,file
7:19,7,19,17,16,70,3.9698157824268097,ويا,الظالمين,0,0,plain,file
7:20,7,20,25,21,105,4.323856189774725,فوسوس,الخالدين,0,0,plain,file
7:21,7,21,5,5,26,2.321928094887362,وقاسمهما,الناصحين,0,0,plain,file
7:22,7,22,28,26,130,4.664497779200461,فدلاهما,مبين,0,0,plain,file
7:23,7,23,12,12,54,3.584962500721156,قالا,الخاسرين,0,0,plain,file
7:24,7,24,12,12,48,3.584962500721156,قال,حين,0,0,plain,file
7:25,7,25,7,7,34,2.8073549220576037,قال,تخرجون,0,0,plain,file
7:26,7,26,20,19,83,4.221928094887363,يا,يذكرون,0,0,plain,file
7:27,7,27,31,28,138,4.736296713542892,يا,يؤمنون,0,0,plain,file
7:28,7,28,22,20,94,4.277613436819116,وإذا,تعلمون,0,0,plain,file
7:29,7,29,16,16,69,4.0,قل,تعودون,0,0,plain,file
7:30,7,30,16,16,78,4.0,فريقا,مهتدون,0,0,plain,file
7:31,7,31,16,16,64,4.0,يا,المسرفين,0,0,plain,file
7:32,7,32,26,24,111,4.546593564294938,قل,يعلمون,0,0,plain,file
7:33,7,33,29,26,110,4.625053839880556,قل,تعلمون,0,0,plain,file
7:34,7,34,11,11,47,3.4594316186372973,ولكل,يستقدمون,0,0,plain,file
7:35,7,35,19,19,74,4.247927513443585,يا,يحزنون,0,0,plain,file
7:36,7,36,11,11,58,3.4594316186372973,والذين,خالدون,0,0,plain,file
7:37,7,37,37,33,157,4.993237149412734,فمن,كافرين,0,0,plain,file
7:38,7,38,40,35,161,5.053055907333276,قال,تعلمون,0,0,plain,file
7:39,7,39,14,14,62,3.807354922057604,وقالت,تكسبون,0,0,plain,file
7:40,7,40,23,23,104,4.523561956057013,إن,المجرمين,0,0,plain,file
7:41,7,41,10,10,42,3.3219280948873626,لهم,الظالمين,0,0,plain,file
7:42,7,42,15,15,70,3.906890595608519,والذين,خالدون,0,0,plain,file
7:43,7,43,36,33,150,5.003258334775645,ونزعنا,تعملون,0,0,plain,file
7:44,7,44,28,24,110,4.521640636343319,ونادى,الظالمين,0,0,plain,file
7:45,7,45,10,10,48,3.3219280948873626,الذين,كافرون,0,0,plain,file
7:46,7,46,18,18,87,4.169925001442312,وبينهما,يطمعون,0,0,plain,file
7:47,7,47,13,13,62,3.7004397181410926,وإذا,الظالمين,0,0,plain,file
7:48,7,48,14,14,72,3.807354922057604,ونادى,تستكبرون,0,0,plain,file
7:49,7,49,15,14,68,3.773557262275186,أهؤلاء,تحزنون,0,0,plain,file
7:50,7,50,20,18,87,4.1219280948873624,ونادى,الكافرين,0,0,plain,file
7:51,7,51,19,19,95,4.247927513443585,الذين,يجحدون,0,0,plain,file
7:52,7,52,10,10,45,3.3219280948873626,ولقد,يؤمنون,0,0,plain,file
7:53,7,53,38,34,146,5.037401197654112,هل,يفترون,0,0,plain,file
7:54,7,54,32,31,145,4.9375,إن,العالمين,0,0,plain,file
7:55,7,55,8,8,35,3.0,ادعوا,المعتدين,0,0,plain,file
7:56,7,56,15,15,65,3.906890595608519,ولا,المحسنين,0,0,plain,file
7:57,7,57,29,28,123,4.789015477886192,وهو,تذكرون,0,0,plain,file
7:58,7,58,17,16,72,3.9698157824268097,والبلد,يشكرون,0,0,plain,file
7:59,7,59,21,21,76,4.392317422778761,لقد,عظيم,0,0,plain,file
7:60,7,60,9,9,32,3.169925001442312,قال,مبين,0,0,plain,file
7:61,7,61,11,11,39,3.4594316186372973,قال,العالمين,0,0,plain,file
7:62,7,62,11,11,44,3.4594316186372973,أبلغكم,تعلمون,0,0,plain,file
7:63,7,63,13,13,59,3.7004397181410926,أوعجبتم,ترحمون,0,0,plain,file
7:64,7,64,14,14,71,3.807354922057604,فكذبوه,عمين,0,0,plain,file
7:65,7,65,16,16,57,4.0,وإلى,تتقون,0,0,plain,file
7:66,7,66,14,13,58,3.6644977792004614,قال,الكاذبين,0,0,plain,file
7:67,7,67,11,11,39,3.4594316186372973,قال,العالمين,0,0,plain,file
7:68,7,68,7,7,30,2.8073549220576037,أبلغكم,أمين,0,0,plain,file
7:69,7,69,27,26,113,4.680813428089394,أوعجبتم,تفلحون,0,0,plain,file
7:70,7,70,17,17,71,4.087462841250339,قالوا,الصادقين,0,0,plain,file
7:71,7,71,25,23,107,4.453660689688186,قال,المنتظرين,0,0,plain,file
7:72,7,72,13,13,66,3.7004397181410926,فأنجيناه,مؤمنين,0,0,plain,file
7:73,7,73,35,31,132,4.879143374026009,وإلى,أليم,0,0,plain,file
7:74,7,74,25,22,113,4.403856189774725,واذكروا,مفسدين,0,0,plain,file
7:75,7,75,23,22,96,4.436605434317883,قال,مؤمنون,0,0,plain,file
7:76,7,76,8,8,37,3.0,قال,كافرون,0,0,plain,file
7:77,7,77,16,16,66,4.0,فعقروا,المرسلين,0,0,plain,file
7:78,7,78,6,6,33,2.584962500721156,فأخذتهم,جاثمين,0,0,plain,file
7:79,7,79,15,15,63,3.906890595608519,فتولى,الناصحين,0,0,plain,file
7:80,7,80,13,12,53,3.546593564294939,ولوطا,العالمين,0,0,plain,file
7:81,7,81,11,11,46,3.4594316186372973,إنكم,مسرفون,0,0,plain,file
7:82,7,82,13,13,54,3.7004397181410926,وما,يتطهرون,0,0,plain,file
7:83,7,83,7,7,36,2.8073549220576037,فأنجيناه,الغابرين,0,0,plain,file
7:84,7,84,8,8,40,3.0,وأمطرنا,المجرمين,0,0,plain,file
7:85,7,85,38,35,156,5.09003277660148,وإلى,مؤمنين,0,0,plain,file
7:86,7,86,24,24,107,4.584962500721156,ولا,المفسدين,0,0,plain,file
7:87,7,87,19,19,83,4.247927513443585,وإن,الحاكمين,0,0,plain,file
7:88,7,88,22,20,93,4.277613436819116,قال,كارهين,0,0,plain,file
7:89,7,89,42,35,159,4.993391529870106,قد,الفاتحين,0,0,plain,file
7:90,7,90,12,12,53,3.584962500721156,وقال,لخاسرون,0,0,plain,file
7:91,7,91,6,6,33,2.584962500721156,فأخذتهم,جاثمين,0,0,plain,file
7:92,7,92,13,10,59,3.238901256602631,الذين,الخاسرين,0,0,plain,file
7:93,7,93,16,15,64,3.875,فتولى,كافرين,0,0,plain,file
7:94,7,94,13,13,59,3.7004397181410926,وما,يضرعون,0,0,plain,file
7:95,7,95,18,18,82,4.169925001442312,ثم,يشعرون,0,0,plain,file
7:96,7,96,18,18,85,4.169925001442312,ولو,يكسبون,0,0,plain,file
7:97,7,97,9,9,40,3.169925001442312,أفأمن,نائمون,0,0,plain,file
7:98,7,98,9,9,38,3.169925001442312,أوأمن,يلعبون,0,0,plain,file
7:99,7,99,10,8,44,2.9219280948873623,أفأمنوا,الخاسرون,0,0,plain,file
7:100,7,100,19,19,79,4.247927513443585,أولم,يسمعون,0,0,plain,file
7:101,7,101,23,22,102,4.436605434317883,تلك,الكافرين,0,0,plain,file
7:102,7,102,9,8,41,2.94770277922009,وما,لفاسقين,0,0,plain,file
7:103,7,103,16,16,71,4.0,ثم,المفسدين,0,0,plain,file
7:104,7,104,9,9,34,3.169925001442312,وقال,العالمين,0,0,plain,file
7:105,7,105,18,17,65,4.058813890331201,حقيق,إسرائيل,0,0,plain,file
7:106,7,106,11,9,36,3.095795255000934,قال,الصادقين,0,0,plain,file
7:107,7,107,6,6,24,2.584962500721156,فألقى,مبين,0,0,plain,file
7:108,7,108,6,6,26,2.584962500721156,ونزع,للناظرين,0,0,plain,file
7:109,7,109,9,9,32,3.169925001442312,قال,عليم,0,0,plain,file
7:110,7,110,7,7,30,2.8073549220576037,يريد,تأمرون,0,0,plain,file
7:111,7,111,7,7,34,2.8073549220576037,قالوا,حاشرين,0,0,plain,file
7:112,7,112,4,4,16,2.0,يأتوك,عليم,0,0,plain,file
7:113,7,113,11,10,46,3.2776134368191157,وجاء,الغالبين,0,0,plain,file
7:114,7,114,5,5,22,2.321928094887362,قال,المقربين,0,0,plain,file
7:115,7,115,11,10,40,3.2776134368191157,قالوا,الملقين,0,0,plain,file
7:116,7,116,11,10,55,3.2776134368191157,قال,عظيم,0,0,plain,file
7:117,7,117,11,11,41,3.4594316186372973,وأوحينا,يأفكون,0,0,plain,file
7:118,7,118,6,6,25,2.584962500721156,فوقع,يعملون,0,0,plain,file
7:119,7,119,4,4,25,2.0,فغلبوا,صاغرين,0,0,plain,file
7:120,7,120,3,3,17,1.584962500721156,وألقي,ساجدين,0,0,plain,file
7:121,7,121,4,4,20,2.0,قالوا,العالمين,0,0,plain,file
7:122,7,122,3,3,12,1.584962500721156,رب,وهارون,0,0,plain,file
7:123,7,123,19,19,77,4.247927513443585,قال,تعلمون,0,0,plain,file
7:124,7,124,8,8,41,3.0,لأقطعن,أجمعين,0,0,plain,file
7:125,7,125,5,5,22,2.321928094887362,قالوا,منقلبون,0,0,plain,file
7:126,7,126,16,15,66,3.875,وما,مسلمين,0,0,plain,file
7:127,7,127,21,21,100,4.392317422778761,وقال,قاهرون,0,0,plain,file
7:128,7,128,16,15,76,3.875,قال,للمتقين,0,0,plain,file
7:129,7,129,22,21,88,4.3685225277282065,قالوا,تعملون,0,0,plain,file
7:130,7,130,10,10,47,3.3219280948873626,ولقد,يذكرون,0,0,plain,file
7:131,7,131,22,22,94,4.459431618637297,فإذا,يعلمون,0,0,plain,file
7:132,7,132,12,12,47,3.584962500721156,وقالوا,بمؤمنين,0,0,plain,file
7:133,7,133,13,13,80,3.7004397181410926,فأرسلنا,مجرمين,0,0,plain,file
7:134,7,134,23,22,90,4.436605434317883,ولما,إسرائيل,0,0,plain,file
7:135,7,135,11,10,43,3.2776134368191157,فلما,ينكثون,0,0,plain,file
7:136,7,136,11,11,60,3.4594316186372973,فانتقمنا,غافلين,0,0,plain,file
7:137,7,137,29,28,139,4.789015477886192,وأورثنا,يعرشون,0,0,plain,file
7:138,7,138,24,21,99,4.334962500721156,وجاوزنا,تجهلون,0,0,plain,file
7:139,7,139,10,9,36,3.1219280948873624,إن,يعملون,0,0,plain,file
7:140,7,140,9,9,40,3.169925001442312,قال,العالمين,0,0,plain,file
7:141,7,141,18,17,85,4.058813890331201,وإذ,عظيم,0,0,plain,file
7:142,7,142,23,21,109,4.349648912578752,وواعدنا,المفسدين,0,0,plain,file
7:143,7,143,41,34,165,4.9976766996872675,ولما,المؤمنين,0,0,plain,file
7:144,7,144,15,15,65,3.906890595608519,قال,الشاكرين,0,0,plain,file
7:145,7,145,20,19,89,4.221928094887363,وكتبنا,الفاسقين,0,0,plain,file
7:146,7,146,36,28,153,4.68354236243323,سأصرف,غافلين,0,0,plain,file
7:147,7,147,13,13,63,3.7004397181410926,والذين,يعملون,0,0,plain,file
7:148,7,148,22,21,89,4.3685225277282065,واتخذ,ظالمين,0,0,plain,file
7:149,7,149,18,18,74,4.169925001442312,ولما,الخاسرين,0,0,plain,file
7:150,7,150,39,37,172,5.182838116298146,ولما,الظالمين,0,0,plain,file
7:151,7,151,11,11,46,3.4594316186372973,قال,الراحمين,0,0,plain,file
7:152,7,152,15,15,69,3.906890595608519,إن,المفترين,0,0,plain,file
7:153,7,153,14,12,59,3.521640636343318,والذين,رحيم,0,0,plain,file
7:154,7,154,15,15,63,3.906890595608519,ولما,يرهبون,0,0,plain,file
7:155,7,155,41,38,170,5.19279865090678,واختار,الغافرين,0,0,plain,file
7:156,7,156,30,30,129,4.906890595608519,واكتب,يؤمنون,0,0,plain,file
7:157,7,157,43,41,222,5.333241498888144,الذين,المفلحون,0,0,plain,file
7:158,7,158,32,30,141,4.875,قل,تهتدون,0,0,plain,file
7:159,7,159,8,8,32,3.0,ومن,يعدلون,0,0,plain,file
7:160,7,160,43,41,200,5.333241498888144,وقطعناهم,يظلمون,0,0,plain,file
7:161,7,161,20,20,93,4.321928094887363,وإذ,المحسنين,0,0,plain,file
7:162,7,162,17,17,73,4.087462841250339,فبدل,يظلمون,0,0,plain,file
7:163,7,163,27,24,118,4.532665279941246,واسألهم,يفسقون,0,0,plain,file
7:164,7,164,19,19,81,4.247927513443585,وإذ,يتقون,0,0,plain,file
7:165,7,165,18,17,79,4.058813890331201,فلما,يفسقون,0,0,plain,file
7:166,7,166,11,11,41,3.4594316186372973,فلما,خاسئين,0,0,plain,file
7:167,7,167,19,18,80,4.142664355548848,وإذ,رحيم,0,0,plain,file
7:168,7,168,14,14,77,3.807354922057604,وقطعناهم,يرجعون,0,0,plain,file
7:169,7,169,40,38,172,5.221928094887363,فخلف,تعقلون,0,0,plain,file
7:170,7,170,10,10,52,3.3219280948873626,والذين,المصلحين,0,0,plain,file
7:171,7,171,19,18,79,4.142664355548848,وإذ,تتقون,0,0,plain,file
7:172,7,172,26,25,104,4.623516641218015,وإذ,غافلين,0,0,plain,file
7:173,7,173,15,14,64,3.773557262275186,أو,المبطلون,0,0,plain,file
7:174,7,174,5,5,27,2.321928094887362,وكذلك,يرجعون,0,0,plain,file
7:175,7,175,13,13,64,3.7004397181410926,واتل,الغاوين,0,0,plain,file
7:176,7,176,30,29,132,4.840223928941852,ولو,يتفكرون,0,0,plain,file
7:177,7,177,9,9,47,3.169925001442312,ساء,يظلمون,0,0,plain,file
7:178,7,178,10,10,42,3.3219280948873626,من,الخاسرون,0,0,plain,file
7:179,7,179,30,23,122,4.389898095464288,ولقد,الغافلون,0,0,plain,file
7:180,7,180,14,14,69,3.807354922057604,ولله,يعملون,0,0,plain,file
7:181,7,181,7,7,31,2.8073549220576037,وممن,يعدلون,0,0,plain,file
7:182,7,182,8,8,40,3.0,والذين,يعلمون,0,0,plain,file
7:183,7,183,5,5,18,2.321928094887362,وأملي,متين,0,0,plain,file
7:184,7,184,11,11,40,3.4594316186372973,أولم,مبين,0,0,plain,file
7:185,7,185,22,22,88,4.459431618637297,أولم,يؤمنون,0,0,plain,file
7:186,7,186,10,10,40,3.3219280948873626,من,يعمهون,0,0,plain,file
7:187,7,187,37,29,153,4.756618568273181,يسألونك,يعلمون,0,0,plain,file
7:188,7,188,28,27,104,4.735926350629033,قل,يؤمنون,0,0,plain,file
7:189,7,189,29,27,125,4.720049960644813,هو,الشاكرين,0,0,plain,file
7:190,7,190,12,11,55,3.4182958340544896,فلما,يشركون,0,0,plain,file
7:191,7,191,7,7,28,2.8073549220576037,أيشركون,يخلقون,0,0,plain,file
7:192,7,192,7,6,33,2.521640636343318,ولا,ينصرون,0,0,plain,file
7:193,7,193,12,12,56,3.584962500721156,وإن,صامتون,0,0,plain,file
7:194,7,194,14,13,64,3.6644977792004614,إن,صادقين,0,0,plain,file
7:195,7,195,26,19,99,4.026986833359286,ألهم,تنظرون,0,0,plain,file
7:196,7,196,9,9,39,3.169925001442312,إن,الصالحين,0,0,plain,file
7:197,7,197,10,10,47,3.3219280948873626,والذين,ينصرون,0,0,plain,file
7:198,7,198,12,11,52,3.4182958340544896,وإن,يبصرون,0,0,plain,file
7:199,7,199,7,7,32,2.8073549220576037,خذ,الجاهلين,0,0,plain,file
7:200,7,200,10,10,44,3.3219280948873626,وإما,عليم,0,0,plain,file
7:201,7,201,12,12,50,3.584962500721156,إن,مبصرون,0,0,plain,file
7:202,7,202,7,7,31,2.8073549220576037,وإخوانهم,يقصرون,0,0,plain,file
7:203,7,203,23,22,89,4.436605434317883,وإذا,يؤمنون,0,0,plain,file
7:204,7,204,8,8,41,3.0,وإذا,ترحمون,0,0,plain,file
7:205,7,205,16,15,69,3.875,واذكر,الغافلين,0,0,plain,file
7:206,7,206,11,11,48,3.4594316186372973,إن,يسجدون,0,0,plain,file
8:1,8,1,22,19,108,4.152391277629866,بسم,مؤمنين,0,0,plain,file
8:2,8,2,17,17,82,4.087462841250339,إنما,يتوكلون,0,0,plain,file
8:3,8,3,6,6,34,2.584962500721156,الذين,ينفقون,0,0,plain,file
8:4,8,4,11,11,47,3.4594316186372973,أولئك,كريم,0,0,plain,file
8:5,8,5,11,10,47,3.2776134368191157,كما,لكارهون,0,0,plain,file
8:6,8,6,12,12,51,3.584962500721156,يجادلونك,ينظرون,0,0,plain,file
8:7,8,7,23,20,101,4.2626923908396215,وإذ,الكافرين,0,0,plain,file
8:8,8,8,7,7,33,2.8073549220576037,ليحق,المجرمون,0,0,plain,file
8:9,8,9,11,11,52,3.4594316186372973,إذ,مردفين,0,0,plain,file
8:10,8,10,18,14,67,3.6835423624332306,وما,حكيم,0,0,plain,file
8:11,8,11,22,21,99,4.3685225277282065,إذ,الأقدام,0,0,plain,file
8:12,8,12,23,22,103,4.436605434317883,إذ,بنان,0,0,plain,file
8:13,8,13,13,10,58,3.180832987205441,ذلك,العقاب,0,0,plain,file
8:14,8,14,6,6,30,2.584962500721156,ذلكم,النار,0,0,plain,file
8:15,8,15,12,11,54,3.4182958340544896,يا,الأدبار,0,0,plain,file
8:16,8,16,20,20,81,4.321928094887363,ومن,المصير,0,0,plain,file
8:17,8,17,21,17,86,3.9754180179138334,فلم,عليم,0,0,plain,file
8:18,8,18,6,6,26,2.584962500721156,ذلكم,الكافرين,0,0,plain,file
8:19,8,19,24,23,97,4.501629167387822,إن,المؤمنين,0,0,plain,file
8:20,8,20,12,12,54,3.584962500721156,يا,تسمعون,0,0,plain,file
8:21,8,21,8,8,36,3.0,ولا,يسمعون,0,0,plain,file
8:22,8,22,10,10,39,3.3219280948873626,إن,يعقلون,0,0,plain,file
8:23,8,23,11,10,49,3.2776134368191157,ولو,معرضون,0,0,plain,file
8:24,8,24,21,21,95,4.392317422778761,يا,تحشرون,0,0,plain,file
8:25,8,25,13,13,58,3.7004397181410926,واتقوا,العقاب,0,0,plain,file
8:26,8,26,19,19,95,4.247927513443585,واذكروا,تشكرون,0,0,plain,file
8:27,8,27,12,12,61,3.584962500721156,يا,تعلمون,0,0,plain,file
8:28,8,28,10,10,48,3.3219280948873626,واعلموا,عظيم,0,0,plain,file
8:29,8,29,19,18,82,4.142664355548848,يا,العظيم,0,0,plain,file
8:30,8,30,16,15,74,3.875,وإذ,الماكرين,0,0,plain,file
8:31,8,31,17,16,69,3.9698157824268097,وإذا,الأولين,0,0,plain,file
8:32,8,32,19,18,72,4.142664355548848,وإذ,أليم,0,0,plain,file
8:33,8,33,12,9,52,3.084962500721156,وما,يستغفرون,0,0,plain,file
8:34,8,34,21,20,93,4.297079327540665,وما,يعلمون,0,0,plain,file
8:35,8,35,13,13,58,3.7004397181410926,وما,تكفرون,0,0,plain,file
8:36,8,36,21,19,98,4.20184123230257,إن,يحشرون,0,0,plain,file
8:37,8,37,18,17,81,4.058813890331201,ليميز,الخاسرون,0,0,plain,file
8:38,8,38,16,16,59,4.0,قل,الأولين,0,0,plain,file
8:39,8,39,16,15,66,3.875,وقاتلوهم,بصير,0,0,plain,file
8:40,8,40,10,10,46,3.3219280948873626,وإن,النصير,0,0,plain,file
8:41,8,41,33,30,150,4.862575937540272,واعلموا,قدير,0,0,plain,file
8:42,8,42,35,30,149,4.84356873123068,إذ,عليم,0,0,plain,file
8:43,8,43,20,18,88,4.1219280948873624,إذ,الصدور,0,0,plain,file
8:44,8,44,19,17,88,4.037401197654112,وإذ,الأمور,0,0,plain,file
8:45,8,45,13,13,61,3.7004397181410926,يا,تفلحون,0,0,plain,file
8:46,8,46,13,12,67,3.546593564294939,وأطيعوا,الصابرين,0,0,plain,file
8:47,8,47,17,17,76,4.087462841250339,ولا,محيط,0,0,plain,file
8:48,8,48,36,31,140,4.871178126382215,وإذ,العقاب,0,0,plain,file
8:49,8,49,18,17,74,4.058813890331201,إذ,حكيم,0,0,plain,file
8:50,8,50,13,13,67,3.7004397181410926,ولو,الحريق,0,0,plain,file
8:51,8,51,9,9,37,3.169925001442312,ذلك,للعبيد,0,0,plain,file
8:52,8,52,17,15,74,3.807763576417194,كدأب,العقاب,0,0,plain,file
8:53,8,53,18,17,68,4.058813890331201,ذلك,عليم,0,0,plain,file
8:54,8,54,17,15,82,3.85216872360328,كدأب,ظالمين,0,0,plain,file
8:55,8,55,10,10,38,3.3219280948873626,إن,يؤمنون,0,0,plain,file
8:56,8,56,12,12,44,3.584962500721156,الذين,يتقون,0,0,plain,file
8:57,8,57,10,10,43,3.3219280948873626,فإما,يذكرون,0,0,plain,file
8:58,8,58,14,14,55,3.807354922057604,وإما,الخائنين,0,0,plain,file
8:59,8,59,8,8,35,3.0,ولا,يعجزون,0,0,plain,file
8:60,8,60,33,28,134,4.695613058621274,وأعدوا,تظلمون,0,0,plain,file
8:61,8,61,12,12,50,3.584962500721156,وإن,العليم,0,0,plain,file
8:62,8,62,12,12,53,3.584962500721156,وإن,وبالمؤمنين,0,0,plain,file
8:63,8,63,20,17,76,4.021928094887363,وألف,حكيم,0,0,plain,file
8:64,8,64,9,9,37,3.169925001442312,يا,المؤمنين,0,0,plain,file
8:65,8,65,27,24,115,4.532665279941246,يا,يفقهون,0,0,plain,file
8:66,8,66,26,22,107,4.392747410448784,الآن,الصابرين,0,0,plain,file
8:67,8,67,20,19,78,4.221928094887363,ما,حكيم,0,0,plain,file
8:68,8,68,10,10,39,3.3219280948873626,لولا,عظيم,0,0,plain,file
8:69,8,69,11,10,46,3.2776134368191157,فكلوا,رحيم,0,0,plain,file
8:70,8,70,25,23,94,4.483856189774725,يا,رحيم,0,0,plain,file
8:71,8,71,13,13,54,3.7004397181410926,وإن,حكيم,0,0,plain,file
8:72,8,72,45,40,209,5.269630874107453,إن,بصير,0,0,plain,file
8:73,8,73,13,13,57,3.7004397181410926,والذين,كبير,0,0,plain,file
8:74,8,74,18,17,85,4.058813890331201,والذين,كريم,0,0,plain,file
8:75,8,75,22,21,95,4.3685225277282065,والذين,عليم,0,0,plain,file
9:1,9,1,9,8,41,2.94770277922009,براءة,المشركين,0,0,plain,file
9:2,9,2,14,13,64,3.6644977792004614,فسيحوا,الكافرين,0,0,plain,file
9:3,9,3,32,28,135,4.726409765557392,وأذان,أليم,0,0,plain,file
9:4,9,4,22,22,98,4.459431618637297,إلا,المتقين,0,0,plain,file
9:5,9,5,26,26,133,4.700439718141092,فإذا,رحيم,0,0,plain,file
9:6,9,6,18,18,74,4.169925001442312,وإن,يعلمون,0,0,plain,file
9:7,9,7,23,21,105,4.349648912578752,كيف,المتقين,0,0,plain,file
9:8,9,8,16,16,77,4.0,كيف,فاسقون,0,0,plain,file
9:9,9,9,13,13,56,3.7004397181410926,اشتروا,يعملون,0,0,plain,file
9:10,9,10,10,10,39,3.3219280948873626,لا,المعتدون,0,0,plain,file
9:11,9,11,13,13,68,3.7004397181410926,فإن,يعلمون,0,0,plain,file
9:12,9,12,18,18,79,4.169925001442312,وإن,ينتهون,0,0,plain,file
9:13,9,13,20,20,93,4.321928094887363,ألا,مؤمنين,0,0,plain,file
9:14,9,14,11,11,59,3.4594316186372973,قاتلوهم,مؤمنين,0,0,plain,file
9:15,9,15,11,11,45,3.4594316186372973,ويذهب,حكيم,0,0,plain,file
9:16,9,16,24,22,102,4.418295834054489,أم,تعملون,0,0,plain,file
9:17,9,17,18,18,83,4.169925001442312,ما,خالدون,0,0,plain,file
9:18,9,18,23,21,99,4.349648912578752,إنما,المهتدين,0,0,plain,file
9:19,9,19,24,22,110,4.418295834054489,أجعلتم,الظالمين,0,0,plain,file
9:20,9,20,16,15,80,3.875,الذين,الفائزون,0,0,plain,file
9:21,9,21,10,10,44,3.3219280948873626,يبشرهم,مقيم,0,0,plain,file
9:22,9,22,8,8,31,3.0,خالدين,عظيم,0,0,plain,file
9:23,9,23,20,20,97,4.321928094887363,يا,الظالمون,0,0,plain,file
9:24,9,24,33,32,170,4.983788058752393,قل,الفاسقين,0,0,plain,file
9:25,9,25,23,23,96,4.523561956057013,لقد,مدبرين,0,0,plain,file
9:26,9,26,18,18,83,4.169925001442312,ثم,الكافرين,0,0,plain,file
9:27,9,27,12,11,40,3.4182958340544896,ثم,رحيم,0,0,plain,file
9:28,9,28,28,26,113,4.664497779200461,يا,حكيم,0,0,plain,file
9:29,9,29,29,26,123,4.625053839880556,قاتلوا,صاغرون,0,0,plain,file
9:30,9,30,23,19,107,4.1429146733542535,وقالت,يؤفكون,0,0,plain,file
9:31,9,31,23,22,102,4.436605434317883,اتخذوا,يشركون,0,0,plain,file
9:32,9,32,15,13,64,3.640223928941852,يريدون,الكافرون,0,0,plain,file
9:33,9,33,14,14,60,3.807354922057604,هو,المشركون,0,0,plain,file
9:34,9,34,29,27,139,4.720049960644813,يا,أليم,0,0,plain,file
9:35,9,35,19,18,84,4.142664355548848,يوم,تكنزون,0,0,plain,file
9:36,9,36,36,33,160,4.982289237493326,إن,المتقين,0,0,plain,file
9:37,9,37,31,27,134,4.696131794257842,إنما,الكافرين,0,0,plain,file
9:38,9,38,29,25,122,4.582118926162055,يا,قليل,0,0,plain,file
9:39,9,39,16,16,70,4.0,إلا,قدير,0,0,plain,file
9:40,9,40,43,36,176,5.036616208140157,إلا,حكيم,0,0,plain,file
9:41,9,41,15,15,71,3.906890595608519,انفروا,تعلمون,0,0,plain,file
9:42,9,42,23,22,113,4.436605434317883,لو,لكاذبون,0,0,plain,file
9:43,9,43,13,13,52,3.7004397181410926,عفا,الكاذبين,0,0,plain,file
9:44,9,44,14,14,77,3.807354922057604,لا,بالمتقين,0,0,plain,file
9:45,9,45,14,14,70,3.807354922057604,إنما,يترددون,0,0,plain,file
9:46,9,46,15,15,71,3.906890595608519,ولو,القاعدين,0,0,plain,file
9:47,9,47,17,17,86,4.087462841250339,لو,بالظالمين,0,0,plain,file
9:48,9,48,16,16,64,4.0,لقد,كارهون,0,0,plain,file
9:49,9,49,15,15,63,3.906890595608519,ومنهم,بالكافرين,0,0,plain,file
9:50,9,50,16,15,65,3.875,إن,فرحون,0,0,plain,file
9:51,9,51,14,13,56,3.6644977792004614,قل,المؤمنون,0,0,plain,file
9:52,9,52,22,22,93,4.459431618637297,قل,متربصون,0,0,plain,file
9:53,9,53,12,12,47,3.584962500721156,قل,فاسقين,0,0,plain,file
9:54,9,54,22,18,95,4.0614821867207755,وما,كارهون,0,0,plain,file
9:55,9,55,17,17,81,4.087462841250339,فلا,كافرون,0,0,plain,file
9:56,9,56,10,10,45,3.3219280948873626,ويحلفون,يفرقون,0,0,plain,file
9:57,9,57,11,10,44,3.2776134368191157,لو,يجمحون,0,0,plain,file
9:58,9,58,16,15,62,3.875,ومنهم,يسخطون,0,0,plain,file
9:59,9,59,19,15,82,3.7216117239699007,ولو,راغبون,0,0,plain,file
9:60,9,60,22,20,118,4.277613436819116,إنما,حكيم,0,0,plain,file
9:61,9,61,26,24,114,4.546593564294938,ومنهم,أليم,0,0,plain,file
9:62,9,62,12,12,55,3.584962500721156,يحلفون,مؤمنين,0,0,plain,file
9:63,9,63,16,16,64,4.0,ألم,العظيم,0,0,plain,file
9:64,9,64,17,17,73,4.087462841250339,يحذر,تحذرون,0,0,plain,file
9:65,9,65,13,13,64,3.7004397181410926,ولئن,تستهزئون,0,0,plain,file
9:66,9,66,16,15,67,3.875,لا,مجرمين,0,0,plain,file
9:67,9,67,19,19,105,4.247927513443585,المنافقون,الفاسقون,0,0,plain,file
9:68,9,68,16,15,79,3.875,وعد,مقيم,0,0,plain,file
9:69,9,69,32,29,168,4.8125,كالذين,الخاسرون,0,0,plain,file
9:70,9,70,26,26,125,4.700439718141092,ألم,يظلمون,0,0,plain,file
9:71,9,71,24,22,132,4.386842188131012,والمؤمنون,حكيم,0,0,plain,file
9:72,9,72,24,21,107,4.334962500721156,وعد,العظيم,0,0,plain,file
9:73,9,73,12,12,62,3.584962500721156,يا,المصير,0,0,plain,file
9:74,9,74,46,40,190,5.2626923908396215,يحلفون,نصير,0,0,plain,file
9:75,9,75,12,10,52,3.188721875540867,ومنهم,الصالحين,0,0,plain,file
9:76,9,76,9,9,37,3.169925001442312,فلما,معرضون,0,0,plain,file
9:77,9,77,15,15,67,3.906890595608519,فأعقبهم,يكذبون,0,0,plain,file
9:78,9,78,11,10,47,3.2776134368191157,ألم,الغيوب,0,0,plain,file
9:79,9,79,20,19,93,4.221928094887363,الذين,أليم,0,0,plain,file
9:80,9,80,25,20,103,4.163856189774725,استغفر,الفاسقين,0,0,plain,file
9:81,9,81,27,25,118,4.60673935401532,فرح,يفقهون,0,0,plain,file
9:82,9,82,8,8,43,3.0,فليضحكوا,يكسبون,0,0,plain,file
9:83,9,83,25,24,112,4.563856189774725,فإن,الخالفين,0,0,plain,file
9:84,9,84,18,16,71,3.94770277922009,ولا,فاسقون,0,0,plain,file
9:85,9,85,16,16,74,4.0,ولا,كافرون,0,0,plain,file
9:86,9,86,18,17,82,4.058813890331201,وإذا,القاعدين,0,0,plain,file
9:87,9,87,11,11,46,3.4594316186372973,رضوا,يفقهون,0,0,plain,file
9:88,9,88,14,13,76,3.6644977792004614,لكن,المفلحون,0,0,plain,file
9:89,9,89,13,13,56,3.7004397181410926,أعد,العظيم,0,0,plain,file
9:90,9,90,17,16,80,3.9698157824268097,وجاء,أليم,0,0,plain,file
9:91,9,91,26,21,103,4.238901256602631,ليس,رحيم,0,0,plain,file
9:92,9,92,23,21,90,4.316827716832514,ولا,ينفقون,0,0,plain,file
9:93,9,93,19,18,86,4.142664355548848,إنما,يعلمون,0,0,plain,file
9:94,9,94,30,29,132,4.840223928941852,يعتذرون,تعملون,0,0,plain,file
9:95,9,95,18,17,88,4.058813890331201,سيحلفون,يكسبون,0,0,plain,file
9:96,9,96,14,12,59,3.521640636343318,يحلفون,الفاسقين,0,0,plain,file
9:97,9,97,16,16,69,4.0,الأعراب,حكيم,0,0,plain,file
9:98,9,98,16,16,71,4.0,ومن,عليم,0,0,plain,file
9:99,9,99,27,25,113,4.578780557638895,ومن,رحيم,0,0,plain,file
9:100,9,100,25,25,128,4.643856189774724,والسابقون,العظيم,0,0,plain,file
9:101,9,101,22,22,99,4.459431618637297,وممن,عظيم,0,0,plain,file
9:102,9,102,17,16,74,3.9698157824268097,وآخرون,رحيم,0,0,plain,file
9:103,9,103,16,16,65,4.0,خذ,عليم,0,0,plain,file
9:104,9,104,16,14,67,3.75,ألم,الرحيم,0,0,plain,file
9:105,9,105,16,16,85,4.0,وقل,تعملون,0,0,plain,file
9:106,9,106,12,12,54,3.584962500721156,وآخرون,حكيم,0,0,plain,file
9:107,9,107,24,24,117,4.584962500721156,والذين,لكاذبون,0,0,plain,file
9:108,9,108,23,20,86,4.229871195093384,لا,المطهرين,0,0,plain,file
9:109,9,109,27,23,101,4.458591205867172,أفمن,الظالمين,0,0,plain,file
9:110,9,110,15,14,61,3.773557262275186,لا,حكيم,0,0,plain,file
9:111,9,111,37,33,174,4.972834784489398,إن,العظيم,0,0,plain,file
9:112,9,112,16,16,109,4.0,التائبون,المؤمنين,0,0,plain,file
9:113,9,113,20,19,84,4.221928094887363,ما,الجحيم,0,0,plain,file
9:114,9,114,22,21,88,4.3685225277282065,وما,حليم,0,0,plain,file
9:115,9,115,18,17,61,4.058813890331201,وما,عليم,0,0,plain,file
9:116,9,116,17,15,61,3.85216872360328,إن,نصير,0,0,plain,file
9:117,9,117,27,26,109,4.680813428089394,لقد,رحيم,0,0,plain,file
9:118,9,118,31,28,127,4.736296713542892,وعلى,الرحيم,0,0,plain,file
9:119,9,119,9,9,41,3.169925001442312,يا,الصادقين,0,0,plain,file
9:120,9,120,52,43,199,5.270352641668009,ما,المحسنين,0,0,plain,file
9:121,9,121,18,16,77,3.905764584655453,ولا,يعملون,0,0,plain,file
9:122,9,122,22,22,102,4.459431618637297,وما,يحذرون,0,0,plain,file
9:123,9,123,17,16,78,3.9698157824268097,يا,المتقين,0,0,plain,file
9:124,9,124,18,17,82,4.058813890331201,وإذا,يستبشرون,0,0,plain,file
9:125,9,125,12,12,54,3.584962500721156,وأما,كافرون,0,0,plain,file
9:126,9,126,16,16,56,4.0,أولا,يذكرون,0,0,plain,file
9:127,9,127,21,21,79,4.392317422778761,وإذا,يفقهون,0,0,plain,file
9:128,9,128,14,14,60,3.807354922057604,لقد,رحيم,0,0,plain,file
9:129,9,129,15,15,54,3.906890595608519,فإن,العظيم,0,0,plain,file
10:1,10,1,9,9,41,3.169925001442312,بسم,الحكيم,0,0,plain,file
10:2,10,2,26,24,99,4.517559429596343,أكان,مبين,0,0,plain,file
10:3,10,3,29,26,113,4.651084443403434,إن,تذكرون,0,0,plain,file
10:4,10,4,28,28,126,4.807354922057605,إليه,يكفرون,0,0,plain,file
10:5,10,5,23,23,101,4.523561956057013,هو,يعلمون,0,0,plain,file
10:6,10,6,14,13,62,3.6644977792004614,إن,يتقون,0,0,plain,file
10:7,10,7,15,15,71,3.906890595608519,إن,غافلون,0,0,plain,file
10:8,10,8,6,6,30,2.584962500721156,أولئك,يكسبون,0,0,plain,file
10:9,10,9,15,15,74,3.906890595608519,إن,النعيم,0,0,plain,file
10:10,10,10,14,12,66,3.521640636343318,دعواهم,العالمين,0,0,plain,file
10:11,10,11,18,18,86,4.169925001442312,ولو,يعمهون,0,0,plain,file
10:12,10,12,27,26,104,4.680813428089394,وإذا,يعملون,0,0,plain,file
10:13,10,13,17,17,87,4.087462841250339,ولقد,المجرمين,0,0,plain,file
10:14,10,14,10,10,42,3.3219280948873626,ثم,تعملون,0,0,plain,file
10:15,10,15,39,37,138,5.182838116298146,وإذا,عظيم,0,0,plain,file
10:16,10,16,18,18,65,4.169925001442312,قل,تعقلون,0,0,plain,file
10:17,10,17,14,14,54,3.807354922057604,فمن,المجرمون,0,0,plain,file
10:18,10,18,29,24,123,4.487122805397797,ويعبدون,يشركون,0,0,plain,file
10:19,10,19,17,17,71,4.087462841250339,وما,يختلفون,0,0,plain,file
10:20,10,20,16,15,68,3.875,ويقولون,المنتظرين,0,0,plain,file
10:21,10,21,22,22,84,4.459431618637297,وإذا,تمكرون,0,0,plain,file
10:22,10,22,41,37,166,5.144018163101902,هو,الشاكرين,0,0,plain,file
10:23,10,23,26,26,113,4.700439718141092,فلما,تعملون,0,0,plain,file
10:24,10,24,43,42,198,5.379753126795121,إنما,يتفكرون,0,0,plain,file
10:25,10,25,11,10,45,3.2776134368191157,والله,مستقيم,0,0,plain,file
10:26,10,26,16,15,72,3.875,للذين,خالدون,0,0,plain,file
10:27,10,27,27,25,118,4.578780557638895,والذين,خالدون,0,0,plain,file
10:28,10,28,18,18,89,4.169925001442312,ويوم,تعبدون,0,0,plain,file
10:29,10,29,10,10,46,3.3219280948873626,فكفى,لغافلين,0,0,plain,file
10:30,10,30,16,15,63,3.875,هنالك,يفترون,0,0,plain,file
10:31,10,31,27,21,114,4.23636898364495,قل,تتقون,0,0,plain,file
10:32,10,32,11,10,48,3.2776134368191157,فذلكم,تصرفون,0,0,plain,file
10:33,10,33,10,10,39,3.3219280948873626,كذلك,يؤمنون,0,0,plain,file
10:34,10,34,17,11,63,3.381580488309163,قل,تؤفكون,0,0,plain,file
10:35,10,35,29,21,97,4.237291339955158,قل,تحكمون,0,0,plain,file
10:36,10,36,17,16,60,3.9698157824268097,وما,يفعلون,0,0,plain,file
10:37,10,37,22,21,83,4.3685225277282065,وما,العالمين,0,0,plain,file
10:38,10,38,16,15,66,3.875,أم,صادقين,0,0,plain,file
10:39,10,39,19,19,81,4.247927513443585,بل,الظالمين,0,0,plain,file
10:40,10,40,12,8,45,2.918295834054489,ومنهم,بالمفسدين,0,0,plain,file
10:41,10,41,15,14,60,3.773557262275186,وإن,تعملون,0,0,plain,file
10:42,10,42,11,11,47,3.4594316186372973,ومنهم,يعقلون,0,0,plain,file
10:43,10,43,11,11,45,3.4594316186372973,ومنهم,يبصرون,0,0,plain,file
10:44,10,44,10,9,42,3.1219280948873624,إن,يظلمون,0,0,plain,file
10:45,10,45,20,20,87,4.321928094887363,ويوم,مهتدين,0,0,plain,file
10:46,10,46,15,15,63,3.906890595608519,وإما,يفعلون,0,0,plain,file
10:47,10,47,12,12,49,3.584962500721156,ولكل,يظلمون,0,0,plain,file
10:48,10,48,7,7,30,2.8073549220576037,ويقولون,صادقين,0,0,plain,file
10:49,10,49,22,21,81,4.3685225277282065,قل,يستقدمون,0,0,plain,file
10:50,10,50,12,12,53,3.584962500721156,قل,المجرمون,0,0,plain,file
10:51,10,51,11,10,39,3.2776134368191157,أثم,تستعجلون,0,0,plain,file
10:52,10,52,13,13,52,3.7004397181410926,ثم,تكسبون,0,0,plain,file
10:53,10,53,11,11,43,3.4594316186372973,ويستنبئونك,بمعجزين,0,0,plain,file
10:54,10,54,21,21,84,4.392317422778761,ولو,يظلمون,0,0,plain,file
10:55,10,55,16,14,58,3.75,ألا,يعلمون,0,0,plain,file
10:56,10,56,5,5,22,2.321928094887362,هو,ترجعون,0,0,plain,file
10:57,10,57,15,15,63,3.906890595608519,يا,للمؤمنين,0,0,plain,file
10:58,10,58,10,10,44,3.3219280948873626,قل,يجمعون,0,0,plain,file
10:59,10,59,20,17,73,4.021928094887363,قل,تفترون,0,0,plain,file
10:60,10,60,19,17,76,4.037401197654112,وما,يشكرون,0,0,plain,file
10:61,10,61,42,30,141,4.660058196536773,وما,مبين,0,0,plain,file
10:62,10,62,10,10,36,3.3219280948873626,ألا,يحزنون,0,0,plain,file
10:63,10,63,4,4,21,2.0,الذين,يتقون,0,0,plain,file
10:64,10,64,15,15,65,3.906890595608519,لهم,العظيم,0,0,plain,file
10:65,10,65,10,10,42,3.3219280948873626,ولا,العليم,0,0,plain,file
10:66,10,66,25,21,90,4.323856189774725,ألا,يخرصون,0,0,plain,file
10:67,10,67,15,15,61,3.906890595608519,هو,يسمعون,0,0,plain,file
10:68,10,68,25,22,96,4.403856189774725,قالوا,تعلمون,0,0,plain,file
10:69,10,69,9,9,35,3.169925001442312,قل,يفلحون,0,0,plain,file
10:70,10,70,13,12,59,3.546593564294939,متاع,يكفرون,0,0,plain,file
10:71,10,71,34,30,136,4.85216872360328,واتل,تنظرون,0,0,plain,file
10:72,10,72,16,15,60,3.875,فإن,المسلمين,0,0,plain,file
10:73,10,73,17,17,87,4.087462841250339,فكذبوه,المنذرين,0,0,plain,file
10:74,10,74,22,21,93,4.3685225277282065,ثم,المعتدين,0,0,plain,file
10:75,10,75,14,14,69,3.807354922057604,ثم,مجرمين,0,0,plain,file
10:76,10,76,10,10,38,3.3219280948873626,فلما,مبين,0,0,plain,file
10:77,10,77,11,11,48,3.4594316186372973,قال,الساحرون,0,0,plain,file
10:78,10,78,16,15,77,3.875,قالوا,بمؤمنين,0,0,plain,file
10:79,10,79,6,6,26,2.584962500721156,وقال,عليم,0,0,plain,file
10:80,10,80,10,10,39,3.3219280948873626,فلما,ملقون,0,0,plain,file
10:81,10,81,17,15,64,3.85216872360328,فلما,المفسدين,0,0,plain,file
10:82,10,82,7,7,33,2.8073549220576037,ويحق,المجرمون,0,0,plain,file
10:83,10,83,22,20,85,4.277613436819116,فما,المسرفين,0,0,plain,file
10:84,10,84,13,11,52,3.3927474104487847,وقال,مسلمين,0,0,plain,file
10:85,10,85,10,10,48,3.3219280948873626,فقالوا,الظالمين,0,0,plain,file
10:86,10,86,5,5,26,2.321928094887362,ونجنا,الكافرين,0,0,plain,file
10:87,10,87,16,16,83,4.0,وأوحينا,المؤمنين,0,0,plain,file
10:88,10,88,29,26,131,4.625053839880556,وقال,الأليم,0,0,plain,file
10:89,10,89,11,11,51,3.4594316186372973,قال,يعلمون,0,0,plain,file
10:90,10,90,27,25,118,4.60673935401532,وجاوزنا,المسلمين,0,0,plain,file
10:91,10,91,7,7,28,2.8073549220576037,آلآن,المفسدين,0,0,plain,file
10:92,10,92,14,14,61,3.807354922057604,فاليوم,لغافلون,0,0,plain,file
10:93,10,93,24,24,109,4.584962500721156,ولقد,يختلفون,0,0,plain,file
10:94,10,94,22,20,85,4.243300368538958,فإن,الممترين,0,0,plain,file
10:95,10,95,10,9,44,3.1219280948873624,ولا,الخاسرين,0,0,plain,file
10:96,10,96,8,8,30,3.0,إن,يؤمنون,0,0,plain,file
10:97,10,97,8,8,33,3.0,ولو,الأليم,0,0,plain,file
10:98,10,98,21,21,94,4.392317422778761,فلولا,حين,0,0,plain,file
10:99,10,99,15,15,60,3.906890595608519,ولو,مؤمنين,0,0,plain,file
10:100,10,100,14,14,53,3.807354922057604,وما,يعقلون,0,0,plain,file
10:101,10,101,14,14,60,3.807354922057604,قل,يؤمنون,0,0,plain,file
10:102,10,102,15,14,64,3.773557262275186,فهل,المنتظرين,0,0,plain,file
10:103,10,103,10,10,45,3.3219280948873626,ثم,المؤمنين,0,0,plain,file
10:104,10,104,27,23,100,4.430632409490747,قل,المؤمنين,0,0,plain,file
10:105,10,105,9,9,38,3.169925001442312,وأن,المشركين,0,0,plain,file
10:106,10,106,16,14,55,3.75,ولا,الظالمين,0,0,plain,file
10:107,10,107,24,21,85,4.334962500721156,وإن,الرحيم,0,0,plain,file
10:108,10,108,23,22,87,4.436605434317883,قل,بوكيل,0,0,plain,file
10:109,10,109,11,11,45,3.4594316186372973,واتبع,الحاكمين,0,0,plain,file
11:1,11,1,14,14,55,3.807354922057604,بسم,خبير,0,0,plain,file
11:2,11,2,9,9,35,3.169925001442312,ألا,وبشير,0,0,plain,file
11:3,11,3,25,25,98,4.643856189774724,وأن,كبير,0,0,plain,file
11:4,11,4,8,8,28,3.0,إلى,قدير,0,0,plain,file
11:5,11,5,19,18,85,4.142664355548848,ألا,الصدور,0,0,plain,file
11:6,11,6,16,15,64,3.875,وما,مبين,0,0,plain,file
11:7,11,7,31,31,127,4.954196310386874,وهو,مبين,0,0,plain,file
11:8,11,8,22,20,93,4.277613436819116,ولئن,يستهزئون,0,0,plain,file
11:9,11,9,11,11,47,3.4594316186372973,ولئن,كفور,0,0,plain,file
11:10,11,10,13,13,56,3.7004397181410926,ولئن,فخور,0,0,plain,file
11:11,11,11,10,10,48,3.3219280948873626,إلا,كبير,0,0,plain,file
11:12,11,12,27,27,95,4.754887502163468,فلعلك,وكيل,0,0,plain,file
11:13,11,13,18,17,75,4.058813890331201,أم,صادقين,0,0,plain,file
11:14,11,14,16,16,64,4.0,فإلم,مسلمون,0,0,plain,file
11:15,11,15,14,13,62,3.6644977792004614,من,يبخسون,0,0,plain,file
11:16,11,16,16,15,65,3.875,أولئك,يعملون,0,0,plain,file
11:17,11,17,39,33,146,4.958353821370878,أفمن,يؤمنون,0,0,plain,file
11:18,11,18,23,18,100,4.001822825622231,ومن,الظالمين,0,0,plain,file
11:19,11,19,11,11,50,3.4594316186372973,الذين,كافرون,0,0,plain,file
11:20,11,20,24,20,100,4.251629167387822,أولئك,يبصرون,0,0,plain,file
11:21,11,21,9,9,41,3.169925001442312,أولئك,يفترون,0,0,plain,file
11:22,11,22,7,7,27,2.8073549220576037,لا,الأخسرون,0,0,plain,file
11:23,11,23,14,14,67,3.807354922057604,إن,خالدون,0,0,plain,file
11:24,11,24,11,11,61,3.4594316186372973,مثل,تذكرون,0,0,plain,file
11:25,11,25,9,9,35,3.169925001442312,ولقد,مبين,0,0,plain,file
11:26,11,26,11,11,40,3.4594316186372973,أن,أليم,0,0,plain,file
11:27,11,27,29,24,113,4.513153408920675,فقال,كاذبين,0,0,plain,file
11:28,11,28,20,19,81,4.221928094887363,قال,كارهون,0,0,plain,file
11:29,11,29,23,23,92,4.523561956057013,ويا,تجهلون,0,0,plain,file
11:30,11,30,10,9,38,3.1219280948873624,ويا,تذكرون,0,0,plain,file
11:31,11,31,31,22,123,4.2603326005698765,ولا,الظالمين,0,0,plain,file
11:32,11,32,14,14,59,3.807354922057604,قالوا,الصادقين,0,0,plain,file
11:33,11,33,10,10,38,3.3219280948873626,قال,بمعجزين,0,0,plain,file
11:34,11,34,18,16,66,3.94770277922009,ولا,ترجعون,0,0,plain,file
11:35,11,35,12,12,52,3.584962500721156,أم,تجرمون,0,0,plain,file
11:36,11,36,17,16,58,3.9698157824268097,وأوحي,يفعلون,0,0,plain,file
11:37,11,37,11,11,55,3.4594316186372973,واصنع,مغرقون,0,0,plain,file
11:38,11,38,19,19,73,4.247927513443585,ويصنع,تسخرون,0,0,plain,file
11:39,11,39,10,9,42,3.1219280948873624,فسوف,مقيم,0,0,plain,file
11:40,11,40,26,23,94,4.469670487371861,حتى,قليل,0,0,plain,file
11:41,11,41,11,11,48,3.4594316186372973,وقال,رحيم,0,0,plain,file
11:42,11,42,20,19,73,4.221928094887363,وهي,الكافرين,0,0,plain,file
11:43,11,43,23,19,86,4.088779347361361,قال,المغرقين,0,0,plain,file
11:44,11,44,19,18,84,4.142664355548848,وقيل,الظالمين,0,0,plain,file
11:45,11,45,15,15,56,3.906890595608519,ونادى,الحاكمين,0,0,plain,file
11:46,11,46,24,21,76,4.334962500721156,قال,الجاهلين,0,0,plain,file
11:47,11,47,19,18,63,4.142664355548848,قال,الخاسرين,0,0,plain,file
11:48,11,48,19,18,72,4.142664355548848,قيل,أليم,0,0,plain,file
11:49,11,49,19,18,75,4.142664355548848,تلك,للمتقين,0,0,plain,file
11:50,11,50,18,18,63,4.169925001442312,وإلى,مفترون,0,0,plain,file
11:51,11,51,14,14,52,3.807354922057604,يا,تعقلون,0,0,plain,file
11:52,11,52,18,18,82,4.169925001442312,ويا,مجرمين,0,0,plain,file
11:53,11,53,16,14,61,3.75,قالوا,بمؤمنين,0,0,plain,file
11:54,11,54,16,16,65,4.0,إن,تشركون,0,0,plain,file
11:55,11,55,7,7,28,2.8073549220576037,من,تنظرون,0,0,plain,file
11:56,11,56,18,16,65,3.94770277922009,إني,مستقيم,0,0,plain,file
11:57,11,57,21,20,81,4.297079327540665,فإن,حفيظ,0,0,plain,file
11:58,11,58,14,14,61,3.807354922057604,ولما,غليظ,0,0,plain,file
11:59,11,59,12,12,50,3.584962500721156,وتلك,عنيد,0,0,plain,file
11:60,11,60,17,16,68,3.9698157824268097,وأتبعوا,هود,0,0,plain,file
11:61,11,61,28,27,111,4.735926350629033,وإلى,مجيب,0,0,plain,file
11:62,11,62,22,22,83,4.459431618637297,قالوا,مريب,0,0,plain,file
11:63,11,63,23,21,85,4.349648912578752,قال,تخسير,0,0,plain,file
11:64,11,64,18,17,70,4.058813890331201,ويا,قريب,0,0,plain,file
11:65,11,65,11,11,47,3.4594316186372973,فعقروها,مكذوب,0,0,plain,file
11:66,11,66,18,18,73,4.169925001442312,فلما,العزيز,0,0,plain,file
11:67,11,67,8,8,41,3.0,وأخذ,جاثمين,0,0,plain,file
11:68,11,68,12,11,44,3.4182958340544896,كأن,لثمود,0,0,plain,file
11:69,11,69,15,15,63,3.906890595608519,ولقد,حنيذ,0,0,plain,file
11:70,11,70,18,17,68,4.058813890331201,فلما,لوط,0,0,plain,file
11:71,11,71,9,9,48,3.169925001442312,وامرأته,يعقوب,0,0,plain,file
11:72,11,72,13,13,48,3.7004397181410926,قالت,عجيب,0,0,plain,file
11:73,11,73,14,13,60,3.6644977792004614,قالوا,مجيد,0,0,plain,file
11:74,11,74,11,11,48,3.4594316186372973,فلما,لوط,0,0,plain,file
11:75,11,75,5,5,22,2.321928094887362,إن,منيب,0,0,plain,file
11:76,11,76,15,15,54,3.906890595608519,يا,مردود,0,0,plain,file
11:77,11,77,13,12,48,3.546593564294939,ولما,عصيب,0,0,plain,file
11:78,11,78,27,27,109,4.754887502163468,وجاءه,رشيد,0,0,plain,file
11:79,11,79,13,12,43,3.546593564294939,قالوا,نريد,0,0,plain,file
11:80,11,80,11,11,30,3.4594316186372973,قال,شديد,0,0,plain,file
11:81,11,81,30,29,118,4.840223928941852,قالوا,بقريب,0,0,plain,file
11:82,11,82,12,12,57,3.584962500721156,فلما,منضود,0,0,plain,file
11:83,11,83,8,8,31,3.0,مسومة,ببعيد,0,0,plain,file
11:84,11,84,27,27,110,4.754887502163468,وإلى,محيط,0,0,plain,file
11:85,11,85,15,14,74,3.773557262275186,ويا,مفسدين,0,0,plain,file
11:86,11,86,11,11,42,3.4594316186372973,بقيت,بحفيظ,0,0,plain,file
11:87,11,87,21,19,82,4.20184123230257,قالوا,الرشيد,0,0,plain,file
11:88,11,88,36,31,137,4.892147223664534,قال,أنيب,0,0,plain,file
11:89,11,89,23,18,78,3.931838457168456,ويا,ببعيد,0,0,plain,file
11:90,11,90,9,9,37,3.169925001442312,واستغفروا,ودود,0,0,plain,file
11:91,11,91,19,19,79,4.247927513443585,قالوا,بعزيز,0,0,plain,file
11:92,11,92,16,16,65,4.0,قال,محيط,0,0,plain,file
11:93,11,93,20,19,82,4.221928094887363,ويا,رقيب,0,0,plain,file
11:94,11,94,18,18,86,4.169925001442312,ولما,جاثمين,0,0,plain,file
11:95,11,95,10,10,37,3.3219280948873626,كأن,ثمود,0,0,plain,file
11:96,11,96,6,6,31,2.584962500721156,ولقد,مبين,0,0,plain,file
11:97,11,97,10,7,44,2.6464393446710157,إلى,برشيد,0,0,plain,file
11:98,11,98,9,9,46,3.169925001442312,يقدم,المورود,0,0,plain,file
11:99,11,99,9,9,42,3.169925001442312,وأتبعوا,المرفود,0,0,plain,file
11:100,11,100,9,9,36,3.169925001442312,ذلك,وحصيد,0,0,plain,file
11:101,11,101,24,22,94,4.418295834054489,وما,تتبيب,0,0,plain,file
11:102,11,102,12,11,44,3.4182958340544896,وكذلك,شديد,0,0,plain,file
11:103,11,103,16,14,57,3.75,إن,مشهود,0,0,plain,file
11:104,11,104,5,5,20,2.321928094887362,وما,معدود,0,0,plain,file
11:105,11,105,10,10,36,3.3219280948873626,يوم,وسعيد,0,0,plain,file
11:106,11,106,9,9,37,3.169925001442312,فأما,وشهيق,0,0,plain,file
11:107,11,107,15,13,57,3.640223928941852,خالدين,يريد,0,0,plain,file
11:108,11,108,18,17,75,4.058813890331201,وأما,مجذوذ,0,0,plain,file
11:109,11,109,20,19,77,4.221928094887363,فلا,منقوص,0,0,plain,file
11:110,11,110,18,18,72,4.169925001442312,ولقد,مريب,0,0,plain,file
11:111,11,111,10,10,43,3.3219280948873626,وإن,خبير,0,0,plain,file
11:112,11,112,12,12,46,3.584962500721156,فاستقم,بصير,0,0,plain,file
11:113,11,113,17,16,66,3.9698157824268097,ولا,تنصرون,0,0,plain,file
11:114,11,114,14,14,68,3.807354922057604,وأقم,للذاكرين,0,0,plain,file
11:115,11,115,7,7,29,2.8073549220576037,واصبر,المحسنين,0,0,plain,file
11:116,11,116,26,25,110,4.623516641218015,فلولا,مجرمين,0,0,plain,file
11:117,11,117,8,8,35,3.0,وما,مصلحون,0,0,plain,file
11:118,11,118,10,10,42,3.3219280948873626,ولو,مختلفين,0,0,plain,file
11:119,11,119,15,13,61,3.640223928941852,إلا,أجمعين,0,0,plain,file
11:120,11,120,17,17,69,4.087462841250339,وكلا,للمؤمنين,0,0,plain,file
11:121,11,121,9,9,41,3.169925001442312,وقل,عاملون,0,0,plain,file
11:122,11,122,3,3,18,1.584962500721156,وانتظروا,منتظرون,0,0,plain,file
11:123,11,123,16,16,73,4.0,ولله,تعملون,0,0,plain,file
12:1,12,1,9,9,41,3.169925001442312,بسم,المبين,0,0,plain,file
12:2,12,2,6,6,31,2.584962500721156,إنا,تعقلون,0,0,plain,file
12:3,12,3,16,16,64,4.0,نحن,الغافلين,0,0,plain,file
12:4,12,4,16,16,63,4.0,إذ,ساجدين,0,0,plain,file
12:5,12,5,16,16,63,4.0,قال,مبين,0,0,plain,file
12:6,12,6,25,23,106,4.483856189774725,وكذلك,حكيم,0,0,plain,file
12:7,12,7,7,7,30,2.8073549220576037,لقد,للسائلين,0,0,plain,file
12:8,12,8,15,15,57,3.906890595608519,إذ,مبين,0,0,plain,file
12:9,12,9,14,14,59,3.807354922057604,اقتلوا,صالحين,0,0,plain,file
12:10,12,10,16,16,68,4.0,قال,فاعلين,0,0,plain,file
12:11,12,11,12,12,43,3.584962500721156,قالوا,لناصحون,0,0,plain,file
12:12,12,12,8,8,34,3.0,أرسله,لحافظون,0,0,plain,file
12:13,12,13,13,12,54,3.546593564294939,قال,غافلون,0,0,plain,file
12:14,12,14,9,9,38,3.169925001442312,قالوا,لخاسرون,0,0,plain,file
12:15,12,15,17,17,76,4.087462841250339,فلما,يشعرون,0,0,plain,file
12:16,12,16,4,4,20,2.0,وجاءوا,يبكون,0,0,plain,file
12:17,12,17,19,19,80,4.247927513443585,قالوا,صادقين,0,0,plain,file
12:18,12,18,18,17,73,4.058813890331201,وجاءوا,تصفون,0,0,plain,file
12:19,12,19,17,17,77,4.087462841250339,وجاءت,يعملون,0,0,plain,file
12:20,12,20,9,9,42,3.169925001442312,وشروه,الزاهدين,0,0,plain,file
12:21,12,21,32,31,138,4.9375,وقال,يعلمون,0,0,plain,file
12:22,12,22,9,9,43,3.169925001442312,ولما,المحسنين,0,0,plain,file
12:23,12,23,23,22,91,4.436605434317883,وراودته,الظالمون,0,0,plain,file
12:24,12,24,19,19,76,4.247927513443585,ولقد,المخلصين,0,0,plain,file
12:25,12,25,23,21,89,4.349648912578752,واستبقا,أليم,0,0,plain,file
12:26,12,26,19,17,68,3.997670276487613,قال,الكاذبين,0,0,plain,file
12:27,12,27,10,9,36,3.1219280948873624,وإن,الصادقين,0,0,plain,file
12:28,12,28,13,11,43,3.3927474104487847,فلما,عظيم,0,0,plain,file
12:29,12,29,10,10,42,3.3219280948873626,يوسف,الخاطئين,0,0,plain,file
12:30,12,30,18,17,73,4.058813890331201,وقال,مبين,0,0,plain,file
12:31,12,31,32,30,131,4.875,فلما,كريم,0,0,plain,file
12:32,12,32,19,19,84,4.247927513443585,قالت,الصاغرين,0,0,plain,file
12:33,12,33,17,17,68,4.087462841250339,قال,الجاهلين,0,0,plain,file
12:34,12,34,10,10,41,3.3219280948873626,فاستجاب,العليم,0,0,plain,file
12:35,12,35,11,11,38,3.4594316186372973,ثم,حين,0,0,plain,file
12:36,12,36,27,25,115,4.60673935401532,ودخل,المحسنين,0,0,plain,file
12:37,12,37,26,24,112,4.546593564294938,قال,كافرون,0,0,plain,file
12:38,12,38,26,24,104,4.546593564294938,واتبعت,يشكرون,0,0,plain,file
12:39,12,39,10,10,46,3.3219280948873626,يا,القهار,0,0,plain,file
12:40,12,40,32,28,127,4.726409765557392,ما,يعلمون,0,0,plain,file
12:41,12,41,20,20,86,4.321928094887363,يا,تستفتيان,0,0,plain,file
12:42,12,42,18,18,70,4.169925001442312,وقال,سنين,0,0,plain,file
12:43,12,43,25,24,105,4.563856189774725,وقال,تعبرون,0,0,plain,file
12:44,12,44,8,8,41,3.0,قالوا,بعالمين,0,0,plain,file
12:45,12,45,11,11,50,3.4594316186372973,وقال,فأرسلون,0,0,plain,file
12:46,12,46,22,21,96,4.3685225277282065,يوسف,يعلمون,0,0,plain,file
12:47,12,47,14,14,57,3.807354922057604,قال,تأكلون,0,0,plain,file
12:48,12,48,15,15,53,3.906890595608519,ثم,تحصنون,0,0,plain,file
12:49,12,49,11,11,39,3.4594316186372973,ثم,يعصرون,0,0,plain,file
12:50,12,50,22,22,92,4.459431618637297,وقال,عليم,0,0,plain,file
12:51,12,51,29,26,110,4.651084443403434,قال,الصادقين,0,0,plain,file
12:52,12,52,12,12,47,3.584962500721156,ذلك,الخائنين,0,0,plain,file
12:53,12,53,15,13,54,3.640223928941852,وما,رحيم,0,0,plain,file
12:54,12,54,14,14,61,3.807354922057604,وقال,أمين,0,0,plain,file
12:55,12,55,8,8,33,3.0,قال,عليم,0,0,plain,file
12:56,12,56,17,17,72,4.087462841250339,وكذلك,المحسنين,0,0,plain,file
12:57,12,57,7,7,35,2.8073549220576037,ولأجر,يتقون,0,0,plain,file
12:58,12,58,9,9,39,3.169925001442312,وجاء,منكرون,0,0,plain,file
12:59,12,59,17,17,72,4.087462841250339,ولما,المنزلين,0,0,plain,file
12:60,12,60,10,10,35,3.3219280948873626,فإن,تقربون,0,0,plain,file
12:61,12,61,6,6,29,2.584962500721156,قالوا,لفاعلون,0,0,plain,file
12:62,12,62,14,13,74,3.6644977792004614,وقال,يرجعون,0,0,plain,file
12:63,12,63,17,17,71,4.087462841250339,فلما,لحافظون,0,0,plain,file
12:64,12,64,17,17,66,4.087462841250339,قال,الراحمين,0,0,plain,file
12:65,12,65,26,24,114,4.546593564294938,ولما,يسير,0,0,plain,file
12:66,12,66,24,22,88,4.418295834054489,قال,وكيل,0,0,plain,file
12:67,12,67,28,25,111,4.521640636343319,وقال,المتوكلون,0,0,plain,file
12:68,12,68,30,28,110,4.748394345536403,ولما,يعلمون,0,0,plain,file
12:69,12,69,16,16,62,4.0,ولما,يعملون,0,0,plain,file
12:70,12,70,15,15,65,3.906890595608519,فلما,لسارقون,0,0,plain,file
12:71,12,71,5,5,27,2.321928094887362,قالوا,تفقدون,0,0,plain,file
12:72,12,72,12,11,44,3.4182958340544896,قالوا,زعيم,0,0,plain,file
12:73,12,73,12,12,48,3.584962500721156,قالوا,سارقين,0,0,plain,file
12:74,12,74,6,6,25,2.584962500721156,قالوا,كاذبين,0,0,plain,file
12:75,12,75,11,10,45,3.2776134368191157,قالوا,الظالمين,0,0,plain,file
12:76,12,76,33,30,123,4.862575937540272,فبدأ,عليم,0,0,plain,file
12:77,12,77,24,24,84,4.584962500721156,قالوا,تصفون,0,0,plain,file
12:78,12,78,16,16,63,4.0,قالوا,المحسنين,0,0,plain,file
12:79,12,79,13,13,50,3.7004397181410926,قال,لظالمون,0,0,plain,file
12:80,12,80,37,35,139,5.101345257520842,فلما,الحاكمين,0,0,plain,file
12:81,12,81,18,17,72,4.058813890331201,ارجعوا,حافظين,0,0,plain,file
12:82,12,82,11,9,53,3.095795255000934,واسأل,لصادقون,0,0,plain,file
12:83,12,83,18,18,70,4.169925001442312,قال,الحكيم,0,0,plain,file
12:84,12,84,13,13,51,3.7004397181410926,وتولى,كظيم,0,0,plain,file
12:85,12,85,12,11,49,3.4182958340544896,قالوا,الهالكين,0,0,plain,file
12:86,12,86,13,12,47,3.546593564294939,قال,تعلمون,0,0,plain,file
12:87,12,87,21,17,81,3.9754180179138334,يا,الكافرون,0,0,plain,file
12:88,12,88,22,22,101,4.459431618637297,فلما,المتصدقين,0,0,plain,file
12:89,12,89,10,10,39,3.3219280948873626,قال,جاهلون,0,0,plain,file
12:90,12,90,23,20,84,4.2626923908396215,قالوا,المحسنين,0,0,plain,file
12:91,12,91,9,9,39,3.169925001442312,قالوا,لخاطئين,0,0,plain,file
12:92,12,92,11,11,46,3.4594316186372973,قال,الراحمين,0,0,plain,file
12:93,12,93,12,12,56,3.584962500721156,اذهبوا,أجمعين,0,0,plain,file
12:94,12,94,12,12,47,3.584962500721156,ولما,تفندون,0,0,plain,file
12:95,12,95,6,6,27,2.584962500721156,قالوا,القديم,0,0,plain,file
12:96,12,96,20,20,72,4.321928094887363,فلما,تعلمون,0,0,plain,file
12:97,12,97,9,9,39,3.169925001442312,قالوا,خاطئين,0,0,plain,file
12:98,12,98,9,9,35,3.169925001442312,قال,الرحيم,0,0,plain,file
12:99,12,99,14,14,55,3.807354922057604,فلما,آمنين,0,0,plain,file
12:100,12,100,47,43,169,5.341822894230829,ورفع,الحكيم,0,0,plain,file
12:101,12,101,21,20,105,4.297079327540665,رب,بالصالحين,0,0,plain,file
12:102,12,102,14,14,57,3.807354922057604,ذلك,يمكرون,0,0,plain,file
12:103,12,103,6,6,26,2.584962500721156,وما,بمؤمنين,0,0,plain,file
12:104,12,104,10,10,36,3.3219280948873626,وما,للعالمين,0,0,plain,file
12:105,12,105,11,11,49,3.4594316186372973,وكأين,معرضون,0,0,plain,file
12:106,12,106,7,7,30,2.8073549220576037,وما,مشركون,0,0,plain,file
12:107,12,107,14,13,59,3.6644977792004614,أفأمنوا,يشعرون,0,0,plain,file
12:108,12,108,17,15,67,3.85216872360328,قل,المشركين,0,0,plain,file
12:109,12,109,29,27,123,4.694019357121935,وما,تعقلون,0,0,plain,file
12:110,12,110,19,19,79,4.247927513443585,حتى,المجرمين,0,0,plain,file
12:111,12,111,23,22,94,4.436605434317883,لقد,يؤمنون,0,0,plain,file
13:1,13,1,19,19,79,4.247927513443585,بسم,يؤمنون,0,0,plain,file
13:2,13,2,26,26,115,4.700439718141092,الله,توقنون,0,0,plain,file
13:3,13,3,24,23,101,4.501629167387822,وهو,يتفكرون,0,0,plain,file
13:4,13,4,27,25,111,4.60673935401532,وفي,يعقلون,0,0,plain,file
13:5,13,5,25,24,112,4.563856189774725,وإن,خالدون,0,0,plain,file
13:6,13,6,20,18,90,4.1219280948873624,ويستعجلونك,العقاب,0,0,plain,file
13:7,13,7,15,15,56,3.906890595608519,ويقول,هاد,0,0,plain,file
13:8,13,8,15,14,58,3.773557262275186,الله,بمقدار,0,0,plain,file
13:9,13,9,5,5,30,2.321928094887362,عالم,المتعال,0,0,plain,file
13:10,13,10,14,13,54,3.6644977792004614,سواء,بالنهار,0,0,plain,file
13:11,13,11,35,27,121,4.593429088311724,له,وال,0,0,plain,file
13:12,13,12,9,9,42,3.169925001442312,هو,الثقال,0,0,plain,file
13:13,13,13,19,18,86,4.142664355548848,ويسبح,المحال,0,0,plain,file
13:14,13,14,27,25,107,4.60673935401532,له,ضلال,0,0,plain,file
13:15,13,15,11,11,55,3.4594316186372973,ولله,والآصال,0,0,plain,file
13:16,13,16,45,37,188,5.056083308008857,قل,القهار,0,0,plain,file
13:17,13,17,42,38,182,5.201841232302569,أنزل,الأمثال,0,0,plain,file
13:18,13,18,27,26,118,4.680813428089394,للذين,المهاد,0,0,plain,file
13:19,13,19,15,15,58,3.906890595608519,أفمن,الألباب,0,0,plain,file
13:20,13,20,7,7,34,2.8073549220576037,الذين,الميثاق,0,0,plain,file
13:21,13,21,13,13,54,3.7004397181410926,والذين,الحساب,0,0,plain,file
13:22,13,22,19,19,101,4.247927513443585,والذين,الدار,0,0,plain,file
13:23,13,23,15,14,72,3.773557262275186,جنات,باب,0,0,plain,file
13:24,13,24,7,7,30,2.8073549220576037,سلام,الدار,0,0,plain,file
13:25,13,25,23,22,94,4.436605434317883,والذين,الدار,0,0,plain,file
13:26,13,26,16,15,74,3.875,الله,متاع,0,0,plain,file
13:27,13,27,19,17,67,3.997670276487613,ويقول,أناب,0,0,plain,file
13:28,13,28,11,9,52,3.095795255000934,الذين,القلوب,0,0,plain,file
13:29,13,29,8,8,38,3.0,الذين,مآب,0,0,plain,file
13:30,13,30,28,27,106,4.735926350629033,كذلك,متاب,0,0,plain,file
13:31,13,31,51,42,193,5.275079018314821,ولو,الميعاد,0,0,plain,file
13:32,13,32,13,13,55,3.7004397181410926,ولقد,عقاب,0,0,plain,file
13:33,13,33,39,36,139,5.1315560650160945,أفمن,هاد,0,0,plain,file
13:34,13,34,14,12,53,3.521640636343318,لهم,واق,0,0,plain,file
13:35,13,35,19,19,89,4.247927513443585,مثل,النار,0,0,plain,file
13:36,13,36,25,25,101,4.643856189774724,والذين,مآب,0,0,plain,file
13:37,13,37,20,17,74,3.9841837197791894,وكذلك,واق,0,0,plain,file
13:38,13,38,21,21,82,4.392317422778761,ولقد,كتاب,0,0,plain,file
13:39,13,39,8,8,32,3.0,يمحو,الكتاب,0,0,plain,file
13:40,13,40,13,13,58,3.7004397181410926,وإن,الحساب,0,0,plain,file
13:41,13,41,16,16,68,4.0,أولم,الحساب,0,0,plain,file
13:42,13,42,18,18,71,4.169925001442312,وقد,الدار,0,0,plain,file
13:43,13,43,15,15,64,3.906890595608519,ويقول,الكتاب,0,0,plain,file
14:1,14,1,20,19,91,4.221928094887363,بسم,الحميد,0,0,plain,file
14:2,14,2,14,13,54,3.6644977792004614,الله,شديد,0,0,plain,file
14:3,14,3,16,16,76,4.0,الذين,بعيد,0,0,plain,file
14:4,14,4,19,16,75,3.8924071185928764,وما,الحكيم,0,0,plain,file
14:5,14,5,21,21,86,4.392317422778761,ولقد,شكور,0,0,plain,file
14:6,14,6,26,25,117,4.623516641218015,وإذ,عظيم,0,0,plain,file
14:7,14,7,11,11,48,3.4594316186372973,وإذ,لشديد,0,0,plain,file
14:8,14,8,13,13,50,3.7004397181410926,وقال,حميد,0,0,plain,file
14:9,14,9,37,36,157,5.155399311574897,ألم,مريب,0,0,plain,file
14:10,14,10,33,33,143,5.044394119358454,قالت,مبين,0,0,plain,file
14:11,14,11,29,25,112,4.556088322639177,قالت,المؤمنون,0,0,plain,file
14:12,14,12,17,15,78,3.85216872360328,وما,المتوكلون,0,0,plain,file
14:13,14,13,16,16,78,4.0,وقال,الظالمين,0,0,plain,file
14:14,14,14,10,10,43,3.3219280948873626,ولنسكننكم,وعيد,0,0,plain,file
14:15,14,15,5,5,23,2.321928094887362,واستفتحوا,عنيد,0,0,plain,file
14:16,14,16,7,6,25,2.521640636343318,من,صديد,0,0,plain,file
14:17,14,17,16,16,62,4.0,يتجرعه,غليظ,0,0,plain,file
14:18,14,18,22,22,90,4.459431618637297,مثل,البعيد,0,0,plain,file
14:19,14,19,14,14,56,3.807354922057604,ألم,جديد,0,0,plain,file
14:20,14,20,5,5,18,2.321928094887362,وما,بعزيز,0,0,plain,file
14:21,14,21,34,31,138,4.888789679422002,وبرزوا,محيص,0,0,plain,file
14:22,14,22,44,40,187,5.277613436819116,وقال,أليم,0,0,plain,file
14:23,14,23,17,16,83,3.9698157824268097,وأدخل,سلام,0,0,plain,file
14:24,14,24,15,14,59,3.773557262275186,ألم,السماء,0,0,plain,file
14:25,14,25,12,12,55,3.584962500721156,تؤتي,يتذكرون,0,0,plain,file
14:26,14,26,13,11,49,3.3927474104487847,ومثل,قرار,0,0,plain,file
14:27,14,27,18,16,84,3.905764584655453,يثبت,يشاء,0,0,plain,file
14:28,14,28,12,12,50,3.584962500721156,ألم,البوار,0,0,plain,file
14:29,14,29,4,4,21,2.0,جهنم,القرار,0,0,plain,file
14:30,14,30,12,12,53,3.584962500721156,وجعلوا,النار,0,0,plain,file
14:31,14,31,21,21,86,4.392317422778761,قل,خلال,0,0,plain,file
14:32,14,32,25,21,107,4.293660689688186,الله,الأنهار,0,0,plain,file
14:33,14,33,9,7,43,2.725480556997868,وسخر,والنهار,0,0,plain,file
14:34,14,34,15,15,61,3.906890595608519,وآتاكم,كفار,0,0,plain,file
14:35,14,35,13,13,55,3.7004397181410926,وإذ,الأصنام,0,0,plain,file
14:36,14,36,15,15,58,3.906890595608519,رب,رحيم,0,0,plain,file
14:37,14,37,26,23,114,4.440636352673266,ربنا,يشكرون,0,0,plain,file
14:38,14,38,18,16,61,3.94770277922009,ربنا,السماء,0,0,plain,file
14:39,14,39,13,13,54,3.7004397181410926,الحمد,الدعاء,0,0,plain,file
14:40,14,40,9,9,39,3.169925001442312,رب,دعاء,0,0,plain,file
14:41,14,41,8,8,39,3.0,ربنا,الحساب,0,0,plain,file
14:42,14,42,13,13,60,3.7004397181410926,ولا,الأبصار,0,0,plain,file
14:43,14,43,9,9,45,3.169925001442312,مهطعين,هواء,0,0,plain,file
14:44,14,44,26,25,109,4.623516641218015,وأنذر,زوال,0,0,plain,file
14:45,14,45,14,13,64,3.6644977792004614,وسكنتم,الأمثال,0,0,plain,file
14:46,14,46,12,10,51,3.188721875540867,وقد,الجبال,0,0,plain,file
14:47,14,47,11,10,42,3.2776134368191157,فلا,انتقام,0,0,plain,file
14:48,14,48,10,9,50,3.1219280948873624,يوم,القهار,0,0,plain,file
14:49,14,49,6,6,32,2.584962500721156,وترى,الأصفاد,0,0,plain,file
14:50,14,50,6,6,31,2.584962500721156,سرابيلهم,النار,0,0,plain,file
14:51,14,51,10,9,36,3.1219280948873624,ليجزي,الحساب,0,0,plain,file
14:52,14,52,13,13,60,3.7004397181410926,هذا,الألباب,0,0,plain,file
15:1,15,1,10,10,44,3.3219280948873626,بسم,مبين,0,0,plain,file
15:2,15,2,7,7,30,2.8073549220576037,ربما,مسلمين,0,0,plain,file
15:3,15,3,7,7,39,2.8073549220576037,ذرهم,يعلمون,0,0,plain,file
15:4,15,4,8,8,31,3.0,وما,معلوم,0,0,plain,file
15:5,15,5,7,7,27,2.8073549220576037,ما,يستأخرون,0,0,plain,file
15:6,15,6,9,9,37,3.169925001442312,وقالوا,لمجنون,0,0,plain,file
15:7,15,7,8,8,34,3.0,لو,الصادقين,0,0,plain,file
15:8,15,8,9,9,39,3.169925001442312,ما,منظرين,0,0,plain,file
15:9,15,9,7,7,29,2.8073549220576037,إنا,لحافظون,0,0,plain,file
15:10,15,10,7,7,28,2.8073549220576037,ولقد,الأولين,0,0,plain,file
15:11,15,11,8,8,33,3.0,وما,يستهزئون,0,0,plain,file
15:12,15,12,5,5,23,2.321928094887362,كذلك,المجرمين,0,0,plain,file
15:13,15,13,7,7,26,2.8073549220576037,لا,الأولين,0,0,plain,file
15:14,15,14,9,9,39,3.169925001442312,ولو,يعرجون,0,0,plain,file
15:15,15,15,8,8,36,3.0,لقالوا,مسحورون,0,0,plain,file
15:16,15,16,7,7,37,2.8073549220576037,ولقد,للناظرين,0,0,plain,file
15:17,15,17,5,5,21,2.321928094887362,وحفظناها,رجيم,0,0,plain,file
15:18,15,18,7,7,29,2.8073549220576037,إلا,مبين,0,0,plain,file
15:19,15,19,11,10,52,3.2776134368191157,والأرض,موزون,0,0,plain,file
15:20,15,20,8,8,34,3.0,وجعلنا,برازقين,0,0,plain,file
15:21,15,21,11,10,42,3.2776134368191157,وإن,معلوم,0,0,plain,file
15:22,15,22,12,12,63,3.584962500721156,وأرسلنا,بخازنين,0,0,plain,file
15:23,15,23,6,6,29,2.584962500721156,وإنا,الوارثون,0,0,plain,file
15:24,15,24,7,5,42,2.2359263506290326,ولقد,المستأخرين,0,0,plain,file
15:25,15,25,7,7,25,2.8073549220576037,وإن,عليم,0,0,plain,file
15:26,15,26,8,7,33,2.75,ولقد,مسنون,0,0,plain,file
15:27,15,27,7,6,28,2.521640636343318,والجان,السموم,0,0,plain,file
15:28,15,28,12,11,45,3.4182958340544896,وإذ,مسنون,0,0,plain,file
15:29,15,29,9,9,36,3.169925001442312,فإذا,ساجدين,0,0,plain,file
15:30,15,30,4,4,22,2.0,فسجد,أجمعون,0,0,plain,file
15:31,15,31,7,7,27,2.8073549220576037,إلا,الساجدين,0,0,plain,file
15:32,15,32,9,9,31,3.169925001442312,قال,الساجدين,0,0,plain,file
15:33,15,33,11,10,39,3.2776134368191157,قال,مسنون,0,0,plain,file
15:34,15,34,5,5,20,2.321928094887362,قال,رجيم,0,0,plain,file
15:35,15,35,6,6,24,2.584962500721156,وإن,الدين,0,0,plain,file
15:36,15,36,6,6,24,2.584962500721156,قال,يبعثون,0,0,plain,file
15:37,15,37,4,4,17,2.0,قال,المنظرين,0,0,plain,file
15:38,15,38,4,4,18,2.0,إلى,المعلوم,0,0,plain,file
15:39,15,39,10,10,46,3.3219280948873626,قال,أجمعين,0,0,plain,file
15:40,15,40,4,4,20,2.0,إلا,المخلصين,0,0,plain,file
15:41,15,41,5,5,19,2.321928094887362,قال,مستقيم,0,0,plain,file
15:42,15,42,11,10,41,3.2776134368191157,إن,الغاوين,0,0,plain,file
15:43,15,43,4,4,20,2.0,وإن,أجمعين,0,0,plain,file
15:44,15,44,8,8,30,3.0,لها,مقسوم,0,0,plain,file
15:45,15,45,5,5,20,2.321928094887362,إن,وعيون,0,0,plain,file
15:46,15,46,3,3,17,1.584962500721156,ادخلوها,آمنين,0,0,plain,file
15:47,15,47,10,10,40,3.3219280948873626,ونزعنا,متقابلين,0,0,plain,file
15:48,15,48,8,8,30,3.0,لا,بمخرجين,0,0,plain,file
15:49,15,49,6,6,26,2.584962500721156,نبئ,الرحيم,0,0,plain,file
15:50,15,50,5,5,22,2.321928094887362,وأن,الأليم,0,0,plain,file
15:51,15,51,4,4,18,2.0,ونبئهم,إبراهيم,0,0,plain,file
15:52,15,52,9,9,37,3.169925001442312,إذ,وجلون,0,0,plain,file
15:53,15,53,7,7,28,2.8073549220576037,قالوا,عليم,0,0,plain,file
15:54,15,54,8,8,35,3.0,قال,تبشرون,0,0,plain,file
15:55,15,55,7,7,32,2.8073549220576037,قالوا,القانطين,0,0,plain,file
15:56,15,56,8,8,29,3.0,قال,الضالون,0,0,plain,file
15:57,15,57,5,5,23,2.321928094887362,قال,المرسلون,0,0,plain,file
15:58,15,58,6,6,26,2.584962500721156,قالوا,مجرمين,0,0,plain,file
15:59,15,59,6,6,24,2.584962500721156,إلا,أجمعين,0,0,plain,file
15:60,15,60,6,6,29,2.584962500721156,إلا,الغابرين,0,0,plain,file
15:61,15,61,5,5,20,2.321928094887362,فلما,المرسلون,0,0,plain,file
15:62,15,62,4,4,16,2.0,قال,منكرون,0,0,plain,file
15:63,15,63,7,7,29,2.8073549220576037,قالوا,يمترون,0,0,plain,file
15:64,15,64,4,4,23,2.0,وأتيناك,لصادقون,0,0,plain,file
15:65,15,65,14,14,62,3.807354922057604,فأسر,تؤمرون,0,0,plain,file
15:66,15,66,9,9,40,3.169925001442312,وقضينا,مصبحين,0,0,plain,file
15:67,15,67,4,4,22,2.0,وجاء,يستبشرون,0,0,plain,file
15:68,15,68,6,6,23,2.584962500721156,قال,تفضحون,0,0,plain,file
15:69,15,69,4,4,18,2.0,واتقوا,تخزون,0,0,plain,file
15:70,15,70,5,5,23,2.321928094887362,قالوا,العالمين,0,0,plain,file
15:71,15,71,6,6,25,2.584962500721156,قال,فاعلين,0,0,plain,file
15:72,15,72,5,5,24,2.321928094887362,لعمرك,يعمهون,0,0,plain,file
15:73,15,73,3,3,19,1.584962500721156,فأخذتهم,مشرقين,0,0,plain,file
15:74,15,74,8,8,41,3.0,فجعلنا,سجيل,0,0,plain,file
15:75,15,75,5,5,21,2.321928094887362,إن,للمتوسمين,0,0,plain,file
15:76,15,76,3,3,15,1.584962500721156,وإنها,مقيم,0,0,plain,file
15:77,15,77,5,5,19,2.321928094887362,إن,للمؤمنين,0,0,plain,file
15:78,15,78,5,5,24,2.321928094887362,وإن,لظالمين,0,0,plain,file
15:79,15,79,5,5,28,2.321928094887362,فانتقمنا,مبين,0,0,plain,file
15:80,15,80,5,5,25,2.321928094887362,ولقد,المرسلين,0,0,plain,file
15:81,15,81,5,5,30,2.321928094887362,وآتيناهم,معرضين,0,0,plain,file
15:82,15,82,6,6,30,2.584962500721156,وكانوا,آمنين,0,0,plain,file
15:83,15,83,3,3,19,1.584962500721156,فأخذتهم,مصبحين,0,0,plain,file
15:84,15,84,6,6,24,2.584962500721156,فما,يكسبون,0,0,plain,file
15:85,15,85,14,13,69,3.6644977792004614,وما,الجميل,0,0,plain,file
15:86,15,86,5,5,19,2.321928094887362,إن,العليم,0,0,plain,file
15:87,15,87,7,7,36,2.8073549220576037,ولقد,العظيم,0,0,plain,file
15:88,15,88,15,15,63,3.906890595608519,لا,للمؤمنين,0,0,plain,file
15:89,15,89,5,5,21,2.321928094887362,وقل,المبين,0,0,plain,file
15:90,15,90,4,4,21,2.0,كما,المقتسمين,0,0,plain,file
15:91,15,91,4,4,20,2.0,الذين,عضين,0,0,plain,file
15:92,15,92,3,3,19,1.584962500721156,فوربك,أجمعين,0,0,plain,file
15:93,15,93,3,3,14,1.584962500721156,عما,يعملون,0,0,plain,file
15:94,15,94,6,6,27,2.584962500721156,فاصدع,المشركين,0,0,plain,file
15:95,15,95,3,3,19,1.584962500721156,إنا,المستهزئين,0,0,plain,file
15:96,15,96,8,8,34,3.0,الذين,يعلمون,0,0,plain,file
15:97,15,97,7,7,28,2.8073549220576037,ولقد,يقولون,0,0,plain,file
15:98,15,98,6,6,24,2.584962500721156,فسبح,الساجدين,0,0,plain,file
15:99,15,99,5,5,22,2.321928094887362,واعبد,اليقين,0,0,plain,file
16:1,16,1,13,12,61,3.546593564294939,بسم,يشركون,0,0,plain,file
16:2,16,2,18,16,68,3.905764584655453,ينزل,فاتقون,0,0,plain,file
16:3,16,3,7,7,36,2.8073549220576037,خلق,يشركون,0,0,plain,file
16:4,16,4,8,8,30,3.0,خلق,مبين,0,0,plain,file
16:5,16,5,8,8,40,3.0,والأنعام,تأكلون,0,0,plain,file
16:6,16,6,7,7,31,2.8073549220576037,ولكم,تسرحون,0,0,plain,file
16:7,16,7,14,14,59,3.807354922057604,وتحمل,رحيم,0,0,plain,file
16:8,16,8,9,9,48,3.169925001442312,والخيل,تعلمون,0,0,plain,file
16:9,16,9,10,10,44,3.3219280948873626,وعلى,أجمعين,0,0,plain,file
16:10,16,10,13,13,47,3.7004397181410926,هو,تسيمون,0,0,plain,file
16:11,16,11,16,16,71,4.0,ينبت,يتفكرون,0,0,plain,file
16:12,16,12,15,15,71,3.906890595608519,وسخر,يعقلون,0,0,plain,file
16:13,16,13,13,12,49,3.546593564294939,وما,يذكرون,0,0,plain,file
16:14,16,14,21,20,100,4.297079327540665,وهو,تشكرون,0,0,plain,file
16:15,16,15,11,11,49,3.4594316186372973,وألقى,تهتدون,0,0,plain,file
16:16,16,16,4,4,22,2.0,وعلامات,يهتدون,0,0,plain,file
16:17,16,17,7,6,27,2.521640636343318,أفمن,تذكرون,0,0,plain,file
16:18,16,18,10,9,39,3.1219280948873624,وإن,رحيم,0,0,plain,file
16:19,16,19,6,6,25,2.584962500721156,والله,تعلنون,0,0,plain,file
16:20,16,20,10,9,41,3.1219280948873624,والذين,يخلقون,0,0,plain,file
16:21,16,21,7,7,32,2.8073549220576037,أموات,يبعثون,0,0,plain,file
16:22,16,22,11,11,55,3.4594316186372973,إلهكم,مستكبرون,0,0,plain,file
16:23,16,23,13,12,49,3.546593564294939,لا,المستكبرين,0,0,plain,file
16:24,16,24,9,9,40,3.169925001442312,وإذا,الأولين,0,0,plain,file
16:25,16,25,15,15,69,3.906890595608519,ليحملوا,يزرون,0,0,plain,file
16:26,16,26,21,18,86,4.011365041826379,قد,يشعرون,0,0,plain,file
16:27,16,27,21,20,98,4.297079327540665,ثم,الكافرين,0,0,plain,file
16:28,16,28,19,19,82,4.247927513443585,الذين,تعملون,0,0,plain,file
16:29,16,29,8,8,44,3.0,فادخلوا,المتكبرين,0,0,plain,file
16:30,16,30,20,19,90,4.221928094887363,وقيل,المتقين,0,0,plain,file
16:31,16,31,15,15,67,3.906890595608519,جنات,المتقين,0,0,plain,file
16:32,16,32,12,12,64,3.584962500721156,الذين,تعملون,0,0,plain,file
16:33,16,33,22,22,91,4.459431618637297,هل,يظلمون,0,0,plain,file
16:34,16,34,10,9,43,3.1219280948873624,فأصابهم,يستهزئون,0,0,plain,file
16:35,16,35,32,24,118,4.3871987351738495,وقال,المبين,0,0,plain,file
16:36,16,36,28,25,122,4.59306920777189,ولقد,المكذبين,0,0,plain,file
16:37,16,37,14,13,46,3.6644977792004614,إن,ناصرين,0,0,plain,file
16:38,16,38,18,17,73,4.058813890331201,وأقسموا,يعلمون,0,0,plain,file
16:39,16,39,11,11,53,3.4594316186372973,ليبين,كاذبين,0,0,plain,file
16:40,16,40,10,10,37,3.3219280948873626,إنما,فيكون,0,0,plain,file
16:41,16,41,18,17,78,4.058813890331201,والذين,يعلمون,0,0,plain,file
16:42,16,42,5,5,25,2.321928094887362,الذين,يتوكلون,0,0,plain,file
16:43,16,43,15,15,61,3.906890595608519,وما,تعلمون,0,0,plain,file
16:44,16,44,12,12,63,3.584962500721156,بالبينات,يتفكرون,0,0,plain,file
16:45,16,45,16,16,67,4.0,أفأمن,يشعرون,0,0,plain,file
16:46,16,46,7,7,28,2.8073549220576037,أو,بمعجزين,0,0,plain,file
16:47,16,47,8,8,31,3.0,أو,رحيم,0,0,plain,file
16:48,16,48,17,17,67,4.087462841250339,أولم,داخرون,0,0,plain,file
16:49,16,49,14,13,58,3.6644977792004614,ولله,يستكبرون,0,0,plain,file
16:50,16,50,7,7,32,2.8073549220576037,يخافون,يؤمرون,0,0,plain,file
16:51,16,51,12,12,51,3.584962500721156,وقال,فارهبون,0,0,plain,file
16:52,16,52,11,10,48,3.2776134368191157,وله,تتقون,0,0,plain,file
16:53,16,53,12,12,43,3.584962500721156,وما,تجأرون,0,0,plain,file
16:54,16,54,10,9,38,3.1219280948873624,ثم,يشركون,0,0,plain,file
16:55,16,55,6,6,34,2.584962500721156,ليكفروا,تعلمون,0,0,plain,file
16:56,16,56,12,12,57,3.584962500721156,ويجعلون,تفترون,0,0,plain,file
16:57,16,57,7,7,34,2.8073549220576037,ويجعلون,يشتهون,0,0,plain,file
16:58,16,58,9,9,37,3.169925001442312,وإذا,كظيم,0,0,plain,file
16:59,16,59,19,17,65,4.037401197654112,يتوارى,يحكمون,0,0,plain,file
16:60,16,60,12,12,58,3.584962500721156,للذين,الحكيم,0,0,plain,file
16:61,16,61,23,23,96,4.523561956057013,ولو,يستقدمون,0,0,plain,file
16:62,16,62,17,15,71,3.85216872360328,ويجعلون,مفرطون,0,0,plain,file
16:63,16,63,17,17,72,4.087462841250339,تالله,أليم,0,0,plain,file
16:64,16,64,14,14,63,3.807354922057604,وما,يؤمنون,0,0,plain,file
16:65,16,65,16,16,61,4.0,والله,يسمعون,0,0,plain,file
16:66,16,66,17,16,69,3.9698157824268097,وإن,للشاربين,0,0,plain,file
16:67,16,67,15,15,65,3.906890595608519,ومن,يعقلون,0,0,plain,file
16:68,16,68,13,13,54,3.7004397181410926,وأوحى,يعرشون,0,0,plain,file
16:69,16,69,24,23,93,4.501629167387822,ثم,يتفكرون,0,0,plain,file
16:70,16,70,20,20,74,4.321928094887363,والله,قدير,0,0,plain,file
16:71,16,71,22,21,92,4.3685225277282065,والله,يجحدون,0,0,plain,file
16:72,16,72,21,18,98,4.070656113151928,والله,يكفرون,0,0,plain,file
16:73,16,73,15,14,62,3.773557262275186,ويعبدون,يستطيعون,0,0,plain,file
16:74,16,74,10,10,42,3.3219280948873626,فلا,تعلمون,0,0,plain,file
16:75,16,75,27,26,103,4.680813428089394,ضرب,يعلمون,0,0,plain,file
16:76,16,76,29,25,109,4.556088322639177,وضرب,مستقيم,0,0,plain,file
16:77,16,77,19,19,71,4.247927513443585,ولله,قدير,0,0,plain,file
16:78,16,78,15,15,75,3.906890595608519,والله,تشكرون,0,0,plain,file
16:79,16,79,18,17,68,4.058813890331201,ألم,يؤمنون,0,0,plain,file
16:80,16,80,25,23,119,4.483856189774725,والله,حين,0,0,plain,file
16:81,16,81,25,21,110,4.293660689688186,والله,تسلمون,0,0,plain,file
16:82,16,82,6,6,29,2.584962500721156,فإن,المبين,0,0,plain,file
16:83,16,83,7,7,39,2.8073549220576037,يعرفون,الكافرون,0,0,plain,file
16:84,16,84,14,14,51,3.807354922057604,ويوم,يستعتبون,0,0,plain,file
16:85,16,85,11,11,45,3.4594316186372973,وإذا,ينظرون,0,0,plain,file
16:86,16,86,19,18,91,4.142664355548848,وإذا,لكاذبون,0,0,plain,file
16:87,16,87,10,10,43,3.3219280948873626,وألقوا,يفترون,0,0,plain,file
16:88,16,88,13,13,59,3.7004397181410926,الذين,يفسدون,0,0,plain,file
16:89,16,89,24,23,103,4.501629167387822,ويوم,للمسلمين,0,0,plain,file
16:90,16,90,16,16,81,4.0,إن,تذكرون,0,0,plain,file
16:91,16,91,20,18,89,4.0841837197791895,وأوفوا,تفعلون,0,0,plain,file
16:92,16,92,32,30,131,4.875,ولا,تختلفون,0,0,plain,file
16:93,16,93,17,15,68,3.85216872360328,ولو,تعملون,0,0,plain,file
16:94,16,94,19,19,83,4.247927513443585,ولا,عظيم,0,0,plain,file
16:95,16,95,15,14,57,3.773557262275186,ولا,تعلمون,0,0,plain,file
16:96,16,96,15,14,64,3.773557262275186,ما,يعملون,0,0,plain,file
16:97,16,97,18,17,76,4.058813890331201,من,يعملون,0,0,plain,file
16:98,16,98,8,8,40,3.0,فإذا,الرجيم,0,0,plain,file
16:99,16,99,10,10,41,3.3219280948873626,إنه,يتوكلون,0,0,plain,file
16:100,16,100,9,9,41,3.169925001442312,إنما,مشركون,0,0,plain,file
16:101,16,101,17,16,67,3.9698157824268097,وإذا,يعلمون,0,0,plain,file
16:102,16,102,13,13,56,3.7004397181410926,قل,للمسلمين,0,0,plain,file
16:103,16,103,16,15,69,3.875,ولقد,مبين,0,0,plain,file
16:104,16,104,12,10,48,3.2516291673878226,إن,أليم,0,0,plain,file
16:105,16,105,11,11,52,3.4594316186372973,إنما,الكاذبون,0,0,plain,file
16:106,16,106,24,20,94,4.101227480952955,من,عظيم,0,0,plain,file
16:107,16,107,13,13,62,3.7004397181410926,ذلك,الكافرين,0,0,plain,file
16:108,16,108,11,11,56,3.4594316186372973,أولئك,الغافلون,0,0,plain,file
16:109,16,109,7,7,27,2.8073549220576037,لا,الخاسرون,0,0,plain,file
16:110,16,110,18,14,65,3.7254805569978675,ثم,رحيم,0,0,plain,file
16:111,16,111,15,13,51,3.640223928941852,يوم,يظلمون,0,0,plain,file
16:112,16,112,24,22,107,4.386842188131012,وضرب,يصنعون,0,0,plain,file
16:113,16,113,9,9,44,3.169925001442312,ولقد,ظالمون,0,0,plain,file
16:114,16,114,13,12,57,3.546593564294939,فكلوا,تعبدون,0,0,plain,file
16:115,16,115,22,21,84,4.3685225277282065,إنما,رحيم,0,0,plain,file
16:116,16,116,22,18,94,4.0614821867207755,ولا,يفلحون,0,0,plain,file
16:117,16,117,5,5,20,2.321928094887362,متاع,أليم,0,0,plain,file
16:118,16,118,15,15,66,3.906890595608519,وعلى,يظلمون,0,0,plain,file
16:119,16,119,19,15,71,3.826874881864638,ثم,رحيم,0,0,plain,file
16:120,16,120,11,11,43,3.4594316186372973,إن,المشركين,0,0,plain,file
16:121,16,121,7,7,35,2.8073549220576037,شاكرا,مستقيم,0,0,plain,file
16:122,16,122,9,8,42,2.94770277922009,وآتيناه,الصالحين,0,0,plain,file
16:123,16,123,12,12,49,3.584962500721156,ثم,المشركين,0,0,plain,file
16:124,16,124,17,16,75,3.9698157824268097,إنما,يختلفون,0,0,plain,file
16:125,16,125,22,20,91,4.277613436819116,ادع,بالمهتدين,0,0,plain,file
16:126,16,126,12,12,53,3.584962500721156,وإن,للصابرين,0,0,plain,file
16:127,16,127,14,13,51,3.6644977792004614,واصبر,يمكرون,0,0,plain,file
16:128,16,128,8,8,32,3.0,إن,محسنون,0,0,plain,file
17:1,17,1,25,22,114,4.403856189774725,بسم,البصير,0,0,plain,file
17:2,17,2,12,12,57,3.584962500721156,وآتينا,وكيلا,0,0,plain,file
17:3,17,3,9,9,31,3.169925001442312,ذرية,شكورا,0,0,plain,file
17:4,17,4,13,12,60,3.546593564294939,وقضينا,كبيرا,0,0,plain,file
17:5,17,5,17,17,76,4.087462841250339,فإذا,مفعولا,0,0,plain,file
17:6,17,6,11,11,57,3.4594316186372973,ثم,نفيرا,0,0,plain,file
17:7,17,7,23,22,110,4.436605434317883,إن,تتبيرا,0,0,plain,file
17:8,17,8,11,11,49,3.4594316186372973,عسى,حصيرا,0,0,plain,file
17:9,17,9,16,16,71,4.0,إن,كبيرا,0,0,plain,file
17:10,17,10,9,9,42,3.169925001442312,وأن,أليما,0,0,plain,file
17:11,17,11,8,7,43,2.75,ويدع,عجولا,0,0,plain,file
17:12,17,12,23,20,116,4.2626923908396215,وجعلنا,تفصيلا,0,0,plain,file
17:13,17,13,13,13,59,3.7004397181410926,وكل,منشورا,0,0,plain,file
17:14,17,14,7,7,31,2.8073549220576037,اقرأ,حسيبا,0,0,plain,file
17:15,17,15,21,20,82,4.297079327540665,من,رسولا,0,0,plain,file
17:16,17,16,14,14,68,3.807354922057604,وإذا,تدميرا,0,0,plain,file
17:17,17,17,13,12,53,3.546593564294939,وكم,بصيرا,0,0,plain,file
17:18,17,18,18,17,71,4.058813890331201,من,مدحورا,0,0,plain,file
17:19,17,19,12,12,52,3.584962500721156,ومن,مشكورا,0,0,plain,file
17:20,17,20,12,10,45,3.2516291673878226,كلا,محظورا,0,0,plain,file
17:21,17,21,11,11,50,3.4594316186372973,انظر,تفضيلا,0,0,plain,file
17:22,17,22,9,9,36,3.169925001442312,لا,مخذولا,0,0,plain,file
17:23,17,23,25,24,108,4.563856189774725,وقضى,كريما,0,0,plain,file
17:24,17,24,12,12,51,3.584962500721156,واخفض,صغيرا,0,0,plain,file
17:25,17,25,12,12,53,3.584962500721156,ربكم,غفورا,0,0,plain,file
17:26,17,26,10,10,45,3.3219280948873626,وآت,تبذيرا,0,0,plain,file
17:27,17,27,9,9,48,3.169925001442312,إن,كفورا,0,0,plain,file
17:28,17,28,12,12,50,3.584962500721156,وإما,ميسورا,0,0,plain,file
17:29,17,29,13,12,55,3.546593564294939,ولا,محسورا,0,0,plain,file
17:30,17,30,12,12,48,3.584962500721156,إن,بصيرا,0,0,plain,file
17:31,17,31,13,13,59,3.7004397181410926,ولا,كبيرا,0,0,plain,file
17:32,17,32,8,8,34,3.0,ولا,سبيلا,0,0,plain,file
17:33,17,33,22,22,90,4.459431618637297,ولا,منصورا,0,0,plain,file
17:34,17,34,17,17,71,4.087462841250339,ولا,مسئولا,0,0,plain,file
17:35,17,35,11,11,56,3.4594316186372973,وأوفوا,تأويلا,0,0,plain,file
17:36,17,36,16,16,57,4.0,ولا,مسئولا,0,0,plain,file
17:37,17,37,13,12,48,3.546593564294939,ولا,طولا,0,0,plain,file
17:38,17,38,7,7,24,2.8073549220576037,كل,مكروها,0,0,plain,file
17:39,17,39,18,18,67,4.169925001442312,ذلك,مدحورا,0,0,plain,file
17:40,17,40,11,11,59,3.4594316186372973,أفأصفاكم,عظيما,0,0,plain,file
17:41,17,41,10,10,44,3.3219280948873626,ولقد,نفورا,0,0,plain,file
17:42,17,42,13,13,48,3.7004397181410926,قل,سبيلا,0,0,plain,file
17:43,17,43,6,6,30,2.584962500721156,سبحانه,كبيرا,0,0,plain,file
17:44,17,44,21,21,87,4.392317422778761,تسبح,غفورا,0,0,plain,file
17:45,17,45,12,12,58,3.584962500721156,وإذا,مستورا,0,0,plain,file
17:46,17,46,19,18,82,4.142664355548848,وجعلنا,نفورا,0,0,plain,file
17:47,17,47,19,17,76,4.037401197654112,نحن,مسحورا,0,0,plain,file
17:48,17,48,9,9,42,3.169925001442312,انظر,سبيلا,0,0,plain,file
17:49,17,49,9,9,45,3.169925001442312,وقالوا,جديدا,0,0,plain,file
17:50,17,50,5,5,19,2.321928094887362,قل,حديدا,0,0,plain,file
17:51,17,51,25,24,100,4.563856189774725,أو,قريبا,0,0,plain,file
17:52,17,52,9,9,44,3.169925001442312,يوم,قليلا,0,0,plain,file
17:53,17,53,16,14,71,3.75,وقل,مبينا,0,0,plain,file
17:54,17,54,14,12,55,3.521640636343318,ربكم,وكيلا,0,0,plain,file
17:55,17,55,15,14,68,3.773557262275186,وربك,زبورا,0,0,plain,file
17:56,17,56,13,13,52,3.7004397181410926,قل,تحويلا,0,0,plain,file
17:57,17,57,18,18,84,4.169925001442312,أولئك,محذورا,0,0,plain,file
17:58,17,58,18,18,74,4.169925001442312,وإن,مسطورا,0,0,plain,file
17:59,17,59,21,15,92,3.8208888513501886,وما,تخويفا,0,0,plain,file
17:60,17,60,25,24,113,4.563856189774725,وإذ,كبيرا,0,0,plain,file
17:61,17,61,13,13,58,3.7004397181410926,وإذ,طينا,0,0,plain,file
17:62,17,62,15,15,64,3.906890595608519,قال,قليلا,0,0,plain,file
17:63,17,63,10,10,41,3.3219280948873626,قال,موفورا,0,0,plain,file
17:64,17,64,19,19,96,4.247927513443585,واستفزز,غرورا,0,0,plain,file
17:65,17,65,9,9,35,3.169925001442312,إن,وكيلا,0,0,plain,file
17:66,17,66,14,14,54,3.807354922057604,ربكم,رحيما,0,0,plain,file
17:67,17,67,18,18,73,4.169925001442312,وإذا,كفورا,0,0,plain,file
17:68,17,68,15,15,57,3.906890595608519,أفأمنتم,وكيلا,0,0,plain,file
17:69,17,69,22,22,87,4.459431618637297,أم,تبيعا,0,0,plain,file
17:70,17,70,17,17,81,4.087462841250339,ولقد,تفضيلا,0,0,plain,file
17:71,17,71,15,15,70,3.906890595608519,يوم,فتيلا,0,0,plain,file
17:72,17,72,11,9,39,3.095795255000934,ومن,سبيلا,0,0,plain,file
17:73,17,73,13,13,63,3.7004397181410926,وإن,خليلا,0,0,plain,file
17:74,17,74,9,9,37,3.169925001442312,ولولا,قليلا,0,0,plain,file
17:75,17,75,12,12,48,3.584962500721156,إذا,نصيرا,0,0,plain,file
17:76,17,76,13,13,60,3.7004397181410926,وإن,قليلا,0,0,plain,file
17:77,17,77,11,10,42,3.2776134368191157,سنة,تحويلا,0,0,plain,file
17:78,17,78,14,13,60,3.6644977792004614,أقم,مشهودا,0,0,plain,file
17:79,17,79,12,12,46,3.584962500721156,ومن,محمودا,0,0,plain,file
17:80,17,80,14,13,56,3.6644977792004614,وقل,نصيرا,0,0,plain,file
17:81,17,81,9,8,36,2.94770277922009,وقل,زهوقا,0,0,plain,file
17:82,17,82,13,13,57,3.7004397181410926,وننزل,خسارا,0,0,plain,file
17:83,17,83,12,11,53,3.4182958340544896,وإذا,يئوسا,0,0,plain,file
17:84,17,84,11,11,40,3.4594316186372973,قل,سبيلا,0,0,plain,file
17:85,17,85,14,12,54,3.521640636343318,ويسألونك,قليلا,0,0,plain,file
17:86,17,86,13,13,50,3.7004397181410926,ولئن,وكيلا,0,0,plain,file
17:87,17,87,9,9,30,3.169925001442312,إلا,كبيرا,0,0,plain,file
17:88,17,88,19,19,76,4.247927513443585,قل,ظهيرا,0,0,plain,file
17:89,17,89,14,14,53,3.807354922057604,ولقد,كفورا,0,0,plain,file
17:90,17,90,10,10,37,3.3219280948873626,وقالوا,ينبوعا,0,0,plain,file
17:91,17,91,11,11,45,3.4594316186372973,أو,تفجيرا,0,0,plain,file
17:92,17,92,12,11,53,3.4182958340544896,أو,قبيلا,0,0,plain,file
17:93,17,93,26,25,92,4.623516641218015,أو,رسولا,0,0,plain,file
17:94,17,94,15,14,58,3.773557262275186,وما,رسولا,0,0,plain,file
17:95,17,95,14,14,60,3.807354922057604,قل,رسولا,0,0,plain,file
17:96,17,96,11,11,47,3.4594316186372973,قل,بصيرا,0,0,plain,file
17:97,17,97,27,26,114,4.680813428089394,ومن,سعيرا,0,0,plain,file
17:98,17,98,14,14,71,3.807354922057604,ذلك,جديدا,0,0,plain,file
17:99,17,99,23,22,92,4.436605434317883,أولم,كفورا,0,0,plain,file
17:100,17,100,14,14,63,3.807354922057604,قل,قتورا,0,0,plain,file
17:101,17,101,19,18,78,4.142664355548848,ولقد,مسحورا,0,0,plain,file
17:102,17,102,16,16,67,4.0,قال,مثبورا,0,0,plain,file
17:103,17,103,9,9,40,3.169925001442312,فأراد,جميعا,0,0,plain,file
17:104,17,104,14,14,61,3.807354922057604,وقلنا,لفيفا,0,0,plain,file
17:105,17,105,9,8,46,2.94770277922009,وبالحق,ونذيرا,0,0,plain,file
17:106,17,106,9,8,45,2.94770277922009,وقرآنا,تنزيلا,0,0,plain,file
17:107,17,107,18,18,70,4.169925001442312,قل,سجدا,0,0,plain,file
17:108,17,108,8,7,35,2.75,ويقولون,لمفعولا,0,0,plain,file
17:109,17,109,5,5,30,2.321928094887362,ويخرون,خشوعا,0,0,plain,file
17:110,17,110,22,20,90,4.277613436819116,قل,سبيلا,0,0,plain,file
17:111,17,111,21,18,72,4.106603137064474,وقل,تكبيرا,0,0,plain,file
18:1,18,1,15,15,61,3.906890595608519,بسم,عوجا,0,0,plain,file
18:2,18,2,15,15,69,3.906890595608519,قيما,حسنا,0,0,plain,file
18:3,18,3,3,3,13,1.584962500721156,ماكثين,أبدا,0,0,plain,file
18:4,18,4,6,6,27,2.584962500721156,وينذر,ولدا,0,0,plain,file
18:5,18,5,16,15,58,3.875,ما,كذبا,0,0,plain,file
18:6,18,6,11,11,46,3.4594316186372973,فلعلك,أسفا,0,0,plain,file
18:7,18,7,11,11,44,3.4594316186372973,إنا,عملا,0,0,plain,file
18:8,18,8,6,6,27,2.584962500721156,وإنا,جرزا,0,0,plain,file
18:9,18,9,10,10,42,3.3219280948873626,أم,عجبا,0,0,plain,file
18:10,18,10,16,15,61,3.875,إذ,رشدا,0,0,plain,file
18:11,18,11,7,7,30,2.8073549220576037,فضربنا,عددا,0,0,plain,file
18:12,18,12,9,9,39,3.169925001442312,ثم,أمدا,0,0,plain,file
18:13,18,13,11,11,48,3.4594316186372973,نحن,هدى,0,0,plain,file
18:14,18,14,19,19,78,4.247927513443585,وربطنا,شططا,0,0,plain,file
18:15,18,15,18,18,75,4.169925001442312,هؤلاء,كذبا,0,0,plain,file
18:16,18,16,19,17,80,4.037401197654112,وإذ,مرفقا,0,0,plain,file
18:17,18,17,34,31,127,4.910992253015045,وترى,مرشدا,0,0,plain,file
18:18,18,18,22,21,109,4.3685225277282065,وتحسبهم,رعبا,0,0,plain,file
18:19,18,19,38,36,173,5.142664355548849,وكذلك,أحدا,0,0,plain,file
18:20,18,20,13,13,56,3.7004397181410926,إنهم,أبدا,0,0,plain,file
18:21,18,21,32,29,142,4.788909765557392,وكذلك,مسجدا,0,0,plain,file
18:22,18,22,33,28,151,4.718488437474712,سيقولون,أحدا,0,0,plain,file
18:23,18,23,7,7,25,2.8073549220576037,ولا,غدا,0,0,plain,file
18:24,18,24,17,16,58,3.9698157824268097,إلا,رشدا,0,0,plain,file
18:25,18,25,8,8,37,3.0,ولبثوا,تسعا,0,0,plain,file
18:26,18,26,23,22,81,4.436605434317883,قل,أحدا,0,0,plain,file
18:27,18,27,15,14,54,3.773557262275186,واتل,ملتحدا,0,0,plain,file
18:28,18,28,30,29,129,4.840223928941852,واصبر,فرطا,0,0,plain,file
18:29,18,29,28,27,129,4.735926350629033,وقل,مرتفقا,0,0,plain,file
18:30,18,30,12,12,48,3.584962500721156,إن,عملا,0,0,plain,file
18:31,18,31,28,24,123,4.450212064914747,أولئك,مرتفقا,0,0,plain,file
18:32,18,32,14,14,70,3.807354922057604,واضرب,زرعا,0,0,plain,file
18:33,18,33,11,11,50,3.4594316186372973,كلتا,نهرا,0,0,plain,file
18:34,18,34,13,13,50,3.7004397181410926,وكان,نفرا,0,0,plain,file
18:35,18,35,12,12,41,3.584962500721156,ودخل,أبدا,0,0,plain,file
18:36,18,36,12,12,50,3.584962500721156,وما,منقلبا,0,0,plain,file
18:37,18,37,16,14,57,3.75,قال,رجلا,0,0,plain,file
18:38,18,38,8,8,28,3.0,لكنا,أحدا,0,0,plain,file
18:39,18,39,19,19,63,4.247927513443585,ولولا,وولدا,0,0,plain,file
18:40,18,40,15,14,62,3.773557262275186,فعسى,زلقا,0,0,plain,file
18:41,18,41,8,8,30,3.0,أو,طلبا,0,0,plain,file
18:42,18,42,20,19,79,4.221928094887363,وأحيط,أحدا,0,0,plain,file
18:43,18,43,11,11,39,3.4594316186372973,ولم,منتصرا,0,0,plain,file
18:44,18,44,9,9,37,3.169925001442312,هنالك,عقبا,0,0,plain,file
18:45,18,45,23,23,102,4.523561956057013,واضرب,مقتدرا,0,0,plain,file
18:46,18,46,13,13,67,3.7004397181410926,المال,أملا,0,0,plain,file
18:47,18,47,11,11,52,3.4594316186372973,ويوم,أحدا,0,0,plain,file
18:48,18,48,16,16,63,4.0,وعرضوا,موعدا,0,0,plain,file
18:49,18,49,28,26,122,4.664497779200461,ووضع,أحدا,0,0,plain,file
18:50,18,50,26,25,111,4.623516641218015,وإذ,بدلا,0,0,plain,file
18:51,18,51,13,12,59,3.546593564294939,ما,عضدا,0,0,plain,file
18:52,18,52,13,13,65,3.7004397181410926,ويوم,موبقا,0,0,plain,file
18:53,18,53,10,10,51,3.3219280948873626,ورأى,مصرفا,0,0,plain,file
18:54,18,54,14,14,54,3.807354922057604,ولقد,جدلا,0,0,plain,file
18:55,18,55,19,18,83,4.142664355548848,وما,قبلا,0,0,plain,file
18:56,18,56,18,17,92,4.058813890331201,وما,هزوا,0,0,plain,file
18:57,18,57,30,30,118,4.906890595608519,ومن,أبدا,0,0,plain,file
18:58,18,58,19,18,75,4.142664355548848,وربك,موئلا,0,0,plain,file
18:59,18,59,8,8,43,3.0,وتلك,موعدا,0,0,plain,file
18:60,18,60,13,13,49,3.7004397181410926,وإذ,حقبا,0,0,plain,file
18:61,18,61,11,11,49,3.4594316186372973,فلما,سربا,0,0,plain,file
18:62,18,62,12,12,49,3.584962500721156,فلما,نصبا,0,0,plain,file
18:63,18,63,20,20,85,4.321928094887363,قال,عجبا,0,0,plain,file
18:64,18,64,9,9,34,3.169925001442312,قال,قصصا,0,0,plain,file
18:65,18,65,12,10,51,3.188721875540867,فوجدا,علما,0,0,plain,file
18:66,18,66,11,11,37,3.4594316186372973,قال,رشدا,0,0,plain,file
18:67,18,67,6,6,21,2.584962500721156,قال,صبرا,0,0,plain,file
18:68,18,68,8,8,24,3.0,وكيف,خبرا,0,0,plain,file
18:69,18,69,10,10,36,3.3219280948873626,قال,أمرا,0,0,plain,file
18:70,18,70,12,12,43,3.584962500721156,قال,ذكرا,0,0,plain,file
18:71,18,71,15,15,65,3.906890595608519,فانطلقا,إمرا,0,0,plain,file
18:72,18,72,8,8,27,3.0,قال,صبرا,0,0,plain,file
18:73,18,73,10,10,38,3.3219280948873626,قال,عسرا,0,0,plain,file
18:74,18,74,16,16,64,4.0,فانطلقا,نكرا,0,0,plain,file
18:75,18,75,9,9,29,3.169925001442312,قال,صبرا,0,0,plain,file
18:76,18,76,13,13,46,3.7004397181410926,قال,عذرا,0,0,plain,file
18:77,18,77,24,23,103,4.501629167387822,فانطلقا,أجرا,0,0,plain,file
18:78,18,78,12,12,48,3.584962500721156,قال,صبرا,0,0,plain,file
18:79,18,79,17,17,76,4.087462841250339,أما,غصبا,0,0,plain,file
18:80,18,80,10,10,51,3.3219280948873626,وأما,وكفرا,0,0,plain,file
18:81,18,81,9,9,40,3.169925001442312,فأردنا,رحما,0,0,plain,file
18:82,18,82,35,33,148,5.014997302659252,وأما,صبرا,0,0,plain,file
18:83,18,83,9,9,38,3.169925001442312,ويسألونك,ذكرا,0,0,plain,file
18:84,18,84,10,10,34,3.3219280948873626,إنا,سببا,0,0,plain,file
18:85,18,85,2,2,9,1.0,فأتبع,سببا,0,0,plain,file
18:86,18,86,25,24,91,4.563856189774725,حتى,حسنا,0,0,plain,file
18:87,18,87,13,13,46,3.7004397181410926,قال,نكرا,0,0,plain,file
18:88,18,88,13,12,50,3.546593564294939,وأما,يسرا,0,0,plain,file
18:89,18,89,3,3,10,1.584962500721156,ثم,سببا,0,0,plain,file
18:90,18,90,15,15,53,3.906890595608519,حتى,سترا,0,0,plain,file
18:91,18,91,6,6,23,2.584962500721156,كذلك,خبرا,0,0,plain,file
18:92,18,92,3,3,10,1.584962500721156,ثم,سببا,0,0,plain,file
18:93,18,93,13,13,51,3.7004397181410926,حتى,قولا,0,0,plain,file
18:94,18,94,20,20,78,4.321928094887363,قالوا,سدا,0,0,plain,file
18:95,18,95,12,12,49,3.584962500721156,قال,ردما,0,0,plain,file
18:96,18,96,19,15,77,3.826874881864638,آتوني,قطرا,0,0,plain,file
18:97,18,97,8,8,35,3.0,فما,نقبا,0,0,plain,file
18:98,18,98,15,12,49,3.456564762130954,قال,حقا,0,0,plain,file
18:99,18,99,11,10,48,3.2776134368191157,وتركنا,جمعا,0,0,plain,file
18:100,18,100,5,5,27,2.321928094887362,وعرضنا,عرضا,0,0,plain,file
18:101,18,101,11,11,47,3.4594316186372973,الذين,سمعا,0,0,plain,file
18:102,18,102,14,14,65,3.807354922057604,أفحسب,نزلا,0,0,plain,file
18:103,18,103,5,5,25,2.321928094887362,قل,أعمالا,0,0,plain,file
18:104,18,104,11,11,49,3.4594316186372973,الذين,صنعا,0,0,plain,file
18:105,18,105,14,14,66,3.807354922057604,أولئك,وزنا,0,0,plain,file
18:106,18,106,9,9,42,3.169925001442312,ذلك,هزوا,0,0,plain,file
18:107,18,107,10,10,48,3.3219280948873626,إن,نزلا,0,0,plain,file
18:108,18,108,6,6,25,2.584962500721156,خالدين,حولا,0,0,plain,file
18:109,18,109,18,16,68,3.94770277922009,قل,مددا,0,0,plain,file
18:110,18,110,24,23,92,4.501629167387822,قل,أحدا,0,0,plain,file
19:1,19,1,5,5,24,2.321928094887362,بسم,كهيعص,0,0,plain,file
19:2,19,2,5,5,19,2.321928094887362,ذكر,زكريا,0,0,plain,file
19:3,19,3,5,5,17,2.321928094887362,إذ,خفيا,0,0,plain,file
19:4,19,4,14,13,52,3.6644977792004614,قال,شقيا,0,0,plain,file
19:5,19,5,13,12,52,3.546593564294939,وإني,وليا,0,0,plain,file
19:6,19,6,8,8,30,3.0,يرثني,رضيا,0,0,plain,file
19:7,19,7,13,13,45,3.7004397181410926,يا,سميا,0,0,plain,file
19:8,19,8,14,14,52,3.807354922057604,قال,عتيا,0,0,plain,file
19:9,19,9,14,13,43,3.6644977792004614,قال,شيئا,0,0,plain,file
19:10,19,10,13,12,45,3.546593564294939,قال,سويا,0,0,plain,file
19:11,19,11,11,11,46,3.4594316186372973,فخرج,وعشيا,0,0,plain,file
19:12,19,12,8,8,34,3.0,يا,صبيا,0,0,plain,file
19:13,19,13,6,6,25,2.584962500721156,وحنانا,تقيا,0,0,plain,file
19:14,19,14,6,6,26,2.584962500721156,وبرا,عصيا,0,0,plain,file
19:15,19,15,9,8,34,2.94770277922009,وسلام,حيا,0,0,plain,file
19:16,19,16,10,10,42,3.3219280948873626,واذكر,شرقيا,0,0,plain,file
19:17,19,17,11,11,51,3.4594316186372973,فاتخذت,سويا,0,0,plain,file
19:18,19,18,8,8,30,3.0,قالت,تقيا,0,0,plain,file
19:19,19,19,9,9,32,3.169925001442312,قال,زكيا,0,0,plain,file
19:20,19,20,11,10,38,3.2776134368191157,قالت,بغيا,0,0,plain,file
19:21,19,21,15,14,57,3.773557262275186,قال,مقضيا,0,0,plain,file
19:22,19,22,5,5,24,2.321928094887362,فحملته,قصيا,0,0,plain,file
19:23,19,23,14,14,57,3.807354922057604,فأجاءها,منسيا,0,0,plain,file
19:24,19,24,10,10,38,3.3219280948873626,فناداها,سريا,0,0,plain,file
19:25,19,25,8,8,35,3.0,وهزي,جنيا,0,0,plain,file
19:26,19,26,18,18,76,4.169925001442312,فكلي,إنسيا,0,0,plain,file
19:27,19,27,11,11,41,3.4594316186372973,فأتت,فريا,0,0,plain,file
19:28,19,28,12,12,40,3.584962500721156,يا,بغيا,0,0,plain,file
19:29,19,29,10,10,38,3.3219280948873626,فأشارت,صبيا,0,0,plain,file
19:30,19,30,8,8,34,3.0,قال,نبيا,0,0,plain,file
19:31,19,31,11,10,49,3.2776134368191157,وجعلني,حيا,0,0,plain,file
19:32,19,32,6,6,29,2.584962500721156,وبرا,شقيا,0,0,plain,file
19:33,19,33,9,8,36,2.94770277922009,والسلام,حيا,0,0,plain,file
19:34,19,34,9,9,34,3.169925001442312,ذلك,يمترون,0,0,plain,file
19:35,19,35,16,16,53,4.0,ما,فيكون,0,0,plain,file
19:36,19,36,8,8,35,3.0,وإن,مستقيم,0,0,plain,file
19:37,19,37,11,10,47,3.2776134368191157,فاختلف,عظيم,0,0,plain,file
19:38,19,38,11,11,48,3.4594316186372973,أسمع,مبين,0,0,plain,file
19:39,19,39,12,11,46,3.4182958340544896,وأنذرهم,يؤمنون,0,0,plain,file
19:40,19,40,8,8,34,3.0,إنا,يرجعون,0,0,plain,file
19:41,19,41,8,8,35,3.0,واذكر,نبيا,0,0,plain,file
19:42,19,42,16,15,50,3.875,إذ,شيئا,0,0,plain,file
19:43,19,43,14,14,50,3.807354922057604,يا,سويا,0,0,plain,file
19:44,19,44,10,9,40,3.1219280948873624,يا,عصيا,0,0,plain,file
19:45,19,45,12,12,46,3.584962500721156,يا,وليا,0,0,plain,file
19:46,19,46,13,13,54,3.7004397181410926,قال,مليا,0,0,plain,file
19:47,19,47,10,10,35,3.3219280948873626,قال,حفيا,0,0,plain,file
19:48,19,48,14,13,55,3.6644977792004614,وأعتزلكم,شقيا,0,0,plain,file
19:49,19,49,14,14,60,3.807354922057604,فلما,نبيا,0,0,plain,file
19:50,19,50,9,8,37,2.94770277922009,ووهبنا,عليا,0,0,plain,file
19:51,19,51,10,10,41,3.3219280948873626,واذكر,نبيا,0,0,plain,file
19:52,19,52,7,7,36,2.8073549220576037,وناديناه,نجيا,0,0,plain,file
19:53,19,53,7,7,29,2.8073549220576037,ووهبنا,نبيا,0,0,plain,file
19:54,19,54,11,11,48,3.4594316186372973,واذكر,نبيا,0,0,plain,file
19:55,19,55,9,8,41,2.94770277922009,وكان,مرضيا,0,0,plain,file
19:56,19,56,8,8,33,3.0,واذكر,نبيا,0,0,plain,file
19:57,19,57,3,3,16,1.584962500721156,ورفعناه,عليا,0,0,plain,file
19:58,19,58,29,25,129,4.582118926162055,أولئك,وبكيا,0,0,plain,file
19:59,19,59,11,11,52,3.4594316186372973,فخلف,غيا,0,0,plain,file
19:60,19,60,12,12,51,3.584962500721156,إلا,شيئا,0,0,plain,file
19:61,19,61,11,11,46,3.4594316186372973,جنات,مأتيا,0,0,plain,file
19:62,19,62,11,10,46,3.2776134368191157,لا,وعشيا,0,0,plain,file
19:63,19,63,9,8,33,2.94770277922009,تلك,تقيا,0,0,plain,file
19:64,19,64,18,13,61,3.5032583347756456,وما,نسيا,0,0,plain,file
19:65,19,65,12,12,56,3.584962500721156,رب,سميا,0,0,plain,file
19:66,19,66,8,8,31,3.0,ويقول,حيا,0,0,plain,file
19:67,19,67,10,10,38,3.3219280948873626,أولا,شيئا,0,0,plain,file
19:68,19,68,8,8,43,3.0,فوربك,جثيا,0,0,plain,file
19:69,19,69,10,10,36,3.3219280948873626,ثم,عتيا,0,0,plain,file
19:70,19,70,8,8,29,3.0,ثم,صليا,0,0,plain,file
19:71,19,71,9,9,34,3.169925001442312,وإن,مقضيا,0,0,plain,file
19:72,19,72,8,8,36,3.0,ثم,جثيا,0,0,plain,file
19:73,19,73,16,16,74,4.0,وإذا,نديا,0,0,plain,file
19:74,19,74,9,9,35,3.169925001442312,وكم,ورئيا,0,0,plain,file
19:75,19,75,25,24,98,4.563856189774725,قل,جندا,0,0,plain,file
19:76,19,76,13,13,62,3.7004397181410926,ويزيد,مردا,0,0,plain,file
19:77,19,77,8,8,39,3.0,أفرأيت,وولدا,0,0,plain,file
19:78,19,78,7,7,28,2.8073549220576037,أطلع,عهدا,0,0,plain,file
19:79,19,79,9,9,31,3.169925001442312,كلا,مدا,0,0,plain,file
19:80,19,80,5,5,22,2.321928094887362,ونرثه,فردا,0,0,plain,file
19:81,19,81,8,8,33,3.0,واتخذوا,عزا,0,0,plain,file
19:82,19,82,6,6,33,2.584962500721156,كلا,ضدا,0,0,plain,file
19:83,19,83,9,9,41,3.169925001442312,ألم,أزا,0,0,plain,file
19:84,19,84,7,7,25,2.8073549220576037,فلا,عدا,0,0,plain,file
19:85,19,85,6,6,27,2.584962500721156,يوم,وفدا,0,0,plain,file
19:86,19,86,5,5,24,2.321928094887362,ونسوق,وردا,0,0,plain,file
19:87,19,87,9,9,37,3.169925001442312,لا,عهدا,0,0,plain,file
19:88,19,88,4,4,20,2.0,وقالوا,ولدا,0,0,plain,file
19:89,19,89,4,4,14,2.0,لقد,إدا,0,0,plain,file
19:90,19,90,9,9,44,3.169925001442312,تكاد,هدا,0,0,plain,file
19:91,19,91,4,4,16,2.0,أن,ولدا,0,0,plain,file
19:92,19,92,6,6,24,2.584962500721156,وما,ولدا,0,0,plain,file
19:93,19,93,10,10,38,3.3219280948873626,إن,عبدا,0,0,plain,file
19:94,19,94,4,4,17,2.0,لقد,عدا,0,0,plain,file
19:95,19,95,5,5,23,2.321928094887362,وكلهم,فردا,0,0,plain,file
19:96,19,96,9,9,43,3.169925001442312,إن,ودا,0,0,plain,file
19:97,19,97,10,9,45,3.1219280948873624,فإنما,لدا,0,0,plain,file
19:98,19,98,14,13,46,3.6644977792004614,وكم,ركزا,0,0,plain,file
20:1,20,1,5,5,21,2.321928094887362,بسم,طه,0,0,plain,file
20:2,20,2,5,5,23,2.321928094887362,ما,لتشقى,0,0,plain,file
20:3,20,3,4,4,15,2.0,إلا,يخشى,0,0,plain,file
20:4,20,4,6,6,31,2.584962500721156,تنزيلا,العلى,0,0,plain,file
20:5,20,5,4,4,19,2.0,الرحمن,استوى,0,0,plain,file
20:6,20,6,12,9,44,3.0220552088742005,له,الثرى,0,0,plain,file
20:7,20,7,7,7,30,2.8073549220576037,وإن,وأخفى,0,0,plain,file
20:8,20,8,8,8,29,3.0,الله,الحسنى,0,0,plain,file
20:9,20,9,4,4,15,2.0,وهل,موسى,0,0,plain,file
20:10,20,10,18,17,68,4.058813890331201,إذ,هدى,0,0,plain,file
20:11,20,11,5,5,19,2.321928094887362,فلما,موسى,0,0,plain,file
20:12,20,12,9,9,37,3.169925001442312,إني,طوى,0,0,plain,file
20:13,20,13,5,5,23,2.321928094887362,وأنا,يوحى,0,0,plain,file
20:14,20,14,11,10,44,3.2776134368191157,إنني,لذكري,0,0,plain,file
20:15,20,15,10,10,39,3.3219280948873626,إن,تسعى,0,0,plain,file
20:16,20,16,10,10,37,3.3219280948873626,فلا,فتردى,0,0,plain,file
20:17,20,17,5,5,18,2.321928094887362,وما,موسى,0,0,plain,file
20:18,20,18,13,13,48,3.7004397181410926,قال,أخرى,0,0,plain,file
20:19,20,19,4,4,14,2.0,قال,موسى,0,0,plain,file
20:20,20,20,5,5,20,2.321928094887362,فألقاها,تسعى,0,0,plain,file
20:21,20,21,7,7,32,2.8073549220576037,قال,الأولى,0,0,plain,file
20:22,20,22,11,11,40,3.4594316186372973,واضمم,أخرى,0,0,plain,file
20:23,20,23,4,4,19,2.0,لنريك,الكبرى,0,0,plain,file
20:24,20,24,5,5,18,2.321928094887362,اذهب,طغى,0,0,plain,file
20:25,20,25,5,5,15,2.321928094887362,قال,صدري,0,0,plain,file
20:26,20,26,3,3,10,1.584962500721156,ويسر,أمري,0,0,plain,file
20:27,20,27,4,4,16,2.0,واحلل,لساني,0,0,plain,file
20:28,20,28,2,2,10,1.0,يفقهوا,قولي,0,0,plain,file
20:29,20,29,5,5,18,2.321928094887362,واجعل,أهلي,0,0,plain,file
20:30,20,30,2,2,8,1.0,هارون,أخي,0,0,plain,file
20:31,20,31,3,3,10,1.584962500721156,اشدد,أزري,0,0,plain,file
20:32,20,32,3,3,12,1.584962500721156,وأشركه,أمري,0,0,plain,file
20:33,20,33,3,3,12,1.584962500721156,كي,كثيرا,0,0,plain,file
20:34,20,34,2,2,11,1.0,ونذكرك,كثيرا,0,0,plain,file
20:35,20,35,4,4,14,2.0,إنك,بصيرا,0,0,plain,file
20:36,20,36,6,6,20,2.584962500721156,قال,موسى,0,0,plain,file
20:37,20,37,5,5,19,2.321928094887362,ولقد,أخرى,0,0,plain,file
20:38,20,38,6,6,20,2.584962500721156,إذ,يوحى,0,0,plain,file
20:39,20,39,22,20,93,4.277613436819116,أن,عيني,0,0,plain,file
20:40,20,40,35,33,130,5.014997302659252,إذ,موسى,0,0,plain,file
20:41,20,41,2,2,13,1.0,واصطنعتك,لنفسي,0,0,plain,file
20:42,20,42,8,8,31,3.0,اذهب,ذكري,0,0,plain,file
20:43,20,43,5,5,19,2.321928094887362,اذهبا,طغى,0,0,plain,file
20:44,20,44,8,8,30,3.0,فقولا,يخشى,0,0,plain,file
20:45,20,45,10,9,35,3.1219280948873624,قالا,يطغى,0,0,plain,file
20:46,20,46,7,7,27,2.8073549220576037,قال,وأرى,0,0,plain,file
20:47,20,47,21,19,87,4.20184123230257,فأتياه,الهدى,0,0,plain,file
20:48,20,48,10,10,35,3.3219280948873626,إنا,وتولى,0,0,plain,file
20:49,20,49,5,5,17,2.321928094887362,قال,موسى,0,0,plain,file
20:50,20,50,9,9,29,3.169925001442312,قال,هدى,0,0,plain,file
20:51,20,51,5,5,21,2.321928094887362,قال,الأولى,0,0,plain,file
20:52,20,52,11,10,35,3.2776134368191157,قال,ينسى,0,0,plain,file
20:53,20,53,19,17,74,4.037401197654112,الذي,شتى,0,0,plain,file
20:54,20,54,9,9,39,3.169925001442312,كلوا,النهى,0,0,plain,file
20:55,20,55,8,8,41,3.0,منها,أخرى,0,0,plain,file
20:56,20,56,6,6,28,2.584962500721156,ولقد,وأبى,0,0,plain,file
20:57,20,57,8,8,34,3.0,قال,موسى,0,0,plain,file
20:58,20,58,14,14,60,3.807354922057604,فلنأتينك,سوى,0,0,plain,file
20:59,20,59,8,8,33,3.0,قال,ضحى,0,0,plain,file
20:60,20,60,6,6,23,2.584962500721156,فتولى,أتى,0,0,plain,file
20:61,20,61,15,15,59,3.906890595608519,قال,افترى,0,0,plain,file
20:62,20,62,5,5,30,2.321928094887362,فتنازعوا,النجوى,0,0,plain,file
20:63,20,63,13,13,67,3.7004397181410926,قالوا,المثلى,0,0,plain,file
20:64,20,64,10,10,42,3.3219280948873626,فأجمعوا,استعلى,0,0,plain,file
20:65,20,65,12,11,39,3.4182958340544896,قالوا,ألقى,0,0,plain,file
20:66,20,66,12,12,49,3.584962500721156,قال,تسعى,0,0,plain,file
20:67,20,67,5,5,19,2.321928094887362,فأوجس,موسى,0,0,plain,file
20:68,20,68,6,6,21,2.584962500721156,قلنا,الأعلى,0,0,plain,file
20:69,20,69,16,14,59,3.75,وألق,أتى,0,0,plain,file
20:70,20,70,8,8,37,3.0,فألقي,وموسى,0,0,plain,file
20:71,20,71,26,26,115,4.700439718141092,قال,وأبقى,0,0,plain,file
20:72,20,72,19,18,76,4.142664355548848,قالوا,الدنيا,0,0,plain,file
20:73,20,73,14,14,61,3.807354922057604,إنا,وأبقى,0,0,plain,file
20:74,20,74,13,13,42,3.7004397181410926,إنه,يحيى,0,0,plain,file
20:75,20,75,10,10,46,3.3219280948873626,ومن,العلى,0,0,plain,file
20:76,20,76,12,11,49,3.4182958340544896,جنات,تزكى,0,0,plain,file
20:77,20,77,18,18,69,4.169925001442312,ولقد,تخشى,0,0,plain,file
20:78,20,78,8,8,37,3.0,فأتبعهم,غشيهم,0,0,plain,file
20:79,20,79,5,5,19,2.321928094887362,وأضل,هدى,0,0,plain,file
20:80,20,80,15,15,75,3.906890595608519,يا,والسلوى,0,0,plain,file
20:81,20,81,17,16,65,3.9698157824268097,كلوا,هوى,0,0,plain,file
20:82,20,82,9,9,35,3.169925001442312,وإني,اهتدى,0,0,plain,file
20:83,20,83,6,6,20,2.584962500721156,وما,موسى,0,0,plain,file
20:84,20,84,9,9,33,3.169925001442312,قال,لترضى,0,0,plain,file
20:85,20,85,9,9,36,3.169925001442312,قال,السامري,0,0,plain,file
20:86,20,86,27,25,105,4.60673935401532,فرجع,موعدي,0,0,plain,file
20:87,20,87,15,15,75,3.906890595608519,قالوا,السامري,0,0,plain,file
20:88,20,88,12,12,48,3.584962500721156,فأخرج,فنسي,0,0,plain,file
20:89,20,89,12,11,44,3.4182958340544896,أفلا,نفعا,0,0,plain,file
20:90,20,90,17,17,68,4.087462841250339,ولقد,أمري,0,0,plain,file
20:91,20,91,9,9,37,3.169925001442312,قالوا,موسى,0,0,plain,file
20:92,20,92,8,8,28,3.0,قال,ضلوا,0,0,plain,file
20:93,20,93,4,4,18,2.0,ألا,أمري,0,0,plain,file
20:94,20,94,20,20,71,4.321928094887363,قال,قولي,0,0,plain,file
20:95,20,95,5,5,17,2.321928094887362,قال,سامري,0,0,plain,file
20:96,20,96,16,16,62,4.0,قال,نفسي,0,0,plain,file
20:97,20,97,28,26,104,4.664497779200461,قال,نسفا,0,0,plain,file
20:98,20,98,12,12,39,3.584962500721156,إنما,علما,0,0,plain,file
20:99,20,99,13,12,44,3.546593564294939,كذلك,ذكرا,0,0,plain,file
20:100,20,100,8,8,31,3.0,من,وزرا,0,0,plain,file
20:101,20,101,7,7,30,2.8073549220576037,خالدين,حملا,0,0,plain,file
20:102,20,102,8,8,36,3.0,يوم,زرقا,0,0,plain,file
20:103,20,103,6,6,27,2.584962500721156,يتخافتون,عشرا,0,0,plain,file
20:104,20,104,12,12,47,3.584962500721156,نحن,يوما,0,0,plain,file
20:105,20,105,7,7,32,2.8073549220576037,ويسألونك,نسفا,0,0,plain,file
20:106,20,106,3,3,15,1.584962500721156,فيذرها,صفصفا,0,0,plain,file
20:107,20,107,6,6,20,2.584962500721156,لا,أمتا,0,0,plain,file
20:108,20,108,13,13,56,3.7004397181410926,يومئذ,همسا,0,0,plain,file
20:109,20,109,12,11,44,3.4182958340544896,يومئذ,قولا,0,0,plain,file
20:110,20,110,10,10,38,3.3219280948873626,يعلم,علما,0,0,plain,file
20:111,20,111,9,9,35,3.169925001442312,وعنت,ظلما,0,0,plain,file
20:112,20,112,11,11,42,3.4594316186372973,ومن,هضما,0,0,plain,file
20:113,20,113,14,14,62,3.807354922057604,وكذلك,ذكرا,0,0,plain,file
20:114,20,114,17,17,65,4.087462841250339,فتعالى,علما,0,0,plain,file
20:115,20,115,11,11,36,3.4594316186372973,ولقد,عزما,0,0,plain,file
20:116,20,116,9,9,42,3.169925001442312,وإذ,أبى,0,0,plain,file
20:117,20,117,13,13,49,3.7004397181410926,فقلنا,فتشقى,0,0,plain,file
20:118,20,118,7,7,22,2.8073549220576037,إن,تعرى,0,0,plain,file
20:119,20,119,6,6,21,2.584962500721156,وأنك,تضحى,0,0,plain,file
20:120,20,120,14,14,52,3.807354922057604,فوسوس,يبلى,0,0,plain,file
20:121,20,121,15,15,65,3.906890595608519,فأكلا,فغوى,0,0,plain,file
20:122,20,122,6,6,23,2.584962500721156,ثم,وهدى,0,0,plain,file
20:123,20,123,18,18,70,4.169925001442312,قال,يشقى,0,0,plain,file
20:124,20,124,12,12,47,3.584962500721156,ومن,أعمى,0,0,plain,file
20:125,20,125,8,8,28,3.0,قال,بصيرا,0,0,plain,file
20:126,20,126,8,8,38,3.0,قال,تنسى,0,0,plain,file
20:127,20,127,12,12,50,3.584962500721156,وكذلك,وأبقى,0,0,plain,file
20:128,20,128,17,16,67,3.9698157824268097,أفلم,النهى,0,0,plain,file
20:129,20,129,9,9,35,3.169925001442312,ولولا,مسمى,0,0,plain,file
20:130,20,130,20,20,85,4.321928094887363,فاصبر,ترضى,0,0,plain,file
20:131,20,131,18,18,75,4.169925001442312,ولا,وأبقى,0,0,plain,file
20:132,20,132,12,12,59,3.584962500721156,وأمر,للتقوى,0,0,plain,file
20:133,20,133,13,13,53,3.7004397181410926,وقالوا,الأولى,0,0,plain,file
20:134,20,134,19,18,79,4.142664355548848,ولو,ونخزى,0,0,plain,file
20:135,20,135,11,11,50,3.4594316186372973,قل,اهتدى,0,0,plain,file
21:1,21,1,11,11,50,3.4594316186372973,بسم,معرضون,0,0,plain,file
21:2,21,2,11,10,42,3.2776134368191157,ما,يلعبون,0,0,plain,file
21:3,21,3,15,15,72,3.906890595608519,لاهية,تبصرون,0,0,plain,file
21:4,21,4,10,10,44,3.3219280948873626,قال,العليم,0,0,plain,file
21:5,21,5,14,12,58,3.4677201004744993,بل,الأولون,0,0,plain,file
21:6,21,6,8,8,35,3.0,ما,يؤمنون,0,0,plain,file
21:7,21,7,14,14,59,3.807354922057604,وما,تعلمون,0,0,plain,file
21:8,21,8,9,8,42,2.94770277922009,وما,خالدين,0,0,plain,file
21:9,21,9,8,8,45,3.0,ثم,المسرفين,0,0,plain,file
21:10,21,10,8,8,37,3.0,لقد,تعقلون,0,0,plain,file
21:11,21,11,10,10,44,3.3219280948873626,وكم,آخرين,0,0,plain,file
21:12,21,12,7,7,29,2.8073549220576037,فلما,يركضون,0,0,plain,file
21:13,21,13,10,10,48,3.3219280948873626,لا,تسألون,0,0,plain,file
21:14,21,14,6,6,24,2.584962500721156,قالوا,ظالمين,0,0,plain,file
21:15,21,15,8,8,37,3.0,فما,خامدين,0,0,plain,file
21:16,21,16,7,6,35,2.521640636343318,وما,لاعبين,0,0,plain,file
21:17,21,17,11,11,42,3.4594316186372973,لو,فاعلين,0,0,plain,file
21:18,21,18,13,13,53,3.7004397181410926,بل,تصفون,0,0,plain,file
21:19,21,19,13,13,57,3.7004397181410926,وله,يستحسرون,0,0,plain,file
21:20,21,20,5,5,26,2.321928094887362,يسبحون,يفترون,0,0,plain,file
21:21,21,21,7,7,27,2.8073549220576037,أم,ينشرون,0,0,plain,file
21:22,21,22,13,12,52,3.546593564294939,لو,يصفون,0,0,plain,file
21:23,21,23,6,6,22,2.584962500721156,لا,يسألون,0,0,plain,file
21:24,21,24,22,20,82,4.243300368538958,أم,معرضون,0,0,plain,file
21:25,21,25,15,13,53,3.640223928941852,وما,فاعبدون,0,0,plain,file
21:26,21,26,8,8,38,3.0,وقالوا,مكرمون,0,0,plain,file
21:27,21,27,6,6,29,2.584962500721156,لا,يعملون,0,0,plain,file
21:28,21,28,15,15,59,3.906890595608519,يعلم,مشفقون,0,0,plain,file
21:29,21,29,13,13,51,3.7004397181410926,ومن,الظالمين,0,0,plain,file
21:30,21,30,18,18,80,4.169925001442312,أولم,يؤمنون,0,0,plain,file
21:31,21,31,13,12,57,3.546593564294939,وجعلنا,يهتدون,0,0,plain,file
21:32,21,32,8,8,39,3.0,وجعلنا,معرضون,0,0,plain,file
21:33,21,33,11,11,47,3.4594316186372973,وهو,يسبحون,0,0,plain,file
21:34,21,34,10,10,40,3.3219280948873626,وما,الخالدون,0,0,plain,file
21:35,21,35,10,10,49,3.3219280948873626,كل,ترجعون,0,0,plain,file
21:36,21,36,17,17,72,4.087462841250339,وإذا,كافرون,0,0,plain,file
21:37,21,37,8,8,37,3.0,خلق,تستعجلون,0,0,plain,file
21:38,21,38,7,7,30,2.8073549220576037,ويقولون,صادقين,0,0,plain,file
21:39,21,39,16,14,61,3.75,لو,ينصرون,0,0,plain,file
21:40,21,40,10,10,45,3.3219280948873626,بل,ينظرون,0,0,plain,file
21:41,21,41,13,13,56,3.7004397181410926,ولقد,يستهزئون,0,0,plain,file
21:42,21,42,13,12,50,3.546593564294939,قل,معرضون,0,0,plain,file
21:43,21,43,14,14,55,3.807354922057604,أم,يصحبون,0,0,plain,file
21:44,21,44,18,18,82,4.169925001442312,بل,الغالبون,0,0,plain,file
21:45,21,45,11,11,46,3.4594316186372973,قل,ينذرون,0,0,plain,file
21:46,21,46,12,12,47,3.584962500721156,ولئن,ظالمين,0,0,plain,file
21:47,21,47,20,20,83,4.321928094887363,ونضع,حاسبين,0,0,plain,file
21:48,21,48,8,8,43,3.0,ولقد,للمتقين,0,0,plain,file
21:49,21,49,8,8,37,3.0,الذين,مشفقون,0,0,plain,file
21:50,21,50,7,7,33,2.8073549220576037,وهذا,منكرون,0,0,plain,file
21:51,21,51,9,9,37,3.169925001442312,ولقد,عالمين,0,0,plain,file
21:52,21,52,11,11,45,3.4594316186372973,إذ,عاكفون,0,0,plain,file
21:53,21,53,5,5,25,2.321928094887362,قالوا,عابدين,0,0,plain,file
21:54,21,54,8,8,31,3.0,قال,مبين,0,0,plain,file
21:55,21,55,7,7,31,2.8073549220576037,قالوا,اللاعبين,0,0,plain,file
21:56,21,56,13,13,55,3.7004397181410926,قال,الشاهدين,0,0,plain,file
21:57,21,57,7,7,35,2.8073549220576037,وتالله,مدبرين,0,0,plain,file
21:58,21,58,8,8,37,3.0,فجعلهم,يرجعون,0,0,plain,file
21:59,21,59,8,8,34,3.0,قالوا,الظالمين,0,0,plain,file
21:60,21,60,7,7,32,2.8073549220576037,قالوا,إبراهيم,0,0,plain,file
21:61,21,61,8,8,35,3.0,قالوا,يشهدون,0,0,plain,file
21:62,21,62,7,7,32,2.8073549220576037,قالوا,إبراهيم,0,0,plain,file
21:63,21,63,9,9,39,3.169925001442312,قال,ينطقون,0,0,plain,file
21:64,21,64,7,7,37,2.8073549220576037,فرجعوا,الظالمون,0,0,plain,file
21:65,21,65,9,9,36,3.169925001442312,ثم,ينطقون,0,0,plain,file
21:66,21,66,11,11,42,3.4594316186372973,قال,يضركم,0,0,plain,file
21:67,21,67,9,9,34,3.169925001442312,أف,تعقلون,0,0,plain,file
21:68,21,68,7,7,35,2.8073549220576037,قالوا,فاعلين,0,0,plain,file
21:69,21,69,8,8,33,3.0,قلنا,إبراهيم,0,0,plain,file
21:70,21,70,5,5,29,2.321928094887362,وأرادوا,الأخسرين,0,0,plain,file
21:71,21,71,8,8,42,3.0,ونجيناه,للعالمين,0,0,plain,file
21:72,21,72,8,8,39,3.0,ووهبنا,صالحين,0,0,plain,file
21:73,21,73,15,15,83,3.906890595608519,وجعلناهم,عابدين,0,0,plain,file
21:74,21,74,16,16,75,4.0,ولوطا,فاسقين,0,0,plain,file
21:75,21,75,6,6,29,2.584962500721156,وأدخلناه,الصالحين,0,0,plain,file
21:76,21,76,12,11,51,3.4182958340544896,ونوحا,العظيم,0,0,plain,file
21:77,21,77,12,12,61,3.584962500721156,ونصرناه,أجمعين,0,0,plain,file
21:78,21,78,14,13,61,3.6644977792004614,وداوود,شاهدين,0,0,plain,file
21:79,21,79,14,14,72,3.807354922057604,ففهمناها,فاعلين,0,0,plain,file
21:80,21,80,10,10,45,3.3219280948873626,وعلمناه,شاكرون,0,0,plain,file
21:81,21,81,14,14,65,3.807354922057604,ولسليمان,عالمين,0,0,plain,file
21:82,21,82,12,12,51,3.584962500721156,ومن,حافظين,0,0,plain,file
21:83,21,83,10,10,41,3.3219280948873626,وأيوب,الراحمين,0,0,plain,file
21:84,21,84,16,15,69,3.875,فاستجبنا,للعابدين,0,0,plain,file
21:85,21,85,7,7,34,2.8073549220576037,وإسماعيل,الصابرين,0,0,plain,file
21:86,21,86,6,6,31,2.584962500721156,وأدخلناهم,الصالحين,0,0,plain,file
21:87,21,87,23,22,83,4.436605434317883,وذا,الظالمين,0,0,plain,file
21:88,21,88,8,8,40,3.0,فاستجبنا,المؤمنين,0,0,plain,file
21:89,21,89,11,11,43,3.4594316186372973,وزكريا,الوارثين,0,0,plain,file
21:90,21,90,19,17,92,3.997670276487613,فاستجبنا,خاشعين,0,0,plain,file
21:91,21,91,11,11,57,3.4594316186372973,والتي,للعالمين,0,0,plain,file
21:92,21,92,8,8,33,3.0,إن,فاعبدون,0,0,plain,file
21:93,21,93,6,6,30,2.584962500721156,وتقطعوا,راجعون,0,0,plain,file
21:94,21,94,12,12,49,3.584962500721156,فمن,كاتبون,0,0,plain,file
21:95,21,95,7,7,32,2.8073549220576037,وحرام,يرجعون,0,0,plain,file
21:96,21,96,10,10,37,3.3219280948873626,حتى,ينسلون,0,0,plain,file
21:97,21,97,20,19,75,4.221928094887363,واقترب,ظالمين,0,0,plain,file
21:98,21,98,11,11,42,3.4594316186372973,إنكم,واردون,0,0,plain,file
21:99,21,99,9,9,35,3.169925001442312,لو,خالدون,0,0,plain,file
21:100,21,100,7,6,26,2.521640636343318,لهم,يسمعون,0,0,plain,file
21:101,21,101,9,9,38,3.169925001442312,إن,مبعدون,0,0,plain,file
21:102,21,102,9,9,38,3.169925001442312,لا,خالدون,0,0,plain,file
21:103,21,103,11,11,57,3.4594316186372973,لا,توعدون,0,0,plain,file
21:104,21,104,16,16,66,4.0,يوم,فاعلين,0,0,plain,file
21:105,21,105,12,12,52,3.584962500721156,ولقد,الصالحون,0,0,plain,file
21:106,21,106,6,6,23,2.584962500721156,إن,عابدين,0,0,plain,file
21:107,21,107,5,5,25,2.321928094887362,وما,للعالمين,0,0,plain,file
21:108,21,108,11,11,42,3.4594316186372973,قل,مسلمون,0,0,plain,file
21:109,21,109,13,13,50,3.7004397181410926,فإن,توعدون,0,0,plain,file
21:110,21,110,8,8,32,3.0,إنه,تكتمون,0,0,plain,file
21:111,21,111,8,8,29,3.0,وإن,حين,0,0,plain,file
21:112,21,112,10,10,43,3.3219280948873626,قال,تصفون,0,0,plain,file
22:1,22,1,14,14,59,3.807354922057604,بسم,عظيم,0,0,plain,file
22:2,22,2,22,21,86,4.3685225277282065,يوم,شديد,0,0,plain,file
22:3,22,3,12,12,44,3.584962500721156,ومن,مريد,0,0,plain,file
22:4,22,4,11,11,44,3.4594316186372973,كتب,السعير,0,0,plain,file
22:5,22,5,70,54,262,5.441583509981857,يا,بهيج,0,0,plain,file
22:6,22,6,13,12,46,3.546593564294939,ذلك,قدير,0,0,plain,file
22:7,22,7,12,11,43,3.4182958340544896,وأن,القبور,0,0,plain,file
22:8,22,8,13,12,45,3.546593564294939,ومن,منير,0,0,plain,file
22:9,22,9,15,15,61,3.906890595608519,ثاني,الحريق,0,0,plain,file
22:10,22,10,9,9,35,3.169925001442312,ذلك,للعبيد,0,0,plain,file
22:11,22,11,25,24,101,4.563856189774725,ومن,المبين,0,0,plain,file
22:12,22,12,14,13,48,3.6644977792004614,يدعو,البعيد,0,0,plain,file
22:13,22,13,10,10,41,3.3219280948873626,يدعو,العشير,0,0,plain,file
22:14,22,14,17,15,72,3.85216872360328,إن,يريد,0,0,plain,file
22:15,22,15,22,22,85,4.459431618637297,من,يغيظ,0,0,plain,file
22:16,22,16,9,9,38,3.169925001442312,وكذلك,يريد,0,0,plain,file
22:17,22,17,22,18,102,4.0614821867207755,إن,شهيد,0,0,plain,file
22:18,22,18,37,29,144,4.736216203349844,ألم,يشاء,0,0,plain,file
22:19,22,19,17,16,69,3.9698157824268097,هذان,الحميم,0,0,plain,file
22:20,22,20,6,6,23,2.584962500721156,يصهر,والجلود,0,0,plain,file
22:21,22,21,4,4,15,2.0,ولهم,حديد,0,0,plain,file
22:22,22,22,12,12,52,3.584962500721156,كلما,الحريق,0,0,plain,file
22:23,22,23,22,19,98,4.152391277629866,إن,حرير,0,0,plain,file
22:24,22,24,9,7,38,2.725480556997868,وهدوا,الحميد,0,0,plain,file
22:25,22,25,25,24,108,4.563856189774725,إن,أليم,0,0,plain,file
22:26,22,26,16,16,76,4.0,وإذ,السجود,0,0,plain,file
22:27,22,27,14,13,51,3.6644977792004614,وأذن,عميق,0,0,plain,file
22:28,22,28,20,20,94,4.321928094887363,ليشهدوا,الفقير,0,0,plain,file
22:29,22,29,8,8,46,3.0,ثم,العتيق,0,0,plain,file
22:30,22,30,24,24,100,4.584962500721156,ذلك,الزور,0,0,plain,file
22:31,22,31,21,20,81,4.297079327540665,حنفاء,سحيق,0,0,plain,file
22:32,22,32,9,9,36,3.169925001442312,ذلك,القلوب,0,0,plain,file
22:33,22,33,11,10,43,3.2776134368191157,لكم,العتيق,0,0,plain,file
22:34,22,34,20,20,89,4.321928094887363,ولكل,المخبتين,0,0,plain,file
22:35,22,35,15,15,76,3.906890595608519,الذين,ينفقون,0,0,plain,file
22:36,22,36,27,24,128,4.504706483564822,والبدن,تشكرون,0,0,plain,file
22:37,22,37,20,19,89,4.221928094887363,لن,المحسنين,0,0,plain,file
22:38,22,38,13,11,44,3.3927474104487847,إن,كفور,0,0,plain,file
22:39,22,39,10,10,45,3.3219280948873626,أذن,لقدير,0,0,plain,file
22:40,22,40,35,30,148,4.740436146246771,الذين,عزيز,0,0,plain,file
22:41,22,41,17,17,85,4.087462841250339,الذين,الأمور,0,0,plain,file
22:42,22,42,9,9,36,3.169925001442312,وإن,وثمود,0,0,plain,file
22:43,22,43,4,3,18,1.5,وقوم,لوط,0,0,plain,file
22:44,22,44,11,11,51,3.4594316186372973,وأصحاب,نكير,0,0,plain,file
22:45,22,45,14,14,61,3.807354922057604,فكأين,مشيد,0,0,plain,file
22:46,22,46,23,20,97,4.2626923908396215,أفلم,الصدور,0,0,plain,file
22:47,22,47,14,14,60,3.807354922057604,ويستعجلونك,تعدون,0,0,plain,file
22:48,22,48,11,11,45,3.4594316186372973,وكأين,المصير,0,0,plain,file
22:49,22,49,9,9,31,3.169925001442312,قل,مبين,0,0,plain,file
22:50,22,50,8,8,41,3.0,فالذين,كريم,0,0,plain,file
22:51,22,51,8,8,41,3.0,والذين,الجحيم,0,0,plain,file
22:52,22,52,27,24,106,4.532665279941246,وما,حكيم,0,0,plain,file
22:53,22,53,16,15,74,3.875,ليجعل,بعيد,0,0,plain,file
22:54,22,54,21,20,89,4.297079327540665,وليعلم,مستقيم,0,0,plain,file
22:55,22,55,16,16,64,4.0,ولا,عقيم,0,0,plain,file
22:56,22,56,12,12,59,3.584962500721156,الملك,النعيم,0,0,plain,file
22:57,22,57,8,8,41,3.0,والذين,مهين,0,0,plain,file
22:58,22,58,18,16,77,3.905764584655453,والذين,الرازقين,0,0,plain,file
22:59,22,59,7,7,35,2.8073549220576037,ليدخلنهم,حليم,0,0,plain,file
22:60,22,60,16,15,56,3.875,ذلك,غفور,0,0,plain,file
22:61,22,61,15,11,60,3.3735572622751855,ذلك,بصير,0,0,plain,file
22:62,22,62,17,13,60,3.572469458770135,ذلك,الكبير,0,0,plain,file
22:63,22,63,15,14,55,3.773557262275186,ألم,خبير,0,0,plain,file
22:64,22,64,12,11,45,3.4182958340544896,له,الحميد,0,0,plain,file
22:65,22,65,27,23,101,4.458591205867172,ألم,رحيم,0,0,plain,file
22:66,22,66,10,9,43,3.1219280948873624,وهو,لكفور,0,0,plain,file
22:67,22,67,17,17,67,4.087462841250339,لكل,مستقيم,0,0,plain,file
22:68,22,68,7,7,29,2.8073549220576037,وإن,تعملون,0,0,plain,file
22:69,22,69,9,9,41,3.169925001442312,الله,تختلفون,0,0,plain,file
22:70,22,70,18,14,60,3.7254805569978675,ألم,يسير,0,0,plain,file
22:71,22,71,18,15,63,3.8365916681089787,ويعبدون,نصير,0,0,plain,file
22:72,22,72,29,25,136,4.582118926162055,وإذا,المصير,0,0,plain,file
22:73,22,73,29,28,122,4.789015477886192,يا,والمطلوب,0,0,plain,file
22:74,22,74,9,8,31,2.94770277922009,ما,عزيز,0,0,plain,file
22:75,22,75,11,10,45,3.2776134368191157,الله,بصير,0,0,plain,file
22:76,22,76,10,10,41,3.3219280948873626,يعلم,الأمور,0,0,plain,file
22:77,22,77,12,12,63,3.584962500721156,يا,تفلحون,0,0,plain,file
22:78,22,78,44,39,199,5.215002357224491,وجاهدوا,النصير,0,0,plain,file
23:1,23,1,7,7,33,2.8073549220576037,بسم,المؤمنون,0,0,plain,file
23:2,23,2,5,5,21,2.321928094887362,الذين,خاشعون,0,0,plain,file
23:3,23,3,5,5,21,2.321928094887362,والذين,معرضون,0,0,plain,file
23:4,23,4,4,4,20,2.0,والذين,فاعلون,0,0,plain,file
23:5,23,5,4,4,21,2.0,والذين,حافظون,0,0,plain,file
23:6,23,6,10,10,42,3.3219280948873626,إلا,ملومين,0,0,plain,file
23:7,23,7,7,7,30,2.8073549220576037,فمن,العادون,0,0,plain,file
23:8,23,8,5,5,28,2.321928094887362,والذين,راعون,0,0,plain,file
23:9,23,9,5,5,25,2.321928094887362,والذين,يحافظون,0,0,plain,file
23:10,23,10,3,3,15,1.584962500721156,أولئك,الوارثون,0,0,plain,file
23:11,23,11,6,6,29,2.584962500721156,الذين,خالدون,0,0,plain,file
23:12,23,12,7,6,28,2.521640636343318,ولقد,طين,0,0,plain,file
23:13,23,13,6,6,22,2.584962500721156,ثم,مكين,0,0,plain,file
23:14,23,14,21,19,104,4.20184123230257,ثم,الخالقين,0,0,plain,file
23:15,23,15,5,5,18,2.321928094887362,ثم,لميتون,0,0,plain,file
23:16,23,16,5,5,22,2.321928094887362,ثم,تبعثون,0,0,plain,file
23:17,23,17,10,10,41,3.3219280948873626,ولقد,غافلين,0,0,plain,file
23:18,23,18,13,13,56,3.7004397181410926,وأنزلنا,لقادرون,0,0,plain,file
23:19,23,19,13,12,56,3.546593564294939,فأنشأنا,تأكلون,0,0,plain,file
23:20,23,20,9,9,40,3.169925001442312,وشجرة,للآكلين,0,0,plain,file
23:21,23,21,15,14,66,3.773557262275186,وإن,تأكلون,0,0,plain,file
23:22,23,22,4,4,21,2.0,وعليها,تحملون,0,0,plain,file
23:23,23,23,17,17,63,4.087462841250339,ولقد,تتقون,0,0,plain,file
23:24,23,24,26,25,104,4.623516641218015,فقال,الأولين,0,0,plain,file
23:25,23,25,10,9,30,3.1219280948873624,إن,حين,0,0,plain,file
23:26,23,26,5,5,19,2.321928094887362,قال,كذبون,0,0,plain,file
23:27,23,27,32,31,138,4.9375,فأوحينا,مغرقون,0,0,plain,file
23:28,23,28,15,15,62,3.906890595608519,فإذا,الظالمين,0,0,plain,file
23:29,23,29,8,8,37,3.0,وقل,المنزلين,0,0,plain,file
23:30,23,30,7,7,25,2.8073549220576037,إن,لمبتلين,0,0,plain,file
23:31,23,31,6,6,24,2.584962500721156,ثم,آخرين,0,0,plain,file
23:32,23,32,14,14,55,3.807354922057604,فأرسلنا,تتقون,0,0,plain,file
23:33,23,33,25,24,111,4.563856189774725,وقال,تشربون,0,0,plain,file
23:34,23,34,7,7,32,2.8073549220576037,ولئن,لخاسرون,0,0,plain,file
23:35,23,35,9,8,42,2.94770277922009,أيعدكم,مخرجون,0,0,plain,file
23:36,23,36,4,3,19,1.5,هيهات,توعدون,0,0,plain,file
23:37,23,37,10,10,42,3.3219280948873626,إن,بمبعوثين,0,0,plain,file
23:38,23,38,12,12,41,3.584962500721156,إن,بمؤمنين,0,0,plain,file
23:39,23,39,5,5,19,2.321928094887362,قال,كذبون,0,0,plain,file
23:40,23,40,5,5,22,2.321928094887362,قال,نادمين,0,0,plain,file
23:41,23,41,8,8,48,3.0,فأخذتهم,الظالمين,0,0,plain,file
23:42,23,42,6,6,25,2.584962500721156,ثم,آخرين,0,0,plain,file
23:43,23,43,7,7,27,2.8073549220576037,ما,يستأخرون,0,0,plain,file
23:44,23,44,19,19,85,4.247927513443585,ثم,يؤمنون,0,0,plain,file
23:45,23,45,8,8,39,3.0,ثم,مبين,0,0,plain,file
23:46,23,46,7,7,37,2.8073549220576037,إلى,عالين,0,0,plain,file
23:47,23,47,7,7,38,2.8073549220576037,فقالوا,عابدون,0,0,plain,file
23:48,23,48,4,4,24,2.0,فكذبوهما,المهلكين,0,0,plain,file
23:49,23,49,6,6,30,2.584962500721156,ولقد,يهتدون,0,0,plain,file
23:50,23,50,11,11,48,3.4594316186372973,وجعلنا,ومعين,0,0,plain,file
23:51,23,51,12,12,52,3.584962500721156,يا,عليم,0,0,plain,file
23:52,23,52,8,8,33,3.0,وإن,فاتقون,0,0,plain,file
23:53,23,53,9,9,39,3.169925001442312,فتقطعوا,فرحون,0,0,plain,file
23:54,23,54,5,5,19,2.321928094887362,فذرهم,حين,0,0,plain,file
23:55,23,55,7,7,28,2.8073549220576037,أيحسبون,وبنين,0,0,plain,file
23:56,23,56,7,7,27,2.8073549220576037,نسارع,يشعرون,0,0,plain,file
23:57,23,57,7,7,25,2.8073549220576037,إن,مشفقون,0,0,plain,file
23:58,23,58,5,5,23,2.321928094887362,والذين,يؤمنون,0,0,plain,file
23:59,23,59,5,5,21,2.321928094887362,والذين,يشركون,0,0,plain,file
23:60,23,60,10,10,45,3.3219280948873626,والذين,راجعون,0,0,plain,file
23:61,23,61,7,7,33,2.8073549220576037,أولئك,سابقون,0,0,plain,file
23:62,23,62,12,12,49,3.584962500721156,ولا,يظلمون,0,0,plain,file
23:63,23,63,14,13,47,3.6644977792004614,بل,عاملون,0,0,plain,file
23:64,23,64,8,7,36,2.75,حتى,يجأرون,0,0,plain,file
23:65,23,65,7,6,28,2.521640636343318,لا,تنصرون,0,0,plain,file
23:66,23,66,9,9,41,3.169925001442312,قد,تنكصون,0,0,plain,file
23:67,23,67,4,4,21,2.0,مستكبرين,تهجرون,0,0,plain,file
23:68,23,68,10,10,42,3.3219280948873626,أفلم,الأولين,0,0,plain,file
23:69,23,69,7,7,27,2.8073549220576037,أم,منكرون,0,0,plain,file
23:70,23,70,10,10,42,3.3219280948873626,أم,كارهون,0,0,plain,file
23:71,23,71,16,16,75,4.0,ولو,معرضون,0,0,plain,file
23:72,23,72,9,8,37,2.94770277922009,أم,الرازقين,0,0,plain,file
23:73,23,73,5,5,24,2.321928094887362,وإنك,مستقيم,0,0,plain,file
23:74,23,74,8,8,38,3.0,وإن,لناكبون,0,0,plain,file
23:75,23,75,11,11,45,3.4594316186372973,ولو,يعمهون,0,0,plain,file
23:76,23,76,8,8,44,3.0,ولقد,يتضرعون,0,0,plain,file
23:77,23,77,12,11,44,3.4182958340544896,حتى,مبلسون,0,0,plain,file
23:78,23,78,10,10,48,3.3219280948873626,وهو,تشكرون,0,0,plain,file
23:79,23,79,7,7,30,2.8073549220576037,وهو,تحشرون,0,0,plain,file
23:80,23,80,10,10,47,3.3219280948873626,وهو,تعقلون,0,0,plain,file
23:81,23,81,6,6,22,2.584962500721156,بل,الأولون,0,0,plain,file
23:82,23,82,8,8,40,3.0,قالوا,لمبعوثون,0,0,plain,file
23:83,23,83,12,11,47,3.4182958340544896,لقد,الأولين,0,0,plain,file
23:84,23,84,8,8,29,3.0,قل,تعلمون,0,0,plain,file
23:85,23,85,5,5,22,2.321928094887362,سيقولون,تذكرون,0,0,plain,file
23:86,23,86,8,8,33,3.0,قل,العظيم,0,0,plain,file
23:87,23,87,5,5,21,2.321928094887362,سيقولون,تتقون,0,0,plain,file
23:88,23,88,14,14,48,3.807354922057604,قل,تعلمون,0,0,plain,file
23:89,23,89,5,5,22,2.321928094887362,سيقولون,تسحرون,0,0,plain,file
23:90,23,90,5,5,26,2.321928094887362,بل,لكاذبون,0,0,plain,file
23:91,23,91,24,21,80,4.334962500721156,ما,يصفون,0,0,plain,file
23:92,23,92,6,6,32,2.584962500721156,عالم,يشركون,0,0,plain,file
23:93,23,93,6,6,20,2.584962500721156,قل,يوعدون,0,0,plain,file
23:94,23,94,6,6,26,2.584962500721156,رب,الظالمين,0,0,plain,file
23:95,23,95,7,7,27,2.8073549220576037,وإنا,لقادرون,0,0,plain,file
23:96,23,96,9,9,36,3.169925001442312,ادفع,يصفون,0,0,plain,file
23:97,23,97,7,7,26,2.8073549220576037,وقل,الشياطين,0,0,plain,file
23:98,23,98,5,5,17,2.321928094887362,وأعوذ,يحضرون,0,0,plain,file
23:99,23,99,8,8,30,3.0,حتى,ارجعون,0,0,plain,file
23:100,23,100,16,16,65,4.0,لعلي,يبعثون,0,0,plain,file
23:101,23,101,10,10,43,3.3219280948873626,فإذا,يتساءلون,0,0,plain,file
23:102,23,102,6,6,30,2.584962500721156,فمن,المفلحون,0,0,plain,file
23:103,23,103,10,10,47,3.3219280948873626,ومن,خالدون,0,0,plain,file
23:104,23,104,6,6,28,2.584962500721156,تلفح,كالحون,0,0,plain,file
23:105,23,105,8,8,34,3.0,ألم,تكذبون,0,0,plain,file
23:106,23,106,8,8,37,3.0,قالوا,ضالين,0,0,plain,file
23:107,23,107,7,7,31,2.8073549220576037,ربنا,ظالمون,0,0,plain,file
23:108,23,108,5,5,22,2.321928094887362,قال,تكلمون,0,0,plain,file
23:109,23,109,14,14,61,3.807354922057604,إنه,الراحمين,0,0,plain,file
23:110,23,110,8,8,43,3.0,فاتخذتموهم,تضحكون,0,0,plain,file
23:111,23,111,8,8,36,3.0,إني,الفائزون,0,0,plain,file
23:112,23,112,7,7,24,2.8073549220576037,قال,سنين,0,0,plain,file
23:113,23,113,8,8,34,3.0,قالوا,العادين,0,0,plain,file
23:114,23,114,9,9,34,3.169925001442312,قال,تعلمون,0,0,plain,file
23:115,23,115,8,8,40,3.0,أفحسبتم,ترجعون,0,0,plain,file
23:116,23,116,11,11,42,3.4594316186372973,فتعالى,الكريم,0,0,plain,file
23:117,23,117,18,17,63,4.058813890331201,ومن,الكافرون,0,0,plain,file
23:118,23,118,7,7,29,2.8073549220576037,وقل,الراحمين,0,0,plain,file
24:1,24,1,13,13,70,3.7004397181410926,بسم,تذكرون,0,0,plain,file
24:2,24,2,26,26,122,4.700439718141092,الزانية,المؤمنين,0,0,plain,file
24:3,24,3,18,15,73,3.8365916681089787,الزاني,المؤمنين,0,0,plain,file
24:4,24,4,19,19,94,4.247927513443585,والذين,الفاسقون,0,0,plain,file
24:5,24,5,11,11,43,3.4594316186372973,إلا,رحيم,0,0,plain,file
24:6,24,6,17,17,81,4.087462841250339,والذين,الصادقين,0,0,plain,file
24:7,24,7,9,9,37,3.169925001442312,والخامسة,الكاذبين,0,0,plain,file
24:8,24,8,11,11,50,3.4594316186372973,ويدرأ,الكاذبين,0,0,plain,file
24:9,24,9,9,9,37,3.169925001442312,والخامسة,الصادقين,0,0,plain,file
24:10,24,10,9,8,38,2.94770277922009,ولولا,حكيم,0,0,plain,file
24:11,24,11,28,26,102,4.664497779200461,إن,عظيم,0,0,plain,file
24:12,24,12,12,12,59,3.584962500721156,لولا,مبين,0,0,plain,file
24:13,24,13,14,14,65,3.807354922057604,لولا,الكاذبون,0,0,plain,file
24:14,24,14,15,14,63,3.773557262275186,ولولا,عظيم,0,0,plain,file
24:15,24,15,16,16,70,4.0,إذ,عظيم,0,0,plain,file
24:16,24,16,14,14,56,3.807354922057604,ولولا,عظيم,0,0,plain,file
24:17,24,17,9,9,38,3.169925001442312,يعظكم,مؤمنين,0,0,plain,file
24:18,24,18,7,7,31,2.8073549220576037,ويبين,حكيم,0,0,plain,file
24:19,24,19,20,18,85,4.1219280948873624,إن,تعلمون,0,0,plain,file
24:20,24,20,9,8,38,2.94770277922009,ولولا,رحيم,0,0,plain,file
24:21,24,21,35,31,150,4.900711588373538,يا,عليم,0,0,plain,file
24:22,24,22,26,24,121,4.546593564294938,ولا,رحيم,0,0,plain,file
24:23,24,23,13,13,68,3.7004397181410926,إن,عظيم,0,0,plain,file
24:24,24,24,9,9,47,3.169925001442312,يوم,يعملون,0,0,plain,file
24:25,24,25,11,9,49,3.095795255000934,يومئذ,المبين,0,0,plain,file
24:26,24,26,16,16,99,4.0,الخبيثات,كريم,0,0,plain,file
24:27,24,27,19,19,85,4.247927513443585,يا,تذكرون,0,0,plain,file
24:28,24,28,22,20,87,4.243300368538958,فإن,عليم,0,0,plain,file
24:29,24,29,17,17,70,4.087462841250339,ليس,تكتمون,0,0,plain,file
24:30,24,30,15,15,66,3.906890595608519,قل,يصنعون,0,0,plain,file
24:31,24,31,78,54,350,5.399847118687068,وقل,تفلحون,0,0,plain,file
24:32,24,32,17,16,83,3.9698157824268097,وأنكحوا,عليم,0,0,plain,file
24:33,24,33,48,43,217,5.345175521464345,وليستعفف,رحيم,0,0,plain,file
24:34,24,34,13,12,61,3.546593564294939,ولقد,للمتقين,0,0,plain,file
24:35,24,35,48,43,203,5.345175521464345,الله,عليم,0,0,plain,file
24:36,24,36,14,13,55,3.6644977792004614,في,والآصال,0,0,plain,file
24:37,24,37,19,19,87,4.247927513443585,رجال,والأبصار,0,0,plain,file
24:38,24,38,14,13,58,3.6644977792004614,ليجزيهم,حساب,0,0,plain,file
24:39,24,39,22,22,99,4.459431618637297,والذين,الحساب,0,0,plain,file
24:40,24,40,33,27,108,4.657882376868652,أو,نور,0,0,plain,file
24:41,24,41,21,21,83,4.392317422778761,ألم,يفعلون,0,0,plain,file
24:42,24,42,7,7,35,2.8073549220576037,ولله,المصير,0,0,plain,file
24:43,24,43,38,31,140,4.734512381750771,ألم,بالأبصار,0,0,plain,file
24:44,24,44,10,10,44,3.3219280948873626,يقلب,الأبصار,0,0,plain,file
24:45,24,45,31,20,106,4.091135423220312,والله,قدير,0,0,plain,file
24:46,24,46,11,11,47,3.4594316186372973,لقد,مستقيم,0,0,plain,file
24:47,24,47,15,15,70,3.906890595608519,ويقولون,بالمؤمنين,0,0,plain,file
24:48,24,48,11,11,48,3.4594316186372973,وإذا,معرضون,0,0,plain,file
24:49,24,49,7,7,28,2.8073549220576037,وإن,مذعنين,0,0,plain,file
24:50,24,50,16,15,67,3.875,أفي,الظالمون,0,0,plain,file
24:51,24,51,18,18,83,4.169925001442312,إنما,المفلحون,0,0,plain,file
24:52,24,52,10,9,45,3.1219280948873624,ومن,الفائزون,0,0,plain,file
24:53,24,53,17,17,76,4.087462841250339,وأقسموا,تعملون,0,0,plain,file
24:54,24,54,23,21,102,4.349648912578752,قل,المبين,0,0,plain,file
24:55,24,55,38,34,173,5.037401197654112,وعد,الفاسقون,0,0,plain,file
24:56,24,56,8,8,48,3.0,وأقيموا,ترحمون,0,0,plain,file
24:57,24,57,11,11,53,3.4594316186372973,لا,المصير,0,0,plain,file
24:58,24,58,50,44,219,5.403856189774724,يا,حكيم,0,0,plain,file
24:59,24,59,19,19,87,4.247927513443585,وإذا,حكيم,0,0,plain,file
24:60,24,60,23,23,103,4.523561956057013,والقواعد,عليم,0,0,plain,file
24:61,24,61,76,45,315,4.995649049183401,ليس,تعقلون,0,0,plain,file
24:62,24,62,39,33,180,4.958353821370878,إنما,رحيم,0,0,plain,file
24:63,24,63,27,26,120,4.680813428089394,لا,أليم,0,0,plain,file
24:64,24,64,22,21,86,4.3685225277282065,ألا,عليم,0,0,plain,file
25:1,25,1,13,13,63,3.7004397181410926,بسم,نذيرا,0,0,plain,file
25:2,25,2,19,17,73,4.037401197654112,الذي,تقديرا,0,0,plain,file
25:3,25,3,22,16,92,3.7499025061628966,واتخذوا,نشورا,0,0,plain,file
25:4,25,4,16,16,66,4.0,وقال,وزورا,0,0,plain,file
25:5,25,5,9,9,47,3.169925001442312,وقالوا,وأصيلا,0,0,plain,file
25:6,25,6,12,12,51,3.584962500721156,قل,رحيما,0,0,plain,file
25:7,25,7,16,16,70,4.0,وقالوا,نذيرا,0,0,plain,file
25:8,25,8,17,16,65,3.9698157824268097,أو,مسحورا,0,0,plain,file
25:9,25,9,9,9,42,3.169925001442312,انظر,سبيلا,0,0,plain,file
25:10,25,10,17,15,62,3.85216872360328,تبارك,قصورا,0,0,plain,file
25:11,25,11,8,7,39,2.75,بل,سعيرا,0,0,plain,file
25:12,25,12,9,9,37,3.169925001442312,إذا,وزفيرا,0,0,plain,file
25:13,25,13,9,9,42,3.169925001442312,وإذا,ثبورا,0,0,plain,file
25:14,25,14,8,7,38,2.75,لا,كثيرا,0,0,plain,file
25:15,25,15,13,13,50,3.7004397181410926,قل,ومصيرا,0,0,plain,file
25:16,25,16,10,10,40,3.3219280948873626,لهم,مسئولا,0,0,plain,file
25:17,25,17,16,16,68,4.0,ويوم,السبيل,0,0,plain,file
25:18,25,18,21,20,87,4.297079327540665,قالوا,بورا,0,0,plain,file
25:19,25,19,15,15,65,3.906890595608519,فقد,كبيرا,0,0,plain,file
25:20,25,20,20,20,96,4.321928094887363,وما,بصيرا,0,0,plain,file
25:21,25,21,19,19,85,4.247927513443585,وقال,كبيرا,0,0,plain,file
25:22,25,22,10,10,51,3.3219280948873626,يوم,محجورا,0,0,plain,file
25:23,25,23,9,9,38,3.169925001442312,وقدمنا,منثورا,0,0,plain,file
25:24,25,24,7,7,34,2.8073549220576037,أصحاب,مقيلا,0,0,plain,file
25:25,25,25,7,7,39,2.8073549220576037,ويوم,تنزيلا,0,0,plain,file
25:26,25,26,9,9,44,3.169925001442312,الملك,عسيرا,0,0,plain,file
25:27,25,27,12,12,49,3.584962500721156,ويوم,سبيلا,0,0,plain,file
25:28,25,28,7,7,28,2.8073549220576037,يا,خليلا,0,0,plain,file
25:29,25,29,11,11,48,3.4594316186372973,لقد,خذولا,0,0,plain,file
25:30,25,30,10,10,41,3.3219280948873626,وقال,مهجورا,0,0,plain,file
25:31,25,31,11,11,49,3.4594316186372973,وكذلك,ونصيرا,0,0,plain,file
25:32,25,32,15,15,69,3.906890595608519,وقال,ترتيلا,0,0,plain,file
25:33,25,33,8,8,37,3.0,ولا,تفسيرا,0,0,plain,file
25:34,25,34,11,11,48,3.4594316186372973,الذين,سبيلا,0,0,plain,file
25:35,25,35,9,9,42,3.169925001442312,ولقد,وزيرا,0,0,plain,file
25:36,25,36,9,9,49,3.169925001442312,فقلنا,تدميرا,0,0,plain,file
25:37,25,37,13,13,69,3.7004397181410926,وقوم,أليما,0,0,plain,file
25:38,25,38,8,8,37,3.0,وعادا,كثيرا,0,0,plain,file
25:39,25,39,7,6,33,2.521640636343318,وكلا,تتبيرا,0,0,plain,file
25:40,25,40,16,16,69,4.0,ولقد,نشورا,0,0,plain,file
25:41,25,41,11,11,44,3.4594316186372973,وإذا,رسولا,0,0,plain,file
25:42,25,42,17,17,68,4.087462841250339,إن,سبيلا,0,0,plain,file
25:43,25,43,9,9,37,3.169925001442312,أرأيت,وكيلا,0,0,plain,file
25:44,25,44,15,14,55,3.773557262275186,أم,سبيلا,0,0,plain,file
25:45,25,45,16,16,57,4.0,ألم,دليلا,0,0,plain,file
25:46,25,46,5,5,22,2.321928094887362,ثم,يسيرا,0,0,plain,file
25:47,25,47,11,11,49,3.4594316186372973,وهو,نشورا,0,0,plain,file
25:48,25,48,13,13,55,3.7004397181410926,وهو,طهورا,0,0,plain,file
25:49,25,49,10,10,46,3.3219280948873626,لنحيي,كثيرا,0,0,plain,file
25:50,25,50,9,9,43,3.169925001442312,ولقد,كفورا,0,0,plain,file
25:51,25,51,7,7,26,2.8073549220576037,ولو,نذيرا,0,0,plain,file
25:52,25,52,7,7,33,2.8073549220576037,فلا,كبيرا,0,0,plain,file
25:53,25,53,15,15,64,3.906890595608519,وهو,محجورا,0,0,plain,file
25:54,25,54,12,12,47,3.584962500721156,وهو,قديرا,0,0,plain,file
25:55,25,55,14,14,55,3.807354922057604,ويعبدون,ظهيرا,0,0,plain,file
25:56,25,56,5,5,24,2.321928094887362,وما,ونذيرا,0,0,plain,file
25:57,25,57,14,13,44,3.6644977792004614,قل,سبيلا,0,0,plain,file
25:58,25,58,13,13,52,3.7004397181410926,وتوكل,خبيرا,0,0,plain,file
25:59,25,59,17,17,72,4.087462841250339,الذي,خبيرا,0,0,plain,file
25:60,25,60,13,13,61,3.7004397181410926,وإذا,نفورا,0,0,plain,file
25:61,25,61,11,11,48,3.4594316186372973,تبارك,منيرا,0,0,plain,file
25:62,25,62,13,12,50,3.546593564294939,وهو,شكورا,0,0,plain,file
25:63,25,63,12,12,61,3.584962500721156,وعباد,سلاما,0,0,plain,file
25:64,25,64,5,5,27,2.321928094887362,والذين,وقياما,0,0,plain,file
25:65,25,65,11,11,47,3.4594316186372973,والذين,غراما,0,0,plain,file
25:66,25,66,4,4,20,2.0,إنها,ومقاما,0,0,plain,file
25:67,25,67,11,11,47,3.4594316186372973,والذين,قواما,0,0,plain,file
25:68,25,68,22,20,85,4.277613436819116,والذين,أثاما,0,0,plain,file
25:69,25,69,8,8,36,3.0,يضاعف,مهانا,0,0,plain,file
25:70,25,70,16,15,69,3.875,إلا,رحيما,0,0,plain,file
25:71,25,71,9,9,35,3.169925001442312,ومن,متابا,0,0,plain,file
25:72,25,72,9,8,42,2.94770277922009,والذين,كراما,0,0,plain,file
25:73,25,73,10,10,45,3.3219280948873626,والذين,وعميانا,0,0,plain,file
25:74,25,74,13,13,64,3.7004397181410926,والذين,إماما,0,0,plain,file
25:75,25,75,9,9,44,3.169925001442312,أولئك,وسلاما,0,0,plain,file
25:76,25,76,5,5,26,2.321928094887362,خالدين,ومقاما,0,0,plain,file
25:77,25,77,12,12,45,3.584962500721156,قل,لزاما,0,0,plain,file
26:1,26,1,5,5,22,2.321928094887362,بسم,طسم,0,0,plain,file
26:2,26,2,4,4,19,2.0,تلك,المبين,0,0,plain,file
26:3,26,3,6,6,27,2.584962500721156,لعلك,مؤمنين,0,0,plain,file
26:4,26,4,11,11,45,3.4594316186372973,إن,خاضعين,0,0,plain,file
26:5,26,5,11,10,43,3.2776134368191157,وما,معرضين,0,0,plain,file
26:6,26,6,8,8,38,3.0,فقد,يستهزئون,0,0,plain,file
26:7,26,7,11,11,39,3.4594316186372973,أولم,كريم,0,0,plain,file
26:8,26,8,8,8,29,3.0,إن,مؤمنين,0,0,plain,file
26:9,26,9,5,5,21,2.321928094887362,وإن,الرحيم,0,0,plain,file
26:10,26,10,8,8,32,3.0,وإذ,الظالمين,0,0,plain,file
26:11,26,11,4,4,16,2.0,قوم,يتقون,0,0,plain,file
26:12,26,12,6,6,20,2.584962500721156,قال,يكذبون,0,0,plain,file
26:13,26,13,8,8,35,3.0,ويضيق,هارون,0,0,plain,file
26:14,26,14,6,6,23,2.584962500721156,ولهم,يقتلون,0,0,plain,file
26:15,26,15,7,7,33,2.8073549220576037,قال,مستمعون,0,0,plain,file
26:16,26,16,7,7,32,2.8073549220576037,فأتيا,العالمين,0,0,plain,file
26:17,26,17,5,5,20,2.321928094887362,أن,إسرائيل,0,0,plain,file
26:18,26,18,10,9,38,3.1219280948873624,قال,سنين,0,0,plain,file
26:19,26,19,7,7,32,2.8073549220576037,وفعلت,الكافرين,0,0,plain,file
26:20,26,20,6,6,25,2.584962500721156,قال,الضالين,0,0,plain,file
26:21,26,21,11,11,46,3.4594316186372973,ففررت,المرسلين,0,0,plain,file
26:22,26,22,8,8,32,3.0,وتلك,إسرائيل,0,0,plain,file
26:23,26,23,5,5,21,2.321928094887362,قال,العالمين,0,0,plain,file
26:24,26,24,9,9,40,3.169925001442312,قال,موقنين,0,0,plain,file
26:25,26,25,5,5,20,2.321928094887362,قال,تستمعون,0,0,plain,file
26:26,26,26,5,5,23,2.321928094887362,قال,الأولين,0,0,plain,file
26:27,26,27,7,7,30,2.8073549220576037,قال,لمجنون,0,0,plain,file
26:28,26,28,9,9,39,3.169925001442312,قال,تعقلون,0,0,plain,file
26:29,26,29,8,8,37,3.0,قال,المسجونين,0,0,plain,file
26:30,26,30,5,5,19,2.321928094887362,قال,مبين,0,0,plain,file
26:31,26,31,7,7,23,2.8073549220576037,قال,الصادقين,0,0,plain,file
26:32,26,32,6,6,24,2.584962500721156,فألقى,مبين,0,0,plain,file
26:33,26,33,6,6,26,2.584962500721156,ونزع,للناظرين,0,0,plain,file
26:34,26,34,7,7,26,2.8073549220576037,قال,عليم,0,0,plain,file
26:35,26,35,8,8,35,3.0,يريد,تأمرون,0,0,plain,file
26:36,26,36,7,7,34,2.8073549220576037,قالوا,حاشرين,0,0,plain,file
26:37,26,37,4,4,16,2.0,يأتوك,عليم,0,0,plain,file
26:38,26,38,5,5,24,2.321928094887362,فجمع,معلوم,0,0,plain,file
26:39,26,39,5,5,22,2.321928094887362,وقيل,مجتمعون,0,0,plain,file
26:40,26,40,7,7,32,2.8073549220576037,لعلنا,الغالبين,0,0,plain,file
26:41,26,41,12,12,51,3.584962500721156,فلما,الغالبين,0,0,plain,file
26:42,26,42,6,6,25,2.584962500721156,قال,المقربين,0,0,plain,file
26:43,26,43,7,7,26,2.8073549220576037,قال,ملقون,0,0,plain,file
26:44,26,44,9,9,48,3.169925001442312,فألقوا,الغالبون,0,0,plain,file
26:45,26,45,8,8,31,3.0,فألقى,يأفكون,0,0,plain,file
26:46,26,46,3,3,17,1.584962500721156,فألقي,ساجدين,0,0,plain,file
26:47,26,47,4,4,20,2.0,قالوا,العالمين,0,0,plain,file
26:48,26,48,3,3,12,1.584962500721156,رب,وهارون,0,0,plain,file
26:49,26,49,21,21,96,4.392317422778761,قال,أجمعين,0,0,plain,file
26:50,26,50,7,7,27,2.8073549220576037,قالوا,منقلبون,0,0,plain,file
26:51,26,51,11,10,43,3.2776134368191157,إنا,المؤمنين,0,0,plain,file
26:52,26,52,8,8,35,3.0,وأوحينا,متبعون,0,0,plain,file
26:53,26,53,5,5,25,2.321928094887362,فأرسل,حاشرين,0,0,plain,file
26:54,26,54,4,4,19,2.0,إن,قليلون,0,0,plain,file
26:55,26,55,3,3,15,1.584962500721156,وإنهم,لغائظون,0,0,plain,file
26:56,26,56,3,3,15,1.584962500721156,وإنا,حاذرون,0,0,plain,file
26:57,26,57,4,4,20,2.0,فأخرجناهم,وعيون,0,0,plain,file
26:58,26,58,3,3,14,1.584962500721156,وكنوز,كريم,0,0,plain,file
26:59,26,59,4,4,23,2.0,كذلك,إسرائيل,0,0,plain,file
26:60,26,60,2,2,14,1.0,فأتبعوهم,مشرقين,0,0,plain,file
26:61,26,61,8,8,38,3.0,فلما,لمدركون,0,0,plain,file
26:62,26,62,6,6,20,2.584962500721156,قال,سيهدين,0,0,plain,file
26:63,26,63,13,13,57,3.7004397181410926,فأوحينا,العظيم,0,0,plain,file
26:64,26,64,3,3,16,1.584962500721156,وأزلفنا,الآخرين,0,0,plain,file
26:65,26,65,5,5,23,2.321928094887362,وأنجينا,أجمعين,0,0,plain,file
26:66,26,66,3,3,15,1.584962500721156,ثم,الآخرين,0,0,plain,file
26:67,26,67,8,8,29,3.0,إن,مؤمنين,0,0,plain,file
26:68,26,68,5,5,21,2.321928094887362,وإن,الرحيم,0,0,plain,file
26:69,26,69,4,4,19,2.0,واتل,إبراهيم,0,0,plain,file
26:70,26,70,6,6,23,2.584962500721156,إذ,تعبدون,0,0,plain,file
26:71,26,71,6,6,28,2.584962500721156,قالوا,عاكفين,0,0,plain,file
26:72,26,72,5,5,20,2.321928094887362,قال,تدعون,0,0,plain,file
26:73,26,73,4,3,17,1.5,أو,يضرون,0,0,plain,file
26:74,26,74,6,6,28,2.584962500721156,قالوا,يفعلون,0,0,plain,file
26:75,26,75,5,5,22,2.321928094887362,قال,تعبدون,0,0,plain,file
26:76,26,76,3,3,19,1.584962500721156,أنتم,الأقدمون,0,0,plain,file
26:77,26,77,6,6,23,2.584962500721156,فإنهم,العالمين,0,0,plain,file
26:78,26,78,4,4,17,2.0,الذي,يهدين,0,0,plain,file
26:79,26,79,4,4,19,2.0,والذي,ويسقين,0,0,plain,file
26:80,26,80,4,4,16,2.0,وإذا,يشفين,0,0,plain,file
26:81,26,81,4,4,18,2.0,والذي,يحيين,0,0,plain,file
26:82,26,82,8,8,31,3.0,والذي,الدين,0,0,plain,file
26:83,26,83,6,6,26,2.584962500721156,رب,بالصالحين,0,0,plain,file
26:84,26,84,6,6,23,2.584962500721156,واجعل,الآخرين,0,0,plain,file
26:85,26,85,5,5,22,2.321928094887362,واجعلني,النعيم,0,0,plain,file
26:86,26,86,6,6,24,2.584962500721156,واغفر,الضالين,0,0,plain,file
26:87,26,87,4,4,17,2.0,ولا,يبعثون,0,0,plain,file
26:88,26,88,6,6,19,2.584962500721156,يوم,بنون,0,0,plain,file
26:89,26,89,6,6,20,2.584962500721156,إلا,سليم,0,0,plain,file
26:90,26,90,3,3,18,1.584962500721156,وأزلفت,للمتقين,0,0,plain,file
26:91,26,91,3,3,18,1.584962500721156,وبرزت,للغاوين,0,0,plain,file
26:92,26,92,6,6,22,2.584962500721156,وقيل,تعبدون,0,0,plain,file
26:93,26,93,7,7,28,2.8073549220576037,من,ينتصرون,0,0,plain,file
26:94,26,94,4,4,21,2.0,فكبكبوا,والغاوون,0,0,plain,file
26:95,26,95,3,3,16,1.584962500721156,وجنود,أجمعون,0,0,plain,file
26:96,26,96,4,4,19,2.0,قالوا,يختصمون,0,0,plain,file
26:97,26,97,6,6,21,2.584962500721156,تالله,مبين,0,0,plain,file
26:98,26,98,4,4,19,2.0,إذ,العالمين,0,0,plain,file
26:99,26,99,4,4,19,2.0,وما,المجرمون,0,0,plain,file
26:100,26,100,4,4,14,2.0,فما,شافعين,0,0,plain,file
26:101,26,101,3,3,11,1.584962500721156,ولا,حميم,0,0,plain,file
26:102,26,102,7,7,26,2.8073549220576037,فلو,المؤمنين,0,0,plain,file
26:103,26,103,8,8,29,3.0,إن,مؤمنين,0,0,plain,file
26:104,26,104,5,5,21,2.321928094887362,وإن,الرحيم,0,0,plain,file
26:105,26,105,4,4,18,2.0,كذبت,المرسلين,0,0,plain,file
26:106,26,106,7,7,24,2.8073549220576037,إذ,تتقون,0,0,plain,file
26:107,26,107,4,4,14,2.0,إني,أمين,0,0,plain,file
26:108,26,108,3,3,17,1.584962500721156,فاتقوا,وأطيعون,0,0,plain,file
26:109,26,109,11,11,40,3.4594316186372973,وما,العالمين,0,0,plain,file
26:110,26,110,3,3,17,1.584962500721156,فاتقوا,وأطيعون,0,0,plain,file
26:111,26,111,5,5,26,2.321928094887362,قالوا,الأرذلون,0,0,plain,file
26:112,26,112,6,6,24,2.584962500721156,قال,يعملون,0,0,plain,file
26:113,26,113,7,7,25,2.8073549220576037,إن,تشعرون,0,0,plain,file
26:114,26,114,4,4,19,2.0,وما,المؤمنين,0,0,plain,file
26:115,26,115,5,5,16,2.321928094887362,إن,مبين,0,0,plain,file
26:116,26,116,9,9,36,3.169925001442312,قالوا,المرجومين,0,0,plain,file
26:117,26,117,5,5,16,2.321928094887362,قال,كذبون,0,0,plain,file
26:118,26,118,9,9,40,3.169925001442312,فافتح,المؤمنين,0,0,plain,file
26:119,26,119,6,6,28,2.584962500721156,فأنجيناه,المشحون,0,0,plain,file
26:120,26,120,4,4,18,2.0,ثم,الباقين,0,0,plain,file
26:121,26,121,8,8,29,3.0,إن,مؤمنين,0,0,plain,file
26:122,26,122,5,5,21,2.321928094887362,وإن,الرحيم,0,0,plain,file
26:123,26,123,3,3,15,1.584962500721156,كذبت,المرسلين,0,0,plain,file
26:124,26,124,7,7,24,2.8073549220576037,إذ,تتقون,0,0,plain,file
26:125,26,125,4,4,14,2.0,إني,أمين,0,0,plain,file
26:126,26,126,3,3,17,1.584962500721156,فاتقوا,وأطيعون,0,0,plain,file
26:127,26,127,11,11,40,3.4594316186372973,وما,العالمين,0,0,plain,file
26:128,26,128,5,5,21,2.321928094887362,أتبنون,تعبثون,0,0,plain,file
26:129,26,129,4,4,23,2.0,وتتخذون,تخلدون,0,0,plain,file
26:130,26,130,4,3,20,1.5,وإذا,جبارين,0,0,plain,file
26:131,26,131,3,3,17,1.584962500721156,فاتقوا,وأطيعون,0,0,plain,file
26:132,26,132,5,5,24,2.321928094887362,واتقوا,تعلمون,0,0,plain,file
26:133,26,133,3,3,16,1.584962500721156,أمدكم,وبنين,0,0,plain,file
26:134,26,134,2,2,10,1.0,وجنات,وعيون,0,0,plain,file
26:135,26,135,6,6,23,2.584962500721156,إني,عظيم,0,0,plain,file
26:136,26,136,9,9,36,3.169925001442312,قالوا,الواعظين,0,0,plain,file
26:137,26,137,5,5,18,2.321928094887362,إن,الأولين,0,0,plain,file
26:138,26,138,3,3,13,1.584962500721156,وما,بمعذبين,0,0,plain,file
26:139,26,139,10,10,44,3.3219280948873626,فكذبوه,مؤمنين,0,0,plain,file
26:140,26,140,5,5,21,2.321928094887362,وإن,الرحيم,0,0,plain,file
26:141,26,141,3,3,16,1.584962500721156,كذبت,المرسلين,0,0,plain,file
26:142,26,142,7,7,25,2.8073549220576037,إذ,تتقون,0,0,plain,file
26:143,26,143,4,4,14,2.0,إني,أمين,0,0,plain,file
26:144,26,144,3,3,17,1.584962500721156,فاتقوا,وأطيعون,0,0,plain,file
26:145,26,145,11,11,40,3.4594316186372973,وما,العالمين,0,0,plain,file
26:146,26,146,5,5,21,2.321928094887362,أتتركون,آمنين,0,0,plain,file
26:147,26,147,3,3,11,1.584962500721156,في,وعيون,0,0,plain,file
26:148,26,148,4,4,18,2.0,وزروع,هضيم,0,0,plain,file
26:149,26,149,5,5,26,2.321928094887362,وتنحتون,فارهين,0,0,plain,file
26:150,26,150,3,3,17,1.584962500721156,فاتقوا,وأطيعون,0,0,plain,file
26:151,26,151,4,4,20,2.0,ولا,المسرفين,0,0,plain,file
26:152,26,152,6,6,27,2.584962500721156,الذين,يصلحون,0,0,plain,file
26:153,26,153,5,5,22,2.321928094887362,قالوا,المسحرين,0,0,plain,file
26:154,26,154,11,11,38,3.4594316186372973,ما,الصادقين,0,0,plain,file
26:155,26,155,9,8,31,2.94770277922009,قال,معلوم,0,0,plain,file
26:156,26,156,7,7,31,2.8073549220576037,ولا,عظيم,0,0,plain,file
26:157,26,157,3,3,20,1.584962500721156,فعقروها,نادمين,0,0,plain,file
26:158,26,158,10,10,41,3.3219280948873626,فأخذهم,مؤمنين,0,0,plain,file
26:159,26,159,5,5,21,2.321928094887362,وإن,الرحيم,0,0,plain,file
26:160,26,160,4,4,18,2.0,كذبت,المرسلين,0,0,plain,file
26:161,26,161,7,7,24,2.8073549220576037,إذ,تتقون,0,0,plain,file
26:162,26,162,4,4,14,2.0,إني,أمين,0,0,plain,file
26:163,26,163,3,3,17,1.584962500721156,فاتقوا,وأطيعون,0,0,plain,file
26:164,26,164,11,11,40,3.4594316186372973,وما,العالمين,0,0,plain,file
26:165,26,165,4,4,23,2.0,أتأتون,العالمين,0,0,plain,file
26:166,26,166,11,11,41,3.4594316186372973,وتذرون,عادون,0,0,plain,file
26:167,26,167,9,9,35,3.169925001442312,قالوا,المخرجين,0,0,plain,file
26:168,26,168,5,5,21,2.321928094887362,قال,القالين,0,0,plain,file
26:169,26,169,5,5,20,2.321928094887362,رب,يعملون,0,0,plain,file
26:170,26,170,3,3,18,1.584962500721156,فنجيناه,أجمعين,0,0,plain,file
26:171,26,171,4,4,18,2.0,إلا,الغابرين,0,0,plain,file
26:172,26,172,3,3,14,1.584962500721156,ثم,الآخرين,0,0,plain,file
26:173,26,173,6,6,31,2.584962500721156,وأمطرنا,المنذرين,0,0,plain,file
26:174,26,174,8,8,29,3.0,إن,مؤمنين,0,0,plain,file
26:175,26,175,5,5,21,2.321928094887362,وإن,الرحيم,0,0,plain,file
26:176,26,176,4,4,22,2.0,كذب,المرسلين,0,0,plain,file
26:177,26,177,6,6,20,2.584962500721156,إذ,تتقون,0,0,plain,file
26:178,26,178,4,4,14,2.0,إني,أمين,0,0,plain,file
26:179,26,179,3,3,17,1.584962500721156,فاتقوا,وأطيعون,0,0,plain,file
26:180,26,180,11,11,40,3.4594316186372973,وما,العالمين,0,0,plain,file
26:181,26,181,6,6,29,2.584962500721156,أوفوا,المخسرين,0,0,plain,file
26:182,26,182,3,3,21,1.584962500721156,وزنوا,المستقيم,0,0,plain,file
26:183,26,183,9,8,42,2.94770277922009,ولا,مفسدين,0,0,plain,file
26:184,26,184,5,5,29,2.321928094887362,واتقوا,الأولين,0,0,plain,file
26:185,26,185,5,5,22,2.321928094887362,قالوا,المسحرين,0,0,plain,file
26:186,26,186,9,9,35,3.169925001442312,وما,الكاذبين,0,0,plain,file
26:187,26,187,9,8,37,2.94770277922009,فأسقط,الصادقين,0,0,plain,file
26:188,26,188,5,5,19,2.321928094887362,قال,تعملون,0,0,plain,file
26:189,26,189,10,8,41,2.9219280948873623,فكذبوه,عظيم,0,0,plain,file
26:190,26,190,8,8,29,3.0,إن,مؤمنين,0,0,plain,file
26:191,26,191,5,5,21,2.321928094887362,وإن,الرحيم,0,0,plain,file
26:192,26,192,4,4,20,2.0,وإنه,العالمين,0,0,plain,file
26:193,26,193,4,4,16,2.0,نزل,الأمين,0,0,plain,file
26:194,26,194,5,5,22,2.321928094887362,على,المنذرين,0,0,plain,file
26:195,26,195,3,3,13,1.584962500721156,بلسان,مبين,0,0,plain,file
26:196,26,196,4,4,17,2.0,وإنه,الأولين,0,0,plain,file
26:197,26,197,9,9,35,3.169925001442312,أولم,إسرائيل,0,0,plain,file
26:198,26,198,5,5,23,2.321928094887362,ولو,الأعجمين,0,0,plain,file
26:199,26,199,6,6,25,2.584962500721156,فقرأه,مؤمنين,0,0,plain,file
26:200,26,200,5,5,24,2.321928094887362,كذلك,المجرمين,0,0,plain,file
26:201,26,201,7,7,29,2.8073549220576037,لا,الأليم,0,0,plain,file
26:202,26,202,5,5,22,2.321928094887362,فيأتيهم,يشعرون,0,0,plain,file
26:203,26,203,4,4,18,2.0,فيقولوا,منظرون,0,0,plain,file
26:204,26,204,2,2,17,1.0,أفبعذابنا,يستعجلون,0,0,plain,file
26:205,26,205,4,4,19,2.0,أفرأيت,سنين,0,0,plain,file
26:206,26,206,5,5,20,2.321928094887362,ثم,يوعدون,0,0,plain,file
26:207,26,207,6,5,23,2.2516291673878226,ما,يمتعون,0,0,plain,file
26:208,26,208,7,7,27,2.8073549220576037,وما,منذرون,0,0,plain,file
26:209,26,209,4,4,16,2.0,ذكرى,ظالمين,0,0,plain,file
26:210,26,210,4,4,18,2.0,وما,الشياطين,0,0,plain,file
26:211,26,211,5,4,22,1.9219280948873623,وما,يستطيعون,0,0,plain,file
26:212,26,212,4,4,19,2.0,إنهم,لمعزولون,0,0,plain,file
26:213,26,213,9,9,34,3.169925001442312,فلا,المعذبين,0,0,plain,file
26:214,26,214,3,3,19,1.584962500721156,وأنذر,الأقربين,0,0,plain,file
26:215,26,215,6,6,28,2.584962500721156,واخفض,المؤمنين,0,0,plain,file
26:216,26,216,7,7,26,2.8073549220576037,فإن,تعملون,0,0,plain,file
26:217,26,217,4,4,20,2.0,وتوكل,الرحيم,0,0,plain,file
26:218,26,218,4,4,15,2.0,الذي,تقوم,0,0,plain,file
26:219,26,219,3,3,16,1.584962500721156,وتقلبك,الساجدين,0,0,plain,file
26:220,26,220,4,4,17,2.0,إنه,العليم,0,0,plain,file
26:221,26,221,6,6,25,2.584962500721156,هل,الشياطين,0,0,plain,file
26:222,26,222,5,5,17,2.321928094887362,تنزل,أثيم,0,0,plain,file
26:223,26,223,4,4,23,2.0,يلقون,كاذبون,0,0,plain,file
26:224,26,224,3,3,21,1.584962500721156,والشعراء,الغاوون,0,0,plain,file
26:225,26,225,7,7,22,2.8073549220576037,ألم,يهيمون,0,0,plain,file
26:226,26,226,5,5,21,2.321928094887362,وأنهم,يفعلون,0,0,plain,file
26:227,26,227,19,17,92,4.037401197654112,إلا,ينقلبون,0,0,plain,file
27:1,27,1,10,10,43,3.3219280948873626,بسم,مبين,0,0,plain,file
27:2,27,2,3,3,16,1.584962500721156,هدى,للمؤمنين,0,0,plain,file
27:3,27,3,9,9,47,3.169925001442312,الذين,يوقنون,0,0,plain,file
27:4,27,4,10,10,45,3.3219280948873626,إن,يعمهون,0,0,plain,file
27:5,27,5,10,10,43,3.3219280948873626,أولئك,الأخسرون,0,0,plain,file
27:6,27,6,7,7,28,2.8073549220576037,وإنك,عليم,0,0,plain,file
27:7,27,7,16,16,65,4.0,إذ,تصطلون,0,0,plain,file
27:8,27,8,14,14,56,3.807354922057604,فلما,العالمين,0,0,plain,file
27:9,27,9,7,7,28,2.8073549220576037,يا,الحكيم,0,0,plain,file
27:10,27,10,20,19,74,4.221928094887363,وألق,المرسلون,0,0,plain,file
27:11,27,11,11,11,35,3.4594316186372973,إلا,رحيم,0,0,plain,file
27:12,27,12,19,18,72,4.142664355548848,وأدخل,فاسقين,0,0,plain,file
27:13,27,13,8,8,36,3.0,فلما,مبين,0,0,plain,file
27:14,27,14,11,11,58,3.4594316186372973,وجحدوا,المفسدين,0,0,plain,file
27:15,27,15,15,15,69,3.906890595608519,ولقد,المؤمنين,0,0,plain,file
27:16,27,16,19,19,77,4.247927513443585,وورث,المبين,0,0,plain,file
27:17,27,17,9,9,43,3.169925001442312,وحشر,يوزعون,0,0,plain,file
27:18,27,18,20,18,85,4.1219280948873624,حتى,يشعرون,0,0,plain,file
27:19,27,19,24,24,106,4.584962500721156,فتبسم,الصالحين,0,0,plain,file
27:20,27,20,12,12,44,3.584962500721156,وتفقد,الغائبين,0,0,plain,file
27:21,27,21,9,8,45,2.94770277922009,لأعذبنه,مبين,0,0,plain,file
27:22,27,22,14,14,47,3.807354922057604,فمكث,يقين,0,0,plain,file
27:23,27,23,11,11,42,3.4594316186372973,إني,عظيم,0,0,plain,file
27:24,27,24,17,17,77,4.087462841250339,وجدتها,يهتدون,0,0,plain,file
27:25,27,25,14,14,62,3.807354922057604,ألا,تعلنون,0,0,plain,file
27:26,27,26,8,8,27,3.0,الله,العظيم,0,0,plain,file
27:27,27,27,7,7,28,2.8073549220576037,قال,الكاذبين,0,0,plain,file
27:28,27,28,11,11,47,3.4594316186372973,اذهب,يرجعون,0,0,plain,file
27:29,27,29,9,9,33,3.169925001442312,قالت,كريم,0,0,plain,file
27:30,27,30,8,8,34,3.0,إنه,الرحيم,0,0,plain,file
27:31,27,31,5,5,23,2.321928094887362,ألا,مسلمين,0,0,plain,file
27:32,27,32,13,13,50,3.7004397181410926,قالت,تشهدون,0,0,plain,file
27:33,27,33,12,12,53,3.584962500721156,قالوا,تأمرين,0,0,plain,file
27:34,27,34,13,13,61,3.7004397181410926,قالت,يفعلون,0,0,plain,file
27:35,27,35,8,8,39,3.0,وإني,المرسلون,0,0,plain,file
27:36,27,36,16,16,69,4.0,فلما,تفرحون,0,0,plain,file
27:37,27,37,13,13,60,3.7004397181410926,ارجع,صاغرون,0,0,plain,file
27:38,27,38,11,11,47,3.4594316186372973,قال,مسلمين,0,0,plain,file
27:39,27,39,16,15,55,3.875,قال,أمين,0,0,plain,file
27:40,27,40,38,33,136,4.984769618706743,قال,كريم,0,0,plain,file
27:41,27,41,12,12,47,3.584962500721156,قال,يهتدون,0,0,plain,file
27:42,27,42,14,14,59,3.807354922057604,فلما,مسلمين,0,0,plain,file
27:43,27,43,12,10,43,3.2516291673878226,وصدها,كافرين,0,0,plain,file
27:44,27,44,28,27,110,4.735926350629033,قيل,العالمين,0,0,plain,file
27:45,27,45,13,13,58,3.7004397181410926,ولقد,يختصمون,0,0,plain,file
27:46,27,46,13,13,61,3.7004397181410926,قال,ترحمون,0,0,plain,file
27:47,27,47,13,13,51,3.7004397181410926,قالوا,تفتنون,0,0,plain,file
27:48,27,48,10,9,42,3.1219280948873624,وكان,يصلحون,0,0,plain,file
27:49,27,49,14,14,68,3.807354922057604,قالوا,لصادقون,0,0,plain,file
27:50,27,50,7,6,31,2.521640636343318,ومكروا,يشعرون,0,0,plain,file
27:51,27,51,9,9,43,3.169925001442312,فانظر,أجمعين,0,0,plain,file
27:52,27,52,11,11,44,3.4594316186372973,فتلك,يعلمون,0,0,plain,file
27:53,27,53,5,5,28,2.321928094887362,وأنجينا,يتقون,0,0,plain,file
27:54,27,54,8,8,39,3.0,ولوطا,تبصرون,0,0,plain,file
27:55,27,55,11,11,47,3.4594316186372973,أئنكم,تجهلون,0,0,plain,file
27:56,27,56,15,15,58,3.906890595608519,فما,يتطهرون,0,0,plain,file
27:57,27,57,7,7,39,2.8073549220576037,فأنجيناه,الغابرين,0,0,plain,file
27:58,27,58,6,6,31,2.584962500721156,وأمطرنا,المنذرين,0,0,plain,file
27:59,27,59,12,12,49,3.584962500721156,قل,يشركون,0,0,plain,file
27:60,27,60,27,26,104,4.680813428089394,أمن,يعدلون,0,0,plain,file
27:61,27,61,21,19,89,4.165894208390024,أمن,يعلمون,0,0,plain,file
27:62,27,62,16,16,70,4.0,أمن,تذكرون,0,0,plain,file
27:63,27,63,20,19,82,4.221928094887363,أمن,يشركون,0,0,plain,file
27:64,27,64,19,19,78,4.247927513443585,أمن,صادقين,0,0,plain,file
27:65,27,65,14,14,57,3.807354922057604,قل,يبعثون,0,0,plain,file
27:66,27,66,14,9,44,3.0391486719030705,بل,عمون,0,0,plain,file
27:67,27,67,9,9,44,3.169925001442312,وقال,لمخرجون,0,0,plain,file
27:68,27,68,12,11,47,3.4182958340544896,لقد,الأولين,0,0,plain,file
27:69,27,69,9,9,40,3.169925001442312,قل,المجرمين,0,0,plain,file
27:70,27,70,9,8,32,2.94770277922009,ولا,يمكرون,0,0,plain,file
27:71,27,71,7,7,30,2.8073549220576037,ويقولون,صادقين,0,0,plain,file
27:72,27,72,9,9,32,3.169925001442312,قل,تستعجلون,0,0,plain,file
27:73,27,73,10,10,38,3.3219280948873626,وإن,يشكرون,0,0,plain,file
27:74,27,74,8,8,31,3.0,وإن,يعلنون,0,0,plain,file
27:75,27,75,10,9,37,3.1219280948873624,وما,مبين,0,0,plain,file
27:76,27,76,12,12,47,3.584962500721156,إن,يختلفون,0,0,plain,file
27:77,27,77,4,4,21,2.0,وإنه,للمؤمنين,0,0,plain,file
27:78,27,78,8,8,34,3.0,إن,العليم,0,0,plain,file
27:79,27,79,7,6,28,2.521640636343318,فتوكل,المبين,0,0,plain,file
27:80,27,80,11,10,45,3.2776134368191157,إنك,مدبرين,0,0,plain,file
27:81,27,81,14,14,56,3.807354922057604,وما,مسلمون,0,0,plain,file
27:82,27,82,16,16,70,4.0,وإذا,يوقنون,0,0,plain,file
27:83,27,83,11,11,42,3.4594316186372973,ويوم,يوزعون,0,0,plain,file
27:84,27,84,13,13,57,3.7004397181410926,حتى,تعملون,0,0,plain,file
27:85,27,85,8,8,33,3.0,ووقع,ينطقون,0,0,plain,file
27:86,27,86,15,15,64,3.906890595608519,ألم,يؤمنون,0,0,plain,file
27:87,27,87,18,15,66,3.794653473544342,ويوم,داخرين,0,0,plain,file
27:88,27,88,18,18,71,4.169925001442312,وترى,تفعلون,0,0,plain,file
27:89,27,89,11,10,40,3.2776134368191157,من,آمنون,0,0,plain,file
27:90,27,90,13,13,52,3.7004397181410926,ومن,تعملون,0,0,plain,file
27:91,27,91,17,16,63,3.9698157824268097,إنما,المسلمين,0,0,plain,file
27:92,27,92,15,15,61,3.906890595608519,وأن,المنذرين,0,0,plain,file
27:93,27,93,11,11,51,3.4594316186372973,وقل,تعملون,0,0,plain,file
28:1,28,1,5,5,22,2.321928094887362,بسم,طسم,0,0,plain,file
28:2,28,2,4,4,19,2.0,تلك,المبين,0,0,plain,file
28:3,28,3,9,9,38,3.169925001442312,نتلو,يؤمنون,0,0,plain,file
28:4,28,4,19,19,85,4.247927513443585,إن,المفسدين,0,0,plain,file
28:5,28,5,12,11,59,3.4182958340544896,ونريد,الوارثين,0,0,plain,file
28:6,28,6,12,12,55,3.584962500721156,ونمكن,يحذرون,0,0,plain,file
28:7,28,7,22,21,92,4.3685225277282065,وأوحينا,المرسلين,0,0,plain,file
28:8,28,8,13,12,63,3.546593564294939,فالتقطه,خاطئين,0,0,plain,file
28:9,28,9,18,17,67,4.058813890331201,وقالت,يشعرون,0,0,plain,file
28:10,28,10,17,17,67,4.087462841250339,وأصبح,المؤمنين,0,0,plain,file
28:11,28,11,10,10,37,3.3219280948873626,وقالت,يشعرون,0,0,plain,file
28:12,28,12,16,16,64,4.0,وحرمنا,ناصحون,0,0,plain,file
28:13,28,13,17,17,65,4.087462841250339,فرددناه,يعلمون,0,0,plain,file
28:14,28,14,10,10,49,3.3219280948873626,ولما,المحسنين,0,0,plain,file
28:15,28,15,38,28,148,4.576617644908666,ودخل,مبين,0,0,plain,file
28:16,28,16,13,13,46,3.7004397181410926,قال,الرحيم,0,0,plain,file
28:17,28,17,9,9,36,3.169925001442312,قال,للمجرمين,0,0,plain,file
28:18,28,18,16,16,72,4.0,فأصبح,مبين,0,0,plain,file
28:19,28,19,33,27,119,4.5713747110421865,فلما,المصلحين,0,0,plain,file
28:20,28,20,19,18,76,4.142664355548848,وجاء,الناصحين,0,0,plain,file
28:21,28,21,10,10,42,3.3219280948873626,فخرج,الظالمين,0,0,plain,file
28:22,28,22,11,11,44,3.4594316186372973,ولما,السبيل,0,0,plain,file
28:23,28,23,27,26,108,4.680813428089394,ولما,كبير,0,0,plain,file
28:24,28,24,15,15,50,3.906890595608519,فسقى,فقير,0,0,plain,file
28:25,28,25,26,26,106,4.700439718141092,فجاءته,الظالمين,0,0,plain,file
28:26,28,26,11,11,48,3.4594316186372973,قالت,الأمين,0,0,plain,file
28:27,28,27,29,26,110,4.625053839880556,قال,الصالحين,0,0,plain,file
28:28,28,28,15,15,59,3.906890595608519,قال,وكيل,0,0,plain,file
28:29,28,29,27,25,109,4.60673935401532,فلما,تصطلون,0,0,plain,file
28:30,28,30,20,19,82,4.221928094887363,فلما,العالمين,0,0,plain,file
28:31,28,31,20,20,73,4.321928094887363,وأن,الآمنين,0,0,plain,file
28:32,28,32,25,23,100,4.453660689688186,اسلك,فاسقين,0,0,plain,file
28:33,28,33,9,9,33,3.169925001442312,قال,يقتلون,0,0,plain,file
28:34,28,34,14,14,57,3.807354922057604,وأخي,يكذبون,0,0,plain,file
28:35,28,35,15,15,75,3.906890595608519,قال,الغالبون,0,0,plain,file
28:36,28,36,17,17,73,4.087462841250339,فلما,الأولين,0,0,plain,file
28:37,28,37,18,18,69,4.169925001442312,وقال,الظالمون,0,0,plain,file
28:38,28,38,29,25,108,4.582118926162055,وقال,الكاذبين,0,0,plain,file
28:39,28,39,12,12,52,3.584962500721156,واستكبر,يرجعون,0,0,plain,file
28:40,28,40,10,10,51,3.3219280948873626,فأخذناه,الظالمين,0,0,plain,file
28:41,28,41,9,9,44,3.169925001442312,وجعلناهم,ينصرون,0,0,plain,file
28:42,28,42,10,10,48,3.3219280948873626,وأتبعناهم,المقبوحين,0,0,plain,file
28:43,28,43,16,16,75,4.0,ولقد,يتذكرون,0,0,plain,file
28:44,28,44,13,11,52,3.3927474104487847,وما,الشاهدين,0,0,plain,file
28:45,28,45,18,16,81,3.94770277922009,ولكنا,مرسلين,0,0,plain,file
28:46,28,46,20,18,77,4.0841837197791895,وما,يتذكرون,0,0,plain,file
28:47,28,47,18,18,86,4.169925001442312,ولولا,المؤمنين,0,0,plain,file
28:48,28,48,26,21,106,4.286790198827113,فلما,كافرون,0,0,plain,file
28:49,28,49,13,13,49,3.7004397181410926,قل,صادقين,0,0,plain,file
28:50,28,50,23,22,92,4.436605434317883,فإن,الظالمين,0,0,plain,file
28:51,28,51,6,6,29,2.584962500721156,ولقد,يتذكرون,0,0,plain,file
28:52,28,52,8,8,34,3.0,الذين,يؤمنون,0,0,plain,file
28:53,28,53,15,14,55,3.773557262275186,وإذا,مسلمين,0,0,plain,file
28:54,28,54,12,12,65,3.584962500721156,أولئك,ينفقون,0,0,plain,file
28:55,28,55,15,15,74,3.906890595608519,وإذا,الجاهلين,0,0,plain,file
28:56,28,56,13,12,50,3.546593564294939,إنك,بالمهتدين,0,0,plain,file
28:57,28,57,25,24,97,4.563856189774725,وقالوا,يعلمون,0,0,plain,file
28:58,28,58,17,16,73,3.9698157824268097,وكم,الوارثين,0,0,plain,file
28:59,28,59,20,18,82,4.1219280948873624,وما,ظالمون,0,0,plain,file
28:60,28,60,15,14,66,3.773557262275186,وما,تعقلون,0,0,plain,file
28:61,28,61,17,17,75,4.087462841250339,أفمن,المحضرين,0,0,plain,file
28:62,28,62,8,8,40,3.0,ويوم,تزعمون,0,0,plain,file
28:63,28,63,18,17,84,4.058813890331201,قال,يعبدون,0,0,plain,file
28:64,28,64,13,13,64,3.7004397181410926,وقيل,يهتدون,0,0,plain,file
28:65,28,65,6,6,33,2.584962500721156,ويوم,المرسلين,0,0,plain,file
28:66,28,66,7,7,35,2.8073549220576037,فعميت,يتساءلون,0,0,plain,file
28:67,28,67,11,10,42,3.2776134368191157,فأما,المفلحين,0,0,plain,file
28:68,28,68,14,13,58,3.6644977792004614,وربك,يشركون,0,0,plain,file
28:69,28,69,7,7,28,2.8073549220576037,وربك,يعلنون,0,0,plain,file
28:70,28,70,15,15,58,3.906890595608519,وهو,ترجعون,0,0,plain,file
28:71,28,71,19,18,78,4.142664355548848,قل,تسمعون,0,0,plain,file
28:72,28,72,21,20,87,4.297079327540665,قل,تبصرون,0,0,plain,file
28:73,28,73,13,13,62,3.7004397181410926,ومن,تشكرون,0,0,plain,file
28:74,28,74,8,8,40,3.0,ويوم,تزعمون,0,0,plain,file
28:75,28,75,17,17,70,4.087462841250339,ونزعنا,يفترون,0,0,plain,file
28:76,28,76,29,25,109,4.556088322639177,إن,الفرحين,0,0,plain,file
28:77,28,77,26,23,105,4.440636352673266,وابتغ,المفسدين,0,0,plain,file
28:78,28,78,28,26,102,4.637537511266052,قال,المجرمون,0,0,plain,file
28:79,28,79,21,21,78,4.392317422778761,فخرج,عظيم,0,0,plain,file
28:80,28,80,16,16,70,4.0,وقال,الصابرون,0,0,plain,file
28:81,28,81,17,14,65,3.6901165175936645,فخسفنا,المنتصرين,0,0,plain,file
28:82,28,82,26,24,113,4.546593564294938,وأصبح,الكافرون,0,0,plain,file
28:83,28,83,14,14,67,3.807354922057604,تلك,للمتقين,0,0,plain,file
28:84,28,84,18,17,75,4.058813890331201,من,يعملون,0,0,plain,file
28:85,28,85,19,19,66,4.247927513443585,إن,مبين,0,0,plain,file
28:86,28,86,15,15,59,3.906890595608519,وما,للكافرين,0,0,plain,file
28:87,28,87,16,15,60,3.875,ولا,المشركين,0,0,plain,file
28:88,28,88,19,18,63,4.142664355548848,ولا,ترجعون,0,0,plain,file
29:1,29,1,5,5,22,2.321928094887362,بسم,الم,0,0,plain,file
29:2,29,2,10,9,40,3.1219280948873624,أحسب,يفتنون,0,0,plain,file
29:3,29,3,11,10,56,3.2776134368191157,ولقد,الكاذبين,0,0,plain,file
29:4,29,4,10,10,43,3.3219280948873626,أم,يحكمون,0,0,plain,file
29:5,29,5,12,11,45,3.4182958340544896,من,العليم,0,0,plain,file
29:6,29,6,10,10,42,3.3219280948873626,ومن,العالمين,0,0,plain,file
29:7,29,7,12,12,70,3.584962500721156,والذين,يعملون,0,0,plain,file
29:8,29,8,21,21,90,4.392317422778761,ووصينا,تعملون,0,0,plain,file
29:9,29,9,7,7,43,2.8073549220576037,والذين,الصالحين,0,0,plain,file
29:10,29,10,31,26,120,4.607264455478376,ومن,العالمين,0,0,plain,file
29:11,29,11,6,5,37,2.2516291673878226,وليعلمن,المنافقين,0,0,plain,file
29:12,29,12,18,17,86,4.058813890331201,وقال,لكاذبون,0,0,plain,file
29:13,29,13,11,10,61,3.2776134368191157,وليحملن,يفترون,0,0,plain,file
29:14,29,14,16,16,69,4.0,ولقد,ظالمون,0,0,plain,file
29:15,29,15,6,6,40,2.584962500721156,فأنجيناه,للعالمين,0,0,plain,file
29:16,29,16,13,13,56,3.7004397181410926,وإبراهيم,تعلمون,0,0,plain,file
29:17,29,17,27,22,118,4.356558335416673,إنما,ترجعون,0,0,plain,file
29:18,29,18,13,13,52,3.7004397181410926,وإن,المبين,0,0,plain,file
29:19,29,19,13,12,47,3.546593564294939,أولم,يسير,0,0,plain,file
29:20,29,20,19,18,72,4.142664355548848,قل,قدير,0,0,plain,file
29:21,29,21,8,6,32,2.5,يعذب,تقلبون,0,0,plain,file
29:22,29,22,17,13,59,3.616874605956222,وما,نصير,0,0,plain,file
29:23,29,23,13,13,60,3.7004397181410926,والذين,أليم,0,0,plain,file
29:24,29,24,20,20,76,4.321928094887363,فما,يؤمنون,0,0,plain,file
29:25,29,25,27,25,117,4.60673935401532,وقال,ناصرين,0,0,plain,file
29:26,29,26,12,12,44,3.584962500721156,فآمن,الحكيم,0,0,plain,file
29:27,29,27,18,16,87,3.905764584655453,ووهبنا,الصالحين,0,0,plain,file
29:28,29,28,14,13,57,3.6644977792004614,ولوطا,العالمين,0,0,plain,file
29:29,29,29,23,23,103,4.523561956057013,أئنكم,الصادقين,0,0,plain,file
29:30,29,30,6,6,27,2.584962500721156,قال,المفسدين,0,0,plain,file
29:31,29,31,15,15,70,3.906890595608519,ولما,ظالمين,0,0,plain,file
29:32,29,32,16,15,67,3.875,قال,الغابرين,0,0,plain,file
29:33,29,33,23,22,90,4.436605434317883,ولما,الغابرين,0,0,plain,file
29:34,29,34,12,12,50,3.584962500721156,إنا,يفسقون,0,0,plain,file
29:35,29,35,7,7,30,2.8073549220576037,ولقد,يعقلون,0,0,plain,file
29:36,29,36,17,17,74,4.087462841250339,وإلى,مفسدين,0,0,plain,file
29:37,29,37,7,7,39,2.8073549220576037,فكذبوه,جاثمين,0,0,plain,file
29:38,29,38,16,16,77,4.0,وعادا,مستبصرين,0,0,plain,file
29:39,29,39,13,13,69,3.7004397181410926,وقارون,سابقين,0,0,plain,file
29:40,29,40,28,23,124,4.351823225551766,فكلا,يظلمون,0,0,plain,file
29:41,29,41,19,18,88,4.142664355548848,مثل,يعلمون,0,0,plain,file
29:42,29,42,12,11,43,3.4182958340544896,إن,الحكيم,0,0,plain,file
29:43,29,43,8,8,42,3.0,وتلك,العالمون,0,0,plain,file
29:44,29,44,10,10,45,3.3219280948873626,خلق,للمؤمنين,0,0,plain,file
29:45,29,45,21,19,89,4.20184123230257,اتل,تصنعون,0,0,plain,file
29:46,29,46,25,24,112,4.563856189774725,ولا,مسلمون,0,0,plain,file
29:47,29,47,19,17,89,4.037401197654112,وكذلك,الكافرون,0,0,plain,file
29:48,29,48,13,12,52,3.546593564294939,وما,المبطلون,0,0,plain,file
29:49,29,49,14,14,59,3.807354922057604,بل,الظالمون,0,0,plain,file
29:50,29,50,16,16,62,4.0,وقالوا,مبين,0,0,plain,file
29:51,29,51,15,15,64,3.906890595608519,أولم,يؤمنون,0,0,plain,file
29:52,29,52,19,18,91,4.142664355548848,قل,الخاسرون,0,0,plain,file
29:53,29,53,12,12,65,3.584962500721156,ويستعجلونك,يشعرون,0,0,plain,file
29:54,29,54,6,6,38,2.584962500721156,يستعجلونك,بالكافرين,0,0,plain,file
29:55,29,55,13,13,56,3.7004397181410926,يوم,تعملون,0,0,plain,file
29:56,29,56,9,9,40,3.169925001442312,يا,فاعبدون,0,0,plain,file
29:57,29,57,7,7,28,2.8073549220576037,كل,ترجعون,0,0,plain,file
29:58,29,58,17,16,86,3.9698157824268097,والذين,العاملين,0,0,plain,file
29:59,29,59,5,5,25,2.321928094887362,الذين,يتوكلون,0,0,plain,file
29:60,29,60,12,12,53,3.584962500721156,وكأين,العليم,0,0,plain,file
29:61,29,61,13,13,64,3.7004397181410926,ولئن,يؤفكون,0,0,plain,file
29:62,29,62,14,13,50,3.6644977792004614,الله,عليم,0,0,plain,file
29:63,29,63,22,20,84,4.243300368538958,ولئن,يعقلون,0,0,plain,file
29:64,29,64,15,15,65,3.906890595608519,وما,يعلمون,0,0,plain,file
29:65,29,65,16,16,64,4.0,فإذا,يشركون,0,0,plain,file
29:66,29,66,6,6,36,2.584962500721156,ليكفروا,يعلمون,0,0,plain,file
29:67,29,67,15,15,73,3.906890595608519,أولم,يكفرون,0,0,plain,file
29:68,29,68,17,17,65,4.087462841250339,ومن,للكافرين,0,0,plain,file
29:69,29,69,9,9,47,3.169925001442312,والذين,المحسنين,0,0,plain,file
30:1,30,1,5,5,22,2.321928094887362,بسم,الم,0,0,plain,file
30:2,30,2,2,2,9,1.0,غلبت,الروم,0,0,plain,file
30:3,30,3,8,8,31,3.0,في,سيغلبون,0,0,plain,file
30:4,30,4,12,12,46,3.584962500721156,في,المؤمنون,0,0,plain,file
30:5,30,5,8,8,33,3.0,بنصر,الرحيم,0,0,plain,file
30:6,30,6,11,9,42,3.095795255000934,وعد,يعلمون,0,0,plain,file
30:7,30,7,10,10,44,3.3219280948873626,يعلمون,غافلون,0,0,plain,file
30:8,30,8,22,22,98,4.459431618637297,أولم,لكافرون,0,0,plain,file
30:9,30,9,32,29,152,4.8125,أولم,يظلمون,0,0,plain,file
30:10,30,10,13,13,60,3.7004397181410926,ثم,يستهزئون,0,0,plain,file
30:11,30,11,8,7,32,2.75,الله,ترجعون,0,0,plain,file
30:12,30,12,5,5,26,2.321928094887362,ويوم,المجرمون,0,0,plain,file
30:13,30,13,9,9,43,3.169925001442312,ولم,كافرين,0,0,plain,file
30:14,30,14,5,5,26,2.321928094887362,ويوم,يتفرقون,0,0,plain,file
30:15,30,15,9,9,43,3.169925001442312,فأما,يحبرون,0,0,plain,file
30:16,30,16,11,11,58,3.4594316186372973,وأما,محضرون,0,0,plain,file
30:17,30,17,6,6,28,2.584962500721156,فسبحان,تصبحون,0,0,plain,file
30:18,30,18,8,8,39,3.0,وله,تظهرون,0,0,plain,file
30:19,30,19,14,11,60,3.3787834934861753,يخرج,تخرجون,0,0,plain,file
30:20,30,20,11,11,40,3.4594316186372973,ومن,تنتشرون,0,0,plain,file
30:21,30,21,20,20,83,4.321928094887363,ومن,يتفكرون,0,0,plain,file
30:22,30,22,13,13,67,3.7004397181410926,ومن,للعالمين,0,0,plain,file
30:23,30,23,14,14,64,3.807354922057604,ومن,يسمعون,0,0,plain,file
30:24,30,24,21,21,85,4.392317422778761,ومن,يعقلون,0,0,plain,file
30:25,30,25,16,15,65,3.875,ومن,تخرجون,0,0,plain,file
30:26,30,26,8,8,31,3.0,وله,قانتون,0,0,plain,file
30:27,30,27,18,16,79,3.905764584655453,وهو,الحكيم,0,0,plain,file
30:28,30,28,27,22,113,4.356558335416673,ضرب,يعقلون,0,0,plain,file
30:29,30,29,16,15,60,3.875,بل,ناصرين,0,0,plain,file
30:30,30,30,22,19,92,4.186704345910025,فأقم,يعلمون,0,0,plain,file
30:31,30,31,9,9,48,3.169925001442312,منيبين,المشركين,0,0,plain,file
30:32,30,32,11,11,45,3.4594316186372973,من,فرحون,0,0,plain,file
30:33,30,33,18,17,71,4.058813890331201,وإذا,يشركون,0,0,plain,file
30:34,30,34,6,6,34,2.584962500721156,ليكفروا,تعلمون,0,0,plain,file
30:35,30,35,10,10,43,3.3219280948873626,أم,يشركون,0,0,plain,file
30:36,30,36,15,15,62,3.906890595608519,وإذا,يقنطون,0,0,plain,file
30:37,30,37,15,15,57,3.906890595608519,أولم,يؤمنون,0,0,plain,file
30:38,30,38,16,16,72,4.0,فآت,المفلحون,0,0,plain,file
30:39,30,39,22,18,87,4.095795255000934,وما,المضعفون,0,0,plain,file
30:40,30,40,22,17,85,3.879664004902594,الله,يشركون,0,0,plain,file
30:41,30,41,15,15,67,3.906890595608519,ظهر,يرجعون,0,0,plain,file
30:42,30,42,14,13,57,3.6644977792004614,قل,مشركين,0,0,plain,file
30:43,30,43,16,15,56,3.875,فأقم,يصدعون,0,0,plain,file
30:44,30,44,9,9,39,3.169925001442312,من,يمهدون,0,0,plain,file
30:45,30,45,11,11,51,3.4594316186372973,ليجزي,الكافرين,0,0,plain,file
30:46,30,46,17,16,83,3.9698157824268097,ومن,تشكرون,0,0,plain,file
30:47,30,47,18,17,87,4.058813890331201,ولقد,المؤمنين,0,0,plain,file
30:48,30,48,28,25,115,4.566108939837481,الله,يستبشرون,0,0,plain,file
30:49,30,49,10,9,37,3.1219280948873624,وإن,لمبلسين,0,0,plain,file
30:50,30,50,19,19,71,4.247927513443585,فانظر,قدير,0,0,plain,file
30:51,30,51,9,9,41,3.169925001442312,ولئن,يكفرون,0,0,plain,file
30:52,30,52,11,10,46,3.2776134368191157,فإنك,مدبرين,0,0,plain,file
30:53,30,53,14,14,55,3.807354922057604,وما,مسلمون,0,0,plain,file
30:54,30,54,24,17,81,3.970175521464345,الله,القدير,0,0,plain,file
30:55,30,55,12,12,55,3.584962500721156,ويوم,يؤفكون,0,0,plain,file
30:56,30,56,20,18,86,4.1219280948873624,وقال,تعلمون,0,0,plain,file
30:57,30,57,9,9,42,3.169925001442312,فيومئذ,يستعتبون,0,0,plain,file
30:58,30,58,19,19,76,4.247927513443585,ولقد,مبطلون,0,0,plain,file
30:59,30,59,8,8,32,3.0,كذلك,يعلمون,0,0,plain,file
30:60,30,60,10,10,39,3.3219280948873626,فاصبر,يوقنون,0,0,plain,file
31:1,31,1,5,5,22,2.321928094887362,بسم,الم,0,0,plain,file
31:2,31,2,4,4,19,2.0,تلك,الحكيم,0,0,plain,file
31:3,31,3,3,3,16,1.584962500721156,هدى,للمحسنين,0,0,plain,file
31:4,31,4,9,9,47,3.169925001442312,الذين,يوقنون,0,0,plain,file
31:5,31,5,8,8,33,3.0,أولئك,المفلحون,0,0,plain,file
31:6,31,6,18,18,72,4.169925001442312,ومن,مهين,0,0,plain,file
31:7,31,7,16,15,67,3.875,وإذا,أليم,0,0,plain,file
31:8,31,8,8,8,39,3.0,إن,النعيم,0,0,plain,file
31:9,31,9,8,8,35,3.0,خالدين,الحكيم,0,0,plain,file
31:10,31,10,27,23,105,4.430632409490747,خلق,كريم,0,0,plain,file
31:11,31,11,14,13,54,3.6644977792004614,هذا,مبين,0,0,plain,file
31:12,31,12,18,16,70,3.94770277922009,ولقد,حميد,0,0,plain,file
31:13,31,13,15,15,54,3.906890595608519,وإذ,عظيم,0,0,plain,file
31:14,31,14,17,17,76,4.087462841250339,ووصينا,المصير,0,0,plain,file
31:15,31,15,29,28,112,4.789015477886192,وإن,تعملون,0,0,plain,file
31:16,31,16,25,20,82,4.213660689688186,يا,خبير,0,0,plain,file
31:17,31,17,18,18,69,4.169925001442312,يا,الأمور,0,0,plain,file
31:18,31,18,16,15,54,3.875,ولا,فخور,0,0,plain,file
31:19,31,19,11,11,45,3.4594316186372973,واقصد,الحمير,0,0,plain,file
31:20,31,20,30,26,111,4.6150610122030695,ألم,منير,0,0,plain,file
31:21,31,21,21,20,87,4.297079327540665,وإذا,السعير,0,0,plain,file
31:22,31,22,15,14,66,3.773557262275186,ومن,الأمور,0,0,plain,file
31:23,31,23,15,15,64,3.906890595608519,ومن,الصدور,0,0,plain,file
31:24,31,24,7,7,30,2.8073549220576037,نمتعهم,غليظ,0,0,plain,file
31:25,31,25,15,15,65,3.906890595608519,ولئن,يعلمون,0,0,plain,file
31:26,31,26,10,10,40,3.3219280948873626,لله,الحميد,0,0,plain,file
31:27,31,27,21,19,78,4.20184123230257,ولو,حكيم,0,0,plain,file
31:28,31,28,11,11,41,3.4594316186372973,ما,بصير,0,0,plain,file
31:29,31,29,25,21,97,4.323856189774725,ألم,خبير,0,0,plain,file
31:30,31,30,16,13,58,3.625,ذلك,الكبير,0,0,plain,file
31:31,31,31,19,18,68,4.142664355548848,ألم,شكور,0,0,plain,file
31:32,31,32,22,22,92,4.459431618637297,وإذا,كفور,0,0,plain,file
31:33,31,33,31,29,122,4.825164052322358,يا,الغرور,0,0,plain,file
31:34,31,34,27,22,100,4.384517131793098,إن,خبير,0,0,plain,file
32:1,32,1,5,5,22,2.321928094887362,بسم,الم,0,0,plain,file
32:2,32,2,8,8,31,3.0,تنزيل,العالمين,0,0,plain,file
32:3,32,3,18,16,66,3.905764584655453,أم,يهتدون,0,0,plain,file
32:4,32,4,24,23,92,4.501629167387822,الله,تتذكرون,0,0,plain,file
32:5,32,5,17,17,63,4.087462841250339,يدبر,تعدون,0,0,plain,file
32:6,32,6,6,6,32,2.584962500721156,ذلك,الرحيم,0,0,plain,file
32:7,32,7,10,10,36,3.3219280948873626,الذي,طين,0,0,plain,file
32:8,32,8,8,7,25,2.75,ثم,مهين,0,0,plain,file
32:9,32,9,14,14,60,3.807354922057604,ثم,تشكرون,0,0,plain,file
32:10,32,10,14,14,55,3.807354922057604,وقالوا,كافرون,0,0,plain,file
32:11,32,11,11,11,42,3.4594316186372973,قل,ترجعون,0,0,plain,file
32:12,32,12,16,16,75,4.0,ولو,موقنون,0,0,plain,file
32:13,32,13,16,16,66,4.0,ولو,أجمعين,0,0,plain,file
32:14,32,14,14,13,64,3.6644977792004614,فذوقوا,تعملون,0,0,plain,file
32:15,32,15,15,15,66,3.906890595608519,إنما,يستكبرون,0,0,plain,file
32:16,32,16,11,11,56,3.4594316186372973,تتجافى,ينفقون,0,0,plain,file
32:17,32,17,13,13,46,3.7004397181410926,فلا,يعملون,0,0,plain,file
32:18,32,18,8,7,31,2.75,أفمن,يستوون,0,0,plain,file
32:19,32,19,12,12,59,3.584962500721156,أما,يعملون,0,0,plain,file
32:20,32,20,21,20,95,4.297079327540665,وأما,تكذبون,0,0,plain,file
32:21,32,21,9,8,49,2.94770277922009,ولنذيقنهم,يرجعون,0,0,plain,file
32:22,32,22,13,13,51,3.7004397181410926,ومن,منتقمون,0,0,plain,file
32:23,32,23,14,14,59,3.807354922057604,ولقد,إسرائيل,0,0,plain,file
32:24,32,24,10,10,52,3.3219280948873626,وجعلنا,يوقنون,0,0,plain,file
32:25,32,25,11,11,45,3.4594316186372973,إن,يختلفون,0,0,plain,file
32:26,32,26,18,16,69,3.94770277922009,أولم,يسمعون,0,0,plain,file
32:27,32,27,17,17,75,4.087462841250339,أولم,يبصرون,0,0,plain,file
32:28,32,28,7,7,30,2.8073549220576037,ويقولون,صادقين,0,0,plain,file
32:29,32,29,11,11,44,3.4594316186372973,قل,ينظرون,0,0,plain,file
32:30,32,30,5,5,26,2.321928094887362,فأعرض,منتظرون,0,0,plain,file
33:1,33,1,18,16,80,3.905764584655453,بسم,حكيما,0,0,plain,file
33:2,33,2,12,12,43,3.584962500721156,واتبع,خبيرا,0,0,plain,file
33:3,33,3,6,6,26,2.584962500721156,وتوكل,وكيلا,0,0,plain,file
33:4,33,4,28,25,127,4.566108939837481,ما,السبيل,0,0,plain,file
33:5,33,5,28,27,126,4.735926350629033,ادعوهم,رحيما,0,0,plain,file
33:6,33,6,29,26,143,4.651084443403434,النبي,مسطورا,0,0,plain,file
33:7,33,7,17,17,80,4.087462841250339,وإذ,غليظا,0,0,plain,file
33:8,33,8,8,8,42,3.0,ليسأل,أليما,0,0,plain,file
33:9,33,9,22,21,98,4.3685225277282065,يا,بصيرا,0,0,plain,file
33:10,33,10,16,16,76,4.0,إذ,الظنونا,0,0,plain,file
33:11,33,11,6,6,36,2.584962500721156,هنالك,شديدا,0,0,plain,file
33:12,33,12,13,13,58,3.7004397181410926,وإذ,غرورا,0,0,plain,file
33:13,33,13,26,24,105,4.546593564294938,وإذ,فرارا,0,0,plain,file
33:14,33,14,14,14,60,3.807354922057604,ولو,يسيرا,0,0,plain,file
33:15,33,15,13,12,55,3.546593564294939,ولقد,مسئولا,0,0,plain,file
33:16,33,16,15,15,57,3.906890595608519,قل,قليلا,0,0,plain,file
33:17,33,17,24,18,80,4.053508854797678,قل,نصيرا,0,0,plain,file
33:18,33,18,14,14,68,3.807354922057604,قد,قليلا,0,0,plain,file
33:19,33,19,35,30,155,4.84356873123068,أشحة,يسيرا,0,0,plain,file
33:20,33,20,23,22,102,4.436605434317883,يحسبون,قليلا,0,0,plain,file
33:21,33,21,17,14,65,3.6901165175936645,لقد,كثيرا,0,0,plain,file
33:22,33,22,18,16,85,3.94770277922009,ولما,وتسليما,0,0,plain,file
33:23,33,23,18,16,75,3.905764584655453,من,تبديلا,0,0,plain,file
33:24,33,24,16,14,72,3.75,ليجزي,رحيما,0,0,plain,file
33:25,33,25,16,14,74,3.702819531114783,ورد,عزيزا,0,0,plain,file
33:26,33,26,16,14,77,3.75,وأنزل,فريقا,0,0,plain,file
33:27,33,27,13,13,61,3.7004397181410926,وأورثكم,قديرا,0,0,plain,file
33:28,33,28,16,16,79,4.0,يا,جميلا,0,0,plain,file
33:29,33,29,14,13,64,3.6644977792004614,وإن,عظيما,0,0,plain,file
33:30,33,30,17,17,69,4.087462841250339,يا,يسيرا,0,0,plain,file
33:31,33,31,14,14,64,3.807354922057604,ومن,كريما,0,0,plain,file
33:32,33,32,20,20,81,4.321928094887363,يا,معروفا,0,0,plain,file
33:33,33,33,25,24,122,4.563856189774725,وقرن,تطهيرا,0,0,plain,file
33:34,33,34,14,13,56,3.6644977792004614,واذكرن,خبيرا,0,0,plain,file
33:35,33,35,30,29,223,4.840223928941852,إن,عظيما,0,0,plain,file
33:36,33,36,24,22,92,4.418295834054489,وما,مبينا,0,0,plain,file
33:37,33,37,48,42,196,5.293295834054489,وإذ,مفعولا,0,0,plain,file
33:38,33,38,22,19,75,4.152391277629866,ما,مقدورا,0,0,plain,file
33:39,33,39,13,12,61,3.546593564294939,الذين,حسيبا,0,0,plain,file
33:40,33,40,17,16,66,3.9698157824268097,ما,عليما,0,0,plain,file
33:41,33,41,8,8,35,3.0,يا,كثيرا,0,0,plain,file
33:42,33,42,3,3,16,1.584962500721156,وسبحوه,وأصيلا,0,0,plain,file
33:43,33,43,13,13,65,3.7004397181410926,هو,رحيما,0,0,plain,file
33:44,33,44,8,8,35,3.0,تحيتهم,كريما,0,0,plain,file
33:45,33,45,8,8,38,3.0,يا,ونذيرا,0,0,plain,file
33:46,33,46,6,6,29,2.584962500721156,وداعيا,منيرا,0,0,plain,file
33:47,33,47,8,8,33,3.0,وبشر,كبيرا,0,0,plain,file
33:48,33,48,12,12,58,3.584962500721156,ولا,وكيلا,0,0,plain,file
33:49,33,49,23,22,103,4.436605434317883,يا,جميلا,0,0,plain,file
33:50,33,50,62,51,267,5.567099536193326,يا,رحيما,0,0,plain,file
33:51,33,51,35,33,137,5.014997302659252,ترجي,حليما,0,0,plain,file
33:52,33,52,25,24,85,4.563856189774725,لا,رقيبا,0,0,plain,file
33:53,33,53,70,56,294,5.686146588249911,يا,عظيما,0,0,plain,file
33:54,33,54,11,11,39,3.4594316186372973,إن,عليما,0,0,plain,file
33:55,33,55,30,22,126,4.1898980954642875,لا,شهيدا,0,0,plain,file
33:56,33,56,14,14,63,3.807354922057604,إن,تسليما,0,0,plain,file
33:57,33,57,14,13,63,3.6644977792004614,إن,مهينا,0,0,plain,file
33:58,33,58,12,12,67,3.584962500721156,والذين,مبينا,0,0,plain,file
33:59,33,59,22,22,99,4.459431618637297,يا,رحيما,0,0,plain,file
33:60,33,60,19,18,87,4.142664355548848,لئن,قليلا,0,0,plain,file
33:61,33,61,6,6,34,2.584962500721156,ملعونين,تقتيلا,0,0,plain,file
33:62,33,62,12,11,43,3.4182958340544896,سنة,تبديلا,0,0,plain,file
33:63,33,63,15,14,62,3.773557262275186,يسألك,قريبا,0,0,plain,file
33:64,33,64,7,7,29,2.8073549220576037,إن,سعيرا,0,0,plain,file
33:65,33,65,8,8,33,3.0,خالدين,نصيرا,0,0,plain,file
33:66,33,66,12,12,55,3.584962500721156,يوم,الرسولا,0,0,plain,file
33:67,33,67,8,8,46,3.0,وقالوا,السبيلا,0,0,plain,file
33:68,33,68,8,8,37,3.0,ربنا,كبيرا,0,0,plain,file
33:69,33,69,17,16,71,3.9698157824268097,يا,وجيها,0,0,plain,file
33:70,33,70,9,9,40,3.169925001442312,يا,سديدا,0,0,plain,file
33:71,33,71,14,13,59,3.6644977792004614,يصلح,عظيما,0,0,plain,file
33:72,33,72,18,18,92,4.169925001442312,إنا,جهولا,0,0,plain,file
33:73,33,73,15,13,93,3.589898095464288,ليعذب,رحيما,0,0,plain,file
34:1,34,1,21,18,86,4.070656113151928,بسم,الخبير,0,0,plain,file
34:2,34,2,18,16,68,3.905764584655453,يعلم,الغفور,0,0,plain,file
34:3,34,3,32,27,123,4.640319531114783,وقال,مبين,0,0,plain,file
34:4,34,4,10,10,50,3.3219280948873626,ليجزي,كريم,0,0,plain,file
34:5,34,5,11,11,46,3.4594316186372973,والذين,أليم,0,0,plain,file
34:6,34,6,16,16,66,4.0,ويرى,الحميد,0,0,plain,file
34:7,34,7,16,16,61,4.0,وقال,جديد,0,0,plain,file
34:8,34,8,16,16,66,4.0,أفترى,البعيد,0,0,plain,file
34:9,34,9,29,26,105,4.651084443403434,أفلم,منيب,0,0,plain,file
34:10,34,10,13,13,53,3.7004397181410926,ولقد,الحديد,0,0,plain,file
34:11,34,11,12,12,51,3.584962500721156,أن,بصير,0,0,plain,file
34:12,34,12,27,24,107,4.532665279941246,ولسليمان,السعير,0,0,plain,file
34:13,34,13,19,18,87,4.142664355548848,يعملون,الشكور,0,0,plain,file
34:14,34,14,27,25,109,4.60673935401532,فلما,المهين,0,0,plain,file
34:15,34,15,20,20,74,4.321928094887363,لقد,غفور,0,0,plain,file
34:16,34,16,16,16,75,4.0,فأعرضوا,قليل,0,0,plain,file
34:17,34,17,8,8,35,3.0,ذلك,الكفور,0,0,plain,file
34:18,34,18,17,15,82,3.807763576417194,وجعلنا,آمنين,0,0,plain,file
34:19,34,19,19,19,87,4.247927513443585,فقالوا,شكور,0,0,plain,file
34:20,34,20,10,10,45,3.3219280948873626,ولقد,المؤمنين,0,0,plain,file
34:21,34,21,21,20,70,4.297079327540665,وما,حفيظ,0,0,plain,file
34:22,34,22,26,22,93,4.3637132757501895,قل,ظهير,0,0,plain,file
34:23,34,23,22,21,85,4.3685225277282065,ولا,الكبير,0,0,plain,file
34:24,34,24,17,14,62,3.7345216647797512,قل,مبين,0,0,plain,file
34:25,34,25,9,8,35,2.94770277922009,قل,تعملون,0,0,plain,file
34:26,34,26,11,10,46,3.2776134368191157,قل,العليم,0,0,plain,file
34:27,34,27,12,12,48,3.584962500721156,قل,الحكيم,0,0,plain,file
34:28,34,28,12,12,54,3.584962500721156,وما,يعلمون,0,0,plain,file
34:29,34,29,7,7,30,2.8073549220576037,ويقولون,صادقين,0,0,plain,file
34:30,34,30,10,10,41,3.3219280948873626,قل,تستقدمون,0,0,plain,file
34:31,34,31,32,31,143,4.9375,وقال,مؤمنين,0,0,plain,file
34:32,34,32,15,15,69,3.906890595608519,قال,مجرمين,0,0,plain,file
34:33,34,33,34,33,160,5.028639311838575,وقال,يعملون,0,0,plain,file
34:34,34,34,14,14,54,3.807354922057604,وما,كافرون,0,0,plain,file
34:35,34,35,8,7,39,2.75,وقالوا,بمعذبين,0,0,plain,file
34:36,34,36,13,13,49,3.7004397181410926,قل,يعلمون,0,0,plain,file
34:37,34,37,23,23,100,4.523561956057013,وما,آمنون,0,0,plain,file
34:38,34,38,9,8,45,2.94770277922009,والذين,محضرون,0,0,plain,file
34:39,34,39,20,19,73,4.221928094887363,قل,الرازقين,0,0,plain,file
34:40,34,40,10,10,51,3.3219280948873626,ويوم,يعبدون,0,0,plain,file
34:41,34,41,13,13,58,3.7004397181410926,قالوا,مؤمنون,0,0,plain,file
34:42,34,42,18,18,77,4.169925001442312,فاليوم,تكذبون,0,0,plain,file
34:43,34,43,34,29,130,4.748940047005429,وإذا,مبين,0,0,plain,file
34:44,34,44,11,9,47,3.095795255000934,وما,نذير,0,0,plain,file
34:45,34,45,14,14,59,3.807354922057604,وكذب,نكير,0,0,plain,file
34:46,34,46,24,24,89,4.584962500721156,قل,شديد,0,0,plain,file
34:47,34,47,17,16,52,3.9698157824268097,قل,شهيد,0,0,plain,file
34:48,34,48,7,7,26,2.8073549220576037,قل,الغيوب,0,0,plain,file
34:49,34,49,8,7,29,2.75,قل,يعيد,0,0,plain,file
34:50,34,50,16,16,57,4.0,قل,قريب,0,0,plain,file
34:51,34,51,10,10,35,3.3219280948873626,ولو,قريب,0,0,plain,file
34:52,34,52,9,9,36,3.169925001442312,وقالوا,بعيد,0,0,plain,file
34:53,34,53,10,9,38,3.1219280948873624,وقد,بعيد,0,0,plain,file
34:54,34,54,15,15,57,3.906890595608519,وحيل,مريب,0,0,plain,file
35:1,35,1,28,27,119,4.735926350629033,بسم,قدير,0,0,plain,file
35:2,35,2,19,17,68,4.037401197654112,ما,الحكيم,0,0,plain,file
35:3,35,3,22,20,85,4.277613436819116,يا,تؤفكون,0,0,plain,file
35:4,35,4,11,11,43,3.4594316186372973,وإن,الأمور,0,0,plain,file
35:5,35,5,15,15,63,3.906890595608519,يا,الغرور,0,0,plain,file
35:6,35,6,13,13,58,3.7004397181410926,إن,السعير,0,0,plain,file
35:7,35,7,13,12,62,3.546593564294939,الذين,كبير,0,0,plain,file
35:8,35,8,25,22,91,4.403856189774725,أفمن,يصنعون,0,0,plain,file
35:9,35,9,17,17,76,4.087462841250339,والله,النشور,0,0,plain,file
35:10,35,10,24,23,108,4.501629167387822,من,يبور,0,0,plain,file
35:11,35,11,34,26,115,4.510708709649257,والله,يسير,0,0,plain,file
35:12,35,12,28,28,127,4.807354922057605,وما,تشكرون,0,0,plain,file
35:13,35,13,28,24,115,4.521640636343319,يولج,قطمير,0,0,plain,file
35:14,35,14,18,18,81,4.169925001442312,إن,خبير,0,0,plain,file
35:15,35,15,11,11,47,3.4594316186372973,يا,الحميد,0,0,plain,file
35:16,35,16,6,6,23,2.584962500721156,إن,جديد,0,0,plain,file
35:17,35,17,5,5,18,2.321928094887362,وما,بعزيز,0,0,plain,file
35:18,35,18,34,34,138,5.087462841250339,ولا,المصير,0,0,plain,file
35:19,35,19,4,4,21,2.0,وما,والبصير,0,0,plain,file
35:20,35,20,4,3,18,1.5,ولا,النور,0,0,plain,file
35:21,35,21,4,3,16,1.5,ولا,الحرور,0,0,plain,file
35:22,35,22,16,14,62,3.75,وما,القبور,0,0,plain,file
35:23,35,23,4,4,12,2.0,إن,نذير,0,0,plain,file
35:24,35,24,12,12,48,3.584962500721156,إنا,نذير,0,0,plain,file
35:25,35,25,13,13,67,3.7004397181410926,وإن,المنير,0,0,plain,file
35:26,35,26,7,7,27,2.8073549220576037,ثم,نكير,0,0,plain,file
35:27,35,27,22,21,94,4.3685225277282065,ألم,سود,0,0,plain,file
35:28,35,28,17,16,78,3.9698157824268097,ومن,غفور,0,0,plain,file
35:29,35,29,16,16,76,4.0,إن,تبور,0,0,plain,file
35:30,35,30,8,8,37,3.0,ليوفيهم,شكور,0,0,plain,file
35:31,35,31,16,16,65,4.0,والذي,بصير,0,0,plain,file
35:32,35,32,21,20,99,4.297079327540665,ثم,الكبير,0,0,plain,file
35:33,35,33,13,11,57,3.3927474104487847,جنات,حرير,0,0,plain,file
35:34,35,34,11,11,45,3.4594316186372973,وقالوا,شكور,0,0,plain,file
35:35,35,35,14,12,55,3.521640636343318,الذي,لغوب,0,0,plain,file
35:36,35,36,18,18,72,4.169925001442312,والذين,كفور,0,0,plain,file
35:37,35,37,25,23,108,4.483856189774725,وهم,نصير,0,0,plain,file
35:38,35,38,10,10,44,3.3219280948873626,إن,الصدور,0,0,plain,file
35:39,35,39,24,19,100,4.168295834054489,هو,خسارا,0,0,plain,file
35:40,35,40,33,31,132,4.923181998146332,قل,غرورا,0,0,plain,file
35:41,35,41,19,17,76,4.037401197654112,إن,غفورا,0,0,plain,file
35:42,35,42,19,17,83,4.037401197654112,وأقسموا,نفورا,0,0,plain,file
35:43,35,43,26,21,111,4.315824333525708,استكبارا,تحويلا,0,0,plain,file
35:44,35,44,30,24,120,4.456564762130954,أولم,قديرا,0,0,plain,file
35:45,35,45,25,24,97,4.563856189774725,ولو,بصيرا,0,0,plain,file
36:1,36,1,5,5,21,2.321928094887362,بسم,يس,0,0,plain,file
36:2,36,2,2,2,13,1.0,والقرآن,الحكيم,0,0,plain,file
36:3,36,3,3,3,14,1.584962500721156,إنك,المرسلين,0,0,plain,file
36:4,36,4,3,3,13,1.584962500721156,على,مستقيم,0,0,plain,file
36:5,36,5,3,3,17,1.584962500721156,تنزيل,الرحيم,0,0,plain,file
36:6,36,6,7,7,30,2.8073549220576037,لتنذر,غافلون,0,0,plain,file
36:7,36,7,8,8,30,3.0,لقد,يؤمنون,0,0,plain,file
36:8,36,8,10,10,45,3.3219280948873626,إنا,مقمحون,0,0,plain,file
36:9,36,9,12,11,51,3.4182958340544896,وجعلنا,يبصرون,0,0,plain,file
36:10,36,10,8,8,36,3.0,وسواء,يؤمنون,0,0,plain,file
36:11,36,11,12,12,54,3.584962500721156,إنما,كريم,0,0,plain,file
36:12,36,12,14,14,58,3.807354922057604,إنا,مبين,0,0,plain,file
36:13,36,13,8,8,38,3.0,واضرب,المرسلون,0,0,plain,file
36:14,36,14,11,11,57,3.4594316186372973,إذ,مرسلون,0,0,plain,file
36:15,36,15,15,13,55,3.640223928941852,قالوا,تكذبون,0,0,plain,file
36:16,36,16,6,6,28,2.584962500721156,قالوا,لمرسلون,0,0,plain,file
36:17,36,17,5,5,23,2.321928094887362,وما,المبين,0,0,plain,file
36:18,36,18,12,12,55,3.584962500721156,قالوا,أليم,0,0,plain,file
36:19,36,19,9,9,38,3.169925001442312,قالوا,مسرفون,0,0,plain,file
36:20,36,20,11,11,46,3.4594316186372973,وجاء,المرسلين,0,0,plain,file
36:21,36,21,7,7,29,2.8073549220576037,اتبعوا,مهتدون,0,0,plain,file
36:22,36,22,8,8,31,3.0,وما,ترجعون,0,0,plain,file
36:23,36,23,15,15,58,3.906890595608519,أأتخذ,ينقذون,0,0,plain,file
36:24,36,24,5,5,17,2.321928094887362,إني,مبين,0,0,plain,file
36:25,36,25,4,4,19,2.0,إني,فاسمعون,0,0,plain,file
36:26,36,26,8,8,30,3.0,قيل,يعلمون,0,0,plain,file
36:27,36,27,7,7,27,2.8073549220576037,بما,المكرمين,0,0,plain,file
36:28,36,28,13,10,47,3.180832987205441,وما,منزلين,0,0,plain,file
36:29,36,29,8,8,30,3.0,إن,خامدون,0,0,plain,file
36:30,36,30,12,12,47,3.584962500721156,يا,يستهزئون,0,0,plain,file
36:31,36,31,11,11,45,3.4594316186372973,ألم,يرجعون,0,0,plain,file
36:32,36,32,6,6,23,2.584962500721156,وإن,محضرون,0,0,plain,file
36:33,36,33,10,10,50,3.3219280948873626,وآية,يأكلون,0,0,plain,file
36:34,36,34,10,8,44,2.9219280948873623,وجعلنا,العيون,0,0,plain,file
36:35,36,35,8,8,37,3.0,ليأكلوا,يشكرون,0,0,plain,file
36:36,36,36,13,13,56,3.7004397181410926,سبحان,يعلمون,0,0,plain,file
36:37,36,37,9,9,37,3.169925001442312,وآية,مظلمون,0,0,plain,file
36:38,36,38,8,8,39,3.0,والشمس,العليم,0,0,plain,file
36:39,36,39,7,7,37,2.8073549220576037,والقمر,القديم,0,0,plain,file
36:40,36,40,15,15,58,3.906890595608519,لا,يسبحون,0,0,plain,file
36:41,36,41,8,8,35,3.0,وآية,المشحون,0,0,plain,file
36:42,36,42,6,6,23,2.584962500721156,وخلقنا,يركبون,0,0,plain,file
36:43,36,43,9,9,33,3.169925001442312,وإن,ينقذون,0,0,plain,file
36:44,36,44,6,6,22,2.584962500721156,إلا,حين,0,0,plain,file
36:45,36,45,11,11,45,3.4594316186372973,وإذا,ترحمون,0,0,plain,file
36:46,36,46,11,10,42,3.2776134368191157,وما,معرضين,0,0,plain,file
36:47,36,47,24,23,92,4.501629167387822,وإذا,مبين,0,0,plain,file
36:48,36,48,7,7,30,2.8073549220576037,ويقولون,صادقين,0,0,plain,file
36:49,36,49,8,8,35,3.0,ما,يخصمون,0,0,plain,file
36:50,36,50,7,7,33,2.8073549220576037,فلا,يرجعون,0,0,plain,file
36:51,36,51,10,10,39,3.3219280948873626,ونفخ,ينسلون,0,0,plain,file
36:52,36,52,13,12,53,3.546593564294939,قالوا,المرسلون,0,0,plain,file
36:53,36,53,10,10,39,3.3219280948873626,إن,محضرون,0,0,plain,file
36:54,36,54,11,11,42,3.4594316186372973,فاليوم,تعملون,0,0,plain,file
36:55,36,55,7,7,28,2.8073549220576037,إن,فاكهون,0,0,plain,file
36:56,36,56,7,7,32,2.8073549220576037,هم,متكئون,0,0,plain,file
36:57,36,57,6,6,23,2.584962500721156,لهم,يدعون,0,0,plain,file
36:58,36,58,5,5,16,2.321928094887362,سلام,رحيم,0,0,plain,file
36:59,36,59,4,4,25,2.0,وامتازوا,المجرمون,0,0,plain,file
36:60,36,60,14,14,50,3.807354922057604,ألم,مبين,0,0,plain,file
36:61,36,61,5,5,23,2.321928094887362,وأن,مستقيم,0,0,plain,file
36:62,36,62,8,8,36,3.0,ولقد,تعقلون,0,0,plain,file
36:63,36,63,5,5,21,2.321928094887362,هذه,توعدون,0,0,plain,file
36:64,36,64,5,5,24,2.321928094887362,اصلوها,تكفرون,0,0,plain,file
36:65,36,65,11,11,57,3.4594316186372973,اليوم,يكسبون,0,0,plain,file
36:66,36,66,9,9,46,3.169925001442312,ولو,يبصرون,0,0,plain,file
36:67,36,67,10,10,49,3.3219280948873626,ولو,يرجعون,0,0,plain,file
36:68,36,68,7,7,30,2.8073549220576037,ومن,يعقلون,0,0,plain,file
36:69,36,69,12,11,43,3.4182958340544896,وما,مبين,0,0,plain,file
36:70,36,70,8,8,33,3.0,لينذر,الكافرين,0,0,plain,file
36:71,36,71,12,12,50,3.584962500721156,أولم,مالكون,0,0,plain,file
36:72,36,72,6,6,33,2.584962500721156,وذللناها,يأكلون,0,0,plain,file
36:73,36,73,6,6,29,2.584962500721156,ولهم,يشكرون,0,0,plain,file
36:74,36,74,7,7,31,2.8073549220576037,واتخذوا,ينصرون,0,0,plain,file
36:75,36,75,7,7,30,2.8073549220576037,لا,محضرون,0,0,plain,file
36:76,36,76,9,9,36,3.169925001442312,فلا,يعلنون,0,0,plain,file
36:77,36,77,11,11,42,3.4594316186372973,أولم,مبين,0,0,plain,file
36:78,36,78,11,11,41,3.4594316186372973,وضرب,رميم,0,0,plain,file
36:79,36,79,10,10,37,3.3219280948873626,قل,عليم,0,0,plain,file
36:80,36,80,11,11,44,3.4594316186372973,الذي,توقدون,0,0,plain,file
36:81,36,81,14,14,63,3.807354922057604,أوليس,العليم,0,0,plain,file
36:82,36,82,10,10,34,3.3219280948873626,إنما,فيكون,0,0,plain,file
36:83,36,83,8,8,35,3.0,فسبحان,ترجعون,0,0,plain,file
37:1,37,1,6,6,30,2.584962500721156,بسم,صفا,0,0,plain,file
37:2,37,2,2,2,13,1.0,فالزاجرات,زجرا,0,0,plain,file
37:3,37,3,2,2,13,1.0,فالتاليات,ذكرا,0,0,plain,file
37:4,37,4,3,3,12,1.584962500721156,إن,لواحد,0,0,plain,file
37:5,37,5,7,7,35,2.8073549220576037,رب,المشارق,0,0,plain,file
37:6,37,6,6,6,31,2.584962500721156,إنا,الكواكب,0,0,plain,file
37:7,37,7,5,5,18,2.321928094887362,وحفظا,مارد,0,0,plain,file
37:8,37,8,9,9,37,3.169925001442312,لا,جانب,0,0,plain,file
37:9,37,9,4,4,17,2.0,دحورا,واصب,0,0,plain,file
37:10,37,10,7,7,28,2.8073549220576037,إلا,ثاقب,0,0,plain,file
37:11,37,11,12,11,46,3.4182958340544896,فاستفتهم,لازب,0,0,plain,file
37:12,37,12,3,3,13,1.584962500721156,بل,ويسخرون,0,0,plain,file
37:13,37,13,4,4,17,2.0,وإذا,يذكرون,0,0,plain,file
37:14,37,14,4,4,19,2.0,وإذا,يستسخرون,0,0,plain,file
37:15,37,15,6,6,21,2.584962500721156,وقالوا,مبين,0,0,plain,file
37:16,37,16,7,7,35,2.8073549220576037,أإذا,لمبعوثون,0,0,plain,file
37:17,37,17,2,2,15,1.0,أوآباؤنا,الأولون,0,0,plain,file
37:18,37,18,4,4,16,2.0,قل,داخرون,0,0,plain,file
37:19,37,19,7,7,28,2.8073549220576037,فإنما,ينظرون,0,0,plain,file
37:20,37,20,6,6,24,2.584962500721156,وقالوا,الدين,0,0,plain,file
37:21,37,21,7,7,27,2.8073549220576037,هذا,تكذبون,0,0,plain,file
37:22,37,22,7,7,38,2.8073549220576037,احشروا,يعبدون,0,0,plain,file
37:23,37,23,7,7,29,2.8073549220576037,من,الجحيم,0,0,plain,file
37:24,37,24,3,3,17,1.584962500721156,وقفوهم,مسئولون,0,0,plain,file
37:25,37,25,4,4,14,2.0,ما,تناصرون,0,0,plain,file
37:26,37,26,4,4,17,2.0,بل,مستسلمون,0,0,plain,file
37:27,37,27,5,5,24,2.321928094887362,وأقبل,يتساءلون,0,0,plain,file
37:28,37,28,6,6,28,2.584962500721156,قالوا,اليمين,0,0,plain,file
37:29,37,29,5,5,21,2.321928094887362,قالوا,مؤمنين,0,0,plain,file
37:30,37,30,10,10,36,3.3219280948873626,وما,طاغين,0,0,plain,file
37:31,37,31,6,6,25,2.584962500721156,فحق,لذائقون,0,0,plain,file
37:32,37,32,4,4,20,2.0,فأغويناكم,غاوين,0,0,plain,file
37:33,37,33,5,5,25,2.321928094887362,فإنهم,مشتركون,0,0,plain,file
37:34,37,34,4,4,20,2.0,إنا,بالمجرمين,0,0,plain,file
37:35,37,35,10,10,38,3.3219280948873626,إنهم,يستكبرون,0,0,plain,file
37:36,37,36,6,6,33,2.584962500721156,ويقولون,مجنون,0,0,plain,file
37:37,37,37,5,5,22,2.321928094887362,بل,المرسلين,0,0,plain,file
37:38,37,38,4,4,22,2.0,إنكم,الأليم,0,0,plain,file
37:39,37,39,6,6,23,2.584962500721156,وما,تعملون,0,0,plain,file
37:40,37,40,4,4,19,2.0,إلا,المخلصين,0,0,plain,file
37:41,37,41,4,4,16,2.0,أولئك,معلوم,0,0,plain,file
37:42,37,42,3,3,14,1.584962500721156,فواكه,مكرمون,0,0,plain,file
37:43,37,43,3,3,12,1.584962500721156,في,النعيم,0,0,plain,file
37:44,37,44,3,3,14,1.584962500721156,على,متقابلين,0,0,plain,file
37:45,37,45,5,5,19,2.321928094887362,يطاف,معين,0,0,plain,file
37:46,37,46,3,3,16,1.584962500721156,بيضاء,للشاربين,0,0,plain,file
37:47,37,47,7,7,24,2.8073549220576037,لا,ينزفون,0,0,plain,file
37:48,37,48,4,4,20,2.0,وعندهم,عين,0,0,plain,file
37:49,37,49,3,3,13,1.584962500721156,كأنهن,مكنون,0,0,plain,file
37:50,37,50,5,5,24,2.321928094887362,فأقبل,يتساءلون,0,0,plain,file
37:51,37,51,7,7,23,2.8073549220576037,قال,قرين,0,0,plain,file
37:52,37,52,4,4,19,2.0,يقول,المصدقين,0,0,plain,file
37:53,37,53,7,7,34,2.8073549220576037,أإذا,لمدينون,0,0,plain,file
37:54,37,54,4,4,15,2.0,قال,مطلعون,0,0,plain,file
37:55,37,55,5,5,21,2.321928094887362,فاطلع,الجحيم,0,0,plain,file
37:56,37,56,5,5,19,2.321928094887362,قال,لتردين,0,0,plain,file
37:57,37,57,6,6,26,2.584962500721156,ولولا,المحضرين,0,0,plain,file
37:58,37,58,3,3,13,1.584962500721156,أفما,بميتين,0,0,plain,file
37:59,37,59,6,6,28,2.584962500721156,إلا,بمعذبين,0,0,plain,file
37:60,37,60,5,5,19,2.321928094887362,إن,العظيم,0,0,plain,file
37:61,37,61,4,4,21,2.0,لمثل,العاملون,0,0,plain,file
37:62,37,62,6,6,23,2.584962500721156,أذلك,الزقوم,0,0,plain,file
37:63,37,63,4,4,22,2.0,إنا,للظالمين,0,0,plain,file
37:64,37,64,6,6,23,2.584962500721156,إنها,الجحيم,0,0,plain,file
37:65,37,65,4,4,21,2.0,طلعها,الشياطين,0,0,plain,file
37:66,37,66,6,5,32,2.2516291673878226,فإنهم,البطون,0,0,plain,file
37:67,37,67,7,7,23,2.8073549220576037,ثم,حميم,0,0,plain,file
37:68,37,68,5,5,20,2.321928094887362,ثم,الجحيم,0,0,plain,file
37:69,37,69,4,4,20,2.0,إنهم,ضالين,0,0,plain,file
37:70,37,70,4,4,18,2.0,فهم,يهرعون,0,0,plain,file
37:71,37,71,5,5,22,2.321928094887362,ولقد,الأولين,0,0,plain,file
37:72,37,72,4,4,20,2.0,ولقد,منذرين,0,0,plain,file
37:73,37,73,5,5,24,2.321928094887362,فانظر,المنذرين,0,0,plain,file
37:74,37,74,4,4,19,2.0,إلا,المخلصين,0,0,plain,file
37:75,37,75,5,5,26,2.321928094887362,ولقد,المجيبون,0,0,plain,file
37:76,37,76,5,5,25,2.321928094887362,ونجيناه,العظيم,0,0,plain,file
37:77,37,77,4,4,20,2.0,وجعلنا,الباقين,0,0,plain,file
37:78,37,78,4,4,19,2.0,وتركنا,الآخرين,0,0,plain,file
37:79,37,79,5,5,20,2.321928094887362,سلام,العالمين,0,0,plain,file
37:80,37,80,4,4,19,2.0,إنا,المحسنين,0,0,plain,file
37:81,37,81,4,4,19,2.0,إنه,المؤمنين,0,0,plain,file
37:82,37,82,3,3,15,1.584962500721156,ثم,الآخرين,0,0,plain,file
37:83,37,83,4,4,18,2.0,وإن,لإبراهيم,0,0,plain,file
37:84,37,84,5,5,16,2.321928094887362,إذ,سليم,0,0,plain,file
37:85,37,85,6,6,25,2.584962500721156,إذ,تعبدون,0,0,plain,file
37:86,37,86,5,5,22,2.321928094887362,أئفكا,تريدون,0,0,plain,file
37:87,37,87,4,4,18,2.0,فما,العالمين,0,0,plain,file
37:88,37,88,4,4,16,2.0,فنظر,النجوم,0,0,plain,file
37:89,37,89,3,3,11,1.584962500721156,فقال,سقيم,0,0,plain,file
37:90,37,90,3,3,15,1.584962500721156,فتولوا,مدبرين,0,0,plain,file
37:91,37,91,6,6,26,2.584962500721156,فراغ,تأكلون,0,0,plain,file
37:92,37,92,4,4,13,2.0,ما,تنطقون,0,0,plain,file
37:93,37,93,4,4,20,2.0,فراغ,باليمين,0,0,plain,file
37:94,37,94,3,3,16,1.584962500721156,فأقبلوا,يزفون,0,0,plain,file
37:95,37,95,4,4,18,2.0,قال,تنحتون,0,0,plain,file
37:96,37,96,4,4,19,2.0,والله,تعملون,0,0,plain,file
37:97,37,97,7,7,32,2.8073549220576037,قالوا,الجحيم,0,0,plain,file
37:98,37,98,5,5,29,2.321928094887362,فأرادوا,الأسفلين,0,0,plain,file
37:99,37,99,6,6,23,2.584962500721156,وقال,سيهدين,0,0,plain,file
37:100,37,100,5,5,16,2.321928094887362,رب,الصالحين,0,0,plain,file
37:101,37,101,3,3,16,1.584962500721156,فبشرناه,حليم,0,0,plain,file
37:102,37,102,28,26,100,4.664497779200461,فلما,الصابرين,0,0,plain,file
37:103,37,103,4,4,19,2.0,فلما,للجبين,0,0,plain,file
37:104,37,104,4,4,19,2.0,وناديناه,إبراهيم,0,0,plain,file
37:105,37,105,7,7,31,2.8073549220576037,قد,المحسنين,0,0,plain,file
37:106,37,106,5,5,20,2.321928094887362,إن,المبين,0,0,plain,file
37:107,37,107,3,3,15,1.584962500721156,وفديناه,عظيم,0,0,plain,file
37:108,37,108,4,4,19,2.0,وتركنا,الآخرين,0,0,plain,file
37:109,37,109,3,3,14,1.584962500721156,سلام,إبراهيم,0,0,plain,file
37:110,37,110,3,3,16,1.584962500721156,كذلك,المحسنين,0,0,plain,file
37:111,37,111,4,4,19,2.0,إنه,المؤمنين,0,0,plain,file
37:112,37,112,5,5,27,2.321928094887362,وبشرناه,الصالحين,0,0,plain,file
37:113,37,113,10,10,48,3.3219280948873626,وباركنا,مبين,0,0,plain,file
37:114,37,114,5,5,21,2.321928094887362,ولقد,وهارون,0,0,plain,file
37:115,37,115,5,5,29,2.321928094887362,ونجيناهما,العظيم,0,0,plain,file
37:116,37,116,4,4,24,2.0,ونصرناهم,الغالبين,0,0,plain,file
37:117,37,117,3,3,23,1.584962500721156,وآتيناهما,المستبين,0,0,plain,file
37:118,37,118,3,3,23,1.584962500721156,وهديناهما,المستقيم,0,0,plain,file
37:119,37,119,4,4,21,2.0,وتركنا,الآخرين,0,0,plain,file
37:120,37,120,4,4,17,2.0,سلام,وهارون,0,0,plain,file
37:121,37,121,4,4,19,2.0,إنا,المحسنين,0,0,plain,file
37:122,37,122,4,4,21,2.0,إنهما,المؤمنين,0,0,plain,file
37:123,37,123,4,4,19,2.0,وإن,المرسلين,0,0,plain,file
37:124,37,124,5,5,18,2.321928094887362,إذ,تتقون,0,0,plain,file
37:125,37,125,5,5,28,2.321928094887362,أتدعون,الخالقين,0,0,plain,file
37:126,37,126,5,5,24,2.321928094887362,الله,الأولين,0,0,plain,file
37:127,37,127,3,3,18,1.584962500721156,فكذبوه,لمحضرون,0,0,plain,file
37:128,37,128,4,4,19,2.0,إلا,المخلصين,0,0,plain,file
37:129,37,129,4,4,19,2.0,وتركنا,الآخرين,0,0,plain,file
37:130,37,130,4,4,14,2.0,سلام,ياسين,0,0,plain,file
37:131,37,131,4,4,19,2.0,إنا,المحسنين,0,0,plain,file
37:132,37,132,4,4,19,2.0,إنه,المؤمنين,0,0,plain,file
37:133,37,133,4,4,18,2.0,وإن,المرسلين,0,0,plain,file
37:134,37,134,4,4,19,2.0,إذ,أجمعين,0,0,plain,file
37:135,37,135,4,4,18,2.0,إلا,الغابرين,0,0,plain,file
37:136,37,136,3,3,14,1.584962500721156,ثم,الآخرين,0,0,plain,file
37:137,37,137,4,4,22,2.0,وإنكم,مصبحين,0,0,plain,file
37:138,37,138,3,3,17,1.584962500721156,وبالليل,تعقلون,0,0,plain,file
37:139,37,139,4,4,18,2.0,وإن,المرسلين,0,0,plain,file
37:140,37,140,5,5,20,2.321928094887362,إذ,المشحون,0,0,plain,file
37:141,37,141,4,4,19,2.0,فساهم,المدحضين,0,0,plain,file
37:142,37,142,4,4,19,2.0,فالتقمه,مليم,0,0,plain,file
37:143,37,143,5,5,21,2.321928094887362,فلولا,المسبحين,0,0,plain,file
37:144,37,144,6,6,22,2.584962500721156,للبث,يبعثون,0,0,plain,file
37:145,37,145,4,4,21,2.0,فنبذناه,سقيم,0,0,plain,file
37:146,37,146,5,5,22,2.321928094887362,وأنبتنا,يقطين,0,0,plain,file
37:147,37,147,6,6,26,2.584962500721156,وأرسلناه,يزيدون,0,0,plain,file
37:148,37,148,4,4,20,2.0,فآمنوا,حين,0,0,plain,file
37:149,37,149,5,5,29,2.321928094887362,فاستفتهم,البنون,0,0,plain,file
37:150,37,150,6,6,29,2.584962500721156,أم,شاهدون,0,0,plain,file
37:151,37,151,5,5,21,2.321928094887362,ألا,ليقولون,0,0,plain,file
37:152,37,152,4,4,19,2.0,ولد,لكاذبون,0,0,plain,file
37:153,37,153,4,4,20,2.0,أصطفى,البنين,0,0,plain,file
37:154,37,154,4,4,14,2.0,ما,تحكمون,0,0,plain,file
37:155,37,155,2,2,10,1.0,أفلا,تذكرون,0,0,plain,file
37:156,37,156,4,4,14,2.0,أم,مبين,0,0,plain,file
37:157,37,157,5,5,24,2.321928094887362,فأتوا,صادقين,0,0,plain,file
37:158,37,158,10,9,47,3.1219280948873624,وجعلوا,لمحضرون,0,0,plain,file
37:159,37,159,4,4,17,2.0,سبحان,يصفون,0,0,plain,file
37:160,37,160,4,4,19,2.0,إلا,المخلصين,0,0,plain,file
37:161,37,161,3,3,14,1.584962500721156,فإنكم,تعبدون,0,0,plain,file
37:162,37,162,4,4,17,2.0,ما,بفاتنين,0,0,plain,file
37:163,37,163,5,5,16,2.321928094887362,إلا,الجحيم,0,0,plain,file
37:164,37,164,6,6,20,2.584962500721156,وما,معلوم,0,0,plain,file
37:165,37,165,3,3,15,1.584962500721156,وإنا,الصافون,0,0,plain,file
37:166,37,166,3,3,16,1.584962500721156,وإنا,المسبحون,0,0,plain,file
37:167,37,167,3,3,15,1.584962500721156,وإن,ليقولون,0,0,plain,file
37:168,37,168,6,6,22,2.584962500721156,لو,الأولين,0,0,plain,file
37:169,37,169,4,4,20,2.0,لكنا,المخلصين,0,0,plain,file
37:170,37,170,4,4,18,2.0,فكفروا,يعلمون,0,0,plain,file
37:171,37,171,5,5,29,2.321928094887362,ولقد,المرسلين,0,0,plain,file
37:172,37,172,3,3,16,1.584962500721156,إنهم,المنصورون,0,0,plain,file
37:173,37,173,4,4,19,2.0,وإن,الغالبون,0,0,plain,file
37:174,37,174,4,4,14,2.0,فتول,حين,0,0,plain,file
37:175,37,175,3,3,17,1.584962500721156,وأبصرهم,يبصرون,0,0,plain,file
37:176,37,176,2,2,17,1.0,أفبعذابنا,يستعجلون,0,0,plain,file
37:177,37,177,6,6,30,2.584962500721156,فإذا,المنذرين,0,0,plain,file
37:178,37,178,4,4,14,2.0,وتول,حين,0,0,plain,file
37:179,37,179,3,3,15,1.584962500721156,وأبصر,يبصرون,0,0,plain,file
37:180,37,180,6,6,23,2.584962500721156,سبحان,يصفون,0,0,plain,file
37:181,37,181,3,3,16,1.584962500721156,وسلام,المرسلين,0,0,plain,file
37:182,37,182,4,4,19,2.0,والحمد,العالمين,0,0,plain,file
38:1,38,1,8,8,34,3.0,بسم,الذكر,0,0,plain,file
38:2,38,2,6,6,22,2.584962500721156,بل,وشقاق,0,0,plain,file
38:3,38,3,10,9,37,3.1219280948873624,كم,مناص,0,0,plain,file
38:4,38,4,10,10,44,3.3219280948873626,وعجبوا,كذاب,0,0,plain,file
38:5,38,5,8,8,32,3.0,أجعل,عجاب,0,0,plain,file
38:6,38,6,12,12,51,3.584962500721156,وانطلق,يراد,0,0,plain,file
38:7,38,7,10,10,38,3.3219280948873626,ما,اختلاق,0,0,plain,file
38:8,38,8,15,13,50,3.640223928941852,أأنزل,عذاب,0,0,plain,file
38:9,38,9,7,7,31,2.8073549220576037,أم,الوهاب,0,0,plain,file
38:10,38,10,10,10,48,3.3219280948873626,أم,الأسباب,0,0,plain,file
38:11,38,11,6,6,24,2.584962500721156,جند,الأحزاب,0,0,plain,file
38:12,38,12,8,8,34,3.0,كذبت,الأوتاد,0,0,plain,file
38:13,38,13,7,7,36,2.8073549220576037,وثمود,الأحزاب,0,0,plain,file
38:14,38,14,7,7,22,2.8073549220576037,إن,عقاب,0,0,plain,file
38:15,38,15,10,10,35,3.3219280948873626,وما,فواق,0,0,plain,file
38:16,38,16,8,8,32,3.0,وقالوا,الحساب,0,0,plain,file
38:17,38,17,11,11,44,3.4594316186372973,اصبر,أواب,0,0,plain,file
38:18,38,18,7,7,36,2.8073549220576037,إنا,والإشراق,0,0,plain,file
38:19,38,19,5,5,20,2.321928094887362,والطير,أواب,0,0,plain,file
38:20,38,20,6,6,33,2.584962500721156,وشددنا,الخطاب,0,0,plain,file
38:21,38,21,7,7,30,2.8073549220576037,وهل,المحراب,0,0,plain,file
38:22,38,22,23,22,93,4.436605434317883,إذ,الصراط,0,0,plain,file
38:23,38,23,15,14,60,3.773557262275186,إن,الخطاب,0,0,plain,file
38:24,38,24,32,32,137,5.0,قال,وأناب,0,0,plain,file
38:25,38,25,9,8,33,2.94770277922009,فغفرنا,مآب,0,0,plain,file
38:26,38,26,31,28,122,4.7606479232901,يا,الحساب,0,0,plain,file
38:27,38,27,16,14,70,3.75,وما,النار,0,0,plain,file
38:28,38,28,13,11,66,3.3927474104487847,أم,كالفجار,0,0,plain,file
38:29,38,29,9,9,50,3.169925001442312,كتاب,الألباب,0,0,plain,file
38:30,38,30,7,7,33,2.8073549220576037,ووهبنا,أواب,0,0,plain,file
38:31,38,31,6,6,29,2.584962500721156,إذ,الجياد,0,0,plain,file
38:32,38,32,11,11,42,3.4594316186372973,فقال,بالحجاب,0,0,plain,file
38:33,38,33,6,6,30,2.584962500721156,ردوها,والأعناق,0,0,plain,file
38:34,38,34,9,9,39,3.169925001442312,ولقد,أناب,0,0,plain,file
38:35,38,35,15,14,49,3.773557262275186,قال,الوهاب,0,0,plain,file
38:36,38,36,8,8,33,3.0,فسخرنا,أصاب,0,0,plain,file
38:37,38,37,4,4,20,2.0,والشياطين,وغواص,0,0,plain,file
38:38,38,38,4,4,21,2.0,وآخرين,الأصفاد,0,0,plain,file
38:39,38,39,7,7,28,2.8073549220576037,هذا,حساب,0,0,plain,file
38:40,38,40,6,6,22,2.584962500721156,وإن,مآب,0,0,plain,file
38:41,38,41,11,11,46,3.4594316186372973,واذكر,وعذاب,0,0,plain,file
38:42,38,42,6,6,26,2.584962500721156,اركض,وشراب,0,0,plain,file
38:43,38,43,10,10,46,3.3219280948873626,ووهبنا,الألباب,0,0,plain,file
38:44,38,44,14,14,54,3.807354922057604,وخذ,أواب,0,0,plain,file
38:45,38,45,8,8,48,3.0,واذكر,والأبصار,0,0,plain,file
38:46,38,46,5,5,26,2.321928094887362,إنا,الدار,0,0,plain,file
38:47,38,47,5,5,28,2.321928094887362,وإنهم,الأخيار,0,0,plain,file
38:48,38,48,8,8,38,3.0,واذكر,الأخيار,0,0,plain,file
38:49,38,49,6,6,23,2.584962500721156,هذا,مآب,0,0,plain,file
38:50,38,50,5,5,22,2.321928094887362,جنات,الأبواب,0,0,plain,file
38:51,38,51,7,6,35,2.521640636343318,متكئين,وشراب,0,0,plain,file
38:52,38,52,4,4,22,2.0,وعندهم,أتراب,0,0,plain,file
38:53,38,53,5,5,21,2.321928094887362,هذا,الحساب,0,0,plain,file
38:54,38,54,7,7,21,2.8073549220576037,إن,نفاد,0,0,plain,file
38:55,38,55,5,5,19,2.321928094887362,هذا,مآب,0,0,plain,file
38:56,38,56,4,4,21,2.0,جهنم,المهاد,0,0,plain,file
38:57,38,57,4,4,20,2.0,هذا,وغساق,0,0,plain,file
38:58,38,58,4,4,15,2.0,وآخر,أزواج,0,0,plain,file
38:59,38,59,10,10,38,3.3219280948873626,هذا,النار,0,0,plain,file
38:60,38,60,11,10,45,3.2776134368191157,قالوا,القرار,0,0,plain,file
38:61,38,61,11,11,40,3.4594316186372973,قالوا,النار,0,0,plain,file
38:62,38,62,10,10,38,3.3219280948873626,وقالوا,الأشرار,0,0,plain,file
38:63,38,63,6,6,30,2.584962500721156,أتخذناهم,الأبصار,0,0,plain,file
38:64,38,64,6,6,21,2.584962500721156,إن,النار,0,0,plain,file
38:65,38,65,11,11,40,3.4594316186372973,قل,القهار,0,0,plain,file
38:66,38,66,7,7,37,2.8073549220576037,رب,الغفار,0,0,plain,file
38:67,38,67,4,4,11,2.0,قل,عظيم,0,0,plain,file
38:68,38,68,3,3,13,1.584962500721156,أنتم,معرضون,0,0,plain,file
38:69,38,69,9,9,33,3.169925001442312,ما,يختصمون,0,0,plain,file
38:70,38,70,8,8,27,3.0,إن,مبين,0,0,plain,file
38:71,38,71,9,9,32,3.169925001442312,إذ,طين,0,0,plain,file
38:72,38,72,9,9,36,3.169925001442312,فإذا,ساجدين,0,0,plain,file
38:73,38,73,4,4,22,2.0,فسجد,أجمعون,0,0,plain,file
38:74,38,74,6,6,28,2.584962500721156,إلا,الكافرين,0,0,plain,file
38:75,38,75,15,15,54,3.906890595608519,قال,العالين,0,0,plain,file
38:76,38,76,10,9,34,3.1219280948873624,قال,طين,0,0,plain,file
38:77,38,77,5,5,20,2.321928094887362,قال,رجيم,0,0,plain,file
38:78,38,78,6,6,23,2.584962500721156,وإن,الدين,0,0,plain,file
38:79,38,79,6,6,24,2.584962500721156,قال,يبعثون,0,0,plain,file
38:80,38,80,4,4,17,2.0,قال,المنظرين,0,0,plain,file
38:81,38,81,4,4,18,2.0,إلى,المعلوم,0,0,plain,file
38:82,38,82,4,4,23,2.0,قال,أجمعين,0,0,plain,file
38:83,38,83,4,4,20,2.0,إلا,المخلصين,0,0,plain,file
38:84,38,84,4,4,17,2.0,قال,أقول,0,0,plain,file
38:85,38,85,7,7,31,2.8073549220576037,لأملأن,أجمعين,0,0,plain,file
38:86,38,86,10,9,36,3.1219280948873624,قل,المتكلفين,0,0,plain,file
38:87,38,87,5,5,18,2.321928094887362,إن,للعالمين,0,0,plain,file
38:88,38,88,4,4,17,2.0,ولتعلمن,حين,0,0,plain,file
39:1,39,1,10,9,48,3.1219280948873624,بسم,الحكيم,0,0,plain,file
39:2,39,2,10,10,45,3.3219280948873626,إنا,الدين,0,0,plain,file
39:3,39,3,33,28,126,4.718488437474712,ألا,كفار,0,0,plain,file
39:4,39,4,16,15,63,3.875,لو,القهار,0,0,plain,file
39:5,39,5,23,20,105,4.2626923908396215,خلق,الغفار,0,0,plain,file
39:6,39,6,36,33,138,4.982289237493326,خلقكم,تصرفون,0,0,plain,file
39:7,39,7,31,30,126,4.889680181354616,إن,الصدور,0,0,plain,file
39:8,39,8,34,32,122,4.96981578242681,وإذا,النار,0,0,plain,file
39:9,39,9,24,23,105,4.501629167387822,أمن,الألباب,0,0,plain,file
39:10,39,10,22,22,95,4.459431618637297,قل,حساب,0,0,plain,file
39:11,39,11,9,9,31,3.169925001442312,قل,الدين,0,0,plain,file
39:12,39,12,5,5,23,2.321928094887362,وأمرت,المسلمين,0,0,plain,file
39:13,39,13,9,9,29,3.169925001442312,قل,عظيم,0,0,plain,file
39:14,39,14,6,6,21,2.584962500721156,قل,ديني,0,0,plain,file
39:15,39,15,19,19,85,4.247927513443585,فاعبدوا,المبين,0,0,plain,file
39:16,39,16,17,15,61,3.85216872360328,لهم,فاتقون,0,0,plain,file
39:17,39,17,12,12,60,3.584962500721156,والذين,عباد,0,0,plain,file
39:18,39,18,13,12,67,3.546593564294939,الذين,الألباب,0,0,plain,file
39:19,39,19,10,10,38,3.3219280948873626,أفمن,النار,0,0,plain,file
39:20,39,20,20,17,80,4.021928094887363,لكن,الميعاد,0,0,plain,file
39:21,39,21,31,28,120,4.736296713542892,ألم,الألباب,0,0,plain,file
39:22,39,22,20,18,77,4.1219280948873624,أفمن,مبين,0,0,plain,file
39:23,39,23,34,30,132,4.793345194191516,الله,هاد,0,0,plain,file
39:24,39,24,13,13,61,3.7004397181410926,أفمن,تكسبون,0,0,plain,file
39:25,39,25,10,9,40,3.1219280948873624,كذب,يشعرون,0,0,plain,file
39:26,39,26,12,12,59,3.584962500721156,فأذاقهم,يعلمون,0,0,plain,file
39:27,39,27,11,11,44,3.4594316186372973,ولقد,يتذكرون,0,0,plain,file
39:28,39,28,7,7,28,2.8073549220576037,قرآنا,يتقون,0,0,plain,file
39:29,39,29,19,18,81,4.142664355548848,ضرب,يعلمون,0,0,plain,file
39:30,39,30,4,4,16,2.0,إنك,ميتون,0,0,plain,file
39:31,39,31,7,7,30,2.8073549220576037,ثم,تختصمون,0,0,plain,file
39:32,39,32,15,15,58,3.906890595608519,فمن,للكافرين,0,0,plain,file
39:33,39,33,8,8,34,3.0,والذي,المتقون,0,0,plain,file
39:34,39,34,8,8,33,3.0,لهم,المحسنين,0,0,plain,file
39:35,39,35,12,11,58,3.4182958340544896,ليكفر,يعملون,0,0,plain,file
39:36,39,36,15,13,57,3.640223928941852,أليس,هاد,0,0,plain,file
39:37,39,37,12,11,41,3.4182958340544896,ومن,انتقام,0,0,plain,file
39:38,39,38,36,28,148,4.669925001442312,ولئن,المتوكلون,0,0,plain,file
39:39,39,39,10,10,40,3.3219280948873626,قل,تعلمون,0,0,plain,file
39:40,39,40,8,7,32,2.75,من,مقيم,0,0,plain,file
39:41,39,41,18,18,77,4.169925001442312,إنا,بوكيل,0,0,plain,file
39:42,39,42,26,25,107,4.623516641218015,الله,يتفكرون,0,0,plain,file
39:43,39,43,14,14,54,3.807354922057604,أم,يعقلون,0,0,plain,file
39:44,39,44,11,11,48,3.4594316186372973,قل,ترجعون,0,0,plain,file
39:45,39,45,18,15,76,3.8365916681089787,وإذا,يستبشرون,0,0,plain,file
39:46,39,46,17,17,76,4.087462841250339,قل,يختلفون,0,0,plain,file
39:47,39,47,25,23,97,4.483856189774725,ولو,يحتسبون,0,0,plain,file
39:48,39,48,11,10,43,3.2776134368191157,وبدا,يستهزئون,0,0,plain,file
39:49,39,49,22,22,83,4.459431618637297,فإذا,يعلمون,0,0,plain,file
39:50,39,50,11,11,43,3.4594316186372973,قد,يكسبون,0,0,plain,file
39:51,39,51,15,12,68,3.506890595608519,فأصابهم,بمعجزين,0,0,plain,file
39:52,39,52,15,15,59,3.906890595608519,أولم,يؤمنون,0,0,plain,file
39:53,39,53,21,20,85,4.297079327540665,قل,الرحيم,0,0,plain,file
39:54,39,54,13,13,52,3.7004397181410926,وأنيبوا,تنصرون,0,0,plain,file
39:55,39,55,16,15,64,3.875,واتبعوا,تشعرون,0,0,plain,file
39:56,39,56,15,15,51,3.906890595608519,أن,الساخرين,0,0,plain,file
39:57,39,57,9,9,32,3.169925001442312,أو,المتقين,0,0,plain,file
39:58,39,58,12,12,42,3.584962500721156,أو,المحسنين,0,0,plain,file
39:59,39,59,10,10,45,3.3219280948873626,بلى,الكافرين,0,0,plain,file
39:60,39,60,14,14,65,3.807354922057604,ويوم,للمتكبرين,0,0,plain,file
39:61,39,61,11,11,50,3.4594316186372973,وينجي,يحزنون,0,0,plain,file
39:62,39,62,9,7,28,2.725480556997868,الله,وكيل,0,0,plain,file
39:63,39,63,11,11,57,3.4594316186372973,له,الخاسرون,0,0,plain,file
39:64,39,64,7,7,34,2.8073549220576037,قل,الجاهلون,0,0,plain,file
39:65,39,65,14,13,62,3.6644977792004614,ولقد,الخاسرين,0,0,plain,file
39:66,39,66,6,6,24,2.584962500721156,بل,الشاكرين,0,0,plain,file
39:67,39,67,17,17,86,4.087462841250339,وما,يشركون,0,0,plain,file
39:68,39,68,22,19,77,4.152391277629866,ونفخ,ينظرون,0,0,plain,file
39:69,39,69,15,15,74,3.906890595608519,وأشرقت,يظلمون,0,0,plain,file
39:70,39,70,9,9,32,3.169925001442312,ووفيت,يفعلون,0,0,plain,file
39:71,39,71,34,34,151,5.087462841250339,وسيق,الكافرين,0,0,plain,file
39:72,39,72,9,9,45,3.169925001442312,قيل,المتكبرين,0,0,plain,file
39:73,39,73,20,20,94,4.321928094887363,وسيق,خالدين,0,0,plain,file
39:74,39,74,16,16,73,4.0,وقالوا,العاملين,0,0,plain,file
39:75,39,75,17,17,77,4.087462841250339,وترى,العالمين,0,0,plain,file
40:1,40,1,5,5,21,2.321928094887362,بسم,حم,0,0,plain,file
40:2,40,2,6,6,29,2.584962500721156,تنزيل,العليم,0,0,plain,file
40:3,40,3,14,14,56,3.807354922057604,غافر,المصير,0,0,plain,file
40:4,40,4,13,12,52,3.546593564294939,ما,البلاد,0,0,plain,file
40:5,40,5,21,21,98,4.392317422778761,كذبت,عقاب,0,0,plain,file
40:6,40,6,10,10,42,3.3219280948873626,وكذلك,النار,0,0,plain,file
40:7,40,7,27,26,128,4.680813428089394,الذين,الجحيم,0,0,plain,file
40:8,40,8,16,16,76,4.0,ربنا,الحكيم,0,0,plain,file
40:9,40,9,12,11,53,3.4182958340544896,وقهم,العظيم,0,0,plain,file
40:10,40,10,15,15,67,3.906890595608519,إن,فتكفرون,0,0,plain,file
40:11,40,11,13,12,65,3.546593564294939,قالوا,سبيل,0,0,plain,file
40:12,40,12,15,15,62,3.906890595608519,ذلكم,الكبير,0,0,plain,file
40:13,40,13,14,13,53,3.6644977792004614,هو,ينيب,0,0,plain,file
40:14,40,14,8,8,37,3.0,فادعوا,الكافرون,0,0,plain,file
40:15,40,15,16,14,63,3.702819531114783,رفيع,التلاق,0,0,plain,file
40:16,40,16,15,15,59,3.906890595608519,يوم,القهار,0,0,plain,file
40:17,40,17,13,12,47,3.546593564294939,اليوم,الحساب,0,0,plain,file
40:18,40,18,15,15,67,3.906890595608519,وأنذرهم,يطاع,0,0,plain,file
40:19,40,19,6,6,28,2.584962500721156,يعلم,الصدور,0,0,plain,file
40:20,40,20,15,15,62,3.906890595608519,والله,البصير,0,0,plain,file
40:21,40,21,30,23,119,4.41506101220307,أولم,واق,0,0,plain,file
40:22,40,22,13,13,63,3.7004397181410926,ذلك,العقاب,0,0,plain,file
40:23,40,23,6,6,31,2.584962500721156,ولقد,مبين,0,0,plain,file
40:24,40,24,7,7,34,2.8073549220576037,إلى,كذاب,0,0,plain,file
40:25,40,25,19,19,87,4.247927513443585,فلما,ضلال,0,0,plain,file
40:26,40,26,18,17,69,4.058813890331201,وقال,الفساد,0,0,plain,file
40:27,40,27,13,13,48,3.7004397181410926,وقال,الحساب,0,0,plain,file
40:28,40,28,39,34,146,5.009635872652929,وقال,كذاب,0,0,plain,file
40:29,40,29,27,25,101,4.60673935401532,يا,الرشاد,0,0,plain,file
40:30,40,30,11,11,41,3.4594316186372973,وقال,الأحزاب,0,0,plain,file
40:31,40,31,14,14,55,3.807354922057604,مثل,للعباد,0,0,plain,file
40:32,40,32,7,7,27,2.8073549220576037,ويا,التناد,0,0,plain,file
40:33,40,33,16,13,52,3.577819531114783,يوم,هاد,0,0,plain,file
40:34,40,34,30,26,105,4.6150610122030695,ولقد,مرتاب,0,0,plain,file
40:35,40,35,23,20,93,4.229871195093384,الذين,جبار,0,0,plain,file
40:36,40,36,10,10,40,3.3219280948873626,وقال,الأسباب,0,0,plain,file
40:37,40,37,23,23,94,4.523561956057013,أسباب,تباب,0,0,plain,file
40:38,40,38,9,9,37,3.169925001442312,وقال,الرشاد,0,0,plain,file
40:39,40,39,12,12,48,3.584962500721156,يا,القرار,0,0,plain,file
40:40,40,40,23,21,88,4.349648912578752,من,حساب,0,0,plain,file
40:41,40,41,10,9,41,3.1219280948873624,ويا,النار,0,0,plain,file
40:42,40,42,15,14,61,3.773557262275186,تدعونني,الغفار,0,0,plain,file
40:43,40,43,22,20,86,4.277613436819116,لا,النار,0,0,plain,file
40:44,40,44,12,11,50,3.4182958340544896,فستذكرون,بالعباد,0,0,plain,file
40:45,40,45,10,10,42,3.3219280948873626,فوقاه,العذاب,0,0,plain,file
40:46,40,46,13,13,61,3.7004397181410926,النار,العذاب,0,0,plain,file
40:47,40,47,19,18,82,4.142664355548848,وإذ,النار,0,0,plain,file
40:48,40,48,12,12,45,3.584962500721156,قال,العباد,0,0,plain,file
40:49,40,49,13,13,53,3.7004397181410926,وقال,العذاب,0,0,plain,file
40:50,40,50,16,14,73,3.702819531114783,قالوا,ضلال,0,0,plain,file
40:51,40,51,11,11,53,3.4594316186372973,إنا,الأشهاد,0,0,plain,file
40:52,40,52,10,9,46,3.1219280948873624,يوم,الدار,0,0,plain,file
40:53,40,53,8,8,41,3.0,ولقد,الكتاب,0,0,plain,file
40:54,40,54,4,4,20,2.0,هدى,الألباب,0,0,plain,file
40:55,40,55,12,12,53,3.584962500721156,فاصبر,والإبكار,0,0,plain,file
40:56,40,56,23,21,93,4.349648912578752,إن,البصير,0,0,plain,file
40:57,40,57,12,11,53,3.4182958340544896,لخلق,يعلمون,0,0,plain,file
40:58,40,58,13,13,69,3.7004397181410926,وما,تتذكرون,0,0,plain,file
40:59,40,59,11,10,43,3.2776134368191157,إن,يؤمنون,0,0,plain,file
40:60,40,60,13,13,62,3.7004397181410926,وقال,داخرين,0,0,plain,file
40:61,40,61,20,18,82,4.1219280948873624,الله,يشكرون,0,0,plain,file
40:62,40,62,12,12,41,3.584962500721156,ذلكم,تؤفكون,0,0,plain,file
40:63,40,63,7,7,33,2.8073549220576037,كذلك,يجحدون,0,0,plain,file
40:64,40,64,21,19,98,4.165894208390024,الله,العالمين,0,0,plain,file
40:65,40,65,14,13,53,3.6644977792004614,هو,العالمين,0,0,plain,file
40:66,40,66,20,18,76,4.1219280948873624,قل,العالمين,0,0,plain,file
40:67,40,67,30,22,118,4.132914563979398,هو,تعقلون,0,0,plain,file
40:68,40,68,12,12,44,3.584962500721156,هو,فيكون,0,0,plain,file
40:69,40,69,10,10,39,3.3219280948873626,ألم,يصرفون,0,0,plain,file
40:70,40,70,9,9,44,3.169925001442312,الذين,يعلمون,0,0,plain,file
40:71,40,71,6,6,32,2.584962500721156,إذ,يسحبون,0,0,plain,file
40:72,40,72,6,5,23,2.2516291673878226,في,يسجرون,0,0,plain,file
40:73,40,73,7,7,23,2.8073549220576037,ثم,تشركون,0,0,plain,file
40:74,40,74,17,15,60,3.85216872360328,من,الكافرين,0,0,plain,file
40:75,40,75,11,10,46,3.2776134368191157,ذلكم,تمرحون,0,0,plain,file
40:76,40,76,8,8,42,3.0,ادخلوا,المتكبرين,0,0,plain,file
40:77,40,77,14,14,58,3.807354922057604,فاصبر,يرجعون,0,0,plain,file
40:78,40,78,32,28,123,4.726409765557392,ولقد,المبطلون,0,0,plain,file
40:79,40,79,9,9,43,3.169925001442312,الله,تأكلون,0,0,plain,file
40:80,40,80,12,12,59,3.584962500721156,ولكم,تحملون,0,0,plain,file
40:81,40,81,6,6,28,2.584962500721156,ويريكم,تنكرون,0,0,plain,file
40:82,40,82,25,22,104,4.403856189774725,أفلم,يكسبون,0,0,plain,file
40:83,40,83,15,15,67,3.906890595608519,فلما,يستهزئون,0,0,plain,file
40:84,40,84,12,12,51,3.584962500721156,فلما,مشركين,0,0,plain,file
40:85,40,85,17,17,70,4.087462841250339,فلم,الكافرون,0,0,plain,file
41:1,41,1,5,5,21,2.321928094887362,بسم,حم,0,0,plain,file
41:2,41,2,4,4,19,2.0,تنزيل,الرحيم,0,0,plain,file
41:3,41,3,7,7,33,2.8073549220576037,كتاب,يعلمون,0,0,plain,file
41:4,41,4,7,7,33,2.8073549220576037,بشيرا,يسمعون,0,0,plain,file
41:5,41,5,17,17,75,4.087462841250339,وقالوا,عاملون,0,0,plain,file
41:6,41,6,16,16,74,4.0,قل,للمشركين,0,0,plain,file
41:7,41,7,8,8,36,3.0,الذين,كافرون,0,0,plain,file
41:8,41,8,9,9,40,3.169925001442312,إن,ممنون,0,0,plain,file
41:9,41,9,14,14,62,3.807354922057604,قل,العالمين,0,0,plain,file
41:10,41,10,15,13,67,3.589898095464288,وجعل,للسائلين,0,0,plain,file
41:11,41,11,16,16,67,4.0,ثم,طائعين,0,0,plain,file
41:12,41,12,19,18,89,4.142664355548848,فقضاهن,العليم,0,0,plain,file
41:13,41,13,9,8,40,2.94770277922009,فإن,وثمود,0,0,plain,file
41:14,41,14,23,23,94,4.523561956057013,إذ,كافرون,0,0,plain,file
41:15,41,15,25,23,102,4.483856189774725,فأما,يجحدون,0,0,plain,file
41:16,41,16,19,18,89,4.142664355548848,فأرسلنا,ينصرون,0,0,plain,file
41:17,41,17,14,14,74,3.807354922057604,وأما,يكسبون,0,0,plain,file
41:18,41,18,5,5,27,2.321928094887362,ونجينا,يتقون,0,0,plain,file
41:19,41,19,8,8,34,3.0,ويوم,يوزعون,0,0,plain,file
41:20,41,20,12,12,56,3.584962500721156,حتى,يعملون,0,0,plain,file
41:21,41,21,18,18,78,4.169925001442312,وقالوا,ترجعون,0,0,plain,file
41:22,41,22,20,18,84,4.1219280948873624,وما,تعملون,0,0,plain,file
41:23,41,23,9,9,46,3.169925001442312,وذلكم,الخاسرين,0,0,plain,file
41:24,41,24,11,11,48,3.4594316186372973,فإن,المعتبين,0,0,plain,file
41:25,41,25,25,23,99,4.483856189774725,وقيضنا,خاسرين,0,0,plain,file
41:26,41,26,11,11,52,3.4594316186372973,وقال,تغلبون,0,0,plain,file
41:27,41,27,10,10,55,3.3219280948873626,فلنذيقن,يعملون,0,0,plain,file
41:28,41,28,14,13,61,3.6644977792004614,ذلك,يجحدون,0,0,plain,file
41:29,41,29,16,15,79,3.875,وقال,الأسفلين,0,0,plain,file
41:30,41,30,19,19,93,4.247927513443585,إن,توعدون,0,0,plain,file
41:31,41,31,16,13,70,3.625,نحن,تدعون,0,0,plain,file
41:32,41,32,4,4,14,2.0,نزلا,رحيم,0,0,plain,file
41:33,41,33,13,13,51,3.7004397181410926,ومن,المسلمين,0,0,plain,file
41:34,41,34,17,16,71,3.9698157824268097,ولا,حميم,0,0,plain,file
41:35,41,35,11,8,42,2.913977073182752,وما,عظيم,0,0,plain,file
41:36,41,36,11,11,50,3.4594316186372973,وإما,العليم,0,0,plain,file
41:37,41,37,19,19,88,4.247927513443585,ومن,تعبدون,0,0,plain,file
41:38,41,38,12,12,55,3.584962500721156,فإن,يسأمون,0,0,plain,file
41:39,41,39,22,22,91,4.459431618637297,ومن,قدير,0,0,plain,file
41:40,41,40,26,25,101,4.623516641218015,إن,بصير,0,0,plain,file
41:41,41,41,9,9,39,3.169925001442312,إن,عزيز,0,0,plain,file
41:42,41,42,13,11,46,3.334679141051595,لا,حميد,0,0,plain,file
41:43,41,43,17,16,53,3.9698157824268097,ما,أليم,0,0,plain,file
41:44,41,44,30,30,129,4.906890595608519,ولو,بعيد,0,0,plain,file
41:45,41,45,18,18,72,4.169925001442312,ولقد,مريب,0,0,plain,file
41:46,41,46,11,11,46,3.4594316186372973,من,للعبيد,0,0,plain,file
41:47,41,47,28,24,107,4.450212064914747,إليه,شهيد,0,0,plain,file
41:48,41,48,12,10,40,3.2516291673878226,وضل,محيص,0,0,plain,file
41:49,41,49,11,11,43,3.4594316186372973,لا,قنوط,0,0,plain,file
41:50,41,50,32,29,130,4.8125,ولئن,غليظ,0,0,plain,file
41:51,41,51,13,12,56,3.546593564294939,وإذا,عريض,0,0,plain,file
41:52,41,52,17,16,51,3.9698157824268097,قل,بعيد,0,0,plain,file
41:53,41,53,19,18,73,4.142664355548848,سنريهم,شهيد,0,0,plain,file
41:54,41,54,12,11,39,3.4182958340544896,ألا,محيط,0,0,plain,file
42:1,42,1,5,5,21,2.321928094887362,بسم,حم,0,0,plain,file
42:2,42,2,1,1,3,-0.0,عسق,عسق,1,1,plain,file
42:3,42,3,10,10,43,3.3219280948873626,كذلك,الحكيم,0,0,plain,file
42:4,42,4,10,9,38,3.1219280948873624,له,العظيم,0,0,plain,file
42:5,42,5,19,19,90,4.247927513443585,تكاد,الرحيم,0,0,plain,file
42:6,42,6,12,11,53,3.4182958340544896,والذين,بوكيل,0,0,plain,file
42:7,42,7,22,21,90,4.3685225277282065,وكذلك,السعير,0,0,plain,file
42:8,42,8,19,18,71,4.142664355548848,ولو,نصير,0,0,plain,file
42:9,42,9,16,15,60,3.875,أم,قدير,0,0,plain,file
42:10,42,10,15,14,59,3.773557262275186,وما,أنيب,0,0,plain,file
42:11,42,11,19,18,89,4.142664355548848,فاطر,البصير,0,0,plain,file
42:12,42,12,13,13,56,3.7004397181410926,له,عليم,0,0,plain,file
42:13,42,13,38,31,152,4.839775539645508,شرع,ينيب,0,0,plain,file
42:14,42,14,30,27,114,4.681727678869737,وما,مريب,0,0,plain,file
42:15,42,15,34,31,149,4.888789679422002,فلذلك,المصير,0,0,plain,file
42:16,42,16,18,18,71,4.169925001442312,والذين,شديد,0,0,plain,file
42:17,42,17,11,11,52,3.4594316186372973,الله,قريب,0,0,plain,file
42:18,42,18,22,20,96,4.277613436819116,يستعجل,بعيد,0,0,plain,file
42:19,42,19,9,9,38,3.169925001442312,الله,العزيز,0,0,plain,file
42:20,42,20,22,15,75,3.823067982273661,من,نصيب,0,0,plain,file
42:21,42,21,22,20,84,4.243300368538958,أم,أليم,0,0,plain,file
42:22,42,22,24,24,107,4.584962500721156,ترى,الكبير,0,0,plain,file
42:23,42,23,29,28,118,4.789015477886192,ذلك,شكور,0,0,plain,file
42:24,42,24,22,19,91,4.152391277629866,أم,الصدور,0,0,plain,file
42:25,42,25,12,11,51,3.4182958340544896,وهو,تفعلون,0,0,plain,file
42:26,42,26,12,12,64,3.584962500721156,ويستجيب,شديد,0,0,plain,file
42:27,42,27,17,17,68,4.087462841250339,ولو,بصير,0,0,plain,file
42:28,42,28,13,12,52,3.546593564294939,وهو,الحميد,0,0,plain,file
42:29,42,29,16,16,63,4.0,ومن,قدير,0,0,plain,file
42:30,42,30,10,10,41,3.3219280948873626,وما,كثير,0,0,plain,file
42:31,42,31,14,12,48,3.521640636343318,وما,نصير,0,0,plain,file
42:32,42,32,6,6,29,2.584962500721156,ومن,كالأعلام,0,0,plain,file
42:33,42,33,15,14,55,3.773557262275186,إن,شكور,0,0,plain,file
42:34,42,34,7,7,26,2.8073549220576037,أو,كثير,0,0,plain,file
42:35,42,35,9,9,36,3.169925001442312,ويعلم,محيص,0,0,plain,file
42:36,42,36,17,17,74,4.087462841250339,فما,يتوكلون,0,0,plain,file
42:37,42,37,10,10,50,3.3219280948873626,والذين,يغفرون,0,0,plain,file
42:38,42,38,11,11,64,3.4594316186372973,والذين,ينفقون,0,0,plain,file
42:39,42,39,6,6,29,2.584962500721156,والذين,ينتصرون,0,0,plain,file
42:40,42,40,14,13,57,3.6644977792004614,وجزاء,الظالمين,0,0,plain,file
42:41,42,41,9,9,35,3.169925001442312,ولمن,سبيل,0,0,plain,file
42:42,42,42,15,15,66,3.906890595608519,إنما,أليم,0,0,plain,file
42:43,42,43,8,8,28,3.0,ولمن,الأمور,0,0,plain,file
42:44,42,44,20,18,72,4.0841837197791895,ومن,سبيل,0,0,plain,file
42:45,42,45,27,24,123,4.532665279941246,وتراهم,مقيم,0,0,plain,file
42:46,42,46,16,13,56,3.577819531114783,وما,سبيل,0,0,plain,file
42:47,42,47,21,17,68,3.916126946588284,استجيبوا,نكير,0,0,plain,file
42:48,42,48,27,25,115,4.60673935401532,فإن,كفور,0,0,plain,file
42:49,42,49,15,12,62,3.456564762130954,لله,الذكور,0,0,plain,file
42:50,42,50,11,11,47,3.4594316186372973,أو,قدير,0,0,plain,file
42:51,42,51,22,21,77,4.3685225277282065,وما,حكيم,0,0,plain,file
42:52,42,52,27,24,109,4.504706483564822,وكذلك,مستقيم,0,0,plain,file
42:53,42,53,15,13,56,3.640223928941852,صراط,الأمور,0,0,plain,file
43:1,43,1,5,5,21,2.321928094887362,بسم,حم,0,0,plain,file
43:2,43,2,2,2,13,1.0,والكتاب,المبين,0,0,plain,file
43:3,43,3,6,6,30,2.584962500721156,إنا,تعقلون,0,0,plain,file
43:4,43,4,7,7,27,2.8073549220576037,وإنه,حكيم,0,0,plain,file
43:5,43,5,8,8,35,3.0,أفنضرب,مسرفين,0,0,plain,file
43:6,43,6,6,6,23,2.584962500721156,وكم,الأولين,0,0,plain,file
43:7,43,7,8,8,32,3.0,وما,يستهزئون,0,0,plain,file
43:8,43,8,7,7,32,2.8073549220576037,فأهلكنا,الأولين,0,0,plain,file
43:9,43,9,10,10,52,3.3219280948873626,ولئن,العليم,0,0,plain,file
43:10,43,10,11,10,45,3.2776134368191157,الذي,تهتدون,0,0,plain,file
43:11,43,11,12,12,50,3.584962500721156,والذي,تخرجون,0,0,plain,file
43:12,43,12,11,11,49,3.4594316186372973,والذي,تركبون,0,0,plain,file
43:13,43,13,20,20,84,4.321928094887363,لتستووا,مقرنين,0,0,plain,file
43:14,43,14,4,4,19,2.0,وإنا,لمنقلبون,0,0,plain,file
43:15,43,15,9,9,37,3.169925001442312,وجعلوا,مبين,0,0,plain,file
43:16,43,16,7,7,31,2.8073549220576037,أم,بالبنين,0,0,plain,file
43:17,43,17,12,12,46,3.584962500721156,وإذا,كظيم,0,0,plain,file
43:18,43,18,9,8,34,2.94770277922009,أومن,مبين,0,0,plain,file
43:19,43,19,12,12,66,3.584962500721156,وجعلوا,ويسألون,0,0,plain,file
43:20,43,20,15,14,53,3.773557262275186,وقالوا,يخرصون,0,0,plain,file
43:21,43,21,8,8,33,3.0,أم,مستمسكون,0,0,plain,file
43:22,43,22,11,10,46,3.2776134368191157,بل,مهتدون,0,0,plain,file
43:23,43,23,21,19,83,4.20184123230257,وكذلك,مقتدون,0,0,plain,file
43:24,43,24,14,14,60,3.807354922057604,قال,كافرون,0,0,plain,file
43:25,43,25,7,7,36,2.8073549220576037,فانتقمنا,المكذبين,0,0,plain,file
43:26,43,26,9,9,40,3.169925001442312,وإذ,تعبدون,0,0,plain,file
43:27,43,27,5,5,22,2.321928094887362,إلا,سيهدين,0,0,plain,file
43:28,43,28,7,7,32,2.8073549220576037,وجعلها,يرجعون,0,0,plain,file
43:29,43,29,9,9,39,3.169925001442312,بل,مبين,0,0,plain,file
43:30,43,30,9,9,36,3.169925001442312,ولما,كافرون,0,0,plain,file
43:31,43,31,10,10,42,3.3219280948873626,وقالوا,عظيم,0,0,plain,file
43:32,43,32,25,23,111,4.483856189774725,أهم,يجمعون,0,0,plain,file
43:33,43,33,17,17,77,4.087462841250339,ولولا,يظهرون,0,0,plain,file
43:34,43,34,5,5,30,2.321928094887362,ولبيوتهم,يتكئون,0,0,plain,file
43:35,43,35,12,12,53,3.584962500721156,وزخرفا,للمتقين,0,0,plain,file
43:36,43,36,11,10,38,3.2776134368191157,ومن,قرين,0,0,plain,file
43:37,43,37,7,7,38,2.8073549220576037,وإنهم,مهتدون,0,0,plain,file
43:38,43,38,12,12,49,3.584962500721156,حتى,القرين,0,0,plain,file
43:39,43,39,9,9,40,3.169925001442312,ولن,مشتركون,0,0,plain,file
43:40,43,40,11,11,40,3.4594316186372973,أفأنت,مبين,0,0,plain,file
43:41,43,41,6,6,26,2.584962500721156,فإما,منتقمون,0,0,plain,file
43:42,43,42,7,7,34,2.8073549220576037,أو,مقتدرون,0,0,plain,file
43:43,43,43,8,8,36,3.0,فاستمسك,مستقيم,0,0,plain,file
43:44,43,44,6,6,26,2.584962500721156,وإنه,تسألون,0,0,plain,file
43:45,43,45,13,10,53,3.085055102756477,واسأل,يعبدون,0,0,plain,file
43:46,43,46,12,12,55,3.584962500721156,ولقد,العالمين,0,0,plain,file
43:47,43,47,7,7,31,2.8073549220576037,فلما,يضحكون,0,0,plain,file
43:48,43,48,13,12,55,3.546593564294939,وما,يرجعون,0,0,plain,file
43:49,43,49,12,12,47,3.584962500721156,وقالوا,لمهتدون,0,0,plain,file
43:50,43,50,7,7,30,2.8073549220576037,فلما,ينكثون,0,0,plain,file
43:51,43,51,18,18,67,4.169925001442312,ونادى,تبصرون,0,0,plain,file
43:52,43,52,11,11,34,3.4594316186372973,أم,يبين,0,0,plain,file
43:53,43,53,11,11,46,3.4594316186372973,فلولا,مقترنين,0,0,plain,file
43:54,43,54,7,7,36,2.8073549220576037,فاستخف,فاسقين,0,0,plain,file
43:55,43,55,6,6,36,2.584962500721156,فلما,أجمعين,0,0,plain,file
43:56,43,56,4,4,24,2.0,فجعلناهم,للآخرين,0,0,plain,file
43:57,43,57,9,9,33,3.169925001442312,ولما,يصدون,0,0,plain,file
43:58,43,58,14,14,48,3.807354922057604,وقالوا,خصمون,0,0,plain,file
43:59,43,59,10,10,42,3.3219280948873626,إن,إسرائيل,0,0,plain,file
43:60,43,60,8,8,36,3.0,ولو,يخلفون,0,0,plain,file
43:61,43,61,10,10,45,3.3219280948873626,وإنه,مستقيم,0,0,plain,file
43:62,43,62,7,7,29,2.8073549220576037,ولا,مبين,0,0,plain,file
43:63,43,63,17,17,79,4.087462841250339,ولما,وأطيعون,0,0,plain,file
43:64,43,64,9,9,36,3.169925001442312,إن,مستقيم,0,0,plain,file
43:65,43,65,11,10,47,3.2776134368191157,فاختلف,أليم,0,0,plain,file
43:66,43,66,10,10,40,3.3219280948873626,هل,يشعرون,0,0,plain,file
43:67,43,67,7,7,34,2.8073549220576037,الأخلاء,المتقين,0,0,plain,file
43:68,43,68,9,9,34,3.169925001442312,يا,تحزنون,0,0,plain,file
43:69,43,69,5,5,29,2.321928094887362,الذين,مسلمين,0,0,plain,file
43:70,43,70,5,5,29,2.321928094887362,ادخلوا,تحبرون,0,0,plain,file
43:71,43,71,15,15,69,3.906890595608519,يطاف,خالدون,0,0,plain,file
43:72,43,72,7,7,35,2.8073549220576037,وتلك,تعملون,0,0,plain,file
43:73,43,73,6,6,27,2.584962500721156,لكم,تأكلون,0,0,plain,file
43:74,43,74,6,6,26,2.584962500721156,إن,خالدون,0,0,plain,file
43:75,43,75,6,6,22,2.584962500721156,لا,مبلسون,0,0,plain,file
43:76,43,76,6,6,29,2.584962500721156,وما,الظالمين,0,0,plain,file
43:77,43,77,9,9,37,3.169925001442312,ونادوا,ماكثون,0,0,plain,file
43:78,43,78,7,7,34,2.8073549220576037,لقد,كارهون,0,0,plain,file
43:79,43,79,5,5,22,2.321928094887362,أم,مبرمون,0,0,plain,file
43:80,43,80,11,11,48,3.4594316186372973,أم,يكتبون,0,0,plain,file
43:81,43,81,8,8,31,3.0,قل,العابدين,0,0,plain,file
43:82,43,82,8,7,36,2.75,سبحان,يصفون,0,0,plain,file
43:83,43,83,8,8,42,3.0,فذرهم,يوعدون,0,0,plain,file
43:84,43,84,11,9,44,3.095795255000934,وهو,العليم,0,0,plain,file
43:85,43,85,13,13,63,3.7004397181410926,وتبارك,ترجعون,0,0,plain,file
43:86,43,86,13,12,52,3.546593564294939,ولا,يعلمون,0,0,plain,file
43:87,43,87,8,8,37,3.0,ولئن,يؤفكون,0,0,plain,file
43:88,43,88,8,8,27,3.0,وقيله,يؤمنون,0,0,plain,file
43:89,43,89,6,6,26,2.584962500721156,فاصفح,يعلمون,0,0,plain,file
44:1,44,1,5,5,21,2.321928094887362,بسم,حم,0,0,plain,file
44:2,44,2,2,2,13,1.0,والكتاب,المبين,0,0,plain,file
44:3,44,3,8,7,34,2.75,إنا,منذرين,0,0,plain,file
44:4,44,4,5,5,17,2.321928094887362,فيها,حكيم,0,0,plain,file
44:5,44,5,6,6,23,2.584962500721156,أمرا,مرسلين,0,0,plain,file
44:6,44,6,7,7,26,2.8073549220576037,رحمة,العليم,0,0,plain,file
44:7,44,7,8,8,37,3.0,رب,موقنين,0,0,plain,file
44:8,44,8,10,10,39,3.3219280948873626,لا,الأولين,0,0,plain,file
44:9,44,9,5,5,14,2.321928094887362,بل,يلعبون,0,0,plain,file
44:10,44,10,6,6,28,2.584962500721156,فارتقب,مبين,0,0,plain,file
44:11,44,11,5,5,20,2.321928094887362,يغشى,أليم,0,0,plain,file
44:12,44,12,6,6,26,2.584962500721156,ربنا,مؤمنون,0,0,plain,file
44:13,44,13,7,7,28,2.8073549220576037,أنى,مبين,0,0,plain,file
44:14,44,14,6,6,25,2.584962500721156,ثم,مجنون,0,0,plain,file
44:15,44,15,6,6,29,2.584962500721156,إنا,عائدون,0,0,plain,file
44:16,44,16,6,6,29,2.584962500721156,يوم,منتقمون,0,0,plain,file
44:17,44,17,8,8,35,3.0,ولقد,كريم,0,0,plain,file
44:18,44,18,9,9,31,3.169925001442312,أن,أمين,0,0,plain,file
44:19,44,19,9,9,35,3.169925001442312,وأن,مبين,0,0,plain,file
44:20,44,20,6,6,24,2.584962500721156,وإني,ترجمون,0,0,plain,file
44:21,44,21,5,5,21,2.321928094887362,وإن,فاعتزلون,0,0,plain,file
44:22,44,22,6,6,23,2.584962500721156,فدعا,مجرمون,0,0,plain,file
44:23,44,23,5,5,24,2.321928094887362,فأسر,متبعون,0,0,plain,file
44:24,44,24,6,6,27,2.584962500721156,واترك,مغرقون,0,0,plain,file
44:25,44,25,5,5,18,2.321928094887362,كم,وعيون,0,0,plain,file
44:26,44,26,3,3,14,1.584962500721156,وزروع,كريم,0,0,plain,file
44:27,44,27,4,4,20,2.0,ونعمة,فاكهين,0,0,plain,file
44:28,44,28,4,4,22,2.0,كذلك,آخرين,0,0,plain,file
44:29,44,29,8,8,37,3.0,فما,منظرين,0,0,plain,file
44:30,44,30,7,7,33,2.8073549220576037,ولقد,المهين,0,0,plain,file
44:31,44,31,7,6,28,2.521640636343318,من,المسرفين,0,0,plain,file
44:32,44,32,6,5,29,2.2516291673878226,ولقد,العالمين,0,0,plain,file
44:33,44,33,7,7,29,2.8073549220576037,وآتيناهم,مبين,0,0,plain,file
44:34,44,34,3,3,14,1.584962500721156,إن,ليقولون,0,0,plain,file
44:35,44,35,8,8,32,3.0,إن,بمنشرين,0,0,plain,file
44:36,44,36,5,5,24,2.321928094887362,فأتوا,صادقين,0,0,plain,file
44:37,44,37,12,12,50,3.584962500721156,أهم,مجرمين,0,0,plain,file
44:38,44,38,7,6,37,2.521640636343318,وما,لاعبين,0,0,plain,file
44:39,44,39,8,8,36,3.0,ما,يعلمون,0,0,plain,file
44:40,44,40,5,5,23,2.321928094887362,إن,أجمعين,0,0,plain,file
44:41,44,41,10,9,34,3.1219280948873624,يوم,ينصرون,0,0,plain,file
44:42,44,42,8,8,29,3.0,إلا,الرحيم,0,0,plain,file
44:43,44,43,3,3,12,1.584962500721156,إن,الزقوم,0,0,plain,file
44:44,44,44,2,2,10,1.0,طعام,الأثيم,0,0,plain,file
44:45,44,45,4,4,18,2.0,كالمهل,البطون,0,0,plain,file
44:46,44,46,2,2,10,1.0,كغلي,الحميم,0,0,plain,file
44:47,44,47,5,5,24,2.321928094887362,خذوه,الجحيم,0,0,plain,file
44:48,44,48,7,7,25,2.8073549220576037,ثم,الحميم,0,0,plain,file
44:49,44,49,5,5,20,2.321928094887362,ذق,الكريم,0,0,plain,file
44:50,44,50,6,6,19,2.584962500721156,إن,تمترون,0,0,plain,file
44:51,44,51,5,5,19,2.321928094887362,إن,أمين,0,0,plain,file
44:52,44,52,3,3,11,1.584962500721156,في,وعيون,0,0,plain,file
44:53,44,53,5,5,27,2.321928094887362,يلبسون,متقابلين,0,0,plain,file
44:54,44,54,4,4,19,2.0,كذلك,عين,0,0,plain,file
44:55,44,55,5,5,22,2.321928094887362,يدعون,آمنين,0,0,plain,file
44:56,44,56,10,10,48,3.3219280948873626,لا,الجحيم,0,0,plain,file
44:57,44,57,7,7,25,2.8073549220576037,فضلا,العظيم,0,0,plain,file
44:58,44,58,5,5,29,2.321928094887362,فإنما,يتذكرون,0,0,plain,file
44:59,44,59,3,3,17,1.584962500721156,فارتقب,مرتقبون,0,0,plain,file
45:1,45,1,5,5,21,2.321928094887362,بسم,حم,0,0,plain,file
45:2,45,2,6,6,29,2.584962500721156,تنزيل,الحكيم,0,0,plain,file
45:3,45,3,6,6,31,2.584962500721156,إن,للمؤمنين,0,0,plain,file
45:4,45,4,9,9,34,3.169925001442312,وفي,يوقنون,0,0,plain,file
45:5,45,5,20,19,89,4.221928094887363,واختلاف,يعقلون,0,0,plain,file
45:6,45,6,12,11,53,3.4182958340544896,تلك,يؤمنون,0,0,plain,file
45:7,45,7,4,4,14,2.0,ويل,أثيم,0,0,plain,file
45:8,45,8,14,14,57,3.807354922057604,يسمع,أليم,0,0,plain,file
45:9,45,9,11,11,45,3.4594316186372973,وإذا,مهين,0,0,plain,file
45:10,45,10,19,16,72,3.9321380397593746,من,عظيم,0,0,plain,file
45:11,45,11,11,11,42,3.4594316186372973,هذا,أليم,0,0,plain,file
45:12,45,12,14,14,63,3.807354922057604,الله,تشكرون,0,0,plain,file
45:13,45,13,16,14,60,3.702819531114783,وسخر,يتفكرون,0,0,plain,file
45:14,45,14,14,13,61,3.6644977792004614,قل,يكسبون,0,0,plain,file
45:15,45,15,11,11,44,3.4594316186372973,من,ترجعون,0,0,plain,file
45:16,45,16,13,13,74,3.7004397181410926,ولقد,العالمين,0,0,plain,file
45:17,45,17,24,22,102,4.418295834054489,وآتيناهم,يختلفون,0,0,plain,file
45:18,45,18,13,13,55,3.7004397181410926,ثم,يعلمون,0,0,plain,file
45:19,45,19,15,15,64,3.906890595608519,إنهم,المتقين,0,0,plain,file
45:20,45,20,7,7,32,2.8073549220576037,هذا,يوقنون,0,0,plain,file
45:21,45,21,17,17,85,4.087462841250339,أم,يحكمون,0,0,plain,file
45:22,45,22,13,13,56,3.7004397181410926,وخلق,يظلمون,0,0,plain,file
45:23,45,23,24,20,94,4.220175521464345,أفرأيت,تذكرون,0,0,plain,file
45:24,45,24,21,18,78,4.070656113151928,وقالوا,يظنون,0,0,plain,file
45:25,45,25,16,16,68,4.0,وإذا,صادقين,0,0,plain,file
45:26,45,26,18,16,70,3.94770277922009,قل,يعلمون,0,0,plain,file
45:27,45,27,10,10,52,3.3219280948873626,ولله,المبطلون,0,0,plain,file
45:28,45,28,14,12,54,3.521640636343318,وترى,تعملون,0,0,plain,file
45:29,45,29,11,11,47,3.4594316186372973,هذا,تعملون,0,0,plain,file
45:30,45,30,13,13,62,3.7004397181410926,فأما,المبين,0,0,plain,file
45:31,45,31,12,12,59,3.584962500721156,وأما,مجرمين,0,0,plain,file
45:32,45,32,22,20,78,4.277613436819116,وإذا,بمستيقنين,0,0,plain,file
45:33,45,33,11,10,43,3.2776134368191157,وبدا,يستهزئون,0,0,plain,file
45:34,45,34,14,14,61,3.807354922057604,وقيل,ناصرين,0,0,plain,file
45:35,45,35,16,16,76,4.0,ذلكم,يستعتبون,0,0,plain,file
45:36,45,36,8,7,37,2.75,فلله,العالمين,0,0,plain,file
45:37,45,37,8,8,42,3.0,وله,الحكيم,0,0,plain,file
46:1,46,1,5,5,21,2.321928094887362,بسم,حم,0,0,plain,file
46:2,46,2,6,6,29,2.584962500721156,تنزيل,الحكيم,0,0,plain,file
46:3,46,3,15,15,72,3.906890595608519,ما,معرضون,0,0,plain,file
46:4,46,4,29,26,106,4.582118926162054,قل,صادقين,0,0,plain,file
46:5,46,5,18,17,64,4.058813890331201,ومن,غافلون,0,0,plain,file
46:6,46,6,9,9,45,3.169925001442312,وإذا,كافرين,0,0,plain,file
46:7,46,7,14,14,59,3.807354922057604,وإذا,مبين,0,0,plain,file
46:8,46,8,25,25,99,4.643856189774724,أم,الرحيم,0,0,plain,file
46:9,46,9,24,20,74,4.220175521464345,قل,مبين,0,0,plain,file
46:10,46,10,24,21,95,4.334962500721156,قل,الظالمين,0,0,plain,file
46:11,46,11,19,19,76,4.247927513443585,وقال,قديم,0,0,plain,file
46:12,46,12,16,15,75,3.875,ومن,للمحسنين,0,0,plain,file
46:13,46,13,13,13,52,3.7004397181410926,إن,يحزنون,0,0,plain,file
46:14,46,14,9,9,43,3.169925001442312,أولئك,يعملون,0,0,plain,file
46:15,46,15,45,44,193,5.4474086518852305,ووصينا,المسلمين,0,0,plain,file
46:16,46,16,18,18,81,4.169925001442312,أولئك,يوعدون,0,0,plain,file
46:17,46,17,28,27,113,4.735926350629033,والذي,الأولين,0,0,plain,file
46:18,46,18,17,16,66,3.9698157824268097,أولئك,خاسرين,0,0,plain,file
46:19,46,19,9,9,43,3.169925001442312,ولكل,يظلمون,0,0,plain,file
46:20,46,20,27,25,129,4.60673935401532,ويوم,تفسقون,0,0,plain,file
46:21,46,21,25,25,95,4.643856189774724,واذكر,عظيم,0,0,plain,file
46:22,46,22,12,12,54,3.584962500721156,قالوا,الصادقين,0,0,plain,file
46:23,46,23,13,13,55,3.7004397181410926,قال,تجهلون,0,0,plain,file
46:24,46,24,18,18,75,4.169925001442312,فلما,أليم,0,0,plain,file
46:25,46,25,14,14,60,3.807354922057604,تدمر,المجرمين,0,0,plain,file
46:26,46,26,32,30,138,4.875,ولقد,يستهزئون,0,0,plain,file
46:27,46,27,10,10,47,3.3219280948873626,ولقد,يرجعون,0,0,plain,file
46:28,46,28,17,17,73,4.087462841250339,فلولا,يفترون,0,0,plain,file
46:29,46,29,18,17,80,4.058813890331201,وإذ,منذرين,0,0,plain,file
46:30,46,30,20,20,78,4.321928094887363,قالوا,مستقيم,0,0,plain,file
46:31,46,31,15,14,60,3.773557262275186,يا,أليم,0,0,plain,file
46:32,46,32,18,17,65,4.058813890331201,ومن,مبين,0,0,plain,file
46:33,46,33,22,20,85,4.277613436819116,أولم,قدير,0,0,plain,file
46:34,46,34,18,18,79,4.169925001442312,ويوم,تكفرون,0,0,plain,file
46:35,46,35,27,25,107,4.60673935401532,فاصبر,الفاسقون,0,0,plain,file
47:1,47,1,12,11,54,3.4182958340544896,بسم,أعمالهم,0,0,plain,file
47:2,47,2,18,18,81,4.169925001442312,والذين,بالهم,0,0,plain,file
47:3,47,3,18,16,81,3.94770277922009,ذلك,أمثالهم,0,0,plain,file
47:4,47,4,38,36,167,5.142664355548849,فإذا,أعمالهم,0,0,plain,file
47:5,47,5,3,3,17,1.584962500721156,سيهديهم,بالهم,0,0,plain,file
47:6,47,6,4,4,20,2.0,ويدخلهم,لهم,0,0,plain,file
47:7,47,7,10,10,46,3.3219280948873626,يا,أقدامكم,0,0,plain,file
47:8,47,8,6,6,30,2.584962500721156,والذين,أعمالهم,0,0,plain,file
47:9,47,9,8,8,35,3.0,ذلك,أعمالهم,0,0,plain,file
47:10,47,10,16,16,75,4.0,أفلم,أمثالها,0,0,plain,file
47:11,47,11,11,10,44,3.2776134368191157,ذلك,لهم,0,0,plain,file
47:12,47,12,22,22,108,4.459431618637297,إن,لهم,0,0,plain,file
47:13,47,13,14,13,54,3.6644977792004614,وكأين,لهم,0,0,plain,file
47:14,47,14,13,13,48,3.7004397181410926,أفمن,أهواءهم,0,0,plain,file
47:15,47,15,44,35,172,4.907962016217061,مثل,أمعاءهم,0,0,plain,file
47:16,47,16,24,23,104,4.501629167387822,ومنهم,أهواءهم,0,0,plain,file
47:17,47,17,6,6,32,2.584962500721156,والذين,تقواهم,0,0,plain,file
47:18,47,18,15,15,65,3.906890595608519,فهل,ذكراهم,0,0,plain,file
47:19,47,19,14,14,73,3.807354922057604,فاعلم,ومثواكم,0,0,plain,file
47:20,47,20,27,25,117,4.60673935401532,ويقول,لهم,0,0,plain,file
47:21,47,21,12,12,48,3.584962500721156,طاعة,لهم,0,0,plain,file
47:22,47,22,10,10,45,3.3219280948873626,فهل,أرحامكم,0,0,plain,file
47:23,47,23,7,7,37,2.8073549220576037,أولئك,أبصارهم,0,0,plain,file
47:24,47,24,7,7,33,2.8073549220576037,أفلا,أقفالها,0,0,plain,file
47:25,47,25,16,14,63,3.702819531114783,إن,لهم,0,0,plain,file
47:26,47,26,15,15,65,3.906890595608519,ذلك,إسرارهم,0,0,plain,file
47:27,47,27,7,7,41,2.8073549220576037,فكيف,وأدبارهم,0,0,plain,file
47:28,47,28,10,10,48,3.3219280948873626,ذلك,أعمالهم,0,0,plain,file
47:29,47,29,11,11,40,3.4594316186372973,أم,أضغانهم,0,0,plain,file
47:30,47,30,12,12,66,3.584962500721156,ولو,أعمالكم,0,0,plain,file
47:31,47,31,8,8,50,3.0,ولنبلونكم,أخباركم,0,0,plain,file
47:32,47,32,21,20,86,4.297079327540665,إن,أعمالهم,0,0,plain,file
47:33,47,33,11,11,55,3.4594316186372973,يا,أعمالكم,0,0,plain,file
47:34,47,34,15,14,55,3.773557262275186,إن,لهم,0,0,plain,file
47:35,47,35,12,12,58,3.584962500721156,فلا,أعمالكم,0,0,plain,file
47:36,47,36,13,13,65,3.7004397181410926,إنما,أموالكم,0,0,plain,file
47:37,47,37,6,6,35,2.584962500721156,إن,أضغانكم,0,0,plain,file
47:38,47,38,30,28,129,4.748394345536403,ها,أمثالكم,0,0,plain,file
48:1,48,1,9,9,38,3.169925001442312,بسم,مبينا,0,0,plain,file
48:2,48,2,15,15,61,3.906890595608519,ليغفر,مستقيما,0,0,plain,file
48:3,48,3,4,4,19,2.0,وينصرك,عزيزا,0,0,plain,file
48:4,48,4,19,19,94,4.247927513443585,هو,حكيما,0,0,plain,file
48:5,48,5,19,19,93,4.247927513443585,ليدخل,عظيما,0,0,plain,file
48:6,48,6,21,19,116,4.20184123230257,ويعذب,مصيرا,0,0,plain,file
48:7,48,7,8,8,40,3.0,ولله,حكيما,0,0,plain,file
48:8,48,8,5,5,27,2.321928094887362,إنا,ونذيرا,0,0,plain,file
48:9,48,9,8,8,49,3.0,لتؤمنوا,وأصيلا,0,0,plain,file
48:10,48,10,25,23,105,4.453660689688186,إن,عظيما,0,0,plain,file
48:11,48,11,37,33,151,4.993237149412734,سيقول,خبيرا,0,0,plain,file
48:12,48,12,20,20,85,4.321928094887363,بل,بورا,0,0,plain,file
48:13,48,13,9,9,43,3.169925001442312,ومن,سعيرا,0,0,plain,file
48:14,48,14,14,13,61,3.6644977792004614,ولله,رحيما,0,0,plain,file
48:15,48,15,31,29,141,4.825164052322358,سيقول,قليلا,0,0,plain,file
48:16,48,16,28,27,124,4.735926350629033,قل,أليما,0,0,plain,file
48:17,48,17,27,21,110,4.254525464966174,ليس,أليما,0,0,plain,file
48:18,48,18,19,19,86,4.247927513443585,لقد,قريبا,0,0,plain,file
48:19,48,19,7,7,37,2.8073549220576037,ومغانم,حكيما,0,0,plain,file
48:20,48,20,18,18,89,4.169925001442312,وعدكم,مستقيما,0,0,plain,file
48:21,48,21,14,13,52,3.6644977792004614,وأخرى,قديرا,0,0,plain,file
48:22,48,22,12,12,52,3.584962500721156,ولو,نصيرا,0,0,plain,file
48:23,48,23,12,11,41,3.4182958340544896,سنة,تبديلا,0,0,plain,file
48:24,48,24,19,19,77,4.247927513443585,وهو,بصيرا,0,0,plain,file
48:25,48,25,40,36,179,5.1219280948873624,هم,أليما,0,0,plain,file
48:26,48,26,28,27,130,4.735926350629033,إذ,عليما,0,0,plain,file
48:27,48,27,28,27,120,4.735926350629033,لقد,قريبا,0,0,plain,file
48:28,48,28,14,14,60,3.807354922057604,هو,شهيدا,0,0,plain,file
48:29,48,29,54,47,249,5.467669446527784,محمد,عظيما,0,0,plain,file
49:1,49,1,20,17,83,3.9219280948873627,بسم,عليم,0,0,plain,file
49:2,49,2,23,22,98,4.436605434317883,يا,تشعرون,0,0,plain,file
49:3,49,3,17,15,77,3.85216872360328,إن,عظيم,0,0,plain,file
49:4,49,4,9,9,41,3.169925001442312,إن,يعقلون,0,0,plain,file
49:5,49,5,12,12,48,3.584962500721156,ولو,رحيم,0,0,plain,file
49:6,49,6,18,18,79,4.169925001442312,يا,نادمين,0,0,plain,file
49:7,49,7,28,25,127,4.59306920777189,واعلموا,الراشدون,0,0,plain,file
49:8,49,8,7,7,28,2.8073549220576037,فضلا,حكيم,0,0,plain,file
49:9,49,9,30,26,144,4.640223928941852,وإن,المقسطين,0,0,plain,file
49:10,49,10,10,10,53,3.3219280948873626,إنما,ترحمون,0,0,plain,file
49:11,49,11,40,32,159,4.903055907333276,يا,الظالمون,0,0,plain,file
49:12,49,12,32,28,129,4.75,يا,رحيم,0,0,plain,file
49:13,49,13,21,19,93,4.20184123230257,يا,خبير,0,0,plain,file
49:14,49,14,27,26,116,4.680813428089394,قالت,رحيم,0,0,plain,file
49:15,49,15,18,18,91,4.169925001442312,إنما,الصادقون,0,0,plain,file
49:16,49,16,16,14,65,3.75,قل,عليم,0,0,plain,file
49:17,49,17,19,18,76,4.142664355548848,يمنون,صادقين,0,0,plain,file
49:18,49,18,10,10,45,3.3219280948873626,إن,تعملون,0,0,plain,file
50:1,50,1,7,7,33,2.8073549220576037,بسم,المجيد,0,0,plain,file
50:2,50,2,11,11,44,3.4594316186372973,بل,عجيب,0,0,plain,file
50:3,50,3,7,7,27,2.8073549220576037,أإذا,بعيد,0,0,plain,file
50:4,50,4,9,9,36,3.169925001442312,قد,حفيظ,0,0,plain,file
50:5,50,5,9,9,32,3.169925001442312,بل,مريج,0,0,plain,file
50:6,50,6,12,12,53,3.584962500721156,أفلم,فروج,0,0,plain,file
50:7,50,7,11,10,51,3.2776134368191157,والأرض,بهيج,0,0,plain,file
50:8,50,8,5,5,20,2.321928094887362,تبصرة,منيب,0,0,plain,file
50:9,50,9,10,10,45,3.3219280948873626,ونزلنا,الحصيد,0,0,plain,file
50:10,50,10,5,5,22,2.321928094887362,والنخل,نضيد,0,0,plain,file
50:11,50,11,8,8,37,3.0,رزقا,الخروج,0,0,plain,file
50:12,50,12,7,7,30,2.8073549220576037,كذبت,وثمود,0,0,plain,file
50:13,50,13,4,4,19,2.0,وعاد,لوط,0,0,plain,file
50:14,50,14,9,9,36,3.169925001442312,وأصحاب,وعيد,0,0,plain,file
50:15,50,15,10,10,36,3.3219280948873626,أفعيينا,جديد,0,0,plain,file
50:16,50,16,14,14,57,3.807354922057604,ولقد,الوريد,0,0,plain,file
50:17,50,17,8,8,37,3.0,إذ,قعيد,0,0,plain,file
50:18,50,18,8,8,26,3.0,ما,عتيد,0,0,plain,file
50:19,50,19,9,9,34,3.169925001442312,وجاءت,تحيد,0,0,plain,file
50:20,50,20,6,6,23,2.584962500721156,ونفخ,الوعيد,0,0,plain,file
50:21,50,21,6,6,23,2.584962500721156,وجاءت,وشهيد,0,0,plain,file
50:22,50,22,12,12,45,3.584962500721156,لقد,حديد,0,0,plain,file
50:23,50,23,6,6,21,2.584962500721156,وقال,عتيد,0,0,plain,file
50:24,50,24,6,6,21,2.584962500721156,ألقيا,عنيد,0,0,plain,file
50:25,50,25,4,4,17,2.0,مناع,مريب,0,0,plain,file
50:26,50,26,10,10,41,3.3219280948873626,الذي,الشديد,0,0,plain,file
50:27,50,27,10,10,37,3.3219280948873626,قال,بعيد,0,0,plain,file
50:28,50,28,8,8,34,3.0,قال,بالوعيد,0,0,plain,file
50:29,50,29,8,8,31,3.0,ما,للعبيد,0,0,plain,file
50:30,50,30,9,8,33,2.94770277922009,يوم,مزيد,0,0,plain,file
50:31,50,31,5,5,25,2.321928094887362,وأزلفت,بعيد,0,0,plain,file
50:32,50,32,6,6,22,2.584962500721156,هذا,حفيظ,0,0,plain,file
50:33,50,33,7,7,29,2.8073549220576037,من,منيب,0,0,plain,file
50:34,50,34,5,5,24,2.321928094887362,ادخلوها,الخلود,0,0,plain,file
50:35,50,35,6,6,25,2.584962500721156,لهم,مزيد,0,0,plain,file
50:36,50,36,15,14,54,3.773557262275186,وكم,محيص,0,0,plain,file
50:37,50,37,13,13,41,3.7004397181410926,إن,شهيد,0,0,plain,file
50:38,50,38,13,12,54,3.546593564294939,ولقد,لغوب,0,0,plain,file
50:39,50,39,12,12,49,3.584962500721156,فاصبر,الغروب,0,0,plain,file
50:40,50,40,5,5,25,2.321928094887362,ومن,السجود,0,0,plain,file
50:41,50,41,7,7,29,2.8073549220576037,واستمع,قريب,0,0,plain,file
50:42,50,42,7,6,32,2.521640636343318,يوم,الخروج,0,0,plain,file
50:43,50,43,6,6,27,2.584962500721156,إنا,المصير,0,0,plain,file
50:44,50,44,9,9,36,3.169925001442312,يوم,يسير,0,0,plain,file
50:45,50,45,13,13,53,3.7004397181410926,نحن,وعيد,0,0,plain,file
51:1,51,1,6,6,32,2.584962500721156,بسم,ذروا,0,0,plain,file
51:2,51,2,2,2,13,1.0,فالحاملات,وقرا,0,0,plain,file
51:3,51,3,2,2,13,1.0,فالجاريات,يسرا,0,0,plain,file
51:4,51,4,2,2,13,1.0,فالمقسمات,أمرا,0,0,plain,file
51:5,51,5,3,3,15,1.584962500721156,إنما,لصادق,0,0,plain,file
51:6,51,6,3,3,13,1.584962500721156,وإن,لواقع,0,0,plain,file
51:7,51,7,3,3,15,1.584962500721156,والسماء,الحبك,0,0,plain,file
51:8,51,8,4,4,15,2.0,إنكم,مختلف,0,0,plain,file
51:9,51,9,4,4,12,2.0,يؤفك,أفك,0,0,plain,file
51:10,51,10,2,2,11,1.0,قتل,الخراصون,0,0,plain,file
51:11,51,11,5,5,18,2.321928094887362,الذين,ساهون,0,0,plain,file
51:12,51,12,4,4,18,2.0,يسألون,الدين,0,0,plain,file
51:13,51,13,5,5,19,2.321928094887362,يوم,يفتنون,0,0,plain,file
51:14,51,14,7,7,32,2.8073549220576037,ذوقوا,تستعجلون,0,0,plain,file
51:15,51,15,5,5,20,2.321928094887362,إن,وعيون,0,0,plain,file
51:16,51,16,9,9,37,3.169925001442312,آخذين,محسنين,0,0,plain,file
51:17,51,17,6,6,25,2.584962500721156,كانوا,يهجعون,0,0,plain,file
51:18,51,18,3,3,19,1.584962500721156,وبالأسحار,يستغفرون,0,0,plain,file
51:19,51,19,5,5,26,2.321928094887362,وفي,والمحروم,0,0,plain,file
51:20,51,20,4,4,20,2.0,وفي,للموقنين,0,0,plain,file
51:21,51,21,4,4,19,2.0,وفي,تبصرون,0,0,plain,file
51:22,51,22,5,5,23,2.321928094887362,وفي,توعدون,0,0,plain,file
51:23,51,23,9,9,37,3.169925001442312,فورب,تنطقون,0,0,plain,file
51:24,51,24,6,6,28,2.584962500721156,هل,المكرمين,0,0,plain,file
51:25,51,25,9,9,38,3.169925001442312,إذ,منكرون,0,0,plain,file
51:26,51,26,6,6,23,2.584962500721156,فراغ,سمين,0,0,plain,file
51:27,51,27,5,5,22,2.321928094887362,فقربه,تأكلون,0,0,plain,file
51:28,51,28,9,9,38,3.169925001442312,فأوجس,عليم,0,0,plain,file
51:29,51,29,9,9,39,3.169925001442312,فأقبلت,عقيم,0,0,plain,file
51:30,51,30,8,8,32,3.0,قالوا,العليم,0,0,plain,file
51:31,51,31,5,5,23,2.321928094887362,قال,المرسلون,0,0,plain,file
51:32,51,32,6,6,26,2.584962500721156,قالوا,مجرمين,0,0,plain,file
51:33,51,33,5,5,20,2.321928094887362,لنرسل,طين,0,0,plain,file
51:34,51,34,4,4,19,2.0,مسومة,للمسرفين,0,0,plain,file
51:35,51,35,6,5,26,2.2516291673878226,فأخرجنا,المؤمنين,0,0,plain,file
51:36,51,36,7,7,28,2.8073549220576037,فما,المسلمين,0,0,plain,file
51:37,51,37,7,7,36,2.8073549220576037,وتركنا,الأليم,0,0,plain,file
51:38,51,38,8,8,34,3.0,وفي,مبين,0,0,plain,file
51:39,51,39,6,6,25,2.584962500721156,فتولى,مجنون,0,0,plain,file
51:40,51,40,7,7,34,2.8073549220576037,فأخذناه,مليم,0,0,plain,file
51:41,51,41,7,7,30,2.8073549220576037,وفي,العقيم,0,0,plain,file
51:42,51,42,9,9,32,3.169925001442312,ما,كالرميم,0,0,plain,file
51:43,51,43,8,8,27,3.0,وفي,حين,0,0,plain,file
51:44,51,44,8,8,37,3.0,فعتوا,ينظرون,0,0,plain,file
51:45,51,45,7,7,32,2.8073549220576037,فما,منتصرين,0,0,plain,file
51:46,51,46,8,8,31,3.0,وقوم,فاسقين,0,0,plain,file
51:47,51,47,5,5,29,2.321928094887362,والسماء,لموسعون,0,0,plain,file
51:48,51,48,4,4,25,2.0,والأرض,الماهدون,0,0,plain,file
51:49,51,49,7,7,29,2.8073549220576037,ومن,تذكرون,0,0,plain,file
51:50,51,50,8,8,29,3.0,ففروا,مبين,0,0,plain,file
51:51,51,51,11,11,39,3.4594316186372973,ولا,مبين,0,0,plain,file
51:52,51,52,13,12,46,3.546593564294939,كذلك,مجنون,0,0,plain,file
51:53,51,53,6,6,21,2.584962500721156,أتواصوا,طاغون,0,0,plain,file
51:54,51,54,5,5,19,2.321928094887362,فتول,بملوم,0,0,plain,file
51:55,51,55,5,5,25,2.321928094887362,وذكر,المؤمنين,0,0,plain,file
51:56,51,56,6,6,27,2.584962500721156,وما,ليعبدون,0,0,plain,file
51:57,51,57,9,8,30,2.94770277922009,ما,يطعمون,0,0,plain,file
51:58,51,58,7,7,27,2.8073549220576037,إن,المتين,0,0,plain,file
51:59,51,59,9,9,43,3.169925001442312,فإن,يستعجلون,0,0,plain,file
51:60,51,60,7,7,31,2.8073549220576037,فويل,يوعدون,0,0,plain,file
52:1,52,1,5,5,25,2.321928094887362,بسم,والطور,0,0,plain,file
52:2,52,2,2,2,10,1.0,وكتاب,مسطور,0,0,plain,file
52:3,52,3,3,3,9,1.584962500721156,في,منشور,0,0,plain,file
52:4,52,4,2,2,13,1.0,والبيت,المعمور,0,0,plain,file
52:5,52,5,2,2,13,1.0,والسقف,المرفوع,0,0,plain,file
52:6,52,6,2,2,13,1.0,والبحر,المسجور,0,0,plain,file
52:7,52,7,4,4,14,2.0,إن,لواقع,0,0,plain,file
52:8,52,8,4,4,10,2.0,ما,دافع,0,0,plain,file
52:9,52,9,4,4,17,2.0,يوم,مورا,0,0,plain,file
52:10,52,10,3,3,15,1.584962500721156,وتسير,سيرا,0,0,plain,file
52:11,52,11,3,3,17,1.584962500721156,فويل,للمكذبين,0,0,plain,file
52:12,52,12,5,5,18,2.321928094887362,الذين,يلعبون,0,0,plain,file
52:13,52,13,6,6,21,2.584962500721156,يوم,دعا,0,0,plain,file
52:14,52,14,6,6,25,2.584962500721156,هذه,تكذبون,0,0,plain,file
52:15,52,15,6,6,22,2.584962500721156,أفسحر,تبصرون,0,0,plain,file
52:16,52,16,12,12,53,3.584962500721156,اصلوها,تعملون,0,0,plain,file
52:17,52,17,5,5,20,2.321928094887362,إن,ونعيم,0,0,plain,file
52:18,52,18,8,7,38,2.75,فاكهين,الجحيم,0,0,plain,file
52:19,52,19,6,6,29,2.584962500721156,كلوا,تعملون,0,0,plain,file
52:20,52,20,7,7,33,2.8073549220576037,متكئين,عين,0,0,plain,file
52:21,52,21,19,17,84,4.037401197654112,والذين,رهين,0,0,plain,file
52:22,52,22,5,5,28,2.321928094887362,وأمددناهم,يشتهون,0,0,plain,file
52:23,52,23,8,7,33,2.75,يتنازعون,تأثيم,0,0,plain,file
52:24,52,24,7,7,32,2.8073549220576037,ويطوف,مكنون,0,0,plain,file
52:25,52,25,5,5,24,2.321928094887362,وأقبل,يتساءلون,0,0,plain,file
52:26,52,26,7,7,27,2.8073549220576037,قالوا,مشفقين,0,0,plain,file
52:27,52,27,6,6,28,2.584962500721156,فمن,السموم,0,0,plain,file
52:28,52,28,9,9,31,3.169925001442312,إنا,الرحيم,0,0,plain,file
52:29,52,29,8,8,31,3.0,فذكر,مجنون,0,0,plain,file
52:30,52,30,7,7,28,2.8073549220576037,أم,المنون,0,0,plain,file
52:31,52,31,6,6,27,2.584962500721156,قل,المتربصين,0,0,plain,file
52:32,52,32,8,7,31,2.75,أم,طاغون,0,0,plain,file
52:33,52,33,6,6,23,2.584962500721156,أم,يؤمنون,0,0,plain,file
52:34,52,34,6,6,29,2.584962500721156,فليأتوا,صادقين,0,0,plain,file
52:35,52,35,8,7,27,2.75,أم,الخالقون,0,0,plain,file
52:36,52,36,7,7,31,2.8073549220576037,أم,يوقنون,0,0,plain,file
52:37,52,37,7,6,28,2.521640636343318,أم,المصيطرون,0,0,plain,file
52:38,52,38,9,9,40,3.169925001442312,أم,مبين,0,0,plain,file
52:39,52,39,5,5,20,2.321928094887362,أم,البنون,0,0,plain,file
52:40,52,40,7,7,27,2.8073549220576037,أم,مثقلون,0,0,plain,file
52:41,52,41,5,5,21,2.321928094887362,أم,يكتبون,0,0,plain,file
52:42,52,42,7,7,33,2.8073549220576037,أم,المكيدون,0,0,plain,file
52:43,52,43,9,8,33,2.94770277922009,أم,يشركون,0,0,plain,file
52:44,52,44,9,9,39,3.169925001442312,وإن,مركوم,0,0,plain,file
52:45,52,45,7,7,32,2.8073549220576037,فذرهم,يصعقون,0,0,plain,file
52:46,52,46,9,9,33,3.169925001442312,يوم,ينصرون,0,0,plain,file
52:47,52,47,10,10,42,3.3219280948873626,وإن,يعلمون,0,0,plain,file
52:48,52,48,10,9,41,3.1219280948873624,واصبر,تقوم,0,0,plain,file
52:49,52,49,5,5,25,2.321928094887362,ومن,النجوم,0,0,plain,file
53:1,53,1,7,7,31,2.8073549220576037,بسم,هوى,0,0,plain,file
53:2,53,2,5,5,16,2.321928094887362,ما,غوى,0,0,plain,file
53:3,53,3,4,4,14,2.0,وما,الهوى,0,0,plain,file
53:4,53,4,5,5,14,2.321928094887362,إن,يوحى,0,0,plain,file
53:5,53,5,3,3,13,1.584962500721156,علمه,القوى,0,0,plain,file
53:6,53,6,3,3,11,1.584962500721156,ذو,فاستوى,0,0,plain,file
53:7,53,7,3,3,15,1.584962500721156,وهو,الأعلى,0,0,plain,file
53:8,53,8,3,3,10,1.584962500721156,ثم,فتدلى,0,0,plain,file
53:9,53,9,5,5,18,2.321928094887362,فكان,أدنى,0,0,plain,file
53:10,53,10,5,5,18,2.321928094887362,فأوحى,أوحى,0,0,plain,file
53:11,53,11,5,4,16,1.9219280948873623,ما,رأى,0,0,plain,file
53:12,53,12,4,4,17,2.0,أفتمارونه,يرى,0,0,plain,file
53:13,53,13,4,4,15,2.0,ولقد,أخرى,0,0,plain,file
53:14,53,14,3,3,14,1.584962500721156,عند,المنتهى,0,0,plain,file
53:15,53,15,3,3,14,1.584962500721156,عندها,المأوى,0,0,plain,file
53:16,53,16,5,4,18,1.9219280948873623,إذ,يغشى,0,0,plain,file
53:17,53,17,5,5,16,2.321928094887362,ما,طغى,0,0,plain,file
53:18,53,18,6,6,21,2.584962500721156,لقد,الكبرى,0,0,plain,file
53:19,53,19,3,3,18,1.584962500721156,أفرأيتم,والعزى,0,0,plain,file
53:20,53,20,3,3,18,1.584962500721156,ومناة,الأخرى,0,0,plain,file
53:21,53,21,4,4,18,2.0,ألكم,الأنثى,0,0,plain,file
53:22,53,22,4,4,14,2.0,تلك,ضيزى,0,0,plain,file
53:23,53,23,25,22,99,4.403856189774725,إن,الهدى,0,0,plain,file
53:24,53,24,4,4,15,2.0,أم,تمنى,0,0,plain,file
53:25,53,25,3,3,17,1.584962500721156,فلله,والأولى,0,0,plain,file
53:26,53,26,18,17,65,4.058813890331201,وكم,ويرضى,0,0,plain,file
53:27,53,27,9,9,47,3.169925001442312,إن,الأنثى,0,0,plain,file
53:28,53,28,16,14,51,3.75,وما,شيئا,0,0,plain,file
53:29,53,29,11,10,41,3.2776134368191157,فأعرض,الدنيا,0,0,plain,file
53:30,53,30,16,14,54,3.75,ذلك,اهتدى,0,0,plain,file
53:31,53,31,16,14,73,3.75,ولله,بالحسنى,0,0,plain,file
53:32,53,32,31,29,129,4.825164052322358,الذين,اتقى,0,0,plain,file
53:33,53,33,3,3,14,1.584962500721156,أفرأيت,تولى,0,0,plain,file
53:34,53,34,3,3,15,1.584962500721156,وأعطى,وأكدى,0,0,plain,file
53:35,53,35,5,5,19,2.321928094887362,أعنده,يرى,0,0,plain,file
53:36,53,36,7,7,20,2.8073549220576037,أم,موسى,0,0,plain,file
53:37,53,37,3,3,15,1.584962500721156,وإبراهيم,وفى,0,0,plain,file
53:38,53,38,5,5,18,2.321928094887362,ألا,أخرى,0,0,plain,file
53:39,53,39,6,6,21,2.584962500721156,وأن,سعى,0,0,plain,file
53:40,53,40,4,4,13,2.0,وأن,يرى,0,0,plain,file
53:41,53,41,4,4,19,2.0,ثم,الأوفى,0,0,plain,file
53:42,53,42,4,4,16,2.0,وأن,المنتهى,0,0,plain,file
53:43,53,43,4,4,15,2.0,وأنه,وأبكى,0,0,plain,file
53:44,53,44,4,4,15,2.0,وأنه,وأحيا,0,0,plain,file
53:45,53,45,5,5,26,2.321928094887362,وأنه,والأنثى,0,0,plain,file
53:46,53,46,4,4,13,2.0,من,تمنى,0,0,plain,file
53:47,53,47,4,4,19,2.0,وأن,الأخرى,0,0,plain,file
53:48,53,48,4,4,15,2.0,وأنه,وأقنى,0,0,plain,file
53:49,53,49,4,4,14,2.0,وأنه,الشعرى,0,0,plain,file
53:50,53,50,4,4,18,2.0,وأنه,الأولى,0,0,plain,file
53:51,53,51,3,3,12,1.584962500721156,وثمود,أبقى,0,0,plain,file
53:52,53,52,9,9,32,3.169925001442312,وقوم,وأطغى,0,0,plain,file
53:53,53,53,2,2,13,1.0,والمؤتفكة,أهوى,0,0,plain,file
53:54,53,54,3,3,11,1.584962500721156,فغشاها,غشى,0,0,plain,file
53:55,53,55,4,4,17,2.0,فبأي,تتمارى,0,0,plain,file
53:56,53,56,5,5,20,2.321928094887362,هذا,الأولى,0,0,plain,file
53:57,53,57,2,2,10,1.0,أزفت,الآزفة,0,0,plain,file
53:58,53,58,6,6,20,2.584962500721156,ليس,كاشفة,0,0,plain,file
53:59,53,59,4,4,19,2.0,أفمن,تعجبون,0,0,plain,file
53:60,53,60,3,3,15,1.584962500721156,وتضحكون,تبكون,0,0,plain,file
53:61,53,61,2,2,11,1.0,وأنتم,سامدون,0,0,plain,file
53:62,53,62,3,3,17,1.584962500721156,فاسجدوا,واعبدوا,0,0,plain,file
54:1,54,1,8,8,41,3.0,بسم,القمر,0,0,plain,file
54:2,54,2,7,7,31,2.8073549220576037,وإن,مستمر,0,0,plain,file
54:3,54,3,6,6,31,2.584962500721156,وكذبوا,مستقر,0,0,plain,file
54:4,54,4,7,7,28,2.8073549220576037,ولقد,مزدجر,0,0,plain,file
54:5,54,5,5,5,20,2.321928094887362,حكمة,النذر,0,0,plain,file
54:6,54,6,8,8,28,3.0,فتول,نكر,0,0,plain,file
54:7,54,7,8,8,40,3.0,خشعا,منتشر,0,0,plain,file
54:8,54,8,8,8,35,3.0,مهطعين,عسر,0,0,plain,file
54:9,54,9,9,9,43,3.169925001442312,كذبت,وازدجر,0,0,plain,file
54:10,54,10,5,5,21,2.321928094887362,فدعا,فانتصر,0,0,plain,file
54:11,54,11,5,5,26,2.321928094887362,ففتحنا,منهمر,0,0,plain,file
54:12,54,12,9,9,38,3.169925001442312,وفجرنا,قدر,0,0,plain,file
54:13,54,13,5,5,22,2.321928094887362,وحملناه,ودسر,0,0,plain,file
54:14,54,14,6,6,24,2.584962500721156,تجري,كفر,0,0,plain,file
54:15,54,15,6,6,23,2.584962500721156,ولقد,مدكر,0,0,plain,file
54:16,54,16,4,4,16,2.0,فكيف,ونذر,0,0,plain,file
54:17,54,17,7,7,29,2.8073549220576037,ولقد,مدكر,0,0,plain,file
54:18,54,18,6,6,23,2.584962500721156,كذبت,ونذر,0,0,plain,file
54:19,54,19,9,9,36,3.169925001442312,إنا,مستمر,0,0,plain,file
54:20,54,20,6,6,27,2.584962500721156,تنزع,منقعر,0,0,plain,file
54:21,54,21,4,4,16,2.0,فكيف,ونذر,0,0,plain,file
54:22,54,22,7,7,29,2.8073549220576037,ولقد,مدكر,0,0,plain,file
54:23,54,23,3,3,14,1.584962500721156,كذبت,بالنذر,0,0,plain,file
54:24,54,24,10,10,41,3.3219280948873626,فقالوا,وسعر,0,0,plain,file
54:25,54,25,9,9,32,3.169925001442312,أألقي,أشر,0,0,plain,file
54:26,54,26,5,5,23,2.321928094887362,سيعلمون,الأشر,0,0,plain,file
54:27,54,27,7,7,35,2.8073549220576037,إنا,واصطبر,0,0,plain,file
54:28,54,28,8,8,32,3.0,ونبئهم,محتضر,0,0,plain,file
54:29,54,29,4,4,22,2.0,فنادوا,فعقر,0,0,plain,file
54:30,54,30,4,4,16,2.0,فكيف,ونذر,0,0,plain,file
54:31,54,31,8,8,41,3.0,إنا,المحتظر,0,0,plain,file
54:32,54,32,7,7,29,2.8073549220576037,ولقد,مدكر,0,0,plain,file
54:33,54,33,4,4,16,2.0,كذبت,بالنذر,0,0,plain,file
54:34,54,34,9,9,38,3.169925001442312,إنا,بسحر,0,0,plain,file
54:35,54,35,7,6,24,2.521640636343318,نعمة,شكر,0,0,plain,file
54:36,54,36,5,5,29,2.321928094887362,ولقد,بالنذر,0,0,plain,file
54:37,54,37,9,9,43,3.169925001442312,ولقد,ونذر,0,0,plain,file
54:38,54,38,5,5,22,2.321928094887362,ولقد,مستقر,0,0,plain,file
54:39,54,39,3,3,15,1.584962500721156,فذوقوا,ونذر,0,0,plain,file
54:40,54,40,7,7,29,2.8073549220576037,ولقد,مدكر,0,0,plain,file
54:41,54,41,5,5,19,2.321928094887362,ولقد,النذر,0,0,plain,file
54:42,54,42,7,7,36,2.8073549220576037,كذبوا,مقتدر,0,0,plain,file
54:43,54,43,9,9,35,3.169925001442312,أكفاركم,الزبر,0,0,plain,file
54:44,54,44,5,5,20,2.321928094887362,أم,منتصر,0,0,plain,file
54:45,54,45,4,4,21,2.0,سيهزم,الدبر,0,0,plain,file
54:46,54,46,6,6,29,2.584962500721156,بل,وأمر,0,0,plain,file
54:47,54,47,5,5,20,2.321928094887362,إن,وسعر,0,0,plain,file
54:48,54,48,9,9,35,3.169925001442312,يوم,سقر,0,0,plain,file
54:49,54,49,5,5,18,2.321928094887362,إنا,بقدر,0,0,plain,file
54:50,54,50,6,6,26,2.584962500721156,وما,بالبصر,0,0,plain,file
54:51,54,51,6,6,26,2.584962500721156,ولقد,مدكر,0,0,plain,file
54:52,54,52,5,5,18,2.321928094887362,وكل,الزبر,0,0,plain,file
54:53,54,53,4,4,17,2.0,وكل,مستطر,0,0,plain,file
54:54,54,54,5,5,19,2.321928094887362,إن,ونهر,0,0,plain,file
54:55,54,55,6,6,21,2.584962500721156,في,مقتدر,0,0,plain,file
55:1,55,1,5,4,25,1.9219280948873623,بسم,الرحمن,0,0,plain,file
55:2,55,2,2,2,9,1.0,علم,القرآن,0,0,plain,file
55:3,55,3,2,2,10,1.0,خلق,الإنسان,0,0,plain,file
55:4,55,4,2,2,10,1.0,علمه,البيان,0,0,plain,file
55:5,55,5,3,3,17,1.584962500721156,الشمس,بحسبان,0,0,plain,file
55:6,55,6,3,3,18,1.584962500721156,والنجم,يسجدان,0,0,plain,file
55:7,55,7,4,4,23,2.0,والسماء,الميزان,0,0,plain,file
55:8,55,8,4,4,17,2.0,ألا,الميزان,0,0,plain,file
55:9,55,9,6,6,34,2.584962500721156,وأقيموا,الميزان,0,0,plain,file
55:10,55,10,3,3,17,1.584962500721156,والأرض,للأنام,0,0,plain,file
55:11,55,11,5,5,25,2.321928094887362,فيها,الأكمام,0,0,plain,file
55:12,55,12,4,4,20,2.0,والحب,والريحان,0,0,plain,file
55:13,55,13,4,4,19,2.0,فبأي,تكذبان,0,0,plain,file
55:14,55,14,5,5,24,2.321928094887362,خلق,كالفخار,0,0,plain,file
55:15,55,15,6,5,20,2.2516291673878226,وخلق,نار,0,0,plain,file
55:16,55,16,4,4,19,2.0,فبأي,تكذبان,0,0,plain,file
55:17,55,17,4,4,21,2.0,رب,المغربين,0,0,plain,file
55:18,55,18,4,4,19,2.0,فبأي,تكذبان,0,0,plain,file
55:19,55,19,3,3,17,1.584962500721156,مرج,يلتقيان,0,0,plain,file
55:20,55,20,4,4,18,2.0,بينهما,يبغيان,0,0,plain,file
55:21,55,21,4,4,19,2.0,فبأي,تكذبان,0,0,plain,file
55:22,55,22,4,4,23,2.0,يخرج,والمرجان,0,0,plain,file
55:23,55,23,4,4,19,2.0,فبأي,تكذبان,0,0,plain,file
55:24,55,24,6,6,31,2.584962500721156,وله,كالأعلام,0,0,plain,file
55:25,55,25,4,4,19,2.0,فبأي,تكذبان,0,0,plain,file
55:26,55,26,4,4,12,2.0,كل,فان,0,0,plain,file
55:27,55,27,6,6,27,2.584962500721156,ويبقى,والإكرام,0,0,plain,file
55:28,55,28,4,4,19,2.0,فبأي,تكذبان,0,0,plain,file
55:29,55,29,10,9,35,3.1219280948873624,يسأله,شأن,0,0,plain,file
55:30,55,30,4,4,19,2.0,فبأي,تكذبان,0,0,plain,file
55:31,55,31,4,4,18,2.0,سنفرغ,الثقلان,0,0,plain,file
55:32,55,32,4,4,19,2.0,فبأي,تكذبان,0,0,plain,file
55:33,55,33,17,17,78,4.087462841250339,يا,بسلطان,0,0,plain,file
55:34,55,34,4,4,19,2.0,فبأي,تكذبان,0,0,plain,file
55:35,55,35,8,8,34,3.0,يرسل,تنتصران,0,0,plain,file
55:36,55,36,4,4,19,2.0,فبأي,تكذبان,0,0,plain,file
55:37,55,37,6,6,31,2.584962500721156,فإذا,كالدهان,0,0,plain,file
55:38,55,38,4,4,19,2.0,فبأي,تكذبان,0,0,plain,file
55:39,55,39,8,8,27,3.0,فيومئذ,جان,0,0,plain,file
55:40,55,40,4,4,19,2.0,فبأي,تكذبان,0,0,plain,file
55:41,55,41,6,6,40,2.584962500721156,يعرف,والأقدام,0,0,plain,file
55:42,55,42,4,4,19,2.0,فبأي,تكذبان,0,0,plain,file
55:43,55,43,6,6,26,2.584962500721156,هذه,المجرمون,0,0,plain,file
55:44,55,44,5,5,21,2.321928094887362,يطوفون,آن,0,0,plain,file
55:45,55,45,4,4,19,2.0,فبأي,تكذبان,0,0,plain,file
55:46,55,46,5,5,19,2.321928094887362,ولمن,جنتان,0,0,plain,file
55:47,55,47,4,4,19,2.0,فبأي,تكذبان,0,0,plain,file
55:48,55,48,2,2,10,1.0,ذواتا,أفنان,0,0,plain,file
55:49,55,49,4,4,19,2.0,فبأي,تكذبان,0,0,plain,file
55:50,55,50,3,3,16,1.584962500721156,فيهما,تجريان,0,0,plain,file
55:51,55,51,4,4,19,2.0,فبأي,تكذبان,0,0,plain,file
55:52,55,52,5,5,19,2.321928094887362,فيهما,زوجان,0,0,plain,file
55:53,55,53,4,4,19,2.0,فبأي,تكذبان,0,0,plain,file
55:54,55,54,9,9,41,3.169925001442312,متكئين,دان,0,0,plain,file
55:55,55,55,4,4,19,2.0,فبأي,تكذبان,0,0,plain,file
55:56,55,56,9,9,37,3.169925001442312,فيهن,جان,0,0,plain,file
55:57,55,57,4,4,19,2.0,فبأي,تكذبان,0,0,plain,file
55:58,55,58,3,3,20,1.584962500721156,كأنهن,والمرجان,0,0,plain,file
55:59,55,59,4,4,19,2.0,فبأي,تكذبان,0,0,plain,file
55:60,55,60,5,4,23,1.9219280948873623,هل,الإحسان,0,0,plain,file
55:61,55,61,4,4,19,2.0,فبأي,تكذبان,0,0,plain,file
55:62,55,62,3,3,14,1.584962500721156,ومن,جنتان,0,0,plain,file
55:63,55,63,4,4,19,2.0,فبأي,تكذبان,0,0,plain,file
55:64,55,64,1,1,8,-0.0,مدهامتان,مدهامتان,1,1,plain,file
55:65,55,65,4,4,19,2.0,فبأي,تكذبان,0,0,plain,file
55:66,55,66,3,3,17,1.584962500721156,فيهما,نضاختان,0,0,plain,file
55:67,55,67,4,4,19,2.0,فبأي,تكذبان,0,0,plain,file
55:68,55,68,4,4,19,2.0,فيهما,ورمان,0,0,plain,file
55:69,55,69,4,4,19,2.0,فبأي,تكذبان,0,0,plain,file
55:70,55,70,3,3,13,1.584962500721156,فيهن,حسان,0,0,plain,file
55:71,55,71,4,4,19,2.0,فبأي,تكذبان,0,0,plain,file
55:72,55,72,4,4,18,2.0,حور,الخيام,0,0,plain,file
55:73,55,73,4,4,19,2.0,فبأي,تكذبان,0,0,plain,file
55:74,55,74,6,6,22,2.584962500721156,لم,جان,0,0,plain,file
55:75,55,75,4,4,19,2.0,فبأي,تكذبان,0,0,plain,file
55:76,55,76,6,6,26,2.584962500721156,متكئين,حسان,0,0,plain,file
55:77,55,77,4,4,19,2.0,فبأي,تكذبان,0,0,plain,file
55:78,55,78,6,6,27,2.584962500721156,تبارك,والإكرام,0,0,plain,file
56:1,56,1,7,7,33,2.8073549220576037,بسم,الواقعة,0,0,plain,file
56:2,56,2,3,3,15,1.584962500721156,ليس,كاذبة,0,0,plain,file
56:3,56,3,2,2,10,1.0,خافضة,رافعة,0,0,plain,file
56:4,56,4,4,4,14,2.0,إذا,رجا,0,0,plain,file
56:5,56,5,3,3,13,1.584962500721156,وبست,بسا,0,0,plain,file
56:6,56,6,3,3,14,1.584962500721156,فكانت,منبثا,0,0,plain,file
56:7,56,7,3,3,16,1.584962500721156,وكنتم,ثلاثة,0,0,plain,file
56:8,56,8,5,4,27,1.9219280948873623,فأصحاب,الميمنة,0,0,plain,file
56:9,56,9,5,4,27,1.9219280948873623,وأصحاب,المشأمة,0,0,plain,file
56:10,56,10,2,2,17,1.0,والسابقون,السابقون,0,0,plain,file
56:11,56,11,2,2,13,1.0,أولئك,المقربون,0,0,plain,file
56:12,56,12,3,3,12,1.584962500721156,في,النعيم,0,0,plain,file
56:13,56,13,3,3,12,1.584962500721156,ثلة,الأولين,0,0,plain,file
56:14,56,14,3,3,14,1.584962500721156,وقليل,الآخرين,0,0,plain,file
56:15,56,15,3,3,12,1.584962500721156,على,موضونة,0,0,plain,file
56:16,56,16,3,3,19,1.584962500721156,متكئين,متقابلين,0,0,plain,file
56:17,56,17,4,4,20,2.0,يطوف,مخلدون,0,0,plain,file
56:18,56,18,5,5,23,2.321928094887362,بأكواب,معين,0,0,plain,file
56:19,56,19,5,5,21,2.321928094887362,لا,ينزفون,0,0,plain,file
56:20,56,20,3,3,16,1.584962500721156,وفاكهة,يتخيرون,0,0,plain,file
56:21,56,21,4,4,16,2.0,ولحم,يشتهون,0,0,plain,file
56:22,56,22,2,2,7,1.0,وحور,عين,0,0,plain,file
56:23,56,23,3,3,19,1.584962500721156,كأمثال,المكنون,0,0,plain,file
56:24,56,24,4,4,18,2.0,جزاء,يعملون,0,0,plain,file
56:25,56,25,6,6,25,2.584962500721156,لا,تأثيما,0,0,plain,file
56:26,56,26,4,3,17,1.5,إلا,سلاما,0,0,plain,file
56:27,56,27,5,4,25,1.9219280948873623,وأصحاب,اليمين,0,0,plain,file
56:28,56,28,3,3,10,1.584962500721156,في,مخضود,0,0,plain,file
56:29,56,29,2,2,9,1.0,وطلح,منضود,0,0,plain,file
56:30,56,30,2,2,8,1.0,وظل,ممدود,0,0,plain,file
56:31,56,31,2,2,9,1.0,وماء,مسكوب,0,0,plain,file
56:32,56,32,2,2,11,1.0,وفاكهة,كثيرة,0,0,plain,file
56:33,56,33,4,4,17,2.0,لا,ممنوعة,0,0,plain,file
56:34,56,34,2,2,10,1.0,وفرش,مرفوعة,0,0,plain,file
56:35,56,35,3,3,16,1.584962500721156,إنا,إنشاء,0,0,plain,file
56:36,56,36,2,2,14,1.0,فجعلناهن,أبكارا,0,0,plain,file
56:37,56,37,2,2,10,1.0,عربا,أترابا,0,0,plain,file
56:38,56,38,2,2,12,1.0,لأصحاب,اليمين,0,0,plain,file
56:39,56,39,3,3,12,1.584962500721156,ثلة,الأولين,0,0,plain,file
56:40,56,40,3,3,13,1.584962500721156,وثلة,الآخرين,0,0,plain,file
56:41,56,41,5,4,25,1.9219280948873623,وأصحاب,الشمال,0,0,plain,file
56:42,56,42,3,3,11,1.584962500721156,في,وحميم,0,0,plain,file
56:43,56,43,3,3,10,1.584962500721156,وظل,يحموم,0,0,plain,file
56:44,56,44,4,4,13,2.0,لا,كريم,0,0,plain,file
56:45,56,45,5,5,21,2.321928094887362,إنهم,مترفين,0,0,plain,file
56:46,56,46,5,5,25,2.321928094887362,وكانوا,العظيم,0,0,plain,file
56:47,56,47,9,9,47,3.169925001442312,وكانوا,لمبعوثون,0,0,plain,file
56:48,56,48,2,2,15,1.0,أوآباؤنا,الأولون,0,0,plain,file
56:49,56,49,4,4,19,2.0,قل,والآخرين,0,0,plain,file
56:50,56,50,5,5,24,2.321928094887362,لمجموعون,معلوم,0,0,plain,file
56:51,56,51,5,5,25,2.321928094887362,ثم,المكذبون,0,0,plain,file
56:52,56,52,5,4,17,1.9219280948873623,لآكلون,زقوم,0,0,plain,file
56:53,56,53,3,3,17,1.584962500721156,فمالئون,البطون,0,0,plain,file
56:54,56,54,4,4,19,2.0,فشاربون,الحميم,0,0,plain,file
56:55,56,55,3,3,15,1.584962500721156,فشاربون,الهيم,0,0,plain,file
56:56,56,56,4,4,16,2.0,هذا,الدين,0,0,plain,file
56:57,56,57,4,4,21,2.0,نحن,تصدقون,0,0,plain,file
56:58,56,58,3,3,14,1.584962500721156,أفرأيتم,تمنون,0,0,plain,file
56:59,56,59,5,5,25,2.321928094887362,أأنتم,الخالقون,0,0,plain,file
56:60,56,60,7,6,32,2.521640636343318,نحن,بمسبوقين,0,0,plain,file
56:61,56,61,9,9,35,3.169925001442312,على,تعلمون,0,0,plain,file
56:62,56,62,6,6,32,2.584962500721156,ولقد,تذكرون,0,0,plain,file
56:63,56,63,3,3,15,1.584962500721156,أفرأيتم,تحرثون,0,0,plain,file
56:64,56,64,5,5,25,2.321928094887362,أأنتم,الزارعون,0,0,plain,file
56:65,56,65,6,6,29,2.584962500721156,لو,تفكهون,0,0,plain,file
56:66,56,66,2,2,10,1.0,إنا,لمغرمون,0,0,plain,file
56:67,56,67,3,3,12,1.584962500721156,بل,محرومون,0,0,plain,file
56:68,56,68,4,4,22,2.0,أفرأيتم,تشربون,0,0,plain,file
56:69,56,69,7,7,33,2.8073549220576037,أأنتم,المنزلون,0,0,plain,file
56:70,56,70,6,6,28,2.584962500721156,لو,تشكرون,0,0,plain,file
56:71,56,71,4,4,21,2.0,أفرأيتم,تورون,0,0,plain,file
56:72,56,72,6,6,30,2.584962500721156,أأنتم,المنشئون,0,0,plain,file
56:73,56,73,5,5,28,2.321928094887362,نحن,للمقوين,0,0,plain,file
56:74,56,74,4,4,17,2.0,فسبح,العظيم,0,0,plain,file
56:75,56,75,4,4,19,2.0,فلا,النجوم,0,0,plain,file
56:76,56,76,5,5,20,2.321928094887362,وإنه,عظيم,0,0,plain,file
56:77,56,77,3,3,12,1.584962500721156,إنه,كريم,0,0,plain,file
56:78,56,78,3,3,11,1.584962500721156,في,مكنون,0,0,plain,file
56:79,56,79,4,4,17,2.0,لا,المطهرون,0,0,plain,file
56:80,56,80,4,4,17,2.0,تنزيل,العالمين,0,0,plain,file
56:81,56,81,4,4,22,2.0,أفبهذا,مدهنون,0,0,plain,file
56:82,56,82,4,4,22,2.0,وتجعلون,تكذبون,0,0,plain,file
56:83,56,83,4,4,19,2.0,فلولا,الحلقوم,0,0,plain,file
56:84,56,84,3,3,16,1.584962500721156,وأنتم,تنظرون,0,0,plain,file
56:85,56,85,7,7,28,2.8073549220576037,ونحن,تبصرون,0,0,plain,file
56:86,56,86,5,5,20,2.321928094887362,فلولا,مدينين,0,0,plain,file
56:87,56,87,4,4,20,2.0,ترجعونها,صادقين,0,0,plain,file
56:88,56,88,5,5,19,2.321928094887362,فأما,المقربين,0,0,plain,file
56:89,56,89,4,4,18,2.0,فروح,نعيم,0,0,plain,file
56:90,56,90,6,6,22,2.584962500721156,وأما,اليمين,0,0,plain,file
56:91,56,91,5,5,20,2.321928094887362,فسلام,اليمين,0,0,plain,file
56:92,56,92,6,6,26,2.584962500721156,وأما,الضالين,0,0,plain,file
56:93,56,93,3,3,10,1.584962500721156,فنزل,حميم,0,0,plain,file
56:94,56,94,2,2,10,1.0,وتصلية,جحيم,0,0,plain,file
56:95,56,95,5,5,16,2.321928094887362,إن,اليقين,0,0,plain,file
56:96,56,96,4,4,17,2.0,فسبح,العظيم,0,0,plain,file
57:1,57,1,13,13,58,3.7004397181410926,بسم,الحكيم,0,0,plain,file
57:2,57,2,11,11,43,3.4594316186372973,له,قدير,0,0,plain,file
57:3,57,3,9,9,40,3.169925001442312,هو,عليم,0,0,plain,file
57:4,57,4,36,32,134,4.926733681937771,هو,بصير,0,0,plain,file
57:5,57,5,8,8,37,3.0,له,الأمور,0,0,plain,file
57:6,57,6,12,9,52,3.084962500721156,يولج,الصدور,0,0,plain,file
57:7,57,7,15,13,74,3.640223928941852,آمنوا,كبير,0,0,plain,file
57:8,57,8,15,15,69,3.906890595608519,وما,مؤمنين,0,0,plain,file
57:9,57,9,17,17,69,4.087462841250339,هو,رحيم,0,0,plain,file
57:10,57,10,37,33,153,4.93918309535868,وما,خبير,0,0,plain,file
57:11,57,11,12,12,43,3.584962500721156,من,كريم,0,0,plain,file
57:12,57,12,22,22,109,4.459431618637297,يوم,العظيم,0,0,plain,file
57:13,57,13,27,26,132,4.680813428089394,يوم,العذاب,0,0,plain,file
57:14,57,14,20,20,99,4.321928094887363,ينادونهم,الغرور,0,0,plain,file
57:15,57,15,15,15,64,3.906890595608519,فاليوم,المصير,0,0,plain,file
57:16,57,16,28,26,118,4.664497779200461,ألم,فاسقون,0,0,plain,file
57:17,57,17,13,13,55,3.7004397181410926,اعلموا,تعقلون,0,0,plain,file
57:18,57,18,12,12,57,3.584962500721156,إن,كريم,0,0,plain,file
57:19,57,19,20,18,105,4.1219280948873624,والذين,الجحيم,0,0,plain,file
57:20,57,20,39,36,180,5.1315560650160945,اعلموا,الغرور,0,0,plain,file
57:21,57,21,25,24,108,4.563856189774725,سابقوا,العظيم,0,0,plain,file
57:22,57,22,21,18,69,4.070656113151928,ما,يسير,0,0,plain,file
57:23,57,23,15,15,58,3.906890595608519,لكيلا,فخور,0,0,plain,file
57:24,57,24,12,12,56,3.584962500721156,الذين,الحميد,0,0,plain,file
57:25,57,25,28,26,138,4.664497779200461,لقد,عزيز,0,0,plain,file
57:26,57,26,14,14,74,3.807354922057604,ولقد,فاسقون,0,0,plain,file
57:27,57,27,39,37,191,5.182838116298146,ثم,فاسقون,0,0,plain,file
57:28,57,28,22,21,94,4.3685225277282065,يا,رحيم,0,0,plain,file
57:29,57,29,22,19,85,4.186704345910025,لئلا,العظيم,0,0,plain,file
58:1,58,1,22,19,92,4.095795255000933,بسم,بصير,0,0,plain,file
58:2,58,2,23,21,103,4.349648912578752,الذين,غفور,0,0,plain,file
58:3,58,3,21,20,90,4.297079327540665,والذين,خبير,0,0,plain,file
58:4,58,4,26,24,115,4.546593564294938,فمن,أليم,0,0,plain,file
58:5,58,5,18,17,81,4.058813890331201,إن,مهين,0,0,plain,file
58:6,58,6,15,14,64,3.773557262275186,يوم,شهيد,0,0,plain,file
58:7,58,7,47,36,163,5.022258000429683,ألم,عليم,0,0,plain,file
58:8,58,8,38,35,167,5.09003277660148,ألم,المصير,0,0,plain,file
58:9,58,9,20,20,105,4.321928094887363,يا,تحشرون,0,0,plain,file
58:10,58,10,17,16,82,3.9698157824268097,إنما,المؤمنون,0,0,plain,file
58:11,58,11,31,26,139,4.631615665225584,يا,خبير,0,0,plain,file
58:12,58,12,23,22,92,4.436605434317883,يا,رحيم,0,0,plain,file
58:13,58,13,24,23,115,4.501629167387822,أأشفقتم,تعملون,0,0,plain,file
58:14,58,14,19,19,73,4.247927513443585,ألم,يعلمون,0,0,plain,file
58:15,58,15,10,10,40,3.3219280948873626,أعد,يعملون,0,0,plain,file
58:16,58,16,10,10,43,3.3219280948873626,اتخذوا,مهين,0,0,plain,file
58:17,58,17,15,15,64,3.906890595608519,لن,خالدون,0,0,plain,file
58:18,58,18,17,17,73,4.087462841250339,يوم,الكاذبون,0,0,plain,file
58:19,58,19,15,12,72,3.456564762130954,استحوذ,الخاسرون,0,0,plain,file
58:20,58,20,8,8,37,3.0,إن,الأذلين,0,0,plain,file
58:21,58,21,9,8,34,2.94770277922009,كتب,عزيز,0,0,plain,file
58:22,58,22,51,43,221,5.304682449772211,لا,المفلحون,0,0,plain,file
59:1,59,1,15,14,62,3.773557262275186,بسم,الحكيم,0,0,plain,file
59:2,59,2,41,37,185,5.113649565593693,هو,الأبصار,0,0,plain,file
59:3,59,3,14,13,60,3.6644977792004614,ولولا,النار,0,0,plain,file
59:4,59,4,12,10,51,3.188721875540867,ذلك,العقاب,0,0,plain,file
59:5,59,5,13,13,60,3.7004397181410926,ما,الفاسقين,0,0,plain,file
59:6,59,6,25,21,90,4.293660689688186,وما,قدير,0,0,plain,file
59:7,59,7,37,34,166,5.026888838543451,ما,العقاب,0,0,plain,file
59:8,59,8,18,16,98,3.94770277922009,للفقراء,الصادقون,0,0,plain,file
59:9,59,9,31,30,134,4.889680181354616,والذين,المفلحون,0,0,plain,file
59:10,59,10,23,22,106,4.436605434317883,والذين,رحيم,0,0,plain,file
59:11,59,11,28,27,129,4.735926350629033,ألم,لكاذبون,0,0,plain,file
59:12,59,12,16,13,73,3.577819531114783,لئن,ينصرون,0,0,plain,file
59:13,59,13,12,12,45,3.584962500721156,لأنتم,يفقهون,0,0,plain,file
59:14,59,14,23,21,94,4.349648912578752,لا,يعقلون,0,0,plain,file
59:15,59,15,11,11,47,3.4594316186372973,كمثل,أليم,0,0,plain,file
59:16,59,16,17,15,68,3.85216872360328,كمثل,العالمين,0,0,plain,file
59:17,59,17,10,10,50,3.3219280948873626,فكان,الظالمين,0,0,plain,file
59:18,59,18,18,16,72,3.905764584655453,يا,تعملون,0,0,plain,file
59:19,59,19,10,10,51,3.3219280948873626,ولا,الفاسقون,0,0,plain,file
59:20,59,20,10,8,48,2.9219280948873623,لا,الفائزون,0,0,plain,file
59:21,59,21,18,18,84,4.169925001442312,لو,يتفكرون,0,0,plain,file
59:22,59,22,13,11,51,3.334679141051595,هو,الرحيم,0,0,plain,file
59:23,59,23,19,17,87,4.037401197654112,هو,يشركون,0,0,plain,file
59:24,59,24,17,16,78,3.9698157824268097,هو,الحكيم,0,0,plain,file
60:1,60,1,53,50,239,5.614712907393389,بسم,السبيل,0,0,plain,file
60:2,60,2,13,13,68,3.7004397181410926,إن,تكفرون,0,0,plain,file
60:3,60,3,13,13,62,3.7004397181410926,لن,بصير,0,0,plain,file
60:4,60,4,52,46,221,5.4551534200225635,قد,المصير,0,0,plain,file
60:5,60,5,13,12,56,3.546593564294939,ربنا,الحكيم,0,0,plain,file
60:6,60,6,19,17,73,4.037401197654112,لقد,الحميد,0,0,plain,file
60:7,60,7,15,14,63,3.773557262275186,عسى,رحيم,0,0,plain,file
60:8,60,8,21,20,91,4.297079327540665,لا,المقسطين,0,0,plain,file
60:9,60,9,21,21,101,4.392317422778761,إنما,الظالمون,0,0,plain,file
60:10,60,10,56,49,258,5.530394654123194,يا,حكيم,0,0,plain,file
60:11,60,11,21,21,94,4.392317422778761,وإن,مؤمنون,0,0,plain,file
60:12,60,12,39,34,173,4.936437078492074,يا,رحيم,0,0,plain,file
60:13,60,13,20,19,80,4.221928094887363,يا,القبور,0,0,plain,file
61:1,61,1,15,14,62,3.773557262275186,بسم,الحكيم,0,0,plain,file
61:2,61,2,9,9,34,3.169925001442312,يا,تفعلون,0,0,plain,file
61:3,61,3,9,9,32,3.169925001442312,كبر,تفعلون,0,0,plain,file
61:4,61,4,11,11,46,3.4594316186372973,إن,مرصوص,0,0,plain,file
61:5,61,5,24,23,101,4.501629167387822,وإذ,الفاسقين,0,0,plain,file
61:6,61,6,32,31,129,4.9375,وإذ,مبين,0,0,plain,file
61:7,61,7,16,16,68,4.0,ومن,الظالمين,0,0,plain,file
61:8,61,8,11,11,54,3.4594316186372973,يريدون,الكافرون,0,0,plain,file
61:9,61,9,14,14,60,3.807354922057604,هو,المشركون,0,0,plain,file
61:10,61,10,12,12,47,3.584962500721156,يا,أليم,0,0,plain,file
61:11,61,11,15,15,72,3.906890595608519,تؤمنون,تعلمون,0,0,plain,file
61:12,61,12,17,16,75,3.9698157824268097,يغفر,العظيم,0,0,plain,file
61:13,61,13,9,9,41,3.169925001442312,وأخرى,المؤمنين,0,0,plain,file
61:14,61,14,36,28,164,4.704511459715548,يا,ظاهرين,0,0,plain,file
62:1,62,1,16,15,71,3.875,بسم,الحكيم,0,0,plain,file
62:2,62,2,21,21,92,4.392317422778761,هو,مبين,0,0,plain,file
62:3,62,3,8,8,37,3.0,وآخرين,الحكيم,0,0,plain,file
62:4,62,4,10,10,39,3.3219280948873626,ذلك,العظيم,0,0,plain,file
62:5,62,5,23,20,105,4.2626923908396215,مثل,الظالمين,0,0,plain,file
62:6,62,6,18,17,71,4.058813890331201,قل,صادقين,0,0,plain,file
62:7,62,7,9,9,45,3.169925001442312,ولا,بالظالمين,0,0,plain,file
62:8,62,8,18,18,79,4.169925001442312,قل,تعملون,0,0,plain,file
62:9,62,9,22,22,88,4.459431618637297,يا,تعلمون,0,0,plain,file
62:10,62,10,15,14,72,3.773557262275186,فإذا,تفلحون,0,0,plain,file
62:11,62,11,21,20,88,4.297079327540665,وإذا,الرازقين,0,0,plain,file
63:1,63,1,21,18,101,4.106603137064474,بسم,لكاذبون,0,0,plain,file
63:2,63,2,12,12,51,3.584962500721156,اتخذوا,يعملون,0,0,plain,file
63:3,63,3,11,11,44,3.4594316186372973,ذلك,يفقهون,0,0,plain,file
63:4,63,4,22,22,104,4.459431618637297,وإذا,يؤفكون,0,0,plain,file
63:5,63,5,14,14,66,3.807354922057604,وإذا,مستكبرون,0,0,plain,file
63:6,63,6,18,15,70,3.794653473544342,سواء,الفاسقين,0,0,plain,file
63:7,63,7,20,19,90,4.221928094887363,هم,يفقهون,0,0,plain,file
63:8,63,8,17,17,90,4.087462841250339,يقولون,يعلمون,0,0,plain,file
63:9,63,9,18,18,75,4.169925001442312,يا,الخاسرون,0,0,plain,file
63:10,63,10,21,19,85,4.165894208390024,وأنفقوا,الصالحين,0,0,plain,file
63:11,63,11,11,11,44,3.4594316186372973,ولن,تعملون,0,0,plain,file
64:1,64,1,21,20,78,4.297079327540665,بسم,قدير,0,0,plain,file
64:2,64,2,11,11,47,3.4594316186372973,هو,بصير,0,0,plain,file
64:3,64,3,9,9,49,3.169925001442312,خلق,المصير,0,0,plain,file
64:4,64,4,14,13,62,3.6644977792004614,يعلم,الصدور,0,0,plain,file
64:5,64,5,13,13,53,3.7004397181410926,ألم,أليم,0,0,plain,file
64:6,64,6,16,16,82,4.0,ذلك,حميد,0,0,plain,file
64:7,64,7,18,18,69,4.169925001442312,زعم,يسير,0,0,plain,file
64:8,64,8,10,10,51,3.3219280948873626,فآمنوا,خبير,0,0,plain,file
64:9,64,9,27,25,122,4.60673935401532,يوم,العظيم,0,0,plain,file
64:10,64,10,11,11,59,3.4594316186372973,والذين,المصير,0,0,plain,file
64:11,64,11,16,16,58,4.0,ما,عليم,0,0,plain,file
64:12,64,12,11,10,59,3.2776134368191157,وأطيعوا,المبين,0,0,plain,file
64:13,64,13,9,8,37,2.94770277922009,الله,المؤمنون,0,0,plain,file
64:14,64,14,19,19,87,4.247927513443585,يا,رحيم,0,0,plain,file
64:15,64,15,8,8,39,3.0,إنما,عظيم,0,0,plain,file
64:16,64,16,16,16,79,4.0,فاتقوا,المفلحون,0,0,plain,file
64:17,64,17,12,11,50,3.4182958340544896,إن,حليم,0,0,plain,file
64:18,64,18,5,5,29,2.321928094887362,عالم,الحكيم,0,0,plain,file
65:1,65,1,46,40,192,5.184221945743169,بسم,أمرا,0,0,plain,file
65:2,65,2,30,29,132,4.840223928941852,فإذا,مخرجا,0,0,plain,file
65:3,65,3,21,19,73,4.165894208390024,ويرزقه,قدرا,0,0,plain,file
65:4,65,4,28,25,118,4.566108939837481,واللائي,يسرا,0,0,plain,file
65:5,65,5,14,13,54,3.6644977792004614,ذلك,أجرا,0,0,plain,file
65:6,65,6,32,29,146,4.8125,أسكنوهن,أخرى,0,0,plain,file
65:7,65,7,25,23,90,4.453660689688186,لينفق,يسرا,0,0,plain,file
65:8,65,8,14,14,64,3.807354922057604,وكأين,نكرا,0,0,plain,file
65:9,65,9,7,6,32,2.521640636343318,فذاقت,خسرا,0,0,plain,file
65:10,65,10,17,15,72,3.807763576417194,أعد,ذكرا,0,0,plain,file
65:11,65,11,34,32,153,4.96981578242681,رسولا,رزقا,0,0,plain,file
65:12,65,12,25,22,96,4.373660689688186,الله,علما,0,0,plain,file
66:1,66,1,19,18,76,4.142664355548848,بسم,رحيم,0,0,plain,file
66:2,66,2,11,11,49,3.4594316186372973,قد,الحكيم,0,0,plain,file
66:3,66,3,29,26,114,4.651084443403434,وإذ,الخبير,0,0,plain,file
66:4,66,4,21,20,92,4.297079327540665,إن,ظهير,0,0,plain,file
66:5,66,5,17,17,82,4.087462841250339,عسى,وأبكارا,0,0,plain,file
66:6,66,6,23,22,107,4.436605434317883,يا,يؤمرون,0,0,plain,file
66:7,66,7,12,12,51,3.584962500721156,يا,تعملون,0,0,plain,file
66:8,66,8,46,43,194,5.393127173448318,يا,قدير,0,0,plain,file
66:9,66,9,12,12,62,3.584962500721156,يا,المصير,0,0,plain,file
66:10,66,10,27,25,121,4.60673935401532,ضرب,الداخلين,0,0,plain,file
66:11,66,11,24,21,97,4.334962500721156,وضرب,الظالمين,0,0,plain,file
66:12,66,12,17,16,79,3.9698157824268097,ومريم,القانتين,0,0,plain,file
67:1,67,1,13,13,52,3.7004397181410926,بسم,قدير,0,0,plain,file
67:2,67,2,11,11,53,3.4594316186372973,الذي,الغفور,0,0,plain,file
67:3,67,3,18,15,65,3.8365916681089787,الذي,فطور,0,0,plain,file
67:4,67,4,10,9,42,3.1219280948873624,ثم,حسير,0,0,plain,file
67:5,67,5,12,12,68,3.584962500721156,ولقد,السعير,0,0,plain,file
67:6,67,6,7,7,34,2.8073549220576037,وللذين,المصير,0,0,plain,file
67:7,67,7,8,8,32,3.0,إذا,تفور,0,0,plain,file
67:8,67,8,13,13,53,3.7004397181410926,تكاد,نذير,0,0,plain,file
67:9,67,9,18,18,63,4.169925001442312,قالوا,كبير,0,0,plain,file
67:10,67,10,11,10,39,3.2776134368191157,وقالوا,السعير,0,0,plain,file
67:11,67,11,5,5,31,2.321928094887362,فاعترفوا,السعير,0,0,plain,file
67:12,67,12,9,9,38,3.169925001442312,إن,كبير,0,0,plain,file
67:13,67,13,9,9,38,3.169925001442312,وأسروا,الصدور,0,0,plain,file
67:14,67,14,7,7,27,2.8073549220576037,ألا,الخبير,0,0,plain,file
67:15,67,15,14,14,59,3.807354922057604,هو,النشور,0,0,plain,file
67:16,67,16,11,11,40,3.4594316186372973,أأمنتم,تمور,0,0,plain,file
67:17,67,17,12,12,48,3.584962500721156,أم,نذير,0,0,plain,file
67:18,67,18,8,8,30,3.0,ولقد,نكير,0,0,plain,file
67:19,67,19,15,15,62,3.906890595608519,أولم,بصير,0,0,plain,file
67:20,67,20,15,15,54,3.906890595608519,أمن,غرور,0,0,plain,file
67:21,67,21,12,12,42,3.584962500721156,أمن,ونفور,0,0,plain,file
67:22,67,22,12,10,47,3.2516291673878226,أفمن,مستقيم,0,0,plain,file
67:23,67,23,12,12,55,3.584962500721156,قل,تشكرون,0,0,plain,file
67:24,67,24,8,8,31,3.0,قل,تحشرون,0,0,plain,file
67:25,67,25,7,7,30,2.8073549220576037,ويقولون,صادقين,0,0,plain,file
67:26,67,26,9,9,34,3.169925001442312,قل,مبين,0,0,plain,file
67:27,67,27,13,13,52,3.7004397181410926,فلما,تدعون,0,0,plain,file
67:28,67,28,15,15,58,3.906890595608519,قل,أليم,0,0,plain,file
67:29,67,29,13,12,49,3.546593564294939,قل,مبين,0,0,plain,file
67:30,67,30,10,10,40,3.3219280948873626,قل,معين,0,0,plain,file
68:1,68,1,8,8,35,3.0,بسم,يسطرون,0,0,plain,file
68:2,68,2,5,5,19,2.321928094887362,ما,بمجنون,0,0,plain,file
68:3,68,3,5,5,18,2.321928094887362,وإن,ممنون,0,0,plain,file
68:4,68,4,4,4,15,2.0,وإنك,عظيم,0,0,plain,file
68:5,68,5,2,2,13,1.0,فستبصر,ويبصرون,0,0,plain,file
68:6,68,6,2,2,13,1.0,بأييكم,المفتون,0,0,plain,file
68:7,68,7,11,10,39,3.2776134368191157,إن,بالمهتدين,0,0,plain,file
68:8,68,8,3,3,14,1.584962500721156,فلا,المكذبين,0,0,plain,file
68:9,68,9,4,4,17,2.0,ودوا,فيدهنون,0,0,plain,file
68:10,68,10,5,5,16,2.321928094887362,ولا,مهين,0,0,plain,file
68:11,68,11,3,3,13,1.584962500721156,هماز,بنميم,0,0,plain,file
68:12,68,12,4,4,17,2.0,مناع,أثيم,0,0,plain,file
68:13,68,13,4,4,13,2.0,عتل,زنيم,0,0,plain,file
68:14,68,14,5,5,15,2.321928094887362,أن,وبنين,0,0,plain,file
68:15,68,15,7,7,33,2.8073549220576037,إذا,الأولين,0,0,plain,file
68:16,68,16,3,3,15,1.584962500721156,سنسمه,الخرطوم,0,0,plain,file
68:17,68,17,10,10,50,3.3219280948873626,إنا,مصبحين,0,0,plain,file
68:18,68,18,2,2,10,1.0,ولا,يستثنون,0,0,plain,file
68:19,68,19,7,7,27,2.8073549220576037,فطاف,نائمون,0,0,plain,file
68:20,68,20,2,2,13,1.0,فأصبحت,كالصريم,0,0,plain,file
68:21,68,21,2,2,13,1.0,فتنادوا,مصبحين,0,0,plain,file
68:22,68,22,7,7,27,2.8073549220576037,أن,صارمين,0,0,plain,file
68:23,68,23,3,3,19,1.584962500721156,فانطلقوا,يتخافتون,0,0,plain,file
68:24,68,24,6,6,26,2.584962500721156,أن,مسكين,0,0,plain,file
68:25,68,25,4,4,17,2.0,وغدوا,قادرين,0,0,plain,file
68:26,68,26,5,5,23,2.321928094887362,فلما,لضالون,0,0,plain,file
68:27,68,27,3,3,12,1.584962500721156,بل,محرومون,0,0,plain,file
68:28,68,28,7,7,28,2.8073549220576037,قال,تسبحون,0,0,plain,file
68:29,68,29,6,6,26,2.584962500721156,قالوا,ظالمين,0,0,plain,file
68:30,68,30,5,5,24,2.321928094887362,فأقبل,يتلاومون,0,0,plain,file
68:31,68,31,6,6,23,2.584962500721156,قالوا,طاغين,0,0,plain,file
68:32,68,32,10,9,39,3.1219280948873624,عسى,راغبون,0,0,plain,file
68:33,68,33,8,8,39,3.0,كذلك,يعلمون,0,0,plain,file
68:34,68,34,6,6,26,2.584962500721156,إن,النعيم,0,0,plain,file
68:35,68,35,3,3,23,1.584962500721156,أفنجعل,كالمجرمين,0,0,plain,file
68:36,68,36,4,4,14,2.0,ما,تحكمون,0,0,plain,file
68:37,68,37,5,5,18,2.321928094887362,أم,تدرسون,0,0,plain,file
68:38,68,38,5,5,17,2.321928094887362,إن,تخيرون,0,0,plain,file
68:39,68,39,12,11,47,3.4182958340544896,أم,تحكمون,0,0,plain,file
68:40,68,40,4,4,16,2.0,سلهم,زعيم,0,0,plain,file
68:41,68,41,8,8,38,3.0,أم,صادقين,0,0,plain,file
68:42,68,42,9,9,38,3.169925001442312,يوم,يستطيعون,0,0,plain,file
68:43,68,43,11,11,52,3.4594316186372973,خاشعة,سالمون,0,0,plain,file
68:44,68,44,10,10,44,3.3219280948873626,فذرني,يعلمون,0,0,plain,file
68:45,68,45,5,5,18,2.321928094887362,وأملي,متين,0,0,plain,file
68:46,68,46,7,7,27,2.8073549220576037,أم,مثقلون,0,0,plain,file
68:47,68,47,5,5,21,2.321928094887362,أم,يكتبون,0,0,plain,file
68:48,68,48,11,11,42,3.4594316186372973,فاصبر,مكظوم,0,0,plain,file
68:49,68,49,10,10,40,3.3219280948873626,لولا,مذموم,0,0,plain,file
68:50,68,50,5,5,25,2.321928094887362,فاجتباه,الصالحين,0,0,plain,file
68:51,68,51,12,12,62,3.584962500721156,وإن,لمجنون,0,0,plain,file
68:52,68,52,5,5,19,2.321928094887362,وما,للعالمين,0,0,plain,file
69:1,69,1,5,5,25,2.321928094887362,بسم,الحاقة,0,0,plain,file
69:2,69,2,2,2,8,1.0,ما,الحاقة,0,0,plain,file
69:3,69,3,4,4,16,2.0,وما,الحاقة,0,0,plain,file
69:4,69,4,4,4,20,2.0,كذبت,بالقارعة,0,0,plain,file
69:5,69,5,4,4,23,2.0,فأما,بالطاغية,0,0,plain,file
69:6,69,6,6,6,27,2.584962500721156,وأما,عاتية,0,0,plain,file
69:7,69,7,15,15,68,3.906890595608519,سخرها,خاوية,0,0,plain,file
69:8,69,8,5,5,16,2.321928094887362,فهل,باقية,0,0,plain,file
69:9,69,9,6,6,34,2.584962500721156,وجاء,بالخاطئة,0,0,plain,file
69:10,69,10,6,6,28,2.584962500721156,فعصوا,رابية,0,0,plain,file
69:11,69,11,7,7,30,2.8073549220576037,إنا,الجارية,0,0,plain,file
69:12,69,12,6,6,29,2.584962500721156,لنجعلها,واعية,0,0,plain,file
69:13,69,13,6,6,23,2.584962500721156,فإذا,واحدة,0,0,plain,file
69:14,69,14,6,6,30,2.584962500721156,وحملت,واحدة,0,0,plain,file
69:15,69,15,3,3,17,1.584962500721156,فيومئذ,الواقعة,0,0,plain,file
69:16,69,16,5,5,25,2.321928094887362,وانشقت,واهية,0,0,plain,file
69:17,69,17,9,9,43,3.169925001442312,والملك,ثمانية,0,0,plain,file
69:18,69,18,6,6,26,2.584962500721156,يومئذ,خافية,0,0,plain,file
69:19,69,19,9,9,42,3.169925001442312,فأما,كتابيه,0,0,plain,file
69:20,69,20,5,5,20,2.321928094887362,إني,حسابيه,0,0,plain,file
69:21,69,21,4,4,14,2.0,فهو,راضية,0,0,plain,file
69:22,69,22,3,3,10,1.584962500721156,في,عالية,0,0,plain,file
69:23,69,23,2,2,11,1.0,قطوفها,دانية,0,0,plain,file
69:24,69,24,8,8,40,3.0,كلوا,الخالية,0,0,plain,file
69:25,69,25,11,11,44,3.4594316186372973,وأما,كتابيه,0,0,plain,file
69:26,69,26,4,4,14,2.0,ولم,حسابيه,0,0,plain,file
69:27,69,27,4,4,18,2.0,يا,القاضية,0,0,plain,file
69:28,69,28,4,4,14,2.0,ما,ماليه,0,0,plain,file
69:29,69,29,3,3,13,1.584962500721156,هلك,سلطانيه,0,0,plain,file
69:30,69,30,2,2,9,1.0,خذوه,فغلوه,0,0,plain,file
69:31,69,31,3,3,12,1.584962500721156,ثم,صلوه,0,0,plain,file
69:32,69,32,7,7,31,2.8073549220576037,ثم,فاسلكوه,0,0,plain,file
69:33,69,33,6,6,23,2.584962500721156,إنه,العظيم,0,0,plain,file
69:34,69,34,5,5,20,2.321928094887362,ولا,المسكين,0,0,plain,file
69:35,69,35,5,5,20,2.321928094887362,فليس,حميم,0,0,plain,file
69:36,69,36,5,5,17,2.321928094887362,ولا,غسلين,0,0,plain,file
69:37,69,37,4,4,18,2.0,لا,الخاطئون,0,0,plain,file
69:38,69,38,4,4,16,2.0,فلا,تبصرون,0,0,plain,file
69:39,69,39,3,3,11,1.584962500721156,وما,تبصرون,0,0,plain,file
69:40,69,40,4,4,15,2.0,إنه,كريم,0,0,plain,file
69:41,69,41,7,7,26,2.8073549220576037,وما,تؤمنون,0,0,plain,file
69:42,69,42,6,6,24,2.584962500721156,ولا,تذكرون,0,0,plain,file
69:43,69,43,4,4,17,2.0,تنزيل,العالمين,0,0,plain,file
69:44,69,44,5,5,23,2.321928094887362,ولو,الأقاويل,0,0,plain,file
69:45,69,45,3,3,16,1.584962500721156,لأخذنا,باليمين,0,0,plain,file
69:46,69,46,4,4,17,2.0,ثم,الوتين,0,0,plain,file
69:47,69,47,6,6,21,2.584962500721156,فما,حاجزين,0,0,plain,file
69:48,69,48,3,3,17,1.584962500721156,وإنه,للمتقين,0,0,plain,file
69:49,69,49,5,5,21,2.321928094887362,وإنا,مكذبين,0,0,plain,file
69:50,69,50,4,4,20,2.0,وإنه,الكافرين,0,0,plain,file
69:51,69,51,3,3,13,1.584962500721156,وإنه,اليقين,0,0,plain,file
69:52,69,52,4,4,17,2.0,فسبح,العظيم,0,0,plain,file
70:1,70,1,8,8,35,3.0,بسم,واقع,0,0,plain,file
70:2,70,2,4,4,17,2.0,للكافرين,دافع,0,0,plain,file
70:3,70,3,4,4,15,2.0,من,المعارج,0,0,plain,file
70:4,70,4,11,11,47,3.4594316186372973,تعرج,سنة,0,0,plain,file
70:5,70,5,3,3,14,1.584962500721156,فاصبر,جميلا,0,0,plain,file
70:6,70,6,3,3,14,1.584962500721156,إنهم,بعيدا,0,0,plain,file
70:7,70,7,2,2,10,1.0,ونراه,قريبا,0,0,plain,file
70:8,70,8,4,4,19,2.0,يوم,كالمهل,0,0,plain,file
70:9,70,9,3,3,17,1.584962500721156,وتكون,كالعهن,0,0,plain,file
70:10,70,10,4,4,16,2.0,ولا,حميما,0,0,plain,file
70:11,70,11,9,9,40,3.169925001442312,يبصرونهم,ببنيه,0,0,plain,file
70:12,70,12,2,2,12,1.0,وصاحبته,وأخيه,0,0,plain,file
70:13,70,13,3,3,16,1.584962500721156,وفصيلته,تؤويه,0,0,plain,file
70:14,70,14,6,6,22,2.584962500721156,ومن,ينجيه,0,0,plain,file
70:15,70,15,3,3,10,1.584962500721156,كلا,لظى,0,0,plain,file
70:16,70,16,2,2,10,1.0,نزاعة,للشوى,0,0,plain,file
70:17,70,17,4,4,15,2.0,تدعو,وتولى,0,0,plain,file
70:18,70,18,2,2,9,1.0,وجمع,فأوعى,0,0,plain,file
70:19,70,19,4,4,17,2.0,إن,هلوعا,0,0,plain,file
70:20,70,20,4,4,15,2.0,إذا,جزوعا,0,0,plain,file
70:21,70,21,4,4,17,2.0,وإذا,منوعا,0,0,plain,file
70:22,70,22,2,2,10,1.0,إلا,المصلين,0,0,plain,file
70:23,70,23,5,5,22,2.321928094887362,الذين,دائمون,0,0,plain,file
70:24,70,24,5,5,22,2.321928094887362,والذين,معلوم,0,0,plain,file
70:25,70,25,2,2,14,1.0,للسائل,والمحروم,0,0,plain,file
70:26,70,26,4,4,21,2.0,والذين,الدين,0,0,plain,file
70:27,70,27,6,6,24,2.584962500721156,والذين,مشفقون,0,0,plain,file
70:28,70,28,5,5,18,2.321928094887362,إن,مأمون,0,0,plain,file
70:29,70,29,4,4,21,2.0,والذين,حافظون,0,0,plain,file
70:30,70,30,10,10,42,3.3219280948873626,إلا,ملومين,0,0,plain,file
70:31,70,31,7,7,30,2.8073549220576037,فمن,العادون,0,0,plain,file
70:32,70,32,5,5,28,2.321928094887362,والذين,راعون,0,0,plain,file
70:33,70,33,4,4,23,2.0,والذين,قائمون,0,0,plain,file
70:34,70,34,5,5,24,2.321928094887362,والذين,يحافظون,0,0,plain,file
70:35,70,35,4,4,17,2.0,أولئك,مكرمون,0,0,plain,file
70:36,70,36,5,5,24,2.321928094887362,فمال,مهطعين,0,0,plain,file
70:37,70,37,5,5,21,2.321928094887362,عن,عزين,0,0,plain,file
70:38,70,38,8,8,28,3.0,أيطمع,نعيم,0,0,plain,file
70:39,70,39,5,5,22,2.321928094887362,كلا,يعلمون,0,0,plain,file
70:40,70,40,7,7,35,2.8073549220576037,فلا,لقادرون,0,0,plain,file
70:41,70,41,8,8,31,3.0,على,بمسبوقين,0,0,plain,file
70:42,70,42,8,8,42,3.0,فذرهم,يوعدون,0,0,plain,file
70:43,70,43,9,9,40,3.169925001442312,يوم,يوفضون,0,0,plain,file
70:44,70,44,9,9,44,3.169925001442312,خاشعة,يوعدون,0,0,plain,file
71:1,71,1,18,17,70,4.058813890331201,بسم,أليم,0,0,plain,file
71:2,71,2,7,7,22,2.8073549220576037,قال,مبين,0,0,plain,file
71:3,71,3,5,5,25,2.321928094887362,أن,وأطيعون,0,0,plain,file
71:4,71,4,18,17,65,4.058813890331201,يغفر,تعلمون,0,0,plain,file
71:5,71,5,7,7,26,2.8073549220576037,قال,ونهارا,0,0,plain,file
71:6,71,6,5,5,21,2.321928094887362,فلم,فرارا,0,0,plain,file
71:7,71,7,14,14,79,3.807354922057604,وإني,استكبارا,0,0,plain,file
71:8,71,8,4,4,16,2.0,ثم,جهارا,0,0,plain,file
71:9,71,9,7,6,28,2.521640636343318,ثم,إسرارا,0,0,plain,file
71:10,71,10,6,6,27,2.584962500721156,فقلت,غفارا,0,0,plain,file
71:11,71,11,4,4,21,2.0,يرسل,مدرارا,0,0,plain,file
71:12,71,12,9,7,44,2.725480556997868,ويمددكم,أنهارا,0,0,plain,file
71:13,71,13,6,6,20,2.584962500721156,ما,وقارا,0,0,plain,file
71:14,71,14,3,3,14,1.584962500721156,وقد,أطوارا,0,0,plain,file
71:15,71,15,8,8,31,3.0,ألم,طباقا,0,0,plain,file
71:16,71,16,7,6,31,2.521640636343318,وجعل,سراجا,0,0,plain,file
71:17,71,17,5,5,23,2.321928094887362,والله,نباتا,0,0,plain,file
71:18,71,18,5,5,25,2.321928094887362,ثم,إخراجا,0,0,plain,file
71:19,71,19,5,5,21,2.321928094887362,والله,بساطا,0,0,plain,file
71:20,71,20,4,4,20,2.0,لتسلكوا,فجاجا,0,0,plain,file
71:21,71,21,13,13,49,3.7004397181410926,قال,خسارا,0,0,plain,file
71:22,71,22,3,3,15,1.584962500721156,ومكروا,كبارا,0,0,plain,file
71:23,71,23,13,10,53,3.180832987205441,وقالوا,ونسرا,0,0,plain,file
71:24,71,24,8,8,35,3.0,وقد,ضلالا,0,0,plain,file
71:25,71,25,12,12,54,3.584962500721156,مما,أنصارا,0,0,plain,file
71:26,71,26,10,10,37,3.3219280948873626,وقال,ديارا,0,0,plain,file
71:27,71,27,10,10,41,3.3219280948873626,إنك,كفارا,0,0,plain,file
71:28,71,28,15,15,71,3.906890595608519,رب,تبارا,0,0,plain,file
72:1,72,1,17,17,68,4.087462841250339,بسم,عجبا,0,0,plain,file
72:2,72,2,9,9,35,3.169925001442312,يهدي,أحدا,0,0,plain,file
72:3,72,3,9,9,33,3.169925001442312,وأنه,ولدا,0,0,plain,file
72:4,72,4,7,7,28,2.8073549220576037,وأنه,شططا,0,0,plain,file
72:5,72,5,10,10,37,3.3219280948873626,وأنا,كذبا,0,0,plain,file
72:6,72,6,11,10,46,3.2776134368191157,وأنه,رهقا,0,0,plain,file
72:7,72,7,9,9,33,3.169925001442312,وأنهم,أحدا,0,0,plain,file
72:8,72,8,8,8,41,3.0,وأنا,وشهبا,0,0,plain,file
72:9,72,9,13,13,51,3.7004397181410926,وأنا,رصدا,0,0,plain,file
72:10,72,10,13,13,44,3.7004397181410926,وأنا,رشدا,0,0,plain,file
72:11,72,11,9,9,37,3.169925001442312,وأنا,قددا,0,0,plain,file
72:12,72,12,11,11,39,3.4594316186372973,وأنا,هربا,0,0,plain,file
72:13,72,13,14,14,52,3.807354922057604,وأنا,رهقا,0,0,plain,file
72:14,72,14,10,10,49,3.3219280948873626,وأنا,رشدا,0,0,plain,file
72:15,72,15,5,5,27,2.321928094887362,وأما,حطبا,0,0,plain,file
72:16,72,16,8,8,39,3.0,وأن,غدقا,0,0,plain,file
72:17,72,17,10,10,39,3.3219280948873626,لنفتنهم,صعدا,0,0,plain,file
72:18,72,18,8,8,31,3.0,وأن,أحدا,0,0,plain,file
72:19,72,19,10,10,41,3.3219280948873626,وأنه,لبدا,0,0,plain,file
72:20,72,20,8,8,26,3.0,قل,أحدا,0,0,plain,file
72:21,72,21,8,8,24,3.0,قل,رشدا,0,0,plain,file
72:22,72,22,12,11,40,3.4182958340544896,قل,ملتحدا,0,0,plain,file
72:23,72,23,16,15,64,3.875,إلا,أبدا,0,0,plain,file
72:24,72,24,11,11,45,3.4594316186372973,حتى,عددا,0,0,plain,file
72:25,72,25,11,11,36,3.4594316186372973,قل,أمدا,0,0,plain,file
72:26,72,26,7,7,27,2.8073549220576037,عالم,أحدا,0,0,plain,file
72:27,72,27,13,11,44,3.334679141051595,إلا,رصدا,0,0,plain,file
72:28,72,28,13,13,52,3.7004397181410926,ليعلم,عددا,0,0,plain,file
73:1,73,1,7,7,31,2.8073549220576037,بسم,المزمل,0,0,plain,file
73:2,73,2,4,4,15,2.0,قم,قليلا,0,0,plain,file
73:3,73,3,5,5,18,2.321928094887362,نصفه,قليلا,0,0,plain,file
73:4,73,4,6,6,24,2.584962500721156,أو,ترتيلا,0,0,plain,file
73:5,73,5,5,5,21,2.321928094887362,إنا,ثقيلا,0,0,plain,file
73:6,73,6,8,8,30,3.0,إن,قيلا,0,0,plain,file
73:7,73,7,6,6,21,2.584962500721156,إن,طويلا,0,0,plain,file
73:8,73,8,6,6,26,2.584962500721156,واذكر,تبتيلا,0,0,plain,file
73:9,73,9,9,9,36,3.169925001442312,رب,وكيلا,0,0,plain,file
73:10,73,10,7,7,32,2.8073549220576037,واصبر,جميلا,0,0,plain,file
73:11,73,11,6,6,35,2.584962500721156,وذرني,قليلا,0,0,plain,file
73:12,73,12,4,4,19,2.0,إن,وجحيما,0,0,plain,file
73:13,73,13,5,5,22,2.321928094887362,وطعاما,أليما,0,0,plain,file
73:14,73,14,8,8,40,3.0,يوم,مهيلا,0,0,plain,file
73:15,73,15,11,9,51,3.095795255000934,إنا,رسولا,0,0,plain,file
73:16,73,16,6,6,31,2.584962500721156,فعصى,وبيلا,0,0,plain,file
73:17,73,17,8,8,35,3.0,فكيف,شيبا,0,0,plain,file
73:18,73,18,6,6,26,2.584962500721156,السماء,مفعولا,0,0,plain,file
73:19,73,19,9,9,31,3.169925001442312,إن,سبيلا,0,0,plain,file
73:20,73,20,78,60,329,5.706948174262713,إن,رحيم,0,0,plain,file
74:1,74,1,7,7,31,2.8073549220576037,بسم,المدثر,0,0,plain,file
74:2,74,2,2,2,7,1.0,قم,فأنذر,0,0,plain,file
74:3,74,3,2,2,8,1.0,وربك,فكبر,0,0,plain,file
74:4,74,4,2,2,10,1.0,وثيابك,فطهر,0,0,plain,file
74:5,74,5,2,2,11,1.0,والرجز,فاهجر,0,0,plain,file
74:6,74,6,3,3,13,1.584962500721156,ولا,تستكثر,0,0,plain,file
74:7,74,7,2,2,10,1.0,ولربك,فاصبر,0,0,plain,file
74:8,74,8,4,4,16,2.0,فإذا,الناقور,0,0,plain,file
74:9,74,9,4,4,16,2.0,فذلك,عسير,0,0,plain,file
74:10,74,10,4,4,18,2.0,على,يسير,0,0,plain,file
74:11,74,11,4,4,16,2.0,ذرني,وحيدا,0,0,plain,file
74:12,74,12,4,4,17,2.0,وجعلت,ممدودا,0,0,plain,file
74:13,74,13,2,2,10,1.0,وبنين,شهودا,0,0,plain,file
74:14,74,14,3,3,13,1.584962500721156,ومهدت,تمهيدا,0,0,plain,file
74:15,74,15,4,4,12,2.0,ثم,أزيد,0,0,plain,file
74:16,74,16,5,5,21,2.321928094887362,كلا,عنيدا,0,0,plain,file
74:17,74,17,2,2,11,1.0,سأرهقه,صعودا,0,0,plain,file
74:18,74,18,3,3,10,1.584962500721156,إنه,وقدر,0,0,plain,file
74:19,74,19,3,3,10,1.584962500721156,فقتل,قدر,0,0,plain,file
74:20,74,20,4,4,11,2.0,ثم,قدر,0,0,plain,file
74:21,74,21,2,2,5,1.0,ثم,نظر,0,0,plain,file
74:22,74,22,3,3,9,1.584962500721156,ثم,وبسر,0,0,plain,file
74:23,74,23,3,3,13,1.584962500721156,ثم,واستكبر,0,0,plain,file
74:24,74,24,6,6,19,2.584962500721156,فقال,يؤثر,0,0,plain,file
74:25,74,25,5,5,16,2.321928094887362,إن,البشر,0,0,plain,file
74:26,74,26,2,2,9,1.0,سأصليه,سقر,0,0,plain,file
74:27,74,27,4,4,13,2.0,وما,سقر,0,0,plain,file
74:28,74,28,4,4,12,2.0,لا,تذر,0,0,plain,file
74:29,74,29,2,2,10,1.0,لواحة,للبشر,0,0,plain,file
74:30,74,30,3,3,12,1.584962500721156,عليها,عشر,0,0,plain,file
74:31,74,31,57,42,250,5.201311066796321,وما,للبشر,0,0,plain,file
74:32,74,32,2,2,9,1.0,كلا,والقمر,0,0,plain,file
74:33,74,33,3,3,12,1.584962500721156,والليل,أدبر,0,0,plain,file
74:34,74,34,3,3,13,1.584962500721156,والصبح,أسفر,0,0,plain,file
74:35,74,35,3,3,14,1.584962500721156,إنها,الكبر,0,0,plain,file
74:36,74,36,2,2,10,1.0,نذيرا,للبشر,0,0,plain,file
74:37,74,37,7,7,24,2.8073549220576037,لمن,يتأخر,0,0,plain,file
74:38,74,38,5,5,17,2.321928094887362,كل,رهينة,0,0,plain,file
74:39,74,39,3,3,14,1.584962500721156,إلا,اليمين,0,0,plain,file
74:40,74,40,3,3,14,1.584962500721156,في,يتساءلون,0,0,plain,file
74:41,74,41,2,2,10,1.0,عن,المجرمين,0,0,plain,file
74:42,74,42,4,4,12,2.0,ما,سقر,0,0,plain,file
74:43,74,43,5,5,18,2.321928094887362,قالوا,المصلين,0,0,plain,file
74:44,74,44,4,4,16,2.0,ولم,المسكين,0,0,plain,file
74:45,74,45,4,4,18,2.0,وكنا,الخائضين,0,0,plain,file
74:46,74,46,4,4,17,2.0,وكنا,الدين,0,0,plain,file
74:47,74,47,3,3,14,1.584962500721156,حتى,اليقين,0,0,plain,file
74:48,74,48,4,4,22,2.0,فما,الشافعين,0,0,plain,file
74:49,74,49,5,5,21,2.321928094887362,فما,معرضين,0,0,plain,file
74:50,74,50,3,3,15,1.584962500721156,كأنهم,مستنفرة,0,0,plain,file
74:51,74,51,3,3,10,1.584962500721156,فرت,قسورة,0,0,plain,file
74:52,74,52,9,9,31,3.169925001442312,بل,منشرة,0,0,plain,file
74:53,74,53,5,5,19,2.321928094887362,كلا,الآخرة,0,0,plain,file
74:54,74,54,3,3,11,1.584962500721156,كلا,تذكرة,0,0,plain,file
74:55,74,55,3,3,10,1.584962500721156,فمن,ذكره,0,0,plain,file
74:56,74,56,11,11,44,3.4594316186372973,وما,المغفرة,0,0,plain,file
75:1,75,1,8,8,36,3.0,بسم,القيامة,0,0,plain,file
75:2,75,2,4,4,20,2.0,ولا,اللوامة,0,0,plain,file
75:3,75,3,5,5,24,2.321928094887362,أيحسب,عظامه,0,0,plain,file
75:4,75,4,6,6,23,2.584962500721156,بلى,بنانه,0,0,plain,file
75:5,75,5,5,5,23,2.321928094887362,بل,أمامه,0,0,plain,file
75:6,75,6,4,4,18,2.0,يسأل,القيامة,0,0,plain,file
75:7,75,7,3,3,12,1.584962500721156,فإذا,البصر,0,0,plain,file
75:8,75,8,2,2,9,1.0,وخسف,القمر,0,0,plain,file
75:9,75,9,3,3,15,1.584962500721156,وجمع,والقمر,0,0,plain,file
75:10,75,10,5,5,24,2.321928094887362,يقول,المفر,0,0,plain,file
75:11,75,11,3,3,8,1.584962500721156,كلا,وزر,0,0,plain,file
75:12,75,12,4,4,18,2.0,إلى,المستقر,0,0,plain,file
75:13,75,13,6,6,26,2.584962500721156,ينبأ,وأخر,0,0,plain,file
75:14,75,14,5,5,21,2.321928094887362,بل,بصيرة,0,0,plain,file
75:15,75,15,3,3,14,1.584962500721156,ولو,معاذيره,0,0,plain,file
75:16,75,16,6,5,20,2.2516291673878226,لا,به,0,0,plain,file
75:17,75,17,4,4,17,2.0,إن,وقرآنه,0,0,plain,file
75:18,75,18,4,4,20,2.0,فإذا,قرآنه,0,0,plain,file
75:19,75,19,4,4,14,2.0,ثم,بيانه,0,0,plain,file
75:20,75,20,4,4,17,2.0,كلا,العاجلة,0,0,plain,file
75:21,75,21,2,2,12,1.0,وتذرون,الآخرة,0,0,plain,file
75:22,75,22,3,3,14,1.584962500721156,وجوه,ناضرة,0,0,plain,file
75:23,75,23,3,3,12,1.584962500721156,إلى,ناظرة,0,0,plain,file
75:24,75,24,3,3,15,1.584962500721156,ووجوه,باسرة,0,0,plain,file
75:25,75,25,5,5,17,2.321928094887362,تظن,فاقرة,0,0,plain,file
75:26,75,26,4,4,17,2.0,كلا,التراقي,0,0,plain,file
75:27,75,27,3,3,9,1.584962500721156,وقيل,راق,0,0,plain,file
75:28,75,28,3,3,12,1.584962500721156,وظن,الفراق,0,0,plain,file
75:29,75,29,3,3,17,1.584962500721156,والتفت,بالساق,0,0,plain,file
75:30,75,30,4,4,17,2.0,إلى,المساق,0,0,plain,file
75:31,75,31,4,4,12,2.0,فلا,صلى,0,0,plain,file
75:32,75,32,3,3,12,1.584962500721156,ولكن,وتولى,0,0,plain,file
75:33,75,33,5,5,17,2.321928094887362,ثم,يتمطى,0,0,plain,file
75:34,75,34,3,3,11,1.584962500721156,أولى,فأولى,0,0,plain,file
75:35,75,35,4,4,13,2.0,ثم,فأولى,0,0,plain,file
75:36,75,36,5,5,21,2.321928094887362,أيحسب,سدى,0,0,plain,file
75:37,75,37,6,6,18,2.584962500721156,ألم,يمنى,0,0,plain,file
75:38,75,38,5,5,17,2.321928094887362,ثم,فسوى,0,0,plain,file
75:39,75,39,5,5,26,2.321928094887362,فجعل,والأنثى,0,0,plain,file
75:40,75,40,7,7,27,2.8073549220576037,أليس,الموتى,0,0,plain,file
76:1,76,1,15,15,59,3.906890595608519,بسم,مذكورا,0,0,plain,file
76:2,76,2,10,10,49,3.3219280948873626,إنا,بصيرا,0,0,plain,file
76:3,76,3,7,7,32,2.8073549220576037,إنا,كفورا,0,0,plain,file
76:4,76,4,6,6,35,2.584962500721156,إنا,وسعيرا,0,0,plain,file
76:5,76,5,8,8,35,3.0,إن,كافورا,0,0,plain,file
76:6,76,6,7,7,33,2.8073549220576037,عينا,تفجيرا,0,0,plain,file
76:7,76,7,7,7,35,2.8073549220576037,يوفون,مستطيرا,0,0,plain,file
76:8,76,8,7,7,37,2.8073549220576037,ويطعمون,وأسيرا,0,0,plain,file
76:9,76,9,10,10,40,3.3219280948873626,إنما,شكورا,0,0,plain,file
76:10,76,10,7,7,29,2.8073549220576037,إنا,قمطريرا,0,0,plain,file
76:11,76,11,8,8,36,3.0,فوقاهم,وسرورا,0,0,plain,file
76:12,76,12,5,5,23,2.321928094887362,وجزاهم,وحريرا,0,0,plain,file
76:13,76,13,10,9,44,3.1219280948873624,متكئين,زمهريرا,0,0,plain,file
76:14,76,14,6,6,34,2.584962500721156,ودانية,تذليلا,0,0,plain,file
76:15,76,15,8,8,37,3.0,ويطاف,قواريرا,0,0,plain,file
76:16,76,16,5,5,23,2.321928094887362,قوارير,تقديرا,0,0,plain,file
76:17,76,17,6,6,30,2.584962500721156,ويسقون,زنجبيلا,0,0,plain,file
76:18,76,18,4,4,19,2.0,عينا,سلسبيلا,0,0,plain,file
76:19,76,19,9,9,47,3.169925001442312,ويطوف,منثورا,0,0,plain,file
76:20,76,20,7,6,29,2.521640636343318,وإذا,كبيرا,0,0,plain,file
76:21,76,21,13,13,59,3.7004397181410926,عاليهم,طهورا,0,0,plain,file
76:22,76,22,8,8,30,3.0,إن,مشكورا,0,0,plain,file
76:23,76,23,6,6,27,2.584962500721156,إنا,تنزيلا,0,0,plain,file
76:24,76,24,9,9,33,3.169925001442312,فاصبر,كفورا,0,0,plain,file
76:25,76,25,5,5,21,2.321928094887362,واذكر,وأصيلا,0,0,plain,file
76:26,76,26,7,7,29,2.8073549220576037,ومن,طويلا,0,0,plain,file
76:27,76,27,8,8,40,3.0,إن,ثقيلا,0,0,plain,file
76:28,76,28,9,9,47,3.169925001442312,نحن,تبديلا,0,0,plain,file
76:29,76,29,9,9,31,3.169925001442312,إن,سبيلا,0,0,plain,file
76:30,76,30,11,10,41,3.2776134368191157,وما,حكيما,0,0,plain,file
76:31,76,31,10,10,42,3.3219280948873626,يدخل,أليما,0,0,plain,file
77:1,77,1,6,6,32,2.584962500721156,بسم,عرفا,0,0,plain,file
77:2,77,2,2,2,13,1.0,فالعاصفات,عصفا,0,0,plain,file
77:3,77,3,2,2,13,1.0,والناشرات,نشرا,0,0,plain,file
77:4,77,4,2,2,13,1.0,فالفارقات,فرقا,0,0,plain,file
77:5,77,5,2,2,13,1.0,فالملقيات,ذكرا,0,0,plain,file
77:6,77,6,3,3,10,1.584962500721156,عذرا,نذرا,0,0,plain,file
77:7,77,7,3,3,15,1.584962500721156,إنما,لواقع,0,0,plain,file
77:8,77,8,3,3,14,1.584962500721156,فإذا,طمست,0,0,plain,file
77:9,77,9,3,3,14,1.584962500721156,وإذا,فرجت,0,0,plain,file
77:10,77,10,3,3,14,1.584962500721156,وإذا,نسفت,0,0,plain,file
77:11,77,11,3,3,13,1.584962500721156,وإذا,أقتت,0,0,plain,file
77:12,77,12,3,3,10,1.584962500721156,لأي,أجلت,0,0,plain,file
77:13,77,13,2,2,9,1.0,ليوم,الفصل,0,0,plain,file
77:14,77,14,5,5,18,2.321928094887362,وما,الفصل,0,0,plain,file
77:15,77,15,3,3,16,1.584962500721156,ويل,للمكذبين,0,0,plain,file
77:16,77,16,3,3,14,1.584962500721156,ألم,الأولين,0,0,plain,file
77:17,77,17,3,3,15,1.584962500721156,ثم,الآخرين,0,0,plain,file
77:18,77,18,3,3,17,1.584962500721156,كذلك,بالمجرمين,0,0,plain,file
77:19,77,19,3,3,16,1.584962500721156,ويل,للمكذبين,0,0,plain,file
77:20,77,20,5,5,18,2.321928094887362,ألم,مهين,0,0,plain,file
77:21,77,21,4,4,17,2.0,فجعلناه,مكين,0,0,plain,file
77:22,77,22,3,3,11,1.584962500721156,إلى,معلوم,0,0,plain,file
77:23,77,23,3,3,18,1.584962500721156,فقدرنا,القادرون,0,0,plain,file
77:24,77,24,3,3,16,1.584962500721156,ويل,للمكذبين,0,0,plain,file
77:25,77,25,4,4,17,2.0,ألم,كفاتا,0,0,plain,file
77:26,77,26,2,2,12,1.0,أحياء,وأمواتا,0,0,plain,file
77:27,77,27,7,7,38,2.8073549220576037,وجعلنا,فراتا,0,0,plain,file
77:28,77,28,3,3,16,1.584962500721156,ويل,للمكذبين,0,0,plain,file
77:29,77,29,6,6,24,2.584962500721156,انطلقوا,تكذبون,0,0,plain,file
77:30,77,30,6,6,21,2.584962500721156,انطلقوا,شعب,0,0,plain,file
77:31,77,31,6,6,20,2.584962500721156,لا,اللهب,0,0,plain,file
77:32,77,32,4,4,18,2.0,إنها,كالقصر,0,0,plain,file
77:33,77,33,3,3,12,1.584962500721156,كأنه,صفر,0,0,plain,file
77:34,77,34,3,3,16,1.584962500721156,ويل,للمكذبين,0,0,plain,file
77:35,77,35,4,4,14,2.0,هذا,ينطقون,0,0,plain,file
77:36,77,36,4,4,18,2.0,ولا,فيعتذرون,0,0,plain,file
77:37,77,37,3,3,16,1.584962500721156,ويل,للمكذبين,0,0,plain,file
77:38,77,38,5,5,26,2.321928094887362,هذا,والأولين,0,0,plain,file
77:39,77,39,5,5,18,2.321928094887362,فإن,فكيدون,0,0,plain,file
77:40,77,40,3,3,16,1.584962500721156,ويل,للمكذبين,0,0,plain,file
77:41,77,41,5,5,20,2.321928094887362,إن,وعيون,0,0,plain,file
77:42,77,42,3,3,15,1.584962500721156,وفواكه,يشتهون,0,0,plain,file
77:43,77,43,6,6,29,2.584962500721156,كلوا,تعملون,0,0,plain,file
77:44,77,44,4,4,19,2.0,إنا,المحسنين,0,0,plain,file
77:45,77,45,3,3,16,1.584962500721156,ويل,للمكذبين,0,0,plain,file
77:46,77,46,5,5,26,2.321928094887362,كلوا,مجرمون,0,0,plain,file
77:47,77,47,3,3,16,1.584962500721156,ويل,للمكذبين,0,0,plain,file
77:48,77,48,6,6,24,2.584962500721156,وإذا,يركعون,0,0,plain,file
77:49,77,49,3,3,16,1.584962500721156,ويل,للمكذبين,0,0,plain,file
77:50,77,50,4,4,18,2.0,فبأي,يؤمنون,0,0,plain,file
78:1,78,1,6,6,29,2.584962500721156,بسم,يتساءلون,0,0,plain,file
78:2,78,2,3,3,13,1.584962500721156,عن,العظيم,0,0,plain,file
78:3,78,3,4,4,16,2.0,الذي,مختلفون,0,0,plain,file
78:4,78,4,2,2,10,1.0,كلا,سيعلمون,0,0,plain,file
78:5,78,5,3,3,12,1.584962500721156,ثم,سيعلمون,0,0,plain,file
78:6,78,6,4,4,17,2.0,ألم,مهادا,0,0,plain,file
78:7,78,7,2,2,13,1.0,والجبال,أوتادا,0,0,plain,file
78:8,78,8,2,2,14,1.0,وخلقناكم,أزواجا,0,0,plain,file
78:9,78,9,3,3,16,1.584962500721156,وجعلنا,سباتا,0,0,plain,file
78:10,78,10,3,3,16,1.584962500721156,وجعلنا,لباسا,0,0,plain,file
78:11,78,11,3,3,17,1.584962500721156,وجعلنا,معاشا,0,0,plain,file
78:12,78,12,4,4,20,2.0,وبنينا,شدادا,0,0,plain,file
78:13,78,13,3,3,16,1.584962500721156,وجعلنا,وهاجا,0,0,plain,file
78:14,78,14,5,5,25,2.321928094887362,وأنزلنا,ثجاجا,0,0,plain,file
78:15,78,15,4,4,16,2.0,لنخرج,ونباتا,0,0,plain,file
78:16,78,16,2,2,11,1.0,وجنات,ألفافا,0,0,plain,file
78:17,78,17,5,5,19,2.321928094887362,إن,ميقاتا,0,0,plain,file
78:18,78,18,6,6,26,2.584962500721156,يوم,أفواجا,0,0,plain,file
78:19,78,19,4,4,22,2.0,وفتحت,أبوابا,0,0,plain,file
78:20,78,20,4,4,21,2.0,وسيرت,سرابا,0,0,plain,file
78:21,78,21,4,4,16,2.0,إن,مرصادا,0,0,plain,file
78:22,78,22,2,2,11,1.0,للطاغين,مآبا,0,0,plain,file
78:23,78,23,3,3,16,1.584962500721156,لابثين,أحقابا,0,0,plain,file
78:24,78,24,6,6,24,2.584962500721156,لا,شرابا,0,0,plain,file
78:25,78,25,3,3,14,1.584962500721156,إلا,وغساقا,0,0,plain,file
78:26,78,26,2,2,9,1.0,جزاء,وفاقا,0,0,plain,file
78:27,78,27,5,5,21,2.321928094887362,إنهم,حسابا,0,0,plain,file
78:28,78,28,3,3,18,1.584962500721156,وكذبوا,كذابا,0,0,plain,file
78:29,78,29,4,4,18,2.0,وكل,كتابا,0,0,plain,file
78:30,78,30,5,5,23,2.321928094887362,فذوقوا,عذابا,0,0,plain,file
78:31,78,31,3,3,14,1.584962500721156,إن,مفازا,0,0,plain,file
78:32,78,32,2,2,12,1.0,حدائق,وأعنابا,0,0,plain,file
78:33,78,33,2,2,12,1.0,وكواعب,أترابا,0,0,plain,file
78:34,78,34,2,2,10,1.0,وكأسا,دهاقا,0,0,plain,file
78:35,78,35,6,6,24,2.584962500721156,لا,كذابا,0,0,plain,file
78:36,78,36,5,5,18,2.321928094887362,جزاء,حسابا,0,0,plain,file
78:37,78,37,10,10,47,3.3219280948873626,رب,خطابا,0,0,plain,file
78:38,78,38,14,14,58,3.807354922057604,يوم,صوابا,0,0,plain,file
78:39,78,39,9,9,32,3.169925001442312,ذلك,مآبا,0,0,plain,file
78:40,78,40,16,16,69,4.0,إنا,ترابا,0,0,plain,file
79:1,79,1,6,6,32,2.584962500721156,بسم,غرقا,0,0,plain,file
79:2,79,2,2,2,13,1.0,والناشطات,نشطا,0,0,plain,file
79:3,79,3,2,2,13,1.0,والسابحات,سبحا,0,0,plain,file
79:4,79,4,2,2,13,1.0,فالسابقات,سبقا,0,0,plain,file
79:5,79,5,2,2,13,1.0,فالمدبرات,أمرا,0,0,plain,file
79:6,79,6,3,3,14,1.584962500721156,يوم,الراجفة,0,0,plain,file
79:7,79,7,2,2,13,1.0,تتبعها,الرادفة,0,0,plain,file
79:8,79,8,3,3,14,1.584962500721156,قلوب,واجفة,0,0,plain,file
79:9,79,9,2,2,12,1.0,أبصارها,خاشعة,0,0,plain,file
79:10,79,10,5,5,27,2.321928094887362,يقولون,الحافرة,0,0,plain,file
79:11,79,11,4,4,16,2.0,أإذا,نخرة,0,0,plain,file
79:12,79,12,5,5,19,2.321928094887362,قالوا,خاسرة,0,0,plain,file
79:13,79,13,4,4,16,2.0,فإنما,واحدة,0,0,plain,file
79:14,79,14,3,3,14,1.584962500721156,فإذا,بالساهرة,0,0,plain,file
79:15,79,15,4,4,14,2.0,هل,موسى,0,0,plain,file
79:16,79,16,6,6,25,2.584962500721156,إذ,طوى,0,0,plain,file
79:17,79,17,5,5,18,2.321928094887362,اذهب,طغى,0,0,plain,file
79:18,79,18,6,6,16,2.584962500721156,فقل,تزكى,0,0,plain,file
79:19,79,19,4,4,17,2.0,وأهديك,فتخشى,0,0,plain,file
79:20,79,20,3,3,16,1.584962500721156,فأراه,الكبرى,0,0,plain,file
79:21,79,21,2,2,8,1.0,فكذب,وعصى,0,0,plain,file
79:22,79,22,3,3,10,1.584962500721156,ثم,يسعى,0,0,plain,file
79:23,79,23,2,2,9,1.0,فحشر,فنادى,0,0,plain,file
79:24,79,24,4,4,17,2.0,فقال,الأعلى,0,0,plain,file
79:25,79,25,5,5,26,2.321928094887362,فأخذه,والأولى,0,0,plain,file
79:26,79,26,6,6,19,2.584962500721156,إن,يخشى,0,0,plain,file
79:27,79,27,6,6,25,2.584962500721156,أأنتم,بناها,0,0,plain,file
79:28,79,28,3,3,14,1.584962500721156,رفع,فسواها,0,0,plain,file
79:29,79,29,4,4,20,2.0,وأغطش,ضحاها,0,0,plain,file
79:30,79,30,4,4,17,2.0,والأرض,دحاها,0,0,plain,file
79:31,79,31,4,4,20,2.0,أخرج,ومرعاها,0,0,plain,file
79:32,79,32,2,2,13,1.0,والجبال,أرساها,0,0,plain,file
79:33,79,33,3,3,17,1.584962500721156,متاعا,ولأنعامكم,0,0,plain,file
79:34,79,34,4,4,20,2.0,فإذا,الكبرى,0,0,plain,file
79:35,79,35,5,5,20,2.321928094887362,يوم,سعى,0,0,plain,file
79:36,79,36,4,4,17,2.0,وبرزت,يرى,0,0,plain,file
79:37,79,37,3,3,9,1.584962500721156,فأما,طغى,0,0,plain,file
79:38,79,38,3,3,16,1.584962500721156,وآثر,الدنيا,0,0,plain,file
79:39,79,39,4,4,17,2.0,فإن,المأوى,0,0,plain,file
79:40,79,40,9,9,32,3.169925001442312,وأما,الهوى,0,0,plain,file
79:41,79,41,4,4,16,2.0,فإن,المأوى,0,0,plain,file
79:42,79,42,5,5,25,2.321928094887362,يسألونك,مرساها,0,0,plain,file
79:43,79,43,4,4,14,2.0,فيم,ذكراها,0,0,plain,file
79:44,79,44,3,3,13,1.584962500721156,إلى,منتهاها,0,0,plain,file
79:45,79,45,5,5,19,2.321928094887362,إنما,يخشاها,0,0,plain,file
79:46,79,46,9,9,36,3.169925001442312,كأنهم,ضحاها,0,0,plain,file
80:1,80,1,6,6,27,2.584962500721156,بسم,وتولى,0,0,plain,file
80:2,80,2,3,3,12,1.584962500721156,أن,الأعمى,0,0,plain,file
80:3,80,3,4,4,16,2.0,وما,يزكى,0,0,plain,file
80:4,80,4,4,4,18,2.0,أو,الذكرى,0,0,plain,file
80:5,80,5,3,3,11,1.584962500721156,أما,استغنى,0,0,plain,file
80:6,80,6,3,3,10,1.584962500721156,فأنت,تصدى,0,0,plain,file
80:7,80,7,4,4,14,2.0,وما,يزكى,0,0,plain,file
80:8,80,8,4,4,14,2.0,وأما,يسعى,0,0,plain,file
80:9,80,9,2,2,7,1.0,وهو,يخشى,0,0,plain,file
80:10,80,10,3,3,11,1.584962500721156,فأنت,تلهى,0,0,plain,file
80:11,80,11,3,3,12,1.584962500721156,كلا,تذكرة,0,0,plain,file
80:12,80,12,3,3,10,1.584962500721156,فمن,ذكره,0,0,plain,file
80:13,80,13,3,3,10,1.584962500721156,في,مكرمة,0,0,plain,file
80:14,80,14,2,2,11,1.0,مرفوعة,مطهرة,0,0,plain,file
80:15,80,15,2,2,9,1.0,بأيدي,سفرة,0,0,plain,file
80:16,80,16,2,2,8,1.0,كرام,بررة,0,0,plain,file
80:17,80,17,4,4,17,2.0,قتل,أكفره,0,0,plain,file
80:18,80,18,4,4,11,2.0,من,خلقه,0,0,plain,file
80:19,80,19,4,4,15,2.0,من,فقدره,0,0,plain,file
80:20,80,20,3,3,12,1.584962500721156,ثم,يسره,0,0,plain,file
80:21,80,21,3,3,13,1.584962500721156,ثم,فأقبره,0,0,plain,file
80:22,80,22,4,4,13,2.0,ثم,أنشره,0,0,plain,file
80:23,80,23,5,5,15,2.321928094887362,كلا,أمره,0,0,plain,file
80:24,80,24,4,4,21,2.0,فلينظر,طعامه,0,0,plain,file
80:25,80,25,4,4,16,2.0,أنا,صبا,0,0,plain,file
80:26,80,26,4,4,15,2.0,ثم,شقا,0,0,plain,file
80:27,80,27,3,3,14,1.584962500721156,فأنبتنا,حبا,0,0,plain,file
80:28,80,28,2,2,10,1.0,وعنبا,وقضبا,0,0,plain,file
80:29,80,29,2,2,12,1.0,وزيتونا,ونخلا,0,0,plain,file
80:30,80,30,2,2,10,1.0,وحدائق,غلبا,0,0,plain,file
80:31,80,31,2,2,10,1.0,وفاكهة,وأبا,0,0,plain,file
80:32,80,32,3,3,17,1.584962500721156,متاعا,ولأنعامكم,0,0,plain,file
80:33,80,33,3,3,14,1.584962500721156,فإذا,الصاخة,0,0,plain,file
80:34,80,34,5,5,17,2.321928094887362,يوم,أخيه,0,0,plain,file
80:35,80,35,2,2,9,1.0,وأمه,وأبيه,0,0,plain,file
80:36,80,36,2,2,12,1.0,وصاحبته,وبنيه,0,0,plain,file
80:37,80,37,6,6,24,2.584962500721156,لكل,يغنيه,0,0,plain,file
80:38,80,38,3,3,14,1.584962500721156,وجوه,مسفرة,0,0,plain,file
80:39,80,39,2,2,12,1.0,ضاحكة,مستبشرة,0,0,plain,file
80:40,80,40,4,4,19,2.0,ووجوه,غبرة,0,0,plain,file
80:41,80,41,2,2,10,1.0,ترهقها,قترة,0,0,plain,file
80:42,80,42,4,4,19,2.0,أولئك,الفجرة,0,0,plain,file
81:1,81,1,7,7,31,2.8073549220576037,بسم,كورت,0,0,plain,file
81:2,81,2,3,3,16,1.584962500721156,وإذا,انكدرت,0,0,plain,file
81:3,81,3,3,3,14,1.584962500721156,وإذا,سيرت,0,0,plain,file
81:4,81,4,3,3,14,1.584962500721156,وإذا,عطلت,0,0,plain,file
81:5,81,5,3,3,14,1.584962500721156,وإذا,حشرت,0,0,plain,file
81:6,81,6,3,3,14,1.584962500721156,وإذا,سجرت,0,0,plain,file
81:7,81,7,3,3,14,1.584962500721156,وإذا,زوجت,0,0,plain,file
81:8,81,8,3,3,16,1.584962500721156,وإذا,سئلت,0,0,plain,file
81:9,81,9,3,3,10,1.584962500721156,بأي,قتلت,0,0,plain,file
81:10,81,10,3,3,13,1.584962500721156,وإذا,نشرت,0,0,plain,file
81:11,81,11,3,3,14,1.584962500721156,وإذا,كشطت,0,0,plain,file
81:12,81,12,3,3,14,1.584962500721156,وإذا,سعرت,0,0,plain,file
81:13,81,13,3,3,14,1.584962500721156,وإذا,أزلفت,0,0,plain,file
81:14,81,14,4,4,14,2.0,علمت,أحضرت,0,0,plain,file
81:15,81,15,3,3,13,1.584962500721156,فلا,بالخنس,0,0,plain,file
81:16,81,16,2,2,11,1.0,الجوار,الكنس,0,0,plain,file
81:17,81,17,3,3,13,1.584962500721156,والليل,عسعس,0,0,plain,file
81:18,81,18,3,3,13,1.584962500721156,والصبح,تنفس,0,0,plain,file
81:19,81,19,4,4,15,2.0,إنه,كريم,0,0,plain,file
81:20,81,20,6,5,19,2.2516291673878226,ذي,مكين,0,0,plain,file
81:21,81,21,3,3,10,1.584962500721156,مطاع,أمين,0,0,plain,file
81:22,81,22,3,3,15,1.584962500721156,وما,بمجنون,0,0,plain,file
81:23,81,23,4,4,19,2.0,ولقد,المبين,0,0,plain,file
81:24,81,24,5,5,18,2.321928094887362,وما,بضنين,0,0,plain,file
81:25,81,25,5,5,18,2.321928094887362,وما,رجيم,0,0,plain,file
81:26,81,26,2,2,10,1.0,فأين,تذهبون,0,0,plain,file
81:27,81,27,5,5,18,2.321928094887362,إن,للعالمين,0,0,plain,file
81:28,81,28,5,5,18,2.321928094887362,لمن,يستقيم,0,0,plain,file
81:29,81,29,8,8,32,3.0,وما,العالمين,0,0,plain,file
82:1,82,1,7,7,34,2.8073549220576037,بسم,انفطرت,0,0,plain,file
82:2,82,2,3,3,17,1.584962500721156,وإذا,انتثرت,0,0,plain,file
82:3,82,3,3,3,14,1.584962500721156,وإذا,فجرت,0,0,plain,file
82:4,82,4,3,3,15,1.584962500721156,وإذا,بعثرت,0,0,plain,file
82:5,82,5,5,5,18,2.321928094887362,علمت,وأخرت,0,0,plain,file
82:6,82,6,7,7,28,2.8073549220576037,يا,الكريم,0,0,plain,file
82:7,82,7,4,4,18,2.0,الذي,فعدلك,0,0,plain,file
82:8,82,8,6,6,17,2.584962500721156,في,ركبك,0,0,plain,file
82:9,82,9,4,4,17,2.0,كلا,بالدين,0,0,plain,file
82:10,82,10,3,3,15,1.584962500721156,وإن,لحافظين,0,0,plain,file
82:11,82,11,2,2,11,1.0,كراما,كاتبين,0,0,plain,file
82:12,82,12,3,3,14,1.584962500721156,يعلمون,تفعلون,0,0,plain,file
82:13,82,13,4,4,16,2.0,إن,نعيم,0,0,plain,file
82:14,82,14,4,4,16,2.0,وإن,جحيم,0,0,plain,file
82:15,82,15,3,3,15,1.584962500721156,يصلونها,الدين,0,0,plain,file
82:16,82,16,4,4,16,2.0,وما,بغائبين,0,0,plain,file
82:17,82,17,5,5,18,2.321928094887362,وما,الدين,0,0,plain,file
82:18,82,18,6,5,19,2.2516291673878226,ثم,الدين,0,0,plain,file
82:19,82,19,9,9,34,3.169925001442312,يوم,لله,0,0,plain,file
83:1,83,1,6,6,30,2.584962500721156,بسم,للمطففين,0,0,plain,file
83:2,83,2,6,6,30,2.584962500721156,الذين,يستوفون,0,0,plain,file
83:3,83,3,5,5,24,2.321928094887362,وإذا,يخسرون,0,0,plain,file
83:4,83,4,5,5,22,2.321928094887362,ألا,مبعوثون,0,0,plain,file
83:5,83,5,2,2,8,1.0,ليوم,عظيم,0,0,plain,file
83:6,83,6,5,5,23,2.321928094887362,يوم,العالمين,0,0,plain,file
83:7,83,7,6,6,22,2.584962500721156,كلا,سجين,0,0,plain,file
83:8,83,8,4,4,14,2.0,وما,سجين,0,0,plain,file
83:9,83,9,2,2,9,1.0,كتاب,مرقوم,0,0,plain,file
83:10,83,10,3,3,16,1.584962500721156,ويل,للمكذبين,0,0,plain,file
83:11,83,11,4,4,20,2.0,الذين,الدين,0,0,plain,file
83:12,83,12,7,7,22,2.8073549220576037,وما,أثيم,0,0,plain,file
83:13,83,13,7,7,33,2.8073549220576037,إذا,الأولين,0,0,plain,file
83:14,83,14,8,8,30,3.0,كلا,يكسبون,0,0,plain,file
83:15,83,15,6,6,26,2.584962500721156,كلا,لمحجوبون,0,0,plain,file
83:16,83,16,4,4,17,2.0,ثم,الجحيم,0,0,plain,file
83:17,83,17,7,7,25,2.8073549220576037,ثم,تكذبون,0,0,plain,file
83:18,83,18,6,6,24,2.584962500721156,كلا,عليين,0,0,plain,file
83:19,83,19,4,4,15,2.0,وما,عليون,0,0,plain,file
83:20,83,20,2,2,9,1.0,كتاب,مرقوم,0,0,plain,file
83:21,83,21,2,2,13,1.0,يشهده,المقربون,0,0,plain,file
83:22,83,22,4,4,16,2.0,إن,نعيم,0,0,plain,file
83:23,83,23,3,3,16,1.584962500721156,على,ينظرون,0,0,plain,file
83:24,83,24,5,5,22,2.321928094887362,تعرف,النعيم,0,0,plain,file
83:25,83,25,4,4,16,2.0,يسقون,مختوم,0,0,plain,file
83:26,83,26,6,6,32,2.584962500721156,ختامه,المتنافسون,0,0,plain,file
83:27,83,27,3,3,13,1.584962500721156,ومزاجه,تسنيم,0,0,plain,file
83:28,83,28,4,4,19,2.0,عينا,المقربون,0,0,plain,file
83:29,83,29,8,7,36,2.75,إن,يضحكون,0,0,plain,file
83:30,83,30,4,4,19,2.0,وإذا,يتغامزون,0,0,plain,file
83:31,83,31,6,5,31,2.2516291673878226,وإذا,فكهين,0,0,plain,file
83:32,83,32,6,6,27,2.584962500721156,وإذا,لضالون,0,0,plain,file
83:33,83,33,4,4,20,2.0,وما,حافظين,0,0,plain,file
83:34,83,34,6,6,30,2.584962500721156,فاليوم,يضحكون,0,0,plain,file
83:35,83,35,3,3,16,1.584962500721156,على,ينظرون,0,0,plain,file
83:36,83,36,6,6,24,2.584962500721156,هل,يفعلون,0,0,plain,file
84:1,84,1,7,7,33,2.8073549220576037,بسم,انشقت,0,0,plain,file
84:2,84,2,3,3,14,1.584962500721156,وأذنت,وحقت,0,0,plain,file
84:3,84,3,3,3,12,1.584962500721156,وإذا,مدت,0,0,plain,file
84:4,84,4,4,4,16,2.0,وألقت,وتخلت,0,0,plain,file
84:5,84,5,3,3,14,1.584962500721156,وأذنت,وحقت,0,0,plain,file
84:6,84,6,9,9,37,3.169925001442312,يا,فملاقيه,0,0,plain,file
84:7,84,7,5,5,21,2.321928094887362,فأما,بيمينه,0,0,plain,file
84:8,84,8,4,4,19,2.0,فسوف,يسيرا,0,0,plain,file
84:9,84,9,4,4,19,2.0,وينقلب,مسرورا,0,0,plain,file
84:10,84,10,6,6,23,2.584962500721156,وأما,ظهره,0,0,plain,file
84:11,84,11,3,3,13,1.584962500721156,فسوف,ثبورا,0,0,plain,file
84:12,84,12,2,2,10,1.0,ويصلى,سعيرا,0,0,plain,file
84:13,84,13,5,5,18,2.321928094887362,إنه,مسرورا,0,0,plain,file
84:14,84,14,5,5,13,2.321928094887362,إنه,يحور,0,0,plain,file
84:15,84,15,6,6,18,2.584962500721156,بلى,بصيرا,0,0,plain,file
84:16,84,16,3,3,13,1.584962500721156,فلا,بالشفق,0,0,plain,file
84:17,84,17,3,3,12,1.584962500721156,والليل,وسق,0,0,plain,file
84:18,84,18,3,3,13,1.584962500721156,والقمر,اتسق,0,0,plain,file
84:19,84,19,4,4,15,2.0,لتركبن,طبق,0,0,plain,file
84:20,84,20,4,4,14,2.0,فما,يؤمنون,0,0,plain,file
84:21,84,21,6,6,26,2.584962500721156,وإذا,يسجدون,0,0,plain,file
84:22,84,22,4,4,18,2.0,بل,يكذبون,0,0,plain,file
84:23,84,23,4,4,17,2.0,والله,يوعون,0,0,plain,file
84:24,84,24,3,3,15,1.584962500721156,فبشرهم,أليم,0,0,plain,file
84:25,84,25,9,9,41,3.169925001442312,إلا,ممنون,0,0,plain,file
85:1,85,1,7,7,35,2.8073549220576037,بسم,البروج,0,0,plain,file
85:2,85,2,2,2,13,1.0,واليوم,الموعود,0,0,plain,file
85:3,85,3,2,2,11,1.0,وشاهد,ومشهود,0,0,plain,file
85:4,85,4,3,3,15,1.584962500721156,قتل,الأخدود,0,0,plain,file
85:5,85,5,3,3,14,1.584962500721156,النار,الوقود,0,0,plain,file
85:6,85,6,4,4,13,2.0,إذ,قعود,0,0,plain,file
85:7,85,7,6,6,27,2.584962500721156,وهم,شهود,0,0,plain,file
85:8,85,8,9,9,40,3.169925001442312,وما,الحميد,0,0,plain,file
85:9,85,9,10,10,40,3.3219280948873626,الذي,شهيد,0,0,plain,file
85:10,85,10,14,13,65,3.6644977792004614,إن,الحريق,0,0,plain,file
85:11,85,11,14,14,65,3.807354922057604,إن,الكبير,0,0,plain,file
85:12,85,12,4,4,13,2.0,إن,لشديد,0,0,plain,file
85:13,85,13,4,4,14,2.0,إنه,ويعيد,0,0,plain,file
85:14,85,14,3,3,15,1.584962500721156,وهو,الودود,0,0,plain,file
85:15,85,15,3,3,13,1.584962500721156,ذو,المجيد,0,0,plain,file
85:16,85,16,3,3,11,1.584962500721156,فعال,يريد,0,0,plain,file
85:17,85,17,4,4,16,2.0,هل,الجنود,0,0,plain,file
85:18,85,18,2,2,10,1.0,فرعون,وثمود,0,0,plain,file
85:19,85,19,5,5,19,2.321928094887362,بل,تكذيب,0,0,plain,file
85:20,85,20,4,4,17,2.0,والله,محيط,0,0,plain,file
85:21,85,21,4,4,12,2.0,بل,مجيد,0,0,plain,file
85:22,85,22,3,3,10,1.584962500721156,في,محفوظ,0,0,plain,file
86:1,86,1,6,6,33,2.584962500721156,بسم,والطارق,0,0,plain,file
86:2,86,2,4,4,16,2.0,وما,الطارق,0,0,plain,file
86:3,86,3,2,2,11,1.0,النجم,الثاقب,0,0,plain,file
86:4,86,4,6,6,19,2.584962500721156,إن,حافظ,0,0,plain,file
86:5,86,5,4,4,18,2.0,فلينظر,خلق,0,0,plain,file
86:6,86,6,4,4,12,2.0,خلق,دافق,0,0,plain,file
86:7,86,7,5,5,22,2.321928094887362,يخرج,والترائب,0,0,plain,file
86:8,86,8,4,4,15,2.0,إنه,لقادر,0,0,plain,file
86:9,86,9,3,3,14,1.584962500721156,يوم,السرائر,0,0,plain,file
86:10,86,10,6,6,17,2.584962500721156,فما,ناصر,0,0,plain,file
86:11,86,11,3,3,15,1.584962500721156,والسماء,الرجع,0,0,plain,file
86:12,86,12,3,3,14,1.584962500721156,والأرض,الصدع,0,0,plain,file
86:13,86,13,3,3,10,1.584962500721156,إنه,فصل,0,0,plain,file
86:14,86,14,3,3,11,1.584962500721156,وما,بالهزل,0,0,plain,file
86:15,86,15,3,3,14,1.584962500721156,إنهم,كيدا,0,0,plain,file
86:16,86,16,2,2,9,1.0,وأكيد,كيدا,0,0,plain,file
86:17,86,17,4,4,23,2.0,فمهل,رويدا,0,0,plain,file
87:1,87,1,8,8,34,3.0,بسم,الأعلى,0,0,plain,file
87:2,87,2,3,3,11,1.584962500721156,الذي,فسوى,0,0,plain,file
87:3,87,3,3,3,12,1.584962500721156,والذي,فهدى,0,0,plain,file
87:4,87,4,3,3,15,1.584962500721156,والذي,المرعى,0,0,plain,file
87:5,87,5,3,3,13,1.584962500721156,فجعله,أحوى,0,0,plain,file
87:6,87,6,3,3,13,1.584962500721156,سنقرئك,تنسى,0,0,plain,file
87:7,87,7,9,9,31,3.169925001442312,إلا,يخفى,0,0,plain,file
87:8,87,8,2,2,12,1.0,ونيسرك,لليسرى,0,0,plain,file
87:9,87,9,4,4,16,2.0,فذكر,الذكرى,0,0,plain,file
87:10,87,10,3,3,11,1.584962500721156,سيذكر,يخشى,0,0,plain,file
87:11,87,11,2,2,14,1.0,ويتجنبها,الأشقى,0,0,plain,file
87:12,87,12,4,4,19,2.0,الذي,الكبرى,0,0,plain,file
87:13,87,13,6,6,19,2.584962500721156,ثم,يحيى,0,0,plain,file
87:14,87,14,4,4,12,2.0,قد,تزكى,0,0,plain,file
87:15,87,15,4,4,14,2.0,وذكر,فصلى,0,0,plain,file
87:16,87,16,4,4,20,2.0,بل,الدنيا,0,0,plain,file
87:17,87,17,3,3,15,1.584962500721156,والآخرة,وأبقى,0,0,plain,file
87:18,87,18,5,5,19,2.321928094887362,إن,الأولى,0,0,plain,file
87:19,87,19,3,3,15,1.584962500721156,صحف,وموسى,0,0,plain,file
88:1,88,1,8,8,36,3.0,بسم,الغاشية,0,0,plain,file
88:2,88,2,3,3,14,1.584962500721156,وجوه,خاشعة,0,0,plain,file
88:3,88,3,2,2,10,1.0,عاملة,ناصبة,0,0,plain,file
88:4,88,4,3,3,13,1.584962500721156,تصلى,حامية,0,0,plain,file
88:5,88,5,4,4,13,2.0,تسقى,آنية,0,0,plain,file
88:6,88,6,6,6,19,2.584962500721156,ليس,ضريع,0,0,plain,file
88:7,88,7,6,6,18,2.584962500721156,لا,جوع,0,0,plain,file
88:8,88,8,3,3,14,1.584962500721156,وجوه,ناعمة,0,0,plain,file
88:9,88,9,2,2,11,1.0,لسعيها,راضية,0,0,plain,file
88:10,88,10,3,3,10,1.584962500721156,في,عالية,0,0,plain,file
88:11,88,11,4,4,15,2.0,لا,لاغية,0,0,plain,file
88:12,88,12,3,3,12,1.584962500721156,فيها,جارية,0,0,plain,file
88:13,88,13,3,3,13,1.584962500721156,فيها,مرفوعة,0,0,plain,file
88:14,88,14,2,2,12,1.0,وأكواب,موضوعة,0,0,plain,file
88:15,88,15,2,2,12,1.0,ونمارق,مصفوفة,0,0,plain,file
88:16,88,16,2,2,12,1.0,وزرابي,مبثوثة,0,0,plain,file
88:17,88,17,6,6,25,2.584962500721156,أفلا,خلقت,0,0,plain,file
88:18,88,18,4,4,17,2.0,وإلى,رفعت,0,0,plain,file
88:19,88,19,4,4,17,2.0,وإلى,نصبت,0,0,plain,file
88:20,88,20,4,4,16,2.0,وإلى,سطحت,0,0,plain,file
88:21,88,21,4,4,15,2.0,فذكر,مذكر,0,0,plain,file
88:22,88,22,3,3,14,1.584962500721156,لست,بمصيطر,0,0,plain,file
88:23,88,23,4,4,13,2.0,إلا,وكفر,0,0,plain,file
88:24,88,24,4,4,22,2.0,فيعذبه,الأكبر,0,0,plain,file
88:25,88,25,3,3,13,1.584962500721156,إن,إيابهم,0,0,plain,file
88:26,88,26,4,4,15,2.0,ثم,حسابهم,0,0,plain,file
89:1,89,1,5,5,25,2.321928094887362,بسم,والفجر,0,0,plain,file
89:2,89,2,2,2,8,1.0,وليال,عشر,0,0,plain,file
89:3,89,3,2,2,12,1.0,والشفع,والوتر,0,0,plain,file
89:4,89,4,3,3,12,1.584962500721156,والليل,يسر,0,0,plain,file
89:5,89,5,6,6,16,2.584962500721156,هل,حجر,0,0,plain,file
89:6,89,6,6,6,18,2.584962500721156,ألم,بعاد,0,0,plain,file
89:7,89,7,3,3,12,1.584962500721156,إرم,العماد,0,0,plain,file
89:8,89,8,6,6,23,2.584962500721156,التي,البلاد,0,0,plain,file
89:9,89,9,5,5,26,2.321928094887362,وثمود,بالواد,0,0,plain,file
89:10,89,10,3,3,15,1.584962500721156,وفرعون,الأوتاد,0,0,plain,file
89:11,89,11,4,4,17,2.0,الذين,البلاد,0,0,plain,file
89:12,89,12,3,3,17,1.584962500721156,فأكثروا,الفساد,0,0,plain,file
89:13,89,13,5,5,18,2.321928094887362,فصب,عذاب,0,0,plain,file
89:14,89,14,3,3,14,1.584962500721156,إن,لبالمرصاد,0,0,plain,file
89:15,89,15,11,11,49,3.4594316186372973,فأما,أكرمن,0,0,plain,file
89:16,89,16,10,10,40,3.3219280948873626,وأما,أهانن,0,0,plain,file
89:17,89,17,5,5,19,2.321928094887362,كلا,اليتيم,0,0,plain,file
89:18,89,18,5,5,23,2.321928094887362,ولا,المسكين,0,0,plain,file
89:19,89,19,4,4,20,2.0,وتأكلون,لما,0,0,plain,file
89:20,89,20,4,4,17,2.0,وتحبون,جما,0,0,plain,file
89:21,89,21,6,5,20,2.2516291673878226,كلا,دكا,0,0,plain,file
89:22,89,22,5,4,19,1.9219280948873623,وجاء,صفا,0,0,plain,file
89:23,89,23,9,8,43,2.94770277922009,وجيء,الذكرى,0,0,plain,file
89:24,89,24,5,5,21,2.321928094887362,يقول,لحياتي,0,0,plain,file
89:25,89,25,5,5,20,2.321928094887362,فيومئذ,أحد,0,0,plain,file
89:26,89,26,4,4,15,2.0,ولا,أحد,0,0,plain,file
89:27,89,27,4,4,20,2.0,يا,المطمئنة,0,0,plain,file
89:28,89,28,5,5,21,2.321928094887362,ارجعي,مرضية,0,0,plain,file
89:29,89,29,3,3,13,1.584962500721156,فادخلي,عبادي,0,0,plain,file
89:30,89,30,2,2,10,1.0,وادخلي,جنتي,0,0,plain,file
90:1,90,1,8,8,34,3.0,بسم,البلد,0,0,plain,file
90:2,90,2,4,4,15,2.0,وأنت,البلد,0,0,plain,file
90:3,90,3,3,3,11,1.584962500721156,ووالد,ولد,0,0,plain,file
90:4,90,4,5,5,20,2.321928094887362,لقد,كبد,0,0,plain,file
90:5,90,5,6,6,20,2.584962500721156,أيحسب,أحد,0,0,plain,file
90:6,90,6,4,4,17,2.0,يقول,لبدا,0,0,plain,file
90:7,90,7,5,5,15,2.321928094887362,أيحسب,أحد,0,0,plain,file
90:8,90,8,4,4,14,2.0,ألم,عينين,0,0,plain,file
90:9,90,9,2,2,12,1.0,ولسانا,وشفتين,0,0,plain,file
90:10,90,10,2,2,14,1.0,وهديناه,النجدين,0,0,plain,file
90:11,90,11,3,3,14,1.584962500721156,فلا,العقبة,0,0,plain,file
90:12,90,12,4,4,16,2.0,وما,العقبة,0,0,plain,file
90:13,90,13,2,2,6,1.0,فك,رقبة,0,0,plain,file
90:14,90,14,6,6,19,2.584962500721156,أو,مسغبة,0,0,plain,file
90:15,90,15,3,3,12,1.584962500721156,يتيما,مقربة,0,0,plain,file
90:16,90,16,4,4,15,2.0,أو,متربة,0,0,plain,file
90:17,90,17,9,8,45,2.94770277922009,ثم,بالمرحمة,0,0,plain,file
90:18,90,18,3,3,17,1.584962500721156,أولئك,الميمنة,0,0,plain,file
90:19,90,19,6,6,32,2.584962500721156,والذين,المشأمة,0,0,plain,file
90:20,90,20,3,3,13,1.584962500721156,عليهم,مؤصدة,0,0,plain,file
91:1,91,1,6,6,31,2.584962500721156,بسم,وضحاها,0,0,plain,file
91:2,91,2,3,3,14,1.584962500721156,والقمر,تلاها,0,0,plain,file
91:3,91,3,3,3,15,1.584962500721156,والنهار,جلاها,0,0,plain,file
91:4,91,4,3,3,15,1.584962500721156,والليل,يغشاها,0,0,plain,file
91:5,91,5,3,3,15,1.584962500721156,والسماء,بناها,0,0,plain,file
91:6,91,6,3,3,14,1.584962500721156,والأرض,طحاها,0,0,plain,file
91:7,91,7,3,3,12,1.584962500721156,ونفس,سواها,0,0,plain,file
91:8,91,8,3,3,20,1.584962500721156,فألهمها,وتقواها,0,0,plain,file
91:9,91,9,4,4,13,2.0,قد,زكاها,0,0,plain,file
91:10,91,10,4,4,13,2.0,وقد,دساها,0,0,plain,file
91:11,91,11,3,3,15,1.584962500721156,كذبت,بطغواها,0,0,plain,file
91:12,91,12,3,3,13,1.584962500721156,إذ,أشقاها,0,0,plain,file
91:13,91,13,7,6,30,2.521640636343318,فقال,وسقياها,0,0,plain,file
91:14,91,14,7,7,39,2.8073549220576037,فكذبوه,فسواها,0,0,plain,file
91:15,91,15,3,3,13,1.584962500721156,ولا,عقباها,0,0,plain,file
92:1,92,1,7,7,32,2.8073549220576037,بسم,يغشى,0,0,plain,file
92:2,92,2,3,3,14,1.584962500721156,والنهار,تجلى,0,0,plain,file
92:3,92,3,4,4,18,2.0,وما,والأنثى,0,0,plain,file
92:4,92,4,3,3,11,1.584962500721156,إن,لشتى,0,0,plain,file
92:5,92,5,4,4,15,2.0,فأما,واتقى,0,0,plain,file
92:6,92,6,2,2,11,1.0,وصدق,بالحسنى,0,0,plain,file
92:7,92,7,2,2,13,1.0,فسنيسره,لليسرى,0,0,plain,file
92:8,92,8,4,4,16,2.0,وأما,واستغنى,0,0,plain,file
92:9,92,9,2,2,11,1.0,وكذب,بالحسنى,0,0,plain,file
92:10,92,10,2,2,13,1.0,فسنيسره,للعسرى,0,0,plain,file
92:11,92,11,6,6,21,2.584962500721156,وما,تردى,0,0,plain,file
92:12,92,12,3,3,12,1.584962500721156,إن,للهدى,0,0,plain,file
92:13,92,13,4,4,19,2.0,وإن,والأولى,0,0,plain,file
92:14,92,14,3,3,16,1.584962500721156,فأنذرتكم,تلظى,0,0,plain,file
92:15,92,15,4,4,17,2.0,لا,الأشقى,0,0,plain,file
92:16,92,16,3,3,12,1.584962500721156,الذي,وتولى,0,0,plain,file
92:17,92,17,2,2,14,1.0,وسيجنبها,الأتقى,0,0,plain,file
92:18,92,18,4,4,17,2.0,الذي,يتزكى,0,0,plain,file
92:19,92,19,6,6,21,2.584962500721156,وما,تجزى,0,0,plain,file
92:20,92,20,5,5,21,2.321928094887362,إلا,الأعلى,0,0,plain,file
92:21,92,21,2,2,9,1.0,ولسوف,يرضى,0,0,plain,file
93:1,93,1,5,5,25,2.321928094887362,بسم,والضحى,0,0,plain,file
93:2,93,2,3,3,12,1.584962500721156,والليل,سجى,0,0,plain,file
93:3,93,3,5,5,15,2.321928094887362,ما,قلى,0,0,plain,file
93:4,93,4,5,5,20,2.321928094887362,وللآخرة,الأولى,0,0,plain,file
93:5,93,5,4,4,18,2.0,ولسوف,فترضى,0,0,plain,file
93:6,93,6,4,4,16,2.0,ألم,فآوى,0,0,plain,file
93:7,93,7,3,3,13,1.584962500721156,ووجدك,فهدى,0,0,plain,file
93:8,93,8,3,3,15,1.584962500721156,ووجدك,فأغنى,0,0,plain,file
93:9,93,9,4,4,17,2.0,فأما,تقهر,0,0,plain,file
93:10,93,10,4,4,17,2.0,وأما,تنهر,0,0,plain,file
93:11,93,11,4,4,16,2.0,وأما,فحدث,0,0,plain,file
94:1,94,1,8,8,32,3.0,بسم,صدرك,0,0,plain,file
94:2,94,2,3,3,13,1.584962500721156,ووضعنا,وزرك,0,0,plain,file
94:3,94,3,3,3,12,1.584962500721156,الذي,ظهرك,0,0,plain,file
94:4,94,4,3,3,12,1.584962500721156,ورفعنا,ذكرك,0,0,plain,file
94:5,94,5,4,4,14,2.0,فإن,يسرا,0,0,plain,file
94:6,94,6,4,4,13,2.0,إن,يسرا,0,0,plain,file
94:7,94,7,3,3,13,1.584962500721156,فإذا,فانصب,0,0,plain,file
94:8,94,8,3,3,12,1.584962500721156,وإلى,فارغب,0,0,plain,file
95:1,95,1,6,6,33,2.584962500721156,بسم,والزيتون,0,0,plain,file
95:2,95,2,2,2,9,1.0,وطور,سينين,0,0,plain,file
95:3,95,3,3,3,15,1.584962500721156,وهذا,الأمين,0,0,plain,file
95:4,95,4,6,6,26,2.584962500721156,لقد,تقويم,0,0,plain,file
95:5,95,5,4,4,18,2.0,ثم,سافلين,0,0,plain,file
95:6,95,6,9,9,42,3.169925001442312,إلا,ممنون,0,0,plain,file
95:7,95,7,4,4,17,2.0,فما,بالدين,0,0,plain,file
95:8,95,8,4,4,21,2.0,أليس,الحاكمين,0,0,plain,file
96:1,96,1,9,9,37,3.169925001442312,بسم,خلق,0,0,plain,file
96:2,96,2,4,4,15,2.0,خلق,علق,0,0,plain,file
96:3,96,3,3,3,14,1.584962500721156,اقرأ,الأكرم,0,0,plain,file
96:4,96,4,3,3,13,1.584962500721156,الذي,بالقلم,0,0,plain,file
96:5,96,5,5,5,18,2.321928094887362,علم,يعلم,0,0,plain,file
96:6,96,6,4,4,17,2.0,كلا,ليطغى,0,0,plain,file
96:7,96,7,3,3,11,1.584962500721156,أن,استغنى,0,0,plain,file
96:8,96,8,4,4,14,2.0,إن,الرجعى,0,0,plain,file
96:9,96,9,3,3,13,1.584962500721156,أرأيت,ينهى,0,0,plain,file
96:10,96,10,3,3,10,1.584962500721156,عبدا,صلى,0,0,plain,file
96:11,96,11,5,5,18,2.321928094887362,أرأيت,الهدى,0,0,plain,file
96:12,96,12,3,3,12,1.584962500721156,أو,بالتقوى,0,0,plain,file
96:13,96,13,4,4,15,2.0,أرأيت,وتولى,0,0,plain,file
96:14,96,14,5,5,17,2.321928094887362,ألم,يرى,0,0,plain,file
96:15,96,15,6,6,26,2.584962500721156,كلا,بالناصية,0,0,plain,file
96:16,96,16,3,3,15,1.584962500721156,ناصية,خاطئة,0,0,plain,file
96:17,96,17,2,2,10,1.0,فليدع,ناديه,0,0,plain,file
96:18,96,18,2,2,12,1.0,سندع,الزبانية,0,0,plain,file
96:19,96,19,5,5,20,2.321928094887362,كلا,واقترب,0,0,plain,file
97:1,97,1,9,9,40,3.169925001442312,بسم,القدر,0,0,plain,file
97:2,97,2,5,5,19,2.321928094887362,وما,القدر,0,0,plain,file
97:3,97,3,6,6,20,2.584962500721156,ليلة,شهر,0,0,plain,file
97:4,97,4,9,9,37,3.169925001442312,تنزل,أمر,0,0,plain,file
97:5,97,5,5,5,18,2.321928094887362,سلام,الفجر,0,0,plain,file
98:1,98,1,16,16,75,4.0,بسم,البينة,0,0,plain,file
98:2,98,2,6,6,23,2.584962500721156,رسول,مطهرة,0,0,plain,file
98:3,98,3,3,3,11,1.584962500721156,فيها,قيمة,0,0,plain,file
98:4,98,4,11,11,45,3.4594316186372973,وما,البينة,0,0,plain,file
98:5,98,5,16,16,78,4.0,وما,القيمة,0,0,plain,file
98:6,98,6,16,16,66,4.0,إن,البرية,0,0,plain,file
98:7,98,7,9,9,42,3.169925001442312,إن,البرية,0,0,plain,file
98:8,98,8,21,21,83,4.392317422778761,جزاؤهم,ربه,0,0,plain,file
99:1,99,1,8,8,39,3.0,بسم,زلزالها,0,0,plain,file
99:2,99,2,3,3,18,1.584962500721156,وأخرجت,أثقالها,0,0,plain,file
99:3,99,3,4,4,16,2.0,وقال,لها,0,0,plain,file
99:4,99,4,3,3,16,1.584962500721156,يومئذ,أخبارها,0,0,plain,file
99:5,99,5,4,4,13,2.0,بأن,لها,0,0,plain,file
99:6,99,6,6,6,32,2.584962500721156,يومئذ,أعمالهم,0,0,plain,file
99:7,99,7,6,6,22,2.584962500721156,فمن,يره,0,0,plain,file
99:8,99,8,6,6,21,2.584962500721156,ومن,يره,0,0,plain,file
100:1,100,1,6,6,32,2.584962500721156,بسم,ضبحا,0,0,plain,file
100:2,100,2,2,2,13,1.0,فالموريات,قدحا,0,0,plain,file
100:3,100,3,2,2,13,1.0,فالمغيرات,صبحا,0,0,plain,file
100:4,100,4,3,3,11,1.584962500721156,فأثرن,نقعا,0,0,plain,file
100:5,100,5,3,3,11,1.584962500721156,فوسطن,جمعا,0,0,plain,file
100:6,100,6,4,4,18,2.0,إن,لكنود,0,0,plain,file
100:7,100,7,4,4,15,2.0,وإنه,لشهيد,0,0,plain,file
100:8,100,8,4,4,17,2.0,وإنه,لشديد,0,0,plain,file
100:9,100,9,7,7,25,2.8073549220576037,أفلا,القبور,0,0,plain,file
100:10,100,10,4,4,14,2.0,وحصل,الصدور,0,0,plain,file
100:11,100,11,5,5,19,2.321928094887362,إن,لخبير,0,0,plain,file
101:1,101,1,5,5,26,2.321928094887362,بسم,القارعة,0,0,plain,file
101:2,101,2,2,2,9,1.0,ما,القارعة,0,0,plain,file
101:3,101,3,4,4,17,2.0,وما,القارعة,0,0,plain,file
101:4,101,4,5,5,26,2.321928094887362,يوم,المبثوث,0,0,plain,file
101:5,101,5,4,4,24,2.0,وتكون,المنفوش,0,0,plain,file
101:6,101,6,4,4,17,2.0,فأما,موازينه,0,0,plain,file
101:7,101,7,4,4,14,2.0,فهو,راضية,0,0,plain,file
101:8,101,8,4,4,16,2.0,وأما,موازينه,0,0,plain,file
101:9,101,9,2,2,9,1.0,فأمه,هاوية,0,0,plain,file
101:10,101,10,4,4,13,2.0,وما,هيه,0,0,plain,file
101:11,101,11,2,2,8,1.0,نار,حامية,0,0,plain,file
102:1,102,1,6,6,32,2.584962500721156,بسم,التكاثر,0,0,plain,file
102:2,102,2,3,3,14,1.584962500721156,حتى,المقابر,0,0,plain,file
102:3,102,3,3,3,12,1.584962500721156,كلا,تعلمون,0,0,plain,file
102:4,102,4,4,4,14,2.0,ثم,تعلمون,0,0,plain,file
102:5,102,5,5,5,20,2.321928094887362,كلا,اليقين,0,0,plain,file
102:6,102,6,2,2,11,1.0,لترون,الجحيم,0,0,plain,file
102:7,102,7,4,4,18,2.0,ثم,اليقين,0,0,plain,file
102:8,102,8,5,5,21,2.321928094887362,ثم,النعيم,0,0,plain,file
103:1,103,1,5,5,25,2.321928094887362,بسم,والعصر,0,0,plain,file
103:2,103,2,4,4,15,2.0,إن,خسر,0,0,plain,file
103:3,103,3,9,8,52,2.94770277922009,إلا,بالصبر,0,0,plain,file
104:1,104,1,8,8,33,3.0,بسم,لمزة,0,0,plain,file
104:2,104,2,4,4,16,2.0,الذي,وعدده,0,0,plain,file
104:3,104,3,4,4,15,2.0,يحسب,أخلده,0,0,plain,file
104:4,104,4,4,4,17,2.0,كلا,الحطمة,0,0,plain,file
104:5,104,5,4,4,16,2.0,وما,الحطمة,0,0,plain,file
104:6,104,6,3,3,14,1.584962500721156,نار,الموقدة,0,0,plain,file
104:7,104,7,4,4,18,2.0,التي,الأفئدة,0,0,plain,file
104:8,104,8,3,3,14,1.584962500721156,إنها,مؤصدة,0,0,plain,file
104:9,104,9,3,3,10,1.584962500721156,في,ممددة,0,0,plain,file
105:1,105,1,11,11,44,3.4594316186372973,بسم,الفيل,0,0,plain,file
105:2,105,2,5,5,19,2.321928094887362,ألم,تضليل,0,0,plain,file
105:3,105,3,4,4,20,2.0,وأرسل,أبابيل,0,0,plain,file
105:4,105,4,4,4,18,2.0,ترميهم,سجيل,0,0,plain,file
105:5,105,5,3,3,15,1.584962500721156,فجعلهم,مأكول,0,0,plain,file
106:1,106,1,6,6,29,2.584962500721156,بسم,قريش,0,0,plain,file
106:2,106,2,4,4,23,2.0,إيلافهم,والصيف,0,0,plain,file
106:3,106,3,4,4,18,2.0,فليعبدوا,البيت,0,0,plain,file
106:4,106,4,7,6,26,2.521640636343318,الذي,خوف,0,0,plain,file
107:1,107,1,8,8,38,3.0,بسم,بالدين,0,0,plain,file
107:2,107,2,4,4,17,2.0,فذلك,اليتيم,0,0,plain,file
107:3,107,3,5,5,20,2.321928094887362,ولا,المسكين,0,0,plain,file
107:4,107,4,2,2,11,1.0,فويل,للمصلين,0,0,plain,file
107:5,107,5,5,5,20,2.321928094887362,الذين,ساهون,0,0,plain,file
107:6,107,6,3,3,13,1.584962500721156,الذين,يراءون,0,0,plain,file
107:7,107,7,2,2,14,1.0,ويمنعون,الماعون,0,0,plain,file
108:1,108,1,7,7,35,2.8073549220576037,بسم,الكوثر,0,0,plain,file
108:2,108,2,3,3,12,1.584962500721156,فصل,وانحر,0,0,plain,file
108:3,108,3,4,4,15,2.0,إن,الأبتر,0,0,plain,file
109:1,109,1,8,8,35,3.0,بسم,الكافرون,0,0,plain,file
109:2,109,2,4,4,14,2.0,لا,تعبدون,0,0,plain,file
109:3,109,3,5,5,19,2.321928094887362,ولا,أعبد,0,0,plain,file
109:4,109,4,5,5,17,2.321928094887362,ولا,عبدتم,0,0,plain,file
109:5,109,5,5,5,19,2.321928094887362,ولا,أعبد,0,0,plain,file
109:6,109,6,4,4,14,2.0,لكم,دين,0,0,plain,file
110:1,110,1,9,8,38,2.94770277922009,بسم,والفتح,0,0,plain,file
110:2,110,2,7,7,31,2.8073549220576037,ورأيت,أفواجا,0,0,plain,file
110:3,110,3,7,7,30,2.8073549220576037,فسبح,توابا,0,0,plain,file
111:1,111,1,9,9,34,3.169925001442312,بسم,وتب,0,0,plain,file
111:2,111,2,6,6,19,2.584962500721156,ما,كسب,0,0,plain,file
111:3,111,3,4,4,15,2.0,سيصلى,لهب,0,0,plain,file
111:4,111,4,3,3,17,1.584962500721156,وامرأته,الحطب,0,0,plain,file
111:5,111,5,5,5,15,2.321928094887362,في,مسد,0,0,plain,file
112:1,112,1,8,7,30,2.75,بسم,أحد,0,0,plain,file
112:2,112,2,2,2,9,1.0,الله,الصمد,0,0,plain,file
112:3,112,3,4,4,12,2.0,لم,يولد,0,0,plain,file
112:4,112,4,5,5,15,2.321928094887362,ولم,أحد,0,0,plain,file
113:1,113,1,8,8,33,3.0,بسم,الفلق,0,0,plain,file
113:2,113,2,4,4,9,2.0,من,خلق,0,0,plain,file
113:3,113,3,5,5,15,2.321928094887362,ومن,وقب,0,0,plain,file
113:4,113,4,5,5,20,2.321928094887362,ومن,العقد,0,0,plain,file
113:5,113,5,5,5,15,2.321928094887362,ومن,حسد,0,0,plain,file
114:1,114,1,8,8,33,3.0,بسم,الناس,0,0,plain,file
114:2,114,2,2,2,8,1.0,ملك,الناس,0,0,plain,file
114:3,114,3,2,2,8,1.0,إله,الناس,0,0,plain,file
114:4,114,4,4,4,17,2.0,من,الخناس,0,0,plain,file
114:5,114,5,5,5,20,2.321928094887362,الذي,الناس,0,0,plain,file
114:6,114,6,3,3,13,1.584962500721156,من,والناس,0,0,plain,file
