qac_word_id,token_ids,source_surface,qac_surface,status,rule,verse_id
2:3:5,2:3:5,الصَّلَاةَ,ٱلصَّلَوٰةَ,surface_mismatch,1:1;no_annotation_transferred,2:3
2:4:10,2:4:10,وَبِالْآخِرَةِ,وَبِٱلْءَاخِرَةِ,surface_mismatch,1:1;no_annotation_transferred,2:4
2:6:6,2:6:6,أَأَنذَرْتَهُمْ,ءَأَنذَرْتَهُمْ,surface_mismatch,1:1;no_annotation_transferred,2:6
2:8:5,2:8:5,آمَنَّا,ءَامَنَّا,surface_mismatch,1:1;no_annotation_transferred,2:8
2:8:8,2:8:8,الْآخِرِ,ٱلْءَاخِرِ,surface_mismatch,1:1;no_annotation_transferred,2:8
2:9:4,2:9:4,آمَنُوا,ءَامَنُوا۟,surface_mismatch,1:1;no_annotation_transferred,2:9
2:10:1,2:10:1,فِي,فِى,surface_mismatch,1:1;no_annotation_transferred,2:10
2:11:6,2:11:6,فِي,فِى,surface_mismatch,1:1;no_annotation_transferred,2:11
2:13:4,2:13:4,آمِنُوا,ءَامِنُوا۟,surface_mismatch,1:1;no_annotation_transferred,2:13
2:13:6,2:13:6,آمَنَ,ءَامَنَ,surface_mismatch,1:1;no_annotation_transferred,2:13
2:13:11,2:13:11,آمَنَ,ءَامَنَ,surface_mismatch,1:1;no_annotation_transferred,2:13
2:14:4,2:14:4,آمَنُوا,ءَامَنُوا۟,surface_mismatch,1:1;no_annotation_transferred,2:14
2:14:6,2:14:6,آمَنَّا,ءَامَنَّا,surface_mismatch,1:1;no_annotation_transferred,2:14
2:14:16,2:14:16,مُسْتَهْزِئُونَ,مُسْتَهْزِءُونَ,surface_mismatch,1:1;no_annotation_transferred,2:14
2:15:5,2:15:5,فِي,فِى,surface_mismatch,1:1;no_annotation_transferred,2:15
2:17:3,2:17:3,الَّذِي,ٱلَّذِى,surface_mismatch,1:1;no_annotation_transferred,2:17
2:17:14,2:17:14,فِي,فِى,surface_mismatch,1:1;no_annotation_transferred,2:17
2:18:3,2:18:3,عُمْيٌ,عُمْىٌ,surface_mismatch,1:1;no_annotation_transferred,2:18
2:19:11,2:19:11,فِي,فِىٓ,surface_mismatch,1:1;no_annotation_transferred,2:19
2:19:12,2:19:12,آذَانِهِم,ءَاذَانِهِم,surface_mismatch,1:1;no_annotation_transferred,2:19
2:20:24,2:20:24,شَيْءٍ,شَىْءٍ,surface_mismatch,1:1;no_annotation_transferred,2:20
2:21:5,2:21:6,الَّذِي,ٱلَّذِى,surface_mismatch,1:1;no_annotation_transferred,2:21
2:22:1,2:22:1,الَّذِي,ٱلَّذِى,surface_mismatch,1:1;no_annotation_transferred,2:22
2:23:3,2:23:3,فِي,فِى,surface_mismatch,1:1;no_annotation_transferred,2:23
2:24:8,2:24:8,الَّتِي,ٱلَّتِى,surface_mismatch,1:1;no_annotation_transferred,2:24
2:25:3,2:25:3,آمَنُوا,ءَامَنُوا۟,surface_mismatch,1:1;no_annotation_transferred,2:25
2:25:9,2:25:9,تَجْرِي,تَجْرِى,surface_mismatch,1:1;no_annotation_transferred,2:25
2:25:21,2:25:21,الَّذِي,ٱلَّذِى,surface_mismatch,1:1;no_annotation_transferred,2:25
2:26:4,2:26:4,يَسْتَحْيِي,يَسْتَحْىِۦٓ,surface_mismatch,1:1;no_annotation_transferred,2:26
2:26:14,2:26:14,آمَنُوا,ءَامَنُوا۟,surface_mismatch,1:1;no_annotation_transferred,2:26
2:26:32,2:26:32,وَيَهْدِي,وَيَهْدِى,surface_mismatch,1:1;no_annotation_transferred,2:26
2:27:16,2:27:16,فِي,فِى,surface_mismatch,1:1;no_annotation_transferred,2:27
2:29:2,2:29:2,الَّذِي,ٱلَّذِى,surface_mismatch,1:1;no_annotation_transferred,2:29
2:29:6,2:29:6,فِي,فِى,surface_mismatch,1:1;no_annotation_transferred,2:29
2:29:13,2:29:13,فَسَوَّاهُنَّ,فَسَوَّىٰهُنَّ,surface_mismatch,1:1;no_annotation_transferred,2:29
2:29:18,2:29:18,شَيْءٍ,شَىْءٍ,surface_mismatch,1:1;no_annotation_transferred,2:29
2:30:5,2:30:5,إِنِّي,إِنِّى,surface_mismatch,1:1;no_annotation_transferred,2:30
2:30:7,2:30:7,فِي,فِى,surface_mismatch,1:1;no_annotation_transferred,2:30
2:30:24,2:30:24,إِنِّي,إِنِّىٓ,surface_mismatch,1:1;no_annotation_transferred,2:30
2:31:2,2:31:2,آدَمَ,ءَادَمَ,surface_mismatch,1:1;no_annotation_transferred,2:31
2:31:10,2:31:10,أَنبِئُونِي,أَنۢبِـُٔونِى,surface_mismatch,1:1;no_annotation_transferred,2:31
2:33:1,,قَالَ يَا آدَمُ أَنبِئْهُم بِأَسْمَائِهِمْ فَلَمَّا أَنبَأَهُم بِأَسْمَائِهِمْ قَالَ أَلَمْ أَقُل لَّكُمْ إِنِّي أَعْلَمُ غَيْبَ السَّمَاوَاتِ وَالْأَرْضِ وَأَعْلَمُ مَا تُبْدُونَ وَمَا كُنتُمْ تَكْتُمُونَ,قَالَ,ambiguous_verse,multiple_optimal_paths,2:33
2:33:2,,قَالَ يَا آدَمُ أَنبِئْهُم بِأَسْمَائِهِمْ فَلَمَّا أَنبَأَهُم بِأَسْمَائِهِمْ قَالَ أَلَمْ أَقُل لَّكُمْ إِنِّي أَعْلَمُ غَيْبَ السَّمَاوَاتِ وَالْأَرْضِ وَأَعْلَمُ مَا تُبْدُونَ وَمَا كُنتُمْ تَكْتُمُونَ,يَٰٓـَٔادَمُ,ambiguous_verse,multiple_optimal_paths,2:33
2:33:3,,قَالَ يَا آدَمُ أَنبِئْهُم بِأَسْمَائِهِمْ فَلَمَّا أَنبَأَهُم بِأَسْمَائِهِمْ قَالَ أَلَمْ أَقُل لَّكُمْ إِنِّي أَعْلَمُ غَيْبَ السَّمَاوَاتِ وَالْأَرْضِ وَأَعْلَمُ مَا تُبْدُونَ وَمَا كُنتُمْ تَكْتُمُونَ,أَنۢبِئْهُم,ambiguous_verse,multiple_optimal_paths,2:33
2:33:4,,قَالَ يَا آدَمُ أَنبِئْهُم بِأَسْمَائِهِمْ فَلَمَّا أَنبَأَهُم بِأَسْمَائِهِمْ قَالَ أَلَمْ أَقُل لَّكُمْ إِنِّي أَعْلَمُ غَيْبَ السَّمَاوَاتِ وَالْأَرْضِ وَأَعْلَمُ مَا تُبْدُونَ وَمَا كُنتُمْ تَكْتُمُونَ,بِأَسْمَآئِهِمْ,ambiguous_verse,multiple_optimal_paths,2:33
2:33:5,,قَالَ يَا آدَمُ أَنبِئْهُم بِأَسْمَائِهِمْ فَلَمَّا أَنبَأَهُم بِأَسْمَائِهِمْ قَالَ أَلَمْ أَقُل لَّكُمْ إِنِّي أَعْلَمُ غَيْبَ السَّمَاوَاتِ وَالْأَرْضِ وَأَعْلَمُ مَا تُبْدُونَ وَمَا كُنتُمْ تَكْتُمُونَ,فَلَمَّآ,ambiguous_verse,multiple_optimal_paths,2:33
2:33:6,,قَالَ يَا آدَمُ أَنبِئْهُم بِأَسْمَائِهِمْ فَلَمَّا أَنبَأَهُم بِأَسْمَائِهِمْ قَالَ أَلَمْ أَقُل لَّكُمْ إِنِّي أَعْلَمُ غَيْبَ السَّمَاوَاتِ وَالْأَرْضِ وَأَعْلَمُ مَا تُبْدُونَ وَمَا كُنتُمْ تَكْتُمُونَ,أَنۢبَأَهُم,ambiguous_verse,multiple_optimal_paths,2:33
2:33:7,,قَالَ يَا آدَمُ أَنبِئْهُم بِأَسْمَائِهِمْ فَلَمَّا أَنبَأَهُم بِأَسْمَائِهِمْ قَالَ أَلَمْ أَقُل لَّكُمْ إِنِّي أَعْلَمُ غَيْبَ السَّمَاوَاتِ وَالْأَرْضِ وَأَعْلَمُ مَا تُبْدُونَ وَمَا كُنتُمْ تَكْتُمُونَ,بِأَسْمَآئِهِمْ,ambiguous_verse,multiple_optimal_paths,2:33
2:33:8,,قَالَ يَا آدَمُ أَنبِئْهُم بِأَسْمَائِهِمْ فَلَمَّا أَنبَأَهُم بِأَسْمَائِهِمْ قَالَ أَلَمْ أَقُل لَّكُمْ إِنِّي أَعْلَمُ غَيْبَ السَّمَاوَاتِ وَالْأَرْضِ وَأَعْلَمُ مَا تُبْدُونَ وَمَا كُنتُمْ تَكْتُمُونَ,قَالَ,ambiguous_verse,multiple_optimal_paths,2:33
2:33:9,,قَالَ يَا آدَمُ أَنبِئْهُم بِأَسْمَائِهِمْ فَلَمَّا أَنبَأَهُم بِأَسْمَائِهِمْ قَالَ أَلَمْ أَقُل لَّكُمْ إِنِّي أَعْلَمُ غَيْبَ السَّمَاوَاتِ وَالْأَرْضِ وَأَعْلَمُ مَا تُبْدُونَ وَمَا كُنتُمْ تَكْتُمُونَ,أَلَمْ,ambiguous_verse,multiple_optimal_paths,2:33
2:33:10,,قَالَ يَا آدَمُ أَنبِئْهُم بِأَسْمَائِهِمْ فَلَمَّا أَنبَأَهُم بِأَسْمَائِهِمْ قَالَ أَلَمْ أَقُل لَّكُمْ إِنِّي أَعْلَمُ غَيْبَ السَّمَاوَاتِ وَالْأَرْضِ وَأَعْلَمُ مَا تُبْدُونَ وَمَا كُنتُمْ تَكْتُمُونَ,أَقُل,ambiguous_verse,multiple_optimal_paths,2:33
2:33:11,,قَالَ يَا آدَمُ أَنبِئْهُم بِأَسْمَائِهِمْ فَلَمَّا أَنبَأَهُم بِأَسْمَائِهِمْ قَالَ أَلَمْ أَقُل لَّكُمْ إِنِّي أَعْلَمُ غَيْبَ السَّمَاوَاتِ وَالْأَرْضِ وَأَعْلَمُ مَا تُبْدُونَ وَمَا كُنتُمْ تَكْتُمُونَ,لَّكُمْ,ambiguous_verse,multiple_optimal_paths,2:33
2:33:12,,قَالَ يَا آدَمُ أَنبِئْهُم بِأَسْمَائِهِمْ فَلَمَّا أَنبَأَهُم بِأَسْمَائِهِمْ قَالَ أَلَمْ أَقُل لَّكُمْ إِنِّي أَعْلَمُ غَيْبَ السَّمَاوَاتِ وَالْأَرْضِ وَأَعْلَمُ مَا تُبْدُونَ وَمَا كُنتُمْ تَكْتُمُونَ,إِنِّىٓ,ambiguous_verse,multiple_optimal_paths,2:33
2:33:13,,قَالَ يَا آدَمُ أَنبِئْهُم بِأَسْمَائِهِمْ فَلَمَّا أَنبَأَهُم بِأَسْمَائِهِمْ قَالَ أَلَمْ أَقُل لَّكُمْ إِنِّي أَعْلَمُ غَيْبَ السَّمَاوَاتِ وَالْأَرْضِ وَأَعْلَمُ مَا تُبْدُونَ وَمَا كُنتُمْ تَكْتُمُونَ,أَعْلَمُ,ambiguous_verse,multiple_optimal_paths,2:33
2:33:14,,قَالَ يَا آدَمُ أَنبِئْهُم بِأَسْمَائِهِمْ فَلَمَّا أَنبَأَهُم بِأَسْمَائِهِمْ قَالَ أَلَمْ أَقُل لَّكُمْ إِنِّي أَعْلَمُ غَيْبَ السَّمَاوَاتِ وَالْأَرْضِ وَأَعْلَمُ مَا تُبْدُونَ وَمَا كُنتُمْ تَكْتُمُونَ,غَيْبَ,ambiguous_verse,multiple_optimal_paths,2:33
2:33:15,,قَالَ يَا آدَمُ أَنبِئْهُم بِأَسْمَائِهِمْ فَلَمَّا أَنبَأَهُم بِأَسْمَائِهِمْ قَالَ أَلَمْ أَقُل لَّكُمْ إِنِّي أَعْلَمُ غَيْبَ السَّمَاوَاتِ وَالْأَرْضِ وَأَعْلَمُ مَا تُبْدُونَ وَمَا كُنتُمْ تَكْتُمُونَ,ٱلسَّمَٰوَٰتِ,ambiguous_verse,multiple_optimal_paths,2:33
2:33:16,,قَالَ يَا آدَمُ أَنبِئْهُم بِأَسْمَائِهِمْ فَلَمَّا أَنبَأَهُم بِأَسْمَائِهِمْ قَالَ أَلَمْ أَقُل لَّكُمْ إِنِّي أَعْلَمُ غَيْبَ السَّمَاوَاتِ وَالْأَرْضِ وَأَعْلَمُ مَا تُبْدُونَ وَمَا كُنتُمْ تَكْتُمُونَ,وَٱلْأَرْضِ,ambiguous_verse,multiple_optimal_paths,2:33
2:33:17,,قَالَ يَا آدَمُ أَنبِئْهُم بِأَسْمَائِهِمْ فَلَمَّا أَنبَأَهُم بِأَسْمَائِهِمْ قَالَ أَلَمْ أَقُل لَّكُمْ إِنِّي أَعْلَمُ غَيْبَ السَّمَاوَاتِ وَالْأَرْضِ وَأَعْلَمُ مَا تُبْدُونَ وَمَا كُنتُمْ تَكْتُمُونَ,وَأَعْلَمُ,ambiguous_verse,multiple_optimal_paths,2:33
2:33:18,,قَالَ يَا آدَمُ أَنبِئْهُم بِأَسْمَائِهِمْ فَلَمَّا أَنبَأَهُم بِأَسْمَائِهِمْ قَالَ أَلَمْ أَقُل لَّكُمْ إِنِّي أَعْلَمُ غَيْبَ السَّمَاوَاتِ وَالْأَرْضِ وَأَعْلَمُ مَا تُبْدُونَ وَمَا كُنتُمْ تَكْتُمُونَ,مَا,ambiguous_verse,multiple_optimal_paths,2:33
2:33:19,,قَالَ يَا آدَمُ أَنبِئْهُم بِأَسْمَائِهِمْ فَلَمَّا أَنبَأَهُم بِأَسْمَائِهِمْ قَالَ أَلَمْ أَقُل لَّكُمْ إِنِّي أَعْلَمُ غَيْبَ السَّمَاوَاتِ وَالْأَرْضِ وَأَعْلَمُ مَا تُبْدُونَ وَمَا كُنتُمْ تَكْتُمُونَ,تُبْدُونَ,ambiguous_verse,multiple_optimal_paths,2:33
2:33:20,,قَالَ يَا آدَمُ أَنبِئْهُم بِأَسْمَائِهِمْ فَلَمَّا أَنبَأَهُم بِأَسْمَائِهِمْ قَالَ أَلَمْ أَقُل لَّكُمْ إِنِّي أَعْلَمُ غَيْبَ السَّمَاوَاتِ وَالْأَرْضِ وَأَعْلَمُ مَا تُبْدُونَ وَمَا كُنتُمْ تَكْتُمُونَ,وَمَا,ambiguous_verse,multiple_optimal_paths,2:33
2:33:21,,قَالَ يَا آدَمُ أَنبِئْهُم بِأَسْمَائِهِمْ فَلَمَّا أَنبَأَهُم بِأَسْمَائِهِمْ قَالَ أَلَمْ أَقُل لَّكُمْ إِنِّي أَعْلَمُ غَيْبَ السَّمَاوَاتِ وَالْأَرْضِ وَأَعْلَمُ مَا تُبْدُونَ وَمَا كُنتُمْ تَكْتُمُونَ,كُنتُمْ,ambiguous_verse,multiple_optimal_paths,2:33
2:33:22,,قَالَ يَا آدَمُ أَنبِئْهُم بِأَسْمَائِهِمْ فَلَمَّا أَنبَأَهُم بِأَسْمَائِهِمْ قَالَ أَلَمْ أَقُل لَّكُمْ إِنِّي أَعْلَمُ غَيْبَ السَّمَاوَاتِ وَالْأَرْضِ وَأَعْلَمُ مَا تُبْدُونَ وَمَا كُنتُمْ تَكْتُمُونَ,تَكْتُمُونَ,ambiguous_verse,multiple_optimal_paths,2:33
2:34:5,2:34:5,لِآدَمَ,لِءَادَمَ,surface_mismatch,1:1;no_annotation_transferred,2:34
2:35:1,,وَقُلْنَا يَا آدَمُ اسْكُنْ أَنتَ وَزَوْجُكَ الْجَنَّةَ وَكُلَا مِنْهَا رَغَدًا حَيْثُ شِئْتُمَا وَلَا تَقْرَبَا هَـٰذِهِ الشَّجَرَةَ فَتَكُونَا مِنَ الظَّالِمِينَ,وَقُلْنَا,ambiguous_verse,multiple_optimal_paths,2:35
2:35:2,,وَقُلْنَا يَا آدَمُ اسْكُنْ أَنتَ وَزَوْجُكَ الْجَنَّةَ وَكُلَا مِنْهَا رَغَدًا حَيْثُ شِئْتُمَا وَلَا تَقْرَبَا هَـٰذِهِ الشَّجَرَةَ فَتَكُونَا مِنَ الظَّالِمِينَ,يَٰٓـَٔادَمُ,ambiguous_verse,multiple_optimal_paths,2:35
2:35:3,,وَقُلْنَا يَا آدَمُ اسْكُنْ أَنتَ وَزَوْجُكَ الْجَنَّةَ وَكُلَا مِنْهَا رَغَدًا حَيْثُ شِئْتُمَا وَلَا تَقْرَبَا هَـٰذِهِ الشَّجَرَةَ فَتَكُونَا مِنَ الظَّالِمِينَ,ٱسْكُنْ,ambiguous_verse,multiple_optimal_paths,2:35
2:35:4,,وَقُلْنَا يَا آدَمُ اسْكُنْ أَنتَ وَزَوْجُكَ الْجَنَّةَ وَكُلَا مِنْهَا رَغَدًا حَيْثُ شِئْتُمَا وَلَا تَقْرَبَا هَـٰذِهِ الشَّجَرَةَ فَتَكُونَا مِنَ الظَّالِمِينَ,أَنتَ,ambiguous_verse,multiple_optimal_paths,2:35
2:35:5,,وَقُلْنَا يَا آدَمُ اسْكُنْ أَنتَ وَزَوْجُكَ الْجَنَّةَ وَكُلَا مِنْهَا رَغَدًا حَيْثُ شِئْتُمَا وَلَا تَقْرَبَا هَـٰذِهِ الشَّجَرَةَ فَتَكُونَا مِنَ الظَّالِمِينَ,وَزَوْجُكَ,ambiguous_verse,multiple_optimal_paths,2:35
2:35:6,,وَقُلْنَا يَا آدَمُ اسْكُنْ أَنتَ وَزَوْجُكَ الْجَنَّةَ وَكُلَا مِنْهَا رَغَدًا حَيْثُ شِئْتُمَا وَلَا تَقْرَبَا هَـٰذِهِ الشَّجَرَةَ فَتَكُونَا مِنَ الظَّالِمِينَ,ٱلْجَنَّةَ,ambiguous_verse,multiple_optimal_paths,2:35
2:35:7,,وَقُلْنَا يَا آدَمُ اسْكُنْ أَنتَ وَزَوْجُكَ الْجَنَّةَ وَكُلَا مِنْهَا رَغَدًا حَيْثُ شِئْتُمَا وَلَا تَقْرَبَا هَـٰذِهِ الشَّجَرَةَ فَتَكُونَا مِنَ الظَّالِمِينَ,وَكُلَا,ambiguous_verse,multiple_optimal_paths,2:35
2:35:8,,وَقُلْنَا يَا آدَمُ اسْكُنْ أَنتَ وَزَوْجُكَ الْجَنَّةَ وَكُلَا مِنْهَا رَغَدًا حَيْثُ شِئْتُمَا وَلَا تَقْرَبَا هَـٰذِهِ الشَّجَرَةَ فَتَكُونَا مِنَ الظَّالِمِينَ,مِنْهَا,ambiguous_verse,multiple_optimal_paths,2:35
2:35:9,,وَقُلْنَا يَا آدَمُ اسْكُنْ أَنتَ وَزَوْجُكَ الْجَنَّةَ وَكُلَا مِنْهَا رَغَدًا حَيْثُ شِئْتُمَا وَلَا تَقْرَبَا هَـٰذِهِ الشَّجَرَةَ فَتَكُونَا مِنَ الظَّالِمِينَ,رَغَدًا,ambiguous_verse,multiple_optimal_paths,2:35
2:35:10,,وَقُلْنَا يَا آدَمُ اسْكُنْ أَنتَ وَزَوْجُكَ الْجَنَّةَ وَكُلَا مِنْهَا رَغَدًا حَيْثُ شِئْتُمَا وَلَا تَقْرَبَا هَـٰذِهِ الشَّجَرَةَ فَتَكُونَا مِنَ الظَّالِمِينَ,حَيْثُ,ambiguous_verse,multiple_optimal_paths,2:35
2:35:11,,وَقُلْنَا يَا آدَمُ اسْكُنْ أَنتَ وَزَوْجُكَ الْجَنَّةَ وَكُلَا مِنْهَا رَغَدًا حَيْثُ شِئْتُمَا وَلَا تَقْرَبَا هَـٰذِهِ الشَّجَرَةَ فَتَكُونَا مِنَ الظَّالِمِينَ,شِئْتُمَا,ambiguous_verse,multiple_optimal_paths,2:35
2:35:12,,وَقُلْنَا يَا آدَمُ اسْكُنْ أَنتَ وَزَوْجُكَ الْجَنَّةَ وَكُلَا مِنْهَا رَغَدًا حَيْثُ شِئْتُمَا وَلَا تَقْرَبَا هَـٰذِهِ الشَّجَرَةَ فَتَكُونَا مِنَ الظَّالِمِينَ,وَلَا,ambiguous_verse,multiple_optimal_paths,2:35
2:35:13,,وَقُلْنَا يَا آدَمُ اسْكُنْ أَنتَ وَزَوْجُكَ الْجَنَّةَ وَكُلَا مِنْهَا رَغَدًا حَيْثُ شِئْتُمَا وَلَا تَقْرَبَا هَـٰذِهِ الشَّجَرَةَ فَتَكُونَا مِنَ الظَّالِمِينَ,تَقْرَبَا,ambiguous_verse,multiple_optimal_paths,2:35
2:35:14,,وَقُلْنَا يَا آدَمُ اسْكُنْ أَنتَ وَزَوْجُكَ الْجَنَّةَ وَكُلَا مِنْهَا رَغَدًا حَيْثُ شِئْتُمَا وَلَا تَقْرَبَا هَـٰذِهِ الشَّجَرَةَ فَتَكُونَا مِنَ الظَّالِمِينَ,هَٰذِهِ,ambiguous_verse,multiple_optimal_paths,2:35
2:35:15,,وَقُلْنَا يَا آدَمُ اسْكُنْ أَنتَ وَزَوْجُكَ الْجَنَّةَ وَكُلَا مِنْهَا رَغَدًا حَيْثُ شِئْتُمَا وَلَا تَقْرَبَا هَـٰذِهِ الشَّجَرَةَ فَتَكُونَا مِنَ الظَّالِمِينَ,ٱلشَّجَرَةَ,ambiguous_verse,multiple_optimal_paths,2:35
2:35:16,,وَقُلْنَا يَا آدَمُ اسْكُنْ أَنتَ وَزَوْجُكَ الْجَنَّةَ وَكُلَا مِنْهَا رَغَدًا حَيْثُ شِئْتُمَا وَلَا تَقْرَبَا هَـٰذِهِ الشَّجَرَةَ فَتَكُونَا مِنَ الظَّالِمِينَ,فَتَكُونَا,ambiguous_verse,multiple_optimal_paths,2:35
2:35:17,,وَقُلْنَا يَا آدَمُ اسْكُنْ أَنتَ وَزَوْجُكَ الْجَنَّةَ وَكُلَا مِنْهَا رَغَدًا حَيْثُ شِئْتُمَا وَلَا تَقْرَبَا هَـٰذِهِ الشَّجَرَةَ فَتَكُونَا مِنَ الظَّالِمِينَ,مِنَ,ambiguous_verse,multiple_optimal_paths,2:35
2:35:18,,وَقُلْنَا يَا آدَمُ اسْكُنْ أَنتَ وَزَوْجُكَ الْجَنَّةَ وَكُلَا مِنْهَا رَغَدًا حَيْثُ شِئْتُمَا وَلَا تَقْرَبَا هَـٰذِهِ الشَّجَرَةَ فَتَكُونَا مِنَ الظَّالِمِينَ,ٱلظَّٰلِمِينَ,ambiguous_verse,multiple_optimal_paths,2:35
2:36:14,2:36:14,فِي,فِى,surface_mismatch,1:1;no_annotation_transferred,2:36
2:37:2,2:37:2,آدَمُ,ءَادَمُ,surface_mismatch,1:1;no_annotation_transferred,2:37
2:38:7,2:38:7,مِّنِّي,مِّنِّى,surface_mismatch,1:1;no_annotation_transferred,2:38
2:38:11,2:38:11,هُدَايَ,هُدَاىَ,surface_mismatch,1:1;no_annotation_transferred,2:38
2:39:4,2:39:4,بِآيَاتِنَا,بِـَٔايَٰتِنَآ,surface_mismatch,1:1;no_annotation_transferred,2:39
2:40:1,,يَا بَنِي إِسْرَائِيلَ اذْكُرُوا نِعْمَتِيَ الَّتِي أَنْعَمْتُ عَلَيْكُمْ وَأَوْفُوا بِعَهْدِي أُوفِ بِعَهْدِكُمْ وَإِيَّايَ فَارْهَبُونِ,يَٰبَنِىٓ,ambiguous_verse,multiple_optimal_paths,2:40
2:40:2,,يَا بَنِي إِسْرَائِيلَ اذْكُرُوا نِعْمَتِيَ الَّتِي أَنْعَمْتُ عَلَيْكُمْ وَأَوْفُوا بِعَهْدِي أُوفِ بِعَهْدِكُمْ وَإِيَّايَ فَارْهَبُونِ,إِسْرَٰٓءِيلَ,ambiguous_verse,multiple_optimal_paths,2:40
2:40:3,,يَا بَنِي إِسْرَائِيلَ اذْكُرُوا نِعْمَتِيَ الَّتِي أَنْعَمْتُ عَلَيْكُمْ وَأَوْفُوا بِعَهْدِي أُوفِ بِعَهْدِكُمْ وَإِيَّايَ فَارْهَبُونِ,ٱذْكُرُوا۟,ambiguous_verse,multiple_optimal_paths,2:40
2:40:4,,يَا بَنِي إِسْرَائِيلَ اذْكُرُوا نِعْمَتِيَ الَّتِي أَنْعَمْتُ عَلَيْكُمْ وَأَوْفُوا بِعَهْدِي أُوفِ بِعَهْدِكُمْ وَإِيَّايَ فَارْهَبُونِ,نِعْمَتِىَ,ambiguous_verse,multiple_optimal_paths,2:40
2:40:5,,يَا بَنِي إِسْرَائِيلَ اذْكُرُوا نِعْمَتِيَ الَّتِي أَنْعَمْتُ عَلَيْكُمْ وَأَوْفُوا بِعَهْدِي أُوفِ بِعَهْدِكُمْ وَإِيَّايَ فَارْهَبُونِ,ٱلَّتِىٓ,ambiguous_verse,multiple_optimal_paths,2:40
2:40:6,,يَا بَنِي إِسْرَائِيلَ اذْكُرُوا نِعْمَتِيَ الَّتِي أَنْعَمْتُ عَلَيْكُمْ وَأَوْفُوا بِعَهْدِي أُوفِ بِعَهْدِكُمْ وَإِيَّايَ فَارْهَبُونِ,أَنْعَمْتُ,ambiguous_verse,multiple_optimal_paths,2:40
2:40:7,,يَا بَنِي إِسْرَائِيلَ اذْكُرُوا نِعْمَتِيَ الَّتِي أَنْعَمْتُ عَلَيْكُمْ وَأَوْفُوا بِعَهْدِي أُوفِ بِعَهْدِكُمْ وَإِيَّايَ فَارْهَبُونِ,عَلَيْكُمْ,ambiguous_verse,multiple_optimal_paths,2:40
2:40:8,,يَا بَنِي إِسْرَائِيلَ اذْكُرُوا نِعْمَتِيَ الَّتِي أَنْعَمْتُ عَلَيْكُمْ وَأَوْفُوا بِعَهْدِي أُوفِ بِعَهْدِكُمْ وَإِيَّايَ فَارْهَبُونِ,وَأَوْفُوا۟,ambiguous_verse,multiple_optimal_paths,2:40
2:40:9,,يَا بَنِي إِسْرَائِيلَ اذْكُرُوا نِعْمَتِيَ الَّتِي أَنْعَمْتُ عَلَيْكُمْ وَأَوْفُوا بِعَهْدِي أُوفِ بِعَهْدِكُمْ وَإِيَّايَ فَارْهَبُونِ,بِعَهْدِىٓ,ambiguous_verse,multiple_optimal_paths,2:40
2:40:10,,يَا بَنِي إِسْرَائِيلَ اذْكُرُوا نِعْمَتِيَ الَّتِي أَنْعَمْتُ عَلَيْكُمْ وَأَوْفُوا بِعَهْدِي أُوفِ بِعَهْدِكُمْ وَإِيَّايَ فَارْهَبُونِ,أُوفِ,ambiguous_verse,multiple_optimal_paths,2:40
2:40:11,,يَا بَنِي إِسْرَائِيلَ اذْكُرُوا نِعْمَتِيَ الَّتِي أَنْعَمْتُ عَلَيْكُمْ وَأَوْفُوا بِعَهْدِي أُوفِ بِعَهْدِكُمْ وَإِيَّايَ فَارْهَبُونِ,بِعَهْدِكُمْ,ambiguous_verse,multiple_optimal_paths,2:40
2:40:12,,يَا بَنِي إِسْرَائِيلَ اذْكُرُوا نِعْمَتِيَ الَّتِي أَنْعَمْتُ عَلَيْكُمْ وَأَوْفُوا بِعَهْدِي أُوفِ بِعَهْدِكُمْ وَإِيَّايَ فَارْهَبُونِ,وَإِيَّٰىَ,ambiguous_verse,multiple_optimal_paths,2:40
2:40:13,,يَا بَنِي إِسْرَائِيلَ اذْكُرُوا نِعْمَتِيَ الَّتِي أَنْعَمْتُ عَلَيْكُمْ وَأَوْفُوا بِعَهْدِي أُوفِ بِعَهْدِكُمْ وَإِيَّايَ فَارْهَبُونِ,فَٱرْهَبُونِ,ambiguous_verse,multiple_optimal_paths,2:40
2:41:1,2:41:1,وَآمِنُوا,وَءَامِنُوا۟,surface_mismatch,1:1;no_annotation_transferred,2:41
2:41:14,2:41:14,بِآيَاتِي,بِـَٔايَٰتِى,surface_mismatch,1:1;no_annotation_transferred,2:41
2:41:17,2:41:17,وَإِيَّايَ,وَإِيَّٰىَ,surface_mismatch,1:1;no_annotation_transferred,2:41
2:43:2,2:43:2,الصَّلَاةَ,ٱلصَّلَوٰةَ,surface_mismatch,1:1;no_annotation_transferred,2:43
2:43:3,2:43:3,وَآتُوا,وَءَاتُوا۟,surface_mismatch,1:1;no_annotation_transferred,2:43
2:43:4,2:43:4,الزَّكَاةَ,ٱلزَّكَوٰةَ,surface_mismatch,1:1;no_annotation_transferred,2:43
2:45:3,2:45:3,وَالصَّلَاةِ,وَٱلصَّلَوٰةِ,surface_mismatch,1:1;no_annotation_transferred,2:45
2:46:4,2:46:4,مُّلَاقُو,مُّلَٰقُوا۟,surface_mismatch,1:1;no_annotation_transferred,2:46
2:47:1,,يَا بَنِي إِسْرَائِيلَ اذْكُرُوا نِعْمَتِيَ الَّتِي أَنْعَمْتُ عَلَيْكُمْ وَأَنِّي فَضَّلْتُكُمْ عَلَى الْعَالَمِينَ,يَٰبَنِىٓ,ambiguous_verse,multiple_optimal_paths,2:47
2:47:2,,يَا بَنِي إِسْرَائِيلَ اذْكُرُوا نِعْمَتِيَ الَّتِي أَنْعَمْتُ عَلَيْكُمْ وَأَنِّي فَضَّلْتُكُمْ عَلَى الْعَالَمِينَ,إِسْرَٰٓءِيلَ,ambiguous_verse,multiple_optimal_paths,2:47
2:47:3,,يَا بَنِي إِسْرَائِيلَ اذْكُرُوا نِعْمَتِيَ الَّتِي أَنْعَمْتُ عَلَيْكُمْ وَأَنِّي فَضَّلْتُكُمْ عَلَى الْعَالَمِينَ,ٱذْكُرُوا۟,ambiguous_verse,multiple_optimal_paths,2:47
2:47:4,,يَا بَنِي إِسْرَائِيلَ اذْكُرُوا نِعْمَتِيَ الَّتِي أَنْعَمْتُ عَلَيْكُمْ وَأَنِّي فَضَّلْتُكُمْ عَلَى الْعَالَمِينَ,نِعْمَتِىَ,ambiguous_verse,multiple_optimal_paths,2:47
2:47:5,,يَا بَنِي إِسْرَائِيلَ اذْكُرُوا نِعْمَتِيَ الَّتِي أَنْعَمْتُ عَلَيْكُمْ وَأَنِّي فَضَّلْتُكُمْ عَلَى الْعَالَمِينَ,ٱلَّتِىٓ,ambiguous_verse,multiple_optimal_paths,2:47
2:47:6,,يَا بَنِي إِسْرَائِيلَ اذْكُرُوا نِعْمَتِيَ الَّتِي أَنْعَمْتُ عَلَيْكُمْ وَأَنِّي فَضَّلْتُكُمْ عَلَى الْعَالَمِينَ,أَنْعَمْتُ,ambiguous_verse,multiple_optimal_paths,2:47
2:47:7,,يَا بَنِي إِسْرَائِيلَ اذْكُرُوا نِعْمَتِيَ الَّتِي أَنْعَمْتُ عَلَيْكُمْ وَأَنِّي فَضَّلْتُكُمْ عَلَى الْعَالَمِينَ,عَلَيْكُمْ,ambiguous_verse,multiple_optimal_paths,2:47
2:47:8,,يَا بَنِي إِسْرَائِيلَ اذْكُرُوا نِعْمَتِيَ الَّتِي أَنْعَمْتُ عَلَيْكُمْ وَأَنِّي فَضَّلْتُكُمْ عَلَى الْعَالَمِينَ,وَأَنِّى,ambiguous_verse,multiple_optimal_paths,2:47
2:47:9,,يَا بَنِي إِسْرَائِيلَ اذْكُرُوا نِعْمَتِيَ الَّتِي أَنْعَمْتُ عَلَيْكُمْ وَأَنِّي فَضَّلْتُكُمْ عَلَى الْعَالَمِينَ,فَضَّلْتُكُمْ,ambiguous_verse,multiple_optimal_paths,2:47
2:47:10,,يَا بَنِي إِسْرَائِيلَ اذْكُرُوا نِعْمَتِيَ الَّتِي أَنْعَمْتُ عَلَيْكُمْ وَأَنِّي فَضَّلْتُكُمْ عَلَى الْعَالَمِينَ,عَلَى,ambiguous_verse,multiple_optimal_paths,2:47
2:47:11,,يَا بَنِي إِسْرَائِيلَ اذْكُرُوا نِعْمَتِيَ الَّتِي أَنْعَمْتُ عَلَيْكُمْ وَأَنِّي فَضَّلْتُكُمْ عَلَى الْعَالَمِينَ,ٱلْعَٰلَمِينَ,ambiguous_verse,multiple_optimal_paths,2:47
2:48:4,2:48:4,تَجْزِي,تَجْزِى,surface_mismatch,1:1;no_annotation_transferred,2:48
2:48:8,2:48:8,شَيْئًا,شَيْـًٔا,surface_mismatch,1:1;no_annotation_transferred,2:48
2:49:4,2:49:4,آلِ,ءَالِ,surface_mismatch,1:1;no_annotation_transferred,2:49
2:49:13,2:49:13,وَفِي,وَفِى,surface_mismatch,1:1;no_annotation_transferred,2:49
2:50:7,2:50:7,آلَ,ءَالَ,surface_mismatch,1:1;no_annotation_transferred,2:50
2:53:2,2:53:2,آتَيْنَا,ءَاتَيْنَا,surface_mismatch,1:1;no_annotation_transferred,2:53
2:59:6,2:59:6,الَّذِي,ٱلَّذِى,surface_mismatch,1:1;no_annotation_transferred,2:59
2:60:26,2:60:26,فِي,فِى,surface_mismatch,1:1;no_annotation_transferred,2:60
2:61:25,2:61:26,الَّذِي,ٱلَّذِى,surface_mismatch,1:1;no_annotation_transferred,2:61
2:61:28,2:61:29,بِالَّذِي,بِٱلَّذِى,surface_mismatch,1:1;no_annotation_transferred,2:61
2:61:41,2:61:42,وَبَاءُوا,وَبَآءُو,surface_mismatch,1:1;no_annotation_transferred,2:61
2:61:49,2:61:50,بِآيَاتِ,بِـَٔايَٰتِ,surface_mismatch,1:1;no_annotation_transferred,2:61
2:61:52,2:61:53,النَّبِيِّينَ,ٱلنَّبِيِّۦنَ,surface_mismatch,1:1;no_annotation_transferred,2:61
2:62:3,2:62:3,آمَنُوا,ءَامَنُوا۟,surface_mismatch,1:1;no_annotation_transferred,2:62
2:62:7,2:62:7,وَالصَّابِئِينَ,وَٱلصَّٰبِـِٔينَ,surface_mismatch,1:1;no_annotation_transferred,2:62
2:62:9,2:62:9,آمَنَ,ءَامَنَ,surface_mismatch,1:1;no_annotation_transferred,2:62
2:62:12,2:62:12,الْآخِرِ,ٱلْءَاخِرِ,surface_mismatch,1:1;no_annotation_transferred,2:62
2:63:9,2:63:9,آتَيْنَاكُم,ءَاتَيْنَٰكُم,surface_mismatch,1:1;no_annotation_transferred,2:63
2:65:6,2:65:6,فِي,فِى,surface_mismatch,1:1;no_annotation_transferred,2:65
2:65:12,2:65:12,خَاسِئِينَ,خَٰسِـِٔينَ,surface_mismatch,1:1;no_annotation_transferred,2:65
2:68:8,2:68:8,هِيَ,هِىَ,surface_mismatch,1:1;no_annotation_transferred,2:68
2:70:8,2:70:8,هِيَ,هِىَ,surface_mismatch,1:1;no_annotation_transferred,2:70
2:71:11,2:71:11,تَسْقِي,تَسْقِى,surface_mismatch,1:1;no_annotation_transferred,2:71
2:71:18,2:71:18,الْآنَ,ٱلْـَٰٔنَ,surface_mismatch,1:1;no_annotation_transferred,2:71
2:73:5,2:73:5,يُحْيِي,يُحْىِ,surface_mismatch,1:1;no_annotation_transferred,2:73
2:73:9,2:73:9,آيَاتِهِ,ءَايَٰتِهِۦ,surface_mismatch,1:1;no_annotation_transferred,2:73
2:74:7,2:74:7,فَهِيَ,فَهِىَ,surface_mismatch,1:1;no_annotation_transferred,2:74
2:76:4,2:76:4,آمَنُوا,ءَامَنُوا۟,surface_mismatch,1:1;no_annotation_transferred,2:76
2:76:6,2:76:6,آمَنَّا,ءَامَنَّا,surface_mismatch,1:1;no_annotation_transferred,2:76
2:78:7,2:78:7,أَمَانِيَّ,أَمَانِىَّ,surface_mismatch,1:1;no_annotation_transferred,2:78
2:81:7,2:81:7,خَطِيئَتُهُ,خَطِيٓـَٔتُهُۥ,surface_mismatch,1:1;no_annotation_transferred,2:81
2:82:2,2:82:2,آمَنُوا,ءَامَنُوا۟,surface_mismatch,1:1;no_annotation_transferred,2:82
2:83:4,2:83:4,بَنِي,بَنِىٓ,surface_mismatch,1:1;no_annotation_transferred,2:83
2:83:5,2:83:5,إِسْرَائِيلَ,إِسْرَٰٓءِيلَ,surface_mismatch,1:1;no_annotation_transferred,2:83
2:83:12,2:83:12,وَذِي,وَذِى,surface_mismatch,1:1;no_annotation_transferred,2:83
2:83:20,2:83:20,الصَّلَاةَ,ٱلصَّلَوٰةَ,surface_mismatch,1:1;no_annotation_transferred,2:83
2:83:21,2:83:21,وَآتُوا,وَءَاتُوا۟,surface_mismatch,1:1;no_annotation_transferred,2:83
2:83:22,2:83:22,الزَّكَاةَ,ٱلزَّكَوٰةَ,surface_mismatch,1:1;no_annotation_transferred,2:83
2:85:35,2:85:35,خِزْيٌ,خِزْىٌ,surface_mismatch,1:1;no_annotation_transferred,2:85
2:85:36,2:85:36,فِي,فِى,surface_mismatch,1:1;no_annotation_transferred,2:85
2:85:37,2:85:37,الْحَيَاةِ,ٱلْحَيَوٰةِ,surface_mismatch,1:1;no_annotation_transferred,2:85
2:86:4,2:86:4,الْحَيَاةَ,ٱلْحَيَوٰةَ,surface_mismatch,1:1;no_annotation_transferred,2:86
2:86:6,2:86:6,بِالْآخِرَةِ,بِٱلْءَاخِرَةِ,surface_mismatch,1:1;no_annotation_transferred,2:86
2:87:2,2:87:2,آتَيْنَا,ءَاتَيْنَا,surface_mismatch,1:1;no_annotation_transferred,2:87
2:87:9,2:87:9,وَآتَيْنَا,وَءَاتَيْنَا,surface_mismatch,1:1;no_annotation_transferred,2:87
2:90:21,2:90:21,فَبَاءُوا,فَبَآءُو,surface_mismatch,1:1;no_annotation_transferred,2:90
2:91:4,2:91:4,آمِنُوا,ءَامِنُوا۟,surface_mismatch,1:1;no_annotation_transferred,2:91
2:93:9,2:93:9,آتَيْنَاكُم,ءَاتَيْنَٰكُم,surface_mismatch,1:1;no_annotation_transferred,2:93
2:93:16,2:93:16,فِي,فِى,surface_mismatch,1:1;no_annotation_transferred,2:93
2:94:6,2:94:6,الْآخِرَةُ,ٱلْءَاخِرَةُ,surface_mismatch,1:1;no_annotation_transferred,2:94
2:96:5,2:96:5,حَيَاةٍ,حَيَوٰةٍ,surface_mismatch,1:1;no_annotation_transferred,2:96
2:98:8,2:98:8,وَمِيكَالَ,وَمِيكَىٰلَ,surface_mismatch,1:1;no_annotation_transferred,2:98
2:99:4,2:99:4,آيَاتٍ,ءَايَٰتٍۭ,surface_mismatch,1:1;no_annotation_transferred,2:99
2:102:3,2:102:3,تَتْلُو,تَتْلُوا۟,surface_mismatch,1:1;no_annotation_transferred,2:102
2:102:60,2:102:60,اشْتَرَاهُ,ٱشْتَرَىٰهُ,surface_mismatch,1:1;no_annotation_transferred,2:102
2:102:63,2:102:63,فِي,فِى,surface_mismatch,1:1;no_annotation_transferred,2:102
2:102:64,2:102:64,الْآخِرَةِ,ٱلْءَاخِرَةِ,surface_mismatch,1:1;no_annotation_transferred,2:102
2:103:3,2:103:3,آمَنُوا,ءَامَنُوا۟,surface_mismatch,1:1;no_annotation_transferred,2:103
2:104:3,2:104:4,آمَنُوا,ءَامَنُوا۟,surface_mismatch,1:1;no_annotation_transferred,2:104
2:106:4,2:106:4,آيَةٍ,ءَايَةٍ,surface_mismatch,1:1;no_annotation_transferred,2:106
2:106:18,2:106:18,شَيْءٍ,شَىْءٍ,surface_mismatch,1:1;no_annotation_transferred,2:106
2:107:15,2:107:15,وَلِيٍّ,وَلِىٍّ,surface_mismatch,1:1;no_annotation_transferred,2:107
2:108:4,2:108:4,تَسْأَلُوا,تَسْـَٔلُوا۟,surface_mismatch,1:1;no_annotation_transferred,2:108
2:109:25,2:109:25,يَأْتِيَ,يَأْتِىَ,surface_mismatch,1:1;no_annotation_transferred,2:109
2:109:32,2:109:32,شَيْءٍ,شَىْءٍ,surface_mismatch,1:1;no_annotation_transferred,2:109
2:110:2,2:110:2,الصَّلَاةَ,ٱلصَّلَوٰةَ,surface_mismatch,1:1;no_annotation_transferred,2:110
2:110:3,2:110:3,وَآتُوا,وَءَاتُوا۟,surface_mismatch,1:1;no_annotation_transferred,2:110
2:110:4,2:110:4,الزَّكَاةَ,ٱلزَّكَوٰةَ,surface_mismatch,1:1;no_annotation_transferred,2:110
2:113:6,2:113:6,شَيْءٍ,شَىْءٍ,surface_mismatch,1:1;no_annotation_transferred,2:113
2:113:12,2:113:12,شَيْءٍ,شَىْءٍ,surface_mismatch,1:1;no_annotation_transferred,2:113
2:114:12,2:114:12,فِي,فِى,surface_mismatch,1:1;no_annotation_transferred,2:114
2:114:23,2:114:23,فِي,فِى,surface_mismatch,1:1;no_annotation_transferred,2:114
2:114:25,2:114:25,خِزْيٌ,خِزْىٌ,surface_mismatch,1:1;no_annotation_transferred,2:114
2:114:27,2:114:27,فِي,فِى,surface_mismatch,1:1;no_annotation_transferred,2:114
2:114:28,2:114:28,الْآخِرَةِ,ٱلْءَاخِرَةِ,surface_mismatch,1:1;no_annotation_transferred,2:114
2:116:9,2:116:9,فِي,فِى,surface_mismatch,1:1;no_annotation_transferred,2:116
2:118:10,2:118:10,آيَةٌ,ءَايَةٌ,surface_mismatch,1:1;no_annotation_transferred,2:118
2:118:22,2:118:22,الْآيَاتِ,ٱلْءَايَٰتِ,surface_mismatch,1:1;no_annotation_transferred,2:118
2:119:7,2:119:7,تُسْأَلُ,تُسْـَٔلُ,surface_mismatch,1:1;no_annotation_transferred,2:119
2:120:20,2:120:20,الَّذِي,ٱلَّذِى,surface_mismatch,1:1;no_annotation_transferred,2:120
2:120:29,2:120:29,وَلِيٍّ,وَلِىٍّ,surface_mismatch,1:1;no_annotation_transferred,2:120
2:121:2,2:121:2,آتَيْنَاهُمُ,ءَاتَيْنَٰهُمُ,surface_mismatch,1:1;no_annotation_transferred,2:121
2:122:1,,يَا بَنِي إِسْرَائِيلَ اذْكُرُوا نِعْمَتِيَ الَّتِي أَنْعَمْتُ عَلَيْكُمْ وَأَنِّي فَضَّلْتُكُمْ عَلَى الْعَالَمِينَ,يَٰبَنِىٓ,ambiguous_verse,multiple_optimal_paths,2:122
2:122:2,,يَا بَنِي إِسْرَائِيلَ اذْكُرُوا نِعْمَتِيَ الَّتِي أَنْعَمْتُ عَلَيْكُمْ وَأَنِّي فَضَّلْتُكُمْ عَلَى الْعَالَمِينَ,إِسْرَٰٓءِيلَ,ambiguous_verse,multiple_optimal_paths,2:122
2:122:3,,يَا بَنِي إِسْرَائِيلَ اذْكُرُوا نِعْمَتِيَ الَّتِي أَنْعَمْتُ عَلَيْكُمْ وَأَنِّي فَضَّلْتُكُمْ عَلَى الْعَالَمِينَ,ٱذْكُرُوا۟,ambiguous_verse,multiple_optimal_paths,2:122
2:122:4,,يَا بَنِي إِسْرَائِيلَ اذْكُرُوا نِعْمَتِيَ الَّتِي أَنْعَمْتُ عَلَيْكُمْ وَأَنِّي فَضَّلْتُكُمْ عَلَى الْعَالَمِينَ,نِعْمَتِىَ,ambiguous_verse,multiple_optimal_paths,2:122
2:122:5,,يَا بَنِي إِسْرَائِيلَ اذْكُرُوا نِعْمَتِيَ الَّتِي أَنْعَمْتُ عَلَيْكُمْ وَأَنِّي فَضَّلْتُكُمْ عَلَى الْعَالَمِينَ,ٱلَّتِىٓ,ambiguous_verse,multiple_optimal_paths,2:122
2:122:6,,يَا بَنِي إِسْرَائِيلَ اذْكُرُوا نِعْمَتِيَ الَّتِي أَنْعَمْتُ عَلَيْكُمْ وَأَنِّي فَضَّلْتُكُمْ عَلَى الْعَالَمِينَ,أَنْعَمْتُ,ambiguous_verse,multiple_optimal_paths,2:122
2:122:7,,يَا بَنِي إِسْرَائِيلَ اذْكُرُوا نِعْمَتِيَ الَّتِي أَنْعَمْتُ عَلَيْكُمْ وَأَنِّي فَضَّلْتُكُمْ عَلَى الْعَالَمِينَ,عَلَيْكُمْ,ambiguous_verse,multiple_optimal_paths,2:122
2:122:8,,يَا بَنِي إِسْرَائِيلَ اذْكُرُوا نِعْمَتِيَ الَّتِي أَنْعَمْتُ عَلَيْكُمْ وَأَنِّي فَضَّلْتُكُمْ عَلَى الْعَالَمِينَ,وَأَنِّى,ambiguous_verse,multiple_optimal_paths,2:122
2:122:9,,يَا بَنِي إِسْرَائِيلَ اذْكُرُوا نِعْمَتِيَ الَّتِي أَنْعَمْتُ عَلَيْكُمْ وَأَنِّي فَضَّلْتُكُمْ عَلَى الْعَالَمِينَ,فَضَّلْتُكُمْ,ambiguous_verse,multiple_optimal_paths,2:122
2:122:10,,يَا بَنِي إِسْرَائِيلَ اذْكُرُوا نِعْمَتِيَ الَّتِي أَنْعَمْتُ عَلَيْكُمْ وَأَنِّي فَضَّلْتُكُمْ عَلَى الْعَالَمِينَ,عَلَى,ambiguous_verse,multiple_optimal_paths,2:122
2:122:11,,يَا بَنِي إِسْرَائِيلَ اذْكُرُوا نِعْمَتِيَ الَّتِي أَنْعَمْتُ عَلَيْكُمْ وَأَنِّي فَضَّلْتُكُمْ عَلَى الْعَالَمِينَ,ٱلْعَٰلَمِينَ,ambiguous_verse,multiple_optimal_paths,2:122
2:123:4,2:123:4,تَجْزِي,تَجْزِى,surface_mismatch,1:1;no_annotation_transferred,2:123
2:123:8,2:123:8,شَيْئًا,شَيْـًٔا,surface_mismatch,1:1;no_annotation_transferred,2:123
2:124:3,2:124:3,إِبْرَاهِيمَ,إِبْرَٰهِۦمَ,surface_mismatch,1:1;no_annotation_transferred,2:124
2:124:8,2:124:8,إِنِّي,إِنِّى,surface_mismatch,1:1;no_annotation_transferred,2:124
2:124:14,2:124:14,ذُرِّيَّتِي,ذُرِّيَّتِى,surface_mismatch,1:1;no_annotation_transferred,2:124
2:124:18,2:124:18,عَهْدِي,عَهْدِى,surface_mismatch,1:1;no_annotation_transferred,2:124
2:125:10,2:125:10,إِبْرَاهِيمَ,إِبْرَٰهِۦمَ,surface_mismatch,1:1;no_annotation_transferred,2:125
2:125:14,2:125:14,إِبْرَاهِيمَ,إِبْرَٰهِۦمَ,surface_mismatch,1:1;no_annotation_transferred,2:125
2:125:18,2:125:18,بَيْتِيَ,بَيْتِىَ,surface_mismatch,1:1;no_annotation_transferred,2:125
2:126:3,2:126:3,إِبْرَاهِيمُ,إِبْرَٰهِۦمُ,surface_mismatch,1:1;no_annotation_transferred,2:126
2:126:8,2:126:8,آمِنًا,ءَامِنًا,surface_mismatch,1:1;no_annotation_transferred,2:126
2:126:14,2:126:14,آمَنَ,ءَامَنَ,surface_mismatch,1:1;no_annotation_transferred,2:126
2:126:18,2:126:18,الْآخِرِ,ٱلْءَاخِرِ,surface_mismatch,1:1;no_annotation_transferred,2:126
2:127:3,2:127:3,إِبْرَاهِيمُ,إِبْرَٰهِۦمُ,surface_mismatch,1:1;no_annotation_transferred,2:127
2:129:6,2:129:6,يَتْلُو,يَتْلُوا۟,surface_mismatch,1:1;no_annotation_transferred,2:129
2:129:8,2:129:8,آيَاتِكَ,ءَايَٰتِكَ,surface_mismatch,1:1;no_annotation_transferred,2:129
2:130:5,2:130:5,إِبْرَاهِيمَ,إِبْرَٰهِۦمَ,surface_mismatch,1:1;no_annotation_transferred,2:130
2:130:12,2:130:12,فِي,فِى,surface_mismatch,1:1;no_annotation_transferred,2:130
2:130:15,2:130:15,فِي,فِى,surface_mismatch,1:1;no_annotation_transferred,2:130
2:130:16,2:130:16,الْآخِرَةِ,ٱلْءَاخِرَةِ,surface_mismatch,1:1;no_annotation_transferred,2:130
2:132:1,,وَوَصَّىٰ بِهَا إِبْرَاهِيمُ بَنِيهِ وَيَعْقُوبُ يَا بَنِيَّ إِنَّ اللَّهَ اصْطَفَىٰ لَكُمُ الدِّينَ فَلَا تَمُوتُنَّ إِلَّا وَأَنتُم مُّسْلِمُونَ,وَوَصَّىٰ,ambiguous_verse,multiple_optimal_paths,2:132
2:132:2,,وَوَصَّىٰ بِهَا إِبْرَاهِيمُ بَنِيهِ وَيَعْقُوبُ يَا بَنِيَّ إِنَّ اللَّهَ اصْطَفَىٰ لَكُمُ الدِّينَ فَلَا تَمُوتُنَّ إِلَّا وَأَنتُم مُّسْلِمُونَ,بِهَآ,ambiguous_verse,multiple_optimal_paths,2:132
2:132:3,,وَوَصَّىٰ بِهَا إِبْرَاهِيمُ بَنِيهِ وَيَعْقُوبُ يَا بَنِيَّ إِنَّ اللَّهَ اصْطَفَىٰ لَكُمُ الدِّينَ فَلَا تَمُوتُنَّ إِلَّا وَأَنتُم مُّسْلِمُونَ,إِبْرَٰهِۦمُ,ambiguous_verse,multiple_optimal_paths,2:132
2:132:4,,وَوَصَّىٰ بِهَا إِبْرَاهِيمُ بَنِيهِ وَيَعْقُوبُ يَا بَنِيَّ إِنَّ اللَّهَ اصْطَفَىٰ لَكُمُ الدِّينَ فَلَا تَمُوتُنَّ إِلَّا وَأَنتُم مُّسْلِمُونَ,بَنِيهِ,ambiguous_verse,multiple_optimal_paths,2:132
2:132:5,,وَوَصَّىٰ بِهَا إِبْرَاهِيمُ بَنِيهِ وَيَعْقُوبُ يَا بَنِيَّ إِنَّ اللَّهَ اصْطَفَىٰ لَكُمُ الدِّينَ فَلَا تَمُوتُنَّ إِلَّا وَأَنتُم مُّسْلِمُونَ,وَيَعْقُوبُ,ambiguous_verse,multiple_optimal_paths,2:132
2:132:6,,وَوَصَّىٰ بِهَا إِبْرَاهِيمُ بَنِيهِ وَيَعْقُوبُ يَا بَنِيَّ إِنَّ اللَّهَ اصْطَفَىٰ لَكُمُ الدِّينَ فَلَا تَمُوتُنَّ إِلَّا وَأَنتُم مُّسْلِمُونَ,يَٰبَنِىَّ,ambiguous_verse,multiple_optimal_paths,2:132
2:132:7,,وَوَصَّىٰ بِهَا إِبْرَاهِيمُ بَنِيهِ وَيَعْقُوبُ يَا بَنِيَّ إِنَّ اللَّهَ اصْطَفَىٰ لَكُمُ الدِّينَ فَلَا تَمُوتُنَّ إِلَّا وَأَنتُم مُّسْلِمُونَ,إِنَّ,ambiguous_verse,multiple_optimal_paths,2:132
2:132:8,,وَوَصَّىٰ بِهَا إِبْرَاهِيمُ بَنِيهِ وَيَعْقُوبُ يَا بَنِيَّ إِنَّ اللَّهَ اصْطَفَىٰ لَكُمُ الدِّينَ فَلَا تَمُوتُنَّ إِلَّا وَأَنتُم مُّسْلِمُونَ,ٱللَّهَ,ambiguous_verse,multiple_optimal_paths,2:132
2:132:9,,وَوَصَّىٰ بِهَا إِبْرَاهِيمُ بَنِيهِ وَيَعْقُوبُ يَا بَنِيَّ إِنَّ اللَّهَ اصْطَفَىٰ لَكُمُ الدِّينَ فَلَا تَمُوتُنَّ إِلَّا وَأَنتُم مُّسْلِمُونَ,ٱصْطَفَىٰ,ambiguous_verse,multiple_optimal_paths,2:132
2:132:10,,وَوَصَّىٰ بِهَا إِبْرَاهِيمُ بَنِيهِ وَيَعْقُوبُ يَا بَنِيَّ إِنَّ اللَّهَ اصْطَفَىٰ لَكُمُ الدِّينَ فَلَا تَمُوتُنَّ إِلَّا وَأَنتُم مُّسْلِمُونَ,لَكُمُ,ambiguous_verse,multiple_optimal_paths,2:132
2:132:11,,وَوَصَّىٰ بِهَا إِبْرَاهِيمُ بَنِيهِ وَيَعْقُوبُ يَا بَنِيَّ إِنَّ اللَّهَ اصْطَفَىٰ لَكُمُ الدِّينَ فَلَا تَمُوتُنَّ إِلَّا وَأَنتُم مُّسْلِمُونَ,ٱلدِّينَ,ambiguous_verse,multiple_optimal_paths,2:132
2:132:12,,وَوَصَّىٰ بِهَا إِبْرَاهِيمُ بَنِيهِ وَيَعْقُوبُ يَا بَنِيَّ إِنَّ اللَّهَ اصْطَفَىٰ لَكُمُ الدِّينَ فَلَا تَمُوتُنَّ إِلَّا وَأَنتُم مُّسْلِمُونَ,فَلَا,ambiguous_verse,multiple_optimal_paths,2:132
2:132:13,,وَوَصَّىٰ بِهَا إِبْرَاهِيمُ بَنِيهِ وَيَعْقُوبُ يَا بَنِيَّ إِنَّ اللَّهَ اصْطَفَىٰ لَكُمُ الدِّينَ فَلَا تَمُوتُنَّ إِلَّا وَأَنتُم مُّسْلِمُونَ,تَمُوتُنَّ,ambiguous_verse,multiple_optimal_paths,2:132
2:132:14,,وَوَصَّىٰ بِهَا إِبْرَاهِيمُ بَنِيهِ وَيَعْقُوبُ يَا بَنِيَّ إِنَّ اللَّهَ اصْطَفَىٰ لَكُمُ الدِّينَ فَلَا تَمُوتُنَّ إِلَّا وَأَنتُم مُّسْلِمُونَ,إِلَّا,ambiguous_verse,multiple_optimal_paths,2:132
2:132:15,,وَوَصَّىٰ بِهَا إِبْرَاهِيمُ بَنِيهِ وَيَعْقُوبُ يَا بَنِيَّ إِنَّ اللَّهَ اصْطَفَىٰ لَكُمُ الدِّينَ فَلَا تَمُوتُنَّ إِلَّا وَأَنتُم مُّسْلِمُونَ,وَأَنتُم,ambiguous_verse,multiple_optimal_paths,2:132
2:132:16,,وَوَصَّىٰ بِهَا إِبْرَاهِيمُ بَنِيهِ وَيَعْقُوبُ يَا بَنِيَّ إِنَّ اللَّهَ اصْطَفَىٰ لَكُمُ الدِّينَ فَلَا تَمُوتُنَّ إِلَّا وَأَنتُم مُّسْلِمُونَ,مُّسْلِمُونَ,ambiguous_verse,multiple_optimal_paths,2:132
2:133:14,2:133:14,بَعْدِي,بَعْدِى,surface_mismatch,1:1;no_annotation_transferred,2:133
2:133:19,2:133:19,آبَائِكَ,ءَابَآئِكَ,surface_mismatch,1:1;no_annotation_transferred,2:133
2:133:20,2:133:20,إِبْرَاهِيمَ,إِبْرَٰهِۦمَ,surface_mismatch,1:1;no_annotation_transferred,2:133
2:134:12,2:134:12,تُسْأَلُونَ,تُسْـَٔلُونَ,surface_mismatch,1:1;no_annotation_transferred,2:134
2:135:10,2:135:10,إِبْرَاهِيمَ,إِبْرَٰهِۦمَ,surface_mismatch,1:1;no_annotation_transferred,2:135
2:136:2,2:136:2,آمَنَّا,ءَامَنَّا,surface_mismatch,1:1;no_annotation_transferred,2:136
2:136:10,2:136:10,إِبْرَاهِيمَ,إِبْرَٰهِۦمَ,surface_mismatch,1:1;no_annotation_transferred,2:136
2:136:16,2:136:16,أُوتِيَ,أُوتِىَ,surface_mismatch,1:1;no_annotation_transferred,2:136
2:136:20,2:136:20,أُوتِيَ,أُوتِىَ,surface_mismatch,1:1;no_annotation_transferred,2:136
2:137:2,2:137:2,آمَنُوا,ءَامَنُوا۟,surface_mismatch,1:1;no_annotation_transferred,2:137
2:137:5,2:137:5,آمَنتُم,ءَامَنتُم,surface_mismatch,1:1;no_annotation_transferred,2:137
2:137:13,2:137:13,فِي,فِى,surface_mismatch,1:1;no_annotation_transferred,2:137
2:139:3,2:139:3,فِي,فِى,surface_mismatch,1:1;no_annotation_transferred,2:139
2:140:4,2:140:4,إِبْرَاهِيمَ,إِبْرَٰهِۦمَ,surface_mismatch,1:1;no_annotation_transferred,2:140
2:140:14,2:140:14,أَأَنتُمْ,ءَأَنتُمْ,surface_mismatch,1:1;no_annotation_transferred,2:140
2:141:12,2:141:12,تُسْأَلُونَ,تُسْـَٔلُونَ,surface_mismatch,1:1;no_annotation_transferred,2:141
2:142:6,2:142:6,وَلَّاهُمْ,وَلَّىٰهُمْ,surface_mismatch,1:1;no_annotation_transferred,2:142
2:142:9,2:142:9,الَّتِي,ٱلَّتِى,surface_mismatch,1:1;no_annotation_transferred,2:142
2:142:16,2:142:16,يَهْدِي,يَهْدِى,surface_mismatch,1:1;no_annotation_transferred,2:142
2:143:16,2:143:16,الَّتِي,ٱلَّتِى,surface_mismatch,1:1;no_annotation_transferred,2:143
2:144:5,2:144:5,فِي,فِى,surface_mismatch,1:1;no_annotation_transferred,2:144
2:144:9,2:144:9,تَرْضَاهَا,تَرْضَىٰهَا,surface_mismatch,1:1;no_annotation_transferred,2:144
2:145:7,2:145:7,آيَةٍ,ءَايَةٍ,surface_mismatch,1:1;no_annotation_transferred,2:145
2:146:2,2:146:2,آتَيْنَاهُمُ,ءَاتَيْنَٰهُمُ,surface_mismatch,1:1;no_annotation_transferred,2:146
2:148:18,2:148:18,شَيْءٍ,شَىْءٍ,surface_mismatch,1:1;no_annotation_transferred,2:148
2:150:26,2:150:26,وَاخْشَوْنِي,وَٱخْشَوْنِى,surface_mismatch,1:1;no_annotation_transferred,2:150
2:150:28,2:150:28,نِعْمَتِي,نِعْمَتِى,surface_mismatch,1:1;no_annotation_transferred,2:150
2:151:6,2:151:6,يَتْلُو,يَتْلُوا۟,surface_mismatch,1:1;no_annotation_transferred,2:151
2:151:8,2:151:8,آيَاتِنَا,ءَايَٰتِنَا,surface_mismatch,1:1;no_annotation_transferred,2:151
2:152:1,2:152:1,فَاذْكُرُونِي,فَٱذْكُرُونِىٓ,surface_mismatch,1:1;no_annotation_transferred,2:152
2:152:4,2:152:4,لِي,لِى,surface_mismatch,1:1;no_annotation_transferred,2:152
2:153:3,2:153:4,آمَنُوا,ءَامَنُوا۟,surface_mismatch,1:1;no_annotation_transferred,2:153
2:153:6,2:153:7,وَالصَّلَاةِ,وَٱلصَّلَوٰةِ,surface_mismatch,1:1;no_annotation_transferred,2:153
2:154:5,2:154:5,فِي,فِى,surface_mismatch,1:1;no_annotation_transferred,2:154
2:155:2,2:155:2,بِشَيْءٍ,بِشَىْءٍ,surface_mismatch,1:1;no_annotation_transferred,2:155
2:159:14,2:159:14,فِي,فِى,surface_mismatch,1:1;no_annotation_transferred,2:159
2:164:2,2:164:2,فِي,فِى,surface_mismatch,1:1;no_annotation_transferred,2:164
2:164:7,2:164:7,اللَّيْلِ,ٱلَّيْلِ,surface_mismatch,1:1;no_annotation_transferred,2:164
2:164:10,2:164:10,الَّتِي,ٱلَّتِى,surface_mismatch,1:1;no_annotation_transferred,2:164
2:164:11,2:164:11,تَجْرِي,تَجْرِى,surface_mismatch,1:1;no_annotation_transferred,2:164
2:164:12,2:164:12,فِي,فِى,surface_mismatch,1:1;no_annotation_transferred,2:164
2:164:41,2:164:41,لَآيَاتٍ,لَءَايَٰتٍ,surface_mismatch,1:1;no_annotation_transferred,2:164
2:165:13,2:165:13,آمَنُوا,ءَامَنُوٓا۟,surface_mismatch,1:1;no_annotation_transferred,2:165
2:168:5,2:168:6,فِي,فِى,surface_mismatch,1:1;no_annotation_transferred,2:168
2:170:14,2:170:14,آبَاءَنَا,ءَابَآءَنَآ,surface_mismatch,1:1;no_annotation_transferred,2:170
2:170:17,2:170:17,آبَاؤُهُمْ,ءَابَآؤُهُمْ,surface_mismatch,1:1;no_annotation_transferred,2:170
2:170:20,2:170:20,شَيْئًا,شَيْـًٔا,surface_mismatch,1:1;no_annotation_transferred,2:170
2:171:5,2:171:5,الَّذِي,ٱلَّذِى,surface_mismatch,1:1;no_annotation_transferred,2:171
2:171:15,2:171:15,عُمْيٌ,عُمْىٌ,surface_mismatch,1:1;no_annotation_transferred,2:171
2:172:3,2:172:4,آمَنُوا,ءَامَنُوا۟,surface_mismatch,1:1;no_annotation_transferred,2:172
2:174:16,2:174:16,فِي,فِى,surface_mismatch,1:1;no_annotation_transferred,2:174
2:176:10,2:176:10,فِي,فِى,surface_mismatch,1:1;no_annotation_transferred,2:176
2:176:12,2:176:12,لَفِي,لَفِى,surface_mismatch,1:1;no_annotation_transferred,2:176
2:177:12,2:177:12,آمَنَ,ءَامَنَ,surface_mismatch,1:1;no_annotation_transferred,2:177
2:177:15,2:177:15,الْآخِرِ,ٱلْءَاخِرِ,surface_mismatch,1:1;no_annotation_transferred,2:177
2:177:18,2:177:18,وَالنَّبِيِّينَ,وَٱلنَّبِيِّۦنَ,surface_mismatch,1:1;no_annotation_transferred,2:177
2:177:19,2:177:19,وَآتَى,وَءَاتَى,surface_mismatch,1:1;no_annotation_transferred,2:177
2:177:23,2:177:23,ذَوِي,ذَوِى,surface_mismatch,1:1;no_annotation_transferred,2:177
2:177:30,2:177:30,وَفِي,وَفِى,surface_mismatch,1:1;no_annotation_transferred,2:177
2:177:33,2:177:33,الصَّلَاةَ,ٱلصَّلَوٰةَ,surface_mismatch,1:1;no_annotation_transferred,2:177
2:177:34,2:177:34,وَآتَى,وَءَاتَى,surface_mismatch,1:1;no_annotation_transferred,2:177
2:177:35,2:177:35,الزَّكَاةَ,ٱلزَّكَوٰةَ,surface_mismatch,1:1;no_annotation_transferred,2:177
2:177:41,2:177:41,فِي,فِى,surface_mismatch,1:1;no_annotation_transferred,2:177
2:178:3,2:178:4,آمَنُوا,ءَامَنُوا۟,surface_mismatch,1:1;no_annotation_transferred,2:178
2:178:7,2:178:8,فِي,فِى,surface_mismatch,1:1;no_annotation_transferred,2:178
2:178:16,2:178:17,عُفِيَ,عُفِىَ,surface_mismatch,1:1;no_annotation_transferred,2:178
2:178:20,2:178:21,شَيْءٌ,شَىْءٌ,surface_mismatch,1:1;no_annotation_transferred,2:178
2:179:1,,وَلَكُمْ فِي الْقِصَاصِ حَيَاةٌ يَا أُولِي الْأَلْبَابِ لَعَلَّكُمْ تَتَّقُونَ,وَلَكُمْ,ambiguous_verse,multiple_optimal_paths,2:179
2:179:2,,وَلَكُمْ فِي الْقِصَاصِ حَيَاةٌ يَا أُولِي الْأَلْبَابِ لَعَلَّكُمْ تَتَّقُونَ,فِى,ambiguous_verse,multiple_optimal_paths,2:179
2:179:3,,وَلَكُمْ فِي الْقِصَاصِ حَيَاةٌ يَا أُولِي الْأَلْبَابِ لَعَلَّكُمْ تَتَّقُونَ,ٱلْقِصَاصِ,ambiguous_verse,multiple_optimal_paths,2:179
2:179:4,,وَلَكُمْ فِي الْقِصَاصِ حَيَاةٌ يَا أُولِي الْأَلْبَابِ لَعَلَّكُمْ تَتَّقُونَ,حَيَوٰةٌ,ambiguous_verse,multiple_optimal_paths,2:179
2:179:5,,وَلَكُمْ فِي الْقِصَاصِ حَيَاةٌ يَا أُولِي الْأَلْبَابِ لَعَلَّكُمْ تَتَّقُونَ,يَٰٓأُو۟لِى,ambiguous_verse,multiple_optimal_paths,2:179
2:179:6,,وَلَكُمْ فِي الْقِصَاصِ حَيَاةٌ يَا أُولِي الْأَلْبَابِ لَعَلَّكُمْ تَتَّقُونَ,ٱلْأَلْبَٰبِ,ambiguous_verse,multiple_optimal_paths,2:179
2:179:7,,وَلَكُمْ فِي الْقِصَاصِ حَيَاةٌ يَا أُولِي الْأَلْبَابِ لَعَلَّكُمْ تَتَّقُونَ,لَعَلَّكُمْ,ambiguous_verse,multiple_optimal_paths,2:179
2:179:8,,وَلَكُمْ فِي الْقِصَاصِ حَيَاةٌ يَا أُولِي الْأَلْبَابِ لَعَلَّكُمْ تَتَّقُونَ,تَتَّقُونَ,ambiguous_verse,multiple_optimal_paths,2:179
2:183:3,2:183:4,آمَنُوا,ءَامَنُوا۟,surface_mismatch,1:1;no_annotation_transferred,2:183
2:185:3,2:185:3,الَّذِي,ٱلَّذِىٓ,surface_mismatch,1:1;no_annotation_transferred,2:185
2:185:6,2:185:6,الْقُرْآنُ,ٱلْقُرْءَانُ,surface_mismatch,1:1;no_annotation_transferred,2:185
2:185:42,2:185:42,هَدَاكُمْ,هَدَىٰكُمْ,surface_mismatch,1:1;no_annotation_transferred,2:185
2:186:3,2:186:3,عِبَادِي,عِبَادِى,surface_mismatch,1:1;no_annotation_transferred,2:186
2:186:4,2:186:4,عَنِّي,عَنِّى,surface_mismatch,1:1;no_annotation_transferred,2:186
2:186:5,2:186:5,فَإِنِّي,فَإِنِّى,surface_mismatch,1:1;no_annotation_transferred,2:186
2:186:13,2:186:13,لِي,لِى,surface_mismatch,1:1;no_annotation_transferred,2:186
2:186:15,2:186:15,بِي,بِى,surface_mismatch,1:1;no_annotation_transferred,2:186
2:187:24,2:187:24,فَالْآنَ,فَٱلْـَٰٔنَ,surface_mismatch,1:1;no_annotation_transferred,2:187
2:187:47,2:187:47,اللَّيْلِ,ٱلَّيْلِ,surface_mismatch,1:1;no_annotation_transferred,2:187
2:187:52,2:187:52,فِي,فِى,surface_mismatch,1:1;no_annotation_transferred,2:187
2:187:62,2:187:62,آيَاتِهِ,ءَايَٰتِهِۦ,surface_mismatch,1:1;no_annotation_transferred,2:187
2:189:1,2:189:1,يَسْأَلُونَكَ,يَسْـَٔلُونَكَ,surface_mismatch,1:1;no_annotation_transferred,2:189
2:189:5,2:189:5,هِيَ,هِىَ,surface_mismatch,1:1;no_annotation_transferred,2:189
2:190:2,2:190:2,فِي,فِى,surface_mismatch,1:1;no_annotation_transferred,2:190
2:195:2,2:195:2,فِي,فِى,surface_mismatch,1:1;no_annotation_transferred,2:195
2:196:10,2:196:10,الْهَدْيِ,ٱلْهَدْىِ,surface_mismatch,1:1;no_annotation_transferred,2:196
2:196:16,2:196:16,الْهَدْيُ,ٱلْهَدْىُ,surface_mismatch,1:1;no_annotation_transferred,2:196
2:196:44,2:196:44,الْهَدْيِ,ٱلْهَدْىِ,surface_mismatch,1:1;no_annotation_transferred,2:196
2:196:51,2:196:51,فِي,فِى,surface_mismatch,1:1;no_annotation_transferred,2:196
2:196:64,2:196:64,حَاضِرِي,حَاضِرِى,surface_mismatch,1:1;no_annotation_transferred,2:196
2:197:1,,الْحَجُّ أَشْهُرٌ مَّعْلُومَاتٌ فَمَن فَرَضَ فِيهِنَّ الْحَجَّ فَلَا رَفَثَ وَلَا فُسُوقَ وَلَا جِدَالَ فِي الْحَجِّ وَمَا تَفْعَلُوا مِنْ خَيْرٍ يَعْلَمْهُ اللَّهُ وَتَزَوَّدُوا فَإِنَّ خَيْرَ الزَّادِ التَّقْوَىٰ وَاتَّقُونِ يَا أُولِي الْأَلْبَابِ,ٱلْحَجُّ,ambiguous_verse,multiple_optimal_paths,2:197
2:197:2,,الْحَجُّ أَشْهُرٌ مَّعْلُومَاتٌ فَمَن فَرَضَ فِيهِنَّ الْحَجَّ فَلَا رَفَثَ وَلَا فُسُوقَ وَلَا جِدَالَ فِي الْحَجِّ وَمَا تَفْعَلُوا مِنْ خَيْرٍ يَعْلَمْهُ اللَّهُ وَتَزَوَّدُوا فَإِنَّ خَيْرَ الزَّادِ التَّقْوَىٰ وَاتَّقُونِ يَا أُولِي الْأَلْبَابِ,أَشْهُرٌ,ambiguous_verse,multiple_optimal_paths,2:197
2:197:3,,الْحَجُّ أَشْهُرٌ مَّعْلُومَاتٌ فَمَن فَرَضَ فِيهِنَّ الْحَجَّ فَلَا رَفَثَ وَلَا فُسُوقَ وَلَا جِدَالَ فِي الْحَجِّ وَمَا تَفْعَلُوا مِنْ خَيْرٍ يَعْلَمْهُ اللَّهُ وَتَزَوَّدُوا فَإِنَّ خَيْرَ الزَّادِ التَّقْوَىٰ وَاتَّقُونِ يَا أُولِي الْأَلْبَابِ,مَّعْلُومَٰتٌ,ambiguous_verse,multiple_optimal_paths,2:197
2:197:4,,الْحَجُّ أَشْهُرٌ مَّعْلُومَاتٌ فَمَن فَرَضَ فِيهِنَّ الْحَجَّ فَلَا رَفَثَ وَلَا فُسُوقَ وَلَا جِدَالَ فِي الْحَجِّ وَمَا تَفْعَلُوا مِنْ خَيْرٍ يَعْلَمْهُ اللَّهُ وَتَزَوَّدُوا فَإِنَّ خَيْرَ الزَّادِ التَّقْوَىٰ وَاتَّقُونِ يَا أُولِي الْأَلْبَابِ,فَمَن,ambiguous_verse,multiple_optimal_paths,2:197
2:197:5,,الْحَجُّ أَشْهُرٌ مَّعْلُومَاتٌ فَمَن فَرَضَ فِيهِنَّ الْحَجَّ فَلَا رَفَثَ وَلَا فُسُوقَ وَلَا جِدَالَ فِي الْحَجِّ وَمَا تَفْعَلُوا مِنْ خَيْرٍ يَعْلَمْهُ اللَّهُ وَتَزَوَّدُوا فَإِنَّ خَيْرَ الزَّادِ التَّقْوَىٰ وَاتَّقُونِ يَا أُولِي الْأَلْبَابِ,فَرَضَ,ambiguous_verse,multiple_optimal_paths,2:197
2:197:6,,الْحَجُّ أَشْهُرٌ مَّعْلُومَاتٌ فَمَن فَرَضَ فِيهِنَّ الْحَجَّ فَلَا رَفَثَ وَلَا فُسُوقَ وَلَا جِدَالَ فِي الْحَجِّ وَمَا تَفْعَلُوا مِنْ خَيْرٍ يَعْلَمْهُ اللَّهُ وَتَزَوَّدُوا فَإِنَّ خَيْرَ الزَّادِ التَّقْوَىٰ وَاتَّقُونِ يَا أُولِي الْأَلْبَابِ,فِيهِنَّ,ambiguous_verse,multiple_optimal_paths,2:197
2:197:7,,الْحَجُّ أَشْهُرٌ مَّعْلُومَاتٌ فَمَن فَرَضَ فِيهِنَّ الْحَجَّ فَلَا رَفَثَ وَلَا فُسُوقَ وَلَا جِدَالَ فِي الْحَجِّ وَمَا تَفْعَلُوا مِنْ خَيْرٍ يَعْلَمْهُ اللَّهُ وَتَزَوَّدُوا فَإِنَّ خَيْرَ الزَّادِ التَّقْوَىٰ وَاتَّقُونِ يَا أُولِي الْأَلْبَابِ,ٱلْحَجَّ,ambiguous_verse,multiple_optimal_paths,2:197
2:197:8,,الْحَجُّ أَشْهُرٌ مَّعْلُومَاتٌ فَمَن فَرَضَ فِيهِنَّ الْحَجَّ فَلَا رَفَثَ وَلَا فُسُوقَ وَلَا جِدَالَ فِي الْحَجِّ وَمَا تَفْعَلُوا مِنْ خَيْرٍ يَعْلَمْهُ اللَّهُ وَتَزَوَّدُوا فَإِنَّ خَيْرَ الزَّادِ التَّقْوَىٰ وَاتَّقُونِ يَا أُولِي الْأَلْبَابِ,فَلَا,ambiguous_verse,multiple_optimal_paths,2:197
2:197:9,,الْحَجُّ أَشْهُرٌ مَّعْلُومَاتٌ فَمَن فَرَضَ فِيهِنَّ الْحَجَّ فَلَا رَفَثَ وَلَا فُسُوقَ وَلَا جِدَالَ فِي الْحَجِّ وَمَا تَفْعَلُوا مِنْ خَيْرٍ يَعْلَمْهُ اللَّهُ وَتَزَوَّدُوا فَإِنَّ خَيْرَ الزَّادِ التَّقْوَىٰ وَاتَّقُونِ يَا أُولِي الْأَلْبَابِ,رَفَثَ,ambiguous_verse,multiple_optimal_paths,2:197
2:197:10,,الْحَجُّ أَشْهُرٌ مَّعْلُومَاتٌ فَمَن فَرَضَ فِيهِنَّ الْحَجَّ فَلَا رَفَثَ وَلَا فُسُوقَ وَلَا جِدَالَ فِي الْحَجِّ وَمَا تَفْعَلُوا مِنْ خَيْرٍ يَعْلَمْهُ اللَّهُ وَتَزَوَّدُوا فَإِنَّ خَيْرَ الزَّادِ التَّقْوَىٰ وَاتَّقُونِ يَا أُولِي الْأَلْبَابِ,وَلَا,ambiguous_verse,multiple_optimal_paths,2:197
2:197:11,,الْحَجُّ أَشْهُرٌ مَّعْلُومَاتٌ فَمَن فَرَضَ فِيهِنَّ الْحَجَّ فَلَا رَفَثَ وَلَا فُسُوقَ وَلَا جِدَالَ فِي الْحَجِّ وَمَا تَفْعَلُوا مِنْ خَيْرٍ يَعْلَمْهُ اللَّهُ وَتَزَوَّدُوا فَإِنَّ خَيْرَ الزَّادِ التَّقْوَىٰ وَاتَّقُونِ يَا أُولِي الْأَلْبَابِ,فُسُوقَ,ambiguous_verse,multiple_optimal_paths,2:197
2:197:12,,الْحَجُّ أَشْهُرٌ مَّعْلُومَاتٌ فَمَن فَرَضَ فِيهِنَّ الْحَجَّ فَلَا رَفَثَ وَلَا فُسُوقَ وَلَا جِدَالَ فِي الْحَجِّ وَمَا تَفْعَلُوا مِنْ خَيْرٍ يَعْلَمْهُ اللَّهُ وَتَزَوَّدُوا فَإِنَّ خَيْرَ الزَّادِ التَّقْوَىٰ وَاتَّقُونِ يَا أُولِي الْأَلْبَابِ,وَلَا,ambiguous_verse,multiple_optimal_paths,2:197
2:197:13,,الْحَجُّ أَشْهُرٌ مَّعْلُومَاتٌ فَمَن فَرَضَ فِيهِنَّ الْحَجَّ فَلَا رَفَثَ وَلَا فُسُوقَ وَلَا جِدَالَ فِي الْحَجِّ وَمَا تَفْعَلُوا مِنْ خَيْرٍ يَعْلَمْهُ اللَّهُ وَتَزَوَّدُوا فَإِنَّ خَيْرَ الزَّادِ التَّقْوَىٰ وَاتَّقُونِ يَا أُولِي الْأَلْبَابِ,جِدَالَ,ambiguous_verse,multiple_optimal_paths,2:197
2:197:14,,الْحَجُّ أَشْهُرٌ مَّعْلُومَاتٌ فَمَن فَرَضَ فِيهِنَّ الْحَجَّ فَلَا رَفَثَ وَلَا فُسُوقَ وَلَا جِدَالَ فِي الْحَجِّ وَمَا تَفْعَلُوا مِنْ خَيْرٍ يَعْلَمْهُ اللَّهُ وَتَزَوَّدُوا فَإِنَّ خَيْرَ الزَّادِ التَّقْوَىٰ وَاتَّقُونِ يَا أُولِي الْأَلْبَابِ,فِى,ambiguous_verse,multiple_optimal_paths,2:197
2:197:15,,الْحَجُّ أَشْهُرٌ مَّعْلُومَاتٌ فَمَن فَرَضَ فِيهِنَّ الْحَجَّ فَلَا رَفَثَ وَلَا فُسُوقَ وَلَا جِدَالَ فِي الْحَجِّ وَمَا تَفْعَلُوا مِنْ خَيْرٍ يَعْلَمْهُ اللَّهُ وَتَزَوَّدُوا فَإِنَّ خَيْرَ الزَّادِ التَّقْوَىٰ وَاتَّقُونِ يَا أُولِي الْأَلْبَابِ,ٱلْحَجِّ,ambiguous_verse,multiple_optimal_paths,2:197
2:197:16,,الْحَجُّ أَشْهُرٌ مَّعْلُومَاتٌ فَمَن فَرَضَ فِيهِنَّ الْحَجَّ فَلَا رَفَثَ وَلَا فُسُوقَ وَلَا جِدَالَ فِي الْحَجِّ وَمَا تَفْعَلُوا مِنْ خَيْرٍ يَعْلَمْهُ اللَّهُ وَتَزَوَّدُوا فَإِنَّ خَيْرَ الزَّادِ التَّقْوَىٰ وَاتَّقُونِ يَا أُولِي الْأَلْبَابِ,وَمَا,ambiguous_verse,multiple_optimal_paths,2:197
2:197:17,,الْحَجُّ أَشْهُرٌ مَّعْلُومَاتٌ فَمَن فَرَضَ فِيهِنَّ الْحَجَّ فَلَا رَفَثَ وَلَا فُسُوقَ وَلَا جِدَالَ فِي الْحَجِّ وَمَا تَفْعَلُوا مِنْ خَيْرٍ يَعْلَمْهُ اللَّهُ وَتَزَوَّدُوا فَإِنَّ خَيْرَ الزَّادِ التَّقْوَىٰ وَاتَّقُونِ يَا أُولِي الْأَلْبَابِ,تَفْعَلُوا۟,ambiguous_verse,multiple_optimal_paths,2:197
2:197:18,,الْحَجُّ أَشْهُرٌ مَّعْلُومَاتٌ فَمَن فَرَضَ فِيهِنَّ الْحَجَّ فَلَا رَفَثَ وَلَا فُسُوقَ وَلَا جِدَالَ فِي الْحَجِّ وَمَا تَفْعَلُوا مِنْ خَيْرٍ يَعْلَمْهُ اللَّهُ وَتَزَوَّدُوا فَإِنَّ خَيْرَ الزَّادِ التَّقْوَىٰ وَاتَّقُونِ يَا أُولِي الْأَلْبَابِ,مِنْ,ambiguous_verse,multiple_optimal_paths,2:197
2:197:19,,الْحَجُّ أَشْهُرٌ مَّعْلُومَاتٌ فَمَن فَرَضَ فِيهِنَّ الْحَجَّ فَلَا رَفَثَ وَلَا فُسُوقَ وَلَا جِدَالَ فِي الْحَجِّ وَمَا تَفْعَلُوا مِنْ خَيْرٍ يَعْلَمْهُ اللَّهُ وَتَزَوَّدُوا فَإِنَّ خَيْرَ الزَّادِ التَّقْوَىٰ وَاتَّقُونِ يَا أُولِي الْأَلْبَابِ,خَيْرٍ,ambiguous_verse,multiple_optimal_paths,2:197
2:197:20,,الْحَجُّ أَشْهُرٌ مَّعْلُومَاتٌ فَمَن فَرَضَ فِيهِنَّ الْحَجَّ فَلَا رَفَثَ وَلَا فُسُوقَ وَلَا جِدَالَ فِي الْحَجِّ وَمَا تَفْعَلُوا مِنْ خَيْرٍ يَعْلَمْهُ اللَّهُ وَتَزَوَّدُوا فَإِنَّ خَيْرَ الزَّادِ التَّقْوَىٰ وَاتَّقُونِ يَا أُولِي الْأَلْبَابِ,يَعْلَمْهُ,ambiguous_verse,multiple_optimal_paths,2:197
2:197:21,,الْحَجُّ أَشْهُرٌ مَّعْلُومَاتٌ فَمَن فَرَضَ فِيهِنَّ الْحَجَّ فَلَا رَفَثَ وَلَا فُسُوقَ وَلَا جِدَالَ فِي الْحَجِّ وَمَا تَفْعَلُوا مِنْ خَيْرٍ يَعْلَمْهُ اللَّهُ وَتَزَوَّدُوا فَإِنَّ خَيْرَ الزَّادِ التَّقْوَىٰ وَاتَّقُونِ يَا أُولِي الْأَلْبَابِ,ٱللَّهُ,ambiguous_verse,multiple_optimal_paths,2:197
2:197:22,,الْحَجُّ أَشْهُرٌ مَّعْلُومَاتٌ فَمَن فَرَضَ فِيهِنَّ الْحَجَّ فَلَا رَفَثَ وَلَا فُسُوقَ وَلَا جِدَالَ فِي الْحَجِّ وَمَا تَفْعَلُوا مِنْ خَيْرٍ يَعْلَمْهُ اللَّهُ وَتَزَوَّدُوا فَإِنَّ خَيْرَ الزَّادِ التَّقْوَىٰ وَاتَّقُونِ يَا أُولِي الْأَلْبَابِ,وَتَزَوَّدُوا۟,ambiguous_verse,multiple_optimal_paths,2:197
2:197:23,,الْحَجُّ أَشْهُرٌ مَّعْلُومَاتٌ فَمَن فَرَضَ فِيهِنَّ الْحَجَّ فَلَا رَفَثَ وَلَا فُسُوقَ وَلَا جِدَالَ فِي الْحَجِّ وَمَا تَفْعَلُوا مِنْ خَيْرٍ يَعْلَمْهُ اللَّهُ وَتَزَوَّدُوا فَإِنَّ خَيْرَ الزَّادِ التَّقْوَىٰ وَاتَّقُونِ يَا أُولِي الْأَلْبَابِ,فَإِنَّ,ambiguous_verse,multiple_optimal_paths,2:197
2:197:24,,الْحَجُّ أَشْهُرٌ مَّعْلُومَاتٌ فَمَن فَرَضَ فِيهِنَّ الْحَجَّ فَلَا رَفَثَ وَلَا فُسُوقَ وَلَا جِدَالَ فِي الْحَجِّ وَمَا تَفْعَلُوا مِنْ خَيْرٍ يَعْلَمْهُ اللَّهُ وَتَزَوَّدُوا فَإِنَّ خَيْرَ الزَّادِ التَّقْوَىٰ وَاتَّقُونِ يَا أُولِي الْأَلْبَابِ,خَيْرَ,ambiguous_verse,multiple_optimal_paths,2:197
2:197:25,,الْحَجُّ أَشْهُرٌ مَّعْلُومَاتٌ فَمَن فَرَضَ فِيهِنَّ الْحَجَّ فَلَا رَفَثَ وَلَا فُسُوقَ وَلَا جِدَالَ فِي الْحَجِّ وَمَا تَفْعَلُوا مِنْ خَيْرٍ يَعْلَمْهُ اللَّهُ وَتَزَوَّدُوا فَإِنَّ خَيْرَ الزَّادِ التَّقْوَىٰ وَاتَّقُونِ يَا أُولِي الْأَلْبَابِ,ٱلزَّادِ,ambiguous_verse,multiple_optimal_paths,2:197
2:197:26,,الْحَجُّ أَشْهُرٌ مَّعْلُومَاتٌ فَمَن فَرَضَ فِيهِنَّ الْحَجَّ فَلَا رَفَثَ وَلَا فُسُوقَ وَلَا جِدَالَ فِي الْحَجِّ وَمَا تَفْعَلُوا مِنْ خَيْرٍ يَعْلَمْهُ اللَّهُ وَتَزَوَّدُوا فَإِنَّ خَيْرَ الزَّادِ التَّقْوَىٰ وَاتَّقُونِ يَا أُولِي الْأَلْبَابِ,ٱلتَّقْوَىٰ,ambiguous_verse,multiple_optimal_paths,2:197
2:197:27,,الْحَجُّ أَشْهُرٌ مَّعْلُومَاتٌ فَمَن فَرَضَ فِيهِنَّ الْحَجَّ فَلَا رَفَثَ وَلَا فُسُوقَ وَلَا جِدَالَ فِي الْحَجِّ وَمَا تَفْعَلُوا مِنْ خَيْرٍ يَعْلَمْهُ اللَّهُ وَتَزَوَّدُوا فَإِنَّ خَيْرَ الزَّادِ التَّقْوَىٰ وَاتَّقُونِ يَا أُولِي الْأَلْبَابِ,وَٱتَّقُونِ,ambiguous_verse,multiple_optimal_paths,2:197
2:197:28,,الْحَجُّ أَشْهُرٌ مَّعْلُومَاتٌ فَمَن فَرَضَ فِيهِنَّ الْحَجَّ فَلَا رَفَثَ وَلَا فُسُوقَ وَلَا جِدَالَ فِي الْحَجِّ وَمَا تَفْعَلُوا مِنْ خَيْرٍ يَعْلَمْهُ اللَّهُ وَتَزَوَّدُوا فَإِنَّ خَيْرَ الزَّادِ التَّقْوَىٰ وَاتَّقُونِ يَا أُولِي الْأَلْبَابِ,يَٰٓأُو۟لِى,ambiguous_verse,multiple_optimal_paths,2:197
2:197:29,,الْحَجُّ أَشْهُرٌ مَّعْلُومَاتٌ فَمَن فَرَضَ فِيهِنَّ الْحَجَّ فَلَا رَفَثَ وَلَا فُسُوقَ وَلَا جِدَالَ فِي الْحَجِّ وَمَا تَفْعَلُوا مِنْ خَيْرٍ يَعْلَمْهُ اللَّهُ وَتَزَوَّدُوا فَإِنَّ خَيْرَ الزَّادِ التَّقْوَىٰ وَاتَّقُونِ يَا أُولِي الْأَلْبَابِ,ٱلْأَلْبَٰبِ,ambiguous_verse,multiple_optimal_paths,2:197
2:198:20,2:198:20,هَدَاكُمْ,هَدَىٰكُمْ,surface_mismatch,1:1;no_annotation_transferred,2:198
2:200:7,2:200:7,آبَاءَكُمْ,ءَابَآءَكُمْ,surface_mismatch,1:1;no_annotation_transferred,2:200
2:200:16,2:200:16,آتِنَا,ءَاتِنَا,surface_mismatch,1:1;no_annotation_transferred,2:200
2:200:17,2:200:17,فِي,فِى,surface_mismatch,1:1;no_annotation_transferred,2:200
2:200:21,2:200:21,فِي,فِى,surface_mismatch,1:1;no_annotation_transferred,2:200
2:200:22,2:200:22,الْآخِرَةِ,ٱلْءَاخِرَةِ,surface_mismatch,1:1;no_annotation_transferred,2:200
2:201:5,2:201:5,آتِنَا,ءَاتِنَا,surface_mismatch,1:1;no_annotation_transferred,2:201
2:201:6,2:201:6,فِي,فِى,surface_mismatch,1:1;no_annotation_transferred,2:201
2:201:9,2:201:9,وَفِي,وَفِى,surface_mismatch,1:1;no_annotation_transferred,2:201
2:201:10,2:201:10,الْآخِرَةِ,ٱلْءَاخِرَةِ,surface_mismatch,1:1;no_annotation_transferred,2:201
2:203:3,2:203:3,فِي,فِىٓ,surface_mismatch,1:1;no_annotation_transferred,2:203
2:203:8,2:203:8,فِي,فِى,surface_mismatch,1:1;no_annotation_transferred,2:203
2:204:6,2:204:6,فِي,فِى,surface_mismatch,1:1;no_annotation_transferred,2:204
2:204:7,2:204:7,الْحَيَاةِ,ٱلْحَيَوٰةِ,surface_mismatch,1:1;no_annotation_transferred,2:204
2:204:13,2:204:13,فِي,فِى,surface_mismatch,1:1;no_annotation_transferred,2:204
2:205:4,2:205:4,فِي,فِى,surface_mismatch,1:1;no_annotation_transferred,2:205
2:207:4,2:207:4,يَشْرِي,يَشْرِى,surface_mismatch,1:1;no_annotation_transferred,2:207
2:208:3,2:208:4,آمَنُوا,ءَامَنُوا۟,surface_mismatch,1:1;no_annotation_transferred,2:208
2:208:5,2:208:6,فِي,فِى,surface_mismatch,1:1;no_annotation_transferred,2:208
2:210:7,2:210:7,فِي,فِى,surface_mismatch,1:1;no_annotation_transferred,2:210
2:210:12,2:210:12,وَقُضِيَ,وَقُضِىَ,surface_mismatch,1:1;no_annotation_transferred,2:210
2:211:2,2:211:2,بَنِي,بَنِىٓ,surface_mismatch,1:1;no_annotation_transferred,2:211
2:211:3,2:211:3,إِسْرَائِيلَ,إِسْرَٰٓءِيلَ,surface_mismatch,1:1;no_annotation_transferred,2:211
2:211:5,2:211:5,آتَيْنَاهُم,ءَاتَيْنَٰهُم,surface_mismatch,1:1;no_annotation_transferred,2:211
2:211:7,2:211:7,آيَةٍ,ءَايَةٍۭ,surface_mismatch,1:1;no_annotation_transferred,2:211
2:212:4,2:212:4,الْحَيَاةُ,ٱلْحَيَوٰةُ,surface_mismatch,1:1;no_annotation_transferred,2:212
2:212:9,2:212:9,آمَنُوا,ءَامَنُوا۟,surface_mismatch,1:1;no_annotation_transferred,2:212
2:213:7,2:213:7,النَّبِيِّينَ,ٱلنَّبِيِّۦنَ,surface_mismatch,1:1;no_annotation_transferred,2:213
2:213:36,2:213:36,آمَنُوا,ءَامَنُوا۟,surface_mismatch,1:1;no_annotation_transferred,2:213
2:213:44,2:213:44,يَهْدِي,يَهْدِى,surface_mismatch,1:1;no_annotation_transferred,2:213
2:214:21,2:214:21,آمَنُوا,ءَامَنُوا۟,surface_mismatch,1:1;no_annotation_transferred,2:214
2:215:1,2:215:1,يَسْأَلُونَكَ,يَسْـَٔلُونَكَ,surface_mismatch,1:1;no_annotation_transferred,2:215
2:216:10,2:216:10,شَيْئًا,شَيْـًٔا,surface_mismatch,1:1;no_annotation_transferred,2:216
2:216:17,2:216:17,شَيْئًا,شَيْـًٔا,surface_mismatch,1:1;no_annotation_transferred,2:216
2:217:1,2:217:1,يَسْأَلُونَكَ,يَسْـَٔلُونَكَ,surface_mismatch,1:1;no_annotation_transferred,2:217
2:217:49,2:217:49,فِي,فِى,surface_mismatch,1:1;no_annotation_transferred,2:217
2:217:51,2:217:51,وَالْآخِرَةِ,وَٱلْءَاخِرَةِ,surface_mismatch,1:1;no_annotation_transferred,2:217
2:218:3,2:218:3,آمَنُوا,ءَامَنُوا۟,surface_mismatch,1:1;no_annotation_transferred,2:218
2:218:7,2:218:7,فِي,فِى,surface_mismatch,1:1;no_annotation_transferred,2:218
2:219:1,2:219:1,يَسْأَلُونَكَ,يَسْـَٔلُونَكَ,surface_mismatch,1:1;no_annotation_transferred,2:219
2:219:15,2:219:15,وَيَسْأَلُونَكَ,وَيَسْـَٔلُونَكَ,surface_mismatch,1:1;no_annotation_transferred,2:219
2:219:24,2:219:24,الْآيَاتِ,ٱلْءَايَٰتِ,surface_mismatch,1:1;no_annotation_transferred,2:219
2:220:1,2:220:1,فِي,فِى,surface_mismatch,1:1;no_annotation_transferred,2:220
2:220:3,2:220:3,وَالْآخِرَةِ,وَٱلْءَاخِرَةِ,surface_mismatch,1:1;no_annotation_transferred,2:220
2:220:4,2:220:4,وَيَسْأَلُونَكَ,وَيَسْـَٔلُونَكَ,surface_mismatch,1:1;no_annotation_transferred,2:220
2:221:30,2:221:30,يَدْعُو,يَدْعُوٓا۟,surface_mismatch,1:1;no_annotation_transferred,2:221
2:221:36,2:221:36,آيَاتِهِ,ءَايَٰتِهِۦ,surface_mismatch,1:1;no_annotation_transferred,2:221
2:222:1,2:222:1,وَيَسْأَلُونَكَ,وَيَسْـَٔلُونَكَ,surface_mismatch,1:1;no_annotation_transferred,2:222
2:222:9,2:222:9,فِي,فِى,surface_mismatch,1:1;no_annotation_transferred,2:222
2:225:5,2:225:5,فِي,فِىٓ,surface_mismatch,1:1;no_annotation_transferred,2:225
2:226:9,2:226:9,فَاءُوا,فَآءُو,surface_mismatch,1:1;no_annotation_transferred,2:226
2:228:14,2:228:14,فِي,فِىٓ,surface_mismatch,1:1;no_annotation_transferred,2:228
2:228:21,2:228:21,الْآخِرِ,ٱلْءَاخِرِ,surface_mismatch,1:1;no_annotation_transferred,2:228
2:228:25,2:228:25,فِي,فِى,surface_mismatch,1:1;no_annotation_transferred,2:228
2:228:32,2:228:32,الَّذِي,ٱلَّذِى,surface_mismatch,1:1;no_annotation_transferred,2:228
2:229:14,2:229:14,آتَيْتُمُوهُنَّ,ءَاتَيْتُمُوهُنَّ,surface_mismatch,1:1;no_annotation_transferred,2:229
2:229:15,2:229:15,شَيْئًا,شَيْـًٔا,surface_mismatch,1:1;no_annotation_transferred,2:229
2:231:23,2:231:23,آيَاتِ,ءَايَٰتِ,surface_mismatch,1:1;no_annotation_transferred,2:231
2:231:44,2:231:44,شَيْءٍ,شَىْءٍ,surface_mismatch,1:1;no_annotation_transferred,2:231
2:232:24,2:232:24,الْآخِرِ,ٱلْءَاخِرِ,surface_mismatch,1:1;no_annotation_transferred,2:232
2:233:55,2:233:55,آتَيْتُم,ءَاتَيْتُم,surface_mismatch,1:1;no_annotation_transferred,2:233
2:234:19,2:234:19,فِي,فِىٓ,surface_mismatch,1:1;no_annotation_transferred,2:234
2:235:12,2:235:12,فِي,فِىٓ,surface_mismatch,1:1;no_annotation_transferred,2:235
2:235:40,2:235:40,فِي,فِىٓ,surface_mismatch,1:1;no_annotation_transferred,2:235
2:237:18,2:237:18,يَعْفُوَ,يَعْفُوَا۟,surface_mismatch,1:1;no_annotation_transferred,2:237
2:237:19,2:237:19,الَّذِي,ٱلَّذِى,surface_mismatch,1:1;no_annotation_transferred,2:237
2:238:4,2:238:4,وَالصَّلَاةِ,وَٱلصَّلَوٰةِ,surface_mismatch,1:1;no_annotation_transferred,2:238
2:240:18,2:240:18,فِي,فِى,surface_mismatch,1:1;no_annotation_transferred,2:240
2:240:21,2:240:21,فِي,فِىٓ,surface_mismatch,1:1;no_annotation_transferred,2:240
2:242:5,2:242:5,آيَاتِهِ,ءَايَٰتِهِۦ,surface_mismatch,1:1;no_annotation_transferred,2:242
2:244:2,2:244:2,فِي,فِى,surface_mismatch,1:1;no_annotation_transferred,2:244
2:245:3,2:245:3,الَّذِي,ٱلَّذِى,surface_mismatch,1:1;no_annotation_transferred,2:245
2:245:14,2:245:14,وَيَبْسُطُ,وَيَبْصُۜطُ,surface_mismatch,1:1;no_annotation_transferred,2:245
2:246:6,2:246:6,بَنِي,بَنِىٓ,surface_mismatch,1:1;no_annotation_transferred,2:246
2:246:7,2:246:7,إِسْرَائِيلَ,إِسْرَٰٓءِيلَ,surface_mismatch,1:1;no_annotation_transferred,2:246
2:246:13,2:246:13,لِنَبِيٍّ,لِنَبِىٍّ,surface_mismatch,1:1;no_annotation_transferred,2:246
2:246:19,2:246:19,فِي,فِى,surface_mismatch,1:1;no_annotation_transferred,2:246
2:246:36,2:246:36,فِي,فِى,surface_mismatch,1:1;no_annotation_transferred,2:246
2:247:29,2:247:29,اصْطَفَاهُ,ٱصْطَفَىٰهُ,surface_mismatch,1:1;no_annotation_transferred,2:247
2:247:33,2:247:33,فِي,فِى,surface_mismatch,1:1;no_annotation_transferred,2:247
2:247:37,2:247:37,يُؤْتِي,يُؤْتِى,surface_mismatch,1:1;no_annotation_transferred,2:247
2:248:5,2:248:5,آيَةَ,ءَايَةَ,surface_mismatch,1:1;no_annotation_transferred,2:248
2:248:17,2:248:17,آلُ,ءَالُ,surface_mismatch,1:1;no_annotation_transferred,2:248
2:248:19,2:248:19,وَآلُ,وَءَالُ,surface_mismatch,1:1;no_annotation_transferred,2:248
2:248:24,2:248:24,فِي,فِى,surface_mismatch,1:1;no_annotation_transferred,2:248
2:248:26,2:248:26,لَآيَةً,لَءَايَةً,surface_mismatch,1:1;no_annotation_transferred,2:248
2:249:14,2:249:14,مِنِّي,مِنِّى,surface_mismatch,1:1;no_annotation_transferred,2:249
2:249:19,2:249:19,مِنِّي,مِنِّىٓ,surface_mismatch,1:1;no_annotation_transferred,2:249
2:249:34,2:249:34,آمَنُوا,ءَامَنُوا۟,surface_mismatch,1:1;no_annotation_transferred,2:249
2:249:47,2:249:47,مُّلَاقُو,مُّلَٰقُوا۟,surface_mismatch,1:1;no_annotation_transferred,2:249
2:251:5,2:251:5,دَاوُودُ,دَاوُۥدُ,surface_mismatch,1:1;no_annotation_transferred,2:251
2:251:7,2:251:7,وَآتَاهُ,وَءَاتَىٰهُ,surface_mismatch,1:1;no_annotation_transferred,2:251
2:252:2,2:252:2,آيَاتُ,ءَايَٰتُ,surface_mismatch,1:1;no_annotation_transferred,2:252
2:253:14,2:253:14,وَآتَيْنَا,وَءَاتَيْنَا,surface_mismatch,1:1;no_annotation_transferred,2:253
2:253:39,2:253:39,آمَنَ,ءَامَنَ,surface_mismatch,1:1;no_annotation_transferred,2:253
2:254:3,2:254:4,آمَنُوا,ءَامَنُوٓا۟,surface_mismatch,1:1;no_annotation_transferred,2:254
2:254:10,2:254:11,يَأْتِيَ,يَأْتِىَ,surface_mismatch,1:1;no_annotation_transferred,2:254
2:255:6,2:255:6,الْحَيُّ,ٱلْحَىُّ,surface_mismatch,1:1;no_annotation_transferred,2:255
2:255:15,2:255:15,فِي,فِى,surface_mismatch,1:1;no_annotation_transferred,2:255
2:255:18,2:255:18,فِي,فِى,surface_mismatch,1:1;no_annotation_transferred,2:255
2:255:22,2:255:22,الَّذِي,ٱلَّذِى,surface_mismatch,1:1;no_annotation_transferred,2:255
2:255:35,2:255:35,بِشَيْءٍ,بِشَىْءٍ,surface_mismatch,1:1;no_annotation_transferred,2:255
2:255:46,2:255:46,يَئُودُهُ,يَـُٔودُهُۥ,surface_mismatch,1:1;no_annotation_transferred,2:255
2:255:49,2:255:49,الْعَلِيُّ,ٱلْعَلِىُّ,surface_mismatch,1:1;no_annotation_transferred,2:255
2:256:3,2:256:3,فِي,فِى,surface_mismatch,1:1;no_annotation_transferred,2:256
2:256:9,2:256:9,الْغَيِّ,ٱلْغَىِّ,surface_mismatch,1:1;no_annotation_transferred,2:256
2:257:2,2:257:2,وَلِيُّ,وَلِىُّ,surface_mismatch,1:1;no_annotation_transferred,2:257
2:257:4,2:257:4,آمَنُوا,ءَامَنُوا۟,surface_mismatch,1:1;no_annotation_transferred,2:257
2:258:4,2:258:4,الَّذِي,ٱلَّذِى,surface_mismatch,1:1;no_annotation_transferred,2:258
2:258:6,2:258:6,إِبْرَاهِيمَ,إِبْرَٰهِۦمَ,surface_mismatch,1:1;no_annotation_transferred,2:258
2:258:7,2:258:7,فِي,فِى,surface_mismatch,1:1;no_annotation_transferred,2:258
2:258:10,2:258:10,آتَاهُ,ءَاتَىٰهُ,surface_mismatch,1:1;no_annotation_transferred,2:258
2:258:15,2:258:15,إِبْرَاهِيمُ,إِبْرَٰهِۦمُ,surface_mismatch,1:1;no_annotation_transferred,2:258
2:258:16,2:258:16,رَبِّيَ,رَبِّىَ,surface_mismatch,1:1;no_annotation_transferred,2:258
2:258:17,2:258:17,الَّذِي,ٱلَّذِى,surface_mismatch,1:1;no_annotation_transferred,2:258
2:258:18,2:258:18,يُحْيِي,يُحْىِۦ,surface_mismatch,1:1;no_annotation_transferred,2:258
2:258:22,2:258:22,أُحْيِي,أُحْىِۦ,surface_mismatch,1:1;no_annotation_transferred,2:258
2:258:25,2:258:25,إِبْرَاهِيمُ,إِبْرَٰهِۦمُ,surface_mismatch,1:1;no_annotation_transferred,2:258
2:258:28,2:258:28,يَأْتِي,يَأْتِى,surface_mismatch,1:1;no_annotation_transferred,2:258
2:258:37,2:258:37,الَّذِي,ٱلَّذِى,surface_mismatch,1:1;no_annotation_transferred,2:258
2:258:41,2:258:41,يَهْدِي,يَهْدِى,surface_mismatch,1:1;no_annotation_transferred,2:258
2:259:2,2:259:2,كَالَّذِي,كَٱلَّذِى,surface_mismatch,1:1;no_annotation_transferred,2:259
2:259:6,2:259:6,وَهِيَ,وَهِىَ,surface_mismatch,1:1;no_annotation_transferred,2:259
2:259:12,2:259:12,يُحْيِي,يُحْىِۦ,surface_mismatch,1:1;no_annotation_transferred,2:259
2:259:47,2:259:47,آيَةً,ءَايَةً,surface_mismatch,1:1;no_annotation_transferred,2:259
2:259:66,2:259:66,شَيْءٍ,شَىْءٍ,surface_mismatch,1:1;no_annotation_transferred,2:259
2:260:3,2:260:3,إِبْرَاهِيمُ,إِبْرَٰهِۦمُ,surface_mismatch,1:1;no_annotation_transferred,2:260
2:260:5,2:260:5,أَرِنِي,أَرِنِى,surface_mismatch,1:1;no_annotation_transferred,2:260
2:260:7,2:260:7,تُحْيِي,تُحْىِ,surface_mismatch,1:1;no_annotation_transferred,2:260
2:260:16,2:260:16,قَلْبِي,قَلْبِى,surface_mismatch,1:1;no_annotation_transferred,2:260
2:261:5,2:261:5,فِي,فِى,surface_mismatch,1:1;no_annotation_transferred,2:261
2:261:13,2:261:13,فِي,فِى,surface_mismatch,1:1;no_annotation_transferred,2:261
2:262:4,2:262:4,فِي,فِى,surface_mismatch,1:1;no_annotation_transferred,2:262
2:263:10,2:263:10,غَنِيٌّ,غَنِىٌّ,surface_mismatch,1:1;no_annotation_transferred,2:263
2:264:3,2:264:4,آمَنُوا,ءَامَنُوا۟,surface_mismatch,1:1;no_annotation_transferred,2:264
2:264:9,2:264:10,كَالَّذِي,كَٱلَّذِى,surface_mismatch,1:1;no_annotation_transferred,2:264
2:264:18,2:264:19,الْآخِرِ,ٱلْءَاخِرِ,surface_mismatch,1:1;no_annotation_transferred,2:264
2:264:31,2:264:32,شَيْءٍ,شَىْءٍ,surface_mismatch,1:1;no_annotation_transferred,2:264
2:264:36,2:264:37,يَهْدِي,يَهْدِى,surface_mismatch,1:1;no_annotation_transferred,2:264
2:265:16,2:265:16,فَآتَتْ,فَـَٔاتَتْ,surface_mismatch,1:1;no_annotation_transferred,2:265
2:266:10,2:266:10,تَجْرِي,تَجْرِى,surface_mismatch,1:1;no_annotation_transferred,2:266
2:266:33,2:266:33,الْآيَاتِ,ٱلْءَايَٰتِ,surface_mismatch,1:1;no_annotation_transferred,2:266
2:267:3,2:267:4,آمَنُوا,ءَامَنُوٓا۟,surface_mismatch,1:1;no_annotation_transferred,2:267
2:267:20,2:267:21,بِآخِذِيهِ,بِـَٔاخِذِيهِ,surface_mismatch,1:1;no_annotation_transferred,2:267
2:267:28,2:267:29,غَنِيٌّ,غَنِىٌّ,surface_mismatch,1:1;no_annotation_transferred,2:267
2:269:1,2:269:1,يُؤْتِي,يُؤْتِى,surface_mismatch,1:1;no_annotation_transferred,2:269
2:269:9,2:269:9,أُوتِيَ,أُوتِىَ,surface_mismatch,1:1;no_annotation_transferred,2:269
2:269:15,2:269:15,أُولُو,أُو۟لُوا۟,surface_mismatch,1:1;no_annotation_transferred,2:269
2:271:5,2:271:5,هِيَ,هِىَ,surface_mismatch,1:1;no_annotation_transferred,2:271
2:271:16,2:271:16,سَيِّئَاتِكُمْ,سَيِّـَٔاتِكُمْ,surface_mismatch,1:1;no_annotation_transferred,2:271
2:272:3,2:272:3,هُدَاهُمْ,هُدَىٰهُمْ,surface_mismatch,1:1;no_annotation_transferred,2:272
2:272:6,2:272:6,يَهْدِي,يَهْدِى,surface_mismatch,1:1;no_annotation_transferred,2:272
2:273:4,2:273:4,فِي,فِى,surface_mismatch,1:1;no_annotation_transferred,2:273
2:273:10,2:273:10,فِي,فِى,surface_mismatch,1:1;no_annotation_transferred,2:273
2:273:20,2:273:20,يَسْأَلُونَ,يَسْـَٔلُونَ,surface_mismatch,1:1;no_annotation_transferred,2:273
2:274:4,2:274:4,بِاللَّيْلِ,بِٱلَّيْلِ,surface_mismatch,1:1;no_annotation_transferred,2:274
2:275:3,2:275:3,الرِّبَا,ٱلرِّبَوٰا۟,surface_mismatch,1:1;no_annotation_transferred,2:275
2:275:9,2:275:9,الَّذِي,ٱلَّذِى,surface_mismatch,1:1;no_annotation_transferred,2:275
2:275:20,2:275:20,الرِّبَا,ٱلرِّبَوٰا۟,surface_mismatch,1:1;no_annotation_transferred,2:275
2:275:25,2:275:25,الرِّبَا,ٱلرِّبَوٰا۟,surface_mismatch,1:1;no_annotation_transferred,2:275
2:276:3,2:276:3,الرِّبَا,ٱلرِّبَوٰا۟,surface_mismatch,1:1;no_annotation_transferred,2:276
2:276:4,2:276:4,وَيُرْبِي,وَيُرْبِى,surface_mismatch,1:1;no_annotation_transferred,2:276
2:277:3,2:277:3,آمَنُوا,ءَامَنُوا۟,surface_mismatch,1:1;no_annotation_transferred,2:277
2:277:7,2:277:7,الصَّلَاةَ,ٱلصَّلَوٰةَ,surface_mismatch,1:1;no_annotation_transferred,2:277
2:277:8,2:277:8,وَآتَوُا,وَءَاتَوُا۟,surface_mismatch,1:1;no_annotation_transferred,2:277
2:277:9,2:277:9,الزَّكَاةَ,ٱلزَّكَوٰةَ,surface_mismatch,1:1;no_annotation_transferred,2:277
2:278:3,2:278:4,آمَنُوا,ءَامَنُوا۟,surface_mismatch,1:1;no_annotation_transferred,2:278
2:278:8,2:278:9,بَقِيَ,بَقِىَ,surface_mismatch,1:1;no_annotation_transferred,2:278
2:278:10,2:278:11,الرِّبَا,ٱلرِّبَوٰٓا۟,surface_mismatch,1:1;no_annotation_transferred,2:278
2:282:3,2:282:4,آمَنُوا,ءَامَنُوٓا۟,surface_mismatch,1:1;no_annotation_transferred,2:282
2:282:25,2:282:26,الَّذِي,ٱلَّذِى,surface_mismatch,1:1;no_annotation_transferred,2:282
2:282:34,2:282:35,شَيْئًا,شَيْـًٔا,surface_mismatch,1:1;no_annotation_transferred,2:282
2:282:37,2:282:38,الَّذِي,ٱلَّذِى,surface_mismatch,1:1;no_annotation_transferred,2:282
2:282:68,2:282:69,إِحْدَاهُمَا,إِحْدَىٰهُمَا,surface_mismatch,1:1;no_annotation_transferred,2:282
2:282:70,2:282:71,إِحْدَاهُمَا,إِحْدَىٰهُمَا,surface_mismatch,1:1;no_annotation_transferred,2:282
2:282:79,2:282:80,تَسْأَمُوا,تَسْـَٔمُوٓا۟,surface_mismatch,1:1;no_annotation_transferred,2:282
2:282:127,2:282:128,شَيْءٍ,شَىْءٍ,surface_mismatch,1:1;no_annotation_transferred,2:282
2:283:15,2:283:15,الَّذِي,ٱلَّذِى,surface_mismatch,1:1;no_annotation_transferred,2:283
2:283:27,2:283:27,آثِمٌ,ءَاثِمٌ,surface_mismatch,1:1;no_annotation_transferred,2:283
2:284:3,2:284:3,فِي,فِى,surface_mismatch,1:1;no_annotation_transferred,2:284
2:284:6,2:284:6,فِي,فِى,surface_mismatch,1:1;no_annotation_transferred,2:284
2:284:11,2:284:11,فِي,فِىٓ,surface_mismatch,1:1;no_annotation_transferred,2:284
2:284:27,2:284:27,شَيْءٍ,شَىْءٍ,surface_mismatch,1:1;no_annotation_transferred,2:284
2:285:1,2:285:1,آمَنَ,ءَامَنَ,surface_mismatch,1:1;no_annotation_transferred,2:285
2:285:10,2:285:10,آمَنَ,ءَامَنَ,surface_mismatch,1:1;no_annotation_transferred,2:285
2:286:45,2:286:45,مَوْلَانَا,مَوْلَىٰنَا,surface_mismatch,1:1;no_annotation_transferred,2:286
3:2:6,3:2:6,الْحَيُّ,ٱلْحَىُّ,surface_mismatch,1:1;no_annotation_transferred,3:2
3:3:10,3:3:10,التَّوْرَاةَ,ٱلتَّوْرَىٰةَ,surface_mismatch,1:1;no_annotation_transferred,3:3
3:4:10,3:4:10,بِآيَاتِ,بِـَٔايَٰتِ,surface_mismatch,1:1;no_annotation_transferred,3:4
3:5:6,3:5:6,شَيْءٌ,شَىْءٌ,surface_mismatch,1:1;no_annotation_transferred,3:5
3:5:7,3:5:7,فِي,فِى,surface_mismatch,1:1;no_annotation_transferred,3:5
3:5:10,3:5:10,فِي,فِى,surface_mismatch,1:1;no_annotation_transferred,3:5
3:6:2,3:6:2,الَّذِي,ٱلَّذِى,surface_mismatch,1:1;no_annotation_transferred,3:6
3:6:4,3:6:4,فِي,فِى,surface_mismatch,1:1;no_annotation_transferred,3:6
3:7:2,3:7:2,الَّذِي,ٱلَّذِىٓ,surface_mismatch,1:1;no_annotation_transferred,3:7
3:7:7,3:7:7,آيَاتٌ,ءَايَٰتٌ,surface_mismatch,1:1;no_annotation_transferred,3:7
3:7:16,3:7:16,فِي,فِى,surface_mismatch,1:1;no_annotation_transferred,3:7
3:7:33,3:7:33,فِي,فِى,surface_mismatch,1:1;no_annotation_transferred,3:7
3:7:36,3:7:36,آمَنَّا,ءَامَنَّا,surface_mismatch,1:1;no_annotation_transferred,3:7
3:7:45,3:7:45,أُولُو,أُو۟لُوا۟,surface_mismatch,1:1;no_annotation_transferred,3:7
3:10:5,3:10:5,تُغْنِيَ,تُغْنِىَ,surface_mismatch,1:1;no_annotation_transferred,3:10
3:10:12,3:10:12,شَيْئًا,شَيْـًٔا,surface_mismatch,1:1;no_annotation_transferred,3:10
3:11:2,3:11:2,آلِ,ءَالِ,surface_mismatch,1:1;no_annotation_transferred,3:11
3:11:8,3:11:8,بِآيَاتِنَا,بِـَٔايَٰتِنَا,surface_mismatch,1:1;no_annotation_transferred,3:11
3:13:4,3:13:4,آيَةٌ,ءَايَةٌ,surface_mismatch,1:1;no_annotation_transferred,3:13
3:13:5,3:13:5,فِي,فِى,surface_mismatch,1:1;no_annotation_transferred,3:13
3:13:10,3:13:10,فِي,فِى,surface_mismatch,1:1;no_annotation_transferred,3:13
3:13:17,3:13:17,رَأْيَ,رَأْىَ,surface_mismatch,1:1;no_annotation_transferred,3:13
3:13:25,3:13:25,فِي,فِى,surface_mismatch,1:1;no_annotation_transferred,3:13
3:13:28,3:13:28,لِّأُولِي,لِّأُو۟لِى,surface_mismatch,1:1;no_annotation_transferred,3:13
3:14:19,3:14:19,الْحَيَاةِ,ٱلْحَيَوٰةِ,surface_mismatch,1:1;no_annotation_transferred,3:14
3:14:24,3:14:24,الْمَآبِ,ٱلْمَـَٔابِ,surface_mismatch,1:1;no_annotation_transferred,3:14
3:15:11,3:15:11,تَجْرِي,تَجْرِى,surface_mismatch,1:1;no_annotation_transferred,3:15
3:16:5,3:16:5,آمَنَّا,ءَامَنَّا,surface_mismatch,1:1;no_annotation_transferred,3:16
3:18:9,3:18:9,وَأُولُو,وَأُو۟لُوا۟,surface_mismatch,1:1;no_annotation_transferred,3:18
3:19:21,3:19:21,بِآيَاتِ,بِـَٔايَٰتِ,surface_mismatch,1:1;no_annotation_transferred,3:19
3:20:5,3:20:5,وَجْهِيَ,وَجْهِىَ,surface_mismatch,1:1;no_annotation_transferred,3:20
3:20:13,3:20:13,وَالْأُمِّيِّينَ,وَٱلْأُمِّيِّۦنَ,surface_mismatch,1:1;no_annotation_transferred,3:20
3:20:14,3:20:14,أَأَسْلَمْتُمْ,ءَأَسْلَمْتُمْ,surface_mismatch,1:1;no_annotation_transferred,3:20
3:21:4,3:21:4,بِآيَاتِ,بِـَٔايَٰتِ,surface_mismatch,1:1;no_annotation_transferred,3:21
3:21:7,3:21:7,النَّبِيِّينَ,ٱلنَّبِيِّۦنَ,surface_mismatch,1:1;no_annotation_transferred,3:21
3:22:5,3:22:5,فِي,فِى,surface_mismatch,1:1;no_annotation_transferred,3:22
3:22:7,3:22:7,وَالْآخِرَةِ,وَٱلْءَاخِرَةِ,surface_mismatch,1:1;no_annotation_transferred,3:22
3:24:11,3:24:11,فِي,فِى,surface_mismatch,1:1;no_annotation_transferred,3:24
3:26:5,3:26:5,تُؤْتِي,تُؤْتِى,surface_mismatch,1:1;no_annotation_transferred,3:26
3:26:24,3:26:24,شَيْءٍ,شَىْءٍ,surface_mismatch,1:1;no_annotation_transferred,3:26
3:27:2,3:27:2,اللَّيْلَ,ٱلَّيْلَ,surface_mismatch,1:1;no_annotation_transferred,3:27
3:27:3,3:27:3,فِي,فِى,surface_mismatch,1:1;no_annotation_transferred,3:27
3:27:7,3:27:7,فِي,فِى,surface_mismatch,1:1;no_annotation_transferred,3:27
3:27:8,3:27:8,اللَّيْلِ,ٱلَّيْلِ,surface_mismatch,1:1;no_annotation_transferred,3:27
3:27:10,3:27:10,الْحَيَّ,ٱلْحَىَّ,surface_mismatch,1:1;no_annotation_transferred,3:27
3:27:16,3:27:16,الْحَيِّ,ٱلْحَىِّ,surface_mismatch,1:1;no_annotation_transferred,3:27
3:28:15,3:28:15,فِي,فِى,surface_mismatch,1:1;no_annotation_transferred,3:28
3:28:16,3:28:16,شَيْءٍ,شَىْءٍ,surface_mismatch,1:1;no_annotation_transferred,3:28
3:28:21,3:28:21,تُقَاةً,تُقَىٰةً,surface_mismatch,1:1;no_annotation_transferred,3:28
3:29:5,3:29:5,فِي,فِى,surface_mismatch,1:1;no_annotation_transferred,3:29
3:29:13,3:29:13,فِي,فِى,surface_mismatch,1:1;no_annotation_transferred,3:29
3:29:16,3:29:16,فِي,فِى,surface_mismatch,1:1;no_annotation_transferred,3:29
3:29:21,3:29:21,شَيْءٍ,شَىْءٍ,surface_mismatch,1:1;no_annotation_transferred,3:29
3:31:6,3:31:6,فَاتَّبِعُونِي,فَٱتَّبِعُونِى,surface_mismatch,1:1;no_annotation_transferred,3:31
3:33:4,3:33:4,آدَمَ,ءَادَمَ,surface_mismatch,1:1;no_annotation_transferred,3:33
3:33:6,3:33:6,وَآلَ,وَءَالَ,surface_mismatch,1:1;no_annotation_transferred,3:33
3:33:8,3:33:8,وَآلَ,وَءَالَ,surface_mismatch,1:1;no_annotation_transferred,3:33
3:35:6,3:35:6,إِنِّي,إِنِّى,surface_mismatch,1:1;no_annotation_transferred,3:35
3:35:10,3:35:10,فِي,فِى,surface_mismatch,1:1;no_annotation_transferred,3:35
3:35:11,3:35:11,بَطْنِي,بَطْنِى,surface_mismatch,1:1;no_annotation_transferred,3:35
3:35:14,3:35:14,مِنِّي,مِنِّىٓ,surface_mismatch,1:1;no_annotation_transferred,3:35
3:36:5,3:36:5,إِنِّي,إِنِّى,surface_mismatch,1:1;no_annotation_transferred,3:36
3:36:15,3:36:15,وَإِنِّي,وَإِنِّى,surface_mismatch,1:1;no_annotation_transferred,3:36
3:36:18,3:36:18,وَإِنِّي,وَإِنِّىٓ,surface_mismatch,1:1;no_annotation_transferred,3:36
3:38:8,3:38:8,لِي,لِى,surface_mismatch,1:1;no_annotation_transferred,3:38
3:39:5,3:39:5,يُصَلِّي,يُصَلِّى,surface_mismatch,1:1;no_annotation_transferred,3:39
3:39:6,3:39:6,فِي,فِى,surface_mismatch,1:1;no_annotation_transferred,3:39
3:40:5,3:40:5,لِي,لِى,surface_mismatch,1:1;no_annotation_transferred,3:40
3:40:8,3:40:8,بَلَغَنِيَ,بَلَغَنِىَ,surface_mismatch,1:1;no_annotation_transferred,3:40
3:40:10,3:40:10,وَامْرَأَتِي,وَٱمْرَأَتِى,surface_mismatch,1:1;no_annotation_transferred,3:40
3:41:4,3:41:4,لِّي,لِّىٓ,surface_mismatch,1:1;no_annotation_transferred,3:41
3:41:5,3:41:5,آيَةً,ءَايَةً,surface_mismatch,1:1;no_annotation_transferred,3:41
3:41:7,3:41:7,آيَتُكَ,ءَايَتُكَ,surface_mismatch,1:1;no_annotation_transferred,3:41
3:41:19,3:41:19,بِالْعَشِيِّ,بِٱلْعَشِىِّ,surface_mismatch,1:1;no_annotation_transferred,3:41
3:42:7,3:42:8,اصْطَفَاكِ,ٱصْطَفَىٰكِ,surface_mismatch,1:1;no_annotation_transferred,3:42
3:42:9,3:42:10,وَاصْطَفَاكِ,وَٱصْطَفَىٰكِ,surface_mismatch,1:1;no_annotation_transferred,3:42
3:43:2,3:43:3,اقْنُتِي,ٱقْنُتِى,surface_mismatch,1:1;no_annotation_transferred,3:43
3:43:4,3:43:5,وَاسْجُدِي,وَٱسْجُدِى,surface_mismatch,1:1;no_annotation_transferred,3:43
3:43:5,3:43:6,وَارْكَعِي,وَٱرْكَعِى,surface_mismatch,1:1;no_annotation_transferred,3:43
3:45:16,3:45:17,فِي,فِى,surface_mismatch,1:1;no_annotation_transferred,3:45
3:45:18,3:45:19,وَالْآخِرَةِ,وَٱلْءَاخِرَةِ,surface_mismatch,1:1;no_annotation_transferred,3:45
3:46:3,3:46:3,فِي,فِى,surface_mismatch,1:1;no_annotation_transferred,3:46
3:47:5,3:47:5,لِي,لِى,surface_mismatch,1:1;no_annotation_transferred,3:47
3:47:8,3:47:8,يَمْسَسْنِي,يَمْسَسْنِى,surface_mismatch,1:1;no_annotation_transferred,3:47
3:48:4,3:48:4,وَالتَّوْرَاةَ,وَٱلتَّوْرَىٰةَ,surface_mismatch,1:1;no_annotation_transferred,3:48
3:49:3,3:49:3,بَنِي,بَنِىٓ,surface_mismatch,1:1;no_annotation_transferred,3:49
3:49:4,3:49:4,إِسْرَائِيلَ,إِسْرَٰٓءِيلَ,surface_mismatch,1:1;no_annotation_transferred,3:49
3:49:5,3:49:5,أَنِّي,أَنِّى,surface_mismatch,1:1;no_annotation_transferred,3:49
3:49:8,3:49:8,بِآيَةٍ,بِـَٔايَةٍ,surface_mismatch,1:1;no_annotation_transferred,3:49
3:49:11,3:49:11,أَنِّي,أَنِّىٓ,surface_mismatch,1:1;no_annotation_transferred,3:49
3:49:16,3:49:16,كَهَيْئَةِ,كَهَيْـَٔةِ,surface_mismatch,1:1;no_annotation_transferred,3:49
3:49:27,3:49:27,وَأُحْيِي,وَأُحْىِ,surface_mismatch,1:1;no_annotation_transferred,3:49
3:49:36,3:49:36,فِي,فِى,surface_mismatch,1:1;no_annotation_transferred,3:49
3:49:39,3:49:39,فِي,فِى,surface_mismatch,1:1;no_annotation_transferred,3:49
3:49:41,3:49:41,لَآيَةً,لَءَايَةً,surface_mismatch,1:1;no_annotation_transferred,3:49
3:50:4,3:50:4,يَدَيَّ,يَدَىَّ,surface_mismatch,1:1;no_annotation_transferred,3:50
3:50:6,3:50:6,التَّوْرَاةِ,ٱلتَّوْرَىٰةِ,surface_mismatch,1:1;no_annotation_transferred,3:50
3:50:10,3:50:10,الَّذِي,ٱلَّذِى,surface_mismatch,1:1;no_annotation_transferred,3:50
3:50:14,3:50:14,بِآيَةٍ,بِـَٔايَةٍ,surface_mismatch,1:1;no_annotation_transferred,3:50
3:51:3,3:51:3,رَبِّي,رَبِّى,surface_mismatch,1:1;no_annotation_transferred,3:51
3:52:8,3:52:8,أَنصَارِي,أَنصَارِىٓ,surface_mismatch,1:1;no_annotation_transferred,3:52
3:52:16,3:52:16,آمَنَّا,ءَامَنَّا,surface_mismatch,1:1;no_annotation_transferred,3:52
3:53:2,3:53:2,آمَنَّا,ءَامَنَّا,surface_mismatch,1:1;no_annotation_transferred,3:53
3:55:5,3:55:6,إِنِّي,إِنِّى,surface_mismatch,1:1;no_annotation_transferred,3:55
3:55:8,3:55:9,إِلَيَّ,إِلَىَّ,surface_mismatch,1:1;no_annotation_transferred,3:55
3:55:23,3:55:24,إِلَيَّ,إِلَىَّ,surface_mismatch,1:1;no_annotation_transferred,3:55
3:56:7,3:56:7,فِي,فِى,surface_mismatch,1:1;no_annotation_transferred,3:56
3:56:9,3:56:9,وَالْآخِرَةِ,وَٱلْءَاخِرَةِ,surface_mismatch,1:1;no_annotation_transferred,3:56
3:57:3,3:57:3,آمَنُوا,ءَامَنُوا۟,surface_mismatch,1:1;no_annotation_transferred,3:57
3:58:5,3:58:5,الْآيَاتِ,ٱلْءَايَٰتِ,surface_mismatch,1:1;no_annotation_transferred,3:58
3:59:7,3:59:7,آدَمَ,ءَادَمَ,surface_mismatch,1:1;no_annotation_transferred,3:59
3:64:17,3:64:18,شَيْئًا,شَيْـًٔا,surface_mismatch,1:1;no_annotation_transferred,3:64
3:65:5,3:65:6,فِي,فِىٓ,surface_mismatch,1:1;no_annotation_transferred,3:65
3:65:9,3:65:10,التَّوْرَاةُ,ٱلتَّوْرَىٰةُ,surface_mismatch,1:1;no_annotation_transferred,3:65
3:68:8,3:68:8,النَّبِيُّ,ٱلنَّبِىُّ,surface_mismatch,1:1;no_annotation_transferred,3:68
3:68:10,3:68:10,آمَنُوا,ءَامَنُوا۟,surface_mismatch,1:1;no_annotation_transferred,3:68
3:68:12,3:68:12,وَلِيُّ,وَلِىُّ,surface_mismatch,1:1;no_annotation_transferred,3:68
3:70:5,3:70:6,بِآيَاتِ,بِـَٔايَٰتِ,surface_mismatch,1:1;no_annotation_transferred,3:70
3:72:6,3:72:6,آمِنُوا,ءَامِنُوا۟,surface_mismatch,1:1;no_annotation_transferred,3:72
3:72:7,3:72:7,بِالَّذِي,بِٱلَّذِىٓ,surface_mismatch,1:1;no_annotation_transferred,3:72
3:72:11,3:72:11,آمَنُوا,ءَامَنُوا۟,surface_mismatch,1:1;no_annotation_transferred,3:72
3:72:15,3:72:15,آخِرَهُ,ءَاخِرَهُۥ,surface_mismatch,1:1;no_annotation_transferred,3:72
3:75:28,3:75:28,فِي,فِى,surface_mismatch,1:1;no_annotation_transferred,3:75
3:75:29,3:75:29,الْأُمِّيِّينَ,ٱلْأُمِّيِّۦنَ,surface_mismatch,1:1;no_annotation_transferred,3:75
3:77:13,3:77:13,فِي,فِى,surface_mismatch,1:1;no_annotation_transferred,3:77
3:77:14,3:77:14,الْآخِرَةِ,ٱلْءَاخِرَةِ,surface_mismatch,1:1;no_annotation_transferred,3:77
3:78:4,3:78:4,يَلْوُونَ,يَلْوُۥنَ,surface_mismatch,1:1;no_annotation_transferred,3:78
3:79:15,3:79:15,لِّي,لِّى,surface_mismatch,1:1;no_annotation_transferred,3:79
3:79:21,3:79:21,رَبَّانِيِّينَ,رَبَّٰنِيِّۦنَ,surface_mismatch,1:1;no_annotation_transferred,3:79
3:80:6,3:80:6,وَالنَّبِيِّينَ,وَٱلنَّبِيِّۦنَ,surface_mismatch,1:1;no_annotation_transferred,3:80
3:81:5,3:81:5,النَّبِيِّينَ,ٱلنَّبِيِّۦنَ,surface_mismatch,1:1;no_annotation_transferred,3:81
3:81:7,3:81:7,آتَيْتُكُم,ءَاتَيْتُكُم,surface_mismatch,1:1;no_annotation_transferred,3:81
3:81:21,3:81:21,أَأَقْرَرْتُمْ,ءَأَقْرَرْتُمْ,surface_mismatch,1:1;no_annotation_transferred,3:81
3:81:25,3:81:25,إِصْرِي,إِصْرِى,surface_mismatch,1:1;no_annotation_transferred,3:81
3:83:8,3:83:8,فِي,فِى,surface_mismatch,1:1;no_annotation_transferred,3:83
3:84:2,3:84:2,آمَنَّا,ءَامَنَّا,surface_mismatch,1:1;no_annotation_transferred,3:84
3:84:16,3:84:16,أُوتِيَ,أُوتِىَ,surface_mismatch,1:1;no_annotation_transferred,3:84
3:85:10,3:85:10,فِي,فِى,surface_mismatch,1:1;no_annotation_transferred,3:85
3:85:11,3:85:11,الْآخِرَةِ,ٱلْءَاخِرَةِ,surface_mismatch,1:1;no_annotation_transferred,3:85
3:86:2,3:86:2,يَهْدِي,يَهْدِى,surface_mismatch,1:1;no_annotation_transferred,3:86
3:86:16,3:86:16,يَهْدِي,يَهْدِى,surface_mismatch,1:1;no_annotation_transferred,3:86
3:92:11,3:92:11,شَيْءٍ,شَىْءٍ,surface_mismatch,1:1;no_annotation_transferred,3:92
3:93:5,3:93:5,لِّبَنِي,لِّبَنِىٓ,surface_mismatch,1:1;no_annotation_transferred,3:93
3:93:6,3:93:6,إِسْرَائِيلَ,إِسْرَٰٓءِيلَ,surface_mismatch,1:1;no_annotation_transferred,3:93
3:93:10,3:93:10,إِسْرَائِيلُ,إِسْرَٰٓءِيلُ,surface_mismatch,1:1;no_annotation_transferred,3:93
3:93:17,3:93:17,التَّوْرَاةُ,ٱلتَّوْرَىٰةُ,surface_mismatch,1:1;no_annotation_transferred,3:93
3:93:20,3:93:20,بِالتَّوْرَاةِ,بِٱلتَّوْرَىٰةِ,surface_mismatch,1:1;no_annotation_transferred,3:93
3:96:6,3:96:6,لَلَّذِي,لَلَّذِى,surface_mismatch,1:1;no_annotation_transferred,3:96
3:97:2,3:97:2,آيَاتٌ,ءَايَٰتٌۢ,surface_mismatch,1:1;no_annotation_transferred,3:97
3:97:9,3:97:9,آمِنًا,ءَامِنًا,surface_mismatch,1:1;no_annotation_transferred,3:97
3:97:23,3:97:23,غَنِيٌّ,غَنِىٌّ,surface_mismatch,1:1;no_annotation_transferred,3:97
3:98:6,3:98:7,بِآيَاتِ,بِـَٔايَٰتِ,surface_mismatch,1:1;no_annotation_transferred,3:98
3:99:10,3:99:11,آمَنَ,ءَامَنَ,surface_mismatch,1:1;no_annotation_transferred,3:99
3:100:3,3:100:4,آمَنُوا,ءَامَنُوٓا۟,surface_mismatch,1:1;no_annotation_transferred,3:100
3:101:6,3:101:6,آيَاتُ,ءَايَٰتُ,surface_mismatch,1:1;no_annotation_transferred,3:101
3:101:14,3:101:14,هُدِيَ,هُدِىَ,surface_mismatch,1:1;no_annotation_transferred,3:101
3:102:3,3:102:4,آمَنُوا,ءَامَنُوا۟,surface_mismatch,1:1;no_annotation_transferred,3:102
3:103:32,3:103:32,آيَاتِهِ,ءَايَٰتِهِۦ,surface_mismatch,1:1;no_annotation_transferred,3:103
3:107:5,3:107:5,فَفِي,فَفِى,surface_mismatch,1:1;no_annotation_transferred,3:107
3:108:2,3:108:2,آيَاتُ,ءَايَٰتُ,surface_mismatch,1:1;no_annotation_transferred,3:108
3:109:3,3:109:3,فِي,فِى,surface_mismatch,1:1;no_annotation_transferred,3:109
3:109:6,3:109:6,فِي,فِى,surface_mismatch,1:1;no_annotation_transferred,3:109
3:110:14,3:110:14,آمَنَ,ءَامَنَ,surface_mismatch,1:1;no_annotation_transferred,3:110
3:112:14,3:112:14,وَبَاءُوا,وَبَآءُو,surface_mismatch,1:1;no_annotation_transferred,3:112
3:112:25,3:112:25,بِآيَاتِ,بِـَٔايَٰتِ,surface_mismatch,1:1;no_annotation_transferred,3:112
3:113:9,3:113:9,آيَاتِ,ءَايَٰتِ,surface_mismatch,1:1;no_annotation_transferred,3:113
3:113:11,3:113:11,آنَاءَ,ءَانَآءَ,surface_mismatch,1:1;no_annotation_transferred,3:113
3:113:12,3:113:12,اللَّيْلِ,ٱلَّيْلِ,surface_mismatch,1:1;no_annotation_transferred,3:113
3:114:4,3:114:4,الْآخِرِ,ٱلْءَاخِرِ,surface_mismatch,1:1;no_annotation_transferred,3:114
3:114:11,3:114:11,فِي,فِى,surface_mismatch,1:1;no_annotation_transferred,3:114
3:116:5,3:116:5,تُغْنِيَ,تُغْنِىَ,surface_mismatch,1:1;no_annotation_transferred,3:116
3:116:12,3:116:12,شَيْئًا,شَيْـًٔا,surface_mismatch,1:1;no_annotation_transferred,3:116
3:117:4,3:117:4,فِي,فِى,surface_mismatch,1:1;no_annotation_transferred,3:117
3:117:6,3:117:6,الْحَيَاةِ,ٱلْحَيَوٰةِ,surface_mismatch,1:1;no_annotation_transferred,3:117
3:118:3,3:118:4,آمَنُوا,ءَامَنُوا۟,surface_mismatch,1:1;no_annotation_transferred,3:118
3:118:21,3:118:22,تُخْفِي,تُخْفِى,surface_mismatch,1:1;no_annotation_transferred,3:118
3:118:27,3:118:28,الْآيَاتِ,ٱلْءَايَٰتِ,surface_mismatch,1:1;no_annotation_transferred,3:118
3:119:12,3:119:13,آمَنَّا,ءَامَنَّا,surface_mismatch,1:1;no_annotation_transferred,3:119
3:120:16,3:120:16,شَيْئًا,شَيْـًٔا,surface_mismatch,1:1;no_annotation_transferred,3:120
3:124:10,3:124:10,آلَافٍ,ءَالَٰفٍ,surface_mismatch,1:1;no_annotation_transferred,3:124
3:125:12,3:125:12,آلَافٍ,ءَالَٰفٍ,surface_mismatch,1:1;no_annotation_transferred,3:125
3:128:5,3:128:5,شَيْءٌ,شَىْءٌ,surface_mismatch,1:1;no_annotation_transferred,3:128
3:129:3,3:129:3,فِي,فِى,surface_mismatch,1:1;no_annotation_transferred,3:129
3:129:6,3:129:6,فِي,فِى,surface_mismatch,1:1;no_annotation_transferred,3:129
3:130:3,3:130:4,آمَنُوا,ءَامَنُوا۟,surface_mismatch,1:1;no_annotation_transferred,3:130
3:130:6,3:130:7,الرِّبَا,ٱلرِّبَوٰٓا۟,surface_mismatch,1:1;no_annotation_transferred,3:130
3:131:3,3:131:3,الَّتِي,ٱلَّتِىٓ,surface_mismatch,1:1;no_annotation_transferred,3:131
3:134:3,3:134:3,فِي,فِى,surface_mismatch,1:1;no_annotation_transferred,3:134
3:136:7,3:136:7,تَجْرِي,تَجْرِى,surface_mismatch,1:1;no_annotation_transferred,3:136
3:137:7,3:137:7,فِي,فِى,surface_mismatch,1:1;no_annotation_transferred,3:137
3:140:17,3:140:17,آمَنُوا,ءَامَنُوا۟,surface_mismatch,1:1;no_annotation_transferred,3:140
3:141:4,3:141:4,آمَنُوا,ءَامَنُوا۟,surface_mismatch,1:1;no_annotation_transferred,3:141
3:144:10,3:144:10,أَفَإِن,أَفَإِي۟ن,surface_mismatch,1:1;no_annotation_transferred,3:144
3:144:24,3:144:24,شَيْئًا,شَيْـًٔا,surface_mismatch,1:1;no_annotation_transferred,3:144
3:144:25,3:144:25,وَسَيَجْزِي,وَسَيَجْزِى,surface_mismatch,1:1;no_annotation_transferred,3:144
3:145:20,3:145:20,الْآخِرَةِ,ٱلْءَاخِرَةِ,surface_mismatch,1:1;no_annotation_transferred,3:145
3:145:23,3:145:23,وَسَنَجْزِي,وَسَنَجْزِى,surface_mismatch,1:1;no_annotation_transferred,3:145
3:146:3,3:146:3,نَّبِيٍّ,نَّبِىٍّ,surface_mismatch,1:1;no_annotation_transferred,3:146
3:146:12,3:146:12,فِي,فِى,surface_mismatch,1:1;no_annotation_transferred,3:146
3:147:12,3:147:12,فِي,فِىٓ,surface_mismatch,1:1;no_annotation_transferred,3:147
3:148:1,3:148:1,فَآتَاهُمُ,فَـَٔاتَىٰهُمُ,surface_mismatch,1:1;no_annotation_transferred,3:148
3:148:7,3:148:7,الْآخِرَةِ,ٱلْءَاخِرَةِ,surface_mismatch,1:1;no_annotation_transferred,3:148
3:149:3,3:149:4,آمَنُوا,ءَامَنُوٓا۟,surface_mismatch,1:1;no_annotation_transferred,3:149
3:150:3,3:150:3,مَوْلَاكُمْ,مَوْلَىٰكُمْ,surface_mismatch,1:1;no_annotation_transferred,3:150
3:151:1,3:151:1,سَنُلْقِي,سَنُلْقِى,surface_mismatch,1:1;no_annotation_transferred,3:151
3:151:2,3:151:2,فِي,فِى,surface_mismatch,1:1;no_annotation_transferred,3:151
3:151:15,3:151:15,وَمَأْوَاهُمُ,وَمَأْوَىٰهُمُ,surface_mismatch,1:1;no_annotation_transferred,3:151
3:152:12,3:152:12,فِي,فِى,surface_mismatch,1:1;no_annotation_transferred,3:152
3:152:18,3:152:18,أَرَاكُم,أَرَىٰكُم,surface_mismatch,1:1;no_annotation_transferred,3:152
3:152:28,3:152:28,الْآخِرَةَ,ٱلْءَاخِرَةَ,surface_mismatch,1:1;no_annotation_transferred,3:152
3:153:4,3:153:4,تَلْوُونَ,تَلْوُۥنَ,surface_mismatch,1:1;no_annotation_transferred,3:153
3:153:9,3:153:9,فِي,فِىٓ,surface_mismatch,1:1;no_annotation_transferred,3:153
3:153:10,3:153:10,أُخْرَاكُمْ,أُخْرَىٰكُمْ,surface_mismatch,1:1;no_annotation_transferred,3:153
3:154:28,3:154:28,شَيْءٍ,شَىْءٍ,surface_mismatch,1:1;no_annotation_transferred,3:154
3:154:35,3:154:35,فِي,فِىٓ,surface_mismatch,1:1;no_annotation_transferred,3:154
3:154:47,3:154:47,شَيْءٌ,شَىْءٌ,surface_mismatch,1:1;no_annotation_transferred,3:154
3:154:54,3:154:54,فِي,فِى,surface_mismatch,1:1;no_annotation_transferred,3:154
3:154:63,3:154:63,وَلِيَبْتَلِيَ,وَلِيَبْتَلِىَ,surface_mismatch,1:1;no_annotation_transferred,3:154
3:154:66,3:154:66,فِي,فِى,surface_mismatch,1:1;no_annotation_transferred,3:154
3:154:70,3:154:70,فِي,فِى,surface_mismatch,1:1;no_annotation_transferred,3:154
3:156:3,3:156:4,آمَنُوا,ءَامَنُوا۟,surface_mismatch,1:1;no_annotation_transferred,3:156
3:156:12,3:156:13,فِي,فِى,surface_mismatch,1:1;no_annotation_transferred,3:156
3:156:28,3:156:29,فِي,فِى,surface_mismatch,1:1;no_annotation_transferred,3:156
3:156:31,3:156:32,يُحْيِي,يُحْىِۦ,surface_mismatch,1:1;no_annotation_transferred,3:156
3:157:3,3:157:3,فِي,فِى,surface_mismatch,1:1;no_annotation_transferred,3:157
3:159:20,3:159:20,فِي,فِى,surface_mismatch,1:1;no_annotation_transferred,3:159
3:160:11,3:160:11,الَّذِي,ٱلَّذِى,surface_mismatch,1:1;no_annotation_transferred,3:160
3:161:3,3:161:3,لِنَبِيٍّ,لِنَبِىٍّ,surface_mismatch,1:1;no_annotation_transferred,3:161
3:162:10,3:162:10,وَمَأْوَاهُ,وَمَأْوَىٰهُ,surface_mismatch,1:1;no_annotation_transferred,3:162
3:164:12,3:164:12,يَتْلُو,يَتْلُوا۟,surface_mismatch,1:1;no_annotation_transferred,3:164
3:164:14,3:164:14,آيَاتِهِ,ءَايَٰتِهِۦ,surface_mismatch,1:1;no_annotation_transferred,3:164
3:164:23,3:164:23,لَفِي,لَفِى,surface_mismatch,1:1;no_annotation_transferred,3:164
3:165:19,3:165:19,شَيْءٍ,شَىْءٍ,surface_mismatch,1:1;no_annotation_transferred,3:165
3:167:8,3:167:8,فِي,فِى,surface_mismatch,1:1;no_annotation_transferred,3:167
3:167:28,3:167:28,فِي,فِى,surface_mismatch,1:1;no_annotation_transferred,3:167
3:169:5,3:169:5,فِي,فِى,surface_mismatch,1:1;no_annotation_transferred,3:169
3:170:3,3:170:3,آتَاهُمُ,ءَاتَىٰهُمُ,surface_mismatch,1:1;no_annotation_transferred,3:170
3:176:5,3:176:5,فِي,فِى,surface_mismatch,1:1;no_annotation_transferred,3:176
3:176:11,3:176:11,شَيْئًا,شَيْـًٔا,surface_mismatch,1:1;no_annotation_transferred,3:176
3:176:18,3:176:18,فِي,فِى,surface_mismatch,1:1;no_annotation_transferred,3:176
3:176:19,3:176:19,الْآخِرَةِ,ٱلْءَاخِرَةِ,surface_mismatch,1:1;no_annotation_transferred,3:176
3:177:9,3:177:9,شَيْئًا,شَيْـًٔا,surface_mismatch,1:1;no_annotation_transferred,3:177
3:178:6,3:178:6,نُمْلِي,نُمْلِى,surface_mismatch,1:1;no_annotation_transferred,3:178
3:178:11,3:178:11,نُمْلِي,نُمْلِى,surface_mismatch,1:1;no_annotation_transferred,3:178
3:179:23,3:179:23,يَجْتَبِي,يَجْتَبِى,surface_mismatch,1:1;no_annotation_transferred,3:179
3:179:28,3:179:28,فَآمِنُوا,فَـَٔامِنُوا۟,surface_mismatch,1:1;no_annotation_transferred,3:179
3:180:6,3:180:6,آتَاهُمُ,ءَاتَىٰهُمُ,surface_mismatch,1:1;no_annotation_transferred,3:180
3:183:20,3:183:20,قَبْلِي,قَبْلِى,surface_mismatch,1:1;no_annotation_transferred,3:183
3:183:22,3:183:22,وَبِالَّذِي,وَبِٱلَّذِى,surface_mismatch,1:1;no_annotation_transferred,3:183
3:184:8,3:184:8,جَاءُوا,جَآءُو,surface_mismatch,1:1;no_annotation_transferred,3:184
3:185:19,3:185:19,الْحَيَاةُ,ٱلْحَيَوٰةُ,surface_mismatch,1:1;no_annotation_transferred,3:185
3:186:2,3:186:2,فِي,فِىٓ,surface_mismatch,1:1;no_annotation_transferred,3:186
3:189:8,3:189:8,شَيْءٍ,شَىْءٍ,surface_mismatch,1:1;no_annotation_transferred,3:189
3:190:2,3:190:2,فِي,فِى,surface_mismatch,1:1;no_annotation_transferred,3:190
3:190:7,3:190:7,اللَّيْلِ,ٱلَّيْلِ,surface_mismatch,1:1;no_annotation_transferred,3:190
3:190:9,3:190:9,لَآيَاتٍ,لَءَايَٰتٍ,surface_mismatch,1:1;no_annotation_transferred,3:190
3:190:10,3:190:10,لِّأُولِي,لِّأُو۟لِى,surface_mismatch,1:1;no_annotation_transferred,3:190
3:191:9,3:191:9,فِي,فِى,surface_mismatch,1:1;no_annotation_transferred,3:191
3:193:5,3:193:5,يُنَادِي,يُنَادِى,surface_mismatch,1:1;no_annotation_transferred,3:193
3:193:8,3:193:8,آمِنُوا,ءَامِنُوا۟,surface_mismatch,1:1;no_annotation_transferred,3:193
3:193:10,3:193:10,فَآمَنَّا,فَـَٔامَنَّا,surface_mismatch,1:1;no_annotation_transferred,3:193
3:193:17,3:193:17,سَيِّئَاتِنَا,سَيِّـَٔاتِنَا,surface_mismatch,1:1;no_annotation_transferred,3:193
3:194:2,3:194:2,وَآتِنَا,وَءَاتِنَا,surface_mismatch,1:1;no_annotation_transferred,3:194
3:195:4,3:195:4,أَنِّي,أَنِّى,surface_mismatch,1:1;no_annotation_transferred,3:195
3:195:23,3:195:23,فِي,فِى,surface_mismatch,1:1;no_annotation_transferred,3:195
3:195:24,3:195:24,سَبِيلِي,سَبِيلِى,surface_mismatch,1:1;no_annotation_transferred,3:195
3:195:29,3:195:29,سَيِّئَاتِهِمْ,سَيِّـَٔاتِهِمْ,surface_mismatch,1:1;no_annotation_transferred,3:195
3:195:32,3:195:32,تَجْرِي,تَجْرِى,surface_mismatch,1:1;no_annotation_transferred,3:195
3:196:6,3:196:6,فِي,فِى,surface_mismatch,1:1;no_annotation_transferred,3:196
3:197:4,3:197:4,مَأْوَاهُمْ,مَأْوَىٰهُمْ,surface_mismatch,1:1;no_annotation_transferred,3:197
3:198:7,3:198:7,تَجْرِي,تَجْرِى,surface_mismatch,1:1;no_annotation_transferred,3:198
3:199:18,3:199:18,بِآيَاتِ,بِـَٔايَٰتِ,surface_mismatch,1:1;no_annotation_transferred,3:199
3:200:3,3:200:4,آمَنُوا,ءَامَنُوا۟,surface_mismatch,1:1;no_annotation_transferred,3:200
4:1:5,4:1:10,الَّذِي,ٱلَّذِى,surface_mismatch,1:1;no_annotation_transferred,4:1
4:1:20,4:1:25,الَّذِي,ٱلَّذِى,surface_mismatch,1:1;no_annotation_transferred,4:1
4:2:1,4:2:1,وَآتُوا,وَءَاتُوا۟,surface_mismatch,1:1;no_annotation_transferred,4:2
4:3:5,4:3:5,فِي,فِى,surface_mismatch,1:1;no_annotation_transferred,4:3
4:4:1,4:4:1,وَآتُوا,وَءَاتُوا۟,surface_mismatch,1:1;no_annotation_transferred,4:4
4:4:9,4:4:9,شَيْءٍ,شَىْءٍ,surface_mismatch,1:1;no_annotation_transferred,4:4
4:4:13,4:4:13,هَنِيئًا,هَنِيٓـًٔا,surface_mismatch,1:1;no_annotation_transferred,4:4
4:4:14,4:4:14,مَّرِيئًا,مَّرِيٓـًٔا,surface_mismatch,1:1;no_annotation_transferred,4:4
4:5:5,4:5:5,الَّتِي,ٱلَّتِى,surface_mismatch,1:1;no_annotation_transferred,4:5
4:6:8,4:6:8,آنَسْتُم,ءَانَسْتُم,surface_mismatch,1:1;no_annotation_transferred,4:6
4:8:4,4:8:4,أُولُو,أُو۟لُوا۟,surface_mismatch,1:1;no_annotation_transferred,4:8
4:10:9,4:10:9,فِي,فِى,surface_mismatch,1:1;no_annotation_transferred,4:10
4:11:3,4:11:3,فِي,فِىٓ,surface_mismatch,1:1;no_annotation_transferred,4:11
4:11:52,4:11:52,يُوصِي,يُوصِى,surface_mismatch,1:1;no_annotation_transferred,4:11
4:11:56,4:11:56,آبَاؤُكُمْ,ءَابَآؤُكُمْ,surface_mismatch,1:1;no_annotation_transferred,4:11
4:12:72,4:12:72,فِي,فِى,surface_mismatch,1:1;no_annotation_transferred,4:12
4:13:10,4:13:10,تَجْرِي,تَجْرِى,surface_mismatch,1:1;no_annotation_transferred,4:13
4:15:1,4:15:1,وَاللَّاتِي,وَٱلَّٰتِى,surface_mismatch,1:1;no_annotation_transferred,4:15
4:15:13,4:15:13,فِي,فِى,surface_mismatch,1:1;no_annotation_transferred,4:15
4:15:16,4:15:16,يَتَوَفَّاهُنَّ,يَتَوَفَّىٰهُنَّ,surface_mismatch,1:1;no_annotation_transferred,4:15
4:16:1,4:16:1,وَاللَّذَانِ,وَٱلَّذَانِ,surface_mismatch,1:1;no_annotation_transferred,4:16
4:16:4,4:16:4,فَآذُوهُمَا,فَـَٔاذُوهُمَا,surface_mismatch,1:1;no_annotation_transferred,4:16
4:18:5,4:18:5,السَّيِّئَاتِ,ٱلسَّيِّـَٔاتِ,surface_mismatch,1:1;no_annotation_transferred,4:18
4:18:12,4:18:12,إِنِّي,إِنِّى,surface_mismatch,1:1;no_annotation_transferred,4:18
4:18:14,4:18:14,الْآنَ,ٱلْـَٰٔنَ,surface_mismatch,1:1;no_annotation_transferred,4:18
4:19:3,4:19:4,آمَنُوا,ءَامَنُوا۟,surface_mismatch,1:1;no_annotation_transferred,4:19
4:19:16,4:19:17,آتَيْتُمُوهُنَّ,ءَاتَيْتُمُوهُنَّ,surface_mismatch,1:1;no_annotation_transferred,4:19
4:19:29,4:19:30,شَيْئًا,شَيْـًٔا,surface_mismatch,1:1;no_annotation_transferred,4:19
4:20:7,4:20:7,وَآتَيْتُمْ,وَءَاتَيْتُمْ,surface_mismatch,1:1;no_annotation_transferred,4:20
4:20:8,4:20:8,إِحْدَاهُنَّ,إِحْدَىٰهُنَّ,surface_mismatch,1:1;no_annotation_transferred,4:20
4:20:13,4:20:13,شَيْئًا,شَيْـًٔا,surface_mismatch,1:1;no_annotation_transferred,4:20
4:22:5,4:22:5,آبَاؤُكُم,ءَابَآؤُكُم,surface_mismatch,1:1;no_annotation_transferred,4:22
4:23:13,4:23:13,اللَّاتِي,ٱلَّٰتِىٓ,surface_mismatch,1:1;no_annotation_transferred,4:23
4:23:21,4:23:21,اللَّاتِي,ٱلَّٰتِى,surface_mismatch,1:1;no_annotation_transferred,4:23
4:23:22,4:23:22,فِي,فِى,surface_mismatch,1:1;no_annotation_transferred,4:23
4:23:26,4:23:26,اللَّاتِي,ٱلَّٰتِى,surface_mismatch,1:1;no_annotation_transferred,4:23
4:24:26,4:24:26,فَآتُوهُنَّ,فَـَٔاتُوهُنَّ,surface_mismatch,1:1;no_annotation_transferred,4:24
4:25:26,4:25:26,وَآتُوهُنَّ,وَءَاتُوهُنَّ,surface_mismatch,1:1;no_annotation_transferred,4:25
4:25:49,4:25:49,خَشِيَ,خَشِىَ,surface_mismatch,1:1;no_annotation_transferred,4:25
4:29:3,4:29:4,آمَنُوا,ءَامَنُوا۟,surface_mismatch,1:1;no_annotation_transferred,4:29
4:31:9,4:31:9,سَيِّئَاتِكُمْ,سَيِّـَٔاتِكُمْ,surface_mismatch,1:1;no_annotation_transferred,4:31
4:32:18,4:32:18,وَاسْأَلُوا,وَسْـَٔلُوا۟,surface_mismatch,1:1;no_annotation_transferred,4:32
4:32:26,4:32:26,شَيْءٍ,شَىْءٍ,surface_mismatch,1:1;no_annotation_transferred,4:32
4:33:3,4:33:3,مَوَالِيَ,مَوَٰلِىَ,surface_mismatch,1:1;no_annotation_transferred,4:33
4:33:11,4:33:11,فَآتُوهُمْ,فَـَٔاتُوهُمْ,surface_mismatch,1:1;no_annotation_transferred,4:33
4:33:18,4:33:18,شَيْءٍ,شَىْءٍ,surface_mismatch,1:1;no_annotation_transferred,4:33
4:34:22,4:34:22,وَاللَّاتِي,وَٱلَّٰتِى,surface_mismatch,1:1;no_annotation_transferred,4:34
4:34:27,4:34:27,فِي,فِى,surface_mismatch,1:1;no_annotation_transferred,4:34
4:36:6,4:36:6,شَيْئًا,شَيْـًٔا,surface_mismatch,1:1;no_annotation_transferred,4:36
4:36:9,4:36:9,وَبِذِي,وَبِذِى,surface_mismatch,1:1;no_annotation_transferred,4:36
4:36:14,4:36:14,ذِي,ذِى,surface_mismatch,1:1;no_annotation_transferred,4:36
4:37:8,4:37:8,آتَاهُمُ,ءَاتَىٰهُمُ,surface_mismatch,1:1;no_annotation_transferred,4:37
4:38:11,4:38:11,الْآخِرِ,ٱلْءَاخِرِ,surface_mismatch,1:1;no_annotation_transferred,4:38
4:39:4,4:39:4,آمَنُوا,ءَامَنُوا۟,surface_mismatch,1:1;no_annotation_transferred,4:39
4:39:7,4:39:7,الْآخِرِ,ٱلْءَاخِرِ,surface_mismatch,1:1;no_annotation_transferred,4:39
4:43:3,4:43:4,آمَنُوا,ءَامَنُوا۟,surface_mismatch,1:1;no_annotation_transferred,4:43
4:43:6,4:43:7,الصَّلَاةَ,ٱلصَّلَوٰةَ,surface_mismatch,1:1;no_annotation_transferred,4:43
4:43:16,4:43:17,عَابِرِي,عَابِرِى,surface_mismatch,1:1;no_annotation_transferred,4:43
4:46:18,4:46:18,فِي,فِى,surface_mismatch,1:1;no_annotation_transferred,4:46
4:47:5,4:47:6,آمِنُوا,ءَامِنُوا۟,surface_mismatch,1:1;no_annotation_transferred,4:47
4:49:9,4:49:9,يُزَكِّي,يُزَكِّى,surface_mismatch,1:1;no_annotation_transferred,4:49
4:51:19,4:51:19,آمَنُوا,ءَامَنُوا۟,surface_mismatch,1:1;no_annotation_transferred,4:51
4:54:6,4:54:6,آتَاهُمُ,ءَاتَىٰهُمُ,surface_mismatch,1:1;no_annotation_transferred,4:54
4:54:11,4:54:11,آتَيْنَا,ءَاتَيْنَآ,surface_mismatch,1:1;no_annotation_transferred,4:54
4:54:12,4:54:12,آلَ,ءَالَ,surface_mismatch,1:1;no_annotation_transferred,4:54
4:54:16,4:54:16,وَآتَيْنَاهُم,وَءَاتَيْنَٰهُم,surface_mismatch,1:1;no_annotation_transferred,4:54
4:55:3,4:55:3,آمَنَ,ءَامَنَ,surface_mismatch,1:1;no_annotation_transferred,4:55
4:56:4,4:56:4,بِآيَاتِنَا,بِـَٔايَٰتِنَا,surface_mismatch,1:1;no_annotation_transferred,4:56
4:57:2,4:57:2,آمَنُوا,ءَامَنُوا۟,surface_mismatch,1:1;no_annotation_transferred,4:57
4:57:7,4:57:7,تَجْرِي,تَجْرِى,surface_mismatch,1:1;no_annotation_transferred,4:57
4:59:3,4:59:4,آمَنُوا,ءَامَنُوٓا۟,surface_mismatch,1:1;no_annotation_transferred,4:59
4:59:8,4:59:9,وَأُولِي,وَأُو۟لِى,surface_mismatch,1:1;no_annotation_transferred,4:59
4:59:13,4:59:14,فِي,فِى,surface_mismatch,1:1;no_annotation_transferred,4:59
4:59:14,4:59:15,شَيْءٍ,شَىْءٍ,surface_mismatch,1:1;no_annotation_transferred,4:59
4:59:24,4:59:25,الْآخِرِ,ٱلْءَاخِرِ,surface_mismatch,1:1;no_annotation_transferred,4:59
4:60:7,4:60:7,آمَنُوا,ءَامَنُوا۟,surface_mismatch,1:1;no_annotation_transferred,4:60
4:63:6,4:63:6,فِي,فِى,surface_mismatch,1:1;no_annotation_transferred,4:63
4:63:13,4:63:13,فِي,فِىٓ,surface_mismatch,1:1;no_annotation_transferred,4:63
4:65:13,4:65:13,فِي,فِىٓ,surface_mismatch,1:1;no_annotation_transferred,4:65
4:67:2,4:67:2,لَّآتَيْنَاهُم,لَّءَاتَيْنَٰهُم,surface_mismatch,1:1;no_annotation_transferred,4:67
4:69:12,4:69:12,النَّبِيِّينَ,ٱلنَّبِيِّۦنَ,surface_mismatch,1:1;no_annotation_transferred,4:69
4:71:3,4:71:4,آمَنُوا,ءَامَنُوا۟,surface_mismatch,1:1;no_annotation_transferred,4:71
4:72:12,4:72:12,عَلَيَّ,عَلَىَّ,surface_mismatch,1:1;no_annotation_transferred,4:72
4:73:1,,وَلَئِنْ أَصَابَكُمْ فَضْلٌ مِّنَ اللَّهِ لَيَقُولَنَّ كَأَن لَّمْ تَكُن بَيْنَكُمْ وَبَيْنَهُ مَوَدَّةٌ يَا لَيْتَنِي كُنتُ مَعَهُمْ فَأَفُوزَ فَوْزًا عَظِيمًا,وَلَئِنْ,ambiguous_verse,multiple_optimal_paths,4:73
4:73:2,,وَلَئِنْ أَصَابَكُمْ فَضْلٌ مِّنَ اللَّهِ لَيَقُولَنَّ كَأَن لَّمْ تَكُن بَيْنَكُمْ وَبَيْنَهُ مَوَدَّةٌ يَا لَيْتَنِي كُنتُ مَعَهُمْ فَأَفُوزَ فَوْزًا عَظِيمًا,أَصَٰبَكُمْ,ambiguous_verse,multiple_optimal_paths,4:73
4:73:3,,وَلَئِنْ أَصَابَكُمْ فَضْلٌ مِّنَ اللَّهِ لَيَقُولَنَّ كَأَن لَّمْ تَكُن بَيْنَكُمْ وَبَيْنَهُ مَوَدَّةٌ يَا لَيْتَنِي كُنتُ مَعَهُمْ فَأَفُوزَ فَوْزًا عَظِيمًا,فَضْلٌ,ambiguous_verse,multiple_optimal_paths,4:73
4:73:4,,وَلَئِنْ أَصَابَكُمْ فَضْلٌ مِّنَ اللَّهِ لَيَقُولَنَّ كَأَن لَّمْ تَكُن بَيْنَكُمْ وَبَيْنَهُ مَوَدَّةٌ يَا لَيْتَنِي كُنتُ مَعَهُمْ فَأَفُوزَ فَوْزًا عَظِيمًا,مِّنَ,ambiguous_verse,multiple_optimal_paths,4:73
4:73:5,,وَلَئِنْ أَصَابَكُمْ فَضْلٌ مِّنَ اللَّهِ لَيَقُولَنَّ كَأَن لَّمْ تَكُن بَيْنَكُمْ وَبَيْنَهُ مَوَدَّةٌ يَا لَيْتَنِي كُنتُ مَعَهُمْ فَأَفُوزَ فَوْزًا عَظِيمًا,ٱللَّهِ,ambiguous_verse,multiple_optimal_paths,4:73
4:73:6,,وَلَئِنْ أَصَابَكُمْ فَضْلٌ مِّنَ اللَّهِ لَيَقُولَنَّ كَأَن لَّمْ تَكُن بَيْنَكُمْ وَبَيْنَهُ مَوَدَّةٌ يَا لَيْتَنِي كُنتُ مَعَهُمْ فَأَفُوزَ فَوْزًا عَظِيمًا,لَيَقُولَنَّ,ambiguous_verse,multiple_optimal_paths,4:73
4:73:7,,وَلَئِنْ أَصَابَكُمْ فَضْلٌ مِّنَ اللَّهِ لَيَقُولَنَّ كَأَن لَّمْ تَكُن بَيْنَكُمْ وَبَيْنَهُ مَوَدَّةٌ يَا لَيْتَنِي كُنتُ مَعَهُمْ فَأَفُوزَ فَوْزًا عَظِيمًا,كَأَن,ambiguous_verse,multiple_optimal_paths,4:73
4:73:8,,وَلَئِنْ أَصَابَكُمْ فَضْلٌ مِّنَ اللَّهِ لَيَقُولَنَّ كَأَن لَّمْ تَكُن بَيْنَكُمْ وَبَيْنَهُ مَوَدَّةٌ يَا لَيْتَنِي كُنتُ مَعَهُمْ فَأَفُوزَ فَوْزًا عَظِيمًا,لَّمْ,ambiguous_verse,multiple_optimal_paths,4:73
4:73:9,,وَلَئِنْ أَصَابَكُمْ فَضْلٌ مِّنَ اللَّهِ لَيَقُولَنَّ كَأَن لَّمْ تَكُن بَيْنَكُمْ وَبَيْنَهُ مَوَدَّةٌ يَا لَيْتَنِي كُنتُ مَعَهُمْ فَأَفُوزَ فَوْزًا عَظِيمًا,تَكُنۢ,ambiguous_verse,multiple_optimal_paths,4:73
4:73:10,,وَلَئِنْ أَصَابَكُمْ فَضْلٌ مِّنَ اللَّهِ لَيَقُولَنَّ كَأَن لَّمْ تَكُن بَيْنَكُمْ وَبَيْنَهُ مَوَدَّةٌ يَا لَيْتَنِي كُنتُ مَعَهُمْ فَأَفُوزَ فَوْزًا عَظِيمًا,بَيْنَكُمْ,ambiguous_verse,multiple_optimal_paths,4:73
4:73:11,,وَلَئِنْ أَصَابَكُمْ فَضْلٌ مِّنَ اللَّهِ لَيَقُولَنَّ كَأَن لَّمْ تَكُن بَيْنَكُمْ وَبَيْنَهُ مَوَدَّةٌ يَا لَيْتَنِي كُنتُ مَعَهُمْ فَأَفُوزَ فَوْزًا عَظِيمًا,وَبَيْنَهُۥ,ambiguous_verse,multiple_optimal_paths,4:73
4:73:12,,وَلَئِنْ أَصَابَكُمْ فَضْلٌ مِّنَ اللَّهِ لَيَقُولَنَّ كَأَن لَّمْ تَكُن بَيْنَكُمْ وَبَيْنَهُ مَوَدَّةٌ يَا لَيْتَنِي كُنتُ مَعَهُمْ فَأَفُوزَ فَوْزًا عَظِيمًا,مَوَدَّةٌ,ambiguous_verse,multiple_optimal_paths,4:73
4:73:13,,وَلَئِنْ أَصَابَكُمْ فَضْلٌ مِّنَ اللَّهِ لَيَقُولَنَّ كَأَن لَّمْ تَكُن بَيْنَكُمْ وَبَيْنَهُ مَوَدَّةٌ يَا لَيْتَنِي كُنتُ مَعَهُمْ فَأَفُوزَ فَوْزًا عَظِيمًا,يَٰلَيْتَنِى,ambiguous_verse,multiple_optimal_paths,4:73
4:73:14,,وَلَئِنْ أَصَابَكُمْ فَضْلٌ مِّنَ اللَّهِ لَيَقُولَنَّ كَأَن لَّمْ تَكُن بَيْنَكُمْ وَبَيْنَهُ مَوَدَّةٌ يَا لَيْتَنِي كُنتُ مَعَهُمْ فَأَفُوزَ فَوْزًا عَظِيمًا,كُنتُ,ambiguous_verse,multiple_optimal_paths,4:73
4:73:15,,وَلَئِنْ أَصَابَكُمْ فَضْلٌ مِّنَ اللَّهِ لَيَقُولَنَّ كَأَن لَّمْ تَكُن بَيْنَكُمْ وَبَيْنَهُ مَوَدَّةٌ يَا لَيْتَنِي كُنتُ مَعَهُمْ فَأَفُوزَ فَوْزًا عَظِيمًا,مَعَهُمْ,ambiguous_verse,multiple_optimal_paths,4:73
4:73:16,,وَلَئِنْ أَصَابَكُمْ فَضْلٌ مِّنَ اللَّهِ لَيَقُولَنَّ كَأَن لَّمْ تَكُن بَيْنَكُمْ وَبَيْنَهُ مَوَدَّةٌ يَا لَيْتَنِي كُنتُ مَعَهُمْ فَأَفُوزَ فَوْزًا عَظِيمًا,فَأَفُوزَ,ambiguous_verse,multiple_optimal_paths,4:73
4:73:17,,وَلَئِنْ أَصَابَكُمْ فَضْلٌ مِّنَ اللَّهِ لَيَقُولَنَّ كَأَن لَّمْ تَكُن بَيْنَكُمْ وَبَيْنَهُ مَوَدَّةٌ يَا لَيْتَنِي كُنتُ مَعَهُمْ فَأَفُوزَ فَوْزًا عَظِيمًا,فَوْزًا,ambiguous_verse,multiple_optimal_paths,4:73
4:73:18,,وَلَئِنْ أَصَابَكُمْ فَضْلٌ مِّنَ اللَّهِ لَيَقُولَنَّ كَأَن لَّمْ تَكُن بَيْنَكُمْ وَبَيْنَهُ مَوَدَّةٌ يَا لَيْتَنِي كُنتُ مَعَهُمْ فَأَفُوزَ فَوْزًا عَظِيمًا,عَظِيمًا,ambiguous_verse,multiple_optimal_paths,4:73
4:74:2,4:74:2,فِي,فِى,surface_mismatch,1:1;no_annotation_transferred,4:74
4:74:7,4:74:7,الْحَيَاةَ,ٱلْحَيَوٰةَ,surface_mismatch,1:1;no_annotation_transferred,4:74
4:74:9,4:74:9,بِالْآخِرَةِ,بِٱلْءَاخِرَةِ,surface_mismatch,1:1;no_annotation_transferred,4:74
4:74:12,4:74:12,فِي,فِى,surface_mismatch,1:1;no_annotation_transferred,4:74
4:75:5,4:75:5,فِي,فِى,surface_mismatch,1:1;no_annotation_transferred,4:75
4:76:2,4:76:2,آمَنُوا,ءَامَنُوا۟,surface_mismatch,1:1;no_annotation_transferred,4:76
4:76:4,4:76:4,فِي,فِى,surface_mismatch,1:1;no_annotation_transferred,4:76
4:76:10,4:76:10,فِي,فِى,surface_mismatch,1:1;no_annotation_transferred,4:76
4:77:10,4:77:10,الصَّلَاةَ,ٱلصَّلَوٰةَ,surface_mismatch,1:1;no_annotation_transferred,4:77
4:77:11,4:77:11,وَآتُوا,وَءَاتُوا۟,surface_mismatch,1:1;no_annotation_transferred,4:77
4:77:12,4:77:12,الزَّكَاةَ,ٱلزَّكَوٰةَ,surface_mismatch,1:1;no_annotation_transferred,4:77
4:77:42,4:77:42,وَالْآخِرَةُ,وَٱلْءَاخِرَةُ,surface_mismatch,1:1;no_annotation_transferred,4:77
4:78:7,4:78:7,فِي,فِى,surface_mismatch,1:1;no_annotation_transferred,4:78
4:81:11,4:81:11,الَّذِي,ٱلَّذِى,surface_mismatch,1:1;no_annotation_transferred,4:81
4:82:3,4:82:3,الْقُرْآنَ,ٱلْقُرْءَانَ,surface_mismatch,1:1;no_annotation_transferred,4:82
4:83:15,4:83:15,أُولِي,أُو۟لِى,surface_mismatch,1:1;no_annotation_transferred,4:83
4:84:2,4:84:2,فِي,فِى,surface_mismatch,1:1;no_annotation_transferred,4:84
4:85:21,4:85:21,شَيْءٍ,شَىْءٍ,surface_mismatch,1:1;no_annotation_transferred,4:85
4:86:14,4:86:14,شَيْءٍ,شَىْءٍ,surface_mismatch,1:1;no_annotation_transferred,4:86
4:88:3,4:88:3,فِي,فِى,surface_mismatch,1:1;no_annotation_transferred,4:88
4:89:14,4:89:14,فِي,فِى,surface_mismatch,1:1;no_annotation_transferred,4:89
4:91:2,4:91:2,آخَرِينَ,ءَاخَرِينَ,surface_mismatch,1:1;no_annotation_transferred,4:91
4:92:8,4:92:8,خَطَأً,خَطَـًٔا,surface_mismatch,1:1;no_annotation_transferred,4:92
4:92:12,4:92:12,خَطَأً,خَطَـًٔا,surface_mismatch,1:1;no_annotation_transferred,4:92
4:94:3,4:94:4,آمَنُوا,ءَامَنُوٓا۟,surface_mismatch,1:1;no_annotation_transferred,4:94
4:94:6,4:94:7,فِي,فِى,surface_mismatch,1:1;no_annotation_transferred,4:94
4:94:20,4:94:21,الْحَيَاةِ,ٱلْحَيَوٰةِ,surface_mismatch,1:1;no_annotation_transferred,4:94
4:95:2,4:95:2,يَسْتَوِي,يَسْتَوِى,surface_mismatch,1:1;no_annotation_transferred,4:95
4:95:7,4:95:7,أُولِي,أُو۟لِى,surface_mismatch,1:1;no_annotation_transferred,4:95
4:95:10,4:95:10,فِي,فِى,surface_mismatch,1:1;no_annotation_transferred,4:95
4:97:3,4:97:3,تَوَفَّاهُمُ,تَوَفَّىٰهُمُ,surface_mismatch,1:1;no_annotation_transferred,4:97
4:97:5,4:97:5,ظَالِمِي,ظَالِمِىٓ,surface_mismatch,1:1;no_annotation_transferred,4:97
4:97:13,4:97:13,فِي,فِى,surface_mismatch,1:1;no_annotation_transferred,4:97
4:97:24,4:97:24,مَأْوَاهُمْ,مَأْوَىٰهُمْ,surface_mismatch,1:1;no_annotation_transferred,4:97
4:100:3,4:100:3,فِي,فِى,surface_mismatch,1:1;no_annotation_transferred,4:100
4:100:7,4:100:7,فِي,فِى,surface_mismatch,1:1;no_annotation_transferred,4:100
4:101:3,4:101:3,فِي,فِى,surface_mismatch,1:1;no_annotation_transferred,4:101
4:101:11,4:101:11,الصَّلَاةِ,ٱلصَّلَوٰةِ,surface_mismatch,1:1;no_annotation_transferred,4:101
4:102:6,4:102:6,الصَّلَاةَ,ٱلصَّلَوٰةَ,surface_mismatch,1:1;no_annotation_transferred,4:102
4:103:3,4:103:3,الصَّلَاةَ,ٱلصَّلَوٰةَ,surface_mismatch,1:1;no_annotation_transferred,4:103
4:103:13,4:103:13,الصَّلَاةَ,ٱلصَّلَوٰةَ,surface_mismatch,1:1;no_annotation_transferred,4:103
4:103:15,4:103:15,الصَّلَاةَ,ٱلصَّلَوٰةَ,surface_mismatch,1:1;no_annotation_transferred,4:103
4:104:3,4:104:3,فِي,فِى,surface_mismatch,1:1;no_annotation_transferred,4:104
4:105:10,4:105:10,أَرَاكَ,أَرَىٰكَ,surface_mismatch,1:1;no_annotation_transferred,4:105
4:109:5,4:109:6,فِي,فِى,surface_mismatch,1:1;no_annotation_transferred,4:109
4:109:6,4:109:7,الْحَيَاةِ,ٱلْحَيَوٰةِ,surface_mismatch,1:1;no_annotation_transferred,4:109
4:112:3,4:112:3,خَطِيئَةً,خَطِيٓـَٔةً,surface_mismatch,1:1;no_annotation_transferred,4:112
4:112:9,4:112:9,بَرِيئًا,بَرِيٓـًٔا,surface_mismatch,1:1;no_annotation_transferred,4:112
4:113:18,4:113:18,شَيْءٍ,شَىْءٍ,surface_mismatch,1:1;no_annotation_transferred,4:113
4:114:3,4:114:3,فِي,فِى,surface_mismatch,1:1;no_annotation_transferred,4:114
4:114:6,4:114:6,نَّجْوَاهُمْ,نَّجْوَىٰهُمْ,surface_mismatch,1:1;no_annotation_transferred,4:114
4:119:3,4:119:3,وَلَآمُرَنَّهُمْ,وَلَءَامُرَنَّهُمْ,surface_mismatch,1:1;no_annotation_transferred,4:119
4:119:5,4:119:5,آذَانَ,ءَاذَانَ,surface_mismatch,1:1;no_annotation_transferred,4:119
4:119:7,4:119:7,وَلَآمُرَنَّهُمْ,وَلَءَامُرَنَّهُمْ,surface_mismatch,1:1;no_annotation_transferred,4:119
4:121:2,4:121:2,مَأْوَاهُمْ,مَأْوَىٰهُمْ,surface_mismatch,1:1;no_annotation_transferred,4:121
4:122:2,4:122:2,آمَنُوا,ءَامَنُوا۟,surface_mismatch,1:1;no_annotation_transferred,4:122
4:122:7,4:122:7,تَجْرِي,تَجْرِى,surface_mismatch,1:1;no_annotation_transferred,4:122
4:123:4,4:123:4,أَمَانِيِّ,أَمَانِىِّ,surface_mismatch,1:1;no_annotation_transferred,4:123
4:126:3,4:126:3,فِي,فِى,surface_mismatch,1:1;no_annotation_transferred,4:126
4:126:6,4:126:6,فِي,فِى,surface_mismatch,1:1;no_annotation_transferred,4:126
4:126:11,4:126:11,شَيْءٍ,شَىْءٍ,surface_mismatch,1:1;no_annotation_transferred,4:126
4:127:2,4:127:2,فِي,فِى,surface_mismatch,1:1;no_annotation_transferred,4:127
4:127:11,4:127:11,فِي,فِى,surface_mismatch,1:1;no_annotation_transferred,4:127
4:127:13,4:127:13,فِي,فِى,surface_mismatch,1:1;no_annotation_transferred,4:127
4:127:16,4:127:16,اللَّاتِي,ٱلَّٰتِى,surface_mismatch,1:1;no_annotation_transferred,4:127
4:131:3,4:131:3,فِي,فِى,surface_mismatch,1:1;no_annotation_transferred,4:131
4:131:6,4:131:6,فِي,فِى,surface_mismatch,1:1;no_annotation_transferred,4:131
4:131:24,4:131:24,فِي,فِى,surface_mismatch,1:1;no_annotation_transferred,4:131
4:131:27,4:131:27,فِي,فِى,surface_mismatch,1:1;no_annotation_transferred,4:131
4:132:3,4:132:3,فِي,فِى,surface_mismatch,1:1;no_annotation_transferred,4:132
4:132:6,4:132:6,فِي,فِى,surface_mismatch,1:1;no_annotation_transferred,4:132
4:133:7,4:133:7,بِآخَرِينَ,بِـَٔاخَرِينَ,surface_mismatch,1:1;no_annotation_transferred,4:133
4:134:10,4:134:10,وَالْآخِرَةِ,وَٱلْءَاخِرَةِ,surface_mismatch,1:1;no_annotation_transferred,4:134
4:135:3,4:135:4,آمَنُوا,ءَامَنُوا۟,surface_mismatch,1:1;no_annotation_transferred,4:135
4:135:29,4:135:30,تَلْوُوا,تَلْوُۥٓا۟,surface_mismatch,1:1;no_annotation_transferred,4:135
4:136:3,4:136:4,آمَنُوا,ءَامَنُوٓا۟,surface_mismatch,1:1;no_annotation_transferred,4:136
4:136:4,4:136:5,آمِنُوا,ءَامِنُوا۟,surface_mismatch,1:1;no_annotation_transferred,4:136
4:136:8,4:136:9,الَّذِي,ٱلَّذِى,surface_mismatch,1:1;no_annotation_transferred,4:136
4:136:13,4:136:14,الَّذِي,ٱلَّذِىٓ,surface_mismatch,1:1;no_annotation_transferred,4:136
4:136:24,4:136:25,الْآخِرِ,ٱلْءَاخِرِ,surface_mismatch,1:1;no_annotation_transferred,4:136
4:137:3,4:137:3,آمَنُوا,ءَامَنُوا۟,surface_mismatch,1:1;no_annotation_transferred,4:137
4:137:7,4:137:7,آمَنُوا,ءَامَنُوا۟,surface_mismatch,1:1;no_annotation_transferred,4:137
4:140:4,4:140:4,فِي,فِى,surface_mismatch,1:1;no_annotation_transferred,4:140
4:140:9,4:140:9,آيَاتِ,ءَايَٰتِ,surface_mismatch,1:1;no_annotation_transferred,4:140
4:140:20,4:140:20,فِي,فِى,surface_mismatch,1:1;no_annotation_transferred,4:140
4:140:31,4:140:31,فِي,فِى,surface_mismatch,1:1;no_annotation_transferred,4:140
4:142:10,4:142:10,الصَّلَاةِ,ٱلصَّلَوٰةِ,surface_mismatch,1:1;no_annotation_transferred,4:142
4:144:3,4:144:4,آمَنُوا,ءَامَنُوا۟,surface_mismatch,1:1;no_annotation_transferred,4:144
4:145:3,4:145:3,فِي,فِى,surface_mismatch,1:1;no_annotation_transferred,4:145
4:147:7,4:147:7,وَآمَنتُمْ,وَءَامَنتُمْ,surface_mismatch,1:1;no_annotation_transferred,4:147
4:152:2,4:152:2,آمَنُوا,ءَامَنُوا۟,surface_mismatch,1:1;no_annotation_transferred,4:152
4:153:1,4:153:1,يَسْأَلُكَ,يَسْـَٔلُكَ,surface_mismatch,1:1;no_annotation_transferred,4:153
4:153:34,4:153:34,وَآتَيْنَا,وَءَاتَيْنَا,surface_mismatch,1:1;no_annotation_transferred,4:153
4:154:14,4:154:14,فِي,فِى,surface_mismatch,1:1;no_annotation_transferred,4:154
4:155:5,4:155:5,بِآيَاتِ,بِـَٔايَٰتِ,surface_mismatch,1:1;no_annotation_transferred,4:155
4:157:21,4:157:21,لَفِي,لَفِى,surface_mismatch,1:1;no_annotation_transferred,4:157
4:161:2,4:161:2,الرِّبَا,ٱلرِّبَوٰا۟,surface_mismatch,1:1;no_annotation_transferred,4:161
4:162:3,4:162:3,فِي,فِى,surface_mismatch,1:1;no_annotation_transferred,4:162
4:162:16,4:162:16,الصَّلَاةَ,ٱلصَّلَوٰةَ,surface_mismatch,1:1;no_annotation_transferred,4:162
4:162:18,4:162:18,الزَّكَاةَ,ٱلزَّكَوٰةَ,surface_mismatch,1:1;no_annotation_transferred,4:162
4:162:22,4:162:22,الْآخِرِ,ٱلْءَاخِرِ,surface_mismatch,1:1;no_annotation_transferred,4:162
4:163:8,4:163:8,وَالنَّبِيِّينَ,وَٱلنَّبِيِّۦنَ,surface_mismatch,1:1;no_annotation_transferred,4:163
4:163:23,4:163:23,وَآتَيْنَا,وَءَاتَيْنَا,surface_mismatch,1:1;no_annotation_transferred,4:163
4:163:24,4:163:24,دَاوُودَ,دَاوُۥدَ,surface_mismatch,1:1;no_annotation_transferred,4:163
4:170:9,4:170:10,فَآمِنُوا,فَـَٔامِنُوا۟,surface_mismatch,1:1;no_annotation_transferred,4:170
4:170:17,4:170:18,فِي,فِى,surface_mismatch,1:1;no_annotation_transferred,4:170
4:171:5,4:171:6,فِي,فِى,surface_mismatch,1:1;no_annotation_transferred,4:171
4:171:21,4:171:22,أَلْقَاهَا,أَلْقَىٰهَآ,surface_mismatch,1:1;no_annotation_transferred,4:171
4:171:26,4:171:27,فَآمِنُوا,فَـَٔامِنُوا۟,surface_mismatch,1:1;no_annotation_transferred,4:171
4:171:46,4:171:47,فِي,فِى,surface_mismatch,1:1;no_annotation_transferred,4:171
4:171:49,4:171:50,فِي,فِى,surface_mismatch,1:1;no_annotation_transferred,4:171
4:173:3,4:173:3,آمَنُوا,ءَامَنُوا۟,surface_mismatch,1:1;no_annotation_transferred,4:173
4:175:3,4:175:3,آمَنُوا,ءَامَنُوا۟,surface_mismatch,1:1;no_annotation_transferred,4:175
4:175:8,4:175:8,فِي,فِى,surface_mismatch,1:1;no_annotation_transferred,4:175
4:176:5,4:176:5,فِي,فِى,surface_mismatch,1:1;no_annotation_transferred,4:176
4:176:8,4:176:8,امْرُؤٌ,ٱمْرُؤٌا۟,surface_mismatch,1:1;no_annotation_transferred,4:176
4:176:49,4:176:49,شَيْءٍ,شَىْءٍ,surface_mismatch,1:1;no_annotation_transferred,4:176
5:1:3,5:1:8,آمَنُوا,ءَامَنُوٓا۟,surface_mismatch,1:1;no_annotation_transferred,5:1
5:1:15,5:1:20,مُحِلِّي,مُحِلِّى,surface_mismatch,1:1;no_annotation_transferred,5:1
5:2:3,5:2:4,آمَنُوا,ءَامَنُوا۟,surface_mismatch,1:1;no_annotation_transferred,5:2
5:2:12,5:2:13,الْهَدْيَ,ٱلْهَدْىَ,surface_mismatch,1:1;no_annotation_transferred,5:2
5:2:16,5:2:17,آمِّينَ,ءَآمِّينَ,surface_mismatch,1:1;no_annotation_transferred,5:2
5:2:29,5:2:30,شَنَآنُ,شَنَـَٔانُ,surface_mismatch,1:1;no_annotation_transferred,5:2
5:3:46,5:3:46,نِعْمَتِي,نِعْمَتِى,surface_mismatch,1:1;no_annotation_transferred,5:3
5:3:53,5:3:53,فِي,فِى,surface_mismatch,1:1;no_annotation_transferred,5:3
5:4:1,5:4:1,يَسْأَلُونَكَ,يَسْـَٔلُونَكَ,surface_mismatch,1:1;no_annotation_transferred,5:4
5:5:25,5:5:25,آتَيْتُمُوهُنَّ,ءَاتَيْتُمُوهُنَّ,surface_mismatch,1:1;no_annotation_transferred,5:5
5:5:31,5:5:31,مُتَّخِذِي,مُتَّخِذِىٓ,surface_mismatch,1:1;no_annotation_transferred,5:5
5:5:40,5:5:40,فِي,فِى,surface_mismatch,1:1;no_annotation_transferred,5:5
5:5:41,5:5:41,الْآخِرَةِ,ٱلْءَاخِرَةِ,surface_mismatch,1:1;no_annotation_transferred,5:5
5:6:3,5:6:4,آمَنُوا,ءَامَنُوٓا۟,surface_mismatch,1:1;no_annotation_transferred,5:6
5:6:7,5:6:8,الصَّلَاةِ,ٱلصَّلَوٰةِ,surface_mismatch,1:1;no_annotation_transferred,5:6
5:7:6,5:7:6,الَّذِي,ٱلَّذِى,surface_mismatch,1:1;no_annotation_transferred,5:7
5:8:3,5:8:4,آمَنُوا,ءَامَنُوا۟,surface_mismatch,1:1;no_annotation_transferred,5:8
5:8:11,5:8:12,شَنَآنُ,شَنَـَٔانُ,surface_mismatch,1:1;no_annotation_transferred,5:8
5:9:4,5:9:4,آمَنُوا,ءَامَنُوا۟,surface_mismatch,1:1;no_annotation_transferred,5:9
5:10:4,5:10:4,بِآيَاتِنَا,بِـَٔايَٰتِنَآ,surface_mismatch,1:1;no_annotation_transferred,5:10
5:11:3,5:11:4,آمَنُوا,ءَامَنُوا۟,surface_mismatch,1:1;no_annotation_transferred,5:11
5:12:5,5:12:5,بَنِي,بَنِىٓ,surface_mismatch,1:1;no_annotation_transferred,5:12
5:12:6,5:12:6,إِسْرَائِيلَ,إِسْرَٰٓءِيلَ,surface_mismatch,1:1;no_annotation_transferred,5:12
5:12:9,5:12:9,اثْنَيْ,ٱثْنَىْ,surface_mismatch,1:1;no_annotation_transferred,5:12
5:12:14,5:12:14,إِنِّي,إِنِّى,surface_mismatch,1:1;no_annotation_transferred,5:12
5:12:18,5:12:18,الصَّلَاةَ,ٱلصَّلَوٰةَ,surface_mismatch,1:1;no_annotation_transferred,5:12
5:12:19,5:12:19,وَآتَيْتُمُ,وَءَاتَيْتُمُ,surface_mismatch,1:1;no_annotation_transferred,5:12
5:12:20,5:12:20,الزَّكَاةَ,ٱلزَّكَوٰةَ,surface_mismatch,1:1;no_annotation_transferred,5:12
5:12:21,5:12:21,وَآمَنتُم,وَءَامَنتُم,surface_mismatch,1:1;no_annotation_transferred,5:12
5:12:22,5:12:22,بِرُسُلِي,بِرُسُلِى,surface_mismatch,1:1;no_annotation_transferred,5:12
5:12:30,5:12:30,سَيِّئَاتِكُمْ,سَيِّـَٔاتِكُمْ,surface_mismatch,1:1;no_annotation_transferred,5:12
5:12:33,5:12:33,تَجْرِي,تَجْرِى,surface_mismatch,1:1;no_annotation_transferred,5:12
5:15:14,5:15:15,وَيَعْفُو,وَيَعْفُوا۟,surface_mismatch,1:1;no_annotation_transferred,5:15
5:16:1,5:16:1,يَهْدِي,يَهْدِى,surface_mismatch,1:1;no_annotation_transferred,5:16
5:17:16,5:17:16,شَيْئًا,شَيْـًٔا,surface_mismatch,1:1;no_annotation_transferred,5:17
5:17:26,5:17:26,فِي,فِى,surface_mismatch,1:1;no_annotation_transferred,5:17
5:17:41,5:17:41,شَيْءٍ,شَىْءٍ,surface_mismatch,1:1;no_annotation_transferred,5:17
5:18:5,5:18:5,أَبْنَاءُ,أَبْنَٰٓؤُا۟,surface_mismatch,1:1;no_annotation_transferred,5:18
5:19:27,5:19:28,شَيْءٍ,شَىْءٍ,surface_mismatch,1:1;no_annotation_transferred,5:19
5:20:16,5:20:17,وَآتَاكُم,وَءَاتَىٰكُم,surface_mismatch,1:1;no_annotation_transferred,5:20
5:21:5,5:21:6,الَّتِي,ٱلَّتِى,surface_mismatch,1:1;no_annotation_transferred,5:21
5:25:3,5:25:3,إِنِّي,إِنِّى,surface_mismatch,1:1;no_annotation_transferred,5:25
5:25:7,5:25:7,نَفْسِي,نَفْسِى,surface_mismatch,1:1;no_annotation_transferred,5:25
5:25:8,5:25:8,وَأَخِي,وَأَخِى,surface_mismatch,1:1;no_annotation_transferred,5:25
5:26:8,5:26:8,فِي,فِى,surface_mismatch,1:1;no_annotation_transferred,5:26
5:27:4,5:27:4,ابْنَيْ,ٱبْنَىْ,surface_mismatch,1:1;no_annotation_transferred,5:27
5:27:5,5:27:5,آدَمَ,ءَادَمَ,surface_mismatch,1:1;no_annotation_transferred,5:27
5:27:16,5:27:16,الْآخَرِ,ٱلْءَاخَرِ,surface_mismatch,1:1;no_annotation_transferred,5:27
5:28:3,5:28:3,إِلَيَّ,إِلَىَّ,surface_mismatch,1:1;no_annotation_transferred,5:28
5:28:5,5:28:5,لِتَقْتُلَنِي,لِتَقْتُلَنِى,surface_mismatch,1:1;no_annotation_transferred,5:28
5:28:9,5:28:9,يَدِيَ,يَدِىَ,surface_mismatch,1:1;no_annotation_transferred,5:28
5:28:12,5:28:12,إِنِّي,إِنِّىٓ,surface_mismatch,1:1;no_annotation_transferred,5:28
5:29:1,5:29:1,إِنِّي,إِنِّىٓ,surface_mismatch,1:1;no_annotation_transferred,5:29
5:29:4,5:29:4,تَبُوءَ,تَبُوٓأَ,surface_mismatch,1:1;no_annotation_transferred,5:29
5:29:5,5:29:5,بِإِثْمِي,بِإِثْمِى,surface_mismatch,1:1;no_annotation_transferred,5:29
5:29:12,5:29:12,جَزَاءُ,جَزَٰٓؤُا۟,surface_mismatch,1:1;no_annotation_transferred,5:29
5:31:5,5:31:5,فِي,فِى,surface_mismatch,1:1;no_annotation_transferred,5:31
5:31:9,5:31:9,يُوَارِي,يُوَٰرِى,surface_mismatch,1:1;no_annotation_transferred,5:31
5:31:20,5:31:21,فَأُوَارِيَ,فَأُوَٰرِىَ,surface_mismatch,1:1;no_annotation_transferred,5:31
5:31:22,5:31:23,أَخِي,أَخِى,surface_mismatch,1:1;no_annotation_transferred,5:31
5:32:6,5:32:6,بَنِي,بَنِىٓ,surface_mismatch,1:1;no_annotation_transferred,5:32
5:32:7,5:32:7,إِسْرَائِيلَ,إِسْرَٰٓءِيلَ,surface_mismatch,1:1;no_annotation_transferred,5:32
5:32:16,5:32:16,فِي,فِى,surface_mismatch,1:1;no_annotation_transferred,5:32
5:32:38,5:32:38,فِي,فِى,surface_mismatch,1:1;no_annotation_transferred,5:32
5:33:2,5:33:2,جَزَاءُ,جَزَٰٓؤُا۟,surface_mismatch,1:1;no_annotation_transferred,5:33
5:33:8,5:33:8,فِي,فِى,surface_mismatch,1:1;no_annotation_transferred,5:33
5:33:27,5:33:27,خِزْيٌ,خِزْىٌ,surface_mismatch,1:1;no_annotation_transferred,5:33
5:33:28,5:33:28,فِي,فِى,surface_mismatch,1:1;no_annotation_transferred,5:33
5:33:31,5:33:31,فِي,فِى,surface_mismatch,1:1;no_annotation_transferred,5:33
5:33:32,5:33:32,الْآخِرَةِ,ٱلْءَاخِرَةِ,surface_mismatch,1:1;no_annotation_transferred,5:33
5:35:3,5:35:4,آمَنُوا,ءَامَنُوا۟,surface_mismatch,1:1;no_annotation_transferred,5:35
5:35:10,5:35:11,فِي,فِى,surface_mismatch,1:1;no_annotation_transferred,5:35
5:36:8,5:36:8,فِي,فِى,surface_mismatch,1:1;no_annotation_transferred,5:36
5:40:18,5:40:18,شَيْءٍ,شَىْءٍ,surface_mismatch,1:1;no_annotation_transferred,5:40
5:41:7,5:41:8,فِي,فِى,surface_mismatch,1:1;no_annotation_transferred,5:41
5:41:12,5:41:13,آمَنَّا,ءَامَنَّا,surface_mismatch,1:1;no_annotation_transferred,5:41
5:41:24,5:41:25,آخَرِينَ,ءَاخَرِينَ,surface_mismatch,1:1;no_annotation_transferred,5:41
5:41:50,5:41:51,شَيْئًا,شَيْـًٔا,surface_mismatch,1:1;no_annotation_transferred,5:41
5:41:60,5:41:61,فِي,فِى,surface_mismatch,1:1;no_annotation_transferred,5:41
5:41:62,5:41:63,خِزْيٌ,خِزْىٌ,surface_mismatch,1:1;no_annotation_transferred,5:41
5:41:64,5:41:65,فِي,فِى,surface_mismatch,1:1;no_annotation_transferred,5:41
5:41:65,5:41:66,الْآخِرَةِ,ٱلْءَاخِرَةِ,surface_mismatch,1:1;no_annotation_transferred,5:41
5:42:17,5:42:17,شَيْئًا,شَيْـًٔا,surface_mismatch,1:1;no_annotation_transferred,5:42
5:43:4,5:43:4,التَّوْرَاةُ,ٱلتَّوْرَىٰةُ,surface_mismatch,1:1;no_annotation_transferred,5:43
5:44:3,5:44:3,التَّوْرَاةَ,ٱلتَّوْرَىٰةَ,surface_mismatch,1:1;no_annotation_transferred,5:44
5:44:30,5:44:30,بِآيَاتِي,بِـَٔايَٰتِى,surface_mismatch,1:1;no_annotation_transferred,5:44
5:46:3,5:46:3,آثَارِهِم,ءَاثَٰرِهِم,surface_mismatch,1:1;no_annotation_transferred,5:46
5:46:12,5:46:12,التَّوْرَاةِ,ٱلتَّوْرَىٰةِ,surface_mismatch,1:1;no_annotation_transferred,5:46
5:46:13,5:46:13,وَآتَيْنَاهُ,وَءَاتَيْنَٰهُ,surface_mismatch,1:1;no_annotation_transferred,5:46
5:46:23,5:46:23,التَّوْرَاةِ,ٱلتَّوْرَىٰةِ,surface_mismatch,1:1;no_annotation_transferred,5:46
5:48:38,5:48:38,فِي,فِى,surface_mismatch,1:1;no_annotation_transferred,5:48
5:48:40,5:48:40,آتَاكُمْ,ءَاتَىٰكُمْ,surface_mismatch,1:1;no_annotation_transferred,5:48
5:51:3,5:51:4,آمَنُوا,ءَامَنُوا۟,surface_mismatch,1:1;no_annotation_transferred,5:51
5:51:20,5:51:21,يَهْدِي,يَهْدِى,surface_mismatch,1:1;no_annotation_transferred,5:51
5:52:3,5:52:3,فِي,فِى,surface_mismatch,1:1;no_annotation_transferred,5:52
5:52:16,5:52:16,يَأْتِيَ,يَأْتِىَ,surface_mismatch,1:1;no_annotation_transferred,5:52
5:52:26,5:52:26,فِي,فِىٓ,surface_mismatch,1:1;no_annotation_transferred,5:52
5:53:3,5:53:3,آمَنُوا,ءَامَنُوٓا۟,surface_mismatch,1:1;no_annotation_transferred,5:53
5:54:3,5:54:4,آمَنُوا,ءَامَنُوا۟,surface_mismatch,1:1;no_annotation_transferred,5:54
5:54:10,5:54:11,يَأْتِي,يَأْتِى,surface_mismatch,1:1;no_annotation_transferred,5:54
5:54:22,5:54:23,فِي,فِى,surface_mismatch,1:1;no_annotation_transferred,5:54
5:55:6,5:55:6,آمَنُوا,ءَامَنُوا۟,surface_mismatch,1:1;no_annotation_transferred,5:55
5:55:9,5:55:9,الصَّلَاةَ,ٱلصَّلَوٰةَ,surface_mismatch,1:1;no_annotation_transferred,5:55
5:55:11,5:55:11,الزَّكَاةَ,ٱلزَّكَوٰةَ,surface_mismatch,1:1;no_annotation_transferred,5:55
5:56:6,5:56:6,آمَنُوا,ءَامَنُوا۟,surface_mismatch,1:1;no_annotation_transferred,5:56
5:57:3,5:57:4,آمَنُوا,ءَامَنُوا۟,surface_mismatch,1:1;no_annotation_transferred,5:57
5:58:4,5:58:4,الصَّلَاةِ,ٱلصَّلَوٰةِ,surface_mismatch,1:1;no_annotation_transferred,5:58
5:59:9,5:59:10,آمَنَّا,ءَامَنَّا,surface_mismatch,1:1;no_annotation_transferred,5:59
5:61:4,5:61:4,آمَنَّا,ءَامَنَّا,surface_mismatch,1:1;no_annotation_transferred,5:61
5:62:5,5:62:5,فِي,فِى,surface_mismatch,1:1;no_annotation_transferred,5:62
5:63:2,5:63:2,يَنْهَاهُمُ,يَنْهَىٰهُمُ,surface_mismatch,1:1;no_annotation_transferred,5:63
5:64:41,5:64:41,فِي,فِى,surface_mismatch,1:1;no_annotation_transferred,5:64
5:65:5,5:65:5,آمَنُوا,ءَامَنُوا۟,surface_mismatch,1:1;no_annotation_transferred,5:65
5:65:9,5:65:9,سَيِّئَاتِهِمْ,سَيِّـَٔاتِهِمْ,surface_mismatch,1:1;no_annotation_transferred,5:65
5:66:4,5:66:4,التَّوْرَاةَ,ٱلتَّوْرَىٰةَ,surface_mismatch,1:1;no_annotation_transferred,5:66
5:67:22,5:67:23,يَهْدِي,يَهْدِى,surface_mismatch,1:1;no_annotation_transferred,5:67
5:68:6,5:68:7,شَيْءٍ,شَىْءٍ,surface_mismatch,1:1;no_annotation_transferred,5:68
5:68:9,5:68:10,التَّوْرَاةَ,ٱلتَّوْرَىٰةَ,surface_mismatch,1:1;no_annotation_transferred,5:68
5:69:3,5:69:3,آمَنُوا,ءَامَنُوا۟,surface_mismatch,1:1;no_annotation_transferred,5:69
5:69:6,5:69:6,وَالصَّابِئُونَ,وَٱلصَّٰبِـُٔونَ,surface_mismatch,1:1;no_annotation_transferred,5:69
5:69:9,5:69:9,آمَنَ,ءَامَنَ,surface_mismatch,1:1;no_annotation_transferred,5:69
5:69:12,5:69:12,الْآخِرِ,ٱلْءَاخِرِ,surface_mismatch,1:1;no_annotation_transferred,5:69
5:70:4,5:70:4,بَنِي,بَنِىٓ,surface_mismatch,1:1;no_annotation_transferred,5:70
5:70:5,5:70:5,إِسْرَائِيلَ,إِسْرَٰٓءِيلَ,surface_mismatch,1:1;no_annotation_transferred,5:70
5:72:1,,لَقَدْ كَفَرَ الَّذِينَ قَالُوا إِنَّ اللَّهَ هُوَ الْمَسِيحُ ابْنُ مَرْيَمَ وَقَالَ الْمَسِيحُ يَا بَنِي إِسْرَائِيلَ اعْبُدُوا اللَّهَ رَبِّي وَرَبَّكُمْ إِنَّهُ مَن يُشْرِكْ بِاللَّهِ فَقَدْ حَرَّمَ اللَّهُ عَلَيْهِ الْجَنَّةَ وَمَأْوَاهُ النَّارُ وَمَا لِلظَّالِمِينَ مِنْ أَنصَارٍ,لَقَدْ,ambiguous_verse,multiple_optimal_paths,5:72
5:72:2,,لَقَدْ كَفَرَ الَّذِينَ قَالُوا إِنَّ اللَّهَ هُوَ الْمَسِيحُ ابْنُ مَرْيَمَ وَقَالَ الْمَسِيحُ يَا بَنِي إِسْرَائِيلَ اعْبُدُوا اللَّهَ رَبِّي وَرَبَّكُمْ إِنَّهُ مَن يُشْرِكْ بِاللَّهِ فَقَدْ حَرَّمَ اللَّهُ عَلَيْهِ الْجَنَّةَ وَمَأْوَاهُ النَّارُ وَمَا لِلظَّالِمِينَ مِنْ أَنصَارٍ,كَفَرَ,ambiguous_verse,multiple_optimal_paths,5:72
5:72:3,,لَقَدْ كَفَرَ الَّذِينَ قَالُوا إِنَّ اللَّهَ هُوَ الْمَسِيحُ ابْنُ مَرْيَمَ وَقَالَ الْمَسِيحُ يَا بَنِي إِسْرَائِيلَ اعْبُدُوا اللَّهَ رَبِّي وَرَبَّكُمْ إِنَّهُ مَن يُشْرِكْ بِاللَّهِ فَقَدْ حَرَّمَ اللَّهُ عَلَيْهِ الْجَنَّةَ وَمَأْوَاهُ النَّارُ وَمَا لِلظَّالِمِينَ مِنْ أَنصَارٍ,ٱلَّذِينَ,ambiguous_verse,multiple_optimal_paths,5:72
5:72:4,,لَقَدْ كَفَرَ الَّذِينَ قَالُوا إِنَّ اللَّهَ هُوَ الْمَسِيحُ ابْنُ مَرْيَمَ وَقَالَ الْمَسِيحُ يَا بَنِي إِسْرَائِيلَ اعْبُدُوا اللَّهَ رَبِّي وَرَبَّكُمْ إِنَّهُ مَن يُشْرِكْ بِاللَّهِ فَقَدْ حَرَّمَ اللَّهُ عَلَيْهِ الْجَنَّةَ وَمَأْوَاهُ النَّارُ وَمَا لِلظَّالِمِينَ مِنْ أَنصَارٍ,قَالُوٓا۟,ambiguous_verse,multiple_optimal_paths,5:72
5:72:5,,لَقَدْ كَفَرَ الَّذِينَ قَالُوا إِنَّ اللَّهَ هُوَ الْمَسِيحُ ابْنُ مَرْيَمَ وَقَالَ الْمَسِيحُ يَا بَنِي إِسْرَائِيلَ اعْبُدُوا اللَّهَ رَبِّي وَرَبَّكُمْ إِنَّهُ مَن يُشْرِكْ بِاللَّهِ فَقَدْ حَرَّمَ اللَّهُ عَلَيْهِ الْجَنَّةَ وَمَأْوَاهُ النَّارُ وَمَا لِلظَّالِمِينَ مِنْ أَنصَارٍ,إِنَّ,ambiguous_verse,multiple_optimal_paths,5:72
5:72:6,,لَقَدْ كَفَرَ الَّذِينَ قَالُوا إِنَّ اللَّهَ هُوَ الْمَسِيحُ ابْنُ مَرْيَمَ وَقَالَ الْمَسِيحُ يَا بَنِي إِسْرَائِيلَ اعْبُدُوا اللَّهَ رَبِّي وَرَبَّكُمْ إِنَّهُ مَن يُشْرِكْ بِاللَّهِ فَقَدْ حَرَّمَ اللَّهُ عَلَيْهِ الْجَنَّةَ وَمَأْوَاهُ النَّارُ وَمَا لِلظَّالِمِينَ مِنْ أَنصَارٍ,ٱللَّهَ,ambiguous_verse,multiple_optimal_paths,5:72
5:72:7,,لَقَدْ كَفَرَ الَّذِينَ قَالُوا إِنَّ اللَّهَ هُوَ الْمَسِيحُ ابْنُ مَرْيَمَ وَقَالَ الْمَسِيحُ يَا بَنِي إِسْرَائِيلَ اعْبُدُوا اللَّهَ رَبِّي وَرَبَّكُمْ إِنَّهُ مَن يُشْرِكْ بِاللَّهِ فَقَدْ حَرَّمَ اللَّهُ عَلَيْهِ الْجَنَّةَ وَمَأْوَاهُ النَّارُ وَمَا لِلظَّالِمِينَ مِنْ أَنصَارٍ,هُوَ,ambiguous_verse,multiple_optimal_paths,5:72
5:72:8,,لَقَدْ كَفَرَ الَّذِينَ قَالُوا إِنَّ اللَّهَ هُوَ الْمَسِيحُ ابْنُ مَرْيَمَ وَقَالَ الْمَسِيحُ يَا بَنِي إِسْرَائِيلَ اعْبُدُوا اللَّهَ رَبِّي وَرَبَّكُمْ إِنَّهُ مَن يُشْرِكْ بِاللَّهِ فَقَدْ حَرَّمَ اللَّهُ عَلَيْهِ الْجَنَّةَ وَمَأْوَاهُ النَّارُ وَمَا لِلظَّالِمِينَ مِنْ أَنصَارٍ,ٱلْمَسِيحُ,ambiguous_verse,multiple_optimal_paths,5:72
5:72:9,,لَقَدْ كَفَرَ الَّذِينَ قَالُوا إِنَّ اللَّهَ هُوَ الْمَسِيحُ ابْنُ مَرْيَمَ وَقَالَ الْمَسِيحُ يَا بَنِي إِسْرَائِيلَ اعْبُدُوا اللَّهَ رَبِّي وَرَبَّكُمْ إِنَّهُ مَن يُشْرِكْ بِاللَّهِ فَقَدْ حَرَّمَ اللَّهُ عَلَيْهِ الْجَنَّةَ وَمَأْوَاهُ النَّارُ وَمَا لِلظَّالِمِينَ مِنْ أَنصَارٍ,ٱبْنُ,ambiguous_verse,multiple_optimal_paths,5:72
5:72:10,,لَقَدْ كَفَرَ الَّذِينَ قَالُوا إِنَّ اللَّهَ هُوَ الْمَسِيحُ ابْنُ مَرْيَمَ وَقَالَ الْمَسِيحُ يَا بَنِي إِسْرَائِيلَ اعْبُدُوا اللَّهَ رَبِّي وَرَبَّكُمْ إِنَّهُ مَن يُشْرِكْ بِاللَّهِ فَقَدْ حَرَّمَ اللَّهُ عَلَيْهِ الْجَنَّةَ وَمَأْوَاهُ النَّارُ وَمَا لِلظَّالِمِينَ مِنْ أَنصَارٍ,مَرْيَمَ,ambiguous_verse,multiple_optimal_paths,5:72
5:72:11,,لَقَدْ كَفَرَ الَّذِينَ قَالُوا إِنَّ اللَّهَ هُوَ الْمَسِيحُ ابْنُ مَرْيَمَ وَقَالَ الْمَسِيحُ يَا بَنِي إِسْرَائِيلَ اعْبُدُوا اللَّهَ رَبِّي وَرَبَّكُمْ إِنَّهُ مَن يُشْرِكْ بِاللَّهِ فَقَدْ حَرَّمَ اللَّهُ عَلَيْهِ الْجَنَّةَ وَمَأْوَاهُ النَّارُ وَمَا لِلظَّالِمِينَ مِنْ أَنصَارٍ,وَقَالَ,ambiguous_verse,multiple_optimal_paths,5:72
5:72:12,,لَقَدْ كَفَرَ الَّذِينَ قَالُوا إِنَّ اللَّهَ هُوَ الْمَسِيحُ ابْنُ مَرْيَمَ وَقَالَ الْمَسِيحُ يَا بَنِي إِسْرَائِيلَ اعْبُدُوا اللَّهَ رَبِّي وَرَبَّكُمْ إِنَّهُ مَن يُشْرِكْ بِاللَّهِ فَقَدْ حَرَّمَ اللَّهُ عَلَيْهِ الْجَنَّةَ وَمَأْوَاهُ النَّارُ وَمَا لِلظَّالِمِينَ مِنْ أَنصَارٍ,ٱلْمَسِيحُ,ambiguous_verse,multiple_optimal_paths,5:72
5:72:13,,لَقَدْ كَفَرَ الَّذِينَ قَالُوا إِنَّ اللَّهَ هُوَ الْمَسِيحُ ابْنُ مَرْيَمَ وَقَالَ الْمَسِيحُ يَا بَنِي إِسْرَائِيلَ اعْبُدُوا اللَّهَ رَبِّي وَرَبَّكُمْ إِنَّهُ مَن يُشْرِكْ بِاللَّهِ فَقَدْ حَرَّمَ اللَّهُ عَلَيْهِ الْجَنَّةَ وَمَأْوَاهُ النَّارُ وَمَا لِلظَّالِمِينَ مِنْ أَنصَارٍ,يَٰبَنِىٓ,ambiguous_verse,multiple_optimal_paths,5:72
5:72:14,,لَقَدْ كَفَرَ الَّذِينَ قَالُوا إِنَّ اللَّهَ هُوَ الْمَسِيحُ ابْنُ مَرْيَمَ وَقَالَ الْمَسِيحُ يَا بَنِي إِسْرَائِيلَ اعْبُدُوا اللَّهَ رَبِّي وَرَبَّكُمْ إِنَّهُ مَن يُشْرِكْ بِاللَّهِ فَقَدْ حَرَّمَ اللَّهُ عَلَيْهِ الْجَنَّةَ وَمَأْوَاهُ النَّارُ وَمَا لِلظَّالِمِينَ مِنْ أَنصَارٍ,إِسْرَٰٓءِيلَ,ambiguous_verse,multiple_optimal_paths,5:72
5:72:15,,لَقَدْ كَفَرَ الَّذِينَ قَالُوا إِنَّ اللَّهَ هُوَ الْمَسِيحُ ابْنُ مَرْيَمَ وَقَالَ الْمَسِيحُ يَا بَنِي إِسْرَائِيلَ اعْبُدُوا اللَّهَ رَبِّي وَرَبَّكُمْ إِنَّهُ مَن يُشْرِكْ بِاللَّهِ فَقَدْ حَرَّمَ اللَّهُ عَلَيْهِ الْجَنَّةَ وَمَأْوَاهُ النَّارُ وَمَا لِلظَّالِمِينَ مِنْ أَنصَارٍ,ٱعْبُدُوا۟,ambiguous_verse,multiple_optimal_paths,5:72
5:72:16,,لَقَدْ كَفَرَ الَّذِينَ قَالُوا إِنَّ اللَّهَ هُوَ الْمَسِيحُ ابْنُ مَرْيَمَ وَقَالَ الْمَسِيحُ يَا بَنِي إِسْرَائِيلَ اعْبُدُوا اللَّهَ رَبِّي وَرَبَّكُمْ إِنَّهُ مَن يُشْرِكْ بِاللَّهِ فَقَدْ حَرَّمَ اللَّهُ عَلَيْهِ الْجَنَّةَ وَمَأْوَاهُ النَّارُ وَمَا لِلظَّالِمِينَ مِنْ أَنصَارٍ,ٱللَّهَ,ambiguous_verse,multiple_optimal_paths,5:72
5:72:17,,لَقَدْ كَفَرَ الَّذِينَ قَالُوا إِنَّ اللَّهَ هُوَ الْمَسِيحُ ابْنُ مَرْيَمَ وَقَالَ الْمَسِيحُ يَا بَنِي إِسْرَائِيلَ اعْبُدُوا اللَّهَ رَبِّي وَرَبَّكُمْ إِنَّهُ مَن يُشْرِكْ بِاللَّهِ فَقَدْ حَرَّمَ اللَّهُ عَلَيْهِ الْجَنَّةَ وَمَأْوَاهُ النَّارُ وَمَا لِلظَّالِمِينَ مِنْ أَنصَارٍ,رَبِّى,ambiguous_verse,multiple_optimal_paths,5:72
5:72:18,,لَقَدْ كَفَرَ الَّذِينَ قَالُوا إِنَّ اللَّهَ هُوَ الْمَسِيحُ ابْنُ مَرْيَمَ وَقَالَ الْمَسِيحُ يَا بَنِي إِسْرَائِيلَ اعْبُدُوا اللَّهَ رَبِّي وَرَبَّكُمْ إِنَّهُ مَن يُشْرِكْ بِاللَّهِ فَقَدْ حَرَّمَ اللَّهُ عَلَيْهِ الْجَنَّةَ وَمَأْوَاهُ النَّارُ وَمَا لِلظَّالِمِينَ مِنْ أَنصَارٍ,وَرَبَّكُمْ,ambiguous_verse,multiple_optimal_paths,5:72
5:72:19,,لَقَدْ كَفَرَ الَّذِينَ قَالُوا إِنَّ اللَّهَ هُوَ الْمَسِيحُ ابْنُ مَرْيَمَ وَقَالَ الْمَسِيحُ يَا بَنِي إِسْرَائِيلَ اعْبُدُوا اللَّهَ رَبِّي وَرَبَّكُمْ إِنَّهُ مَن يُشْرِكْ بِاللَّهِ فَقَدْ حَرَّمَ اللَّهُ عَلَيْهِ الْجَنَّةَ وَمَأْوَاهُ النَّارُ وَمَا لِلظَّالِمِينَ مِنْ أَنصَارٍ,إِنَّهُۥ,ambiguous_verse,multiple_optimal_paths,5:72
5:72:20,,لَقَدْ كَفَرَ الَّذِينَ قَالُوا إِنَّ اللَّهَ هُوَ الْمَسِيحُ ابْنُ مَرْيَمَ وَقَالَ الْمَسِيحُ يَا بَنِي إِسْرَائِيلَ اعْبُدُوا اللَّهَ رَبِّي وَرَبَّكُمْ إِنَّهُ مَن يُشْرِكْ بِاللَّهِ فَقَدْ حَرَّمَ اللَّهُ عَلَيْهِ الْجَنَّةَ وَمَأْوَاهُ النَّارُ وَمَا لِلظَّالِمِينَ مِنْ أَنصَارٍ,مَن,ambiguous_verse,multiple_optimal_paths,5:72
5:72:21,,لَقَدْ كَفَرَ الَّذِينَ قَالُوا إِنَّ اللَّهَ هُوَ الْمَسِيحُ ابْنُ مَرْيَمَ وَقَالَ الْمَسِيحُ يَا بَنِي إِسْرَائِيلَ اعْبُدُوا اللَّهَ رَبِّي وَرَبَّكُمْ إِنَّهُ مَن يُشْرِكْ بِاللَّهِ فَقَدْ حَرَّمَ اللَّهُ عَلَيْهِ الْجَنَّةَ وَمَأْوَاهُ النَّارُ وَمَا لِلظَّالِمِينَ مِنْ أَنصَارٍ,يُشْرِكْ,ambiguous_verse,multiple_optimal_paths,5:72
5:72:22,,لَقَدْ كَفَرَ الَّذِينَ قَالُوا إِنَّ اللَّهَ هُوَ الْمَسِيحُ ابْنُ مَرْيَمَ وَقَالَ الْمَسِيحُ يَا بَنِي إِسْرَائِيلَ اعْبُدُوا اللَّهَ رَبِّي وَرَبَّكُمْ إِنَّهُ مَن يُشْرِكْ بِاللَّهِ فَقَدْ حَرَّمَ اللَّهُ عَلَيْهِ الْجَنَّةَ وَمَأْوَاهُ النَّارُ وَمَا لِلظَّالِمِينَ مِنْ أَنصَارٍ,بِٱللَّهِ,ambiguous_verse,multiple_optimal_paths,5:72
5:72:23,,لَقَدْ كَفَرَ الَّذِينَ قَالُوا إِنَّ اللَّهَ هُوَ الْمَسِيحُ ابْنُ مَرْيَمَ وَقَالَ الْمَسِيحُ يَا بَنِي إِسْرَائِيلَ اعْبُدُوا اللَّهَ رَبِّي وَرَبَّكُمْ إِنَّهُ مَن يُشْرِكْ بِاللَّهِ فَقَدْ حَرَّمَ اللَّهُ عَلَيْهِ الْجَنَّةَ وَمَأْوَاهُ النَّارُ وَمَا لِلظَّالِمِينَ مِنْ أَنصَارٍ,فَقَدْ,ambiguous_verse,multiple_optimal_paths,5:72
5:72:24,,لَقَدْ كَفَرَ الَّذِينَ قَالُوا إِنَّ اللَّهَ هُوَ الْمَسِيحُ ابْنُ مَرْيَمَ وَقَالَ الْمَسِيحُ يَا بَنِي إِسْرَائِيلَ اعْبُدُوا اللَّهَ رَبِّي وَرَبَّكُمْ إِنَّهُ مَن يُشْرِكْ بِاللَّهِ فَقَدْ حَرَّمَ اللَّهُ عَلَيْهِ الْجَنَّةَ وَمَأْوَاهُ النَّارُ وَمَا لِلظَّالِمِينَ مِنْ أَنصَارٍ,حَرَّمَ,ambiguous_verse,multiple_optimal_paths,5:72
5:72:25,,لَقَدْ كَفَرَ الَّذِينَ قَالُوا إِنَّ اللَّهَ هُوَ الْمَسِيحُ ابْنُ مَرْيَمَ وَقَالَ الْمَسِيحُ يَا بَنِي إِسْرَائِيلَ اعْبُدُوا اللَّهَ رَبِّي وَرَبَّكُمْ إِنَّهُ مَن يُشْرِكْ بِاللَّهِ فَقَدْ حَرَّمَ اللَّهُ عَلَيْهِ الْجَنَّةَ وَمَأْوَاهُ النَّارُ وَمَا لِلظَّالِمِينَ مِنْ أَنصَارٍ,ٱللَّهُ,ambiguous_verse,multiple_optimal_paths,5:72
5:72:26,,لَقَدْ كَفَرَ الَّذِينَ قَالُوا إِنَّ اللَّهَ هُوَ الْمَسِيحُ ابْنُ مَرْيَمَ وَقَالَ الْمَسِيحُ يَا بَنِي إِسْرَائِيلَ اعْبُدُوا اللَّهَ رَبِّي وَرَبَّكُمْ إِنَّهُ مَن يُشْرِكْ بِاللَّهِ فَقَدْ حَرَّمَ اللَّهُ عَلَيْهِ الْجَنَّةَ وَمَأْوَاهُ النَّارُ وَمَا لِلظَّالِمِينَ مِنْ أَنصَارٍ,عَلَيْهِ,ambiguous_verse,multiple_optimal_paths,5:72
5:72:27,,لَقَدْ كَفَرَ الَّذِينَ قَالُوا إِنَّ اللَّهَ هُوَ الْمَسِيحُ ابْنُ مَرْيَمَ وَقَالَ الْمَسِيحُ يَا بَنِي إِسْرَائِيلَ اعْبُدُوا اللَّهَ رَبِّي وَرَبَّكُمْ إِنَّهُ مَن يُشْرِكْ بِاللَّهِ فَقَدْ حَرَّمَ اللَّهُ عَلَيْهِ الْجَنَّةَ وَمَأْوَاهُ النَّارُ وَمَا لِلظَّالِمِينَ مِنْ أَنصَارٍ,ٱلْجَنَّةَ,ambiguous_verse,multiple_optimal_paths,5:72
5:72:28,,لَقَدْ كَفَرَ الَّذِينَ قَالُوا إِنَّ اللَّهَ هُوَ الْمَسِيحُ ابْنُ مَرْيَمَ وَقَالَ الْمَسِيحُ يَا بَنِي إِسْرَائِيلَ اعْبُدُوا اللَّهَ رَبِّي وَرَبَّكُمْ إِنَّهُ مَن يُشْرِكْ بِاللَّهِ فَقَدْ حَرَّمَ اللَّهُ عَلَيْهِ الْجَنَّةَ وَمَأْوَاهُ النَّارُ وَمَا لِلظَّالِمِينَ مِنْ أَنصَارٍ,وَمَأْوَىٰهُ,ambiguous_verse,multiple_optimal_paths,5:72
5:72:29,,لَقَدْ كَفَرَ الَّذِينَ قَالُوا إِنَّ اللَّهَ هُوَ الْمَسِيحُ ابْنُ مَرْيَمَ وَقَالَ الْمَسِيحُ يَا بَنِي إِسْرَائِيلَ اعْبُدُوا اللَّهَ رَبِّي وَرَبَّكُمْ إِنَّهُ مَن يُشْرِكْ بِاللَّهِ فَقَدْ حَرَّمَ اللَّهُ عَلَيْهِ الْجَنَّةَ وَمَأْوَاهُ النَّارُ وَمَا لِلظَّالِمِينَ مِنْ أَنصَارٍ,ٱلنَّارُ,ambiguous_verse,multiple_optimal_paths,5:72
5:72:30,,لَقَدْ كَفَرَ الَّذِينَ قَالُوا إِنَّ اللَّهَ هُوَ الْمَسِيحُ ابْنُ مَرْيَمَ وَقَالَ الْمَسِيحُ يَا بَنِي إِسْرَائِيلَ اعْبُدُوا اللَّهَ رَبِّي وَرَبَّكُمْ إِنَّهُ مَن يُشْرِكْ بِاللَّهِ فَقَدْ حَرَّمَ اللَّهُ عَلَيْهِ الْجَنَّةَ وَمَأْوَاهُ النَّارُ وَمَا لِلظَّالِمِينَ مِنْ أَنصَارٍ,وَمَا,ambiguous_verse,multiple_optimal_paths,5:72
5:72:31,,لَقَدْ كَفَرَ الَّذِينَ قَالُوا إِنَّ اللَّهَ هُوَ الْمَسِيحُ ابْنُ مَرْيَمَ وَقَالَ الْمَسِيحُ يَا بَنِي إِسْرَائِيلَ اعْبُدُوا اللَّهَ رَبِّي وَرَبَّكُمْ إِنَّهُ مَن يُشْرِكْ بِاللَّهِ فَقَدْ حَرَّمَ اللَّهُ عَلَيْهِ الْجَنَّةَ وَمَأْوَاهُ النَّارُ وَمَا لِلظَّالِمِينَ مِنْ أَنصَارٍ,لِلظَّٰلِمِينَ,ambiguous_verse,multiple_optimal_paths,5:72
5:72:32,,لَقَدْ كَفَرَ الَّذِينَ قَالُوا إِنَّ اللَّهَ هُوَ الْمَسِيحُ ابْنُ مَرْيَمَ وَقَالَ الْمَسِيحُ يَا بَنِي إِسْرَائِيلَ اعْبُدُوا اللَّهَ رَبِّي وَرَبَّكُمْ إِنَّهُ مَن يُشْرِكْ بِاللَّهِ فَقَدْ حَرَّمَ اللَّهُ عَلَيْهِ الْجَنَّةَ وَمَأْوَاهُ النَّارُ وَمَا لِلظَّالِمِينَ مِنْ أَنصَارٍ,مِنْ,ambiguous_verse,multiple_optimal_paths,5:72
5:72:33,,لَقَدْ كَفَرَ الَّذِينَ قَالُوا إِنَّ اللَّهَ هُوَ الْمَسِيحُ ابْنُ مَرْيَمَ وَقَالَ الْمَسِيحُ يَا بَنِي إِسْرَائِيلَ اعْبُدُوا اللَّهَ رَبِّي وَرَبَّكُمْ إِنَّهُ مَن يُشْرِكْ بِاللَّهِ فَقَدْ حَرَّمَ اللَّهُ عَلَيْهِ الْجَنَّةَ وَمَأْوَاهُ النَّارُ وَمَا لِلظَّالِمِينَ مِنْ أَنصَارٍ,أَنصَارٍ,ambiguous_verse,multiple_optimal_paths,5:72
5:75:21,5:75:21,الْآيَاتِ,ٱلْءَايَٰتِ,surface_mismatch,1:1;no_annotation_transferred,5:75
5:77:6,5:77:7,فِي,فِى,surface_mismatch,1:1;no_annotation_transferred,5:77
5:78:5,5:78:5,بَنِي,بَنِىٓ,surface_mismatch,1:1;no_annotation_transferred,5:78
5:78:6,5:78:6,إِسْرَائِيلَ,إِسْرَٰٓءِيلَ,surface_mismatch,1:1;no_annotation_transferred,5:78
5:78:9,5:78:9,دَاوُودَ,دَاوُۥدَ,surface_mismatch,1:1;no_annotation_transferred,5:78
5:80:16,5:80:16,وَفِي,وَفِى,surface_mismatch,1:1;no_annotation_transferred,5:80
5:81:5,5:81:5,وَالنَّبِيِّ,وَٱلنَّبِىِّ,surface_mismatch,1:1;no_annotation_transferred,5:81
5:82:6,5:82:6,آمَنُوا,ءَامَنُوا۟,surface_mismatch,1:1;no_annotation_transferred,5:82
5:82:14,5:82:14,آمَنُوا,ءَامَنُوا۟,surface_mismatch,1:1;no_annotation_transferred,5:82
5:83:18,5:83:18,آمَنَّا,ءَامَنَّا,surface_mismatch,1:1;no_annotation_transferred,5:83
5:85:6,5:85:6,تَجْرِي,تَجْرِى,surface_mismatch,1:1;no_annotation_transferred,5:85
5:86:4,5:86:4,بِآيَاتِنَا,بِـَٔايَٰتِنَآ,surface_mismatch,1:1;no_annotation_transferred,5:86
5:87:3,5:87:4,آمَنُوا,ءَامَنُوا۟,surface_mismatch,1:1;no_annotation_transferred,5:87
5:88:9,5:88:9,الَّذِي,ٱلَّذِىٓ,surface_mismatch,1:1;no_annotation_transferred,5:88
5:89:5,5:89:5,فِي,فِىٓ,surface_mismatch,1:1;no_annotation_transferred,5:89
5:89:43,5:89:43,آيَاتِهِ,ءَايَٰتِهِۦ,surface_mismatch,1:1;no_annotation_transferred,5:89
5:90:3,5:90:4,آمَنُوا,ءَامَنُوٓا۟,surface_mismatch,1:1;no_annotation_transferred,5:90
5:91:9,5:91:9,فِي,فِى,surface_mismatch,1:1;no_annotation_transferred,5:91
5:91:17,5:91:17,الصَّلَاةِ,ٱلصَّلَوٰةِ,surface_mismatch,1:1;no_annotation_transferred,5:91
5:93:4,5:93:4,آمَنُوا,ءَامَنُوا۟,surface_mismatch,1:1;no_annotation_transferred,5:93
5:93:13,5:93:13,وَّآمَنُوا,وَّءَامَنُوا۟,surface_mismatch,1:1;no_annotation_transferred,5:93
5:93:18,5:93:18,وَّآمَنُوا,وَّءَامَنُوا۟,surface_mismatch,1:1;no_annotation_transferred,5:93
5:94:3,5:94:4,آمَنُوا,ءَامَنُوا۟,surface_mismatch,1:1;no_annotation_transferred,5:94
5:94:6,5:94:7,بِشَيْءٍ,بِشَىْءٍ,surface_mismatch,1:1;no_annotation_transferred,5:94
5:95:3,5:95:4,آمَنُوا,ءَامَنُوا۟,surface_mismatch,1:1;no_annotation_transferred,5:95
5:96:18,5:96:18,الَّذِي,ٱلَّذِىٓ,surface_mismatch,1:1;no_annotation_transferred,5:96
5:97:10,5:97:10,وَالْهَدْيَ,وَٱلْهَدْىَ,surface_mismatch,1:1;no_annotation_transferred,5:97
5:97:18,5:97:18,فِي,فِى,surface_mismatch,1:1;no_annotation_transferred,5:97
5:97:21,5:97:21,فِي,فِى,surface_mismatch,1:1;no_annotation_transferred,5:97
5:97:26,5:97:26,شَيْءٍ,شَىْءٍ,surface_mismatch,1:1;no_annotation_transferred,5:97
5:100:1,,قُل لَّا يَسْتَوِي الْخَبِيثُ وَالطَّيِّبُ وَلَوْ أَعْجَبَكَ كَثْرَةُ الْخَبِيثِ فَاتَّقُوا اللَّهَ يَا أُولِي الْأَلْبَابِ لَعَلَّكُمْ تُفْلِحُونَ,قُل,ambiguous_verse,multiple_optimal_paths,5:100
5:100:2,,قُل لَّا يَسْتَوِي الْخَبِيثُ وَالطَّيِّبُ وَلَوْ أَعْجَبَكَ كَثْرَةُ الْخَبِيثِ فَاتَّقُوا اللَّهَ يَا أُولِي الْأَلْبَابِ لَعَلَّكُمْ تُفْلِحُونَ,لَّا,ambiguous_verse,multiple_optimal_paths,5:100
5:100:3,,قُل لَّا يَسْتَوِي الْخَبِيثُ وَالطَّيِّبُ وَلَوْ أَعْجَبَكَ كَثْرَةُ الْخَبِيثِ فَاتَّقُوا اللَّهَ يَا أُولِي الْأَلْبَابِ لَعَلَّكُمْ تُفْلِحُونَ,يَسْتَوِى,ambiguous_verse,multiple_optimal_paths,5:100
5:100:4,,قُل لَّا يَسْتَوِي الْخَبِيثُ وَالطَّيِّبُ وَلَوْ أَعْجَبَكَ كَثْرَةُ الْخَبِيثِ فَاتَّقُوا اللَّهَ يَا أُولِي الْأَلْبَابِ لَعَلَّكُمْ تُفْلِحُونَ,ٱلْخَبِيثُ,ambiguous_verse,multiple_optimal_paths,5:100
5:100:5,,قُل لَّا يَسْتَوِي الْخَبِيثُ وَالطَّيِّبُ وَلَوْ أَعْجَبَكَ كَثْرَةُ الْخَبِيثِ فَاتَّقُوا اللَّهَ يَا أُولِي الْأَلْبَابِ لَعَلَّكُمْ تُفْلِحُونَ,وَٱلطَّيِّبُ,ambiguous_verse,multiple_optimal_paths,5:100
5:100:6,,قُل لَّا يَسْتَوِي الْخَبِيثُ وَالطَّيِّبُ وَلَوْ أَعْجَبَكَ كَثْرَةُ الْخَبِيثِ فَاتَّقُوا اللَّهَ يَا أُولِي الْأَلْبَابِ لَعَلَّكُمْ تُفْلِحُونَ,وَلَوْ,ambiguous_verse,multiple_optimal_paths,5:100
5:100:7,,قُل لَّا يَسْتَوِي الْخَبِيثُ وَالطَّيِّبُ وَلَوْ أَعْجَبَكَ كَثْرَةُ الْخَبِيثِ فَاتَّقُوا اللَّهَ يَا أُولِي الْأَلْبَابِ لَعَلَّكُمْ تُفْلِحُونَ,أَعْجَبَكَ,ambiguous_verse,multiple_optimal_paths,5:100
5:100:8,,قُل لَّا يَسْتَوِي الْخَبِيثُ وَالطَّيِّبُ وَلَوْ أَعْجَبَكَ كَثْرَةُ الْخَبِيثِ فَاتَّقُوا اللَّهَ يَا أُولِي الْأَلْبَابِ لَعَلَّكُمْ تُفْلِحُونَ,كَثْرَةُ,ambiguous_verse,multiple_optimal_paths,5:100
5:100:9,,قُل لَّا يَسْتَوِي الْخَبِيثُ وَالطَّيِّبُ وَلَوْ أَعْجَبَكَ كَثْرَةُ الْخَبِيثِ فَاتَّقُوا اللَّهَ يَا أُولِي الْأَلْبَابِ لَعَلَّكُمْ تُفْلِحُونَ,ٱلْخَبِيثِ,ambiguous_verse,multiple_optimal_paths,5:100
5:100:10,,قُل لَّا يَسْتَوِي الْخَبِيثُ وَالطَّيِّبُ وَلَوْ أَعْجَبَكَ كَثْرَةُ الْخَبِيثِ فَاتَّقُوا اللَّهَ يَا أُولِي الْأَلْبَابِ لَعَلَّكُمْ تُفْلِحُونَ,فَٱتَّقُوا۟,ambiguous_verse,multiple_optimal_paths,5:100
5:100:11,,قُل لَّا يَسْتَوِي الْخَبِيثُ وَالطَّيِّبُ وَلَوْ أَعْجَبَكَ كَثْرَةُ الْخَبِيثِ فَاتَّقُوا اللَّهَ يَا أُولِي الْأَلْبَابِ لَعَلَّكُمْ تُفْلِحُونَ,ٱللَّهَ,ambiguous_verse,multiple_optimal_paths,5:100
5:100:12,,قُل لَّا يَسْتَوِي الْخَبِيثُ وَالطَّيِّبُ وَلَوْ أَعْجَبَكَ كَثْرَةُ الْخَبِيثِ فَاتَّقُوا اللَّهَ يَا أُولِي الْأَلْبَابِ لَعَلَّكُمْ تُفْلِحُونَ,يَٰٓأُو۟لِى,ambiguous_verse,multiple_optimal_paths,5:100
5:100:13,,قُل لَّا يَسْتَوِي الْخَبِيثُ وَالطَّيِّبُ وَلَوْ أَعْجَبَكَ كَثْرَةُ الْخَبِيثِ فَاتَّقُوا اللَّهَ يَا أُولِي الْأَلْبَابِ لَعَلَّكُمْ تُفْلِحُونَ,ٱلْأَلْبَٰبِ,ambiguous_verse,multiple_optimal_paths,5:100
5:100:14,,قُل لَّا يَسْتَوِي الْخَبِيثُ وَالطَّيِّبُ وَلَوْ أَعْجَبَكَ كَثْرَةُ الْخَبِيثِ فَاتَّقُوا اللَّهَ يَا أُولِي الْأَلْبَابِ لَعَلَّكُمْ تُفْلِحُونَ,لَعَلَّكُمْ,ambiguous_verse,multiple_optimal_paths,5:100
5:100:15,,قُل لَّا يَسْتَوِي الْخَبِيثُ وَالطَّيِّبُ وَلَوْ أَعْجَبَكَ كَثْرَةُ الْخَبِيثِ فَاتَّقُوا اللَّهَ يَا أُولِي الْأَلْبَابِ لَعَلَّكُمْ تُفْلِحُونَ,تُفْلِحُونَ,ambiguous_verse,multiple_optimal_paths,5:100
5:101:3,5:101:4,آمَنُوا,ءَامَنُوا۟,surface_mismatch,1:1;no_annotation_transferred,5:101
5:101:5,5:101:6,تَسْأَلُوا,تَسْـَٔلُوا۟,surface_mismatch,1:1;no_annotation_transferred,5:101
5:101:13,5:101:14,تَسْأَلُوا,تَسْـَٔلُوا۟,surface_mismatch,1:1;no_annotation_transferred,5:101
5:101:17,5:101:18,الْقُرْآنُ,ٱلْقُرْءَانُ,surface_mismatch,1:1;no_annotation_transferred,5:101
5:104:16,5:104:16,آبَاءَنَا,ءَابَآءَنَآ,surface_mismatch,1:1;no_annotation_transferred,5:104
5:104:19,5:104:19,آبَاؤُهُمْ,ءَابَآؤُهُمْ,surface_mismatch,1:1;no_annotation_transferred,5:104
5:104:22,5:104:22,شَيْئًا,شَيْـًٔا,surface_mismatch,1:1;no_annotation_transferred,5:104
5:105:3,5:105:4,آمَنُوا,ءَامَنُوا۟,surface_mismatch,1:1;no_annotation_transferred,5:105
5:106:3,5:106:4,آمَنُوا,ءَامَنُوا۟,surface_mismatch,1:1;no_annotation_transferred,5:106
5:106:17,5:106:18,آخَرَانِ,ءَاخَرَانِ,surface_mismatch,1:1;no_annotation_transferred,5:106
5:106:23,5:106:24,فِي,فِى,surface_mismatch,1:1;no_annotation_transferred,5:106
5:106:31,5:106:32,الصَّلَاةِ,ٱلصَّلَوٰةِ,surface_mismatch,1:1;no_annotation_transferred,5:106
5:106:37,5:106:38,نَشْتَرِي,نَشْتَرِى,surface_mismatch,1:1;no_annotation_transferred,5:106
5:106:51,5:106:52,الْآثِمِينَ,ٱلْءَاثِمِينَ,surface_mismatch,1:1;no_annotation_transferred,5:106
5:107:7,5:107:7,فَآخَرَانِ,فَـَٔاخَرَانِ,surface_mismatch,1:1;no_annotation_transferred,5:107
5:108:20,5:108:20,يَهْدِي,يَهْدِى,surface_mismatch,1:1;no_annotation_transferred,5:108
5:110:8,5:110:9,نِعْمَتِي,نِعْمَتِى,surface_mismatch,1:1;no_annotation_transferred,5:110
5:110:18,5:110:19,فِي,فِى,surface_mismatch,1:1;no_annotation_transferred,5:110
5:110:25,5:110:26,وَالتَّوْرَاةَ,وَٱلتَّوْرَىٰةَ,surface_mismatch,1:1;no_annotation_transferred,5:110
5:110:31,5:110:32,كَهَيْئَةِ,كَهَيْـَٔةِ,surface_mismatch,1:1;no_annotation_transferred,5:110
5:110:33,5:110:34,بِإِذْنِي,بِإِذْنِى,surface_mismatch,1:1;no_annotation_transferred,5:110
5:110:38,5:110:39,بِإِذْنِي,بِإِذْنِى,surface_mismatch,1:1;no_annotation_transferred,5:110
5:110:42,5:110:43,بِإِذْنِي,بِإِذْنِى,surface_mismatch,1:1;no_annotation_transferred,5:110
5:110:46,5:110:47,بِإِذْنِي,بِإِذْنِى,surface_mismatch,1:1;no_annotation_transferred,5:110
5:110:49,5:110:50,بَنِي,بَنِىٓ,surface_mismatch,1:1;no_annotation_transferred,5:110
5:110:50,5:110:51,إِسْرَائِيلَ,إِسْرَٰٓءِيلَ,surface_mismatch,1:1;no_annotation_transferred,5:110
5:111:4,5:111:4,الْحَوَارِيِّينَ,ٱلْحَوَارِيِّۦنَ,surface_mismatch,1:1;no_annotation_transferred,5:111
5:111:6,5:111:6,آمِنُوا,ءَامِنُوا۟,surface_mismatch,1:1;no_annotation_transferred,5:111
5:111:7,5:111:7,بِي,بِى,surface_mismatch,1:1;no_annotation_transferred,5:111
5:111:8,5:111:8,وَبِرَسُولِي,وَبِرَسُولِى,surface_mismatch,1:1;no_annotation_transferred,5:111
5:111:10,5:111:10,آمَنَّا,ءَامَنَّا,surface_mismatch,1:1;no_annotation_transferred,5:111
5:114:16,5:114:16,وَآخِرِنَا,وَءَاخِرِنَا,surface_mismatch,1:1;no_annotation_transferred,5:114
5:114:17,5:114:17,وَآيَةً,وَءَايَةً,surface_mismatch,1:1;no_annotation_transferred,5:114
5:115:3,5:115:3,إِنِّي,إِنِّى,surface_mismatch,1:1;no_annotation_transferred,5:115
5:115:10,5:115:10,فَإِنِّي,فَإِنِّىٓ,surface_mismatch,1:1;no_annotation_transferred,5:115
5:116:7,5:116:8,أَأَنتَ,ءَأَنتَ,surface_mismatch,1:1;no_annotation_transferred,5:116
5:116:10,5:116:11,اتَّخِذُونِي,ٱتَّخِذُونِى,surface_mismatch,1:1;no_annotation_transferred,5:116
5:116:11,5:116:12,وَأُمِّيَ,وَأُمِّىَ,surface_mismatch,1:1;no_annotation_transferred,5:116
5:116:20,5:116:21,لِي,لِىٓ,surface_mismatch,1:1;no_annotation_transferred,5:116
5:116:25,5:116:26,لِي,لِى,surface_mismatch,1:1;no_annotation_transferred,5:116
5:116:34,5:116:35,فِي,فِى,surface_mismatch,1:1;no_annotation_transferred,5:116
5:116:35,5:116:36,نَفْسِي,نَفْسِى,surface_mismatch,1:1;no_annotation_transferred,5:116
5:116:39,5:116:40,فِي,فِى,surface_mismatch,1:1;no_annotation_transferred,5:116
5:117:6,5:117:6,أَمَرْتَنِي,أَمَرْتَنِى,surface_mismatch,1:1;no_annotation_transferred,5:117
5:117:11,5:117:11,رَبِّي,رَبِّى,surface_mismatch,1:1;no_annotation_transferred,5:117
5:117:20,5:117:20,تَوَفَّيْتَنِي,تَوَفَّيْتَنِى,surface_mismatch,1:1;no_annotation_transferred,5:117
5:117:28,5:117:28,شَيْءٍ,شَىْءٍ,surface_mismatch,1:1;no_annotation_transferred,5:117
5:119:10,5:119:10,تَجْرِي,تَجْرِى,surface_mismatch,1:1;no_annotation_transferred,5:119
5:119:17,5:119:17,رَّضِيَ,رَّضِىَ,surface_mismatch,1:1;no_annotation_transferred,5:119
5:120:10,5:120:10,شَيْءٍ,شَىْءٍ,surface_mismatch,1:1;no_annotation_transferred,5:120
6:1:3,6:1:7,الَّذِي,ٱلَّذِى,surface_mismatch,1:1;no_annotation_transferred,6:1
6:2:2,6:2:2,الَّذِي,ٱلَّذِى,surface_mismatch,1:1;no_annotation_transferred,6:2
6:3:3,6:3:3,فِي,فِى,surface_mismatch,1:1;no_annotation_transferred,6:3
6:3:5,6:3:5,وَفِي,وَفِى,surface_mismatch,1:1;no_annotation_transferred,6:3
6:4:4,6:4:4,آيَةٍ,ءَايَةٍ,surface_mismatch,1:1;no_annotation_transferred,6:4
6:4:6,6:4:6,آيَاتِ,ءَايَٰتِ,surface_mismatch,1:1;no_annotation_transferred,6:4
6:5:8,6:5:8,أَنبَاءُ,أَنۢبَٰٓؤُا۟,surface_mismatch,1:1;no_annotation_transferred,6:5
6:5:12,6:5:12,يَسْتَهْزِئُونَ,يَسْتَهْزِءُونَ,surface_mismatch,1:1;no_annotation_transferred,6:5
6:6:10,6:6:10,فِي,فِى,surface_mismatch,1:1;no_annotation_transferred,6:6
6:6:22,6:6:22,تَجْرِي,تَجْرِى,surface_mismatch,1:1;no_annotation_transferred,6:6
6:6:31,6:6:31,آخَرِينَ,ءَاخَرِينَ,surface_mismatch,1:1;no_annotation_transferred,6:6
6:7:5,6:7:5,فِي,فِى,surface_mismatch,1:1;no_annotation_transferred,6:7
6:8:9,6:8:9,لَّقُضِيَ,لَّقُضِىَ,surface_mismatch,1:1;no_annotation_transferred,6:8
6:10:13,6:10:13,يَسْتَهْزِئُونَ,يَسْتَهْزِءُونَ,surface_mismatch,1:1;no_annotation_transferred,6:10
6:11:3,6:11:3,فِي,فِى,surface_mismatch,1:1;no_annotation_transferred,6:11
6:12:4,6:12:4,فِي,فِى,surface_mismatch,1:1;no_annotation_transferred,6:12
6:13:4,6:13:4,فِي,فِى,surface_mismatch,1:1;no_annotation_transferred,6:13
6:13:5,6:13:5,اللَّيْلِ,ٱلَّيْلِ,surface_mismatch,1:1;no_annotation_transferred,6:13
6:14:14,6:14:14,إِنِّي,إِنِّىٓ,surface_mismatch,1:1;no_annotation_transferred,6:14
6:15:2,6:15:2,إِنِّي,إِنِّىٓ,surface_mismatch,1:1;no_annotation_transferred,6:15
6:15:6,6:15:6,رَبِّي,رَبِّى,surface_mismatch,1:1;no_annotation_transferred,6:15
6:17:16,6:17:16,شَيْءٍ,شَىْءٍ,surface_mismatch,1:1;no_annotation_transferred,6:17
6:19:2,6:19:2,أَيُّ,أَىُّ,surface_mismatch,1:1;no_annotation_transferred,6:19
6:19:3,6:19:3,شَيْءٍ,شَىْءٍ,surface_mismatch,1:1;no_annotation_transferred,6:19
6:19:9,6:19:9,بَيْنِي,بَيْنِى,surface_mismatch,1:1;no_annotation_transferred,6:19
6:19:11,6:19:11,وَأُوحِيَ,وَأُوحِىَ,surface_mismatch,1:1;no_annotation_transferred,6:19
6:19:12,6:19:12,إِلَيَّ,إِلَىَّ,surface_mismatch,1:1;no_annotation_transferred,6:19
6:19:14,6:19:14,الْقُرْآنُ,ٱلْقُرْءَانُ,surface_mismatch,1:1;no_annotation_transferred,6:19
6:19:24,6:19:24,آلِهَةً,ءَالِهَةً,surface_mismatch,1:1;no_annotation_transferred,6:19
6:19:34,6:19:34,وَإِنَّنِي,وَإِنَّنِى,surface_mismatch,1:1;no_annotation_transferred,6:19
6:19:35,6:19:35,بَرِيءٌ,بَرِىٓءٌ,surface_mismatch,1:1;no_annotation_transferred,6:19
6:20:2,6:20:2,آتَيْنَاهُمُ,ءَاتَيْنَٰهُمُ,surface_mismatch,1:1;no_annotation_transferred,6:20
6:21:10,6:21:10,بِآيَاتِهِ,بِـَٔايَٰتِهِۦٓ,surface_mismatch,1:1;no_annotation_transferred,6:21
6:25:11,6:25:11,وَفِي,وَفِىٓ,surface_mismatch,1:1;no_annotation_transferred,6:25
6:25:12,6:25:12,آذَانِهِمْ,ءَاذَانِهِمْ,surface_mismatch,1:1;no_annotation_transferred,6:25
6:25:17,6:25:17,آيَةٍ,ءَايَةٍ,surface_mismatch,1:1;no_annotation_transferred,6:25
6:26:4,6:26:4,وَيَنْأَوْنَ,وَيَنْـَٔوْنَ,surface_mismatch,1:1;no_annotation_transferred,6:26
6:27:12,6:27:13,بِآيَاتِ,بِـَٔايَٰتِ,surface_mismatch,1:1;no_annotation_transferred,6:27
6:29:3,6:29:3,هِيَ,هِىَ,surface_mismatch,1:1;no_annotation_transferred,6:29
6:32:2,6:32:2,الْحَيَاةُ,ٱلْحَيَوٰةُ,surface_mismatch,1:1;no_annotation_transferred,6:32
6:32:8,6:32:8,الْآخِرَةُ,ٱلْءَاخِرَةُ,surface_mismatch,1:1;no_annotation_transferred,6:32
6:33:5,6:33:5,الَّذِي,ٱلَّذِى,surface_mismatch,1:1;no_annotation_transferred,6:33
6:33:12,6:33:12,بِآيَاتِ,بِـَٔايَٰتِ,surface_mismatch,1:1;no_annotation_transferred,6:33
6:34:12,6:34:12,أَتَاهُمْ,أَتَىٰهُمْ,surface_mismatch,1:1;no_annotation_transferred,6:34
6:34:21,6:34:21,نَّبَإِ,نَّبَإِى۟,surface_mismatch,1:1;no_annotation_transferred,6:34
6:35:9,6:35:9,تَبْتَغِيَ,تَبْتَغِىَ,surface_mismatch,1:1;no_annotation_transferred,6:35
6:35:11,6:35:11,فِي,فِى,surface_mismatch,1:1;no_annotation_transferred,6:35
6:35:15,6:35:15,فِي,فِى,surface_mismatch,1:1;no_annotation_transferred,6:35
6:35:18,6:35:18,بِآيَةٍ,بِـَٔايَةٍ,surface_mismatch,1:1;no_annotation_transferred,6:35
6:37:5,6:37:5,آيَةٌ,ءَايَةٌ,surface_mismatch,1:1;no_annotation_transferred,6:37
6:37:15,6:37:15,آيَةً,ءَايَةً,surface_mismatch,1:1;no_annotation_transferred,6:37
6:38:4,6:38:4,فِي,فِى,surface_mismatch,1:1;no_annotation_transferred,6:38
6:38:15,6:38:15,فِي,فِى,surface_mismatch,1:1;no_annotation_transferred,6:38
6:38:18,6:38:18,شَيْءٍ,شَىْءٍ,surface_mismatch,1:1;no_annotation_transferred,6:38
6:39:3,6:39:3,بِآيَاتِنَا,بِـَٔايَٰتِنَا,surface_mismatch,1:1;no_annotation_transferred,6:39
6:39:6,6:39:6,فِي,فِى,surface_mismatch,1:1;no_annotation_transferred,6:39
6:40:2,6:40:2,أَرَأَيْتَكُمْ,أَرَءَيْتَكُمْ,surface_mismatch,1:1;no_annotation_transferred,6:40
6:40:4,6:40:4,أَتَاكُمْ,أَتَىٰكُمْ,surface_mismatch,1:1;no_annotation_transferred,6:40
6:44:10,6:44:10,شَيْءٍ,شَىْءٍ,surface_mismatch,1:1;no_annotation_transferred,6:44
6:46:2,6:46:2,أَرَأَيْتُمْ,أَرَءَيْتُمْ,surface_mismatch,1:1;no_annotation_transferred,6:46
6:46:20,6:46:20,الْآيَاتِ,ٱلْءَايَٰتِ,surface_mismatch,1:1;no_annotation_transferred,6:46
6:47:2,6:47:2,أَرَأَيْتَكُمْ,أَرَءَيْتَكُمْ,surface_mismatch,1:1;no_annotation_transferred,6:47
6:47:4,6:47:4,أَتَاكُمْ,أَتَىٰكُمْ,surface_mismatch,1:1;no_annotation_transferred,6:47
6:48:8,6:48:8,آمَنَ,ءَامَنَ,surface_mismatch,1:1;no_annotation_transferred,6:48
6:49:3,6:49:3,بِآيَاتِنَا,بِـَٔايَٰتِنَا,surface_mismatch,1:1;no_annotation_transferred,6:49
6:50:5,6:50:5,عِندِي,عِندِى,surface_mismatch,1:1;no_annotation_transferred,6:50
6:50:14,6:50:14,إِنِّي,إِنِّى,surface_mismatch,1:1;no_annotation_transferred,6:50
6:50:21,6:50:21,إِلَيَّ,إِلَىَّ,surface_mismatch,1:1;no_annotation_transferred,6:50
6:50:24,6:50:24,يَسْتَوِي,يَسْتَوِى,surface_mismatch,1:1;no_annotation_transferred,6:50
6:51:13,6:51:13,وَلِيٌّ,وَلِىٌّ,surface_mismatch,1:1;no_annotation_transferred,6:51
6:52:6,6:52:6,بِالْغَدَاةِ,بِٱلْغَدَوٰةِ,surface_mismatch,1:1;no_annotation_transferred,6:52
6:52:7,6:52:7,وَالْعَشِيِّ,وَٱلْعَشِىِّ,surface_mismatch,1:1;no_annotation_transferred,6:52
6:52:15,6:52:15,شَيْءٍ,شَىْءٍ,surface_mismatch,1:1;no_annotation_transferred,6:52
6:52:21,6:52:21,شَيْءٍ,شَىْءٍ,surface_mismatch,1:1;no_annotation_transferred,6:52
6:54:5,6:54:5,بِآيَاتِنَا,بِـَٔايَٰتِنَا,surface_mismatch,1:1;no_annotation_transferred,6:54
6:55:3,6:55:3,الْآيَاتِ,ٱلْءَايَٰتِ,surface_mismatch,1:1;no_annotation_transferred,6:55
6:56:2,6:56:2,إِنِّي,إِنِّى,surface_mismatch,1:1;no_annotation_transferred,6:56
6:57:2,6:57:2,إِنِّي,إِنِّى,surface_mismatch,1:1;no_annotation_transferred,6:57
6:57:6,6:57:6,رَّبِّي,رَّبِّى,surface_mismatch,1:1;no_annotation_transferred,6:57
6:57:10,6:57:10,عِندِي,عِندِى,surface_mismatch,1:1;no_annotation_transferred,6:57
6:58:4,6:58:4,عِندِي,عِندِى,surface_mismatch,1:1;no_annotation_transferred,6:58
6:58:8,6:58:8,لَقُضِيَ,لَقُضِىَ,surface_mismatch,1:1;no_annotation_transferred,6:58
6:58:10,6:58:10,بَيْنِي,بَيْنِى,surface_mismatch,1:1;no_annotation_transferred,6:58
6:59:10,6:59:10,فِي,فِى,surface_mismatch,1:1;no_annotation_transferred,6:59
6:59:21,6:59:21,فِي,فِى,surface_mismatch,1:1;no_annotation_transferred,6:59
6:59:29,6:59:29,فِي,فِى,surface_mismatch,1:1;no_annotation_transferred,6:59
6:60:2,6:60:2,الَّذِي,ٱلَّذِى,surface_mismatch,1:1;no_annotation_transferred,6:60
6:60:3,6:60:3,يَتَوَفَّاكُم,يَتَوَفَّىٰكُم,surface_mismatch,1:1;no_annotation_transferred,6:60
6:60:4,6:60:4,بِاللَّيْلِ,بِٱلَّيْلِ,surface_mismatch,1:1;no_annotation_transferred,6:60
6:62:5,6:62:5,مَوْلَاهُمُ,مَوْلَىٰهُمُ,surface_mismatch,1:1;no_annotation_transferred,6:62
6:63:12,6:63:12,أَنجَانَا,أَنجَىٰنَا,surface_mismatch,1:1;no_annotation_transferred,6:63
6:65:25,6:65:25,الْآيَاتِ,ٱلْءَايَٰتِ,surface_mismatch,1:1;no_annotation_transferred,6:65
6:68:5,6:68:5,فِي,فِىٓ,surface_mismatch,1:1;no_annotation_transferred,6:68
6:68:6,6:68:6,آيَاتِنَا,ءَايَٰتِنَا,surface_mismatch,1:1;no_annotation_transferred,6:68
6:68:11,6:68:11,فِي,فِى,surface_mismatch,1:1;no_annotation_transferred,6:68
6:69:8,6:69:8,شَيْءٍ,شَىْءٍ,surface_mismatch,1:1;no_annotation_transferred,6:69
6:70:8,6:70:8,الْحَيَاةُ,ٱلْحَيَوٰةُ,surface_mismatch,1:1;no_annotation_transferred,6:70
6:70:22,6:70:22,وَلِيٌّ,وَلِىٌّ,surface_mismatch,1:1;no_annotation_transferred,6:70
6:71:2,6:71:2,أَنَدْعُو,أَنَدْعُوا۟,surface_mismatch,1:1;no_annotation_transferred,6:71
6:71:16,6:71:16,هَدَانَا,هَدَىٰنَا,surface_mismatch,1:1;no_annotation_transferred,6:71
6:71:18,6:71:18,كَالَّذِي,كَٱلَّذِى,surface_mismatch,1:1;no_annotation_transferred,6:71
6:71:21,6:71:21,فِي,فِى,surface_mismatch,1:1;no_annotation_transferred,6:71
6:72:3,6:72:3,الصَّلَاةَ,ٱلصَّلَوٰةَ,surface_mismatch,1:1;no_annotation_transferred,6:72
6:72:6,6:72:6,الَّذِي,ٱلَّذِىٓ,surface_mismatch,1:1;no_annotation_transferred,6:72
6:73:2,6:73:2,الَّذِي,ٱلَّذِى,surface_mismatch,1:1;no_annotation_transferred,6:73
6:73:17,6:73:17,فِي,فِى,surface_mismatch,1:1;no_annotation_transferred,6:73
6:74:5,6:74:5,آزَرَ,ءَازَرَ,surface_mismatch,1:1;no_annotation_transferred,6:74
6:74:8,6:74:8,آلِهَةً,ءَالِهَةً,surface_mismatch,1:1;no_annotation_transferred,6:74
6:74:9,6:74:9,إِنِّي,إِنِّىٓ,surface_mismatch,1:1;no_annotation_transferred,6:74
6:74:10,6:74:10,أَرَاكَ,أَرَىٰكَ,surface_mismatch,1:1;no_annotation_transferred,6:74
6:74:12,6:74:12,فِي,فِى,surface_mismatch,1:1;no_annotation_transferred,6:74
6:75:2,6:75:2,نُرِي,نُرِىٓ,surface_mismatch,1:1;no_annotation_transferred,6:75
6:76:4,6:76:4,اللَّيْلُ,ٱلَّيْلُ,surface_mismatch,1:1;no_annotation_transferred,6:76
6:76:5,6:76:5,رَأَىٰ,رَءَا,surface_mismatch,1:1;no_annotation_transferred,6:76
6:76:9,6:76:9,رَبِّي,رَبِّى,surface_mismatch,1:1;no_annotation_transferred,6:76
6:76:15,6:76:15,الْآفِلِينَ,ٱلْءَافِلِينَ,surface_mismatch,1:1;no_annotation_transferred,6:76
6:77:2,6:77:2,رَأَى,رَءَا,surface_mismatch,1:1;no_annotation_transferred,6:77
6:77:7,6:77:7,رَبِّي,رَبِّى,surface_mismatch,1:1;no_annotation_transferred,6:77
6:77:13,6:77:13,يَهْدِنِي,يَهْدِنِى,surface_mismatch,1:1;no_annotation_transferred,6:77
6:77:14,6:77:14,رَبِّي,رَبِّى,surface_mismatch,1:1;no_annotation_transferred,6:77
6:78:2,6:78:2,رَأَى,رَءَا,surface_mismatch,1:1;no_annotation_transferred,6:78
6:78:7,6:78:7,رَبِّي,رَبِّى,surface_mismatch,1:1;no_annotation_transferred,6:78
6:78:14,6:78:15,إِنِّي,إِنِّى,surface_mismatch,1:1;no_annotation_transferred,6:78
6:78:15,6:78:16,بَرِيءٌ,بَرِىٓءٌ,surface_mismatch,1:1;no_annotation_transferred,6:78
6:79:1,6:79:1,إِنِّي,إِنِّى,surface_mismatch,1:1;no_annotation_transferred,6:79
6:79:3,6:79:3,وَجْهِيَ,وَجْهِىَ,surface_mismatch,1:1;no_annotation_transferred,6:79
6:79:4,6:79:4,لِلَّذِي,لِلَّذِى,surface_mismatch,1:1;no_annotation_transferred,6:79
6:80:4,6:80:4,أَتُحَاجُّونِّي,أَتُحَٰٓجُّوٓنِّى,surface_mismatch,1:1;no_annotation_transferred,6:80
6:80:5,6:80:5,فِي,فِى,surface_mismatch,1:1;no_annotation_transferred,6:80
6:80:8,6:80:8,هَدَانِ,هَدَىٰنِ,surface_mismatch,1:1;no_annotation_transferred,6:80
6:80:17,6:80:17,رَبِّي,رَبِّى,surface_mismatch,1:1;no_annotation_transferred,6:80
6:80:18,6:80:18,شَيْئًا,شَيْـًٔا,surface_mismatch,1:1;no_annotation_transferred,6:80
6:80:20,6:80:20,رَبِّي,رَبِّى,surface_mismatch,1:1;no_annotation_transferred,6:80
6:80:22,6:80:22,شَيْءٍ,شَىْءٍ,surface_mismatch,1:1;no_annotation_transferred,6:80
6:81:16,6:81:16,فَأَيُّ,فَأَىُّ,surface_mismatch,1:1;no_annotation_transferred,6:81
6:82:2,6:82:2,آمَنُوا,ءَامَنُوا۟,surface_mismatch,1:1;no_annotation_transferred,6:82
6:83:3,6:83:3,آتَيْنَاهَا,ءَاتَيْنَٰهَآ,surface_mismatch,1:1;no_annotation_transferred,6:83
6:84:13,6:84:13,دَاوُودَ,دَاوُۥدَ,surface_mismatch,1:1;no_annotation_transferred,6:84
6:84:20,6:84:20,نَجْزِي,نَجْزِى,surface_mismatch,1:1;no_annotation_transferred,6:84
6:87:2,6:87:2,آبَائِهِمْ,ءَابَآئِهِمْ,surface_mismatch,1:1;no_annotation_transferred,6:87
6:88:4,6:88:4,يَهْدِي,يَهْدِى,surface_mismatch,1:1;no_annotation_transferred,6:88
6:89:3,6:89:3,آتَيْنَاهُمُ,ءَاتَيْنَٰهُمُ,surface_mismatch,1:1;no_annotation_transferred,6:89
6:90:5,6:90:5,فَبِهُدَاهُمُ,فَبِهُدَىٰهُمُ,surface_mismatch,1:1;no_annotation_transferred,6:90
6:90:9,6:90:9,أَسْأَلُكُمْ,أَسْـَٔلُكُمْ,surface_mismatch,1:1;no_annotation_transferred,6:90
6:91:14,6:91:14,شَيْءٍ,شَىْءٍ,surface_mismatch,1:1;no_annotation_transferred,6:91
6:91:19,6:91:19,الَّذِي,ٱلَّذِى,surface_mismatch,1:1;no_annotation_transferred,6:91
6:91:37,6:91:37,آبَاؤُكُمْ,ءَابَآؤُكُمْ,surface_mismatch,1:1;no_annotation_transferred,6:91
6:91:42,6:91:42,فِي,فِى,surface_mismatch,1:1;no_annotation_transferred,6:91
6:92:6,6:92:6,الَّذِي,ٱلَّذِى,surface_mismatch,1:1;no_annotation_transferred,6:92
6:92:16,6:92:16,بِالْآخِرَةِ,بِٱلْءَاخِرَةِ,surface_mismatch,1:1;no_annotation_transferred,6:92
6:93:10,6:93:10,أُوحِيَ,أُوحِىَ,surface_mismatch,1:1;no_annotation_transferred,6:93
6:93:11,6:93:11,إِلَيَّ,إِلَىَّ,surface_mismatch,1:1;no_annotation_transferred,6:93
6:93:15,6:93:15,شَيْءٌ,شَىْءٌ,surface_mismatch,1:1;no_annotation_transferred,6:93
6:93:27,6:93:27,فِي,فِى,surface_mismatch,1:1;no_annotation_transferred,6:93
6:93:31,6:93:31,بَاسِطُو,بَاسِطُوٓا۟,surface_mismatch,1:1;no_annotation_transferred,6:93
6:93:48,6:93:48,آيَاتِهِ,ءَايَٰتِهِۦ,surface_mismatch,1:1;no_annotation_transferred,6:93
6:94:21,6:94:21,شُرَكَاءُ,شُرَكَٰٓؤُا۟,surface_mismatch,1:1;no_annotation_transferred,6:94
6:95:7,6:95:7,الْحَيَّ,ٱلْحَىَّ,surface_mismatch,1:1;no_annotation_transferred,6:95
6:95:13,6:95:13,الْحَيِّ,ٱلْحَىِّ,surface_mismatch,1:1;no_annotation_transferred,6:95
6:96:4,6:96:4,اللَّيْلَ,ٱلَّيْلَ,surface_mismatch,1:1;no_annotation_transferred,6:96
6:97:2,6:97:2,الَّذِي,ٱلَّذِى,surface_mismatch,1:1;no_annotation_transferred,6:97
6:97:8,6:97:8,فِي,فِى,surface_mismatch,1:1;no_annotation_transferred,6:97
6:97:14,6:97:14,الْآيَاتِ,ٱلْءَايَٰتِ,surface_mismatch,1:1;no_annotation_transferred,6:97
6:98:2,6:98:2,الَّذِي,ٱلَّذِىٓ,surface_mismatch,1:1;no_annotation_transferred,6:98
6:98:11,6:98:11,الْآيَاتِ,ٱلْءَايَٰتِ,surface_mismatch,1:1;no_annotation_transferred,6:98
6:99:2,6:99:2,الَّذِي,ٱلَّذِىٓ,surface_mismatch,1:1;no_annotation_transferred,6:99
6:99:11,6:99:11,شَيْءٍ,شَىْءٍ,surface_mismatch,1:1;no_annotation_transferred,6:99
6:99:40,6:99:40,فِي,فِى,surface_mismatch,1:1;no_annotation_transferred,6:99
6:99:42,6:99:42,لَآيَاتٍ,لَءَايَٰتٍ,surface_mismatch,1:1;no_annotation_transferred,6:99
6:101:14,6:101:14,شَيْءٍ,شَىْءٍ,surface_mismatch,1:1;no_annotation_transferred,6:101
6:101:17,6:101:17,شَيْءٍ,شَىْءٍ,surface_mismatch,1:1;no_annotation_transferred,6:101
6:102:10,6:102:10,شَيْءٍ,شَىْءٍ,surface_mismatch,1:1;no_annotation_transferred,6:102
6:102:15,6:102:15,شَيْءٍ,شَىْءٍ,surface_mismatch,1:1;no_annotation_transferred,6:102
6:104:10,6:104:10,عَمِيَ,عَمِىَ,surface_mismatch,1:1;no_annotation_transferred,6:104
6:105:3,6:105:3,الْآيَاتِ,ٱلْءَايَٰتِ,surface_mismatch,1:1;no_annotation_transferred,6:105
6:106:3,6:106:3,أُوحِيَ,أُوحِىَ,surface_mismatch,1:1;no_annotation_transferred,6:106
6:109:7,6:109:7,آيَةٌ,ءَايَةٌ,surface_mismatch,1:1;no_annotation_transferred,6:109
6:109:12,6:109:12,الْآيَاتُ,ٱلْءَايَٰتُ,surface_mismatch,1:1;no_annotation_transferred,6:109
6:110:2,6:110:2,أَفْئِدَتَهُمْ,أَفْـِٔدَتَهُمْ,surface_mismatch,1:1;no_annotation_transferred,6:110
6:110:11,6:110:11,فِي,فِى,surface_mismatch,1:1;no_annotation_transferred,6:110
6:111:11,6:111:11,شَيْءٍ,شَىْءٍ,surface_mismatch,1:1;no_annotation_transferred,6:111
6:112:4,6:112:4,نَبِيٍّ,نَبِىٍّ,surface_mismatch,1:1;no_annotation_transferred,6:112
6:112:9,6:112:9,يُوحِي,يُوحِى,surface_mismatch,1:1;no_annotation_transferred,6:112
6:113:3,6:113:3,أَفْئِدَةُ,أَفْـِٔدَةُ,surface_mismatch,1:1;no_annotation_transferred,6:113
6:113:7,6:113:7,بِالْآخِرَةِ,بِٱلْءَاخِرَةِ,surface_mismatch,1:1;no_annotation_transferred,6:113
6:114:3,6:114:3,أَبْتَغِي,أَبْتَغِى,surface_mismatch,1:1;no_annotation_transferred,6:114
6:114:6,6:114:6,الَّذِي,ٱلَّذِىٓ,surface_mismatch,1:1;no_annotation_transferred,6:114
6:114:12,6:114:12,آتَيْنَاهُمُ,ءَاتَيْنَٰهُمُ,surface_mismatch,1:1;no_annotation_transferred,6:114
6:116:5,6:116:5,فِي,فِى,surface_mismatch,1:1;no_annotation_transferred,6:116
6:118:9,6:118:9,بِآيَاتِهِ,بِـَٔايَٰتِهِۦ,surface_mismatch,1:1;no_annotation_transferred,6:118
6:122:8,6:122:8,يَمْشِي,يَمْشِى,surface_mismatch,1:1;no_annotation_transferred,6:122
6:122:10,6:122:10,فِي,فِى,surface_mismatch,1:1;no_annotation_transferred,6:122
6:122:14,6:122:14,فِي,فِى,surface_mismatch,1:1;no_annotation_transferred,6:122
6:123:3,6:123:3,فِي,فِى,surface_mismatch,1:1;no_annotation_transferred,6:123
6:124:3,6:124:3,آيَةٌ,ءَايَةٌ,surface_mismatch,1:1;no_annotation_transferred,6:124
6:124:11,6:124:11,أُوتِيَ,أُوتِىَ,surface_mismatch,1:1;no_annotation_transferred,6:124
6:125:19,6:125:19,فِي,فِى,surface_mismatch,1:1;no_annotation_transferred,6:125
6:126:7,6:126:7,الْآيَاتِ,ٱلْءَايَٰتِ,surface_mismatch,1:1;no_annotation_transferred,6:126
6:128:20,6:128:21,الَّذِي,ٱلَّذِىٓ,surface_mismatch,1:1;no_annotation_transferred,6:128
6:128:25,6:128:26,مَثْوَاكُمْ,مَثْوَىٰكُمْ,surface_mismatch,1:1;no_annotation_transferred,6:128
6:129:2,6:129:2,نُوَلِّي,نُوَلِّى,surface_mismatch,1:1;no_annotation_transferred,6:129
6:130:10,6:130:11,آيَاتِي,ءَايَٰتِى,surface_mismatch,1:1;no_annotation_transferred,6:130
6:130:20,6:130:21,الْحَيَاةُ,ٱلْحَيَوٰةُ,surface_mismatch,1:1;no_annotation_transferred,6:130
6:133:2,6:133:2,الْغَنِيُّ,ٱلْغَنِىُّ,surface_mismatch,1:1;no_annotation_transferred,6:133
6:133:18,6:133:18,آخَرِينَ,ءَاخَرِينَ,surface_mismatch,1:1;no_annotation_transferred,6:133
6:134:4,6:134:4,لَآتٍ,لَءَاتٍ,surface_mismatch,1:1;no_annotation_transferred,6:134
6:135:6,6:135:7,إِنِّي,إِنِّى,surface_mismatch,1:1;no_annotation_transferred,6:135
6:139:3,6:139:3,فِي,فِى,surface_mismatch,1:1;no_annotation_transferred,6:139
6:141:2,6:141:2,الَّذِي,ٱلَّذِىٓ,surface_mismatch,1:1;no_annotation_transferred,6:141
6:141:22,6:141:22,وَآتُوا,وَءَاتُوا۟,surface_mismatch,1:1;no_annotation_transferred,6:141
6:143:10,6:143:10,آلذَّكَرَيْنِ,ءَآلذَّكَرَيْنِ,surface_mismatch,1:1;no_annotation_transferred,6:143
6:143:19,6:143:19,نَبِّئُونِي,نَبِّـُٔونِى,surface_mismatch,1:1;no_annotation_transferred,6:143
6:144:8,6:144:8,آلذَّكَرَيْنِ,ءَآلذَّكَرَيْنِ,surface_mismatch,1:1;no_annotation_transferred,6:144
6:144:21,6:144:21,وَصَّاكُمُ,وَصَّىٰكُمُ,surface_mismatch,1:1;no_annotation_transferred,6:144
6:144:38,6:144:38,يَهْدِي,يَهْدِى,surface_mismatch,1:1;no_annotation_transferred,6:144
6:145:4,6:145:4,فِي,فِى,surface_mismatch,1:1;no_annotation_transferred,6:145
6:145:6,6:145:6,أُوحِيَ,أُوحِىَ,surface_mismatch,1:1;no_annotation_transferred,6:145
6:145:7,6:145:7,إِلَيَّ,إِلَىَّ,surface_mismatch,1:1;no_annotation_transferred,6:145
6:146:6,6:146:6,ذِي,ذِى,surface_mismatch,1:1;no_annotation_transferred,6:146
6:148:10,6:148:10,آبَاؤُنَا,ءَابَآؤُنَا,surface_mismatch,1:1;no_annotation_transferred,6:148
6:148:14,6:148:14,شَيْءٍ,شَىْءٍ,surface_mismatch,1:1;no_annotation_transferred,6:148
6:149:7,6:149:7,لَهَدَاكُمْ,لَهَدَىٰكُمْ,surface_mismatch,1:1;no_annotation_transferred,6:149
6:150:20,6:150:20,بِآيَاتِنَا,بِـَٔايَٰتِنَا,surface_mismatch,1:1;no_annotation_transferred,6:150
6:150:24,6:150:24,بِالْآخِرَةِ,بِٱلْءَاخِرَةِ,surface_mismatch,1:1;no_annotation_transferred,6:150
6:151:11,6:151:11,شَيْئًا,شَيْـًٔا,surface_mismatch,1:1;no_annotation_transferred,6:151
6:151:33,6:151:33,الَّتِي,ٱلَّتِى,surface_mismatch,1:1;no_annotation_transferred,6:151
6:151:39,6:151:39,وَصَّاكُم,وَصَّىٰكُم,surface_mismatch,1:1;no_annotation_transferred,6:151
6:152:6,6:152:6,بِالَّتِي,بِٱلَّتِى,surface_mismatch,1:1;no_annotation_transferred,6:152
6:152:7,6:152:7,هِيَ,هِىَ,surface_mismatch,1:1;no_annotation_transferred,6:152
6:152:32,6:152:32,وَصَّاكُم,وَصَّىٰكُم,surface_mismatch,1:1;no_annotation_transferred,6:152
6:153:3,6:153:3,صِرَاطِي,صِرَٰطِى,surface_mismatch,1:1;no_annotation_transferred,6:153
6:153:14,6:153:14,وَصَّاكُم,وَصَّىٰكُم,surface_mismatch,1:1;no_annotation_transferred,6:153
6:154:2,6:154:2,آتَيْنَا,ءَاتَيْنَا,surface_mismatch,1:1;no_annotation_transferred,6:154
6:154:7,6:154:7,الَّذِي,ٱلَّذِىٓ,surface_mismatch,1:1;no_annotation_transferred,6:154
6:154:11,6:154:11,شَيْءٍ,شَىْءٍ,surface_mismatch,1:1;no_annotation_transferred,6:154
6:157:22,6:157:22,بِآيَاتِ,بِـَٔايَٰتِ,surface_mismatch,1:1;no_annotation_transferred,6:157
6:157:26,6:157:26,سَنَجْزِي,سَنَجْزِى,surface_mismatch,1:1;no_annotation_transferred,6:157
6:157:30,6:157:30,آيَاتِنَا,ءَايَٰتِنَا,surface_mismatch,1:1;no_annotation_transferred,6:157
6:158:8,6:158:8,يَأْتِيَ,يَأْتِىَ,surface_mismatch,1:1;no_annotation_transferred,6:158
6:158:11,6:158:11,يَأْتِيَ,يَأْتِىَ,surface_mismatch,1:1;no_annotation_transferred,6:158
6:158:13,6:158:13,آيَاتِ,ءَايَٰتِ,surface_mismatch,1:1;no_annotation_transferred,6:158
6:158:16,6:158:16,يَأْتِي,يَأْتِى,surface_mismatch,1:1;no_annotation_transferred,6:158
6:158:18,6:158:18,آيَاتِ,ءَايَٰتِ,surface_mismatch,1:1;no_annotation_transferred,6:158
6:158:26,6:158:26,آمَنَتْ,ءَامَنَتْ,surface_mismatch,1:1;no_annotation_transferred,6:158
6:158:31,6:158:31,فِي,فِىٓ,surface_mismatch,1:1;no_annotation_transferred,6:158
6:159:9,6:159:9,فِي,فِى,surface_mismatch,1:1;no_annotation_transferred,6:159
6:159:10,6:159:10,شَيْءٍ,شَىْءٍ,surface_mismatch,1:1;no_annotation_transferred,6:159
6:161:2,6:161:2,إِنَّنِي,إِنَّنِى,surface_mismatch,1:1;no_annotation_transferred,6:161
6:161:3,6:161:3,هَدَانِي,هَدَىٰنِى,surface_mismatch,1:1;no_annotation_transferred,6:161
6:161:4,6:161:4,رَبِّي,رَبِّىٓ,surface_mismatch,1:1;no_annotation_transferred,6:161
6:162:3,6:162:3,صَلَاتِي,صَلَاتِى,surface_mismatch,1:1;no_annotation_transferred,6:162
6:162:4,6:162:4,وَنُسُكِي,وَنُسُكِى,surface_mismatch,1:1;no_annotation_transferred,6:162
6:162:5,6:162:5,وَمَحْيَايَ,وَمَحْيَاىَ,surface_mismatch,1:1;no_annotation_transferred,6:162
6:162:6,6:162:6,وَمَمَاتِي,وَمَمَاتِى,surface_mismatch,1:1;no_annotation_transferred,6:162
6:164:4,6:164:4,أَبْغِي,أَبْغِى,surface_mismatch,1:1;no_annotation_transferred,6:164
6:164:9,6:164:9,شَيْءٍ,شَىْءٍ,surface_mismatch,1:1;no_annotation_transferred,6:164
6:165:2,6:165:2,الَّذِي,ٱلَّذِى,surface_mismatch,1:1;no_annotation_transferred,6:165
6:165:12,6:165:12,فِي,فِى,surface_mismatch,1:1;no_annotation_transferred,6:165
6:165:14,6:165:14,آتَاكُمْ,ءَاتَىٰكُمْ,surface_mismatch,1:1;no_annotation_transferred,6:165
7:2:6,7:2:6,فِي,فِى,surface_mismatch,1:1;no_annotation_transferred,7:2
7:5:3,7:5:3,دَعْوَاهُمْ,دَعْوَىٰهُمْ,surface_mismatch,1:1;no_annotation_transferred,7:5
7:6:1,7:6:1,فَلَنَسْأَلَنَّ,فَلَنَسْـَٔلَنَّ,surface_mismatch,1:1;no_annotation_transferred,7:6
7:6:5,7:6:5,وَلَنَسْأَلَنَّ,وَلَنَسْـَٔلَنَّ,surface_mismatch,1:1;no_annotation_transferred,7:6
7:9:10,7:9:10,بِآيَاتِنَا,بِـَٔايَٰتِنَا,surface_mismatch,1:1;no_annotation_transferred,7:9
7:10:3,7:10:3,فِي,فِى,surface_mismatch,1:1;no_annotation_transferred,7:10
7:11:9,7:11:9,لِآدَمَ,لِءَادَمَ,surface_mismatch,1:1;no_annotation_transferred,7:11
7:12:12,7:12:12,خَلَقْتَنِي,خَلَقْتَنِى,surface_mismatch,1:1;no_annotation_transferred,7:12
7:14:2,7:14:2,أَنظِرْنِي,أَنظِرْنِىٓ,surface_mismatch,1:1;no_annotation_transferred,7:14
7:16:3,7:16:3,أَغْوَيْتَنِي,أَغْوَيْتَنِى,surface_mismatch,1:1;no_annotation_transferred,7:16
7:17:2,7:17:2,لَآتِيَنَّهُم,لَءَاتِيَنَّهُم,surface_mismatch,1:1;no_annotation_transferred,7:17
7:19:1,,وَيَا آدَمُ اسْكُنْ أَنتَ وَزَوْجُكَ الْجَنَّةَ فَكُلَا مِنْ حَيْثُ شِئْتُمَا وَلَا تَقْرَبَا هَـٰذِهِ الشَّجَرَةَ فَتَكُونَا مِنَ الظَّالِمِينَ,وَيَٰٓـَٔادَمُ,ambiguous_verse,multiple_optimal_paths,7:19
7:19:2,,وَيَا آدَمُ اسْكُنْ أَنتَ وَزَوْجُكَ الْجَنَّةَ فَكُلَا مِنْ حَيْثُ شِئْتُمَا وَلَا تَقْرَبَا هَـٰذِهِ الشَّجَرَةَ فَتَكُونَا مِنَ الظَّالِمِينَ,ٱسْكُنْ,ambiguous_verse,multiple_optimal_paths,7:19
7:19:3,,وَيَا آدَمُ اسْكُنْ أَنتَ وَزَوْجُكَ الْجَنَّةَ فَكُلَا مِنْ حَيْثُ شِئْتُمَا وَلَا تَقْرَبَا هَـٰذِهِ الشَّجَرَةَ فَتَكُونَا مِنَ الظَّالِمِينَ,أَنتَ,ambiguous_verse,multiple_optimal_paths,7:19
7:19:4,,وَيَا آدَمُ اسْكُنْ أَنتَ وَزَوْجُكَ الْجَنَّةَ فَكُلَا مِنْ حَيْثُ شِئْتُمَا وَلَا تَقْرَبَا هَـٰذِهِ الشَّجَرَةَ فَتَكُونَا مِنَ الظَّالِمِينَ,وَزَوْجُكَ,ambiguous_verse,multiple_optimal_paths,7:19
7:19:5,,وَيَا آدَمُ اسْكُنْ أَنتَ وَزَوْجُكَ الْجَنَّةَ فَكُلَا مِنْ حَيْثُ شِئْتُمَا وَلَا تَقْرَبَا هَـٰذِهِ الشَّجَرَةَ فَتَكُونَا مِنَ الظَّالِمِينَ,ٱلْجَنَّةَ,ambiguous_verse,multiple_optimal_paths,7:19
7:19:6,,وَيَا آدَمُ اسْكُنْ أَنتَ وَزَوْجُكَ الْجَنَّةَ فَكُلَا مِنْ حَيْثُ شِئْتُمَا وَلَا تَقْرَبَا هَـٰذِهِ الشَّجَرَةَ فَتَكُونَا مِنَ الظَّالِمِينَ,فَكُلَا,ambiguous_verse,multiple_optimal_paths,7:19
7:19:7,,وَيَا آدَمُ اسْكُنْ أَنتَ وَزَوْجُكَ الْجَنَّةَ فَكُلَا مِنْ حَيْثُ شِئْتُمَا وَلَا تَقْرَبَا هَـٰذِهِ الشَّجَرَةَ فَتَكُونَا مِنَ الظَّالِمِينَ,مِنْ,ambiguous_verse,multiple_optimal_paths,7:19
7:19:8,,وَيَا آدَمُ اسْكُنْ أَنتَ وَزَوْجُكَ الْجَنَّةَ فَكُلَا مِنْ حَيْثُ شِئْتُمَا وَلَا تَقْرَبَا هَـٰذِهِ الشَّجَرَةَ فَتَكُونَا مِنَ الظَّالِمِينَ,حَيْثُ,ambiguous_verse,multiple_optimal_paths,7:19
7:19:9,,وَيَا آدَمُ اسْكُنْ أَنتَ وَزَوْجُكَ الْجَنَّةَ فَكُلَا مِنْ حَيْثُ شِئْتُمَا وَلَا تَقْرَبَا هَـٰذِهِ الشَّجَرَةَ فَتَكُونَا مِنَ الظَّالِمِينَ,شِئْتُمَا,ambiguous_verse,multiple_optimal_paths,7:19
7:19:10,,وَيَا آدَمُ اسْكُنْ أَنتَ وَزَوْجُكَ الْجَنَّةَ فَكُلَا مِنْ حَيْثُ شِئْتُمَا وَلَا تَقْرَبَا هَـٰذِهِ الشَّجَرَةَ فَتَكُونَا مِنَ الظَّالِمِينَ,وَلَا,ambiguous_verse,multiple_optimal_paths,7:19
7:19:11,,وَيَا آدَمُ اسْكُنْ أَنتَ وَزَوْجُكَ الْجَنَّةَ فَكُلَا مِنْ حَيْثُ شِئْتُمَا وَلَا تَقْرَبَا هَـٰذِهِ الشَّجَرَةَ فَتَكُونَا مِنَ الظَّالِمِينَ,تَقْرَبَا,ambiguous_verse,multiple_optimal_paths,7:19
7:19:12,,وَيَا آدَمُ اسْكُنْ أَنتَ وَزَوْجُكَ الْجَنَّةَ فَكُلَا مِنْ حَيْثُ شِئْتُمَا وَلَا تَقْرَبَا هَـٰذِهِ الشَّجَرَةَ فَتَكُونَا مِنَ الظَّالِمِينَ,هَٰذِهِ,ambiguous_verse,multiple_optimal_paths,7:19
7:19:13,,وَيَا آدَمُ اسْكُنْ أَنتَ وَزَوْجُكَ الْجَنَّةَ فَكُلَا مِنْ حَيْثُ شِئْتُمَا وَلَا تَقْرَبَا هَـٰذِهِ الشَّجَرَةَ فَتَكُونَا مِنَ الظَّالِمِينَ,ٱلشَّجَرَةَ,ambiguous_verse,multiple_optimal_paths,7:19
7:19:14,,وَيَا آدَمُ اسْكُنْ أَنتَ وَزَوْجُكَ الْجَنَّةَ فَكُلَا مِنْ حَيْثُ شِئْتُمَا وَلَا تَقْرَبَا هَـٰذِهِ الشَّجَرَةَ فَتَكُونَا مِنَ الظَّالِمِينَ,فَتَكُونَا,ambiguous_verse,multiple_optimal_paths,7:19
7:19:15,,وَيَا آدَمُ اسْكُنْ أَنتَ وَزَوْجُكَ الْجَنَّةَ فَكُلَا مِنْ حَيْثُ شِئْتُمَا وَلَا تَقْرَبَا هَـٰذِهِ الشَّجَرَةَ فَتَكُونَا مِنَ الظَّالِمِينَ,مِنَ,ambiguous_verse,multiple_optimal_paths,7:19
7:19:16,,وَيَا آدَمُ اسْكُنْ أَنتَ وَزَوْجُكَ الْجَنَّةَ فَكُلَا مِنْ حَيْثُ شِئْتُمَا وَلَا تَقْرَبَا هَـٰذِهِ الشَّجَرَةَ فَتَكُونَا مِنَ الظَّالِمِينَ,ٱلظَّٰلِمِينَ,ambiguous_verse,multiple_optimal_paths,7:19
7:20:4,7:20:4,لِيُبْدِيَ,لِيُبْدِىَ,surface_mismatch,1:1;no_annotation_transferred,7:20
7:20:7,7:20:7,وُورِيَ,وُۥرِىَ,surface_mismatch,1:1;no_annotation_transferred,7:20
7:20:10,7:20:10,سَوْآتِهِمَا,سَوْءَٰتِهِمَا,surface_mismatch,1:1;no_annotation_transferred,7:20
7:20:13,7:20:13,نَهَاكُمَا,نَهَىٰكُمَا,surface_mismatch,1:1;no_annotation_transferred,7:20
7:21:2,7:21:2,إِنِّي,إِنِّى,surface_mismatch,1:1;no_annotation_transferred,7:21
7:22:1,7:22:1,فَدَلَّاهُمَا,فَدَلَّىٰهُمَا,surface_mismatch,1:1;no_annotation_transferred,7:22
7:22:8,7:22:8,سَوْآتُهُمَا,سَوْءَٰتُهُمَا,surface_mismatch,1:1;no_annotation_transferred,7:22
7:22:15,7:22:15,وَنَادَاهُمَا,وَنَادَىٰهُمَا,surface_mismatch,1:1;no_annotation_transferred,7:22
7:24:7,7:24:7,فِي,فِى,surface_mismatch,1:1;no_annotation_transferred,7:24
7:26:1,,يَا بَنِي آدَمَ قَدْ أَنزَلْنَا عَلَيْكُمْ لِبَاسًا يُوَارِي سَوْآتِكُمْ وَرِيشًا وَلِبَاسُ التَّقْوَىٰ ذَٰلِكَ خَيْرٌ ذَٰلِكَ مِنْ آيَاتِ اللَّهِ لَعَلَّهُمْ يَذَّكَّرُونَ,يَٰبَنِىٓ,ambiguous_verse,multiple_optimal_paths,7:26
7:26:2,,يَا بَنِي آدَمَ قَدْ أَنزَلْنَا عَلَيْكُمْ لِبَاسًا يُوَارِي سَوْآتِكُمْ وَرِيشًا وَلِبَاسُ التَّقْوَىٰ ذَٰلِكَ خَيْرٌ ذَٰلِكَ مِنْ آيَاتِ اللَّهِ لَعَلَّهُمْ يَذَّكَّرُونَ,ءَادَمَ,ambiguous_verse,multiple_optimal_paths,7:26
7:26:3,,يَا بَنِي آدَمَ قَدْ أَنزَلْنَا عَلَيْكُمْ لِبَاسًا يُوَارِي سَوْآتِكُمْ وَرِيشًا وَلِبَاسُ التَّقْوَىٰ ذَٰلِكَ خَيْرٌ ذَٰلِكَ مِنْ آيَاتِ اللَّهِ لَعَلَّهُمْ يَذَّكَّرُونَ,قَدْ,ambiguous_verse,multiple_optimal_paths,7:26
7:26:4,,يَا بَنِي آدَمَ قَدْ أَنزَلْنَا عَلَيْكُمْ لِبَاسًا يُوَارِي سَوْآتِكُمْ وَرِيشًا وَلِبَاسُ التَّقْوَىٰ ذَٰلِكَ خَيْرٌ ذَٰلِكَ مِنْ آيَاتِ اللَّهِ لَعَلَّهُمْ يَذَّكَّرُونَ,أَنزَلْنَا,ambiguous_verse,multiple_optimal_paths,7:26
7:26:5,,يَا بَنِي آدَمَ قَدْ أَنزَلْنَا عَلَيْكُمْ لِبَاسًا يُوَارِي سَوْآتِكُمْ وَرِيشًا وَلِبَاسُ التَّقْوَىٰ ذَٰلِكَ خَيْرٌ ذَٰلِكَ مِنْ آيَاتِ اللَّهِ لَعَلَّهُمْ يَذَّكَّرُونَ,عَلَيْكُمْ,ambiguous_verse,multiple_optimal_paths,7:26
7:26:6,,يَا بَنِي آدَمَ قَدْ أَنزَلْنَا عَلَيْكُمْ لِبَاسًا يُوَارِي سَوْآتِكُمْ وَرِيشًا وَلِبَاسُ التَّقْوَىٰ ذَٰلِكَ خَيْرٌ ذَٰلِكَ مِنْ آيَاتِ اللَّهِ لَعَلَّهُمْ يَذَّكَّرُونَ,لِبَاسًا,ambiguous_verse,multiple_optimal_paths,7:26
7:26:7,,يَا بَنِي آدَمَ قَدْ أَنزَلْنَا عَلَيْكُمْ لِبَاسًا يُوَارِي سَوْآتِكُمْ وَرِيشًا وَلِبَاسُ التَّقْوَىٰ ذَٰلِكَ خَيْرٌ ذَٰلِكَ مِنْ آيَاتِ اللَّهِ لَعَلَّهُمْ يَذَّكَّرُونَ,يُوَٰرِى,ambiguous_verse,multiple_optimal_paths,7:26
7:26:8,,يَا بَنِي آدَمَ قَدْ أَنزَلْنَا عَلَيْكُمْ لِبَاسًا يُوَارِي سَوْآتِكُمْ وَرِيشًا وَلِبَاسُ التَّقْوَىٰ ذَٰلِكَ خَيْرٌ ذَٰلِكَ مِنْ آيَاتِ اللَّهِ لَعَلَّهُمْ يَذَّكَّرُونَ,سَوْءَٰتِكُمْ,ambiguous_verse,multiple_optimal_paths,7:26
7:26:9,,يَا بَنِي آدَمَ قَدْ أَنزَلْنَا عَلَيْكُمْ لِبَاسًا يُوَارِي سَوْآتِكُمْ وَرِيشًا وَلِبَاسُ التَّقْوَىٰ ذَٰلِكَ خَيْرٌ ذَٰلِكَ مِنْ آيَاتِ اللَّهِ لَعَلَّهُمْ يَذَّكَّرُونَ,وَرِيشًا,ambiguous_verse,multiple_optimal_paths,7:26
7:26:10,,يَا بَنِي آدَمَ قَدْ أَنزَلْنَا عَلَيْكُمْ لِبَاسًا يُوَارِي سَوْآتِكُمْ وَرِيشًا وَلِبَاسُ التَّقْوَىٰ ذَٰلِكَ خَيْرٌ ذَٰلِكَ مِنْ آيَاتِ اللَّهِ لَعَلَّهُمْ يَذَّكَّرُونَ,وَلِبَاسُ,ambiguous_verse,multiple_optimal_paths,7:26
7:26:11,,يَا بَنِي آدَمَ قَدْ أَنزَلْنَا عَلَيْكُمْ لِبَاسًا يُوَارِي سَوْآتِكُمْ وَرِيشًا وَلِبَاسُ التَّقْوَىٰ ذَٰلِكَ خَيْرٌ ذَٰلِكَ مِنْ آيَاتِ اللَّهِ لَعَلَّهُمْ يَذَّكَّرُونَ,ٱلتَّقْوَىٰ,ambiguous_verse,multiple_optimal_paths,7:26
7:26:12,,يَا بَنِي آدَمَ قَدْ أَنزَلْنَا عَلَيْكُمْ لِبَاسًا يُوَارِي سَوْآتِكُمْ وَرِيشًا وَلِبَاسُ التَّقْوَىٰ ذَٰلِكَ خَيْرٌ ذَٰلِكَ مِنْ آيَاتِ اللَّهِ لَعَلَّهُمْ يَذَّكَّرُونَ,ذَٰلِكَ,ambiguous_verse,multiple_optimal_paths,7:26
7:26:13,,يَا بَنِي آدَمَ قَدْ أَنزَلْنَا عَلَيْكُمْ لِبَاسًا يُوَارِي سَوْآتِكُمْ وَرِيشًا وَلِبَاسُ التَّقْوَىٰ ذَٰلِكَ خَيْرٌ ذَٰلِكَ مِنْ آيَاتِ اللَّهِ لَعَلَّهُمْ يَذَّكَّرُونَ,خَيْرٌ,ambiguous_verse,multiple_optimal_paths,7:26
7:26:14,,يَا بَنِي آدَمَ قَدْ أَنزَلْنَا عَلَيْكُمْ لِبَاسًا يُوَارِي سَوْآتِكُمْ وَرِيشًا وَلِبَاسُ التَّقْوَىٰ ذَٰلِكَ خَيْرٌ ذَٰلِكَ مِنْ آيَاتِ اللَّهِ لَعَلَّهُمْ يَذَّكَّرُونَ,ذَٰلِكَ,ambiguous_verse,multiple_optimal_paths,7:26
7:26:15,,يَا بَنِي آدَمَ قَدْ أَنزَلْنَا عَلَيْكُمْ لِبَاسًا يُوَارِي سَوْآتِكُمْ وَرِيشًا وَلِبَاسُ التَّقْوَىٰ ذَٰلِكَ خَيْرٌ ذَٰلِكَ مِنْ آيَاتِ اللَّهِ لَعَلَّهُمْ يَذَّكَّرُونَ,مِنْ,ambiguous_verse,multiple_optimal_paths,7:26
7:26:16,,يَا بَنِي آدَمَ قَدْ أَنزَلْنَا عَلَيْكُمْ لِبَاسًا يُوَارِي سَوْآتِكُمْ وَرِيشًا وَلِبَاسُ التَّقْوَىٰ ذَٰلِكَ خَيْرٌ ذَٰلِكَ مِنْ آيَاتِ اللَّهِ لَعَلَّهُمْ يَذَّكَّرُونَ,ءَايَٰتِ,ambiguous_verse,multiple_optimal_paths,7:26
7:26:17,,يَا بَنِي آدَمَ قَدْ أَنزَلْنَا عَلَيْكُمْ لِبَاسًا يُوَارِي سَوْآتِكُمْ وَرِيشًا وَلِبَاسُ التَّقْوَىٰ ذَٰلِكَ خَيْرٌ ذَٰلِكَ مِنْ آيَاتِ اللَّهِ لَعَلَّهُمْ يَذَّكَّرُونَ,ٱللَّهِ,ambiguous_verse,multiple_optimal_paths,7:26
7:26:18,,يَا بَنِي آدَمَ قَدْ أَنزَلْنَا عَلَيْكُمْ لِبَاسًا يُوَارِي سَوْآتِكُمْ وَرِيشًا وَلِبَاسُ التَّقْوَىٰ ذَٰلِكَ خَيْرٌ ذَٰلِكَ مِنْ آيَاتِ اللَّهِ لَعَلَّهُمْ يَذَّكَّرُونَ,لَعَلَّهُمْ,ambiguous_verse,multiple_optimal_paths,7:26
7:26:19,,يَا بَنِي آدَمَ قَدْ أَنزَلْنَا عَلَيْكُمْ لِبَاسًا يُوَارِي سَوْآتِكُمْ وَرِيشًا وَلِبَاسُ التَّقْوَىٰ ذَٰلِكَ خَيْرٌ ذَٰلِكَ مِنْ آيَاتِ اللَّهِ لَعَلَّهُمْ يَذَّكَّرُونَ,يَذَّكَّرُونَ,ambiguous_verse,multiple_optimal_paths,7:26
7:27:1,,يَا بَنِي آدَمَ لَا يَفْتِنَنَّكُمُ الشَّيْطَانُ كَمَا أَخْرَجَ أَبَوَيْكُم مِّنَ الْجَنَّةِ يَنزِعُ عَنْهُمَا لِبَاسَهُمَا لِيُرِيَهُمَا سَوْآتِهِمَا إِنَّهُ يَرَاكُمْ هُوَ وَقَبِيلُهُ مِنْ حَيْثُ لَا تَرَوْنَهُمْ إِنَّا جَعَلْنَا الشَّيَاطِينَ أَوْلِيَاءَ لِلَّذِينَ لَا يُؤْمِنُونَ,يَٰبَنِىٓ,ambiguous_verse,multiple_optimal_paths,7:27
7:27:2,,يَا بَنِي آدَمَ لَا يَفْتِنَنَّكُمُ الشَّيْطَانُ كَمَا أَخْرَجَ أَبَوَيْكُم مِّنَ الْجَنَّةِ يَنزِعُ عَنْهُمَا لِبَاسَهُمَا لِيُرِيَهُمَا سَوْآتِهِمَا إِنَّهُ يَرَاكُمْ هُوَ وَقَبِيلُهُ مِنْ حَيْثُ لَا تَرَوْنَهُمْ إِنَّا جَعَلْنَا الشَّيَاطِينَ أَوْلِيَاءَ لِلَّذِينَ لَا يُؤْمِنُونَ,ءَادَمَ,ambiguous_verse,multiple_optimal_paths,7:27
7:27:3,,يَا بَنِي آدَمَ لَا يَفْتِنَنَّكُمُ الشَّيْطَانُ كَمَا أَخْرَجَ أَبَوَيْكُم مِّنَ الْجَنَّةِ يَنزِعُ عَنْهُمَا لِبَاسَهُمَا لِيُرِيَهُمَا سَوْآتِهِمَا إِنَّهُ يَرَاكُمْ هُوَ وَقَبِيلُهُ مِنْ حَيْثُ لَا تَرَوْنَهُمْ إِنَّا جَعَلْنَا الشَّيَاطِينَ أَوْلِيَاءَ لِلَّذِينَ لَا يُؤْمِنُونَ,لَا,ambiguous_verse,multiple_optimal_paths,7:27
7:27:4,,يَا بَنِي آدَمَ لَا يَفْتِنَنَّكُمُ الشَّيْطَانُ كَمَا أَخْرَجَ أَبَوَيْكُم مِّنَ الْجَنَّةِ يَنزِعُ عَنْهُمَا لِبَاسَهُمَا لِيُرِيَهُمَا سَوْآتِهِمَا إِنَّهُ يَرَاكُمْ هُوَ وَقَبِيلُهُ مِنْ حَيْثُ لَا تَرَوْنَهُمْ إِنَّا جَعَلْنَا الشَّيَاطِينَ أَوْلِيَاءَ لِلَّذِينَ لَا يُؤْمِنُونَ,يَفْتِنَنَّكُمُ,ambiguous_verse,multiple_optimal_paths,7:27
7:27:5,,يَا بَنِي آدَمَ لَا يَفْتِنَنَّكُمُ الشَّيْطَانُ كَمَا أَخْرَجَ أَبَوَيْكُم مِّنَ الْجَنَّةِ يَنزِعُ عَنْهُمَا لِبَاسَهُمَا لِيُرِيَهُمَا سَوْآتِهِمَا إِنَّهُ يَرَاكُمْ هُوَ وَقَبِيلُهُ مِنْ حَيْثُ لَا تَرَوْنَهُمْ إِنَّا جَعَلْنَا الشَّيَاطِينَ أَوْلِيَاءَ لِلَّذِينَ لَا يُؤْمِنُونَ,ٱلشَّيْطَٰنُ,ambiguous_verse,multiple_optimal_paths,7:27
7:27:6,,يَا بَنِي آدَمَ لَا يَفْتِنَنَّكُمُ الشَّيْطَانُ كَمَا أَخْرَجَ أَبَوَيْكُم مِّنَ الْجَنَّةِ يَنزِعُ عَنْهُمَا لِبَاسَهُمَا لِيُرِيَهُمَا سَوْآتِهِمَا إِنَّهُ يَرَاكُمْ هُوَ وَقَبِيلُهُ مِنْ حَيْثُ لَا تَرَوْنَهُمْ إِنَّا جَعَلْنَا الشَّيَاطِينَ أَوْلِيَاءَ لِلَّذِينَ لَا يُؤْمِنُونَ,كَمَآ,ambiguous_verse,multiple_optimal_paths,7:27
7:27:7,,يَا بَنِي آدَمَ لَا يَفْتِنَنَّكُمُ الشَّيْطَانُ كَمَا أَخْرَجَ أَبَوَيْكُم مِّنَ الْجَنَّةِ يَنزِعُ عَنْهُمَا لِبَاسَهُمَا لِيُرِيَهُمَا سَوْآتِهِمَا إِنَّهُ يَرَاكُمْ هُوَ وَقَبِيلُهُ مِنْ حَيْثُ لَا تَرَوْنَهُمْ إِنَّا جَعَلْنَا الشَّيَاطِينَ أَوْلِيَاءَ لِلَّذِينَ لَا يُؤْمِنُونَ,أَخْرَجَ,ambiguous_verse,multiple_optimal_paths,7:27
7:27:8,,يَا بَنِي آدَمَ لَا يَفْتِنَنَّكُمُ الشَّيْطَانُ كَمَا أَخْرَجَ أَبَوَيْكُم مِّنَ الْجَنَّةِ يَنزِعُ عَنْهُمَا لِبَاسَهُمَا لِيُرِيَهُمَا سَوْآتِهِمَا إِنَّهُ يَرَاكُمْ هُوَ وَقَبِيلُهُ مِنْ حَيْثُ لَا تَرَوْنَهُمْ إِنَّا جَعَلْنَا الشَّيَاطِينَ أَوْلِيَاءَ لِلَّذِينَ لَا يُؤْمِنُونَ,أَبَوَيْكُم,ambiguous_verse,multiple_optimal_paths,7:27
7:27:9,,يَا بَنِي آدَمَ لَا يَفْتِنَنَّكُمُ الشَّيْطَانُ كَمَا أَخْرَجَ أَبَوَيْكُم مِّنَ الْجَنَّةِ يَنزِعُ عَنْهُمَا لِبَاسَهُمَا لِيُرِيَهُمَا سَوْآتِهِمَا إِنَّهُ يَرَاكُمْ هُوَ وَقَبِيلُهُ مِنْ حَيْثُ لَا تَرَوْنَهُمْ إِنَّا جَعَلْنَا الشَّيَاطِينَ أَوْلِيَاءَ لِلَّذِينَ لَا يُؤْمِنُونَ,مِّنَ,ambiguous_verse,multiple_optimal_paths,7:27
7:27:10,,يَا بَنِي آدَمَ لَا يَفْتِنَنَّكُمُ الشَّيْطَانُ كَمَا أَخْرَجَ أَبَوَيْكُم مِّنَ الْجَنَّةِ يَنزِعُ عَنْهُمَا لِبَاسَهُمَا لِيُرِيَهُمَا سَوْآتِهِمَا إِنَّهُ يَرَاكُمْ هُوَ وَقَبِيلُهُ مِنْ حَيْثُ لَا تَرَوْنَهُمْ إِنَّا جَعَلْنَا الشَّيَاطِينَ أَوْلِيَاءَ لِلَّذِينَ لَا يُؤْمِنُونَ,ٱلْجَنَّةِ,ambiguous_verse,multiple_optimal_paths,7:27
7:27:11,,يَا بَنِي آدَمَ لَا يَفْتِنَنَّكُمُ الشَّيْطَانُ كَمَا أَخْرَجَ أَبَوَيْكُم مِّنَ الْجَنَّةِ يَنزِعُ عَنْهُمَا لِبَاسَهُمَا لِيُرِيَهُمَا سَوْآتِهِمَا إِنَّهُ يَرَاكُمْ هُوَ وَقَبِيلُهُ مِنْ حَيْثُ لَا تَرَوْنَهُمْ إِنَّا جَعَلْنَا الشَّيَاطِينَ أَوْلِيَاءَ لِلَّذِينَ لَا يُؤْمِنُونَ,يَنزِعُ,ambiguous_verse,multiple_optimal_paths,7:27
7:27:12,,يَا بَنِي آدَمَ لَا يَفْتِنَنَّكُمُ الشَّيْطَانُ كَمَا أَخْرَجَ أَبَوَيْكُم مِّنَ الْجَنَّةِ يَنزِعُ عَنْهُمَا لِبَاسَهُمَا لِيُرِيَهُمَا سَوْآتِهِمَا إِنَّهُ يَرَاكُمْ هُوَ وَقَبِيلُهُ مِنْ حَيْثُ لَا تَرَوْنَهُمْ إِنَّا جَعَلْنَا الشَّيَاطِينَ أَوْلِيَاءَ لِلَّذِينَ لَا يُؤْمِنُونَ,عَنْهُمَا,ambiguous_verse,multiple_optimal_paths,7:27
7:27:13,,يَا بَنِي آدَمَ لَا يَفْتِنَنَّكُمُ الشَّيْطَانُ كَمَا أَخْرَجَ أَبَوَيْكُم مِّنَ الْجَنَّةِ يَنزِعُ عَنْهُمَا لِبَاسَهُمَا لِيُرِيَهُمَا سَوْآتِهِمَا إِنَّهُ يَرَاكُمْ هُوَ وَقَبِيلُهُ مِنْ حَيْثُ لَا تَرَوْنَهُمْ إِنَّا جَعَلْنَا الشَّيَاطِينَ أَوْلِيَاءَ لِلَّذِينَ لَا يُؤْمِنُونَ,لِبَاسَهُمَا,ambiguous_verse,multiple_optimal_paths,7:27
7:27:14,,يَا بَنِي آدَمَ لَا يَفْتِنَنَّكُمُ الشَّيْطَانُ كَمَا أَخْرَجَ أَبَوَيْكُم مِّنَ الْجَنَّةِ يَنزِعُ عَنْهُمَا لِبَاسَهُمَا لِيُرِيَهُمَا سَوْآتِهِمَا إِنَّهُ يَرَاكُمْ هُوَ وَقَبِيلُهُ مِنْ حَيْثُ لَا تَرَوْنَهُمْ إِنَّا جَعَلْنَا الشَّيَاطِينَ أَوْلِيَاءَ لِلَّذِينَ لَا يُؤْمِنُونَ,لِيُرِيَهُمَا,ambiguous_verse,multiple_optimal_paths,7:27
7:27:15,,يَا بَنِي آدَمَ لَا يَفْتِنَنَّكُمُ الشَّيْطَانُ كَمَا أَخْرَجَ أَبَوَيْكُم مِّنَ الْجَنَّةِ يَنزِعُ عَنْهُمَا لِبَاسَهُمَا لِيُرِيَهُمَا سَوْآتِهِمَا إِنَّهُ يَرَاكُمْ هُوَ وَقَبِيلُهُ مِنْ حَيْثُ لَا تَرَوْنَهُمْ إِنَّا جَعَلْنَا الشَّيَاطِينَ أَوْلِيَاءَ لِلَّذِينَ لَا يُؤْمِنُونَ,سَوْءَٰتِهِمَآ,ambiguous_verse,multiple_optimal_paths,7:27
7:27:16,,يَا بَنِي آدَمَ لَا يَفْتِنَنَّكُمُ الشَّيْطَانُ كَمَا أَخْرَجَ أَبَوَيْكُم مِّنَ الْجَنَّةِ يَنزِعُ عَنْهُمَا لِبَاسَهُمَا لِيُرِيَهُمَا سَوْآتِهِمَا إِنَّهُ يَرَاكُمْ هُوَ وَقَبِيلُهُ مِنْ حَيْثُ لَا تَرَوْنَهُمْ إِنَّا جَعَلْنَا الشَّيَاطِينَ أَوْلِيَاءَ لِلَّذِينَ لَا يُؤْمِنُونَ,إِنَّهُۥ,ambiguous_verse,multiple_optimal_paths,7:27
7:27:17,,يَا بَنِي آدَمَ لَا يَفْتِنَنَّكُمُ الشَّيْطَانُ كَمَا أَخْرَجَ أَبَوَيْكُم مِّنَ الْجَنَّةِ يَنزِعُ عَنْهُمَا لِبَاسَهُمَا لِيُرِيَهُمَا سَوْآتِهِمَا إِنَّهُ يَرَاكُمْ هُوَ وَقَبِيلُهُ مِنْ حَيْثُ لَا تَرَوْنَهُمْ إِنَّا جَعَلْنَا الشَّيَاطِينَ أَوْلِيَاءَ لِلَّذِينَ لَا يُؤْمِنُونَ,يَرَىٰكُمْ,ambiguous_verse,multiple_optimal_paths,7:27
7:27:18,,يَا بَنِي آدَمَ لَا يَفْتِنَنَّكُمُ الشَّيْطَانُ كَمَا أَخْرَجَ أَبَوَيْكُم مِّنَ الْجَنَّةِ يَنزِعُ عَنْهُمَا لِبَاسَهُمَا لِيُرِيَهُمَا سَوْآتِهِمَا إِنَّهُ يَرَاكُمْ هُوَ وَقَبِيلُهُ مِنْ حَيْثُ لَا تَرَوْنَهُمْ إِنَّا جَعَلْنَا الشَّيَاطِينَ أَوْلِيَاءَ لِلَّذِينَ لَا يُؤْمِنُونَ,هُوَ,ambiguous_verse,multiple_optimal_paths,7:27
7:27:19,,يَا بَنِي آدَمَ لَا يَفْتِنَنَّكُمُ الشَّيْطَانُ كَمَا أَخْرَجَ أَبَوَيْكُم مِّنَ الْجَنَّةِ يَنزِعُ عَنْهُمَا لِبَاسَهُمَا لِيُرِيَهُمَا سَوْآتِهِمَا إِنَّهُ يَرَاكُمْ هُوَ وَقَبِيلُهُ مِنْ حَيْثُ لَا تَرَوْنَهُمْ إِنَّا جَعَلْنَا الشَّيَاطِينَ أَوْلِيَاءَ لِلَّذِينَ لَا يُؤْمِنُونَ,وَقَبِيلُهُۥ,ambiguous_verse,multiple_optimal_paths,7:27
7:27:20,,يَا بَنِي آدَمَ لَا يَفْتِنَنَّكُمُ الشَّيْطَانُ كَمَا أَخْرَجَ أَبَوَيْكُم مِّنَ الْجَنَّةِ يَنزِعُ عَنْهُمَا لِبَاسَهُمَا لِيُرِيَهُمَا سَوْآتِهِمَا إِنَّهُ يَرَاكُمْ هُوَ وَقَبِيلُهُ مِنْ حَيْثُ لَا تَرَوْنَهُمْ إِنَّا جَعَلْنَا الشَّيَاطِينَ أَوْلِيَاءَ لِلَّذِينَ لَا يُؤْمِنُونَ,مِنْ,ambiguous_verse,multiple_optimal_paths,7:27
7:27:21,,يَا بَنِي آدَمَ لَا يَفْتِنَنَّكُمُ الشَّيْطَانُ كَمَا أَخْرَجَ أَبَوَيْكُم مِّنَ الْجَنَّةِ يَنزِعُ عَنْهُمَا لِبَاسَهُمَا لِيُرِيَهُمَا سَوْآتِهِمَا إِنَّهُ يَرَاكُمْ هُوَ وَقَبِيلُهُ مِنْ حَيْثُ لَا تَرَوْنَهُمْ إِنَّا جَعَلْنَا الشَّيَاطِينَ أَوْلِيَاءَ لِلَّذِينَ لَا يُؤْمِنُونَ,حَيْثُ,ambiguous_verse,multiple_optimal_paths,7:27
7:27:22,,يَا بَنِي آدَمَ لَا يَفْتِنَنَّكُمُ الشَّيْطَانُ كَمَا أَخْرَجَ أَبَوَيْكُم مِّنَ الْجَنَّةِ يَنزِعُ عَنْهُمَا لِبَاسَهُمَا لِيُرِيَهُمَا سَوْآتِهِمَا إِنَّهُ يَرَاكُمْ هُوَ وَقَبِيلُهُ مِنْ حَيْثُ لَا تَرَوْنَهُمْ إِنَّا جَعَلْنَا الشَّيَاطِينَ أَوْلِيَاءَ لِلَّذِينَ لَا يُؤْمِنُونَ,لَا,ambiguous_verse,multiple_optimal_paths,7:27
7:27:23,,يَا بَنِي آدَمَ لَا يَفْتِنَنَّكُمُ الشَّيْطَانُ كَمَا أَخْرَجَ أَبَوَيْكُم مِّنَ الْجَنَّةِ يَنزِعُ عَنْهُمَا لِبَاسَهُمَا لِيُرِيَهُمَا سَوْآتِهِمَا إِنَّهُ يَرَاكُمْ هُوَ وَقَبِيلُهُ مِنْ حَيْثُ لَا تَرَوْنَهُمْ إِنَّا جَعَلْنَا الشَّيَاطِينَ أَوْلِيَاءَ لِلَّذِينَ لَا يُؤْمِنُونَ,تَرَوْنَهُمْ,ambiguous_verse,multiple_optimal_paths,7:27
7:27:24,,يَا بَنِي آدَمَ لَا يَفْتِنَنَّكُمُ الشَّيْطَانُ كَمَا أَخْرَجَ أَبَوَيْكُم مِّنَ الْجَنَّةِ يَنزِعُ عَنْهُمَا لِبَاسَهُمَا لِيُرِيَهُمَا سَوْآتِهِمَا إِنَّهُ يَرَاكُمْ هُوَ وَقَبِيلُهُ مِنْ حَيْثُ لَا تَرَوْنَهُمْ إِنَّا جَعَلْنَا الشَّيَاطِينَ أَوْلِيَاءَ لِلَّذِينَ لَا يُؤْمِنُونَ,إِنَّا,ambiguous_verse,multiple_optimal_paths,7:27
7:27:25,,يَا بَنِي آدَمَ لَا يَفْتِنَنَّكُمُ الشَّيْطَانُ كَمَا أَخْرَجَ أَبَوَيْكُم مِّنَ الْجَنَّةِ يَنزِعُ عَنْهُمَا لِبَاسَهُمَا لِيُرِيَهُمَا سَوْآتِهِمَا إِنَّهُ يَرَاكُمْ هُوَ وَقَبِيلُهُ مِنْ حَيْثُ لَا تَرَوْنَهُمْ إِنَّا جَعَلْنَا الشَّيَاطِينَ أَوْلِيَاءَ لِلَّذِينَ لَا يُؤْمِنُونَ,جَعَلْنَا,ambiguous_verse,multiple_optimal_paths,7:27
7:27:26,,يَا بَنِي آدَمَ لَا يَفْتِنَنَّكُمُ الشَّيْطَانُ كَمَا أَخْرَجَ أَبَوَيْكُم مِّنَ الْجَنَّةِ يَنزِعُ عَنْهُمَا لِبَاسَهُمَا لِيُرِيَهُمَا سَوْآتِهِمَا إِنَّهُ يَرَاكُمْ هُوَ وَقَبِيلُهُ مِنْ حَيْثُ لَا تَرَوْنَهُمْ إِنَّا جَعَلْنَا الشَّيَاطِينَ أَوْلِيَاءَ لِلَّذِينَ لَا يُؤْمِنُونَ,ٱلشَّيَٰطِينَ,ambiguous_verse,multiple_optimal_paths,7:27
7:27:27,,يَا بَنِي آدَمَ لَا يَفْتِنَنَّكُمُ الشَّيْطَانُ كَمَا أَخْرَجَ أَبَوَيْكُم مِّنَ الْجَنَّةِ يَنزِعُ عَنْهُمَا لِبَاسَهُمَا لِيُرِيَهُمَا سَوْآتِهِمَا إِنَّهُ يَرَاكُمْ هُوَ وَقَبِيلُهُ مِنْ حَيْثُ لَا تَرَوْنَهُمْ إِنَّا جَعَلْنَا الشَّيَاطِينَ أَوْلِيَاءَ لِلَّذِينَ لَا يُؤْمِنُونَ,أَوْلِيَآءَ,ambiguous_verse,multiple_optimal_paths,7:27
7:27:28,,يَا بَنِي آدَمَ لَا يَفْتِنَنَّكُمُ الشَّيْطَانُ كَمَا أَخْرَجَ أَبَوَيْكُم مِّنَ الْجَنَّةِ يَنزِعُ عَنْهُمَا لِبَاسَهُمَا لِيُرِيَهُمَا سَوْآتِهِمَا إِنَّهُ يَرَاكُمْ هُوَ وَقَبِيلُهُ مِنْ حَيْثُ لَا تَرَوْنَهُمْ إِنَّا جَعَلْنَا الشَّيَاطِينَ أَوْلِيَاءَ لِلَّذِينَ لَا يُؤْمِنُونَ,لِلَّذِينَ,ambiguous_verse,multiple_optimal_paths,7:27
7:27:29,,يَا بَنِي آدَمَ لَا يَفْتِنَنَّكُمُ الشَّيْطَانُ كَمَا أَخْرَجَ أَبَوَيْكُم مِّنَ الْجَنَّةِ يَنزِعُ عَنْهُمَا لِبَاسَهُمَا لِيُرِيَهُمَا سَوْآتِهِمَا إِنَّهُ يَرَاكُمْ هُوَ وَقَبِيلُهُ مِنْ حَيْثُ لَا تَرَوْنَهُمْ إِنَّا جَعَلْنَا الشَّيَاطِينَ أَوْلِيَاءَ لِلَّذِينَ لَا يُؤْمِنُونَ,لَا,ambiguous_verse,multiple_optimal_paths,7:27
7:27:30,,يَا بَنِي آدَمَ لَا يَفْتِنَنَّكُمُ الشَّيْطَانُ كَمَا أَخْرَجَ أَبَوَيْكُم مِّنَ الْجَنَّةِ يَنزِعُ عَنْهُمَا لِبَاسَهُمَا لِيُرِيَهُمَا سَوْآتِهِمَا إِنَّهُ يَرَاكُمْ هُوَ وَقَبِيلُهُ مِنْ حَيْثُ لَا تَرَوْنَهُمْ إِنَّا جَعَلْنَا الشَّيَاطِينَ أَوْلِيَاءَ لِلَّذِينَ لَا يُؤْمِنُونَ,يُؤْمِنُونَ,ambiguous_verse,multiple_optimal_paths,7:27
7:28:7,7:28:7,آبَاءَنَا,ءَابَآءَنَا,surface_mismatch,1:1;no_annotation_transferred,7:28
7:29:3,7:29:3,رَبِّي,رَبِّى,surface_mismatch,1:1;no_annotation_transferred,7:29
7:31:1,,يَا بَنِي آدَمَ خُذُوا زِينَتَكُمْ عِندَ كُلِّ مَسْجِدٍ وَكُلُوا وَاشْرَبُوا وَلَا تُسْرِفُوا إِنَّهُ لَا يُحِبُّ الْمُسْرِفِينَ,يَٰبَنِىٓ,ambiguous_verse,multiple_optimal_paths,7:31
7:31:2,,يَا بَنِي آدَمَ خُذُوا زِينَتَكُمْ عِندَ كُلِّ مَسْجِدٍ وَكُلُوا وَاشْرَبُوا وَلَا تُسْرِفُوا إِنَّهُ لَا يُحِبُّ الْمُسْرِفِينَ,ءَادَمَ,ambiguous_verse,multiple_optimal_paths,7:31
7:31:3,,يَا بَنِي آدَمَ خُذُوا زِينَتَكُمْ عِندَ كُلِّ مَسْجِدٍ وَكُلُوا وَاشْرَبُوا وَلَا تُسْرِفُوا إِنَّهُ لَا يُحِبُّ الْمُسْرِفِينَ,خُذُوا۟,ambiguous_verse,multiple_optimal_paths,7:31
7:31:4,,يَا بَنِي آدَمَ خُذُوا زِينَتَكُمْ عِندَ كُلِّ مَسْجِدٍ وَكُلُوا وَاشْرَبُوا وَلَا تُسْرِفُوا إِنَّهُ لَا يُحِبُّ الْمُسْرِفِينَ,زِينَتَكُمْ,ambiguous_verse,multiple_optimal_paths,7:31
7:31:5,,يَا بَنِي آدَمَ خُذُوا زِينَتَكُمْ عِندَ كُلِّ مَسْجِدٍ وَكُلُوا وَاشْرَبُوا وَلَا تُسْرِفُوا إِنَّهُ لَا يُحِبُّ الْمُسْرِفِينَ,عِندَ,ambiguous_verse,multiple_optimal_paths,7:31
7:31:6,,يَا بَنِي آدَمَ خُذُوا زِينَتَكُمْ عِندَ كُلِّ مَسْجِدٍ وَكُلُوا وَاشْرَبُوا وَلَا تُسْرِفُوا إِنَّهُ لَا يُحِبُّ الْمُسْرِفِينَ,كُلِّ,ambiguous_verse,multiple_optimal_paths,7:31
7:31:7,,يَا بَنِي آدَمَ خُذُوا زِينَتَكُمْ عِندَ كُلِّ مَسْجِدٍ وَكُلُوا وَاشْرَبُوا وَلَا تُسْرِفُوا إِنَّهُ لَا يُحِبُّ الْمُسْرِفِينَ,مَسْجِدٍ,ambiguous_verse,multiple_optimal_paths,7:31
7:31:8,,يَا بَنِي آدَمَ خُذُوا زِينَتَكُمْ عِندَ كُلِّ مَسْجِدٍ وَكُلُوا وَاشْرَبُوا وَلَا تُسْرِفُوا إِنَّهُ لَا يُحِبُّ الْمُسْرِفِينَ,وَكُلُوا۟,ambiguous_verse,multiple_optimal_paths,7:31
7:31:9,,يَا بَنِي آدَمَ خُذُوا زِينَتَكُمْ عِندَ كُلِّ مَسْجِدٍ وَكُلُوا وَاشْرَبُوا وَلَا تُسْرِفُوا إِنَّهُ لَا يُحِبُّ الْمُسْرِفِينَ,وَٱشْرَبُوا۟,ambiguous_verse,multiple_optimal_paths,7:31
7:31:10,,يَا بَنِي آدَمَ خُذُوا زِينَتَكُمْ عِندَ كُلِّ مَسْجِدٍ وَكُلُوا وَاشْرَبُوا وَلَا تُسْرِفُوا إِنَّهُ لَا يُحِبُّ الْمُسْرِفِينَ,وَلَا,ambiguous_verse,multiple_optimal_paths,7:31
7:31:11,,يَا بَنِي آدَمَ خُذُوا زِينَتَكُمْ عِندَ كُلِّ مَسْجِدٍ وَكُلُوا وَاشْرَبُوا وَلَا تُسْرِفُوا إِنَّهُ لَا يُحِبُّ الْمُسْرِفِينَ,تُسْرِفُوٓا۟,ambiguous_verse,multiple_optimal_paths,7:31
7:31:12,,يَا بَنِي آدَمَ خُذُوا زِينَتَكُمْ عِندَ كُلِّ مَسْجِدٍ وَكُلُوا وَاشْرَبُوا وَلَا تُسْرِفُوا إِنَّهُ لَا يُحِبُّ الْمُسْرِفِينَ,إِنَّهُۥ,ambiguous_verse,multiple_optimal_paths,7:31
7:31:13,,يَا بَنِي آدَمَ خُذُوا زِينَتَكُمْ عِندَ كُلِّ مَسْجِدٍ وَكُلُوا وَاشْرَبُوا وَلَا تُسْرِفُوا إِنَّهُ لَا يُحِبُّ الْمُسْرِفِينَ,لَا,ambiguous_verse,multiple_optimal_paths,7:31
7:31:14,,يَا بَنِي آدَمَ خُذُوا زِينَتَكُمْ عِندَ كُلِّ مَسْجِدٍ وَكُلُوا وَاشْرَبُوا وَلَا تُسْرِفُوا إِنَّهُ لَا يُحِبُّ الْمُسْرِفِينَ,يُحِبُّ,ambiguous_verse,multiple_optimal_paths,7:31
7:31:15,,يَا بَنِي آدَمَ خُذُوا زِينَتَكُمْ عِندَ كُلِّ مَسْجِدٍ وَكُلُوا وَاشْرَبُوا وَلَا تُسْرِفُوا إِنَّهُ لَا يُحِبُّ الْمُسْرِفِينَ,ٱلْمُسْرِفِينَ,ambiguous_verse,multiple_optimal_paths,7:31
7:32:6,7:32:6,الَّتِي,ٱلَّتِىٓ,surface_mismatch,1:1;no_annotation_transferred,7:32
7:32:13,7:32:13,هِيَ,هِىَ,surface_mismatch,1:1;no_annotation_transferred,7:32
7:32:15,7:32:15,آمَنُوا,ءَامَنُوا۟,surface_mismatch,1:1;no_annotation_transferred,7:32
7:32:16,7:32:16,فِي,فِى,surface_mismatch,1:1;no_annotation_transferred,7:32
7:32:17,7:32:17,الْحَيَاةِ,ٱلْحَيَوٰةِ,surface_mismatch,1:1;no_annotation_transferred,7:32
7:32:24,7:32:24,الْآيَاتِ,ٱلْءَايَٰتِ,surface_mismatch,1:1;no_annotation_transferred,7:32
7:33:4,7:33:4,رَبِّيَ,رَبِّىَ,surface_mismatch,1:1;no_annotation_transferred,7:33
7:33:12,7:33:12,وَالْبَغْيَ,وَٱلْبَغْىَ,surface_mismatch,1:1;no_annotation_transferred,7:33
7:35:1,,يَا بَنِي آدَمَ إِمَّا يَأْتِيَنَّكُمْ رُسُلٌ مِّنكُمْ يَقُصُّونَ عَلَيْكُمْ آيَاتِي فَمَنِ اتَّقَىٰ وَأَصْلَحَ فَلَا خَوْفٌ عَلَيْهِمْ وَلَا هُمْ يَحْزَنُونَ,يَٰبَنِىٓ,ambiguous_verse,multiple_optimal_paths,7:35
7:35:2,,يَا بَنِي آدَمَ إِمَّا يَأْتِيَنَّكُمْ رُسُلٌ مِّنكُمْ يَقُصُّونَ عَلَيْكُمْ آيَاتِي فَمَنِ اتَّقَىٰ وَأَصْلَحَ فَلَا خَوْفٌ عَلَيْهِمْ وَلَا هُمْ يَحْزَنُونَ,ءَادَمَ,ambiguous_verse,multiple_optimal_paths,7:35
7:35:3,,يَا بَنِي آدَمَ إِمَّا يَأْتِيَنَّكُمْ رُسُلٌ مِّنكُمْ يَقُصُّونَ عَلَيْكُمْ آيَاتِي فَمَنِ اتَّقَىٰ وَأَصْلَحَ فَلَا خَوْفٌ عَلَيْهِمْ وَلَا هُمْ يَحْزَنُونَ,إِمَّا,ambiguous_verse,multiple_optimal_paths,7:35
7:35:4,,يَا بَنِي آدَمَ إِمَّا يَأْتِيَنَّكُمْ رُسُلٌ مِّنكُمْ يَقُصُّونَ عَلَيْكُمْ آيَاتِي فَمَنِ اتَّقَىٰ وَأَصْلَحَ فَلَا خَوْفٌ عَلَيْهِمْ وَلَا هُمْ يَحْزَنُونَ,يَأْتِيَنَّكُمْ,ambiguous_verse,multiple_optimal_paths,7:35
7:35:5,,يَا بَنِي آدَمَ إِمَّا يَأْتِيَنَّكُمْ رُسُلٌ مِّنكُمْ يَقُصُّونَ عَلَيْكُمْ آيَاتِي فَمَنِ اتَّقَىٰ وَأَصْلَحَ فَلَا خَوْفٌ عَلَيْهِمْ وَلَا هُمْ يَحْزَنُونَ,رُسُلٌ,ambiguous_verse,multiple_optimal_paths,7:35
7:35:6,,يَا بَنِي آدَمَ إِمَّا يَأْتِيَنَّكُمْ رُسُلٌ مِّنكُمْ يَقُصُّونَ عَلَيْكُمْ آيَاتِي فَمَنِ اتَّقَىٰ وَأَصْلَحَ فَلَا خَوْفٌ عَلَيْهِمْ وَلَا هُمْ يَحْزَنُونَ,مِّنكُمْ,ambiguous_verse,multiple_optimal_paths,7:35
7:35:7,,يَا بَنِي آدَمَ إِمَّا يَأْتِيَنَّكُمْ رُسُلٌ مِّنكُمْ يَقُصُّونَ عَلَيْكُمْ آيَاتِي فَمَنِ اتَّقَىٰ وَأَصْلَحَ فَلَا خَوْفٌ عَلَيْهِمْ وَلَا هُمْ يَحْزَنُونَ,يَقُصُّونَ,ambiguous_verse,multiple_optimal_paths,7:35
7:35:8,,يَا بَنِي آدَمَ إِمَّا يَأْتِيَنَّكُمْ رُسُلٌ مِّنكُمْ يَقُصُّونَ عَلَيْكُمْ آيَاتِي فَمَنِ اتَّقَىٰ وَأَصْلَحَ فَلَا خَوْفٌ عَلَيْهِمْ وَلَا هُمْ يَحْزَنُونَ,عَلَيْكُمْ,ambiguous_verse,multiple_optimal_paths,7:35
7:35:9,,يَا بَنِي آدَمَ إِمَّا يَأْتِيَنَّكُمْ رُسُلٌ مِّنكُمْ يَقُصُّونَ عَلَيْكُمْ آيَاتِي فَمَنِ اتَّقَىٰ وَأَصْلَحَ فَلَا خَوْفٌ عَلَيْهِمْ وَلَا هُمْ يَحْزَنُونَ,ءَايَٰتِى,ambiguous_verse,multiple_optimal_paths,7:35
7:35:10,,يَا بَنِي آدَمَ إِمَّا يَأْتِيَنَّكُمْ رُسُلٌ مِّنكُمْ يَقُصُّونَ عَلَيْكُمْ آيَاتِي فَمَنِ اتَّقَىٰ وَأَصْلَحَ فَلَا خَوْفٌ عَلَيْهِمْ وَلَا هُمْ يَحْزَنُونَ,فَمَنِ,ambiguous_verse,multiple_optimal_paths,7:35
7:35:11,,يَا بَنِي آدَمَ إِمَّا يَأْتِيَنَّكُمْ رُسُلٌ مِّنكُمْ يَقُصُّونَ عَلَيْكُمْ آيَاتِي فَمَنِ اتَّقَىٰ وَأَصْلَحَ فَلَا خَوْفٌ عَلَيْهِمْ وَلَا هُمْ يَحْزَنُونَ,ٱتَّقَىٰ,ambiguous_verse,multiple_optimal_paths,7:35
7:35:12,,يَا بَنِي آدَمَ إِمَّا يَأْتِيَنَّكُمْ رُسُلٌ مِّنكُمْ يَقُصُّونَ عَلَيْكُمْ آيَاتِي فَمَنِ اتَّقَىٰ وَأَصْلَحَ فَلَا خَوْفٌ عَلَيْهِمْ وَلَا هُمْ يَحْزَنُونَ,وَأَصْلَحَ,ambiguous_verse,multiple_optimal_paths,7:35
7:35:13,,يَا بَنِي آدَمَ إِمَّا يَأْتِيَنَّكُمْ رُسُلٌ مِّنكُمْ يَقُصُّونَ عَلَيْكُمْ آيَاتِي فَمَنِ اتَّقَىٰ وَأَصْلَحَ فَلَا خَوْفٌ عَلَيْهِمْ وَلَا هُمْ يَحْزَنُونَ,فَلَا,ambiguous_verse,multiple_optimal_paths,7:35
7:35:14,,يَا بَنِي آدَمَ إِمَّا يَأْتِيَنَّكُمْ رُسُلٌ مِّنكُمْ يَقُصُّونَ عَلَيْكُمْ آيَاتِي فَمَنِ اتَّقَىٰ وَأَصْلَحَ فَلَا خَوْفٌ عَلَيْهِمْ وَلَا هُمْ يَحْزَنُونَ,خَوْفٌ,ambiguous_verse,multiple_optimal_paths,7:35
7:35:15,,يَا بَنِي آدَمَ إِمَّا يَأْتِيَنَّكُمْ رُسُلٌ مِّنكُمْ يَقُصُّونَ عَلَيْكُمْ آيَاتِي فَمَنِ اتَّقَىٰ وَأَصْلَحَ فَلَا خَوْفٌ عَلَيْهِمْ وَلَا هُمْ يَحْزَنُونَ,عَلَيْهِمْ,ambiguous_verse,multiple_optimal_paths,7:35
7:35:16,,يَا بَنِي آدَمَ إِمَّا يَأْتِيَنَّكُمْ رُسُلٌ مِّنكُمْ يَقُصُّونَ عَلَيْكُمْ آيَاتِي فَمَنِ اتَّقَىٰ وَأَصْلَحَ فَلَا خَوْفٌ عَلَيْهِمْ وَلَا هُمْ يَحْزَنُونَ,وَلَا,ambiguous_verse,multiple_optimal_paths,7:35
7:35:17,,يَا بَنِي آدَمَ إِمَّا يَأْتِيَنَّكُمْ رُسُلٌ مِّنكُمْ يَقُصُّونَ عَلَيْكُمْ آيَاتِي فَمَنِ اتَّقَىٰ وَأَصْلَحَ فَلَا خَوْفٌ عَلَيْهِمْ وَلَا هُمْ يَحْزَنُونَ,هُمْ,ambiguous_verse,multiple_optimal_paths,7:35
7:35:18,,يَا بَنِي آدَمَ إِمَّا يَأْتِيَنَّكُمْ رُسُلٌ مِّنكُمْ يَقُصُّونَ عَلَيْكُمْ آيَاتِي فَمَنِ اتَّقَىٰ وَأَصْلَحَ فَلَا خَوْفٌ عَلَيْهِمْ وَلَا هُمْ يَحْزَنُونَ,يَحْزَنُونَ,ambiguous_verse,multiple_optimal_paths,7:35
7:36:3,7:36:3,بِآيَاتِنَا,بِـَٔايَٰتِنَا,surface_mismatch,1:1;no_annotation_transferred,7:36
7:37:10,7:37:10,بِآيَاتِهِ,بِـَٔايَٰتِهِۦٓ,surface_mismatch,1:1;no_annotation_transferred,7:37
7:38:3,7:38:3,فِي,فِىٓ,surface_mismatch,1:1;no_annotation_transferred,7:38
7:38:12,7:38:12,فِي,فِى,surface_mismatch,1:1;no_annotation_transferred,7:38
7:38:25,7:38:25,أُخْرَاهُمْ,أُخْرَىٰهُمْ,surface_mismatch,1:1;no_annotation_transferred,7:38
7:38:26,7:38:26,لِأُولَاهُمْ,لِأُولَىٰهُمْ,surface_mismatch,1:1;no_annotation_transferred,7:38
7:38:30,7:38:30,فَآتِهِمْ,فَـَٔاتِهِمْ,surface_mismatch,1:1;no_annotation_transferred,7:38
7:39:2,7:39:2,أُولَاهُمْ,أُولَىٰهُمْ,surface_mismatch,1:1;no_annotation_transferred,7:39
7:39:3,7:39:3,لِأُخْرَاهُمْ,لِأُخْرَىٰهُمْ,surface_mismatch,1:1;no_annotation_transferred,7:39
7:40:4,7:40:4,بِآيَاتِنَا,بِـَٔايَٰتِنَا,surface_mismatch,1:1;no_annotation_transferred,7:40
7:40:18,7:40:18,فِي,فِى,surface_mismatch,1:1;no_annotation_transferred,7:40
7:40:22,7:40:22,نَجْزِي,نَجْزِى,surface_mismatch,1:1;no_annotation_transferred,7:40
7:41:9,7:41:9,نَجْزِي,نَجْزِى,surface_mismatch,1:1;no_annotation_transferred,7:41
7:42:2,7:42:2,آمَنُوا,ءَامَنُوا۟,surface_mismatch,1:1;no_annotation_transferred,7:42
7:43:3,7:43:3,فِي,فِى,surface_mismatch,1:1;no_annotation_transferred,7:43
7:43:7,7:43:7,تَجْرِي,تَجْرِى,surface_mismatch,1:1;no_annotation_transferred,7:43
7:43:14,7:43:14,الَّذِي,ٱلَّذِى,surface_mismatch,1:1;no_annotation_transferred,7:43
7:43:15,7:43:15,هَدَانَا,هَدَىٰنَا,surface_mismatch,1:1;no_annotation_transferred,7:43
7:43:19,7:43:19,لِنَهْتَدِيَ,لِنَهْتَدِىَ,surface_mismatch,1:1;no_annotation_transferred,7:43
7:43:22,7:43:22,هَدَانَا,هَدَىٰنَا,surface_mismatch,1:1;no_annotation_transferred,7:43
7:45:9,7:45:9,بِالْآخِرَةِ,بِٱلْءَاخِرَةِ,surface_mismatch,1:1;no_annotation_transferred,7:45
7:46:8,7:46:8,بِسِيمَاهُمْ,بِسِيمَىٰهُمْ,surface_mismatch,1:1;no_annotation_transferred,7:46
7:48:6,7:48:6,بِسِيمَاهُمْ,بِسِيمَىٰهُمْ,surface_mismatch,1:1;no_annotation_transferred,7:48
7:51:7,7:51:7,الْحَيَاةُ,ٱلْحَيَوٰةُ,surface_mismatch,1:1;no_annotation_transferred,7:51
7:51:10,7:51:10,نَنسَاهُمْ,نَنسَىٰهُمْ,surface_mismatch,1:1;no_annotation_transferred,7:51
7:51:18,7:51:18,بِآيَاتِنَا,بِـَٔايَٰتِنَا,surface_mismatch,1:1;no_annotation_transferred,7:51
7:53:6,7:53:6,يَأْتِي,يَأْتِى,surface_mismatch,1:1;no_annotation_transferred,7:53
7:53:28,7:53:28,الَّذِي,ٱلَّذِى,surface_mismatch,1:1;no_annotation_transferred,7:53
7:54:4,7:54:4,الَّذِي,ٱلَّذِى,surface_mismatch,1:1;no_annotation_transferred,7:54
7:54:8,7:54:8,فِي,فِى,surface_mismatch,1:1;no_annotation_transferred,7:54
7:54:15,7:54:15,يُغْشِي,يُغْشِى,surface_mismatch,1:1;no_annotation_transferred,7:54
7:54:16,7:54:16,اللَّيْلَ,ٱلَّيْلَ,surface_mismatch,1:1;no_annotation_transferred,7:54
7:56:3,7:56:3,فِي,فِى,surface_mismatch,1:1;no_annotation_transferred,7:56
7:57:2,7:57:2,الَّذِي,ٱلَّذِى,surface_mismatch,1:1;no_annotation_transferred,7:57
7:57:7,7:57:7,يَدَيْ,يَدَىْ,surface_mismatch,1:1;no_annotation_transferred,7:57
7:58:7,7:58:7,وَالَّذِي,وَٱلَّذِى,surface_mismatch,1:1;no_annotation_transferred,7:58
7:58:15,7:58:15,الْآيَاتِ,ٱلْءَايَٰتِ,surface_mismatch,1:1;no_annotation_transferred,7:58
7:59:15,7:59:16,إِنِّي,إِنِّىٓ,surface_mismatch,1:1;no_annotation_transferred,7:59
7:60:6,7:60:6,لَنَرَاكَ,لَنَرَىٰكَ,surface_mismatch,1:1;no_annotation_transferred,7:60
7:60:7,7:60:7,فِي,فِى,surface_mismatch,1:1;no_annotation_transferred,7:60
7:61:4,7:61:5,بِي,بِى,surface_mismatch,1:1;no_annotation_transferred,7:61
7:61:6,7:61:7,وَلَـٰكِنِّي,وَلَٰكِنِّى,surface_mismatch,1:1;no_annotation_transferred,7:61
7:62:3,7:62:3,رَبِّي,رَبِّى,surface_mismatch,1:1;no_annotation_transferred,7:62
7:64:5,7:64:5,فِي,فِى,surface_mismatch,1:1;no_annotation_transferred,7:64
7:64:10,7:64:10,بِآيَاتِنَا,بِـَٔايَٰتِنَآ,surface_mismatch,1:1;no_annotation_transferred,7:64
7:66:8,7:66:8,لَنَرَاكَ,لَنَرَىٰكَ,surface_mismatch,1:1;no_annotation_transferred,7:66
7:66:9,7:66:9,فِي,فِى,surface_mismatch,1:1;no_annotation_transferred,7:66
7:67:4,7:67:5,بِي,بِى,surface_mismatch,1:1;no_annotation_transferred,7:67
7:67:6,7:67:7,وَلَـٰكِنِّي,وَلَٰكِنِّى,surface_mismatch,1:1;no_annotation_transferred,7:67
7:68:3,7:68:3,رَبِّي,رَبِّى,surface_mismatch,1:1;no_annotation_transferred,7:68
7:69:20,7:69:20,فِي,فِى,surface_mismatch,1:1;no_annotation_transferred,7:69
7:69:22,7:69:22,بَسْطَةً,بَصْۜطَةً,surface_mismatch,1:1;no_annotation_transferred,7:69
7:69:24,7:69:24,آلَاءَ,ءَالَآءَ,surface_mismatch,1:1;no_annotation_transferred,7:69
7:70:10,7:70:10,آبَاؤُنَا,ءَابَآؤُنَا,surface_mismatch,1:1;no_annotation_transferred,7:70
7:71:9,7:71:9,أَتُجَادِلُونَنِي,أَتُجَٰدِلُونَنِى,surface_mismatch,1:1;no_annotation_transferred,7:71
7:71:10,7:71:10,فِي,فِىٓ,surface_mismatch,1:1;no_annotation_transferred,7:71
7:71:14,7:71:14,وَآبَاؤُكُم,وَءَابَآؤُكُم,surface_mismatch,1:1;no_annotation_transferred,7:71
7:71:22,7:71:22,إِنِّي,إِنِّى,surface_mismatch,1:1;no_annotation_transferred,7:71
7:72:10,7:72:10,بِآيَاتِنَا,بِـَٔايَٰتِنَا,surface_mismatch,1:1;no_annotation_transferred,7:72
7:73:23,7:73:24,آيَةً,ءَايَةً,surface_mismatch,1:1;no_annotation_transferred,7:73
7:73:26,7:73:27,فِي,فِىٓ,surface_mismatch,1:1;no_annotation_transferred,7:73
7:74:9,7:74:9,فِي,فِى,surface_mismatch,1:1;no_annotation_transferred,7:74
7:74:19,7:74:19,آلَاءَ,ءَالَآءَ,surface_mismatch,1:1;no_annotation_transferred,7:74
7:74:23,7:74:23,فِي,فِى,surface_mismatch,1:1;no_annotation_transferred,7:74
7:75:10,7:75:10,آمَنَ,ءَامَنَ,surface_mismatch,1:1;no_annotation_transferred,7:75
7:76:5,7:76:5,بِالَّذِي,بِٱلَّذِىٓ,surface_mismatch,1:1;no_annotation_transferred,7:76
7:76:6,7:76:6,آمَنتُم,ءَامَنتُم,surface_mismatch,1:1;no_annotation_transferred,7:76
7:78:4,7:78:4,فِي,فِى,surface_mismatch,1:1;no_annotation_transferred,7:78
7:79:8,7:79:9,رَبِّي,رَبِّى,surface_mismatch,1:1;no_annotation_transferred,7:79
7:85:28,7:85:29,فِي,فِى,surface_mismatch,1:1;no_annotation_transferred,7:85
7:86:11,7:86:11,آمَنَ,ءَامَنَ,surface_mismatch,1:1;no_annotation_transferred,7:86
7:87:5,7:87:5,آمَنُوا,ءَامَنُوا۟,surface_mismatch,1:1;no_annotation_transferred,7:87
7:87:6,7:87:6,بِالَّذِي,بِٱلَّذِىٓ,surface_mismatch,1:1;no_annotation_transferred,7:87
7:88:10,7:88:11,آمَنُوا,ءَامَنُوا۟,surface_mismatch,1:1;no_annotation_transferred,7:88
7:88:16,7:88:17,فِي,فِى,surface_mismatch,1:1;no_annotation_transferred,7:88
7:89:8,7:89:8,فِي,فِى,surface_mismatch,1:1;no_annotation_transferred,7:89
7:89:12,7:89:12,نَجَّانَا,نَجَّىٰنَا,surface_mismatch,1:1;no_annotation_transferred,7:89
7:89:29,7:89:29,شَيْءٍ,شَىْءٍ,surface_mismatch,1:1;no_annotation_transferred,7:89
7:91:4,7:91:4,فِي,فِى,surface_mismatch,1:1;no_annotation_transferred,7:91
7:93:8,7:93:9,رَبِّي,رَبِّى,surface_mismatch,1:1;no_annotation_transferred,7:93
7:93:12,7:93:13,آسَىٰ,ءَاسَىٰ,surface_mismatch,1:1;no_annotation_transferred,7:93
7:94:3,7:94:3,فِي,فِى,surface_mismatch,1:1;no_annotation_transferred,7:94
7:94:6,7:94:6,نَّبِيٍّ,نَّبِىٍّ,surface_mismatch,1:1;no_annotation_transferred,7:94
7:95:11,7:95:11,آبَاءَنَا,ءَابَآءَنَا,surface_mismatch,1:1;no_annotation_transferred,7:95
7:96:5,7:96:5,آمَنُوا,ءَامَنُوا۟,surface_mismatch,1:1;no_annotation_transferred,7:96
7:103:6,7:103:6,بِآيَاتِنَا,بِـَٔايَٰتِنَآ,surface_mismatch,1:1;no_annotation_transferred,7:103
7:103:9,7:103:9,وَمَلَئِهِ,وَمَلَإِي۟هِۦ,surface_mismatch,1:1;no_annotation_transferred,7:103
7:104:4,7:104:5,إِنِّي,إِنِّى,surface_mismatch,1:1;no_annotation_transferred,7:104
7:105:16,7:105:16,مَعِيَ,مَعِىَ,surface_mismatch,1:1;no_annotation_transferred,7:105
7:105:17,7:105:17,بَنِي,بَنِىٓ,surface_mismatch,1:1;no_annotation_transferred,7:105
7:105:18,7:105:18,إِسْرَائِيلَ,إِسْرَٰٓءِيلَ,surface_mismatch,1:1;no_annotation_transferred,7:105
7:106:5,7:106:5,بِآيَةٍ,بِـَٔايَةٍ,surface_mismatch,1:1;no_annotation_transferred,7:106
7:107:4,7:107:4,هِيَ,هِىَ,surface_mismatch,1:1;no_annotation_transferred,7:107
7:108:4,7:108:4,هِيَ,هِىَ,surface_mismatch,1:1;no_annotation_transferred,7:108
7:111:5,7:111:5,فِي,فِى,surface_mismatch,1:1;no_annotation_transferred,7:111
7:115:5,7:115:6,تُلْقِيَ,تُلْقِىَ,surface_mismatch,1:1;no_annotation_transferred,7:115
7:116:9,7:116:9,وَجَاءُوا,وَجَآءُو,surface_mismatch,1:1;no_annotation_transferred,7:116
7:117:8,7:117:8,هِيَ,هِىَ,surface_mismatch,1:1;no_annotation_transferred,7:117
7:120:1,7:120:1,وَأُلْقِيَ,وَأُلْقِىَ,surface_mismatch,1:1;no_annotation_transferred,7:120
7:121:2,7:121:2,آمَنَّا,ءَامَنَّا,surface_mismatch,1:1;no_annotation_transferred,7:121
7:123:3,7:123:3,آمَنتُم,ءَامَنتُم,surface_mismatch,1:1;no_annotation_transferred,7:123
7:123:7,7:123:7,آذَنَ,ءَاذَنَ,surface_mismatch,1:1;no_annotation_transferred,7:123
7:123:13,7:123:13,فِي,فِى,surface_mismatch,1:1;no_annotation_transferred,7:123
7:126:6,7:126:6,آمَنَّا,ءَامَنَّا,surface_mismatch,1:1;no_annotation_transferred,7:126
7:126:7,7:126:7,بِآيَاتِ,بِـَٔايَٰتِ,surface_mismatch,1:1;no_annotation_transferred,7:126
7:127:10,7:127:10,فِي,فِى,surface_mismatch,1:1;no_annotation_transferred,7:127
7:127:13,7:127:13,وَآلِهَتَكَ,وَءَالِهَتَكَ,surface_mismatch,1:1;no_annotation_transferred,7:127
7:127:17,7:127:17,وَنَسْتَحْيِي,وَنَسْتَحْىِۦ,surface_mismatch,1:1;no_annotation_transferred,7:127
7:129:18,7:129:18,فِي,فِى,surface_mismatch,1:1;no_annotation_transferred,7:129
7:130:3,7:130:3,آلَ,ءَالَ,surface_mismatch,1:1;no_annotation_transferred,7:130
7:132:6,7:132:6,آيَةٍ,ءَايَةٍ,surface_mismatch,1:1;no_annotation_transferred,7:132
7:133:8,7:133:8,آيَاتٍ,ءَايَٰتٍ,surface_mismatch,1:1;no_annotation_transferred,7:133
7:134:21,7:134:22,بَنِي,بَنِىٓ,surface_mismatch,1:1;no_annotation_transferred,7:134
7:134:22,7:134:23,إِسْرَائِيلَ,إِسْرَٰٓءِيلَ,surface_mismatch,1:1;no_annotation_transferred,7:134
7:136:4,7:136:4,فِي,فِى,surface_mismatch,1:1;no_annotation_transferred,7:136
7:136:8,7:136:8,بِآيَاتِنَا,بِـَٔايَٰتِنَا,surface_mismatch,1:1;no_annotation_transferred,7:136
7:137:9,7:137:9,الَّتِي,ٱلَّتِى,surface_mismatch,1:1;no_annotation_transferred,7:137
7:137:17,7:137:17,بَنِي,بَنِىٓ,surface_mismatch,1:1;no_annotation_transferred,7:137
7:137:18,7:137:18,إِسْرَائِيلَ,إِسْرَٰٓءِيلَ,surface_mismatch,1:1;no_annotation_transferred,7:137
7:138:2,7:138:2,بِبَنِي,بِبَنِىٓ,surface_mismatch,1:1;no_annotation_transferred,7:138
7:138:3,7:138:3,إِسْرَائِيلَ,إِسْرَٰٓءِيلَ,surface_mismatch,1:1;no_annotation_transferred,7:138
7:138:19,7:138:20,آلِهَةٌ,ءَالِهَةٌ,surface_mismatch,1:1;no_annotation_transferred,7:138
7:141:4,7:141:4,آلِ,ءَالِ,surface_mismatch,1:1;no_annotation_transferred,7:141
7:141:13,7:141:13,وَفِي,وَفِى,surface_mismatch,1:1;no_annotation_transferred,7:141
7:142:16,7:142:16,اخْلُفْنِي,ٱخْلُفْنِى,surface_mismatch,1:1;no_annotation_transferred,7:142
7:142:17,7:142:17,فِي,فِى,surface_mismatch,1:1;no_annotation_transferred,7:142
7:142:18,7:142:18,قَوْمِي,قَوْمِى,surface_mismatch,1:1;no_annotation_transferred,7:142
7:143:9,7:143:9,أَرِنِي,أَرِنِىٓ,surface_mismatch,1:1;no_annotation_transferred,7:143
7:143:14,7:143:14,تَرَانِي,تَرَىٰنِى,surface_mismatch,1:1;no_annotation_transferred,7:143
7:143:23,7:143:23,تَرَانِي,تَرَىٰنِى,surface_mismatch,1:1;no_annotation_transferred,7:143
7:144:3,7:144:4,إِنِّي,إِنِّى,surface_mismatch,1:1;no_annotation_transferred,7:144
7:144:7,7:144:8,بِرِسَالَاتِي,بِرِسَٰلَٰتِى,surface_mismatch,1:1;no_annotation_transferred,7:144
7:144:8,7:144:9,وَبِكَلَامِي,وَبِكَلَٰمِى,surface_mismatch,1:1;no_annotation_transferred,7:144
7:144:11,7:144:12,آتَيْتُكَ,ءَاتَيْتُكَ,surface_mismatch,1:1;no_annotation_transferred,7:144
7:145:3,7:145:3,فِي,فِى,surface_mismatch,1:1;no_annotation_transferred,7:145
7:145:7,7:145:7,شَيْءٍ,شَىْءٍ,surface_mismatch,1:1;no_annotation_transferred,7:145
7:145:11,7:145:11,شَيْءٍ,شَىْءٍ,surface_mismatch,1:1;no_annotation_transferred,7:145
7:145:18,7:145:18,سَأُرِيكُمْ,سَأُو۟رِيكُمْ,surface_mismatch,1:1;no_annotation_transferred,7:145
7:146:3,7:146:3,آيَاتِيَ,ءَايَٰتِىَ,surface_mismatch,1:1;no_annotation_transferred,7:146
7:146:6,7:146:6,فِي,فِى,surface_mismatch,1:1;no_annotation_transferred,7:146
7:146:13,7:146:13,آيَةٍ,ءَايَةٍ,surface_mismatch,1:1;no_annotation_transferred,7:146
7:146:27,7:146:27,الْغَيِّ,ٱلْغَىِّ,surface_mismatch,1:1;no_annotation_transferred,7:146
7:146:33,7:146:33,بِآيَاتِنَا,بِـَٔايَٰتِنَا,surface_mismatch,1:1;no_annotation_transferred,7:146
7:147:3,7:147:3,بِآيَاتِنَا,بِـَٔايَٰتِنَا,surface_mismatch,1:1;no_annotation_transferred,7:147
7:147:5,7:147:5,الْآخِرَةِ,ٱلْءَاخِرَةِ,surface_mismatch,1:1;no_annotation_transferred,7:147
7:149:3,7:149:3,فِي,فِىٓ,surface_mismatch,1:1;no_annotation_transferred,7:149
7:150:10,7:150:10,خَلَفْتُمُونِي,خَلَفْتُمُونِى,surface_mismatch,1:1;no_annotation_transferred,7:150
7:150:12,7:150:12,بَعْدِي,بَعْدِىٓ,surface_mismatch,1:1;no_annotation_transferred,7:150
7:150:28,7:150:28,اسْتَضْعَفُونِي,ٱسْتَضْعَفُونِى,surface_mismatch,1:1;no_annotation_transferred,7:150
7:150:30,7:150:30,يَقْتُلُونَنِي,يَقْتُلُونَنِى,surface_mismatch,1:1;no_annotation_transferred,7:150
7:150:33,7:150:33,بِيَ,بِىَ,surface_mismatch,1:1;no_annotation_transferred,7:150
7:150:36,7:150:36,تَجْعَلْنِي,تَجْعَلْنِى,surface_mismatch,1:1;no_annotation_transferred,7:150
7:151:4,7:151:4,لِي,لِى,surface_mismatch,1:1;no_annotation_transferred,7:151
7:151:5,7:151:5,وَلِأَخِي,وَلِأَخِى,surface_mismatch,1:1;no_annotation_transferred,7:151
7:151:7,7:151:7,فِي,فِى,surface_mismatch,1:1;no_annotation_transferred,7:151
7:152:10,7:152:10,فِي,فِى,surface_mismatch,1:1;no_annotation_transferred,7:152
7:152:11,7:152:11,الْحَيَاةِ,ٱلْحَيَوٰةِ,surface_mismatch,1:1;no_annotation_transferred,7:152
7:152:14,7:152:14,نَجْزِي,نَجْزِى,surface_mismatch,1:1;no_annotation_transferred,7:152
7:153:3,7:153:3,السَّيِّئَاتِ,ٱلسَّيِّـَٔاتِ,surface_mismatch,1:1;no_annotation_transferred,7:153
7:153:8,7:153:8,وَآمَنُوا,وَءَامَنُوٓا۟,surface_mismatch,1:1;no_annotation_transferred,7:153
7:154:8,7:154:8,وَفِي,وَفِى,surface_mismatch,1:1;no_annotation_transferred,7:154
7:155:17,7:155:17,وَإِيَّايَ,وَإِيَّٰىَ,surface_mismatch,1:1;no_annotation_transferred,7:155
7:155:24,7:155:24,هِيَ,هِىَ,surface_mismatch,1:1;no_annotation_transferred,7:155
7:155:31,7:155:31,وَتَهْدِي,وَتَهْدِى,surface_mismatch,1:1;no_annotation_transferred,7:155
7:156:3,7:156:3,فِي,فِى,surface_mismatch,1:1;no_annotation_transferred,7:156
7:156:7,7:156:7,وَفِي,وَفِى,surface_mismatch,1:1;no_annotation_transferred,7:156
7:156:8,7:156:8,الْآخِرَةِ,ٱلْءَاخِرَةِ,surface_mismatch,1:1;no_annotation_transferred,7:156
7:156:13,7:156:13,عَذَابِي,عَذَابِىٓ,surface_mismatch,1:1;no_annotation_transferred,7:156
7:156:18,7:156:18,وَرَحْمَتِي,وَرَحْمَتِى,surface_mismatch,1:1;no_annotation_transferred,7:156
7:156:21,7:156:21,شَيْءٍ,شَىْءٍ,surface_mismatch,1:1;no_annotation_transferred,7:156
7:156:26,7:156:26,الزَّكَاةَ,ٱلزَّكَوٰةَ,surface_mismatch,1:1;no_annotation_transferred,7:156
7:156:29,7:156:29,بِآيَاتِنَا,بِـَٔايَٰتِنَا,surface_mismatch,1:1;no_annotation_transferred,7:156
7:157:4,7:157:4,النَّبِيَّ,ٱلنَّبِىَّ,surface_mismatch,1:1;no_annotation_transferred,7:157
7:157:5,7:157:5,الْأُمِّيَّ,ٱلْأُمِّىَّ,surface_mismatch,1:1;no_annotation_transferred,7:157
7:157:6,7:157:6,الَّذِي,ٱلَّذِى,surface_mismatch,1:1;no_annotation_transferred,7:157
7:157:10,7:157:10,فِي,فِى,surface_mismatch,1:1;no_annotation_transferred,7:157
7:157:11,7:157:11,التَّوْرَاةِ,ٱلتَّوْرَىٰةِ,surface_mismatch,1:1;no_annotation_transferred,7:157
7:157:15,7:157:15,وَيَنْهَاهُمْ,وَيَنْهَىٰهُمْ,surface_mismatch,1:1;no_annotation_transferred,7:157
7:157:28,7:157:28,الَّتِي,ٱلَّتِى,surface_mismatch,1:1;no_annotation_transferred,7:157
7:157:32,7:157:32,آمَنُوا,ءَامَنُوا۟,surface_mismatch,1:1;no_annotation_transferred,7:157
7:157:38,7:157:38,الَّذِي,ٱلَّذِىٓ,surface_mismatch,1:1;no_annotation_transferred,7:157
7:158:4,7:158:5,إِنِّي,إِنِّى,surface_mismatch,1:1;no_annotation_transferred,7:158
7:158:9,7:158:10,الَّذِي,ٱلَّذِى,surface_mismatch,1:1;no_annotation_transferred,7:158
7:158:18,7:158:19,يُحْيِي,يُحْىِۦ,surface_mismatch,1:1;no_annotation_transferred,7:158
7:158:20,7:158:21,فَآمِنُوا,فَـَٔامِنُوا۟,surface_mismatch,1:1;no_annotation_transferred,7:158
7:158:23,7:158:24,النَّبِيِّ,ٱلنَّبِىِّ,surface_mismatch,1:1;no_annotation_transferred,7:158
7:158:24,7:158:25,الْأُمِّيِّ,ٱلْأُمِّىِّ,surface_mismatch,1:1;no_annotation_transferred,7:158
7:158:25,7:158:26,الَّذِي,ٱلَّذِى,surface_mismatch,1:1;no_annotation_transferred,7:158
7:160:2,7:160:2,اثْنَتَيْ,ٱثْنَتَىْ,surface_mismatch,1:1;no_annotation_transferred,7:160
7:160:10,7:160:10,اسْتَسْقَاهُ,ٱسْتَسْقَىٰهُ,surface_mismatch,1:1;no_annotation_transferred,7:160
7:161:18,7:161:18,خَطِيئَاتِكُمْ,خَطِيٓـَٰٔتِكُمْ,surface_mismatch,1:1;no_annotation_transferred,7:161
7:162:7,7:162:7,الَّذِي,ٱلَّذِى,surface_mismatch,1:1;no_annotation_transferred,7:162
7:163:1,7:163:1,وَاسْأَلْهُمْ,وَسْـَٔلْهُمْ,surface_mismatch,1:1;no_annotation_transferred,7:163
7:163:4,7:163:4,الَّتِي,ٱلَّتِى,surface_mismatch,1:1;no_annotation_transferred,7:163
7:163:10,7:163:10,فِي,فِى,surface_mismatch,1:1;no_annotation_transferred,7:163
7:165:15,7:165:15,بَئِيسٍ,بَـِٔيسٍۭ,surface_mismatch,1:1;no_annotation_transferred,7:165
7:166:11,7:166:11,خَاسِئِينَ,خَٰسِـِٔينَ,surface_mismatch,1:1;no_annotation_transferred,7:166
7:168:2,7:168:2,فِي,فِى,surface_mismatch,1:1;no_annotation_transferred,7:168
7:168:12,7:168:12,وَالسَّيِّئَاتِ,وَٱلسَّيِّـَٔاتِ,surface_mismatch,1:1;no_annotation_transferred,7:168
7:169:35,7:169:35,الْآخِرَةُ,ٱلْءَاخِرَةُ,surface_mismatch,1:1;no_annotation_transferred,7:169
7:170:5,7:170:5,الصَّلَاةَ,ٱلصَّلَوٰةَ,surface_mismatch,1:1;no_annotation_transferred,7:170
7:171:13,7:171:13,آتَيْنَاكُم,ءَاتَيْنَٰكُم,surface_mismatch,1:1;no_annotation_transferred,7:171
7:172:5,7:172:5,بَنِي,بَنِىٓ,surface_mismatch,1:1;no_annotation_transferred,7:172
7:172:6,7:172:6,آدَمَ,ءَادَمَ,surface_mismatch,1:1;no_annotation_transferred,7:172
7:173:5,7:173:5,آبَاؤُنَا,ءَابَآؤُنَا,surface_mismatch,1:1;no_annotation_transferred,7:173
7:174:3,7:174:3,الْآيَاتِ,ٱلْءَايَٰتِ,surface_mismatch,1:1;no_annotation_transferred,7:174
7:175:4,7:175:4,الَّذِي,ٱلَّذِىٓ,surface_mismatch,1:1;no_annotation_transferred,7:175
7:175:5,7:175:5,آتَيْنَاهُ,ءَاتَيْنَٰهُ,surface_mismatch,1:1;no_annotation_transferred,7:175
7:175:6,7:175:6,آيَاتِنَا,ءَايَٰتِنَا,surface_mismatch,1:1;no_annotation_transferred,7:175
7:176:10,7:176:10,هَوَاهُ,هَوَىٰهُ,surface_mismatch,1:1;no_annotation_transferred,7:176
7:176:26,7:176:26,بِآيَاتِنَا,بِـَٔايَٰتِنَا,surface_mismatch,1:1;no_annotation_transferred,7:176
7:177:6,7:177:6,بِآيَاتِنَا,بِـَٔايَٰتِنَا,surface_mismatch,1:1;no_annotation_transferred,7:177
7:178:5,7:178:5,الْمُهْتَدِي,ٱلْمُهْتَدِى,surface_mismatch,1:1;no_annotation_transferred,7:178
7:179:19,7:179:19,آذَانٌ,ءَاذَانٌ,surface_mismatch,1:1;no_annotation_transferred,7:179
7:180:9,7:180:9,فِي,فِىٓ,surface_mismatch,1:1;no_annotation_transferred,7:180
7:182:3,7:182:3,بِآيَاتِنَا,بِـَٔايَٰتِنَا,surface_mismatch,1:1;no_annotation_transferred,7:182
7:183:1,7:183:1,وَأُمْلِي,وَأُمْلِى,surface_mismatch,1:1;no_annotation_transferred,7:183
7:183:4,7:183:4,كَيْدِي,كَيْدِى,surface_mismatch,1:1;no_annotation_transferred,7:183
7:185:3,7:185:3,فِي,فِى,surface_mismatch,1:1;no_annotation_transferred,7:185
7:185:11,7:185:11,شَيْءٍ,شَىْءٍ,surface_mismatch,1:1;no_annotation_transferred,7:185
7:185:19,7:185:19,فَبِأَيِّ,فَبِأَىِّ,surface_mismatch,1:1;no_annotation_transferred,7:185
7:186:5,7:186:5,هَادِيَ,هَادِىَ,surface_mismatch,1:1;no_annotation_transferred,7:186
7:186:8,7:186:8,فِي,فِى,surface_mismatch,1:1;no_annotation_transferred,7:186
7:187:1,7:187:1,يَسْأَلُونَكَ,يَسْـَٔلُونَكَ,surface_mismatch,1:1;no_annotation_transferred,7:187
7:187:5,7:187:5,مُرْسَاهَا,مُرْسَىٰهَا,surface_mismatch,1:1;no_annotation_transferred,7:187
7:187:10,7:187:10,رَبِّي,رَبِّى,surface_mismatch,1:1;no_annotation_transferred,7:187
7:187:17,7:187:17,فِي,فِى,surface_mismatch,1:1;no_annotation_transferred,7:187
7:187:24,7:187:24,يَسْأَلُونَكَ,يَسْـَٔلُونَكَ,surface_mismatch,1:1;no_annotation_transferred,7:187
7:187:26,7:187:26,حَفِيٌّ,حَفِىٌّ,surface_mismatch,1:1;no_annotation_transferred,7:187
7:188:4,7:188:4,لِنَفْسِي,لِنَفْسِى,surface_mismatch,1:1;no_annotation_transferred,7:188
7:188:20,7:188:20,مَسَّنِيَ,مَسَّنِىَ,surface_mismatch,1:1;no_annotation_transferred,7:188
7:189:2,7:189:2,الَّذِي,ٱلَّذِى,surface_mismatch,1:1;no_annotation_transferred,7:189
7:189:13,7:189:13,تَغَشَّاهَا,تَغَشَّىٰهَا,surface_mismatch,1:1;no_annotation_transferred,7:189
7:189:25,7:189:25,آتَيْتَنَا,ءَاتَيْتَنَا,surface_mismatch,1:1;no_annotation_transferred,7:189
7:190:2,7:190:2,آتَاهُمَا,ءَاتَىٰهُمَا,surface_mismatch,1:1;no_annotation_transferred,7:190
7:190:8,7:190:8,آتَاهُمَا,ءَاتَىٰهُمَا,surface_mismatch,1:1;no_annotation_transferred,7:190
7:191:5,7:191:5,شَيْئًا,شَيْـًٔا,surface_mismatch,1:1;no_annotation_transferred,7:191
7:195:17,7:195:17,آذَانٌ,ءَاذَانٌ,surface_mismatch,1:1;no_annotation_transferred,7:195
7:196:2,7:196:2,وَلِيِّيَ,وَلِۦِّىَ,surface_mismatch,1:1;no_annotation_transferred,7:196
7:196:4,7:196:4,الَّذِي,ٱلَّذِى,surface_mismatch,1:1;no_annotation_transferred,7:196
7:198:7,7:198:7,وَتَرَاهُمْ,وَتَرَىٰهُمْ,surface_mismatch,1:1;no_annotation_transferred,7:198
7:202:3,7:202:3,فِي,فِى,surface_mismatch,1:1;no_annotation_transferred,7:202
7:202:4,7:202:4,الْغَيِّ,ٱلْغَىِّ,surface_mismatch,1:1;no_annotation_transferred,7:202
7:203:4,7:203:4,بِآيَةٍ,بِـَٔايَةٍ,surface_mismatch,1:1;no_annotation_transferred,7:203
7:203:13,7:203:13,إِلَيَّ,إِلَىَّ,surface_mismatch,1:1;no_annotation_transferred,7:203
7:203:15,7:203:15,رَّبِّي,رَّبِّى,surface_mismatch,1:1;no_annotation_transferred,7:203
7:204:3,7:204:3,الْقُرْآنُ,ٱلْقُرْءَانُ,surface_mismatch,1:1;no_annotation_transferred,7:204
7:205:3,7:205:3,فِي,فِى,surface_mismatch,1:1;no_annotation_transferred,7:205
7:205:12,7:205:12,وَالْآصَالِ,وَٱلْءَاصَالِ,surface_mismatch,1:1;no_annotation_transferred,7:205
8:1:1,8:1:5,يَسْأَلُونَكَ,يَسْـَٔلُونَكَ,surface_mismatch,1:1;no_annotation_transferred,8:1
8:2:12,8:2:12,آيَاتُهُ,ءَايَٰتُهُۥ,surface_mismatch,1:1;no_annotation_transferred,8:2
8:3:3,8:3:3,الصَّلَاةَ,ٱلصَّلَوٰةَ,surface_mismatch,1:1;no_annotation_transferred,8:3
8:6:2,8:6:2,فِي,فِى,surface_mismatch,1:1;no_annotation_transferred,8:6
8:9:6,8:9:6,أَنِّي,أَنِّى,surface_mismatch,1:1;no_annotation_transferred,8:9
8:12:2,8:12:2,يُوحِي,يُوحِى,surface_mismatch,1:1;no_annotation_transferred,8:12
8:12:6,8:12:6,أَنِّي,أَنِّى,surface_mismatch,1:1;no_annotation_transferred,8:12
8:12:10,8:12:10,آمَنُوا,ءَامَنُوا۟,surface_mismatch,1:1;no_annotation_transferred,8:12
8:12:11,8:12:11,سَأُلْقِي,سَأُلْقِى,surface_mismatch,1:1;no_annotation_transferred,8:12
8:12:12,8:12:12,فِي,فِى,surface_mismatch,1:1;no_annotation_transferred,8:12
8:15:3,8:15:4,آمَنُوا,ءَامَنُوٓا۟,surface_mismatch,1:1;no_annotation_transferred,8:15
8:16:17,8:16:17,وَمَأْوَاهُ,وَمَأْوَىٰهُ,surface_mismatch,1:1;no_annotation_transferred,8:16
8:17:13,8:17:13,وَلِيُبْلِيَ,وَلِيُبْلِىَ,surface_mismatch,1:1;no_annotation_transferred,8:17
8:19:15,8:19:15,تُغْنِيَ,تُغْنِىَ,surface_mismatch,1:1;no_annotation_transferred,8:19
8:19:18,8:19:18,شَيْئًا,شَيْـًٔا,surface_mismatch,1:1;no_annotation_transferred,8:19
8:20:3,8:20:4,آمَنُوا,ءَامَنُوٓا۟,surface_mismatch,1:1;no_annotation_transferred,8:20
8:24:3,8:24:4,آمَنُوا,ءَامَنُوا۟,surface_mismatch,1:1;no_annotation_transferred,8:24
8:26:6,8:26:6,فِي,فِى,surface_mismatch,1:1;no_annotation_transferred,8:26
8:26:12,8:26:12,فَآوَاكُمْ,فَـَٔاوَىٰكُمْ,surface_mismatch,1:1;no_annotation_transferred,8:26
8:27:3,8:27:4,آمَنُوا,ءَامَنُوا۟,surface_mismatch,1:1;no_annotation_transferred,8:27
8:29:3,8:29:4,آمَنُوا,ءَامَنُوٓا۟,surface_mismatch,1:1;no_annotation_transferred,8:29
8:29:12,8:29:13,سَيِّئَاتِكُمْ,سَيِّـَٔاتِكُمْ,surface_mismatch,1:1;no_annotation_transferred,8:29
8:31:4,8:31:4,آيَاتُنَا,ءَايَٰتُنَا,surface_mismatch,1:1;no_annotation_transferred,8:31
8:37:14,8:37:14,فِي,فِى,surface_mismatch,1:1;no_annotation_transferred,8:37
8:40:6,8:40:6,مَوْلَاكُمْ,مَوْلَىٰكُمْ,surface_mismatch,1:1;no_annotation_transferred,8:40
8:41:5,8:41:5,شَيْءٍ,شَىْءٍ,surface_mismatch,1:1;no_annotation_transferred,8:41
8:41:10,8:41:10,وَلِذِي,وَلِذِى,surface_mismatch,1:1;no_annotation_transferred,8:41
8:41:18,8:41:18,آمَنتُم,ءَامَنتُم,surface_mismatch,1:1;no_annotation_transferred,8:41
8:41:32,8:41:32,شَيْءٍ,شَىْءٍ,surface_mismatch,1:1;no_annotation_transferred,8:41
8:42:14,8:42:14,فِي,فِى,surface_mismatch,1:1;no_annotation_transferred,8:42
8:42:17,8:42:17,لِّيَقْضِيَ,لِّيَقْضِىَ,surface_mismatch,1:1;no_annotation_transferred,8:42
8:42:29,8:42:29,حَيَّ,حَىَّ,surface_mismatch,1:1;no_annotation_transferred,8:42
8:43:4,8:43:4,فِي,فِى,surface_mismatch,1:1;no_annotation_transferred,8:43
8:43:8,8:43:8,أَرَاكَهُمْ,أَرَىٰكَهُمْ,surface_mismatch,1:1;no_annotation_transferred,8:43
8:43:12,8:43:12,فِي,فِى,surface_mismatch,1:1;no_annotation_transferred,8:43
8:44:5,8:44:5,فِي,فِىٓ,surface_mismatch,1:1;no_annotation_transferred,8:44
8:44:9,8:44:9,فِي,فِىٓ,surface_mismatch,1:1;no_annotation_transferred,8:44
8:44:11,8:44:11,لِيَقْضِيَ,لِيَقْضِىَ,surface_mismatch,1:1;no_annotation_transferred,8:44
8:45:3,8:45:4,آمَنُوا,ءَامَنُوٓا۟,surface_mismatch,1:1;no_annotation_transferred,8:45
8:48:13,8:48:13,وَإِنِّي,وَإِنِّى,surface_mismatch,1:1;no_annotation_transferred,8:48
8:48:23,8:48:23,إِنِّي,إِنِّى,surface_mismatch,1:1;no_annotation_transferred,8:48
8:48:24,8:48:24,بَرِيءٌ,بَرِىٓءٌ,surface_mismatch,1:1;no_annotation_transferred,8:48
8:48:26,8:48:26,إِنِّي,إِنِّىٓ,surface_mismatch,1:1;no_annotation_transferred,8:48
8:48:31,8:48:31,إِنِّي,إِنِّىٓ,surface_mismatch,1:1;no_annotation_transferred,8:48
8:49:5,8:49:5,فِي,فِى,surface_mismatch,1:1;no_annotation_transferred,8:49
8:52:2,8:52:2,آلِ,ءَالِ,surface_mismatch,1:1;no_annotation_transferred,8:52
8:52:8,8:52:8,بِآيَاتِ,بِـَٔايَٰتِ,surface_mismatch,1:1;no_annotation_transferred,8:52
8:52:15,8:52:15,قَوِيٌّ,قَوِىٌّ,surface_mismatch,1:1;no_annotation_transferred,8:52
8:54:2,8:54:2,آلِ,ءَالِ,surface_mismatch,1:1;no_annotation_transferred,8:54
8:54:8,8:54:8,بِآيَاتِ,بِـَٔايَٰتِ,surface_mismatch,1:1;no_annotation_transferred,8:54
8:54:13,8:54:13,آلَ,ءَالَ,surface_mismatch,1:1;no_annotation_transferred,8:54
8:56:7,8:56:7,فِي,فِى,surface_mismatch,1:1;no_annotation_transferred,8:56
8:57:3,8:57:3,فِي,فِى,surface_mismatch,1:1;no_annotation_transferred,8:57
8:60:15,8:60:15,وَآخَرِينَ,وَءَاخَرِينَ,surface_mismatch,1:1;no_annotation_transferred,8:60
8:60:25,8:60:25,شَيْءٍ,شَىْءٍ,surface_mismatch,1:1;no_annotation_transferred,8:60
8:60:26,8:60:26,فِي,فِى,surface_mismatch,1:1;no_annotation_transferred,8:60
8:62:9,8:62:9,الَّذِي,ٱلَّذِىٓ,surface_mismatch,1:1;no_annotation_transferred,8:62
8:63:7,8:63:7,فِي,فِى,surface_mismatch,1:1;no_annotation_transferred,8:63
8:64:2,8:64:3,النَّبِيُّ,ٱلنَّبِىُّ,surface_mismatch,1:1;no_annotation_transferred,8:64
8:65:2,8:65:3,النَّبِيُّ,ٱلنَّبِىُّ,surface_mismatch,1:1;no_annotation_transferred,8:65
8:66:1,8:66:1,الْآنَ,ٱلْـَٰٔنَ,surface_mismatch,1:1;no_annotation_transferred,8:66
8:67:3,8:67:3,لِنَبِيٍّ,لِنَبِىٍّ,surface_mismatch,1:1;no_annotation_transferred,8:67
8:67:10,8:67:10,فِي,فِى,surface_mismatch,1:1;no_annotation_transferred,8:67
8:67:17,8:67:17,الْآخِرَةَ,ٱلْءَاخِرَةَ,surface_mismatch,1:1;no_annotation_transferred,8:67
8:70:2,8:70:3,النَّبِيُّ,ٱلنَّبِىُّ,surface_mismatch,1:1;no_annotation_transferred,8:70
8:70:5,8:70:6,فِي,فِىٓ,surface_mismatch,1:1;no_annotation_transferred,8:70
8:70:12,8:70:13,فِي,فِى,surface_mismatch,1:1;no_annotation_transferred,8:70
8:72:3,8:72:3,آمَنُوا,ءَامَنُوا۟,surface_mismatch,1:1;no_annotation_transferred,8:72
8:72:8,8:72:8,فِي,فِى,surface_mismatch,1:1;no_annotation_transferred,8:72
8:72:12,8:72:12,آوَوا,ءَاوَوا۟,surface_mismatch,1:1;no_annotation_transferred,8:72
8:72:19,8:72:19,آمَنُوا,ءَامَنُوا۟,surface_mismatch,1:1;no_annotation_transferred,8:72
8:72:27,8:72:27,شَيْءٍ,شَىْءٍ,surface_mismatch,1:1;no_annotation_transferred,8:72
8:72:32,8:72:32,فِي,فِى,surface_mismatch,1:1;no_annotation_transferred,8:72
8:73:10,8:73:10,فِي,فِى,surface_mismatch,1:1;no_annotation_transferred,8:73
8:74:2,8:74:2,آمَنُوا,ءَامَنُوا۟,surface_mismatch,1:1;no_annotation_transferred,8:74
8:74:5,8:74:5,فِي,فِى,surface_mismatch,1:1;no_annotation_transferred,8:74
8:74:9,8:74:9,آوَوا,ءَاوَوا۟,surface_mismatch,1:1;no_annotation_transferred,8:74
8:75:2,8:75:2,آمَنُوا,ءَامَنُوا۟,surface_mismatch,1:1;no_annotation_transferred,8:75
8:75:10,8:75:10,وَأُولُو,وَأُو۟لُوا۟,surface_mismatch,1:1;no_annotation_transferred,8:75
8:75:15,8:75:15,فِي,فِى,surface_mismatch,1:1;no_annotation_transferred,8:75
8:75:21,8:75:21,شَيْءٍ,شَىْءٍ,surface_mismatch,1:1;no_annotation_transferred,8:75
9:2:2,9:2:2,فِي,فِى,surface_mismatch,1:1;no_annotation_transferred,9:2
9:2:9,9:2:9,مُعْجِزِي,مُعْجِزِى,surface_mismatch,1:1;no_annotation_transferred,9:2
9:2:13,9:2:13,مُخْزِي,مُخْزِى,surface_mismatch,1:1;no_annotation_transferred,9:2
9:3:12,9:3:12,بَرِيءٌ,بَرِىٓءٌ,surface_mismatch,1:1;no_annotation_transferred,9:3
9:3:26,9:3:26,مُعْجِزِي,مُعْجِزِى,surface_mismatch,1:1;no_annotation_transferred,9:3
9:4:9,9:4:9,شَيْئًا,شَيْـًٔا,surface_mismatch,1:1;no_annotation_transferred,9:4
9:5:18,9:5:18,الصَّلَاةَ,ٱلصَّلَوٰةَ,surface_mismatch,1:1;no_annotation_transferred,9:5
9:5:19,9:5:19,وَآتَوُا,وَءَاتَوُا۟,surface_mismatch,1:1;no_annotation_transferred,9:5
9:5:20,9:5:20,الزَّكَاةَ,ٱلزَّكَوٰةَ,surface_mismatch,1:1;no_annotation_transferred,9:5
9:9:2,9:9:2,بِآيَاتِ,بِـَٔايَٰتِ,surface_mismatch,1:1;no_annotation_transferred,9:9
9:10:3,9:10:3,فِي,فِى,surface_mismatch,1:1;no_annotation_transferred,9:10
9:11:4,9:11:4,الصَّلَاةَ,ٱلصَّلَوٰةَ,surface_mismatch,1:1;no_annotation_transferred,9:11
9:11:5,9:11:5,وَآتَوُا,وَءَاتَوُا۟,surface_mismatch,1:1;no_annotation_transferred,9:11
9:11:6,9:11:6,الزَّكَاةَ,ٱلزَّكَوٰةَ,surface_mismatch,1:1;no_annotation_transferred,9:11
9:11:8,9:11:8,فِي,فِى,surface_mismatch,1:1;no_annotation_transferred,9:11
9:11:11,9:11:11,الْآيَاتِ,ٱلْءَايَٰتِ,surface_mismatch,1:1;no_annotation_transferred,9:11
9:12:8,9:12:8,فِي,فِى,surface_mismatch,1:1;no_annotation_transferred,9:12
9:17:15,9:17:15,وَفِي,وَفِى,surface_mismatch,1:1;no_annotation_transferred,9:17
9:18:6,9:18:6,آمَنَ,ءَامَنَ,surface_mismatch,1:1;no_annotation_transferred,9:18
9:18:9,9:18:9,الْآخِرِ,ٱلْءَاخِرِ,surface_mismatch,1:1;no_annotation_transferred,9:18
9:18:11,9:18:11,الصَّلَاةَ,ٱلصَّلَوٰةَ,surface_mismatch,1:1;no_annotation_transferred,9:18
9:18:12,9:18:12,وَآتَى,وَءَاتَى,surface_mismatch,1:1;no_annotation_transferred,9:18
9:18:13,9:18:13,الزَّكَاةَ,ٱلزَّكَوٰةَ,surface_mismatch,1:1;no_annotation_transferred,9:18
9:19:8,9:19:8,آمَنَ,ءَامَنَ,surface_mismatch,1:1;no_annotation_transferred,9:19
9:19:11,9:19:11,الْآخِرِ,ٱلْءَاخِرِ,surface_mismatch,1:1;no_annotation_transferred,9:19
9:19:13,9:19:13,فِي,فِى,surface_mismatch,1:1;no_annotation_transferred,9:19
9:19:17,9:19:17,يَسْتَوُونَ,يَسْتَوُۥنَ,surface_mismatch,1:1;no_annotation_transferred,9:19
9:19:22,9:19:22,يَهْدِي,يَهْدِى,surface_mismatch,1:1;no_annotation_transferred,9:19
9:20:2,9:20:2,آمَنُوا,ءَامَنُوا۟,surface_mismatch,1:1;no_annotation_transferred,9:20
9:20:5,9:20:5,فِي,فِى,surface_mismatch,1:1;no_annotation_transferred,9:20
9:23:3,9:23:4,آمَنُوا,ءَامَنُوا۟,surface_mismatch,1:1;no_annotation_transferred,9:23
9:23:6,9:23:7,آبَاءَكُمْ,ءَابَآءَكُمْ,surface_mismatch,1:1;no_annotation_transferred,9:23
9:24:4,9:24:4,آبَاؤُكُمْ,ءَابَآؤُكُمْ,surface_mismatch,1:1;no_annotation_transferred,9:24
9:24:22,9:24:22,فِي,فِى,surface_mismatch,1:1;no_annotation_transferred,9:24
9:24:26,9:24:26,يَأْتِيَ,يَأْتِىَ,surface_mismatch,1:1;no_annotation_transferred,9:24
9:24:31,9:24:31,يَهْدِي,يَهْدِى,surface_mismatch,1:1;no_annotation_transferred,9:24
9:25:4,9:25:4,فِي,فِى,surface_mismatch,1:1;no_annotation_transferred,9:25
9:25:15,9:25:15,شَيْئًا,شَيْـًٔا,surface_mismatch,1:1;no_annotation_transferred,9:25
9:28:3,9:28:4,آمَنُوا,ءَامَنُوٓا۟,surface_mismatch,1:1;no_annotation_transferred,9:28
9:29:8,9:29:8,الْآخِرِ,ٱلْءَاخِرِ,surface_mismatch,1:1;no_annotation_transferred,9:29
9:30:14,9:30:14,يُضَاهِئُونَ,يُضَٰهِـُٔونَ,surface_mismatch,1:1;no_annotation_transferred,9:30
9:32:3,9:32:3,يُطْفِئُوا,يُطْفِـُٔوا۟,surface_mismatch,1:1;no_annotation_transferred,9:32
9:33:2,9:33:2,الَّذِي,ٱلَّذِىٓ,surface_mismatch,1:1;no_annotation_transferred,9:33
9:34:3,9:34:4,آمَنُوا,ءَامَنُوٓا۟,surface_mismatch,1:1;no_annotation_transferred,9:34
9:34:23,9:34:24,فِي,فِى,surface_mismatch,1:1;no_annotation_transferred,9:34
9:35:4,9:35:4,فِي,فِى,surface_mismatch,1:1;no_annotation_transferred,9:35
9:36:9,9:36:9,فِي,فِى,surface_mismatch,1:1;no_annotation_transferred,9:36
9:37:2,9:37:2,النَّسِيءُ,ٱلنَّسِىٓءُ,surface_mismatch,1:1;no_annotation_transferred,9:37
9:37:4,9:37:4,فِي,فِى,surface_mismatch,1:1;no_annotation_transferred,9:37
9:37:14,9:37:14,لِّيُوَاطِئُوا,لِّيُوَاطِـُٔوا۟,surface_mismatch,1:1;no_annotation_transferred,9:37
9:37:29,9:37:29,يَهْدِي,يَهْدِى,surface_mismatch,1:1;no_annotation_transferred,9:37
9:38:3,9:38:4,آمَنُوا,ءَامَنُوا۟,surface_mismatch,1:1;no_annotation_transferred,9:38
9:38:10,9:38:11,فِي,فِى,surface_mismatch,1:1;no_annotation_transferred,9:38
9:38:17,9:38:18,بِالْحَيَاةِ,بِٱلْحَيَوٰةِ,surface_mismatch,1:1;no_annotation_transferred,9:38
9:38:20,9:38:21,الْآخِرَةِ,ٱلْءَاخِرَةِ,surface_mismatch,1:1;no_annotation_transferred,9:38
9:38:23,9:38:24,الْحَيَاةِ,ٱلْحَيَوٰةِ,surface_mismatch,1:1;no_annotation_transferred,9:38
9:38:25,9:38:26,فِي,فِى,surface_mismatch,1:1;no_annotation_transferred,9:38
9:38:26,9:38:27,الْآخِرَةِ,ٱلْءَاخِرَةِ,surface_mismatch,1:1;no_annotation_transferred,9:38
9:39:11,9:39:11,شَيْئًا,شَيْـًٔا,surface_mismatch,1:1;no_annotation_transferred,9:39
9:39:15,9:39:15,شَيْءٍ,شَىْءٍ,surface_mismatch,1:1;no_annotation_transferred,9:39
9:40:10,9:40:10,ثَانِيَ,ثَانِىَ,surface_mismatch,1:1;no_annotation_transferred,9:40
9:40:14,9:40:14,فِي,فِى,surface_mismatch,1:1;no_annotation_transferred,9:40
9:40:39,9:40:39,هِيَ,هِىَ,surface_mismatch,1:1;no_annotation_transferred,9:40
9:41:7,9:41:7,فِي,فِى,surface_mismatch,1:1;no_annotation_transferred,9:41
9:44:2,9:44:2,يَسْتَأْذِنُكَ,يَسْتَـْٔذِنُكَ,surface_mismatch,1:1;no_annotation_transferred,9:44
9:44:7,9:44:7,الْآخِرِ,ٱلْءَاخِرِ,surface_mismatch,1:1;no_annotation_transferred,9:44
9:45:2,9:45:2,يَسْتَأْذِنُكَ,يَسْتَـْٔذِنُكَ,surface_mismatch,1:1;no_annotation_transferred,9:45
9:45:8,9:45:8,الْآخِرِ,ٱلْءَاخِرِ,surface_mismatch,1:1;no_annotation_transferred,9:45
9:45:12,9:45:12,فِي,فِى,surface_mismatch,1:1;no_annotation_transferred,9:45
9:49:5,9:49:5,لِّي,لِّى,surface_mismatch,1:1;no_annotation_transferred,9:49
9:49:7,9:49:7,تَفْتِنِّي,تَفْتِنِّىٓ,surface_mismatch,1:1;no_annotation_transferred,9:49
9:49:9,9:49:9,فِي,فِى,surface_mismatch,1:1;no_annotation_transferred,9:49
9:51:10,9:51:10,مَوْلَانَا,مَوْلَىٰنَا,surface_mismatch,1:1;no_annotation_transferred,9:51
9:54:14,9:54:14,الصَّلَاةَ,ٱلصَّلَوٰةَ,surface_mismatch,1:1;no_annotation_transferred,9:54
9:55:11,9:55:11,فِي,فِى,surface_mismatch,1:1;no_annotation_transferred,9:55
9:55:12,9:55:12,الْحَيَاةِ,ٱلْحَيَوٰةِ,surface_mismatch,1:1;no_annotation_transferred,9:55
9:57:3,9:57:3,مَلْجَأً,مَلْجَـًٔا,surface_mismatch,1:1;no_annotation_transferred,9:57
9:58:4,9:58:4,فِي,فِى,surface_mismatch,1:1;no_annotation_transferred,9:58
9:59:5,9:59:5,آتَاهُمُ,ءَاتَىٰهُمُ,surface_mismatch,1:1;no_annotation_transferred,9:59
9:60:9,9:60:9,وَفِي,وَفِى,surface_mismatch,1:1;no_annotation_transferred,9:60
9:60:12,9:60:12,وَفِي,وَفِى,surface_mismatch,1:1;no_annotation_transferred,9:60
9:61:4,9:61:4,النَّبِيَّ,ٱلنَّبِىَّ,surface_mismatch,1:1;no_annotation_transferred,9:61
9:61:18,9:61:18,آمَنُوا,ءَامَنُوا۟,surface_mismatch,1:1;no_annotation_transferred,9:61
9:63:15,9:63:15,الْخِزْيُ,ٱلْخِزْىُ,surface_mismatch,1:1;no_annotation_transferred,9:63
9:64:9,9:64:9,فِي,فِى,surface_mismatch,1:1;no_annotation_transferred,9:64
9:64:12,9:64:12,اسْتَهْزِئُوا,ٱسْتَهْزِءُوٓا۟,surface_mismatch,1:1;no_annotation_transferred,9:64
9:65:10,9:65:10,وَآيَاتِهِ,وَءَايَٰتِهِۦ,surface_mismatch,1:1;no_annotation_transferred,9:65
9:65:13,9:65:13,تَسْتَهْزِئُونَ,تَسْتَهْزِءُونَ,surface_mismatch,1:1;no_annotation_transferred,9:65
9:68:10,9:68:10,هِيَ,هِىَ,surface_mismatch,1:1;no_annotation_transferred,9:68
9:69:22,9:69:22,كَالَّذِي,كَٱلَّذِى,surface_mismatch,1:1;no_annotation_transferred,9:69
9:69:27,9:69:27,فِي,فِى,surface_mismatch,1:1;no_annotation_transferred,9:69
9:69:29,9:69:29,وَالْآخِرَةِ,وَٱلْءَاخِرَةِ,surface_mismatch,1:1;no_annotation_transferred,9:69
9:71:12,9:71:12,الصَّلَاةَ,ٱلصَّلَوٰةَ,surface_mismatch,1:1;no_annotation_transferred,9:71
9:71:14,9:71:14,الزَّكَاةَ,ٱلزَّكَوٰةَ,surface_mismatch,1:1;no_annotation_transferred,9:71
9:72:6,9:72:6,تَجْرِي,تَجْرِى,surface_mismatch,1:1;no_annotation_transferred,9:72
9:72:14,9:72:14,فِي,فِى,surface_mismatch,1:1;no_annotation_transferred,9:72
9:73:2,9:73:3,النَّبِيُّ,ٱلنَّبِىُّ,surface_mismatch,1:1;no_annotation_transferred,9:73
9:73:8,9:73:9,وَمَأْوَاهُمْ,وَمَأْوَىٰهُمْ,surface_mismatch,1:1;no_annotation_transferred,9:73
9:74:20,9:74:20,أَغْنَاهُمُ,أَغْنَىٰهُمُ,surface_mismatch,1:1;no_annotation_transferred,9:74
9:74:36,9:74:36,فِي,فِى,surface_mismatch,1:1;no_annotation_transferred,9:74
9:74:38,9:74:38,وَالْآخِرَةِ,وَٱلْءَاخِرَةِ,surface_mismatch,1:1;no_annotation_transferred,9:74
9:74:41,9:74:41,فِي,فِى,surface_mismatch,1:1;no_annotation_transferred,9:74
9:74:44,9:74:44,وَلِيٍّ,وَلِىٍّ,surface_mismatch,1:1;no_annotation_transferred,9:74
9:75:6,9:75:6,آتَانَا,ءَاتَىٰنَا,surface_mismatch,1:1;no_annotation_transferred,9:75
9:76:2,9:76:2,آتَاهُم,ءَاتَىٰهُم,surface_mismatch,1:1;no_annotation_transferred,9:76
9:77:3,9:77:3,فِي,فِى,surface_mismatch,1:1;no_annotation_transferred,9:77
9:78:7,9:78:7,وَنَجْوَاهُمْ,وَنَجْوَىٰهُمْ,surface_mismatch,1:1;no_annotation_transferred,9:78
9:79:6,9:79:6,فِي,فِى,surface_mismatch,1:1;no_annotation_transferred,9:79
9:80:23,9:80:23,يَهْدِي,يَهْدِى,surface_mismatch,1:1;no_annotation_transferred,9:80
9:81:12,9:81:12,فِي,فِى,surface_mismatch,1:1;no_annotation_transferred,9:81
9:81:18,9:81:18,فِي,فِى,surface_mismatch,1:1;no_annotation_transferred,9:81
9:83:7,9:83:7,فَاسْتَأْذَنُوكَ,فَٱسْتَـْٔذَنُوكَ,surface_mismatch,1:1;no_annotation_transferred,9:83
9:83:12,9:83:12,مَعِيَ,مَعِىَ,surface_mismatch,1:1;no_annotation_transferred,9:83
9:83:16,9:83:16,مَعِيَ,مَعِىَ,surface_mismatch,1:1;no_annotation_transferred,9:83
9:85:11,9:85:11,فِي,فِى,surface_mismatch,1:1;no_annotation_transferred,9:85
9:86:5,9:86:5,آمِنُوا,ءَامِنُوا۟,surface_mismatch,1:1;no_annotation_transferred,9:86
9:86:10,9:86:10,اسْتَأْذَنَكَ,ٱسْتَـْٔذَنَكَ,surface_mismatch,1:1;no_annotation_transferred,9:86
9:86:11,9:86:11,أُولُو,أُو۟لُوا۟,surface_mismatch,1:1;no_annotation_transferred,9:86
9:88:4,9:88:4,آمَنُوا,ءَامَنُوا۟,surface_mismatch,1:1;no_annotation_transferred,9:88
9:89:5,9:89:5,تَجْرِي,تَجْرِى,surface_mismatch,1:1;no_annotation_transferred,9:89
9:93:5,9:93:5,يَسْتَأْذِنُونَكَ,يَسْتَـْٔذِنُونَكَ,surface_mismatch,1:1;no_annotation_transferred,9:93
9:95:13,9:95:13,وَمَأْوَاهُمْ,وَمَأْوَىٰهُمْ,surface_mismatch,1:1;no_annotation_transferred,9:95
9:99:7,9:99:7,الْآخِرِ,ٱلْءَاخِرِ,surface_mismatch,1:1;no_annotation_transferred,9:99
9:99:22,9:99:22,فِي,فِى,surface_mismatch,1:1;no_annotation_transferred,9:99
9:100:9,9:100:9,رَّضِيَ,رَّضِىَ,surface_mismatch,1:1;no_annotation_transferred,9:100
9:100:17,9:100:17,تَجْرِي,تَجْرِى,surface_mismatch,1:1;no_annotation_transferred,9:100
9:102:1,9:102:1,وَآخَرُونَ,وَءَاخَرُونَ,surface_mismatch,1:1;no_annotation_transferred,9:102
9:102:7,9:102:7,وَآخَرَ,وَءَاخَرَ,surface_mismatch,1:1;no_annotation_transferred,9:102
9:103:11,9:103:11,صَلَاتَكَ,صَلَوٰتَكَ,surface_mismatch,1:1;no_annotation_transferred,9:103
9:106:1,9:106:1,وَآخَرُونَ,وَءَاخَرُونَ,surface_mismatch,1:1;no_annotation_transferred,9:106
9:109:20,9:109:20,فِي,فِى,surface_mismatch,1:1;no_annotation_transferred,9:109
9:109:25,9:109:25,يَهْدِي,يَهْدِى,surface_mismatch,1:1;no_annotation_transferred,9:109
9:110:4,9:110:4,الَّذِي,ٱلَّذِى,surface_mismatch,1:1;no_annotation_transferred,9:110
9:110:7,9:110:7,فِي,فِى,surface_mismatch,1:1;no_annotation_transferred,9:110
9:111:12,9:111:12,فِي,فِى,surface_mismatch,1:1;no_annotation_transferred,9:111
9:111:20,9:111:20,فِي,فِى,surface_mismatch,1:1;no_annotation_transferred,9:111
9:111:21,9:111:21,التَّوْرَاةِ,ٱلتَّوْرَىٰةِ,surface_mismatch,1:1;no_annotation_transferred,9:111
9:111:23,9:111:23,وَالْقُرْآنِ,وَٱلْقُرْءَانِ,surface_mismatch,1:1;no_annotation_transferred,9:111
9:111:31,9:111:31,الَّذِي,ٱلَّذِى,surface_mismatch,1:1;no_annotation_transferred,9:111
9:112:7,9:112:7,الْآمِرُونَ,ٱلْءَامِرُونَ,surface_mismatch,1:1;no_annotation_transferred,9:112
9:113:3,9:113:3,لِلنَّبِيِّ,لِلنَّبِىِّ,surface_mismatch,1:1;no_annotation_transferred,9:113
9:113:5,9:113:5,آمَنُوا,ءَامَنُوٓا۟,surface_mismatch,1:1;no_annotation_transferred,9:113
9:113:11,9:113:11,أُولِي,أُو۟لِى,surface_mismatch,1:1;no_annotation_transferred,9:113
9:115:8,9:115:8,هَدَاهُمْ,هَدَىٰهُمْ,surface_mismatch,1:1;no_annotation_transferred,9:115
9:115:17,9:115:17,شَيْءٍ,شَىْءٍ,surface_mismatch,1:1;no_annotation_transferred,9:115
9:116:7,9:116:7,يُحْيِي,يُحْىِۦ,surface_mismatch,1:1;no_annotation_transferred,9:116
9:116:15,9:116:15,وَلِيٍّ,وَلِىٍّ,surface_mismatch,1:1;no_annotation_transferred,9:116
9:117:5,9:117:5,النَّبِيِّ,ٱلنَّبِىِّ,surface_mismatch,1:1;no_annotation_transferred,9:117
9:117:10,9:117:10,فِي,فِى,surface_mismatch,1:1;no_annotation_transferred,9:117
9:119:3,9:119:4,آمَنُوا,ءَامَنُوا۟,surface_mismatch,1:1;no_annotation_transferred,9:119
9:120:28,9:120:28,فِي,فِى,surface_mismatch,1:1;no_annotation_transferred,9:120
9:120:32,9:120:32,يَطَئُونَ,يَطَـُٔونَ,surface_mismatch,1:1;no_annotation_transferred,9:120
9:122:14,9:122:14,فِي,فِى,surface_mismatch,1:1;no_annotation_transferred,9:122
9:123:3,9:123:4,آمَنُوا,ءَامَنُوا۟,surface_mismatch,1:1;no_annotation_transferred,9:123
9:124:14,9:124:14,آمَنُوا,ءَامَنُوا۟,surface_mismatch,1:1;no_annotation_transferred,9:124
9:125:3,9:125:3,فِي,فِى,surface_mismatch,1:1;no_annotation_transferred,9:125
9:126:5,9:126:5,فِي,فِى,surface_mismatch,1:1;no_annotation_transferred,9:126
9:127:10,9:127:10,يَرَاكُم,يَرَىٰكُم,surface_mismatch,1:1;no_annotation_transferred,9:127
9:129:4,9:129:4,حَسْبِيَ,حَسْبِىَ,surface_mismatch,1:1;no_annotation_transferred,9:129
10:1:3,10:1:7,آيَاتُ,ءَايَٰتُ,surface_mismatch,1:1;no_annotation_transferred,10:1
10:2:14,10:2:14,آمَنُوا,ءَامَنُوٓا۟,surface_mismatch,1:1;no_annotation_transferred,10:2
10:3:4,10:3:4,الَّذِي,ٱلَّذِى,surface_mismatch,1:1;no_annotation_transferred,10:3
10:3:8,10:3:8,فِي,فِى,surface_mismatch,1:1;no_annotation_transferred,10:3
10:4:8,10:4:8,يَبْدَأُ,يَبْدَؤُا۟,surface_mismatch,1:1;no_annotation_transferred,10:4
10:4:12,10:4:12,لِيَجْزِيَ,لِيَجْزِىَ,surface_mismatch,1:1;no_annotation_transferred,10:4
10:4:14,10:4:14,آمَنُوا,ءَامَنُوا۟,surface_mismatch,1:1;no_annotation_transferred,10:4
10:5:2,10:5:2,الَّذِي,ٱلَّذِى,surface_mismatch,1:1;no_annotation_transferred,10:5
10:5:21,10:5:21,الْآيَاتِ,ٱلْءَايَٰتِ,surface_mismatch,1:1;no_annotation_transferred,10:5
10:6:2,10:6:2,فِي,فِى,surface_mismatch,1:1;no_annotation_transferred,10:6
10:6:4,10:6:4,اللَّيْلِ,ٱلَّيْلِ,surface_mismatch,1:1;no_annotation_transferred,10:6
10:6:9,10:6:9,فِي,فِى,surface_mismatch,1:1;no_annotation_transferred,10:6
10:6:12,10:6:12,لَآيَاتٍ,لَءَايَٰتٍ,surface_mismatch,1:1;no_annotation_transferred,10:6
10:7:7,10:7:7,بِالْحَيَاةِ,بِٱلْحَيَوٰةِ,surface_mismatch,1:1;no_annotation_transferred,10:7
10:7:14,10:7:14,آيَاتِنَا,ءَايَٰتِنَا,surface_mismatch,1:1;no_annotation_transferred,10:7
10:8:2,10:8:2,مَأْوَاهُمُ,مَأْوَىٰهُمُ,surface_mismatch,1:1;no_annotation_transferred,10:8
10:9:3,10:9:3,آمَنُوا,ءَامَنُوا۟,surface_mismatch,1:1;no_annotation_transferred,10:9
10:9:9,10:9:9,تَجْرِي,تَجْرِى,surface_mismatch,1:1;no_annotation_transferred,10:9
10:9:13,10:9:13,فِي,فِى,surface_mismatch,1:1;no_annotation_transferred,10:9
10:10:1,10:10:1,دَعْوَاهُمْ,دَعْوَىٰهُمْ,surface_mismatch,1:1;no_annotation_transferred,10:10
10:10:8,10:10:8,وَآخِرُ,وَءَاخِرُ,surface_mismatch,1:1;no_annotation_transferred,10:10
10:10:9,10:10:9,دَعْوَاهُمْ,دَعْوَىٰهُمْ,surface_mismatch,1:1;no_annotation_transferred,10:10
10:11:8,10:11:8,لَقُضِيَ,لَقُضِىَ,surface_mismatch,1:1;no_annotation_transferred,10:11
10:11:16,10:11:16,فِي,فِى,surface_mismatch,1:1;no_annotation_transferred,10:11
10:13:15,10:13:15,نَجْزِي,نَجْزِى,surface_mismatch,1:1;no_annotation_transferred,10:13
10:14:4,10:14:4,فِي,فِى,surface_mismatch,1:1;no_annotation_transferred,10:14
10:15:4,10:15:4,آيَاتُنَا,ءَايَاتُنَا,surface_mismatch,1:1;no_annotation_transferred,10:15
10:15:12,10:15:12,بِقُرْآنٍ,بِقُرْءَانٍ,surface_mismatch,1:1;no_annotation_transferred,10:15
10:15:20,10:15:20,لِي,لِىٓ,surface_mismatch,1:1;no_annotation_transferred,10:15
10:15:24,10:15:24,تِلْقَاءِ,تِلْقَآئِ,surface_mismatch,1:1;no_annotation_transferred,10:15
10:15:25,10:15:25,نَفْسِي,نَفْسِىٓ,surface_mismatch,1:1;no_annotation_transferred,10:15
10:15:31,10:15:31,إِلَيَّ,إِلَىَّ,surface_mismatch,1:1;no_annotation_transferred,10:15
10:15:32,10:15:32,إِنِّي,إِنِّىٓ,surface_mismatch,1:1;no_annotation_transferred,10:15
10:15:36,10:15:36,رَبِّي,رَبِّى,surface_mismatch,1:1;no_annotation_transferred,10:15
10:16:9,10:16:9,أَدْرَاكُم,أَدْرَىٰكُم,surface_mismatch,1:1;no_annotation_transferred,10:16
10:17:10,10:17:10,بِآيَاتِهِ,بِـَٔايَٰتِهِۦٓ,surface_mismatch,1:1;no_annotation_transferred,10:17
10:18:16,10:18:16,أَتُنَبِّئُونَ,أَتُنَبِّـُٔونَ,surface_mismatch,1:1;no_annotation_transferred,10:18
10:18:21,10:18:21,فِي,فِى,surface_mismatch,1:1;no_annotation_transferred,10:18
10:18:24,10:18:24,فِي,فِى,surface_mismatch,1:1;no_annotation_transferred,10:18
10:19:13,10:19:13,لَقُضِيَ,لَقُضِىَ,surface_mismatch,1:1;no_annotation_transferred,10:19
10:20:5,10:20:5,آيَةٌ,ءَايَةٌ,surface_mismatch,1:1;no_annotation_transferred,10:20
10:20:13,10:20:13,إِنِّي,إِنِّى,surface_mismatch,1:1;no_annotation_transferred,10:20
10:21:12,10:21:12,فِي,فِىٓ,surface_mismatch,1:1;no_annotation_transferred,10:21
10:21:13,10:21:13,آيَاتِنَا,ءَايَاتِنَا,surface_mismatch,1:1;no_annotation_transferred,10:21
10:22:2,10:22:2,الَّذِي,ٱلَّذِى,surface_mismatch,1:1;no_annotation_transferred,10:22
10:22:4,10:22:4,فِي,فِى,surface_mismatch,1:1;no_annotation_transferred,10:22
10:22:10,10:22:10,فِي,فِى,surface_mismatch,1:1;no_annotation_transferred,10:22
10:23:2,10:23:2,أَنجَاهُمْ,أَنجَىٰهُمْ,surface_mismatch,1:1;no_annotation_transferred,10:23
10:23:6,10:23:6,فِي,فِى,surface_mismatch,1:1;no_annotation_transferred,10:23
10:23:17,10:23:18,الْحَيَاةِ,ٱلْحَيَوٰةِ,surface_mismatch,1:1;no_annotation_transferred,10:23
10:24:3,10:24:3,الْحَيَاةِ,ٱلْحَيَوٰةِ,surface_mismatch,1:1;no_annotation_transferred,10:24
10:24:28,10:24:28,أَتَاهَا,أَتَىٰهَآ,surface_mismatch,1:1;no_annotation_transferred,10:24
10:24:41,10:24:41,الْآيَاتِ,ٱلْءَايَٰتِ,surface_mismatch,1:1;no_annotation_transferred,10:24
10:25:2,10:25:2,يَدْعُو,يَدْعُوٓا۟,surface_mismatch,1:1;no_annotation_transferred,10:25
10:25:6,10:25:6,وَيَهْدِي,وَيَهْدِى,surface_mismatch,1:1;no_annotation_transferred,10:25
10:27:3,10:27:3,السَّيِّئَاتِ,ٱلسَّيِّـَٔاتِ,surface_mismatch,1:1;no_annotation_transferred,10:27
10:27:20,10:27:20,اللَّيْلِ,ٱلَّيْلِ,surface_mismatch,1:1;no_annotation_transferred,10:27
10:30:2,10:30:2,تَبْلُو,تَبْلُوا۟,surface_mismatch,1:1;no_annotation_transferred,10:30
10:30:10,10:30:10,مَوْلَاهُمُ,مَوْلَىٰهُمُ,surface_mismatch,1:1;no_annotation_transferred,10:30
10:31:13,10:31:13,الْحَيَّ,ٱلْحَىَّ,surface_mismatch,1:1;no_annotation_transferred,10:31
10:31:19,10:31:19,الْحَيِّ,ٱلْحَىِّ,surface_mismatch,1:1;no_annotation_transferred,10:31
10:34:6,10:34:6,يَبْدَأُ,يَبْدَؤُا۟,surface_mismatch,1:1;no_annotation_transferred,10:34
10:34:12,10:34:12,يَبْدَأُ,يَبْدَؤُا۟,surface_mismatch,1:1;no_annotation_transferred,10:34
10:35:6,10:35:6,يَهْدِي,يَهْدِىٓ,surface_mismatch,1:1;no_annotation_transferred,10:35
10:35:11,10:35:11,يَهْدِي,يَهْدِى,surface_mismatch,1:1;no_annotation_transferred,10:35
10:35:14,10:35:14,يَهْدِي,يَهْدِىٓ,surface_mismatch,1:1;no_annotation_transferred,10:35
10:35:22,10:35:22,يَهِدِّي,يَهِدِّىٓ,surface_mismatch,1:1;no_annotation_transferred,10:35
10:36:9,10:36:9,يُغْنِي,يُغْنِى,surface_mismatch,1:1;no_annotation_transferred,10:36
10:36:12,10:36:12,شَيْئًا,شَيْـًٔا,surface_mismatch,1:1;no_annotation_transferred,10:36
10:37:4,10:37:4,الْقُرْآنُ,ٱلْقُرْءَانُ,surface_mismatch,1:1;no_annotation_transferred,10:37
10:37:12,10:37:12,الَّذِي,ٱلَّذِى,surface_mismatch,1:1;no_annotation_transferred,10:37
10:38:3,10:38:3,افْتَرَاهُ,ٱفْتَرَىٰهُ,surface_mismatch,1:1;no_annotation_transferred,10:38
10:41:4,10:41:4,لِّي,لِّى,surface_mismatch,1:1;no_annotation_transferred,10:41
10:41:5,10:41:5,عَمَلِي,عَمَلِى,surface_mismatch,1:1;no_annotation_transferred,10:41
10:41:9,10:41:9,بَرِيئُونَ,بَرِيٓـُٔونَ,surface_mismatch,1:1;no_annotation_transferred,10:41
10:41:13,10:41:13,بَرِيءٌ,بَرِىٓءٌ,surface_mismatch,1:1;no_annotation_transferred,10:41
10:43:6,10:43:6,تَهْدِي,تَهْدِى,surface_mismatch,1:1;no_annotation_transferred,10:43
10:43:7,10:43:7,الْعُمْيَ,ٱلْعُمْىَ,surface_mismatch,1:1;no_annotation_transferred,10:43
10:44:6,10:44:6,شَيْئًا,شَيْـًٔا,surface_mismatch,1:1;no_annotation_transferred,10:44
10:46:4,10:46:4,الَّذِي,ٱلَّذِى,surface_mismatch,1:1;no_annotation_transferred,10:46
10:47:7,10:47:7,قُضِيَ,قُضِىَ,surface_mismatch,1:1;no_annotation_transferred,10:47
10:49:4,10:49:4,لِنَفْسِي,لِنَفْسِى,surface_mismatch,1:1;no_annotation_transferred,10:49
10:49:19,10:49:19,يَسْتَأْخِرُونَ,يَسْتَـْٔخِرُونَ,surface_mismatch,1:1;no_annotation_transferred,10:49
10:50:2,10:50:2,أَرَأَيْتُمْ,أَرَءَيْتُمْ,surface_mismatch,1:1;no_annotation_transferred,10:50
10:50:4,10:50:4,أَتَاكُمْ,أَتَىٰكُمْ,surface_mismatch,1:1;no_annotation_transferred,10:50
10:51:5,10:51:5,آمَنتُم,ءَامَنتُم,surface_mismatch,1:1;no_annotation_transferred,10:51
10:51:7,10:51:7,آلْآنَ,ءَآلْـَٰٔنَ,surface_mismatch,1:1;no_annotation_transferred,10:51
10:53:1,10:53:1,وَيَسْتَنبِئُونَكَ,وَيَسْتَنۢبِـُٔونَكَ,surface_mismatch,1:1;no_annotation_transferred,10:53
10:53:5,10:53:5,إِي,إِى,surface_mismatch,1:1;no_annotation_transferred,10:53
10:53:6,10:53:6,وَرَبِّي,وَرَبِّىٓ,surface_mismatch,1:1;no_annotation_transferred,10:53
10:54:7,10:54:7,فِي,فِى,surface_mismatch,1:1;no_annotation_transferred,10:54
10:54:16,10:54:16,وَقُضِيَ,وَقُضِىَ,surface_mismatch,1:1;no_annotation_transferred,10:54
10:55:5,10:55:5,فِي,فِى,surface_mismatch,1:1;no_annotation_transferred,10:55
10:56:2,10:56:2,يُحْيِي,يُحْىِۦ,surface_mismatch,1:1;no_annotation_transferred,10:56
10:57:10,10:57:11,فِي,فِى,surface_mismatch,1:1;no_annotation_transferred,10:57
10:59:2,10:59:2,أَرَأَيْتُم,أَرَءَيْتُم,surface_mismatch,1:1;no_annotation_transferred,10:59
10:59:14,10:59:14,آللَّهُ,ءَآللَّهُ,surface_mismatch,1:1;no_annotation_transferred,10:59
10:61:3,10:61:3,فِي,فِى,surface_mismatch,1:1;no_annotation_transferred,10:61
10:61:6,10:61:6,تَتْلُو,تَتْلُوا۟,surface_mismatch,1:1;no_annotation_transferred,10:61
10:61:9,10:61:9,قُرْآنٍ,قُرْءَانٍ,surface_mismatch,1:1;no_annotation_transferred,10:61
10:61:28,10:61:28,فِي,فِى,surface_mismatch,1:1;no_annotation_transferred,10:61
10:61:31,10:61:31,فِي,فِى,surface_mismatch,1:1;no_annotation_transferred,10:61
10:61:40,10:61:40,فِي,فِى,surface_mismatch,1:1;no_annotation_transferred,10:61
10:63:2,10:63:2,آمَنُوا,ءَامَنُوا۟,surface_mismatch,1:1;no_annotation_transferred,10:63
10:64:3,10:64:3,فِي,فِى,surface_mismatch,1:1;no_annotation_transferred,10:64
10:64:4,10:64:4,الْحَيَاةِ,ٱلْحَيَوٰةِ,surface_mismatch,1:1;no_annotation_transferred,10:64
10:64:6,10:64:6,وَفِي,وَفِى,surface_mismatch,1:1;no_annotation_transferred,10:64
10:64:7,10:64:7,الْآخِرَةِ,ٱلْءَاخِرَةِ,surface_mismatch,1:1;no_annotation_transferred,10:64
10:66:5,10:66:5,فِي,فِى,surface_mismatch,1:1;no_annotation_transferred,10:66
10:66:8,10:66:8,فِي,فِى,surface_mismatch,1:1;no_annotation_transferred,10:66
10:67:2,10:67:2,الَّذِي,ٱلَّذِى,surface_mismatch,1:1;no_annotation_transferred,10:67
10:67:5,10:67:5,اللَّيْلَ,ٱلَّيْلَ,surface_mismatch,1:1;no_annotation_transferred,10:67
10:67:11,10:67:11,فِي,فِى,surface_mismatch,1:1;no_annotation_transferred,10:67
10:67:13,10:67:13,لَآيَاتٍ,لَءَايَٰتٍ,surface_mismatch,1:1;no_annotation_transferred,10:67
10:68:7,10:68:7,الْغَنِيُّ,ٱلْغَنِىُّ,surface_mismatch,1:1;no_annotation_transferred,10:68
10:68:10,10:68:10,فِي,فِى,surface_mismatch,1:1;no_annotation_transferred,10:68
10:68:13,10:68:13,فِي,فِى,surface_mismatch,1:1;no_annotation_transferred,10:68
10:70:2,10:70:2,فِي,فِى,surface_mismatch,1:1;no_annotation_transferred,10:70
10:71:13,10:71:14,مَّقَامِي,مَّقَامِى,surface_mismatch,1:1;no_annotation_transferred,10:71
10:71:14,10:71:15,وَتَذْكِيرِي,وَتَذْكِيرِى,surface_mismatch,1:1;no_annotation_transferred,10:71
10:71:15,10:71:16,بِآيَاتِ,بِـَٔايَٰتِ,surface_mismatch,1:1;no_annotation_transferred,10:71
10:71:31,10:71:32,إِلَيَّ,إِلَىَّ,surface_mismatch,1:1;no_annotation_transferred,10:71
10:72:8,10:72:8,أَجْرِيَ,أَجْرِىَ,surface_mismatch,1:1;no_annotation_transferred,10:72
10:73:5,10:73:5,فِي,فِى,surface_mismatch,1:1;no_annotation_transferred,10:73
10:73:12,10:73:12,بِآيَاتِنَا,بِـَٔايَٰتِنَا,surface_mismatch,1:1;no_annotation_transferred,10:73
10:75:9,10:75:9,وَمَلَئِهِ,وَمَلَإِي۟هِۦ,surface_mismatch,1:1;no_annotation_transferred,10:75
10:75:10,10:75:10,بِآيَاتِنَا,بِـَٔايَٰتِنَا,surface_mismatch,1:1;no_annotation_transferred,10:75
10:78:7,10:78:7,آبَاءَنَا,ءَابَآءَنَا,surface_mismatch,1:1;no_annotation_transferred,10:78
10:78:11,10:78:11,فِي,فِى,surface_mismatch,1:1;no_annotation_transferred,10:78
10:79:3,10:79:3,ائْتُونِي,ٱئْتُونِى,surface_mismatch,1:1;no_annotation_transferred,10:79
10:83:2,10:83:2,آمَنَ,ءَامَنَ,surface_mismatch,1:1;no_annotation_transferred,10:83
10:83:12,10:83:12,وَمَلَئِهِمْ,وَمَلَإِي۟هِمْ,surface_mismatch,1:1;no_annotation_transferred,10:83
10:83:18,10:83:18,فِي,فِى,surface_mismatch,1:1;no_annotation_transferred,10:83
10:84:6,10:84:7,آمَنتُم,ءَامَنتُم,surface_mismatch,1:1;no_annotation_transferred,10:84
10:87:6,10:87:6,تَبَوَّآ,تَبَوَّءَا,surface_mismatch,1:1;no_annotation_transferred,10:87
10:87:14,10:87:14,الصَّلَاةَ,ٱلصَّلَوٰةَ,surface_mismatch,1:1;no_annotation_transferred,10:87
10:88:5,10:88:5,آتَيْتَ,ءَاتَيْتَ,surface_mismatch,1:1;no_annotation_transferred,10:88
10:88:10,10:88:10,فِي,فِى,surface_mismatch,1:1;no_annotation_transferred,10:88
10:88:11,10:88:11,الْحَيَاةِ,ٱلْحَيَوٰةِ,surface_mismatch,1:1;no_annotation_transferred,10:88
10:90:2,10:90:2,بِبَنِي,بِبَنِىٓ,surface_mismatch,1:1;no_annotation_transferred,10:90
10:90:3,10:90:3,إِسْرَائِيلَ,إِسْرَٰٓءِيلَ,surface_mismatch,1:1;no_annotation_transferred,10:90
10:90:15,10:90:15,آمَنتُ,ءَامَنتُ,surface_mismatch,1:1;no_annotation_transferred,10:90
10:90:20,10:90:20,الَّذِي,ٱلَّذِىٓ,surface_mismatch,1:1;no_annotation_transferred,10:90
10:90:21,10:90:21,آمَنَتْ,ءَامَنَتْ,surface_mismatch,1:1;no_annotation_transferred,10:90
10:90:23,10:90:23,بَنُو,بَنُوٓا۟,surface_mismatch,1:1;no_annotation_transferred,10:90
10:90:24,10:90:24,إِسْرَائِيلَ,إِسْرَٰٓءِيلَ,surface_mismatch,1:1;no_annotation_transferred,10:90
10:91:1,10:91:1,آلْآنَ,ءَآلْـَٰٔنَ,surface_mismatch,1:1;no_annotation_transferred,10:91
10:92:7,10:92:7,آيَةً,ءَايَةً,surface_mismatch,1:1;no_annotation_transferred,10:92
10:92:13,10:92:13,آيَاتِنَا,ءَايَٰتِنَا,surface_mismatch,1:1;no_annotation_transferred,10:92
10:93:3,10:93:3,بَنِي,بَنِىٓ,surface_mismatch,1:1;no_annotation_transferred,10:93
10:93:4,10:93:4,إِسْرَائِيلَ,إِسْرَٰٓءِيلَ,surface_mismatch,1:1;no_annotation_transferred,10:93
10:93:17,10:93:17,يَقْضِي,يَقْضِى,surface_mismatch,1:1;no_annotation_transferred,10:93
10:94:3,10:94:3,فِي,فِى,surface_mismatch,1:1;no_annotation_transferred,10:94
10:94:8,10:94:8,فَاسْأَلِ,فَسْـَٔلِ,surface_mismatch,1:1;no_annotation_transferred,10:94
10:95:6,10:95:6,بِآيَاتِ,بِـَٔايَٰتِ,surface_mismatch,1:1;no_annotation_transferred,10:95
10:97:4,10:97:4,آيَةٍ,ءَايَةٍ,surface_mismatch,1:1;no_annotation_transferred,10:97
10:98:4,10:98:4,آمَنَتْ,ءَامَنَتْ,surface_mismatch,1:1;no_annotation_transferred,10:98
10:98:11,10:98:11,آمَنُوا,ءَامَنُوا۟,surface_mismatch,1:1;no_annotation_transferred,10:98
10:98:15,10:98:15,الْخِزْيِ,ٱلْخِزْىِ,surface_mismatch,1:1;no_annotation_transferred,10:98
10:98:16,10:98:16,فِي,فِى,surface_mismatch,1:1;no_annotation_transferred,10:98
10:98:17,10:98:17,الْحَيَاةِ,ٱلْحَيَوٰةِ,surface_mismatch,1:1;no_annotation_transferred,10:98
10:99:4,10:99:4,لَآمَنَ,لَءَامَنَ,surface_mismatch,1:1;no_annotation_transferred,10:99
10:99:6,10:99:6,فِي,فِى,surface_mismatch,1:1;no_annotation_transferred,10:99
10:101:4,10:101:4,فِي,فِى,surface_mismatch,1:1;no_annotation_transferred,10:101
10:101:8,10:101:8,تُغْنِي,تُغْنِى,surface_mismatch,1:1;no_annotation_transferred,10:101
10:101:9,10:101:9,الْآيَاتُ,ٱلْءَايَٰتُ,surface_mismatch,1:1;no_annotation_transferred,10:101
10:102:12,10:102:12,إِنِّي,إِنِّى,surface_mismatch,1:1;no_annotation_transferred,10:102
10:103:2,10:103:2,نُنَجِّي,نُنَجِّى,surface_mismatch,1:1;no_annotation_transferred,10:103
10:103:5,10:103:5,آمَنُوا,ءَامَنُوا۟,surface_mismatch,1:1;no_annotation_transferred,10:103
10:104:6,10:104:7,فِي,فِى,surface_mismatch,1:1;no_annotation_transferred,10:104
10:104:9,10:104:10,دِينِي,دِينِى,surface_mismatch,1:1;no_annotation_transferred,10:104
10:104:20,10:104:21,الَّذِي,ٱلَّذِى,surface_mismatch,1:1;no_annotation_transferred,10:104
10:104:21,10:104:22,يَتَوَفَّاكُمْ,يَتَوَفَّىٰكُمْ,surface_mismatch,1:1;no_annotation_transferred,10:104
10:108:12,10:108:13,يَهْتَدِي,يَهْتَدِى,surface_mismatch,1:1;no_annotation_transferred,10:108
11:1:4,11:1:8,آيَاتُهُ,ءَايَٰتُهُۥ,surface_mismatch,1:1;no_annotation_transferred,11:1
11:2:5,11:2:5,إِنَّنِي,إِنَّنِى,surface_mismatch,1:1;no_annotation_transferred,11:2
11:3:15,11:3:15,ذِي,ذِى,surface_mismatch,1:1;no_annotation_transferred,11:3
11:3:20,11:3:20,فَإِنِّي,فَإِنِّىٓ,surface_mismatch,1:1;no_annotation_transferred,11:3
11:4:7,11:4:7,شَيْءٍ,شَىْءٍ,surface_mismatch,1:1;no_annotation_transferred,11:4
11:6:4,11:6:4,فِي,فِى,surface_mismatch,1:1;no_annotation_transferred,11:6
11:6:14,11:6:14,فِي,فِى,surface_mismatch,1:1;no_annotation_transferred,11:6
11:7:2,11:7:2,الَّذِي,ٱلَّذِى,surface_mismatch,1:1;no_annotation_transferred,11:7
11:7:6,11:7:6,فِي,فِى,surface_mismatch,1:1;no_annotation_transferred,11:7
11:8:22,11:8:22,يَسْتَهْزِئُونَ,يَسْتَهْزِءُونَ,surface_mismatch,1:1;no_annotation_transferred,11:8
11:9:10,11:9:10,لَيَئُوسٌ,لَيَـُٔوسٌ,surface_mismatch,1:1;no_annotation_transferred,11:9
11:10:9,11:10:9,السَّيِّئَاتُ,ٱلسَّيِّـَٔاتُ,surface_mismatch,1:1;no_annotation_transferred,11:10
11:10:10,11:10:10,عَنِّي,عَنِّىٓ,surface_mismatch,1:1;no_annotation_transferred,11:10
11:12:26,11:12:26,شَيْءٍ,شَىْءٍ,surface_mismatch,1:1;no_annotation_transferred,11:12
11:13:3,11:13:3,افْتَرَاهُ,ٱفْتَرَىٰهُ,surface_mismatch,1:1;no_annotation_transferred,11:13
11:15:4,11:15:4,الْحَيَاةَ,ٱلْحَيَوٰةَ,surface_mismatch,1:1;no_annotation_transferred,11:15
11:16:5,11:16:5,فِي,فِى,surface_mismatch,1:1;no_annotation_transferred,11:16
11:16:6,11:16:6,الْآخِرَةِ,ٱلْءَاخِرَةِ,surface_mismatch,1:1;no_annotation_transferred,11:16
11:17:28,11:17:28,فِي,فِى,surface_mismatch,1:1;no_annotation_transferred,11:17
11:19:9,11:19:9,بِالْآخِرَةِ,بِٱلْءَاخِرَةِ,surface_mismatch,1:1;no_annotation_transferred,11:19
11:20:5,11:20:5,فِي,فِى,surface_mismatch,1:1;no_annotation_transferred,11:20
11:22:4,11:22:4,فِي,فِى,surface_mismatch,1:1;no_annotation_transferred,11:22
11:22:5,11:22:5,الْآخِرَةِ,ٱلْءَاخِرَةِ,surface_mismatch,1:1;no_annotation_transferred,11:22
11:23:3,11:23:3,آمَنُوا,ءَامَنُوا۟,surface_mismatch,1:1;no_annotation_transferred,11:23
11:25:6,11:25:6,إِنِّي,إِنِّى,surface_mismatch,1:1;no_annotation_transferred,11:25
11:26:6,11:26:6,إِنِّي,إِنِّىٓ,surface_mismatch,1:1;no_annotation_transferred,11:26
11:27:8,11:27:8,نَرَاكَ,نَرَىٰكَ,surface_mismatch,1:1;no_annotation_transferred,11:27
11:27:13,11:27:13,نَرَاكَ,نَرَىٰكَ,surface_mismatch,1:1;no_annotation_transferred,11:27
11:27:19,11:27:19,بَادِيَ,بَادِىَ,surface_mismatch,1:1;no_annotation_transferred,11:27
11:27:20,11:27:20,الرَّأْيِ,ٱلرَّأْىِ,surface_mismatch,1:1;no_annotation_transferred,11:27
11:28:3,11:28:4,أَرَأَيْتُمْ,أَرَءَيْتُمْ,surface_mismatch,1:1;no_annotation_transferred,11:28
11:28:9,11:28:10,رَّبِّي,رَّبِّى,surface_mismatch,1:1;no_annotation_transferred,11:28
11:28:10,11:28:11,وَآتَانِي,وَءَاتَىٰنِى,surface_mismatch,1:1;no_annotation_transferred,11:28
11:29:3,11:29:4,أَسْأَلُكُمْ,أَسْـَٔلُكُمْ,surface_mismatch,1:1;no_annotation_transferred,11:29
11:29:7,11:29:8,أَجْرِيَ,أَجْرِىَ,surface_mismatch,1:1;no_annotation_transferred,11:29
11:29:15,11:29:16,آمَنُوا,ءَامَنُوٓا۟,surface_mismatch,1:1;no_annotation_transferred,11:29
11:29:17,11:29:18,مُّلَاقُو,مُّلَٰقُوا۟,surface_mismatch,1:1;no_annotation_transferred,11:29
11:29:19,11:29:20,وَلَـٰكِنِّي,وَلَٰكِنِّىٓ,surface_mismatch,1:1;no_annotation_transferred,11:29
11:29:20,11:29:21,أَرَاكُمْ,أَرَىٰكُمْ,surface_mismatch,1:1;no_annotation_transferred,11:29
11:30:3,11:30:4,يَنصُرُنِي,يَنصُرُنِى,surface_mismatch,1:1;no_annotation_transferred,11:30
11:31:4,11:31:4,عِندِي,عِندِى,surface_mismatch,1:1;no_annotation_transferred,11:31
11:31:12,11:31:12,إِنِّي,إِنِّى,surface_mismatch,1:1;no_annotation_transferred,11:31
11:31:17,11:31:17,تَزْدَرِي,تَزْدَرِىٓ,surface_mismatch,1:1;no_annotation_transferred,11:31
11:31:26,11:31:26,فِي,فِىٓ,surface_mismatch,1:1;no_annotation_transferred,11:31
11:31:28,11:31:28,إِنِّي,إِنِّىٓ,surface_mismatch,1:1;no_annotation_transferred,11:31
11:34:3,11:34:3,نُصْحِي,نُصْحِىٓ,surface_mismatch,1:1;no_annotation_transferred,11:34
11:35:3,11:35:3,افْتَرَاهُ,ٱفْتَرَىٰهُ,surface_mismatch,1:1;no_annotation_transferred,11:35
11:35:7,11:35:7,فَعَلَيَّ,فَعَلَىَّ,surface_mismatch,1:1;no_annotation_transferred,11:35
11:35:8,11:35:8,إِجْرَامِي,إِجْرَامِى,surface_mismatch,1:1;no_annotation_transferred,11:35
11:35:10,11:35:10,بَرِيءٌ,بَرِىٓءٌ,surface_mismatch,1:1;no_annotation_transferred,11:35
11:36:1,11:36:1,وَأُوحِيَ,وَأُوحِىَ,surface_mismatch,1:1;no_annotation_transferred,11:36
11:36:12,11:36:12,آمَنَ,ءَامَنَ,surface_mismatch,1:1;no_annotation_transferred,11:36
11:37:6,11:37:6,تُخَاطِبْنِي,تُخَٰطِبْنِى,surface_mismatch,1:1;no_annotation_transferred,11:37
11:37:7,11:37:7,فِي,فِى,surface_mismatch,1:1;no_annotation_transferred,11:37
11:40:21,11:40:21,آمَنَ,ءَامَنَ,surface_mismatch,1:1;no_annotation_transferred,11:40
11:40:23,11:40:23,آمَنَ,ءَامَنَ,surface_mismatch,1:1;no_annotation_transferred,11:40
11:41:6,11:41:6,مَجْرَاهَا,مَجْر۪ىٰهَا,surface_mismatch,1:1;no_annotation_transferred,11:41
11:41:7,11:41:7,وَمُرْسَاهَا,وَمُرْسَىٰهَآ,surface_mismatch,1:1;no_annotation_transferred,11:41
11:41:9,11:41:9,رَبِّي,رَبِّى,surface_mismatch,1:1;no_annotation_transferred,11:41
11:42:1,,وَهِيَ تَجْرِي بِهِمْ فِي مَوْجٍ كَالْجِبَالِ وَنَادَىٰ نُوحٌ ابْنَهُ وَكَانَ فِي مَعْزِلٍ يَا بُنَيَّ ارْكَب مَّعَنَا وَلَا تَكُن مَّعَ الْكَافِرِينَ,وَهِىَ,ambiguous_verse,multiple_optimal_paths,11:42
11:42:2,,وَهِيَ تَجْرِي بِهِمْ فِي مَوْجٍ كَالْجِبَالِ وَنَادَىٰ نُوحٌ ابْنَهُ وَكَانَ فِي مَعْزِلٍ يَا بُنَيَّ ارْكَب مَّعَنَا وَلَا تَكُن مَّعَ الْكَافِرِينَ,تَجْرِى,ambiguous_verse,multiple_optimal_paths,11:42
11:42:3,,وَهِيَ تَجْرِي بِهِمْ فِي مَوْجٍ كَالْجِبَالِ وَنَادَىٰ نُوحٌ ابْنَهُ وَكَانَ فِي مَعْزِلٍ يَا بُنَيَّ ارْكَب مَّعَنَا وَلَا تَكُن مَّعَ الْكَافِرِينَ,بِهِمْ,ambiguous_verse,multiple_optimal_paths,11:42
11:42:4,,وَهِيَ تَجْرِي بِهِمْ فِي مَوْجٍ كَالْجِبَالِ وَنَادَىٰ نُوحٌ ابْنَهُ وَكَانَ فِي مَعْزِلٍ يَا بُنَيَّ ارْكَب مَّعَنَا وَلَا تَكُن مَّعَ الْكَافِرِينَ,فِى,ambiguous_verse,multiple_optimal_paths,11:42
11:42:5,,وَهِيَ تَجْرِي بِهِمْ فِي مَوْجٍ كَالْجِبَالِ وَنَادَىٰ نُوحٌ ابْنَهُ وَكَانَ فِي مَعْزِلٍ يَا بُنَيَّ ارْكَب مَّعَنَا وَلَا تَكُن مَّعَ الْكَافِرِينَ,مَوْجٍ,ambiguous_verse,multiple_optimal_paths,11:42
11:42:6,,وَهِيَ تَجْرِي بِهِمْ فِي مَوْجٍ كَالْجِبَالِ وَنَادَىٰ نُوحٌ ابْنَهُ وَكَانَ فِي مَعْزِلٍ يَا بُنَيَّ ارْكَب مَّعَنَا وَلَا تَكُن مَّعَ الْكَافِرِينَ,كَٱلْجِبَالِ,ambiguous_verse,multiple_optimal_paths,11:42
11:42:7,,وَهِيَ تَجْرِي بِهِمْ فِي مَوْجٍ كَالْجِبَالِ وَنَادَىٰ نُوحٌ ابْنَهُ وَكَانَ فِي مَعْزِلٍ يَا بُنَيَّ ارْكَب مَّعَنَا وَلَا تَكُن مَّعَ الْكَافِرِينَ,وَنَادَىٰ,ambiguous_verse,multiple_optimal_paths,11:42
11:42:8,,وَهِيَ تَجْرِي بِهِمْ فِي مَوْجٍ كَالْجِبَالِ وَنَادَىٰ نُوحٌ ابْنَهُ وَكَانَ فِي مَعْزِلٍ يَا بُنَيَّ ارْكَب مَّعَنَا وَلَا تَكُن مَّعَ الْكَافِرِينَ,نُوحٌ,ambiguous_verse,multiple_optimal_paths,11:42
11:42:9,,وَهِيَ تَجْرِي بِهِمْ فِي مَوْجٍ كَالْجِبَالِ وَنَادَىٰ نُوحٌ ابْنَهُ وَكَانَ فِي مَعْزِلٍ يَا بُنَيَّ ارْكَب مَّعَنَا وَلَا تَكُن مَّعَ الْكَافِرِينَ,ٱبْنَهُۥ,ambiguous_verse,multiple_optimal_paths,11:42
11:42:10,,وَهِيَ تَجْرِي بِهِمْ فِي مَوْجٍ كَالْجِبَالِ وَنَادَىٰ نُوحٌ ابْنَهُ وَكَانَ فِي مَعْزِلٍ يَا بُنَيَّ ارْكَب مَّعَنَا وَلَا تَكُن مَّعَ الْكَافِرِينَ,وَكَانَ,ambiguous_verse,multiple_optimal_paths,11:42
11:42:11,,وَهِيَ تَجْرِي بِهِمْ فِي مَوْجٍ كَالْجِبَالِ وَنَادَىٰ نُوحٌ ابْنَهُ وَكَانَ فِي مَعْزِلٍ يَا بُنَيَّ ارْكَب مَّعَنَا وَلَا تَكُن مَّعَ الْكَافِرِينَ,فِى,ambiguous_verse,multiple_optimal_paths,11:42
11:42:12,,وَهِيَ تَجْرِي بِهِمْ فِي مَوْجٍ كَالْجِبَالِ وَنَادَىٰ نُوحٌ ابْنَهُ وَكَانَ فِي مَعْزِلٍ يَا بُنَيَّ ارْكَب مَّعَنَا وَلَا تَكُن مَّعَ الْكَافِرِينَ,مَعْزِلٍ,ambiguous_verse,multiple_optimal_paths,11:42
11:42:13,,وَهِيَ تَجْرِي بِهِمْ فِي مَوْجٍ كَالْجِبَالِ وَنَادَىٰ نُوحٌ ابْنَهُ وَكَانَ فِي مَعْزِلٍ يَا بُنَيَّ ارْكَب مَّعَنَا وَلَا تَكُن مَّعَ الْكَافِرِينَ,يَٰبُنَىَّ,ambiguous_verse,multiple_optimal_paths,11:42
11:42:14,,وَهِيَ تَجْرِي بِهِمْ فِي مَوْجٍ كَالْجِبَالِ وَنَادَىٰ نُوحٌ ابْنَهُ وَكَانَ فِي مَعْزِلٍ يَا بُنَيَّ ارْكَب مَّعَنَا وَلَا تَكُن مَّعَ الْكَافِرِينَ,ٱرْكَب,ambiguous_verse,multiple_optimal_paths,11:42
11:42:15,,وَهِيَ تَجْرِي بِهِمْ فِي مَوْجٍ كَالْجِبَالِ وَنَادَىٰ نُوحٌ ابْنَهُ وَكَانَ فِي مَعْزِلٍ يَا بُنَيَّ ارْكَب مَّعَنَا وَلَا تَكُن مَّعَ الْكَافِرِينَ,مَّعَنَا,ambiguous_verse,multiple_optimal_paths,11:42
11:42:16,,وَهِيَ تَجْرِي بِهِمْ فِي مَوْجٍ كَالْجِبَالِ وَنَادَىٰ نُوحٌ ابْنَهُ وَكَانَ فِي مَعْزِلٍ يَا بُنَيَّ ارْكَب مَّعَنَا وَلَا تَكُن مَّعَ الْكَافِرِينَ,وَلَا,ambiguous_verse,multiple_optimal_paths,11:42
11:42:17,,وَهِيَ تَجْرِي بِهِمْ فِي مَوْجٍ كَالْجِبَالِ وَنَادَىٰ نُوحٌ ابْنَهُ وَكَانَ فِي مَعْزِلٍ يَا بُنَيَّ ارْكَب مَّعَنَا وَلَا تَكُن مَّعَ الْكَافِرِينَ,تَكُن,ambiguous_verse,multiple_optimal_paths,11:42
11:42:18,,وَهِيَ تَجْرِي بِهِمْ فِي مَوْجٍ كَالْجِبَالِ وَنَادَىٰ نُوحٌ ابْنَهُ وَكَانَ فِي مَعْزِلٍ يَا بُنَيَّ ارْكَب مَّعَنَا وَلَا تَكُن مَّعَ الْكَافِرِينَ,مَّعَ,ambiguous_verse,multiple_optimal_paths,11:42
11:42:19,,وَهِيَ تَجْرِي بِهِمْ فِي مَوْجٍ كَالْجِبَالِ وَنَادَىٰ نُوحٌ ابْنَهُ وَكَانَ فِي مَعْزِلٍ يَا بُنَيَّ ارْكَب مَّعَنَا وَلَا تَكُن مَّعَ الْكَافِرِينَ,ٱلْكَٰفِرِينَ,ambiguous_verse,multiple_optimal_paths,11:42
11:43:2,11:43:2,سَآوِي,سَـَٔاوِىٓ,surface_mismatch,1:1;no_annotation_transferred,11:43
11:43:5,11:43:5,يَعْصِمُنِي,يَعْصِمُنِى,surface_mismatch,1:1;no_annotation_transferred,11:43
11:44:3,11:44:4,ابْلَعِي,ٱبْلَعِى,surface_mismatch,1:1;no_annotation_transferred,11:44
11:44:6,11:44:8,أَقْلِعِي,أَقْلِعِى,surface_mismatch,1:1;no_annotation_transferred,11:44
11:44:9,11:44:11,وَقُضِيَ,وَقُضِىَ,surface_mismatch,1:1;no_annotation_transferred,11:44
11:44:13,11:44:15,الْجُودِيِّ,ٱلْجُودِىِّ,surface_mismatch,1:1;no_annotation_transferred,11:44
11:45:7,11:45:7,ابْنِي,ٱبْنِى,surface_mismatch,1:1;no_annotation_transferred,11:45
11:45:9,11:45:9,أَهْلِي,أَهْلِى,surface_mismatch,1:1;no_annotation_transferred,11:45
11:46:12,11:46:13,تَسْأَلْنِ,تَسْـَٔلْنِ,surface_mismatch,1:1;no_annotation_transferred,11:46
11:46:18,11:46:19,إِنِّي,إِنِّىٓ,surface_mismatch,1:1;no_annotation_transferred,11:46
11:47:3,11:47:3,إِنِّي,إِنِّىٓ,surface_mismatch,1:1;no_annotation_transferred,11:47
11:47:7,11:47:7,أَسْأَلَكَ,أَسْـَٔلَكَ,surface_mismatch,1:1;no_annotation_transferred,11:47
11:47:10,11:47:10,لِي,لِى,surface_mismatch,1:1;no_annotation_transferred,11:47
11:47:15,11:47:15,لِي,لِى,surface_mismatch,1:1;no_annotation_transferred,11:47
11:47:16,11:47:16,وَتَرْحَمْنِي,وَتَرْحَمْنِىٓ,surface_mismatch,1:1;no_annotation_transferred,11:47
11:51:3,11:51:4,أَسْأَلُكُمْ,أَسْـَٔلُكُمْ,surface_mismatch,1:1;no_annotation_transferred,11:51
11:51:7,11:51:8,أَجْرِيَ,أَجْرِىَ,surface_mismatch,1:1;no_annotation_transferred,11:51
11:51:10,11:51:11,الَّذِي,ٱلَّذِى,surface_mismatch,1:1;no_annotation_transferred,11:51
11:51:11,11:51:12,فَطَرَنِي,فَطَرَنِىٓ,surface_mismatch,1:1;no_annotation_transferred,11:51
11:53:8,11:53:9,بِتَارِكِي,بِتَارِكِىٓ,surface_mismatch,1:1;no_annotation_transferred,11:53
11:53:9,11:53:10,آلِهَتِنَا,ءَالِهَتِنَا,surface_mismatch,1:1;no_annotation_transferred,11:53
11:54:4,11:54:4,اعْتَرَاكَ,ٱعْتَرَىٰكَ,surface_mismatch,1:1;no_annotation_transferred,11:54
11:54:6,11:54:6,آلِهَتِنَا,ءَالِهَتِنَا,surface_mismatch,1:1;no_annotation_transferred,11:54
11:54:9,11:54:9,إِنِّي,إِنِّىٓ,surface_mismatch,1:1;no_annotation_transferred,11:54
11:54:13,11:54:13,أَنِّي,أَنِّى,surface_mismatch,1:1;no_annotation_transferred,11:54
11:54:14,11:54:14,بَرِيءٌ,بَرِىٓءٌ,surface_mismatch,1:1;no_annotation_transferred,11:54
11:55:3,11:55:3,فَكِيدُونِي,فَكِيدُونِى,surface_mismatch,1:1;no_annotation_transferred,11:55
11:56:1,11:56:1,إِنِّي,إِنِّى,surface_mismatch,1:1;no_annotation_transferred,11:56
11:56:5,11:56:5,رَبِّي,رَبِّى,surface_mismatch,1:1;no_annotation_transferred,11:56
11:56:12,11:56:12,آخِذٌ,ءَاخِذٌۢ,surface_mismatch,1:1;no_annotation_transferred,11:56
11:56:15,11:56:15,رَبِّي,رَبِّى,surface_mismatch,1:1;no_annotation_transferred,11:56
11:57:10,11:57:10,رَبِّي,رَبِّى,surface_mismatch,1:1;no_annotation_transferred,11:57
11:57:15,11:57:15,شَيْئًا,شَيْـًٔا,surface_mismatch,1:1;no_annotation_transferred,11:57
11:57:17,11:57:17,رَبِّي,رَبِّى,surface_mismatch,1:1;no_annotation_transferred,11:57
11:57:20,11:57:20,شَيْءٍ,شَىْءٍ,surface_mismatch,1:1;no_annotation_transferred,11:57
11:58:7,11:58:7,آمَنُوا,ءَامَنُوا۟,surface_mismatch,1:1;no_annotation_transferred,11:58
11:59:4,11:59:4,بِآيَاتِ,بِـَٔايَٰتِ,surface_mismatch,1:1;no_annotation_transferred,11:59
11:60:2,11:60:2,فِي,فِى,surface_mismatch,1:1;no_annotation_transferred,11:60
11:61:25,11:61:26,رَبِّي,رَبِّى,surface_mismatch,1:1;no_annotation_transferred,11:61
11:62:9,11:62:10,أَتَنْهَانَا,أَتَنْهَىٰنَآ,surface_mismatch,1:1;no_annotation_transferred,11:62
11:62:14,11:62:15,آبَاؤُنَا,ءَابَآؤُنَا,surface_mismatch,1:1;no_annotation_transferred,11:62
11:62:16,11:62:17,لَفِي,لَفِى,surface_mismatch,1:1;no_annotation_transferred,11:62
11:63:3,11:63:4,أَرَأَيْتُمْ,أَرَءَيْتُمْ,surface_mismatch,1:1;no_annotation_transferred,11:63
11:63:9,11:63:10,رَّبِّي,رَّبِّى,surface_mismatch,1:1;no_annotation_transferred,11:63
11:63:10,11:63:11,وَآتَانِي,وَءَاتَىٰنِى,surface_mismatch,1:1;no_annotation_transferred,11:63
11:63:14,11:63:15,يَنصُرُنِي,يَنصُرُنِى,surface_mismatch,1:1;no_annotation_transferred,11:63
11:63:20,11:63:21,تَزِيدُونَنِي,تَزِيدُونَنِى,surface_mismatch,1:1;no_annotation_transferred,11:63
11:64:6,11:64:7,آيَةً,ءَايَةً,surface_mismatch,1:1;no_annotation_transferred,11:64
11:64:9,11:64:10,فِي,فِىٓ,surface_mismatch,1:1;no_annotation_transferred,11:64
11:65:4,11:65:4,فِي,فِى,surface_mismatch,1:1;no_annotation_transferred,11:65
11:66:7,11:66:7,آمَنُوا,ءَامَنُوا۟,surface_mismatch,1:1;no_annotation_transferred,11:66
11:66:12,11:66:12,خِزْيِ,خِزْىِ,surface_mismatch,1:1;no_annotation_transferred,11:66
11:66:17,11:66:17,الْقَوِيُّ,ٱلْقَوِىُّ,surface_mismatch,1:1;no_annotation_transferred,11:66
11:67:6,11:67:6,فِي,فِى,surface_mismatch,1:1;no_annotation_transferred,11:67
11:68:7,11:68:7,ثَمُودَ,ثَمُودَا۟,surface_mismatch,1:1;no_annotation_transferred,11:68
11:70:2,11:70:2,رَأَىٰ,رَءَآ,surface_mismatch,1:1;no_annotation_transferred,11:70
11:72:3,11:72:4,أَأَلِدُ,ءَأَلِدُ,surface_mismatch,1:1;no_annotation_transferred,11:72
11:72:7,11:72:8,بَعْلِي,بَعْلِى,surface_mismatch,1:1;no_annotation_transferred,11:72
11:72:11,11:72:12,لَشَيْءٌ,لَشَىْءٌ,surface_mismatch,1:1;no_annotation_transferred,11:72
11:74:9,11:74:9,فِي,فِى,surface_mismatch,1:1;no_annotation_transferred,11:74
11:76:11,11:76:12,آتِيهِمْ,ءَاتِيهِمْ,surface_mismatch,1:1;no_annotation_transferred,11:76
11:77:5,11:77:5,سِيءَ,سِىٓءَ,surface_mismatch,1:1;no_annotation_transferred,11:77
11:78:9,11:78:9,السَّيِّئَاتِ,ٱلسَّيِّـَٔاتِ,surface_mismatch,1:1;no_annotation_transferred,11:78
11:78:13,11:78:14,بَنَاتِي,بَنَاتِى,surface_mismatch,1:1;no_annotation_transferred,11:78
11:78:21,11:78:22,فِي,فِى,surface_mismatch,1:1;no_annotation_transferred,11:78
11:78:22,11:78:23,ضَيْفِي,ضَيْفِىٓ,surface_mismatch,1:1;no_annotation_transferred,11:78
11:79:6,11:79:6,فِي,فِى,surface_mismatch,1:1;no_annotation_transferred,11:79
11:80:4,11:80:4,لِي,لِى,surface_mismatch,1:1;no_annotation_transferred,11:80
11:80:8,11:80:8,آوِي,ءَاوِىٓ,surface_mismatch,1:1;no_annotation_transferred,11:80
11:81:13,11:81:14,اللَّيْلِ,ٱلَّيْلِ,surface_mismatch,1:1;no_annotation_transferred,11:81
11:83:5,11:83:5,هِيَ,هِىَ,surface_mismatch,1:1;no_annotation_transferred,11:83
11:84:18,11:84:19,إِنِّي,إِنِّىٓ,surface_mismatch,1:1;no_annotation_transferred,11:84
11:84:19,11:84:20,أَرَاكُم,أَرَىٰكُم,surface_mismatch,1:1;no_annotation_transferred,11:84
11:84:21,11:84:22,وَإِنِّي,وَإِنِّىٓ,surface_mismatch,1:1;no_annotation_transferred,11:84
11:85:12,11:85:13,فِي,فِى,surface_mismatch,1:1;no_annotation_transferred,11:85
11:87:3,11:87:4,أَصَلَاتُكَ,أَصَلَوٰتُكَ,surface_mismatch,1:1;no_annotation_transferred,11:87
11:87:9,11:87:10,آبَاؤُنَا,ءَابَآؤُنَآ,surface_mismatch,1:1;no_annotation_transferred,11:87
11:87:13,11:87:14,فِي,فِىٓ,surface_mismatch,1:1;no_annotation_transferred,11:87
11:87:16,11:87:17,نَشَاءُ,نَشَٰٓؤُا۟,surface_mismatch,1:1;no_annotation_transferred,11:87
11:88:3,11:88:4,أَرَأَيْتُمْ,أَرَءَيْتُمْ,surface_mismatch,1:1;no_annotation_transferred,11:88
11:88:9,11:88:10,رَّبِّي,رَّبِّى,surface_mismatch,1:1;no_annotation_transferred,11:88
11:88:10,11:88:11,وَرَزَقَنِي,وَرَزَقَنِى,surface_mismatch,1:1;no_annotation_transferred,11:88
11:88:20,11:88:21,أَنْهَاكُمْ,أَنْهَىٰكُمْ,surface_mismatch,1:1;no_annotation_transferred,11:88
11:88:29,11:88:30,تَوْفِيقِي,تَوْفِيقِىٓ,surface_mismatch,1:1;no_annotation_transferred,11:88
11:89:4,11:89:5,شِقَاقِي,شِقَاقِىٓ,surface_mismatch,1:1;no_annotation_transferred,11:89
11:90:7,11:90:7,رَبِّي,رَبِّى,surface_mismatch,1:1;no_annotation_transferred,11:90
11:91:9,11:91:10,لَنَرَاكَ,لَنَرَىٰكَ,surface_mismatch,1:1;no_annotation_transferred,11:91
11:92:3,11:92:4,أَرَهْطِي,أَرَهْطِىٓ,surface_mismatch,1:1;no_annotation_transferred,11:92
11:92:12,11:92:13,رَبِّي,رَبِّى,surface_mismatch,1:1;no_annotation_transferred,11:92
11:93:5,11:93:6,إِنِّي,إِنِّى,surface_mismatch,1:1;no_annotation_transferred,11:93
11:93:17,11:93:18,إِنِّي,إِنِّى,surface_mismatch,1:1;no_annotation_transferred,11:93
11:94:7,11:94:7,آمَنُوا,ءَامَنُوا۟,surface_mismatch,1:1;no_annotation_transferred,11:94
11:94:16,11:94:16,فِي,فِى,surface_mismatch,1:1;no_annotation_transferred,11:94
11:96:4,11:96:4,بِآيَاتِنَا,بِـَٔايَٰتِنَا,surface_mismatch,1:1;no_annotation_transferred,11:96
11:97:3,11:97:3,وَمَلَئِهِ,وَمَلَإِي۟هِۦ,surface_mismatch,1:1;no_annotation_transferred,11:97
11:99:2,11:99:2,فِي,فِى,surface_mismatch,1:1;no_annotation_transferred,11:99
11:101:9,11:101:9,آلِهَتُهُمُ,ءَالِهَتُهُمُ,surface_mismatch,1:1;no_annotation_transferred,11:101
11:101:10,11:101:10,الَّتِي,ٱلَّتِى,surface_mismatch,1:1;no_annotation_transferred,11:101
11:101:16,11:101:16,شَيْءٍ,شَىْءٍ,surface_mismatch,1:1;no_annotation_transferred,11:101
11:102:7,11:102:7,وَهِيَ,وَهِىَ,surface_mismatch,1:1;no_annotation_transferred,11:102
11:103:2,11:103:2,فِي,فِى,surface_mismatch,1:1;no_annotation_transferred,11:103
11:103:4,11:103:4,لَآيَةً,لَءَايَةً,surface_mismatch,1:1;no_annotation_transferred,11:103
11:103:8,11:103:8,الْآخِرَةِ,ٱلْءَاخِرَةِ,surface_mismatch,1:1;no_annotation_transferred,11:103
11:105:9,11:105:9,شَقِيٌّ,شَقِىٌّ,surface_mismatch,1:1;no_annotation_transferred,11:105
11:106:4,11:106:4,فَفِي,فَفِى,surface_mismatch,1:1;no_annotation_transferred,11:106
11:108:4,11:108:4,فَفِي,فَفِى,surface_mismatch,1:1;no_annotation_transferred,11:108
11:109:3,11:109:3,فِي,فِى,surface_mismatch,1:1;no_annotation_transferred,11:109
11:109:13,11:109:13,آبَاؤُهُم,ءَابَآؤُهُم,surface_mismatch,1:1;no_annotation_transferred,11:109
11:110:2,11:110:2,آتَيْنَا,ءَاتَيْنَا,surface_mismatch,1:1;no_annotation_transferred,11:110
11:110:12,11:110:12,لَقُضِيَ,لَقُضِىَ,surface_mismatch,1:1;no_annotation_transferred,11:110
11:110:15,11:110:15,لَفِي,لَفِى,surface_mismatch,1:1;no_annotation_transferred,11:110
11:114:2,11:114:2,الصَّلَاةَ,ٱلصَّلَوٰةَ,surface_mismatch,1:1;no_annotation_transferred,11:114
11:114:3,11:114:3,طَرَفَيِ,طَرَفَىِ,surface_mismatch,1:1;no_annotation_transferred,11:114
11:114:7,11:114:7,اللَّيْلِ,ٱلَّيْلِ,surface_mismatch,1:1;no_annotation_transferred,11:114
11:114:11,11:114:11,السَّيِّئَاتِ,ٱلسَّيِّـَٔاتِ,surface_mismatch,1:1;no_annotation_transferred,11:114
11:116:7,11:116:7,أُولُو,أُو۟لُوا۟,surface_mismatch,1:1;no_annotation_transferred,11:116
11:116:12,11:116:12,فِي,فِى,surface_mismatch,1:1;no_annotation_transferred,11:116
11:120:12,11:120:12,فِي,فِى,surface_mismatch,1:1;no_annotation_transferred,11:120
12:1:3,12:1:7,آيَاتُ,ءَايَٰتُ,surface_mismatch,1:1;no_annotation_transferred,12:1
12:2:3,12:2:3,قُرْآنًا,قُرْءَٰنًا,surface_mismatch,1:1;no_annotation_transferred,12:2
12:3:10,12:3:10,الْقُرْآنَ,ٱلْقُرْءَانَ,surface_mismatch,1:1;no_annotation_transferred,12:3
12:4:6,12:4:7,إِنِّي,إِنِّى,surface_mismatch,1:1;no_annotation_transferred,12:4
12:4:14,12:4:15,لِي,لِى,surface_mismatch,1:1;no_annotation_transferred,12:4
12:5:1,,قَالَ يَا بُنَيَّ لَا تَقْصُصْ رُؤْيَاكَ عَلَىٰ إِخْوَتِكَ فَيَكِيدُوا لَكَ كَيْدًا إِنَّ الشَّيْطَانَ لِلْإِنسَانِ عَدُوٌّ مُّبِينٌ,قَالَ,ambiguous_verse,multiple_optimal_paths,12:5
12:5:2,,قَالَ يَا بُنَيَّ لَا تَقْصُصْ رُؤْيَاكَ عَلَىٰ إِخْوَتِكَ فَيَكِيدُوا لَكَ كَيْدًا إِنَّ الشَّيْطَانَ لِلْإِنسَانِ عَدُوٌّ مُّبِينٌ,يَٰبُنَىَّ,ambiguous_verse,multiple_optimal_paths,12:5
12:5:3,,قَالَ يَا بُنَيَّ لَا تَقْصُصْ رُؤْيَاكَ عَلَىٰ إِخْوَتِكَ فَيَكِيدُوا لَكَ كَيْدًا إِنَّ الشَّيْطَانَ لِلْإِنسَانِ عَدُوٌّ مُّبِينٌ,لَا,ambiguous_verse,multiple_optimal_paths,12:5
12:5:4,,قَالَ يَا بُنَيَّ لَا تَقْصُصْ رُؤْيَاكَ عَلَىٰ إِخْوَتِكَ فَيَكِيدُوا لَكَ كَيْدًا إِنَّ الشَّيْطَانَ لِلْإِنسَانِ عَدُوٌّ مُّبِينٌ,تَقْصُصْ,ambiguous_verse,multiple_optimal_paths,12:5
12:5:5,,قَالَ يَا بُنَيَّ لَا تَقْصُصْ رُؤْيَاكَ عَلَىٰ إِخْوَتِكَ فَيَكِيدُوا لَكَ كَيْدًا إِنَّ الشَّيْطَانَ لِلْإِنسَانِ عَدُوٌّ مُّبِينٌ,رُءْيَاكَ,ambiguous_verse,multiple_optimal_paths,12:5
12:5:6,,قَالَ يَا بُنَيَّ لَا تَقْصُصْ رُؤْيَاكَ عَلَىٰ إِخْوَتِكَ فَيَكِيدُوا لَكَ كَيْدًا إِنَّ الشَّيْطَانَ لِلْإِنسَانِ عَدُوٌّ مُّبِينٌ,عَلَىٰٓ,ambiguous_verse,multiple_optimal_paths,12:5
12:5:7,,قَالَ يَا بُنَيَّ لَا تَقْصُصْ رُؤْيَاكَ عَلَىٰ إِخْوَتِكَ فَيَكِيدُوا لَكَ كَيْدًا إِنَّ الشَّيْطَانَ لِلْإِنسَانِ عَدُوٌّ مُّبِينٌ,إِخْوَتِكَ,ambiguous_verse,multiple_optimal_paths,12:5
12:5:8,,قَالَ يَا بُنَيَّ لَا تَقْصُصْ رُؤْيَاكَ عَلَىٰ إِخْوَتِكَ فَيَكِيدُوا لَكَ كَيْدًا إِنَّ الشَّيْطَانَ لِلْإِنسَانِ عَدُوٌّ مُّبِينٌ,فَيَكِيدُوا۟,ambiguous_verse,multiple_optimal_paths,12:5
12:5:9,,قَالَ يَا بُنَيَّ لَا تَقْصُصْ رُؤْيَاكَ عَلَىٰ إِخْوَتِكَ فَيَكِيدُوا لَكَ كَيْدًا إِنَّ الشَّيْطَانَ لِلْإِنسَانِ عَدُوٌّ مُّبِينٌ,لَكَ,ambiguous_verse,multiple_optimal_paths,12:5
12:5:10,,قَالَ يَا بُنَيَّ لَا تَقْصُصْ رُؤْيَاكَ عَلَىٰ إِخْوَتِكَ فَيَكِيدُوا لَكَ كَيْدًا إِنَّ الشَّيْطَانَ لِلْإِنسَانِ عَدُوٌّ مُّبِينٌ,كَيْدًا,ambiguous_verse,multiple_optimal_paths,12:5
12:5:11,,قَالَ يَا بُنَيَّ لَا تَقْصُصْ رُؤْيَاكَ عَلَىٰ إِخْوَتِكَ فَيَكِيدُوا لَكَ كَيْدًا إِنَّ الشَّيْطَانَ لِلْإِنسَانِ عَدُوٌّ مُّبِينٌ,إِنَّ,ambiguous_verse,multiple_optimal_paths,12:5
12:5:12,,قَالَ يَا بُنَيَّ لَا تَقْصُصْ رُؤْيَاكَ عَلَىٰ إِخْوَتِكَ فَيَكِيدُوا لَكَ كَيْدًا إِنَّ الشَّيْطَانَ لِلْإِنسَانِ عَدُوٌّ مُّبِينٌ,ٱلشَّيْطَٰنَ,ambiguous_verse,multiple_optimal_paths,12:5
12:5:13,,قَالَ يَا بُنَيَّ لَا تَقْصُصْ رُؤْيَاكَ عَلَىٰ إِخْوَتِكَ فَيَكِيدُوا لَكَ كَيْدًا إِنَّ الشَّيْطَانَ لِلْإِنسَانِ عَدُوٌّ مُّبِينٌ,لِلْإِنسَٰنِ,ambiguous_verse,multiple_optimal_paths,12:5
12:5:14,,قَالَ يَا بُنَيَّ لَا تَقْصُصْ رُؤْيَاكَ عَلَىٰ إِخْوَتِكَ فَيَكِيدُوا لَكَ كَيْدًا إِنَّ الشَّيْطَانَ لِلْإِنسَانِ عَدُوٌّ مُّبِينٌ,عَدُوٌّ,ambiguous_verse,multiple_optimal_paths,12:5
12:5:15,,قَالَ يَا بُنَيَّ لَا تَقْصُصْ رُؤْيَاكَ عَلَىٰ إِخْوَتِكَ فَيَكِيدُوا لَكَ كَيْدًا إِنَّ الشَّيْطَانَ لِلْإِنسَانِ عَدُوٌّ مُّبِينٌ,مُّبِينٌ,ambiguous_verse,multiple_optimal_paths,12:5
12:6:12,12:6:12,آلِ,ءَالِ,surface_mismatch,1:1;no_annotation_transferred,12:6
12:7:3,12:7:3,فِي,فِى,surface_mismatch,1:1;no_annotation_transferred,12:7
12:7:6,12:7:6,آيَاتٌ,ءَايَٰتٌ,surface_mismatch,1:1;no_annotation_transferred,12:7
12:8:13,12:8:13,لَفِي,لَفِى,surface_mismatch,1:1;no_annotation_transferred,12:8
12:10:8,12:10:8,فِي,فِى,surface_mismatch,1:1;no_annotation_transferred,12:10
12:13:2,12:13:2,إِنِّي,إِنِّى,surface_mismatch,1:1;no_annotation_transferred,12:13
12:13:3,12:13:3,لَيَحْزُنُنِي,لَيَحْزُنُنِىٓ,surface_mismatch,1:1;no_annotation_transferred,12:13
12:15:7,12:15:7,فِي,فِى,surface_mismatch,1:1;no_annotation_transferred,12:15
12:16:1,12:16:1,وَجَاءُوا,وَجَآءُوٓ,surface_mismatch,1:1;no_annotation_transferred,12:16
12:18:1,12:18:1,وَجَاءُوا,وَجَآءُو,surface_mismatch,1:1;no_annotation_transferred,12:18
12:21:2,12:21:2,الَّذِي,ٱلَّذِى,surface_mismatch,1:1;no_annotation_transferred,12:21
12:21:3,12:21:3,اشْتَرَاهُ,ٱشْتَرَىٰهُ,surface_mismatch,1:1;no_annotation_transferred,12:21
12:21:7,12:21:7,أَكْرِمِي,أَكْرِمِى,surface_mismatch,1:1;no_annotation_transferred,12:21
12:21:8,12:21:8,مَثْوَاهُ,مَثْوَىٰهُ,surface_mismatch,1:1;no_annotation_transferred,12:21
12:21:18,12:21:18,فِي,فِى,surface_mismatch,1:1;no_annotation_transferred,12:21
12:22:4,12:22:4,آتَيْنَاهُ,ءَاتَيْنَٰهُ,surface_mismatch,1:1;no_annotation_transferred,12:22
12:22:8,12:22:8,نَجْزِي,نَجْزِى,surface_mismatch,1:1;no_annotation_transferred,12:22
12:23:2,12:23:2,الَّتِي,ٱلَّتِى,surface_mismatch,1:1;no_annotation_transferred,12:23
12:23:4,12:23:4,فِي,فِى,surface_mismatch,1:1;no_annotation_transferred,12:23
12:23:17,12:23:17,رَبِّي,رَبِّىٓ,surface_mismatch,1:1;no_annotation_transferred,12:23
12:23:19,12:23:19,مَثْوَايَ,مَثْوَاىَ,surface_mismatch,1:1;no_annotation_transferred,12:23
12:24:8,12:24:8,رَّأَىٰ,رَّءَا,surface_mismatch,1:1;no_annotation_transferred,12:24
12:25:9,12:25:9,لَدَى,لَدَا,surface_mismatch,1:1;no_annotation_transferred,12:25
12:26:2,12:26:2,هِيَ,هِىَ,surface_mismatch,1:1;no_annotation_transferred,12:26
12:26:3,12:26:3,رَاوَدَتْنِي,رَٰوَدَتْنِى,surface_mismatch,1:1;no_annotation_transferred,12:26
12:26:5,12:26:5,نَّفْسِي,نَّفْسِى,surface_mismatch,1:1;no_annotation_transferred,12:26
12:28:2,12:28:2,رَأَىٰ,رَءَا,surface_mismatch,1:1;no_annotation_transferred,12:28
12:29:5,12:29:5,وَاسْتَغْفِرِي,وَٱسْتَغْفِرِى,surface_mismatch,1:1;no_annotation_transferred,12:29
12:29:10,12:29:10,الْخَاطِئِينَ,ٱلْخَاطِـِٔينَ,surface_mismatch,1:1;no_annotation_transferred,12:29
12:30:3,12:30:3,فِي,فِى,surface_mismatch,1:1;no_annotation_transferred,12:30
12:30:8,12:30:8,فَتَاهَا,فَتَىٰهَا,surface_mismatch,1:1;no_annotation_transferred,12:30
12:30:15,12:30:15,لَنَرَاهَا,لَنَرَىٰهَا,surface_mismatch,1:1;no_annotation_transferred,12:30
12:30:16,12:30:16,فِي,فِى,surface_mismatch,1:1;no_annotation_transferred,12:30
12:31:8,12:31:8,مُتَّكَأً,مُتَّكَـًٔا,surface_mismatch,1:1;no_annotation_transferred,12:31
12:31:9,12:31:9,وَآتَتْ,وَءَاتَتْ,surface_mismatch,1:1;no_annotation_transferred,12:31
12:32:3,12:32:3,الَّذِي,ٱلَّذِى,surface_mismatch,1:1;no_annotation_transferred,12:32
12:32:4,12:32:4,لُمْتُنَّنِي,لُمْتُنَّنِى,surface_mismatch,1:1;no_annotation_transferred,12:32
12:32:15,12:32:15,آمُرُهُ,ءَامُرُهُۥ,surface_mismatch,1:1;no_annotation_transferred,12:32
12:33:5,12:33:5,إِلَيَّ,إِلَىَّ,surface_mismatch,1:1;no_annotation_transferred,12:33
12:33:7,12:33:7,يَدْعُونَنِي,يَدْعُونَنِىٓ,surface_mismatch,1:1;no_annotation_transferred,12:33
12:33:11,12:33:11,عَنِّي,عَنِّى,surface_mismatch,1:1;no_annotation_transferred,12:33
12:35:8,12:35:8,الْآيَاتِ,ٱلْءَايَٰتِ,surface_mismatch,1:1;no_annotation_transferred,12:35
12:36:7,12:36:7,إِنِّي,إِنِّىٓ,surface_mismatch,1:1;no_annotation_transferred,12:36
12:36:8,12:36:8,أَرَانِي,أَرَىٰنِىٓ,surface_mismatch,1:1;no_annotation_transferred,12:36
12:36:12,12:36:12,الْآخَرُ,ٱلْءَاخَرُ,surface_mismatch,1:1;no_annotation_transferred,12:36
12:36:13,12:36:13,إِنِّي,إِنِّىٓ,surface_mismatch,1:1;no_annotation_transferred,12:36
12:36:14,12:36:14,أَرَانِي,أَرَىٰنِىٓ,surface_mismatch,1:1;no_annotation_transferred,12:36
12:36:17,12:36:17,رَأْسِي,رَأْسِى,surface_mismatch,1:1;no_annotation_transferred,12:36
12:36:25,12:36:25,نَرَاكَ,نَرَىٰكَ,surface_mismatch,1:1;no_annotation_transferred,12:36
12:37:14,12:37:14,عَلَّمَنِي,عَلَّمَنِى,surface_mismatch,1:1;no_annotation_transferred,12:37
12:37:15,12:37:15,رَبِّي,رَبِّىٓ,surface_mismatch,1:1;no_annotation_transferred,12:37
12:37:16,12:37:16,إِنِّي,إِنِّى,surface_mismatch,1:1;no_annotation_transferred,12:37
12:37:24,12:37:24,بِالْآخِرَةِ,بِٱلْءَاخِرَةِ,surface_mismatch,1:1;no_annotation_transferred,12:37
12:38:3,12:38:3,آبَائِي,ءَابَآءِىٓ,surface_mismatch,1:1;no_annotation_transferred,12:38
12:38:14,12:38:14,شَيْءٍ,شَىْءٍ,surface_mismatch,1:1;no_annotation_transferred,12:38
12:39:1,,يَا صَاحِبَيِ السِّجْنِ أَأَرْبَابٌ مُّتَفَرِّقُونَ خَيْرٌ أَمِ اللَّهُ الْوَاحِدُ الْقَهَّارُ,يَٰصَىٰحِبَىِ,ambiguous_verse,multiple_optimal_paths,12:39
12:39:2,,يَا صَاحِبَيِ السِّجْنِ أَأَرْبَابٌ مُّتَفَرِّقُونَ خَيْرٌ أَمِ اللَّهُ الْوَاحِدُ الْقَهَّارُ,ٱلسِّجْنِ,ambiguous_verse,multiple_optimal_paths,12:39
12:39:3,,يَا صَاحِبَيِ السِّجْنِ أَأَرْبَابٌ مُّتَفَرِّقُونَ خَيْرٌ أَمِ اللَّهُ الْوَاحِدُ الْقَهَّارُ,ءَأَرْبَابٌ,ambiguous_verse,multiple_optimal_paths,12:39
12:39:4,,يَا صَاحِبَيِ السِّجْنِ أَأَرْبَابٌ مُّتَفَرِّقُونَ خَيْرٌ أَمِ اللَّهُ الْوَاحِدُ الْقَهَّارُ,مُّتَفَرِّقُونَ,ambiguous_verse,multiple_optimal_paths,12:39
12:39:5,,يَا صَاحِبَيِ السِّجْنِ أَأَرْبَابٌ مُّتَفَرِّقُونَ خَيْرٌ أَمِ اللَّهُ الْوَاحِدُ الْقَهَّارُ,خَيْرٌ,ambiguous_verse,multiple_optimal_paths,12:39
12:39:6,,يَا صَاحِبَيِ السِّجْنِ أَأَرْبَابٌ مُّتَفَرِّقُونَ خَيْرٌ أَمِ اللَّهُ الْوَاحِدُ الْقَهَّارُ,أَمِ,ambiguous_verse,multiple_optimal_paths,12:39
12:39:7,,يَا صَاحِبَيِ السِّجْنِ أَأَرْبَابٌ مُّتَفَرِّقُونَ خَيْرٌ أَمِ اللَّهُ الْوَاحِدُ الْقَهَّارُ,ٱللَّهُ,ambiguous_verse,multiple_optimal_paths,12:39
12:39:8,,يَا صَاحِبَيِ السِّجْنِ أَأَرْبَابٌ مُّتَفَرِّقُونَ خَيْرٌ أَمِ اللَّهُ الْوَاحِدُ الْقَهَّارُ,ٱلْوَٰحِدُ,ambiguous_verse,multiple_optimal_paths,12:39
12:39:9,,يَا صَاحِبَيِ السِّجْنِ أَأَرْبَابٌ مُّتَفَرِّقُونَ خَيْرٌ أَمِ اللَّهُ الْوَاحِدُ الْقَهَّارُ,ٱلْقَهَّارُ,ambiguous_verse,multiple_optimal_paths,12:39
12:40:9,12:40:9,وَآبَاؤُكُم,وَءَابَآؤُكُم,surface_mismatch,1:1;no_annotation_transferred,12:40
12:41:1,,يَا صَاحِبَيِ السِّجْنِ أَمَّا أَحَدُكُمَا فَيَسْقِي رَبَّهُ خَمْرًا وَأَمَّا الْآخَرُ فَيُصْلَبُ فَتَأْكُلُ الطَّيْرُ مِن رَّأْسِهِ قُضِيَ الْأَمْرُ الَّذِي فِيهِ تَسْتَفْتِيَانِ,يَٰصَىٰحِبَىِ,ambiguous_verse,multiple_optimal_paths,12:41
12:41:2,,يَا صَاحِبَيِ السِّجْنِ أَمَّا أَحَدُكُمَا فَيَسْقِي رَبَّهُ خَمْرًا وَأَمَّا الْآخَرُ فَيُصْلَبُ فَتَأْكُلُ الطَّيْرُ مِن رَّأْسِهِ قُضِيَ الْأَمْرُ الَّذِي فِيهِ تَسْتَفْتِيَانِ,ٱلسِّجْنِ,ambiguous_verse,multiple_optimal_paths,12:41
12:41:3,,يَا صَاحِبَيِ السِّجْنِ أَمَّا أَحَدُكُمَا فَيَسْقِي رَبَّهُ خَمْرًا وَأَمَّا الْآخَرُ فَيُصْلَبُ فَتَأْكُلُ الطَّيْرُ مِن رَّأْسِهِ قُضِيَ الْأَمْرُ الَّذِي فِيهِ تَسْتَفْتِيَانِ,أَمَّآ,ambiguous_verse,multiple_optimal_paths,12:41
12:41:4,,يَا صَاحِبَيِ السِّجْنِ أَمَّا أَحَدُكُمَا فَيَسْقِي رَبَّهُ خَمْرًا وَأَمَّا الْآخَرُ فَيُصْلَبُ فَتَأْكُلُ الطَّيْرُ مِن رَّأْسِهِ قُضِيَ الْأَمْرُ الَّذِي فِيهِ تَسْتَفْتِيَانِ,أَحَدُكُمَا,ambiguous_verse,multiple_optimal_paths,12:41
12:41:5,,يَا صَاحِبَيِ السِّجْنِ أَمَّا أَحَدُكُمَا فَيَسْقِي رَبَّهُ خَمْرًا وَأَمَّا الْآخَرُ فَيُصْلَبُ فَتَأْكُلُ الطَّيْرُ مِن رَّأْسِهِ قُضِيَ الْأَمْرُ الَّذِي فِيهِ تَسْتَفْتِيَانِ,فَيَسْقِى,ambiguous_verse,multiple_optimal_paths,12:41
12:41:6,,يَا صَاحِبَيِ السِّجْنِ أَمَّا أَحَدُكُمَا فَيَسْقِي رَبَّهُ خَمْرًا وَأَمَّا الْآخَرُ فَيُصْلَبُ فَتَأْكُلُ الطَّيْرُ مِن رَّأْسِهِ قُضِيَ الْأَمْرُ الَّذِي فِيهِ تَسْتَفْتِيَانِ,رَبَّهُۥ,ambiguous_verse,multiple_optimal_paths,12:41
12:41:7,,يَا صَاحِبَيِ السِّجْنِ أَمَّا أَحَدُكُمَا فَيَسْقِي رَبَّهُ خَمْرًا وَأَمَّا الْآخَرُ فَيُصْلَبُ فَتَأْكُلُ الطَّيْرُ مِن رَّأْسِهِ قُضِيَ الْأَمْرُ الَّذِي فِيهِ تَسْتَفْتِيَانِ,خَمْرًا,ambiguous_verse,multiple_optimal_paths,12:41
12:41:8,,يَا صَاحِبَيِ السِّجْنِ أَمَّا أَحَدُكُمَا فَيَسْقِي رَبَّهُ خَمْرًا وَأَمَّا الْآخَرُ فَيُصْلَبُ فَتَأْكُلُ الطَّيْرُ مِن رَّأْسِهِ قُضِيَ الْأَمْرُ الَّذِي فِيهِ تَسْتَفْتِيَانِ,وَأَمَّا,ambiguous_verse,multiple_optimal_paths,12:41
12:41:9,,يَا صَاحِبَيِ السِّجْنِ أَمَّا أَحَدُكُمَا فَيَسْقِي رَبَّهُ خَمْرًا وَأَمَّا الْآخَرُ فَيُصْلَبُ فَتَأْكُلُ الطَّيْرُ مِن رَّأْسِهِ قُضِيَ الْأَمْرُ الَّذِي فِيهِ تَسْتَفْتِيَانِ,ٱلْءَاخَرُ,ambiguous_verse,multiple_optimal_paths,12:41
12:41:10,,يَا صَاحِبَيِ السِّجْنِ أَمَّا أَحَدُكُمَا فَيَسْقِي رَبَّهُ خَمْرًا وَأَمَّا الْآخَرُ فَيُصْلَبُ فَتَأْكُلُ الطَّيْرُ مِن رَّأْسِهِ قُضِيَ الْأَمْرُ الَّذِي فِيهِ تَسْتَفْتِيَانِ,فَيُصْلَبُ,ambiguous_verse,multiple_optimal_paths,12:41
12:41:11,,يَا صَاحِبَيِ السِّجْنِ أَمَّا أَحَدُكُمَا فَيَسْقِي رَبَّهُ خَمْرًا وَأَمَّا الْآخَرُ فَيُصْلَبُ فَتَأْكُلُ الطَّيْرُ مِن رَّأْسِهِ قُضِيَ الْأَمْرُ الَّذِي فِيهِ تَسْتَفْتِيَانِ,فَتَأْكُلُ,ambiguous_verse,multiple_optimal_paths,12:41
12:41:12,,يَا صَاحِبَيِ السِّجْنِ أَمَّا أَحَدُكُمَا فَيَسْقِي رَبَّهُ خَمْرًا وَأَمَّا الْآخَرُ فَيُصْلَبُ فَتَأْكُلُ الطَّيْرُ مِن رَّأْسِهِ قُضِيَ الْأَمْرُ الَّذِي فِيهِ تَسْتَفْتِيَانِ,ٱلطَّيْرُ,ambiguous_verse,multiple_optimal_paths,12:41
12:41:13,,يَا صَاحِبَيِ السِّجْنِ أَمَّا أَحَدُكُمَا فَيَسْقِي رَبَّهُ خَمْرًا وَأَمَّا الْآخَرُ فَيُصْلَبُ فَتَأْكُلُ الطَّيْرُ مِن رَّأْسِهِ قُضِيَ الْأَمْرُ الَّذِي فِيهِ تَسْتَفْتِيَانِ,مِن,ambiguous_verse,multiple_optimal_paths,12:41
12:41:14,,يَا صَاحِبَيِ السِّجْنِ أَمَّا أَحَدُكُمَا فَيَسْقِي رَبَّهُ خَمْرًا وَأَمَّا الْآخَرُ فَيُصْلَبُ فَتَأْكُلُ الطَّيْرُ مِن رَّأْسِهِ قُضِيَ الْأَمْرُ الَّذِي فِيهِ تَسْتَفْتِيَانِ,رَّأْسِهِۦ,ambiguous_verse,multiple_optimal_paths,12:41
12:41:15,,يَا صَاحِبَيِ السِّجْنِ أَمَّا أَحَدُكُمَا فَيَسْقِي رَبَّهُ خَمْرًا وَأَمَّا الْآخَرُ فَيُصْلَبُ فَتَأْكُلُ الطَّيْرُ مِن رَّأْسِهِ قُضِيَ الْأَمْرُ الَّذِي فِيهِ تَسْتَفْتِيَانِ,قُضِىَ,ambiguous_verse,multiple_optimal_paths,12:41
12:41:16,,يَا صَاحِبَيِ السِّجْنِ أَمَّا أَحَدُكُمَا فَيَسْقِي رَبَّهُ خَمْرًا وَأَمَّا الْآخَرُ فَيُصْلَبُ فَتَأْكُلُ الطَّيْرُ مِن رَّأْسِهِ قُضِيَ الْأَمْرُ الَّذِي فِيهِ تَسْتَفْتِيَانِ,ٱلْأَمْرُ,ambiguous_verse,multiple_optimal_paths,12:41
12:41:17,,يَا صَاحِبَيِ السِّجْنِ أَمَّا أَحَدُكُمَا فَيَسْقِي رَبَّهُ خَمْرًا وَأَمَّا الْآخَرُ فَيُصْلَبُ فَتَأْكُلُ الطَّيْرُ مِن رَّأْسِهِ قُضِيَ الْأَمْرُ الَّذِي فِيهِ تَسْتَفْتِيَانِ,ٱلَّذِى,ambiguous_verse,multiple_optimal_paths,12:41
12:41:18,,يَا صَاحِبَيِ السِّجْنِ أَمَّا أَحَدُكُمَا فَيَسْقِي رَبَّهُ خَمْرًا وَأَمَّا الْآخَرُ فَيُصْلَبُ فَتَأْكُلُ الطَّيْرُ مِن رَّأْسِهِ قُضِيَ الْأَمْرُ الَّذِي فِيهِ تَسْتَفْتِيَانِ,فِيهِ,ambiguous_verse,multiple_optimal_paths,12:41
12:41:19,,يَا صَاحِبَيِ السِّجْنِ أَمَّا أَحَدُكُمَا فَيَسْقِي رَبَّهُ خَمْرًا وَأَمَّا الْآخَرُ فَيُصْلَبُ فَتَأْكُلُ الطَّيْرُ مِن رَّأْسِهِ قُضِيَ الْأَمْرُ الَّذِي فِيهِ تَسْتَفْتِيَانِ,تَسْتَفْتِيَانِ,ambiguous_verse,multiple_optimal_paths,12:41
12:42:2,12:42:2,لِلَّذِي,لِلَّذِى,surface_mismatch,1:1;no_annotation_transferred,12:42
12:42:7,12:42:7,اذْكُرْنِي,ٱذْكُرْنِى,surface_mismatch,1:1;no_annotation_transferred,12:42
12:42:10,12:42:10,فَأَنسَاهُ,فَأَنسَىٰهُ,surface_mismatch,1:1;no_annotation_transferred,12:42
12:42:15,12:42:15,فِي,فِى,surface_mismatch,1:1;no_annotation_transferred,12:42
12:43:3,12:43:3,إِنِّي,إِنِّىٓ,surface_mismatch,1:1;no_annotation_transferred,12:43
12:43:18,12:43:19,أَفْتُونِي,أَفْتُونِى,surface_mismatch,1:1;no_annotation_transferred,12:43
12:43:19,12:43:20,فِي,فِى,surface_mismatch,1:1;no_annotation_transferred,12:43
12:43:20,12:43:21,رُؤْيَايَ,رُءْيَٰىَ,surface_mismatch,1:1;no_annotation_transferred,12:43
12:43:23,12:43:24,لِلرُّؤْيَا,لِلرُّءْيَا,surface_mismatch,1:1;no_annotation_transferred,12:43
12:45:2,12:45:2,الَّذِي,ٱلَّذِى,surface_mismatch,1:1;no_annotation_transferred,12:45
12:46:5,12:46:5,فِي,فِى,surface_mismatch,1:1;no_annotation_transferred,12:46
12:46:17,12:46:17,لَّعَلِّي,لَّعَلِّىٓ,surface_mismatch,1:1;no_annotation_transferred,12:46
12:47:9,12:47:9,فِي,فِى,surface_mismatch,1:1;no_annotation_transferred,12:47
12:48:2,12:48:2,يَأْتِي,يَأْتِى,surface_mismatch,1:1;no_annotation_transferred,12:48
12:49:2,12:49:2,يَأْتِي,يَأْتِى,surface_mismatch,1:1;no_annotation_transferred,12:49
12:50:3,12:50:3,ائْتُونِي,ٱئْتُونِى,surface_mismatch,1:1;no_annotation_transferred,12:50
12:50:12,12:50:12,فَاسْأَلْهُ,فَسْـَٔلْهُ,surface_mismatch,1:1;no_annotation_transferred,12:50
12:50:16,12:50:16,اللَّاتِي,ٱلَّٰتِى,surface_mismatch,1:1;no_annotation_transferred,12:50
12:50:20,12:50:20,رَبِّي,رَبِّى,surface_mismatch,1:1;no_annotation_transferred,12:50
12:51:20,12:51:20,الْآنَ,ٱلْـَٰٔنَ,surface_mismatch,1:1;no_annotation_transferred,12:51
12:52:3,12:52:3,أَنِّي,أَنِّى,surface_mismatch,1:1;no_annotation_transferred,12:52
12:52:10,12:52:10,يَهْدِي,يَهْدِى,surface_mismatch,1:1;no_annotation_transferred,12:52
12:53:3,12:53:3,نَفْسِي,نَفْسِىٓ,surface_mismatch,1:1;no_annotation_transferred,12:53
12:53:11,12:53:11,رَبِّي,رَبِّىٓ,surface_mismatch,1:1;no_annotation_transferred,12:53
12:53:13,12:53:13,رَبِّي,رَبِّى,surface_mismatch,1:1;no_annotation_transferred,12:53
12:54:3,12:54:3,ائْتُونِي,ٱئْتُونِى,surface_mismatch,1:1;no_annotation_transferred,12:54
12:54:6,12:54:6,لِنَفْسِي,لِنَفْسِى,surface_mismatch,1:1;no_annotation_transferred,12:54
12:55:2,12:55:2,اجْعَلْنِي,ٱجْعَلْنِى,surface_mismatch,1:1;no_annotation_transferred,12:55
12:55:6,12:55:6,إِنِّي,إِنِّى,surface_mismatch,1:1;no_annotation_transferred,12:55
12:56:4,12:56:4,فِي,فِى,surface_mismatch,1:1;no_annotation_transferred,12:56
12:57:2,12:57:2,الْآخِرَةِ,ٱلْءَاخِرَةِ,surface_mismatch,1:1;no_annotation_transferred,12:57
12:57:5,12:57:5,آمَنُوا,ءَامَنُوا۟,surface_mismatch,1:1;no_annotation_transferred,12:57
12:59:5,12:59:5,ائْتُونِي,ٱئْتُونِى,surface_mismatch,1:1;no_annotation_transferred,12:59
12:59:12,12:59:12,أَنِّي,أَنِّىٓ,surface_mismatch,1:1;no_annotation_transferred,12:59
12:59:13,12:59:13,أُوفِي,أُوفِى,surface_mismatch,1:1;no_annotation_transferred,12:59
12:60:3,12:60:3,تَأْتُونِي,تَأْتُونِى,surface_mismatch,1:1;no_annotation_transferred,12:60
12:60:8,12:60:8,عِندِي,عِندِى,surface_mismatch,1:1;no_annotation_transferred,12:60
12:62:5,12:62:5,فِي,فِى,surface_mismatch,1:1;no_annotation_transferred,12:62
12:64:3,12:64:3,آمَنُكُمْ,ءَامَنُكُمْ,surface_mismatch,1:1;no_annotation_transferred,12:64
12:65:11,12:65:12,نَبْغِي,نَبْغِى,surface_mismatch,1:1;no_annotation_transferred,12:65
12:66:10,12:66:10,لَتَأْتُنَّنِي,لَتَأْتُنَّنِى,surface_mismatch,1:1;no_annotation_transferred,12:66
12:66:17,12:66:17,آتَوْهُ,ءَاتَوْهُ,surface_mismatch,1:1;no_annotation_transferred,12:66
12:67:1,,وَقَالَ يَا بَنِيَّ لَا تَدْخُلُوا مِن بَابٍ وَاحِدٍ وَادْخُلُوا مِنْ أَبْوَابٍ مُّتَفَرِّقَةٍ وَمَا أُغْنِي عَنكُم مِّنَ اللَّهِ مِن شَيْءٍ إِنِ الْحُكْمُ إِلَّا لِلَّهِ عَلَيْهِ تَوَكَّلْتُ وَعَلَيْهِ فَلْيَتَوَكَّلِ الْمُتَوَكِّلُونَ,وَقَالَ,ambiguous_verse,multiple_optimal_paths,12:67
12:67:2,,وَقَالَ يَا بَنِيَّ لَا تَدْخُلُوا مِن بَابٍ وَاحِدٍ وَادْخُلُوا مِنْ أَبْوَابٍ مُّتَفَرِّقَةٍ وَمَا أُغْنِي عَنكُم مِّنَ اللَّهِ مِن شَيْءٍ إِنِ الْحُكْمُ إِلَّا لِلَّهِ عَلَيْهِ تَوَكَّلْتُ وَعَلَيْهِ فَلْيَتَوَكَّلِ الْمُتَوَكِّلُونَ,يَٰبَنِىَّ,ambiguous_verse,multiple_optimal_paths,12:67
12:67:3,,وَقَالَ يَا بَنِيَّ لَا تَدْخُلُوا مِن بَابٍ وَاحِدٍ وَادْخُلُوا مِنْ أَبْوَابٍ مُّتَفَرِّقَةٍ وَمَا أُغْنِي عَنكُم مِّنَ اللَّهِ مِن شَيْءٍ إِنِ الْحُكْمُ إِلَّا لِلَّهِ عَلَيْهِ تَوَكَّلْتُ وَعَلَيْهِ فَلْيَتَوَكَّلِ الْمُتَوَكِّلُونَ,لَا,ambiguous_verse,multiple_optimal_paths,12:67
12:67:4,,وَقَالَ يَا بَنِيَّ لَا تَدْخُلُوا مِن بَابٍ وَاحِدٍ وَادْخُلُوا مِنْ أَبْوَابٍ مُّتَفَرِّقَةٍ وَمَا أُغْنِي عَنكُم مِّنَ اللَّهِ مِن شَيْءٍ إِنِ الْحُكْمُ إِلَّا لِلَّهِ عَلَيْهِ تَوَكَّلْتُ وَعَلَيْهِ فَلْيَتَوَكَّلِ الْمُتَوَكِّلُونَ,تَدْخُلُوا۟,ambiguous_verse,multiple_optimal_paths,12:67
12:67:5,,وَقَالَ يَا بَنِيَّ لَا تَدْخُلُوا مِن بَابٍ وَاحِدٍ وَادْخُلُوا مِنْ أَبْوَابٍ مُّتَفَرِّقَةٍ وَمَا أُغْنِي عَنكُم مِّنَ اللَّهِ مِن شَيْءٍ إِنِ الْحُكْمُ إِلَّا لِلَّهِ عَلَيْهِ تَوَكَّلْتُ وَعَلَيْهِ فَلْيَتَوَكَّلِ الْمُتَوَكِّلُونَ,مِنۢ,ambiguous_verse,multiple_optimal_paths,12:67
12:67:6,,وَقَالَ يَا بَنِيَّ لَا تَدْخُلُوا مِن بَابٍ وَاحِدٍ وَادْخُلُوا مِنْ أَبْوَابٍ مُّتَفَرِّقَةٍ وَمَا أُغْنِي عَنكُم مِّنَ اللَّهِ مِن شَيْءٍ إِنِ الْحُكْمُ إِلَّا لِلَّهِ عَلَيْهِ تَوَكَّلْتُ وَعَلَيْهِ فَلْيَتَوَكَّلِ الْمُتَوَكِّلُونَ,بَابٍ,ambiguous_verse,multiple_optimal_paths,12:67
12:67:7,,وَقَالَ يَا بَنِيَّ لَا تَدْخُلُوا مِن بَابٍ وَاحِدٍ وَادْخُلُوا مِنْ أَبْوَابٍ مُّتَفَرِّقَةٍ وَمَا أُغْنِي عَنكُم مِّنَ اللَّهِ مِن شَيْءٍ إِنِ الْحُكْمُ إِلَّا لِلَّهِ عَلَيْهِ تَوَكَّلْتُ وَعَلَيْهِ فَلْيَتَوَكَّلِ الْمُتَوَكِّلُونَ,وَٰحِدٍ,ambiguous_verse,multiple_optimal_paths,12:67
12:67:8,,وَقَالَ يَا بَنِيَّ لَا تَدْخُلُوا مِن بَابٍ وَاحِدٍ وَادْخُلُوا مِنْ أَبْوَابٍ مُّتَفَرِّقَةٍ وَمَا أُغْنِي عَنكُم مِّنَ اللَّهِ مِن شَيْءٍ إِنِ الْحُكْمُ إِلَّا لِلَّهِ عَلَيْهِ تَوَكَّلْتُ وَعَلَيْهِ فَلْيَتَوَكَّلِ الْمُتَوَكِّلُونَ,وَٱدْخُلُوا۟,ambiguous_verse,multiple_optimal_paths,12:67
12:67:9,,وَقَالَ يَا بَنِيَّ لَا تَدْخُلُوا مِن بَابٍ وَاحِدٍ وَادْخُلُوا مِنْ أَبْوَابٍ مُّتَفَرِّقَةٍ وَمَا أُغْنِي عَنكُم مِّنَ اللَّهِ مِن شَيْءٍ إِنِ الْحُكْمُ إِلَّا لِلَّهِ عَلَيْهِ تَوَكَّلْتُ وَعَلَيْهِ فَلْيَتَوَكَّلِ الْمُتَوَكِّلُونَ,مِنْ,ambiguous_verse,multiple_optimal_paths,12:67
12:67:10,,وَقَالَ يَا بَنِيَّ لَا تَدْخُلُوا مِن بَابٍ وَاحِدٍ وَادْخُلُوا مِنْ أَبْوَابٍ مُّتَفَرِّقَةٍ وَمَا أُغْنِي عَنكُم مِّنَ اللَّهِ مِن شَيْءٍ إِنِ الْحُكْمُ إِلَّا لِلَّهِ عَلَيْهِ تَوَكَّلْتُ وَعَلَيْهِ فَلْيَتَوَكَّلِ الْمُتَوَكِّلُونَ,أَبْوَٰبٍ,ambiguous_verse,multiple_optimal_paths,12:67
12:67:11,,وَقَالَ يَا بَنِيَّ لَا تَدْخُلُوا مِن بَابٍ وَاحِدٍ وَادْخُلُوا مِنْ أَبْوَابٍ مُّتَفَرِّقَةٍ وَمَا أُغْنِي عَنكُم مِّنَ اللَّهِ مِن شَيْءٍ إِنِ الْحُكْمُ إِلَّا لِلَّهِ عَلَيْهِ تَوَكَّلْتُ وَعَلَيْهِ فَلْيَتَوَكَّلِ الْمُتَوَكِّلُونَ,مُّتَفَرِّقَةٍ,ambiguous_verse,multiple_optimal_paths,12:67
12:67:12,,وَقَالَ يَا بَنِيَّ لَا تَدْخُلُوا مِن بَابٍ وَاحِدٍ وَادْخُلُوا مِنْ أَبْوَابٍ مُّتَفَرِّقَةٍ وَمَا أُغْنِي عَنكُم مِّنَ اللَّهِ مِن شَيْءٍ إِنِ الْحُكْمُ إِلَّا لِلَّهِ عَلَيْهِ تَوَكَّلْتُ وَعَلَيْهِ فَلْيَتَوَكَّلِ الْمُتَوَكِّلُونَ,وَمَآ,ambiguous_verse,multiple_optimal_paths,12:67
12:67:13,,وَقَالَ يَا بَنِيَّ لَا تَدْخُلُوا مِن بَابٍ وَاحِدٍ وَادْخُلُوا مِنْ أَبْوَابٍ مُّتَفَرِّقَةٍ وَمَا أُغْنِي عَنكُم مِّنَ اللَّهِ مِن شَيْءٍ إِنِ الْحُكْمُ إِلَّا لِلَّهِ عَلَيْهِ تَوَكَّلْتُ وَعَلَيْهِ فَلْيَتَوَكَّلِ الْمُتَوَكِّلُونَ,أُغْنِى,ambiguous_verse,multiple_optimal_paths,12:67
12:67:14,,وَقَالَ يَا بَنِيَّ لَا تَدْخُلُوا مِن بَابٍ وَاحِدٍ وَادْخُلُوا مِنْ أَبْوَابٍ مُّتَفَرِّقَةٍ وَمَا أُغْنِي عَنكُم مِّنَ اللَّهِ مِن شَيْءٍ إِنِ الْحُكْمُ إِلَّا لِلَّهِ عَلَيْهِ تَوَكَّلْتُ وَعَلَيْهِ فَلْيَتَوَكَّلِ الْمُتَوَكِّلُونَ,عَنكُم,ambiguous_verse,multiple_optimal_paths,12:67
12:67:15,,وَقَالَ يَا بَنِيَّ لَا تَدْخُلُوا مِن بَابٍ وَاحِدٍ وَادْخُلُوا مِنْ أَبْوَابٍ مُّتَفَرِّقَةٍ وَمَا أُغْنِي عَنكُم مِّنَ اللَّهِ مِن شَيْءٍ إِنِ الْحُكْمُ إِلَّا لِلَّهِ عَلَيْهِ تَوَكَّلْتُ وَعَلَيْهِ فَلْيَتَوَكَّلِ الْمُتَوَكِّلُونَ,مِّنَ,ambiguous_verse,multiple_optimal_paths,12:67
12:67:16,,وَقَالَ يَا بَنِيَّ لَا تَدْخُلُوا مِن بَابٍ وَاحِدٍ وَادْخُلُوا مِنْ أَبْوَابٍ مُّتَفَرِّقَةٍ وَمَا أُغْنِي عَنكُم مِّنَ اللَّهِ مِن شَيْءٍ إِنِ الْحُكْمُ إِلَّا لِلَّهِ عَلَيْهِ تَوَكَّلْتُ وَعَلَيْهِ فَلْيَتَوَكَّلِ الْمُتَوَكِّلُونَ,ٱللَّهِ,ambiguous_verse,multiple_optimal_paths,12:67
12:67:17,,وَقَالَ يَا بَنِيَّ لَا تَدْخُلُوا مِن بَابٍ وَاحِدٍ وَادْخُلُوا مِنْ أَبْوَابٍ مُّتَفَرِّقَةٍ وَمَا أُغْنِي عَنكُم مِّنَ اللَّهِ مِن شَيْءٍ إِنِ الْحُكْمُ إِلَّا لِلَّهِ عَلَيْهِ تَوَكَّلْتُ وَعَلَيْهِ فَلْيَتَوَكَّلِ الْمُتَوَكِّلُونَ,مِن,ambiguous_verse,multiple_optimal_paths,12:67
12:67:18,,وَقَالَ يَا بَنِيَّ لَا تَدْخُلُوا مِن بَابٍ وَاحِدٍ وَادْخُلُوا مِنْ أَبْوَابٍ مُّتَفَرِّقَةٍ وَمَا أُغْنِي عَنكُم مِّنَ اللَّهِ مِن شَيْءٍ إِنِ الْحُكْمُ إِلَّا لِلَّهِ عَلَيْهِ تَوَكَّلْتُ وَعَلَيْهِ فَلْيَتَوَكَّلِ الْمُتَوَكِّلُونَ,شَىْءٍ,ambiguous_verse,multiple_optimal_paths,12:67
12:67:19,,وَقَالَ يَا بَنِيَّ لَا تَدْخُلُوا مِن بَابٍ وَاحِدٍ وَادْخُلُوا مِنْ أَبْوَابٍ مُّتَفَرِّقَةٍ وَمَا أُغْنِي عَنكُم مِّنَ اللَّهِ مِن شَيْءٍ إِنِ الْحُكْمُ إِلَّا لِلَّهِ عَلَيْهِ تَوَكَّلْتُ وَعَلَيْهِ فَلْيَتَوَكَّلِ الْمُتَوَكِّلُونَ,إِنِ,ambiguous_verse,multiple_optimal_paths,12:67
12:67:20,,وَقَالَ يَا بَنِيَّ لَا تَدْخُلُوا مِن بَابٍ وَاحِدٍ وَادْخُلُوا مِنْ أَبْوَابٍ مُّتَفَرِّقَةٍ وَمَا أُغْنِي عَنكُم مِّنَ اللَّهِ مِن شَيْءٍ إِنِ الْحُكْمُ إِلَّا لِلَّهِ عَلَيْهِ تَوَكَّلْتُ وَعَلَيْهِ فَلْيَتَوَكَّلِ الْمُتَوَكِّلُونَ,ٱلْحُكْمُ,ambiguous_verse,multiple_optimal_paths,12:67
12:67:21,,وَقَالَ يَا بَنِيَّ لَا تَدْخُلُوا مِن بَابٍ وَاحِدٍ وَادْخُلُوا مِنْ أَبْوَابٍ مُّتَفَرِّقَةٍ وَمَا أُغْنِي عَنكُم مِّنَ اللَّهِ مِن شَيْءٍ إِنِ الْحُكْمُ إِلَّا لِلَّهِ عَلَيْهِ تَوَكَّلْتُ وَعَلَيْهِ فَلْيَتَوَكَّلِ الْمُتَوَكِّلُونَ,إِلَّا,ambiguous_verse,multiple_optimal_paths,12:67
12:67:22,,وَقَالَ يَا بَنِيَّ لَا تَدْخُلُوا مِن بَابٍ وَاحِدٍ وَادْخُلُوا مِنْ أَبْوَابٍ مُّتَفَرِّقَةٍ وَمَا أُغْنِي عَنكُم مِّنَ اللَّهِ مِن شَيْءٍ إِنِ الْحُكْمُ إِلَّا لِلَّهِ عَلَيْهِ تَوَكَّلْتُ وَعَلَيْهِ فَلْيَتَوَكَّلِ الْمُتَوَكِّلُونَ,لِلَّهِ,ambiguous_verse,multiple_optimal_paths,12:67
12:67:23,,وَقَالَ يَا بَنِيَّ لَا تَدْخُلُوا مِن بَابٍ وَاحِدٍ وَادْخُلُوا مِنْ أَبْوَابٍ مُّتَفَرِّقَةٍ وَمَا أُغْنِي عَنكُم مِّنَ اللَّهِ مِن شَيْءٍ إِنِ الْحُكْمُ إِلَّا لِلَّهِ عَلَيْهِ تَوَكَّلْتُ وَعَلَيْهِ فَلْيَتَوَكَّلِ الْمُتَوَكِّلُونَ,عَلَيْهِ,ambiguous_verse,multiple_optimal_paths,12:67
12:67:24,,وَقَالَ يَا بَنِيَّ لَا تَدْخُلُوا مِن بَابٍ وَاحِدٍ وَادْخُلُوا مِنْ أَبْوَابٍ مُّتَفَرِّقَةٍ وَمَا أُغْنِي عَنكُم مِّنَ اللَّهِ مِن شَيْءٍ إِنِ الْحُكْمُ إِلَّا لِلَّهِ عَلَيْهِ تَوَكَّلْتُ وَعَلَيْهِ فَلْيَتَوَكَّلِ الْمُتَوَكِّلُونَ,تَوَكَّلْتُ,ambiguous_verse,multiple_optimal_paths,12:67
12:67:25,,وَقَالَ يَا بَنِيَّ لَا تَدْخُلُوا مِن بَابٍ وَاحِدٍ وَادْخُلُوا مِنْ أَبْوَابٍ مُّتَفَرِّقَةٍ وَمَا أُغْنِي عَنكُم مِّنَ اللَّهِ مِن شَيْءٍ إِنِ الْحُكْمُ إِلَّا لِلَّهِ عَلَيْهِ تَوَكَّلْتُ وَعَلَيْهِ فَلْيَتَوَكَّلِ الْمُتَوَكِّلُونَ,وَعَلَيْهِ,ambiguous_verse,multiple_optimal_paths,12:67
12:67:26,,وَقَالَ يَا بَنِيَّ لَا تَدْخُلُوا مِن بَابٍ وَاحِدٍ وَادْخُلُوا مِنْ أَبْوَابٍ مُّتَفَرِّقَةٍ وَمَا أُغْنِي عَنكُم مِّنَ اللَّهِ مِن شَيْءٍ إِنِ الْحُكْمُ إِلَّا لِلَّهِ عَلَيْهِ تَوَكَّلْتُ وَعَلَيْهِ فَلْيَتَوَكَّلِ الْمُتَوَكِّلُونَ,فَلْيَتَوَكَّلِ,ambiguous_verse,multiple_optimal_paths,12:67
12:67:27,,وَقَالَ يَا بَنِيَّ لَا تَدْخُلُوا مِن بَابٍ وَاحِدٍ وَادْخُلُوا مِنْ أَبْوَابٍ مُّتَفَرِّقَةٍ وَمَا أُغْنِي عَنكُم مِّنَ اللَّهِ مِن شَيْءٍ إِنِ الْحُكْمُ إِلَّا لِلَّهِ عَلَيْهِ تَوَكَّلْتُ وَعَلَيْهِ فَلْيَتَوَكَّلِ الْمُتَوَكِّلُونَ,ٱلْمُتَوَكِّلُونَ,ambiguous_verse,multiple_optimal_paths,12:67
12:68:9,12:68:9,يُغْنِي,يُغْنِى,surface_mismatch,1:1;no_annotation_transferred,12:68
12:68:14,12:68:14,شَيْءٍ,شَىْءٍ,surface_mismatch,1:1;no_annotation_transferred,12:68
12:68:17,12:68:17,فِي,فِى,surface_mismatch,1:1;no_annotation_transferred,12:68
12:68:20,12:68:20,قَضَاهَا,قَضَىٰهَا,surface_mismatch,1:1;no_annotation_transferred,12:68
12:69:5,12:69:5,آوَىٰ,ءَاوَىٰٓ,surface_mismatch,1:1;no_annotation_transferred,12:69
12:69:9,12:69:9,إِنِّي,إِنِّىٓ,surface_mismatch,1:1;no_annotation_transferred,12:69
12:70:6,12:70:6,فِي,فِى,surface_mismatch,1:1;no_annotation_transferred,12:70
12:73:8,12:73:8,فِي,فِى,surface_mismatch,1:1;no_annotation_transferred,12:73
12:75:5,12:75:5,فِي,فِى,surface_mismatch,1:1;no_annotation_transferred,12:75
12:75:10,12:75:10,نَجْزِي,نَجْزِى,surface_mismatch,1:1;no_annotation_transferred,12:75
12:76:18,12:76:18,فِي,فِى,surface_mismatch,1:1;no_annotation_transferred,12:76
12:76:31,12:76:31,ذِي,ذِى,surface_mismatch,1:1;no_annotation_transferred,12:76
12:77:12,12:77:12,فِي,فِى,surface_mismatch,1:1;no_annotation_transferred,12:77
12:78:13,12:78:14,نَرَاكَ,نَرَىٰكَ,surface_mismatch,1:1;no_annotation_transferred,12:78
12:80:2,12:80:2,اسْتَيْأَسُوا,ٱسْتَيْـَٔسُوا۟,surface_mismatch,1:1;no_annotation_transferred,12:80
12:80:22,12:80:22,فِي,فِى,surface_mismatch,1:1;no_annotation_transferred,12:80
12:80:29,12:80:29,لِي,لِىٓ,surface_mismatch,1:1;no_annotation_transferred,12:80
12:80:30,12:80:30,أَبِي,أَبِىٓ,surface_mismatch,1:1;no_annotation_transferred,12:80
12:80:34,12:80:34,لِي,لِى,surface_mismatch,1:1;no_annotation_transferred,12:80
12:82:1,12:82:1,وَاسْأَلِ,وَسْـَٔلِ,surface_mismatch,1:1;no_annotation_transferred,12:82
12:82:3,12:82:3,الَّتِي,ٱلَّتِى,surface_mismatch,1:1;no_annotation_transferred,12:82
12:82:7,12:82:7,الَّتِي,ٱلَّتِىٓ,surface_mismatch,1:1;no_annotation_transferred,12:82
12:83:12,12:83:12,يَأْتِيَنِي,يَأْتِيَنِى,surface_mismatch,1:1;no_annotation_transferred,12:83
12:85:3,12:85:3,تَفْتَأُ,تَفْتَؤُا۟,surface_mismatch,1:1;no_annotation_transferred,12:85
12:86:3,12:86:3,أَشْكُو,أَشْكُوا۟,surface_mismatch,1:1;no_annotation_transferred,12:86
12:86:4,12:86:4,بَثِّي,بَثِّى,surface_mismatch,1:1;no_annotation_transferred,12:86
12:86:5,12:86:5,وَحُزْنِي,وَحُزْنِىٓ,surface_mismatch,1:1;no_annotation_transferred,12:86
12:87:1,,يَا بَنِيَّ اذْهَبُوا فَتَحَسَّسُوا مِن يُوسُفَ وَأَخِيهِ وَلَا تَيْأَسُوا مِن رَّوْحِ اللَّهِ إِنَّهُ لَا يَيْأَسُ مِن رَّوْحِ اللَّهِ إِلَّا الْقَوْمُ الْكَافِرُونَ,يَٰبَنِىَّ,ambiguous_verse,multiple_optimal_paths,12:87
12:87:2,,يَا بَنِيَّ اذْهَبُوا فَتَحَسَّسُوا مِن يُوسُفَ وَأَخِيهِ وَلَا تَيْأَسُوا مِن رَّوْحِ اللَّهِ إِنَّهُ لَا يَيْأَسُ مِن رَّوْحِ اللَّهِ إِلَّا الْقَوْمُ الْكَافِرُونَ,ٱذْهَبُوا۟,ambiguous_verse,multiple_optimal_paths,12:87
12:87:3,,يَا بَنِيَّ اذْهَبُوا فَتَحَسَّسُوا مِن يُوسُفَ وَأَخِيهِ وَلَا تَيْأَسُوا مِن رَّوْحِ اللَّهِ إِنَّهُ لَا يَيْأَسُ مِن رَّوْحِ اللَّهِ إِلَّا الْقَوْمُ الْكَافِرُونَ,فَتَحَسَّسُوا۟,ambiguous_verse,multiple_optimal_paths,12:87
12:87:4,,يَا بَنِيَّ اذْهَبُوا فَتَحَسَّسُوا مِن يُوسُفَ وَأَخِيهِ وَلَا تَيْأَسُوا مِن رَّوْحِ اللَّهِ إِنَّهُ لَا يَيْأَسُ مِن رَّوْحِ اللَّهِ إِلَّا الْقَوْمُ الْكَافِرُونَ,مِن,ambiguous_verse,multiple_optimal_paths,12:87
12:87:5,,يَا بَنِيَّ اذْهَبُوا فَتَحَسَّسُوا مِن يُوسُفَ وَأَخِيهِ وَلَا تَيْأَسُوا مِن رَّوْحِ اللَّهِ إِنَّهُ لَا يَيْأَسُ مِن رَّوْحِ اللَّهِ إِلَّا الْقَوْمُ الْكَافِرُونَ,يُوسُفَ,ambiguous_verse,multiple_optimal_paths,12:87
12:87:6,,يَا بَنِيَّ اذْهَبُوا فَتَحَسَّسُوا مِن يُوسُفَ وَأَخِيهِ وَلَا تَيْأَسُوا مِن رَّوْحِ اللَّهِ إِنَّهُ لَا يَيْأَسُ مِن رَّوْحِ اللَّهِ إِلَّا الْقَوْمُ الْكَافِرُونَ,وَأَخِيهِ,ambiguous_verse,multiple_optimal_paths,12:87
12:87:7,,يَا بَنِيَّ اذْهَبُوا فَتَحَسَّسُوا مِن يُوسُفَ وَأَخِيهِ وَلَا تَيْأَسُوا مِن رَّوْحِ اللَّهِ إِنَّهُ لَا يَيْأَسُ مِن رَّوْحِ اللَّهِ إِلَّا الْقَوْمُ الْكَافِرُونَ,وَلَا,ambiguous_verse,multiple_optimal_paths,12:87
12:87:8,,يَا بَنِيَّ اذْهَبُوا فَتَحَسَّسُوا مِن يُوسُفَ وَأَخِيهِ وَلَا تَيْأَسُوا مِن رَّوْحِ اللَّهِ إِنَّهُ لَا يَيْأَسُ مِن رَّوْحِ اللَّهِ إِلَّا الْقَوْمُ الْكَافِرُونَ,تَا۟يْـَٔسُوا۟,ambiguous_verse,multiple_optimal_paths,12:87
12:87:9,,يَا بَنِيَّ اذْهَبُوا فَتَحَسَّسُوا مِن يُوسُفَ وَأَخِيهِ وَلَا تَيْأَسُوا مِن رَّوْحِ اللَّهِ إِنَّهُ لَا يَيْأَسُ مِن رَّوْحِ اللَّهِ إِلَّا الْقَوْمُ الْكَافِرُونَ,مِن,ambiguous_verse,multiple_optimal_paths,12:87
12:87:10,,يَا بَنِيَّ اذْهَبُوا فَتَحَسَّسُوا مِن يُوسُفَ وَأَخِيهِ وَلَا تَيْأَسُوا مِن رَّوْحِ اللَّهِ إِنَّهُ لَا يَيْأَسُ مِن رَّوْحِ اللَّهِ إِلَّا الْقَوْمُ الْكَافِرُونَ,رَّوْحِ,ambiguous_verse,multiple_optimal_paths,12:87
12:87:11,,يَا بَنِيَّ اذْهَبُوا فَتَحَسَّسُوا مِن يُوسُفَ وَأَخِيهِ وَلَا تَيْأَسُوا مِن رَّوْحِ اللَّهِ إِنَّهُ لَا يَيْأَسُ مِن رَّوْحِ اللَّهِ إِلَّا الْقَوْمُ الْكَافِرُونَ,ٱللَّهِ,ambiguous_verse,multiple_optimal_paths,12:87
12:87:12,,يَا بَنِيَّ اذْهَبُوا فَتَحَسَّسُوا مِن يُوسُفَ وَأَخِيهِ وَلَا تَيْأَسُوا مِن رَّوْحِ اللَّهِ إِنَّهُ لَا يَيْأَسُ مِن رَّوْحِ اللَّهِ إِلَّا الْقَوْمُ الْكَافِرُونَ,إِنَّهُۥ,ambiguous_verse,multiple_optimal_paths,12:87
12:87:13,,يَا بَنِيَّ اذْهَبُوا فَتَحَسَّسُوا مِن يُوسُفَ وَأَخِيهِ وَلَا تَيْأَسُوا مِن رَّوْحِ اللَّهِ إِنَّهُ لَا يَيْأَسُ مِن رَّوْحِ اللَّهِ إِلَّا الْقَوْمُ الْكَافِرُونَ,لَا,ambiguous_verse,multiple_optimal_paths,12:87
12:87:14,,يَا بَنِيَّ اذْهَبُوا فَتَحَسَّسُوا مِن يُوسُفَ وَأَخِيهِ وَلَا تَيْأَسُوا مِن رَّوْحِ اللَّهِ إِنَّهُ لَا يَيْأَسُ مِن رَّوْحِ اللَّهِ إِلَّا الْقَوْمُ الْكَافِرُونَ,يَا۟يْـَٔسُ,ambiguous_verse,multiple_optimal_paths,12:87
12:87:15,,يَا بَنِيَّ اذْهَبُوا فَتَحَسَّسُوا مِن يُوسُفَ وَأَخِيهِ وَلَا تَيْأَسُوا مِن رَّوْحِ اللَّهِ إِنَّهُ لَا يَيْأَسُ مِن رَّوْحِ اللَّهِ إِلَّا الْقَوْمُ الْكَافِرُونَ,مِن,ambiguous_verse,multiple_optimal_paths,12:87
12:87:16,,يَا بَنِيَّ اذْهَبُوا فَتَحَسَّسُوا مِن يُوسُفَ وَأَخِيهِ وَلَا تَيْأَسُوا مِن رَّوْحِ اللَّهِ إِنَّهُ لَا يَيْأَسُ مِن رَّوْحِ اللَّهِ إِلَّا الْقَوْمُ الْكَافِرُونَ,رَّوْحِ,ambiguous_verse,multiple_optimal_paths,12:87
12:87:17,,يَا بَنِيَّ اذْهَبُوا فَتَحَسَّسُوا مِن يُوسُفَ وَأَخِيهِ وَلَا تَيْأَسُوا مِن رَّوْحِ اللَّهِ إِنَّهُ لَا يَيْأَسُ مِن رَّوْحِ اللَّهِ إِلَّا الْقَوْمُ الْكَافِرُونَ,ٱللَّهِ,ambiguous_verse,multiple_optimal_paths,12:87
12:87:18,,يَا بَنِيَّ اذْهَبُوا فَتَحَسَّسُوا مِن يُوسُفَ وَأَخِيهِ وَلَا تَيْأَسُوا مِن رَّوْحِ اللَّهِ إِنَّهُ لَا يَيْأَسُ مِن رَّوْحِ اللَّهِ إِلَّا الْقَوْمُ الْكَافِرُونَ,إِلَّا,ambiguous_verse,multiple_optimal_paths,12:87
12:87:19,,يَا بَنِيَّ اذْهَبُوا فَتَحَسَّسُوا مِن يُوسُفَ وَأَخِيهِ وَلَا تَيْأَسُوا مِن رَّوْحِ اللَّهِ إِنَّهُ لَا يَيْأَسُ مِن رَّوْحِ اللَّهِ إِلَّا الْقَوْمُ الْكَافِرُونَ,ٱلْقَوْمُ,ambiguous_verse,multiple_optimal_paths,12:87
12:87:20,,يَا بَنِيَّ اذْهَبُوا فَتَحَسَّسُوا مِن يُوسُفَ وَأَخِيهِ وَلَا تَيْأَسُوا مِن رَّوْحِ اللَّهِ إِنَّهُ لَا يَيْأَسُ مِن رَّوْحِ اللَّهِ إِلَّا الْقَوْمُ الْكَافِرُونَ,ٱلْكَٰفِرُونَ,ambiguous_verse,multiple_optimal_paths,12:87
12:88:12,12:88:13,مُّزْجَاةٍ,مُّزْجَىٰةٍ,surface_mismatch,1:1;no_annotation_transferred,12:88
12:88:20,12:88:21,يَجْزِي,يَجْزِى,surface_mismatch,1:1;no_annotation_transferred,12:88
12:90:2,12:90:2,أَإِنَّكَ,أَءِنَّكَ,surface_mismatch,1:1;no_annotation_transferred,12:90
12:90:9,12:90:9,أَخِي,أَخِى,surface_mismatch,1:1;no_annotation_transferred,12:90
12:91:4,12:91:4,آثَرَكَ,ءَاثَرَكَ,surface_mismatch,1:1;no_annotation_transferred,12:91
12:91:9,12:91:9,لَخَاطِئِينَ,لَخَٰطِـِٔينَ,surface_mismatch,1:1;no_annotation_transferred,12:91
12:93:2,12:93:2,بِقَمِيصِي,بِقَمِيصِى,surface_mismatch,1:1;no_annotation_transferred,12:93
12:93:7,12:93:7,أَبِي,أَبِى,surface_mismatch,1:1;no_annotation_transferred,12:93
12:93:10,12:93:10,وَأْتُونِي,وَأْتُونِى,surface_mismatch,1:1;no_annotation_transferred,12:93
12:94:6,12:94:6,إِنِّي,إِنِّى,surface_mismatch,1:1;no_annotation_transferred,12:94
12:95:4,12:95:4,لَفِي,لَفِى,surface_mismatch,1:1;no_annotation_transferred,12:95
12:96:5,12:96:5,أَلْقَاهُ,أَلْقَىٰهُ,surface_mismatch,1:1;no_annotation_transferred,12:96
12:96:14,12:96:14,إِنِّي,إِنِّىٓ,surface_mismatch,1:1;no_annotation_transferred,12:96
12:97:8,12:97:9,خَاطِئِينَ,خَٰطِـِٔينَ,surface_mismatch,1:1;no_annotation_transferred,12:97
12:98:5,12:98:5,رَبِّي,رَبِّىٓ,surface_mismatch,1:1;no_annotation_transferred,12:98
12:99:5,12:99:5,آوَىٰ,ءَاوَىٰٓ,surface_mismatch,1:1;no_annotation_transferred,12:99
12:99:14,12:99:14,آمِنِينَ,ءَامِنِينَ,surface_mismatch,1:1;no_annotation_transferred,12:99
12:100:12,12:100:13,رُؤْيَايَ,رُءْيَٰىَ,surface_mismatch,1:1;no_annotation_transferred,12:100
12:100:17,12:100:18,رَبِّي,رَبِّى,surface_mismatch,1:1;no_annotation_transferred,12:100
12:100:21,12:100:22,بِي,بِىٓ,surface_mismatch,1:1;no_annotation_transferred,12:100
12:100:23,12:100:24,أَخْرَجَنِي,أَخْرَجَنِى,surface_mismatch,1:1;no_annotation_transferred,12:100
12:100:35,12:100:36,بَيْنِي,بَيْنِى,surface_mismatch,1:1;no_annotation_transferred,12:100
12:100:37,12:100:38,إِخْوَتِي,إِخْوَتِىٓ,surface_mismatch,1:1;no_annotation_transferred,12:100
12:100:39,12:100:40,رَبِّي,رَبِّى,surface_mismatch,1:1;no_annotation_transferred,12:100
12:101:3,12:101:3,آتَيْتَنِي,ءَاتَيْتَنِى,surface_mismatch,1:1;no_annotation_transferred,12:101
12:101:6,12:101:6,وَعَلَّمْتَنِي,وَعَلَّمْتَنِى,surface_mismatch,1:1;no_annotation_transferred,12:101
12:101:14,12:101:14,وَلِيِّي,وَلِىِّۦ,surface_mismatch,1:1;no_annotation_transferred,12:101
12:101:15,12:101:15,فِي,فِى,surface_mismatch,1:1;no_annotation_transferred,12:101
12:101:17,12:101:17,وَالْآخِرَةِ,وَٱلْءَاخِرَةِ,surface_mismatch,1:1;no_annotation_transferred,12:101
12:101:18,12:101:18,تَوَفَّنِي,تَوَفَّنِى,surface_mismatch,1:1;no_annotation_transferred,12:101
12:101:20,12:101:20,وَأَلْحِقْنِي,وَأَلْحِقْنِى,surface_mismatch,1:1;no_annotation_transferred,12:101
12:104:2,12:104:2,تَسْأَلُهُمْ,تَسْـَٔلُهُمْ,surface_mismatch,1:1;no_annotation_transferred,12:104
12:105:3,12:105:3,آيَةٍ,ءَايَةٍ,surface_mismatch,1:1;no_annotation_transferred,12:105
12:105:4,12:105:4,فِي,فِى,surface_mismatch,1:1;no_annotation_transferred,12:105
12:108:3,12:108:3,سَبِيلِي,سَبِيلِىٓ,surface_mismatch,1:1;no_annotation_transferred,12:108
12:108:4,12:108:4,أَدْعُو,أَدْعُوٓا۟,surface_mismatch,1:1;no_annotation_transferred,12:108
12:108:11,12:108:11,اتَّبَعَنِي,ٱتَّبَعَنِى,surface_mismatch,1:1;no_annotation_transferred,12:108
12:109:7,12:109:7,نُّوحِي,نُّوحِىٓ,surface_mismatch,1:1;no_annotation_transferred,12:109
12:109:14,12:109:14,فِي,فِى,surface_mismatch,1:1;no_annotation_transferred,12:109
12:109:24,12:109:24,الْآخِرَةِ,ٱلْءَاخِرَةِ,surface_mismatch,1:1;no_annotation_transferred,12:109
12:110:3,12:110:3,اسْتَيْأَسَ,ٱسْتَيْـَٔسَ,surface_mismatch,1:1;no_annotation_transferred,12:110
12:110:11,12:110:11,فَنُجِّيَ,فَنُجِّىَ,surface_mismatch,1:1;no_annotation_transferred,12:110
12:111:3,12:111:3,فِي,فِى,surface_mismatch,1:1;no_annotation_transferred,12:111
12:111:6,12:111:6,لِّأُولِي,لِّأُو۟لِى,surface_mismatch,1:1;no_annotation_transferred,12:111
12:111:14,12:111:14,الَّذِي,ٱلَّذِى,surface_mismatch,1:1;no_annotation_transferred,12:111
12:111:19,12:111:19,شَيْءٍ,شَىْءٍ,surface_mismatch,1:1;no_annotation_transferred,12:111
13:1:3,13:1:7,آيَاتُ,ءَايَٰتُ,surface_mismatch,1:1;no_annotation_transferred,13:1
13:1:5,13:1:9,وَالَّذِي,وَٱلَّذِىٓ,surface_mismatch,1:1;no_annotation_transferred,13:1
13:2:2,13:2:2,الَّذِي,ٱلَّذِى,surface_mismatch,1:1;no_annotation_transferred,13:2
13:2:16,13:2:16,يَجْرِي,يَجْرِى,surface_mismatch,1:1;no_annotation_transferred,13:2
13:2:22,13:2:22,الْآيَاتِ,ٱلْءَايَٰتِ,surface_mismatch,1:1;no_annotation_transferred,13:2
13:3:2,13:3:2,الَّذِي,ٱلَّذِى,surface_mismatch,1:1;no_annotation_transferred,13:3
13:3:7,13:3:7,رَوَاسِيَ,رَوَٰسِىَ,surface_mismatch,1:1;no_annotation_transferred,13:3
13:3:16,13:3:16,يُغْشِي,يُغْشِى,surface_mismatch,1:1;no_annotation_transferred,13:3
13:3:17,13:3:17,اللَّيْلَ,ٱلَّيْلَ,surface_mismatch,1:1;no_annotation_transferred,13:3
13:3:20,13:3:20,فِي,فِى,surface_mismatch,1:1;no_annotation_transferred,13:3
13:3:22,13:3:22,لَآيَاتٍ,لَءَايَٰتٍ,surface_mismatch,1:1;no_annotation_transferred,13:3
13:4:1,13:4:1,وَفِي,وَفِى,surface_mismatch,1:1;no_annotation_transferred,13:4
13:4:20,13:4:20,فِي,فِى,surface_mismatch,1:1;no_annotation_transferred,13:4
13:4:23,13:4:23,فِي,فِى,surface_mismatch,1:1;no_annotation_transferred,13:4
13:4:25,13:4:25,لَآيَاتٍ,لَءَايَٰتٍ,surface_mismatch,1:1;no_annotation_transferred,13:4
13:5:5,13:5:5,أَإِذَا,أَءِذَا,surface_mismatch,1:1;no_annotation_transferred,13:5
13:5:8,13:5:8,أَإِنَّا,أَءِنَّا,surface_mismatch,1:1;no_annotation_transferred,13:5
13:5:9,13:5:9,لَفِي,لَفِى,surface_mismatch,1:1;no_annotation_transferred,13:5
13:5:18,13:5:18,فِي,فِىٓ,surface_mismatch,1:1;no_annotation_transferred,13:5
13:7:7,13:7:7,آيَةٌ,ءَايَةٌ,surface_mismatch,1:1;no_annotation_transferred,13:7
13:8:13,13:8:13,شَيْءٍ,شَىْءٍ,surface_mismatch,1:1;no_annotation_transferred,13:8
13:10:12,13:10:12,بِاللَّيْلِ,بِٱلَّيْلِ,surface_mismatch,1:1;no_annotation_transferred,13:10
13:12:2,13:12:2,الَّذِي,ٱلَّذِى,surface_mismatch,1:1;no_annotation_transferred,13:12
13:13:15,13:13:15,فِي,فِى,surface_mismatch,1:1;no_annotation_transferred,13:13
13:14:11,13:14:11,بِشَيْءٍ,بِشَىْءٍ,surface_mismatch,1:1;no_annotation_transferred,13:14
13:14:26,13:14:26,فِي,فِى,surface_mismatch,1:1;no_annotation_transferred,13:14
13:15:4,13:15:4,فِي,فِى,surface_mismatch,1:1;no_annotation_transferred,13:15
13:15:11,13:15:11,وَالْآصَالِ,وَٱلْءَاصَالِ,surface_mismatch,1:1;no_annotation_transferred,13:15
13:16:21,13:16:21,يَسْتَوِي,يَسْتَوِى,surface_mismatch,1:1;no_annotation_transferred,13:16
13:16:26,13:16:26,تَسْتَوِي,تَسْتَوِى,surface_mismatch,1:1;no_annotation_transferred,13:16
13:16:42,13:16:42,شَيْءٍ,شَىْءٍ,surface_mismatch,1:1;no_annotation_transferred,13:16
13:17:15,13:17:15,فِي,فِى,surface_mismatch,1:1;no_annotation_transferred,13:17
13:17:37,13:17:37,فِي,فِى,surface_mismatch,1:1;no_annotation_transferred,13:17
13:18:13,13:18:13,فِي,فِى,surface_mismatch,1:1;no_annotation_transferred,13:18
13:18:24,13:18:24,وَمَأْوَاهُمْ,وَمَأْوَىٰهُمْ,surface_mismatch,1:1;no_annotation_transferred,13:18
13:19:14,13:19:14,أُولُو,أُو۟لُوا۟,surface_mismatch,1:1;no_annotation_transferred,13:19
13:22:7,13:22:7,الصَّلَاةَ,ٱلصَّلَوٰةَ,surface_mismatch,1:1;no_annotation_transferred,13:22
13:23:7,13:23:7,آبَائِهِمْ,ءَابَآئِهِمْ,surface_mismatch,1:1;no_annotation_transferred,13:23
13:25:16,13:25:16,فِي,فِى,surface_mismatch,1:1;no_annotation_transferred,13:25
13:26:8,13:26:8,بِالْحَيَاةِ,بِٱلْحَيَوٰةِ,surface_mismatch,1:1;no_annotation_transferred,13:26
13:26:11,13:26:11,الْحَيَاةُ,ٱلْحَيَوٰةُ,surface_mismatch,1:1;no_annotation_transferred,13:26
13:26:13,13:26:13,فِي,فِى,surface_mismatch,1:1;no_annotation_transferred,13:26
13:26:14,13:26:14,الْآخِرَةِ,ٱلْءَاخِرَةِ,surface_mismatch,1:1;no_annotation_transferred,13:26
13:27:7,13:27:7,آيَةٌ,ءَايَةٌ,surface_mismatch,1:1;no_annotation_transferred,13:27
13:27:16,13:27:16,وَيَهْدِي,وَيَهْدِىٓ,surface_mismatch,1:1;no_annotation_transferred,13:27
13:28:2,13:28:2,آمَنُوا,ءَامَنُوا۟,surface_mismatch,1:1;no_annotation_transferred,13:28
13:29:2,13:29:2,آمَنُوا,ءَامَنُوا۟,surface_mismatch,1:1;no_annotation_transferred,13:29
13:29:8,13:29:8,مَآبٍ,مَـَٔابٍ,surface_mismatch,1:1;no_annotation_transferred,13:29
13:30:3,13:30:3,فِي,فِىٓ,surface_mismatch,1:1;no_annotation_transferred,13:30
13:30:10,13:30:10,لِّتَتْلُوَ,لِّتَتْلُوَا۟,surface_mismatch,1:1;no_annotation_transferred,13:30
13:30:12,13:30:12,الَّذِي,ٱلَّذِىٓ,surface_mismatch,1:1;no_annotation_transferred,13:30
13:30:20,13:30:20,رَبِّي,رَبِّى,surface_mismatch,1:1;no_annotation_transferred,13:30
13:31:3,13:31:3,قُرْآنًا,قُرْءَانًا,surface_mismatch,1:1;no_annotation_transferred,13:31
13:31:20,13:31:20,يَيْأَسِ,يَا۟يْـَٔسِ,surface_mismatch,1:1;no_annotation_transferred,13:31
13:31:22,13:31:22,آمَنُوا,ءَامَنُوٓا۟,surface_mismatch,1:1;no_annotation_transferred,13:31
13:31:44,13:31:44,يَأْتِيَ,يَأْتِىَ,surface_mismatch,1:1;no_annotation_transferred,13:31
13:33:15,13:33:15,تُنَبِّئُونَهُ,تُنَبِّـُٔونَهُۥ,surface_mismatch,1:1;no_annotation_transferred,13:33
13:33:19,13:33:19,فِي,فِى,surface_mismatch,1:1;no_annotation_transferred,13:33
13:34:3,13:34:3,فِي,فِى,surface_mismatch,1:1;no_annotation_transferred,13:34
13:34:4,13:34:4,الْحَيَاةِ,ٱلْحَيَوٰةِ,surface_mismatch,1:1;no_annotation_transferred,13:34
13:34:7,13:34:7,الْآخِرَةِ,ٱلْءَاخِرَةِ,surface_mismatch,1:1;no_annotation_transferred,13:34
13:35:3,13:35:3,الَّتِي,ٱلَّتِى,surface_mismatch,1:1;no_annotation_transferred,13:35
13:35:6,13:35:6,تَجْرِي,تَجْرِى,surface_mismatch,1:1;no_annotation_transferred,13:35
13:36:2,13:36:2,آتَيْنَاهُمُ,ءَاتَيْنَٰهُمُ,surface_mismatch,1:1;no_annotation_transferred,13:36
13:36:23,13:36:23,أَدْعُو,أَدْعُوا۟,surface_mismatch,1:1;no_annotation_transferred,13:36
13:36:25,13:36:25,مَآبِ,مَـَٔابِ,surface_mismatch,1:1;no_annotation_transferred,13:36
13:37:17,13:37:18,وَلِيٍّ,وَلِىٍّ,surface_mismatch,1:1;no_annotation_transferred,13:37
13:38:14,13:38:14,يَأْتِيَ,يَأْتِىَ,surface_mismatch,1:1;no_annotation_transferred,13:38
13:38:15,13:38:15,بِآيَةٍ,بِـَٔايَةٍ,surface_mismatch,1:1;no_annotation_transferred,13:38
13:39:1,13:39:1,يَمْحُو,يَمْحُوا۟,surface_mismatch,1:1;no_annotation_transferred,13:39
13:40:5,13:40:5,الَّذِي,ٱلَّذِى,surface_mismatch,1:1;no_annotation_transferred,13:40
13:41:4,13:41:4,نَأْتِي,نَأْتِى,surface_mismatch,1:1;no_annotation_transferred,13:41
13:43:10,13:43:10,بَيْنِي,بَيْنِى,surface_mismatch,1:1;no_annotation_transferred,13:43
14:2:2,14:2:2,الَّذِي,ٱلَّذِى,surface_mismatch,1:1;no_annotation_transferred,14:2
14:2:5,14:2:5,فِي,فِى,surface_mismatch,1:1;no_annotation_transferred,14:2
14:2:8,14:2:8,فِي,فِى,surface_mismatch,1:1;no_annotation_transferred,14:2
14:3:3,14:3:3,الْحَيَاةَ,ٱلْحَيَوٰةَ,surface_mismatch,1:1;no_annotation_transferred,14:3
14:3:6,14:3:6,الْآخِرَةِ,ٱلْءَاخِرَةِ,surface_mismatch,1:1;no_annotation_transferred,14:3
14:3:14,14:3:14,فِي,فِى,surface_mismatch,1:1;no_annotation_transferred,14:3
14:4:14,14:4:14,وَيَهْدِي,وَيَهْدِى,surface_mismatch,1:1;no_annotation_transferred,14:4
14:5:4,14:5:4,بِآيَاتِنَا,بِـَٔايَٰتِنَآ,surface_mismatch,1:1;no_annotation_transferred,14:5
14:5:13,14:5:13,بِأَيَّامِ,بِأَيَّىٰمِ,surface_mismatch,1:1;no_annotation_transferred,14:5
14:5:16,14:5:16,فِي,فِى,surface_mismatch,1:1;no_annotation_transferred,14:5
14:5:18,14:5:18,لَآيَاتٍ,لَءَايَٰتٍ,surface_mismatch,1:1;no_annotation_transferred,14:5
14:6:10,14:6:10,أَنجَاكُم,أَنجَىٰكُم,surface_mismatch,1:1;no_annotation_transferred,14:6
14:6:12,14:6:12,آلِ,ءَالِ,surface_mismatch,1:1;no_annotation_transferred,14:6
14:6:21,14:6:21,وَفِي,وَفِى,surface_mismatch,1:1;no_annotation_transferred,14:6
14:7:10,14:7:10,عَذَابِي,عَذَابِى,surface_mismatch,1:1;no_annotation_transferred,14:7
14:8:7,14:8:7,فِي,فِى,surface_mismatch,1:1;no_annotation_transferred,14:8
14:8:12,14:8:12,لَغَنِيٌّ,لَغَنِىٌّ,surface_mismatch,1:1;no_annotation_transferred,14:8
14:9:3,14:9:3,نَبَأُ,نَبَؤُا۟,surface_mismatch,1:1;no_annotation_transferred,14:9
14:9:23,14:9:23,فِي,فِىٓ,surface_mismatch,1:1;no_annotation_transferred,14:9
14:9:32,14:9:32,لَفِي,لَفِى,surface_mismatch,1:1;no_annotation_transferred,14:9
14:10:3,14:10:3,أَفِي,أَفِى,surface_mismatch,1:1;no_annotation_transferred,14:10
14:10:30,14:10:30,آبَاؤُنَا,ءَابَآؤُنَا,surface_mismatch,1:1;no_annotation_transferred,14:10
14:12:8,14:12:8,هَدَانَا,هَدَىٰنَا,surface_mismatch,1:1;no_annotation_transferred,14:12
14:12:13,14:12:13,آذَيْتُمُونَا,ءَاذَيْتُمُونَا,surface_mismatch,1:1;no_annotation_transferred,14:12
14:13:10,14:13:10,فِي,فِى,surface_mismatch,1:1;no_annotation_transferred,14:13
14:14:8,14:14:8,مَقَامِي,مَقَامِى,surface_mismatch,1:1;no_annotation_transferred,14:14
14:18:10,14:18:10,فِي,فِى,surface_mismatch,1:1;no_annotation_transferred,14:18
14:18:18,14:18:18,شَيْءٍ,شَىْءٍ,surface_mismatch,1:1;no_annotation_transferred,14:18
14:21:5,14:21:5,الضُّعَفَاءُ,ٱلضُّعَفَٰٓؤُا۟,surface_mismatch,1:1;no_annotation_transferred,14:21
14:21:20,14:21:20,شَيْءٍ,شَىْءٍ,surface_mismatch,1:1;no_annotation_transferred,14:21
14:21:23,14:21:23,هَدَانَا,هَدَىٰنَا,surface_mismatch,1:1;no_annotation_transferred,14:21
14:22:4,14:22:4,قُضِيَ,قُضِىَ,surface_mismatch,1:1;no_annotation_transferred,14:22
14:22:15,14:22:15,لِيَ,لِىَ,surface_mismatch,1:1;no_annotation_transferred,14:22
14:22:23,14:22:23,لِي,لِى,surface_mismatch,1:1;no_annotation_transferred,14:22
14:22:25,14:22:25,تَلُومُونِي,تَلُومُونِى,surface_mismatch,1:1;no_annotation_transferred,14:22
14:22:33,14:22:33,بِمُصْرِخِيَّ,بِمُصْرِخِىَّ,surface_mismatch,1:1;no_annotation_transferred,14:22
14:22:34,14:22:34,إِنِّي,إِنِّى,surface_mismatch,1:1;no_annotation_transferred,14:22
14:23:3,14:23:3,آمَنُوا,ءَامَنُوا۟,surface_mismatch,1:1;no_annotation_transferred,14:23
14:23:7,14:23:7,تَجْرِي,تَجْرِى,surface_mismatch,1:1;no_annotation_transferred,14:23
14:24:14,14:24:14,فِي,فِى,surface_mismatch,1:1;no_annotation_transferred,14:24
14:25:1,14:25:1,تُؤْتِي,تُؤْتِىٓ,surface_mismatch,1:1;no_annotation_transferred,14:25
14:27:4,14:27:4,آمَنُوا,ءَامَنُوا۟,surface_mismatch,1:1;no_annotation_transferred,14:27
14:27:7,14:27:7,فِي,فِى,surface_mismatch,1:1;no_annotation_transferred,14:27
14:27:8,14:27:8,الْحَيَاةِ,ٱلْحَيَوٰةِ,surface_mismatch,1:1;no_annotation_transferred,14:27
14:27:10,14:27:10,وَفِي,وَفِى,surface_mismatch,1:1;no_annotation_transferred,14:27
14:27:11,14:27:11,الْآخِرَةِ,ٱلْءَاخِرَةِ,surface_mismatch,1:1;no_annotation_transferred,14:27
14:31:2,14:31:2,لِّعِبَادِيَ,لِّعِبَادِىَ,surface_mismatch,1:1;no_annotation_transferred,14:31
14:31:4,14:31:4,آمَنُوا,ءَامَنُوا۟,surface_mismatch,1:1;no_annotation_transferred,14:31
14:31:6,14:31:6,الصَّلَاةَ,ٱلصَّلَوٰةَ,surface_mismatch,1:1;no_annotation_transferred,14:31
14:31:15,14:31:15,يَأْتِيَ,يَأْتِىَ,surface_mismatch,1:1;no_annotation_transferred,14:31
14:32:2,14:32:2,الَّذِي,ٱلَّذِى,surface_mismatch,1:1;no_annotation_transferred,14:32
14:32:19,14:32:19,لِتَجْرِيَ,لِتَجْرِىَ,surface_mismatch,1:1;no_annotation_transferred,14:32
14:32:20,14:32:20,فِي,فِى,surface_mismatch,1:1;no_annotation_transferred,14:32
14:33:8,14:33:8,اللَّيْلَ,ٱلَّيْلَ,surface_mismatch,1:1;no_annotation_transferred,14:33
14:34:1,14:34:1,وَآتَاكُم,وَءَاتَىٰكُم,surface_mismatch,1:1;no_annotation_transferred,14:34
14:35:8,14:35:8,آمِنًا,ءَامِنًا,surface_mismatch,1:1;no_annotation_transferred,14:35
14:35:9,14:35:9,وَاجْنُبْنِي,وَٱجْنُبْنِى,surface_mismatch,1:1;no_annotation_transferred,14:35
14:35:10,14:35:10,وَبَنِيَّ,وَبَنِىَّ,surface_mismatch,1:1;no_annotation_transferred,14:35
14:36:8,14:36:8,تَبِعَنِي,تَبِعَنِى,surface_mismatch,1:1;no_annotation_transferred,14:36
14:36:10,14:36:10,مِنِّي,مِنِّى,surface_mismatch,1:1;no_annotation_transferred,14:36
14:36:12,14:36:12,عَصَانِي,عَصَانِى,surface_mismatch,1:1;no_annotation_transferred,14:36
14:37:2,14:37:2,إِنِّي,إِنِّىٓ,surface_mismatch,1:1;no_annotation_transferred,14:37
14:37:5,14:37:5,ذُرِّيَّتِي,ذُرِّيَّتِى,surface_mismatch,1:1;no_annotation_transferred,14:37
14:37:8,14:37:8,ذِي,ذِى,surface_mismatch,1:1;no_annotation_transferred,14:37
14:37:15,14:37:15,الصَّلَاةَ,ٱلصَّلَوٰةَ,surface_mismatch,1:1;no_annotation_transferred,14:37
14:37:17,14:37:17,أَفْئِدَةً,أَفْـِٔدَةً,surface_mismatch,1:1;no_annotation_transferred,14:37
14:37:20,14:37:20,تَهْوِي,تَهْوِىٓ,surface_mismatch,1:1;no_annotation_transferred,14:37
14:38:5,14:38:5,نُخْفِي,نُخْفِى,surface_mismatch,1:1;no_annotation_transferred,14:38
14:38:13,14:38:13,شَيْءٍ,شَىْءٍ,surface_mismatch,1:1;no_annotation_transferred,14:38
14:38:14,14:38:14,فِي,فِى,surface_mismatch,1:1;no_annotation_transferred,14:38
14:38:17,14:38:17,فِي,فِى,surface_mismatch,1:1;no_annotation_transferred,14:38
14:39:3,14:39:3,الَّذِي,ٱلَّذِى,surface_mismatch,1:1;no_annotation_transferred,14:39
14:39:5,14:39:5,لِي,لِى,surface_mismatch,1:1;no_annotation_transferred,14:39
14:39:11,14:39:11,رَبِّي,رَبِّى,surface_mismatch,1:1;no_annotation_transferred,14:39
14:40:2,14:40:2,اجْعَلْنِي,ٱجْعَلْنِى,surface_mismatch,1:1;no_annotation_transferred,14:40
14:40:4,14:40:4,الصَّلَاةِ,ٱلصَّلَوٰةِ,surface_mismatch,1:1;no_annotation_transferred,14:40
14:40:6,14:40:6,ذُرِّيَّتِي,ذُرِّيَّتِى,surface_mismatch,1:1;no_annotation_transferred,14:40
14:41:3,14:41:3,لِي,لِى,surface_mismatch,1:1;no_annotation_transferred,14:41
14:41:4,14:41:4,وَلِوَالِدَيَّ,وَلِوَٰلِدَىَّ,surface_mismatch,1:1;no_annotation_transferred,14:41
14:43:2,14:43:2,مُقْنِعِي,مُقْنِعِى,surface_mismatch,1:1;no_annotation_transferred,14:43
14:43:8,14:43:8,وَأَفْئِدَتُهُمْ,وَأَفْـِٔدَتُهُمْ,surface_mismatch,1:1;no_annotation_transferred,14:43
14:45:2,14:45:2,فِي,فِى,surface_mismatch,1:1;no_annotation_transferred,14:45
14:49:5,14:49:5,فِي,فِى,surface_mismatch,1:1;no_annotation_transferred,14:49
14:51:1,14:51:1,لِيَجْزِيَ,لِيَجْزِىَ,surface_mismatch,1:1;no_annotation_transferred,14:51
14:52:12,14:52:12,أُولُو,أُو۟لُوا۟,surface_mismatch,1:1;no_annotation_transferred,14:52
15:1:3,15:1:7,آيَاتُ,ءَايَٰتُ,surface_mismatch,1:1;no_annotation_transferred,15:1
15:1:5,15:1:9,وَقُرْآنٍ,وَقُرْءَانٍ,surface_mismatch,1:1;no_annotation_transferred,15:1
15:5:7,15:5:7,يَسْتَأْخِرُونَ,يَسْتَـْٔخِرُونَ,surface_mismatch,1:1;no_annotation_transferred,15:5
15:6:3,15:6:4,الَّذِي,ٱلَّذِى,surface_mismatch,1:1;no_annotation_transferred,15:6
15:10:5,15:10:5,فِي,فِى,surface_mismatch,1:1;no_annotation_transferred,15:10
15:11:8,15:11:8,يَسْتَهْزِئُونَ,يَسْتَهْزِءُونَ,surface_mismatch,1:1;no_annotation_transferred,15:11
15:12:3,15:12:3,فِي,فِى,surface_mismatch,1:1;no_annotation_transferred,15:12
15:16:3,15:16:3,فِي,فِى,surface_mismatch,1:1;no_annotation_transferred,15:16
15:19:5,15:19:5,رَوَاسِيَ,رَوَٰسِىَ,surface_mismatch,1:1;no_annotation_transferred,15:19
15:19:10,15:19:10,شَيْءٍ,شَىْءٍ,surface_mismatch,1:1;no_annotation_transferred,15:19
15:21:3,15:21:3,شَيْءٍ,شَىْءٍ,surface_mismatch,1:1;no_annotation_transferred,15:21
15:23:3,15:23:3,نُحْيِي,نُحْىِۦ,surface_mismatch,1:1;no_annotation_transferred,15:23
15:24:7,15:24:7,الْمُسْتَأْخِرِينَ,ٱلْمُسْتَـْٔخِرِينَ,surface_mismatch,1:1;no_annotation_transferred,15:24
15:28:5,15:28:5,إِنِّي,إِنِّى,surface_mismatch,1:1;no_annotation_transferred,15:28
15:29:6,15:29:6,رُّوحِي,رُّوحِى,surface_mismatch,1:1;no_annotation_transferred,15:29
15:36:3,15:36:3,فَأَنظِرْنِي,فَأَنظِرْنِىٓ,surface_mismatch,1:1;no_annotation_transferred,15:36
15:39:4,15:39:4,أَغْوَيْتَنِي,أَغْوَيْتَنِى,surface_mismatch,1:1;no_annotation_transferred,15:39
15:39:7,15:39:7,فِي,فِى,surface_mismatch,1:1;no_annotation_transferred,15:39
15:41:4,15:41:4,عَلَيَّ,عَلَىَّ,surface_mismatch,1:1;no_annotation_transferred,15:41
15:42:2,15:42:2,عِبَادِي,عِبَادِى,surface_mismatch,1:1;no_annotation_transferred,15:42
15:45:3,15:45:3,فِي,فِى,surface_mismatch,1:1;no_annotation_transferred,15:45
15:46:3,15:46:3,آمِنِينَ,ءَامِنِينَ,surface_mismatch,1:1;no_annotation_transferred,15:46
15:47:3,15:47:3,فِي,فِى,surface_mismatch,1:1;no_annotation_transferred,15:47
15:49:2,15:49:2,عِبَادِي,عِبَادِىٓ,surface_mismatch,1:1;no_annotation_transferred,15:49
15:49:3,15:49:3,أَنِّي,أَنِّىٓ,surface_mismatch,1:1;no_annotation_transferred,15:49
15:50:2,15:50:2,عَذَابِي,عَذَابِى,surface_mismatch,1:1;no_annotation_transferred,15:50
15:54:2,15:54:2,أَبَشَّرْتُمُونِي,أَبَشَّرْتُمُونِى,surface_mismatch,1:1;no_annotation_transferred,15:54
15:54:5,15:54:5,مَّسَّنِيَ,مَّسَّنِىَ,surface_mismatch,1:1;no_annotation_transferred,15:54
15:59:2,15:59:2,آلَ,ءَالَ,surface_mismatch,1:1;no_annotation_transferred,15:59
15:61:3,15:61:3,آلَ,ءَالَ,surface_mismatch,1:1;no_annotation_transferred,15:61
15:65:5,15:65:5,اللَّيْلِ,ٱلَّيْلِ,surface_mismatch,1:1;no_annotation_transferred,15:65
15:68:4,15:68:4,ضَيْفِي,ضَيْفِى,surface_mismatch,1:1;no_annotation_transferred,15:68
15:71:3,15:71:3,بَنَاتِي,بَنَاتِىٓ,surface_mismatch,1:1;no_annotation_transferred,15:71
15:72:3,15:72:3,لَفِي,لَفِى,surface_mismatch,1:1;no_annotation_transferred,15:72
15:75:2,15:75:2,فِي,فِى,surface_mismatch,1:1;no_annotation_transferred,15:75
15:75:4,15:75:4,لَآيَاتٍ,لَءَايَٰتٍ,surface_mismatch,1:1;no_annotation_transferred,15:75
15:77:2,15:77:2,فِي,فِى,surface_mismatch,1:1;no_annotation_transferred,15:77
15:77:4,15:77:4,لَآيَةً,لَءَايَةً,surface_mismatch,1:1;no_annotation_transferred,15:77
15:81:1,15:81:1,وَآتَيْنَاهُمْ,وَءَاتَيْنَٰهُمْ,surface_mismatch,1:1;no_annotation_transferred,15:81
15:81:2,15:81:2,آيَاتِنَا,ءَايَٰتِنَا,surface_mismatch,1:1;no_annotation_transferred,15:81
15:82:6,15:82:6,آمِنِينَ,ءَامِنِينَ,surface_mismatch,1:1;no_annotation_transferred,15:82
15:85:11,15:85:11,لَآتِيَةٌ,لَءَاتِيَةٌ,surface_mismatch,1:1;no_annotation_transferred,15:85
15:87:2,15:87:2,آتَيْنَاكَ,ءَاتَيْنَٰكَ,surface_mismatch,1:1;no_annotation_transferred,15:87
15:87:5,15:87:5,الْمَثَانِي,ٱلْمَثَانِى,surface_mismatch,1:1;no_annotation_transferred,15:87
15:87:6,15:87:6,وَالْقُرْآنَ,وَٱلْقُرْءَانَ,surface_mismatch,1:1;no_annotation_transferred,15:87
15:89:2,15:89:2,إِنِّي,إِنِّىٓ,surface_mismatch,1:1;no_annotation_transferred,15:89
15:91:3,15:91:3,الْقُرْآنَ,ٱلْقُرْءَانَ,surface_mismatch,1:1;no_annotation_transferred,15:91
15:92:2,15:92:2,لَنَسْأَلَنَّهُمْ,لَنَسْـَٔلَنَّهُمْ,surface_mismatch,1:1;no_annotation_transferred,15:92
15:95:3,15:95:3,الْمُسْتَهْزِئِينَ,ٱلْمُسْتَهْزِءِينَ,surface_mismatch,1:1;no_annotation_transferred,15:95
15:96:6,15:96:6,آخَرَ,ءَاخَرَ,surface_mismatch,1:1;no_annotation_transferred,15:96
16:9:9,16:9:9,لَهَدَاكُمْ,لَهَدَىٰكُمْ,surface_mismatch,1:1;no_annotation_transferred,16:9
16:10:2,16:10:2,الَّذِي,ٱلَّذِىٓ,surface_mismatch,1:1;no_annotation_transferred,16:10
16:11:12,16:11:12,فِي,فِى,surface_mismatch,1:1;no_annotation_transferred,16:11
16:11:14,16:11:14,لَآيَةً,لَءَايَةً,surface_mismatch,1:1;no_annotation_transferred,16:11
16:12:3,16:12:3,اللَّيْلَ,ٱلَّيْلَ,surface_mismatch,1:1;no_annotation_transferred,16:12
16:12:11,16:12:11,فِي,فِى,surface_mismatch,1:1;no_annotation_transferred,16:12
16:12:13,16:12:13,لَآيَاتٍ,لَءَايَٰتٍ,surface_mismatch,1:1;no_annotation_transferred,16:12
16:13:4,16:13:4,فِي,فِى,surface_mismatch,1:1;no_annotation_transferred,16:13
16:13:9,16:13:9,فِي,فِى,surface_mismatch,1:1;no_annotation_transferred,16:13
16:13:11,16:13:11,لَآيَةً,لَءَايَةً,surface_mismatch,1:1;no_annotation_transferred,16:13
16:14:2,16:14:2,الَّذِي,ٱلَّذِى,surface_mismatch,1:1;no_annotation_transferred,16:14
16:15:2,16:15:2,فِي,فِى,surface_mismatch,1:1;no_annotation_transferred,16:15
16:15:4,16:15:4,رَوَاسِيَ,رَوَٰسِىَ,surface_mismatch,1:1;no_annotation_transferred,16:15
16:20:8,16:20:8,شَيْئًا,شَيْـًٔا,surface_mismatch,1:1;no_annotation_transferred,16:20
16:22:7,16:22:7,بِالْآخِرَةِ,بِٱلْءَاخِرَةِ,surface_mismatch,1:1;no_annotation_transferred,16:22
16:26:16,16:26:16,وَأَتَاهُمُ,وَأَتَىٰهُمُ,surface_mismatch,1:1;no_annotation_transferred,16:26
16:27:7,16:27:7,شُرَكَائِيَ,شُرَكَآءِىَ,surface_mismatch,1:1;no_annotation_transferred,16:27
16:27:17,16:27:17,الْخِزْيَ,ٱلْخِزْىَ,surface_mismatch,1:1;no_annotation_transferred,16:27
16:28:2,16:28:2,تَتَوَفَّاهُمُ,تَتَوَفَّىٰهُمُ,surface_mismatch,1:1;no_annotation_transferred,16:28
16:28:4,16:28:4,ظَالِمِي,ظَالِمِىٓ,surface_mismatch,1:1;no_annotation_transferred,16:28
16:30:11,16:30:11,فِي,فِى,surface_mismatch,1:1;no_annotation_transferred,16:30
16:30:16,16:30:16,الْآخِرَةِ,ٱلْءَاخِرَةِ,surface_mismatch,1:1;no_annotation_transferred,16:30
16:31:4,16:31:4,تَجْرِي,تَجْرِى,surface_mismatch,1:1;no_annotation_transferred,16:31
16:31:13,16:31:13,يَجْزِي,يَجْزِى,surface_mismatch,1:1;no_annotation_transferred,16:31
16:32:2,16:32:2,تَتَوَفَّاهُمُ,تَتَوَفَّىٰهُمُ,surface_mismatch,1:1;no_annotation_transferred,16:32
16:33:8,16:33:8,يَأْتِيَ,يَأْتِىَ,surface_mismatch,1:1;no_annotation_transferred,16:33
16:34:2,16:34:2,سَيِّئَاتُ,سَيِّـَٔاتُ,surface_mismatch,1:1;no_annotation_transferred,16:34
16:34:10,16:34:10,يَسْتَهْزِئُونَ,يَسْتَهْزِءُونَ,surface_mismatch,1:1;no_annotation_transferred,16:34
16:35:12,16:35:12,شَيْءٍ,شَىْءٍ,surface_mismatch,1:1;no_annotation_transferred,16:35
16:35:15,16:35:15,آبَاؤُنَا,ءَابَآؤُنَا,surface_mismatch,1:1;no_annotation_transferred,16:35
16:35:21,16:35:21,شَيْءٍ,شَىْءٍ,surface_mismatch,1:1;no_annotation_transferred,16:35
16:36:3,16:36:3,فِي,فِى,surface_mismatch,1:1;no_annotation_transferred,16:36
16:36:22,16:36:22,فِي,فِى,surface_mismatch,1:1;no_annotation_transferred,16:36
16:37:4,16:37:4,هُدَاهُمْ,هُدَىٰهُمْ,surface_mismatch,1:1;no_annotation_transferred,16:37
16:37:8,16:37:8,يَهْدِي,يَهْدِى,surface_mismatch,1:1;no_annotation_transferred,16:37
16:39:3,16:39:3,الَّذِي,ٱلَّذِى,surface_mismatch,1:1;no_annotation_transferred,16:39
16:40:3,16:40:3,لِشَيْءٍ,لِشَىْءٍ,surface_mismatch,1:1;no_annotation_transferred,16:40
16:41:3,16:41:3,فِي,فِى,surface_mismatch,1:1;no_annotation_transferred,16:41
16:41:10,16:41:10,فِي,فِى,surface_mismatch,1:1;no_annotation_transferred,16:41
16:41:14,16:41:14,الْآخِرَةِ,ٱلْءَاخِرَةِ,surface_mismatch,1:1;no_annotation_transferred,16:41
16:43:7,16:43:7,نُّوحِي,نُّوحِىٓ,surface_mismatch,1:1;no_annotation_transferred,16:43
16:43:9,16:43:9,فَاسْأَلُوا,فَسْـَٔلُوٓا۟,surface_mismatch,1:1;no_annotation_transferred,16:43
16:45:4,16:45:4,السَّيِّئَاتِ,ٱلسَّيِّـَٔاتِ,surface_mismatch,1:1;no_annotation_transferred,16:45
16:46:3,16:46:3,فِي,فِى,surface_mismatch,1:1;no_annotation_transferred,16:46
16:48:8,16:48:8,شَيْءٍ,شَىْءٍ,surface_mismatch,1:1;no_annotation_transferred,16:48
16:48:9,16:48:9,يَتَفَيَّأُ,يَتَفَيَّؤُا۟,surface_mismatch,1:1;no_annotation_transferred,16:48
16:49:4,16:49:4,فِي,فِى,surface_mismatch,1:1;no_annotation_transferred,16:49
16:49:7,16:49:7,فِي,فِى,surface_mismatch,1:1;no_annotation_transferred,16:49
16:51:11,16:51:11,فَإِيَّايَ,فَإِيَّٰىَ,surface_mismatch,1:1;no_annotation_transferred,16:51
16:52:3,16:52:3,فِي,فِى,surface_mismatch,1:1;no_annotation_transferred,16:52
16:53:12,16:53:12,تَجْأَرُونَ,تَجْـَٔرُونَ,surface_mismatch,1:1;no_annotation_transferred,16:53
16:55:3,16:55:3,آتَيْنَاهُمْ,ءَاتَيْنَٰهُمْ,surface_mismatch,1:1;no_annotation_transferred,16:55
16:56:9,16:56:9,لَتُسْأَلُنَّ,لَتُسْـَٔلُنَّ,surface_mismatch,1:1;no_annotation_transferred,16:56
16:59:14,16:59:14,فِي,فِى,surface_mismatch,1:1;no_annotation_transferred,16:59
16:60:4,16:60:4,بِالْآخِرَةِ,بِٱلْءَاخِرَةِ,surface_mismatch,1:1;no_annotation_transferred,16:60
16:61:20,16:61:20,يَسْتَأْخِرُونَ,يَسْتَـْٔخِرُونَ,surface_mismatch,1:1;no_annotation_transferred,16:61
16:64:8,16:64:8,الَّذِي,ٱلَّذِى,surface_mismatch,1:1;no_annotation_transferred,16:64
16:65:12,16:65:12,فِي,فِى,surface_mismatch,1:1;no_annotation_transferred,16:65
16:65:14,16:65:14,لَآيَةً,لَءَايَةً,surface_mismatch,1:1;no_annotation_transferred,16:65
16:66:3,16:66:3,فِي,فِى,surface_mismatch,1:1;no_annotation_transferred,16:66
16:66:8,16:66:8,فِي,فِى,surface_mismatch,1:1;no_annotation_transferred,16:66
16:67:11,16:67:11,فِي,فِى,surface_mismatch,1:1;no_annotation_transferred,16:67
16:67:13,16:67:13,لَآيَةً,لَءَايَةً,surface_mismatch,1:1;no_annotation_transferred,16:67
16:68:6,16:68:6,اتَّخِذِي,ٱتَّخِذِى,surface_mismatch,1:1;no_annotation_transferred,16:68
16:69:2,16:69:2,كُلِي,كُلِى,surface_mismatch,1:1;no_annotation_transferred,16:69
16:69:6,16:69:6,فَاسْلُكِي,فَٱسْلُكِى,surface_mismatch,1:1;no_annotation_transferred,16:69
16:69:20,16:69:20,فِي,فِى,surface_mismatch,1:1;no_annotation_transferred,16:69
16:69:22,16:69:22,لَآيَةً,لَءَايَةً,surface_mismatch,1:1;no_annotation_transferred,16:69
16:70:4,16:70:4,يَتَوَفَّاكُمْ,يَتَوَفَّىٰكُمْ,surface_mismatch,1:1;no_annotation_transferred,16:70
16:70:11,16:70:11,لِكَيْ,لِكَىْ,surface_mismatch,1:1;no_annotation_transferred,16:70
16:70:16,16:70:16,شَيْئًا,شَيْـًٔا,surface_mismatch,1:1;no_annotation_transferred,16:70
16:71:6,16:71:6,فِي,فِى,surface_mismatch,1:1;no_annotation_transferred,16:71
16:71:11,16:71:11,بِرَادِّي,بِرَآدِّى,surface_mismatch,1:1;no_annotation_transferred,16:71
16:73:13,16:73:13,شَيْئًا,شَيْـًٔا,surface_mismatch,1:1;no_annotation_transferred,16:73
16:75:9,16:75:9,شَيْءٍ,شَىْءٍ,surface_mismatch,1:1;no_annotation_transferred,16:75
16:75:21,16:75:21,يَسْتَوُونَ,يَسْتَوُۥنَ,surface_mismatch,1:1;no_annotation_transferred,16:75
16:76:10,16:76:10,شَيْءٍ,شَىْءٍ,surface_mismatch,1:1;no_annotation_transferred,16:76
16:76:14,16:76:14,مَوْلَاهُ,مَوْلَىٰهُ,surface_mismatch,1:1;no_annotation_transferred,16:76
16:76:21,16:76:21,يَسْتَوِي,يَسْتَوِى,surface_mismatch,1:1;no_annotation_transferred,16:76
16:77:18,16:77:18,شَيْءٍ,شَىْءٍ,surface_mismatch,1:1;no_annotation_transferred,16:77
16:78:8,16:78:8,شَيْئًا,شَيْـًٔا,surface_mismatch,1:1;no_annotation_transferred,16:78
16:78:13,16:78:13,وَالْأَفْئِدَةَ,وَٱلْأَفْـِٔدَةَ,surface_mismatch,1:1;no_annotation_transferred,16:78
16:79:6,16:79:6,فِي,فِى,surface_mismatch,1:1;no_annotation_transferred,16:79
16:79:14,16:79:14,فِي,فِى,surface_mismatch,1:1;no_annotation_transferred,16:79
16:79:16,16:79:16,لَآيَاتٍ,لَءَايَٰتٍ,surface_mismatch,1:1;no_annotation_transferred,16:79
16:85:2,16:85:2,رَأَى,رَءَا,surface_mismatch,1:1;no_annotation_transferred,16:85
16:86:2,16:86:2,رَأَى,رَءَا,surface_mismatch,1:1;no_annotation_transferred,16:86
16:86:12,16:86:12,نَدْعُو,نَدْعُوا۟,surface_mismatch,1:1;no_annotation_transferred,16:86
16:89:3,16:89:3,فِي,فِى,surface_mismatch,1:1;no_annotation_transferred,16:89
16:89:20,16:89:20,شَيْءٍ,شَىْءٍ,surface_mismatch,1:1;no_annotation_transferred,16:89
16:90:6,16:90:6,وَإِيتَاءِ,وَإِيتَآئِ,surface_mismatch,1:1;no_annotation_transferred,16:90
16:90:7,16:90:7,ذِي,ذِى,surface_mismatch,1:1;no_annotation_transferred,16:90
16:90:13,16:90:13,وَالْبَغْيِ,وَٱلْبَغْىِ,surface_mismatch,1:1;no_annotation_transferred,16:90
16:92:3,16:92:3,كَالَّتِي,كَٱلَّتِى,surface_mismatch,1:1;no_annotation_transferred,16:92
16:92:17,16:92:17,هِيَ,هِىَ,surface_mismatch,1:1;no_annotation_transferred,16:92
16:93:11,16:93:11,وَيَهْدِي,وَيَهْدِى,surface_mismatch,1:1;no_annotation_transferred,16:93
16:93:14,16:93:14,وَلَتُسْأَلُنَّ,وَلَتُسْـَٔلُنَّ,surface_mismatch,1:1;no_annotation_transferred,16:93
16:97:11,16:97:11,حَيَاةً,حَيَوٰةً,surface_mismatch,1:1;no_annotation_transferred,16:97
16:98:3,16:98:3,الْقُرْآنَ,ٱلْقُرْءَانَ,surface_mismatch,1:1;no_annotation_transferred,16:98
16:99:7,16:99:7,آمَنُوا,ءَامَنُوا۟,surface_mismatch,1:1;no_annotation_transferred,16:99
16:101:3,16:101:3,آيَةً,ءَايَةً,surface_mismatch,1:1;no_annotation_transferred,16:101
16:101:5,16:101:5,آيَةٍ,ءَايَةٍ,surface_mismatch,1:1;no_annotation_transferred,16:101
16:102:10,16:102:10,آمَنُوا,ءَامَنُوا۟,surface_mismatch,1:1;no_annotation_transferred,16:102
16:103:9,16:103:9,الَّذِي,ٱلَّذِى,surface_mismatch,1:1;no_annotation_transferred,16:103
16:103:12,16:103:12,أَعْجَمِيٌّ,أَعْجَمِىٌّ,surface_mismatch,1:1;no_annotation_transferred,16:103
16:103:15,16:103:15,عَرَبِيٌّ,عَرَبِىٌّ,surface_mismatch,1:1;no_annotation_transferred,16:103
16:104:5,16:104:5,بِآيَاتِ,بِـَٔايَٰتِ,surface_mismatch,1:1;no_annotation_transferred,16:104
16:105:2,16:105:2,يَفْتَرِي,يَفْتَرِى,surface_mismatch,1:1;no_annotation_transferred,16:105
16:105:7,16:105:7,بِآيَاتِ,بِـَٔايَٰتِ,surface_mismatch,1:1;no_annotation_transferred,16:105
16:107:4,16:107:4,الْحَيَاةَ,ٱلْحَيَوٰةَ,surface_mismatch,1:1;no_annotation_transferred,16:107
16:107:7,16:107:7,الْآخِرَةِ,ٱلْءَاخِرَةِ,surface_mismatch,1:1;no_annotation_transferred,16:107
16:107:11,16:107:11,يَهْدِي,يَهْدِى,surface_mismatch,1:1;no_annotation_transferred,16:107
16:109:4,16:109:4,فِي,فِى,surface_mismatch,1:1;no_annotation_transferred,16:109
16:109:5,16:109:5,الْآخِرَةِ,ٱلْءَاخِرَةِ,surface_mismatch,1:1;no_annotation_transferred,16:109
16:111:2,16:111:2,تَأْتِي,تَأْتِى,surface_mismatch,1:1;no_annotation_transferred,16:111
16:112:6,16:112:6,آمِنَةً,ءَامِنَةً,surface_mismatch,1:1;no_annotation_transferred,16:112
16:121:3,16:121:3,اجْتَبَاهُ,ٱجْتَبَىٰهُ,surface_mismatch,1:1;no_annotation_transferred,16:121
16:121:4,16:121:4,وَهَدَاهُ,وَهَدَىٰهُ,surface_mismatch,1:1;no_annotation_transferred,16:121
16:122:1,16:122:1,وَآتَيْنَاهُ,وَءَاتَيْنَٰهُ,surface_mismatch,1:1;no_annotation_transferred,16:122
16:122:2,16:122:2,فِي,فِى,surface_mismatch,1:1;no_annotation_transferred,16:122
16:122:6,16:122:6,فِي,فِى,surface_mismatch,1:1;no_annotation_transferred,16:122
16:122:7,16:122:7,الْآخِرَةِ,ٱلْءَاخِرَةِ,surface_mismatch,1:1;no_annotation_transferred,16:122
16:125:9,16:125:9,بِالَّتِي,بِٱلَّتِى,surface_mismatch,1:1;no_annotation_transferred,16:125
16:125:10,16:125:10,هِيَ,هِىَ,surface_mismatch,1:1;no_annotation_transferred,16:125
16:127:11,16:127:11,فِي,فِى,surface_mismatch,1:1;no_annotation_transferred,16:127
17:1:2,17:1:6,الَّذِي,ٱلَّذِىٓ,surface_mismatch,1:1;no_annotation_transferred,17:1
17:1:11,17:1:15,الْأَقْصَى,ٱلْأَقْصَا,surface_mismatch,1:1;no_annotation_transferred,17:1
17:1:12,17:1:16,الَّذِي,ٱلَّذِى,surface_mismatch,1:1;no_annotation_transferred,17:1
17:1:17,17:1:21,آيَاتِنَا,ءَايَٰتِنَآ,surface_mismatch,1:1;no_annotation_transferred,17:1
17:2:1,17:2:1,وَآتَيْنَا,وَءَاتَيْنَا,surface_mismatch,1:1;no_annotation_transferred,17:2
17:2:6,17:2:6,لِّبَنِي,لِّبَنِىٓ,surface_mismatch,1:1;no_annotation_transferred,17:2
17:2:7,17:2:7,إِسْرَائِيلَ,إِسْرَٰٓءِيلَ,surface_mismatch,1:1;no_annotation_transferred,17:2
17:2:11,17:2:11,دُونِي,دُونِى,surface_mismatch,1:1;no_annotation_transferred,17:2
17:4:3,17:4:3,بَنِي,بَنِىٓ,surface_mismatch,1:1;no_annotation_transferred,17:4
17:4:4,17:4:4,إِسْرَائِيلَ,إِسْرَٰٓءِيلَ,surface_mismatch,1:1;no_annotation_transferred,17:4
17:4:5,17:4:5,فِي,فِى,surface_mismatch,1:1;no_annotation_transferred,17:4
17:4:8,17:4:8,فِي,فِى,surface_mismatch,1:1;no_annotation_transferred,17:4
17:5:4,17:5:4,أُولَاهُمَا,أُولَىٰهُمَا,surface_mismatch,1:1;no_annotation_transferred,17:5
17:5:9,17:5:9,أُولِي,أُو۟لِى,surface_mismatch,1:1;no_annotation_transferred,17:5
17:7:11,17:7:11,الْآخِرَةِ,ٱلْءَاخِرَةِ,surface_mismatch,1:1;no_annotation_transferred,17:7
17:7:12,17:7:12,لِيَسُوءُوا,لِيَسُۥٓـُٔوا۟,surface_mismatch,1:1;no_annotation_transferred,17:7
17:9:3,17:9:3,الْقُرْآنَ,ٱلْقُرْءَانَ,surface_mismatch,1:1;no_annotation_transferred,17:9
17:9:4,17:9:4,يَهْدِي,يَهْدِى,surface_mismatch,1:1;no_annotation_transferred,17:9
17:9:5,17:9:5,لِلَّتِي,لِلَّتِى,surface_mismatch,1:1;no_annotation_transferred,17:9
17:9:6,17:9:6,هِيَ,هِىَ,surface_mismatch,1:1;no_annotation_transferred,17:9
17:10:5,17:10:5,بِالْآخِرَةِ,بِٱلْءَاخِرَةِ,surface_mismatch,1:1;no_annotation_transferred,17:10
17:12:2,17:12:2,اللَّيْلَ,ٱلَّيْلَ,surface_mismatch,1:1;no_annotation_transferred,17:12
17:12:4,17:12:4,آيَتَيْنِ,ءَايَتَيْنِ,surface_mismatch,1:1;no_annotation_transferred,17:12
17:12:6,17:12:6,آيَةَ,ءَايَةَ,surface_mismatch,1:1;no_annotation_transferred,17:12
17:12:7,17:12:7,اللَّيْلِ,ٱلَّيْلِ,surface_mismatch,1:1;no_annotation_transferred,17:12
17:12:9,17:12:9,آيَةَ,ءَايَةَ,surface_mismatch,1:1;no_annotation_transferred,17:12
17:12:21,17:12:21,شَيْءٍ,شَىْءٍ,surface_mismatch,1:1;no_annotation_transferred,17:12
17:13:5,17:13:5,فِي,فِى,surface_mismatch,1:1;no_annotation_transferred,17:13
17:13:12,17:13:12,يَلْقَاهُ,يَلْقَىٰهُ,surface_mismatch,1:1;no_annotation_transferred,17:13
17:15:4,17:15:4,يَهْتَدِي,يَهْتَدِى,surface_mismatch,1:1;no_annotation_transferred,17:15
17:18:16,17:18:16,يَصْلَاهَا,يَصْلَىٰهَا,surface_mismatch,1:1;no_annotation_transferred,17:18
17:19:3,17:19:3,الْآخِرَةَ,ٱلْءَاخِرَةَ,surface_mismatch,1:1;no_annotation_transferred,17:19
17:21:7,17:21:7,وَلَلْآخِرَةُ,وَلَلْءَاخِرَةُ,surface_mismatch,1:1;no_annotation_transferred,17:21
17:22:6,17:22:6,آخَرَ,ءَاخَرَ,surface_mismatch,1:1;no_annotation_transferred,17:22
17:24:11,17:24:11,رَبَّيَانِي,رَبَّيَانِى,surface_mismatch,1:1;no_annotation_transferred,17:24
17:25:4,17:25:4,فِي,فِى,surface_mismatch,1:1;no_annotation_transferred,17:25
17:26:1,17:26:1,وَآتِ,وَءَاتِ,surface_mismatch,1:1;no_annotation_transferred,17:26
17:31:12,17:31:12,خِطْئًا,خِطْـًٔا,surface_mismatch,1:1;no_annotation_transferred,17:31
17:33:4,17:33:4,الَّتِي,ٱلَّتِى,surface_mismatch,1:1;no_annotation_transferred,17:33
17:33:18,17:33:18,فِّي,فِّى,surface_mismatch,1:1;no_annotation_transferred,17:33
17:34:6,17:34:6,بِالَّتِي,بِٱلَّتِى,surface_mismatch,1:1;no_annotation_transferred,17:34
17:34:7,17:34:7,هِيَ,هِىَ,surface_mismatch,1:1;no_annotation_transferred,17:34
17:34:17,17:34:17,مَسْئُولًا,مَسْـُٔولًا,surface_mismatch,1:1;no_annotation_transferred,17:34
17:36:16,17:36:16,مَسْئُولًا,مَسْـُٔولًا,surface_mismatch,1:1;no_annotation_transferred,17:36
17:37:3,17:37:3,فِي,فِى,surface_mismatch,1:1;no_annotation_transferred,17:37
17:39:13,17:39:13,آخَرَ,ءَاخَرَ,surface_mismatch,1:1;no_annotation_transferred,17:39
17:39:15,17:39:15,فِي,فِى,surface_mismatch,1:1;no_annotation_transferred,17:39
17:40:1,17:40:1,أَفَأَصْفَاكُمْ,أَفَأَصْفَىٰكُمْ,surface_mismatch,1:1;no_annotation_transferred,17:40
17:41:3,17:41:3,فِي,فِى,surface_mismatch,1:1;no_annotation_transferred,17:41
17:41:5,17:41:5,الْقُرْآنِ,ٱلْقُرْءَانِ,surface_mismatch,1:1;no_annotation_transferred,17:41
17:42:5,17:42:5,آلِهَةٌ,ءَالِهَةٌ,surface_mismatch,1:1;no_annotation_transferred,17:42
17:42:11,17:42:11,ذِي,ذِى,surface_mismatch,1:1;no_annotation_transferred,17:42
17:44:10,17:44:10,شَيْءٍ,شَىْءٍ,surface_mismatch,1:1;no_annotation_transferred,17:44
17:45:3,17:45:3,الْقُرْآنَ,ٱلْقُرْءَانَ,surface_mismatch,1:1;no_annotation_transferred,17:45
17:45:10,17:45:10,بِالْآخِرَةِ,بِٱلْءَاخِرَةِ,surface_mismatch,1:1;no_annotation_transferred,17:45
17:46:7,17:46:7,وَفِي,وَفِىٓ,surface_mismatch,1:1;no_annotation_transferred,17:46
17:46:8,17:46:8,آذَانِهِمْ,ءَاذَانِهِمْ,surface_mismatch,1:1;no_annotation_transferred,17:46
17:46:13,17:46:13,فِي,فِى,surface_mismatch,1:1;no_annotation_transferred,17:46
17:46:14,17:46:14,الْقُرْآنِ,ٱلْقُرْءَانِ,surface_mismatch,1:1;no_annotation_transferred,17:46
17:49:2,17:49:2,أَإِذَا,أَءِذَا,surface_mismatch,1:1;no_annotation_transferred,17:49
17:49:6,17:49:6,أَإِنَّا,أَءِنَّا,surface_mismatch,1:1;no_annotation_transferred,17:49
17:51:5,17:51:5,فِي,فِى,surface_mismatch,1:1;no_annotation_transferred,17:51
17:51:11,17:51:11,الَّذِي,ٱلَّذِى,surface_mismatch,1:1;no_annotation_transferred,17:51
17:53:2,17:53:2,لِّعِبَادِي,لِّعِبَادِى,surface_mismatch,1:1;no_annotation_transferred,17:53
17:53:4,17:53:4,الَّتِي,ٱلَّتِى,surface_mismatch,1:1;no_annotation_transferred,17:53
17:53:5,17:53:5,هِيَ,هِىَ,surface_mismatch,1:1;no_annotation_transferred,17:53
17:55:4,17:55:4,فِي,فِى,surface_mismatch,1:1;no_annotation_transferred,17:55
17:55:10,17:55:10,النَّبِيِّينَ,ٱلنَّبِيِّۦنَ,surface_mismatch,1:1;no_annotation_transferred,17:55
17:55:13,17:55:13,وَآتَيْنَا,وَءَاتَيْنَا,surface_mismatch,1:1;no_annotation_transferred,17:55
17:55:14,17:55:14,دَاوُودَ,دَاوُۥدَ,surface_mismatch,1:1;no_annotation_transferred,17:55
17:58:16,17:58:16,فِي,فِى,surface_mismatch,1:1;no_annotation_transferred,17:58
17:59:5,17:59:5,بِالْآيَاتِ,بِٱلْءَايَٰتِ,surface_mismatch,1:1;no_annotation_transferred,17:59
17:59:11,17:59:11,وَآتَيْنَا,وَءَاتَيْنَا,surface_mismatch,1:1;no_annotation_transferred,17:59
17:59:19,17:59:19,بِالْآيَاتِ,بِٱلْءَايَٰتِ,surface_mismatch,1:1;no_annotation_transferred,17:59
17:60:10,17:60:10,الرُّؤْيَا,ٱلرُّءْيَا,surface_mismatch,1:1;no_annotation_transferred,17:60
17:60:11,17:60:11,الَّتِي,ٱلَّتِىٓ,surface_mismatch,1:1;no_annotation_transferred,17:60
17:60:18,17:60:18,فِي,فِى,surface_mismatch,1:1;no_annotation_transferred,17:60
17:60:19,17:60:19,الْقُرْآنِ,ٱلْقُرْءَانِ,surface_mismatch,1:1;no_annotation_transferred,17:60
17:61:5,17:61:5,لِآدَمَ,لِءَادَمَ,surface_mismatch,1:1;no_annotation_transferred,17:61
17:61:10,17:61:10,أَأَسْجُدُ,ءَأَسْجُدُ,surface_mismatch,1:1;no_annotation_transferred,17:61
17:62:2,17:62:2,أَرَأَيْتَكَ,أَرَءَيْتَكَ,surface_mismatch,1:1;no_annotation_transferred,17:62
17:62:4,17:62:4,الَّذِي,ٱلَّذِى,surface_mismatch,1:1;no_annotation_transferred,17:62
17:62:6,17:62:6,عَلَيَّ,عَلَىَّ,surface_mismatch,1:1;no_annotation_transferred,17:62
17:64:11,17:64:11,فِي,فِى,surface_mismatch,1:1;no_annotation_transferred,17:64
17:65:2,17:65:2,عِبَادِي,عِبَادِى,surface_mismatch,1:1;no_annotation_transferred,17:65
17:66:2,17:66:2,الَّذِي,ٱلَّذِى,surface_mismatch,1:1;no_annotation_transferred,17:66
17:66:3,17:66:3,يُزْجِي,يُزْجِى,surface_mismatch,1:1;no_annotation_transferred,17:66
17:66:6,17:66:6,فِي,فِى,surface_mismatch,1:1;no_annotation_transferred,17:66
17:67:4,17:67:4,فِي,فِى,surface_mismatch,1:1;no_annotation_transferred,17:67
17:67:12,17:67:12,نَجَّاكُمْ,نَجَّىٰكُمْ,surface_mismatch,1:1;no_annotation_transferred,17:67
17:70:3,17:70:3,بَنِي,بَنِىٓ,surface_mismatch,1:1;no_annotation_transferred,17:70
17:70:4,17:70:4,آدَمَ,ءَادَمَ,surface_mismatch,1:1;no_annotation_transferred,17:70
17:70:6,17:70:6,فِي,فِى,surface_mismatch,1:1;no_annotation_transferred,17:70
17:71:2,17:71:2,نَدْعُو,نَدْعُوا۟,surface_mismatch,1:1;no_annotation_transferred,17:71
17:71:7,17:71:7,أُوتِيَ,أُوتِىَ,surface_mismatch,1:1;no_annotation_transferred,17:71
17:72:3,17:72:3,فِي,فِى,surface_mismatch,1:1;no_annotation_transferred,17:72
17:72:7,17:72:7,فِي,فِى,surface_mismatch,1:1;no_annotation_transferred,17:72
17:72:8,17:72:8,الْآخِرَةِ,ٱلْءَاخِرَةِ,surface_mismatch,1:1;no_annotation_transferred,17:72
17:73:5,17:73:5,الَّذِي,ٱلَّذِىٓ,surface_mismatch,1:1;no_annotation_transferred,17:73
17:73:8,17:73:8,لِتَفْتَرِيَ,لِتَفْتَرِىَ,surface_mismatch,1:1;no_annotation_transferred,17:73
17:74:8,17:74:8,شَيْئًا,شَيْـًٔا,surface_mismatch,1:1;no_annotation_transferred,17:74
17:75:4,17:75:4,الْحَيَاةِ,ٱلْحَيَوٰةِ,surface_mismatch,1:1;no_annotation_transferred,17:75
17:78:2,17:78:2,الصَّلَاةَ,ٱلصَّلَوٰةَ,surface_mismatch,1:1;no_annotation_transferred,17:78
17:78:7,17:78:7,اللَّيْلِ,ٱلَّيْلِ,surface_mismatch,1:1;no_annotation_transferred,17:78
17:78:8,17:78:8,وَقُرْآنَ,وَقُرْءَانَ,surface_mismatch,1:1;no_annotation_transferred,17:78
17:78:11,17:78:11,قُرْآنَ,قُرْءَانَ,surface_mismatch,1:1;no_annotation_transferred,17:78
17:79:2,17:79:2,اللَّيْلِ,ٱلَّيْلِ,surface_mismatch,1:1;no_annotation_transferred,17:79
17:80:3,17:80:3,أَدْخِلْنِي,أَدْخِلْنِى,surface_mismatch,1:1;no_annotation_transferred,17:80
17:80:6,17:80:6,وَأَخْرِجْنِي,وَأَخْرِجْنِى,surface_mismatch,1:1;no_annotation_transferred,17:80
17:80:10,17:80:10,لِّي,لِّى,surface_mismatch,1:1;no_annotation_transferred,17:80
17:82:3,17:82:3,الْقُرْآنِ,ٱلْقُرْءَانِ,surface_mismatch,1:1;no_annotation_transferred,17:82
17:83:6,17:83:6,وَنَأَىٰ,وَنَـَٔا,surface_mismatch,1:1;no_annotation_transferred,17:83
17:83:12,17:83:12,يَئُوسًا,يَـُٔوسًا,surface_mismatch,1:1;no_annotation_transferred,17:83
17:85:1,17:85:1,وَيَسْأَلُونَكَ,وَيَسْـَٔلُونَكَ,surface_mismatch,1:1;no_annotation_transferred,17:85
17:85:8,17:85:8,رَبِّي,رَبِّى,surface_mismatch,1:1;no_annotation_transferred,17:85
17:86:4,17:86:4,بِالَّذِي,بِٱلَّذِىٓ,surface_mismatch,1:1;no_annotation_transferred,17:86
17:88:11,17:88:11,الْقُرْآنِ,ٱلْقُرْءَانِ,surface_mismatch,1:1;no_annotation_transferred,17:88
17:89:4,17:89:4,فِي,فِى,surface_mismatch,1:1;no_annotation_transferred,17:89
17:89:6,17:89:6,الْقُرْآنِ,ٱلْقُرْءَانِ,surface_mismatch,1:1;no_annotation_transferred,17:89
17:92:9,17:92:9,تَأْتِيَ,تَأْتِىَ,surface_mismatch,1:1;no_annotation_transferred,17:92
17:93:9,17:93:9,فِي,فِى,surface_mismatch,1:1;no_annotation_transferred,17:93
17:93:21,17:93:21,رَبِّي,رَبِّى,surface_mismatch,1:1;no_annotation_transferred,17:93
17:95:4,17:95:4,فِي,فِى,surface_mismatch,1:1;no_annotation_transferred,17:95
17:96:5,17:96:5,بَيْنِي,بَيْنِى,surface_mismatch,1:1;no_annotation_transferred,17:96
17:97:22,17:97:22,مَّأْوَاهُمْ,مَّأْوَىٰهُمْ,surface_mismatch,1:1;no_annotation_transferred,17:97
17:98:5,17:98:5,بِآيَاتِنَا,بِـَٔايَٰتِنَا,surface_mismatch,1:1;no_annotation_transferred,17:98
17:98:7,17:98:7,أَإِذَا,أَءِذَا,surface_mismatch,1:1;no_annotation_transferred,17:98
17:98:11,17:98:11,أَإِنَّا,أَءِنَّا,surface_mismatch,1:1;no_annotation_transferred,17:98
17:99:5,17:99:5,الَّذِي,ٱلَّذِى,surface_mismatch,1:1;no_annotation_transferred,17:99
17:100:7,17:100:7,رَبِّي,رَبِّىٓ,surface_mismatch,1:1;no_annotation_transferred,17:100
17:101:2,17:101:2,آتَيْنَا,ءَاتَيْنَا,surface_mismatch,1:1;no_annotation_transferred,17:101
17:101:5,17:101:5,آيَاتٍ,ءَايَٰتٍۭ,surface_mismatch,1:1;no_annotation_transferred,17:101
17:101:7,17:101:7,فَاسْأَلْ,فَسْـَٔلْ,surface_mismatch,1:1;no_annotation_transferred,17:101
17:101:8,17:101:8,بَنِي,بَنِىٓ,surface_mismatch,1:1;no_annotation_transferred,17:101
17:101:9,17:101:9,إِسْرَائِيلَ,إِسْرَٰٓءِيلَ,surface_mismatch,1:1;no_annotation_transferred,17:101
17:101:15,17:101:15,إِنِّي,إِنِّى,surface_mismatch,1:1;no_annotation_transferred,17:101
17:102:12,17:102:12,وَإِنِّي,وَإِنِّى,surface_mismatch,1:1;no_annotation_transferred,17:102
17:104:4,17:104:4,لِبَنِي,لِبَنِىٓ,surface_mismatch,1:1;no_annotation_transferred,17:104
17:104:5,17:104:5,إِسْرَائِيلَ,إِسْرَٰٓءِيلَ,surface_mismatch,1:1;no_annotation_transferred,17:104
17:104:11,17:104:11,الْآخِرَةِ,ٱلْءَاخِرَةِ,surface_mismatch,1:1;no_annotation_transferred,17:104
17:106:1,17:106:1,وَقُرْآنًا,وَقُرْءَانًا,surface_mismatch,1:1;no_annotation_transferred,17:106
17:107:2,17:107:2,آمِنُوا,ءَامِنُوا۟,surface_mismatch,1:1;no_annotation_transferred,17:107
17:111:4,17:111:4,الَّذِي,ٱلَّذِى,surface_mismatch,1:1;no_annotation_transferred,17:111
17:111:12,17:111:12,فِي,فِى,surface_mismatch,1:1;no_annotation_transferred,17:111
17:111:17,17:111:17,وَلِيٌّ,وَلِىٌّ,surface_mismatch,1:1;no_annotation_transferred,17:111
18:1:3,18:1:7,الَّذِي,ٱلَّذِىٓ,surface_mismatch,1:1;no_annotation_transferred,18:1
18:5:7,18:5:7,لِآبَائِهِمْ,لِءَابَآئِهِمْ,surface_mismatch,1:1;no_annotation_transferred,18:5
18:6:5,18:6:5,آثَارِهِمْ,ءَاثَٰرِهِمْ,surface_mismatch,1:1;no_annotation_transferred,18:6
18:9:9,18:9:9,آيَاتِنَا,ءَايَٰتِنَا,surface_mismatch,1:1;no_annotation_transferred,18:9
18:10:8,18:10:8,آتِنَا,ءَاتِنَا,surface_mismatch,1:1;no_annotation_transferred,18:10
18:11:3,18:11:3,آذَانِهِمْ,ءَاذَانِهِمْ,surface_mismatch,1:1;no_annotation_transferred,18:11
18:11:4,18:11:4,فِي,فِى,surface_mismatch,1:1;no_annotation_transferred,18:11
18:12:4,18:12:4,أَيُّ,أَىُّ,surface_mismatch,1:1;no_annotation_transferred,18:12
18:13:8,18:13:8,آمَنُوا,ءَامَنُوا۟,surface_mismatch,1:1;no_annotation_transferred,18:13
18:14:12,18:14:12,نَّدْعُوَ,نَّدْعُوَا۟,surface_mismatch,1:1;no_annotation_transferred,18:14
18:15:6,18:15:6,آلِهَةً,ءَالِهَةً,surface_mismatch,1:1;no_annotation_transferred,18:15
18:16:7,18:16:7,فَأْوُوا,فَأْوُۥٓا۟,surface_mismatch,1:1;no_annotation_transferred,18:16
18:17:16,18:17:16,فِي,فِى,surface_mismatch,1:1;no_annotation_transferred,18:17
18:17:21,18:17:21,آيَاتِ,ءَايَٰتِ,surface_mismatch,1:1;no_annotation_transferred,18:17
18:20:8,18:20:8,فِي,فِى,surface_mismatch,1:1;no_annotation_transferred,18:20
18:22:16,18:22:16,رَّبِّي,رَّبِّىٓ,surface_mismatch,1:1;no_annotation_transferred,18:22
18:23:3,18:23:3,لِشَيْءٍ,لِشَا۟ىْءٍ,surface_mismatch,1:1;no_annotation_transferred,18:23
18:23:4,18:23:4,إِنِّي,إِنِّى,surface_mismatch,1:1;no_annotation_transferred,18:23
18:24:13,18:24:13,رَبِّي,رَبِّى,surface_mismatch,1:1;no_annotation_transferred,18:24
18:25:2,18:25:2,فِي,فِى,surface_mismatch,1:1;no_annotation_transferred,18:25
18:26:18,18:26:18,وَلِيٍّ,وَلِىٍّ,surface_mismatch,1:1;no_annotation_transferred,18:26
18:26:21,18:26:21,فِي,فِى,surface_mismatch,1:1;no_annotation_transferred,18:26
18:27:3,18:27:3,أُوحِيَ,أُوحِىَ,surface_mismatch,1:1;no_annotation_transferred,18:27
18:28:7,18:28:7,بِالْغَدَاةِ,بِٱلْغَدَوٰةِ,surface_mismatch,1:1;no_annotation_transferred,18:28
18:28:8,18:28:8,وَالْعَشِيِّ,وَٱلْعَشِىِّ,surface_mismatch,1:1;no_annotation_transferred,18:28
18:28:17,18:28:17,الْحَيَاةِ,ٱلْحَيَوٰةِ,surface_mismatch,1:1;no_annotation_transferred,18:28
18:28:27,18:28:27,هَوَاهُ,هَوَىٰهُ,surface_mismatch,1:1;no_annotation_transferred,18:28
18:29:23,18:29:23,يَشْوِي,يَشْوِى,surface_mismatch,1:1;no_annotation_transferred,18:29
18:30:3,18:30:3,آمَنُوا,ءَامَنُوا۟,surface_mismatch,1:1;no_annotation_transferred,18:30
18:31:5,18:31:5,تَجْرِي,تَجْرِى,surface_mismatch,1:1;no_annotation_transferred,18:31
18:31:21,18:31:21,مُّتَّكِئِينَ,مُّتَّكِـِٔينَ,surface_mismatch,1:1;no_annotation_transferred,18:31
18:33:3,18:33:3,آتَتْ,ءَاتَتْ,surface_mismatch,1:1;no_annotation_transferred,18:33
18:33:8,18:33:8,شَيْئًا,شَيْـًٔا,surface_mismatch,1:1;no_annotation_transferred,18:33
18:36:8,18:36:8,رَبِّي,رَبِّى,surface_mismatch,1:1;no_annotation_transferred,18:36
18:37:7,18:37:7,بِالَّذِي,بِٱلَّذِى,surface_mismatch,1:1;no_annotation_transferred,18:37
18:37:15,18:37:15,سَوَّاكَ,سَوَّىٰكَ,surface_mismatch,1:1;no_annotation_transferred,18:37
18:38:4,18:38:4,رَبِّي,رَبِّى,surface_mismatch,1:1;no_annotation_transferred,18:38
18:38:7,18:38:7,بِرَبِّي,بِرَبِّىٓ,surface_mismatch,1:1;no_annotation_transferred,18:38
18:40:2,18:40:2,رَبِّي,رَبِّىٓ,surface_mismatch,1:1;no_annotation_transferred,18:40
18:42:1,,وَأُحِيطَ بِثَمَرِهِ فَأَصْبَحَ يُقَلِّبُ كَفَّيْهِ عَلَىٰ مَا أَنفَقَ فِيهَا وَهِيَ خَاوِيَةٌ عَلَىٰ عُرُوشِهَا وَيَقُولُ يَا لَيْتَنِي لَمْ أُشْرِكْ بِرَبِّي أَحَدًا,وَأُحِيطَ,ambiguous_verse,multiple_optimal_paths,18:42
18:42:2,,وَأُحِيطَ بِثَمَرِهِ فَأَصْبَحَ يُقَلِّبُ كَفَّيْهِ عَلَىٰ مَا أَنفَقَ فِيهَا وَهِيَ خَاوِيَةٌ عَلَىٰ عُرُوشِهَا وَيَقُولُ يَا لَيْتَنِي لَمْ أُشْرِكْ بِرَبِّي أَحَدًا,بِثَمَرِهِۦ,ambiguous_verse,multiple_optimal_paths,18:42
18:42:3,,وَأُحِيطَ بِثَمَرِهِ فَأَصْبَحَ يُقَلِّبُ كَفَّيْهِ عَلَىٰ مَا أَنفَقَ فِيهَا وَهِيَ خَاوِيَةٌ عَلَىٰ عُرُوشِهَا وَيَقُولُ يَا لَيْتَنِي لَمْ أُشْرِكْ بِرَبِّي أَحَدًا,فَأَصْبَحَ,ambiguous_verse,multiple_optimal_paths,18:42
18:42:4,,وَأُحِيطَ بِثَمَرِهِ فَأَصْبَحَ يُقَلِّبُ كَفَّيْهِ عَلَىٰ مَا أَنفَقَ فِيهَا وَهِيَ خَاوِيَةٌ عَلَىٰ عُرُوشِهَا وَيَقُولُ يَا لَيْتَنِي لَمْ أُشْرِكْ بِرَبِّي أَحَدًا,يُقَلِّبُ,ambiguous_verse,multiple_optimal_paths,18:42
18:42:5,,وَأُحِيطَ بِثَمَرِهِ فَأَصْبَحَ يُقَلِّبُ كَفَّيْهِ عَلَىٰ مَا أَنفَقَ فِيهَا وَهِيَ خَاوِيَةٌ عَلَىٰ عُرُوشِهَا وَيَقُولُ يَا لَيْتَنِي لَمْ أُشْرِكْ بِرَبِّي أَحَدًا,كَفَّيْهِ,ambiguous_verse,multiple_optimal_paths,18:42
18:42:6,,وَأُحِيطَ بِثَمَرِهِ فَأَصْبَحَ يُقَلِّبُ كَفَّيْهِ عَلَىٰ مَا أَنفَقَ فِيهَا وَهِيَ خَاوِيَةٌ عَلَىٰ عُرُوشِهَا وَيَقُولُ يَا لَيْتَنِي لَمْ أُشْرِكْ بِرَبِّي أَحَدًا,عَلَىٰ,ambiguous_verse,multiple_optimal_paths,18:42
18:42:7,,وَأُحِيطَ بِثَمَرِهِ فَأَصْبَحَ يُقَلِّبُ كَفَّيْهِ عَلَىٰ مَا أَنفَقَ فِيهَا وَهِيَ خَاوِيَةٌ عَلَىٰ عُرُوشِهَا وَيَقُولُ يَا لَيْتَنِي لَمْ أُشْرِكْ بِرَبِّي أَحَدًا,مَآ,ambiguous_verse,multiple_optimal_paths,18:42
18:42:8,,وَأُحِيطَ بِثَمَرِهِ فَأَصْبَحَ يُقَلِّبُ كَفَّيْهِ عَلَىٰ مَا أَنفَقَ فِيهَا وَهِيَ خَاوِيَةٌ عَلَىٰ عُرُوشِهَا وَيَقُولُ يَا لَيْتَنِي لَمْ أُشْرِكْ بِرَبِّي أَحَدًا,أَنفَقَ,ambiguous_verse,multiple_optimal_paths,18:42
18:42:9,,وَأُحِيطَ بِثَمَرِهِ فَأَصْبَحَ يُقَلِّبُ كَفَّيْهِ عَلَىٰ مَا أَنفَقَ فِيهَا وَهِيَ خَاوِيَةٌ عَلَىٰ عُرُوشِهَا وَيَقُولُ يَا لَيْتَنِي لَمْ أُشْرِكْ بِرَبِّي أَحَدًا,فِيهَا,ambiguous_verse,multiple_optimal_paths,18:42
18:42:10,,وَأُحِيطَ بِثَمَرِهِ فَأَصْبَحَ يُقَلِّبُ كَفَّيْهِ عَلَىٰ مَا أَنفَقَ فِيهَا وَهِيَ خَاوِيَةٌ عَلَىٰ عُرُوشِهَا وَيَقُولُ يَا لَيْتَنِي لَمْ أُشْرِكْ بِرَبِّي أَحَدًا,وَهِىَ,ambiguous_verse,multiple_optimal_paths,18:42
18:42:11,,وَأُحِيطَ بِثَمَرِهِ فَأَصْبَحَ يُقَلِّبُ كَفَّيْهِ عَلَىٰ مَا أَنفَقَ فِيهَا وَهِيَ خَاوِيَةٌ عَلَىٰ عُرُوشِهَا وَيَقُولُ يَا لَيْتَنِي لَمْ أُشْرِكْ بِرَبِّي أَحَدًا,خَاوِيَةٌ,ambiguous_verse,multiple_optimal_paths,18:42
18:42:12,,وَأُحِيطَ بِثَمَرِهِ فَأَصْبَحَ يُقَلِّبُ كَفَّيْهِ عَلَىٰ مَا أَنفَقَ فِيهَا وَهِيَ خَاوِيَةٌ عَلَىٰ عُرُوشِهَا وَيَقُولُ يَا لَيْتَنِي لَمْ أُشْرِكْ بِرَبِّي أَحَدًا,عَلَىٰ,ambiguous_verse,multiple_optimal_paths,18:42
18:42:13,,وَأُحِيطَ بِثَمَرِهِ فَأَصْبَحَ يُقَلِّبُ كَفَّيْهِ عَلَىٰ مَا أَنفَقَ فِيهَا وَهِيَ خَاوِيَةٌ عَلَىٰ عُرُوشِهَا وَيَقُولُ يَا لَيْتَنِي لَمْ أُشْرِكْ بِرَبِّي أَحَدًا,عُرُوشِهَا,ambiguous_verse,multiple_optimal_paths,18:42
18:42:14,,وَأُحِيطَ بِثَمَرِهِ فَأَصْبَحَ يُقَلِّبُ كَفَّيْهِ عَلَىٰ مَا أَنفَقَ فِيهَا وَهِيَ خَاوِيَةٌ عَلَىٰ عُرُوشِهَا وَيَقُولُ يَا لَيْتَنِي لَمْ أُشْرِكْ بِرَبِّي أَحَدًا,وَيَقُولُ,ambiguous_verse,multiple_optimal_paths,18:42
18:42:15,,وَأُحِيطَ بِثَمَرِهِ فَأَصْبَحَ يُقَلِّبُ كَفَّيْهِ عَلَىٰ مَا أَنفَقَ فِيهَا وَهِيَ خَاوِيَةٌ عَلَىٰ عُرُوشِهَا وَيَقُولُ يَا لَيْتَنِي لَمْ أُشْرِكْ بِرَبِّي أَحَدًا,يَٰلَيْتَنِى,ambiguous_verse,multiple_optimal_paths,18:42
18:42:16,,وَأُحِيطَ بِثَمَرِهِ فَأَصْبَحَ يُقَلِّبُ كَفَّيْهِ عَلَىٰ مَا أَنفَقَ فِيهَا وَهِيَ خَاوِيَةٌ عَلَىٰ عُرُوشِهَا وَيَقُولُ يَا لَيْتَنِي لَمْ أُشْرِكْ بِرَبِّي أَحَدًا,لَمْ,ambiguous_verse,multiple_optimal_paths,18:42
18:42:17,,وَأُحِيطَ بِثَمَرِهِ فَأَصْبَحَ يُقَلِّبُ كَفَّيْهِ عَلَىٰ مَا أَنفَقَ فِيهَا وَهِيَ خَاوِيَةٌ عَلَىٰ عُرُوشِهَا وَيَقُولُ يَا لَيْتَنِي لَمْ أُشْرِكْ بِرَبِّي أَحَدًا,أُشْرِكْ,ambiguous_verse,multiple_optimal_paths,18:42
18:42:18,,وَأُحِيطَ بِثَمَرِهِ فَأَصْبَحَ يُقَلِّبُ كَفَّيْهِ عَلَىٰ مَا أَنفَقَ فِيهَا وَهِيَ خَاوِيَةٌ عَلَىٰ عُرُوشِهَا وَيَقُولُ يَا لَيْتَنِي لَمْ أُشْرِكْ بِرَبِّي أَحَدًا,بِرَبِّىٓ,ambiguous_verse,multiple_optimal_paths,18:42
18:42:19,,وَأُحِيطَ بِثَمَرِهِ فَأَصْبَحَ يُقَلِّبُ كَفَّيْهِ عَلَىٰ مَا أَنفَقَ فِيهَا وَهِيَ خَاوِيَةٌ عَلَىٰ عُرُوشِهَا وَيَقُولُ يَا لَيْتَنِي لَمْ أُشْرِكْ بِرَبِّي أَحَدًا,أَحَدًا,ambiguous_verse,multiple_optimal_paths,18:42
18:45:4,18:45:4,الْحَيَاةِ,ٱلْحَيَوٰةِ,surface_mismatch,1:1;no_annotation_transferred,18:45
18:45:22,18:45:22,شَيْءٍ,شَىْءٍ,surface_mismatch,1:1;no_annotation_transferred,18:45
18:46:4,18:46:4,الْحَيَاةِ,ٱلْحَيَوٰةِ,surface_mismatch,1:1;no_annotation_transferred,18:46
18:49:19,18:49:20,أَحْصَاهَا,أَحْصَىٰهَا,surface_mismatch,1:1;no_annotation_transferred,18:49
18:50:5,18:50:5,لِآدَمَ,لِءَادَمَ,surface_mismatch,1:1;no_annotation_transferred,18:50
18:50:20,18:50:20,دُونِي,دُونِى,surface_mismatch,1:1;no_annotation_transferred,18:50
18:52:4,18:52:4,شُرَكَائِيَ,شُرَكَآءِىَ,surface_mismatch,1:1;no_annotation_transferred,18:52
18:53:1,18:53:1,وَرَأَى,وَرَءَا,surface_mismatch,1:1;no_annotation_transferred,18:53
18:54:3,18:54:3,فِي,فِى,surface_mismatch,1:1;no_annotation_transferred,18:54
18:54:5,18:54:5,الْقُرْآنِ,ٱلْقُرْءَانِ,surface_mismatch,1:1;no_annotation_transferred,18:54
18:54:13,18:54:13,شَيْءٍ,شَىْءٍ,surface_mismatch,1:1;no_annotation_transferred,18:54
18:56:15,18:56:15,آيَاتِي,ءَايَٰتِى,surface_mismatch,1:1;no_annotation_transferred,18:56
18:57:5,18:57:5,بِآيَاتِ,بِـَٔايَٰتِ,surface_mismatch,1:1;no_annotation_transferred,18:57
18:57:9,18:57:9,وَنَسِيَ,وَنَسِىَ,surface_mismatch,1:1;no_annotation_transferred,18:57
18:57:20,18:57:20,وَفِي,وَفِىٓ,surface_mismatch,1:1;no_annotation_transferred,18:57
18:57:21,18:57:21,آذَانِهِمْ,ءَاذَانِهِمْ,surface_mismatch,1:1;no_annotation_transferred,18:57
18:60:4,18:60:4,لِفَتَاهُ,لِفَتَىٰهُ,surface_mismatch,1:1;no_annotation_transferred,18:60
18:60:12,18:60:12,أَمْضِيَ,أَمْضِىَ,surface_mismatch,1:1;no_annotation_transferred,18:60
18:61:9,18:61:9,فِي,فِى,surface_mismatch,1:1;no_annotation_transferred,18:61
18:62:4,18:62:4,لِفَتَاهُ,لِفَتَىٰهُ,surface_mismatch,1:1;no_annotation_transferred,18:62
18:62:5,18:62:5,آتِنَا,ءَاتِنَا,surface_mismatch,1:1;no_annotation_transferred,18:62
18:63:2,18:63:2,أَرَأَيْتَ,أَرَءَيْتَ,surface_mismatch,1:1;no_annotation_transferred,18:63
18:63:7,18:63:7,فَإِنِّي,فَإِنِّى,surface_mismatch,1:1;no_annotation_transferred,18:63
18:63:11,18:63:11,أَنسَانِيهُ,أَنسَىٰنِيهُ,surface_mismatch,1:1;no_annotation_transferred,18:63
18:63:18,18:63:18,فِي,فِى,surface_mismatch,1:1;no_annotation_transferred,18:63
18:64:8,18:64:8,آثَارِهِمَا,ءَاثَارِهِمَا,surface_mismatch,1:1;no_annotation_transferred,18:64
18:65:5,18:65:5,آتَيْنَاهُ,ءَاتَيْنَٰهُ,surface_mismatch,1:1;no_annotation_transferred,18:65
18:67:5,18:67:5,مَعِيَ,مَعِىَ,surface_mismatch,1:1;no_annotation_transferred,18:67
18:69:2,18:69:2,سَتَجِدُنِي,سَتَجِدُنِىٓ,surface_mismatch,1:1;no_annotation_transferred,18:69
18:69:8,18:69:8,أَعْصِي,أَعْصِى,surface_mismatch,1:1;no_annotation_transferred,18:69
18:70:3,18:70:3,اتَّبَعْتَنِي,ٱتَّبَعْتَنِى,surface_mismatch,1:1;no_annotation_transferred,18:70
18:70:5,18:70:5,تَسْأَلْنِي,تَسْـَٔلْنِى,surface_mismatch,1:1;no_annotation_transferred,18:70
18:70:7,18:70:7,شَيْءٍ,شَىْءٍ,surface_mismatch,1:1;no_annotation_transferred,18:70
18:71:5,18:71:5,فِي,فِى,surface_mismatch,1:1;no_annotation_transferred,18:71
18:71:14,18:71:14,شَيْئًا,شَيْـًٔا,surface_mismatch,1:1;no_annotation_transferred,18:71
18:72:7,18:72:7,مَعِيَ,مَعِىَ,surface_mismatch,1:1;no_annotation_transferred,18:72
18:73:3,18:73:3,تُؤَاخِذْنِي,تُؤَاخِذْنِى,surface_mismatch,1:1;no_annotation_transferred,18:73
18:73:7,18:73:7,تُرْهِقْنِي,تُرْهِقْنِى,surface_mismatch,1:1;no_annotation_transferred,18:73
18:73:9,18:73:9,أَمْرِي,أَمْرِى,surface_mismatch,1:1;no_annotation_transferred,18:73
18:74:15,18:74:15,شَيْئًا,شَيْـًٔا,surface_mismatch,1:1;no_annotation_transferred,18:74
18:75:8,18:75:8,مَعِيَ,مَعِىَ,surface_mismatch,1:1;no_annotation_transferred,18:75
18:76:5,18:76:5,شَيْءٍ,شَىْءٍۭ,surface_mismatch,1:1;no_annotation_transferred,18:76
18:76:8,18:76:8,تُصَاحِبْنِي,تُصَٰحِبْنِى,surface_mismatch,1:1;no_annotation_transferred,18:76
18:76:12,18:76:12,لَّدُنِّي,لَّدُنِّى,surface_mismatch,1:1;no_annotation_transferred,18:76
18:77:22,18:77:22,لَاتَّخَذْتَ,لَتَّخَذْتَ,surface_mismatch,1:1;no_annotation_transferred,18:77
18:78:4,18:78:4,بَيْنِي,بَيْنِى,surface_mismatch,1:1;no_annotation_transferred,18:78
18:79:6,18:79:6,فِي,فِى,surface_mismatch,1:1;no_annotation_transferred,18:79
18:81:7,18:81:7,زَكَاةً,زَكَوٰةً,surface_mismatch,1:1;no_annotation_transferred,18:81
18:82:6,18:82:6,فِي,فِى,surface_mismatch,1:1;no_annotation_transferred,18:82
18:82:28,18:82:28,أَمْرِي,أَمْرِى,surface_mismatch,1:1;no_annotation_transferred,18:82
18:83:1,18:83:1,وَيَسْأَلُونَكَ,وَيَسْـَٔلُونَكَ,surface_mismatch,1:1;no_annotation_transferred,18:83
18:83:3,18:83:3,ذِي,ذِى,surface_mismatch,1:1;no_annotation_transferred,18:83
18:83:6,18:83:6,سَأَتْلُو,سَأَتْلُوا۟,surface_mismatch,1:1;no_annotation_transferred,18:83
18:84:4,18:84:4,فِي,فِى,surface_mismatch,1:1;no_annotation_transferred,18:84
18:84:6,18:84:6,وَآتَيْنَاهُ,وَءَاتَيْنَٰهُ,surface_mismatch,1:1;no_annotation_transferred,18:84
18:84:9,18:84:9,شَيْءٍ,شَىْءٍ,surface_mismatch,1:1;no_annotation_transferred,18:84
18:86:8,18:86:8,فِي,فِى,surface_mismatch,1:1;no_annotation_transferred,18:86
18:88:3,18:88:3,آمَنَ,ءَامَنَ,surface_mismatch,1:1;no_annotation_transferred,18:88
18:94:8,18:94:9,فِي,فِى,surface_mismatch,1:1;no_annotation_transferred,18:94
18:95:3,18:95:3,مَكَّنِّي,مَكَّنِّى,surface_mismatch,1:1;no_annotation_transferred,18:95
18:95:5,18:95:5,رَبِّي,رَبِّى,surface_mismatch,1:1;no_annotation_transferred,18:95
18:95:7,18:95:7,فَأَعِينُونِي,فَأَعِينُونِى,surface_mismatch,1:1;no_annotation_transferred,18:95
18:96:1,18:96:1,آتُونِي,ءَاتُونِى,surface_mismatch,1:1;no_annotation_transferred,18:96
18:96:16,18:96:16,آتُونِي,ءَاتُونِىٓ,surface_mismatch,1:1;no_annotation_transferred,18:96
18:98:5,18:98:5,رَّبِّي,رَّبِّى,surface_mismatch,1:1;no_annotation_transferred,18:98
18:98:9,18:98:9,رَبِّي,رَبِّى,surface_mismatch,1:1;no_annotation_transferred,18:98
18:98:14,18:98:14,رَبِّي,رَبِّى,surface_mismatch,1:1;no_annotation_transferred,18:98
18:99:5,18:99:5,فِي,فِى,surface_mismatch,1:1;no_annotation_transferred,18:99
18:99:8,18:99:8,فِي,فِى,surface_mismatch,1:1;no_annotation_transferred,18:99
18:101:4,18:101:4,فِي,فِى,surface_mismatch,1:1;no_annotation_transferred,18:101
18:101:7,18:101:7,ذِكْرِي,ذِكْرِى,surface_mismatch,1:1;no_annotation_transferred,18:101
18:102:6,18:102:6,عِبَادِي,عِبَادِى,surface_mismatch,1:1;no_annotation_transferred,18:102
18:102:8,18:102:8,دُونِي,دُونِىٓ,surface_mismatch,1:1;no_annotation_transferred,18:102
18:104:4,18:104:4,فِي,فِى,surface_mismatch,1:1;no_annotation_transferred,18:104
18:104:5,18:104:5,الْحَيَاةِ,ٱلْحَيَوٰةِ,surface_mismatch,1:1;no_annotation_transferred,18:104
18:105:4,18:105:4,بِآيَاتِ,بِـَٔايَٰتِ,surface_mismatch,1:1;no_annotation_transferred,18:105
18:106:7,18:106:7,آيَاتِي,ءَايَٰتِى,surface_mismatch,1:1;no_annotation_transferred,18:106
18:106:8,18:106:8,وَرُسُلِي,وَرُسُلِى,surface_mismatch,1:1;no_annotation_transferred,18:106
18:107:3,18:107:3,آمَنُوا,ءَامَنُوا۟,surface_mismatch,1:1;no_annotation_transferred,18:107
18:109:7,18:109:7,رَبِّي,رَبِّى,surface_mismatch,1:1;no_annotation_transferred,18:109
18:109:14,18:109:14,رَبِّي,رَبِّى,surface_mismatch,1:1;no_annotation_transferred,18:109
18:110:7,18:110:7,إِلَيَّ,إِلَىَّ,surface_mismatch,1:1;no_annotation_transferred,18:110
18:110:14,18:110:14,يَرْجُو,يَرْجُوا۟,surface_mismatch,1:1;no_annotation_transferred,18:110
19:4:3,19:4:3,إِنِّي,إِنِّى,surface_mismatch,1:1;no_annotation_transferred,19:4
19:4:6,19:4:6,مِنِّي,مِنِّى,surface_mismatch,1:1;no_annotation_transferred,19:4
19:5:1,19:5:1,وَإِنِّي,وَإِنِّى,surface_mismatch,1:1;no_annotation_transferred,19:5
19:5:3,19:5:3,الْمَوَالِيَ,ٱلْمَوَٰلِىَ,surface_mismatch,1:1;no_annotation_transferred,19:5
19:5:5,19:5:5,وَرَائِي,وَرَآءِى,surface_mismatch,1:1;no_annotation_transferred,19:5
19:5:7,19:5:7,امْرَأَتِي,ٱمْرَأَتِى,surface_mismatch,1:1;no_annotation_transferred,19:5
19:5:10,19:5:10,لِي,لِى,surface_mismatch,1:1;no_annotation_transferred,19:5
19:6:1,19:6:1,يَرِثُنِي,يَرِثُنِى,surface_mismatch,1:1;no_annotation_transferred,19:6
19:6:4,19:6:4,آلِ,ءَالِ,surface_mismatch,1:1;no_annotation_transferred,19:6
19:8:5,19:8:5,لِي,لِى,surface_mismatch,1:1;no_annotation_transferred,19:8
19:8:8,19:8:8,امْرَأَتِي,ٱمْرَأَتِى,surface_mismatch,1:1;no_annotation_transferred,19:8
19:9:6,19:9:6,عَلَيَّ,عَلَىَّ,surface_mismatch,1:1;no_annotation_transferred,19:9
19:9:14,19:9:14,شَيْئًا,شَيْـًٔا,surface_mismatch,1:1;no_annotation_transferred,19:9
19:10:4,19:10:4,لِّي,لِّىٓ,surface_mismatch,1:1;no_annotation_transferred,19:10
19:10:5,19:10:5,آيَةً,ءَايَةً,surface_mismatch,1:1;no_annotation_transferred,19:10
19:10:7,19:10:7,آيَتُكَ,ءَايَتُكَ,surface_mismatch,1:1;no_annotation_transferred,19:10
19:12:5,19:12:6,وَآتَيْنَاهُ,وَءَاتَيْنَٰهُ,surface_mismatch,1:1;no_annotation_transferred,19:12
19:13:4,19:13:4,وَزَكَاةً,وَزَكَوٰةً,surface_mismatch,1:1;no_annotation_transferred,19:13
19:16:2,19:16:2,فِي,فِى,surface_mismatch,1:1;no_annotation_transferred,19:16
19:18:2,19:18:2,إِنِّي,إِنِّىٓ,surface_mismatch,1:1;no_annotation_transferred,19:18
19:20:4,19:20:4,لِي,لِى,surface_mismatch,1:1;no_annotation_transferred,19:20
19:20:7,19:20:7,يَمْسَسْنِي,يَمْسَسْنِى,surface_mismatch,1:1;no_annotation_transferred,19:20
19:21:6,19:21:6,عَلَيَّ,عَلَىَّ,surface_mismatch,1:1;no_annotation_transferred,19:21
19:21:9,19:21:9,آيَةً,ءَايَةً,surface_mismatch,1:1;no_annotation_transferred,19:21
19:23:1,,فَأَجَاءَهَا الْمَخَاضُ إِلَىٰ جِذْعِ النَّخْلَةِ قَالَتْ يَا لَيْتَنِي مِتُّ قَبْلَ هَـٰذَا وَكُنتُ نَسْيًا مَّنسِيًّا,فَأَجَآءَهَا,ambiguous_verse,multiple_optimal_paths,19:23
19:23:2,,فَأَجَاءَهَا الْمَخَاضُ إِلَىٰ جِذْعِ النَّخْلَةِ قَالَتْ يَا لَيْتَنِي مِتُّ قَبْلَ هَـٰذَا وَكُنتُ نَسْيًا مَّنسِيًّا,ٱلْمَخَاضُ,ambiguous_verse,multiple_optimal_paths,19:23
19:23:3,,فَأَجَاءَهَا الْمَخَاضُ إِلَىٰ جِذْعِ النَّخْلَةِ قَالَتْ يَا لَيْتَنِي مِتُّ قَبْلَ هَـٰذَا وَكُنتُ نَسْيًا مَّنسِيًّا,إِلَىٰ,ambiguous_verse,multiple_optimal_paths,19:23
19:23:4,,فَأَجَاءَهَا الْمَخَاضُ إِلَىٰ جِذْعِ النَّخْلَةِ قَالَتْ يَا لَيْتَنِي مِتُّ قَبْلَ هَـٰذَا وَكُنتُ نَسْيًا مَّنسِيًّا,جِذْعِ,ambiguous_verse,multiple_optimal_paths,19:23
19:23:5,,فَأَجَاءَهَا الْمَخَاضُ إِلَىٰ جِذْعِ النَّخْلَةِ قَالَتْ يَا لَيْتَنِي مِتُّ قَبْلَ هَـٰذَا وَكُنتُ نَسْيًا مَّنسِيًّا,ٱلنَّخْلَةِ,ambiguous_verse,multiple_optimal_paths,19:23
19:23:6,,فَأَجَاءَهَا الْمَخَاضُ إِلَىٰ جِذْعِ النَّخْلَةِ قَالَتْ يَا لَيْتَنِي مِتُّ قَبْلَ هَـٰذَا وَكُنتُ نَسْيًا مَّنسِيًّا,قَالَتْ,ambiguous_verse,multiple_optimal_paths,19:23
19:23:7,,فَأَجَاءَهَا الْمَخَاضُ إِلَىٰ جِذْعِ النَّخْلَةِ قَالَتْ يَا لَيْتَنِي مِتُّ قَبْلَ هَـٰذَا وَكُنتُ نَسْيًا مَّنسِيًّا,يَٰلَيْتَنِى,ambiguous_verse,multiple_optimal_paths,19:23
19:23:8,,فَأَجَاءَهَا الْمَخَاضُ إِلَىٰ جِذْعِ النَّخْلَةِ قَالَتْ يَا لَيْتَنِي مِتُّ قَبْلَ هَـٰذَا وَكُنتُ نَسْيًا مَّنسِيًّا,مِتُّ,ambiguous_verse,multiple_optimal_paths,19:23
19:23:9,,فَأَجَاءَهَا الْمَخَاضُ إِلَىٰ جِذْعِ النَّخْلَةِ قَالَتْ يَا لَيْتَنِي مِتُّ قَبْلَ هَـٰذَا وَكُنتُ نَسْيًا مَّنسِيًّا,قَبْلَ,ambiguous_verse,multiple_optimal_paths,19:23
19:23:10,,فَأَجَاءَهَا الْمَخَاضُ إِلَىٰ جِذْعِ النَّخْلَةِ قَالَتْ يَا لَيْتَنِي مِتُّ قَبْلَ هَـٰذَا وَكُنتُ نَسْيًا مَّنسِيًّا,هَٰذَا,ambiguous_verse,multiple_optimal_paths,19:23
19:23:11,,فَأَجَاءَهَا الْمَخَاضُ إِلَىٰ جِذْعِ النَّخْلَةِ قَالَتْ يَا لَيْتَنِي مِتُّ قَبْلَ هَـٰذَا وَكُنتُ نَسْيًا مَّنسِيًّا,وَكُنتُ,ambiguous_verse,multiple_optimal_paths,19:23
19:23:12,,فَأَجَاءَهَا الْمَخَاضُ إِلَىٰ جِذْعِ النَّخْلَةِ قَالَتْ يَا لَيْتَنِي مِتُّ قَبْلَ هَـٰذَا وَكُنتُ نَسْيًا مَّنسِيًّا,نَسْيًا,ambiguous_verse,multiple_optimal_paths,19:23
19:23:13,,فَأَجَاءَهَا الْمَخَاضُ إِلَىٰ جِذْعِ النَّخْلَةِ قَالَتْ يَا لَيْتَنِي مِتُّ قَبْلَ هَـٰذَا وَكُنتُ نَسْيًا مَّنسِيًّا,مَّنسِيًّا,ambiguous_verse,multiple_optimal_paths,19:23
19:24:1,19:24:1,فَنَادَاهَا,فَنَادَىٰهَا,surface_mismatch,1:1;no_annotation_transferred,19:24
19:24:5,19:24:5,تَحْزَنِي,تَحْزَنِى,surface_mismatch,1:1;no_annotation_transferred,19:24
19:25:1,19:25:1,وَهُزِّي,وَهُزِّىٓ,surface_mismatch,1:1;no_annotation_transferred,19:25
19:26:1,19:26:1,فَكُلِي,فَكُلِى,surface_mismatch,1:1;no_annotation_transferred,19:26
19:26:2,19:26:2,وَاشْرَبِي,وَٱشْرَبِى,surface_mismatch,1:1;no_annotation_transferred,19:26
19:26:3,19:26:3,وَقَرِّي,وَقَرِّى,surface_mismatch,1:1;no_annotation_transferred,19:26
19:26:10,19:26:10,فَقُولِي,فَقُولِىٓ,surface_mismatch,1:1;no_annotation_transferred,19:26
19:26:11,19:26:11,إِنِّي,إِنِّى,surface_mismatch,1:1;no_annotation_transferred,19:26
19:27:9,19:27:10,شَيْئًا,شَيْـًٔا,surface_mismatch,1:1;no_annotation_transferred,19:27
19:29:8,19:29:8,فِي,فِى,surface_mismatch,1:1;no_annotation_transferred,19:29
19:30:2,19:30:2,إِنِّي,إِنِّى,surface_mismatch,1:1;no_annotation_transferred,19:30
19:30:5,19:30:5,آتَانِيَ,ءَاتَىٰنِىَ,surface_mismatch,1:1;no_annotation_transferred,19:30
19:30:7,19:30:7,وَجَعَلَنِي,وَجَعَلَنِى,surface_mismatch,1:1;no_annotation_transferred,19:30
19:31:1,19:31:1,وَجَعَلَنِي,وَجَعَلَنِى,surface_mismatch,1:1;no_annotation_transferred,19:31
19:31:6,19:31:6,وَأَوْصَانِي,وَأَوْصَٰنِى,surface_mismatch,1:1;no_annotation_transferred,19:31
19:31:7,19:31:7,بِالصَّلَاةِ,بِٱلصَّلَوٰةِ,surface_mismatch,1:1;no_annotation_transferred,19:31
19:31:8,19:31:8,وَالزَّكَاةِ,وَٱلزَّكَوٰةِ,surface_mismatch,1:1;no_annotation_transferred,19:31
19:32:2,19:32:2,بِوَالِدَتِي,بِوَٰلِدَتِى,surface_mismatch,1:1;no_annotation_transferred,19:32
19:32:4,19:32:4,يَجْعَلْنِي,يَجْعَلْنِى,surface_mismatch,1:1;no_annotation_transferred,19:32
19:33:2,19:33:2,عَلَيَّ,عَلَىَّ,surface_mismatch,1:1;no_annotation_transferred,19:33
19:34:7,19:34:7,الَّذِي,ٱلَّذِى,surface_mismatch,1:1;no_annotation_transferred,19:34
19:36:3,19:36:3,رَبِّي,رَبِّى,surface_mismatch,1:1;no_annotation_transferred,19:36
19:38:9,19:38:9,فِي,فِى,surface_mismatch,1:1;no_annotation_transferred,19:38
19:39:5,19:39:5,قُضِيَ,قُضِىَ,surface_mismatch,1:1;no_annotation_transferred,19:39
19:39:8,19:39:8,فِي,فِى,surface_mismatch,1:1;no_annotation_transferred,19:39
19:41:2,19:41:2,فِي,فِى,surface_mismatch,1:1;no_annotation_transferred,19:41
19:42:13,19:42:14,يُغْنِي,يُغْنِى,surface_mismatch,1:1;no_annotation_transferred,19:42
19:42:15,19:42:16,شَيْئًا,شَيْـًٔا,surface_mismatch,1:1;no_annotation_transferred,19:42
19:43:2,19:43:3,إِنِّي,إِنِّى,surface_mismatch,1:1;no_annotation_transferred,19:43
19:43:4,19:43:5,جَاءَنِي,جَآءَنِى,surface_mismatch,1:1;no_annotation_transferred,19:43
19:43:10,19:43:11,فَاتَّبِعْنِي,فَٱتَّبِعْنِىٓ,surface_mismatch,1:1;no_annotation_transferred,19:43
19:45:2,19:45:3,إِنِّي,إِنِّىٓ,surface_mismatch,1:1;no_annotation_transferred,19:45
19:46:5,19:46:5,آلِهَتِي,ءَالِهَتِى,surface_mismatch,1:1;no_annotation_transferred,19:46
19:46:11,19:46:12,وَاهْجُرْنِي,وَٱهْجُرْنِى,surface_mismatch,1:1;no_annotation_transferred,19:46
19:47:6,19:47:6,رَبِّي,رَبِّىٓ,surface_mismatch,1:1;no_annotation_transferred,19:47
19:47:9,19:47:9,بِي,بِى,surface_mismatch,1:1;no_annotation_transferred,19:47
19:48:7,19:48:7,وَأَدْعُو,وَأَدْعُوا۟,surface_mismatch,1:1;no_annotation_transferred,19:48
19:48:8,19:48:8,رَبِّي,رَبِّى,surface_mismatch,1:1;no_annotation_transferred,19:48
19:48:13,19:48:13,رَبِّي,رَبِّى,surface_mismatch,1:1;no_annotation_transferred,19:48
19:51:2,19:51:2,فِي,فِى,surface_mismatch,1:1;no_annotation_transferred,19:51
19:54:2,19:54:2,فِي,فِى,surface_mismatch,1:1;no_annotation_transferred,19:54
19:55:4,19:55:4,بِالصَّلَاةِ,بِٱلصَّلَوٰةِ,surface_mismatch,1:1;no_annotation_transferred,19:55
19:55:5,19:55:5,وَالزَّكَاةِ,وَٱلزَّكَوٰةِ,surface_mismatch,1:1;no_annotation_transferred,19:55
19:56:2,19:56:2,فِي,فِى,surface_mismatch,1:1;no_annotation_transferred,19:56
19:58:7,19:58:7,النَّبِيِّينَ,ٱلنَّبِيِّۦنَ,surface_mismatch,1:1;no_annotation_transferred,19:58
19:58:10,19:58:10,آدَمَ,ءَادَمَ,surface_mismatch,1:1;no_annotation_transferred,19:58
19:58:18,19:58:18,وَإِسْرَائِيلَ,وَإِسْرَٰٓءِيلَ,surface_mismatch,1:1;no_annotation_transferred,19:58
19:58:25,19:58:25,آيَاتُ,ءَايَٰتُ,surface_mismatch,1:1;no_annotation_transferred,19:58
19:59:6,19:59:6,الصَّلَاةَ,ٱلصَّلَوٰةَ,surface_mismatch,1:1;no_annotation_transferred,19:59
19:60:4,19:60:4,وَآمَنَ,وَءَامَنَ,surface_mismatch,1:1;no_annotation_transferred,19:60
19:60:12,19:60:12,شَيْئًا,شَيْـًٔا,surface_mismatch,1:1;no_annotation_transferred,19:60
19:61:3,19:61:3,الَّتِي,ٱلَّتِى,surface_mismatch,1:1;no_annotation_transferred,19:61
19:63:3,19:63:3,الَّتِي,ٱلَّتِى,surface_mismatch,1:1;no_annotation_transferred,19:63
19:66:3,19:66:3,أَإِذَا,أَءِذَا,surface_mismatch,1:1;no_annotation_transferred,19:66
19:67:10,19:67:10,شَيْئًا,شَيْـًٔا,surface_mismatch,1:1;no_annotation_transferred,19:67
19:72:2,19:72:2,نُنَجِّي,نُنَجِّى,surface_mismatch,1:1;no_annotation_transferred,19:72
19:73:4,19:73:4,آيَاتُنَا,ءَايَٰتُنَا,surface_mismatch,1:1;no_annotation_transferred,19:73
19:73:10,19:73:10,آمَنُوا,ءَامَنُوٓا۟,surface_mismatch,1:1;no_annotation_transferred,19:73
19:73:11,19:73:11,أَيُّ,أَىُّ,surface_mismatch,1:1;no_annotation_transferred,19:73
19:74:9,19:74:9,وَرِئْيًا,وَرِءْيًا,surface_mismatch,1:1;no_annotation_transferred,19:74
19:75:4,19:75:4,فِي,فِى,surface_mismatch,1:1;no_annotation_transferred,19:75
19:77:1,19:77:1,أَفَرَأَيْتَ,أَفَرَءَيْتَ,surface_mismatch,1:1;no_annotation_transferred,19:77
19:77:2,19:77:2,الَّذِي,ٱلَّذِى,surface_mismatch,1:1;no_annotation_transferred,19:77
19:77:4,19:77:4,بِآيَاتِنَا,بِـَٔايَٰتِنَا,surface_mismatch,1:1;no_annotation_transferred,19:77
19:81:5,19:81:5,آلِهَةً,ءَالِهَةً,surface_mismatch,1:1;no_annotation_transferred,19:81
19:89:3,19:89:3,شَيْئًا,شَيْـًٔا,surface_mismatch,1:1;no_annotation_transferred,19:89
19:92:2,19:92:2,يَنبَغِي,يَنۢبَغِى,surface_mismatch,1:1;no_annotation_transferred,19:92
19:93:4,19:93:4,فِي,فِى,surface_mismatch,1:1;no_annotation_transferred,19:93
19:93:8,19:93:8,آتِي,ءَاتِى,surface_mismatch,1:1;no_annotation_transferred,19:93
19:94:2,19:94:2,أَحْصَاهُمْ,أَحْصَىٰهُمْ,surface_mismatch,1:1;no_annotation_transferred,19:94
19:95:2,19:95:2,آتِيهِ,ءَاتِيهِ,surface_mismatch,1:1;no_annotation_transferred,19:95
19:96:3,19:96:3,آمَنُوا,ءَامَنُوا۟,surface_mismatch,1:1;no_annotation_transferred,19:96
20:2:4,20:2:4,الْقُرْآنَ,ٱلْقُرْءَانَ,surface_mismatch,1:1;no_annotation_transferred,20:2
20:6:3,20:6:3,فِي,فِى,surface_mismatch,1:1;no_annotation_transferred,20:6
20:6:6,20:6:6,فِي,فِى,surface_mismatch,1:1;no_annotation_transferred,20:6
20:9:2,20:9:2,أَتَاكَ,أَتَىٰكَ,surface_mismatch,1:1;no_annotation_transferred,20:9
20:10:2,20:10:2,رَأَىٰ,رَءَا,surface_mismatch,1:1;no_annotation_transferred,20:10
20:10:7,20:10:7,إِنِّي,إِنِّىٓ,surface_mismatch,1:1;no_annotation_transferred,20:10
20:10:8,20:10:8,آنَسْتُ,ءَانَسْتُ,surface_mismatch,1:1;no_annotation_transferred,20:10
20:10:10,20:10:10,لَّعَلِّي,لَّعَلِّىٓ,surface_mismatch,1:1;no_annotation_transferred,20:10
20:10:11,20:10:11,آتِيكُم,ءَاتِيكُم,surface_mismatch,1:1;no_annotation_transferred,20:10
20:11:2,20:11:2,أَتَاهَا,أَتَىٰهَا,surface_mismatch,1:1;no_annotation_transferred,20:11
20:11:3,20:11:3,نُودِيَ,نُودِىَ,surface_mismatch,1:1;no_annotation_transferred,20:11
20:12:1,20:12:1,إِنِّي,إِنِّىٓ,surface_mismatch,1:1;no_annotation_transferred,20:12
20:14:1,20:14:1,إِنَّنِي,إِنَّنِىٓ,surface_mismatch,1:1;no_annotation_transferred,20:14
20:14:8,20:14:8,فَاعْبُدْنِي,فَٱعْبُدْنِى,surface_mismatch,1:1;no_annotation_transferred,20:14
20:14:10,20:14:10,الصَّلَاةَ,ٱلصَّلَوٰةَ,surface_mismatch,1:1;no_annotation_transferred,20:14
20:14:11,20:14:11,لِذِكْرِي,لِذِكْرِىٓ,surface_mismatch,1:1;no_annotation_transferred,20:14
20:15:3,20:15:3,آتِيَةٌ,ءَاتِيَةٌ,surface_mismatch,1:1;no_annotation_transferred,20:15
20:16:9,20:16:9,هَوَاهُ,هَوَىٰهُ,surface_mismatch,1:1;no_annotation_transferred,20:16
20:18:2,20:18:2,هِيَ,هِىَ,surface_mismatch,1:1;no_annotation_transferred,20:18
20:18:3,20:18:3,عَصَايَ,عَصَاىَ,surface_mismatch,1:1;no_annotation_transferred,20:18
20:18:4,20:18:4,أَتَوَكَّأُ,أَتَوَكَّؤُا۟,surface_mismatch,1:1;no_annotation_transferred,20:18
20:18:9,20:18:9,غَنَمِي,غَنَمِى,surface_mismatch,1:1;no_annotation_transferred,20:18
20:18:10,20:18:10,وَلِيَ,وَلِىَ,surface_mismatch,1:1;no_annotation_transferred,20:18
20:18:12,20:18:12,مَآرِبُ,مَـَٔارِبُ,surface_mismatch,1:1;no_annotation_transferred,20:18
20:20:1,20:20:1,فَأَلْقَاهَا,فَأَلْقَىٰهَا,surface_mismatch,1:1;no_annotation_transferred,20:20
20:20:3,20:20:3,هِيَ,هِىَ,surface_mismatch,1:1;no_annotation_transferred,20:20
20:22:10,20:22:10,آيَةً,ءَايَةً,surface_mismatch,1:1;no_annotation_transferred,20:22
20:23:3,20:23:3,آيَاتِنَا,ءَايَٰتِنَا,surface_mismatch,1:1;no_annotation_transferred,20:23
20:25:4,20:25:4,لِي,لِى,surface_mismatch,1:1;no_annotation_transferred,20:25
20:25:5,20:25:5,صَدْرِي,صَدْرِى,surface_mismatch,1:1;no_annotation_transferred,20:25
20:26:2,20:26:2,لِي,لِىٓ,surface_mismatch,1:1;no_annotation_transferred,20:26
20:26:3,20:26:3,أَمْرِي,أَمْرِى,surface_mismatch,1:1;no_annotation_transferred,20:26
20:27:4,20:27:4,لِّسَانِي,لِّسَانِى,surface_mismatch,1:1;no_annotation_transferred,20:27
20:28:2,20:28:2,قَوْلِي,قَوْلِى,surface_mismatch,1:1;no_annotation_transferred,20:28
20:29:2,20:29:2,لِّي,لِّى,surface_mismatch,1:1;no_annotation_transferred,20:29
20:29:5,20:29:5,أَهْلِي,أَهْلِى,surface_mismatch,1:1;no_annotation_transferred,20:29
20:30:2,20:30:2,أَخِي,أَخِى,surface_mismatch,1:1;no_annotation_transferred,20:30
20:31:3,20:31:3,أَزْرِي,أَزْرِى,surface_mismatch,1:1;no_annotation_transferred,20:31
20:32:2,20:32:2,فِي,فِىٓ,surface_mismatch,1:1;no_annotation_transferred,20:32
20:32:3,20:32:3,أَمْرِي,أَمْرِى,surface_mismatch,1:1;no_annotation_transferred,20:32
20:33:1,20:33:1,كَيْ,كَىْ,surface_mismatch,1:1;no_annotation_transferred,20:33
20:39:3,20:39:3,فِي,فِى,surface_mismatch,1:1;no_annotation_transferred,20:39
20:39:6,20:39:6,فِي,فِى,surface_mismatch,1:1;no_annotation_transferred,20:39
20:39:13,20:39:13,لِّي,لِّى,surface_mismatch,1:1;no_annotation_transferred,20:39
20:39:19,20:39:19,مِّنِّي,مِّنِّى,surface_mismatch,1:1;no_annotation_transferred,20:39
20:39:22,20:39:22,عَيْنِي,عَيْنِىٓ,surface_mismatch,1:1;no_annotation_transferred,20:39
20:40:2,20:40:2,تَمْشِي,تَمْشِىٓ,surface_mismatch,1:1;no_annotation_transferred,20:40
20:40:13,20:40:13,كَيْ,كَىْ,surface_mismatch,1:1;no_annotation_transferred,20:40
20:40:27,20:40:27,فِي,فِىٓ,surface_mismatch,1:1;no_annotation_transferred,20:40
20:41:2,20:41:2,لِنَفْسِي,لِنَفْسِى,surface_mismatch,1:1;no_annotation_transferred,20:41
20:42:4,20:42:4,بِآيَاتِي,بِـَٔايَٰتِى,surface_mismatch,1:1;no_annotation_transferred,20:42
20:42:7,20:42:7,فِي,فِى,surface_mismatch,1:1;no_annotation_transferred,20:42
20:42:8,20:42:8,ذِكْرِي,ذِكْرِى,surface_mismatch,1:1;no_annotation_transferred,20:42
20:46:4,20:46:4,إِنَّنِي,إِنَّنِى,surface_mismatch,1:1;no_annotation_transferred,20:46
20:47:8,20:47:8,بَنِي,بَنِىٓ,surface_mismatch,1:1;no_annotation_transferred,20:47
20:47:9,20:47:9,إِسْرَائِيلَ,إِسْرَٰٓءِيلَ,surface_mismatch,1:1;no_annotation_transferred,20:47
20:47:14,20:47:14,بِآيَةٍ,بِـَٔايَةٍ,surface_mismatch,1:1;no_annotation_transferred,20:47
20:48:3,20:48:3,أُوحِيَ,أُوحِىَ,surface_mismatch,1:1;no_annotation_transferred,20:48
20:50:3,20:50:3,الَّذِي,ٱلَّذِىٓ,surface_mismatch,1:1;no_annotation_transferred,20:50
20:50:6,20:50:6,شَيْءٍ,شَىْءٍ,surface_mismatch,1:1;no_annotation_transferred,20:50
20:52:4,20:52:4,رَبِّي,رَبِّى,surface_mismatch,1:1;no_annotation_transferred,20:52
20:52:5,20:52:5,فِي,فِى,surface_mismatch,1:1;no_annotation_transferred,20:52
20:52:9,20:52:9,رَبِّي,رَبِّى,surface_mismatch,1:1;no_annotation_transferred,20:52
20:53:1,20:53:1,الَّذِي,ٱلَّذِى,surface_mismatch,1:1;no_annotation_transferred,20:53
20:54:5,20:54:5,فِي,فِى,surface_mismatch,1:1;no_annotation_transferred,20:54
20:54:7,20:54:7,لَآيَاتٍ,لَءَايَٰتٍ,surface_mismatch,1:1;no_annotation_transferred,20:54
20:54:8,20:54:8,لِّأُولِي,لِّأُو۟لِى,surface_mismatch,1:1;no_annotation_transferred,20:54
20:56:3,20:56:3,آيَاتِنَا,ءَايَٰتِنَا,surface_mismatch,1:1;no_annotation_transferred,20:56
20:65:5,20:65:6,تُلْقِيَ,تُلْقِىَ,surface_mismatch,1:1;no_annotation_transferred,20:65
20:67:2,20:67:2,فِي,فِى,surface_mismatch,1:1;no_annotation_transferred,20:67
20:69:3,20:69:3,فِي,فِى,surface_mismatch,1:1;no_annotation_transferred,20:69
20:70:1,20:70:1,فَأُلْقِيَ,فَأُلْقِىَ,surface_mismatch,1:1;no_annotation_transferred,20:70
20:70:5,20:70:5,آمَنَّا,ءَامَنَّا,surface_mismatch,1:1;no_annotation_transferred,20:70
20:71:2,20:71:2,آمَنتُمْ,ءَامَنتُمْ,surface_mismatch,1:1;no_annotation_transferred,20:71
20:71:6,20:71:6,آذَنَ,ءَاذَنَ,surface_mismatch,1:1;no_annotation_transferred,20:71
20:71:10,20:71:10,الَّذِي,ٱلَّذِى,surface_mismatch,1:1;no_annotation_transferred,20:71
20:71:19,20:71:19,فِي,فِى,surface_mismatch,1:1;no_annotation_transferred,20:71
20:72:9,20:72:9,وَالَّذِي,وَٱلَّذِى,surface_mismatch,1:1;no_annotation_transferred,20:72
20:72:16,20:72:16,تَقْضِي,تَقْضِى,surface_mismatch,1:1;no_annotation_transferred,20:72
20:72:18,20:72:18,الْحَيَاةَ,ٱلْحَيَوٰةَ,surface_mismatch,1:1;no_annotation_transferred,20:72
20:73:2,20:73:2,آمَنَّا,ءَامَنَّا,surface_mismatch,1:1;no_annotation_transferred,20:73
20:76:3,20:76:3,تَجْرِي,تَجْرِى,surface_mismatch,1:1;no_annotation_transferred,20:76
20:77:7,20:77:7,بِعِبَادِي,بِعِبَادِى,surface_mismatch,1:1;no_annotation_transferred,20:77
20:77:11,20:77:11,فِي,فِى,surface_mismatch,1:1;no_annotation_transferred,20:77
20:80:1,,يَا بَنِي إِسْرَائِيلَ قَدْ أَنجَيْنَاكُم مِّنْ عَدُوِّكُمْ وَوَاعَدْنَاكُمْ جَانِبَ الطُّورِ الْأَيْمَنَ وَنَزَّلْنَا عَلَيْكُمُ الْمَنَّ وَالسَّلْوَىٰ,يَٰبَنِىٓ,ambiguous_verse,multiple_optimal_paths,20:80
20:80:2,,يَا بَنِي إِسْرَائِيلَ قَدْ أَنجَيْنَاكُم مِّنْ عَدُوِّكُمْ وَوَاعَدْنَاكُمْ جَانِبَ الطُّورِ الْأَيْمَنَ وَنَزَّلْنَا عَلَيْكُمُ الْمَنَّ وَالسَّلْوَىٰ,إِسْرَٰٓءِيلَ,ambiguous_verse,multiple_optimal_paths,20:80
20:80:3,,يَا بَنِي إِسْرَائِيلَ قَدْ أَنجَيْنَاكُم مِّنْ عَدُوِّكُمْ وَوَاعَدْنَاكُمْ جَانِبَ الطُّورِ الْأَيْمَنَ وَنَزَّلْنَا عَلَيْكُمُ الْمَنَّ وَالسَّلْوَىٰ,قَدْ,ambiguous_verse,multiple_optimal_paths,20:80
20:80:4,,يَا بَنِي إِسْرَائِيلَ قَدْ أَنجَيْنَاكُم مِّنْ عَدُوِّكُمْ وَوَاعَدْنَاكُمْ جَانِبَ الطُّورِ الْأَيْمَنَ وَنَزَّلْنَا عَلَيْكُمُ الْمَنَّ وَالسَّلْوَىٰ,أَنجَيْنَٰكُم,ambiguous_verse,multiple_optimal_paths,20:80
20:80:5,,يَا بَنِي إِسْرَائِيلَ قَدْ أَنجَيْنَاكُم مِّنْ عَدُوِّكُمْ وَوَاعَدْنَاكُمْ جَانِبَ الطُّورِ الْأَيْمَنَ وَنَزَّلْنَا عَلَيْكُمُ الْمَنَّ وَالسَّلْوَىٰ,مِّنْ,ambiguous_verse,multiple_optimal_paths,20:80
20:80:6,,يَا بَنِي إِسْرَائِيلَ قَدْ أَنجَيْنَاكُم مِّنْ عَدُوِّكُمْ وَوَاعَدْنَاكُمْ جَانِبَ الطُّورِ الْأَيْمَنَ وَنَزَّلْنَا عَلَيْكُمُ الْمَنَّ وَالسَّلْوَىٰ,عَدُوِّكُمْ,ambiguous_verse,multiple_optimal_paths,20:80
20:80:7,,يَا بَنِي إِسْرَائِيلَ قَدْ أَنجَيْنَاكُم مِّنْ عَدُوِّكُمْ وَوَاعَدْنَاكُمْ جَانِبَ الطُّورِ الْأَيْمَنَ وَنَزَّلْنَا عَلَيْكُمُ الْمَنَّ وَالسَّلْوَىٰ,وَوَٰعَدْنَٰكُمْ,ambiguous_verse,multiple_optimal_paths,20:80
20:80:8,,يَا بَنِي إِسْرَائِيلَ قَدْ أَنجَيْنَاكُم مِّنْ عَدُوِّكُمْ وَوَاعَدْنَاكُمْ جَانِبَ الطُّورِ الْأَيْمَنَ وَنَزَّلْنَا عَلَيْكُمُ الْمَنَّ وَالسَّلْوَىٰ,جَانِبَ,ambiguous_verse,multiple_optimal_paths,20:80
20:80:9,,يَا بَنِي إِسْرَائِيلَ قَدْ أَنجَيْنَاكُم مِّنْ عَدُوِّكُمْ وَوَاعَدْنَاكُمْ جَانِبَ الطُّورِ الْأَيْمَنَ وَنَزَّلْنَا عَلَيْكُمُ الْمَنَّ وَالسَّلْوَىٰ,ٱلطُّورِ,ambiguous_verse,multiple_optimal_paths,20:80
20:80:10,,يَا بَنِي إِسْرَائِيلَ قَدْ أَنجَيْنَاكُم مِّنْ عَدُوِّكُمْ وَوَاعَدْنَاكُمْ جَانِبَ الطُّورِ الْأَيْمَنَ وَنَزَّلْنَا عَلَيْكُمُ الْمَنَّ وَالسَّلْوَىٰ,ٱلْأَيْمَنَ,ambiguous_verse,multiple_optimal_paths,20:80
20:80:11,,يَا بَنِي إِسْرَائِيلَ قَدْ أَنجَيْنَاكُم مِّنْ عَدُوِّكُمْ وَوَاعَدْنَاكُمْ جَانِبَ الطُّورِ الْأَيْمَنَ وَنَزَّلْنَا عَلَيْكُمُ الْمَنَّ وَالسَّلْوَىٰ,وَنَزَّلْنَا,ambiguous_verse,multiple_optimal_paths,20:80
20:80:12,,يَا بَنِي إِسْرَائِيلَ قَدْ أَنجَيْنَاكُم مِّنْ عَدُوِّكُمْ وَوَاعَدْنَاكُمْ جَانِبَ الطُّورِ الْأَيْمَنَ وَنَزَّلْنَا عَلَيْكُمُ الْمَنَّ وَالسَّلْوَىٰ,عَلَيْكُمُ,ambiguous_verse,multiple_optimal_paths,20:80
20:80:13,,يَا بَنِي إِسْرَائِيلَ قَدْ أَنجَيْنَاكُم مِّنْ عَدُوِّكُمْ وَوَاعَدْنَاكُمْ جَانِبَ الطُّورِ الْأَيْمَنَ وَنَزَّلْنَا عَلَيْكُمُ الْمَنَّ وَالسَّلْوَىٰ,ٱلْمَنَّ,ambiguous_verse,multiple_optimal_paths,20:80
20:80:14,,يَا بَنِي إِسْرَائِيلَ قَدْ أَنجَيْنَاكُم مِّنْ عَدُوِّكُمْ وَوَاعَدْنَاكُمْ جَانِبَ الطُّورِ الْأَيْمَنَ وَنَزَّلْنَا عَلَيْكُمُ الْمَنَّ وَالسَّلْوَىٰ,وَٱلسَّلْوَىٰ,ambiguous_verse,multiple_optimal_paths,20:80
20:81:11,20:81:11,غَضَبِي,غَضَبِى,surface_mismatch,1:1;no_annotation_transferred,20:81
20:81:15,20:81:15,غَضَبِي,غَضَبِى,surface_mismatch,1:1;no_annotation_transferred,20:81
20:82:1,20:82:1,وَإِنِّي,وَإِنِّى,surface_mismatch,1:1;no_annotation_transferred,20:82
20:82:5,20:82:5,وَآمَنَ,وَءَامَنَ,surface_mismatch,1:1;no_annotation_transferred,20:82
20:84:5,20:84:5,أَثَرِي,أَثَرِى,surface_mismatch,1:1;no_annotation_transferred,20:84
20:85:9,20:85:9,السَّامِرِيُّ,ٱلسَّامِرِىُّ,surface_mismatch,1:1;no_annotation_transferred,20:85
20:86:26,20:86:27,مَّوْعِدِي,مَّوْعِدِى,surface_mismatch,1:1;no_annotation_transferred,20:86
20:87:15,20:87:15,السَّامِرِيُّ,ٱلسَّامِرِىُّ,surface_mismatch,1:1;no_annotation_transferred,20:87
20:88:12,20:88:12,فَنَسِيَ,فَنَسِىَ,surface_mismatch,1:1;no_annotation_transferred,20:88
20:90:14,20:90:15,فَاتَّبِعُونِي,فَٱتَّبِعُونِى,surface_mismatch,1:1;no_annotation_transferred,20:90
20:90:16,20:90:17,أَمْرِي,أَمْرِى,surface_mismatch,1:1;no_annotation_transferred,20:90
20:93:4,20:93:4,أَمْرِي,أَمْرِى,surface_mismatch,1:1;no_annotation_transferred,20:93
20:94:1,,قَالَ يَا ابْنَ أُمَّ لَا تَأْخُذْ بِلِحْيَتِي وَلَا بِرَأْسِي إِنِّي خَشِيتُ أَن تَقُولَ فَرَّقْتَ بَيْنَ بَنِي إِسْرَائِيلَ وَلَمْ تَرْقُبْ قَوْلِي,قَالَ,ambiguous_verse,multiple_optimal_paths,20:94
20:94:2,,قَالَ يَا ابْنَ أُمَّ لَا تَأْخُذْ بِلِحْيَتِي وَلَا بِرَأْسِي إِنِّي خَشِيتُ أَن تَقُولَ فَرَّقْتَ بَيْنَ بَنِي إِسْرَائِيلَ وَلَمْ تَرْقُبْ قَوْلِي,يَبْنَؤُمَّ,ambiguous_verse,multiple_optimal_paths,20:94
20:94:3,,قَالَ يَا ابْنَ أُمَّ لَا تَأْخُذْ بِلِحْيَتِي وَلَا بِرَأْسِي إِنِّي خَشِيتُ أَن تَقُولَ فَرَّقْتَ بَيْنَ بَنِي إِسْرَائِيلَ وَلَمْ تَرْقُبْ قَوْلِي,لَا,ambiguous_verse,multiple_optimal_paths,20:94
20:94:4,,قَالَ يَا ابْنَ أُمَّ لَا تَأْخُذْ بِلِحْيَتِي وَلَا بِرَأْسِي إِنِّي خَشِيتُ أَن تَقُولَ فَرَّقْتَ بَيْنَ بَنِي إِسْرَائِيلَ وَلَمْ تَرْقُبْ قَوْلِي,تَأْخُذْ,ambiguous_verse,multiple_optimal_paths,20:94
20:94:5,,قَالَ يَا ابْنَ أُمَّ لَا تَأْخُذْ بِلِحْيَتِي وَلَا بِرَأْسِي إِنِّي خَشِيتُ أَن تَقُولَ فَرَّقْتَ بَيْنَ بَنِي إِسْرَائِيلَ وَلَمْ تَرْقُبْ قَوْلِي,بِلِحْيَتِى,ambiguous_verse,multiple_optimal_paths,20:94
20:94:6,,قَالَ يَا ابْنَ أُمَّ لَا تَأْخُذْ بِلِحْيَتِي وَلَا بِرَأْسِي إِنِّي خَشِيتُ أَن تَقُولَ فَرَّقْتَ بَيْنَ بَنِي إِسْرَائِيلَ وَلَمْ تَرْقُبْ قَوْلِي,وَلَا,ambiguous_verse,multiple_optimal_paths,20:94
20:94:7,,قَالَ يَا ابْنَ أُمَّ لَا تَأْخُذْ بِلِحْيَتِي وَلَا بِرَأْسِي إِنِّي خَشِيتُ أَن تَقُولَ فَرَّقْتَ بَيْنَ بَنِي إِسْرَائِيلَ وَلَمْ تَرْقُبْ قَوْلِي,بِرَأْسِىٓ,ambiguous_verse,multiple_optimal_paths,20:94
20:94:8,,قَالَ يَا ابْنَ أُمَّ لَا تَأْخُذْ بِلِحْيَتِي وَلَا بِرَأْسِي إِنِّي خَشِيتُ أَن تَقُولَ فَرَّقْتَ بَيْنَ بَنِي إِسْرَائِيلَ وَلَمْ تَرْقُبْ قَوْلِي,إِنِّى,ambiguous_verse,multiple_optimal_paths,20:94
20:94:9,,قَالَ يَا ابْنَ أُمَّ لَا تَأْخُذْ بِلِحْيَتِي وَلَا بِرَأْسِي إِنِّي خَشِيتُ أَن تَقُولَ فَرَّقْتَ بَيْنَ بَنِي إِسْرَائِيلَ وَلَمْ تَرْقُبْ قَوْلِي,خَشِيتُ,ambiguous_verse,multiple_optimal_paths,20:94
20:94:10,,قَالَ يَا ابْنَ أُمَّ لَا تَأْخُذْ بِلِحْيَتِي وَلَا بِرَأْسِي إِنِّي خَشِيتُ أَن تَقُولَ فَرَّقْتَ بَيْنَ بَنِي إِسْرَائِيلَ وَلَمْ تَرْقُبْ قَوْلِي,أَن,ambiguous_verse,multiple_optimal_paths,20:94
20:94:11,,قَالَ يَا ابْنَ أُمَّ لَا تَأْخُذْ بِلِحْيَتِي وَلَا بِرَأْسِي إِنِّي خَشِيتُ أَن تَقُولَ فَرَّقْتَ بَيْنَ بَنِي إِسْرَائِيلَ وَلَمْ تَرْقُبْ قَوْلِي,تَقُولَ,ambiguous_verse,multiple_optimal_paths,20:94
20:94:12,,قَالَ يَا ابْنَ أُمَّ لَا تَأْخُذْ بِلِحْيَتِي وَلَا بِرَأْسِي إِنِّي خَشِيتُ أَن تَقُولَ فَرَّقْتَ بَيْنَ بَنِي إِسْرَائِيلَ وَلَمْ تَرْقُبْ قَوْلِي,فَرَّقْتَ,ambiguous_verse,multiple_optimal_paths,20:94
20:94:13,,قَالَ يَا ابْنَ أُمَّ لَا تَأْخُذْ بِلِحْيَتِي وَلَا بِرَأْسِي إِنِّي خَشِيتُ أَن تَقُولَ فَرَّقْتَ بَيْنَ بَنِي إِسْرَائِيلَ وَلَمْ تَرْقُبْ قَوْلِي,بَيْنَ,ambiguous_verse,multiple_optimal_paths,20:94
20:94:14,,قَالَ يَا ابْنَ أُمَّ لَا تَأْخُذْ بِلِحْيَتِي وَلَا بِرَأْسِي إِنِّي خَشِيتُ أَن تَقُولَ فَرَّقْتَ بَيْنَ بَنِي إِسْرَائِيلَ وَلَمْ تَرْقُبْ قَوْلِي,بَنِىٓ,ambiguous_verse,multiple_optimal_paths,20:94
20:94:15,,قَالَ يَا ابْنَ أُمَّ لَا تَأْخُذْ بِلِحْيَتِي وَلَا بِرَأْسِي إِنِّي خَشِيتُ أَن تَقُولَ فَرَّقْتَ بَيْنَ بَنِي إِسْرَائِيلَ وَلَمْ تَرْقُبْ قَوْلِي,إِسْرَٰٓءِيلَ,ambiguous_verse,multiple_optimal_paths,20:94
20:94:16,,قَالَ يَا ابْنَ أُمَّ لَا تَأْخُذْ بِلِحْيَتِي وَلَا بِرَأْسِي إِنِّي خَشِيتُ أَن تَقُولَ فَرَّقْتَ بَيْنَ بَنِي إِسْرَائِيلَ وَلَمْ تَرْقُبْ قَوْلِي,وَلَمْ,ambiguous_verse,multiple_optimal_paths,20:94
20:94:17,,قَالَ يَا ابْنَ أُمَّ لَا تَأْخُذْ بِلِحْيَتِي وَلَا بِرَأْسِي إِنِّي خَشِيتُ أَن تَقُولَ فَرَّقْتَ بَيْنَ بَنِي إِسْرَائِيلَ وَلَمْ تَرْقُبْ قَوْلِي,تَرْقُبْ,ambiguous_verse,multiple_optimal_paths,20:94
20:94:18,,قَالَ يَا ابْنَ أُمَّ لَا تَأْخُذْ بِلِحْيَتِي وَلَا بِرَأْسِي إِنِّي خَشِيتُ أَن تَقُولَ فَرَّقْتَ بَيْنَ بَنِي إِسْرَائِيلَ وَلَمْ تَرْقُبْ قَوْلِي,قَوْلِى,ambiguous_verse,multiple_optimal_paths,20:94
20:95:1,,قَالَ فَمَا خَطْبُكَ يَا سَامِرِيُّ,قَالَ,ambiguous_verse,multiple_optimal_paths,20:95
20:95:2,,قَالَ فَمَا خَطْبُكَ يَا سَامِرِيُّ,فَمَا,ambiguous_verse,multiple_optimal_paths,20:95
20:95:3,,قَالَ فَمَا خَطْبُكَ يَا سَامِرِيُّ,خَطْبُكَ,ambiguous_verse,multiple_optimal_paths,20:95
20:95:4,,قَالَ فَمَا خَطْبُكَ يَا سَامِرِيُّ,يَٰسَٰمِرِىُّ,ambiguous_verse,multiple_optimal_paths,20:95
20:96:15,20:96:15,لِي,لِى,surface_mismatch,1:1;no_annotation_transferred,20:96
20:96:16,20:96:16,نَفْسِي,نَفْسِى,surface_mismatch,1:1;no_annotation_transferred,20:96
20:97:5,20:97:5,فِي,فِى,surface_mismatch,1:1;no_annotation_transferred,20:97
20:97:6,20:97:6,الْحَيَاةِ,ٱلْحَيَوٰةِ,surface_mismatch,1:1;no_annotation_transferred,20:97
20:97:19,20:97:19,الَّذِي,ٱلَّذِى,surface_mismatch,1:1;no_annotation_transferred,20:97
20:97:26,20:97:26,فِي,فِى,surface_mismatch,1:1;no_annotation_transferred,20:97
20:98:4,20:98:4,الَّذِي,ٱلَّذِى,surface_mismatch,1:1;no_annotation_transferred,20:98
20:98:11,20:98:11,شَيْءٍ,شَىْءٍ,surface_mismatch,1:1;no_annotation_transferred,20:98
20:99:10,20:99:10,آتَيْنَاكَ,ءَاتَيْنَٰكَ,surface_mismatch,1:1;no_annotation_transferred,20:99
20:102:3,20:102:3,فِي,فِى,surface_mismatch,1:1;no_annotation_transferred,20:102
20:105:1,20:105:1,وَيَسْأَلُونَكَ,وَيَسْـَٔلُونَكَ,surface_mismatch,1:1;no_annotation_transferred,20:105
20:105:6,20:105:6,رَبِّي,رَبِّى,surface_mismatch,1:1;no_annotation_transferred,20:105
20:108:3,20:108:3,الدَّاعِيَ,ٱلدَّاعِىَ,surface_mismatch,1:1;no_annotation_transferred,20:108
20:109:10,20:109:10,وَرَضِيَ,وَرَضِىَ,surface_mismatch,1:1;no_annotation_transferred,20:109
20:111:3,20:111:3,لِلْحَيِّ,لِلْحَىِّ,surface_mismatch,1:1;no_annotation_transferred,20:111
20:113:3,20:113:3,قُرْآنًا,قُرْءَانًا,surface_mismatch,1:1;no_annotation_transferred,20:113
20:114:7,20:114:7,بِالْقُرْآنِ,بِٱلْقُرْءَانِ,surface_mismatch,1:1;no_annotation_transferred,20:114
20:114:16,20:114:16,زِدْنِي,زِدْنِى,surface_mismatch,1:1;no_annotation_transferred,20:114
20:115:4,20:115:4,آدَمَ,ءَادَمَ,surface_mismatch,1:1;no_annotation_transferred,20:115
20:115:7,20:115:7,فَنَسِيَ,فَنَسِىَ,surface_mismatch,1:1;no_annotation_transferred,20:115
20:116:5,20:116:5,لِآدَمَ,لِءَادَمَ,surface_mismatch,1:1;no_annotation_transferred,20:116
20:117:1,,فَقُلْنَا يَا آدَمُ إِنَّ هَـٰذَا عَدُوٌّ لَّكَ وَلِزَوْجِكَ فَلَا يُخْرِجَنَّكُمَا مِنَ الْجَنَّةِ فَتَشْقَىٰ,فَقُلْنَا,ambiguous_verse,multiple_optimal_paths,20:117
20:117:2,,فَقُلْنَا يَا آدَمُ إِنَّ هَـٰذَا عَدُوٌّ لَّكَ وَلِزَوْجِكَ فَلَا يُخْرِجَنَّكُمَا مِنَ الْجَنَّةِ فَتَشْقَىٰ,يَٰٓـَٔادَمُ,ambiguous_verse,multiple_optimal_paths,20:117
20:117:3,,فَقُلْنَا يَا آدَمُ إِنَّ هَـٰذَا عَدُوٌّ لَّكَ وَلِزَوْجِكَ فَلَا يُخْرِجَنَّكُمَا مِنَ الْجَنَّةِ فَتَشْقَىٰ,إِنَّ,ambiguous_verse,multiple_optimal_paths,20:117
20:117:4,,فَقُلْنَا يَا آدَمُ إِنَّ هَـٰذَا عَدُوٌّ لَّكَ وَلِزَوْجِكَ فَلَا يُخْرِجَنَّكُمَا مِنَ الْجَنَّةِ فَتَشْقَىٰ,هَٰذَا,ambiguous_verse,multiple_optimal_paths,20:117
20:117:5,,فَقُلْنَا يَا آدَمُ إِنَّ هَـٰذَا عَدُوٌّ لَّكَ وَلِزَوْجِكَ فَلَا يُخْرِجَنَّكُمَا مِنَ الْجَنَّةِ فَتَشْقَىٰ,عَدُوٌّ,ambiguous_verse,multiple_optimal_paths,20:117
20:117:6,,فَقُلْنَا يَا آدَمُ إِنَّ هَـٰذَا عَدُوٌّ لَّكَ وَلِزَوْجِكَ فَلَا يُخْرِجَنَّكُمَا مِنَ الْجَنَّةِ فَتَشْقَىٰ,لَّكَ,ambiguous_verse,multiple_optimal_paths,20:117
20:117:7,,فَقُلْنَا يَا آدَمُ إِنَّ هَـٰذَا عَدُوٌّ لَّكَ وَلِزَوْجِكَ فَلَا يُخْرِجَنَّكُمَا مِنَ الْجَنَّةِ فَتَشْقَىٰ,وَلِزَوْجِكَ,ambiguous_verse,multiple_optimal_paths,20:117
20:117:8,,فَقُلْنَا يَا آدَمُ إِنَّ هَـٰذَا عَدُوٌّ لَّكَ وَلِزَوْجِكَ فَلَا يُخْرِجَنَّكُمَا مِنَ الْجَنَّةِ فَتَشْقَىٰ,فَلَا,ambiguous_verse,multiple_optimal_paths,20:117
20:117:9,,فَقُلْنَا يَا آدَمُ إِنَّ هَـٰذَا عَدُوٌّ لَّكَ وَلِزَوْجِكَ فَلَا يُخْرِجَنَّكُمَا مِنَ الْجَنَّةِ فَتَشْقَىٰ,يُخْرِجَنَّكُمَا,ambiguous_verse,multiple_optimal_paths,20:117
20:117:10,,فَقُلْنَا يَا آدَمُ إِنَّ هَـٰذَا عَدُوٌّ لَّكَ وَلِزَوْجِكَ فَلَا يُخْرِجَنَّكُمَا مِنَ الْجَنَّةِ فَتَشْقَىٰ,مِنَ,ambiguous_verse,multiple_optimal_paths,20:117
20:117:11,,فَقُلْنَا يَا آدَمُ إِنَّ هَـٰذَا عَدُوٌّ لَّكَ وَلِزَوْجِكَ فَلَا يُخْرِجَنَّكُمَا مِنَ الْجَنَّةِ فَتَشْقَىٰ,ٱلْجَنَّةِ,ambiguous_verse,multiple_optimal_paths,20:117
20:117:12,,فَقُلْنَا يَا آدَمُ إِنَّ هَـٰذَا عَدُوٌّ لَّكَ وَلِزَوْجِكَ فَلَا يُخْرِجَنَّكُمَا مِنَ الْجَنَّةِ فَتَشْقَىٰ,فَتَشْقَىٰٓ,ambiguous_verse,multiple_optimal_paths,20:117
20:119:3,20:119:3,تَظْمَأُ,تَظْمَؤُا۟,surface_mismatch,1:1;no_annotation_transferred,20:119
20:120:1,,فَوَسْوَسَ إِلَيْهِ الشَّيْطَانُ قَالَ يَا آدَمُ هَلْ أَدُلُّكَ عَلَىٰ شَجَرَةِ الْخُلْدِ وَمُلْكٍ لَّا يَبْلَىٰ,فَوَسْوَسَ,ambiguous_verse,multiple_optimal_paths,20:120
20:120:2,,فَوَسْوَسَ إِلَيْهِ الشَّيْطَانُ قَالَ يَا آدَمُ هَلْ أَدُلُّكَ عَلَىٰ شَجَرَةِ الْخُلْدِ وَمُلْكٍ لَّا يَبْلَىٰ,إِلَيْهِ,ambiguous_verse,multiple_optimal_paths,20:120
20:120:3,,فَوَسْوَسَ إِلَيْهِ الشَّيْطَانُ قَالَ يَا آدَمُ هَلْ أَدُلُّكَ عَلَىٰ شَجَرَةِ الْخُلْدِ وَمُلْكٍ لَّا يَبْلَىٰ,ٱلشَّيْطَٰنُ,ambiguous_verse,multiple_optimal_paths,20:120
20:120:4,,فَوَسْوَسَ إِلَيْهِ الشَّيْطَانُ قَالَ يَا آدَمُ هَلْ أَدُلُّكَ عَلَىٰ شَجَرَةِ الْخُلْدِ وَمُلْكٍ لَّا يَبْلَىٰ,قَالَ,ambiguous_verse,multiple_optimal_paths,20:120
20:120:5,,فَوَسْوَسَ إِلَيْهِ الشَّيْطَانُ قَالَ يَا آدَمُ هَلْ أَدُلُّكَ عَلَىٰ شَجَرَةِ الْخُلْدِ وَمُلْكٍ لَّا يَبْلَىٰ,يَٰٓـَٔادَمُ,ambiguous_verse,multiple_optimal_paths,20:120
20:120:6,,فَوَسْوَسَ إِلَيْهِ الشَّيْطَانُ قَالَ يَا آدَمُ هَلْ أَدُلُّكَ عَلَىٰ شَجَرَةِ الْخُلْدِ وَمُلْكٍ لَّا يَبْلَىٰ,هَلْ,ambiguous_verse,multiple_optimal_paths,20:120
20:120:7,,فَوَسْوَسَ إِلَيْهِ الشَّيْطَانُ قَالَ يَا آدَمُ هَلْ أَدُلُّكَ عَلَىٰ شَجَرَةِ الْخُلْدِ وَمُلْكٍ لَّا يَبْلَىٰ,أَدُلُّكَ,ambiguous_verse,multiple_optimal_paths,20:120
20:120:8,,فَوَسْوَسَ إِلَيْهِ الشَّيْطَانُ قَالَ يَا آدَمُ هَلْ أَدُلُّكَ عَلَىٰ شَجَرَةِ الْخُلْدِ وَمُلْكٍ لَّا يَبْلَىٰ,عَلَىٰ,ambiguous_verse,multiple_optimal_paths,20:120
20:120:9,,فَوَسْوَسَ إِلَيْهِ الشَّيْطَانُ قَالَ يَا آدَمُ هَلْ أَدُلُّكَ عَلَىٰ شَجَرَةِ الْخُلْدِ وَمُلْكٍ لَّا يَبْلَىٰ,شَجَرَةِ,ambiguous_verse,multiple_optimal_paths,20:120
20:120:10,,فَوَسْوَسَ إِلَيْهِ الشَّيْطَانُ قَالَ يَا آدَمُ هَلْ أَدُلُّكَ عَلَىٰ شَجَرَةِ الْخُلْدِ وَمُلْكٍ لَّا يَبْلَىٰ,ٱلْخُلْدِ,ambiguous_verse,multiple_optimal_paths,20:120
20:120:11,,فَوَسْوَسَ إِلَيْهِ الشَّيْطَانُ قَالَ يَا آدَمُ هَلْ أَدُلُّكَ عَلَىٰ شَجَرَةِ الْخُلْدِ وَمُلْكٍ لَّا يَبْلَىٰ,وَمُلْكٍ,ambiguous_verse,multiple_optimal_paths,20:120
20:120:12,,فَوَسْوَسَ إِلَيْهِ الشَّيْطَانُ قَالَ يَا آدَمُ هَلْ أَدُلُّكَ عَلَىٰ شَجَرَةِ الْخُلْدِ وَمُلْكٍ لَّا يَبْلَىٰ,لَّا,ambiguous_verse,multiple_optimal_paths,20:120
20:120:13,,فَوَسْوَسَ إِلَيْهِ الشَّيْطَانُ قَالَ يَا آدَمُ هَلْ أَدُلُّكَ عَلَىٰ شَجَرَةِ الْخُلْدِ وَمُلْكٍ لَّا يَبْلَىٰ,يَبْلَىٰ,ambiguous_verse,multiple_optimal_paths,20:120
20:121:5,20:121:5,سَوْآتُهُمَا,سَوْءَٰتُهُمَا,surface_mismatch,1:1;no_annotation_transferred,20:121
20:121:13,20:121:13,آدَمُ,ءَادَمُ,surface_mismatch,1:1;no_annotation_transferred,20:121
20:123:10,20:123:10,مِّنِّي,مِّنِّى,surface_mismatch,1:1;no_annotation_transferred,20:123
20:123:14,20:123:14,هُدَايَ,هُدَاىَ,surface_mismatch,1:1;no_annotation_transferred,20:123
20:124:4,20:124:4,ذِكْرِي,ذِكْرِى,surface_mismatch,1:1;no_annotation_transferred,20:124
20:125:4,20:125:4,حَشَرْتَنِي,حَشَرْتَنِىٓ,surface_mismatch,1:1;no_annotation_transferred,20:125
20:126:4,20:126:4,آيَاتُنَا,ءَايَٰتُنَا,surface_mismatch,1:1;no_annotation_transferred,20:126
20:127:2,20:127:2,نَجْزِي,نَجْزِى,surface_mismatch,1:1;no_annotation_transferred,20:127
20:127:7,20:127:7,بِآيَاتِ,بِـَٔايَٰتِ,surface_mismatch,1:1;no_annotation_transferred,20:127
20:127:10,20:127:10,الْآخِرَةِ,ٱلْءَاخِرَةِ,surface_mismatch,1:1;no_annotation_transferred,20:127
20:128:10,20:128:10,فِي,فِى,surface_mismatch,1:1;no_annotation_transferred,20:128
20:128:13,20:128:13,فِي,فِى,surface_mismatch,1:1;no_annotation_transferred,20:128
20:128:15,20:128:15,لَآيَاتٍ,لَءَايَٰتٍ,surface_mismatch,1:1;no_annotation_transferred,20:128
20:128:16,20:128:16,لِّأُولِي,لِّأُو۟لِى,surface_mismatch,1:1;no_annotation_transferred,20:128
20:130:14,20:130:14,آنَاءِ,ءَانَآئِ,surface_mismatch,1:1;no_annotation_transferred,20:130
20:130:15,20:130:15,اللَّيْلِ,ٱلَّيْلِ,surface_mismatch,1:1;no_annotation_transferred,20:130
20:131:11,20:131:11,الْحَيَاةِ,ٱلْحَيَوٰةِ,surface_mismatch,1:1;no_annotation_transferred,20:131
20:132:3,20:132:3,بِالصَّلَاةِ,بِٱلصَّلَوٰةِ,surface_mismatch,1:1;no_annotation_transferred,20:132
20:132:7,20:132:7,نَسْأَلُكَ,نَسْـَٔلُكَ,surface_mismatch,1:1;no_annotation_transferred,20:132
20:133:4,20:133:4,بِآيَةٍ,بِـَٔايَةٍ,surface_mismatch,1:1;no_annotation_transferred,20:133
20:133:11,20:133:11,فِي,فِى,surface_mismatch,1:1;no_annotation_transferred,20:133
20:134:14,20:134:14,آيَاتِكَ,ءَايَٰتِكَ,surface_mismatch,1:1;no_annotation_transferred,20:134
20:135:9,20:135:9,السَّوِيِّ,ٱلسَّوِىِّ,surface_mismatch,1:1;no_annotation_transferred,20:135
21:1:5,21:1:9,فِي,فِى,surface_mismatch,1:1;no_annotation_transferred,21:1
21:4:2,21:4:2,رَبِّي,رَبِّى,surface_mismatch,1:1;no_annotation_transferred,21:4
21:4:5,21:4:5,فِي,فِى,surface_mismatch,1:1;no_annotation_transferred,21:4
21:5:6,21:5:6,افْتَرَاهُ,ٱفْتَرَىٰهُ,surface_mismatch,1:1;no_annotation_transferred,21:5
21:5:11,21:5:11,بِآيَةٍ,بِـَٔايَةٍ,surface_mismatch,1:1;no_annotation_transferred,21:5
21:6:2,21:6:2,آمَنَتْ,ءَامَنَتْ,surface_mismatch,1:1;no_annotation_transferred,21:6
21:7:6,21:7:6,نُّوحِي,نُّوحِىٓ,surface_mismatch,1:1;no_annotation_transferred,21:7
21:7:8,21:7:8,فَاسْأَلُوا,فَسْـَٔلُوٓا۟,surface_mismatch,1:1;no_annotation_transferred,21:7
21:11:10,21:11:10,آخَرِينَ,ءَاخَرِينَ,surface_mismatch,1:1;no_annotation_transferred,21:11
21:13:10,21:13:10,تُسْأَلُونَ,تُسْـَٔلُونَ,surface_mismatch,1:1;no_annotation_transferred,21:13
21:15:4,21:15:4,دَعْوَاهُمْ,دَعْوَىٰهُمْ,surface_mismatch,1:1;no_annotation_transferred,21:15
21:19:3,21:19:3,فِي,فِى,surface_mismatch,1:1;no_annotation_transferred,21:19
21:20:2,21:20:2,اللَّيْلَ,ٱلَّيْلَ,surface_mismatch,1:1;no_annotation_transferred,21:20
21:21:3,21:21:3,آلِهَةً,ءَالِهَةً,surface_mismatch,1:1;no_annotation_transferred,21:21
21:22:4,21:22:4,آلِهَةٌ,ءَالِهَةٌ,surface_mismatch,1:1;no_annotation_transferred,21:22
21:23:2,21:23:2,يُسْأَلُ,يُسْـَٔلُ,surface_mismatch,1:1;no_annotation_transferred,21:23
21:23:6,21:23:6,يُسْأَلُونَ,يُسْـَٔلُونَ,surface_mismatch,1:1;no_annotation_transferred,21:23
21:24:5,21:24:5,آلِهَةً,ءَالِهَةً,surface_mismatch,1:1;no_annotation_transferred,21:24
21:24:12,21:24:12,مَّعِيَ,مَّعِىَ,surface_mismatch,1:1;no_annotation_transferred,21:24
21:24:15,21:24:15,قَبْلِي,قَبْلِى,surface_mismatch,1:1;no_annotation_transferred,21:24
21:25:8,21:25:8,نُوحِي,نُوحِىٓ,surface_mismatch,1:1;no_annotation_transferred,21:25
21:29:4,21:29:4,إِنِّي,إِنِّىٓ,surface_mismatch,1:1;no_annotation_transferred,21:29
21:29:12,21:29:12,نَجْزِي,نَجْزِى,surface_mismatch,1:1;no_annotation_transferred,21:29
21:30:15,21:30:15,شَيْءٍ,شَىْءٍ,surface_mismatch,1:1;no_annotation_transferred,21:30
21:30:16,21:30:16,حَيٍّ,حَىٍّ,surface_mismatch,1:1;no_annotation_transferred,21:30
21:31:2,21:31:2,فِي,فِى,surface_mismatch,1:1;no_annotation_transferred,21:31
21:31:4,21:31:4,رَوَاسِيَ,رَوَٰسِىَ,surface_mismatch,1:1;no_annotation_transferred,21:31
21:32:7,21:32:7,آيَاتِهَا,ءَايَٰتِهَا,surface_mismatch,1:1;no_annotation_transferred,21:32
21:33:2,21:33:2,الَّذِي,ٱلَّذِى,surface_mismatch,1:1;no_annotation_transferred,21:33
21:33:4,21:33:4,اللَّيْلَ,ٱلَّيْلَ,surface_mismatch,1:1;no_annotation_transferred,21:33
21:33:9,21:33:9,فِي,فِى,surface_mismatch,1:1;no_annotation_transferred,21:33
21:34:7,21:34:7,أَفَإِن,أَفَإِي۟ن,surface_mismatch,1:1;no_annotation_transferred,21:34
21:36:2,21:36:2,رَآكَ,رَءَاكَ,surface_mismatch,1:1;no_annotation_transferred,21:36
21:36:10,21:36:10,الَّذِي,ٱلَّذِى,surface_mismatch,1:1;no_annotation_transferred,21:36
21:36:12,21:36:12,آلِهَتَكُمْ,ءَالِهَتَكُمْ,surface_mismatch,1:1;no_annotation_transferred,21:36
21:37:5,21:37:5,سَأُرِيكُمْ,سَأُو۟رِيكُمْ,surface_mismatch,1:1;no_annotation_transferred,21:37
21:37:6,21:37:6,آيَاتِي,ءَايَٰتِى,surface_mismatch,1:1;no_annotation_transferred,21:37
21:41:13,21:41:13,يَسْتَهْزِئُونَ,يَسْتَهْزِءُونَ,surface_mismatch,1:1;no_annotation_transferred,21:41
21:42:4,21:42:4,بِاللَّيْلِ,بِٱلَّيْلِ,surface_mismatch,1:1;no_annotation_transferred,21:42
21:43:3,21:43:3,آلِهَةٌ,ءَالِهَةٌ,surface_mismatch,1:1;no_annotation_transferred,21:43
21:44:4,21:44:4,وَآبَاءَهُمْ,وَءَابَآءَهُمْ,surface_mismatch,1:1;no_annotation_transferred,21:44
21:44:12,21:44:12,نَأْتِي,نَأْتِى,surface_mismatch,1:1;no_annotation_transferred,21:44
21:45:4,21:45:4,بِالْوَحْيِ,بِٱلْوَحْىِ,surface_mismatch,1:1;no_annotation_transferred,21:45
21:47:9,21:47:9,شَيْئًا,شَيْـًٔا,surface_mismatch,1:1;no_annotation_transferred,21:47
21:48:2,21:48:2,آتَيْنَا,ءَاتَيْنَا,surface_mismatch,1:1;no_annotation_transferred,21:48
21:51:2,21:51:2,آتَيْنَا,ءَاتَيْنَآ,surface_mismatch,1:1;no_annotation_transferred,21:51
21:52:8,21:52:8,الَّتِي,ٱلَّتِىٓ,surface_mismatch,1:1;no_annotation_transferred,21:52
21:53:3,21:53:3,آبَاءَنَا,ءَابَآءَنَا,surface_mismatch,1:1;no_annotation_transferred,21:53
21:54:5,21:54:5,وَآبَاؤُكُمْ,وَءَابَآؤُكُمْ,surface_mismatch,1:1;no_annotation_transferred,21:54
21:54:6,21:54:6,فِي,فِى,surface_mismatch,1:1;no_annotation_transferred,21:54
21:56:7,21:56:7,الَّذِي,ٱلَّذِى,surface_mismatch,1:1;no_annotation_transferred,21:56
21:59:5,21:59:5,بِآلِهَتِنَا,بِـَٔالِهَتِنَآ,surface_mismatch,1:1;no_annotation_transferred,21:59
21:62:2,21:62:2,أَأَنتَ,ءَأَنتَ,surface_mismatch,1:1;no_annotation_transferred,21:62
21:62:5,21:62:5,بِآلِهَتِنَا,بِـَٔالِهَتِنَا,surface_mismatch,1:1;no_annotation_transferred,21:62
21:63:6,21:63:6,فَاسْأَلُوهُمْ,فَسْـَٔلُوهُمْ,surface_mismatch,1:1;no_annotation_transferred,21:63
21:66:9,21:66:9,شَيْئًا,شَيْـًٔا,surface_mismatch,1:1;no_annotation_transferred,21:66
21:68:4,21:68:4,آلِهَتَكُمْ,ءَالِهَتَكُمْ,surface_mismatch,1:1;no_annotation_transferred,21:68
21:69:3,21:69:4,كُونِي,كُونِى,surface_mismatch,1:1;no_annotation_transferred,21:69
21:71:5,21:71:5,الَّتِي,ٱلَّتِى,surface_mismatch,1:1;no_annotation_transferred,21:71
21:73:10,21:73:10,الصَّلَاةِ,ٱلصَّلَوٰةِ,surface_mismatch,1:1;no_annotation_transferred,21:73
21:73:12,21:73:12,الزَّكَاةِ,ٱلزَّكَوٰةِ,surface_mismatch,1:1;no_annotation_transferred,21:73
21:74:2,21:74:2,آتَيْنَاهُ,ءَاتَيْنَٰهُ,surface_mismatch,1:1;no_annotation_transferred,21:74
21:74:8,21:74:8,الَّتِي,ٱلَّتِى,surface_mismatch,1:1;no_annotation_transferred,21:74
21:75:2,21:75:2,فِي,فِى,surface_mismatch,1:1;no_annotation_transferred,21:75
21:77:6,21:77:6,بِآيَاتِنَا,بِـَٔايَٰتِنَآ,surface_mismatch,1:1;no_annotation_transferred,21:77
21:78:1,21:78:1,وَدَاوُودَ,وَدَاوُۥدَ,surface_mismatch,1:1;no_annotation_transferred,21:78
21:78:5,21:78:5,فِي,فِى,surface_mismatch,1:1;no_annotation_transferred,21:78
21:79:4,21:79:4,آتَيْنَا,ءَاتَيْنَا,surface_mismatch,1:1;no_annotation_transferred,21:79
21:79:9,21:79:9,دَاوُودَ,دَاوُۥدَ,surface_mismatch,1:1;no_annotation_transferred,21:79
21:81:4,21:81:4,تَجْرِي,تَجْرِى,surface_mismatch,1:1;no_annotation_transferred,21:81
21:81:8,21:81:8,الَّتِي,ٱلَّتِى,surface_mismatch,1:1;no_annotation_transferred,21:81
21:81:13,21:81:13,شَيْءٍ,شَىْءٍ,surface_mismatch,1:1;no_annotation_transferred,21:81
21:83:5,21:83:5,أَنِّي,أَنِّى,surface_mismatch,1:1;no_annotation_transferred,21:83
21:83:6,21:83:6,مَسَّنِيَ,مَسَّنِىَ,surface_mismatch,1:1;no_annotation_transferred,21:83
21:84:8,21:84:8,وَآتَيْنَاهُ,وَءَاتَيْنَٰهُ,surface_mismatch,1:1;no_annotation_transferred,21:84
21:86:2,21:86:2,فِي,فِى,surface_mismatch,1:1;no_annotation_transferred,21:86
21:87:12,21:87:12,فِي,فِى,surface_mismatch,1:1;no_annotation_transferred,21:87
21:87:20,21:87:20,إِنِّي,إِنِّى,surface_mismatch,1:1;no_annotation_transferred,21:87
21:88:7,21:88:7,نُنجِي,نُۨجِى,surface_mismatch,1:1;no_annotation_transferred,21:88
21:89:7,21:89:7,تَذَرْنِي,تَذَرْنِى,surface_mismatch,1:1;no_annotation_transferred,21:89
21:90:12,21:90:12,فِي,فِى,surface_mismatch,1:1;no_annotation_transferred,21:90
21:91:1,21:91:1,وَالَّتِي,وَٱلَّتِىٓ,surface_mismatch,1:1;no_annotation_transferred,21:91
21:91:10,21:91:10,آيَةً,ءَايَةً,surface_mismatch,1:1;no_annotation_transferred,21:91
21:97:5,21:97:5,هِيَ,هِىَ,surface_mismatch,1:1;no_annotation_transferred,21:97
21:97:13,21:97:14,فِي,فِى,surface_mismatch,1:1;no_annotation_transferred,21:97
21:99:4,21:99:4,آلِهَةً,ءَالِهَةً,surface_mismatch,1:1;no_annotation_transferred,21:99
21:102:5,21:102:5,فِي,فِى,surface_mismatch,1:1;no_annotation_transferred,21:102
21:103:5,21:103:5,وَتَتَلَقَّاهُمُ,وَتَتَلَقَّىٰهُمُ,surface_mismatch,1:1;no_annotation_transferred,21:103
21:103:9,21:103:9,الَّذِي,ٱلَّذِى,surface_mismatch,1:1;no_annotation_transferred,21:103
21:104:2,21:104:2,نَطْوِي,نَطْوِى,surface_mismatch,1:1;no_annotation_transferred,21:104
21:104:4,21:104:4,كَطَيِّ,كَطَىِّ,surface_mismatch,1:1;no_annotation_transferred,21:104
21:105:3,21:105:3,فِي,فِى,surface_mismatch,1:1;no_annotation_transferred,21:105
21:105:11,21:105:11,عِبَادِيَ,عِبَادِىَ,surface_mismatch,1:1;no_annotation_transferred,21:105
21:106:2,21:106:2,فِي,فِى,surface_mismatch,1:1;no_annotation_transferred,21:106
21:108:4,21:108:4,إِلَيَّ,إِلَىَّ,surface_mismatch,1:1;no_annotation_transferred,21:108
21:109:4,21:109:4,آذَنتُكُمْ,ءَاذَنتُكُمْ,surface_mismatch,1:1;no_annotation_transferred,21:109
21:109:8,21:109:8,أَدْرِي,أَدْرِىٓ,surface_mismatch,1:1;no_annotation_transferred,21:109
21:111:2,21:111:2,أَدْرِي,أَدْرِى,surface_mismatch,1:1;no_annotation_transferred,21:111
22:1:8,22:1:13,شَيْءٌ,شَىْءٌ,surface_mismatch,1:1;no_annotation_transferred,22:1
22:3:5,22:3:5,فِي,فِى,surface_mismatch,1:1;no_annotation_transferred,22:3
22:5:5,22:5:6,فِي,فِى,surface_mismatch,1:1;no_annotation_transferred,22:5
22:5:28,22:5:29,فِي,فِى,surface_mismatch,1:1;no_annotation_transferred,22:5
22:5:55,22:5:56,شَيْئًا,شَيْـًٔا,surface_mismatch,1:1;no_annotation_transferred,22:5
22:6:7,22:6:7,يُحْيِي,يُحْىِ,surface_mismatch,1:1;no_annotation_transferred,22:6
22:6:12,22:6:12,شَيْءٍ,شَىْءٍ,surface_mismatch,1:1;no_annotation_transferred,22:6
22:7:3,22:7:3,آتِيَةٌ,ءَاتِيَةٌ,surface_mismatch,1:1;no_annotation_transferred,22:7
22:7:11,22:7:11,فِي,فِى,surface_mismatch,1:1;no_annotation_transferred,22:7
22:8:5,22:8:5,فِي,فِى,surface_mismatch,1:1;no_annotation_transferred,22:8
22:9:1,22:9:1,ثَانِيَ,ثَانِىَ,surface_mismatch,1:1;no_annotation_transferred,22:9
22:9:8,22:9:8,فِي,فِى,surface_mismatch,1:1;no_annotation_transferred,22:9
22:9:10,22:9:10,خِزْيٌ,خِزْىٌ,surface_mismatch,1:1;no_annotation_transferred,22:9
22:11:21,22:11:21,وَالْآخِرَةَ,وَٱلْءَاخِرَةَ,surface_mismatch,1:1;no_annotation_transferred,22:11
22:12:1,22:12:1,يَدْعُو,يَدْعُوا۟,surface_mismatch,1:1;no_annotation_transferred,22:12
22:13:1,22:13:1,يَدْعُو,يَدْعُوا۟,surface_mismatch,1:1;no_annotation_transferred,22:13
22:14:5,22:14:5,آمَنُوا,ءَامَنُوا۟,surface_mismatch,1:1;no_annotation_transferred,22:14
22:14:9,22:14:9,تَجْرِي,تَجْرِى,surface_mismatch,1:1;no_annotation_transferred,22:14
22:15:8,22:15:8,فِي,فِى,surface_mismatch,1:1;no_annotation_transferred,22:15
22:15:10,22:15:10,وَالْآخِرَةِ,وَٱلْءَاخِرَةِ,surface_mismatch,1:1;no_annotation_transferred,22:15
22:16:3,22:16:3,آيَاتٍ,ءَايَٰتٍۭ,surface_mismatch,1:1;no_annotation_transferred,22:16
22:16:7,22:16:7,يَهْدِي,يَهْدِى,surface_mismatch,1:1;no_annotation_transferred,22:16
22:17:3,22:17:3,آمَنُوا,ءَامَنُوا۟,surface_mismatch,1:1;no_annotation_transferred,22:17
22:17:6,22:17:6,وَالصَّابِئِينَ,وَٱلصَّٰبِـِٔينَ,surface_mismatch,1:1;no_annotation_transferred,22:17
22:17:21,22:17:21,شَيْءٍ,شَىْءٍ,surface_mismatch,1:1;no_annotation_transferred,22:17
22:18:8,22:18:8,فِي,فِى,surface_mismatch,1:1;no_annotation_transferred,22:18
22:18:11,22:18:11,فِي,فِى,surface_mismatch,1:1;no_annotation_transferred,22:18
22:19:4,22:19:4,فِي,فِى,surface_mismatch,1:1;no_annotation_transferred,22:19
22:20:4,22:20:4,فِي,فِى,surface_mismatch,1:1;no_annotation_transferred,22:20
22:23:5,22:23:5,آمَنُوا,ءَامَنُوا۟,surface_mismatch,1:1;no_annotation_transferred,22:23
22:23:9,22:23:9,تَجْرِي,تَجْرِى,surface_mismatch,1:1;no_annotation_transferred,22:23
22:25:10,22:25:10,الَّذِي,ٱلَّذِى,surface_mismatch,1:1;no_annotation_transferred,22:25
22:26:9,22:26:9,بِي,بِى,surface_mismatch,1:1;no_annotation_transferred,22:26
22:26:10,22:26:10,شَيْئًا,شَيْـًٔا,surface_mismatch,1:1;no_annotation_transferred,22:26
22:26:12,22:26:12,بَيْتِيَ,بَيْتِىَ,surface_mismatch,1:1;no_annotation_transferred,22:26
22:27:2,22:27:2,فِي,فِى,surface_mismatch,1:1;no_annotation_transferred,22:27
22:28:7,22:28:7,فِي,فِىٓ,surface_mismatch,1:1;no_annotation_transferred,22:28
22:31:16,22:31:16,تَهْوِي,تَهْوِى,surface_mismatch,1:1;no_annotation_transferred,22:31
22:31:19,22:31:19,فِي,فِى,surface_mismatch,1:1;no_annotation_transferred,22:31
22:35:11,22:35:11,وَالْمُقِيمِي,وَٱلْمُقِيمِى,surface_mismatch,1:1;no_annotation_transferred,22:35
22:35:12,22:35:12,الصَّلَاةِ,ٱلصَّلَوٰةِ,surface_mismatch,1:1;no_annotation_transferred,22:35
22:37:18,22:37:18,هَدَاكُمْ,هَدَىٰكُمْ,surface_mismatch,1:1;no_annotation_transferred,22:37
22:38:6,22:38:6,آمَنُوا,ءَامَنُوٓا۟,surface_mismatch,1:1;no_annotation_transferred,22:38
22:40:34,22:40:34,لَقَوِيٌّ,لَقَوِىٌّ,surface_mismatch,1:1;no_annotation_transferred,22:40
22:41:4,22:41:4,فِي,فِى,surface_mismatch,1:1;no_annotation_transferred,22:41
22:41:7,22:41:7,الصَّلَاةَ,ٱلصَّلَوٰةَ,surface_mismatch,1:1;no_annotation_transferred,22:41
22:41:8,22:41:8,وَآتَوُا,وَءَاتَوُا۟,surface_mismatch,1:1;no_annotation_transferred,22:41
22:41:9,22:41:9,الزَّكَاةَ,ٱلزَّكَوٰةَ,surface_mismatch,1:1;no_annotation_transferred,22:41
22:45:5,22:45:5,وَهِيَ,وَهِىَ,surface_mismatch,1:1;no_annotation_transferred,22:45
22:45:7,22:45:7,فَهِيَ,فَهِىَ,surface_mismatch,1:1;no_annotation_transferred,22:45
22:46:3,22:46:3,فِي,فِى,surface_mismatch,1:1;no_annotation_transferred,22:46
22:46:11,22:46:11,آذَانٌ,ءَاذَانٌ,surface_mismatch,1:1;no_annotation_transferred,22:46
22:46:21,22:46:21,الَّتِي,ٱلَّتِى,surface_mismatch,1:1;no_annotation_transferred,22:46
22:46:22,22:46:22,فِي,فِى,surface_mismatch,1:1;no_annotation_transferred,22:46
22:48:6,22:48:6,وَهِيَ,وَهِىَ,surface_mismatch,1:1;no_annotation_transferred,22:48
22:48:10,22:48:10,وَإِلَيَّ,وَإِلَىَّ,surface_mismatch,1:1;no_annotation_transferred,22:48
22:50:2,22:50:2,آمَنُوا,ءَامَنُوا۟,surface_mismatch,1:1;no_annotation_transferred,22:50
22:51:3,22:51:3,فِي,فِىٓ,surface_mismatch,1:1;no_annotation_transferred,22:51
22:51:4,22:51:4,آيَاتِنَا,ءَايَٰتِنَا,surface_mismatch,1:1;no_annotation_transferred,22:51
22:52:8,22:52:8,نَبِيٍّ,نَبِىٍّ,surface_mismatch,1:1;no_annotation_transferred,22:52
22:52:14,22:52:14,فِي,فِىٓ,surface_mismatch,1:1;no_annotation_transferred,22:52
22:52:19,22:52:19,يُلْقِي,يُلْقِى,surface_mismatch,1:1;no_annotation_transferred,22:52
22:52:24,22:52:24,آيَاتِهِ,ءَايَٰتِهِۦ,surface_mismatch,1:1;no_annotation_transferred,22:52
22:53:3,22:53:3,يُلْقِي,يُلْقِى,surface_mismatch,1:1;no_annotation_transferred,22:53
22:53:7,22:53:7,فِي,فِى,surface_mismatch,1:1;no_annotation_transferred,22:53
22:53:14,22:53:14,لَفِي,لَفِى,surface_mismatch,1:1;no_annotation_transferred,22:53
22:54:18,22:54:18,آمَنُوا,ءَامَنُوٓا۟,surface_mismatch,1:1;no_annotation_transferred,22:54
22:55:5,22:55:5,فِي,فِى,surface_mismatch,1:1;no_annotation_transferred,22:55
22:56:7,22:56:7,آمَنُوا,ءَامَنُوا۟,surface_mismatch,1:1;no_annotation_transferred,22:56
22:56:10,22:56:10,فِي,فِى,surface_mismatch,1:1;no_annotation_transferred,22:56
22:57:4,22:57:4,بِآيَاتِنَا,بِـَٔايَٰتِنَا,surface_mismatch,1:1;no_annotation_transferred,22:57
22:58:3,22:58:3,فِي,فِى,surface_mismatch,1:1;no_annotation_transferred,22:58
22:60:9,22:60:9,بُغِيَ,بُغِىَ,surface_mismatch,1:1;no_annotation_transferred,22:60
22:61:5,22:61:5,اللَّيْلَ,ٱلَّيْلَ,surface_mismatch,1:1;no_annotation_transferred,22:61
22:61:6,22:61:6,فِي,فِى,surface_mismatch,1:1;no_annotation_transferred,22:61
22:61:10,22:61:10,فِي,فِى,surface_mismatch,1:1;no_annotation_transferred,22:61
22:61:11,22:61:11,اللَّيْلِ,ٱلَّيْلِ,surface_mismatch,1:1;no_annotation_transferred,22:61
22:62:16,22:62:16,الْعَلِيُّ,ٱلْعَلِىُّ,surface_mismatch,1:1;no_annotation_transferred,22:62
22:64:3,22:64:3,فِي,فِى,surface_mismatch,1:1;no_annotation_transferred,22:64
22:64:6,22:64:6,فِي,فِى,surface_mismatch,1:1;no_annotation_transferred,22:64
22:64:11,22:64:11,الْغَنِيُّ,ٱلْغَنِىُّ,surface_mismatch,1:1;no_annotation_transferred,22:64
22:65:8,22:65:8,فِي,فِى,surface_mismatch,1:1;no_annotation_transferred,22:65
22:65:11,22:65:11,تَجْرِي,تَجْرِى,surface_mismatch,1:1;no_annotation_transferred,22:65
22:65:12,22:65:12,فِي,فِى,surface_mismatch,1:1;no_annotation_transferred,22:65
22:66:2,22:66:2,الَّذِي,ٱلَّذِىٓ,surface_mismatch,1:1;no_annotation_transferred,22:66
22:67:9,22:67:9,فِي,فِى,surface_mismatch,1:1;no_annotation_transferred,22:67
22:70:7,22:70:7,فِي,فِى,surface_mismatch,1:1;no_annotation_transferred,22:70
22:70:12,22:70:12,فِي,فِى,surface_mismatch,1:1;no_annotation_transferred,22:70
22:72:4,22:72:4,آيَاتُنَا,ءَايَٰتُنَا,surface_mismatch,1:1;no_annotation_transferred,22:72
22:72:7,22:72:7,فِي,فِى,surface_mismatch,1:1;no_annotation_transferred,22:72
22:72:17,22:72:17,آيَاتِنَا,ءَايَٰتِنَا,surface_mismatch,1:1;no_annotation_transferred,22:72
22:73:22,22:73:23,شَيْئًا,شَيْـًٔا,surface_mismatch,1:1;no_annotation_transferred,22:73
22:74:8,22:74:8,لَقَوِيٌّ,لَقَوِىٌّ,surface_mismatch,1:1;no_annotation_transferred,22:74
22:75:2,22:75:2,يَصْطَفِي,يَصْطَفِى,surface_mismatch,1:1;no_annotation_transferred,22:75
22:77:3,22:77:4,آمَنُوا,ءَامَنُوا۟,surface_mismatch,1:1;no_annotation_transferred,22:77
22:78:2,22:78:2,فِي,فِى,surface_mismatch,1:1;no_annotation_transferred,22:78
22:78:7,22:78:7,اجْتَبَاكُمْ,ٱجْتَبَىٰكُمْ,surface_mismatch,1:1;no_annotation_transferred,22:78
22:78:11,22:78:11,فِي,فِى,surface_mismatch,1:1;no_annotation_transferred,22:78
22:78:19,22:78:19,سَمَّاكُمُ,سَمَّىٰكُمُ,surface_mismatch,1:1;no_annotation_transferred,22:78
22:78:23,22:78:23,وَفِي,وَفِى,surface_mismatch,1:1;no_annotation_transferred,22:78
22:78:34,22:78:34,الصَّلَاةَ,ٱلصَّلَوٰةَ,surface_mismatch,1:1;no_annotation_transferred,22:78
22:78:35,22:78:35,وَآتُوا,وَءَاتُوا۟,surface_mismatch,1:1;no_annotation_transferred,22:78
22:78:36,22:78:36,الزَّكَاةَ,ٱلزَّكَوٰةَ,surface_mismatch,1:1;no_annotation_transferred,22:78
22:78:40,22:78:40,مَوْلَاكُمْ,مَوْلَىٰكُمْ,surface_mismatch,1:1;no_annotation_transferred,22:78
23:2:3,23:2:3,فِي,فِى,surface_mismatch,1:1;no_annotation_transferred,23:2
23:4:3,23:4:3,لِلزَّكَاةِ,لِلزَّكَوٰةِ,surface_mismatch,1:1;no_annotation_transferred,23:4
23:13:4,23:13:4,فِي,فِى,surface_mismatch,1:1;no_annotation_transferred,23:13
23:14:17,23:14:17,آخَرَ,ءَاخَرَ,surface_mismatch,1:1;no_annotation_transferred,23:14
23:18:7,23:18:7,فِي,فِى,surface_mismatch,1:1;no_annotation_transferred,23:18
23:20:9,23:20:9,لِّلْآكِلِينَ,لِّلْءَاكِلِينَ,surface_mismatch,1:1;no_annotation_transferred,23:20
23:21:3,23:21:3,فِي,فِى,surface_mismatch,1:1;no_annotation_transferred,23:21
23:21:8,23:21:8,فِي,فِى,surface_mismatch,1:1;no_annotation_transferred,23:21
23:24:2,23:24:2,الْمَلَأُ,ٱلْمَلَؤُا۟,surface_mismatch,1:1;no_annotation_transferred,23:24
23:24:24,23:24:24,فِي,فِىٓ,surface_mismatch,1:1;no_annotation_transferred,23:24
23:24:25,23:24:25,آبَائِنَا,ءَابَآئِنَا,surface_mismatch,1:1;no_annotation_transferred,23:24
23:26:3,23:26:3,انصُرْنِي,ٱنصُرْنِى,surface_mismatch,1:1;no_annotation_transferred,23:26
23:27:27,23:27:27,تُخَاطِبْنِي,تُخَٰطِبْنِى,surface_mismatch,1:1;no_annotation_transferred,23:27
23:27:28,23:27:28,فِي,فِى,surface_mismatch,1:1;no_annotation_transferred,23:27
23:28:11,23:28:11,الَّذِي,ٱلَّذِى,surface_mismatch,1:1;no_annotation_transferred,23:28
23:28:12,23:28:12,نَجَّانَا,نَجَّىٰنَا,surface_mismatch,1:1;no_annotation_transferred,23:28
23:29:3,23:29:3,أَنزِلْنِي,أَنزِلْنِى,surface_mismatch,1:1;no_annotation_transferred,23:29
23:30:2,23:30:2,فِي,فِى,surface_mismatch,1:1;no_annotation_transferred,23:30
23:30:4,23:30:4,لَآيَاتٍ,لَءَايَٰتٍ,surface_mismatch,1:1;no_annotation_transferred,23:30
23:31:6,23:31:6,آخَرِينَ,ءَاخَرِينَ,surface_mismatch,1:1;no_annotation_transferred,23:31
23:33:9,23:33:9,الْآخِرَةِ,ٱلْءَاخِرَةِ,surface_mismatch,1:1;no_annotation_transferred,23:33
23:33:11,23:33:11,فِي,فِى,surface_mismatch,1:1;no_annotation_transferred,23:33
23:33:12,23:33:12,الْحَيَاةِ,ٱلْحَيَوٰةِ,surface_mismatch,1:1;no_annotation_transferred,23:33
23:37:2,23:37:2,هِيَ,هِىَ,surface_mismatch,1:1;no_annotation_transferred,23:37
23:39:3,23:39:3,انصُرْنِي,ٱنصُرْنِى,surface_mismatch,1:1;no_annotation_transferred,23:39
23:42:6,23:42:6,آخَرِينَ,ءَاخَرِينَ,surface_mismatch,1:1;no_annotation_transferred,23:42
23:43:7,23:43:7,يَسْتَأْخِرُونَ,يَسْتَـْٔخِرُونَ,surface_mismatch,1:1;no_annotation_transferred,23:43
23:44:4,23:44:4,تَتْرَىٰ,تَتْرَا,surface_mismatch,1:1;no_annotation_transferred,23:44
23:45:6,23:45:6,بِآيَاتِنَا,بِـَٔايَٰتِنَا,surface_mismatch,1:1;no_annotation_transferred,23:45
23:46:3,23:46:3,وَمَلَئِهِ,وَمَلَإِي۟هِۦ,surface_mismatch,1:1;no_annotation_transferred,23:46
23:49:2,23:49:2,آتَيْنَا,ءَاتَيْنَا,surface_mismatch,1:1;no_annotation_transferred,23:49
23:50:5,23:50:5,آيَةً,ءَايَةً,surface_mismatch,1:1;no_annotation_transferred,23:50
23:50:6,23:50:6,وَآوَيْنَاهُمَا,وَءَاوَيْنَٰهُمَآ,surface_mismatch,1:1;no_annotation_transferred,23:50
23:51:8,23:51:9,إِنِّي,إِنِّى,surface_mismatch,1:1;no_annotation_transferred,23:51
23:54:2,23:54:2,فِي,فِى,surface_mismatch,1:1;no_annotation_transferred,23:54
23:56:3,23:56:3,فِي,فِى,surface_mismatch,1:1;no_annotation_transferred,23:56
23:58:3,23:58:3,بِآيَاتِ,بِـَٔايَٰتِ,surface_mismatch,1:1;no_annotation_transferred,23:58
23:60:4,23:60:4,آتَوا,ءَاتَوا۟,surface_mismatch,1:1;no_annotation_transferred,23:60
23:61:3,23:61:3,فِي,فِى,surface_mismatch,1:1;no_annotation_transferred,23:61
23:63:3,23:63:3,فِي,فِى,surface_mismatch,1:1;no_annotation_transferred,23:63
23:64:8,23:64:8,يَجْأَرُونَ,يَجْـَٔرُونَ,surface_mismatch,1:1;no_annotation_transferred,23:64
23:65:2,23:65:2,تَجْأَرُوا,تَجْـَٔرُوا۟,surface_mismatch,1:1;no_annotation_transferred,23:65
23:66:3,23:66:3,آيَاتِي,ءَايَٰتِى,surface_mismatch,1:1;no_annotation_transferred,23:66
23:68:9,23:68:9,آبَاءَهُمُ,ءَابَآءَهُمُ,surface_mismatch,1:1;no_annotation_transferred,23:68
23:72:2,23:72:2,تَسْأَلُهُمْ,تَسْـَٔلُهُمْ,surface_mismatch,1:1;no_annotation_transferred,23:72
23:74:5,23:74:5,بِالْآخِرَةِ,بِٱلْءَاخِرَةِ,surface_mismatch,1:1;no_annotation_transferred,23:74
23:75:9,23:75:9,فِي,فِى,surface_mismatch,1:1;no_annotation_transferred,23:75
23:78:2,23:78:2,الَّذِي,ٱلَّذِىٓ,surface_mismatch,1:1;no_annotation_transferred,23:78
23:78:7,23:78:7,وَالْأَفْئِدَةَ,وَٱلْأَفْـِٔدَةَ,surface_mismatch,1:1;no_annotation_transferred,23:78
23:79:2,23:79:2,الَّذِي,ٱلَّذِى,surface_mismatch,1:1;no_annotation_transferred,23:79
23:79:4,23:79:4,فِي,فِى,surface_mismatch,1:1;no_annotation_transferred,23:79
23:80:2,23:80:2,الَّذِي,ٱلَّذِى,surface_mismatch,1:1;no_annotation_transferred,23:80
23:80:3,23:80:3,يُحْيِي,يُحْىِۦ,surface_mismatch,1:1;no_annotation_transferred,23:80
23:80:7,23:80:7,اللَّيْلِ,ٱلَّيْلِ,surface_mismatch,1:1;no_annotation_transferred,23:80
23:82:2,23:82:2,أَإِذَا,أَءِذَا,surface_mismatch,1:1;no_annotation_transferred,23:82
23:82:7,23:82:7,أَإِنَّا,أَءِنَّا,surface_mismatch,1:1;no_annotation_transferred,23:82
23:83:4,23:83:4,وَآبَاؤُنَا,وَءَابَآؤُنَا,surface_mismatch,1:1;no_annotation_transferred,23:83
23:88:6,23:88:6,شَيْءٍ,شَىْءٍ,surface_mismatch,1:1;no_annotation_transferred,23:88
23:93:4,23:93:4,تُرِيَنِّي,تُرِيَنِّى,surface_mismatch,1:1;no_annotation_transferred,23:93
23:94:3,23:94:3,تَجْعَلْنِي,تَجْعَلْنِى,surface_mismatch,1:1;no_annotation_transferred,23:94
23:94:4,23:94:4,فِي,فِى,surface_mismatch,1:1;no_annotation_transferred,23:94
23:96:2,23:96:2,بِالَّتِي,بِٱلَّتِى,surface_mismatch,1:1;no_annotation_transferred,23:96
23:96:3,23:96:3,هِيَ,هِىَ,surface_mismatch,1:1;no_annotation_transferred,23:96
23:100:1,23:100:1,لَعَلِّي,لَعَلِّىٓ,surface_mismatch,1:1;no_annotation_transferred,23:100
23:101:3,23:101:3,فِي,فِى,surface_mismatch,1:1;no_annotation_transferred,23:101
23:103:8,23:103:8,فِي,فِى,surface_mismatch,1:1;no_annotation_transferred,23:103
23:105:3,23:105:3,آيَاتِي,ءَايَٰتِى,surface_mismatch,1:1;no_annotation_transferred,23:105
23:108:2,23:108:2,اخْسَئُوا,ٱخْسَـُٔوا۟,surface_mismatch,1:1;no_annotation_transferred,23:108
23:109:5,23:109:5,عِبَادِي,عِبَادِى,surface_mismatch,1:1;no_annotation_transferred,23:109
23:109:8,23:109:8,آمَنَّا,ءَامَنَّا,surface_mismatch,1:1;no_annotation_transferred,23:109
23:110:5,23:110:5,ذِكْرِي,ذِكْرِى,surface_mismatch,1:1;no_annotation_transferred,23:110
23:111:1,23:111:1,إِنِّي,إِنِّى,surface_mismatch,1:1;no_annotation_transferred,23:111
23:112:4,23:112:4,فِي,فِى,surface_mismatch,1:1;no_annotation_transferred,23:112
23:113:7,23:113:7,فَاسْأَلِ,فَسْـَٔلِ,surface_mismatch,1:1;no_annotation_transferred,23:113
23:117:6,23:117:6,آخَرَ,ءَاخَرَ,surface_mismatch,1:1;no_annotation_transferred,23:117
24:1:6,24:1:10,آيَاتٍ,ءَايَٰتٍۭ,surface_mismatch,1:1;no_annotation_transferred,24:1
24:2:2,24:2:2,وَالزَّانِي,وَٱلزَّانِى,surface_mismatch,1:1;no_annotation_transferred,24:2
24:2:13,24:2:13,فِي,فِى,surface_mismatch,1:1;no_annotation_transferred,24:2
24:2:21,24:2:21,الْآخِرِ,ٱلْءَاخِرِ,surface_mismatch,1:1;no_annotation_transferred,24:2
24:3:1,24:3:1,الزَّانِي,ٱلزَّانِى,surface_mismatch,1:1;no_annotation_transferred,24:3
24:8:1,24:8:1,وَيَدْرَأُ,وَيَدْرَؤُا۟,surface_mismatch,1:1;no_annotation_transferred,24:8
24:11:3,24:11:3,جَاءُوا,جَآءُو,surface_mismatch,1:1;no_annotation_transferred,24:11
24:11:22,24:11:22,وَالَّذِي,وَٱلَّذِى,surface_mismatch,1:1;no_annotation_transferred,24:11
24:13:2,24:13:2,جَاءُوا,جَآءُو,surface_mismatch,1:1;no_annotation_transferred,24:13
24:14:6,24:14:6,فِي,فِى,surface_mismatch,1:1;no_annotation_transferred,24:14
24:14:8,24:14:8,وَالْآخِرَةِ,وَٱلْءَاخِرَةِ,surface_mismatch,1:1;no_annotation_transferred,24:14
24:14:10,24:14:10,فِي,فِى,surface_mismatch,1:1;no_annotation_transferred,24:14
24:18:4,24:18:4,الْآيَاتِ,ٱلْءَايَٰتِ,surface_mismatch,1:1;no_annotation_transferred,24:18
24:19:7,24:19:7,فِي,فِى,surface_mismatch,1:1;no_annotation_transferred,24:19
24:19:9,24:19:9,آمَنُوا,ءَامَنُوا۟,surface_mismatch,1:1;no_annotation_transferred,24:19
24:19:13,24:19:13,فِي,فِى,surface_mismatch,1:1;no_annotation_transferred,24:19
24:19:15,24:19:15,وَالْآخِرَةِ,وَٱلْءَاخِرَةِ,surface_mismatch,1:1;no_annotation_transferred,24:19
24:21:3,24:21:4,آمَنُوا,ءَامَنُوا۟,surface_mismatch,1:1;no_annotation_transferred,24:21
24:21:29,24:21:30,يُزَكِّي,يُزَكِّى,surface_mismatch,1:1;no_annotation_transferred,24:21
24:22:3,24:22:3,أُولُو,أُو۟لُوا۟,surface_mismatch,1:1;no_annotation_transferred,24:22
24:22:9,24:22:9,أُولِي,أُو۟لِى,surface_mismatch,1:1;no_annotation_transferred,24:22
24:22:13,24:22:13,فِي,فِى,surface_mismatch,1:1;no_annotation_transferred,24:22
24:23:8,24:23:8,فِي,فِى,surface_mismatch,1:1;no_annotation_transferred,24:23
24:23:10,24:23:10,وَالْآخِرَةِ,وَٱلْءَاخِرَةِ,surface_mismatch,1:1;no_annotation_transferred,24:23
24:27:3,24:27:4,آمَنُوا,ءَامَنُوا۟,surface_mismatch,1:1;no_annotation_transferred,24:27
24:31:25,24:31:25,آبَائِهِنَّ,ءَابَآئِهِنَّ,surface_mismatch,1:1;no_annotation_transferred,24:31
24:31:27,24:31:27,آبَاءِ,ءَابَآءِ,surface_mismatch,1:1;no_annotation_transferred,24:31
24:31:37,24:31:37,بَنِي,بَنِىٓ,surface_mismatch,1:1;no_annotation_transferred,24:31
24:31:40,24:31:40,بَنِي,بَنِىٓ,surface_mismatch,1:1;no_annotation_transferred,24:31
24:31:51,24:31:51,أُولِي,أُو۟لِى,surface_mismatch,1:1;no_annotation_transferred,24:31
24:33:22,24:33:22,وَآتُوهُم,وَءَاتُوهُم,surface_mismatch,1:1;no_annotation_transferred,24:33
24:33:26,24:33:26,الَّذِي,ٱلَّذِىٓ,surface_mismatch,1:1;no_annotation_transferred,24:33
24:33:27,24:33:27,آتَاكُمْ,ءَاتَىٰكُمْ,surface_mismatch,1:1;no_annotation_transferred,24:33
24:33:38,24:33:38,الْحَيَاةِ,ٱلْحَيَوٰةِ,surface_mismatch,1:1;no_annotation_transferred,24:33
24:34:4,24:34:4,آيَاتٍ,ءَايَٰتٍ,surface_mismatch,1:1;no_annotation_transferred,24:34
24:35:7,24:35:7,كَمِشْكَاةٍ,كَمِشْكَوٰةٍ,surface_mismatch,1:1;no_annotation_transferred,24:35
24:35:11,24:35:11,فِي,فِى,surface_mismatch,1:1;no_annotation_transferred,24:35
24:35:16,24:35:16,دُرِّيٌّ,دُرِّىٌّ,surface_mismatch,1:1;no_annotation_transferred,24:35
24:35:28,24:35:28,يُضِيءُ,يُضِىٓءُ,surface_mismatch,1:1;no_annotation_transferred,24:35
24:35:36,24:35:36,يَهْدِي,يَهْدِى,surface_mismatch,1:1;no_annotation_transferred,24:35
24:35:47,24:35:47,شَيْءٍ,شَىْءٍ,surface_mismatch,1:1;no_annotation_transferred,24:35
24:36:1,24:36:1,فِي,فِى,surface_mismatch,1:1;no_annotation_transferred,24:36
24:36:14,24:36:14,وَالْآصَالِ,وَٱلْءَاصَالِ,surface_mismatch,1:1;no_annotation_transferred,24:36
24:37:11,24:37:11,الصَّلَاةِ,ٱلصَّلَوٰةِ,surface_mismatch,1:1;no_annotation_transferred,24:37
24:37:13,24:37:13,الزَّكَاةِ,ٱلزَّكَوٰةِ,surface_mismatch,1:1;no_annotation_transferred,24:37
24:39:7,24:39:7,الظَّمْآنُ,ٱلظَّمْـَٔانُ,surface_mismatch,1:1;no_annotation_transferred,24:39
24:39:14,24:39:14,شَيْئًا,شَيْـًٔا,surface_mismatch,1:1;no_annotation_transferred,24:39
24:39:18,24:39:18,فَوَفَّاهُ,فَوَفَّىٰهُ,surface_mismatch,1:1;no_annotation_transferred,24:39
24:40:3,24:40:3,فِي,فِى,surface_mismatch,1:1;no_annotation_transferred,24:40
24:40:5,24:40:5,لُّجِّيٍّ,لُّجِّىٍّ,surface_mismatch,1:1;no_annotation_transferred,24:40
24:40:6,24:40:6,يَغْشَاهُ,يَغْشَىٰهُ,surface_mismatch,1:1;no_annotation_transferred,24:40
24:40:23,24:40:23,يَرَاهَا,يَرَىٰهَا,surface_mismatch,1:1;no_annotation_transferred,24:40
24:41:8,24:41:8,فِي,فِى,surface_mismatch,1:1;no_annotation_transferred,24:41
24:43:5,24:43:5,يُزْجِي,يُزْجِى,surface_mismatch,1:1;no_annotation_transferred,24:43
24:44:3,24:44:3,اللَّيْلَ,ٱلَّيْلَ,surface_mismatch,1:1;no_annotation_transferred,24:44
24:44:6,24:44:6,فِي,فِى,surface_mismatch,1:1;no_annotation_transferred,24:44
24:44:9,24:44:9,لِّأُولِي,لِّأُو۟لِى,surface_mismatch,1:1;no_annotation_transferred,24:44
24:45:9,24:45:9,يَمْشِي,يَمْشِى,surface_mismatch,1:1;no_annotation_transferred,24:45
24:45:14,24:45:14,يَمْشِي,يَمْشِى,surface_mismatch,1:1;no_annotation_transferred,24:45
24:45:19,24:45:19,يَمْشِي,يَمْشِى,surface_mismatch,1:1;no_annotation_transferred,24:45
24:45:30,24:45:30,شَيْءٍ,شَىْءٍ,surface_mismatch,1:1;no_annotation_transferred,24:45
24:46:3,24:46:3,آيَاتٍ,ءَايَٰتٍ,surface_mismatch,1:1;no_annotation_transferred,24:46
24:46:6,24:46:6,يَهْدِي,يَهْدِى,surface_mismatch,1:1;no_annotation_transferred,24:46
24:47:2,24:47:2,آمَنَّا,ءَامَنَّا,surface_mismatch,1:1;no_annotation_transferred,24:47
24:50:1,24:50:1,أَفِي,أَفِى,surface_mismatch,1:1;no_annotation_transferred,24:50
24:55:4,24:55:4,آمَنُوا,ءَامَنُوا۟,surface_mismatch,1:1;no_annotation_transferred,24:55
24:55:9,24:55:9,فِي,فِى,surface_mismatch,1:1;no_annotation_transferred,24:55
24:55:19,24:55:19,الَّذِي,ٱلَّذِى,surface_mismatch,1:1;no_annotation_transferred,24:55
24:55:27,24:55:27,يَعْبُدُونَنِي,يَعْبُدُونَنِى,surface_mismatch,1:1;no_annotation_transferred,24:55
24:55:30,24:55:30,بِي,بِى,surface_mismatch,1:1;no_annotation_transferred,24:55
24:55:31,24:55:31,شَيْئًا,شَيْـًٔا,surface_mismatch,1:1;no_annotation_transferred,24:55
24:56:2,24:56:2,الصَّلَاةَ,ٱلصَّلَوٰةَ,surface_mismatch,1:1;no_annotation_transferred,24:56
24:56:3,24:56:3,وَآتُوا,وَءَاتُوا۟,surface_mismatch,1:1;no_annotation_transferred,24:56
24:56:4,24:56:4,الزَّكَاةَ,ٱلزَّكَوٰةَ,surface_mismatch,1:1;no_annotation_transferred,24:56
24:57:6,24:57:6,فِي,فِى,surface_mismatch,1:1;no_annotation_transferred,24:57
24:57:8,24:57:8,وَمَأْوَاهُمُ,وَمَأْوَىٰهُمُ,surface_mismatch,1:1;no_annotation_transferred,24:57
24:58:3,24:58:4,آمَنُوا,ءَامَنُوا۟,surface_mismatch,1:1;no_annotation_transferred,24:58
24:58:4,24:58:5,لِيَسْتَأْذِنكُمُ,لِيَسْتَـْٔذِنكُمُ,surface_mismatch,1:1;no_annotation_transferred,24:58
24:58:17,24:58:18,صَلَاةِ,صَلَوٰةِ,surface_mismatch,1:1;no_annotation_transferred,24:58
24:58:26,24:58:27,صَلَاةِ,صَلَوٰةِ,surface_mismatch,1:1;no_annotation_transferred,24:58
24:58:46,24:58:47,الْآيَاتِ,ٱلْءَايَٰتِ,surface_mismatch,1:1;no_annotation_transferred,24:58
24:59:6,24:59:6,فَلْيَسْتَأْذِنُوا,فَلْيَسْتَـْٔذِنُوا۟,surface_mismatch,1:1;no_annotation_transferred,24:59
24:59:8,24:59:8,اسْتَأْذَنَ,ٱسْتَـْٔذَنَ,surface_mismatch,1:1;no_annotation_transferred,24:59
24:59:16,24:59:16,آيَاتِهِ,ءَايَٰتِهِۦ,surface_mismatch,1:1;no_annotation_transferred,24:59
24:60:4,24:60:4,اللَّاتِي,ٱلَّٰتِى,surface_mismatch,1:1;no_annotation_transferred,24:60
24:61:22,24:61:22,آبَائِكُمْ,ءَابَآئِكُمْ,surface_mismatch,1:1;no_annotation_transferred,24:61
24:61:74,24:61:74,الْآيَاتِ,ٱلْءَايَٰتِ,surface_mismatch,1:1;no_annotation_transferred,24:61
24:62:4,24:62:4,آمَنُوا,ءَامَنُوا۟,surface_mismatch,1:1;no_annotation_transferred,24:62
24:62:16,24:62:16,يَسْتَأْذِنُوهُ,يَسْتَـْٔذِنُوهُ,surface_mismatch,1:1;no_annotation_transferred,24:62
24:62:19,24:62:19,يَسْتَأْذِنُونَكَ,يَسْتَـْٔذِنُونَكَ,surface_mismatch,1:1;no_annotation_transferred,24:62
24:62:26,24:62:26,اسْتَأْذَنُوكَ,ٱسْتَـْٔذَنُوكَ,surface_mismatch,1:1;no_annotation_transferred,24:62
24:64:5,24:64:5,فِي,فِى,surface_mismatch,1:1;no_annotation_transferred,24:64
24:64:21,24:64:21,شَيْءٍ,شَىْءٍ,surface_mismatch,1:1;no_annotation_transferred,24:64
25:1:2,25:1:6,الَّذِي,ٱلَّذِى,surface_mismatch,1:1;no_annotation_transferred,25:1
25:2:1,25:2:1,الَّذِي,ٱلَّذِى,surface_mismatch,1:1;no_annotation_transferred,25:2
25:2:13,25:2:13,فِي,فِى,surface_mismatch,1:1;no_annotation_transferred,25:2
25:2:17,25:2:17,شَيْءٍ,شَىْءٍ,surface_mismatch,1:1;no_annotation_transferred,25:2
25:3:4,25:3:4,آلِهَةً,ءَالِهَةً,surface_mismatch,1:1;no_annotation_transferred,25:3
25:3:7,25:3:7,شَيْئًا,شَيْـًٔا,surface_mismatch,1:1;no_annotation_transferred,25:3
25:3:20,25:3:20,حَيَاةً,حَيَوٰةً,surface_mismatch,1:1;no_annotation_transferred,25:3
25:4:8,25:4:8,افْتَرَاهُ,ٱفْتَرَىٰهُ,surface_mismatch,1:1;no_annotation_transferred,25:4
25:4:12,25:4:12,آخَرُونَ,ءَاخَرُونَ,surface_mismatch,1:1;no_annotation_transferred,25:4
25:4:14,25:4:14,جَاءُوا,جَآءُو,surface_mismatch,1:1;no_annotation_transferred,25:4
25:5:5,25:5:5,فَهِيَ,فَهِىَ,surface_mismatch,1:1;no_annotation_transferred,25:5
25:6:3,25:6:3,الَّذِي,ٱلَّذِى,surface_mismatch,1:1;no_annotation_transferred,25:6
25:6:6,25:6:6,فِي,فِى,surface_mismatch,1:1;no_annotation_transferred,25:6
25:7:7,25:7:7,وَيَمْشِي,وَيَمْشِى,surface_mismatch,1:1;no_annotation_transferred,25:7
25:7:8,25:7:8,فِي,فِى,surface_mismatch,1:1;no_annotation_transferred,25:7
25:10:2,25:10:2,الَّذِي,ٱلَّذِىٓ,surface_mismatch,1:1;no_annotation_transferred,25:10
25:10:11,25:10:11,تَجْرِي,تَجْرِى,surface_mismatch,1:1;no_annotation_transferred,25:10
25:15:7,25:15:7,الَّتِي,ٱلَّتِى,surface_mismatch,1:1;no_annotation_transferred,25:15
25:16:10,25:16:10,مَّسْئُولًا,مَّسْـُٔولًا,surface_mismatch,1:1;no_annotation_transferred,25:16
25:17:9,25:17:9,أَأَنتُمْ,ءَأَنتُمْ,surface_mismatch,1:1;no_annotation_transferred,25:17
25:17:11,25:17:11,عِبَادِي,عِبَادِى,surface_mismatch,1:1;no_annotation_transferred,25:17
25:18:5,25:18:5,يَنبَغِي,يَنۢبَغِى,surface_mismatch,1:1;no_annotation_transferred,25:18
25:18:15,25:18:15,وَآبَاءَهُمْ,وَءَابَآءَهُمْ,surface_mismatch,1:1;no_annotation_transferred,25:18
25:20:11,25:20:11,فِي,فِى,surface_mismatch,1:1;no_annotation_transferred,25:20
25:21:15,25:21:15,فِي,فِىٓ,surface_mismatch,1:1;no_annotation_transferred,25:21
25:21:17,25:21:17,وَعَتَوْا,وَعَتَوْ,surface_mismatch,1:1;no_annotation_transferred,25:21
25:27:1,,وَيَوْمَ يَعَضُّ الظَّالِمُ عَلَىٰ يَدَيْهِ يَقُولُ يَا لَيْتَنِي اتَّخَذْتُ مَعَ الرَّسُولِ سَبِيلًا,وَيَوْمَ,ambiguous_verse,multiple_optimal_paths,25:27
25:27:2,,وَيَوْمَ يَعَضُّ الظَّالِمُ عَلَىٰ يَدَيْهِ يَقُولُ يَا لَيْتَنِي اتَّخَذْتُ مَعَ الرَّسُولِ سَبِيلًا,يَعَضُّ,ambiguous_verse,multiple_optimal_paths,25:27
25:27:3,,وَيَوْمَ يَعَضُّ الظَّالِمُ عَلَىٰ يَدَيْهِ يَقُولُ يَا لَيْتَنِي اتَّخَذْتُ مَعَ الرَّسُولِ سَبِيلًا,ٱلظَّالِمُ,ambiguous_verse,multiple_optimal_paths,25:27
25:27:4,,وَيَوْمَ يَعَضُّ الظَّالِمُ عَلَىٰ يَدَيْهِ يَقُولُ يَا لَيْتَنِي اتَّخَذْتُ مَعَ الرَّسُولِ سَبِيلًا,عَلَىٰ,ambiguous_verse,multiple_optimal_paths,25:27
25:27:5,,وَيَوْمَ يَعَضُّ الظَّالِمُ عَلَىٰ يَدَيْهِ يَقُولُ يَا لَيْتَنِي اتَّخَذْتُ مَعَ الرَّسُولِ سَبِيلًا,يَدَيْهِ,ambiguous_verse,multiple_optimal_paths,25:27
25:27:6,,وَيَوْمَ يَعَضُّ الظَّالِمُ عَلَىٰ يَدَيْهِ يَقُولُ يَا لَيْتَنِي اتَّخَذْتُ مَعَ الرَّسُولِ سَبِيلًا,يَقُولُ,ambiguous_verse,multiple_optimal_paths,25:27
25:27:7,,وَيَوْمَ يَعَضُّ الظَّالِمُ عَلَىٰ يَدَيْهِ يَقُولُ يَا لَيْتَنِي اتَّخَذْتُ مَعَ الرَّسُولِ سَبِيلًا,يَٰلَيْتَنِى,ambiguous_verse,multiple_optimal_paths,25:27
25:27:8,,وَيَوْمَ يَعَضُّ الظَّالِمُ عَلَىٰ يَدَيْهِ يَقُولُ يَا لَيْتَنِي اتَّخَذْتُ مَعَ الرَّسُولِ سَبِيلًا,ٱتَّخَذْتُ,ambiguous_verse,multiple_optimal_paths,25:27
25:27:9,,وَيَوْمَ يَعَضُّ الظَّالِمُ عَلَىٰ يَدَيْهِ يَقُولُ يَا لَيْتَنِي اتَّخَذْتُ مَعَ الرَّسُولِ سَبِيلًا,مَعَ,ambiguous_verse,multiple_optimal_paths,25:27
25:27:10,,وَيَوْمَ يَعَضُّ الظَّالِمُ عَلَىٰ يَدَيْهِ يَقُولُ يَا لَيْتَنِي اتَّخَذْتُ مَعَ الرَّسُولِ سَبِيلًا,ٱلرَّسُولِ,ambiguous_verse,multiple_optimal_paths,25:27
25:27:11,,وَيَوْمَ يَعَضُّ الظَّالِمُ عَلَىٰ يَدَيْهِ يَقُولُ يَا لَيْتَنِي اتَّخَذْتُ مَعَ الرَّسُولِ سَبِيلًا,سَبِيلًا,ambiguous_verse,multiple_optimal_paths,25:27
25:28:2,25:28:3,لَيْتَنِي,لَيْتَنِى,surface_mismatch,1:1;no_annotation_transferred,25:28
25:29:2,25:29:2,أَضَلَّنِي,أَضَلَّنِى,surface_mismatch,1:1;no_annotation_transferred,25:29
25:29:7,25:29:7,جَاءَنِي,جَآءَنِى,surface_mismatch,1:1;no_annotation_transferred,25:29
25:30:5,25:30:6,قَوْمِي,قَوْمِى,surface_mismatch,1:1;no_annotation_transferred,25:30
25:30:8,25:30:9,الْقُرْآنَ,ٱلْقُرْءَانَ,surface_mismatch,1:1;no_annotation_transferred,25:30
25:31:4,25:31:4,نَبِيٍّ,نَبِىٍّ,surface_mismatch,1:1;no_annotation_transferred,25:31
25:32:7,25:32:7,الْقُرْآنُ,ٱلْقُرْءَانُ,surface_mismatch,1:1;no_annotation_transferred,25:32
25:35:2,25:35:2,آتَيْنَا,ءَاتَيْنَا,surface_mismatch,1:1;no_annotation_transferred,25:35
25:36:7,25:36:7,بِآيَاتِنَا,بِـَٔايَٰتِنَا,surface_mismatch,1:1;no_annotation_transferred,25:36
25:37:9,25:37:9,آيَةً,ءَايَةً,surface_mismatch,1:1;no_annotation_transferred,25:37
25:38:2,25:38:2,وَثَمُودَ,وَثَمُودَا۟,surface_mismatch,1:1;no_annotation_transferred,25:38
25:40:5,25:40:5,الَّتِي,ٱلَّتِىٓ,surface_mismatch,1:1;no_annotation_transferred,25:40
25:41:8,25:41:8,الَّذِي,ٱلَّذِى,surface_mismatch,1:1;no_annotation_transferred,25:41
25:42:5,25:42:5,آلِهَتِنَا,ءَالِهَتِنَا,surface_mismatch,1:1;no_annotation_transferred,25:42
25:43:1,25:43:1,أَرَأَيْتَ,أَرَءَيْتَ,surface_mismatch,1:1;no_annotation_transferred,25:43
25:43:5,25:43:5,هَوَاهُ,هَوَىٰهُ,surface_mismatch,1:1;no_annotation_transferred,25:43
25:47:2,25:47:2,الَّذِي,ٱلَّذِى,surface_mismatch,1:1;no_annotation_transferred,25:47
25:47:5,25:47:5,اللَّيْلَ,ٱلَّيْلَ,surface_mismatch,1:1;no_annotation_transferred,25:47
25:48:2,25:48:2,الَّذِي,ٱلَّذِىٓ,surface_mismatch,1:1;no_annotation_transferred,25:48
25:48:7,25:48:7,يَدَيْ,يَدَىْ,surface_mismatch,1:1;no_annotation_transferred,25:48
25:49:1,25:49:1,لِّنُحْيِيَ,لِّنُحْۦِىَ,surface_mismatch,1:1;no_annotation_transferred,25:49
25:49:9,25:49:9,وَأَنَاسِيَّ,وَأَنَاسِىَّ,surface_mismatch,1:1;no_annotation_transferred,25:49
25:51:4,25:51:4,فِي,فِى,surface_mismatch,1:1;no_annotation_transferred,25:51
25:53:2,25:53:2,الَّذِي,ٱلَّذِى,surface_mismatch,1:1;no_annotation_transferred,25:53
25:54:2,25:54:2,الَّذِي,ٱلَّذِى,surface_mismatch,1:1;no_annotation_transferred,25:54
25:57:3,25:57:3,أَسْأَلُكُمْ,أَسْـَٔلُكُمْ,surface_mismatch,1:1;no_annotation_transferred,25:57
25:58:3,25:58:3,الْحَيِّ,ٱلْحَىِّ,surface_mismatch,1:1;no_annotation_transferred,25:58
25:58:4,25:58:4,الَّذِي,ٱلَّذِى,surface_mismatch,1:1;no_annotation_transferred,25:58
25:59:1,25:59:1,الَّذِي,ٱلَّذِى,surface_mismatch,1:1;no_annotation_transferred,25:59
25:59:7,25:59:7,فِي,فِى,surface_mismatch,1:1;no_annotation_transferred,25:59
25:59:15,25:59:15,فَاسْأَلْ,فَسْـَٔلْ,surface_mismatch,1:1;no_annotation_transferred,25:59
25:61:2,25:61:2,الَّذِي,ٱلَّذِى,surface_mismatch,1:1;no_annotation_transferred,25:61
25:61:4,25:61:4,فِي,فِى,surface_mismatch,1:1;no_annotation_transferred,25:61
25:62:2,25:62:2,الَّذِي,ٱلَّذِى,surface_mismatch,1:1;no_annotation_transferred,25:62
25:62:4,25:62:4,اللَّيْلَ,ٱلَّيْلَ,surface_mismatch,1:1;no_annotation_transferred,25:62
25:68:7,25:68:7,آخَرَ,ءَاخَرَ,surface_mismatch,1:1;no_annotation_transferred,25:68
25:68:11,25:68:11,الَّتِي,ٱلَّتِى,surface_mismatch,1:1;no_annotation_transferred,25:68
25:70:4,25:70:4,وَآمَنَ,وَءَامَنَ,surface_mismatch,1:1;no_annotation_transferred,25:70
25:70:11,25:70:11,سَيِّئَاتِهِمْ,سَيِّـَٔاتِهِمْ,surface_mismatch,1:1;no_annotation_transferred,25:70
25:73:4,25:73:4,بِآيَاتِ,بِـَٔايَٰتِ,surface_mismatch,1:1;no_annotation_transferred,25:73
25:77:3,25:77:3,يَعْبَأُ,يَعْبَؤُا۟,surface_mismatch,1:1;no_annotation_transferred,25:77
25:77:5,25:77:5,رَبِّي,رَبِّى,surface_mismatch,1:1;no_annotation_transferred,25:77
26:2:2,26:2:2,آيَاتُ,ءَايَٰتُ,surface_mismatch,1:1;no_annotation_transferred,26:2
26:4:7,26:4:7,آيَةً,ءَايَةً,surface_mismatch,1:1;no_annotation_transferred,26:4
26:6:4,26:6:4,أَنبَاءُ,أَنۢبَٰٓؤُا۟,surface_mismatch,1:1;no_annotation_transferred,26:6
26:6:8,26:6:8,يَسْتَهْزِئُونَ,يَسْتَهْزِءُونَ,surface_mismatch,1:1;no_annotation_transferred,26:6
26:8:2,26:8:2,فِي,فِى,surface_mismatch,1:1;no_annotation_transferred,26:8
26:8:4,26:8:4,لَآيَةً,لَءَايَةً,surface_mismatch,1:1;no_annotation_transferred,26:8
26:12:3,26:12:3,إِنِّي,إِنِّىٓ,surface_mismatch,1:1;no_annotation_transferred,26:12
26:13:2,26:13:2,صَدْرِي,صَدْرِى,surface_mismatch,1:1;no_annotation_transferred,26:13
26:13:5,26:13:5,لِسَانِي,لِسَانِى,surface_mismatch,1:1;no_annotation_transferred,26:13
26:14:2,26:14:2,عَلَيَّ,عَلَىَّ,surface_mismatch,1:1;no_annotation_transferred,26:14
26:15:4,26:15:4,بِآيَاتِنَا,بِـَٔايَٰتِنَآ,surface_mismatch,1:1;no_annotation_transferred,26:15
26:17:4,26:17:4,بَنِي,بَنِىٓ,surface_mismatch,1:1;no_annotation_transferred,26:17
26:17:5,26:17:5,إِسْرَائِيلَ,إِسْرَٰٓءِيلَ,surface_mismatch,1:1;no_annotation_transferred,26:17
26:19:3,26:19:3,الَّتِي,ٱلَّتِى,surface_mismatch,1:1;no_annotation_transferred,26:19
26:21:6,26:21:6,لِي,لِى,surface_mismatch,1:1;no_annotation_transferred,26:21
26:21:7,26:21:7,رَبِّي,رَبِّى,surface_mismatch,1:1;no_annotation_transferred,26:21
26:21:9,26:21:9,وَجَعَلَنِي,وَجَعَلَنِى,surface_mismatch,1:1;no_annotation_transferred,26:21
26:22:4,26:22:4,عَلَيَّ,عَلَىَّ,surface_mismatch,1:1;no_annotation_transferred,26:22
26:22:7,26:22:7,بَنِي,بَنِىٓ,surface_mismatch,1:1;no_annotation_transferred,26:22
26:22:8,26:22:8,إِسْرَائِيلَ,إِسْرَٰٓءِيلَ,surface_mismatch,1:1;no_annotation_transferred,26:22
26:26:4,26:26:4,آبَائِكُمُ,ءَابَآئِكُمُ,surface_mismatch,1:1;no_annotation_transferred,26:26
26:27:4,26:27:4,الَّذِي,ٱلَّذِىٓ,surface_mismatch,1:1;no_annotation_transferred,26:27
26:29:5,26:29:5,غَيْرِي,غَيْرِى,surface_mismatch,1:1;no_annotation_transferred,26:29
26:30:4,26:30:4,بِشَيْءٍ,بِشَىْءٍ,surface_mismatch,1:1;no_annotation_transferred,26:30
26:32:4,26:32:4,هِيَ,هِىَ,surface_mismatch,1:1;no_annotation_transferred,26:32
26:33:4,26:33:4,هِيَ,هِىَ,surface_mismatch,1:1;no_annotation_transferred,26:33
26:36:5,26:36:5,فِي,فِى,surface_mismatch,1:1;no_annotation_transferred,26:36
26:45:5,26:45:5,هِيَ,هِىَ,surface_mismatch,1:1;no_annotation_transferred,26:45
26:46:1,26:46:1,فَأُلْقِيَ,فَأُلْقِىَ,surface_mismatch,1:1;no_annotation_transferred,26:46
26:47:2,26:47:2,آمَنَّا,ءَامَنَّا,surface_mismatch,1:1;no_annotation_transferred,26:47
26:49:2,26:49:2,آمَنتُمْ,ءَامَنتُمْ,surface_mismatch,1:1;no_annotation_transferred,26:49
26:49:6,26:49:6,آذَنَ,ءَاذَنَ,surface_mismatch,1:1;no_annotation_transferred,26:49
26:49:10,26:49:10,الَّذِي,ٱلَّذِى,surface_mismatch,1:1;no_annotation_transferred,26:49
26:52:6,26:52:6,بِعِبَادِي,بِعِبَادِىٓ,surface_mismatch,1:1;no_annotation_transferred,26:52
26:53:3,26:53:3,فِي,فِى,surface_mismatch,1:1;no_annotation_transferred,26:53
26:59:3,26:59:3,بَنِي,بَنِىٓ,surface_mismatch,1:1;no_annotation_transferred,26:59
26:59:4,26:59:4,إِسْرَائِيلَ,إِسْرَٰٓءِيلَ,surface_mismatch,1:1;no_annotation_transferred,26:59
26:61:2,26:61:2,تَرَاءَى,تَرَٰٓءَا,surface_mismatch,1:1;no_annotation_transferred,26:61
26:62:4,26:62:4,مَعِيَ,مَعِىَ,surface_mismatch,1:1;no_annotation_transferred,26:62
26:62:5,26:62:5,رَبِّي,رَبِّى,surface_mismatch,1:1;no_annotation_transferred,26:62
26:64:3,26:64:3,الْآخَرِينَ,ٱلْءَاخَرِينَ,surface_mismatch,1:1;no_annotation_transferred,26:64
26:66:3,26:66:3,الْآخَرِينَ,ٱلْءَاخَرِينَ,surface_mismatch,1:1;no_annotation_transferred,26:66
26:67:2,26:67:2,فِي,فِى,surface_mismatch,1:1;no_annotation_transferred,26:67
26:67:4,26:67:4,لَآيَةً,لَءَايَةً,surface_mismatch,1:1;no_annotation_transferred,26:67
26:74:4,26:74:4,آبَاءَنَا,ءَابَآءَنَا,surface_mismatch,1:1;no_annotation_transferred,26:74
26:75:2,26:75:2,أَفَرَأَيْتُم,أَفَرَءَيْتُم,surface_mismatch,1:1;no_annotation_transferred,26:75
26:76:2,26:76:2,وَآبَاؤُكُمُ,وَءَابَآؤُكُمُ,surface_mismatch,1:1;no_annotation_transferred,26:76
26:77:3,26:77:3,لِّي,لِّىٓ,surface_mismatch,1:1;no_annotation_transferred,26:77
26:78:1,26:78:1,الَّذِي,ٱلَّذِى,surface_mismatch,1:1;no_annotation_transferred,26:78
26:78:2,26:78:2,خَلَقَنِي,خَلَقَنِى,surface_mismatch,1:1;no_annotation_transferred,26:78
26:79:1,26:79:1,وَالَّذِي,وَٱلَّذِى,surface_mismatch,1:1;no_annotation_transferred,26:79
26:79:3,26:79:3,يُطْعِمُنِي,يُطْعِمُنِى,surface_mismatch,1:1;no_annotation_transferred,26:79
26:81:1,26:81:1,وَالَّذِي,وَٱلَّذِى,surface_mismatch,1:1;no_annotation_transferred,26:81
26:81:2,26:81:2,يُمِيتُنِي,يُمِيتُنِى,surface_mismatch,1:1;no_annotation_transferred,26:81
26:82:1,26:82:1,وَالَّذِي,وَٱلَّذِىٓ,surface_mismatch,1:1;no_annotation_transferred,26:82
26:82:5,26:82:5,لِي,لِى,surface_mismatch,1:1;no_annotation_transferred,26:82
26:82:6,26:82:6,خَطِيئَتِي,خَطِيٓـَٔتِى,surface_mismatch,1:1;no_annotation_transferred,26:82
26:83:3,26:83:3,لِي,لِى,surface_mismatch,1:1;no_annotation_transferred,26:83
26:83:5,26:83:5,وَأَلْحِقْنِي,وَأَلْحِقْنِى,surface_mismatch,1:1;no_annotation_transferred,26:83
26:84:2,26:84:2,لِّي,لِّى,surface_mismatch,1:1;no_annotation_transferred,26:84
26:84:5,26:84:5,فِي,فِى,surface_mismatch,1:1;no_annotation_transferred,26:84
26:84:6,26:84:6,الْآخِرِينَ,ٱلْءَاخِرِينَ,surface_mismatch,1:1;no_annotation_transferred,26:84
26:85:1,26:85:1,وَاجْعَلْنِي,وَٱجْعَلْنِى,surface_mismatch,1:1;no_annotation_transferred,26:85
26:86:2,26:86:2,لِأَبِي,لِأَبِىٓ,surface_mismatch,1:1;no_annotation_transferred,26:86
26:87:2,26:87:2,تُخْزِنِي,تُخْزِنِى,surface_mismatch,1:1;no_annotation_transferred,26:87
26:94:4,26:94:4,وَالْغَاوُونَ,وَٱلْغَاوُۥنَ,surface_mismatch,1:1;no_annotation_transferred,26:94
26:97:4,26:97:4,لَفِي,لَفِى,surface_mismatch,1:1;no_annotation_transferred,26:97
26:103:2,26:103:2,فِي,فِى,surface_mismatch,1:1;no_annotation_transferred,26:103
26:103:4,26:103:4,لَآيَةً,لَءَايَةً,surface_mismatch,1:1;no_annotation_transferred,26:103
26:107:1,26:107:1,إِنِّي,إِنِّى,surface_mismatch,1:1;no_annotation_transferred,26:107
26:109:2,26:109:2,أَسْأَلُكُمْ,أَسْـَٔلُكُمْ,surface_mismatch,1:1;no_annotation_transferred,26:109
26:109:7,26:109:7,أَجْرِيَ,أَجْرِىَ,surface_mismatch,1:1;no_annotation_transferred,26:109
26:112:3,26:112:3,عِلْمِي,عِلْمِى,surface_mismatch,1:1;no_annotation_transferred,26:112
26:113:5,26:113:5,رَبِّي,رَبِّى,surface_mismatch,1:1;no_annotation_transferred,26:113
26:117:4,26:117:4,قَوْمِي,قَوْمِى,surface_mismatch,1:1;no_annotation_transferred,26:117
26:118:2,26:118:2,بَيْنِي,بَيْنِى,surface_mismatch,1:1;no_annotation_transferred,26:118
26:118:5,26:118:5,وَنَجِّنِي,وَنَجِّنِى,surface_mismatch,1:1;no_annotation_transferred,26:118
26:118:7,26:118:7,مَّعِيَ,مَّعِىَ,surface_mismatch,1:1;no_annotation_transferred,26:118
26:119:4,26:119:4,فِي,فِى,surface_mismatch,1:1;no_annotation_transferred,26:119
26:121:2,26:121:2,فِي,فِى,surface_mismatch,1:1;no_annotation_transferred,26:121
26:121:4,26:121:4,لَآيَةً,لَءَايَةً,surface_mismatch,1:1;no_annotation_transferred,26:121
26:125:1,26:125:1,إِنِّي,إِنِّى,surface_mismatch,1:1;no_annotation_transferred,26:125
26:127:2,26:127:2,أَسْأَلُكُمْ,أَسْـَٔلُكُمْ,surface_mismatch,1:1;no_annotation_transferred,26:127
26:127:7,26:127:7,أَجْرِيَ,أَجْرِىَ,surface_mismatch,1:1;no_annotation_transferred,26:127
26:128:4,26:128:4,آيَةً,ءَايَةً,surface_mismatch,1:1;no_annotation_transferred,26:128
26:132:2,26:132:2,الَّذِي,ٱلَّذِىٓ,surface_mismatch,1:1;no_annotation_transferred,26:132
26:135:1,26:135:1,إِنِّي,إِنِّىٓ,surface_mismatch,1:1;no_annotation_transferred,26:135
26:139:4,26:139:4,فِي,فِى,surface_mismatch,1:1;no_annotation_transferred,26:139
26:139:6,26:139:6,لَآيَةً,لَءَايَةً,surface_mismatch,1:1;no_annotation_transferred,26:139
26:143:1,26:143:1,إِنِّي,إِنِّى,surface_mismatch,1:1;no_annotation_transferred,26:143
26:145:2,26:145:2,أَسْأَلُكُمْ,أَسْـَٔلُكُمْ,surface_mismatch,1:1;no_annotation_transferred,26:145
26:145:7,26:145:7,أَجْرِيَ,أَجْرِىَ,surface_mismatch,1:1;no_annotation_transferred,26:145
26:146:2,26:146:2,فِي,فِى,surface_mismatch,1:1;no_annotation_transferred,26:146
26:146:5,26:146:5,آمِنِينَ,ءَامِنِينَ,surface_mismatch,1:1;no_annotation_transferred,26:146
26:147:1,26:147:1,فِي,فِى,surface_mismatch,1:1;no_annotation_transferred,26:147
26:152:3,26:152:3,فِي,فِى,surface_mismatch,1:1;no_annotation_transferred,26:152
26:154:7,26:154:7,بِآيَةٍ,بِـَٔايَةٍ,surface_mismatch,1:1;no_annotation_transferred,26:154
26:158:4,26:158:4,فِي,فِى,surface_mismatch,1:1;no_annotation_transferred,26:158
26:158:6,26:158:6,لَآيَةً,لَءَايَةً,surface_mismatch,1:1;no_annotation_transferred,26:158
26:162:1,26:162:1,إِنِّي,إِنِّى,surface_mismatch,1:1;no_annotation_transferred,26:162
26:164:2,26:164:2,أَسْأَلُكُمْ,أَسْـَٔلُكُمْ,surface_mismatch,1:1;no_annotation_transferred,26:164
26:164:7,26:164:7,أَجْرِيَ,أَجْرِىَ,surface_mismatch,1:1;no_annotation_transferred,26:164
26:168:2,26:168:2,إِنِّي,إِنِّى,surface_mismatch,1:1;no_annotation_transferred,26:168
26:169:2,26:169:2,نَجِّنِي,نَجِّنِى,surface_mismatch,1:1;no_annotation_transferred,26:169
26:169:3,26:169:3,وَأَهْلِي,وَأَهْلِى,surface_mismatch,1:1;no_annotation_transferred,26:169
26:171:3,26:171:3,فِي,فِى,surface_mismatch,1:1;no_annotation_transferred,26:171
26:172:3,26:172:3,الْآخَرِينَ,ٱلْءَاخَرِينَ,surface_mismatch,1:1;no_annotation_transferred,26:172
26:174:2,26:174:2,فِي,فِى,surface_mismatch,1:1;no_annotation_transferred,26:174
26:174:4,26:174:4,لَآيَةً,لَءَايَةً,surface_mismatch,1:1;no_annotation_transferred,26:174
26:176:3,26:176:3,الْأَيْكَةِ,لْـَٔيْكَةِ,surface_mismatch,1:1;no_annotation_transferred,26:176
26:178:1,26:178:1,إِنِّي,إِنِّى,surface_mismatch,1:1;no_annotation_transferred,26:178
26:180:2,26:180:2,أَسْأَلُكُمْ,أَسْـَٔلُكُمْ,surface_mismatch,1:1;no_annotation_transferred,26:180
26:180:7,26:180:7,أَجْرِيَ,أَجْرِىَ,surface_mismatch,1:1;no_annotation_transferred,26:180
26:183:7,26:183:7,فِي,فِى,surface_mismatch,1:1;no_annotation_transferred,26:183
26:184:2,26:184:2,الَّذِي,ٱلَّذِى,surface_mismatch,1:1;no_annotation_transferred,26:184
26:188:2,26:188:2,رَبِّي,رَبِّىٓ,surface_mismatch,1:1;no_annotation_transferred,26:188
26:190:2,26:190:2,فِي,فِى,surface_mismatch,1:1;no_annotation_transferred,26:190
26:190:4,26:190:4,لَآيَةً,لَءَايَةً,surface_mismatch,1:1;no_annotation_transferred,26:190
26:195:2,26:195:2,عَرَبِيٍّ,عَرَبِىٍّ,surface_mismatch,1:1;no_annotation_transferred,26:195
26:196:2,26:196:2,لَفِي,لَفِى,surface_mismatch,1:1;no_annotation_transferred,26:196
26:197:4,26:197:4,آيَةً,ءَايَةً,surface_mismatch,1:1;no_annotation_transferred,26:197
26:197:7,26:197:7,عُلَمَاءُ,عُلَمَٰٓؤُا۟,surface_mismatch,1:1;no_annotation_transferred,26:197
26:197:8,26:197:8,بَنِي,بَنِىٓ,surface_mismatch,1:1;no_annotation_transferred,26:197
26:197:9,26:197:9,إِسْرَائِيلَ,إِسْرَٰٓءِيلَ,surface_mismatch,1:1;no_annotation_transferred,26:197
26:200:3,26:200:3,فِي,فِى,surface_mismatch,1:1;no_annotation_transferred,26:200
26:205:1,26:205:1,أَفَرَأَيْتَ,أَفَرَءَيْتَ,surface_mismatch,1:1;no_annotation_transferred,26:205
26:211:2,26:211:2,يَنبَغِي,يَنۢبَغِى,surface_mismatch,1:1;no_annotation_transferred,26:211
26:213:6,26:213:6,آخَرَ,ءَاخَرَ,surface_mismatch,1:1;no_annotation_transferred,26:213
26:216:4,26:216:4,إِنِّي,إِنِّى,surface_mismatch,1:1;no_annotation_transferred,26:216
26:216:5,26:216:5,بَرِيءٌ,بَرِىٓءٌ,surface_mismatch,1:1;no_annotation_transferred,26:216
26:218:1,26:218:1,الَّذِي,ٱلَّذِى,surface_mismatch,1:1;no_annotation_transferred,26:218
26:218:2,26:218:2,يَرَاكَ,يَرَىٰكَ,surface_mismatch,1:1;no_annotation_transferred,26:218
26:219:2,26:219:2,فِي,فِى,surface_mismatch,1:1;no_annotation_transferred,26:219
26:224:3,26:224:3,الْغَاوُونَ,ٱلْغَاوُۥنَ,surface_mismatch,1:1;no_annotation_transferred,26:224
26:225:4,26:225:4,فِي,فِى,surface_mismatch,1:1;no_annotation_transferred,26:225
26:227:3,26:227:3,آمَنُوا,ءَامَنُوا۟,surface_mismatch,1:1;no_annotation_transferred,26:227
26:227:17,26:227:17,أَيَّ,أَىَّ,surface_mismatch,1:1;no_annotation_transferred,26:227
27:1:3,27:1:7,آيَاتُ,ءَايَٰتُ,surface_mismatch,1:1;no_annotation_transferred,27:1
27:1:4,27:1:8,الْقُرْآنِ,ٱلْقُرْءَانِ,surface_mismatch,1:1;no_annotation_transferred,27:1
27:3:3,27:3:3,الصَّلَاةَ,ٱلصَّلَوٰةَ,surface_mismatch,1:1;no_annotation_transferred,27:3
27:3:5,27:3:5,الزَّكَاةَ,ٱلزَّكَوٰةَ,surface_mismatch,1:1;no_annotation_transferred,27:3
27:3:7,27:3:7,بِالْآخِرَةِ,بِٱلْءَاخِرَةِ,surface_mismatch,1:1;no_annotation_transferred,27:3
27:4:5,27:4:5,بِالْآخِرَةِ,بِٱلْءَاخِرَةِ,surface_mismatch,1:1;no_annotation_transferred,27:4
27:5:7,27:5:7,فِي,فِى,surface_mismatch,1:1;no_annotation_transferred,27:5
27:5:8,27:5:8,الْآخِرَةِ,ٱلْءَاخِرَةِ,surface_mismatch,1:1;no_annotation_transferred,27:5
27:6:3,27:6:3,الْقُرْآنَ,ٱلْقُرْءَانَ,surface_mismatch,1:1;no_annotation_transferred,27:6
27:7:5,27:7:5,إِنِّي,إِنِّىٓ,surface_mismatch,1:1;no_annotation_transferred,27:7
27:7:6,27:7:6,آنَسْتُ,ءَانَسْتُ,surface_mismatch,1:1;no_annotation_transferred,27:7
27:7:8,27:7:8,سَآتِيكُم,سَـَٔاتِيكُم,surface_mismatch,1:1;no_annotation_transferred,27:7
27:7:12,27:7:12,آتِيكُم,ءَاتِيكُم,surface_mismatch,1:1;no_annotation_transferred,27:7
27:8:3,27:8:3,نُودِيَ,نُودِىَ,surface_mismatch,1:1;no_annotation_transferred,27:8
27:8:7,27:8:7,فِي,فِى,surface_mismatch,1:1;no_annotation_transferred,27:8
27:10:4,27:10:4,رَآهَا,رَءَاهَا,surface_mismatch,1:1;no_annotation_transferred,27:10
27:10:15,27:10:16,إِنِّي,إِنِّى,surface_mismatch,1:1;no_annotation_transferred,27:10
27:10:18,27:10:19,لَدَيَّ,لَدَىَّ,surface_mismatch,1:1;no_annotation_transferred,27:10
27:11:9,27:11:9,فَإِنِّي,فَإِنِّى,surface_mismatch,1:1;no_annotation_transferred,27:11
27:12:3,27:12:3,فِي,فِى,surface_mismatch,1:1;no_annotation_transferred,27:12
27:12:10,27:12:10,فِي,فِى,surface_mismatch,1:1;no_annotation_transferred,27:12
27:12:12,27:12:12,آيَاتٍ,ءَايَٰتٍ,surface_mismatch,1:1;no_annotation_transferred,27:12
27:13:3,27:13:3,آيَاتُنَا,ءَايَٰتُنَا,surface_mismatch,1:1;no_annotation_transferred,27:13
27:15:2,27:15:2,آتَيْنَا,ءَاتَيْنَا,surface_mismatch,1:1;no_annotation_transferred,27:15
27:15:3,27:15:3,دَاوُودَ,دَاوُۥدَ,surface_mismatch,1:1;no_annotation_transferred,27:15
27:15:9,27:15:9,الَّذِي,ٱلَّذِى,surface_mismatch,1:1;no_annotation_transferred,27:15
27:16:3,27:16:3,دَاوُودَ,دَاوُۥدَ,surface_mismatch,1:1;no_annotation_transferred,27:16
27:16:13,27:16:14,شَيْءٍ,شَىْءٍ,surface_mismatch,1:1;no_annotation_transferred,27:16
27:19:7,27:19:7,أَوْزِعْنِي,أَوْزِعْنِىٓ,surface_mismatch,1:1;no_annotation_transferred,27:19
27:19:11,27:19:11,الَّتِي,ٱلَّتِىٓ,surface_mismatch,1:1;no_annotation_transferred,27:19
27:19:13,27:19:13,عَلَيَّ,عَلَىَّ,surface_mismatch,1:1;no_annotation_transferred,27:19
27:19:15,27:19:15,وَالِدَيَّ,وَٰلِدَىَّ,surface_mismatch,1:1;no_annotation_transferred,27:19
27:19:19,27:19:19,تَرْضَاهُ,تَرْضَىٰهُ,surface_mismatch,1:1;no_annotation_transferred,27:19
27:19:20,27:19:20,وَأَدْخِلْنِي,وَأَدْخِلْنِى,surface_mismatch,1:1;no_annotation_transferred,27:19
27:19:22,27:19:22,فِي,فِى,surface_mismatch,1:1;no_annotation_transferred,27:19
27:20:5,27:20:5,لِيَ,لِىَ,surface_mismatch,1:1;no_annotation_transferred,27:20
27:21:5,27:21:5,لَأَذْبَحَنَّهُ,لَأَا۟ذْبَحَنَّهُۥٓ,surface_mismatch,1:1;no_annotation_transferred,27:21
27:21:7,27:21:7,لَيَأْتِيَنِّي,لَيَأْتِيَنِّى,surface_mismatch,1:1;no_annotation_transferred,27:21
27:23:1,27:23:1,إِنِّي,إِنِّى,surface_mismatch,1:1;no_annotation_transferred,27:23
27:23:8,27:23:8,شَيْءٍ,شَىْءٍ,surface_mismatch,1:1;no_annotation_transferred,27:23
27:25:4,27:25:4,الَّذِي,ٱلَّذِى,surface_mismatch,1:1;no_annotation_transferred,27:25
27:25:7,27:25:7,فِي,فِى,surface_mismatch,1:1;no_annotation_transferred,27:25
27:28:2,27:28:2,بِّكِتَابِي,بِّكِتَٰبِى,surface_mismatch,1:1;no_annotation_transferred,27:28
27:29:3,27:29:4,الْمَلَأُ,ٱلْمَلَؤُا۟,surface_mismatch,1:1;no_annotation_transferred,27:29
27:29:4,27:29:5,إِنِّي,إِنِّىٓ,surface_mismatch,1:1;no_annotation_transferred,27:29
27:29:5,27:29:6,أُلْقِيَ,أُلْقِىَ,surface_mismatch,1:1;no_annotation_transferred,27:29
27:29:6,27:29:7,إِلَيَّ,إِلَىَّ,surface_mismatch,1:1;no_annotation_transferred,27:29
27:31:3,27:31:3,عَلَيَّ,عَلَىَّ,surface_mismatch,1:1;no_annotation_transferred,27:31
27:31:4,27:31:4,وَأْتُونِي,وَأْتُونِى,surface_mismatch,1:1;no_annotation_transferred,27:31
27:32:3,27:32:4,الْمَلَأُ,ٱلْمَلَؤُا۟,surface_mismatch,1:1;no_annotation_transferred,27:32
27:32:4,27:32:5,أَفْتُونِي,أَفْتُونِى,surface_mismatch,1:1;no_annotation_transferred,27:32
27:32:5,27:32:6,فِي,فِىٓ,surface_mismatch,1:1;no_annotation_transferred,27:32
27:32:6,27:32:7,أَمْرِي,أَمْرِى,surface_mismatch,1:1;no_annotation_transferred,27:32
27:33:3,27:33:3,أُولُو,أُو۟لُوا۟,surface_mismatch,1:1;no_annotation_transferred,27:33
27:33:5,27:33:5,وَأُولُو,وَأُو۟لُوا۟,surface_mismatch,1:1;no_annotation_transferred,27:33
27:33:10,27:33:10,فَانظُرِي,فَٱنظُرِى,surface_mismatch,1:1;no_annotation_transferred,27:33
27:35:1,27:35:1,وَإِنِّي,وَإِنِّى,surface_mismatch,1:1;no_annotation_transferred,27:35
27:36:8,27:36:8,آتَانِيَ,ءَاتَىٰنِۦَ,surface_mismatch,1:1;no_annotation_transferred,27:36
27:36:12,27:36:12,آتَاكُم,ءَاتَىٰكُم,surface_mismatch,1:1;no_annotation_transferred,27:36
27:38:3,27:38:4,الْمَلَأُ,ٱلْمَلَؤُا۟,surface_mismatch,1:1;no_annotation_transferred,27:38
27:38:5,27:38:6,يَأْتِينِي,يَأْتِينِى,surface_mismatch,1:1;no_annotation_transferred,27:38
27:38:9,27:38:10,يَأْتُونِي,يَأْتُونِى,surface_mismatch,1:1;no_annotation_transferred,27:38
27:39:6,27:39:6,آتِيكَ,ءَاتِيكَ,surface_mismatch,1:1;no_annotation_transferred,27:39
27:39:13,27:39:13,وَإِنِّي,وَإِنِّى,surface_mismatch,1:1;no_annotation_transferred,27:39
27:39:15,27:39:15,لَقَوِيٌّ,لَقَوِىٌّ,surface_mismatch,1:1;no_annotation_transferred,27:39
27:40:2,27:40:2,الَّذِي,ٱلَّذِى,surface_mismatch,1:1;no_annotation_transferred,27:40
27:40:8,27:40:8,آتِيكَ,ءَاتِيكَ,surface_mismatch,1:1;no_annotation_transferred,27:40
27:40:16,27:40:16,رَآهُ,رَءَاهُ,surface_mismatch,1:1;no_annotation_transferred,27:40
27:40:23,27:40:23,رَبِّي,رَبِّى,surface_mismatch,1:1;no_annotation_transferred,27:40
27:40:24,27:40:24,لِيَبْلُوَنِي,لِيَبْلُوَنِىٓ,surface_mismatch,1:1;no_annotation_transferred,27:40
27:40:25,27:40:25,أَأَشْكُرُ,ءَأَشْكُرُ,surface_mismatch,1:1;no_annotation_transferred,27:40
27:40:36,27:40:36,رَبِّي,رَبِّى,surface_mismatch,1:1;no_annotation_transferred,27:40
27:40:37,27:40:37,غَنِيٌّ,غَنِىٌّ,surface_mismatch,1:1;no_annotation_transferred,27:40
27:41:6,27:41:6,أَتَهْتَدِي,أَتَهْتَدِىٓ,surface_mismatch,1:1;no_annotation_transferred,27:41
27:44:3,27:44:3,ادْخُلِي,ٱدْخُلِى,surface_mismatch,1:1;no_annotation_transferred,27:44
27:44:20,27:44:20,إِنِّي,إِنِّى,surface_mismatch,1:1;no_annotation_transferred,27:44
27:44:22,27:44:22,نَفْسِي,نَفْسِى,surface_mismatch,1:1;no_annotation_transferred,27:44
27:48:2,27:48:2,فِي,فِى,surface_mismatch,1:1;no_annotation_transferred,27:48
27:48:7,27:48:7,فِي,فِى,surface_mismatch,1:1;no_annotation_transferred,27:48
27:52:7,27:52:7,فِي,فِى,surface_mismatch,1:1;no_annotation_transferred,27:52
27:52:9,27:52:9,لَآيَةً,لَءَايَةً,surface_mismatch,1:1;no_annotation_transferred,27:52
27:53:3,27:53:3,آمَنُوا,ءَامَنُوا۟,surface_mismatch,1:1;no_annotation_transferred,27:53
27:56:9,27:56:9,آلَ,ءَالَ,surface_mismatch,1:1;no_annotation_transferred,27:56
27:59:9,27:59:9,آللَّهُ,ءَآللَّهُ,surface_mismatch,1:1;no_annotation_transferred,27:59
27:60:21,27:60:21,أَإِلَـٰهٌ,أَءِلَٰهٌ,surface_mismatch,1:1;no_annotation_transferred,27:60
27:61:10,27:61:10,رَوَاسِيَ,رَوَٰسِىَ,surface_mismatch,1:1;no_annotation_transferred,27:61
27:61:15,27:61:15,أَإِلَـٰهٌ,أَءِلَٰهٌ,surface_mismatch,1:1;no_annotation_transferred,27:61
27:62:11,27:62:11,أَإِلَـٰهٌ,أَءِلَٰهٌ,surface_mismatch,1:1;no_annotation_transferred,27:62
27:63:3,27:63:3,فِي,فِى,surface_mismatch,1:1;no_annotation_transferred,27:63
27:63:12,27:63:12,يَدَيْ,يَدَىْ,surface_mismatch,1:1;no_annotation_transferred,27:63
27:63:14,27:63:14,أَإِلَـٰهٌ,أَءِلَٰهٌ,surface_mismatch,1:1;no_annotation_transferred,27:63
27:64:2,27:64:2,يَبْدَأُ,يَبْدَؤُا۟,surface_mismatch,1:1;no_annotation_transferred,27:64
27:64:11,27:64:11,أَإِلَـٰهٌ,أَءِلَٰهٌ,surface_mismatch,1:1;no_annotation_transferred,27:64
27:65:5,27:65:5,فِي,فِى,surface_mismatch,1:1;no_annotation_transferred,27:65
27:66:4,27:66:4,فِي,فِى,surface_mismatch,1:1;no_annotation_transferred,27:66
27:66:5,27:66:5,الْآخِرَةِ,ٱلْءَاخِرَةِ,surface_mismatch,1:1;no_annotation_transferred,27:66
27:66:8,27:66:8,فِي,فِى,surface_mismatch,1:1;no_annotation_transferred,27:66
27:67:4,27:67:4,أَإِذَا,أَءِذَا,surface_mismatch,1:1;no_annotation_transferred,27:67
27:67:7,27:67:7,وَآبَاؤُنَا,وَءَابَآؤُنَآ,surface_mismatch,1:1;no_annotation_transferred,27:67
27:68:5,27:68:5,وَآبَاؤُنَا,وَءَابَآؤُنَا,surface_mismatch,1:1;no_annotation_transferred,27:68
27:69:3,27:69:3,فِي,فِى,surface_mismatch,1:1;no_annotation_transferred,27:69
27:70:6,27:70:6,فِي,فِى,surface_mismatch,1:1;no_annotation_transferred,27:70
27:72:8,27:72:8,الَّذِي,ٱلَّذِى,surface_mismatch,1:1;no_annotation_transferred,27:72
27:75:4,27:75:4,فِي,فِى,surface_mismatch,1:1;no_annotation_transferred,27:75
27:75:8,27:75:8,فِي,فِى,surface_mismatch,1:1;no_annotation_transferred,27:75
27:76:3,27:76:3,الْقُرْآنَ,ٱلْقُرْءَانَ,surface_mismatch,1:1;no_annotation_transferred,27:76
27:76:6,27:76:6,بَنِي,بَنِىٓ,surface_mismatch,1:1;no_annotation_transferred,27:76
27:76:7,27:76:7,إِسْرَائِيلَ,إِسْرَٰٓءِيلَ,surface_mismatch,1:1;no_annotation_transferred,27:76
27:76:9,27:76:9,الَّذِي,ٱلَّذِى,surface_mismatch,1:1;no_annotation_transferred,27:76
27:78:3,27:78:3,يَقْضِي,يَقْضِى,surface_mismatch,1:1;no_annotation_transferred,27:78
27:81:3,27:81:3,بِهَادِي,بِهَٰدِى,surface_mismatch,1:1;no_annotation_transferred,27:81
27:81:4,27:81:4,الْعُمْيِ,ٱلْعُمْىِ,surface_mismatch,1:1;no_annotation_transferred,27:81
27:81:12,27:81:12,بِآيَاتِنَا,بِـَٔايَٰتِنَا,surface_mismatch,1:1;no_annotation_transferred,27:81
27:82:14,27:82:14,بِآيَاتِنَا,بِـَٔايَٰتِنَا,surface_mismatch,1:1;no_annotation_transferred,27:82
27:83:9,27:83:9,بِآيَاتِنَا,بِـَٔايَٰتِنَا,surface_mismatch,1:1;no_annotation_transferred,27:83
27:84:3,27:84:3,جَاءُوا,جَآءُو,surface_mismatch,1:1;no_annotation_transferred,27:84
27:84:6,27:84:6,بِآيَاتِي,بِـَٔايَٰتِى,surface_mismatch,1:1;no_annotation_transferred,27:84
27:86:5,27:86:5,اللَّيْلَ,ٱلَّيْلَ,surface_mismatch,1:1;no_annotation_transferred,27:86
27:86:11,27:86:11,فِي,فِى,surface_mismatch,1:1;no_annotation_transferred,27:86
27:86:13,27:86:13,لَآيَاتٍ,لَءَايَٰتٍ,surface_mismatch,1:1;no_annotation_transferred,27:86
27:87:3,27:87:3,فِي,فِى,surface_mismatch,1:1;no_annotation_transferred,27:87
27:87:7,27:87:7,فِي,فِى,surface_mismatch,1:1;no_annotation_transferred,27:87
27:87:10,27:87:10,فِي,فِى,surface_mismatch,1:1;no_annotation_transferred,27:87
27:88:5,27:88:5,وَهِيَ,وَهِىَ,surface_mismatch,1:1;no_annotation_transferred,27:88
27:88:11,27:88:11,الَّذِي,ٱلَّذِىٓ,surface_mismatch,1:1;no_annotation_transferred,27:88
27:88:14,27:88:14,شَيْءٍ,شَىْءٍ,surface_mismatch,1:1;no_annotation_transferred,27:88
27:89:11,27:89:11,آمِنُونَ,ءَامِنُونَ,surface_mismatch,1:1;no_annotation_transferred,27:89
27:90:6,27:90:6,فِي,فِى,surface_mismatch,1:1;no_annotation_transferred,27:90
27:91:8,27:91:8,الَّذِي,ٱلَّذِى,surface_mismatch,1:1;no_annotation_transferred,27:91
27:91:12,27:91:12,شَيْءٍ,شَىْءٍ,surface_mismatch,1:1;no_annotation_transferred,27:91
27:92:2,27:92:2,أَتْلُوَ,أَتْلُوَا۟,surface_mismatch,1:1;no_annotation_transferred,27:92
27:92:3,27:92:3,الْقُرْآنَ,ٱلْقُرْءَانَ,surface_mismatch,1:1;no_annotation_transferred,27:92
27:92:7,27:92:7,يَهْتَدِي,يَهْتَدِى,surface_mismatch,1:1;no_annotation_transferred,27:92
27:93:5,27:93:5,آيَاتِهِ,ءَايَٰتِهِۦ,surface_mismatch,1:1;no_annotation_transferred,27:93
28:2:2,28:2:2,آيَاتُ,ءَايَٰتُ,surface_mismatch,1:1;no_annotation_transferred,28:2
28:3:1,28:3:1,نَتْلُو,نَتْلُوا۟,surface_mismatch,1:1;no_annotation_transferred,28:3
28:4:4,28:4:4,فِي,فِى,surface_mismatch,1:1;no_annotation_transferred,28:4
28:4:14,28:4:14,وَيَسْتَحْيِي,وَيَسْتَحْىِۦ,surface_mismatch,1:1;no_annotation_transferred,28:4
28:5:7,28:5:7,فِي,فِى,surface_mismatch,1:1;no_annotation_transferred,28:5
28:6:3,28:6:3,فِي,فِى,surface_mismatch,1:1;no_annotation_transferred,28:6
28:6:5,28:6:5,وَنُرِيَ,وَنُرِىَ,surface_mismatch,1:1;no_annotation_transferred,28:6
28:7:11,28:7:11,فِي,فِى,surface_mismatch,1:1;no_annotation_transferred,28:7
28:7:14,28:7:14,تَخَافِي,تَخَافِى,surface_mismatch,1:1;no_annotation_transferred,28:7
28:7:16,28:7:16,تَحْزَنِي,تَحْزَنِىٓ,surface_mismatch,1:1;no_annotation_transferred,28:7
28:8:2,28:8:2,آلُ,ءَالُ,surface_mismatch,1:1;no_annotation_transferred,28:8
28:8:13,28:8:13,خَاطِئِينَ,خَٰطِـِٔينَ,surface_mismatch,1:1;no_annotation_transferred,28:8
28:9:6,28:9:6,لِّي,لِّى,surface_mismatch,1:1;no_annotation_transferred,28:9
28:10:8,28:10:8,لَتُبْدِي,لَتُبْدِى,surface_mismatch,1:1;no_annotation_transferred,28:10
28:13:4,28:13:4,كَيْ,كَىْ,surface_mismatch,1:1;no_annotation_transferred,28:13
28:14:5,28:14:5,آتَيْنَاهُ,ءَاتَيْنَٰهُ,surface_mismatch,1:1;no_annotation_transferred,28:14
28:14:9,28:14:9,نَجْزِي,نَجْزِى,surface_mismatch,1:1;no_annotation_transferred,28:14
28:15:19,28:15:19,الَّذِي,ٱلَّذِى,surface_mismatch,1:1;no_annotation_transferred,28:15
28:15:23,28:15:23,الَّذِي,ٱلَّذِى,surface_mismatch,1:1;no_annotation_transferred,28:15
28:16:3,28:16:3,إِنِّي,إِنِّى,surface_mismatch,1:1;no_annotation_transferred,28:16
28:16:5,28:16:5,نَفْسِي,نَفْسِى,surface_mismatch,1:1;no_annotation_transferred,28:16
28:16:7,28:16:7,لِي,لِى,surface_mismatch,1:1;no_annotation_transferred,28:16
28:17:5,28:17:5,عَلَيَّ,عَلَىَّ,surface_mismatch,1:1;no_annotation_transferred,28:17
28:18:2,28:18:2,فِي,فِى,surface_mismatch,1:1;no_annotation_transferred,28:18
28:18:7,28:18:7,الَّذِي,ٱلَّذِى,surface_mismatch,1:1;no_annotation_transferred,28:18
28:18:15,28:18:15,لَغَوِيٌّ,لَغَوِىٌّ,surface_mismatch,1:1;no_annotation_transferred,28:18
28:19:6,28:19:6,بِالَّذِي,بِٱلَّذِى,surface_mismatch,1:1;no_annotation_transferred,28:19
28:19:14,28:19:15,تَقْتُلَنِي,تَقْتُلَنِى,surface_mismatch,1:1;no_annotation_transferred,28:19
28:19:25,28:19:26,فِي,فِى,surface_mismatch,1:1;no_annotation_transferred,28:19
28:20:4,28:20:4,أَقْصَى,أَقْصَا,surface_mismatch,1:1;no_annotation_transferred,28:20
28:20:15,28:20:16,إِنِّي,إِنِّى,surface_mismatch,1:1;no_annotation_transferred,28:20
28:21:7,28:21:7,نَجِّنِي,نَجِّنِى,surface_mismatch,1:1;no_annotation_transferred,28:21
28:22:7,28:22:7,رَبِّي,رَبِّىٓ,surface_mismatch,1:1;no_annotation_transferred,28:22
28:22:9,28:22:9,يَهْدِيَنِي,يَهْدِيَنِى,surface_mismatch,1:1;no_annotation_transferred,28:22
28:23:21,28:23:21,نَسْقِي,نَسْقِى,surface_mismatch,1:1;no_annotation_transferred,28:23
28:24:9,28:24:9,إِنِّي,إِنِّى,surface_mismatch,1:1;no_annotation_transferred,28:24
28:24:12,28:24:12,إِلَيَّ,إِلَىَّ,surface_mismatch,1:1;no_annotation_transferred,28:24
28:25:2,28:25:2,إِحْدَاهُمَا,إِحْدَىٰهُمَا,surface_mismatch,1:1;no_annotation_transferred,28:25
28:25:3,28:25:3,تَمْشِي,تَمْشِى,surface_mismatch,1:1;no_annotation_transferred,28:25
28:25:8,28:25:8,أَبِي,أَبِى,surface_mismatch,1:1;no_annotation_transferred,28:25
28:26:2,28:26:2,إِحْدَاهُمَا,إِحْدَىٰهُمَا,surface_mismatch,1:1;no_annotation_transferred,28:26
28:26:4,28:26:5,اسْتَأْجِرْهُ,ٱسْتَـْٔجِرْهُ,surface_mismatch,1:1;no_annotation_transferred,28:26
28:26:8,28:26:9,اسْتَأْجَرْتَ,ٱسْتَـْٔجَرْتَ,surface_mismatch,1:1;no_annotation_transferred,28:26
28:26:9,28:26:10,الْقَوِيُّ,ٱلْقَوِىُّ,surface_mismatch,1:1;no_annotation_transferred,28:26
28:27:2,28:27:2,إِنِّي,إِنِّىٓ,surface_mismatch,1:1;no_annotation_transferred,28:27
28:27:7,28:27:7,ابْنَتَيَّ,ٱبْنَتَىَّ,surface_mismatch,1:1;no_annotation_transferred,28:27
28:27:11,28:27:11,تَأْجُرَنِي,تَأْجُرَنِى,surface_mismatch,1:1;no_annotation_transferred,28:27
28:27:12,28:27:12,ثَمَانِيَ,ثَمَٰنِىَ,surface_mismatch,1:1;no_annotation_transferred,28:27
28:27:24,28:27:24,سَتَجِدُنِي,سَتَجِدُنِىٓ,surface_mismatch,1:1;no_annotation_transferred,28:27
28:28:3,28:28:3,بَيْنِي,بَيْنِى,surface_mismatch,1:1;no_annotation_transferred,28:28
28:28:10,28:28:10,عَلَيَّ,عَلَىَّ,surface_mismatch,1:1;no_annotation_transferred,28:28
28:29:7,28:29:7,آنَسَ,ءَانَسَ,surface_mismatch,1:1;no_annotation_transferred,28:29
28:29:15,28:29:15,إِنِّي,إِنِّىٓ,surface_mismatch,1:1;no_annotation_transferred,28:29
28:29:16,28:29:16,آنَسْتُ,ءَانَسْتُ,surface_mismatch,1:1;no_annotation_transferred,28:29
28:29:18,28:29:18,لَّعَلِّي,لَّعَلِّىٓ,surface_mismatch,1:1;no_annotation_transferred,28:29
28:29:19,28:29:19,آتِيكُم,ءَاتِيكُم,surface_mismatch,1:1;no_annotation_transferred,28:29
28:30:2,28:30:2,أَتَاهَا,أَتَىٰهَا,surface_mismatch,1:1;no_annotation_transferred,28:30
28:30:3,28:30:3,نُودِيَ,نُودِىَ,surface_mismatch,1:1;no_annotation_transferred,28:30
28:30:8,28:30:8,فِي,فِى,surface_mismatch,1:1;no_annotation_transferred,28:30
28:30:15,28:30:16,إِنِّي,إِنِّىٓ,surface_mismatch,1:1;no_annotation_transferred,28:30
28:31:5,28:31:5,رَآهَا,رَءَاهَا,surface_mismatch,1:1;no_annotation_transferred,28:31
28:31:19,28:31:20,الْآمِنِينَ,ٱلْءَامِنِينَ,surface_mismatch,1:1;no_annotation_transferred,28:31
28:32:3,28:32:3,فِي,فِى,surface_mismatch,1:1;no_annotation_transferred,28:32
28:32:21,28:32:21,وَمَلَئِهِ,وَمَلَإِي۟هِۦٓ,surface_mismatch,1:1;no_annotation_transferred,28:32
28:33:3,28:33:3,إِنِّي,إِنِّى,surface_mismatch,1:1;no_annotation_transferred,28:33
28:34:1,28:34:1,وَأَخِي,وَأَخِى,surface_mismatch,1:1;no_annotation_transferred,28:34
28:34:5,28:34:5,مِنِّي,مِنِّى,surface_mismatch,1:1;no_annotation_transferred,28:34
28:34:8,28:34:8,مَعِيَ,مَعِىَ,surface_mismatch,1:1;no_annotation_transferred,28:34
28:34:10,28:34:10,يُصَدِّقُنِي,يُصَدِّقُنِىٓ,surface_mismatch,1:1;no_annotation_transferred,28:34
28:34:11,28:34:11,إِنِّي,إِنِّىٓ,surface_mismatch,1:1;no_annotation_transferred,28:34
28:35:11,28:35:11,بِآيَاتِنَا,بِـَٔايَٰتِنَآ,surface_mismatch,1:1;no_annotation_transferred,28:35
28:36:4,28:36:4,بِآيَاتِنَا,بِـَٔايَٰتِنَا,surface_mismatch,1:1;no_annotation_transferred,28:36
28:36:15,28:36:15,فِي,فِىٓ,surface_mismatch,1:1;no_annotation_transferred,28:36
28:36:16,28:36:16,آبَائِنَا,ءَابَآئِنَا,surface_mismatch,1:1;no_annotation_transferred,28:36
28:37:3,28:37:3,رَبِّي,رَبِّىٓ,surface_mismatch,1:1;no_annotation_transferred,28:37
28:38:10,28:38:11,غَيْرِي,غَيْرِى,surface_mismatch,1:1;no_annotation_transferred,28:38
28:38:12,28:38:13,لِي,لِى,surface_mismatch,1:1;no_annotation_transferred,28:38
28:38:17,28:38:19,لِّي,لِّى,surface_mismatch,1:1;no_annotation_transferred,28:38
28:38:19,28:38:21,لَّعَلِّي,لَّعَلِّىٓ,surface_mismatch,1:1;no_annotation_transferred,28:38
28:38:24,28:38:26,وَإِنِّي,وَإِنِّى,surface_mismatch,1:1;no_annotation_transferred,28:38
28:39:4,28:39:4,فِي,فِى,surface_mismatch,1:1;no_annotation_transferred,28:39
28:40:4,28:40:4,فِي,فِى,surface_mismatch,1:1;no_annotation_transferred,28:40
28:42:2,28:42:2,فِي,فِى,surface_mismatch,1:1;no_annotation_transferred,28:42
28:43:2,28:43:2,آتَيْنَا,ءَاتَيْنَا,surface_mismatch,1:1;no_annotation_transferred,28:43
28:44:4,28:44:4,الْغَرْبِيِّ,ٱلْغَرْبِىِّ,surface_mismatch,1:1;no_annotation_transferred,28:44
28:45:10,28:45:10,فِي,فِىٓ,surface_mismatch,1:1;no_annotation_transferred,28:45
28:45:13,28:45:13,تَتْلُو,تَتْلُوا۟,surface_mismatch,1:1;no_annotation_transferred,28:45
28:45:15,28:45:15,آيَاتِنَا,ءَايَٰتِنَا,surface_mismatch,1:1;no_annotation_transferred,28:45
28:46:14,28:46:14,أَتَاهُم,أَتَىٰهُم,surface_mismatch,1:1;no_annotation_transferred,28:46
28:47:15,28:47:15,آيَاتِكَ,ءَايَٰتِكَ,surface_mismatch,1:1;no_annotation_transferred,28:47
28:48:8,28:48:8,أُوتِيَ,أُوتِىَ,surface_mismatch,1:1;no_annotation_transferred,28:48
28:48:11,28:48:11,أُوتِيَ,أُوتِىَ,surface_mismatch,1:1;no_annotation_transferred,28:48
28:48:16,28:48:16,أُوتِيَ,أُوتِىَ,surface_mismatch,1:1;no_annotation_transferred,28:48
28:50:13,28:50:13,هَوَاهُ,هَوَىٰهُ,surface_mismatch,1:1;no_annotation_transferred,28:50
28:50:21,28:50:21,يَهْدِي,يَهْدِى,surface_mismatch,1:1;no_annotation_transferred,28:50
28:52:2,28:52:2,آتَيْنَاهُمُ,ءَاتَيْنَٰهُمُ,surface_mismatch,1:1;no_annotation_transferred,28:52
28:53:5,28:53:5,آمَنَّا,ءَامَنَّا,surface_mismatch,1:1;no_annotation_transferred,28:53
28:55:14,28:55:14,نَبْتَغِي,نَبْتَغِى,surface_mismatch,1:1;no_annotation_transferred,28:55
28:56:3,28:56:3,تَهْدِي,تَهْدِى,surface_mismatch,1:1;no_annotation_transferred,28:56
28:56:8,28:56:8,يَهْدِي,يَهْدِى,surface_mismatch,1:1;no_annotation_transferred,28:56
28:57:13,28:57:13,آمِنًا,ءَامِنًا,surface_mismatch,1:1;no_annotation_transferred,28:57
28:57:18,28:57:18,شَيْءٍ,شَىْءٍ,surface_mismatch,1:1;no_annotation_transferred,28:57
28:59:8,28:59:8,فِي,فِىٓ,surface_mismatch,1:1;no_annotation_transferred,28:59
28:59:11,28:59:11,يَتْلُو,يَتْلُوا۟,surface_mismatch,1:1;no_annotation_transferred,28:59
28:59:13,28:59:13,آيَاتِنَا,ءَايَٰتِنَا,surface_mismatch,1:1;no_annotation_transferred,28:59
28:59:16,28:59:16,مُهْلِكِي,مُهْلِكِى,surface_mismatch,1:1;no_annotation_transferred,28:59
28:60:4,28:60:4,شَيْءٍ,شَىْءٍ,surface_mismatch,1:1;no_annotation_transferred,28:60
28:60:6,28:60:6,الْحَيَاةِ,ٱلْحَيَوٰةِ,surface_mismatch,1:1;no_annotation_transferred,28:60
28:61:10,28:61:10,الْحَيَاةِ,ٱلْحَيَوٰةِ,surface_mismatch,1:1;no_annotation_transferred,28:61
28:62:5,28:62:5,شُرَكَائِيَ,شُرَكَآءِىَ,surface_mismatch,1:1;no_annotation_transferred,28:62
28:67:4,28:67:4,وَآمَنَ,وَءَامَنَ,surface_mismatch,1:1;no_annotation_transferred,28:67
28:70:9,28:70:9,فِي,فِى,surface_mismatch,1:1;no_annotation_transferred,28:70
28:70:11,28:70:11,وَالْآخِرَةِ,وَٱلْءَاخِرَةِ,surface_mismatch,1:1;no_annotation_transferred,28:70
28:71:2,28:71:2,أَرَأَيْتُمْ,أَرَءَيْتُمْ,surface_mismatch,1:1;no_annotation_transferred,28:71
28:71:7,28:71:7,اللَّيْلَ,ٱلَّيْلَ,surface_mismatch,1:1;no_annotation_transferred,28:71
28:72:2,28:72:2,أَرَأَيْتُمْ,أَرَءَيْتُمْ,surface_mismatch,1:1;no_annotation_transferred,28:72
28:73:5,28:73:5,اللَّيْلَ,ٱلَّيْلَ,surface_mismatch,1:1;no_annotation_transferred,28:73
28:74:5,28:74:5,شُرَكَائِيَ,شُرَكَآءِىَ,surface_mismatch,1:1;no_annotation_transferred,28:74
28:76:9,28:76:9,وَآتَيْنَاهُ,وَءَاتَيْنَٰهُ,surface_mismatch,1:1;no_annotation_transferred,28:76
28:76:15,28:76:15,لَتَنُوءُ,لَتَنُوٓأُ,surface_mismatch,1:1;no_annotation_transferred,28:76
28:76:17,28:76:17,أُولِي,أُو۟لِى,surface_mismatch,1:1;no_annotation_transferred,28:76
28:77:3,28:77:3,آتَاكَ,ءَاتَىٰكَ,surface_mismatch,1:1;no_annotation_transferred,28:77
28:77:6,28:77:6,الْآخِرَةَ,ٱلْءَاخِرَةَ,surface_mismatch,1:1;no_annotation_transferred,28:77
28:77:20,28:77:20,فِي,فِى,surface_mismatch,1:1;no_annotation_transferred,28:77
28:78:6,28:78:6,عِندِي,عِندِىٓ,surface_mismatch,1:1;no_annotation_transferred,28:78
28:78:25,28:78:25,يُسْأَلُ,يُسْـَٔلُ,surface_mismatch,1:1;no_annotation_transferred,28:78
28:79:4,28:79:4,فِي,فِى,surface_mismatch,1:1;no_annotation_transferred,28:79
28:79:9,28:79:9,الْحَيَاةَ,ٱلْحَيَوٰةَ,surface_mismatch,1:1;no_annotation_transferred,28:79
28:79:15,28:79:16,أُوتِيَ,أُوتِىَ,surface_mismatch,1:1;no_annotation_transferred,28:79
28:80:10,28:80:10,آمَنَ,ءَامَنَ,surface_mismatch,1:1;no_annotation_transferred,28:80
28:80:14,28:80:14,يُلَقَّاهَا,يُلَقَّىٰهَآ,surface_mismatch,1:1;no_annotation_transferred,28:80
28:83:3,28:83:3,الْآخِرَةُ,ٱلْءَاخِرَةُ,surface_mismatch,1:1;no_annotation_transferred,28:83
28:83:9,28:83:9,فِي,فِى,surface_mismatch,1:1;no_annotation_transferred,28:83
28:84:14,28:84:14,السَّيِّئَاتِ,ٱلسَّيِّـَٔاتِ,surface_mismatch,1:1;no_annotation_transferred,28:84
28:85:2,28:85:2,الَّذِي,ٱلَّذِى,surface_mismatch,1:1;no_annotation_transferred,28:85
28:85:5,28:85:5,الْقُرْآنَ,ٱلْقُرْءَانَ,surface_mismatch,1:1;no_annotation_transferred,28:85
28:85:10,28:85:10,رَّبِّي,رَّبِّىٓ,surface_mismatch,1:1;no_annotation_transferred,28:85
28:85:17,28:85:17,فِي,فِى,surface_mismatch,1:1;no_annotation_transferred,28:85
28:86:3,28:86:3,تَرْجُو,تَرْجُوٓا۟,surface_mismatch,1:1;no_annotation_transferred,28:86
28:87:4,28:87:4,آيَاتِ,ءَايَٰتِ,surface_mismatch,1:1;no_annotation_transferred,28:87
28:88:6,28:88:6,آخَرَ,ءَاخَرَ,surface_mismatch,1:1;no_annotation_transferred,28:88
28:88:12,28:88:12,شَيْءٍ,شَىْءٍ,surface_mismatch,1:1;no_annotation_transferred,28:88
29:2:7,29:2:7,آمَنَّا,ءَامَنَّا,surface_mismatch,1:1;no_annotation_transferred,29:2
29:4:5,29:4:5,السَّيِّئَاتِ,ٱلسَّيِّـَٔاتِ,surface_mismatch,1:1;no_annotation_transferred,29:4
29:5:3,29:5:3,يَرْجُو,يَرْجُوا۟,surface_mismatch,1:1;no_annotation_transferred,29:5
29:5:9,29:5:9,لَآتٍ,لَءَاتٍ,surface_mismatch,1:1;no_annotation_transferred,29:5
29:6:8,29:6:8,لَغَنِيٌّ,لَغَنِىٌّ,surface_mismatch,1:1;no_annotation_transferred,29:6
29:7:2,29:7:2,آمَنُوا,ءَامَنُوا۟,surface_mismatch,1:1;no_annotation_transferred,29:7
29:7:7,29:7:7,سَيِّئَاتِهِمْ,سَيِّـَٔاتِهِمْ,surface_mismatch,1:1;no_annotation_transferred,29:7
29:7:10,29:7:10,الَّذِي,ٱلَّذِى,surface_mismatch,1:1;no_annotation_transferred,29:7
29:8:8,29:8:8,بِي,بِى,surface_mismatch,1:1;no_annotation_transferred,29:8
29:8:16,29:8:16,إِلَيَّ,إِلَىَّ,surface_mismatch,1:1;no_annotation_transferred,29:8
29:9:2,29:9:2,آمَنُوا,ءَامَنُوا۟,surface_mismatch,1:1;no_annotation_transferred,29:9
29:9:6,29:9:6,فِي,فِى,surface_mismatch,1:1;no_annotation_transferred,29:9
29:10:5,29:10:5,آمَنَّا,ءَامَنَّا,surface_mismatch,1:1;no_annotation_transferred,29:10
29:10:8,29:10:8,أُوذِيَ,أُوذِىَ,surface_mismatch,1:1;no_annotation_transferred,29:10
29:10:9,29:10:9,فِي,فِى,surface_mismatch,1:1;no_annotation_transferred,29:10
29:10:29,29:10:29,فِي,فِى,surface_mismatch,1:1;no_annotation_transferred,29:10
29:11:4,29:11:4,آمَنُوا,ءَامَنُوا۟,surface_mismatch,1:1;no_annotation_transferred,29:11
29:12:5,29:12:5,آمَنُوا,ءَامَنُوا۟,surface_mismatch,1:1;no_annotation_transferred,29:12
29:12:16,29:12:16,شَيْءٍ,شَىْءٍ,surface_mismatch,1:1;no_annotation_transferred,29:12
29:13:6,29:13:6,وَلَيُسْأَلُنَّ,وَلَيُسْـَٔلُنَّ,surface_mismatch,1:1;no_annotation_transferred,29:13
29:15:5,29:15:5,آيَةً,ءَايَةً,surface_mismatch,1:1;no_annotation_transferred,29:15
29:20:3,29:20:3,فِي,فِى,surface_mismatch,1:1;no_annotation_transferred,29:20
29:20:13,29:20:13,الْآخِرَةَ,ٱلْءَاخِرَةَ,surface_mismatch,1:1;no_annotation_transferred,29:20
29:20:18,29:20:18,شَيْءٍ,شَىْءٍ,surface_mismatch,1:1;no_annotation_transferred,29:20
29:22:4,29:22:4,فِي,فِى,surface_mismatch,1:1;no_annotation_transferred,29:22
29:22:7,29:22:7,فِي,فِى,surface_mismatch,1:1;no_annotation_transferred,29:22
29:22:15,29:22:15,وَلِيٍّ,وَلِىٍّ,surface_mismatch,1:1;no_annotation_transferred,29:22
29:23:3,29:23:3,بِآيَاتِ,بِـَٔايَٰتِ,surface_mismatch,1:1;no_annotation_transferred,29:23
29:23:9,29:23:9,رَّحْمَتِي,رَّحْمَتِى,surface_mismatch,1:1;no_annotation_transferred,29:23
29:24:11,29:24:11,فَأَنجَاهُ,فَأَنجَىٰهُ,surface_mismatch,1:1;no_annotation_transferred,29:24
29:24:16,29:24:16,فِي,فِى,surface_mismatch,1:1;no_annotation_transferred,29:24
29:24:18,29:24:18,لَآيَاتٍ,لَءَايَٰتٍ,surface_mismatch,1:1;no_annotation_transferred,29:24
29:25:10,29:25:10,فِي,فِى,surface_mismatch,1:1;no_annotation_transferred,29:25
29:25:11,29:25:11,الْحَيَاةِ,ٱلْحَيَوٰةِ,surface_mismatch,1:1;no_annotation_transferred,29:25
29:25:22,29:25:22,وَمَأْوَاكُمُ,وَمَأْوَىٰكُمُ,surface_mismatch,1:1;no_annotation_transferred,29:25
29:26:1,29:26:1,فَآمَنَ,فَـَٔامَنَ,surface_mismatch,1:1;no_annotation_transferred,29:26
29:26:5,29:26:5,إِنِّي,إِنِّى,surface_mismatch,1:1;no_annotation_transferred,29:26
29:26:8,29:26:8,رَبِّي,رَبِّىٓ,surface_mismatch,1:1;no_annotation_transferred,29:26
29:27:6,29:27:6,فِي,فِى,surface_mismatch,1:1;no_annotation_transferred,29:27
29:27:10,29:27:10,وَآتَيْنَاهُ,وَءَاتَيْنَٰهُ,surface_mismatch,1:1;no_annotation_transferred,29:27
29:27:12,29:27:12,فِي,فِى,surface_mismatch,1:1;no_annotation_transferred,29:27
29:27:15,29:27:15,فِي,فِى,surface_mismatch,1:1;no_annotation_transferred,29:27
29:27:16,29:27:16,الْآخِرَةِ,ٱلْءَاخِرَةِ,surface_mismatch,1:1;no_annotation_transferred,29:27
29:29:7,29:29:7,فِي,فِى,surface_mismatch,1:1;no_annotation_transferred,29:29
29:30:3,29:30:3,انصُرْنِي,ٱنصُرْنِى,surface_mismatch,1:1;no_annotation_transferred,29:30
29:31:8,29:31:8,مُهْلِكُو,مُهْلِكُوٓا۟,surface_mismatch,1:1;no_annotation_transferred,29:31
29:33:6,29:33:6,سِيءَ,سِىٓءَ,surface_mismatch,1:1;no_annotation_transferred,29:33
29:35:4,29:35:4,آيَةً,ءَايَةًۢ,surface_mismatch,1:1;no_annotation_transferred,29:35
29:36:11,29:36:12,الْآخِرَ,ٱلْءَاخِرَ,surface_mismatch,1:1;no_annotation_transferred,29:36
29:36:14,29:36:15,فِي,فِى,surface_mismatch,1:1;no_annotation_transferred,29:36
29:37:5,29:37:5,فِي,فِى,surface_mismatch,1:1;no_annotation_transferred,29:37
29:38:2,29:38:2,وَثَمُودَ,وَثَمُودَا۟,surface_mismatch,1:1;no_annotation_transferred,29:38
29:39:9,29:39:9,فِي,فِى,surface_mismatch,1:1;no_annotation_transferred,29:39
29:42:9,29:42:9,شَيْءٍ,شَىْءٍ,surface_mismatch,1:1;no_annotation_transferred,29:42
29:44:7,29:44:7,فِي,فِى,surface_mismatch,1:1;no_annotation_transferred,29:44
29:44:9,29:44:9,لَآيَةً,لَءَايَةً,surface_mismatch,1:1;no_annotation_transferred,29:44
29:45:3,29:45:3,أُوحِيَ,أُوحِىَ,surface_mismatch,1:1;no_annotation_transferred,29:45
29:45:8,29:45:8,الصَّلَاةَ,ٱلصَّلَوٰةَ,surface_mismatch,1:1;no_annotation_transferred,29:45
29:45:10,29:45:10,الصَّلَاةَ,ٱلصَّلَوٰةَ,surface_mismatch,1:1;no_annotation_transferred,29:45
29:46:6,29:46:6,بِالَّتِي,بِٱلَّتِى,surface_mismatch,1:1;no_annotation_transferred,29:46
29:46:7,29:46:7,هِيَ,هِىَ,surface_mismatch,1:1;no_annotation_transferred,29:46
29:46:14,29:46:14,آمَنَّا,ءَامَنَّا,surface_mismatch,1:1;no_annotation_transferred,29:46
29:46:15,29:46:15,بِالَّذِي,بِٱلَّذِىٓ,surface_mismatch,1:1;no_annotation_transferred,29:46
29:47:6,29:47:6,آتَيْنَاهُمُ,ءَاتَيْنَٰهُمُ,surface_mismatch,1:1;no_annotation_transferred,29:47
29:47:17,29:47:17,بِآيَاتِنَا,بِـَٔايَٰتِنَآ,surface_mismatch,1:1;no_annotation_transferred,29:47
29:48:3,29:48:3,تَتْلُو,تَتْلُوا۟,surface_mismatch,1:1;no_annotation_transferred,29:48
29:49:3,29:49:3,آيَاتٌ,ءَايَٰتٌۢ,surface_mismatch,1:1;no_annotation_transferred,29:49
29:49:5,29:49:5,فِي,فِى,surface_mismatch,1:1;no_annotation_transferred,29:49
29:49:12,29:49:12,بِآيَاتِنَا,بِـَٔايَٰتِنَآ,surface_mismatch,1:1;no_annotation_transferred,29:49
29:50:5,29:50:5,آيَاتٌ,ءَايَٰتٌ,surface_mismatch,1:1;no_annotation_transferred,29:50
29:50:10,29:50:10,الْآيَاتُ,ٱلْءَايَٰتُ,surface_mismatch,1:1;no_annotation_transferred,29:50
29:51:10,29:51:10,فِي,فِى,surface_mismatch,1:1;no_annotation_transferred,29:51
29:52:4,29:52:4,بَيْنِي,بَيْنِى,surface_mismatch,1:1;no_annotation_transferred,29:52
29:52:9,29:52:9,فِي,فِى,surface_mismatch,1:1;no_annotation_transferred,29:52
29:52:13,29:52:13,آمَنُوا,ءَامَنُوا۟,surface_mismatch,1:1;no_annotation_transferred,29:52
29:55:2,29:55:2,يَغْشَاهُمُ,يَغْشَىٰهُمُ,surface_mismatch,1:1;no_annotation_transferred,29:55
29:56:1,,يَا عِبَادِيَ الَّذِينَ آمَنُوا إِنَّ أَرْضِي وَاسِعَةٌ فَإِيَّايَ فَاعْبُدُونِ,يَٰعِبَادِىَ,ambiguous_verse,multiple_optimal_paths,29:56
29:56:2,,يَا عِبَادِيَ الَّذِينَ آمَنُوا إِنَّ أَرْضِي وَاسِعَةٌ فَإِيَّايَ فَاعْبُدُونِ,ٱلَّذِينَ,ambiguous_verse,multiple_optimal_paths,29:56
29:56:3,,يَا عِبَادِيَ الَّذِينَ آمَنُوا إِنَّ أَرْضِي وَاسِعَةٌ فَإِيَّايَ فَاعْبُدُونِ,ءَامَنُوٓا۟,ambiguous_verse,multiple_optimal_paths,29:56
29:56:4,,يَا عِبَادِيَ الَّذِينَ آمَنُوا إِنَّ أَرْضِي وَاسِعَةٌ فَإِيَّايَ فَاعْبُدُونِ,إِنَّ,ambiguous_verse,multiple_optimal_paths,29:56
29:56:5,,يَا عِبَادِيَ الَّذِينَ آمَنُوا إِنَّ أَرْضِي وَاسِعَةٌ فَإِيَّايَ فَاعْبُدُونِ,أَرْضِى,ambiguous_verse,multiple_optimal_paths,29:56
29:56:6,,يَا عِبَادِيَ الَّذِينَ آمَنُوا إِنَّ أَرْضِي وَاسِعَةٌ فَإِيَّايَ فَاعْبُدُونِ,وَٰسِعَةٌ,ambiguous_verse,multiple_optimal_paths,29:56
29:56:7,,يَا عِبَادِيَ الَّذِينَ آمَنُوا إِنَّ أَرْضِي وَاسِعَةٌ فَإِيَّايَ فَاعْبُدُونِ,فَإِيَّٰىَ,ambiguous_verse,multiple_optimal_paths,29:56
29:56:8,,يَا عِبَادِيَ الَّذِينَ آمَنُوا إِنَّ أَرْضِي وَاسِعَةٌ فَإِيَّايَ فَاعْبُدُونِ,فَٱعْبُدُونِ,ambiguous_verse,multiple_optimal_paths,29:56
29:58:2,29:58:2,آمَنُوا,ءَامَنُوا۟,surface_mismatch,1:1;no_annotation_transferred,29:58
29:58:9,29:58:9,تَجْرِي,تَجْرِى,surface_mismatch,1:1;no_annotation_transferred,29:58
29:62:13,29:62:13,شَيْءٍ,شَىْءٍ,surface_mismatch,1:1;no_annotation_transferred,29:62
29:64:3,29:64:3,الْحَيَاةُ,ٱلْحَيَوٰةُ,surface_mismatch,1:1;no_annotation_transferred,29:64
29:64:10,29:64:10,الْآخِرَةَ,ٱلْءَاخِرَةَ,surface_mismatch,1:1;no_annotation_transferred,29:64
29:64:11,29:64:11,لَهِيَ,لَهِىَ,surface_mismatch,1:1;no_annotation_transferred,29:64
29:65:3,29:65:3,فِي,فِى,surface_mismatch,1:1;no_annotation_transferred,29:65
29:65:11,29:65:11,نَجَّاهُمْ,نَجَّىٰهُمْ,surface_mismatch,1:1;no_annotation_transferred,29:65
29:66:3,29:66:3,آتَيْنَاهُمْ,ءَاتَيْنَٰهُمْ,surface_mismatch,1:1;no_annotation_transferred,29:66
29:67:6,29:67:6,آمِنًا,ءَامِنًا,surface_mismatch,1:1;no_annotation_transferred,29:67
29:68:14,29:68:14,فِي,فِى,surface_mismatch,1:1;no_annotation_transferred,29:68
30:3:1,30:3:1,فِي,فِىٓ,surface_mismatch,1:1;no_annotation_transferred,30:3
30:4:1,30:4:1,فِي,فِى,surface_mismatch,1:1;no_annotation_transferred,30:4
30:7:4,30:7:4,الْحَيَاةِ,ٱلْحَيَوٰةِ,surface_mismatch,1:1;no_annotation_transferred,30:7
30:7:8,30:7:8,الْآخِرَةِ,ٱلْءَاخِرَةِ,surface_mismatch,1:1;no_annotation_transferred,30:7
30:8:3,30:8:3,فِي,فِىٓ,surface_mismatch,1:1;no_annotation_transferred,30:8
30:8:20,30:8:20,بِلِقَاءِ,بِلِقَآئِ,surface_mismatch,1:1;no_annotation_transferred,30:8
30:9:3,30:9:3,فِي,فِى,surface_mismatch,1:1;no_annotation_transferred,30:9
30:10:5,30:10:5,أَسَاءُوا,أَسَٰٓـُٔوا۟,surface_mismatch,1:1;no_annotation_transferred,30:10
30:10:9,30:10:9,بِآيَاتِ,بِـَٔايَٰتِ,surface_mismatch,1:1;no_annotation_transferred,30:10
30:10:13,30:10:13,يَسْتَهْزِئُونَ,يَسْتَهْزِءُونَ,surface_mismatch,1:1;no_annotation_transferred,30:10
30:11:2,30:11:2,يَبْدَأُ,يَبْدَؤُا۟,surface_mismatch,1:1;no_annotation_transferred,30:11
30:13:6,30:13:6,شُفَعَاءُ,شُفَعَٰٓؤُا۟,surface_mismatch,1:1;no_annotation_transferred,30:13
30:15:3,30:15:3,آمَنُوا,ءَامَنُوا۟,surface_mismatch,1:1;no_annotation_transferred,30:15
30:15:7,30:15:7,فِي,فِى,surface_mismatch,1:1;no_annotation_transferred,30:15
30:16:5,30:16:5,بِآيَاتِنَا,بِـَٔايَٰتِنَا,surface_mismatch,1:1;no_annotation_transferred,30:16
30:16:6,30:16:6,وَلِقَاءِ,وَلِقَآئِ,surface_mismatch,1:1;no_annotation_transferred,30:16
30:16:7,30:16:7,الْآخِرَةِ,ٱلْءَاخِرَةِ,surface_mismatch,1:1;no_annotation_transferred,30:16
30:16:9,30:16:9,فِي,فِى,surface_mismatch,1:1;no_annotation_transferred,30:16
30:18:3,30:18:3,فِي,فِى,surface_mismatch,1:1;no_annotation_transferred,30:18
30:19:2,30:19:2,الْحَيَّ,ٱلْحَىَّ,surface_mismatch,1:1;no_annotation_transferred,30:19
30:19:8,30:19:8,الْحَيِّ,ٱلْحَىِّ,surface_mismatch,1:1;no_annotation_transferred,30:19
30:19:9,30:19:9,وَيُحْيِي,وَيُحْىِ,surface_mismatch,1:1;no_annotation_transferred,30:19
30:20:2,30:20:2,آيَاتِهِ,ءَايَٰتِهِۦٓ,surface_mismatch,1:1;no_annotation_transferred,30:20
30:21:2,30:21:2,آيَاتِهِ,ءَايَٰتِهِۦٓ,surface_mismatch,1:1;no_annotation_transferred,30:21
30:21:16,30:21:16,فِي,فِى,surface_mismatch,1:1;no_annotation_transferred,30:21
30:21:18,30:21:18,لَآيَاتٍ,لَءَايَٰتٍ,surface_mismatch,1:1;no_annotation_transferred,30:21
30:22:2,30:22:2,آيَاتِهِ,ءَايَٰتِهِۦ,surface_mismatch,1:1;no_annotation_transferred,30:22
30:22:10,30:22:10,فِي,فِى,surface_mismatch,1:1;no_annotation_transferred,30:22
30:22:12,30:22:12,لَآيَاتٍ,لَءَايَٰتٍ,surface_mismatch,1:1;no_annotation_transferred,30:22
30:23:2,30:23:2,آيَاتِهِ,ءَايَٰتِهِۦ,surface_mismatch,1:1;no_annotation_transferred,30:23
30:23:4,30:23:4,بِاللَّيْلِ,بِٱلَّيْلِ,surface_mismatch,1:1;no_annotation_transferred,30:23
30:23:10,30:23:10,فِي,فِى,surface_mismatch,1:1;no_annotation_transferred,30:23
30:23:12,30:23:12,لَآيَاتٍ,لَءَايَٰتٍ,surface_mismatch,1:1;no_annotation_transferred,30:23
30:24:2,30:24:2,آيَاتِهِ,ءَايَٰتِهِۦ,surface_mismatch,1:1;no_annotation_transferred,30:24
30:24:11,30:24:11,فَيُحْيِي,فَيُحْىِۦ,surface_mismatch,1:1;no_annotation_transferred,30:24
30:24:17,30:24:17,فِي,فِى,surface_mismatch,1:1;no_annotation_transferred,30:24
30:24:19,30:24:19,لَآيَاتٍ,لَءَايَٰتٍ,surface_mismatch,1:1;no_annotation_transferred,30:24
30:25:2,30:25:2,آيَاتِهِ,ءَايَٰتِهِۦٓ,surface_mismatch,1:1;no_annotation_transferred,30:25
30:26:3,30:26:3,فِي,فِى,surface_mismatch,1:1;no_annotation_transferred,30:26
30:27:2,30:27:2,الَّذِي,ٱلَّذِى,surface_mismatch,1:1;no_annotation_transferred,30:27
30:27:3,30:27:3,يَبْدَأُ,يَبْدَؤُا۟,surface_mismatch,1:1;no_annotation_transferred,30:27
30:27:13,30:27:13,فِي,فِى,surface_mismatch,1:1;no_annotation_transferred,30:27
30:28:14,30:28:14,فِي,فِى,surface_mismatch,1:1;no_annotation_transferred,30:28
30:28:25,30:28:25,الْآيَاتِ,ٱلْءَايَٰتِ,surface_mismatch,1:1;no_annotation_transferred,30:28
30:29:9,30:29:9,يَهْدِي,يَهْدِى,surface_mismatch,1:1;no_annotation_transferred,30:29
30:30:7,30:30:7,الَّتِي,ٱلَّتِى,surface_mismatch,1:1;no_annotation_transferred,30:30
30:31:5,30:31:5,الصَّلَاةَ,ٱلصَّلَوٰةَ,surface_mismatch,1:1;no_annotation_transferred,30:31
30:34:3,30:34:3,آتَيْنَاهُمْ,ءَاتَيْنَٰهُمْ,surface_mismatch,1:1;no_annotation_transferred,30:34
30:37:11,30:37:11,فِي,فِى,surface_mismatch,1:1;no_annotation_transferred,30:37
30:37:13,30:37:13,لَآيَاتٍ,لَءَايَٰتٍ,surface_mismatch,1:1;no_annotation_transferred,30:37
30:38:1,30:38:1,فَآتِ,فَـَٔاتِ,surface_mismatch,1:1;no_annotation_transferred,30:38
30:39:2,30:39:2,آتَيْتُم,ءَاتَيْتُم,surface_mismatch,1:1;no_annotation_transferred,30:39
30:39:5,30:39:5,لِّيَرْبُوَ,لِّيَرْبُوَا۟,surface_mismatch,1:1;no_annotation_transferred,30:39
30:39:6,30:39:6,فِي,فِىٓ,surface_mismatch,1:1;no_annotation_transferred,30:39
30:39:10,30:39:10,يَرْبُو,يَرْبُوا۟,surface_mismatch,1:1;no_annotation_transferred,30:39
30:39:14,30:39:14,آتَيْتُم,ءَاتَيْتُم,surface_mismatch,1:1;no_annotation_transferred,30:39
30:39:16,30:39:16,زَكَاةٍ,زَكَوٰةٍ,surface_mismatch,1:1;no_annotation_transferred,30:39
30:40:2,30:40:2,الَّذِي,ٱلَّذِى,surface_mismatch,1:1;no_annotation_transferred,30:40
30:40:18,30:40:18,شَيْءٍ,شَىْءٍ,surface_mismatch,1:1;no_annotation_transferred,30:40
30:41:3,30:41:3,فِي,فِى,surface_mismatch,1:1;no_annotation_transferred,30:41
30:41:8,30:41:8,أَيْدِي,أَيْدِى,surface_mismatch,1:1;no_annotation_transferred,30:41
30:41:12,30:41:12,الَّذِي,ٱلَّذِى,surface_mismatch,1:1;no_annotation_transferred,30:41
30:42:3,30:42:3,فِي,فِى,surface_mismatch,1:1;no_annotation_transferred,30:42
30:43:8,30:43:8,يَأْتِيَ,يَأْتِىَ,surface_mismatch,1:1;no_annotation_transferred,30:43
30:45:1,30:45:1,لِيَجْزِيَ,لِيَجْزِىَ,surface_mismatch,1:1;no_annotation_transferred,30:45
30:45:3,30:45:3,آمَنُوا,ءَامَنُوا۟,surface_mismatch,1:1;no_annotation_transferred,30:45
30:46:2,30:46:2,آيَاتِهِ,ءَايَٰتِهِۦٓ,surface_mismatch,1:1;no_annotation_transferred,30:46
30:46:10,30:46:10,وَلِتَجْرِيَ,وَلِتَجْرِىَ,surface_mismatch,1:1;no_annotation_transferred,30:46
30:48:2,30:48:2,الَّذِي,ٱلَّذِى,surface_mismatch,1:1;no_annotation_transferred,30:48
30:48:8,30:48:8,فِي,فِى,surface_mismatch,1:1;no_annotation_transferred,30:48
30:50:3,30:50:3,آثَارِ,ءَاثَٰرِ,surface_mismatch,1:1;no_annotation_transferred,30:50
30:50:7,30:50:7,يُحْيِي,يُحْىِ,surface_mismatch,1:1;no_annotation_transferred,30:50
30:50:13,30:50:13,لَمُحْيِي,لَمُحْىِ,surface_mismatch,1:1;no_annotation_transferred,30:50
30:50:18,30:50:18,شَيْءٍ,شَىْءٍ,surface_mismatch,1:1;no_annotation_transferred,30:50
30:53:4,30:53:4,الْعُمْيِ,ٱلْعُمْىِ,surface_mismatch,1:1;no_annotation_transferred,30:53
30:53:12,30:53:12,بِآيَاتِنَا,بِـَٔايَٰتِنَا,surface_mismatch,1:1;no_annotation_transferred,30:53
30:54:2,30:54:2,الَّذِي,ٱلَّذِى,surface_mismatch,1:1;no_annotation_transferred,30:54
30:56:8,30:56:8,فِي,فِى,surface_mismatch,1:1;no_annotation_transferred,30:56
30:58:4,30:58:4,فِي,فِى,surface_mismatch,1:1;no_annotation_transferred,30:58
30:58:6,30:58:6,الْقُرْآنِ,ٱلْقُرْءَانِ,surface_mismatch,1:1;no_annotation_transferred,30:58
30:58:12,30:58:12,بِآيَةٍ,بِـَٔايَةٍ,surface_mismatch,1:1;no_annotation_transferred,30:58
31:2:2,31:2:2,آيَاتُ,ءَايَٰتُ,surface_mismatch,1:1;no_annotation_transferred,31:2
31:4:3,31:4:3,الصَّلَاةَ,ٱلصَّلَوٰةَ,surface_mismatch,1:1;no_annotation_transferred,31:4
31:4:5,31:4:5,الزَّكَاةَ,ٱلزَّكَوٰةَ,surface_mismatch,1:1;no_annotation_transferred,31:4
31:4:7,31:4:7,بِالْآخِرَةِ,بِٱلْءَاخِرَةِ,surface_mismatch,1:1;no_annotation_transferred,31:4
31:6:4,31:6:4,يَشْتَرِي,يَشْتَرِى,surface_mismatch,1:1;no_annotation_transferred,31:6
31:7:4,31:7:4,آيَاتُنَا,ءَايَٰتُنَا,surface_mismatch,1:1;no_annotation_transferred,31:7
31:7:11,31:7:11,فِي,فِىٓ,surface_mismatch,1:1;no_annotation_transferred,31:7
31:8:3,31:8:3,آمَنُوا,ءَامَنُوا۟,surface_mismatch,1:1;no_annotation_transferred,31:8
31:10:7,31:10:7,فِي,فِى,surface_mismatch,1:1;no_annotation_transferred,31:10
31:10:9,31:10:9,رَوَاسِيَ,رَوَٰسِىَ,surface_mismatch,1:1;no_annotation_transferred,31:10
31:11:4,31:11:4,فَأَرُونِي,فَأَرُونِى,surface_mismatch,1:1;no_annotation_transferred,31:11
31:11:12,31:11:12,فِي,فِى,surface_mismatch,1:1;no_annotation_transferred,31:11
31:12:2,31:12:2,آتَيْنَا,ءَاتَيْنَا,surface_mismatch,1:1;no_annotation_transferred,31:12
31:12:17,31:12:17,غَنِيٌّ,غَنِىٌّ,surface_mismatch,1:1;no_annotation_transferred,31:12
31:13:1,,وَإِذْ قَالَ لُقْمَانُ لِابْنِهِ وَهُوَ يَعِظُهُ يَا بُنَيَّ لَا تُشْرِكْ بِاللَّهِ إِنَّ الشِّرْكَ لَظُلْمٌ عَظِيمٌ,وَإِذْ,ambiguous_verse,multiple_optimal_paths,31:13
31:13:2,,وَإِذْ قَالَ لُقْمَانُ لِابْنِهِ وَهُوَ يَعِظُهُ يَا بُنَيَّ لَا تُشْرِكْ بِاللَّهِ إِنَّ الشِّرْكَ لَظُلْمٌ عَظِيمٌ,قَالَ,ambiguous_verse,multiple_optimal_paths,31:13
31:13:3,,وَإِذْ قَالَ لُقْمَانُ لِابْنِهِ وَهُوَ يَعِظُهُ يَا بُنَيَّ لَا تُشْرِكْ بِاللَّهِ إِنَّ الشِّرْكَ لَظُلْمٌ عَظِيمٌ,لُقْمَٰنُ,ambiguous_verse,multiple_optimal_paths,31:13
31:13:4,,وَإِذْ قَالَ لُقْمَانُ لِابْنِهِ وَهُوَ يَعِظُهُ يَا بُنَيَّ لَا تُشْرِكْ بِاللَّهِ إِنَّ الشِّرْكَ لَظُلْمٌ عَظِيمٌ,لِٱبْنِهِۦ,ambiguous_verse,multiple_optimal_paths,31:13
31:13:5,,وَإِذْ قَالَ لُقْمَانُ لِابْنِهِ وَهُوَ يَعِظُهُ يَا بُنَيَّ لَا تُشْرِكْ بِاللَّهِ إِنَّ الشِّرْكَ لَظُلْمٌ عَظِيمٌ,وَهُوَ,ambiguous_verse,multiple_optimal_paths,31:13
31:13:6,,وَإِذْ قَالَ لُقْمَانُ لِابْنِهِ وَهُوَ يَعِظُهُ يَا بُنَيَّ لَا تُشْرِكْ بِاللَّهِ إِنَّ الشِّرْكَ لَظُلْمٌ عَظِيمٌ,يَعِظُهُۥ,ambiguous_verse,multiple_optimal_paths,31:13
31:13:7,,وَإِذْ قَالَ لُقْمَانُ لِابْنِهِ وَهُوَ يَعِظُهُ يَا بُنَيَّ لَا تُشْرِكْ بِاللَّهِ إِنَّ الشِّرْكَ لَظُلْمٌ عَظِيمٌ,يَٰبُنَىَّ,ambiguous_verse,multiple_optimal_paths,31:13
31:13:8,,وَإِذْ قَالَ لُقْمَانُ لِابْنِهِ وَهُوَ يَعِظُهُ يَا بُنَيَّ لَا تُشْرِكْ بِاللَّهِ إِنَّ الشِّرْكَ لَظُلْمٌ عَظِيمٌ,لَا,ambiguous_verse,multiple_optimal_paths,31:13
31:13:9,,وَإِذْ قَالَ لُقْمَانُ لِابْنِهِ وَهُوَ يَعِظُهُ يَا بُنَيَّ لَا تُشْرِكْ بِاللَّهِ إِنَّ الشِّرْكَ لَظُلْمٌ عَظِيمٌ,تُشْرِكْ,ambiguous_verse,multiple_optimal_paths,31:13
31:13:10,,وَإِذْ قَالَ لُقْمَانُ لِابْنِهِ وَهُوَ يَعِظُهُ يَا بُنَيَّ لَا تُشْرِكْ بِاللَّهِ إِنَّ الشِّرْكَ لَظُلْمٌ عَظِيمٌ,بِٱللَّهِ,ambiguous_verse,multiple_optimal_paths,31:13
31:13:11,,وَإِذْ قَالَ لُقْمَانُ لِابْنِهِ وَهُوَ يَعِظُهُ يَا بُنَيَّ لَا تُشْرِكْ بِاللَّهِ إِنَّ الشِّرْكَ لَظُلْمٌ عَظِيمٌ,إِنَّ,ambiguous_verse,multiple_optimal_paths,31:13
31:13:12,,وَإِذْ قَالَ لُقْمَانُ لِابْنِهِ وَهُوَ يَعِظُهُ يَا بُنَيَّ لَا تُشْرِكْ بِاللَّهِ إِنَّ الشِّرْكَ لَظُلْمٌ عَظِيمٌ,ٱلشِّرْكَ,ambiguous_verse,multiple_optimal_paths,31:13
31:13:13,,وَإِذْ قَالَ لُقْمَانُ لِابْنِهِ وَهُوَ يَعِظُهُ يَا بُنَيَّ لَا تُشْرِكْ بِاللَّهِ إِنَّ الشِّرْكَ لَظُلْمٌ عَظِيمٌ,لَظُلْمٌ,ambiguous_verse,multiple_optimal_paths,31:13
31:13:14,,وَإِذْ قَالَ لُقْمَانُ لِابْنِهِ وَهُوَ يَعِظُهُ يَا بُنَيَّ لَا تُشْرِكْ بِاللَّهِ إِنَّ الشِّرْكَ لَظُلْمٌ عَظِيمٌ,عَظِيمٌ,ambiguous_verse,multiple_optimal_paths,31:13
31:14:10,31:14:10,فِي,فِى,surface_mismatch,1:1;no_annotation_transferred,31:14
31:14:14,31:14:14,لِي,لِى,surface_mismatch,1:1;no_annotation_transferred,31:14
31:14:16,31:14:16,إِلَيَّ,إِلَىَّ,surface_mismatch,1:1;no_annotation_transferred,31:14
31:15:6,31:15:6,بِي,بِى,surface_mismatch,1:1;no_annotation_transferred,31:15
31:15:15,31:15:15,فِي,فِى,surface_mismatch,1:1;no_annotation_transferred,31:15
31:15:22,31:15:22,إِلَيَّ,إِلَىَّ,surface_mismatch,1:1;no_annotation_transferred,31:15
31:15:24,31:15:24,إِلَيَّ,إِلَىَّ,surface_mismatch,1:1;no_annotation_transferred,31:15
31:16:1,,يَا بُنَيَّ إِنَّهَا إِن تَكُ مِثْقَالَ حَبَّةٍ مِّنْ خَرْدَلٍ فَتَكُن فِي صَخْرَةٍ أَوْ فِي السَّمَاوَاتِ أَوْ فِي الْأَرْضِ يَأْتِ بِهَا اللَّهُ إِنَّ اللَّهَ لَطِيفٌ خَبِيرٌ,يَٰبُنَىَّ,ambiguous_verse,multiple_optimal_paths,31:16
31:16:2,,يَا بُنَيَّ إِنَّهَا إِن تَكُ مِثْقَالَ حَبَّةٍ مِّنْ خَرْدَلٍ فَتَكُن فِي صَخْرَةٍ أَوْ فِي السَّمَاوَاتِ أَوْ فِي الْأَرْضِ يَأْتِ بِهَا اللَّهُ إِنَّ اللَّهَ لَطِيفٌ خَبِيرٌ,إِنَّهَآ,ambiguous_verse,multiple_optimal_paths,31:16
31:16:3,,يَا بُنَيَّ إِنَّهَا إِن تَكُ مِثْقَالَ حَبَّةٍ مِّنْ خَرْدَلٍ فَتَكُن فِي صَخْرَةٍ أَوْ فِي السَّمَاوَاتِ أَوْ فِي الْأَرْضِ يَأْتِ بِهَا اللَّهُ إِنَّ اللَّهَ لَطِيفٌ خَبِيرٌ,إِن,ambiguous_verse,multiple_optimal_paths,31:16
31:16:4,,يَا بُنَيَّ إِنَّهَا إِن تَكُ مِثْقَالَ حَبَّةٍ مِّنْ خَرْدَلٍ فَتَكُن فِي صَخْرَةٍ أَوْ فِي السَّمَاوَاتِ أَوْ فِي الْأَرْضِ يَأْتِ بِهَا اللَّهُ إِنَّ اللَّهَ لَطِيفٌ خَبِيرٌ,تَكُ,ambiguous_verse,multiple_optimal_paths,31:16
31:16:5,,يَا بُنَيَّ إِنَّهَا إِن تَكُ مِثْقَالَ حَبَّةٍ مِّنْ خَرْدَلٍ فَتَكُن فِي صَخْرَةٍ أَوْ فِي السَّمَاوَاتِ أَوْ فِي الْأَرْضِ يَأْتِ بِهَا اللَّهُ إِنَّ اللَّهَ لَطِيفٌ خَبِيرٌ,مِثْقَالَ,ambiguous_verse,multiple_optimal_paths,31:16
31:16:6,,يَا بُنَيَّ إِنَّهَا إِن تَكُ مِثْقَالَ حَبَّةٍ مِّنْ خَرْدَلٍ فَتَكُن فِي صَخْرَةٍ أَوْ فِي السَّمَاوَاتِ أَوْ فِي الْأَرْضِ يَأْتِ بِهَا اللَّهُ إِنَّ اللَّهَ لَطِيفٌ خَبِيرٌ,حَبَّةٍ,ambiguous_verse,multiple_optimal_paths,31:16
31:16:7,,يَا بُنَيَّ إِنَّهَا إِن تَكُ مِثْقَالَ حَبَّةٍ مِّنْ خَرْدَلٍ فَتَكُن فِي صَخْرَةٍ أَوْ فِي السَّمَاوَاتِ أَوْ فِي الْأَرْضِ يَأْتِ بِهَا اللَّهُ إِنَّ اللَّهَ لَطِيفٌ خَبِيرٌ,مِّنْ,ambiguous_verse,multiple_optimal_paths,31:16
31:16:8,,يَا بُنَيَّ إِنَّهَا إِن تَكُ مِثْقَالَ حَبَّةٍ مِّنْ خَرْدَلٍ فَتَكُن فِي صَخْرَةٍ أَوْ فِي السَّمَاوَاتِ أَوْ فِي الْأَرْضِ يَأْتِ بِهَا اللَّهُ إِنَّ اللَّهَ لَطِيفٌ خَبِيرٌ,خَرْدَلٍ,ambiguous_verse,multiple_optimal_paths,31:16
31:16:9,,يَا بُنَيَّ إِنَّهَا إِن تَكُ مِثْقَالَ حَبَّةٍ مِّنْ خَرْدَلٍ فَتَكُن فِي صَخْرَةٍ أَوْ فِي السَّمَاوَاتِ أَوْ فِي الْأَرْضِ يَأْتِ بِهَا اللَّهُ إِنَّ اللَّهَ لَطِيفٌ خَبِيرٌ,فَتَكُن,ambiguous_verse,multiple_optimal_paths,31:16
31:16:10,,يَا بُنَيَّ إِنَّهَا إِن تَكُ مِثْقَالَ حَبَّةٍ مِّنْ خَرْدَلٍ فَتَكُن فِي صَخْرَةٍ أَوْ فِي السَّمَاوَاتِ أَوْ فِي الْأَرْضِ يَأْتِ بِهَا اللَّهُ إِنَّ اللَّهَ لَطِيفٌ خَبِيرٌ,فِى,ambiguous_verse,multiple_optimal_paths,31:16
31:16:11,,يَا بُنَيَّ إِنَّهَا إِن تَكُ مِثْقَالَ حَبَّةٍ مِّنْ خَرْدَلٍ فَتَكُن فِي صَخْرَةٍ أَوْ فِي السَّمَاوَاتِ أَوْ فِي الْأَرْضِ يَأْتِ بِهَا اللَّهُ إِنَّ اللَّهَ لَطِيفٌ خَبِيرٌ,صَخْرَةٍ,ambiguous_verse,multiple_optimal_paths,31:16
31:16:12,,يَا بُنَيَّ إِنَّهَا إِن تَكُ مِثْقَالَ حَبَّةٍ مِّنْ خَرْدَلٍ فَتَكُن فِي صَخْرَةٍ أَوْ فِي السَّمَاوَاتِ أَوْ فِي الْأَرْضِ يَأْتِ بِهَا اللَّهُ إِنَّ اللَّهَ لَطِيفٌ خَبِيرٌ,أَوْ,ambiguous_verse,multiple_optimal_paths,31:16
31:16:13,,يَا بُنَيَّ إِنَّهَا إِن تَكُ مِثْقَالَ حَبَّةٍ مِّنْ خَرْدَلٍ فَتَكُن فِي صَخْرَةٍ أَوْ فِي السَّمَاوَاتِ أَوْ فِي الْأَرْضِ يَأْتِ بِهَا اللَّهُ إِنَّ اللَّهَ لَطِيفٌ خَبِيرٌ,فِى,ambiguous_verse,multiple_optimal_paths,31:16
31:16:14,,يَا بُنَيَّ إِنَّهَا إِن تَكُ مِثْقَالَ حَبَّةٍ مِّنْ خَرْدَلٍ فَتَكُن فِي صَخْرَةٍ أَوْ فِي السَّمَاوَاتِ أَوْ فِي الْأَرْضِ يَأْتِ بِهَا اللَّهُ إِنَّ اللَّهَ لَطِيفٌ خَبِيرٌ,ٱلسَّمَٰوَٰتِ,ambiguous_verse,multiple_optimal_paths,31:16
31:16:15,,يَا بُنَيَّ إِنَّهَا إِن تَكُ مِثْقَالَ حَبَّةٍ مِّنْ خَرْدَلٍ فَتَكُن فِي صَخْرَةٍ أَوْ فِي السَّمَاوَاتِ أَوْ فِي الْأَرْضِ يَأْتِ بِهَا اللَّهُ إِنَّ اللَّهَ لَطِيفٌ خَبِيرٌ,أَوْ,ambiguous_verse,multiple_optimal_paths,31:16
31:16:16,,يَا بُنَيَّ إِنَّهَا إِن تَكُ مِثْقَالَ حَبَّةٍ مِّنْ خَرْدَلٍ فَتَكُن فِي صَخْرَةٍ أَوْ فِي السَّمَاوَاتِ أَوْ فِي الْأَرْضِ يَأْتِ بِهَا اللَّهُ إِنَّ اللَّهَ لَطِيفٌ خَبِيرٌ,فِى,ambiguous_verse,multiple_optimal_paths,31:16
31:16:17,,يَا بُنَيَّ إِنَّهَا إِن تَكُ مِثْقَالَ حَبَّةٍ مِّنْ خَرْدَلٍ فَتَكُن فِي صَخْرَةٍ أَوْ فِي السَّمَاوَاتِ أَوْ فِي الْأَرْضِ يَأْتِ بِهَا اللَّهُ إِنَّ اللَّهَ لَطِيفٌ خَبِيرٌ,ٱلْأَرْضِ,ambiguous_verse,multiple_optimal_paths,31:16
31:16:18,,يَا بُنَيَّ إِنَّهَا إِن تَكُ مِثْقَالَ حَبَّةٍ مِّنْ خَرْدَلٍ فَتَكُن فِي صَخْرَةٍ أَوْ فِي السَّمَاوَاتِ أَوْ فِي الْأَرْضِ يَأْتِ بِهَا اللَّهُ إِنَّ اللَّهَ لَطِيفٌ خَبِيرٌ,يَأْتِ,ambiguous_verse,multiple_optimal_paths,31:16
31:16:19,,يَا بُنَيَّ إِنَّهَا إِن تَكُ مِثْقَالَ حَبَّةٍ مِّنْ خَرْدَلٍ فَتَكُن فِي صَخْرَةٍ أَوْ فِي السَّمَاوَاتِ أَوْ فِي الْأَرْضِ يَأْتِ بِهَا اللَّهُ إِنَّ اللَّهَ لَطِيفٌ خَبِيرٌ,بِهَا,ambiguous_verse,multiple_optimal_paths,31:16
31:16:20,,يَا بُنَيَّ إِنَّهَا إِن تَكُ مِثْقَالَ حَبَّةٍ مِّنْ خَرْدَلٍ فَتَكُن فِي صَخْرَةٍ أَوْ فِي السَّمَاوَاتِ أَوْ فِي الْأَرْضِ يَأْتِ بِهَا اللَّهُ إِنَّ اللَّهَ لَطِيفٌ خَبِيرٌ,ٱللَّهُ,ambiguous_verse,multiple_optimal_paths,31:16
31:16:21,,يَا بُنَيَّ إِنَّهَا إِن تَكُ مِثْقَالَ حَبَّةٍ مِّنْ خَرْدَلٍ فَتَكُن فِي صَخْرَةٍ أَوْ فِي السَّمَاوَاتِ أَوْ فِي الْأَرْضِ يَأْتِ بِهَا اللَّهُ إِنَّ اللَّهَ لَطِيفٌ خَبِيرٌ,إِنَّ,ambiguous_verse,multiple_optimal_paths,31:16
31:16:22,,يَا بُنَيَّ إِنَّهَا إِن تَكُ مِثْقَالَ حَبَّةٍ مِّنْ خَرْدَلٍ فَتَكُن فِي صَخْرَةٍ أَوْ فِي السَّمَاوَاتِ أَوْ فِي الْأَرْضِ يَأْتِ بِهَا اللَّهُ إِنَّ اللَّهَ لَطِيفٌ خَبِيرٌ,ٱللَّهَ,ambiguous_verse,multiple_optimal_paths,31:16
31:16:23,,يَا بُنَيَّ إِنَّهَا إِن تَكُ مِثْقَالَ حَبَّةٍ مِّنْ خَرْدَلٍ فَتَكُن فِي صَخْرَةٍ أَوْ فِي السَّمَاوَاتِ أَوْ فِي الْأَرْضِ يَأْتِ بِهَا اللَّهُ إِنَّ اللَّهَ لَطِيفٌ خَبِيرٌ,لَطِيفٌ,ambiguous_verse,multiple_optimal_paths,31:16
31:16:24,,يَا بُنَيَّ إِنَّهَا إِن تَكُ مِثْقَالَ حَبَّةٍ مِّنْ خَرْدَلٍ فَتَكُن فِي صَخْرَةٍ أَوْ فِي السَّمَاوَاتِ أَوْ فِي الْأَرْضِ يَأْتِ بِهَا اللَّهُ إِنَّ اللَّهَ لَطِيفٌ خَبِيرٌ,خَبِيرٌ,ambiguous_verse,multiple_optimal_paths,31:16
31:17:1,,يَا بُنَيَّ أَقِمِ الصَّلَاةَ وَأْمُرْ بِالْمَعْرُوفِ وَانْهَ عَنِ الْمُنكَرِ وَاصْبِرْ عَلَىٰ مَا أَصَابَكَ إِنَّ ذَٰلِكَ مِنْ عَزْمِ الْأُمُورِ,يَٰبُنَىَّ,ambiguous_verse,multiple_optimal_paths,31:17
31:17:2,,يَا بُنَيَّ أَقِمِ الصَّلَاةَ وَأْمُرْ بِالْمَعْرُوفِ وَانْهَ عَنِ الْمُنكَرِ وَاصْبِرْ عَلَىٰ مَا أَصَابَكَ إِنَّ ذَٰلِكَ مِنْ عَزْمِ الْأُمُورِ,أَقِمِ,ambiguous_verse,multiple_optimal_paths,31:17
31:17:3,,يَا بُنَيَّ أَقِمِ الصَّلَاةَ وَأْمُرْ بِالْمَعْرُوفِ وَانْهَ عَنِ الْمُنكَرِ وَاصْبِرْ عَلَىٰ مَا أَصَابَكَ إِنَّ ذَٰلِكَ مِنْ عَزْمِ الْأُمُورِ,ٱلصَّلَوٰةَ,ambiguous_verse,multiple_optimal_paths,31:17
31:17:4,,يَا بُنَيَّ أَقِمِ الصَّلَاةَ وَأْمُرْ بِالْمَعْرُوفِ وَانْهَ عَنِ الْمُنكَرِ وَاصْبِرْ عَلَىٰ مَا أَصَابَكَ إِنَّ ذَٰلِكَ مِنْ عَزْمِ الْأُمُورِ,وَأْمُرْ,ambiguous_verse,multiple_optimal_paths,31:17
31:17:5,,يَا بُنَيَّ أَقِمِ الصَّلَاةَ وَأْمُرْ بِالْمَعْرُوفِ وَانْهَ عَنِ الْمُنكَرِ وَاصْبِرْ عَلَىٰ مَا أَصَابَكَ إِنَّ ذَٰلِكَ مِنْ عَزْمِ الْأُمُورِ,بِٱلْمَعْرُوفِ,ambiguous_verse,multiple_optimal_paths,31:17
31:17:6,,يَا بُنَيَّ أَقِمِ الصَّلَاةَ وَأْمُرْ بِالْمَعْرُوفِ وَانْهَ عَنِ الْمُنكَرِ وَاصْبِرْ عَلَىٰ مَا أَصَابَكَ إِنَّ ذَٰلِكَ مِنْ عَزْمِ الْأُمُورِ,وَٱنْهَ,ambiguous_verse,multiple_optimal_paths,31:17
31:17:7,,يَا بُنَيَّ أَقِمِ الصَّلَاةَ وَأْمُرْ بِالْمَعْرُوفِ وَانْهَ عَنِ الْمُنكَرِ وَاصْبِرْ عَلَىٰ مَا أَصَابَكَ إِنَّ ذَٰلِكَ مِنْ عَزْمِ الْأُمُورِ,عَنِ,ambiguous_verse,multiple_optimal_paths,31:17
31:17:8,,يَا بُنَيَّ أَقِمِ الصَّلَاةَ وَأْمُرْ بِالْمَعْرُوفِ وَانْهَ عَنِ الْمُنكَرِ وَاصْبِرْ عَلَىٰ مَا أَصَابَكَ إِنَّ ذَٰلِكَ مِنْ عَزْمِ الْأُمُورِ,ٱلْمُنكَرِ,ambiguous_verse,multiple_optimal_paths,31:17
31:17:9,,يَا بُنَيَّ أَقِمِ الصَّلَاةَ وَأْمُرْ بِالْمَعْرُوفِ وَانْهَ عَنِ الْمُنكَرِ وَاصْبِرْ عَلَىٰ مَا أَصَابَكَ إِنَّ ذَٰلِكَ مِنْ عَزْمِ الْأُمُورِ,وَٱصْبِرْ,ambiguous_verse,multiple_optimal_paths,31:17
31:17:10,,يَا بُنَيَّ أَقِمِ الصَّلَاةَ وَأْمُرْ بِالْمَعْرُوفِ وَانْهَ عَنِ الْمُنكَرِ وَاصْبِرْ عَلَىٰ مَا أَصَابَكَ إِنَّ ذَٰلِكَ مِنْ عَزْمِ الْأُمُورِ,عَلَىٰ,ambiguous_verse,multiple_optimal_paths,31:17
31:17:11,,يَا بُنَيَّ أَقِمِ الصَّلَاةَ وَأْمُرْ بِالْمَعْرُوفِ وَانْهَ عَنِ الْمُنكَرِ وَاصْبِرْ عَلَىٰ مَا أَصَابَكَ إِنَّ ذَٰلِكَ مِنْ عَزْمِ الْأُمُورِ,مَآ,ambiguous_verse,multiple_optimal_paths,31:17
31:17:12,,يَا بُنَيَّ أَقِمِ الصَّلَاةَ وَأْمُرْ بِالْمَعْرُوفِ وَانْهَ عَنِ الْمُنكَرِ وَاصْبِرْ عَلَىٰ مَا أَصَابَكَ إِنَّ ذَٰلِكَ مِنْ عَزْمِ الْأُمُورِ,أَصَابَكَ,ambiguous_verse,multiple_optimal_paths,31:17
31:17:13,,يَا بُنَيَّ أَقِمِ الصَّلَاةَ وَأْمُرْ بِالْمَعْرُوفِ وَانْهَ عَنِ الْمُنكَرِ وَاصْبِرْ عَلَىٰ مَا أَصَابَكَ إِنَّ ذَٰلِكَ مِنْ عَزْمِ الْأُمُورِ,إِنَّ,ambiguous_verse,multiple_optimal_paths,31:17
31:17:14,,يَا بُنَيَّ أَقِمِ الصَّلَاةَ وَأْمُرْ بِالْمَعْرُوفِ وَانْهَ عَنِ الْمُنكَرِ وَاصْبِرْ عَلَىٰ مَا أَصَابَكَ إِنَّ ذَٰلِكَ مِنْ عَزْمِ الْأُمُورِ,ذَٰلِكَ,ambiguous_verse,multiple_optimal_paths,31:17
31:17:15,,يَا بُنَيَّ أَقِمِ الصَّلَاةَ وَأْمُرْ بِالْمَعْرُوفِ وَانْهَ عَنِ الْمُنكَرِ وَاصْبِرْ عَلَىٰ مَا أَصَابَكَ إِنَّ ذَٰلِكَ مِنْ عَزْمِ الْأُمُورِ,مِنْ,ambiguous_verse,multiple_optimal_paths,31:17
31:17:16,,يَا بُنَيَّ أَقِمِ الصَّلَاةَ وَأْمُرْ بِالْمَعْرُوفِ وَانْهَ عَنِ الْمُنكَرِ وَاصْبِرْ عَلَىٰ مَا أَصَابَكَ إِنَّ ذَٰلِكَ مِنْ عَزْمِ الْأُمُورِ,عَزْمِ,ambiguous_verse,multiple_optimal_paths,31:17
31:17:17,,يَا بُنَيَّ أَقِمِ الصَّلَاةَ وَأْمُرْ بِالْمَعْرُوفِ وَانْهَ عَنِ الْمُنكَرِ وَاصْبِرْ عَلَىٰ مَا أَصَابَكَ إِنَّ ذَٰلِكَ مِنْ عَزْمِ الْأُمُورِ,ٱلْأُمُورِ,ambiguous_verse,multiple_optimal_paths,31:17
31:18:7,31:18:7,فِي,فِى,surface_mismatch,1:1;no_annotation_transferred,31:18
31:19:2,31:19:2,فِي,فِى,surface_mismatch,1:1;no_annotation_transferred,31:19
31:20:8,31:20:8,فِي,فِى,surface_mismatch,1:1;no_annotation_transferred,31:20
31:20:11,31:20:11,فِي,فِى,surface_mismatch,1:1;no_annotation_transferred,31:20
31:20:22,31:20:22,فِي,فِى,surface_mismatch,1:1;no_annotation_transferred,31:20
31:21:14,31:21:14,آبَاءَنَا,ءَابَآءَنَآ,surface_mismatch,1:1;no_annotation_transferred,31:21
31:26:3,31:26:3,فِي,فِى,surface_mismatch,1:1;no_annotation_transferred,31:26
31:26:9,31:26:9,الْغَنِيُّ,ٱلْغَنِىُّ,surface_mismatch,1:1;no_annotation_transferred,31:26
31:27:3,31:27:3,فِي,فِى,surface_mismatch,1:1;no_annotation_transferred,31:27
31:29:6,31:29:6,اللَّيْلَ,ٱلَّيْلَ,surface_mismatch,1:1;no_annotation_transferred,31:29
31:29:7,31:29:7,فِي,فِى,surface_mismatch,1:1;no_annotation_transferred,31:29
31:29:11,31:29:11,فِي,فِى,surface_mismatch,1:1;no_annotation_transferred,31:29
31:29:12,31:29:12,اللَّيْلِ,ٱلَّيْلِ,surface_mismatch,1:1;no_annotation_transferred,31:29
31:29:17,31:29:17,يَجْرِي,يَجْرِىٓ,surface_mismatch,1:1;no_annotation_transferred,31:29
31:30:15,31:30:15,الْعَلِيُّ,ٱلْعَلِىُّ,surface_mismatch,1:1;no_annotation_transferred,31:30
31:31:5,31:31:5,تَجْرِي,تَجْرِى,surface_mismatch,1:1;no_annotation_transferred,31:31
31:31:6,31:31:6,فِي,فِى,surface_mismatch,1:1;no_annotation_transferred,31:31
31:31:12,31:31:12,آيَاتِهِ,ءَايَٰتِهِۦٓ,surface_mismatch,1:1;no_annotation_transferred,31:31
31:31:14,31:31:14,فِي,فِى,surface_mismatch,1:1;no_annotation_transferred,31:31
31:31:16,31:31:16,لَآيَاتٍ,لَءَايَٰتٍ,surface_mismatch,1:1;no_annotation_transferred,31:31
31:32:11,31:32:11,نَجَّاهُمْ,نَجَّىٰهُمْ,surface_mismatch,1:1;no_annotation_transferred,31:32
31:32:18,31:32:18,بِآيَاتِنَا,بِـَٔايَٰتِنَآ,surface_mismatch,1:1;no_annotation_transferred,31:32
31:33:8,31:33:9,يَجْزِي,يَجْزِى,surface_mismatch,1:1;no_annotation_transferred,31:33
31:33:18,31:33:19,شَيْئًا,شَيْـًٔا,surface_mismatch,1:1;no_annotation_transferred,31:33
31:33:25,31:33:26,الْحَيَاةُ,ٱلْحَيَوٰةُ,surface_mismatch,1:1;no_annotation_transferred,31:33
31:34:10,31:34:10,فِي,فِى,surface_mismatch,1:1;no_annotation_transferred,31:34
31:34:13,31:34:13,تَدْرِي,تَدْرِى,surface_mismatch,1:1;no_annotation_transferred,31:34
31:34:19,31:34:19,تَدْرِي,تَدْرِى,surface_mismatch,1:1;no_annotation_transferred,31:34
31:34:21,31:34:21,بِأَيِّ,بِأَىِّ,surface_mismatch,1:1;no_annotation_transferred,31:34
32:3:3,32:3:3,افْتَرَاهُ,ٱفْتَرَىٰهُ,surface_mismatch,1:1;no_annotation_transferred,32:3
32:3:12,32:3:12,أَتَاهُم,أَتَىٰهُم,surface_mismatch,1:1;no_annotation_transferred,32:3
32:4:2,32:4:2,الَّذِي,ٱلَّذِى,surface_mismatch,1:1;no_annotation_transferred,32:4
32:4:8,32:4:8,فِي,فِى,surface_mismatch,1:1;no_annotation_transferred,32:4
32:4:20,32:4:20,وَلِيٍّ,وَلِىٍّ,surface_mismatch,1:1;no_annotation_transferred,32:4
32:5:10,32:5:10,فِي,فِى,surface_mismatch,1:1;no_annotation_transferred,32:5
32:7:1,32:7:1,الَّذِي,ٱلَّذِىٓ,surface_mismatch,1:1;no_annotation_transferred,32:7
32:7:4,32:7:4,شَيْءٍ,شَىْءٍ,surface_mismatch,1:1;no_annotation_transferred,32:7
32:9:2,32:9:2,سَوَّاهُ,سَوَّىٰهُ,surface_mismatch,1:1;no_annotation_transferred,32:9
32:9:11,32:9:11,وَالْأَفْئِدَةَ,وَٱلْأَفْـِٔدَةَ,surface_mismatch,1:1;no_annotation_transferred,32:9
32:10:2,32:10:2,أَإِذَا,أَءِذَا,surface_mismatch,1:1;no_annotation_transferred,32:10
32:10:4,32:10:4,فِي,فِى,surface_mismatch,1:1;no_annotation_transferred,32:10
32:10:6,32:10:6,أَإِنَّا,أَءِنَّا,surface_mismatch,1:1;no_annotation_transferred,32:10
32:10:7,32:10:7,لَفِي,لَفِى,surface_mismatch,1:1;no_annotation_transferred,32:10
32:11:2,32:11:2,يَتَوَفَّاكُم,يَتَوَفَّىٰكُم,surface_mismatch,1:1;no_annotation_transferred,32:11
32:11:5,32:11:5,الَّذِي,ٱلَّذِى,surface_mismatch,1:1;no_annotation_transferred,32:11
32:12:5,32:12:5,نَاكِسُو,نَاكِسُوا۟,surface_mismatch,1:1;no_annotation_transferred,32:12
32:13:3,32:13:3,لَآتَيْنَا,لَءَاتَيْنَا,surface_mismatch,1:1;no_annotation_transferred,32:13
32:13:6,32:13:6,هُدَاهَا,هُدَىٰهَا,surface_mismatch,1:1;no_annotation_transferred,32:13
32:13:10,32:13:10,مِنِّي,مِنِّى,surface_mismatch,1:1;no_annotation_transferred,32:13
32:15:3,32:15:3,بِآيَاتِنَا,بِـَٔايَٰتِنَا,surface_mismatch,1:1;no_annotation_transferred,32:15
32:17:5,32:17:5,أُخْفِيَ,أُخْفِىَ,surface_mismatch,1:1;no_annotation_transferred,32:17
32:18:8,32:18:8,يَسْتَوُونَ,يَسْتَوُۥنَ,surface_mismatch,1:1;no_annotation_transferred,32:18
32:19:3,32:19:3,آمَنُوا,ءَامَنُوا۟,surface_mismatch,1:1;no_annotation_transferred,32:19
32:20:4,32:20:4,فَمَأْوَاهُمُ,فَمَأْوَىٰهُمُ,surface_mismatch,1:1;no_annotation_transferred,32:20
32:20:18,32:20:18,الَّذِي,ٱلَّذِى,surface_mismatch,1:1;no_annotation_transferred,32:20
32:22:5,32:22:5,بِآيَاتِ,بِـَٔايَٰتِ,surface_mismatch,1:1;no_annotation_transferred,32:22
32:23:2,32:23:2,آتَيْنَا,ءَاتَيْنَا,surface_mismatch,1:1;no_annotation_transferred,32:23
32:23:7,32:23:7,فِي,فِى,surface_mismatch,1:1;no_annotation_transferred,32:23
32:23:13,32:23:13,لِّبَنِي,لِّبَنِىٓ,surface_mismatch,1:1;no_annotation_transferred,32:23
32:23:14,32:23:14,إِسْرَائِيلَ,إِسْرَٰٓءِيلَ,surface_mismatch,1:1;no_annotation_transferred,32:23
32:24:9,32:24:9,بِآيَاتِنَا,بِـَٔايَٰتِنَا,surface_mismatch,1:1;no_annotation_transferred,32:24
32:26:11,32:26:11,فِي,فِى,surface_mismatch,1:1;no_annotation_transferred,32:26
32:26:14,32:26:14,فِي,فِى,surface_mismatch,1:1;no_annotation_transferred,32:26
32:26:16,32:26:16,لَآيَاتٍ,لَءَايَٰتٍ,surface_mismatch,1:1;no_annotation_transferred,32:26
33:1:2,33:1:7,النَّبِيُّ,ٱلنَّبِىُّ,surface_mismatch,1:1;no_annotation_transferred,33:1
33:4:7,33:4:7,فِي,فِى,surface_mismatch,1:1;no_annotation_transferred,33:4
33:4:12,33:4:12,اللَّائِي,ٱلَّٰٓـِٔى,surface_mismatch,1:1;no_annotation_transferred,33:4
33:4:27,33:4:27,يَهْدِي,يَهْدِى,surface_mismatch,1:1;no_annotation_transferred,33:4
33:5:2,33:5:2,لِآبَائِهِمْ,لِءَابَآئِهِمْ,surface_mismatch,1:1;no_annotation_transferred,33:5
33:5:10,33:5:10,آبَاءَهُمْ,ءَابَآءَهُمْ,surface_mismatch,1:1;no_annotation_transferred,33:5
33:5:12,33:5:12,فِي,فِى,surface_mismatch,1:1;no_annotation_transferred,33:5
33:6:1,33:6:1,النَّبِيُّ,ٱلنَّبِىُّ,surface_mismatch,1:1;no_annotation_transferred,33:6
33:6:8,33:6:8,وَأُولُو,وَأُو۟لُوا۟,surface_mismatch,1:1;no_annotation_transferred,33:6
33:6:13,33:6:13,فِي,فِى,surface_mismatch,1:1;no_annotation_transferred,33:6
33:6:27,33:6:27,فِي,فِى,surface_mismatch,1:1;no_annotation_transferred,33:6
33:7:4,33:7:4,النَّبِيِّينَ,ٱلنَّبِيِّۦنَ,surface_mismatch,1:1;no_annotation_transferred,33:7
33:8:1,33:8:1,لِّيَسْأَلَ,لِّيَسْـَٔلَ,surface_mismatch,1:1;no_annotation_transferred,33:8
33:9:3,33:9:4,آمَنُوا,ءَامَنُوا۟,surface_mismatch,1:1;no_annotation_transferred,33:9
33:11:2,33:11:2,ابْتُلِيَ,ٱبْتُلِىَ,surface_mismatch,1:1;no_annotation_transferred,33:11
33:12:5,33:12:5,فِي,فِى,surface_mismatch,1:1;no_annotation_transferred,33:12
33:13:11,33:13:12,وَيَسْتَأْذِنُ,وَيَسْتَـْٔذِنُ,surface_mismatch,1:1;no_annotation_transferred,33:13
33:13:14,33:13:15,النَّبِيَّ,ٱلنَّبِىَّ,surface_mismatch,1:1;no_annotation_transferred,33:13
33:13:20,33:13:21,هِيَ,هِىَ,surface_mismatch,1:1;no_annotation_transferred,33:13
33:14:9,33:14:9,لَآتَوْهَا,لَءَاتَوْهَا,surface_mismatch,1:1;no_annotation_transferred,33:14
33:15:13,33:15:13,مَسْئُولًا,مَسْـُٔولًا,surface_mismatch,1:1;no_annotation_transferred,33:15
33:17:4,33:17:4,الَّذِي,ٱلَّذِى,surface_mismatch,1:1;no_annotation_transferred,33:17
33:19:11,33:19:11,كَالَّذِي,كَٱلَّذِى,surface_mismatch,1:1;no_annotation_transferred,33:19
33:20:12,33:20:12,فِي,فِى,surface_mismatch,1:1;no_annotation_transferred,33:20
33:20:14,33:20:14,يَسْأَلُونَ,يَسْـَٔلُونَ,surface_mismatch,1:1;no_annotation_transferred,33:20
33:21:4,33:21:4,فِي,فِى,surface_mismatch,1:1;no_annotation_transferred,33:21
33:21:11,33:21:11,يَرْجُو,يَرْجُوا۟,surface_mismatch,1:1;no_annotation_transferred,33:21
33:21:14,33:21:14,الْآخِرَ,ٱلْءَاخِرَ,surface_mismatch,1:1;no_annotation_transferred,33:21
33:22:2,33:22:2,رَأَى,رَءَا,surface_mismatch,1:1;no_annotation_transferred,33:22
33:24:1,33:24:1,لِّيَجْزِيَ,لِّيَجْزِىَ,surface_mismatch,1:1;no_annotation_transferred,33:24
33:26:10,33:26:10,فِي,فِى,surface_mismatch,1:1;no_annotation_transferred,33:26
33:27:7,33:27:7,تَطَئُوهَا,تَطَـُٔوهَا,surface_mismatch,1:1;no_annotation_transferred,33:27
33:27:12,33:27:12,شَيْءٍ,شَىْءٍ,surface_mismatch,1:1;no_annotation_transferred,33:27
33:28:2,33:28:3,النَّبِيُّ,ٱلنَّبِىُّ,surface_mismatch,1:1;no_annotation_transferred,33:28
33:28:8,33:28:9,الْحَيَاةَ,ٱلْحَيَوٰةَ,surface_mismatch,1:1;no_annotation_transferred,33:28
33:29:7,33:29:7,الْآخِرَةَ,ٱلْءَاخِرَةَ,surface_mismatch,1:1;no_annotation_transferred,33:29
33:30:2,33:30:3,النَّبِيِّ,ٱلنَّبِىِّ,surface_mismatch,1:1;no_annotation_transferred,33:30
33:32:2,33:32:3,النَّبِيِّ,ٱلنَّبِىِّ,surface_mismatch,1:1;no_annotation_transferred,33:32
33:32:13,33:32:14,الَّذِي,ٱلَّذِى,surface_mismatch,1:1;no_annotation_transferred,33:32
33:32:14,33:32:15,فِي,فِى,surface_mismatch,1:1;no_annotation_transferred,33:32
33:33:2,33:33:2,فِي,فِى,surface_mismatch,1:1;no_annotation_transferred,33:33
33:33:10,33:33:10,الصَّلَاةَ,ٱلصَّلَوٰةَ,surface_mismatch,1:1;no_annotation_transferred,33:33
33:33:11,33:33:11,وَآتِينَ,وَءَاتِينَ,surface_mismatch,1:1;no_annotation_transferred,33:33
33:33:12,33:33:12,الزَّكَاةَ,ٱلزَّكَوٰةَ,surface_mismatch,1:1;no_annotation_transferred,33:33
33:34:4,33:34:4,فِي,فِى,surface_mismatch,1:1;no_annotation_transferred,33:34
33:34:7,33:34:7,آيَاتِ,ءَايَٰتِ,surface_mismatch,1:1;no_annotation_transferred,33:34
33:37:3,33:37:3,لِلَّذِي,لِلَّذِىٓ,surface_mismatch,1:1;no_annotation_transferred,33:37
33:37:14,33:37:14,وَتُخْفِي,وَتُخْفِى,surface_mismatch,1:1;no_annotation_transferred,33:37
33:37:15,33:37:15,فِي,فِى,surface_mismatch,1:1;no_annotation_transferred,33:37
33:37:25,33:37:25,تَخْشَاهُ,تَخْشَىٰهُ,surface_mismatch,1:1;no_annotation_transferred,33:37
33:37:32,33:37:32,لِكَيْ,لِكَىْ,surface_mismatch,1:1;no_annotation_transferred,33:37
33:37:38,33:37:38,فِي,فِىٓ,surface_mismatch,1:1;no_annotation_transferred,33:37
33:38:4,33:38:4,النَّبِيِّ,ٱلنَّبِىِّ,surface_mismatch,1:1;no_annotation_transferred,33:38
33:38:13,33:38:13,فِي,فِى,surface_mismatch,1:1;no_annotation_transferred,33:38
33:40:12,33:40:12,النَّبِيِّينَ,ٱلنَّبِيِّۦنَ,surface_mismatch,1:1;no_annotation_transferred,33:40
33:40:16,33:40:16,شَيْءٍ,شَىْءٍ,surface_mismatch,1:1;no_annotation_transferred,33:40
33:41:3,33:41:4,آمَنُوا,ءَامَنُوا۟,surface_mismatch,1:1;no_annotation_transferred,33:41
33:43:2,33:43:2,الَّذِي,ٱلَّذِى,surface_mismatch,1:1;no_annotation_transferred,33:43
33:43:3,33:43:3,يُصَلِّي,يُصَلِّى,surface_mismatch,1:1;no_annotation_transferred,33:43
33:45:2,33:45:3,النَّبِيُّ,ٱلنَّبِىُّ,surface_mismatch,1:1;no_annotation_transferred,33:45
33:48:6,33:48:6,أَذَاهُمْ,أَذَىٰهُمْ,surface_mismatch,1:1;no_annotation_transferred,33:48
33:49:3,33:49:4,آمَنُوا,ءَامَنُوٓا۟,surface_mismatch,1:1;no_annotation_transferred,33:49
33:50:2,33:50:3,النَّبِيُّ,ٱلنَّبِىُّ,surface_mismatch,1:1;no_annotation_transferred,33:50
33:50:7,33:50:8,اللَّاتِي,ٱلَّٰتِىٓ,surface_mismatch,1:1;no_annotation_transferred,33:50
33:50:8,33:50:9,آتَيْتَ,ءَاتَيْتَ,surface_mismatch,1:1;no_annotation_transferred,33:50
33:50:25,33:50:26,اللَّاتِي,ٱلَّٰتِى,surface_mismatch,1:1;no_annotation_transferred,33:50
33:50:33,33:50:34,لِلنَّبِيِّ,لِلنَّبِىِّ,surface_mismatch,1:1;no_annotation_transferred,33:50
33:50:36,33:50:37,النَّبِيُّ,ٱلنَّبِىُّ,surface_mismatch,1:1;no_annotation_transferred,33:50
33:50:49,33:50:50,فِي,فِىٓ,surface_mismatch,1:1;no_annotation_transferred,33:50
33:51:1,33:51:1,تُرْجِي,تُرْجِى,surface_mismatch,1:1;no_annotation_transferred,33:51
33:51:5,33:51:5,وَتُؤْوِي,وَتُـْٔوِىٓ,surface_mismatch,1:1;no_annotation_transferred,33:51
33:51:25,33:51:25,آتَيْتَهُنَّ,ءَاتَيْتَهُنَّ,surface_mismatch,1:1;no_annotation_transferred,33:51
33:51:30,33:51:30,فِي,فِى,surface_mismatch,1:1;no_annotation_transferred,33:51
33:52:24,33:52:24,شَيْءٍ,شَىْءٍ,surface_mismatch,1:1;no_annotation_transferred,33:52
33:53:3,33:53:4,آمَنُوا,ءَامَنُوا۟,surface_mismatch,1:1;no_annotation_transferred,33:53
33:53:7,33:53:8,النَّبِيِّ,ٱلنَّبِىِّ,surface_mismatch,1:1;no_annotation_transferred,33:53
33:53:16,33:53:17,إِنَاهُ,إِنَىٰهُ,surface_mismatch,1:1;no_annotation_transferred,33:53
33:53:25,33:53:26,مُسْتَأْنِسِينَ,مُسْتَـْٔنِسِينَ,surface_mismatch,1:1;no_annotation_transferred,33:53
33:53:30,33:53:31,يُؤْذِي,يُؤْذِى,surface_mismatch,1:1;no_annotation_transferred,33:53
33:53:31,33:53:32,النَّبِيَّ,ٱلنَّبِىَّ,surface_mismatch,1:1;no_annotation_transferred,33:53
33:53:32,33:53:33,فَيَسْتَحْيِي,فَيَسْتَحْىِۦ,surface_mismatch,1:1;no_annotation_transferred,33:53
33:53:36,33:53:37,يَسْتَحْيِي,يَسْتَحْىِۦ,surface_mismatch,1:1;no_annotation_transferred,33:53
33:53:42,33:53:43,فَاسْأَلُوهُنَّ,فَسْـَٔلُوهُنَّ,surface_mismatch,1:1;no_annotation_transferred,33:53
33:54:3,33:54:3,شَيْئًا,شَيْـًٔا,surface_mismatch,1:1;no_annotation_transferred,33:54
33:54:10,33:54:10,شَيْءٍ,شَىْءٍ,surface_mismatch,1:1;no_annotation_transferred,33:54
33:55:4,33:55:4,فِي,فِىٓ,surface_mismatch,1:1;no_annotation_transferred,33:55
33:55:5,33:55:5,آبَائِهِنَّ,ءَابَآئِهِنَّ,surface_mismatch,1:1;no_annotation_transferred,33:55
33:55:29,33:55:29,شَيْءٍ,شَىْءٍ,surface_mismatch,1:1;no_annotation_transferred,33:55
33:56:6,33:56:6,النَّبِيِّ,ٱلنَّبِىِّ,surface_mismatch,1:1;no_annotation_transferred,33:56
33:56:9,33:56:10,آمَنُوا,ءَامَنُوا۟,surface_mismatch,1:1;no_annotation_transferred,33:56
33:57:8,33:57:8,فِي,فِى,surface_mismatch,1:1;no_annotation_transferred,33:57
33:57:10,33:57:10,وَالْآخِرَةِ,وَٱلْءَاخِرَةِ,surface_mismatch,1:1;no_annotation_transferred,33:57
33:59:2,33:59:3,النَّبِيُّ,ٱلنَّبِىُّ,surface_mismatch,1:1;no_annotation_transferred,33:59
33:60:6,33:60:6,فِي,فِى,surface_mismatch,1:1;no_annotation_transferred,33:60
33:60:10,33:60:10,فِي,فِى,surface_mismatch,1:1;no_annotation_transferred,33:60
33:62:3,33:62:3,فِي,فِى,surface_mismatch,1:1;no_annotation_transferred,33:62
33:63:1,33:63:1,يَسْأَلُكَ,يَسْـَٔلُكَ,surface_mismatch,1:1;no_annotation_transferred,33:63
33:66:4,33:66:4,فِي,فِى,surface_mismatch,1:1;no_annotation_transferred,33:66
33:68:2,33:68:2,آتِهِمْ,ءَاتِهِمْ,surface_mismatch,1:1;no_annotation_transferred,33:68
33:69:3,33:69:4,آمَنُوا,ءَامَنُوا۟,surface_mismatch,1:1;no_annotation_transferred,33:69
33:69:7,33:69:8,آذَوْا,ءَاذَوْا۟,surface_mismatch,1:1;no_annotation_transferred,33:69
33:70:3,33:70:4,آمَنُوا,ءَامَنُوا۟,surface_mismatch,1:1;no_annotation_transferred,33:70
34:1:3,34:1:7,الَّذِي,ٱلَّذِى,surface_mismatch,1:1;no_annotation_transferred,34:1
34:1:6,34:1:10,فِي,فِى,surface_mismatch,1:1;no_annotation_transferred,34:1
34:1:9,34:1:13,فِي,فِى,surface_mismatch,1:1;no_annotation_transferred,34:1
34:1:13,34:1:17,فِي,فِى,surface_mismatch,1:1;no_annotation_transferred,34:1
34:1:14,34:1:18,الْآخِرَةِ,ٱلْءَاخِرَةِ,surface_mismatch,1:1;no_annotation_transferred,34:1
34:2:4,34:2:4,فِي,فِى,surface_mismatch,1:1;no_annotation_transferred,34:2
34:3:9,34:3:9,وَرَبِّي,وَرَبِّى,surface_mismatch,1:1;no_annotation_transferred,34:3
34:3:18,34:3:18,فِي,فِى,surface_mismatch,1:1;no_annotation_transferred,34:3
34:3:21,34:3:21,فِي,فِى,surface_mismatch,1:1;no_annotation_transferred,34:3
34:3:30,34:3:30,فِي,فِى,surface_mismatch,1:1;no_annotation_transferred,34:3
34:4:1,34:4:1,لِّيَجْزِيَ,لِّيَجْزِىَ,surface_mismatch,1:1;no_annotation_transferred,34:4
34:4:3,34:4:3,آمَنُوا,ءَامَنُوا۟,surface_mismatch,1:1;no_annotation_transferred,34:4
34:5:2,34:5:2,سَعَوْا,سَعَوْ,surface_mismatch,1:1;no_annotation_transferred,34:5
34:5:3,34:5:3,فِي,فِىٓ,surface_mismatch,1:1;no_annotation_transferred,34:5
34:5:4,34:5:4,آيَاتِنَا,ءَايَٰتِنَا,surface_mismatch,1:1;no_annotation_transferred,34:5
34:6:5,34:6:5,الَّذِي,ٱلَّذِىٓ,surface_mismatch,1:1;no_annotation_transferred,34:6
34:6:12,34:6:12,وَيَهْدِي,وَيَهْدِىٓ,surface_mismatch,1:1;no_annotation_transferred,34:6
34:7:14,34:7:14,لَفِي,لَفِى,surface_mismatch,1:1;no_annotation_transferred,34:7
34:8:12,34:8:12,بِالْآخِرَةِ,بِٱلْءَاخِرَةِ,surface_mismatch,1:1;no_annotation_transferred,34:8
34:8:13,34:8:13,فِي,فِى,surface_mismatch,1:1;no_annotation_transferred,34:8
34:9:24,34:9:24,فِي,فِى,surface_mismatch,1:1;no_annotation_transferred,34:9
34:9:26,34:9:26,لَآيَةً,لَءَايَةً,surface_mismatch,1:1;no_annotation_transferred,34:9
34:10:2,34:10:2,آتَيْنَا,ءَاتَيْنَا,surface_mismatch,1:1;no_annotation_transferred,34:10
34:10:3,34:10:3,دَاوُودَ,دَاوُۥدَ,surface_mismatch,1:1;no_annotation_transferred,34:10
34:10:7,34:10:8,أَوِّبِي,أَوِّبِى,surface_mismatch,1:1;no_annotation_transferred,34:10
34:11:5,34:11:5,فِي,فِى,surface_mismatch,1:1;no_annotation_transferred,34:11
34:11:9,34:11:9,إِنِّي,إِنِّى,surface_mismatch,1:1;no_annotation_transferred,34:11
34:13:13,34:13:13,آلَ,ءَالَ,surface_mismatch,1:1;no_annotation_transferred,34:13
34:13:14,34:13:14,دَاوُودَ,دَاوُۥدَ,surface_mismatch,1:1;no_annotation_transferred,34:13
34:13:18,34:13:18,عِبَادِيَ,عِبَادِىَ,surface_mismatch,1:1;no_annotation_transferred,34:13
34:14:25,34:14:25,فِي,فِى,surface_mismatch,1:1;no_annotation_transferred,34:14
34:15:4,34:15:4,فِي,فِى,surface_mismatch,1:1;no_annotation_transferred,34:15
34:15:6,34:15:6,آيَةٌ,ءَايَةٌ,surface_mismatch,1:1;no_annotation_transferred,34:15
34:16:9,34:16:9,ذَوَاتَيْ,ذَوَاتَىْ,surface_mismatch,1:1;no_annotation_transferred,34:16
34:16:13,34:16:13,وَشَيْءٍ,وَشَىْءٍ,surface_mismatch,1:1;no_annotation_transferred,34:16
34:17:6,34:17:6,نُجَازِي,نُجَٰزِىٓ,surface_mismatch,1:1;no_annotation_transferred,34:17
34:18:5,34:18:5,الَّتِي,ٱلَّتِى,surface_mismatch,1:1;no_annotation_transferred,34:18
34:18:15,34:18:15,لَيَالِيَ,لَيَالِىَ,surface_mismatch,1:1;no_annotation_transferred,34:18
34:18:17,34:18:17,آمِنِينَ,ءَامِنِينَ,surface_mismatch,1:1;no_annotation_transferred,34:18
34:19:14,34:19:14,فِي,فِى,surface_mismatch,1:1;no_annotation_transferred,34:19
34:19:16,34:19:16,لَآيَاتٍ,لَءَايَٰتٍ,surface_mismatch,1:1;no_annotation_transferred,34:19
34:21:11,34:21:11,بِالْآخِرَةِ,بِٱلْءَاخِرَةِ,surface_mismatch,1:1;no_annotation_transferred,34:21
34:21:15,34:21:15,فِي,فِى,surface_mismatch,1:1;no_annotation_transferred,34:21
34:21:20,34:21:20,شَيْءٍ,شَىْءٍ,surface_mismatch,1:1;no_annotation_transferred,34:21
34:22:12,34:22:12,فِي,فِى,surface_mismatch,1:1;no_annotation_transferred,34:22
34:22:15,34:22:15,فِي,فِى,surface_mismatch,1:1;no_annotation_transferred,34:22
34:23:21,34:23:21,الْعَلِيُّ,ٱلْعَلِىُّ,surface_mismatch,1:1;no_annotation_transferred,34:23
34:24:15,34:24:15,فِي,فِى,surface_mismatch,1:1;no_annotation_transferred,34:24
34:25:3,34:25:3,تُسْأَلُونَ,تُسْـَٔلُونَ,surface_mismatch,1:1;no_annotation_transferred,34:25
34:25:7,34:25:7,نُسْأَلُ,نُسْـَٔلُ,surface_mismatch,1:1;no_annotation_transferred,34:25
34:27:2,34:27:2,أَرُونِيَ,أَرُونِىَ,surface_mismatch,1:1;no_annotation_transferred,34:27
34:30:6,34:30:6,تَسْتَأْخِرُونَ,تَسْتَـْٔخِرُونَ,surface_mismatch,1:1;no_annotation_transferred,34:30
34:31:7,34:31:7,الْقُرْآنِ,ٱلْقُرْءَانِ,surface_mismatch,1:1;no_annotation_transferred,34:31
34:31:9,34:31:9,بِالَّذِي,بِٱلَّذِى,surface_mismatch,1:1;no_annotation_transferred,34:31
34:33:8,34:33:8,اللَّيْلِ,ٱلَّيْلِ,surface_mismatch,1:1;no_annotation_transferred,34:33
34:33:25,34:33:25,فِي,فِىٓ,surface_mismatch,1:1;no_annotation_transferred,34:33
34:34:3,34:34:3,فِي,فِى,surface_mismatch,1:1;no_annotation_transferred,34:34
34:36:3,34:36:3,رَبِّي,رَبِّى,surface_mismatch,1:1;no_annotation_transferred,34:36
34:37:5,34:37:5,بِالَّتِي,بِٱلَّتِى,surface_mismatch,1:1;no_annotation_transferred,34:37
34:37:11,34:37:11,آمَنَ,ءَامَنَ,surface_mismatch,1:1;no_annotation_transferred,34:37
34:37:21,34:37:21,فِي,فِى,surface_mismatch,1:1;no_annotation_transferred,34:37
34:37:23,34:37:23,آمِنُونَ,ءَامِنُونَ,surface_mismatch,1:1;no_annotation_transferred,34:37
34:38:3,34:38:3,فِي,فِىٓ,surface_mismatch,1:1;no_annotation_transferred,34:38
34:38:4,34:38:4,آيَاتِنَا,ءَايَٰتِنَا,surface_mismatch,1:1;no_annotation_transferred,34:38
34:38:7,34:38:7,فِي,فِى,surface_mismatch,1:1;no_annotation_transferred,34:38
34:39:3,34:39:3,رَبِّي,رَبِّى,surface_mismatch,1:1;no_annotation_transferred,34:39
34:39:15,34:39:15,شَيْءٍ,شَىْءٍ,surface_mismatch,1:1;no_annotation_transferred,34:39
34:42:15,34:42:15,الَّتِي,ٱلَّتِى,surface_mismatch,1:1;no_annotation_transferred,34:42
34:43:4,34:43:4,آيَاتُنَا,ءَايَٰتُنَا,surface_mismatch,1:1;no_annotation_transferred,34:43
34:43:17,34:43:17,آبَاؤُكُمْ,ءَابَآؤُكُمْ,surface_mismatch,1:1;no_annotation_transferred,34:43
34:44:2,34:44:2,آتَيْنَاهُم,ءَاتَيْنَٰهُم,surface_mismatch,1:1;no_annotation_transferred,34:44
34:45:9,34:45:9,آتَيْنَاهُمْ,ءَاتَيْنَٰهُمْ,surface_mismatch,1:1;no_annotation_transferred,34:45
34:45:11,34:45:11,رُسُلِي,رُسُلِى,surface_mismatch,1:1;no_annotation_transferred,34:45
34:46:22,34:46:22,يَدَيْ,يَدَىْ,surface_mismatch,1:1;no_annotation_transferred,34:46
34:47:9,34:47:9,أَجْرِيَ,أَجْرِىَ,surface_mismatch,1:1;no_annotation_transferred,34:47
34:47:16,34:47:16,شَيْءٍ,شَىْءٍ,surface_mismatch,1:1;no_annotation_transferred,34:47
34:48:3,34:48:3,رَبِّي,رَبِّى,surface_mismatch,1:1;no_annotation_transferred,34:48
34:50:7,34:50:7,نَفْسِي,نَفْسِى,surface_mismatch,1:1;no_annotation_transferred,34:50
34:50:11,34:50:11,يُوحِي,يُوحِىٓ,surface_mismatch,1:1;no_annotation_transferred,34:50
34:50:12,34:50:12,إِلَيَّ,إِلَىَّ,surface_mismatch,1:1;no_annotation_transferred,34:50
34:50:13,34:50:13,رَبِّي,رَبِّىٓ,surface_mismatch,1:1;no_annotation_transferred,34:50
34:52:2,34:52:2,آمَنَّا,ءَامَنَّا,surface_mismatch,1:1;no_annotation_transferred,34:52
34:54:13,34:54:13,فِي,فِى,surface_mismatch,1:1;no_annotation_transferred,34:54
35:1:9,35:1:13,أُولِي,أُو۟لِىٓ,surface_mismatch,1:1;no_annotation_transferred,35:1
35:1:15,35:1:19,فِي,فِى,surface_mismatch,1:1;no_annotation_transferred,35:1
35:1:23,35:1:27,شَيْءٍ,شَىْءٍ,surface_mismatch,1:1;no_annotation_transferred,35:1
35:5:9,35:5:10,الْحَيَاةُ,ٱلْحَيَوٰةُ,surface_mismatch,1:1;no_annotation_transferred,35:5
35:6:8,35:6:8,يَدْعُو,يَدْعُوا۟,surface_mismatch,1:1;no_annotation_transferred,35:6
35:7:7,35:7:7,آمَنُوا,ءَامَنُوا۟,surface_mismatch,1:1;no_annotation_transferred,35:7
35:8:6,35:8:6,فَرَآهُ,فَرَءَاهُ,surface_mismatch,1:1;no_annotation_transferred,35:8
35:8:13,35:8:13,وَيَهْدِي,وَيَهْدِى,surface_mismatch,1:1;no_annotation_transferred,35:8
35:9:2,35:9:2,الَّذِي,ٱلَّذِىٓ,surface_mismatch,1:1;no_annotation_transferred,35:9
35:10:17,35:10:17,السَّيِّئَاتِ,ٱلسَّيِّـَٔاتِ,surface_mismatch,1:1;no_annotation_transferred,35:10
35:11:28,35:11:28,فِي,فِى,surface_mismatch,1:1;no_annotation_transferred,35:11
35:12:2,35:12:2,يَسْتَوِي,يَسْتَوِى,surface_mismatch,1:1;no_annotation_transferred,35:12
35:13:2,35:13:2,اللَّيْلَ,ٱلَّيْلَ,surface_mismatch,1:1;no_annotation_transferred,35:13
35:13:3,35:13:3,فِي,فِى,surface_mismatch,1:1;no_annotation_transferred,35:13
35:13:7,35:13:7,فِي,فِى,surface_mismatch,1:1;no_annotation_transferred,35:13
35:13:8,35:13:8,اللَّيْلِ,ٱلَّيْلِ,surface_mismatch,1:1;no_annotation_transferred,35:13
35:13:13,35:13:13,يَجْرِي,يَجْرِى,surface_mismatch,1:1;no_annotation_transferred,35:13
35:15:9,35:15:10,الْغَنِيُّ,ٱلْغَنِىُّ,surface_mismatch,1:1;no_annotation_transferred,35:15
35:18:14,35:18:14,شَيْءٌ,شَىْءٌ,surface_mismatch,1:1;no_annotation_transferred,35:18
35:18:26,35:18:26,الصَّلَاةَ,ٱلصَّلَوٰةَ,surface_mismatch,1:1;no_annotation_transferred,35:18
35:19:2,35:19:2,يَسْتَوِي,يَسْتَوِى,surface_mismatch,1:1;no_annotation_transferred,35:19
35:22:2,35:22:2,يَسْتَوِي,يَسْتَوِى,surface_mismatch,1:1;no_annotation_transferred,35:22
35:22:15,35:22:15,فِي,فِى,surface_mismatch,1:1;no_annotation_transferred,35:22
35:28:13,35:28:13,الْعُلَمَاءُ,ٱلْعُلَمَٰٓؤُا۟,surface_mismatch,1:1;no_annotation_transferred,35:28
35:29:7,35:29:7,الصَّلَاةَ,ٱلصَّلَوٰةَ,surface_mismatch,1:1;no_annotation_transferred,35:29
35:31:1,35:31:1,وَالَّذِي,وَٱلَّذِىٓ,surface_mismatch,1:1;no_annotation_transferred,35:31
35:34:4,35:34:4,الَّذِي,ٱلَّذِىٓ,surface_mismatch,1:1;no_annotation_transferred,35:34
35:35:1,35:35:1,الَّذِي,ٱلَّذِىٓ,surface_mismatch,1:1;no_annotation_transferred,35:35
35:36:16,35:36:16,نَجْزِي,نَجْزِى,surface_mismatch,1:1;no_annotation_transferred,35:36
35:37:9,35:37:9,الَّذِي,ٱلَّذِى,surface_mismatch,1:1;no_annotation_transferred,35:37
35:39:2,35:39:2,الَّذِي,ٱلَّذِى,surface_mismatch,1:1;no_annotation_transferred,35:39
35:39:5,35:39:5,فِي,فِى,surface_mismatch,1:1;no_annotation_transferred,35:39
35:40:2,35:40:2,أَرَأَيْتُمْ,أَرَءَيْتُمْ,surface_mismatch,1:1;no_annotation_transferred,35:40
35:40:9,35:40:9,أَرُونِي,أَرُونِى,surface_mismatch,1:1;no_annotation_transferred,35:40
35:40:17,35:40:17,فِي,فِى,surface_mismatch,1:1;no_annotation_transferred,35:40
35:40:20,35:40:20,آتَيْنَاهُمْ,ءَاتَيْنَٰهُمْ,surface_mismatch,1:1;no_annotation_transferred,35:40
35:43:2,35:43:2,فِي,فِى,surface_mismatch,1:1;no_annotation_transferred,35:43
35:44:3,35:44:3,فِي,فِى,surface_mismatch,1:1;no_annotation_transferred,35:44
35:44:21,35:44:21,شَيْءٍ,شَىْءٍ,surface_mismatch,1:1;no_annotation_transferred,35:44
35:44:22,35:44:22,فِي,فِى,surface_mismatch,1:1;no_annotation_transferred,35:44
35:44:25,35:44:25,فِي,فِى,surface_mismatch,1:1;no_annotation_transferred,35:44
36:2:1,36:2:1,وَالْقُرْآنِ,وَٱلْقُرْءَانِ,surface_mismatch,1:1;no_annotation_transferred,36:2
36:6:5,36:6:5,آبَاؤُهُمْ,ءَابَآؤُهُمْ,surface_mismatch,1:1;no_annotation_transferred,36:6
36:8:3,36:8:3,فِي,فِىٓ,surface_mismatch,1:1;no_annotation_transferred,36:8
36:8:6,36:8:6,فَهِيَ,فَهِىَ,surface_mismatch,1:1;no_annotation_transferred,36:8
36:10:3,36:10:3,أَأَنذَرْتَهُمْ,ءَأَنذَرْتَهُمْ,surface_mismatch,1:1;no_annotation_transferred,36:10
36:11:6,36:11:6,وَخَشِيَ,وَخَشِىَ,surface_mismatch,1:1;no_annotation_transferred,36:11
36:12:3,36:12:3,نُحْيِي,نُحْىِ,surface_mismatch,1:1;no_annotation_transferred,36:12
36:12:8,36:12:8,وَآثَارَهُمْ,وَءَاثَٰرَهُمْ,surface_mismatch,1:1;no_annotation_transferred,36:12
36:12:10,36:12:10,شَيْءٍ,شَىْءٍ,surface_mismatch,1:1;no_annotation_transferred,36:12
36:12:12,36:12:12,فِي,فِىٓ,surface_mismatch,1:1;no_annotation_transferred,36:12
36:15:11,36:15:11,شَيْءٍ,شَىْءٍ,surface_mismatch,1:1;no_annotation_transferred,36:15
36:20:3,36:20:3,أَقْصَى,أَقْصَا,surface_mismatch,1:1;no_annotation_transferred,36:20
36:21:4,36:21:4,يَسْأَلُكُمْ,يَسْـَٔلُكُمْ,surface_mismatch,1:1;no_annotation_transferred,36:21
36:22:2,36:22:2,لِيَ,لِىَ,surface_mismatch,1:1;no_annotation_transferred,36:22
36:22:5,36:22:5,الَّذِي,ٱلَّذِى,surface_mismatch,1:1;no_annotation_transferred,36:22
36:22:6,36:22:6,فَطَرَنِي,فَطَرَنِى,surface_mismatch,1:1;no_annotation_transferred,36:22
36:23:1,36:23:1,أَأَتَّخِذُ,ءَأَتَّخِذُ,surface_mismatch,1:1;no_annotation_transferred,36:23
36:23:4,36:23:4,آلِهَةً,ءَالِهَةً,surface_mismatch,1:1;no_annotation_transferred,36:23
36:23:11,36:23:11,عَنِّي,عَنِّى,surface_mismatch,1:1;no_annotation_transferred,36:23
36:23:13,36:23:13,شَيْئًا,شَيْـًٔا,surface_mismatch,1:1;no_annotation_transferred,36:23
36:24:1,36:24:1,إِنِّي,إِنِّىٓ,surface_mismatch,1:1;no_annotation_transferred,36:24
36:24:3,36:24:3,لَّفِي,لَّفِى,surface_mismatch,1:1;no_annotation_transferred,36:24
36:25:1,36:25:1,إِنِّي,إِنِّىٓ,surface_mismatch,1:1;no_annotation_transferred,36:25
36:25:2,36:25:2,آمَنتُ,ءَامَنتُ,surface_mismatch,1:1;no_annotation_transferred,36:25
36:26:6,36:26:7,قَوْمِي,قَوْمِى,surface_mismatch,1:1;no_annotation_transferred,36:26
36:27:3,36:27:3,لِي,لِى,surface_mismatch,1:1;no_annotation_transferred,36:27
36:27:4,36:27:4,رَبِّي,رَبِّى,surface_mismatch,1:1;no_annotation_transferred,36:27
36:27:5,36:27:5,وَجَعَلَنِي,وَجَعَلَنِى,surface_mismatch,1:1;no_annotation_transferred,36:27
36:30:11,36:30:12,يَسْتَهْزِئُونَ,يَسْتَهْزِءُونَ,surface_mismatch,1:1;no_annotation_transferred,36:30
36:33:1,36:33:1,وَآيَةٌ,وَءَايَةٌ,surface_mismatch,1:1;no_annotation_transferred,36:33
36:36:2,36:36:2,الَّذِي,ٱلَّذِى,surface_mismatch,1:1;no_annotation_transferred,36:36
36:37:1,36:37:1,وَآيَةٌ,وَءَايَةٌ,surface_mismatch,1:1;no_annotation_transferred,36:37
36:37:3,36:37:3,اللَّيْلُ,ٱلَّيْلُ,surface_mismatch,1:1;no_annotation_transferred,36:37
36:38:2,36:38:2,تَجْرِي,تَجْرِى,surface_mismatch,1:1;no_annotation_transferred,36:38
36:40:3,36:40:3,يَنبَغِي,يَنۢبَغِى,surface_mismatch,1:1;no_annotation_transferred,36:40
36:40:9,36:40:9,اللَّيْلُ,ٱلَّيْلُ,surface_mismatch,1:1;no_annotation_transferred,36:40
36:40:13,36:40:13,فِي,فِى,surface_mismatch,1:1;no_annotation_transferred,36:40
36:41:1,36:41:1,وَآيَةٌ,وَءَايَةٌ,surface_mismatch,1:1;no_annotation_transferred,36:41
36:41:6,36:41:6,فِي,فِى,surface_mismatch,1:1;no_annotation_transferred,36:41
36:46:4,36:46:4,آيَةٍ,ءَايَةٍ,surface_mismatch,1:1;no_annotation_transferred,36:46
36:46:6,36:46:6,آيَاتِ,ءَايَٰتِ,surface_mismatch,1:1;no_annotation_transferred,36:46
36:47:12,36:47:12,آمَنُوا,ءَامَنُوٓا۟,surface_mismatch,1:1;no_annotation_transferred,36:47
36:47:22,36:47:22,فِي,فِى,surface_mismatch,1:1;no_annotation_transferred,36:47
36:51:2,36:51:2,فِي,فِى,surface_mismatch,1:1;no_annotation_transferred,36:51
36:54:5,36:54:5,شَيْئًا,شَيْـًٔا,surface_mismatch,1:1;no_annotation_transferred,36:54
36:55:5,36:55:5,فِي,فِى,surface_mismatch,1:1;no_annotation_transferred,36:55
36:56:3,36:56:3,فِي,فِى,surface_mismatch,1:1;no_annotation_transferred,36:56
36:56:7,36:56:7,مُتَّكِئُونَ,مُتَّكِـُٔونَ,surface_mismatch,1:1;no_annotation_transferred,36:56
36:60:1,,أَلَمْ أَعْهَدْ إِلَيْكُمْ يَا بَنِي آدَمَ أَن لَّا تَعْبُدُوا الشَّيْطَانَ إِنَّهُ لَكُمْ عَدُوٌّ مُّبِينٌ,أَلَمْ,ambiguous_verse,multiple_optimal_paths,36:60
36:60:2,,أَلَمْ أَعْهَدْ إِلَيْكُمْ يَا بَنِي آدَمَ أَن لَّا تَعْبُدُوا الشَّيْطَانَ إِنَّهُ لَكُمْ عَدُوٌّ مُّبِينٌ,أَعْهَدْ,ambiguous_verse,multiple_optimal_paths,36:60
36:60:3,,أَلَمْ أَعْهَدْ إِلَيْكُمْ يَا بَنِي آدَمَ أَن لَّا تَعْبُدُوا الشَّيْطَانَ إِنَّهُ لَكُمْ عَدُوٌّ مُّبِينٌ,إِلَيْكُمْ,ambiguous_verse,multiple_optimal_paths,36:60
36:60:4,,أَلَمْ أَعْهَدْ إِلَيْكُمْ يَا بَنِي آدَمَ أَن لَّا تَعْبُدُوا الشَّيْطَانَ إِنَّهُ لَكُمْ عَدُوٌّ مُّبِينٌ,يَٰبَنِىٓ,ambiguous_verse,multiple_optimal_paths,36:60
36:60:5,,أَلَمْ أَعْهَدْ إِلَيْكُمْ يَا بَنِي آدَمَ أَن لَّا تَعْبُدُوا الشَّيْطَانَ إِنَّهُ لَكُمْ عَدُوٌّ مُّبِينٌ,ءَادَمَ,ambiguous_verse,multiple_optimal_paths,36:60
36:60:6,,أَلَمْ أَعْهَدْ إِلَيْكُمْ يَا بَنِي آدَمَ أَن لَّا تَعْبُدُوا الشَّيْطَانَ إِنَّهُ لَكُمْ عَدُوٌّ مُّبِينٌ,أَن,ambiguous_verse,multiple_optimal_paths,36:60
36:60:7,,أَلَمْ أَعْهَدْ إِلَيْكُمْ يَا بَنِي آدَمَ أَن لَّا تَعْبُدُوا الشَّيْطَانَ إِنَّهُ لَكُمْ عَدُوٌّ مُّبِينٌ,لَّا,ambiguous_verse,multiple_optimal_paths,36:60
36:60:8,,أَلَمْ أَعْهَدْ إِلَيْكُمْ يَا بَنِي آدَمَ أَن لَّا تَعْبُدُوا الشَّيْطَانَ إِنَّهُ لَكُمْ عَدُوٌّ مُّبِينٌ,تَعْبُدُوا۟,ambiguous_verse,multiple_optimal_paths,36:60
36:60:9,,أَلَمْ أَعْهَدْ إِلَيْكُمْ يَا بَنِي آدَمَ أَن لَّا تَعْبُدُوا الشَّيْطَانَ إِنَّهُ لَكُمْ عَدُوٌّ مُّبِينٌ,ٱلشَّيْطَٰنَ,ambiguous_verse,multiple_optimal_paths,36:60
36:60:10,,أَلَمْ أَعْهَدْ إِلَيْكُمْ يَا بَنِي آدَمَ أَن لَّا تَعْبُدُوا الشَّيْطَانَ إِنَّهُ لَكُمْ عَدُوٌّ مُّبِينٌ,إِنَّهُۥ,ambiguous_verse,multiple_optimal_paths,36:60
36:60:11,,أَلَمْ أَعْهَدْ إِلَيْكُمْ يَا بَنِي آدَمَ أَن لَّا تَعْبُدُوا الشَّيْطَانَ إِنَّهُ لَكُمْ عَدُوٌّ مُّبِينٌ,لَكُمْ,ambiguous_verse,multiple_optimal_paths,36:60
36:60:12,,أَلَمْ أَعْهَدْ إِلَيْكُمْ يَا بَنِي آدَمَ أَن لَّا تَعْبُدُوا الشَّيْطَانَ إِنَّهُ لَكُمْ عَدُوٌّ مُّبِينٌ,عَدُوٌّ,ambiguous_verse,multiple_optimal_paths,36:60
36:60:13,,أَلَمْ أَعْهَدْ إِلَيْكُمْ يَا بَنِي آدَمَ أَن لَّا تَعْبُدُوا الشَّيْطَانَ إِنَّهُ لَكُمْ عَدُوٌّ مُّبِينٌ,مُّبِينٌ,ambiguous_verse,multiple_optimal_paths,36:60
36:61:2,36:61:2,اعْبُدُونِي,ٱعْبُدُونِى,surface_mismatch,1:1;no_annotation_transferred,36:61
36:63:3,36:63:3,الَّتِي,ٱلَّتِى,surface_mismatch,1:1;no_annotation_transferred,36:63
36:68:4,36:68:4,فِي,فِى,surface_mismatch,1:1;no_annotation_transferred,36:68
36:69:5,36:69:5,يَنبَغِي,يَنۢبَغِى,surface_mismatch,1:1;no_annotation_transferred,36:69
36:69:11,36:69:11,وَقُرْآنٌ,وَقُرْءَانٌ,surface_mismatch,1:1;no_annotation_transferred,36:69
36:74:5,36:74:5,آلِهَةً,ءَالِهَةً,surface_mismatch,1:1;no_annotation_transferred,36:74
36:78:4,36:78:4,وَنَسِيَ,وَنَسِىَ,surface_mismatch,1:1;no_annotation_transferred,36:78
36:78:8,36:78:8,يُحْيِي,يُحْىِ,surface_mismatch,1:1;no_annotation_transferred,36:78
36:78:10,36:78:10,وَهِيَ,وَهِىَ,surface_mismatch,1:1;no_annotation_transferred,36:78
36:79:3,36:79:3,الَّذِي,ٱلَّذِىٓ,surface_mismatch,1:1;no_annotation_transferred,36:79
36:80:1,36:80:1,الَّذِي,ٱلَّذِى,surface_mismatch,1:1;no_annotation_transferred,36:80
36:81:2,36:81:2,الَّذِي,ٱلَّذِى,surface_mismatch,1:1;no_annotation_transferred,36:81
36:82:5,36:82:5,شَيْئًا,شَيْـًٔا,surface_mismatch,1:1;no_annotation_transferred,36:82
36:83:2,36:83:2,الَّذِي,ٱلَّذِى,surface_mismatch,1:1;no_annotation_transferred,36:83
36:83:6,36:83:6,شَيْءٍ,شَىْءٍ,surface_mismatch,1:1;no_annotation_transferred,36:83
37:14:3,37:14:3,آيَةً,ءَايَةً,surface_mismatch,1:1;no_annotation_transferred,37:14
37:16:1,37:16:1,أَإِذَا,أَءِذَا,surface_mismatch,1:1;no_annotation_transferred,37:16
37:16:6,37:16:6,أَإِنَّا,أَءِنَّا,surface_mismatch,1:1;no_annotation_transferred,37:16
37:17:1,37:17:1,أَوَآبَاؤُنَا,أَوَءَابَآؤُنَا,surface_mismatch,1:1;no_annotation_transferred,37:17
37:19:2,37:19:2,هِيَ,هِىَ,surface_mismatch,1:1;no_annotation_transferred,37:19
37:21:4,37:21:4,الَّذِي,ٱلَّذِى,surface_mismatch,1:1;no_annotation_transferred,37:21
37:24:3,37:24:3,مَّسْئُولُونَ,مَّسْـُٔولُونَ,surface_mismatch,1:1;no_annotation_transferred,37:24
37:33:3,37:33:3,فِي,فِى,surface_mismatch,1:1;no_annotation_transferred,37:33
37:36:3,37:36:3,لَتَارِكُو,لَتَارِكُوٓا۟,surface_mismatch,1:1;no_annotation_transferred,37:36
37:36:4,37:36:4,آلِهَتِنَا,ءَالِهَتِنَا,surface_mismatch,1:1;no_annotation_transferred,37:36
37:38:2,37:38:2,لَذَائِقُو,لَذَآئِقُوا۟,surface_mismatch,1:1;no_annotation_transferred,37:38
37:43:1,37:43:1,فِي,فِى,surface_mismatch,1:1;no_annotation_transferred,37:43
37:51:4,37:51:4,إِنِّي,إِنِّى,surface_mismatch,1:1;no_annotation_transferred,37:51
37:51:6,37:51:6,لِي,لِى,surface_mismatch,1:1;no_annotation_transferred,37:51
37:52:2,37:52:2,أَإِنَّكَ,أَءِنَّكَ,surface_mismatch,1:1;no_annotation_transferred,37:52
37:53:1,37:53:1,أَإِذَا,أَءِذَا,surface_mismatch,1:1;no_annotation_transferred,37:53
37:53:6,37:53:6,أَإِنَّا,أَءِنَّا,surface_mismatch,1:1;no_annotation_transferred,37:53
37:55:2,37:55:2,فَرَآهُ,فَرَءَاهُ,surface_mismatch,1:1;no_annotation_transferred,37:55
37:55:3,37:55:3,فِي,فِى,surface_mismatch,1:1;no_annotation_transferred,37:55
37:57:3,37:57:3,رَبِّي,رَبِّى,surface_mismatch,1:1;no_annotation_transferred,37:57
37:64:4,37:64:4,فِي,فِىٓ,surface_mismatch,1:1;no_annotation_transferred,37:64
37:66:2,37:66:2,لَآكِلُونَ,لَءَاكِلُونَ,surface_mismatch,1:1;no_annotation_transferred,37:66
37:66:4,37:66:4,فَمَالِئُونَ,فَمَالِـُٔونَ,surface_mismatch,1:1;no_annotation_transferred,37:66
37:69:3,37:69:3,آبَاءَهُمْ,ءَابَآءَهُمْ,surface_mismatch,1:1;no_annotation_transferred,37:69
37:70:3,37:70:3,آثَارِهِمْ,ءَاثَٰرِهِمْ,surface_mismatch,1:1;no_annotation_transferred,37:70
37:75:2,37:75:2,نَادَانَا,نَادَىٰنَا,surface_mismatch,1:1;no_annotation_transferred,37:75
37:78:3,37:78:3,فِي,فِى,surface_mismatch,1:1;no_annotation_transferred,37:78
37:78:4,37:78:4,الْآخِرِينَ,ٱلْءَاخِرِينَ,surface_mismatch,1:1;no_annotation_transferred,37:78
37:79:4,37:79:4,فِي,فِى,surface_mismatch,1:1;no_annotation_transferred,37:79
37:80:3,37:80:3,نَجْزِي,نَجْزِى,surface_mismatch,1:1;no_annotation_transferred,37:80
37:82:3,37:82:3,الْآخَرِينَ,ٱلْءَاخَرِينَ,surface_mismatch,1:1;no_annotation_transferred,37:82
37:86:2,37:86:2,آلِهَةً,ءَالِهَةً,surface_mismatch,1:1;no_annotation_transferred,37:86
37:88:3,37:88:3,فِي,فِى,surface_mismatch,1:1;no_annotation_transferred,37:88
37:89:2,37:89:2,إِنِّي,إِنِّى,surface_mismatch,1:1;no_annotation_transferred,37:89
37:91:3,37:91:3,آلِهَتِهِمْ,ءَالِهَتِهِمْ,surface_mismatch,1:1;no_annotation_transferred,37:91
37:97:6,37:97:6,فِي,فِى,surface_mismatch,1:1;no_annotation_transferred,37:97
37:99:2,37:99:2,إِنِّي,إِنِّى,surface_mismatch,1:1;no_annotation_transferred,37:99
37:99:5,37:99:5,رَبِّي,رَبِّى,surface_mismatch,1:1;no_annotation_transferred,37:99
37:100:3,37:100:3,لِي,لِى,surface_mismatch,1:1;no_annotation_transferred,37:100
37:102:1,,فَلَمَّا بَلَغَ مَعَهُ السَّعْيَ قَالَ يَا بُنَيَّ إِنِّي أَرَىٰ فِي الْمَنَامِ أَنِّي أَذْبَحُكَ فَانظُرْ مَاذَا تَرَىٰ قَالَ يَا أَبَتِ افْعَلْ مَا تُؤْمَرُ سَتَجِدُنِي إِن شَاءَ اللَّهُ مِنَ الصَّابِرِينَ,فَلَمَّا,ambiguous_verse,multiple_optimal_paths,37:102
37:102:2,,فَلَمَّا بَلَغَ مَعَهُ السَّعْيَ قَالَ يَا بُنَيَّ إِنِّي أَرَىٰ فِي الْمَنَامِ أَنِّي أَذْبَحُكَ فَانظُرْ مَاذَا تَرَىٰ قَالَ يَا أَبَتِ افْعَلْ مَا تُؤْمَرُ سَتَجِدُنِي إِن شَاءَ اللَّهُ مِنَ الصَّابِرِينَ,بَلَغَ,ambiguous_verse,multiple_optimal_paths,37:102
37:102:3,,فَلَمَّا بَلَغَ مَعَهُ السَّعْيَ قَالَ يَا بُنَيَّ إِنِّي أَرَىٰ فِي الْمَنَامِ أَنِّي أَذْبَحُكَ فَانظُرْ مَاذَا تَرَىٰ قَالَ يَا أَبَتِ افْعَلْ مَا تُؤْمَرُ سَتَجِدُنِي إِن شَاءَ اللَّهُ مِنَ الصَّابِرِينَ,مَعَهُ,ambiguous_verse,multiple_optimal_paths,37:102
37:102:4,,فَلَمَّا بَلَغَ مَعَهُ السَّعْيَ قَالَ يَا بُنَيَّ إِنِّي أَرَىٰ فِي الْمَنَامِ أَنِّي أَذْبَحُكَ فَانظُرْ مَاذَا تَرَىٰ قَالَ يَا أَبَتِ افْعَلْ مَا تُؤْمَرُ سَتَجِدُنِي إِن شَاءَ اللَّهُ مِنَ الصَّابِرِينَ,ٱلسَّعْىَ,ambiguous_verse,multiple_optimal_paths,37:102
37:102:5,,فَلَمَّا بَلَغَ مَعَهُ السَّعْيَ قَالَ يَا بُنَيَّ إِنِّي أَرَىٰ فِي الْمَنَامِ أَنِّي أَذْبَحُكَ فَانظُرْ مَاذَا تَرَىٰ قَالَ يَا أَبَتِ افْعَلْ مَا تُؤْمَرُ سَتَجِدُنِي إِن شَاءَ اللَّهُ مِنَ الصَّابِرِينَ,قَالَ,ambiguous_verse,multiple_optimal_paths,37:102
37:102:6,,فَلَمَّا بَلَغَ مَعَهُ السَّعْيَ قَالَ يَا بُنَيَّ إِنِّي أَرَىٰ فِي الْمَنَامِ أَنِّي أَذْبَحُكَ فَانظُرْ مَاذَا تَرَىٰ قَالَ يَا أَبَتِ افْعَلْ مَا تُؤْمَرُ سَتَجِدُنِي إِن شَاءَ اللَّهُ مِنَ الصَّابِرِينَ,يَٰبُنَىَّ,ambiguous_verse,multiple_optimal_paths,37:102
37:102:7,,فَلَمَّا بَلَغَ مَعَهُ السَّعْيَ قَالَ يَا بُنَيَّ إِنِّي أَرَىٰ فِي الْمَنَامِ أَنِّي أَذْبَحُكَ فَانظُرْ مَاذَا تَرَىٰ قَالَ يَا أَبَتِ افْعَلْ مَا تُؤْمَرُ سَتَجِدُنِي إِن شَاءَ اللَّهُ مِنَ الصَّابِرِينَ,إِنِّىٓ,ambiguous_verse,multiple_optimal_paths,37:102
37:102:8,,فَلَمَّا بَلَغَ مَعَهُ السَّعْيَ قَالَ يَا بُنَيَّ إِنِّي أَرَىٰ فِي الْمَنَامِ أَنِّي أَذْبَحُكَ فَانظُرْ مَاذَا تَرَىٰ قَالَ يَا أَبَتِ افْعَلْ مَا تُؤْمَرُ سَتَجِدُنِي إِن شَاءَ اللَّهُ مِنَ الصَّابِرِينَ,أَرَىٰ,ambiguous_verse,multiple_optimal_paths,37:102
37:102:9,,فَلَمَّا بَلَغَ مَعَهُ السَّعْيَ قَالَ يَا بُنَيَّ إِنِّي أَرَىٰ فِي الْمَنَامِ أَنِّي أَذْبَحُكَ فَانظُرْ مَاذَا تَرَىٰ قَالَ يَا أَبَتِ افْعَلْ مَا تُؤْمَرُ سَتَجِدُنِي إِن شَاءَ اللَّهُ مِنَ الصَّابِرِينَ,فِى,ambiguous_verse,multiple_optimal_paths,37:102
37:102:10,,فَلَمَّا بَلَغَ مَعَهُ السَّعْيَ قَالَ يَا بُنَيَّ إِنِّي أَرَىٰ فِي الْمَنَامِ أَنِّي أَذْبَحُكَ فَانظُرْ مَاذَا تَرَىٰ قَالَ يَا أَبَتِ افْعَلْ مَا تُؤْمَرُ سَتَجِدُنِي إِن شَاءَ اللَّهُ مِنَ الصَّابِرِينَ,ٱلْمَنَامِ,ambiguous_verse,multiple_optimal_paths,37:102
37:102:11,,فَلَمَّا بَلَغَ مَعَهُ السَّعْيَ قَالَ يَا بُنَيَّ إِنِّي أَرَىٰ فِي الْمَنَامِ أَنِّي أَذْبَحُكَ فَانظُرْ مَاذَا تَرَىٰ قَالَ يَا أَبَتِ افْعَلْ مَا تُؤْمَرُ سَتَجِدُنِي إِن شَاءَ اللَّهُ مِنَ الصَّابِرِينَ,أَنِّىٓ,ambiguous_verse,multiple_optimal_paths,37:102
37:102:12,,فَلَمَّا بَلَغَ مَعَهُ السَّعْيَ قَالَ يَا بُنَيَّ إِنِّي أَرَىٰ فِي الْمَنَامِ أَنِّي أَذْبَحُكَ فَانظُرْ مَاذَا تَرَىٰ قَالَ يَا أَبَتِ افْعَلْ مَا تُؤْمَرُ سَتَجِدُنِي إِن شَاءَ اللَّهُ مِنَ الصَّابِرِينَ,أَذْبَحُكَ,ambiguous_verse,multiple_optimal_paths,37:102
37:102:13,,فَلَمَّا بَلَغَ مَعَهُ السَّعْيَ قَالَ يَا بُنَيَّ إِنِّي أَرَىٰ فِي الْمَنَامِ أَنِّي أَذْبَحُكَ فَانظُرْ مَاذَا تَرَىٰ قَالَ يَا أَبَتِ افْعَلْ مَا تُؤْمَرُ سَتَجِدُنِي إِن شَاءَ اللَّهُ مِنَ الصَّابِرِينَ,فَٱنظُرْ,ambiguous_verse,multiple_optimal_paths,37:102
37:102:14,,فَلَمَّا بَلَغَ مَعَهُ السَّعْيَ قَالَ يَا بُنَيَّ إِنِّي أَرَىٰ فِي الْمَنَامِ أَنِّي أَذْبَحُكَ فَانظُرْ مَاذَا تَرَىٰ قَالَ يَا أَبَتِ افْعَلْ مَا تُؤْمَرُ سَتَجِدُنِي إِن شَاءَ اللَّهُ مِنَ الصَّابِرِينَ,مَاذَا,ambiguous_verse,multiple_optimal_paths,37:102
37:102:15,,فَلَمَّا بَلَغَ مَعَهُ السَّعْيَ قَالَ يَا بُنَيَّ إِنِّي أَرَىٰ فِي الْمَنَامِ أَنِّي أَذْبَحُكَ فَانظُرْ مَاذَا تَرَىٰ قَالَ يَا أَبَتِ افْعَلْ مَا تُؤْمَرُ سَتَجِدُنِي إِن شَاءَ اللَّهُ مِنَ الصَّابِرِينَ,تَرَىٰ,ambiguous_verse,multiple_optimal_paths,37:102
37:102:16,,فَلَمَّا بَلَغَ مَعَهُ السَّعْيَ قَالَ يَا بُنَيَّ إِنِّي أَرَىٰ فِي الْمَنَامِ أَنِّي أَذْبَحُكَ فَانظُرْ مَاذَا تَرَىٰ قَالَ يَا أَبَتِ افْعَلْ مَا تُؤْمَرُ سَتَجِدُنِي إِن شَاءَ اللَّهُ مِنَ الصَّابِرِينَ,قَالَ,ambiguous_verse,multiple_optimal_paths,37:102
37:102:17,,فَلَمَّا بَلَغَ مَعَهُ السَّعْيَ قَالَ يَا بُنَيَّ إِنِّي أَرَىٰ فِي الْمَنَامِ أَنِّي أَذْبَحُكَ فَانظُرْ مَاذَا تَرَىٰ قَالَ يَا أَبَتِ افْعَلْ مَا تُؤْمَرُ سَتَجِدُنِي إِن شَاءَ اللَّهُ مِنَ الصَّابِرِينَ,يَٰٓأَبَتِ,ambiguous_verse,multiple_optimal_paths,37:102
37:102:18,,فَلَمَّا بَلَغَ مَعَهُ السَّعْيَ قَالَ يَا بُنَيَّ إِنِّي أَرَىٰ فِي الْمَنَامِ أَنِّي أَذْبَحُكَ فَانظُرْ مَاذَا تَرَىٰ قَالَ يَا أَبَتِ افْعَلْ مَا تُؤْمَرُ سَتَجِدُنِي إِن شَاءَ اللَّهُ مِنَ الصَّابِرِينَ,ٱفْعَلْ,ambiguous_verse,multiple_optimal_paths,37:102
37:102:19,,فَلَمَّا بَلَغَ مَعَهُ السَّعْيَ قَالَ يَا بُنَيَّ إِنِّي أَرَىٰ فِي الْمَنَامِ أَنِّي أَذْبَحُكَ فَانظُرْ مَاذَا تَرَىٰ قَالَ يَا أَبَتِ افْعَلْ مَا تُؤْمَرُ سَتَجِدُنِي إِن شَاءَ اللَّهُ مِنَ الصَّابِرِينَ,مَا,ambiguous_verse,multiple_optimal_paths,37:102
37:102:20,,فَلَمَّا بَلَغَ مَعَهُ السَّعْيَ قَالَ يَا بُنَيَّ إِنِّي أَرَىٰ فِي الْمَنَامِ أَنِّي أَذْبَحُكَ فَانظُرْ مَاذَا تَرَىٰ قَالَ يَا أَبَتِ افْعَلْ مَا تُؤْمَرُ سَتَجِدُنِي إِن شَاءَ اللَّهُ مِنَ الصَّابِرِينَ,تُؤْمَرُ,ambiguous_verse,multiple_optimal_paths,37:102
37:102:21,,فَلَمَّا بَلَغَ مَعَهُ السَّعْيَ قَالَ يَا بُنَيَّ إِنِّي أَرَىٰ فِي الْمَنَامِ أَنِّي أَذْبَحُكَ فَانظُرْ مَاذَا تَرَىٰ قَالَ يَا أَبَتِ افْعَلْ مَا تُؤْمَرُ سَتَجِدُنِي إِن شَاءَ اللَّهُ مِنَ الصَّابِرِينَ,سَتَجِدُنِىٓ,ambiguous_verse,multiple_optimal_paths,37:102
37:102:22,,فَلَمَّا بَلَغَ مَعَهُ السَّعْيَ قَالَ يَا بُنَيَّ إِنِّي أَرَىٰ فِي الْمَنَامِ أَنِّي أَذْبَحُكَ فَانظُرْ مَاذَا تَرَىٰ قَالَ يَا أَبَتِ افْعَلْ مَا تُؤْمَرُ سَتَجِدُنِي إِن شَاءَ اللَّهُ مِنَ الصَّابِرِينَ,إِن,ambiguous_verse,multiple_optimal_paths,37:102
37:102:23,,فَلَمَّا بَلَغَ مَعَهُ السَّعْيَ قَالَ يَا بُنَيَّ إِنِّي أَرَىٰ فِي الْمَنَامِ أَنِّي أَذْبَحُكَ فَانظُرْ مَاذَا تَرَىٰ قَالَ يَا أَبَتِ افْعَلْ مَا تُؤْمَرُ سَتَجِدُنِي إِن شَاءَ اللَّهُ مِنَ الصَّابِرِينَ,شَآءَ,ambiguous_verse,multiple_optimal_paths,37:102
37:102:24,,فَلَمَّا بَلَغَ مَعَهُ السَّعْيَ قَالَ يَا بُنَيَّ إِنِّي أَرَىٰ فِي الْمَنَامِ أَنِّي أَذْبَحُكَ فَانظُرْ مَاذَا تَرَىٰ قَالَ يَا أَبَتِ افْعَلْ مَا تُؤْمَرُ سَتَجِدُنِي إِن شَاءَ اللَّهُ مِنَ الصَّابِرِينَ,ٱللَّهُ,ambiguous_verse,multiple_optimal_paths,37:102
37:102:25,,فَلَمَّا بَلَغَ مَعَهُ السَّعْيَ قَالَ يَا بُنَيَّ إِنِّي أَرَىٰ فِي الْمَنَامِ أَنِّي أَذْبَحُكَ فَانظُرْ مَاذَا تَرَىٰ قَالَ يَا أَبَتِ افْعَلْ مَا تُؤْمَرُ سَتَجِدُنِي إِن شَاءَ اللَّهُ مِنَ الصَّابِرِينَ,مِنَ,ambiguous_verse,multiple_optimal_paths,37:102
37:102:26,,فَلَمَّا بَلَغَ مَعَهُ السَّعْيَ قَالَ يَا بُنَيَّ إِنِّي أَرَىٰ فِي الْمَنَامِ أَنِّي أَذْبَحُكَ فَانظُرْ مَاذَا تَرَىٰ قَالَ يَا أَبَتِ افْعَلْ مَا تُؤْمَرُ سَتَجِدُنِي إِن شَاءَ اللَّهُ مِنَ الصَّابِرِينَ,ٱلصَّٰبِرِينَ,ambiguous_verse,multiple_optimal_paths,37:102
37:105:3,37:105:3,الرُّؤْيَا,ٱلرُّءْيَآ,surface_mismatch,1:1;no_annotation_transferred,37:105
37:105:6,37:105:6,نَجْزِي,نَجْزِى,surface_mismatch,1:1;no_annotation_transferred,37:105
37:106:4,37:106:4,الْبَلَاءُ,ٱلْبَلَٰٓؤُا۟,surface_mismatch,1:1;no_annotation_transferred,37:106
37:108:3,37:108:3,فِي,فِى,surface_mismatch,1:1;no_annotation_transferred,37:108
37:108:4,37:108:4,الْآخِرِينَ,ٱلْءَاخِرِينَ,surface_mismatch,1:1;no_annotation_transferred,37:108
37:110:2,37:110:2,نَجْزِي,نَجْزِى,surface_mismatch,1:1;no_annotation_transferred,37:110
37:117:1,37:117:1,وَآتَيْنَاهُمَا,وَءَاتَيْنَٰهُمَا,surface_mismatch,1:1;no_annotation_transferred,37:117
37:119:3,37:119:3,فِي,فِى,surface_mismatch,1:1;no_annotation_transferred,37:119
37:119:4,37:119:4,الْآخِرِينَ,ٱلْءَاخِرِينَ,surface_mismatch,1:1;no_annotation_transferred,37:119
37:121:3,37:121:3,نَجْزِي,نَجْزِى,surface_mismatch,1:1;no_annotation_transferred,37:121
37:126:4,37:126:4,آبَائِكُمُ,ءَابَآئِكُمُ,surface_mismatch,1:1;no_annotation_transferred,37:126
37:129:3,37:129:3,فِي,فِى,surface_mismatch,1:1;no_annotation_transferred,37:129
37:129:4,37:129:4,الْآخِرِينَ,ٱلْءَاخِرِينَ,surface_mismatch,1:1;no_annotation_transferred,37:129
37:131:3,37:131:3,نَجْزِي,نَجْزِى,surface_mismatch,1:1;no_annotation_transferred,37:131
37:135:3,37:135:3,فِي,فِى,surface_mismatch,1:1;no_annotation_transferred,37:135
37:136:3,37:136:3,الْآخَرِينَ,ٱلْءَاخَرِينَ,surface_mismatch,1:1;no_annotation_transferred,37:136
37:138:1,37:138:1,وَبِاللَّيْلِ,وَبِٱلَّيْلِ,surface_mismatch,1:1;no_annotation_transferred,37:138
37:144:2,37:144:2,فِي,فِى,surface_mismatch,1:1;no_annotation_transferred,37:144
37:148:1,37:148:1,فَآمَنُوا,فَـَٔامَنُوا۟,surface_mismatch,1:1;no_annotation_transferred,37:148
38:1:2,38:1:6,وَالْقُرْآنِ,وَٱلْقُرْءَانِ,surface_mismatch,1:1;no_annotation_transferred,38:1
38:1:3,38:1:7,ذِي,ذِى,surface_mismatch,1:1;no_annotation_transferred,38:1
38:2:4,38:2:4,فِي,فِى,surface_mismatch,1:1;no_annotation_transferred,38:2
38:5:2,38:5:2,الْآلِهَةَ,ٱلْءَالِهَةَ,surface_mismatch,1:1;no_annotation_transferred,38:5
38:5:7,38:5:7,لَشَيْءٌ,لَشَىْءٌ,surface_mismatch,1:1;no_annotation_transferred,38:5
38:6:8,38:6:8,آلِهَتِكُمْ,ءَالِهَتِكُمْ,surface_mismatch,1:1;no_annotation_transferred,38:6
38:6:11,38:6:11,لَشَيْءٌ,لَشَىْءٌ,surface_mismatch,1:1;no_annotation_transferred,38:6
38:7:4,38:7:4,فِي,فِى,surface_mismatch,1:1;no_annotation_transferred,38:7
38:7:6,38:7:6,الْآخِرَةِ,ٱلْءَاخِرَةِ,surface_mismatch,1:1;no_annotation_transferred,38:7
38:8:1,38:8:1,أَأُنزِلَ,أَءُنزِلَ,surface_mismatch,1:1;no_annotation_transferred,38:8
38:8:8,38:8:8,فِي,فِى,surface_mismatch,1:1;no_annotation_transferred,38:8
38:8:11,38:8:11,ذِكْرِي,ذِكْرِى,surface_mismatch,1:1;no_annotation_transferred,38:8
38:10:9,38:10:9,فِي,فِى,surface_mismatch,1:1;no_annotation_transferred,38:10
38:13:5,38:13:5,الْأَيْكَةِ,لْـَٔيْكَةِ,surface_mismatch,1:1;no_annotation_transferred,38:13
38:17:7,38:17:7,دَاوُودَ,دَاوُۥدَ,surface_mismatch,1:1;no_annotation_transferred,38:17
38:18:6,38:18:6,بِالْعَشِيِّ,بِٱلْعَشِىِّ,surface_mismatch,1:1;no_annotation_transferred,38:18
38:20:3,38:20:3,وَآتَيْنَاهُ,وَءَاتَيْنَٰهُ,surface_mismatch,1:1;no_annotation_transferred,38:20
38:21:2,38:21:2,أَتَاكَ,أَتَىٰكَ,surface_mismatch,1:1;no_annotation_transferred,38:21
38:21:3,38:21:3,نَبَأُ,نَبَؤُا۟,surface_mismatch,1:1;no_annotation_transferred,38:21
38:22:4,38:22:4,دَاوُودَ,دَاوُۥدَ,surface_mismatch,1:1;no_annotation_transferred,38:22
38:23:3,38:23:3,أَخِي,أَخِى,surface_mismatch,1:1;no_annotation_transferred,38:23
38:23:8,38:23:8,وَلِيَ,وَلِىَ,surface_mismatch,1:1;no_annotation_transferred,38:23
38:23:13,38:23:13,وَعَزَّنِي,وَعَزَّنِى,surface_mismatch,1:1;no_annotation_transferred,38:23
38:23:14,38:23:14,فِي,فِى,surface_mismatch,1:1;no_annotation_transferred,38:23
38:24:12,38:24:12,لَيَبْغِي,لَيَبْغِى,surface_mismatch,1:1;no_annotation_transferred,38:24
38:24:18,38:24:18,آمَنُوا,ءَامَنُوا۟,surface_mismatch,1:1;no_annotation_transferred,38:24
38:24:25,38:24:25,دَاوُودُ,دَاوُۥدُ,surface_mismatch,1:1;no_annotation_transferred,38:24
38:25:9,38:25:9,مَآبٍ,مَـَٔابٍ,surface_mismatch,1:1;no_annotation_transferred,38:25
38:26:1,,يَا دَاوُودُ إِنَّا جَعَلْنَاكَ خَلِيفَةً فِي الْأَرْضِ فَاحْكُم بَيْنَ النَّاسِ بِالْحَقِّ وَلَا تَتَّبِعِ الْهَوَىٰ فَيُضِلَّكَ عَن سَبِيلِ اللَّهِ إِنَّ الَّذِينَ يَضِلُّونَ عَن سَبِيلِ اللَّهِ لَهُمْ عَذَابٌ شَدِيدٌ بِمَا نَسُوا يَوْمَ الْحِسَابِ,يَٰدَاوُۥدُ,ambiguous_verse,multiple_optimal_paths,38:26
38:26:2,,يَا دَاوُودُ إِنَّا جَعَلْنَاكَ خَلِيفَةً فِي الْأَرْضِ فَاحْكُم بَيْنَ النَّاسِ بِالْحَقِّ وَلَا تَتَّبِعِ الْهَوَىٰ فَيُضِلَّكَ عَن سَبِيلِ اللَّهِ إِنَّ الَّذِينَ يَضِلُّونَ عَن سَبِيلِ اللَّهِ لَهُمْ عَذَابٌ شَدِيدٌ بِمَا نَسُوا يَوْمَ الْحِسَابِ,إِنَّا,ambiguous_verse,multiple_optimal_paths,38:26
38:26:3,,يَا دَاوُودُ إِنَّا جَعَلْنَاكَ خَلِيفَةً فِي الْأَرْضِ فَاحْكُم بَيْنَ النَّاسِ بِالْحَقِّ وَلَا تَتَّبِعِ الْهَوَىٰ فَيُضِلَّكَ عَن سَبِيلِ اللَّهِ إِنَّ الَّذِينَ يَضِلُّونَ عَن سَبِيلِ اللَّهِ لَهُمْ عَذَابٌ شَدِيدٌ بِمَا نَسُوا يَوْمَ الْحِسَابِ,جَعَلْنَٰكَ,ambiguous_verse,multiple_optimal_paths,38:26
38:26:4,,يَا دَاوُودُ إِنَّا جَعَلْنَاكَ خَلِيفَةً فِي الْأَرْضِ فَاحْكُم بَيْنَ النَّاسِ بِالْحَقِّ وَلَا تَتَّبِعِ الْهَوَىٰ فَيُضِلَّكَ عَن سَبِيلِ اللَّهِ إِنَّ الَّذِينَ يَضِلُّونَ عَن سَبِيلِ اللَّهِ لَهُمْ عَذَابٌ شَدِيدٌ بِمَا نَسُوا يَوْمَ الْحِسَابِ,خَلِيفَةً,ambiguous_verse,multiple_optimal_paths,38:26
38:26:5,,يَا دَاوُودُ إِنَّا جَعَلْنَاكَ خَلِيفَةً فِي الْأَرْضِ فَاحْكُم بَيْنَ النَّاسِ بِالْحَقِّ وَلَا تَتَّبِعِ الْهَوَىٰ فَيُضِلَّكَ عَن سَبِيلِ اللَّهِ إِنَّ الَّذِينَ يَضِلُّونَ عَن سَبِيلِ اللَّهِ لَهُمْ عَذَابٌ شَدِيدٌ بِمَا نَسُوا يَوْمَ الْحِسَابِ,فِى,ambiguous_verse,multiple_optimal_paths,38:26
38:26:6,,يَا دَاوُودُ إِنَّا جَعَلْنَاكَ خَلِيفَةً فِي الْأَرْضِ فَاحْكُم بَيْنَ النَّاسِ بِالْحَقِّ وَلَا تَتَّبِعِ الْهَوَىٰ فَيُضِلَّكَ عَن سَبِيلِ اللَّهِ إِنَّ الَّذِينَ يَضِلُّونَ عَن سَبِيلِ اللَّهِ لَهُمْ عَذَابٌ شَدِيدٌ بِمَا نَسُوا يَوْمَ الْحِسَابِ,ٱلْأَرْضِ,ambiguous_verse,multiple_optimal_paths,38:26
38:26:7,,يَا دَاوُودُ إِنَّا جَعَلْنَاكَ خَلِيفَةً فِي الْأَرْضِ فَاحْكُم بَيْنَ النَّاسِ بِالْحَقِّ وَلَا تَتَّبِعِ الْهَوَىٰ فَيُضِلَّكَ عَن سَبِيلِ اللَّهِ إِنَّ الَّذِينَ يَضِلُّونَ عَن سَبِيلِ اللَّهِ لَهُمْ عَذَابٌ شَدِيدٌ بِمَا نَسُوا يَوْمَ الْحِسَابِ,فَٱحْكُم,ambiguous_verse,multiple_optimal_paths,38:26
38:26:8,,يَا دَاوُودُ إِنَّا جَعَلْنَاكَ خَلِيفَةً فِي الْأَرْضِ فَاحْكُم بَيْنَ النَّاسِ بِالْحَقِّ وَلَا تَتَّبِعِ الْهَوَىٰ فَيُضِلَّكَ عَن سَبِيلِ اللَّهِ إِنَّ الَّذِينَ يَضِلُّونَ عَن سَبِيلِ اللَّهِ لَهُمْ عَذَابٌ شَدِيدٌ بِمَا نَسُوا يَوْمَ الْحِسَابِ,بَيْنَ,ambiguous_verse,multiple_optimal_paths,38:26
38:26:9,,يَا دَاوُودُ إِنَّا جَعَلْنَاكَ خَلِيفَةً فِي الْأَرْضِ فَاحْكُم بَيْنَ النَّاسِ بِالْحَقِّ وَلَا تَتَّبِعِ الْهَوَىٰ فَيُضِلَّكَ عَن سَبِيلِ اللَّهِ إِنَّ الَّذِينَ يَضِلُّونَ عَن سَبِيلِ اللَّهِ لَهُمْ عَذَابٌ شَدِيدٌ بِمَا نَسُوا يَوْمَ الْحِسَابِ,ٱلنَّاسِ,ambiguous_verse,multiple_optimal_paths,38:26
38:26:10,,يَا دَاوُودُ إِنَّا جَعَلْنَاكَ خَلِيفَةً فِي الْأَرْضِ فَاحْكُم بَيْنَ النَّاسِ بِالْحَقِّ وَلَا تَتَّبِعِ الْهَوَىٰ فَيُضِلَّكَ عَن سَبِيلِ اللَّهِ إِنَّ الَّذِينَ يَضِلُّونَ عَن سَبِيلِ اللَّهِ لَهُمْ عَذَابٌ شَدِيدٌ بِمَا نَسُوا يَوْمَ الْحِسَابِ,بِٱلْحَقِّ,ambiguous_verse,multiple_optimal_paths,38:26
38:26:11,,يَا دَاوُودُ إِنَّا جَعَلْنَاكَ خَلِيفَةً فِي الْأَرْضِ فَاحْكُم بَيْنَ النَّاسِ بِالْحَقِّ وَلَا تَتَّبِعِ الْهَوَىٰ فَيُضِلَّكَ عَن سَبِيلِ اللَّهِ إِنَّ الَّذِينَ يَضِلُّونَ عَن سَبِيلِ اللَّهِ لَهُمْ عَذَابٌ شَدِيدٌ بِمَا نَسُوا يَوْمَ الْحِسَابِ,وَلَا,ambiguous_verse,multiple_optimal_paths,38:26
38:26:12,,يَا دَاوُودُ إِنَّا جَعَلْنَاكَ خَلِيفَةً فِي الْأَرْضِ فَاحْكُم بَيْنَ النَّاسِ بِالْحَقِّ وَلَا تَتَّبِعِ الْهَوَىٰ فَيُضِلَّكَ عَن سَبِيلِ اللَّهِ إِنَّ الَّذِينَ يَضِلُّونَ عَن سَبِيلِ اللَّهِ لَهُمْ عَذَابٌ شَدِيدٌ بِمَا نَسُوا يَوْمَ الْحِسَابِ,تَتَّبِعِ,ambiguous_verse,multiple_optimal_paths,38:26
38:26:13,,يَا دَاوُودُ إِنَّا جَعَلْنَاكَ خَلِيفَةً فِي الْأَرْضِ فَاحْكُم بَيْنَ النَّاسِ بِالْحَقِّ وَلَا تَتَّبِعِ الْهَوَىٰ فَيُضِلَّكَ عَن سَبِيلِ اللَّهِ إِنَّ الَّذِينَ يَضِلُّونَ عَن سَبِيلِ اللَّهِ لَهُمْ عَذَابٌ شَدِيدٌ بِمَا نَسُوا يَوْمَ الْحِسَابِ,ٱلْهَوَىٰ,ambiguous_verse,multiple_optimal_paths,38:26
38:26:14,,يَا دَاوُودُ إِنَّا جَعَلْنَاكَ خَلِيفَةً فِي الْأَرْضِ فَاحْكُم بَيْنَ النَّاسِ بِالْحَقِّ وَلَا تَتَّبِعِ الْهَوَىٰ فَيُضِلَّكَ عَن سَبِيلِ اللَّهِ إِنَّ الَّذِينَ يَضِلُّونَ عَن سَبِيلِ اللَّهِ لَهُمْ عَذَابٌ شَدِيدٌ بِمَا نَسُوا يَوْمَ الْحِسَابِ,فَيُضِلَّكَ,ambiguous_verse,multiple_optimal_paths,38:26
38:26:15,,يَا دَاوُودُ إِنَّا جَعَلْنَاكَ خَلِيفَةً فِي الْأَرْضِ فَاحْكُم بَيْنَ النَّاسِ بِالْحَقِّ وَلَا تَتَّبِعِ الْهَوَىٰ فَيُضِلَّكَ عَن سَبِيلِ اللَّهِ إِنَّ الَّذِينَ يَضِلُّونَ عَن سَبِيلِ اللَّهِ لَهُمْ عَذَابٌ شَدِيدٌ بِمَا نَسُوا يَوْمَ الْحِسَابِ,عَن,ambiguous_verse,multiple_optimal_paths,38:26
38:26:16,,يَا دَاوُودُ إِنَّا جَعَلْنَاكَ خَلِيفَةً فِي الْأَرْضِ فَاحْكُم بَيْنَ النَّاسِ بِالْحَقِّ وَلَا تَتَّبِعِ الْهَوَىٰ فَيُضِلَّكَ عَن سَبِيلِ اللَّهِ إِنَّ الَّذِينَ يَضِلُّونَ عَن سَبِيلِ اللَّهِ لَهُمْ عَذَابٌ شَدِيدٌ بِمَا نَسُوا يَوْمَ الْحِسَابِ,سَبِيلِ,ambiguous_verse,multiple_optimal_paths,38:26
38:26:17,,يَا دَاوُودُ إِنَّا جَعَلْنَاكَ خَلِيفَةً فِي الْأَرْضِ فَاحْكُم بَيْنَ النَّاسِ بِالْحَقِّ وَلَا تَتَّبِعِ الْهَوَىٰ فَيُضِلَّكَ عَن سَبِيلِ اللَّهِ إِنَّ الَّذِينَ يَضِلُّونَ عَن سَبِيلِ اللَّهِ لَهُمْ عَذَابٌ شَدِيدٌ بِمَا نَسُوا يَوْمَ الْحِسَابِ,ٱللَّهِ,ambiguous_verse,multiple_optimal_paths,38:26
38:26:18,,يَا دَاوُودُ إِنَّا جَعَلْنَاكَ خَلِيفَةً فِي الْأَرْضِ فَاحْكُم بَيْنَ النَّاسِ بِالْحَقِّ وَلَا تَتَّبِعِ الْهَوَىٰ فَيُضِلَّكَ عَن سَبِيلِ اللَّهِ إِنَّ الَّذِينَ يَضِلُّونَ عَن سَبِيلِ اللَّهِ لَهُمْ عَذَابٌ شَدِيدٌ بِمَا نَسُوا يَوْمَ الْحِسَابِ,إِنَّ,ambiguous_verse,multiple_optimal_paths,38:26
38:26:19,,يَا دَاوُودُ إِنَّا جَعَلْنَاكَ خَلِيفَةً فِي الْأَرْضِ فَاحْكُم بَيْنَ النَّاسِ بِالْحَقِّ وَلَا تَتَّبِعِ الْهَوَىٰ فَيُضِلَّكَ عَن سَبِيلِ اللَّهِ إِنَّ الَّذِينَ يَضِلُّونَ عَن سَبِيلِ اللَّهِ لَهُمْ عَذَابٌ شَدِيدٌ بِمَا نَسُوا يَوْمَ الْحِسَابِ,ٱلَّذِينَ,ambiguous_verse,multiple_optimal_paths,38:26
38:26:20,,يَا دَاوُودُ إِنَّا جَعَلْنَاكَ خَلِيفَةً فِي الْأَرْضِ فَاحْكُم بَيْنَ النَّاسِ بِالْحَقِّ وَلَا تَتَّبِعِ الْهَوَىٰ فَيُضِلَّكَ عَن سَبِيلِ اللَّهِ إِنَّ الَّذِينَ يَضِلُّونَ عَن سَبِيلِ اللَّهِ لَهُمْ عَذَابٌ شَدِيدٌ بِمَا نَسُوا يَوْمَ الْحِسَابِ,يَضِلُّونَ,ambiguous_verse,multiple_optimal_paths,38:26
38:26:21,,يَا دَاوُودُ إِنَّا جَعَلْنَاكَ خَلِيفَةً فِي الْأَرْضِ فَاحْكُم بَيْنَ النَّاسِ بِالْحَقِّ وَلَا تَتَّبِعِ الْهَوَىٰ فَيُضِلَّكَ عَن سَبِيلِ اللَّهِ إِنَّ الَّذِينَ يَضِلُّونَ عَن سَبِيلِ اللَّهِ لَهُمْ عَذَابٌ شَدِيدٌ بِمَا نَسُوا يَوْمَ الْحِسَابِ,عَن,ambiguous_verse,multiple_optimal_paths,38:26
38:26:22,,يَا دَاوُودُ إِنَّا جَعَلْنَاكَ خَلِيفَةً فِي الْأَرْضِ فَاحْكُم بَيْنَ النَّاسِ بِالْحَقِّ وَلَا تَتَّبِعِ الْهَوَىٰ فَيُضِلَّكَ عَن سَبِيلِ اللَّهِ إِنَّ الَّذِينَ يَضِلُّونَ عَن سَبِيلِ اللَّهِ لَهُمْ عَذَابٌ شَدِيدٌ بِمَا نَسُوا يَوْمَ الْحِسَابِ,سَبِيلِ,ambiguous_verse,multiple_optimal_paths,38:26
38:26:23,,يَا دَاوُودُ إِنَّا جَعَلْنَاكَ خَلِيفَةً فِي الْأَرْضِ فَاحْكُم بَيْنَ النَّاسِ بِالْحَقِّ وَلَا تَتَّبِعِ الْهَوَىٰ فَيُضِلَّكَ عَن سَبِيلِ اللَّهِ إِنَّ الَّذِينَ يَضِلُّونَ عَن سَبِيلِ اللَّهِ لَهُمْ عَذَابٌ شَدِيدٌ بِمَا نَسُوا يَوْمَ الْحِسَابِ,ٱللَّهِ,ambiguous_verse,multiple_optimal_paths,38:26
38:26:24,,يَا دَاوُودُ إِنَّا جَعَلْنَاكَ خَلِيفَةً فِي الْأَرْضِ فَاحْكُم بَيْنَ النَّاسِ بِالْحَقِّ وَلَا تَتَّبِعِ الْهَوَىٰ فَيُضِلَّكَ عَن سَبِيلِ اللَّهِ إِنَّ الَّذِينَ يَضِلُّونَ عَن سَبِيلِ اللَّهِ لَهُمْ عَذَابٌ شَدِيدٌ بِمَا نَسُوا يَوْمَ الْحِسَابِ,لَهُمْ,ambiguous_verse,multiple_optimal_paths,38:26
38:26:25,,يَا دَاوُودُ إِنَّا جَعَلْنَاكَ خَلِيفَةً فِي الْأَرْضِ فَاحْكُم بَيْنَ النَّاسِ بِالْحَقِّ وَلَا تَتَّبِعِ الْهَوَىٰ فَيُضِلَّكَ عَن سَبِيلِ اللَّهِ إِنَّ الَّذِينَ يَضِلُّونَ عَن سَبِيلِ اللَّهِ لَهُمْ عَذَابٌ شَدِيدٌ بِمَا نَسُوا يَوْمَ الْحِسَابِ,عَذَابٌ,ambiguous_verse,multiple_optimal_paths,38:26
38:26:26,,يَا دَاوُودُ إِنَّا جَعَلْنَاكَ خَلِيفَةً فِي الْأَرْضِ فَاحْكُم بَيْنَ النَّاسِ بِالْحَقِّ وَلَا تَتَّبِعِ الْهَوَىٰ فَيُضِلَّكَ عَن سَبِيلِ اللَّهِ إِنَّ الَّذِينَ يَضِلُّونَ عَن سَبِيلِ اللَّهِ لَهُمْ عَذَابٌ شَدِيدٌ بِمَا نَسُوا يَوْمَ الْحِسَابِ,شَدِيدٌۢ,ambiguous_verse,multiple_optimal_paths,38:26
38:26:27,,يَا دَاوُودُ إِنَّا جَعَلْنَاكَ خَلِيفَةً فِي الْأَرْضِ فَاحْكُم بَيْنَ النَّاسِ بِالْحَقِّ وَلَا تَتَّبِعِ الْهَوَىٰ فَيُضِلَّكَ عَن سَبِيلِ اللَّهِ إِنَّ الَّذِينَ يَضِلُّونَ عَن سَبِيلِ اللَّهِ لَهُمْ عَذَابٌ شَدِيدٌ بِمَا نَسُوا يَوْمَ الْحِسَابِ,بِمَا,ambiguous_verse,multiple_optimal_paths,38:26
38:26:28,,يَا دَاوُودُ إِنَّا جَعَلْنَاكَ خَلِيفَةً فِي الْأَرْضِ فَاحْكُم بَيْنَ النَّاسِ بِالْحَقِّ وَلَا تَتَّبِعِ الْهَوَىٰ فَيُضِلَّكَ عَن سَبِيلِ اللَّهِ إِنَّ الَّذِينَ يَضِلُّونَ عَن سَبِيلِ اللَّهِ لَهُمْ عَذَابٌ شَدِيدٌ بِمَا نَسُوا يَوْمَ الْحِسَابِ,نَسُوا۟,ambiguous_verse,multiple_optimal_paths,38:26
38:26:29,,يَا دَاوُودُ إِنَّا جَعَلْنَاكَ خَلِيفَةً فِي الْأَرْضِ فَاحْكُم بَيْنَ النَّاسِ بِالْحَقِّ وَلَا تَتَّبِعِ الْهَوَىٰ فَيُضِلَّكَ عَن سَبِيلِ اللَّهِ إِنَّ الَّذِينَ يَضِلُّونَ عَن سَبِيلِ اللَّهِ لَهُمْ عَذَابٌ شَدِيدٌ بِمَا نَسُوا يَوْمَ الْحِسَابِ,يَوْمَ,ambiguous_verse,multiple_optimal_paths,38:26
38:26:30,,يَا دَاوُودُ إِنَّا جَعَلْنَاكَ خَلِيفَةً فِي الْأَرْضِ فَاحْكُم بَيْنَ النَّاسِ بِالْحَقِّ وَلَا تَتَّبِعِ الْهَوَىٰ فَيُضِلَّكَ عَن سَبِيلِ اللَّهِ إِنَّ الَّذِينَ يَضِلُّونَ عَن سَبِيلِ اللَّهِ لَهُمْ عَذَابٌ شَدِيدٌ بِمَا نَسُوا يَوْمَ الْحِسَابِ,ٱلْحِسَابِ,ambiguous_verse,multiple_optimal_paths,38:26
38:28:4,38:28:4,آمَنُوا,ءَامَنُوا۟,surface_mismatch,1:1;no_annotation_transferred,38:28
38:28:8,38:28:8,فِي,فِى,surface_mismatch,1:1;no_annotation_transferred,38:28
38:29:6,38:29:6,آيَاتِهِ,ءَايَٰتِهِۦ,surface_mismatch,1:1;no_annotation_transferred,38:29
38:29:8,38:29:8,أُولُو,أُو۟لُوا۟,surface_mismatch,1:1;no_annotation_transferred,38:29
38:30:2,38:30:2,لِدَاوُودَ,لِدَاوُۥدَ,surface_mismatch,1:1;no_annotation_transferred,38:30
38:31:4,38:31:4,بِالْعَشِيِّ,بِٱلْعَشِىِّ,surface_mismatch,1:1;no_annotation_transferred,38:31
38:32:2,38:32:2,إِنِّي,إِنِّىٓ,surface_mismatch,1:1;no_annotation_transferred,38:32
38:32:8,38:32:8,رَبِّي,رَبِّى,surface_mismatch,1:1;no_annotation_transferred,38:32
38:33:2,38:33:2,عَلَيَّ,عَلَىَّ,surface_mismatch,1:1;no_annotation_transferred,38:33
38:35:4,38:35:4,لِي,لِى,surface_mismatch,1:1;no_annotation_transferred,38:35
38:35:6,38:35:6,لِي,لِى,surface_mismatch,1:1;no_annotation_transferred,38:35
38:35:9,38:35:9,يَنبَغِي,يَنۢبَغِى,surface_mismatch,1:1;no_annotation_transferred,38:35
38:35:12,38:35:12,بَعْدِي,بَعْدِىٓ,surface_mismatch,1:1;no_annotation_transferred,38:35
38:36:4,38:36:4,تَجْرِي,تَجْرِى,surface_mismatch,1:1;no_annotation_transferred,38:36
38:38:1,38:38:1,وَآخَرِينَ,وَءَاخَرِينَ,surface_mismatch,1:1;no_annotation_transferred,38:38
38:38:3,38:38:3,فِي,فِى,surface_mismatch,1:1;no_annotation_transferred,38:38
38:40:6,38:40:6,مَآبٍ,مَـَٔابٍ,surface_mismatch,1:1;no_annotation_transferred,38:40
38:41:7,38:41:7,أَنِّي,أَنِّى,surface_mismatch,1:1;no_annotation_transferred,38:41
38:41:8,38:41:8,مَسَّنِيَ,مَسَّنِىَ,surface_mismatch,1:1;no_annotation_transferred,38:41
38:43:9,38:43:9,لِأُولِي,لِأُو۟لِى,surface_mismatch,1:1;no_annotation_transferred,38:43
38:45:6,38:45:6,أُولِي,أُو۟لِى,surface_mismatch,1:1;no_annotation_transferred,38:45
38:45:7,38:45:7,الْأَيْدِي,ٱلْأَيْدِى,surface_mismatch,1:1;no_annotation_transferred,38:45
38:49:6,38:49:6,مَآبٍ,مَـَٔابٍ,surface_mismatch,1:1;no_annotation_transferred,38:49
38:51:1,38:51:1,مُتَّكِئِينَ,مُتَّكِـِٔينَ,surface_mismatch,1:1;no_annotation_transferred,38:51
38:55:5,38:55:5,مَآبٍ,مَـَٔابٍ,surface_mismatch,1:1;no_annotation_transferred,38:55
38:58:1,38:58:1,وَآخَرُ,وَءَاخَرُ,surface_mismatch,1:1;no_annotation_transferred,38:58
38:59:9,38:59:9,صَالُو,صَالُوا۟,surface_mismatch,1:1;no_annotation_transferred,38:59
38:61:10,38:61:10,فِي,فِى,surface_mismatch,1:1;no_annotation_transferred,38:61
38:67:3,38:67:3,نَبَأٌ,نَبَؤٌا۟,surface_mismatch,1:1;no_annotation_transferred,38:67
38:69:3,38:69:3,لِيَ,لِىَ,surface_mismatch,1:1;no_annotation_transferred,38:69
38:70:3,38:70:3,إِلَيَّ,إِلَىَّ,surface_mismatch,1:1;no_annotation_transferred,38:70
38:71:5,38:71:5,إِنِّي,إِنِّى,surface_mismatch,1:1;no_annotation_transferred,38:71
38:72:6,38:72:6,رُّوحِي,رُّوحِى,surface_mismatch,1:1;no_annotation_transferred,38:72
38:75:9,38:75:10,بِيَدَيَّ,بِيَدَىَّ,surface_mismatch,1:1;no_annotation_transferred,38:75
38:76:5,38:76:5,خَلَقْتَنِي,خَلَقْتَنِى,surface_mismatch,1:1;no_annotation_transferred,38:76
38:78:3,38:78:3,لَعْنَتِي,لَعْنَتِىٓ,surface_mismatch,1:1;no_annotation_transferred,38:78
38:79:3,38:79:3,فَأَنظِرْنِي,فَأَنظِرْنِىٓ,surface_mismatch,1:1;no_annotation_transferred,38:79
38:86:3,38:86:3,أَسْأَلُكُمْ,أَسْـَٔلُكُمْ,surface_mismatch,1:1;no_annotation_transferred,38:86
39:3:21,39:3:21,فِي,فِى,surface_mismatch,1:1;no_annotation_transferred,39:3
39:3:29,39:3:29,يَهْدِي,يَهْدِى,surface_mismatch,1:1;no_annotation_transferred,39:3
39:5:6,39:5:6,اللَّيْلَ,ٱلَّيْلَ,surface_mismatch,1:1;no_annotation_transferred,39:5
39:5:12,39:5:12,اللَّيْلِ,ٱلَّيْلِ,surface_mismatch,1:1;no_annotation_transferred,39:5
39:5:17,39:5:17,يَجْرِي,يَجْرِى,surface_mismatch,1:1;no_annotation_transferred,39:5
39:6:16,39:6:16,فِي,فِى,surface_mismatch,1:1;no_annotation_transferred,39:6
39:6:23,39:6:23,فِي,فِى,surface_mismatch,1:1;no_annotation_transferred,39:6
39:7:5,39:7:5,غَنِيٌّ,غَنِىٌّ,surface_mismatch,1:1;no_annotation_transferred,39:7
39:8:14,39:8:14,نَسِيَ,نَسِىَ,surface_mismatch,1:1;no_annotation_transferred,39:8
39:8:17,39:8:17,يَدْعُو,يَدْعُوٓا۟,surface_mismatch,1:1;no_annotation_transferred,39:8
39:9:4,39:9:4,آنَاءَ,ءَانَآءَ,surface_mismatch,1:1;no_annotation_transferred,39:9
39:9:5,39:9:5,اللَّيْلِ,ٱلَّيْلِ,surface_mismatch,1:1;no_annotation_transferred,39:9
39:9:9,39:9:9,الْآخِرَةَ,ٱلْءَاخِرَةَ,surface_mismatch,1:1;no_annotation_transferred,39:9
39:9:10,39:9:10,وَيَرْجُو,وَيَرْجُوا۟,surface_mismatch,1:1;no_annotation_transferred,39:9
39:9:15,39:9:15,يَسْتَوِي,يَسْتَوِى,surface_mismatch,1:1;no_annotation_transferred,39:9
39:9:23,39:9:23,أُولُو,أُو۟لُوا۟,surface_mismatch,1:1;no_annotation_transferred,39:9
39:10:4,39:10:5,آمَنُوا,ءَامَنُوا۟,surface_mismatch,1:1;no_annotation_transferred,39:10
39:10:9,39:10:10,فِي,فِى,surface_mismatch,1:1;no_annotation_transferred,39:10
39:11:2,39:11:2,إِنِّي,إِنِّىٓ,surface_mismatch,1:1;no_annotation_transferred,39:11
39:13:2,39:13:2,إِنِّي,إِنِّىٓ,surface_mismatch,1:1;no_annotation_transferred,39:13
39:13:6,39:13:6,رَبِّي,رَبِّى,surface_mismatch,1:1;no_annotation_transferred,39:13
39:14:6,39:14:6,دِينِي,دِينِى,surface_mismatch,1:1;no_annotation_transferred,39:14
39:18:8,39:18:8,هَدَاهُمُ,هَدَىٰهُمُ,surface_mismatch,1:1;no_annotation_transferred,39:18
39:18:12,39:18:12,أُولُو,أُو۟لُوا۟,surface_mismatch,1:1;no_annotation_transferred,39:18
39:19:9,39:19:9,فِي,فِى,surface_mismatch,1:1;no_annotation_transferred,39:19
39:20:11,39:20:11,تَجْرِي,تَجْرِى,surface_mismatch,1:1;no_annotation_transferred,39:20
39:21:11,39:21:11,فِي,فِى,surface_mismatch,1:1;no_annotation_transferred,39:21
39:21:21,39:21:21,فَتَرَاهُ,فَتَرَىٰهُ,surface_mismatch,1:1;no_annotation_transferred,39:21
39:21:27,39:21:27,فِي,فِى,surface_mismatch,1:1;no_annotation_transferred,39:21
39:21:30,39:21:30,لِأُولِي,لِأُو۟لِى,surface_mismatch,1:1;no_annotation_transferred,39:21
39:22:18,39:22:18,فِي,فِى,surface_mismatch,1:1;no_annotation_transferred,39:22
39:23:7,39:23:7,مَّثَانِيَ,مَّثَانِىَ,surface_mismatch,1:1;no_annotation_transferred,39:23
39:23:24,39:23:24,يَهْدِي,يَهْدِى,surface_mismatch,1:1;no_annotation_transferred,39:23
39:24:2,39:24:2,يَتَّقِي,يَتَّقِى,surface_mismatch,1:1;no_annotation_transferred,39:24
39:25:5,39:25:5,فَأَتَاهُمُ,فَأَتَىٰهُمُ,surface_mismatch,1:1;no_annotation_transferred,39:25
39:26:3,39:26:3,الْخِزْيَ,ٱلْخِزْىَ,surface_mismatch,1:1;no_annotation_transferred,39:26
39:26:4,39:26:4,فِي,فِى,surface_mismatch,1:1;no_annotation_transferred,39:26
39:26:5,39:26:5,الْحَيَاةِ,ٱلْحَيَوٰةِ,surface_mismatch,1:1;no_annotation_transferred,39:26
39:26:8,39:26:8,الْآخِرَةِ,ٱلْءَاخِرَةِ,surface_mismatch,1:1;no_annotation_transferred,39:26
39:27:4,39:27:4,فِي,فِى,surface_mismatch,1:1;no_annotation_transferred,39:27
39:27:6,39:27:6,الْقُرْآنِ,ٱلْقُرْءَانِ,surface_mismatch,1:1;no_annotation_transferred,39:27
39:28:1,39:28:1,قُرْآنًا,قُرْءَانًا,surface_mismatch,1:1;no_annotation_transferred,39:28
39:28:4,39:28:4,ذِي,ذِى,surface_mismatch,1:1;no_annotation_transferred,39:28
39:32:12,39:32:12,فِي,فِى,surface_mismatch,1:1;no_annotation_transferred,39:32
39:33:1,39:33:1,وَالَّذِي,وَٱلَّذِى,surface_mismatch,1:1;no_annotation_transferred,39:33
39:35:5,39:35:5,الَّذِي,ٱلَّذِى,surface_mismatch,1:1;no_annotation_transferred,39:35
39:35:10,39:35:10,الَّذِي,ٱلَّذِى,surface_mismatch,1:1;no_annotation_transferred,39:35
39:37:11,39:37:11,ذِي,ذِى,surface_mismatch,1:1;no_annotation_transferred,39:37
39:38:10,39:38:10,أَفَرَأَيْتُم,أَفَرَءَيْتُم,surface_mismatch,1:1;no_annotation_transferred,39:38
39:38:17,39:38:17,أَرَادَنِيَ,أَرَادَنِىَ,surface_mismatch,1:1;no_annotation_transferred,39:38
39:38:25,39:38:25,أَرَادَنِي,أَرَادَنِى,surface_mismatch,1:1;no_annotation_transferred,39:38
39:38:32,39:38:32,حَسْبِيَ,حَسْبِىَ,surface_mismatch,1:1;no_annotation_transferred,39:38
39:39:6,39:39:7,إِنِّي,إِنِّى,surface_mismatch,1:1;no_annotation_transferred,39:39
39:42:6,39:42:6,وَالَّتِي,وَٱلَّتِى,surface_mismatch,1:1;no_annotation_transferred,39:42
39:42:9,39:42:9,فِي,فِى,surface_mismatch,1:1;no_annotation_transferred,39:42
39:42:12,39:42:12,الَّتِي,ٱلَّتِى,surface_mismatch,1:1;no_annotation_transferred,39:42
39:42:22,39:42:22,فِي,فِى,surface_mismatch,1:1;no_annotation_transferred,39:42
39:42:24,39:42:24,لَآيَاتٍ,لَءَايَٰتٍ,surface_mismatch,1:1;no_annotation_transferred,39:42
39:43:12,39:43:12,شَيْئًا,شَيْـًٔا,surface_mismatch,1:1;no_annotation_transferred,39:43
39:45:10,39:45:10,بِالْآخِرَةِ,بِٱلْءَاخِرَةِ,surface_mismatch,1:1;no_annotation_transferred,39:45
39:46:13,39:46:13,فِي,فِى,surface_mismatch,1:1;no_annotation_transferred,39:46
39:47:6,39:47:6,فِي,فِى,surface_mismatch,1:1;no_annotation_transferred,39:47
39:48:3,39:48:3,سَيِّئَاتُ,سَيِّـَٔاتُ,surface_mismatch,1:1;no_annotation_transferred,39:48
39:48:11,39:48:11,يَسْتَهْزِئُونَ,يَسْتَهْزِءُونَ,surface_mismatch,1:1;no_annotation_transferred,39:48
39:49:17,39:49:17,هِيَ,هِىَ,surface_mismatch,1:1;no_annotation_transferred,39:49
39:51:2,39:51:2,سَيِّئَاتُ,سَيِّـَٔاتُ,surface_mismatch,1:1;no_annotation_transferred,39:51
39:51:10,39:51:10,سَيِّئَاتُ,سَيِّـَٔاتُ,surface_mismatch,1:1;no_annotation_transferred,39:51
39:52:11,39:52:11,فِي,فِى,surface_mismatch,1:1;no_annotation_transferred,39:52
39:52:13,39:52:13,لَآيَاتٍ,لَءَايَٰتٍ,surface_mismatch,1:1;no_annotation_transferred,39:52
39:53:1,,قُلْ يَا عِبَادِيَ الَّذِينَ أَسْرَفُوا عَلَىٰ أَنفُسِهِمْ لَا تَقْنَطُوا مِن رَّحْمَةِ اللَّهِ إِنَّ اللَّهَ يَغْفِرُ الذُّنُوبَ جَمِيعًا إِنَّهُ هُوَ الْغَفُورُ الرَّحِيمُ,قُلْ,ambiguous_verse,multiple_optimal_paths,39:53
39:53:2,,قُلْ يَا عِبَادِيَ الَّذِينَ أَسْرَفُوا عَلَىٰ أَنفُسِهِمْ لَا تَقْنَطُوا مِن رَّحْمَةِ اللَّهِ إِنَّ اللَّهَ يَغْفِرُ الذُّنُوبَ جَمِيعًا إِنَّهُ هُوَ الْغَفُورُ الرَّحِيمُ,يَٰعِبَادِىَ,ambiguous_verse,multiple_optimal_paths,39:53
39:53:3,,قُلْ يَا عِبَادِيَ الَّذِينَ أَسْرَفُوا عَلَىٰ أَنفُسِهِمْ لَا تَقْنَطُوا مِن رَّحْمَةِ اللَّهِ إِنَّ اللَّهَ يَغْفِرُ الذُّنُوبَ جَمِيعًا إِنَّهُ هُوَ الْغَفُورُ الرَّحِيمُ,ٱلَّذِينَ,ambiguous_verse,multiple_optimal_paths,39:53
39:53:4,,قُلْ يَا عِبَادِيَ الَّذِينَ أَسْرَفُوا عَلَىٰ أَنفُسِهِمْ لَا تَقْنَطُوا مِن رَّحْمَةِ اللَّهِ إِنَّ اللَّهَ يَغْفِرُ الذُّنُوبَ جَمِيعًا إِنَّهُ هُوَ الْغَفُورُ الرَّحِيمُ,أَسْرَفُوا۟,ambiguous_verse,multiple_optimal_paths,39:53
39:53:5,,قُلْ يَا عِبَادِيَ الَّذِينَ أَسْرَفُوا عَلَىٰ أَنفُسِهِمْ لَا تَقْنَطُوا مِن رَّحْمَةِ اللَّهِ إِنَّ اللَّهَ يَغْفِرُ الذُّنُوبَ جَمِيعًا إِنَّهُ هُوَ الْغَفُورُ الرَّحِيمُ,عَلَىٰٓ,ambiguous_verse,multiple_optimal_paths,39:53
39:53:6,,قُلْ يَا عِبَادِيَ الَّذِينَ أَسْرَفُوا عَلَىٰ أَنفُسِهِمْ لَا تَقْنَطُوا مِن رَّحْمَةِ اللَّهِ إِنَّ اللَّهَ يَغْفِرُ الذُّنُوبَ جَمِيعًا إِنَّهُ هُوَ الْغَفُورُ الرَّحِيمُ,أَنفُسِهِمْ,ambiguous_verse,multiple_optimal_paths,39:53
39:53:7,,قُلْ يَا عِبَادِيَ الَّذِينَ أَسْرَفُوا عَلَىٰ أَنفُسِهِمْ لَا تَقْنَطُوا مِن رَّحْمَةِ اللَّهِ إِنَّ اللَّهَ يَغْفِرُ الذُّنُوبَ جَمِيعًا إِنَّهُ هُوَ الْغَفُورُ الرَّحِيمُ,لَا,ambiguous_verse,multiple_optimal_paths,39:53
39:53:8,,قُلْ يَا عِبَادِيَ الَّذِينَ أَسْرَفُوا عَلَىٰ أَنفُسِهِمْ لَا تَقْنَطُوا مِن رَّحْمَةِ اللَّهِ إِنَّ اللَّهَ يَغْفِرُ الذُّنُوبَ جَمِيعًا إِنَّهُ هُوَ الْغَفُورُ الرَّحِيمُ,تَقْنَطُوا۟,ambiguous_verse,multiple_optimal_paths,39:53
39:53:9,,قُلْ يَا عِبَادِيَ الَّذِينَ أَسْرَفُوا عَلَىٰ أَنفُسِهِمْ لَا تَقْنَطُوا مِن رَّحْمَةِ اللَّهِ إِنَّ اللَّهَ يَغْفِرُ الذُّنُوبَ جَمِيعًا إِنَّهُ هُوَ الْغَفُورُ الرَّحِيمُ,مِن,ambiguous_verse,multiple_optimal_paths,39:53
39:53:10,,قُلْ يَا عِبَادِيَ الَّذِينَ أَسْرَفُوا عَلَىٰ أَنفُسِهِمْ لَا تَقْنَطُوا مِن رَّحْمَةِ اللَّهِ إِنَّ اللَّهَ يَغْفِرُ الذُّنُوبَ جَمِيعًا إِنَّهُ هُوَ الْغَفُورُ الرَّحِيمُ,رَّحْمَةِ,ambiguous_verse,multiple_optimal_paths,39:53
39:53:11,,قُلْ يَا عِبَادِيَ الَّذِينَ أَسْرَفُوا عَلَىٰ أَنفُسِهِمْ لَا تَقْنَطُوا مِن رَّحْمَةِ اللَّهِ إِنَّ اللَّهَ يَغْفِرُ الذُّنُوبَ جَمِيعًا إِنَّهُ هُوَ الْغَفُورُ الرَّحِيمُ,ٱللَّهِ,ambiguous_verse,multiple_optimal_paths,39:53
39:53:12,,قُلْ يَا عِبَادِيَ الَّذِينَ أَسْرَفُوا عَلَىٰ أَنفُسِهِمْ لَا تَقْنَطُوا مِن رَّحْمَةِ اللَّهِ إِنَّ اللَّهَ يَغْفِرُ الذُّنُوبَ جَمِيعًا إِنَّهُ هُوَ الْغَفُورُ الرَّحِيمُ,إِنَّ,ambiguous_verse,multiple_optimal_paths,39:53
39:53:13,,قُلْ يَا عِبَادِيَ الَّذِينَ أَسْرَفُوا عَلَىٰ أَنفُسِهِمْ لَا تَقْنَطُوا مِن رَّحْمَةِ اللَّهِ إِنَّ اللَّهَ يَغْفِرُ الذُّنُوبَ جَمِيعًا إِنَّهُ هُوَ الْغَفُورُ الرَّحِيمُ,ٱللَّهَ,ambiguous_verse,multiple_optimal_paths,39:53
39:53:14,,قُلْ يَا عِبَادِيَ الَّذِينَ أَسْرَفُوا عَلَىٰ أَنفُسِهِمْ لَا تَقْنَطُوا مِن رَّحْمَةِ اللَّهِ إِنَّ اللَّهَ يَغْفِرُ الذُّنُوبَ جَمِيعًا إِنَّهُ هُوَ الْغَفُورُ الرَّحِيمُ,يَغْفِرُ,ambiguous_verse,multiple_optimal_paths,39:53
39:53:15,,قُلْ يَا عِبَادِيَ الَّذِينَ أَسْرَفُوا عَلَىٰ أَنفُسِهِمْ لَا تَقْنَطُوا مِن رَّحْمَةِ اللَّهِ إِنَّ اللَّهَ يَغْفِرُ الذُّنُوبَ جَمِيعًا إِنَّهُ هُوَ الْغَفُورُ الرَّحِيمُ,ٱلذُّنُوبَ,ambiguous_verse,multiple_optimal_paths,39:53
39:53:16,,قُلْ يَا عِبَادِيَ الَّذِينَ أَسْرَفُوا عَلَىٰ أَنفُسِهِمْ لَا تَقْنَطُوا مِن رَّحْمَةِ اللَّهِ إِنَّ اللَّهَ يَغْفِرُ الذُّنُوبَ جَمِيعًا إِنَّهُ هُوَ الْغَفُورُ الرَّحِيمُ,جَمِيعًا,ambiguous_verse,multiple_optimal_paths,39:53
39:53:17,,قُلْ يَا عِبَادِيَ الَّذِينَ أَسْرَفُوا عَلَىٰ أَنفُسِهِمْ لَا تَقْنَطُوا مِن رَّحْمَةِ اللَّهِ إِنَّ اللَّهَ يَغْفِرُ الذُّنُوبَ جَمِيعًا إِنَّهُ هُوَ الْغَفُورُ الرَّحِيمُ,إِنَّهُۥ,ambiguous_verse,multiple_optimal_paths,39:53
39:53:18,,قُلْ يَا عِبَادِيَ الَّذِينَ أَسْرَفُوا عَلَىٰ أَنفُسِهِمْ لَا تَقْنَطُوا مِن رَّحْمَةِ اللَّهِ إِنَّ اللَّهَ يَغْفِرُ الذُّنُوبَ جَمِيعًا إِنَّهُ هُوَ الْغَفُورُ الرَّحِيمُ,هُوَ,ambiguous_verse,multiple_optimal_paths,39:53
39:53:19,,قُلْ يَا عِبَادِيَ الَّذِينَ أَسْرَفُوا عَلَىٰ أَنفُسِهِمْ لَا تَقْنَطُوا مِن رَّحْمَةِ اللَّهِ إِنَّ اللَّهَ يَغْفِرُ الذُّنُوبَ جَمِيعًا إِنَّهُ هُوَ الْغَفُورُ الرَّحِيمُ,ٱلْغَفُورُ,ambiguous_verse,multiple_optimal_paths,39:53
39:53:20,,قُلْ يَا عِبَادِيَ الَّذِينَ أَسْرَفُوا عَلَىٰ أَنفُسِهِمْ لَا تَقْنَطُوا مِن رَّحْمَةِ اللَّهِ إِنَّ اللَّهَ يَغْفِرُ الذُّنُوبَ جَمِيعًا إِنَّهُ هُوَ الْغَفُورُ الرَّحِيمُ,ٱلرَّحِيمُ,ambiguous_verse,multiple_optimal_paths,39:53
39:56:8,39:56:9,فِي,فِى,surface_mismatch,1:1;no_annotation_transferred,39:56
39:57:6,39:57:6,هَدَانِي,هَدَىٰنِى,surface_mismatch,1:1;no_annotation_transferred,39:57
39:58:8,39:58:8,لِي,لِى,surface_mismatch,1:1;no_annotation_transferred,39:58
39:59:4,39:59:4,آيَاتِي,ءَايَٰتِى,surface_mismatch,1:1;no_annotation_transferred,39:59
39:60:11,39:60:11,فِي,فِى,surface_mismatch,1:1;no_annotation_transferred,39:60
39:61:1,39:61:1,وَيُنَجِّي,وَيُنَجِّى,surface_mismatch,1:1;no_annotation_transferred,39:61
39:62:4,39:62:4,شَيْءٍ,شَىْءٍ,surface_mismatch,1:1;no_annotation_transferred,39:62
39:62:8,39:62:8,شَيْءٍ,شَىْءٍ,surface_mismatch,1:1;no_annotation_transferred,39:62
39:63:7,39:63:7,بِآيَاتِ,بِـَٔايَٰتِ,surface_mismatch,1:1;no_annotation_transferred,39:63
39:64:4,39:64:4,تَأْمُرُونِّي,تَأْمُرُوٓنِّىٓ,surface_mismatch,1:1;no_annotation_transferred,39:64
39:65:2,39:65:2,أُوحِيَ,أُوحِىَ,surface_mismatch,1:1;no_annotation_transferred,39:65
39:68:2,39:68:2,فِي,فِى,surface_mismatch,1:1;no_annotation_transferred,39:68
39:68:6,39:68:6,فِي,فِى,surface_mismatch,1:1;no_annotation_transferred,39:68
39:68:9,39:68:9,فِي,فِى,surface_mismatch,1:1;no_annotation_transferred,39:68
39:69:7,39:69:7,وَجِيءَ,وَجِا۟ىٓءَ,surface_mismatch,1:1;no_annotation_transferred,39:69
39:69:8,39:69:8,بِالنَّبِيِّينَ,بِٱلنَّبِيِّۦنَ,surface_mismatch,1:1;no_annotation_transferred,39:69
39:69:10,39:69:10,وَقُضِيَ,وَقُضِىَ,surface_mismatch,1:1;no_annotation_transferred,39:69
39:71:21,39:71:21,آيَاتِ,ءَايَٰتِ,surface_mismatch,1:1;no_annotation_transferred,39:71
39:74:4,39:74:4,الَّذِي,ٱلَّذِى,surface_mismatch,1:1;no_annotation_transferred,39:74
39:75:10,39:75:10,وَقُضِيَ,وَقُضِىَ,surface_mismatch,1:1;no_annotation_transferred,39:75
40:3:7,40:3:7,ذِي,ذِى,surface_mismatch,1:1;no_annotation_transferred,40:3
40:4:3,40:4:3,فِي,فِىٓ,surface_mismatch,1:1;no_annotation_transferred,40:4
40:4:4,40:4:4,آيَاتِ,ءَايَٰتِ,surface_mismatch,1:1;no_annotation_transferred,40:4
40:4:12,40:4:12,فِي,فِى,surface_mismatch,1:1;no_annotation_transferred,40:4
40:7:13,40:7:13,آمَنُوا,ءَامَنُوا۟,surface_mismatch,1:1;no_annotation_transferred,40:7
40:7:17,40:7:17,شَيْءٍ,شَىْءٍ,surface_mismatch,1:1;no_annotation_transferred,40:7
40:8:5,40:8:5,الَّتِي,ٱلَّتِى,surface_mismatch,1:1;no_annotation_transferred,40:8
40:8:10,40:8:10,آبَائِهِمْ,ءَابَآئِهِمْ,surface_mismatch,1:1;no_annotation_transferred,40:8
40:9:2,40:9:2,السَّيِّئَاتِ,ٱلسَّيِّـَٔاتِ,surface_mismatch,1:1;no_annotation_transferred,40:9
40:9:5,40:9:5,السَّيِّئَاتِ,ٱلسَّيِّـَٔاتِ,surface_mismatch,1:1;no_annotation_transferred,40:9
40:12:4,40:12:4,دُعِيَ,دُعِىَ,surface_mismatch,1:1;no_annotation_transferred,40:12
40:12:14,40:12:14,الْعَلِيِّ,ٱلْعَلِىِّ,surface_mismatch,1:1;no_annotation_transferred,40:12
40:13:2,40:13:2,الَّذِي,ٱلَّذِى,surface_mismatch,1:1;no_annotation_transferred,40:13
40:13:4,40:13:4,آيَاتِهِ,ءَايَٰتِهِۦ,surface_mismatch,1:1;no_annotation_transferred,40:13
40:15:5,40:15:5,يُلْقِي,يُلْقِى,surface_mismatch,1:1;no_annotation_transferred,40:15
40:16:9,40:16:9,شَيْءٌ,شَىْءٌ,surface_mismatch,1:1;no_annotation_transferred,40:16
40:18:3,40:18:3,الْآزِفَةِ,ٱلْءَازِفَةِ,surface_mismatch,1:1;no_annotation_transferred,40:18
40:19:5,40:19:5,تُخْفِي,تُخْفِى,surface_mismatch,1:1;no_annotation_transferred,40:19
40:20:2,40:20:2,يَقْضِي,يَقْضِى,surface_mismatch,1:1;no_annotation_transferred,40:20
40:20:10,40:20:10,بِشَيْءٍ,بِشَىْءٍ,surface_mismatch,1:1;no_annotation_transferred,40:20
40:21:3,40:21:3,فِي,فِى,surface_mismatch,1:1;no_annotation_transferred,40:21
40:21:18,40:21:18,وَآثَارًا,وَءَاثَارًا,surface_mismatch,1:1;no_annotation_transferred,40:21
40:21:19,40:21:19,فِي,فِى,surface_mismatch,1:1;no_annotation_transferred,40:21
40:22:11,40:22:11,قَوِيٌّ,قَوِىٌّ,surface_mismatch,1:1;no_annotation_transferred,40:22
40:23:4,40:23:4,بِآيَاتِنَا,بِـَٔايَٰتِنَا,surface_mismatch,1:1;no_annotation_transferred,40:23
40:25:10,40:25:10,آمَنُوا,ءَامَنُوا۟,surface_mismatch,1:1;no_annotation_transferred,40:25
40:25:18,40:25:18,فِي,فِى,surface_mismatch,1:1;no_annotation_transferred,40:25
40:26:3,40:26:3,ذَرُونِي,ذَرُونِىٓ,surface_mismatch,1:1;no_annotation_transferred,40:26
40:26:8,40:26:8,إِنِّي,إِنِّىٓ,surface_mismatch,1:1;no_annotation_transferred,40:26
40:26:16,40:26:16,فِي,فِى,surface_mismatch,1:1;no_annotation_transferred,40:26
40:27:3,40:27:3,إِنِّي,إِنِّى,surface_mismatch,1:1;no_annotation_transferred,40:27
40:27:5,40:27:5,بِرَبِّي,بِرَبِّى,surface_mismatch,1:1;no_annotation_transferred,40:27
40:28:5,40:28:5,آلِ,ءَالِ,surface_mismatch,1:1;no_annotation_transferred,40:28
40:28:13,40:28:13,رَبِّيَ,رَبِّىَ,surface_mismatch,1:1;no_annotation_transferred,40:28
40:28:30,40:28:30,الَّذِي,ٱلَّذِى,surface_mismatch,1:1;no_annotation_transferred,40:28
40:28:35,40:28:35,يَهْدِي,يَهْدِى,surface_mismatch,1:1;no_annotation_transferred,40:28
40:29:6,40:29:7,فِي,فِى,surface_mismatch,1:1;no_annotation_transferred,40:29
40:30:2,40:30:2,الَّذِي,ٱلَّذِىٓ,surface_mismatch,1:1;no_annotation_transferred,40:30
40:30:3,40:30:3,آمَنَ,ءَامَنَ,surface_mismatch,1:1;no_annotation_transferred,40:30
40:30:5,40:30:6,إِنِّي,إِنِّىٓ,surface_mismatch,1:1;no_annotation_transferred,40:30
40:32:2,40:32:3,إِنِّي,إِنِّىٓ,surface_mismatch,1:1;no_annotation_transferred,40:32
40:34:9,40:34:9,فِي,فِى,surface_mismatch,1:1;no_annotation_transferred,40:34
40:35:3,40:35:3,فِي,فِىٓ,surface_mismatch,1:1;no_annotation_transferred,40:35
40:35:4,40:35:4,آيَاتِ,ءَايَٰتِ,surface_mismatch,1:1;no_annotation_transferred,40:35
40:35:8,40:35:8,أَتَاهُمْ,أَتَىٰهُمْ,surface_mismatch,1:1;no_annotation_transferred,40:35
40:35:15,40:35:15,آمَنُوا,ءَامَنُوا۟,surface_mismatch,1:1;no_annotation_transferred,40:35
40:36:5,40:36:6,لِي,لِى,surface_mismatch,1:1;no_annotation_transferred,40:36
40:36:7,40:36:8,لَّعَلِّي,لَّعَلِّىٓ,surface_mismatch,1:1;no_annotation_transferred,40:36
40:37:7,40:37:7,وَإِنِّي,وَإِنِّى,surface_mismatch,1:1;no_annotation_transferred,40:37
40:37:22,40:37:22,فِي,فِى,surface_mismatch,1:1;no_annotation_transferred,40:37
40:38:2,40:38:2,الَّذِي,ٱلَّذِىٓ,surface_mismatch,1:1;no_annotation_transferred,40:38
40:38:3,40:38:3,آمَنَ,ءَامَنَ,surface_mismatch,1:1;no_annotation_transferred,40:38
40:39:4,40:39:5,الْحَيَاةُ,ٱلْحَيَوٰةُ,surface_mismatch,1:1;no_annotation_transferred,40:39
40:39:8,40:39:9,الْآخِرَةَ,ٱلْءَاخِرَةَ,surface_mismatch,1:1;no_annotation_transferred,40:39
40:39:9,40:39:10,هِيَ,هِىَ,surface_mismatch,1:1;no_annotation_transferred,40:39
40:41:3,40:41:4,لِي,لِىٓ,surface_mismatch,1:1;no_annotation_transferred,40:41
40:41:6,40:41:7,النَّجَاةِ,ٱلنَّجَوٰةِ,surface_mismatch,1:1;no_annotation_transferred,40:41
40:41:7,40:41:8,وَتَدْعُونَنِي,وَتَدْعُونَنِىٓ,surface_mismatch,1:1;no_annotation_transferred,40:41
40:42:1,40:42:1,تَدْعُونَنِي,تَدْعُونَنِى,surface_mismatch,1:1;no_annotation_transferred,40:42
40:42:8,40:42:8,لِي,لِى,surface_mismatch,1:1;no_annotation_transferred,40:42
40:43:4,40:43:4,تَدْعُونَنِي,تَدْعُونَنِىٓ,surface_mismatch,1:1;no_annotation_transferred,40:43
40:43:9,40:43:9,فِي,فِى,surface_mismatch,1:1;no_annotation_transferred,40:43
40:43:12,40:43:12,فِي,فِى,surface_mismatch,1:1;no_annotation_transferred,40:43
40:43:13,40:43:13,الْآخِرَةِ,ٱلْءَاخِرَةِ,surface_mismatch,1:1;no_annotation_transferred,40:43
40:44:6,40:44:6,أَمْرِي,أَمْرِىٓ,surface_mismatch,1:1;no_annotation_transferred,40:44
40:45:1,40:45:1,فَوَقَاهُ,فَوَقَىٰهُ,surface_mismatch,1:1;no_annotation_transferred,40:45
40:45:3,40:45:3,سَيِّئَاتِ,سَيِّـَٔاتِ,surface_mismatch,1:1;no_annotation_transferred,40:45
40:45:7,40:45:7,بِآلِ,بِـَٔالِ,surface_mismatch,1:1;no_annotation_transferred,40:45
40:46:10,40:46:10,آلَ,ءَالَ,surface_mismatch,1:1;no_annotation_transferred,40:46
40:47:3,40:47:3,فِي,فِى,surface_mismatch,1:1;no_annotation_transferred,40:47
40:47:6,40:47:6,الضُّعَفَاءُ,ٱلضُّعَفَٰٓؤُا۟,surface_mismatch,1:1;no_annotation_transferred,40:47
40:49:3,40:49:3,فِي,فِى,surface_mismatch,1:1;no_annotation_transferred,40:49
40:50:12,40:50:12,دُعَاءُ,دُعَٰٓؤُا۟,surface_mismatch,1:1;no_annotation_transferred,40:50
40:50:15,40:50:15,فِي,فِى,surface_mismatch,1:1;no_annotation_transferred,40:50
40:51:5,40:51:5,آمَنُوا,ءَامَنُوا۟,surface_mismatch,1:1;no_annotation_transferred,40:51
40:51:6,40:51:6,فِي,فِى,surface_mismatch,1:1;no_annotation_transferred,40:51
40:51:7,40:51:7,الْحَيَاةِ,ٱلْحَيَوٰةِ,surface_mismatch,1:1;no_annotation_transferred,40:51
40:53:2,40:53:2,آتَيْنَا,ءَاتَيْنَا,surface_mismatch,1:1;no_annotation_transferred,40:53
40:53:6,40:53:6,بَنِي,بَنِىٓ,surface_mismatch,1:1;no_annotation_transferred,40:53
40:53:7,40:53:7,إِسْرَائِيلَ,إِسْرَٰٓءِيلَ,surface_mismatch,1:1;no_annotation_transferred,40:53
40:54:3,40:54:3,لِأُولِي,لِأُو۟لِى,surface_mismatch,1:1;no_annotation_transferred,40:54
40:55:11,40:55:11,بِالْعَشِيِّ,بِٱلْعَشِىِّ,surface_mismatch,1:1;no_annotation_transferred,40:55
40:56:4,40:56:4,فِي,فِىٓ,surface_mismatch,1:1;no_annotation_transferred,40:56
40:56:5,40:56:5,آيَاتِ,ءَايَٰتِ,surface_mismatch,1:1;no_annotation_transferred,40:56
40:56:9,40:56:9,أَتَاهُمْ,أَتَىٰهُمْ,surface_mismatch,1:1;no_annotation_transferred,40:56
40:56:11,40:56:11,فِي,فِى,surface_mismatch,1:1;no_annotation_transferred,40:56
40:58:2,40:58:2,يَسْتَوِي,يَسْتَوِى,surface_mismatch,1:1;no_annotation_transferred,40:58
40:58:6,40:58:6,آمَنُوا,ءَامَنُوا۟,surface_mismatch,1:1;no_annotation_transferred,40:58
40:58:10,40:58:10,الْمُسِيءُ,ٱلْمُسِىٓءُ,surface_mismatch,1:1;no_annotation_transferred,40:58
40:59:3,40:59:3,لَآتِيَةٌ,لَءَاتِيَةٌ,surface_mismatch,1:1;no_annotation_transferred,40:59
40:60:3,40:60:3,ادْعُونِي,ٱدْعُونِىٓ,surface_mismatch,1:1;no_annotation_transferred,40:60
40:60:10,40:60:10,عِبَادَتِي,عِبَادَتِى,surface_mismatch,1:1;no_annotation_transferred,40:60
40:61:2,40:61:2,الَّذِي,ٱلَّذِى,surface_mismatch,1:1;no_annotation_transferred,40:61
40:61:5,40:61:5,اللَّيْلَ,ٱلَّيْلَ,surface_mismatch,1:1;no_annotation_transferred,40:61
40:62:6,40:62:6,شَيْءٍ,شَىْءٍ,surface_mismatch,1:1;no_annotation_transferred,40:62
40:63:5,40:63:5,بِآيَاتِ,بِـَٔايَٰتِ,surface_mismatch,1:1;no_annotation_transferred,40:63
40:64:2,40:64:2,الَّذِي,ٱلَّذِى,surface_mismatch,1:1;no_annotation_transferred,40:64
40:65:2,40:65:2,الْحَيُّ,ٱلْحَىُّ,surface_mismatch,1:1;no_annotation_transferred,40:65
40:66:2,40:66:2,إِنِّي,إِنِّى,surface_mismatch,1:1;no_annotation_transferred,40:66
40:66:12,40:66:12,جَاءَنِيَ,جَآءَنِىَ,surface_mismatch,1:1;no_annotation_transferred,40:66
40:66:15,40:66:15,رَّبِّي,رَّبِّى,surface_mismatch,1:1;no_annotation_transferred,40:66
40:67:2,40:67:2,الَّذِي,ٱلَّذِى,surface_mismatch,1:1;no_annotation_transferred,40:67
40:68:2,40:68:2,الَّذِي,ٱلَّذِى,surface_mismatch,1:1;no_annotation_transferred,40:68
40:68:3,40:68:3,يُحْيِي,يُحْىِۦ,surface_mismatch,1:1;no_annotation_transferred,40:68
40:69:6,40:69:6,فِي,فِىٓ,surface_mismatch,1:1;no_annotation_transferred,40:69
40:69:7,40:69:7,آيَاتِ,ءَايَٰتِ,surface_mismatch,1:1;no_annotation_transferred,40:69
40:71:3,40:71:3,فِي,فِىٓ,surface_mismatch,1:1;no_annotation_transferred,40:71
40:72:1,40:72:1,فِي,فِى,surface_mismatch,1:1;no_annotation_transferred,40:72
40:72:4,40:72:4,فِي,فِى,surface_mismatch,1:1;no_annotation_transferred,40:72
40:74:10,40:74:10,نَّدْعُو,نَّدْعُوا۟,surface_mismatch,1:1;no_annotation_transferred,40:74
40:74:13,40:74:13,شَيْئًا,شَيْـًٔا,surface_mismatch,1:1;no_annotation_transferred,40:74
40:75:5,40:75:5,فِي,فِى,surface_mismatch,1:1;no_annotation_transferred,40:75
40:77:9,40:77:9,الَّذِي,ٱلَّذِى,surface_mismatch,1:1;no_annotation_transferred,40:77
40:78:19,40:78:19,يَأْتِيَ,يَأْتِىَ,surface_mismatch,1:1;no_annotation_transferred,40:78
40:78:20,40:78:20,بِآيَةٍ,بِـَٔايَةٍ,surface_mismatch,1:1;no_annotation_transferred,40:78
40:78:28,40:78:28,قُضِيَ,قُضِىَ,surface_mismatch,1:1;no_annotation_transferred,40:78
40:79:2,40:79:2,الَّذِي,ٱلَّذِى,surface_mismatch,1:1;no_annotation_transferred,40:79
40:80:7,40:80:7,فِي,فِى,surface_mismatch,1:1;no_annotation_transferred,40:80
40:81:2,40:81:2,آيَاتِهِ,ءَايَٰتِهِۦ,surface_mismatch,1:1;no_annotation_transferred,40:81
40:81:3,40:81:3,فَأَيَّ,فَأَىَّ,surface_mismatch,1:1;no_annotation_transferred,40:81
40:81:4,40:81:4,آيَاتِ,ءَايَٰتِ,surface_mismatch,1:1;no_annotation_transferred,40:81
40:82:3,40:82:3,فِي,فِى,surface_mismatch,1:1;no_annotation_transferred,40:82
40:82:17,40:82:17,وَآثَارًا,وَءَاثَارًا,surface_mismatch,1:1;no_annotation_transferred,40:82
40:82:18,40:82:18,فِي,فِى,surface_mismatch,1:1;no_annotation_transferred,40:82
40:83:15,40:83:15,يَسْتَهْزِئُونَ,يَسْتَهْزِءُونَ,surface_mismatch,1:1;no_annotation_transferred,40:83
40:84:5,40:84:5,آمَنَّا,ءَامَنَّا,surface_mismatch,1:1;no_annotation_transferred,40:84
40:85:10,40:85:10,الَّتِي,ٱلَّتِى,surface_mismatch,1:1;no_annotation_transferred,40:85
40:85:13,40:85:13,فِي,فِى,surface_mismatch,1:1;no_annotation_transferred,40:85
41:3:3,41:3:3,آيَاتُهُ,ءَايَٰتُهُۥ,surface_mismatch,1:1;no_annotation_transferred,41:3
41:3:4,41:3:4,قُرْآنًا,قُرْءَانًا,surface_mismatch,1:1;no_annotation_transferred,41:3
41:5:3,41:5:3,فِي,فِىٓ,surface_mismatch,1:1;no_annotation_transferred,41:5
41:5:8,41:5:8,وَفِي,وَفِىٓ,surface_mismatch,1:1;no_annotation_transferred,41:5
41:5:9,41:5:9,آذَانِنَا,ءَاذَانِنَا,surface_mismatch,1:1;no_annotation_transferred,41:5
41:6:7,41:6:7,إِلَيَّ,إِلَىَّ,surface_mismatch,1:1;no_annotation_transferred,41:6
41:7:4,41:7:4,الزَّكَاةَ,ٱلزَّكَوٰةَ,surface_mismatch,1:1;no_annotation_transferred,41:7
41:7:6,41:7:6,بِالْآخِرَةِ,بِٱلْءَاخِرَةِ,surface_mismatch,1:1;no_annotation_transferred,41:7
41:8:3,41:8:3,آمَنُوا,ءَامَنُوا۟,surface_mismatch,1:1;no_annotation_transferred,41:8
41:9:4,41:9:4,بِالَّذِي,بِٱلَّذِى,surface_mismatch,1:1;no_annotation_transferred,41:9
41:9:7,41:9:7,فِي,فِى,surface_mismatch,1:1;no_annotation_transferred,41:9
41:10:3,41:10:3,رَوَاسِيَ,رَوَٰسِىَ,surface_mismatch,1:1;no_annotation_transferred,41:10
41:10:11,41:10:11,فِي,فِىٓ,surface_mismatch,1:1;no_annotation_transferred,41:10
41:11:5,41:11:5,وَهِيَ,وَهِىَ,surface_mismatch,1:1;no_annotation_transferred,41:11
41:12:1,41:12:1,فَقَضَاهُنَّ,فَقَضَىٰهُنَّ,surface_mismatch,1:1;no_annotation_transferred,41:12
41:12:4,41:12:4,فِي,فِى,surface_mismatch,1:1;no_annotation_transferred,41:12
41:12:7,41:12:7,فِي,فِى,surface_mismatch,1:1;no_annotation_transferred,41:12
41:15:4,41:15:4,فِي,فِى,surface_mismatch,1:1;no_annotation_transferred,41:15
41:15:17,41:15:17,الَّذِي,ٱلَّذِى,surface_mismatch,1:1;no_annotation_transferred,41:15
41:15:24,41:15:24,بِآيَاتِنَا,بِـَٔايَٰتِنَا,surface_mismatch,1:1;no_annotation_transferred,41:15
41:16:5,41:16:5,فِي,فِىٓ,surface_mismatch,1:1;no_annotation_transferred,41:16
41:16:10,41:16:10,الْخِزْيِ,ٱلْخِزْىِ,surface_mismatch,1:1;no_annotation_transferred,41:16
41:16:11,41:16:11,فِي,فِى,surface_mismatch,1:1;no_annotation_transferred,41:16
41:16:12,41:16:12,الْحَيَاةِ,ٱلْحَيَوٰةِ,surface_mismatch,1:1;no_annotation_transferred,41:16
41:16:15,41:16:15,الْآخِرَةِ,ٱلْءَاخِرَةِ,surface_mismatch,1:1;no_annotation_transferred,41:16
41:18:3,41:18:3,آمَنُوا,ءَامَنُوا۟,surface_mismatch,1:1;no_annotation_transferred,41:18
41:21:9,41:21:9,الَّذِي,ٱلَّذِىٓ,surface_mismatch,1:1;no_annotation_transferred,41:21
41:21:12,41:21:12,شَيْءٍ,شَىْءٍ,surface_mismatch,1:1;no_annotation_transferred,41:21
41:23:3,41:23:3,الَّذِي,ٱلَّذِى,surface_mismatch,1:1;no_annotation_transferred,41:23
41:23:6,41:23:6,أَرْدَاكُمْ,أَرْدَىٰكُمْ,surface_mismatch,1:1;no_annotation_transferred,41:23
41:25:14,41:25:14,فِي,فِىٓ,surface_mismatch,1:1;no_annotation_transferred,41:25
41:26:7,41:26:7,الْقُرْآنِ,ٱلْقُرْءَانِ,surface_mismatch,1:1;no_annotation_transferred,41:26
41:27:8,41:27:8,الَّذِي,ٱلَّذِى,surface_mismatch,1:1;no_annotation_transferred,41:27
41:28:13,41:28:13,بِآيَاتِنَا,بِـَٔايَٰتِنَا,surface_mismatch,1:1;no_annotation_transferred,41:28
41:29:6,41:29:6,اللَّذَيْنِ,ٱلَّذَيْنِ,surface_mismatch,1:1;no_annotation_transferred,41:29
41:30:17,41:30:17,الَّتِي,ٱلَّتِى,surface_mismatch,1:1;no_annotation_transferred,41:30
41:31:3,41:31:3,فِي,فِى,surface_mismatch,1:1;no_annotation_transferred,41:31
41:31:4,41:31:4,الْحَيَاةِ,ٱلْحَيَوٰةِ,surface_mismatch,1:1;no_annotation_transferred,41:31
41:31:6,41:31:6,وَفِي,وَفِى,surface_mismatch,1:1;no_annotation_transferred,41:31
41:31:7,41:31:7,الْآخِرَةِ,ٱلْءَاخِرَةِ,surface_mismatch,1:1;no_annotation_transferred,41:31
41:31:11,41:31:11,تَشْتَهِي,تَشْتَهِىٓ,surface_mismatch,1:1;no_annotation_transferred,41:31
41:33:11,41:33:11,إِنَّنِي,إِنَّنِى,surface_mismatch,1:1;no_annotation_transferred,41:33
41:34:2,41:34:2,تَسْتَوِي,تَسْتَوِى,surface_mismatch,1:1;no_annotation_transferred,41:34
41:34:7,41:34:7,بِالَّتِي,بِٱلَّتِى,surface_mismatch,1:1;no_annotation_transferred,41:34
41:34:8,41:34:8,هِيَ,هِىَ,surface_mismatch,1:1;no_annotation_transferred,41:34
41:34:11,41:34:11,الَّذِي,ٱلَّذِى,surface_mismatch,1:1;no_annotation_transferred,41:34
41:34:16,41:34:16,وَلِيٌّ,وَلِىٌّ,surface_mismatch,1:1;no_annotation_transferred,41:34
41:35:2,41:35:2,يُلَقَّاهَا,يُلَقَّىٰهَآ,surface_mismatch,1:1;no_annotation_transferred,41:35
41:35:7,41:35:7,يُلَقَّاهَا,يُلَقَّىٰهَآ,surface_mismatch,1:1;no_annotation_transferred,41:35
41:37:2,41:37:2,آيَاتِهِ,ءَايَٰتِهِ,surface_mismatch,1:1;no_annotation_transferred,41:37
41:37:3,41:37:3,اللَّيْلُ,ٱلَّيْلُ,surface_mismatch,1:1;no_annotation_transferred,41:37
41:37:14,41:37:14,الَّذِي,ٱلَّذِى,surface_mismatch,1:1;no_annotation_transferred,41:37
41:38:8,41:38:8,بِاللَّيْلِ,بِٱلَّيْلِ,surface_mismatch,1:1;no_annotation_transferred,41:38
41:38:12,41:38:12,يَسْأَمُونَ,يَسْـَٔمُونَ,surface_mismatch,1:1;no_annotation_transferred,41:38
41:39:2,41:39:2,آيَاتِهِ,ءَايَٰتِهِۦٓ,surface_mismatch,1:1;no_annotation_transferred,41:39
41:39:14,41:39:14,الَّذِي,ٱلَّذِىٓ,surface_mismatch,1:1;no_annotation_transferred,41:39
41:39:16,41:39:16,لَمُحْيِي,لَمُحْىِ,surface_mismatch,1:1;no_annotation_transferred,41:39
41:39:21,41:39:21,شَيْءٍ,شَىْءٍ,surface_mismatch,1:1;no_annotation_transferred,41:39
41:40:4,41:40:4,فِي,فِىٓ,surface_mismatch,1:1;no_annotation_transferred,41:40
41:40:5,41:40:5,آيَاتِنَا,ءَايَٰتِنَا,surface_mismatch,1:1;no_annotation_transferred,41:40
41:40:11,41:40:11,فِي,فِى,surface_mismatch,1:1;no_annotation_transferred,41:40
41:40:16,41:40:16,يَأْتِي,يَأْتِىٓ,surface_mismatch,1:1;no_annotation_transferred,41:40
41:40:17,41:40:17,آمِنًا,ءَامِنًا,surface_mismatch,1:1;no_annotation_transferred,41:40
41:44:3,41:44:3,قُرْآنًا,قُرْءَانًا,surface_mismatch,1:1;no_annotation_transferred,41:44
41:44:8,41:44:8,آيَاتُهُ,ءَايَٰتُهُۥٓ,surface_mismatch,1:1;no_annotation_transferred,41:44
41:44:9,41:44:9,أَأَعْجَمِيٌّ,ءَا۬عْجَمِىٌّ,surface_mismatch,1:1;no_annotation_transferred,41:44
41:44:10,41:44:10,وَعَرَبِيٌّ,وَعَرَبِىٌّ,surface_mismatch,1:1;no_annotation_transferred,41:44
41:44:14,41:44:14,آمَنُوا,ءَامَنُوا۟,surface_mismatch,1:1;no_annotation_transferred,41:44
41:44:20,41:44:20,فِي,فِىٓ,surface_mismatch,1:1;no_annotation_transferred,41:44
41:44:21,41:44:21,آذَانِهِمْ,ءَاذَانِهِمْ,surface_mismatch,1:1;no_annotation_transferred,41:44
41:45:2,41:45:2,آتَيْنَا,ءَاتَيْنَا,surface_mismatch,1:1;no_annotation_transferred,41:45
41:45:12,41:45:12,لَقُضِيَ,لَقُضِىَ,surface_mismatch,1:1;no_annotation_transferred,41:45
41:45:15,41:45:15,لَفِي,لَفِى,surface_mismatch,1:1;no_annotation_transferred,41:45
41:47:22,41:47:22,شُرَكَائِي,شُرَكَآءِى,surface_mismatch,1:1;no_annotation_transferred,41:47
41:47:24,41:47:24,آذَنَّاكَ,ءَاذَنَّٰكَ,surface_mismatch,1:1;no_annotation_transferred,41:47
41:49:2,41:49:2,يَسْأَمُ,يَسْـَٔمُ,surface_mismatch,1:1;no_annotation_transferred,41:49
41:49:10,41:49:10,فَيَئُوسٌ,فَيَـُٔوسٌ,surface_mismatch,1:1;no_annotation_transferred,41:49
41:50:11,41:50:11,لِي,لِى,surface_mismatch,1:1;no_annotation_transferred,41:50
41:50:19,41:50:19,رَبِّي,رَبِّىٓ,surface_mismatch,1:1;no_annotation_transferred,41:50
41:50:21,41:50:21,لِي,لِى,surface_mismatch,1:1;no_annotation_transferred,41:50
41:51:6,41:51:6,وَنَأَىٰ,وَنَـَٔا,surface_mismatch,1:1;no_annotation_transferred,41:51
41:52:2,41:52:2,أَرَأَيْتُمْ,أَرَءَيْتُمْ,surface_mismatch,1:1;no_annotation_transferred,41:52
41:52:15,41:52:15,فِي,فِى,surface_mismatch,1:1;no_annotation_transferred,41:52
41:53:2,41:53:2,آيَاتِنَا,ءَايَٰتِنَا,surface_mismatch,1:1;no_annotation_transferred,41:53
41:53:3,41:53:3,فِي,فِى,surface_mismatch,1:1;no_annotation_transferred,41:53
41:53:4,41:53:4,الْآفَاقِ,ٱلْءَافَاقِ,surface_mismatch,1:1;no_annotation_transferred,41:53
41:53:5,41:53:5,وَفِي,وَفِىٓ,surface_mismatch,1:1;no_annotation_transferred,41:53
41:53:18,41:53:18,شَيْءٍ,شَىْءٍ,surface_mismatch,1:1;no_annotation_transferred,41:53
41:54:3,41:54:3,فِي,فِى,surface_mismatch,1:1;no_annotation_transferred,41:54
41:54:11,41:54:11,شَيْءٍ,شَىْءٍ,surface_mismatch,1:1;no_annotation_transferred,41:54
42:3:2,42:3:2,يُوحِي,يُوحِىٓ,surface_mismatch,1:1;no_annotation_transferred,42:3
42:4:3,42:4:3,فِي,فِى,surface_mismatch,1:1;no_annotation_transferred,42:4
42:4:6,42:4:6,فِي,فِى,surface_mismatch,1:1;no_annotation_transferred,42:4
42:4:9,42:4:9,الْعَلِيُّ,ٱلْعَلِىُّ,surface_mismatch,1:1;no_annotation_transferred,42:4
42:5:12,42:5:12,فِي,فِى,surface_mismatch,1:1;no_annotation_transferred,42:5
42:7:4,42:7:4,قُرْآنًا,قُرْءَانًا,surface_mismatch,1:1;no_annotation_transferred,42:7
42:7:18,42:7:18,فِي,فِى,surface_mismatch,1:1;no_annotation_transferred,42:7
42:7:21,42:7:21,فِي,فِى,surface_mismatch,1:1;no_annotation_transferred,42:7
42:8:11,42:8:11,فِي,فِى,surface_mismatch,1:1;no_annotation_transferred,42:8
42:8:17,42:8:17,وَلِيٍّ,وَلِىٍّ,surface_mismatch,1:1;no_annotation_transferred,42:8
42:9:8,42:9:8,الْوَلِيُّ,ٱلْوَلِىُّ,surface_mismatch,1:1;no_annotation_transferred,42:9
42:9:10,42:9:10,يُحْيِي,يُحْىِ,surface_mismatch,1:1;no_annotation_transferred,42:9
42:9:15,42:9:15,شَيْءٍ,شَىْءٍ,surface_mismatch,1:1;no_annotation_transferred,42:9
42:10:5,42:10:5,شَيْءٍ,شَىْءٍ,surface_mismatch,1:1;no_annotation_transferred,42:10
42:10:11,42:10:11,رَبِّي,رَبِّى,surface_mismatch,1:1;no_annotation_transferred,42:10
42:11:16,42:11:16,شَيْءٌ,شَىْءٌ,surface_mismatch,1:1;no_annotation_transferred,42:11
42:12:12,42:12:12,شَيْءٍ,شَىْءٍ,surface_mismatch,1:1;no_annotation_transferred,42:12
42:13:9,42:13:9,وَالَّذِي,وَٱلَّذِىٓ,surface_mismatch,1:1;no_annotation_transferred,42:13
42:13:31,42:13:31,يَجْتَبِي,يَجْتَبِىٓ,surface_mismatch,1:1;no_annotation_transferred,42:13
42:13:35,42:13:35,وَيَهْدِي,وَيَهْدِىٓ,surface_mismatch,1:1;no_annotation_transferred,42:13
42:14:19,42:14:19,لَّقُضِيَ,لَّقُضِىَ,surface_mismatch,1:1;no_annotation_transferred,42:14
42:14:27,42:14:27,لَفِي,لَفِى,surface_mismatch,1:1;no_annotation_transferred,42:14
42:15:10,42:15:10,آمَنتُ,ءَامَنتُ,surface_mismatch,1:1;no_annotation_transferred,42:15
42:16:3,42:16:3,فِي,فِى,surface_mismatch,1:1;no_annotation_transferred,42:16
42:17:2,42:17:2,الَّذِي,ٱلَّذِىٓ,surface_mismatch,1:1;no_annotation_transferred,42:17
42:18:8,42:18:8,آمَنُوا,ءَامَنُوا۟,surface_mismatch,1:1;no_annotation_transferred,42:18
42:18:18,42:18:18,فِي,فِى,surface_mismatch,1:1;no_annotation_transferred,42:18
42:18:20,42:18:20,لَفِي,لَفِى,surface_mismatch,1:1;no_annotation_transferred,42:18
42:19:8,42:19:8,الْقَوِيُّ,ٱلْقَوِىُّ,surface_mismatch,1:1;no_annotation_transferred,42:19
42:20:5,42:20:5,الْآخِرَةِ,ٱلْءَاخِرَةِ,surface_mismatch,1:1;no_annotation_transferred,42:20
42:20:8,42:20:8,فِي,فِى,surface_mismatch,1:1;no_annotation_transferred,42:20
42:20:19,42:20:19,فِي,فِى,surface_mismatch,1:1;no_annotation_transferred,42:20
42:20:20,42:20:20,الْآخِرَةِ,ٱلْءَاخِرَةِ,surface_mismatch,1:1;no_annotation_transferred,42:20
42:21:3,42:21:3,شُرَكَاءُ,شُرَكَٰٓؤُا۟,surface_mismatch,1:1;no_annotation_transferred,42:21
42:21:16,42:21:16,لَقُضِيَ,لَقُضِىَ,surface_mismatch,1:1;no_annotation_transferred,42:21
42:22:10,42:22:10,آمَنُوا,ءَامَنُوا۟,surface_mismatch,1:1;no_annotation_transferred,42:22
42:22:13,42:22:13,فِي,فِى,surface_mismatch,1:1;no_annotation_transferred,42:22
42:23:2,42:23:2,الَّذِي,ٱلَّذِى,surface_mismatch,1:1;no_annotation_transferred,42:23
42:23:7,42:23:7,آمَنُوا,ءَامَنُوا۟,surface_mismatch,1:1;no_annotation_transferred,42:23
42:23:12,42:23:12,أَسْأَلُكُمْ,أَسْـَٔلُكُمْ,surface_mismatch,1:1;no_annotation_transferred,42:23
42:23:17,42:23:17,فِي,فِى,surface_mismatch,1:1;no_annotation_transferred,42:23
42:25:2,42:25:2,الَّذِي,ٱلَّذِى,surface_mismatch,1:1;no_annotation_transferred,42:25
42:25:7,42:25:7,وَيَعْفُو,وَيَعْفُوا۟,surface_mismatch,1:1;no_annotation_transferred,42:25
42:25:9,42:25:9,السَّيِّئَاتِ,ٱلسَّيِّـَٔاتِ,surface_mismatch,1:1;no_annotation_transferred,42:25
42:26:3,42:26:3,آمَنُوا,ءَامَنُوا۟,surface_mismatch,1:1;no_annotation_transferred,42:26
42:27:7,42:27:7,فِي,فِى,surface_mismatch,1:1;no_annotation_transferred,42:27
42:28:2,42:28:2,الَّذِي,ٱلَّذِى,surface_mismatch,1:1;no_annotation_transferred,42:28
42:28:12,42:28:12,الْوَلِيُّ,ٱلْوَلِىُّ,surface_mismatch,1:1;no_annotation_transferred,42:28
42:29:2,42:29:2,آيَاتِهِ,ءَايَٰتِهِۦ,surface_mismatch,1:1;no_annotation_transferred,42:29
42:30:8,42:30:8,وَيَعْفُو,وَيَعْفُوا۟,surface_mismatch,1:1;no_annotation_transferred,42:30
42:31:4,42:31:4,فِي,فِى,surface_mismatch,1:1;no_annotation_transferred,42:31
42:31:12,42:31:12,وَلِيٍّ,وَلِىٍّ,surface_mismatch,1:1;no_annotation_transferred,42:31
42:32:2,42:32:2,آيَاتِهِ,ءَايَٰتِهِ,surface_mismatch,1:1;no_annotation_transferred,42:32
42:32:4,42:32:4,فِي,فِى,surface_mismatch,1:1;no_annotation_transferred,42:32
42:33:10,42:33:10,فِي,فِى,surface_mismatch,1:1;no_annotation_transferred,42:33
42:33:12,42:33:12,لَآيَاتٍ,لَءَايَٰتٍ,surface_mismatch,1:1;no_annotation_transferred,42:33
42:35:4,42:35:4,فِي,فِىٓ,surface_mismatch,1:1;no_annotation_transferred,42:35
42:35:5,42:35:5,آيَاتِنَا,ءَايَٰتِنَا,surface_mismatch,1:1;no_annotation_transferred,42:35
42:36:4,42:36:4,شَيْءٍ,شَىْءٍ,surface_mismatch,1:1;no_annotation_transferred,42:36
42:36:6,42:36:6,الْحَيَاةِ,ٱلْحَيَوٰةِ,surface_mismatch,1:1;no_annotation_transferred,42:36
42:36:14,42:36:14,آمَنُوا,ءَامَنُوا۟,surface_mismatch,1:1;no_annotation_transferred,42:36
42:38:5,42:38:5,الصَّلَاةَ,ٱلصَّلَوٰةَ,surface_mismatch,1:1;no_annotation_transferred,42:38
42:39:4,42:39:4,الْبَغْيُ,ٱلْبَغْىُ,surface_mismatch,1:1;no_annotation_transferred,42:39
42:40:1,42:40:1,وَجَزَاءُ,وَجَزَٰٓؤُا۟,surface_mismatch,1:1;no_annotation_transferred,42:40
42:42:8,42:42:8,فِي,فِى,surface_mismatch,1:1;no_annotation_transferred,42:42
42:44:7,42:44:7,وَلِيٍّ,وَلِىٍّ,surface_mismatch,1:1;no_annotation_transferred,42:44
42:45:1,42:45:1,وَتَرَاهُمْ,وَتَرَىٰهُمْ,surface_mismatch,1:1;no_annotation_transferred,42:45
42:45:10,42:45:10,خَفِيٍّ,خَفِىٍّ,surface_mismatch,1:1;no_annotation_transferred,42:45
42:45:13,42:45:13,آمَنُوا,ءَامَنُوٓا۟,surface_mismatch,1:1;no_annotation_transferred,42:45
42:45:25,42:45:25,فِي,فِى,surface_mismatch,1:1;no_annotation_transferred,42:45
42:47:6,42:47:6,يَأْتِيَ,يَأْتِىَ,surface_mismatch,1:1;no_annotation_transferred,42:47
42:51:11,42:51:11,وَرَاءِ,وَرَآئِ,surface_mismatch,1:1;no_annotation_transferred,42:51
42:51:16,42:51:16,فَيُوحِيَ,فَيُوحِىَ,surface_mismatch,1:1;no_annotation_transferred,42:51
42:51:21,42:51:21,عَلِيٌّ,عَلِىٌّ,surface_mismatch,1:1;no_annotation_transferred,42:51
42:52:9,42:52:9,تَدْرِي,تَدْرِى,surface_mismatch,1:1;no_annotation_transferred,42:52
42:52:17,42:52:17,نَّهْدِي,نَّهْدِى,surface_mismatch,1:1;no_annotation_transferred,42:52
42:52:24,42:52:24,لَتَهْدِي,لَتَهْدِىٓ,surface_mismatch,1:1;no_annotation_transferred,42:52
42:53:3,42:53:3,الَّذِي,ٱلَّذِى,surface_mismatch,1:1;no_annotation_transferred,42:53
42:53:6,42:53:6,فِي,فِى,surface_mismatch,1:1;no_annotation_transferred,42:53
42:53:9,42:53:9,فِي,فِى,surface_mismatch,1:1;no_annotation_transferred,42:53
43:3:3,43:3:3,قُرْآنًا,قُرْءَٰنًا,surface_mismatch,1:1;no_annotation_transferred,43:3
43:4:2,43:4:2,فِي,فِىٓ,surface_mismatch,1:1;no_annotation_transferred,43:4
43:4:6,43:4:6,لَعَلِيٌّ,لَعَلِىٌّ,surface_mismatch,1:1;no_annotation_transferred,43:4
43:6:4,43:6:4,نَّبِيٍّ,نَّبِىٍّ,surface_mismatch,1:1;no_annotation_transferred,43:6
43:6:5,43:6:5,فِي,فِى,surface_mismatch,1:1;no_annotation_transferred,43:6
43:7:4,43:7:4,نَّبِيٍّ,نَّبِىٍّ,surface_mismatch,1:1;no_annotation_transferred,43:7
43:7:8,43:7:8,يَسْتَهْزِئُونَ,يَسْتَهْزِءُونَ,surface_mismatch,1:1;no_annotation_transferred,43:7
43:10:1,43:10:1,الَّذِي,ٱلَّذِى,surface_mismatch,1:1;no_annotation_transferred,43:10
43:11:1,43:11:1,وَالَّذِي,وَٱلَّذِى,surface_mismatch,1:1;no_annotation_transferred,43:11
43:12:1,43:12:1,وَالَّذِي,وَٱلَّذِى,surface_mismatch,1:1;no_annotation_transferred,43:12
43:13:1,43:13:1,لِتَسْتَوُوا,لِتَسْتَوُۥا۟,surface_mismatch,1:1;no_annotation_transferred,43:13
43:13:13,43:13:13,الَّذِي,ٱلَّذِى,surface_mismatch,1:1;no_annotation_transferred,43:13
43:16:6,43:16:6,وَأَصْفَاكُم,وَأَصْفَىٰكُم,surface_mismatch,1:1;no_annotation_transferred,43:16
43:18:2,43:18:2,يُنَشَّأُ,يُنَشَّؤُا۟,surface_mismatch,1:1;no_annotation_transferred,43:18
43:18:3,43:18:3,فِي,فِى,surface_mismatch,1:1;no_annotation_transferred,43:18
43:18:6,43:18:6,فِي,فِى,surface_mismatch,1:1;no_annotation_transferred,43:18
43:19:12,43:19:12,وَيُسْأَلُونَ,وَيُسْـَٔلُونَ,surface_mismatch,1:1;no_annotation_transferred,43:19
43:21:2,43:21:2,آتَيْنَاهُمْ,ءَاتَيْنَٰهُمْ,surface_mismatch,1:1;no_annotation_transferred,43:21
43:22:5,43:22:5,آبَاءَنَا,ءَابَآءَنَا,surface_mismatch,1:1;no_annotation_transferred,43:22
43:22:10,43:22:10,آثَارِهِم,ءَاثَٰرِهِم,surface_mismatch,1:1;no_annotation_transferred,43:22
43:23:6,43:23:6,فِي,فِى,surface_mismatch,1:1;no_annotation_transferred,43:23
43:23:15,43:23:15,آبَاءَنَا,ءَابَآءَنَا,surface_mismatch,1:1;no_annotation_transferred,43:23
43:23:20,43:23:20,آثَارِهِم,ءَاثَٰرِهِم,surface_mismatch,1:1;no_annotation_transferred,43:23
43:24:8,43:24:8,آبَاءَكُمْ,ءَابَآءَكُمْ,surface_mismatch,1:1;no_annotation_transferred,43:24
43:26:6,43:26:6,إِنَّنِي,إِنَّنِى,surface_mismatch,1:1;no_annotation_transferred,43:26
43:27:2,43:27:2,الَّذِي,ٱلَّذِى,surface_mismatch,1:1;no_annotation_transferred,43:27
43:27:3,43:27:3,فَطَرَنِي,فَطَرَنِى,surface_mismatch,1:1;no_annotation_transferred,43:27
43:28:4,43:28:4,فِي,فِى,surface_mismatch,1:1;no_annotation_transferred,43:28
43:29:4,43:29:4,وَآبَاءَهُمْ,وَءَابَآءَهُمْ,surface_mismatch,1:1;no_annotation_transferred,43:29
43:31:5,43:31:5,الْقُرْآنُ,ٱلْقُرْءَانُ,surface_mismatch,1:1;no_annotation_transferred,43:31
43:32:9,43:32:9,فِي,فِى,surface_mismatch,1:1;no_annotation_transferred,43:32
43:32:10,43:32:10,الْحَيَاةِ,ٱلْحَيَوٰةِ,surface_mismatch,1:1;no_annotation_transferred,43:32
43:34:5,43:34:5,يَتَّكِئُونَ,يَتَّكِـُٔونَ,surface_mismatch,1:1;no_annotation_transferred,43:34
43:35:7,43:35:7,الْحَيَاةِ,ٱلْحَيَوٰةِ,surface_mismatch,1:1;no_annotation_transferred,43:35
43:35:9,43:35:9,وَالْآخِرَةُ,وَٱلْءَاخِرَةُ,surface_mismatch,1:1;no_annotation_transferred,43:35
43:38:6,43:38:7,بَيْنِي,بَيْنِى,surface_mismatch,1:1;no_annotation_transferred,43:38
43:39:7,43:39:7,فِي,فِى,surface_mismatch,1:1;no_annotation_transferred,43:39
43:40:5,43:40:5,تَهْدِي,تَهْدِى,surface_mismatch,1:1;no_annotation_transferred,43:40
43:40:6,43:40:6,الْعُمْيَ,ٱلْعُمْىَ,surface_mismatch,1:1;no_annotation_transferred,43:40
43:40:9,43:40:9,فِي,فِى,surface_mismatch,1:1;no_annotation_transferred,43:40
43:42:3,43:42:3,الَّذِي,ٱلَّذِى,surface_mismatch,1:1;no_annotation_transferred,43:42
43:43:2,43:43:2,بِالَّذِي,بِٱلَّذِىٓ,surface_mismatch,1:1;no_annotation_transferred,43:43
43:43:3,43:43:3,أُوحِيَ,أُوحِىَ,surface_mismatch,1:1;no_annotation_transferred,43:43
43:44:6,43:44:6,تُسْأَلُونَ,تُسْـَٔلُونَ,surface_mismatch,1:1;no_annotation_transferred,43:44
43:45:1,43:45:1,وَاسْأَلْ,وَسْـَٔلْ,surface_mismatch,1:1;no_annotation_transferred,43:45
43:45:12,43:45:12,آلِهَةً,ءَالِهَةً,surface_mismatch,1:1;no_annotation_transferred,43:45
43:46:4,43:46:4,بِآيَاتِنَا,بِـَٔايَٰتِنَآ,surface_mismatch,1:1;no_annotation_transferred,43:46
43:46:7,43:46:7,وَمَلَئِهِ,وَمَلَإِي۟هِۦ,surface_mismatch,1:1;no_annotation_transferred,43:46
43:46:9,43:46:9,إِنِّي,إِنِّى,surface_mismatch,1:1;no_annotation_transferred,43:46
43:47:3,43:47:3,بِآيَاتِنَا,بِـَٔايَٰتِنَآ,surface_mismatch,1:1;no_annotation_transferred,43:47
43:48:4,43:48:4,آيَةٍ,ءَايَةٍ,surface_mismatch,1:1;no_annotation_transferred,43:48
43:48:6,43:48:6,هِيَ,هِىَ,surface_mismatch,1:1;no_annotation_transferred,43:48
43:51:3,43:51:3,فِي,فِى,surface_mismatch,1:1;no_annotation_transferred,43:51
43:51:8,43:51:9,لِي,لِى,surface_mismatch,1:1;no_annotation_transferred,43:51
43:51:13,43:51:14,تَجْرِي,تَجْرِى,surface_mismatch,1:1;no_annotation_transferred,43:51
43:51:15,43:51:16,تَحْتِي,تَحْتِىٓ,surface_mismatch,1:1;no_annotation_transferred,43:51
43:52:6,43:52:6,الَّذِي,ٱلَّذِى,surface_mismatch,1:1;no_annotation_transferred,43:52
43:53:2,43:53:2,أُلْقِيَ,أُلْقِىَ,surface_mismatch,1:1;no_annotation_transferred,43:53
43:55:2,43:55:2,آسَفُونَا,ءَاسَفُونَا,surface_mismatch,1:1;no_annotation_transferred,43:55
43:56:4,43:56:4,لِّلْآخِرِينَ,لِّلْءَاخِرِينَ,surface_mismatch,1:1;no_annotation_transferred,43:56
43:58:2,43:58:2,أَآلِهَتُنَا,ءَأَٰلِهَتُنَا,surface_mismatch,1:1;no_annotation_transferred,43:58
43:59:9,43:59:9,لِّبَنِي,لِّبَنِىٓ,surface_mismatch,1:1;no_annotation_transferred,43:59
43:59:10,43:59:10,إِسْرَائِيلَ,إِسْرَٰٓءِيلَ,surface_mismatch,1:1;no_annotation_transferred,43:59
43:60:6,43:60:6,فِي,فِى,surface_mismatch,1:1;no_annotation_transferred,43:60
43:63:12,43:63:12,الَّذِي,ٱلَّذِى,surface_mismatch,1:1;no_annotation_transferred,43:63
43:64:4,43:64:4,رَبِّي,رَبِّى,surface_mismatch,1:1;no_annotation_transferred,43:64
43:69:2,43:69:2,آمَنُوا,ءَامَنُوا۟,surface_mismatch,1:1;no_annotation_transferred,43:69
43:69:3,43:69:3,بِآيَاتِنَا,بِـَٔايَٰتِنَا,surface_mismatch,1:1;no_annotation_transferred,43:69
43:72:3,43:72:3,الَّتِي,ٱلَّتِىٓ,surface_mismatch,1:1;no_annotation_transferred,43:72
43:74:3,43:74:3,فِي,فِى,surface_mismatch,1:1;no_annotation_transferred,43:74
43:80:7,43:80:7,وَنَجْوَاهُم,وَنَجْوَىٰهُم,surface_mismatch,1:1;no_annotation_transferred,43:80
43:83:7,43:83:7,الَّذِي,ٱلَّذِى,surface_mismatch,1:1;no_annotation_transferred,43:83
43:84:2,43:84:2,الَّذِي,ٱلَّذِى,surface_mismatch,1:1;no_annotation_transferred,43:84
43:84:3,43:84:3,فِي,فِى,surface_mismatch,1:1;no_annotation_transferred,43:84
43:84:6,43:84:6,وَفِي,وَفِى,surface_mismatch,1:1;no_annotation_transferred,43:84
43:85:2,43:85:2,الَّذِي,ٱلَّذِى,surface_mismatch,1:1;no_annotation_transferred,43:85
44:3:3,44:3:3,فِي,فِى,surface_mismatch,1:1;no_annotation_transferred,44:3
44:8:5,44:8:5,يُحْيِي,يُحْىِۦ,surface_mismatch,1:1;no_annotation_transferred,44:8
44:8:9,44:8:9,آبَائِكُمُ,ءَابَآئِكُمُ,surface_mismatch,1:1;no_annotation_transferred,44:8
44:9:3,44:9:3,فِي,فِى,surface_mismatch,1:1;no_annotation_transferred,44:9
44:10:3,44:10:3,تَأْتِي,تَأْتِى,surface_mismatch,1:1;no_annotation_transferred,44:10
44:15:2,44:15:2,كَاشِفُو,كَاشِفُوا۟,surface_mismatch,1:1;no_annotation_transferred,44:15
44:18:3,44:18:3,إِلَيَّ,إِلَىَّ,surface_mismatch,1:1;no_annotation_transferred,44:18
44:18:6,44:18:6,إِنِّي,إِنِّى,surface_mismatch,1:1;no_annotation_transferred,44:18
44:19:6,44:19:6,إِنِّي,إِنِّىٓ,surface_mismatch,1:1;no_annotation_transferred,44:19
44:19:7,44:19:7,آتِيكُم,ءَاتِيكُم,surface_mismatch,1:1;no_annotation_transferred,44:19
44:20:1,44:20:1,وَإِنِّي,وَإِنِّى,surface_mismatch,1:1;no_annotation_transferred,44:20
44:20:3,44:20:3,بِرَبِّي,بِرَبِّى,surface_mismatch,1:1;no_annotation_transferred,44:20
44:21:4,44:21:4,لِي,لِى,surface_mismatch,1:1;no_annotation_transferred,44:21
44:23:2,44:23:2,بِعِبَادِي,بِعِبَادِى,surface_mismatch,1:1;no_annotation_transferred,44:23
44:28:4,44:28:4,آخَرِينَ,ءَاخَرِينَ,surface_mismatch,1:1;no_annotation_transferred,44:28
44:30:3,44:30:3,بَنِي,بَنِىٓ,surface_mismatch,1:1;no_annotation_transferred,44:30
44:30:4,44:30:4,إِسْرَائِيلَ,إِسْرَٰٓءِيلَ,surface_mismatch,1:1;no_annotation_transferred,44:30
44:33:1,44:33:1,وَآتَيْنَاهُم,وَءَاتَيْنَٰهُم,surface_mismatch,1:1;no_annotation_transferred,44:33
44:33:3,44:33:3,الْآيَاتِ,ٱلْءَايَٰتِ,surface_mismatch,1:1;no_annotation_transferred,44:33
44:33:6,44:33:6,بَلَاءٌ,بَلَٰٓؤٌا۟,surface_mismatch,1:1;no_annotation_transferred,44:33
44:35:2,44:35:2,هِيَ,هِىَ,surface_mismatch,1:1;no_annotation_transferred,44:35
44:36:2,44:36:2,بِآبَائِنَا,بِـَٔابَآئِنَآ,surface_mismatch,1:1;no_annotation_transferred,44:36
44:41:3,44:41:3,يُغْنِي,يُغْنِى,surface_mismatch,1:1;no_annotation_transferred,44:41
44:41:7,44:41:7,شَيْئًا,شَيْـًٔا,surface_mismatch,1:1;no_annotation_transferred,44:41
44:45:2,44:45:2,يَغْلِي,يَغْلِى,surface_mismatch,1:1;no_annotation_transferred,44:45
44:45:3,44:45:3,فِي,فِى,surface_mismatch,1:1;no_annotation_transferred,44:45
44:46:1,44:46:1,كَغَلْيِ,كَغَلْىِ,surface_mismatch,1:1;no_annotation_transferred,44:46
44:51:3,44:51:3,فِي,فِى,surface_mismatch,1:1;no_annotation_transferred,44:51
44:52:1,44:52:1,فِي,فِى,surface_mismatch,1:1;no_annotation_transferred,44:52
44:55:5,44:55:5,آمِنِينَ,ءَامِنِينَ,surface_mismatch,1:1;no_annotation_transferred,44:55
44:56:8,44:56:8,وَوَقَاهُمْ,وَوَقَىٰهُمْ,surface_mismatch,1:1;no_annotation_transferred,44:56
45:3:2,45:3:2,فِي,فِى,surface_mismatch,1:1;no_annotation_transferred,45:3
45:3:5,45:3:5,لَآيَاتٍ,لَءَايَٰتٍ,surface_mismatch,1:1;no_annotation_transferred,45:3
45:4:1,45:4:1,وَفِي,وَفِى,surface_mismatch,1:1;no_annotation_transferred,45:4
45:4:7,45:4:7,آيَاتٌ,ءَايَٰتٌ,surface_mismatch,1:1;no_annotation_transferred,45:4
45:5:2,45:5:2,اللَّيْلِ,ٱلَّيْلِ,surface_mismatch,1:1;no_annotation_transferred,45:5
45:5:18,45:5:18,آيَاتٌ,ءَايَٰتٌ,surface_mismatch,1:1;no_annotation_transferred,45:5
45:6:2,45:6:2,آيَاتُ,ءَايَٰتُ,surface_mismatch,1:1;no_annotation_transferred,45:6
45:6:7,45:6:7,فَبِأَيِّ,فَبِأَىِّ,surface_mismatch,1:1;no_annotation_transferred,45:6
45:6:11,45:6:11,وَآيَاتِهِ,وَءَايَٰتِهِۦ,surface_mismatch,1:1;no_annotation_transferred,45:6
45:8:2,45:8:2,آيَاتِ,ءَايَٰتِ,surface_mismatch,1:1;no_annotation_transferred,45:8
45:9:4,45:9:4,آيَاتِنَا,ءَايَٰتِنَا,surface_mismatch,1:1;no_annotation_transferred,45:9
45:9:5,45:9:5,شَيْئًا,شَيْـًٔا,surface_mismatch,1:1;no_annotation_transferred,45:9
45:10:5,45:10:5,يُغْنِي,يُغْنِى,surface_mismatch,1:1;no_annotation_transferred,45:10
45:10:9,45:10:9,شَيْئًا,شَيْـًٔا,surface_mismatch,1:1;no_annotation_transferred,45:10
45:11:5,45:11:5,بِآيَاتِ,بِـَٔايَٰتِ,surface_mismatch,1:1;no_annotation_transferred,45:11
45:12:2,45:12:2,الَّذِي,ٱلَّذِى,surface_mismatch,1:1;no_annotation_transferred,45:12
45:12:6,45:12:6,لِتَجْرِيَ,لِتَجْرِىَ,surface_mismatch,1:1;no_annotation_transferred,45:12
45:13:4,45:13:4,فِي,فِى,surface_mismatch,1:1;no_annotation_transferred,45:13
45:13:7,45:13:7,فِي,فِى,surface_mismatch,1:1;no_annotation_transferred,45:13
45:13:12,45:13:12,فِي,فِى,surface_mismatch,1:1;no_annotation_transferred,45:13
45:13:14,45:13:14,لَآيَاتٍ,لَءَايَٰتٍ,surface_mismatch,1:1;no_annotation_transferred,45:13
45:14:3,45:14:3,آمَنُوا,ءَامَنُوا۟,surface_mismatch,1:1;no_annotation_transferred,45:14
45:14:10,45:14:10,لِيَجْزِيَ,لِيَجْزِىَ,surface_mismatch,1:1;no_annotation_transferred,45:14
45:16:2,45:16:2,آتَيْنَا,ءَاتَيْنَا,surface_mismatch,1:1;no_annotation_transferred,45:16
45:16:3,45:16:3,بَنِي,بَنِىٓ,surface_mismatch,1:1;no_annotation_transferred,45:16
45:16:4,45:16:4,إِسْرَائِيلَ,إِسْرَٰٓءِيلَ,surface_mismatch,1:1;no_annotation_transferred,45:16
45:17:1,45:17:1,وَآتَيْنَاهُم,وَءَاتَيْنَٰهُم,surface_mismatch,1:1;no_annotation_transferred,45:17
45:17:17,45:17:17,يَقْضِي,يَقْضِى,surface_mismatch,1:1;no_annotation_transferred,45:17
45:19:7,45:19:7,شَيْئًا,شَيْـًٔا,surface_mismatch,1:1;no_annotation_transferred,45:19
45:19:14,45:19:14,وَلِيُّ,وَلِىُّ,surface_mismatch,1:1;no_annotation_transferred,45:19
45:21:5,45:21:5,السَّيِّئَاتِ,ٱلسَّيِّـَٔاتِ,surface_mismatch,1:1;no_annotation_transferred,45:21
45:21:9,45:21:9,آمَنُوا,ءَامَنُوا۟,surface_mismatch,1:1;no_annotation_transferred,45:21
45:23:1,45:23:1,أَفَرَأَيْتَ,أَفَرَءَيْتَ,surface_mismatch,1:1;no_annotation_transferred,45:23
45:23:5,45:23:5,هَوَاهُ,هَوَىٰهُ,surface_mismatch,1:1;no_annotation_transferred,45:23
45:24:3,45:24:3,هِيَ,هِىَ,surface_mismatch,1:1;no_annotation_transferred,45:24
45:25:4,45:25:4,آيَاتُنَا,ءَايَٰتُنَا,surface_mismatch,1:1;no_annotation_transferred,45:25
45:25:13,45:25:13,بِآبَائِنَا,بِـَٔابَآئِنَآ,surface_mismatch,1:1;no_annotation_transferred,45:25
45:30:3,45:30:3,آمَنُوا,ءَامَنُوا۟,surface_mismatch,1:1;no_annotation_transferred,45:30
45:30:8,45:30:8,فِي,فِى,surface_mismatch,1:1;no_annotation_transferred,45:30
45:31:6,45:31:6,آيَاتِي,ءَايَٰتِى,surface_mismatch,1:1;no_annotation_transferred,45:31
45:32:13,45:32:13,نَدْرِي,نَدْرِى,surface_mismatch,1:1;no_annotation_transferred,45:32
45:33:3,45:33:3,سَيِّئَاتُ,سَيِّـَٔاتُ,surface_mismatch,1:1;no_annotation_transferred,45:33
45:33:11,45:33:11,يَسْتَهْزِئُونَ,يَسْتَهْزِءُونَ,surface_mismatch,1:1;no_annotation_transferred,45:33
45:34:3,45:34:3,نَنسَاكُمْ,نَنسَىٰكُمْ,surface_mismatch,1:1;no_annotation_transferred,45:34
45:34:9,45:34:9,وَمَأْوَاكُمُ,وَمَأْوَىٰكُمُ,surface_mismatch,1:1;no_annotation_transferred,45:34
45:35:4,45:35:4,آيَاتِ,ءَايَٰتِ,surface_mismatch,1:1;no_annotation_transferred,45:35
45:35:8,45:35:8,الْحَيَاةُ,ٱلْحَيَوٰةُ,surface_mismatch,1:1;no_annotation_transferred,45:35
45:37:3,45:37:3,فِي,فِى,surface_mismatch,1:1;no_annotation_transferred,45:37
46:4:2,46:4:2,أَرَأَيْتُم,أَرَءَيْتُم,surface_mismatch,1:1;no_annotation_transferred,46:4
46:4:8,46:4:8,أَرُونِي,أَرُونِى,surface_mismatch,1:1;no_annotation_transferred,46:4
46:4:16,46:4:16,فِي,فِى,surface_mismatch,1:1;no_annotation_transferred,46:4
46:4:18,46:4:18,ائْتُونِي,ٱئْتُونِى,surface_mismatch,1:1;no_annotation_transferred,46:4
46:5:4,46:5:4,يَدْعُو,يَدْعُوا۟,surface_mismatch,1:1;no_annotation_transferred,46:5
46:7:4,46:7:4,آيَاتُنَا,ءَايَٰتُنَا,surface_mismatch,1:1;no_annotation_transferred,46:7
46:8:3,46:8:3,افْتَرَاهُ,ٱفْتَرَىٰهُ,surface_mismatch,1:1;no_annotation_transferred,46:8
46:8:9,46:8:9,لِي,لِى,surface_mismatch,1:1;no_annotation_transferred,46:8
46:8:12,46:8:12,شَيْئًا,شَيْـًٔا,surface_mismatch,1:1;no_annotation_transferred,46:8
46:8:21,46:8:21,بَيْنِي,بَيْنِى,surface_mismatch,1:1;no_annotation_transferred,46:8
46:9:8,46:9:8,أَدْرِي,أَدْرِى,surface_mismatch,1:1;no_annotation_transferred,46:9
46:9:11,46:9:11,بِي,بِى,surface_mismatch,1:1;no_annotation_transferred,46:9
46:9:19,46:9:19,إِلَيَّ,إِلَىَّ,surface_mismatch,1:1;no_annotation_transferred,46:9
46:10:2,46:10:2,أَرَأَيْتُمْ,أَرَءَيْتُمْ,surface_mismatch,1:1;no_annotation_transferred,46:10
46:10:13,46:10:13,بَنِي,بَنِىٓ,surface_mismatch,1:1;no_annotation_transferred,46:10
46:10:14,46:10:14,إِسْرَائِيلَ,إِسْرَٰٓءِيلَ,surface_mismatch,1:1;no_annotation_transferred,46:10
46:10:17,46:10:17,فَآمَنَ,فَـَٔامَنَ,surface_mismatch,1:1;no_annotation_transferred,46:10
46:10:22,46:10:22,يَهْدِي,يَهْدِى,surface_mismatch,1:1;no_annotation_transferred,46:10
46:11:5,46:11:5,آمَنُوا,ءَامَنُوا۟,surface_mismatch,1:1;no_annotation_transferred,46:11
46:15:23,46:15:23,أَوْزِعْنِي,أَوْزِعْنِىٓ,surface_mismatch,1:1;no_annotation_transferred,46:15
46:15:27,46:15:27,الَّتِي,ٱلَّتِىٓ,surface_mismatch,1:1;no_annotation_transferred,46:15
46:15:29,46:15:29,عَلَيَّ,عَلَىَّ,surface_mismatch,1:1;no_annotation_transferred,46:15
46:15:31,46:15:31,وَالِدَيَّ,وَٰلِدَىَّ,surface_mismatch,1:1;no_annotation_transferred,46:15
46:15:35,46:15:35,تَرْضَاهُ,تَرْضَىٰهُ,surface_mismatch,1:1;no_annotation_transferred,46:15
46:15:37,46:15:37,لِي,لِى,surface_mismatch,1:1;no_annotation_transferred,46:15
46:15:38,46:15:38,فِي,فِى,surface_mismatch,1:1;no_annotation_transferred,46:15
46:15:39,46:15:39,ذُرِّيَّتِي,ذُرِّيَّتِىٓ,surface_mismatch,1:1;no_annotation_transferred,46:15
46:15:40,46:15:40,إِنِّي,إِنِّى,surface_mismatch,1:1;no_annotation_transferred,46:15
46:15:43,46:15:43,وَإِنِّي,وَإِنِّى,surface_mismatch,1:1;no_annotation_transferred,46:15
46:16:10,46:16:10,سَيِّئَاتِهِمْ,سَيِّـَٔاتِهِمْ,surface_mismatch,1:1;no_annotation_transferred,46:16
46:16:11,46:16:11,فِي,فِىٓ,surface_mismatch,1:1;no_annotation_transferred,46:16
46:16:16,46:16:16,الَّذِي,ٱلَّذِى,surface_mismatch,1:1;no_annotation_transferred,46:16
46:17:1,46:17:1,وَالَّذِي,وَٱلَّذِى,surface_mismatch,1:1;no_annotation_transferred,46:17
46:17:6,46:17:6,أَتَعِدَانِنِي,أَتَعِدَانِنِىٓ,surface_mismatch,1:1;no_annotation_transferred,46:17
46:17:13,46:17:13,قَبْلِي,قَبْلِى,surface_mismatch,1:1;no_annotation_transferred,46:17
46:17:18,46:17:18,آمِنْ,ءَامِنْ,surface_mismatch,1:1;no_annotation_transferred,46:17
46:18:6,46:18:6,فِي,فِىٓ,surface_mismatch,1:1;no_annotation_transferred,46:18
46:20:9,46:20:9,فِي,فِى,surface_mismatch,1:1;no_annotation_transferred,46:20
46:20:21,46:20:21,فِي,فِى,surface_mismatch,1:1;no_annotation_transferred,46:20
46:21:20,46:21:20,إِنِّي,إِنِّىٓ,surface_mismatch,1:1;no_annotation_transferred,46:21
46:22:5,46:22:5,آلِهَتِنَا,ءَالِهَتِنَا,surface_mismatch,1:1;no_annotation_transferred,46:22
46:23:10,46:23:10,وَلَـٰكِنِّي,وَلَٰكِنِّىٓ,surface_mismatch,1:1;no_annotation_transferred,46:23
46:23:11,46:23:11,أَرَاكُمْ,أَرَىٰكُمْ,surface_mismatch,1:1;no_annotation_transferred,46:23
46:25:3,46:25:3,شَيْءٍ,شَىْءٍۭ,surface_mismatch,1:1;no_annotation_transferred,46:25
46:25:12,46:25:12,نَجْزِي,نَجْزِى,surface_mismatch,1:1;no_annotation_transferred,46:25
46:26:11,46:26:11,وَأَفْئِدَةً,وَأَفْـِٔدَةً,surface_mismatch,1:1;no_annotation_transferred,46:26
46:26:19,46:26:19,أَفْئِدَتُهُم,أَفْـِٔدَتُهُم,surface_mismatch,1:1;no_annotation_transferred,46:26
46:26:21,46:26:21,شَيْءٍ,شَىْءٍ,surface_mismatch,1:1;no_annotation_transferred,46:26
46:26:25,46:26:25,بِآيَاتِ,بِـَٔايَٰتِ,surface_mismatch,1:1;no_annotation_transferred,46:26
46:26:32,46:26:32,يَسْتَهْزِئُونَ,يَسْتَهْزِءُونَ,surface_mismatch,1:1;no_annotation_transferred,46:26
46:27:8,46:27:8,الْآيَاتِ,ٱلْءَايَٰتِ,surface_mismatch,1:1;no_annotation_transferred,46:27
46:28:9,46:28:9,آلِهَةً,ءَالِهَةًۢ,surface_mismatch,1:1;no_annotation_transferred,46:28
46:29:8,46:29:8,الْقُرْآنَ,ٱلْقُرْءَانَ,surface_mismatch,1:1;no_annotation_transferred,46:29
46:29:14,46:29:14,قُضِيَ,قُضِىَ,surface_mismatch,1:1;no_annotation_transferred,46:29
46:30:14,46:30:15,يَهْدِي,يَهْدِىٓ,surface_mismatch,1:1;no_annotation_transferred,46:30
46:31:3,46:31:4,دَاعِيَ,دَاعِىَ,surface_mismatch,1:1;no_annotation_transferred,46:31
46:31:5,46:31:6,وَآمِنُوا,وَءَامِنُوا۟,surface_mismatch,1:1;no_annotation_transferred,46:31
46:32:4,46:32:4,دَاعِيَ,دَاعِىَ,surface_mismatch,1:1;no_annotation_transferred,46:32
46:32:8,46:32:8,فِي,فِى,surface_mismatch,1:1;no_annotation_transferred,46:32
46:32:16,46:32:16,فِي,فِى,surface_mismatch,1:1;no_annotation_transferred,46:32
46:33:5,46:33:5,الَّذِي,ٱلَّذِى,surface_mismatch,1:1;no_annotation_transferred,46:33
46:33:10,46:33:10,يَعْيَ,يَعْىَ,surface_mismatch,1:1;no_annotation_transferred,46:33
46:33:15,46:33:15,يُحْيِيَ,يُحْۦِىَ,surface_mismatch,1:1;no_annotation_transferred,46:33
46:33:21,46:33:21,شَيْءٍ,شَىْءٍ,surface_mismatch,1:1;no_annotation_transferred,46:33
46:35:4,46:35:4,أُولُو,أُو۟لُوا۟,surface_mismatch,1:1;no_annotation_transferred,46:35
47:2:2,47:2:2,آمَنُوا,ءَامَنُوا۟,surface_mismatch,1:1;no_annotation_transferred,47:2
47:2:5,47:2:5,وَآمَنُوا,وَءَامَنُوا۟,surface_mismatch,1:1;no_annotation_transferred,47:2
47:2:16,47:2:16,سَيِّئَاتِهِمْ,سَيِّـَٔاتِهِمْ,surface_mismatch,1:1;no_annotation_transferred,47:2
47:3:9,47:3:9,آمَنُوا,ءَامَنُوا۟,surface_mismatch,1:1;no_annotation_transferred,47:3
47:4:28,47:4:28,لِّيَبْلُوَ,لِّيَبْلُوَا۟,surface_mismatch,1:1;no_annotation_transferred,47:4
47:4:33,47:4:33,فِي,فِى,surface_mismatch,1:1;no_annotation_transferred,47:4
47:7:3,47:7:4,آمَنُوا,ءَامَنُوٓا۟,surface_mismatch,1:1;no_annotation_transferred,47:7
47:10:3,47:10:3,فِي,فِى,surface_mismatch,1:1;no_annotation_transferred,47:10
47:11:6,47:11:6,آمَنُوا,ءَامَنُوا۟,surface_mismatch,1:1;no_annotation_transferred,47:11
47:12:5,47:12:5,آمَنُوا,ءَامَنُوا۟,surface_mismatch,1:1;no_annotation_transferred,47:12
47:12:9,47:12:9,تَجْرِي,تَجْرِى,surface_mismatch,1:1;no_annotation_transferred,47:12
47:13:4,47:13:4,هِيَ,هِىَ,surface_mismatch,1:1;no_annotation_transferred,47:13
47:13:9,47:13:9,الَّتِي,ٱلَّتِىٓ,surface_mismatch,1:1;no_annotation_transferred,47:13
47:15:3,47:15:3,الَّتِي,ٱلَّتِى,surface_mismatch,1:1;no_annotation_transferred,47:15
47:15:11,47:15:11,آسِنٍ,ءَاسِنٍ,surface_mismatch,1:1;no_annotation_transferred,47:15
47:15:38,47:15:38,فِي,فِى,surface_mismatch,1:1;no_annotation_transferred,47:15
47:16:16,47:16:16,آنِفًا,ءَانِفًا,surface_mismatch,1:1;no_annotation_transferred,47:16
47:17:5,47:17:5,وَآتَاهُمْ,وَءَاتَىٰهُمْ,surface_mismatch,1:1;no_annotation_transferred,47:17
47:17:6,47:17:6,تَقْوَاهُمْ,تَقْوَىٰهُمْ,surface_mismatch,1:1;no_annotation_transferred,47:17
47:18:15,47:18:15,ذِكْرَاهُمْ,ذِكْرَىٰهُمْ,surface_mismatch,1:1;no_annotation_transferred,47:18
47:19:14,47:19:14,وَمَثْوَاكُمْ,وَمَثْوَىٰكُمْ,surface_mismatch,1:1;no_annotation_transferred,47:19
47:20:3,47:20:3,آمَنُوا,ءَامَنُوا۟,surface_mismatch,1:1;no_annotation_transferred,47:20
47:20:16,47:20:16,فِي,فِى,surface_mismatch,1:1;no_annotation_transferred,47:20
47:20:22,47:20:22,الْمَغْشِيِّ,ٱلْمَغْشِىِّ,surface_mismatch,1:1;no_annotation_transferred,47:20
47:22:7,47:22:7,فِي,فِى,surface_mismatch,1:1;no_annotation_transferred,47:22
47:24:3,47:24:3,الْقُرْآنَ,ٱلْقُرْءَانَ,surface_mismatch,1:1;no_annotation_transferred,47:24
47:26:10,47:26:10,فِي,فِى,surface_mismatch,1:1;no_annotation_transferred,47:26
47:29:4,47:29:4,فِي,فِى,surface_mismatch,1:1;no_annotation_transferred,47:29
47:30:7,47:30:7,فِي,فِى,surface_mismatch,1:1;no_annotation_transferred,47:30
47:31:7,47:31:7,وَنَبْلُوَ,وَنَبْلُوَا۟,surface_mismatch,1:1;no_annotation_transferred,47:31
47:32:19,47:32:19,شَيْئًا,شَيْـًٔا,surface_mismatch,1:1;no_annotation_transferred,47:32
47:33:3,47:33:4,آمَنُوا,ءَامَنُوٓا۟,surface_mismatch,1:1;no_annotation_transferred,47:33
47:36:2,47:36:2,الْحَيَاةُ,ٱلْحَيَوٰةُ,surface_mismatch,1:1;no_annotation_transferred,47:36
47:36:12,47:36:12,يَسْأَلْكُمْ,يَسْـَٔلْكُمْ,surface_mismatch,1:1;no_annotation_transferred,47:36
47:37:2,47:37:2,يَسْأَلْكُمُوهَا,يَسْـَٔلْكُمُوهَا,surface_mismatch,1:1;no_annotation_transferred,47:37
47:38:5,47:38:6,فِي,فِى,surface_mismatch,1:1;no_annotation_transferred,47:38
47:38:18,47:38:19,الْغَنِيُّ,ٱلْغَنِىُّ,surface_mismatch,1:1;no_annotation_transferred,47:38
48:4:2,48:4:2,الَّذِي,ٱلَّذِىٓ,surface_mismatch,1:1;no_annotation_transferred,48:4
48:4:5,48:4:5,فِي,فِى,surface_mismatch,1:1;no_annotation_transferred,48:4
48:5:5,48:5:5,تَجْرِي,تَجْرِى,surface_mismatch,1:1;no_annotation_transferred,48:5
48:5:13,48:5:13,سَيِّئَاتِهِمْ,سَيِّـَٔاتِهِمْ,surface_mismatch,1:1;no_annotation_transferred,48:5
48:11:15,48:11:15,فِي,فِى,surface_mismatch,1:1;no_annotation_transferred,48:11
48:11:23,48:11:23,شَيْئًا,شَيْـًٔا,surface_mismatch,1:1;no_annotation_transferred,48:11
48:12:13,48:12:13,فِي,فِى,surface_mismatch,1:1;no_annotation_transferred,48:12
48:16:8,48:16:8,أُولِي,أُو۟لِى,surface_mismatch,1:1;no_annotation_transferred,48:16
48:17:19,48:17:19,تَجْرِي,تَجْرِى,surface_mismatch,1:1;no_annotation_transferred,48:17
48:18:2,48:18:2,رَضِيَ,رَضِىَ,surface_mismatch,1:1;no_annotation_transferred,48:18
48:18:12,48:18:12,فِي,فِى,surface_mismatch,1:1;no_annotation_transferred,48:18
48:20:10,48:20:10,أَيْدِيَ,أَيْدِىَ,surface_mismatch,1:1;no_annotation_transferred,48:20
48:20:14,48:20:14,آيَةً,ءَايَةً,surface_mismatch,1:1;no_annotation_transferred,48:20
48:21:13,48:21:13,شَيْءٍ,شَىْءٍ,surface_mismatch,1:1;no_annotation_transferred,48:21
48:23:3,48:23:3,الَّتِي,ٱلَّتِى,surface_mismatch,1:1;no_annotation_transferred,48:23
48:24:2,48:24:2,الَّذِي,ٱلَّذِى,surface_mismatch,1:1;no_annotation_transferred,48:24
48:25:8,48:25:8,وَالْهَدْيَ,وَٱلْهَدْىَ,surface_mismatch,1:1;no_annotation_transferred,48:25
48:25:21,48:25:21,تَطَئُوهُمْ,تَطَـُٔوهُمْ,surface_mismatch,1:1;no_annotation_transferred,48:25
48:25:29,48:25:29,فِي,فِى,surface_mismatch,1:1;no_annotation_transferred,48:25
48:26:5,48:26:5,فِي,فِى,surface_mismatch,1:1;no_annotation_transferred,48:26
48:26:27,48:26:27,شَيْءٍ,شَىْءٍ,surface_mismatch,1:1;no_annotation_transferred,48:26
48:27:5,48:27:5,الرُّؤْيَا,ٱلرُّءْيَا,surface_mismatch,1:1;no_annotation_transferred,48:27
48:27:13,48:27:13,آمِنِينَ,ءَامِنِينَ,surface_mismatch,1:1;no_annotation_transferred,48:27
48:28:2,48:28:2,الَّذِي,ٱلَّذِىٓ,surface_mismatch,1:1;no_annotation_transferred,48:28
48:29:11,48:29:11,تَرَاهُمْ,تَرَىٰهُمْ,surface_mismatch,1:1;no_annotation_transferred,48:29
48:29:20,48:29:20,فِي,فِى,surface_mismatch,1:1;no_annotation_transferred,48:29
48:29:27,48:29:27,فِي,فِى,surface_mismatch,1:1;no_annotation_transferred,48:29
48:29:28,48:29:28,التَّوْرَاةِ,ٱلتَّوْرَىٰةِ,surface_mismatch,1:1;no_annotation_transferred,48:29
48:29:30,48:29:30,فِي,فِى,surface_mismatch,1:1;no_annotation_transferred,48:29
48:29:34,48:29:34,شَطْأَهُ,شَطْـَٔهُۥ,surface_mismatch,1:1;no_annotation_transferred,48:29
48:29:35,48:29:35,فَآزَرَهُ,فَـَٔازَرَهُۥ,surface_mismatch,1:1;no_annotation_transferred,48:29
48:29:48,48:29:48,آمَنُوا,ءَامَنُوا۟,surface_mismatch,1:1;no_annotation_transferred,48:29
49:1:3,49:1:8,آمَنُوا,ءَامَنُوا۟,surface_mismatch,1:1;no_annotation_transferred,49:1
49:1:7,49:1:12,يَدَيِ,يَدَىِ,surface_mismatch,1:1;no_annotation_transferred,49:1
49:2:3,49:2:4,آمَنُوا,ءَامَنُوا۟,surface_mismatch,1:1;no_annotation_transferred,49:2
49:2:9,49:2:10,النَّبِيِّ,ٱلنَّبِىِّ,surface_mismatch,1:1;no_annotation_transferred,49:2
49:6:3,49:6:4,آمَنُوا,ءَامَنُوٓا۟,surface_mismatch,1:1;no_annotation_transferred,49:6
49:7:8,49:7:8,فِي,فِى,surface_mismatch,1:1;no_annotation_transferred,49:7
49:7:19,49:7:19,فِي,فِى,surface_mismatch,1:1;no_annotation_transferred,49:7
49:9:10,49:9:10,إِحْدَاهُمَا,إِحْدَىٰهُمَا,surface_mismatch,1:1;no_annotation_transferred,49:9
49:9:14,49:9:14,الَّتِي,ٱلَّتِى,surface_mismatch,1:1;no_annotation_transferred,49:9
49:9:15,49:9:15,تَبْغِي,تَبْغِى,surface_mismatch,1:1;no_annotation_transferred,49:9
49:9:17,49:9:17,تَفِيءَ,تَفِىٓءَ,surface_mismatch,1:1;no_annotation_transferred,49:9
49:11:3,49:11:4,آمَنُوا,ءَامَنُوا۟,surface_mismatch,1:1;no_annotation_transferred,49:11
49:12:3,49:12:4,آمَنُوا,ءَامَنُوا۟,surface_mismatch,1:1;no_annotation_transferred,49:12
49:13:16,49:13:17,أَتْقَاكُمْ,أَتْقَىٰكُمْ,surface_mismatch,1:1;no_annotation_transferred,49:13
49:14:3,49:14:3,آمَنَّا,ءَامَنَّا,surface_mismatch,1:1;no_annotation_transferred,49:14
49:14:13,49:14:13,فِي,فِى,surface_mismatch,1:1;no_annotation_transferred,49:14
49:14:23,49:14:23,شَيْئًا,شَيْـًٔا,surface_mismatch,1:1;no_annotation_transferred,49:14
49:15:4,49:15:4,آمَنُوا,ءَامَنُوا۟,surface_mismatch,1:1;no_annotation_transferred,49:15
49:15:13,49:15:13,فِي,فِى,surface_mismatch,1:1;no_annotation_transferred,49:15
49:16:8,49:16:8,فِي,فِى,surface_mismatch,1:1;no_annotation_transferred,49:16
49:16:11,49:16:11,فِي,فِى,surface_mismatch,1:1;no_annotation_transferred,49:16
49:16:15,49:16:15,شَيْءٍ,شَىْءٍ,surface_mismatch,1:1;no_annotation_transferred,49:16
49:17:8,49:17:8,عَلَيَّ,عَلَىَّ,surface_mismatch,1:1;no_annotation_transferred,49:17
49:17:15,49:17:15,هَدَاكُمْ,هَدَىٰكُمْ,surface_mismatch,1:1;no_annotation_transferred,49:17
50:1:2,50:1:6,وَالْقُرْآنِ,وَٱلْقُرْءَانِ,surface_mismatch,1:1;no_annotation_transferred,50:1
50:2:10,50:2:10,شَيْءٌ,شَىْءٌ,surface_mismatch,1:1;no_annotation_transferred,50:2
50:3:1,50:3:1,أَإِذَا,أَءِذَا,surface_mismatch,1:1;no_annotation_transferred,50:3
50:5:7,50:5:7,فِي,فِىٓ,surface_mismatch,1:1;no_annotation_transferred,50:5
50:7:5,50:7:5,رَوَاسِيَ,رَوَٰسِىَ,surface_mismatch,1:1;no_annotation_transferred,50:7
50:15:6,50:15:6,فِي,فِى,surface_mismatch,1:1;no_annotation_transferred,50:15
50:20:2,50:20:2,فِي,فِى,surface_mismatch,1:1;no_annotation_transferred,50:20
50:22:3,50:22:3,فِي,فِى,surface_mismatch,1:1;no_annotation_transferred,50:22
50:23:5,50:23:5,لَدَيَّ,لَدَىَّ,surface_mismatch,1:1;no_annotation_transferred,50:23
50:24:2,50:24:2,فِي,فِى,surface_mismatch,1:1;no_annotation_transferred,50:24
50:26:1,50:26:1,الَّذِي,ٱلَّذِى,surface_mismatch,1:1;no_annotation_transferred,50:26
50:26:6,50:26:6,آخَرَ,ءَاخَرَ,surface_mismatch,1:1;no_annotation_transferred,50:26
50:26:8,50:26:8,فِي,فِى,surface_mismatch,1:1;no_annotation_transferred,50:26
50:27:8,50:27:8,فِي,فِى,surface_mismatch,1:1;no_annotation_transferred,50:27
50:28:4,50:28:4,لَدَيَّ,لَدَىَّ,surface_mismatch,1:1;no_annotation_transferred,50:28
50:29:4,50:29:4,لَدَيَّ,لَدَىَّ,surface_mismatch,1:1;no_annotation_transferred,50:29
50:33:2,50:33:2,خَشِيَ,خَشِىَ,surface_mismatch,1:1;no_annotation_transferred,50:33
50:36:11,50:36:11,فِي,فِى,surface_mismatch,1:1;no_annotation_transferred,50:36
50:37:2,50:37:2,فِي,فِى,surface_mismatch,1:1;no_annotation_transferred,50:37
50:38:7,50:38:7,فِي,فِى,surface_mismatch,1:1;no_annotation_transferred,50:38
50:40:2,50:40:2,اللَّيْلِ,ٱلَّيْلِ,surface_mismatch,1:1;no_annotation_transferred,50:40
50:43:3,50:43:3,نُحْيِي,نُحْىِۦ,surface_mismatch,1:1;no_annotation_transferred,50:43
50:45:10,50:45:10,بِالْقُرْآنِ,بِٱلْقُرْءَانِ,surface_mismatch,1:1;no_annotation_transferred,50:45
51:8:2,51:8:2,لَفِي,لَفِى,surface_mismatch,1:1;no_annotation_transferred,51:8
51:11:3,51:11:3,فِي,فِى,surface_mismatch,1:1;no_annotation_transferred,51:11
51:12:1,51:12:1,يَسْأَلُونَ,يَسْـَٔلُونَ,surface_mismatch,1:1;no_annotation_transferred,51:12
51:14:4,51:14:4,الَّذِي,ٱلَّذِى,surface_mismatch,1:1;no_annotation_transferred,51:14
51:15:3,51:15:3,فِي,فِى,surface_mismatch,1:1;no_annotation_transferred,51:15
51:16:1,51:16:1,آخِذِينَ,ءَاخِذِينَ,surface_mismatch,1:1;no_annotation_transferred,51:16
51:16:3,51:16:3,آتَاهُمْ,ءَاتَىٰهُمْ,surface_mismatch,1:1;no_annotation_transferred,51:16
51:17:4,51:17:4,اللَّيْلِ,ٱلَّيْلِ,surface_mismatch,1:1;no_annotation_transferred,51:17
51:19:1,51:19:1,وَفِي,وَفِىٓ,surface_mismatch,1:1;no_annotation_transferred,51:19
51:20:1,51:20:1,وَفِي,وَفِى,surface_mismatch,1:1;no_annotation_transferred,51:20
51:20:3,51:20:3,آيَاتٌ,ءَايَٰتٌ,surface_mismatch,1:1;no_annotation_transferred,51:20
51:21:1,51:21:1,وَفِي,وَفِىٓ,surface_mismatch,1:1;no_annotation_transferred,51:21
51:22:1,51:22:1,وَفِي,وَفِى,surface_mismatch,1:1;no_annotation_transferred,51:22
51:24:2,51:24:2,أَتَاكَ,أَتَىٰكَ,surface_mismatch,1:1;no_annotation_transferred,51:24
51:29:3,51:29:3,فِي,فِى,surface_mismatch,1:1;no_annotation_transferred,51:29
51:37:3,51:37:3,آيَةً,ءَايَةً,surface_mismatch,1:1;no_annotation_transferred,51:37
51:38:1,51:38:1,وَفِي,وَفِى,surface_mismatch,1:1;no_annotation_transferred,51:38
51:40:4,51:40:4,فِي,فِى,surface_mismatch,1:1;no_annotation_transferred,51:40
51:41:1,51:41:1,وَفِي,وَفِى,surface_mismatch,1:1;no_annotation_transferred,51:41
51:42:4,51:42:4,شَيْءٍ,شَىْءٍ,surface_mismatch,1:1;no_annotation_transferred,51:42
51:43:1,51:43:1,وَفِي,وَفِى,surface_mismatch,1:1;no_annotation_transferred,51:43
51:47:3,51:47:3,بِأَيْدٍ,بِأَيْي۟دٍ,surface_mismatch,1:1;no_annotation_transferred,51:47
51:49:3,51:49:3,شَيْءٍ,شَىْءٍ,surface_mismatch,1:1;no_annotation_transferred,51:49
51:50:4,51:50:4,إِنِّي,إِنِّى,surface_mismatch,1:1;no_annotation_transferred,51:50
51:51:6,51:51:6,آخَرَ,ءَاخَرَ,surface_mismatch,1:1;no_annotation_transferred,51:51
51:51:7,51:51:7,إِنِّي,إِنِّى,surface_mismatch,1:1;no_annotation_transferred,51:51
51:60:6,51:60:6,الَّذِي,ٱلَّذِى,surface_mismatch,1:1;no_annotation_transferred,51:60
52:3:1,52:3:1,فِي,فِى,surface_mismatch,1:1;no_annotation_transferred,52:3
52:12:3,52:12:3,فِي,فِى,surface_mismatch,1:1;no_annotation_transferred,52:12
52:14:3,52:14:3,الَّتِي,ٱلَّتِى,surface_mismatch,1:1;no_annotation_transferred,52:14
52:17:3,52:17:3,فِي,فِى,surface_mismatch,1:1;no_annotation_transferred,52:17
52:18:3,52:18:3,آتَاهُمْ,ءَاتَىٰهُمْ,surface_mismatch,1:1;no_annotation_transferred,52:18
52:18:5,52:18:5,وَوَقَاهُمْ,وَوَقَىٰهُمْ,surface_mismatch,1:1;no_annotation_transferred,52:18
52:19:3,52:19:3,هَنِيئًا,هَنِيٓـًٔۢا,surface_mismatch,1:1;no_annotation_transferred,52:19
52:20:1,52:20:1,مُتَّكِئِينَ,مُتَّكِـِٔينَ,surface_mismatch,1:1;no_annotation_transferred,52:20
52:21:2,52:21:2,آمَنُوا,ءَامَنُوا۟,surface_mismatch,1:1;no_annotation_transferred,52:21
52:21:14,52:21:14,شَيْءٍ,شَىْءٍ,surface_mismatch,1:1;no_annotation_transferred,52:21
52:26:5,52:26:5,فِي,فِىٓ,surface_mismatch,1:1;no_annotation_transferred,52:26
52:27:4,52:27:4,وَوَقَانَا,وَوَقَىٰنَا,surface_mismatch,1:1;no_annotation_transferred,52:27
52:31:3,52:31:3,فَإِنِّي,فَإِنِّى,surface_mismatch,1:1;no_annotation_transferred,52:31
52:35:5,52:35:5,شَيْءٍ,شَىْءٍ,surface_mismatch,1:1;no_annotation_transferred,52:35
52:40:2,52:40:2,تَسْأَلُهُمْ,تَسْـَٔلُهُمْ,surface_mismatch,1:1;no_annotation_transferred,52:40
52:45:5,52:45:5,الَّذِي,ٱلَّذِى,surface_mismatch,1:1;no_annotation_transferred,52:45
52:46:3,52:46:3,يُغْنِي,يُغْنِى,surface_mismatch,1:1;no_annotation_transferred,52:46
52:46:6,52:46:6,شَيْئًا,شَيْـًٔا,surface_mismatch,1:1;no_annotation_transferred,52:46
52:49:2,52:49:2,اللَّيْلِ,ٱلَّيْلِ,surface_mismatch,1:1;no_annotation_transferred,52:49
53:4:4,53:4:4,وَحْيٌ,وَحْىٌ,surface_mismatch,1:1;no_annotation_transferred,53:4
53:13:2,53:13:2,رَآهُ,رَءَاهُ,surface_mismatch,1:1;no_annotation_transferred,53:13
53:18:4,53:18:4,آيَاتِ,ءَايَٰتِ,surface_mismatch,1:1;no_annotation_transferred,53:18
53:19:1,53:19:1,أَفَرَأَيْتُمُ,أَفَرَءَيْتُمُ,surface_mismatch,1:1;no_annotation_transferred,53:19
53:20:1,53:20:1,وَمَنَاةَ,وَمَنَوٰةَ,surface_mismatch,1:1;no_annotation_transferred,53:20
53:23:2,53:23:2,هِيَ,هِىَ,surface_mismatch,1:1;no_annotation_transferred,53:23
53:23:7,53:23:7,وَآبَاؤُكُم,وَءَابَآؤُكُم,surface_mismatch,1:1;no_annotation_transferred,53:23
53:25:2,53:25:2,الْآخِرَةُ,ٱلْءَاخِرَةُ,surface_mismatch,1:1;no_annotation_transferred,53:25
53:26:4,53:26:4,فِي,فِى,surface_mismatch,1:1;no_annotation_transferred,53:26
53:26:7,53:26:7,تُغْنِي,تُغْنِى,surface_mismatch,1:1;no_annotation_transferred,53:26
53:26:9,53:26:9,شَيْئًا,شَيْـًٔا,surface_mismatch,1:1;no_annotation_transferred,53:26
53:27:5,53:27:5,بِالْآخِرَةِ,بِٱلْءَاخِرَةِ,surface_mismatch,1:1;no_annotation_transferred,53:27
53:28:13,53:28:13,يُغْنِي,يُغْنِى,surface_mismatch,1:1;no_annotation_transferred,53:28
53:28:16,53:28:16,شَيْئًا,شَيْـًٔا,surface_mismatch,1:1;no_annotation_transferred,53:28
53:29:10,53:29:10,الْحَيَاةَ,ٱلْحَيَوٰةَ,surface_mismatch,1:1;no_annotation_transferred,53:29
53:31:3,53:31:3,فِي,فِى,surface_mismatch,1:1;no_annotation_transferred,53:31
53:31:6,53:31:6,فِي,فِى,surface_mismatch,1:1;no_annotation_transferred,53:31
53:31:8,53:31:8,لِيَجْزِيَ,لِيَجْزِىَ,surface_mismatch,1:1;no_annotation_transferred,53:31
53:31:10,53:31:10,أَسَاءُوا,أَسَٰٓـُٔوا۟,surface_mismatch,1:1;no_annotation_transferred,53:31
53:31:13,53:31:13,وَيَجْزِيَ,وَيَجْزِىَ,surface_mismatch,1:1;no_annotation_transferred,53:31
53:32:22,53:32:22,فِي,فِى,surface_mismatch,1:1;no_annotation_transferred,53:32
53:33:1,53:33:1,أَفَرَأَيْتَ,أَفَرَءَيْتَ,surface_mismatch,1:1;no_annotation_transferred,53:33
53:33:2,53:33:2,الَّذِي,ٱلَّذِى,surface_mismatch,1:1;no_annotation_transferred,53:33
53:36:5,53:36:5,فِي,فِى,surface_mismatch,1:1;no_annotation_transferred,53:36
53:37:2,53:37:2,الَّذِي,ٱلَّذِى,surface_mismatch,1:1;no_annotation_transferred,53:37
53:41:2,53:41:2,يُجْزَاهُ,يُجْزَىٰهُ,surface_mismatch,1:1;no_annotation_transferred,53:41
53:51:1,53:51:1,وَثَمُودَ,وَثَمُودَا۟,surface_mismatch,1:1;no_annotation_transferred,53:51
53:54:1,53:54:1,فَغَشَّاهَا,فَغَشَّىٰهَا,surface_mismatch,1:1;no_annotation_transferred,53:54
53:55:1,53:55:1,فَبِأَيِّ,فَبِأَىِّ,surface_mismatch,1:1;no_annotation_transferred,53:55
53:55:2,53:55:2,آلَاءِ,ءَالَآءِ,surface_mismatch,1:1;no_annotation_transferred,53:55
53:57:2,53:57:2,الْآزِفَةُ,ٱلْءَازِفَةُ,surface_mismatch,1:1;no_annotation_transferred,53:57
54:2:3,54:2:3,آيَةً,ءَايَةً,surface_mismatch,1:1;no_annotation_transferred,54:2
54:6:7,54:6:7,شَيْءٍ,شَىْءٍ,surface_mismatch,1:1;no_annotation_transferred,54:6
54:10:3,54:10:3,أَنِّي,أَنِّى,surface_mismatch,1:1;no_annotation_transferred,54:10
54:14:1,54:14:1,تَجْرِي,تَجْرِى,surface_mismatch,1:1;no_annotation_transferred,54:14
54:15:3,54:15:3,آيَةً,ءَايَةً,surface_mismatch,1:1;no_annotation_transferred,54:15
54:16:3,54:16:3,عَذَابِي,عَذَابِى,surface_mismatch,1:1;no_annotation_transferred,54:16
54:17:3,54:17:3,الْقُرْآنَ,ٱلْقُرْءَانَ,surface_mismatch,1:1;no_annotation_transferred,54:17
54:18:5,54:18:5,عَذَابِي,عَذَابِى,surface_mismatch,1:1;no_annotation_transferred,54:18
54:19:6,54:19:6,فِي,فِى,surface_mismatch,1:1;no_annotation_transferred,54:19
54:21:3,54:21:3,عَذَابِي,عَذَابِى,surface_mismatch,1:1;no_annotation_transferred,54:21
54:22:3,54:22:3,الْقُرْآنَ,ٱلْقُرْءَانَ,surface_mismatch,1:1;no_annotation_transferred,54:22
54:24:8,54:24:8,لَّفِي,لَّفِى,surface_mismatch,1:1;no_annotation_transferred,54:24
54:25:1,54:25:1,أَأُلْقِيَ,أَءُلْقِىَ,surface_mismatch,1:1;no_annotation_transferred,54:25
54:27:2,54:27:2,مُرْسِلُو,مُرْسِلُوا۟,surface_mismatch,1:1;no_annotation_transferred,54:27
54:30:3,54:30:3,عَذَابِي,عَذَابِى,surface_mismatch,1:1;no_annotation_transferred,54:30
54:32:3,54:32:3,الْقُرْآنَ,ٱلْقُرْءَانَ,surface_mismatch,1:1;no_annotation_transferred,54:32
54:34:6,54:34:6,آلَ,ءَالَ,surface_mismatch,1:1;no_annotation_transferred,54:34
54:35:5,54:35:5,نَجْزِي,نَجْزِى,surface_mismatch,1:1;no_annotation_transferred,54:35
54:37:8,54:37:8,عَذَابِي,عَذَابِى,surface_mismatch,1:1;no_annotation_transferred,54:37
54:39:2,54:39:2,عَذَابِي,عَذَابِى,surface_mismatch,1:1;no_annotation_transferred,54:39
54:40:3,54:40:3,الْقُرْآنَ,ٱلْقُرْءَانَ,surface_mismatch,1:1;no_annotation_transferred,54:40
54:41:3,54:41:3,آلَ,ءَالَ,surface_mismatch,1:1;no_annotation_transferred,54:41
54:42:2,54:42:2,بِآيَاتِنَا,بِـَٔايَٰتِنَا,surface_mismatch,1:1;no_annotation_transferred,54:42
54:43:8,54:43:8,فِي,فِى,surface_mismatch,1:1;no_annotation_transferred,54:43
54:47:3,54:47:3,فِي,فِى,surface_mismatch,1:1;no_annotation_transferred,54:47
54:48:3,54:48:3,فِي,فِى,surface_mismatch,1:1;no_annotation_transferred,54:48
54:49:3,54:49:3,شَيْءٍ,شَىْءٍ,surface_mismatch,1:1;no_annotation_transferred,54:49
54:52:2,54:52:2,شَيْءٍ,شَىْءٍ,surface_mismatch,1:1;no_annotation_transferred,54:52
54:52:4,54:52:4,فِي,فِى,surface_mismatch,1:1;no_annotation_transferred,54:52
54:54:3,54:54:3,فِي,فِى,surface_mismatch,1:1;no_annotation_transferred,54:54
54:55:1,54:55:1,فِي,فِى,surface_mismatch,1:1;no_annotation_transferred,54:55
55:2:2,55:2:2,الْقُرْآنَ,ٱلْقُرْءَانَ,surface_mismatch,1:1;no_annotation_transferred,55:2
55:8:3,55:8:3,فِي,فِى,surface_mismatch,1:1;no_annotation_transferred,55:8
55:13:1,55:13:1,فَبِأَيِّ,فَبِأَىِّ,surface_mismatch,1:1;no_annotation_transferred,55:13
55:13:2,55:13:2,آلَاءِ,ءَالَآءِ,surface_mismatch,1:1;no_annotation_transferred,55:13
55:16:1,55:16:1,فَبِأَيِّ,فَبِأَىِّ,surface_mismatch,1:1;no_annotation_transferred,55:16
55:16:2,55:16:2,آلَاءِ,ءَالَآءِ,surface_mismatch,1:1;no_annotation_transferred,55:16
55:18:1,55:18:1,فَبِأَيِّ,فَبِأَىِّ,surface_mismatch,1:1;no_annotation_transferred,55:18
55:18:2,55:18:2,آلَاءِ,ءَالَآءِ,surface_mismatch,1:1;no_annotation_transferred,55:18
55:21:1,55:21:1,فَبِأَيِّ,فَبِأَىِّ,surface_mismatch,1:1;no_annotation_transferred,55:21
55:21:2,55:21:2,آلَاءِ,ءَالَآءِ,surface_mismatch,1:1;no_annotation_transferred,55:21
55:23:1,55:23:1,فَبِأَيِّ,فَبِأَىِّ,surface_mismatch,1:1;no_annotation_transferred,55:23
55:23:2,55:23:2,آلَاءِ,ءَالَآءِ,surface_mismatch,1:1;no_annotation_transferred,55:23
55:24:3,55:24:3,الْمُنشَآتُ,ٱلْمُنشَـَٔاتُ,surface_mismatch,1:1;no_annotation_transferred,55:24
55:24:4,55:24:4,فِي,فِى,surface_mismatch,1:1;no_annotation_transferred,55:24
55:25:1,55:25:1,فَبِأَيِّ,فَبِأَىِّ,surface_mismatch,1:1;no_annotation_transferred,55:25
55:25:2,55:25:2,آلَاءِ,ءَالَآءِ,surface_mismatch,1:1;no_annotation_transferred,55:25
55:28:1,55:28:1,فَبِأَيِّ,فَبِأَىِّ,surface_mismatch,1:1;no_annotation_transferred,55:28
55:28:2,55:28:2,آلَاءِ,ءَالَآءِ,surface_mismatch,1:1;no_annotation_transferred,55:28
55:29:1,55:29:1,يَسْأَلُهُ,يَسْـَٔلُهُۥ,surface_mismatch,1:1;no_annotation_transferred,55:29
55:29:3,55:29:3,فِي,فِى,surface_mismatch,1:1;no_annotation_transferred,55:29
55:29:9,55:29:9,فِي,فِى,surface_mismatch,1:1;no_annotation_transferred,55:29
55:30:1,55:30:1,فَبِأَيِّ,فَبِأَىِّ,surface_mismatch,1:1;no_annotation_transferred,55:30
55:30:2,55:30:2,آلَاءِ,ءَالَآءِ,surface_mismatch,1:1;no_annotation_transferred,55:30
55:32:1,55:32:1,فَبِأَيِّ,فَبِأَىِّ,surface_mismatch,1:1;no_annotation_transferred,55:32
55:32:2,55:32:2,آلَاءِ,ءَالَآءِ,surface_mismatch,1:1;no_annotation_transferred,55:32
55:34:1,55:34:1,فَبِأَيِّ,فَبِأَىِّ,surface_mismatch,1:1;no_annotation_transferred,55:34
55:34:2,55:34:2,آلَاءِ,ءَالَآءِ,surface_mismatch,1:1;no_annotation_transferred,55:34
55:36:1,55:36:1,فَبِأَيِّ,فَبِأَىِّ,surface_mismatch,1:1;no_annotation_transferred,55:36
55:36:2,55:36:2,آلَاءِ,ءَالَآءِ,surface_mismatch,1:1;no_annotation_transferred,55:36
55:38:1,55:38:1,فَبِأَيِّ,فَبِأَىِّ,surface_mismatch,1:1;no_annotation_transferred,55:38
55:38:2,55:38:2,آلَاءِ,ءَالَآءِ,surface_mismatch,1:1;no_annotation_transferred,55:38
55:39:3,55:39:3,يُسْأَلُ,يُسْـَٔلُ,surface_mismatch,1:1;no_annotation_transferred,55:39
55:40:1,55:40:1,فَبِأَيِّ,فَبِأَىِّ,surface_mismatch,1:1;no_annotation_transferred,55:40
55:40:2,55:40:2,آلَاءِ,ءَالَآءِ,surface_mismatch,1:1;no_annotation_transferred,55:40
55:41:5,55:41:5,بِالنَّوَاصِي,بِٱلنَّوَٰصِى,surface_mismatch,1:1;no_annotation_transferred,55:41
55:42:1,55:42:1,فَبِأَيِّ,فَبِأَىِّ,surface_mismatch,1:1;no_annotation_transferred,55:42
55:42:2,55:42:2,آلَاءِ,ءَالَآءِ,surface_mismatch,1:1;no_annotation_transferred,55:42
55:43:3,55:43:3,الَّتِي,ٱلَّتِى,surface_mismatch,1:1;no_annotation_transferred,55:43
55:44:5,55:44:5,آنٍ,ءَانٍ,surface_mismatch,1:1;no_annotation_transferred,55:44
55:45:1,55:45:1,فَبِأَيِّ,فَبِأَىِّ,surface_mismatch,1:1;no_annotation_transferred,55:45
55:45:2,55:45:2,آلَاءِ,ءَالَآءِ,surface_mismatch,1:1;no_annotation_transferred,55:45
55:47:1,55:47:1,فَبِأَيِّ,فَبِأَىِّ,surface_mismatch,1:1;no_annotation_transferred,55:47
55:47:2,55:47:2,آلَاءِ,ءَالَآءِ,surface_mismatch,1:1;no_annotation_transferred,55:47
55:49:1,55:49:1,فَبِأَيِّ,فَبِأَىِّ,surface_mismatch,1:1;no_annotation_transferred,55:49
55:49:2,55:49:2,آلَاءِ,ءَالَآءِ,surface_mismatch,1:1;no_annotation_transferred,55:49
55:51:1,55:51:1,فَبِأَيِّ,فَبِأَىِّ,surface_mismatch,1:1;no_annotation_transferred,55:51
55:51:2,55:51:2,آلَاءِ,ءَالَآءِ,surface_mismatch,1:1;no_annotation_transferred,55:51
55:53:1,55:53:1,فَبِأَيِّ,فَبِأَىِّ,surface_mismatch,1:1;no_annotation_transferred,55:53
55:53:2,55:53:2,آلَاءِ,ءَالَآءِ,surface_mismatch,1:1;no_annotation_transferred,55:53
55:54:1,55:54:1,مُتَّكِئِينَ,مُتَّكِـِٔينَ,surface_mismatch,1:1;no_annotation_transferred,55:54
55:55:1,55:55:1,فَبِأَيِّ,فَبِأَىِّ,surface_mismatch,1:1;no_annotation_transferred,55:55
55:55:2,55:55:2,آلَاءِ,ءَالَآءِ,surface_mismatch,1:1;no_annotation_transferred,55:55
55:57:1,55:57:1,فَبِأَيِّ,فَبِأَىِّ,surface_mismatch,1:1;no_annotation_transferred,55:57
55:57:2,55:57:2,آلَاءِ,ءَالَآءِ,surface_mismatch,1:1;no_annotation_transferred,55:57
55:59:1,55:59:1,فَبِأَيِّ,فَبِأَىِّ,surface_mismatch,1:1;no_annotation_transferred,55:59
55:59:2,55:59:2,آلَاءِ,ءَالَآءِ,surface_mismatch,1:1;no_annotation_transferred,55:59
55:61:1,55:61:1,فَبِأَيِّ,فَبِأَىِّ,surface_mismatch,1:1;no_annotation_transferred,55:61
55:61:2,55:61:2,آلَاءِ,ءَالَآءِ,surface_mismatch,1:1;no_annotation_transferred,55:61
55:63:1,55:63:1,فَبِأَيِّ,فَبِأَىِّ,surface_mismatch,1:1;no_annotation_transferred,55:63
55:63:2,55:63:2,آلَاءِ,ءَالَآءِ,surface_mismatch,1:1;no_annotation_transferred,55:63
55:65:1,55:65:1,فَبِأَيِّ,فَبِأَىِّ,surface_mismatch,1:1;no_annotation_transferred,55:65
55:65:2,55:65:2,آلَاءِ,ءَالَآءِ,surface_mismatch,1:1;no_annotation_transferred,55:65
55:67:1,55:67:1,فَبِأَيِّ,فَبِأَىِّ,surface_mismatch,1:1;no_annotation_transferred,55:67
55:67:2,55:67:2,آلَاءِ,ءَالَآءِ,surface_mismatch,1:1;no_annotation_transferred,55:67
55:69:1,55:69:1,فَبِأَيِّ,فَبِأَىِّ,surface_mismatch,1:1;no_annotation_transferred,55:69
55:69:2,55:69:2,آلَاءِ,ءَالَآءِ,surface_mismatch,1:1;no_annotation_transferred,55:69
55:71:1,55:71:1,فَبِأَيِّ,فَبِأَىِّ,surface_mismatch,1:1;no_annotation_transferred,55:71
55:71:2,55:71:2,آلَاءِ,ءَالَآءِ,surface_mismatch,1:1;no_annotation_transferred,55:71
55:72:3,55:72:3,فِي,فِى,surface_mismatch,1:1;no_annotation_transferred,55:72
55:73:1,55:73:1,فَبِأَيِّ,فَبِأَىِّ,surface_mismatch,1:1;no_annotation_transferred,55:73
55:73:2,55:73:2,آلَاءِ,ءَالَآءِ,surface_mismatch,1:1;no_annotation_transferred,55:73
55:75:1,55:75:1,فَبِأَيِّ,فَبِأَىِّ,surface_mismatch,1:1;no_annotation_transferred,55:75
55:75:2,55:75:2,آلَاءِ,ءَالَآءِ,surface_mismatch,1:1;no_annotation_transferred,55:75
55:76:1,55:76:1,مُتَّكِئِينَ,مُتَّكِـِٔينَ,surface_mismatch,1:1;no_annotation_transferred,55:76
55:76:5,55:76:5,وَعَبْقَرِيٍّ,وَعَبْقَرِىٍّ,surface_mismatch,1:1;no_annotation_transferred,55:76
55:77:1,55:77:1,فَبِأَيِّ,فَبِأَىِّ,surface_mismatch,1:1;no_annotation_transferred,55:77
55:77:2,55:77:2,آلَاءِ,ءَالَآءِ,surface_mismatch,1:1;no_annotation_transferred,55:77
55:78:4,55:78:4,ذِي,ذِى,surface_mismatch,1:1;no_annotation_transferred,55:78
56:9:2,56:9:2,الْمَشْأَمَةِ,ٱلْمَشْـَٔمَةِ,surface_mismatch,1:1;no_annotation_transferred,56:9
56:9:5,56:9:5,الْمَشْأَمَةِ,ٱلْمَشْـَٔمَةِ,surface_mismatch,1:1;no_annotation_transferred,56:9
56:12:1,56:12:1,فِي,فِى,surface_mismatch,1:1;no_annotation_transferred,56:12
56:14:3,56:14:3,الْآخِرِينَ,ٱلْءَاخِرِينَ,surface_mismatch,1:1;no_annotation_transferred,56:14
56:16:1,56:16:1,مُّتَّكِئِينَ,مُّتَّكِـِٔينَ,surface_mismatch,1:1;no_annotation_transferred,56:16
56:28:1,56:28:1,فِي,فِى,surface_mismatch,1:1;no_annotation_transferred,56:28
56:40:3,56:40:3,الْآخِرِينَ,ٱلْءَاخِرِينَ,surface_mismatch,1:1;no_annotation_transferred,56:40
56:42:1,56:42:1,فِي,فِى,surface_mismatch,1:1;no_annotation_transferred,56:42
56:47:8,56:47:8,أَإِنَّا,أَءِنَّا,surface_mismatch,1:1;no_annotation_transferred,56:47
56:48:1,56:48:1,أَوَآبَاؤُنَا,أَوَءَابَآؤُنَا,surface_mismatch,1:1;no_annotation_transferred,56:48
56:49:4,56:49:4,وَالْآخِرِينَ,وَٱلْءَاخِرِينَ,surface_mismatch,1:1;no_annotation_transferred,56:49
56:52:1,56:52:1,لَآكِلُونَ,لَءَاكِلُونَ,surface_mismatch,1:1;no_annotation_transferred,56:52
56:53:1,56:53:1,فَمَالِئُونَ,فَمَالِـُٔونَ,surface_mismatch,1:1;no_annotation_transferred,56:53
56:58:1,56:58:1,أَفَرَأَيْتُم,أَفَرَءَيْتُم,surface_mismatch,1:1;no_annotation_transferred,56:58
56:59:1,56:59:1,أَأَنتُمْ,ءَأَنتُمْ,surface_mismatch,1:1;no_annotation_transferred,56:59
56:61:6,56:61:6,فِي,فِى,surface_mismatch,1:1;no_annotation_transferred,56:61
56:63:1,56:63:1,أَفَرَأَيْتُم,أَفَرَءَيْتُم,surface_mismatch,1:1;no_annotation_transferred,56:63
56:64:1,56:64:1,أَأَنتُمْ,ءَأَنتُمْ,surface_mismatch,1:1;no_annotation_transferred,56:64
56:68:1,56:68:1,أَفَرَأَيْتُمُ,أَفَرَءَيْتُمُ,surface_mismatch,1:1;no_annotation_transferred,56:68
56:68:3,56:68:3,الَّذِي,ٱلَّذِى,surface_mismatch,1:1;no_annotation_transferred,56:68
56:69:1,56:69:1,أَأَنتُمْ,ءَأَنتُمْ,surface_mismatch,1:1;no_annotation_transferred,56:69
56:71:1,56:71:1,أَفَرَأَيْتُمُ,أَفَرَءَيْتُمُ,surface_mismatch,1:1;no_annotation_transferred,56:71
56:71:3,56:71:3,الَّتِي,ٱلَّتِى,surface_mismatch,1:1;no_annotation_transferred,56:71
56:72:1,56:72:1,أَأَنتُمْ,ءَأَنتُمْ,surface_mismatch,1:1;no_annotation_transferred,56:72
56:72:6,56:72:6,الْمُنشِئُونَ,ٱلْمُنشِـُٔونَ,surface_mismatch,1:1;no_annotation_transferred,56:72
56:77:2,56:77:2,لَقُرْآنٌ,لَقُرْءَانٌ,surface_mismatch,1:1;no_annotation_transferred,56:77
56:78:1,56:78:1,فِي,فِى,surface_mismatch,1:1;no_annotation_transferred,56:78
57:1:4,57:1:8,فِي,فِى,surface_mismatch,1:1;no_annotation_transferred,57:1
57:2:5,57:2:5,يُحْيِي,يُحْىِۦ,surface_mismatch,1:1;no_annotation_transferred,57:2
57:2:10,57:2:10,شَيْءٍ,شَىْءٍ,surface_mismatch,1:1;no_annotation_transferred,57:2
57:3:3,57:3:3,وَالْآخِرُ,وَٱلْءَاخِرُ,surface_mismatch,1:1;no_annotation_transferred,57:3
57:3:8,57:3:8,شَيْءٍ,شَىْءٍ,surface_mismatch,1:1;no_annotation_transferred,57:3
57:4:2,57:4:2,الَّذِي,ٱلَّذِى,surface_mismatch,1:1;no_annotation_transferred,57:4
57:4:6,57:4:6,فِي,فِى,surface_mismatch,1:1;no_annotation_transferred,57:4
57:4:16,57:4:16,فِي,فِى,surface_mismatch,1:1;no_annotation_transferred,57:4
57:6:2,57:6:2,اللَّيْلَ,ٱلَّيْلَ,surface_mismatch,1:1;no_annotation_transferred,57:6
57:6:3,57:6:3,فِي,فِى,surface_mismatch,1:1;no_annotation_transferred,57:6
57:6:7,57:6:7,فِي,فِى,surface_mismatch,1:1;no_annotation_transferred,57:6
57:6:8,57:6:8,اللَّيْلِ,ٱلَّيْلِ,surface_mismatch,1:1;no_annotation_transferred,57:6
57:7:1,57:7:1,آمِنُوا,ءَامِنُوا۟,surface_mismatch,1:1;no_annotation_transferred,57:7
57:7:10,57:7:10,آمَنُوا,ءَامَنُوا۟,surface_mismatch,1:1;no_annotation_transferred,57:7
57:9:2,57:9:2,الَّذِي,ٱلَّذِى,surface_mismatch,1:1;no_annotation_transferred,57:9
57:9:6,57:9:6,آيَاتٍ,ءَايَٰتٍۭ,surface_mismatch,1:1;no_annotation_transferred,57:9
57:10:5,57:10:5,فِي,فِى,surface_mismatch,1:1;no_annotation_transferred,57:10
57:10:13,57:10:13,يَسْتَوِي,يَسْتَوِى,surface_mismatch,1:1;no_annotation_transferred,57:10
57:11:3,57:11:3,الَّذِي,ٱلَّذِى,surface_mismatch,1:1;no_annotation_transferred,57:11
57:12:10,57:12:10,بُشْرَاكُمُ,بُشْرَىٰكُمُ,surface_mismatch,1:1;no_annotation_transferred,57:12
57:12:13,57:12:13,تَجْرِي,تَجْرِى,surface_mismatch,1:1;no_annotation_transferred,57:12
57:13:6,57:13:6,آمَنُوا,ءَامَنُوا۟,surface_mismatch,1:1;no_annotation_transferred,57:13
57:14:13,57:14:13,الْأَمَانِيُّ,ٱلْأَمَانِىُّ,surface_mismatch,1:1;no_annotation_transferred,57:14
57:15:10,57:15:10,مَأْوَاكُمُ,مَأْوَىٰكُمُ,surface_mismatch,1:1;no_annotation_transferred,57:15
57:15:12,57:15:12,هِيَ,هِىَ,surface_mismatch,1:1;no_annotation_transferred,57:15
57:15:13,57:15:13,مَوْلَاكُمْ,مَوْلَىٰكُمْ,surface_mismatch,1:1;no_annotation_transferred,57:15
57:16:4,57:16:4,آمَنُوا,ءَامَنُوٓا۟,surface_mismatch,1:1;no_annotation_transferred,57:16
57:17:4,57:17:4,يُحْيِي,يُحْىِ,surface_mismatch,1:1;no_annotation_transferred,57:17
57:17:11,57:17:11,الْآيَاتِ,ٱلْءَايَٰتِ,surface_mismatch,1:1;no_annotation_transferred,57:17
57:19:2,57:19:2,آمَنُوا,ءَامَنُوا۟,surface_mismatch,1:1;no_annotation_transferred,57:19
57:19:17,57:19:17,بِآيَاتِنَا,بِـَٔايَٰتِنَآ,surface_mismatch,1:1;no_annotation_transferred,57:19
57:20:3,57:20:3,الْحَيَاةُ,ٱلْحَيَوٰةُ,surface_mismatch,1:1;no_annotation_transferred,57:20
57:20:11,57:20:11,فِي,فِى,surface_mismatch,1:1;no_annotation_transferred,57:20
57:20:21,57:20:21,فَتَرَاهُ,فَتَرَىٰهُ,surface_mismatch,1:1;no_annotation_transferred,57:20
57:20:26,57:20:26,وَفِي,وَفِى,surface_mismatch,1:1;no_annotation_transferred,57:20
57:20:27,57:20:27,الْآخِرَةِ,ٱلْءَاخِرَةِ,surface_mismatch,1:1;no_annotation_transferred,57:20
57:20:35,57:20:35,الْحَيَاةُ,ٱلْحَيَوٰةُ,surface_mismatch,1:1;no_annotation_transferred,57:20
57:21:13,57:21:13,آمَنُوا,ءَامَنُوا۟,surface_mismatch,1:1;no_annotation_transferred,57:21
57:22:5,57:22:5,فِي,فِى,surface_mismatch,1:1;no_annotation_transferred,57:22
57:22:8,57:22:8,فِي,فِىٓ,surface_mismatch,1:1;no_annotation_transferred,57:22
57:22:11,57:22:11,فِي,فِى,surface_mismatch,1:1;no_annotation_transferred,57:22
57:23:9,57:23:9,آتَاكُمْ,ءَاتَىٰكُمْ,surface_mismatch,1:1;no_annotation_transferred,57:23
57:24:11,57:24:11,الْغَنِيُّ,ٱلْغَنِىُّ,surface_mismatch,1:1;no_annotation_transferred,57:24
57:25:27,57:25:27,قَوِيٌّ,قَوِىٌّ,surface_mismatch,1:1;no_annotation_transferred,57:25
57:26:6,57:26:6,فِي,فِى,surface_mismatch,1:1;no_annotation_transferred,57:26
57:27:4,57:27:4,آثَارِهِم,ءَاثَٰرِهِم,surface_mismatch,1:1;no_annotation_transferred,57:27
57:27:10,57:27:10,وَآتَيْنَاهُ,وَءَاتَيْنَٰهُ,surface_mismatch,1:1;no_annotation_transferred,57:27
57:27:13,57:27:13,فِي,فِى,surface_mismatch,1:1;no_annotation_transferred,57:27
57:27:32,57:27:32,فَآتَيْنَا,فَـَٔاتَيْنَا,surface_mismatch,1:1;no_annotation_transferred,57:27
57:27:34,57:27:34,آمَنُوا,ءَامَنُوا۟,surface_mismatch,1:1;no_annotation_transferred,57:27
57:28:3,57:28:4,آمَنُوا,ءَامَنُوا۟,surface_mismatch,1:1;no_annotation_transferred,57:28
57:28:6,57:28:7,وَآمِنُوا,وَءَامِنُوا۟,surface_mismatch,1:1;no_annotation_transferred,57:28
57:29:8,57:29:8,شَيْءٍ,شَىْءٍ,surface_mismatch,1:1;no_annotation_transferred,57:29
58:1:5,58:1:9,الَّتِي,ٱلَّتِى,surface_mismatch,1:1;no_annotation_transferred,58:1
58:1:7,58:1:11,فِي,فِى,surface_mismatch,1:1;no_annotation_transferred,58:1
58:1:9,58:1:13,وَتَشْتَكِي,وَتَشْتَكِىٓ,surface_mismatch,1:1;no_annotation_transferred,58:1
58:2:12,58:2:12,اللَّائِي,ٱلَّٰٓـِٔى,surface_mismatch,1:1;no_annotation_transferred,58:2
58:5:14,58:5:14,آيَاتٍ,ءَايَٰتٍۭ,surface_mismatch,1:1;no_annotation_transferred,58:5
58:6:8,58:6:8,أَحْصَاهُ,أَحْصَىٰهُ,surface_mismatch,1:1;no_annotation_transferred,58:6
58:6:14,58:6:14,شَيْءٍ,شَىْءٍ,surface_mismatch,1:1;no_annotation_transferred,58:6
58:7:7,58:7:7,فِي,فِى,surface_mismatch,1:1;no_annotation_transferred,58:7
58:7:10,58:7:10,فِي,فِى,surface_mismatch,1:1;no_annotation_transferred,58:7
58:7:46,58:7:46,شَيْءٍ,شَىْءٍ,surface_mismatch,1:1;no_annotation_transferred,58:7
58:8:27,58:8:27,فِي,فِىٓ,surface_mismatch,1:1;no_annotation_transferred,58:8
58:9:3,58:9:4,آمَنُوا,ءَامَنُوٓا۟,surface_mismatch,1:1;no_annotation_transferred,58:9
58:9:17,58:9:18,الَّذِي,ٱلَّذِىٓ,surface_mismatch,1:1;no_annotation_transferred,58:9
58:10:7,58:10:7,آمَنُوا,ءَامَنُوا۟,surface_mismatch,1:1;no_annotation_transferred,58:10
58:10:10,58:10:10,شَيْئًا,شَيْـًٔا,surface_mismatch,1:1;no_annotation_transferred,58:10
58:11:3,58:11:4,آمَنُوا,ءَامَنُوٓا۟,surface_mismatch,1:1;no_annotation_transferred,58:11
58:11:8,58:11:9,فِي,فِى,surface_mismatch,1:1;no_annotation_transferred,58:11
58:11:21,58:11:22,آمَنُوا,ءَامَنُوا۟,surface_mismatch,1:1;no_annotation_transferred,58:11
58:12:3,58:12:4,آمَنُوا,ءَامَنُوٓا۟,surface_mismatch,1:1;no_annotation_transferred,58:12
58:12:9,58:12:10,يَدَيْ,يَدَىْ,surface_mismatch,1:1;no_annotation_transferred,58:12
58:12:10,58:12:11,نَجْوَاكُمْ,نَجْوَىٰكُمْ,surface_mismatch,1:1;no_annotation_transferred,58:12
58:13:1,58:13:1,أَأَشْفَقْتُمْ,ءَأَشْفَقْتُمْ,surface_mismatch,1:1;no_annotation_transferred,58:13
58:13:5,58:13:5,يَدَيْ,يَدَىْ,surface_mismatch,1:1;no_annotation_transferred,58:13
58:13:6,58:13:6,نَجْوَاكُمْ,نَجْوَىٰكُمْ,surface_mismatch,1:1;no_annotation_transferred,58:13
58:13:15,58:13:15,الصَّلَاةَ,ٱلصَّلَوٰةَ,surface_mismatch,1:1;no_annotation_transferred,58:13
58:13:16,58:13:16,وَآتُوا,وَءَاتُوا۟,surface_mismatch,1:1;no_annotation_transferred,58:13
58:13:17,58:13:17,الزَّكَاةَ,ٱلزَّكَوٰةَ,surface_mismatch,1:1;no_annotation_transferred,58:13
58:17:2,58:17:2,تُغْنِيَ,تُغْنِىَ,surface_mismatch,1:1;no_annotation_transferred,58:17
58:17:9,58:17:9,شَيْئًا,شَيْـًٔا,surface_mismatch,1:1;no_annotation_transferred,58:17
58:18:13,58:18:13,شَيْءٍ,شَىْءٍ,surface_mismatch,1:1;no_annotation_transferred,58:18
58:19:4,58:19:4,فَأَنسَاهُمْ,فَأَنسَىٰهُمْ,surface_mismatch,1:1;no_annotation_transferred,58:19
58:20:7,58:20:7,فِي,فِى,surface_mismatch,1:1;no_annotation_transferred,58:20
58:21:5,58:21:5,وَرُسُلِي,وَرُسُلِىٓ,surface_mismatch,1:1;no_annotation_transferred,58:21
58:21:8,58:21:8,قَوِيٌّ,قَوِىٌّ,surface_mismatch,1:1;no_annotation_transferred,58:21
58:22:7,58:22:7,الْآخِرِ,ٱلْءَاخِرِ,surface_mismatch,1:1;no_annotation_transferred,58:22
58:22:15,58:22:15,آبَاءَهُمْ,ءَابَآءَهُمْ,surface_mismatch,1:1;no_annotation_transferred,58:22
58:22:24,58:22:24,فِي,فِى,surface_mismatch,1:1;no_annotation_transferred,58:22
58:22:32,58:22:32,تَجْرِي,تَجْرِى,surface_mismatch,1:1;no_annotation_transferred,58:22
58:22:38,58:22:38,رَضِيَ,رَضِىَ,surface_mismatch,1:1;no_annotation_transferred,58:22
59:1:4,59:1:8,فِي,فِى,surface_mismatch,1:1;no_annotation_transferred,59:1
59:1:7,59:1:11,فِي,فِى,surface_mismatch,1:1;no_annotation_transferred,59:1
59:2:1,,هُوَ الَّذِي أَخْرَجَ الَّذِينَ كَفَرُوا مِنْ أَهْلِ الْكِتَابِ مِن دِيَارِهِمْ لِأَوَّلِ الْحَشْرِ مَا ظَنَنتُمْ أَن يَخْرُجُوا وَظَنُّوا أَنَّهُم مَّانِعَتُهُمْ حُصُونُهُم مِّنَ اللَّهِ فَأَتَاهُمُ اللَّهُ مِنْ حَيْثُ لَمْ يَحْتَسِبُوا وَقَذَفَ فِي قُلُوبِهِمُ الرُّعْبَ يُخْرِبُونَ بُيُوتَهُم بِأَيْدِيهِمْ وَأَيْدِي الْمُؤْمِنِينَ فَاعْتَبِرُوا يَا أُولِي الْأَبْصَارِ,هُوَ,ambiguous_verse,multiple_optimal_paths,59:2
59:2:2,,هُوَ الَّذِي أَخْرَجَ الَّذِينَ كَفَرُوا مِنْ أَهْلِ الْكِتَابِ مِن دِيَارِهِمْ لِأَوَّلِ الْحَشْرِ مَا ظَنَنتُمْ أَن يَخْرُجُوا وَظَنُّوا أَنَّهُم مَّانِعَتُهُمْ حُصُونُهُم مِّنَ اللَّهِ فَأَتَاهُمُ اللَّهُ مِنْ حَيْثُ لَمْ يَحْتَسِبُوا وَقَذَفَ فِي قُلُوبِهِمُ الرُّعْبَ يُخْرِبُونَ بُيُوتَهُم بِأَيْدِيهِمْ وَأَيْدِي الْمُؤْمِنِينَ فَاعْتَبِرُوا يَا أُولِي الْأَبْصَارِ,ٱلَّذِىٓ,ambiguous_verse,multiple_optimal_paths,59:2
59:2:3,,هُوَ الَّذِي أَخْرَجَ الَّذِينَ كَفَرُوا مِنْ أَهْلِ الْكِتَابِ مِن دِيَارِهِمْ لِأَوَّلِ الْحَشْرِ مَا ظَنَنتُمْ أَن يَخْرُجُوا وَظَنُّوا أَنَّهُم مَّانِعَتُهُمْ حُصُونُهُم مِّنَ اللَّهِ فَأَتَاهُمُ اللَّهُ مِنْ حَيْثُ لَمْ يَحْتَسِبُوا وَقَذَفَ فِي قُلُوبِهِمُ الرُّعْبَ يُخْرِبُونَ بُيُوتَهُم بِأَيْدِيهِمْ وَأَيْدِي الْمُؤْمِنِينَ فَاعْتَبِرُوا يَا أُولِي الْأَبْصَارِ,أَخْرَجَ,ambiguous_verse,multiple_optimal_paths,59:2
59:2:4,,هُوَ الَّذِي أَخْرَجَ الَّذِينَ كَفَرُوا مِنْ أَهْلِ الْكِتَابِ مِن دِيَارِهِمْ لِأَوَّلِ الْحَشْرِ مَا ظَنَنتُمْ أَن يَخْرُجُوا وَظَنُّوا أَنَّهُم مَّانِعَتُهُمْ حُصُونُهُم مِّنَ اللَّهِ فَأَتَاهُمُ اللَّهُ مِنْ حَيْثُ لَمْ يَحْتَسِبُوا وَقَذَفَ فِي قُلُوبِهِمُ الرُّعْبَ يُخْرِبُونَ بُيُوتَهُم بِأَيْدِيهِمْ وَأَيْدِي الْمُؤْمِنِينَ فَاعْتَبِرُوا يَا أُولِي الْأَبْصَارِ,ٱلَّذِينَ,ambiguous_verse,multiple_optimal_paths,59:2
59:2:5,,هُوَ الَّذِي أَخْرَجَ الَّذِينَ كَفَرُوا مِنْ أَهْلِ الْكِتَابِ مِن دِيَارِهِمْ لِأَوَّلِ الْحَشْرِ مَا ظَنَنتُمْ أَن يَخْرُجُوا وَظَنُّوا أَنَّهُم مَّانِعَتُهُمْ حُصُونُهُم مِّنَ اللَّهِ فَأَتَاهُمُ اللَّهُ مِنْ حَيْثُ لَمْ يَحْتَسِبُوا وَقَذَفَ فِي قُلُوبِهِمُ الرُّعْبَ يُخْرِبُونَ بُيُوتَهُم بِأَيْدِيهِمْ وَأَيْدِي الْمُؤْمِنِينَ فَاعْتَبِرُوا يَا أُولِي الْأَبْصَارِ,كَفَرُوا۟,ambiguous_verse,multiple_optimal_paths,59:2
59:2:6,,هُوَ الَّذِي أَخْرَجَ الَّذِينَ كَفَرُوا مِنْ أَهْلِ الْكِتَابِ مِن دِيَارِهِمْ لِأَوَّلِ الْحَشْرِ مَا ظَنَنتُمْ أَن يَخْرُجُوا وَظَنُّوا أَنَّهُم مَّانِعَتُهُمْ حُصُونُهُم مِّنَ اللَّهِ فَأَتَاهُمُ اللَّهُ مِنْ حَيْثُ لَمْ يَحْتَسِبُوا وَقَذَفَ فِي قُلُوبِهِمُ الرُّعْبَ يُخْرِبُونَ بُيُوتَهُم بِأَيْدِيهِمْ وَأَيْدِي الْمُؤْمِنِينَ فَاعْتَبِرُوا يَا أُولِي الْأَبْصَارِ,مِنْ,ambiguous_verse,multiple_optimal_paths,59:2
59:2:7,,هُوَ الَّذِي أَخْرَجَ الَّذِينَ كَفَرُوا مِنْ أَهْلِ الْكِتَابِ مِن دِيَارِهِمْ لِأَوَّلِ الْحَشْرِ مَا ظَنَنتُمْ أَن يَخْرُجُوا وَظَنُّوا أَنَّهُم مَّانِعَتُهُمْ حُصُونُهُم مِّنَ اللَّهِ فَأَتَاهُمُ اللَّهُ مِنْ حَيْثُ لَمْ يَحْتَسِبُوا وَقَذَفَ فِي قُلُوبِهِمُ الرُّعْبَ يُخْرِبُونَ بُيُوتَهُم بِأَيْدِيهِمْ وَأَيْدِي الْمُؤْمِنِينَ فَاعْتَبِرُوا يَا أُولِي الْأَبْصَارِ,أَهْلِ,ambiguous_verse,multiple_optimal_paths,59:2
59:2:8,,هُوَ الَّذِي أَخْرَجَ الَّذِينَ كَفَرُوا مِنْ أَهْلِ الْكِتَابِ مِن دِيَارِهِمْ لِأَوَّلِ الْحَشْرِ مَا ظَنَنتُمْ أَن يَخْرُجُوا وَظَنُّوا أَنَّهُم مَّانِعَتُهُمْ حُصُونُهُم مِّنَ اللَّهِ فَأَتَاهُمُ اللَّهُ مِنْ حَيْثُ لَمْ يَحْتَسِبُوا وَقَذَفَ فِي قُلُوبِهِمُ الرُّعْبَ يُخْرِبُونَ بُيُوتَهُم بِأَيْدِيهِمْ وَأَيْدِي الْمُؤْمِنِينَ فَاعْتَبِرُوا يَا أُولِي الْأَبْصَارِ,ٱلْكِتَٰبِ,ambiguous_verse,multiple_optimal_paths,59:2
59:2:9,,هُوَ الَّذِي أَخْرَجَ الَّذِينَ كَفَرُوا مِنْ أَهْلِ الْكِتَابِ مِن دِيَارِهِمْ لِأَوَّلِ الْحَشْرِ مَا ظَنَنتُمْ أَن يَخْرُجُوا وَظَنُّوا أَنَّهُم مَّانِعَتُهُمْ حُصُونُهُم مِّنَ اللَّهِ فَأَتَاهُمُ اللَّهُ مِنْ حَيْثُ لَمْ يَحْتَسِبُوا وَقَذَفَ فِي قُلُوبِهِمُ الرُّعْبَ يُخْرِبُونَ بُيُوتَهُم بِأَيْدِيهِمْ وَأَيْدِي الْمُؤْمِنِينَ فَاعْتَبِرُوا يَا أُولِي الْأَبْصَارِ,مِن,ambiguous_verse,multiple_optimal_paths,59:2
59:2:10,,هُوَ الَّذِي أَخْرَجَ الَّذِينَ كَفَرُوا مِنْ أَهْلِ الْكِتَابِ مِن دِيَارِهِمْ لِأَوَّلِ الْحَشْرِ مَا ظَنَنتُمْ أَن يَخْرُجُوا وَظَنُّوا أَنَّهُم مَّانِعَتُهُمْ حُصُونُهُم مِّنَ اللَّهِ فَأَتَاهُمُ اللَّهُ مِنْ حَيْثُ لَمْ يَحْتَسِبُوا وَقَذَفَ فِي قُلُوبِهِمُ الرُّعْبَ يُخْرِبُونَ بُيُوتَهُم بِأَيْدِيهِمْ وَأَيْدِي الْمُؤْمِنِينَ فَاعْتَبِرُوا يَا أُولِي الْأَبْصَارِ,دِيَٰرِهِمْ,ambiguous_verse,multiple_optimal_paths,59:2
59:2:11,,هُوَ الَّذِي أَخْرَجَ الَّذِينَ كَفَرُوا مِنْ أَهْلِ الْكِتَابِ مِن دِيَارِهِمْ لِأَوَّلِ الْحَشْرِ مَا ظَنَنتُمْ أَن يَخْرُجُوا وَظَنُّوا أَنَّهُم مَّانِعَتُهُمْ حُصُونُهُم مِّنَ اللَّهِ فَأَتَاهُمُ اللَّهُ مِنْ حَيْثُ لَمْ يَحْتَسِبُوا وَقَذَفَ فِي قُلُوبِهِمُ الرُّعْبَ يُخْرِبُونَ بُيُوتَهُم بِأَيْدِيهِمْ وَأَيْدِي الْمُؤْمِنِينَ فَاعْتَبِرُوا يَا أُولِي الْأَبْصَارِ,لِأَوَّلِ,ambiguous_verse,multiple_optimal_paths,59:2
59:2:12,,هُوَ الَّذِي أَخْرَجَ الَّذِينَ كَفَرُوا مِنْ أَهْلِ الْكِتَابِ مِن دِيَارِهِمْ لِأَوَّلِ الْحَشْرِ مَا ظَنَنتُمْ أَن يَخْرُجُوا وَظَنُّوا أَنَّهُم مَّانِعَتُهُمْ حُصُونُهُم مِّنَ اللَّهِ فَأَتَاهُمُ اللَّهُ مِنْ حَيْثُ لَمْ يَحْتَسِبُوا وَقَذَفَ فِي قُلُوبِهِمُ الرُّعْبَ يُخْرِبُونَ بُيُوتَهُم بِأَيْدِيهِمْ وَأَيْدِي الْمُؤْمِنِينَ فَاعْتَبِرُوا يَا أُولِي الْأَبْصَارِ,ٱلْحَشْرِ,ambiguous_verse,multiple_optimal_paths,59:2
59:2:13,,هُوَ الَّذِي أَخْرَجَ الَّذِينَ كَفَرُوا مِنْ أَهْلِ الْكِتَابِ مِن دِيَارِهِمْ لِأَوَّلِ الْحَشْرِ مَا ظَنَنتُمْ أَن يَخْرُجُوا وَظَنُّوا أَنَّهُم مَّانِعَتُهُمْ حُصُونُهُم مِّنَ اللَّهِ فَأَتَاهُمُ اللَّهُ مِنْ حَيْثُ لَمْ يَحْتَسِبُوا وَقَذَفَ فِي قُلُوبِهِمُ الرُّعْبَ يُخْرِبُونَ بُيُوتَهُم بِأَيْدِيهِمْ وَأَيْدِي الْمُؤْمِنِينَ فَاعْتَبِرُوا يَا أُولِي الْأَبْصَارِ,مَا,ambiguous_verse,multiple_optimal_paths,59:2
59:2:14,,هُوَ الَّذِي أَخْرَجَ الَّذِينَ كَفَرُوا مِنْ أَهْلِ الْكِتَابِ مِن دِيَارِهِمْ لِأَوَّلِ الْحَشْرِ مَا ظَنَنتُمْ أَن يَخْرُجُوا وَظَنُّوا أَنَّهُم مَّانِعَتُهُمْ حُصُونُهُم مِّنَ اللَّهِ فَأَتَاهُمُ اللَّهُ مِنْ حَيْثُ لَمْ يَحْتَسِبُوا وَقَذَفَ فِي قُلُوبِهِمُ الرُّعْبَ يُخْرِبُونَ بُيُوتَهُم بِأَيْدِيهِمْ وَأَيْدِي الْمُؤْمِنِينَ فَاعْتَبِرُوا يَا أُولِي الْأَبْصَارِ,ظَنَنتُمْ,ambiguous_verse,multiple_optimal_paths,59:2
59:2:15,,هُوَ الَّذِي أَخْرَجَ الَّذِينَ كَفَرُوا مِنْ أَهْلِ الْكِتَابِ مِن دِيَارِهِمْ لِأَوَّلِ الْحَشْرِ مَا ظَنَنتُمْ أَن يَخْرُجُوا وَظَنُّوا أَنَّهُم مَّانِعَتُهُمْ حُصُونُهُم مِّنَ اللَّهِ فَأَتَاهُمُ اللَّهُ مِنْ حَيْثُ لَمْ يَحْتَسِبُوا وَقَذَفَ فِي قُلُوبِهِمُ الرُّعْبَ يُخْرِبُونَ بُيُوتَهُم بِأَيْدِيهِمْ وَأَيْدِي الْمُؤْمِنِينَ فَاعْتَبِرُوا يَا أُولِي الْأَبْصَارِ,أَن,ambiguous_verse,multiple_optimal_paths,59:2
59:2:16,,هُوَ الَّذِي أَخْرَجَ الَّذِينَ كَفَرُوا مِنْ أَهْلِ الْكِتَابِ مِن دِيَارِهِمْ لِأَوَّلِ الْحَشْرِ مَا ظَنَنتُمْ أَن يَخْرُجُوا وَظَنُّوا أَنَّهُم مَّانِعَتُهُمْ حُصُونُهُم مِّنَ اللَّهِ فَأَتَاهُمُ اللَّهُ مِنْ حَيْثُ لَمْ يَحْتَسِبُوا وَقَذَفَ فِي قُلُوبِهِمُ الرُّعْبَ يُخْرِبُونَ بُيُوتَهُم بِأَيْدِيهِمْ وَأَيْدِي الْمُؤْمِنِينَ فَاعْتَبِرُوا يَا أُولِي الْأَبْصَارِ,يَخْرُجُوا۟,ambiguous_verse,multiple_optimal_paths,59:2
59:2:17,,هُوَ الَّذِي أَخْرَجَ الَّذِينَ كَفَرُوا مِنْ أَهْلِ الْكِتَابِ مِن دِيَارِهِمْ لِأَوَّلِ الْحَشْرِ مَا ظَنَنتُمْ أَن يَخْرُجُوا وَظَنُّوا أَنَّهُم مَّانِعَتُهُمْ حُصُونُهُم مِّنَ اللَّهِ فَأَتَاهُمُ اللَّهُ مِنْ حَيْثُ لَمْ يَحْتَسِبُوا وَقَذَفَ فِي قُلُوبِهِمُ الرُّعْبَ يُخْرِبُونَ بُيُوتَهُم بِأَيْدِيهِمْ وَأَيْدِي الْمُؤْمِنِينَ فَاعْتَبِرُوا يَا أُولِي الْأَبْصَارِ,وَظَنُّوٓا۟,ambiguous_verse,multiple_optimal_paths,59:2
59:2:18,,هُوَ الَّذِي أَخْرَجَ الَّذِينَ كَفَرُوا مِنْ أَهْلِ الْكِتَابِ مِن دِيَارِهِمْ لِأَوَّلِ الْحَشْرِ مَا ظَنَنتُمْ أَن يَخْرُجُوا وَظَنُّوا أَنَّهُم مَّانِعَتُهُمْ حُصُونُهُم مِّنَ اللَّهِ فَأَتَاهُمُ اللَّهُ مِنْ حَيْثُ لَمْ يَحْتَسِبُوا وَقَذَفَ فِي قُلُوبِهِمُ الرُّعْبَ يُخْرِبُونَ بُيُوتَهُم بِأَيْدِيهِمْ وَأَيْدِي الْمُؤْمِنِينَ فَاعْتَبِرُوا يَا أُولِي الْأَبْصَارِ,أَنَّهُم,ambiguous_verse,multiple_optimal_paths,59:2
59:2:19,,هُوَ الَّذِي أَخْرَجَ الَّذِينَ كَفَرُوا مِنْ أَهْلِ الْكِتَابِ مِن دِيَارِهِمْ لِأَوَّلِ الْحَشْرِ مَا ظَنَنتُمْ أَن يَخْرُجُوا وَظَنُّوا أَنَّهُم مَّانِعَتُهُمْ حُصُونُهُم مِّنَ اللَّهِ فَأَتَاهُمُ اللَّهُ مِنْ حَيْثُ لَمْ يَحْتَسِبُوا وَقَذَفَ فِي قُلُوبِهِمُ الرُّعْبَ يُخْرِبُونَ بُيُوتَهُم بِأَيْدِيهِمْ وَأَيْدِي الْمُؤْمِنِينَ فَاعْتَبِرُوا يَا أُولِي الْأَبْصَارِ,مَّانِعَتُهُمْ,ambiguous_verse,multiple_optimal_paths,59:2
59:2:20,,هُوَ الَّذِي أَخْرَجَ الَّذِينَ كَفَرُوا مِنْ أَهْلِ الْكِتَابِ مِن دِيَارِهِمْ لِأَوَّلِ الْحَشْرِ مَا ظَنَنتُمْ أَن يَخْرُجُوا وَظَنُّوا أَنَّهُم مَّانِعَتُهُمْ حُصُونُهُم مِّنَ اللَّهِ فَأَتَاهُمُ اللَّهُ مِنْ حَيْثُ لَمْ يَحْتَسِبُوا وَقَذَفَ فِي قُلُوبِهِمُ الرُّعْبَ يُخْرِبُونَ بُيُوتَهُم بِأَيْدِيهِمْ وَأَيْدِي الْمُؤْمِنِينَ فَاعْتَبِرُوا يَا أُولِي الْأَبْصَارِ,حُصُونُهُم,ambiguous_verse,multiple_optimal_paths,59:2
59:2:21,,هُوَ الَّذِي أَخْرَجَ الَّذِينَ كَفَرُوا مِنْ أَهْلِ الْكِتَابِ مِن دِيَارِهِمْ لِأَوَّلِ الْحَشْرِ مَا ظَنَنتُمْ أَن يَخْرُجُوا وَظَنُّوا أَنَّهُم مَّانِعَتُهُمْ حُصُونُهُم مِّنَ اللَّهِ فَأَتَاهُمُ اللَّهُ مِنْ حَيْثُ لَمْ يَحْتَسِبُوا وَقَذَفَ فِي قُلُوبِهِمُ الرُّعْبَ يُخْرِبُونَ بُيُوتَهُم بِأَيْدِيهِمْ وَأَيْدِي الْمُؤْمِنِينَ فَاعْتَبِرُوا يَا أُولِي الْأَبْصَارِ,مِّنَ,ambiguous_verse,multiple_optimal_paths,59:2
59:2:22,,هُوَ الَّذِي أَخْرَجَ الَّذِينَ كَفَرُوا مِنْ أَهْلِ الْكِتَابِ مِن دِيَارِهِمْ لِأَوَّلِ الْحَشْرِ مَا ظَنَنتُمْ أَن يَخْرُجُوا وَظَنُّوا أَنَّهُم مَّانِعَتُهُمْ حُصُونُهُم مِّنَ اللَّهِ فَأَتَاهُمُ اللَّهُ مِنْ حَيْثُ لَمْ يَحْتَسِبُوا وَقَذَفَ فِي قُلُوبِهِمُ الرُّعْبَ يُخْرِبُونَ بُيُوتَهُم بِأَيْدِيهِمْ وَأَيْدِي الْمُؤْمِنِينَ فَاعْتَبِرُوا يَا أُولِي الْأَبْصَارِ,ٱللَّهِ,ambiguous_verse,multiple_optimal_paths,59:2
59:2:23,,هُوَ الَّذِي أَخْرَجَ الَّذِينَ كَفَرُوا مِنْ أَهْلِ الْكِتَابِ مِن دِيَارِهِمْ لِأَوَّلِ الْحَشْرِ مَا ظَنَنتُمْ أَن يَخْرُجُوا وَظَنُّوا أَنَّهُم مَّانِعَتُهُمْ حُصُونُهُم مِّنَ اللَّهِ فَأَتَاهُمُ اللَّهُ مِنْ حَيْثُ لَمْ يَحْتَسِبُوا وَقَذَفَ فِي قُلُوبِهِمُ الرُّعْبَ يُخْرِبُونَ بُيُوتَهُم بِأَيْدِيهِمْ وَأَيْدِي الْمُؤْمِنِينَ فَاعْتَبِرُوا يَا أُولِي الْأَبْصَارِ,فَأَتَىٰهُمُ,ambiguous_verse,multiple_optimal_paths,59:2
59:2:24,,هُوَ الَّذِي أَخْرَجَ الَّذِينَ كَفَرُوا مِنْ أَهْلِ الْكِتَابِ مِن دِيَارِهِمْ لِأَوَّلِ الْحَشْرِ مَا ظَنَنتُمْ أَن يَخْرُجُوا وَظَنُّوا أَنَّهُم مَّانِعَتُهُمْ حُصُونُهُم مِّنَ اللَّهِ فَأَتَاهُمُ اللَّهُ مِنْ حَيْثُ لَمْ يَحْتَسِبُوا وَقَذَفَ فِي قُلُوبِهِمُ الرُّعْبَ يُخْرِبُونَ بُيُوتَهُم بِأَيْدِيهِمْ وَأَيْدِي الْمُؤْمِنِينَ فَاعْتَبِرُوا يَا أُولِي الْأَبْصَارِ,ٱللَّهُ,ambiguous_verse,multiple_optimal_paths,59:2
59:2:25,,هُوَ الَّذِي أَخْرَجَ الَّذِينَ كَفَرُوا مِنْ أَهْلِ الْكِتَابِ مِن دِيَارِهِمْ لِأَوَّلِ الْحَشْرِ مَا ظَنَنتُمْ أَن يَخْرُجُوا وَظَنُّوا أَنَّهُم مَّانِعَتُهُمْ حُصُونُهُم مِّنَ اللَّهِ فَأَتَاهُمُ اللَّهُ مِنْ حَيْثُ لَمْ يَحْتَسِبُوا وَقَذَفَ فِي قُلُوبِهِمُ الرُّعْبَ يُخْرِبُونَ بُيُوتَهُم بِأَيْدِيهِمْ وَأَيْدِي الْمُؤْمِنِينَ فَاعْتَبِرُوا يَا أُولِي الْأَبْصَارِ,مِنْ,ambiguous_verse,multiple_optimal_paths,59:2
59:2:26,,هُوَ الَّذِي أَخْرَجَ الَّذِينَ كَفَرُوا مِنْ أَهْلِ الْكِتَابِ مِن دِيَارِهِمْ لِأَوَّلِ الْحَشْرِ مَا ظَنَنتُمْ أَن يَخْرُجُوا وَظَنُّوا أَنَّهُم مَّانِعَتُهُمْ حُصُونُهُم مِّنَ اللَّهِ فَأَتَاهُمُ اللَّهُ مِنْ حَيْثُ لَمْ يَحْتَسِبُوا وَقَذَفَ فِي قُلُوبِهِمُ الرُّعْبَ يُخْرِبُونَ بُيُوتَهُم بِأَيْدِيهِمْ وَأَيْدِي الْمُؤْمِنِينَ فَاعْتَبِرُوا يَا أُولِي الْأَبْصَارِ,حَيْثُ,ambiguous_verse,multiple_optimal_paths,59:2
59:2:27,,هُوَ الَّذِي أَخْرَجَ الَّذِينَ كَفَرُوا مِنْ أَهْلِ الْكِتَابِ مِن دِيَارِهِمْ لِأَوَّلِ الْحَشْرِ مَا ظَنَنتُمْ أَن يَخْرُجُوا وَظَنُّوا أَنَّهُم مَّانِعَتُهُمْ حُصُونُهُم مِّنَ اللَّهِ فَأَتَاهُمُ اللَّهُ مِنْ حَيْثُ لَمْ يَحْتَسِبُوا وَقَذَفَ فِي قُلُوبِهِمُ الرُّعْبَ يُخْرِبُونَ بُيُوتَهُم بِأَيْدِيهِمْ وَأَيْدِي الْمُؤْمِنِينَ فَاعْتَبِرُوا يَا أُولِي الْأَبْصَارِ,لَمْ,ambiguous_verse,multiple_optimal_paths,59:2
59:2:28,,هُوَ الَّذِي أَخْرَجَ الَّذِينَ كَفَرُوا مِنْ أَهْلِ الْكِتَابِ مِن دِيَارِهِمْ لِأَوَّلِ الْحَشْرِ مَا ظَنَنتُمْ أَن يَخْرُجُوا وَظَنُّوا أَنَّهُم مَّانِعَتُهُمْ حُصُونُهُم مِّنَ اللَّهِ فَأَتَاهُمُ اللَّهُ مِنْ حَيْثُ لَمْ يَحْتَسِبُوا وَقَذَفَ فِي قُلُوبِهِمُ الرُّعْبَ يُخْرِبُونَ بُيُوتَهُم بِأَيْدِيهِمْ وَأَيْدِي الْمُؤْمِنِينَ فَاعْتَبِرُوا يَا أُولِي الْأَبْصَارِ,يَحْتَسِبُوا۟,ambiguous_verse,multiple_optimal_paths,59:2
59:2:29,,هُوَ الَّذِي أَخْرَجَ الَّذِينَ كَفَرُوا مِنْ أَهْلِ الْكِتَابِ مِن دِيَارِهِمْ لِأَوَّلِ الْحَشْرِ مَا ظَنَنتُمْ أَن يَخْرُجُوا وَظَنُّوا أَنَّهُم مَّانِعَتُهُمْ حُصُونُهُم مِّنَ اللَّهِ فَأَتَاهُمُ اللَّهُ مِنْ حَيْثُ لَمْ يَحْتَسِبُوا وَقَذَفَ فِي قُلُوبِهِمُ الرُّعْبَ يُخْرِبُونَ بُيُوتَهُم بِأَيْدِيهِمْ وَأَيْدِي الْمُؤْمِنِينَ فَاعْتَبِرُوا يَا أُولِي الْأَبْصَارِ,وَقَذَفَ,ambiguous_verse,multiple_optimal_paths,59:2
59:2:30,,هُوَ الَّذِي أَخْرَجَ الَّذِينَ كَفَرُوا مِنْ أَهْلِ الْكِتَابِ مِن دِيَارِهِمْ لِأَوَّلِ الْحَشْرِ مَا ظَنَنتُمْ أَن يَخْرُجُوا وَظَنُّوا أَنَّهُم مَّانِعَتُهُمْ حُصُونُهُم مِّنَ اللَّهِ فَأَتَاهُمُ اللَّهُ مِنْ حَيْثُ لَمْ يَحْتَسِبُوا وَقَذَفَ فِي قُلُوبِهِمُ الرُّعْبَ يُخْرِبُونَ بُيُوتَهُم بِأَيْدِيهِمْ وَأَيْدِي الْمُؤْمِنِينَ فَاعْتَبِرُوا يَا أُولِي الْأَبْصَارِ,فِى,ambiguous_verse,multiple_optimal_paths,59:2
59:2:31,,هُوَ الَّذِي أَخْرَجَ الَّذِينَ كَفَرُوا مِنْ أَهْلِ الْكِتَابِ مِن دِيَارِهِمْ لِأَوَّلِ الْحَشْرِ مَا ظَنَنتُمْ أَن يَخْرُجُوا وَظَنُّوا أَنَّهُم مَّانِعَتُهُمْ حُصُونُهُم مِّنَ اللَّهِ فَأَتَاهُمُ اللَّهُ مِنْ حَيْثُ لَمْ يَحْتَسِبُوا وَقَذَفَ فِي قُلُوبِهِمُ الرُّعْبَ يُخْرِبُونَ بُيُوتَهُم بِأَيْدِيهِمْ وَأَيْدِي الْمُؤْمِنِينَ فَاعْتَبِرُوا يَا أُولِي الْأَبْصَارِ,قُلُوبِهِمُ,ambiguous_verse,multiple_optimal_paths,59:2
59:2:32,,هُوَ الَّذِي أَخْرَجَ الَّذِينَ كَفَرُوا مِنْ أَهْلِ الْكِتَابِ مِن دِيَارِهِمْ لِأَوَّلِ الْحَشْرِ مَا ظَنَنتُمْ أَن يَخْرُجُوا وَظَنُّوا أَنَّهُم مَّانِعَتُهُمْ حُصُونُهُم مِّنَ اللَّهِ فَأَتَاهُمُ اللَّهُ مِنْ حَيْثُ لَمْ يَحْتَسِبُوا وَقَذَفَ فِي قُلُوبِهِمُ الرُّعْبَ يُخْرِبُونَ بُيُوتَهُم بِأَيْدِيهِمْ وَأَيْدِي الْمُؤْمِنِينَ فَاعْتَبِرُوا يَا أُولِي الْأَبْصَارِ,ٱلرُّعْبَ,ambiguous_verse,multiple_optimal_paths,59:2
59:2:33,,هُوَ الَّذِي أَخْرَجَ الَّذِينَ كَفَرُوا مِنْ أَهْلِ الْكِتَابِ مِن دِيَارِهِمْ لِأَوَّلِ الْحَشْرِ مَا ظَنَنتُمْ أَن يَخْرُجُوا وَظَنُّوا أَنَّهُم مَّانِعَتُهُمْ حُصُونُهُم مِّنَ اللَّهِ فَأَتَاهُمُ اللَّهُ مِنْ حَيْثُ لَمْ يَحْتَسِبُوا وَقَذَفَ فِي قُلُوبِهِمُ الرُّعْبَ يُخْرِبُونَ بُيُوتَهُم بِأَيْدِيهِمْ وَأَيْدِي الْمُؤْمِنِينَ فَاعْتَبِرُوا يَا أُولِي الْأَبْصَارِ,يُخْرِبُونَ,ambiguous_verse,multiple_optimal_paths,59:2
59:2:34,,هُوَ الَّذِي أَخْرَجَ الَّذِينَ كَفَرُوا مِنْ أَهْلِ الْكِتَابِ مِن دِيَارِهِمْ لِأَوَّلِ الْحَشْرِ مَا ظَنَنتُمْ أَن يَخْرُجُوا وَظَنُّوا أَنَّهُم مَّانِعَتُهُمْ حُصُونُهُم مِّنَ اللَّهِ فَأَتَاهُمُ اللَّهُ مِنْ حَيْثُ لَمْ يَحْتَسِبُوا وَقَذَفَ فِي قُلُوبِهِمُ الرُّعْبَ يُخْرِبُونَ بُيُوتَهُم بِأَيْدِيهِمْ وَأَيْدِي الْمُؤْمِنِينَ فَاعْتَبِرُوا يَا أُولِي الْأَبْصَارِ,بُيُوتَهُم,ambiguous_verse,multiple_optimal_paths,59:2
59:2:35,,هُوَ الَّذِي أَخْرَجَ الَّذِينَ كَفَرُوا مِنْ أَهْلِ الْكِتَابِ مِن دِيَارِهِمْ لِأَوَّلِ الْحَشْرِ مَا ظَنَنتُمْ أَن يَخْرُجُوا وَظَنُّوا أَنَّهُم مَّانِعَتُهُمْ حُصُونُهُم مِّنَ اللَّهِ فَأَتَاهُمُ اللَّهُ مِنْ حَيْثُ لَمْ يَحْتَسِبُوا وَقَذَفَ فِي قُلُوبِهِمُ الرُّعْبَ يُخْرِبُونَ بُيُوتَهُم بِأَيْدِيهِمْ وَأَيْدِي الْمُؤْمِنِينَ فَاعْتَبِرُوا يَا أُولِي الْأَبْصَارِ,بِأَيْدِيهِمْ,ambiguous_verse,multiple_optimal_paths,59:2
59:2:36,,هُوَ الَّذِي أَخْرَجَ الَّذِينَ كَفَرُوا مِنْ أَهْلِ الْكِتَابِ مِن دِيَارِهِمْ لِأَوَّلِ الْحَشْرِ مَا ظَنَنتُمْ أَن يَخْرُجُوا وَظَنُّوا أَنَّهُم مَّانِعَتُهُمْ حُصُونُهُم مِّنَ اللَّهِ فَأَتَاهُمُ اللَّهُ مِنْ حَيْثُ لَمْ يَحْتَسِبُوا وَقَذَفَ فِي قُلُوبِهِمُ الرُّعْبَ يُخْرِبُونَ بُيُوتَهُم بِأَيْدِيهِمْ وَأَيْدِي الْمُؤْمِنِينَ فَاعْتَبِرُوا يَا أُولِي الْأَبْصَارِ,وَأَيْدِى,ambiguous_verse,multiple_optimal_paths,59:2
59:2:37,,هُوَ الَّذِي أَخْرَجَ الَّذِينَ كَفَرُوا مِنْ أَهْلِ الْكِتَابِ مِن دِيَارِهِمْ لِأَوَّلِ الْحَشْرِ مَا ظَنَنتُمْ أَن يَخْرُجُوا وَظَنُّوا أَنَّهُم مَّانِعَتُهُمْ حُصُونُهُم مِّنَ اللَّهِ فَأَتَاهُمُ اللَّهُ مِنْ حَيْثُ لَمْ يَحْتَسِبُوا وَقَذَفَ فِي قُلُوبِهِمُ الرُّعْبَ يُخْرِبُونَ بُيُوتَهُم بِأَيْدِيهِمْ وَأَيْدِي الْمُؤْمِنِينَ فَاعْتَبِرُوا يَا أُولِي الْأَبْصَارِ,ٱلْمُؤْمِنِينَ,ambiguous_verse,multiple_optimal_paths,59:2
59:2:38,,هُوَ الَّذِي أَخْرَجَ الَّذِينَ كَفَرُوا مِنْ أَهْلِ الْكِتَابِ مِن دِيَارِهِمْ لِأَوَّلِ الْحَشْرِ مَا ظَنَنتُمْ أَن يَخْرُجُوا وَظَنُّوا أَنَّهُم مَّانِعَتُهُمْ حُصُونُهُم مِّنَ اللَّهِ فَأَتَاهُمُ اللَّهُ مِنْ حَيْثُ لَمْ يَحْتَسِبُوا وَقَذَفَ فِي قُلُوبِهِمُ الرُّعْبَ يُخْرِبُونَ بُيُوتَهُم بِأَيْدِيهِمْ وَأَيْدِي الْمُؤْمِنِينَ فَاعْتَبِرُوا يَا أُولِي الْأَبْصَارِ,فَٱعْتَبِرُوا۟,ambiguous_verse,multiple_optimal_paths,59:2
59:2:39,,هُوَ الَّذِي أَخْرَجَ الَّذِينَ كَفَرُوا مِنْ أَهْلِ الْكِتَابِ مِن دِيَارِهِمْ لِأَوَّلِ الْحَشْرِ مَا ظَنَنتُمْ أَن يَخْرُجُوا وَظَنُّوا أَنَّهُم مَّانِعَتُهُمْ حُصُونُهُم مِّنَ اللَّهِ فَأَتَاهُمُ اللَّهُ مِنْ حَيْثُ لَمْ يَحْتَسِبُوا وَقَذَفَ فِي قُلُوبِهِمُ الرُّعْبَ يُخْرِبُونَ بُيُوتَهُم بِأَيْدِيهِمْ وَأَيْدِي الْمُؤْمِنِينَ فَاعْتَبِرُوا يَا أُولِي الْأَبْصَارِ,يَٰٓأُو۟لِى,ambiguous_verse,multiple_optimal_paths,59:2
59:2:40,,هُوَ الَّذِي أَخْرَجَ الَّذِينَ كَفَرُوا مِنْ أَهْلِ الْكِتَابِ مِن دِيَارِهِمْ لِأَوَّلِ الْحَشْرِ مَا ظَنَنتُمْ أَن يَخْرُجُوا وَظَنُّوا أَنَّهُم مَّانِعَتُهُمْ حُصُونُهُم مِّنَ اللَّهِ فَأَتَاهُمُ اللَّهُ مِنْ حَيْثُ لَمْ يَحْتَسِبُوا وَقَذَفَ فِي قُلُوبِهِمُ الرُّعْبَ يُخْرِبُونَ بُيُوتَهُم بِأَيْدِيهِمْ وَأَيْدِي الْمُؤْمِنِينَ فَاعْتَبِرُوا يَا أُولِي الْأَبْصَارِ,ٱلْأَبْصَٰرِ,ambiguous_verse,multiple_optimal_paths,59:2
59:3:8,59:3:8,فِي,فِى,surface_mismatch,1:1;no_annotation_transferred,59:3
59:3:11,59:3:11,فِي,فِى,surface_mismatch,1:1;no_annotation_transferred,59:3
59:3:12,59:3:12,الْآخِرَةِ,ٱلْءَاخِرَةِ,surface_mismatch,1:1;no_annotation_transferred,59:3
59:5:12,59:5:12,وَلِيُخْزِيَ,وَلِيُخْزِىَ,surface_mismatch,1:1;no_annotation_transferred,59:5
59:6:24,59:6:24,شَيْءٍ,شَىْءٍ,surface_mismatch,1:1;no_annotation_transferred,59:6
59:7:11,59:7:11,وَلِذِي,وَلِذِى,surface_mismatch,1:1;no_annotation_transferred,59:7
59:7:17,59:7:17,كَيْ,كَىْ,surface_mismatch,1:1;no_annotation_transferred,59:7
59:7:25,59:7:25,آتَاكُمُ,ءَاتَىٰكُمُ,surface_mismatch,1:1;no_annotation_transferred,59:7
59:7:29,59:7:29,نَهَاكُمْ,نَهَىٰكُمْ,surface_mismatch,1:1;no_annotation_transferred,59:7
59:9:2,59:9:2,تَبَوَّءُوا,تَبَوَّءُو,surface_mismatch,1:1;no_annotation_transferred,59:9
59:9:13,59:9:13,فِي,فِى,surface_mismatch,1:1;no_annotation_transferred,59:9
59:10:2,59:10:2,جَاءُوا,جَآءُو,surface_mismatch,1:1;no_annotation_transferred,59:10
59:10:15,59:10:15,فِي,فِى,surface_mismatch,1:1;no_annotation_transferred,59:10
59:10:19,59:10:19,آمَنُوا,ءَامَنُوا۟,surface_mismatch,1:1;no_annotation_transferred,59:10
59:13:4,59:13:4,فِي,فِى,surface_mismatch,1:1;no_annotation_transferred,59:13
59:14:5,59:14:5,فِي,فِى,surface_mismatch,1:1;no_annotation_transferred,59:14
59:16:10,59:16:10,إِنِّي,إِنِّى,surface_mismatch,1:1;no_annotation_transferred,59:16
59:16:11,59:16:11,بَرِيءٌ,بَرِىٓءٌ,surface_mismatch,1:1;no_annotation_transferred,59:16
59:16:13,59:16:13,إِنِّي,إِنِّىٓ,surface_mismatch,1:1;no_annotation_transferred,59:16
59:17:4,59:17:4,فِي,فِى,surface_mismatch,1:1;no_annotation_transferred,59:17
59:17:9,59:17:9,جَزَاءُ,جَزَٰٓؤُا۟,surface_mismatch,1:1;no_annotation_transferred,59:17
59:18:3,59:18:4,آمَنُوا,ءَامَنُوا۟,surface_mismatch,1:1;no_annotation_transferred,59:18
59:19:6,59:19:6,فَأَنسَاهُمْ,فَأَنسَىٰهُمْ,surface_mismatch,1:1;no_annotation_transferred,59:19
59:20:2,59:20:2,يَسْتَوِي,يَسْتَوِىٓ,surface_mismatch,1:1;no_annotation_transferred,59:20
59:21:4,59:21:4,الْقُرْآنَ,ٱلْقُرْءَانَ,surface_mismatch,1:1;no_annotation_transferred,59:21
59:22:3,59:22:3,الَّذِي,ٱلَّذِى,surface_mismatch,1:1;no_annotation_transferred,59:22
59:23:3,59:23:3,الَّذِي,ٱلَّذِى,surface_mismatch,1:1;no_annotation_transferred,59:23
59:24:12,59:24:12,فِي,فِى,surface_mismatch,1:1;no_annotation_transferred,59:24
60:1:3,60:1:8,آمَنُوا,ءَامَنُوا۟,surface_mismatch,1:1;no_annotation_transferred,60:1
60:1:6,60:1:11,عَدُوِّي,عَدُوِّى,surface_mismatch,1:1;no_annotation_transferred,60:1
60:1:29,60:1:34,فِي,فِى,surface_mismatch,1:1;no_annotation_transferred,60:1
60:1:30,60:1:35,سَبِيلِي,سَبِيلِى,surface_mismatch,1:1;no_annotation_transferred,60:1
60:1:32,60:1:37,مَرْضَاتِي,مَرْضَاتِى,surface_mismatch,1:1;no_annotation_transferred,60:1
60:4:6,60:4:6,فِي,فِىٓ,surface_mismatch,1:1;no_annotation_transferred,60:4
60:4:14,60:4:14,بُرَآءُ,بُرَءَٰٓؤُا۟,surface_mismatch,1:1;no_annotation_transferred,60:4
60:4:45,60:4:45,شَيْءٍ,شَىْءٍ,surface_mismatch,1:1;no_annotation_transferred,60:4
60:6:9,60:6:9,يَرْجُو,يَرْجُوا۟,surface_mismatch,1:1;no_annotation_transferred,60:6
60:6:12,60:6:12,الْآخِرَ,ٱلْءَاخِرَ,surface_mismatch,1:1;no_annotation_transferred,60:6
60:6:18,60:6:18,الْغَنِيُّ,ٱلْغَنِىُّ,surface_mismatch,1:1;no_annotation_transferred,60:6
60:8:2,60:8:2,يَنْهَاكُمُ,يَنْهَىٰكُمُ,surface_mismatch,1:1;no_annotation_transferred,60:8
60:8:8,60:8:8,فِي,فِى,surface_mismatch,1:1;no_annotation_transferred,60:8
60:9:2,60:9:2,يَنْهَاكُمُ,يَنْهَىٰكُمُ,surface_mismatch,1:1;no_annotation_transferred,60:9
60:9:7,60:9:7,فِي,فِى,surface_mismatch,1:1;no_annotation_transferred,60:9
60:10:3,60:10:4,آمَنُوا,ءَامَنُوٓا۟,surface_mismatch,1:1;no_annotation_transferred,60:10
60:10:27,60:10:28,وَآتُوهُم,وَءَاتُوهُم,surface_mismatch,1:1;no_annotation_transferred,60:10
60:10:36,60:10:37,آتَيْتُمُوهُنَّ,ءَاتَيْتُمُوهُنَّ,surface_mismatch,1:1;no_annotation_transferred,60:10
60:10:42,60:10:43,وَاسْأَلُوا,وَسْـَٔلُوا۟,surface_mismatch,1:1;no_annotation_transferred,60:10
60:10:45,60:10:46,وَلْيَسْأَلُوا,وَلْيَسْـَٔلُوا۟,surface_mismatch,1:1;no_annotation_transferred,60:10
60:11:3,60:11:3,شَيْءٌ,شَىْءٌ,surface_mismatch,1:1;no_annotation_transferred,60:11
60:11:9,60:11:9,فَآتُوا,فَـَٔاتُوا۟,surface_mismatch,1:1;no_annotation_transferred,60:11
60:11:18,60:11:18,الَّذِي,ٱلَّذِىٓ,surface_mismatch,1:1;no_annotation_transferred,60:11
60:12:2,60:12:3,النَّبِيُّ,ٱلنَّبِىُّ,surface_mismatch,1:1;no_annotation_transferred,60:12
60:12:12,60:12:13,شَيْئًا,شَيْـًٔا,surface_mismatch,1:1;no_annotation_transferred,60:12
60:12:29,60:12:30,فِي,فِى,surface_mismatch,1:1;no_annotation_transferred,60:12
60:13:3,60:13:4,آمَنُوا,ءَامَنُوا۟,surface_mismatch,1:1;no_annotation_transferred,60:13
60:13:13,60:13:14,الْآخِرَةِ,ٱلْءَاخِرَةِ,surface_mismatch,1:1;no_annotation_transferred,60:13
61:1:4,61:1:8,فِي,فِى,surface_mismatch,1:1;no_annotation_transferred,61:1
61:1:7,61:1:11,فِي,فِى,surface_mismatch,1:1;no_annotation_transferred,61:1
61:2:3,61:2:4,آمَنُوا,ءَامَنُوا۟,surface_mismatch,1:1;no_annotation_transferred,61:2
61:4:6,61:4:6,فِي,فِى,surface_mismatch,1:1;no_annotation_transferred,61:4
61:5:7,61:5:8,تُؤْذُونَنِي,تُؤْذُونَنِى,surface_mismatch,1:1;no_annotation_transferred,61:5
61:5:10,61:5:11,أَنِّي,أَنِّى,surface_mismatch,1:1;no_annotation_transferred,61:5
61:5:21,61:5:22,يَهْدِي,يَهْدِى,surface_mismatch,1:1;no_annotation_transferred,61:5
61:6:1,,وَإِذْ قَالَ عِيسَى ابْنُ مَرْيَمَ يَا بَنِي إِسْرَائِيلَ إِنِّي رَسُولُ اللَّهِ إِلَيْكُم مُّصَدِّقًا لِّمَا بَيْنَ يَدَيَّ مِنَ التَّوْرَاةِ وَمُبَشِّرًا بِرَسُولٍ يَأْتِي مِن بَعْدِي اسْمُهُ أَحْمَدُ فَلَمَّا جَاءَهُم بِالْبَيِّنَاتِ قَالُوا هَـٰذَا سِحْرٌ مُّبِينٌ,وَإِذْ,ambiguous_verse,multiple_optimal_paths,61:6
61:6:2,,وَإِذْ قَالَ عِيسَى ابْنُ مَرْيَمَ يَا بَنِي إِسْرَائِيلَ إِنِّي رَسُولُ اللَّهِ إِلَيْكُم مُّصَدِّقًا لِّمَا بَيْنَ يَدَيَّ مِنَ التَّوْرَاةِ وَمُبَشِّرًا بِرَسُولٍ يَأْتِي مِن بَعْدِي اسْمُهُ أَحْمَدُ فَلَمَّا جَاءَهُم بِالْبَيِّنَاتِ قَالُوا هَـٰذَا سِحْرٌ مُّبِينٌ,قَالَ,ambiguous_verse,multiple_optimal_paths,61:6
61:6:3,,وَإِذْ قَالَ عِيسَى ابْنُ مَرْيَمَ يَا بَنِي إِسْرَائِيلَ إِنِّي رَسُولُ اللَّهِ إِلَيْكُم مُّصَدِّقًا لِّمَا بَيْنَ يَدَيَّ مِنَ التَّوْرَاةِ وَمُبَشِّرًا بِرَسُولٍ يَأْتِي مِن بَعْدِي اسْمُهُ أَحْمَدُ فَلَمَّا جَاءَهُم بِالْبَيِّنَاتِ قَالُوا هَـٰذَا سِحْرٌ مُّبِينٌ,عِيسَى,ambiguous_verse,multiple_optimal_paths,61:6
61:6:4,,وَإِذْ قَالَ عِيسَى ابْنُ مَرْيَمَ يَا بَنِي إِسْرَائِيلَ إِنِّي رَسُولُ اللَّهِ إِلَيْكُم مُّصَدِّقًا لِّمَا بَيْنَ يَدَيَّ مِنَ التَّوْرَاةِ وَمُبَشِّرًا بِرَسُولٍ يَأْتِي مِن بَعْدِي اسْمُهُ أَحْمَدُ فَلَمَّا جَاءَهُم بِالْبَيِّنَاتِ قَالُوا هَـٰذَا سِحْرٌ مُّبِينٌ,ٱبْنُ,ambiguous_verse,multiple_optimal_paths,61:6
61:6:5,,وَإِذْ قَالَ عِيسَى ابْنُ مَرْيَمَ يَا بَنِي إِسْرَائِيلَ إِنِّي رَسُولُ اللَّهِ إِلَيْكُم مُّصَدِّقًا لِّمَا بَيْنَ يَدَيَّ مِنَ التَّوْرَاةِ وَمُبَشِّرًا بِرَسُولٍ يَأْتِي مِن بَعْدِي اسْمُهُ أَحْمَدُ فَلَمَّا جَاءَهُم بِالْبَيِّنَاتِ قَالُوا هَـٰذَا سِحْرٌ مُّبِينٌ,مَرْيَمَ,ambiguous_verse,multiple_optimal_paths,61:6
61:6:6,,وَإِذْ قَالَ عِيسَى ابْنُ مَرْيَمَ يَا بَنِي إِسْرَائِيلَ إِنِّي رَسُولُ اللَّهِ إِلَيْكُم مُّصَدِّقًا لِّمَا بَيْنَ يَدَيَّ مِنَ التَّوْرَاةِ وَمُبَشِّرًا بِرَسُولٍ يَأْتِي مِن بَعْدِي اسْمُهُ أَحْمَدُ فَلَمَّا جَاءَهُم بِالْبَيِّنَاتِ قَالُوا هَـٰذَا سِحْرٌ مُّبِينٌ,يَٰبَنِىٓ,ambiguous_verse,multiple_optimal_paths,61:6
61:6:7,,وَإِذْ قَالَ عِيسَى ابْنُ مَرْيَمَ يَا بَنِي إِسْرَائِيلَ إِنِّي رَسُولُ اللَّهِ إِلَيْكُم مُّصَدِّقًا لِّمَا بَيْنَ يَدَيَّ مِنَ التَّوْرَاةِ وَمُبَشِّرًا بِرَسُولٍ يَأْتِي مِن بَعْدِي اسْمُهُ أَحْمَدُ فَلَمَّا جَاءَهُم بِالْبَيِّنَاتِ قَالُوا هَـٰذَا سِحْرٌ مُّبِينٌ,إِسْرَٰٓءِيلَ,ambiguous_verse,multiple_optimal_paths,61:6
61:6:8,,وَإِذْ قَالَ عِيسَى ابْنُ مَرْيَمَ يَا بَنِي إِسْرَائِيلَ إِنِّي رَسُولُ اللَّهِ إِلَيْكُم مُّصَدِّقًا لِّمَا بَيْنَ يَدَيَّ مِنَ التَّوْرَاةِ وَمُبَشِّرًا بِرَسُولٍ يَأْتِي مِن بَعْدِي اسْمُهُ أَحْمَدُ فَلَمَّا جَاءَهُم بِالْبَيِّنَاتِ قَالُوا هَـٰذَا سِحْرٌ مُّبِينٌ,إِنِّى,ambiguous_verse,multiple_optimal_paths,61:6
61:6:9,,وَإِذْ قَالَ عِيسَى ابْنُ مَرْيَمَ يَا بَنِي إِسْرَائِيلَ إِنِّي رَسُولُ اللَّهِ إِلَيْكُم مُّصَدِّقًا لِّمَا بَيْنَ يَدَيَّ مِنَ التَّوْرَاةِ وَمُبَشِّرًا بِرَسُولٍ يَأْتِي مِن بَعْدِي اسْمُهُ أَحْمَدُ فَلَمَّا جَاءَهُم بِالْبَيِّنَاتِ قَالُوا هَـٰذَا سِحْرٌ مُّبِينٌ,رَسُولُ,ambiguous_verse,multiple_optimal_paths,61:6
61:6:10,,وَإِذْ قَالَ عِيسَى ابْنُ مَرْيَمَ يَا بَنِي إِسْرَائِيلَ إِنِّي رَسُولُ اللَّهِ إِلَيْكُم مُّصَدِّقًا لِّمَا بَيْنَ يَدَيَّ مِنَ التَّوْرَاةِ وَمُبَشِّرًا بِرَسُولٍ يَأْتِي مِن بَعْدِي اسْمُهُ أَحْمَدُ فَلَمَّا جَاءَهُم بِالْبَيِّنَاتِ قَالُوا هَـٰذَا سِحْرٌ مُّبِينٌ,ٱللَّهِ,ambiguous_verse,multiple_optimal_paths,61:6
61:6:11,,وَإِذْ قَالَ عِيسَى ابْنُ مَرْيَمَ يَا بَنِي إِسْرَائِيلَ إِنِّي رَسُولُ اللَّهِ إِلَيْكُم مُّصَدِّقًا لِّمَا بَيْنَ يَدَيَّ مِنَ التَّوْرَاةِ وَمُبَشِّرًا بِرَسُولٍ يَأْتِي مِن بَعْدِي اسْمُهُ أَحْمَدُ فَلَمَّا جَاءَهُم بِالْبَيِّنَاتِ قَالُوا هَـٰذَا سِحْرٌ مُّبِينٌ,إِلَيْكُم,ambiguous_verse,multiple_optimal_paths,61:6
61:6:12,,وَإِذْ قَالَ عِيسَى ابْنُ مَرْيَمَ يَا بَنِي إِسْرَائِيلَ إِنِّي رَسُولُ اللَّهِ إِلَيْكُم مُّصَدِّقًا لِّمَا بَيْنَ يَدَيَّ مِنَ التَّوْرَاةِ وَمُبَشِّرًا بِرَسُولٍ يَأْتِي مِن بَعْدِي اسْمُهُ أَحْمَدُ فَلَمَّا جَاءَهُم بِالْبَيِّنَاتِ قَالُوا هَـٰذَا سِحْرٌ مُّبِينٌ,مُّصَدِّقًا,ambiguous_verse,multiple_optimal_paths,61:6
61:6:13,,وَإِذْ قَالَ عِيسَى ابْنُ مَرْيَمَ يَا بَنِي إِسْرَائِيلَ إِنِّي رَسُولُ اللَّهِ إِلَيْكُم مُّصَدِّقًا لِّمَا بَيْنَ يَدَيَّ مِنَ التَّوْرَاةِ وَمُبَشِّرًا بِرَسُولٍ يَأْتِي مِن بَعْدِي اسْمُهُ أَحْمَدُ فَلَمَّا جَاءَهُم بِالْبَيِّنَاتِ قَالُوا هَـٰذَا سِحْرٌ مُّبِينٌ,لِّمَا,ambiguous_verse,multiple_optimal_paths,61:6
61:6:14,,وَإِذْ قَالَ عِيسَى ابْنُ مَرْيَمَ يَا بَنِي إِسْرَائِيلَ إِنِّي رَسُولُ اللَّهِ إِلَيْكُم مُّصَدِّقًا لِّمَا بَيْنَ يَدَيَّ مِنَ التَّوْرَاةِ وَمُبَشِّرًا بِرَسُولٍ يَأْتِي مِن بَعْدِي اسْمُهُ أَحْمَدُ فَلَمَّا جَاءَهُم بِالْبَيِّنَاتِ قَالُوا هَـٰذَا سِحْرٌ مُّبِينٌ,بَيْنَ,ambiguous_verse,multiple_optimal_paths,61:6
61:6:15,,وَإِذْ قَالَ عِيسَى ابْنُ مَرْيَمَ يَا بَنِي إِسْرَائِيلَ إِنِّي رَسُولُ اللَّهِ إِلَيْكُم مُّصَدِّقًا لِّمَا بَيْنَ يَدَيَّ مِنَ التَّوْرَاةِ وَمُبَشِّرًا بِرَسُولٍ يَأْتِي مِن بَعْدِي اسْمُهُ أَحْمَدُ فَلَمَّا جَاءَهُم بِالْبَيِّنَاتِ قَالُوا هَـٰذَا سِحْرٌ مُّبِينٌ,يَدَىَّ,ambiguous_verse,multiple_optimal_paths,61:6
61:6:16,,وَإِذْ قَالَ عِيسَى ابْنُ مَرْيَمَ يَا بَنِي إِسْرَائِيلَ إِنِّي رَسُولُ اللَّهِ إِلَيْكُم مُّصَدِّقًا لِّمَا بَيْنَ يَدَيَّ مِنَ التَّوْرَاةِ وَمُبَشِّرًا بِرَسُولٍ يَأْتِي مِن بَعْدِي اسْمُهُ أَحْمَدُ فَلَمَّا جَاءَهُم بِالْبَيِّنَاتِ قَالُوا هَـٰذَا سِحْرٌ مُّبِينٌ,مِنَ,ambiguous_verse,multiple_optimal_paths,61:6
61:6:17,,وَإِذْ قَالَ عِيسَى ابْنُ مَرْيَمَ يَا بَنِي إِسْرَائِيلَ إِنِّي رَسُولُ اللَّهِ إِلَيْكُم مُّصَدِّقًا لِّمَا بَيْنَ يَدَيَّ مِنَ التَّوْرَاةِ وَمُبَشِّرًا بِرَسُولٍ يَأْتِي مِن بَعْدِي اسْمُهُ أَحْمَدُ فَلَمَّا جَاءَهُم بِالْبَيِّنَاتِ قَالُوا هَـٰذَا سِحْرٌ مُّبِينٌ,ٱلتَّوْرَىٰةِ,ambiguous_verse,multiple_optimal_paths,61:6
61:6:18,,وَإِذْ قَالَ عِيسَى ابْنُ مَرْيَمَ يَا بَنِي إِسْرَائِيلَ إِنِّي رَسُولُ اللَّهِ إِلَيْكُم مُّصَدِّقًا لِّمَا بَيْنَ يَدَيَّ مِنَ التَّوْرَاةِ وَمُبَشِّرًا بِرَسُولٍ يَأْتِي مِن بَعْدِي اسْمُهُ أَحْمَدُ فَلَمَّا جَاءَهُم بِالْبَيِّنَاتِ قَالُوا هَـٰذَا سِحْرٌ مُّبِينٌ,وَمُبَشِّرًۢا,ambiguous_verse,multiple_optimal_paths,61:6
61:6:19,,وَإِذْ قَالَ عِيسَى ابْنُ مَرْيَمَ يَا بَنِي إِسْرَائِيلَ إِنِّي رَسُولُ اللَّهِ إِلَيْكُم مُّصَدِّقًا لِّمَا بَيْنَ يَدَيَّ مِنَ التَّوْرَاةِ وَمُبَشِّرًا بِرَسُولٍ يَأْتِي مِن بَعْدِي اسْمُهُ أَحْمَدُ فَلَمَّا جَاءَهُم بِالْبَيِّنَاتِ قَالُوا هَـٰذَا سِحْرٌ مُّبِينٌ,بِرَسُولٍ,ambiguous_verse,multiple_optimal_paths,61:6
61:6:20,,وَإِذْ قَالَ عِيسَى ابْنُ مَرْيَمَ يَا بَنِي إِسْرَائِيلَ إِنِّي رَسُولُ اللَّهِ إِلَيْكُم مُّصَدِّقًا لِّمَا بَيْنَ يَدَيَّ مِنَ التَّوْرَاةِ وَمُبَشِّرًا بِرَسُولٍ يَأْتِي مِن بَعْدِي اسْمُهُ أَحْمَدُ فَلَمَّا جَاءَهُم بِالْبَيِّنَاتِ قَالُوا هَـٰذَا سِحْرٌ مُّبِينٌ,يَأْتِى,ambiguous_verse,multiple_optimal_paths,61:6
61:6:21,,وَإِذْ قَالَ عِيسَى ابْنُ مَرْيَمَ يَا بَنِي إِسْرَائِيلَ إِنِّي رَسُولُ اللَّهِ إِلَيْكُم مُّصَدِّقًا لِّمَا بَيْنَ يَدَيَّ مِنَ التَّوْرَاةِ وَمُبَشِّرًا بِرَسُولٍ يَأْتِي مِن بَعْدِي اسْمُهُ أَحْمَدُ فَلَمَّا جَاءَهُم بِالْبَيِّنَاتِ قَالُوا هَـٰذَا سِحْرٌ مُّبِينٌ,مِنۢ,ambiguous_verse,multiple_optimal_paths,61:6
61:6:22,,وَإِذْ قَالَ عِيسَى ابْنُ مَرْيَمَ يَا بَنِي إِسْرَائِيلَ إِنِّي رَسُولُ اللَّهِ إِلَيْكُم مُّصَدِّقًا لِّمَا بَيْنَ يَدَيَّ مِنَ التَّوْرَاةِ وَمُبَشِّرًا بِرَسُولٍ يَأْتِي مِن بَعْدِي اسْمُهُ أَحْمَدُ فَلَمَّا جَاءَهُم بِالْبَيِّنَاتِ قَالُوا هَـٰذَا سِحْرٌ مُّبِينٌ,بَعْدِى,ambiguous_verse,multiple_optimal_paths,61:6
61:6:23,,وَإِذْ قَالَ عِيسَى ابْنُ مَرْيَمَ يَا بَنِي إِسْرَائِيلَ إِنِّي رَسُولُ اللَّهِ إِلَيْكُم مُّصَدِّقًا لِّمَا بَيْنَ يَدَيَّ مِنَ التَّوْرَاةِ وَمُبَشِّرًا بِرَسُولٍ يَأْتِي مِن بَعْدِي اسْمُهُ أَحْمَدُ فَلَمَّا جَاءَهُم بِالْبَيِّنَاتِ قَالُوا هَـٰذَا سِحْرٌ مُّبِينٌ,ٱسْمُهُۥٓ,ambiguous_verse,multiple_optimal_paths,61:6
61:6:24,,وَإِذْ قَالَ عِيسَى ابْنُ مَرْيَمَ يَا بَنِي إِسْرَائِيلَ إِنِّي رَسُولُ اللَّهِ إِلَيْكُم مُّصَدِّقًا لِّمَا بَيْنَ يَدَيَّ مِنَ التَّوْرَاةِ وَمُبَشِّرًا بِرَسُولٍ يَأْتِي مِن بَعْدِي اسْمُهُ أَحْمَدُ فَلَمَّا جَاءَهُم بِالْبَيِّنَاتِ قَالُوا هَـٰذَا سِحْرٌ مُّبِينٌ,أَحْمَدُ,ambiguous_verse,multiple_optimal_paths,61:6
61:6:25,,وَإِذْ قَالَ عِيسَى ابْنُ مَرْيَمَ يَا بَنِي إِسْرَائِيلَ إِنِّي رَسُولُ اللَّهِ إِلَيْكُم مُّصَدِّقًا لِّمَا بَيْنَ يَدَيَّ مِنَ التَّوْرَاةِ وَمُبَشِّرًا بِرَسُولٍ يَأْتِي مِن بَعْدِي اسْمُهُ أَحْمَدُ فَلَمَّا جَاءَهُم بِالْبَيِّنَاتِ قَالُوا هَـٰذَا سِحْرٌ مُّبِينٌ,فَلَمَّا,ambiguous_verse,multiple_optimal_paths,61:6
61:6:26,,وَإِذْ قَالَ عِيسَى ابْنُ مَرْيَمَ يَا بَنِي إِسْرَائِيلَ إِنِّي رَسُولُ اللَّهِ إِلَيْكُم مُّصَدِّقًا لِّمَا بَيْنَ يَدَيَّ مِنَ التَّوْرَاةِ وَمُبَشِّرًا بِرَسُولٍ يَأْتِي مِن بَعْدِي اسْمُهُ أَحْمَدُ فَلَمَّا جَاءَهُم بِالْبَيِّنَاتِ قَالُوا هَـٰذَا سِحْرٌ مُّبِينٌ,جَآءَهُم,ambiguous_verse,multiple_optimal_paths,61:6
61:6:27,,وَإِذْ قَالَ عِيسَى ابْنُ مَرْيَمَ يَا بَنِي إِسْرَائِيلَ إِنِّي رَسُولُ اللَّهِ إِلَيْكُم مُّصَدِّقًا لِّمَا بَيْنَ يَدَيَّ مِنَ التَّوْرَاةِ وَمُبَشِّرًا بِرَسُولٍ يَأْتِي مِن بَعْدِي اسْمُهُ أَحْمَدُ فَلَمَّا جَاءَهُم بِالْبَيِّنَاتِ قَالُوا هَـٰذَا سِحْرٌ مُّبِينٌ,بِٱلْبَيِّنَٰتِ,ambiguous_verse,multiple_optimal_paths,61:6
61:6:28,,وَإِذْ قَالَ عِيسَى ابْنُ مَرْيَمَ يَا بَنِي إِسْرَائِيلَ إِنِّي رَسُولُ اللَّهِ إِلَيْكُم مُّصَدِّقًا لِّمَا بَيْنَ يَدَيَّ مِنَ التَّوْرَاةِ وَمُبَشِّرًا بِرَسُولٍ يَأْتِي مِن بَعْدِي اسْمُهُ أَحْمَدُ فَلَمَّا جَاءَهُم بِالْبَيِّنَاتِ قَالُوا هَـٰذَا سِحْرٌ مُّبِينٌ,قَالُوا۟,ambiguous_verse,multiple_optimal_paths,61:6
61:6:29,,وَإِذْ قَالَ عِيسَى ابْنُ مَرْيَمَ يَا بَنِي إِسْرَائِيلَ إِنِّي رَسُولُ اللَّهِ إِلَيْكُم مُّصَدِّقًا لِّمَا بَيْنَ يَدَيَّ مِنَ التَّوْرَاةِ وَمُبَشِّرًا بِرَسُولٍ يَأْتِي مِن بَعْدِي اسْمُهُ أَحْمَدُ فَلَمَّا جَاءَهُم بِالْبَيِّنَاتِ قَالُوا هَـٰذَا سِحْرٌ مُّبِينٌ,هَٰذَا,ambiguous_verse,multiple_optimal_paths,61:6
61:6:30,,وَإِذْ قَالَ عِيسَى ابْنُ مَرْيَمَ يَا بَنِي إِسْرَائِيلَ إِنِّي رَسُولُ اللَّهِ إِلَيْكُم مُّصَدِّقًا لِّمَا بَيْنَ يَدَيَّ مِنَ التَّوْرَاةِ وَمُبَشِّرًا بِرَسُولٍ يَأْتِي مِن بَعْدِي اسْمُهُ أَحْمَدُ فَلَمَّا جَاءَهُم بِالْبَيِّنَاتِ قَالُوا هَـٰذَا سِحْرٌ مُّبِينٌ,سِحْرٌ,ambiguous_verse,multiple_optimal_paths,61:6
61:6:31,,وَإِذْ قَالَ عِيسَى ابْنُ مَرْيَمَ يَا بَنِي إِسْرَائِيلَ إِنِّي رَسُولُ اللَّهِ إِلَيْكُم مُّصَدِّقًا لِّمَا بَيْنَ يَدَيَّ مِنَ التَّوْرَاةِ وَمُبَشِّرًا بِرَسُولٍ يَأْتِي مِن بَعْدِي اسْمُهُ أَحْمَدُ فَلَمَّا جَاءَهُم بِالْبَيِّنَاتِ قَالُوا هَـٰذَا سِحْرٌ مُّبِينٌ,مُّبِينٌ,ambiguous_verse,multiple_optimal_paths,61:6
61:7:14,61:7:14,يَهْدِي,يَهْدِى,surface_mismatch,1:1;no_annotation_transferred,61:7
61:8:2,61:8:2,لِيُطْفِئُوا,لِيُطْفِـُٔوا۟,surface_mismatch,1:1;no_annotation_transferred,61:8
61:9:2,61:9:2,الَّذِي,ٱلَّذِىٓ,surface_mismatch,1:1;no_annotation_transferred,61:9
61:10:3,61:10:4,آمَنُوا,ءَامَنُوا۟,surface_mismatch,1:1;no_annotation_transferred,61:10
61:11:5,61:11:5,فِي,فِى,surface_mismatch,1:1;no_annotation_transferred,61:11
61:12:6,61:12:6,تَجْرِي,تَجْرِى,surface_mismatch,1:1;no_annotation_transferred,61:12
61:12:12,61:12:12,فِي,فِى,surface_mismatch,1:1;no_annotation_transferred,61:12
61:14:3,61:14:4,آمَنُوا,ءَامَنُوا۟,surface_mismatch,1:1;no_annotation_transferred,61:14
61:14:12,61:14:13,لِلْحَوَارِيِّينَ,لِلْحَوَارِيِّۦنَ,surface_mismatch,1:1;no_annotation_transferred,61:14
61:14:14,61:14:15,أَنصَارِي,أَنصَارِىٓ,surface_mismatch,1:1;no_annotation_transferred,61:14
61:14:22,61:14:23,فَآمَنَت,فَـَٔامَنَت,surface_mismatch,1:1;no_annotation_transferred,61:14
61:14:25,61:14:26,بَنِي,بَنِىٓ,surface_mismatch,1:1;no_annotation_transferred,61:14
61:14:26,61:14:27,إِسْرَائِيلَ,إِسْرَٰٓءِيلَ,surface_mismatch,1:1;no_annotation_transferred,61:14
61:14:31,61:14:32,آمَنُوا,ءَامَنُوا۟,surface_mismatch,1:1;no_annotation_transferred,61:14
62:1:4,62:1:8,فِي,فِى,surface_mismatch,1:1;no_annotation_transferred,62:1
62:1:7,62:1:11,فِي,فِى,surface_mismatch,1:1;no_annotation_transferred,62:1
62:2:2,62:2:2,الَّذِي,ٱلَّذِى,surface_mismatch,1:1;no_annotation_transferred,62:2
62:2:4,62:2:4,فِي,فِى,surface_mismatch,1:1;no_annotation_transferred,62:2
62:2:5,62:2:5,الْأُمِّيِّينَ,ٱلْأُمِّيِّۦنَ,surface_mismatch,1:1;no_annotation_transferred,62:2
62:2:8,62:2:8,يَتْلُو,يَتْلُوا۟,surface_mismatch,1:1;no_annotation_transferred,62:2
62:2:10,62:2:10,آيَاتِهِ,ءَايَٰتِهِۦ,surface_mismatch,1:1;no_annotation_transferred,62:2
62:2:19,62:2:19,لَفِي,لَفِى,surface_mismatch,1:1;no_annotation_transferred,62:2
62:3:1,62:3:1,وَآخَرِينَ,وَءَاخَرِينَ,surface_mismatch,1:1;no_annotation_transferred,62:3
62:5:4,62:5:4,التَّوْرَاةَ,ٱلتَّوْرَىٰةَ,surface_mismatch,1:1;no_annotation_transferred,62:5
62:5:17,62:5:17,بِآيَاتِ,بِـَٔايَٰتِ,surface_mismatch,1:1;no_annotation_transferred,62:5
62:5:21,62:5:21,يَهْدِي,يَهْدِى,surface_mismatch,1:1;no_annotation_transferred,62:5
62:8:4,62:8:4,الَّذِي,ٱلَّذِى,surface_mismatch,1:1;no_annotation_transferred,62:8
62:9:3,62:9:4,آمَنُوا,ءَامَنُوٓا۟,surface_mismatch,1:1;no_annotation_transferred,62:9
62:9:5,62:9:6,نُودِيَ,نُودِىَ,surface_mismatch,1:1;no_annotation_transferred,62:9
62:9:6,62:9:7,لِلصَّلَاةِ,لِلصَّلَوٰةِ,surface_mismatch,1:1;no_annotation_transferred,62:9
62:10:3,62:10:3,الصَّلَاةُ,ٱلصَّلَوٰةُ,surface_mismatch,1:1;no_annotation_transferred,62:10
62:10:5,62:10:5,فِي,فِى,surface_mismatch,1:1;no_annotation_transferred,62:10
63:3:3,63:3:3,آمَنُوا,ءَامَنُوا۟,surface_mismatch,1:1;no_annotation_transferred,63:3
63:6:16,63:6:16,يَهْدِي,يَهْدِى,surface_mismatch,1:1;no_annotation_transferred,63:6
63:9:3,63:9:4,آمَنُوا,ءَامَنُوا۟,surface_mismatch,1:1;no_annotation_transferred,63:9
63:10:8,63:10:8,يَأْتِيَ,يَأْتِىَ,surface_mismatch,1:1;no_annotation_transferred,63:10
63:10:14,63:10:14,أَخَّرْتَنِي,أَخَّرْتَنِىٓ,surface_mismatch,1:1;no_annotation_transferred,63:10
64:1:4,64:1:8,فِي,فِى,surface_mismatch,1:1;no_annotation_transferred,64:1
64:1:7,64:1:11,فِي,فِى,surface_mismatch,1:1;no_annotation_transferred,64:1
64:1:16,64:1:20,شَيْءٍ,شَىْءٍ,surface_mismatch,1:1;no_annotation_transferred,64:1
64:2:2,64:2:2,الَّذِي,ٱلَّذِى,surface_mismatch,1:1;no_annotation_transferred,64:2
64:4:3,64:4:3,فِي,فِى,surface_mismatch,1:1;no_annotation_transferred,64:4
64:5:3,64:5:3,نَبَأُ,نَبَؤُا۟,surface_mismatch,1:1;no_annotation_transferred,64:5
64:6:15,64:6:15,غَنِيٌّ,غَنِىٌّ,surface_mismatch,1:1;no_annotation_transferred,64:6
64:7:9,64:7:9,وَرَبِّي,وَرَبِّى,surface_mismatch,1:1;no_annotation_transferred,64:7
64:8:1,64:8:1,فَآمِنُوا,فَـَٔامِنُوا۟,surface_mismatch,1:1;no_annotation_transferred,64:8
64:8:5,64:8:5,الَّذِي,ٱلَّذِىٓ,surface_mismatch,1:1;no_annotation_transferred,64:8
64:9:15,64:9:15,سَيِّئَاتِهِ,سَيِّـَٔاتِهِۦ,surface_mismatch,1:1;no_annotation_transferred,64:9
64:9:18,64:9:18,تَجْرِي,تَجْرِى,surface_mismatch,1:1;no_annotation_transferred,64:9
64:10:4,64:10:4,بِآيَاتِنَا,بِـَٔايَٰتِنَآ,surface_mismatch,1:1;no_annotation_transferred,64:10
64:11:15,64:11:15,شَيْءٍ,شَىْءٍ,surface_mismatch,1:1;no_annotation_transferred,64:11
64:14:3,64:14:4,آمَنُوا,ءَامَنُوٓا۟,surface_mismatch,1:1;no_annotation_transferred,64:14
65:1:2,65:1:7,النَّبِيُّ,ٱلنَّبِىُّ,surface_mismatch,1:1;no_annotation_transferred,65:1
65:1:35,65:1:40,تَدْرِي,تَدْرِى,surface_mismatch,1:1;no_annotation_transferred,65:1
65:2:10,65:2:10,ذَوَيْ,ذَوَىْ,surface_mismatch,1:1;no_annotation_transferred,65:2
65:2:24,65:2:24,الْآخِرِ,ٱلْءَاخِرِ,surface_mismatch,1:1;no_annotation_transferred,65:2
65:3:20,65:3:20,شَيْءٍ,شَىْءٍ,surface_mismatch,1:1;no_annotation_transferred,65:3
65:4:1,65:4:1,وَاللَّائِي,وَٱلَّٰٓـِٔى,surface_mismatch,1:1;no_annotation_transferred,65:4
65:4:12,65:4:12,وَاللَّائِي,وَٱلَّٰٓـِٔى,surface_mismatch,1:1;no_annotation_transferred,65:4
65:5:11,65:5:11,سَيِّئَاتِهِ,سَيِّـَٔاتِهِۦ,surface_mismatch,1:1;no_annotation_transferred,65:5
65:6:23,65:6:23,فَآتُوهُنَّ,فَـَٔاتُوهُنَّ,surface_mismatch,1:1;no_annotation_transferred,65:6
65:7:12,65:7:12,آتَاهُ,ءَاتَىٰهُ,surface_mismatch,1:1;no_annotation_transferred,65:7
65:7:20,65:7:20,آتَاهَا,ءَاتَىٰهَا,surface_mismatch,1:1;no_annotation_transferred,65:7
65:10:1,,أَعَدَّ اللَّهُ لَهُمْ عَذَابًا شَدِيدًا فَاتَّقُوا اللَّهَ يَا أُولِي الْأَلْبَابِ الَّذِينَ آمَنُوا قَدْ أَنزَلَ اللَّهُ إِلَيْكُمْ ذِكْرًا,أَعَدَّ,ambiguous_verse,multiple_optimal_paths,65:10
65:10:2,,أَعَدَّ اللَّهُ لَهُمْ عَذَابًا شَدِيدًا فَاتَّقُوا اللَّهَ يَا أُولِي الْأَلْبَابِ الَّذِينَ آمَنُوا قَدْ أَنزَلَ اللَّهُ إِلَيْكُمْ ذِكْرًا,ٱللَّهُ,ambiguous_verse,multiple_optimal_paths,65:10
65:10:3,,أَعَدَّ اللَّهُ لَهُمْ عَذَابًا شَدِيدًا فَاتَّقُوا اللَّهَ يَا أُولِي الْأَلْبَابِ الَّذِينَ آمَنُوا قَدْ أَنزَلَ اللَّهُ إِلَيْكُمْ ذِكْرًا,لَهُمْ,ambiguous_verse,multiple_optimal_paths,65:10
65:10:4,,أَعَدَّ اللَّهُ لَهُمْ عَذَابًا شَدِيدًا فَاتَّقُوا اللَّهَ يَا أُولِي الْأَلْبَابِ الَّذِينَ آمَنُوا قَدْ أَنزَلَ اللَّهُ إِلَيْكُمْ ذِكْرًا,عَذَابًا,ambiguous_verse,multiple_optimal_paths,65:10
65:10:5,,أَعَدَّ اللَّهُ لَهُمْ عَذَابًا شَدِيدًا فَاتَّقُوا اللَّهَ يَا أُولِي الْأَلْبَابِ الَّذِينَ آمَنُوا قَدْ أَنزَلَ اللَّهُ إِلَيْكُمْ ذِكْرًا,شَدِيدًا,ambiguous_verse,multiple_optimal_paths,65:10
65:10:6,,أَعَدَّ اللَّهُ لَهُمْ عَذَابًا شَدِيدًا فَاتَّقُوا اللَّهَ يَا أُولِي الْأَلْبَابِ الَّذِينَ آمَنُوا قَدْ أَنزَلَ اللَّهُ إِلَيْكُمْ ذِكْرًا,فَٱتَّقُوا۟,ambiguous_verse,multiple_optimal_paths,65:10
65:10:7,,أَعَدَّ اللَّهُ لَهُمْ عَذَابًا شَدِيدًا فَاتَّقُوا اللَّهَ يَا أُولِي الْأَلْبَابِ الَّذِينَ آمَنُوا قَدْ أَنزَلَ اللَّهُ إِلَيْكُمْ ذِكْرًا,ٱللَّهَ,ambiguous_verse,multiple_optimal_paths,65:10
65:10:8,,أَعَدَّ اللَّهُ لَهُمْ عَذَابًا شَدِيدًا فَاتَّقُوا اللَّهَ يَا أُولِي الْأَلْبَابِ الَّذِينَ آمَنُوا قَدْ أَنزَلَ اللَّهُ إِلَيْكُمْ ذِكْرًا,يَٰٓأُو۟لِى,ambiguous_verse,multiple_optimal_paths,65:10
65:10:9,,أَعَدَّ اللَّهُ لَهُمْ عَذَابًا شَدِيدًا فَاتَّقُوا اللَّهَ يَا أُولِي الْأَلْبَابِ الَّذِينَ آمَنُوا قَدْ أَنزَلَ اللَّهُ إِلَيْكُمْ ذِكْرًا,ٱلْأَلْبَٰبِ,ambiguous_verse,multiple_optimal_paths,65:10
65:10:10,,أَعَدَّ اللَّهُ لَهُمْ عَذَابًا شَدِيدًا فَاتَّقُوا اللَّهَ يَا أُولِي الْأَلْبَابِ الَّذِينَ آمَنُوا قَدْ أَنزَلَ اللَّهُ إِلَيْكُمْ ذِكْرًا,ٱلَّذِينَ,ambiguous_verse,multiple_optimal_paths,65:10
65:10:11,,أَعَدَّ اللَّهُ لَهُمْ عَذَابًا شَدِيدًا فَاتَّقُوا اللَّهَ يَا أُولِي الْأَلْبَابِ الَّذِينَ آمَنُوا قَدْ أَنزَلَ اللَّهُ إِلَيْكُمْ ذِكْرًا,ءَامَنُوا۟,ambiguous_verse,multiple_optimal_paths,65:10
65:10:12,,أَعَدَّ اللَّهُ لَهُمْ عَذَابًا شَدِيدًا فَاتَّقُوا اللَّهَ يَا أُولِي الْأَلْبَابِ الَّذِينَ آمَنُوا قَدْ أَنزَلَ اللَّهُ إِلَيْكُمْ ذِكْرًا,قَدْ,ambiguous_verse,multiple_optimal_paths,65:10
65:10:13,,أَعَدَّ اللَّهُ لَهُمْ عَذَابًا شَدِيدًا فَاتَّقُوا اللَّهَ يَا أُولِي الْأَلْبَابِ الَّذِينَ آمَنُوا قَدْ أَنزَلَ اللَّهُ إِلَيْكُمْ ذِكْرًا,أَنزَلَ,ambiguous_verse,multiple_optimal_paths,65:10
65:10:14,,أَعَدَّ اللَّهُ لَهُمْ عَذَابًا شَدِيدًا فَاتَّقُوا اللَّهَ يَا أُولِي الْأَلْبَابِ الَّذِينَ آمَنُوا قَدْ أَنزَلَ اللَّهُ إِلَيْكُمْ ذِكْرًا,ٱللَّهُ,ambiguous_verse,multiple_optimal_paths,65:10
65:10:15,,أَعَدَّ اللَّهُ لَهُمْ عَذَابًا شَدِيدًا فَاتَّقُوا اللَّهَ يَا أُولِي الْأَلْبَابِ الَّذِينَ آمَنُوا قَدْ أَنزَلَ اللَّهُ إِلَيْكُمْ ذِكْرًا,إِلَيْكُمْ,ambiguous_verse,multiple_optimal_paths,65:10
65:10:16,,أَعَدَّ اللَّهُ لَهُمْ عَذَابًا شَدِيدًا فَاتَّقُوا اللَّهَ يَا أُولِي الْأَلْبَابِ الَّذِينَ آمَنُوا قَدْ أَنزَلَ اللَّهُ إِلَيْكُمْ ذِكْرًا,ذِكْرًا,ambiguous_verse,multiple_optimal_paths,65:10
65:11:2,65:11:2,يَتْلُو,يَتْلُوا۟,surface_mismatch,1:1;no_annotation_transferred,65:11
65:11:4,65:11:4,آيَاتِ,ءَايَٰتِ,surface_mismatch,1:1;no_annotation_transferred,65:11
65:11:9,65:11:9,آمَنُوا,ءَامَنُوا۟,surface_mismatch,1:1;no_annotation_transferred,65:11
65:11:23,65:11:23,تَجْرِي,تَجْرِى,surface_mismatch,1:1;no_annotation_transferred,65:11
65:12:2,65:12:2,الَّذِي,ٱلَّذِى,surface_mismatch,1:1;no_annotation_transferred,65:12
65:12:17,65:12:17,شَيْءٍ,شَىْءٍ,surface_mismatch,1:1;no_annotation_transferred,65:12
65:12:24,65:12:24,شَيْءٍ,شَىْءٍ,surface_mismatch,1:1;no_annotation_transferred,65:12
66:1:2,66:1:7,النَّبِيُّ,ٱلنَّبِىُّ,surface_mismatch,1:1;no_annotation_transferred,66:1
66:1:9,66:1:14,تَبْتَغِي,تَبْتَغِى,surface_mismatch,1:1;no_annotation_transferred,66:1
66:2:8,66:2:8,مَوْلَاكُمْ,مَوْلَىٰكُمْ,surface_mismatch,1:1;no_annotation_transferred,66:2
66:3:3,66:3:3,النَّبِيُّ,ٱلنَّبِىُّ,surface_mismatch,1:1;no_annotation_transferred,66:3
66:3:27,66:3:27,نَبَّأَنِيَ,نَبَّأَنِىَ,surface_mismatch,1:1;no_annotation_transferred,66:3
66:4:14,66:4:14,مَوْلَاهُ,مَوْلَىٰهُ,surface_mismatch,1:1;no_annotation_transferred,66:4
66:6:3,66:6:4,آمَنُوا,ءَامَنُوا۟,surface_mismatch,1:1;no_annotation_transferred,66:6
66:8:3,66:8:4,آمَنُوا,ءَامَنُوا۟,surface_mismatch,1:1;no_annotation_transferred,66:8
66:8:14,66:8:15,سَيِّئَاتِكُمْ,سَيِّـَٔاتِكُمْ,surface_mismatch,1:1;no_annotation_transferred,66:8
66:8:17,66:8:18,تَجْرِي,تَجْرِى,surface_mismatch,1:1;no_annotation_transferred,66:8
66:8:23,66:8:24,يُخْزِي,يُخْزِى,surface_mismatch,1:1;no_annotation_transferred,66:8
66:8:25,66:8:26,النَّبِيَّ,ٱلنَّبِىَّ,surface_mismatch,1:1;no_annotation_transferred,66:8
66:8:27,66:8:28,آمَنُوا,ءَامَنُوا۟,surface_mismatch,1:1;no_annotation_transferred,66:8
66:8:44,66:8:45,شَيْءٍ,شَىْءٍ,surface_mismatch,1:1;no_annotation_transferred,66:8
66:9:2,66:9:3,النَّبِيُّ,ٱلنَّبِىُّ,surface_mismatch,1:1;no_annotation_transferred,66:9
66:9:8,66:9:9,وَمَأْوَاهُمْ,وَمَأْوَىٰهُمْ,surface_mismatch,1:1;no_annotation_transferred,66:9
66:10:22,66:10:22,شَيْئًا,شَيْـًٔا,surface_mismatch,1:1;no_annotation_transferred,66:10
66:11:5,66:11:5,آمَنُوا,ءَامَنُوا۟,surface_mismatch,1:1;no_annotation_transferred,66:11
66:11:12,66:11:12,لِي,لِى,surface_mismatch,1:1;no_annotation_transferred,66:11
66:11:15,66:11:15,فِي,فِى,surface_mismatch,1:1;no_annotation_transferred,66:11
66:11:17,66:11:17,وَنَجِّنِي,وَنَجِّنِى,surface_mismatch,1:1;no_annotation_transferred,66:11
66:11:21,66:11:21,وَنَجِّنِي,وَنَجِّنِى,surface_mismatch,1:1;no_annotation_transferred,66:11
66:12:4,66:12:4,الَّتِي,ٱلَّتِىٓ,surface_mismatch,1:1;no_annotation_transferred,66:12
67:1:2,67:1:6,الَّذِي,ٱلَّذِى,surface_mismatch,1:1;no_annotation_transferred,67:1
67:1:8,67:1:12,شَيْءٍ,شَىْءٍ,surface_mismatch,1:1;no_annotation_transferred,67:1
67:2:1,67:2:1,الَّذِي,ٱلَّذِى,surface_mismatch,1:1;no_annotation_transferred,67:2
67:2:4,67:2:4,وَالْحَيَاةَ,وَٱلْحَيَوٰةَ,surface_mismatch,1:1;no_annotation_transferred,67:2
67:3:1,67:3:1,الَّذِي,ٱلَّذِى,surface_mismatch,1:1;no_annotation_transferred,67:3
67:3:8,67:3:8,فِي,فِى,surface_mismatch,1:1;no_annotation_transferred,67:3
67:7:7,67:7:7,وَهِيَ,وَهِىَ,surface_mismatch,1:1;no_annotation_transferred,67:7
67:8:6,67:8:6,أُلْقِيَ,أُلْقِىَ,surface_mismatch,1:1;no_annotation_transferred,67:8
67:9:12,67:9:12,شَيْءٍ,شَىْءٍ,surface_mismatch,1:1;no_annotation_transferred,67:9
67:9:16,67:9:16,فِي,فِى,surface_mismatch,1:1;no_annotation_transferred,67:9
67:10:9,67:10:9,فِي,فِىٓ,surface_mismatch,1:1;no_annotation_transferred,67:10
67:15:2,67:15:2,الَّذِي,ٱلَّذِى,surface_mismatch,1:1;no_annotation_transferred,67:15
67:15:8,67:15:8,فِي,فِى,surface_mismatch,1:1;no_annotation_transferred,67:15
67:16:1,67:16:1,أَأَمِنتُم,ءَأَمِنتُم,surface_mismatch,1:1;no_annotation_transferred,67:16
67:16:3,67:16:3,فِي,فِى,surface_mismatch,1:1;no_annotation_transferred,67:16
67:16:10,67:16:10,هِيَ,هِىَ,surface_mismatch,1:1;no_annotation_transferred,67:16
67:17:4,67:17:4,فِي,فِى,surface_mismatch,1:1;no_annotation_transferred,67:17
67:19:14,67:19:14,شَيْءٍ,شَىْءٍۭ,surface_mismatch,1:1;no_annotation_transferred,67:19
67:20:3,67:20:3,الَّذِي,ٱلَّذِى,surface_mismatch,1:1;no_annotation_transferred,67:20
67:20:14,67:20:14,فِي,فِى,surface_mismatch,1:1;no_annotation_transferred,67:20
67:21:3,67:21:3,الَّذِي,ٱلَّذِى,surface_mismatch,1:1;no_annotation_transferred,67:21
67:21:10,67:21:10,فِي,فِى,surface_mismatch,1:1;no_annotation_transferred,67:21
67:22:2,67:22:2,يَمْشِي,يَمْشِى,surface_mismatch,1:1;no_annotation_transferred,67:22
67:22:8,67:22:8,يَمْشِي,يَمْشِى,surface_mismatch,1:1;no_annotation_transferred,67:22
67:23:3,67:23:3,الَّذِي,ٱلَّذِىٓ,surface_mismatch,1:1;no_annotation_transferred,67:23
67:23:9,67:23:9,وَالْأَفْئِدَةَ,وَٱلْأَفْـِٔدَةَ,surface_mismatch,1:1;no_annotation_transferred,67:23
67:24:3,67:24:3,الَّذِي,ٱلَّذِى,surface_mismatch,1:1;no_annotation_transferred,67:24
67:24:5,67:24:5,فِي,فِى,surface_mismatch,1:1;no_annotation_transferred,67:24
67:27:4,67:27:4,سِيئَتْ,سِيٓـَٔتْ,surface_mismatch,1:1;no_annotation_transferred,67:27
67:27:10,67:27:10,الَّذِي,ٱلَّذِى,surface_mismatch,1:1;no_annotation_transferred,67:27
67:28:2,67:28:2,أَرَأَيْتُمْ,أَرَءَيْتُمْ,surface_mismatch,1:1;no_annotation_transferred,67:28
67:28:4,67:28:4,أَهْلَكَنِيَ,أَهْلَكَنِىَ,surface_mismatch,1:1;no_annotation_transferred,67:28
67:28:7,67:28:7,مَّعِيَ,مَّعِىَ,surface_mismatch,1:1;no_annotation_transferred,67:28
67:29:4,67:29:4,آمَنَّا,ءَامَنَّا,surface_mismatch,1:1;no_annotation_transferred,67:29
67:29:11,67:29:11,فِي,فِى,surface_mismatch,1:1;no_annotation_transferred,67:29
67:30:2,67:30:2,أَرَأَيْتُمْ,أَرَءَيْتُمْ,surface_mismatch,1:1;no_annotation_transferred,67:30
68:15:4,68:15:4,آيَاتُنَا,ءَايَٰتُنَا,surface_mismatch,1:1;no_annotation_transferred,68:15
68:33:4,68:33:4,الْآخِرَةِ,ٱلْءَاخِرَةِ,surface_mismatch,1:1;no_annotation_transferred,68:33
68:44:1,68:44:1,فَذَرْنِي,فَذَرْنِى,surface_mismatch,1:1;no_annotation_transferred,68:44
68:45:1,68:45:1,وَأُمْلِي,وَأُمْلِى,surface_mismatch,1:1;no_annotation_transferred,68:45
68:45:4,68:45:4,كَيْدِي,كَيْدِى,surface_mismatch,1:1;no_annotation_transferred,68:45
68:46:2,68:46:2,تَسْأَلُهُمْ,تَسْـَٔلُهُمْ,surface_mismatch,1:1;no_annotation_transferred,68:46
69:3:2,69:3:2,أَدْرَاكَ,أَدْرَىٰكَ,surface_mismatch,1:1;no_annotation_transferred,69:3
69:11:3,69:11:3,طَغَى,طَغَا,surface_mismatch,1:1;no_annotation_transferred,69:11
69:11:6,69:11:6,فِي,فِى,surface_mismatch,1:1;no_annotation_transferred,69:11
69:13:3,69:13:3,فِي,فِى,surface_mismatch,1:1;no_annotation_transferred,69:13
69:16:3,69:16:3,فَهِيَ,فَهِىَ,surface_mismatch,1:1;no_annotation_transferred,69:16
69:19:3,69:19:3,أُوتِيَ,أُوتِىَ,surface_mismatch,1:1;no_annotation_transferred,69:19
69:20:1,69:20:1,إِنِّي,إِنِّى,surface_mismatch,1:1;no_annotation_transferred,69:20
69:20:3,69:20:3,أَنِّي,أَنِّى,surface_mismatch,1:1;no_annotation_transferred,69:20
69:21:2,69:21:2,فِي,فِى,surface_mismatch,1:1;no_annotation_transferred,69:21
69:22:1,69:22:1,فِي,فِى,surface_mismatch,1:1;no_annotation_transferred,69:22
69:24:3,69:24:3,هَنِيئًا,هَنِيٓـًٔۢا,surface_mismatch,1:1;no_annotation_transferred,69:24
69:24:6,69:24:6,فِي,فِى,surface_mismatch,1:1;no_annotation_transferred,69:24
69:25:1,,وَأَمَّا مَنْ أُوتِيَ كِتَابَهُ بِشِمَالِهِ فَيَقُولُ يَا لَيْتَنِي لَمْ أُوتَ كِتَابِيَهْ,وَأَمَّا,ambiguous_verse,multiple_optimal_paths,69:25
69:25:2,,وَأَمَّا مَنْ أُوتِيَ كِتَابَهُ بِشِمَالِهِ فَيَقُولُ يَا لَيْتَنِي لَمْ أُوتَ كِتَابِيَهْ,مَنْ,ambiguous_verse,multiple_optimal_paths,69:25
69:25:3,,وَأَمَّا مَنْ أُوتِيَ كِتَابَهُ بِشِمَالِهِ فَيَقُولُ يَا لَيْتَنِي لَمْ أُوتَ كِتَابِيَهْ,أُوتِىَ,ambiguous_verse,multiple_optimal_paths,69:25
69:25:4,,وَأَمَّا مَنْ أُوتِيَ كِتَابَهُ بِشِمَالِهِ فَيَقُولُ يَا لَيْتَنِي لَمْ أُوتَ كِتَابِيَهْ,كِتَٰبَهُۥ,ambiguous_verse,multiple_optimal_paths,69:25
69:25:5,,وَأَمَّا مَنْ أُوتِيَ كِتَابَهُ بِشِمَالِهِ فَيَقُولُ يَا لَيْتَنِي لَمْ أُوتَ كِتَابِيَهْ,بِشِمَالِهِۦ,ambiguous_verse,multiple_optimal_paths,69:25
69:25:6,,وَأَمَّا مَنْ أُوتِيَ كِتَابَهُ بِشِمَالِهِ فَيَقُولُ يَا لَيْتَنِي لَمْ أُوتَ كِتَابِيَهْ,فَيَقُولُ,ambiguous_verse,multiple_optimal_paths,69:25
69:25:7,,وَأَمَّا مَنْ أُوتِيَ كِتَابَهُ بِشِمَالِهِ فَيَقُولُ يَا لَيْتَنِي لَمْ أُوتَ كِتَابِيَهْ,يَٰلَيْتَنِى,ambiguous_verse,multiple_optimal_paths,69:25
69:25:8,,وَأَمَّا مَنْ أُوتِيَ كِتَابَهُ بِشِمَالِهِ فَيَقُولُ يَا لَيْتَنِي لَمْ أُوتَ كِتَابِيَهْ,لَمْ,ambiguous_verse,multiple_optimal_paths,69:25
69:25:9,,وَأَمَّا مَنْ أُوتِيَ كِتَابَهُ بِشِمَالِهِ فَيَقُولُ يَا لَيْتَنِي لَمْ أُوتَ كِتَابِيَهْ,أُوتَ,ambiguous_verse,multiple_optimal_paths,69:25
69:25:10,,وَأَمَّا مَنْ أُوتِيَ كِتَابَهُ بِشِمَالِهِ فَيَقُولُ يَا لَيْتَنِي لَمْ أُوتَ كِتَابِيَهْ,كِتَٰبِيَهْ,ambiguous_verse,multiple_optimal_paths,69:25
69:28:3,69:28:3,عَنِّي,عَنِّى,surface_mismatch,1:1;no_annotation_transferred,69:28
69:29:2,69:29:2,عَنِّي,عَنِّى,surface_mismatch,1:1;no_annotation_transferred,69:29
69:32:2,69:32:2,فِي,فِى,surface_mismatch,1:1;no_annotation_transferred,69:32
69:37:4,69:37:4,الْخَاطِئُونَ,ٱلْخَٰطِـُٔونَ,surface_mismatch,1:1;no_annotation_transferred,69:37
70:3:3,70:3:3,ذِي,ذِى,surface_mismatch,1:1;no_annotation_transferred,70:3
70:4:5,70:4:5,فِي,فِى,surface_mismatch,1:1;no_annotation_transferred,70:4
70:7:1,70:7:1,وَنَرَاهُ,وَنَرَىٰهُ,surface_mismatch,1:1;no_annotation_transferred,70:7
70:10:2,70:10:2,يَسْأَلُ,يَسْـَٔلُ,surface_mismatch,1:1;no_annotation_transferred,70:10
70:11:5,70:11:5,يَفْتَدِي,يَفْتَدِى,surface_mismatch,1:1;no_annotation_transferred,70:11
70:13:2,70:13:2,الَّتِي,ٱلَّتِى,surface_mismatch,1:1;no_annotation_transferred,70:13
70:13:3,70:13:3,تُؤْوِيهِ,تُـْٔوِيهِ,surface_mismatch,1:1;no_annotation_transferred,70:13
70:14:2,70:14:2,فِي,فِى,surface_mismatch,1:1;no_annotation_transferred,70:14
70:17:1,70:17:1,تَدْعُو,تَدْعُوا۟,surface_mismatch,1:1;no_annotation_transferred,70:17
70:24:2,70:24:2,فِي,فِىٓ,surface_mismatch,1:1;no_annotation_transferred,70:24
70:35:2,70:35:2,فِي,فِى,surface_mismatch,1:1;no_annotation_transferred,70:35
70:42:7,70:42:7,الَّذِي,ٱلَّذِى,surface_mismatch,1:1;no_annotation_transferred,70:42
70:44:7,70:44:7,الَّذِي,ٱلَّذِى,surface_mismatch,1:1;no_annotation_transferred,70:44
71:2:3,71:2:4,إِنِّي,إِنِّى,surface_mismatch,1:1;no_annotation_transferred,71:2
71:5:3,71:5:3,إِنِّي,إِنِّى,surface_mismatch,1:1;no_annotation_transferred,71:5
71:5:5,71:5:5,قَوْمِي,قَوْمِى,surface_mismatch,1:1;no_annotation_transferred,71:5
71:6:3,71:6:3,دُعَائِي,دُعَآءِىٓ,surface_mismatch,1:1;no_annotation_transferred,71:6
71:7:1,71:7:1,وَإِنِّي,وَإِنِّى,surface_mismatch,1:1;no_annotation_transferred,71:7
71:7:8,71:7:8,فِي,فِىٓ,surface_mismatch,1:1;no_annotation_transferred,71:7
71:7:9,71:7:9,آذَانِهِمْ,ءَاذَانِهِمْ,surface_mismatch,1:1;no_annotation_transferred,71:7
71:8:2,71:8:2,إِنِّي,إِنِّى,surface_mismatch,1:1;no_annotation_transferred,71:8
71:9:2,71:9:2,إِنِّي,إِنِّىٓ,surface_mismatch,1:1;no_annotation_transferred,71:9
71:21:5,71:21:5,عَصَوْنِي,عَصَوْنِى,surface_mismatch,1:1;no_annotation_transferred,71:21
71:23:4,71:23:4,آلِهَتَكُمْ,ءَالِهَتَكُمْ,surface_mismatch,1:1;no_annotation_transferred,71:23
71:25:2,71:25:2,خَطِيئَاتِهِمْ,خَطِيٓـَٰٔتِهِمْ,surface_mismatch,1:1;no_annotation_transferred,71:25
71:28:3,71:28:3,لِي,لِى,surface_mismatch,1:1;no_annotation_transferred,71:28
71:28:4,71:28:4,وَلِوَالِدَيَّ,وَلِوَٰلِدَىَّ,surface_mismatch,1:1;no_annotation_transferred,71:28
71:28:7,71:28:7,بَيْتِيَ,بَيْتِىَ,surface_mismatch,1:1;no_annotation_transferred,71:28
72:1:2,72:1:6,أُوحِيَ,أُوحِىَ,surface_mismatch,1:1;no_annotation_transferred,72:1
72:1:3,72:1:7,إِلَيَّ,إِلَىَّ,surface_mismatch,1:1;no_annotation_transferred,72:1
72:1:12,72:1:16,قُرْآنًا,قُرْءَانًا,surface_mismatch,1:1;no_annotation_transferred,72:1
72:2:1,72:2:1,يَهْدِي,يَهْدِىٓ,surface_mismatch,1:1;no_annotation_transferred,72:2
72:2:4,72:2:4,فَآمَنَّا,فَـَٔامَنَّا,surface_mismatch,1:1;no_annotation_transferred,72:2
72:9:9,72:9:9,الْآنَ,ٱلْءَانَ,surface_mismatch,1:1;no_annotation_transferred,72:9
72:10:3,72:10:3,نَدْرِي,نَدْرِىٓ,surface_mismatch,1:1;no_annotation_transferred,72:10
72:10:7,72:10:7,فِي,فِى,surface_mismatch,1:1;no_annotation_transferred,72:10
72:12:7,72:12:7,فِي,فِى,surface_mismatch,1:1;no_annotation_transferred,72:12
72:13:5,72:13:5,آمَنَّا,ءَامَنَّا,surface_mismatch,1:1;no_annotation_transferred,72:13
72:16:1,,وَأَن لَّوِ اسْتَقَامُوا عَلَى الطَّرِيقَةِ لَأَسْقَيْنَاهُم مَّاءً غَدَقًا,وَأَلَّوِ,ambiguous_verse,multiple_optimal_paths,72:16
72:16:2,,وَأَن لَّوِ اسْتَقَامُوا عَلَى الطَّرِيقَةِ لَأَسْقَيْنَاهُم مَّاءً غَدَقًا,ٱسْتَقَٰمُوا۟,ambiguous_verse,multiple_optimal_paths,72:16
72:16:3,,وَأَن لَّوِ اسْتَقَامُوا عَلَى الطَّرِيقَةِ لَأَسْقَيْنَاهُم مَّاءً غَدَقًا,عَلَى,ambiguous_verse,multiple_optimal_paths,72:16
72:16:4,,وَأَن لَّوِ اسْتَقَامُوا عَلَى الطَّرِيقَةِ لَأَسْقَيْنَاهُم مَّاءً غَدَقًا,ٱلطَّرِيقَةِ,ambiguous_verse,multiple_optimal_paths,72:16
72:16:5,,وَأَن لَّوِ اسْتَقَامُوا عَلَى الطَّرِيقَةِ لَأَسْقَيْنَاهُم مَّاءً غَدَقًا,لَأَسْقَيْنَٰهُم,ambiguous_verse,multiple_optimal_paths,72:16
72:16:6,,وَأَن لَّوِ اسْتَقَامُوا عَلَى الطَّرِيقَةِ لَأَسْقَيْنَاهُم مَّاءً غَدَقًا,مَّآءً,ambiguous_verse,multiple_optimal_paths,72:16
72:16:7,,وَأَن لَّوِ اسْتَقَامُوا عَلَى الطَّرِيقَةِ لَأَسْقَيْنَاهُم مَّاءً غَدَقًا,غَدَقًا,ambiguous_verse,multiple_optimal_paths,72:16
72:20:3,72:20:3,أَدْعُو,أَدْعُوا۟,surface_mismatch,1:1;no_annotation_transferred,72:20
72:20:4,72:20:4,رَبِّي,رَبِّى,surface_mismatch,1:1;no_annotation_transferred,72:20
72:21:2,72:21:2,إِنِّي,إِنِّى,surface_mismatch,1:1;no_annotation_transferred,72:21
72:22:2,72:22:2,إِنِّي,إِنِّى,surface_mismatch,1:1;no_annotation_transferred,72:22
72:22:4,72:22:4,يُجِيرَنِي,يُجِيرَنِى,surface_mismatch,1:1;no_annotation_transferred,72:22
72:25:3,72:25:3,أَدْرِي,أَدْرِىٓ,surface_mismatch,1:1;no_annotation_transferred,72:25
72:25:10,72:25:10,رَبِّي,رَبِّىٓ,surface_mismatch,1:1;no_annotation_transferred,72:25
72:28:12,72:28:12,شَيْءٍ,شَىْءٍ,surface_mismatch,1:1;no_annotation_transferred,72:28
73:2:2,73:2:2,اللَّيْلَ,ٱلَّيْلَ,surface_mismatch,1:1;no_annotation_transferred,73:2
73:4:5,73:4:5,الْقُرْآنَ,ٱلْقُرْءَانَ,surface_mismatch,1:1;no_annotation_transferred,73:4
73:5:2,73:5:2,سَنُلْقِي,سَنُلْقِى,surface_mismatch,1:1;no_annotation_transferred,73:5
73:6:3,73:6:3,اللَّيْلِ,ٱلَّيْلِ,surface_mismatch,1:1;no_annotation_transferred,73:6
73:6:4,73:6:4,هِيَ,هِىَ,surface_mismatch,1:1;no_annotation_transferred,73:6
73:6:6,73:6:6,وَطْئًا,وَطْـًٔا,surface_mismatch,1:1;no_annotation_transferred,73:6
73:7:3,73:7:3,فِي,فِى,surface_mismatch,1:1;no_annotation_transferred,73:7
73:11:1,73:11:1,وَذَرْنِي,وَذَرْنِى,surface_mismatch,1:1;no_annotation_transferred,73:11
73:11:3,73:11:3,أُولِي,أُو۟لِى,surface_mismatch,1:1;no_annotation_transferred,73:11
73:20:8,73:20:8,ثُلُثَيِ,ثُلُثَىِ,surface_mismatch,1:1;no_annotation_transferred,73:20
73:20:9,73:20:9,اللَّيْلِ,ٱلَّيْلِ,surface_mismatch,1:1;no_annotation_transferred,73:20
73:20:18,73:20:18,اللَّيْلَ,ٱلَّيْلَ,surface_mismatch,1:1;no_annotation_transferred,73:20
73:20:30,73:20:30,الْقُرْآنِ,ٱلْقُرْءَانِ,surface_mismatch,1:1;no_annotation_transferred,73:20
73:20:36,73:20:36,وَآخَرُونَ,وَءَاخَرُونَ,surface_mismatch,1:1;no_annotation_transferred,73:20
73:20:38,73:20:38,فِي,فِى,surface_mismatch,1:1;no_annotation_transferred,73:20
73:20:44,73:20:44,وَآخَرُونَ,وَءَاخَرُونَ,surface_mismatch,1:1;no_annotation_transferred,73:20
73:20:46,73:20:46,فِي,فِى,surface_mismatch,1:1;no_annotation_transferred,73:20
73:20:54,73:20:54,الصَّلَاةَ,ٱلصَّلَوٰةَ,surface_mismatch,1:1;no_annotation_transferred,73:20
73:20:55,73:20:55,وَآتُوا,وَءَاتُوا۟,surface_mismatch,1:1;no_annotation_transferred,73:20
73:20:56,73:20:56,الزَّكَاةَ,ٱلزَّكَوٰةَ,surface_mismatch,1:1;no_annotation_transferred,73:20
74:8:3,74:8:3,فِي,فِى,surface_mismatch,1:1;no_annotation_transferred,74:8
74:11:1,74:11:1,ذَرْنِي,ذَرْنِى,surface_mismatch,1:1;no_annotation_transferred,74:11
74:16:4,74:16:4,لِآيَاتِنَا,لِءَايَٰتِنَا,surface_mismatch,1:1;no_annotation_transferred,74:16
74:27:2,74:27:2,أَدْرَاكَ,أَدْرَىٰكَ,surface_mismatch,1:1;no_annotation_transferred,74:27
74:28:2,74:28:2,تُبْقِي,تُبْقِى,surface_mismatch,1:1;no_annotation_transferred,74:28
74:31:20,74:31:20,آمَنُوا,ءَامَنُوٓا۟,surface_mismatch,1:1;no_annotation_transferred,74:31
74:31:30,74:31:30,فِي,فِى,surface_mismatch,1:1;no_annotation_transferred,74:31
74:31:44,74:31:44,وَيَهْدِي,وَيَهْدِى,surface_mismatch,1:1;no_annotation_transferred,74:31
74:31:54,74:31:54,هِيَ,هِىَ,surface_mismatch,1:1;no_annotation_transferred,74:31
74:33:1,74:33:1,وَاللَّيْلِ,وَٱلَّيْلِ,surface_mismatch,1:1;no_annotation_transferred,74:33
74:40:1,74:40:1,فِي,فِى,surface_mismatch,1:1;no_annotation_transferred,74:40
74:42:3,74:42:3,فِي,فِى,surface_mismatch,1:1;no_annotation_transferred,74:42
74:47:2,74:47:2,أَتَانَا,أَتَىٰنَا,surface_mismatch,1:1;no_annotation_transferred,74:47
74:53:5,74:53:5,الْآخِرَةَ,ٱلْءَاخِرَةَ,surface_mismatch,1:1;no_annotation_transferred,74:53
75:4:5,75:4:5,نُّسَوِّيَ,نُّسَوِّىَ,surface_mismatch,1:1;no_annotation_transferred,75:4
75:6:1,75:6:1,يَسْأَلُ,يَسْـَٔلُ,surface_mismatch,1:1;no_annotation_transferred,75:6
75:13:1,75:13:1,يُنَبَّأُ,يُنَبَّؤُا۟,surface_mismatch,1:1;no_annotation_transferred,75:13
75:17:4,75:17:4,وَقُرْآنَهُ,وَقُرْءَانَهُۥ,surface_mismatch,1:1;no_annotation_transferred,75:17
75:18:4,75:18:4,قُرْآنَهُ,قُرْءَانَهُۥ,surface_mismatch,1:1;no_annotation_transferred,75:18
75:21:2,75:21:2,الْآخِرَةَ,ٱلْءَاخِرَةَ,surface_mismatch,1:1;no_annotation_transferred,75:21
75:26:4,75:26:4,التَّرَاقِيَ,ٱلتَّرَاقِىَ,surface_mismatch,1:1;no_annotation_transferred,75:26
75:37:5,75:37:5,مَّنِيٍّ,مَّنِىٍّ,surface_mismatch,1:1;no_annotation_transferred,75:37
75:40:6,75:40:6,يُحْيِيَ,يُحْۦِىَ,surface_mismatch,1:1;no_annotation_transferred,75:40
76:1:10,76:1:14,شَيْئًا,شَيْـًٔا,surface_mismatch,1:1;no_annotation_transferred,76:1
76:4:4,76:4:4,سَلَاسِلَ,سَلَٰسِلَا۟,surface_mismatch,1:1;no_annotation_transferred,76:4
76:11:1,76:11:1,فَوَقَاهُمُ,فَوَقَىٰهُمُ,surface_mismatch,1:1;no_annotation_transferred,76:11
76:11:6,76:11:6,وَلَقَّاهُمْ,وَلَقَّىٰهُمْ,surface_mismatch,1:1;no_annotation_transferred,76:11
76:12:1,76:12:1,وَجَزَاهُم,وَجَزَىٰهُم,surface_mismatch,1:1;no_annotation_transferred,76:12
76:13:1,76:13:1,مُّتَّكِئِينَ,مُّتَّكِـِٔينَ,surface_mismatch,1:1;no_annotation_transferred,76:13
76:15:3,76:15:3,بِآنِيَةٍ,بِـَٔانِيَةٍ,surface_mismatch,1:1;no_annotation_transferred,76:15
76:16:1,76:16:1,قَوَارِيرَ,قَوَارِيرَا۟,surface_mismatch,1:1;no_annotation_transferred,76:16
76:21:10,76:21:10,وَسَقَاهُمْ,وَسَقَىٰهُمْ,surface_mismatch,1:1;no_annotation_transferred,76:21
76:23:5,76:23:5,الْقُرْآنَ,ٱلْقُرْءَانَ,surface_mismatch,1:1;no_annotation_transferred,76:23
76:24:7,76:24:7,آثِمًا,ءَاثِمًا,surface_mismatch,1:1;no_annotation_transferred,76:24
76:26:2,76:26:2,اللَّيْلِ,ٱلَّيْلِ,surface_mismatch,1:1;no_annotation_transferred,76:26
76:31:4,76:31:4,فِي,فِى,surface_mismatch,1:1;no_annotation_transferred,76:31
77:12:1,77:12:1,لِأَيِّ,لِأَىِّ,surface_mismatch,1:1;no_annotation_transferred,77:12
77:14:2,77:14:2,أَدْرَاكَ,أَدْرَىٰكَ,surface_mismatch,1:1;no_annotation_transferred,77:14
77:17:3,77:17:3,الْآخِرِينَ,ٱلْءَاخِرِينَ,surface_mismatch,1:1;no_annotation_transferred,77:17
77:21:2,77:21:2,فِي,فِى,surface_mismatch,1:1;no_annotation_transferred,77:21
77:27:3,77:27:3,رَوَاسِيَ,رَوَٰسِىَ,surface_mismatch,1:1;no_annotation_transferred,77:27
77:30:4,77:30:4,ذِي,ذِى,surface_mismatch,1:1;no_annotation_transferred,77:30
77:31:4,77:31:4,يُغْنِي,يُغْنِى,surface_mismatch,1:1;no_annotation_transferred,77:31
77:32:2,77:32:2,تَرْمِي,تَرْمِى,surface_mismatch,1:1;no_annotation_transferred,77:32
77:41:3,77:41:3,فِي,فِى,surface_mismatch,1:1;no_annotation_transferred,77:41
77:43:3,77:43:3,هَنِيئًا,هَنِيٓـًٔۢا,surface_mismatch,1:1;no_annotation_transferred,77:43
77:44:3,77:44:3,نَجْزِي,نَجْزِى,surface_mismatch,1:1;no_annotation_transferred,77:44
77:50:1,77:50:1,فَبِأَيِّ,فَبِأَىِّ,surface_mismatch,1:1;no_annotation_transferred,77:50
78:3:1,78:3:1,الَّذِي,ٱلَّذِى,surface_mismatch,1:1;no_annotation_transferred,78:3
78:10:2,78:10:2,اللَّيْلَ,ٱلَّيْلَ,surface_mismatch,1:1;no_annotation_transferred,78:10
78:18:3,78:18:3,فِي,فِى,surface_mismatch,1:1;no_annotation_transferred,78:18
78:22:2,78:22:2,مَآبًا,مَـَٔابًا,surface_mismatch,1:1;no_annotation_transferred,78:22
78:28:2,78:28:2,بِآيَاتِنَا,بِـَٔايَٰتِنَا,surface_mismatch,1:1;no_annotation_transferred,78:28
78:29:2,78:29:2,شَيْءٍ,شَىْءٍ,surface_mismatch,1:1;no_annotation_transferred,78:29
78:39:9,78:39:9,مَآبًا,مَـَٔابًا,surface_mismatch,1:1;no_annotation_transferred,78:39
78:40:1,,إِنَّا أَنذَرْنَاكُمْ عَذَابًا قَرِيبًا يَوْمَ يَنظُرُ الْمَرْءُ مَا قَدَّمَتْ يَدَاهُ وَيَقُولُ الْكَافِرُ يَا لَيْتَنِي كُنتُ تُرَابًا,إِنَّآ,ambiguous_verse,multiple_optimal_paths,78:40
78:40:2,,إِنَّا أَنذَرْنَاكُمْ عَذَابًا قَرِيبًا يَوْمَ يَنظُرُ الْمَرْءُ مَا قَدَّمَتْ يَدَاهُ وَيَقُولُ الْكَافِرُ يَا لَيْتَنِي كُنتُ تُرَابًا,أَنذَرْنَٰكُمْ,ambiguous_verse,multiple_optimal_paths,78:40
78:40:3,,إِنَّا أَنذَرْنَاكُمْ عَذَابًا قَرِيبًا يَوْمَ يَنظُرُ الْمَرْءُ مَا قَدَّمَتْ يَدَاهُ وَيَقُولُ الْكَافِرُ يَا لَيْتَنِي كُنتُ تُرَابًا,عَذَابًا,ambiguous_verse,multiple_optimal_paths,78:40
78:40:4,,إِنَّا أَنذَرْنَاكُمْ عَذَابًا قَرِيبًا يَوْمَ يَنظُرُ الْمَرْءُ مَا قَدَّمَتْ يَدَاهُ وَيَقُولُ الْكَافِرُ يَا لَيْتَنِي كُنتُ تُرَابًا,قَرِيبًا,ambiguous_verse,multiple_optimal_paths,78:40
78:40:5,,إِنَّا أَنذَرْنَاكُمْ عَذَابًا قَرِيبًا يَوْمَ يَنظُرُ الْمَرْءُ مَا قَدَّمَتْ يَدَاهُ وَيَقُولُ الْكَافِرُ يَا لَيْتَنِي كُنتُ تُرَابًا,يَوْمَ,ambiguous_verse,multiple_optimal_paths,78:40
78:40:6,,إِنَّا أَنذَرْنَاكُمْ عَذَابًا قَرِيبًا يَوْمَ يَنظُرُ الْمَرْءُ مَا قَدَّمَتْ يَدَاهُ وَيَقُولُ الْكَافِرُ يَا لَيْتَنِي كُنتُ تُرَابًا,يَنظُرُ,ambiguous_verse,multiple_optimal_paths,78:40
78:40:7,,إِنَّا أَنذَرْنَاكُمْ عَذَابًا قَرِيبًا يَوْمَ يَنظُرُ الْمَرْءُ مَا قَدَّمَتْ يَدَاهُ وَيَقُولُ الْكَافِرُ يَا لَيْتَنِي كُنتُ تُرَابًا,ٱلْمَرْءُ,ambiguous_verse,multiple_optimal_paths,78:40
78:40:8,,إِنَّا أَنذَرْنَاكُمْ عَذَابًا قَرِيبًا يَوْمَ يَنظُرُ الْمَرْءُ مَا قَدَّمَتْ يَدَاهُ وَيَقُولُ الْكَافِرُ يَا لَيْتَنِي كُنتُ تُرَابًا,مَا,ambiguous_verse,multiple_optimal_paths,78:40
78:40:9,,إِنَّا أَنذَرْنَاكُمْ عَذَابًا قَرِيبًا يَوْمَ يَنظُرُ الْمَرْءُ مَا قَدَّمَتْ يَدَاهُ وَيَقُولُ الْكَافِرُ يَا لَيْتَنِي كُنتُ تُرَابًا,قَدَّمَتْ,ambiguous_verse,multiple_optimal_paths,78:40
78:40:10,,إِنَّا أَنذَرْنَاكُمْ عَذَابًا قَرِيبًا يَوْمَ يَنظُرُ الْمَرْءُ مَا قَدَّمَتْ يَدَاهُ وَيَقُولُ الْكَافِرُ يَا لَيْتَنِي كُنتُ تُرَابًا,يَدَاهُ,ambiguous_verse,multiple_optimal_paths,78:40
78:40:11,,إِنَّا أَنذَرْنَاكُمْ عَذَابًا قَرِيبًا يَوْمَ يَنظُرُ الْمَرْءُ مَا قَدَّمَتْ يَدَاهُ وَيَقُولُ الْكَافِرُ يَا لَيْتَنِي كُنتُ تُرَابًا,وَيَقُولُ,ambiguous_verse,multiple_optimal_paths,78:40
78:40:12,,إِنَّا أَنذَرْنَاكُمْ عَذَابًا قَرِيبًا يَوْمَ يَنظُرُ الْمَرْءُ مَا قَدَّمَتْ يَدَاهُ وَيَقُولُ الْكَافِرُ يَا لَيْتَنِي كُنتُ تُرَابًا,ٱلْكَافِرُ,ambiguous_verse,multiple_optimal_paths,78:40
78:40:13,,إِنَّا أَنذَرْنَاكُمْ عَذَابًا قَرِيبًا يَوْمَ يَنظُرُ الْمَرْءُ مَا قَدَّمَتْ يَدَاهُ وَيَقُولُ الْكَافِرُ يَا لَيْتَنِي كُنتُ تُرَابًا,يَٰلَيْتَنِى,ambiguous_verse,multiple_optimal_paths,78:40
78:40:14,,إِنَّا أَنذَرْنَاكُمْ عَذَابًا قَرِيبًا يَوْمَ يَنظُرُ الْمَرْءُ مَا قَدَّمَتْ يَدَاهُ وَيَقُولُ الْكَافِرُ يَا لَيْتَنِي كُنتُ تُرَابًا,كُنتُ,ambiguous_verse,multiple_optimal_paths,78:40
78:40:15,,إِنَّا أَنذَرْنَاكُمْ عَذَابًا قَرِيبًا يَوْمَ يَنظُرُ الْمَرْءُ مَا قَدَّمَتْ يَدَاهُ وَيَقُولُ الْكَافِرُ يَا لَيْتَنِي كُنتُ تُرَابًا,تُرَٰبًۢا,ambiguous_verse,multiple_optimal_paths,78:40
79:10:2,79:10:2,أَإِنَّا,أَءِنَّا,surface_mismatch,1:1;no_annotation_transferred,79:10
79:10:4,79:10:4,فِي,فِى,surface_mismatch,1:1;no_annotation_transferred,79:10
79:11:1,79:11:1,أَإِذَا,أَءِذَا,surface_mismatch,1:1;no_annotation_transferred,79:11
79:13:2,79:13:2,هِيَ,هِىَ,surface_mismatch,1:1;no_annotation_transferred,79:13
79:15:2,79:15:2,أَتَاكَ,أَتَىٰكَ,surface_mismatch,1:1;no_annotation_transferred,79:15
79:16:2,79:16:2,نَادَاهُ,نَادَىٰهُ,surface_mismatch,1:1;no_annotation_transferred,79:16
79:20:1,79:20:1,فَأَرَاهُ,فَأَرَىٰهُ,surface_mismatch,1:1;no_annotation_transferred,79:20
79:20:2,79:20:2,الْآيَةَ,ٱلْءَايَةَ,surface_mismatch,1:1;no_annotation_transferred,79:20
79:25:4,79:25:4,الْآخِرَةِ,ٱلْءَاخِرَةِ,surface_mismatch,1:1;no_annotation_transferred,79:25
79:26:2,79:26:2,فِي,فِى,surface_mismatch,1:1;no_annotation_transferred,79:26
79:27:1,79:27:1,أَأَنتُمْ,ءَأَنتُمْ,surface_mismatch,1:1;no_annotation_transferred,79:27
79:27:6,79:27:6,بَنَاهَا,بَنَىٰهَا,surface_mismatch,1:1;no_annotation_transferred,79:27
79:28:3,79:28:3,فَسَوَّاهَا,فَسَوَّىٰهَا,surface_mismatch,1:1;no_annotation_transferred,79:28
79:29:4,79:29:4,ضُحَاهَا,ضُحَىٰهَا,surface_mismatch,1:1;no_annotation_transferred,79:29
79:30:4,79:30:4,دَحَاهَا,دَحَىٰهَآ,surface_mismatch,1:1;no_annotation_transferred,79:30
79:31:4,79:31:4,وَمَرْعَاهَا,وَمَرْعَىٰهَا,surface_mismatch,1:1;no_annotation_transferred,79:31
79:32:2,79:32:2,أَرْسَاهَا,أَرْسَىٰهَا,surface_mismatch,1:1;no_annotation_transferred,79:32
79:38:1,79:38:1,وَآثَرَ,وَءَاثَرَ,surface_mismatch,1:1;no_annotation_transferred,79:38
79:38:2,79:38:2,الْحَيَاةَ,ٱلْحَيَوٰةَ,surface_mismatch,1:1;no_annotation_transferred,79:38
79:39:3,79:39:3,هِيَ,هِىَ,surface_mismatch,1:1;no_annotation_transferred,79:39
79:41:3,79:41:3,هِيَ,هِىَ,surface_mismatch,1:1;no_annotation_transferred,79:41
79:42:1,79:42:1,يَسْأَلُونَكَ,يَسْـَٔلُونَكَ,surface_mismatch,1:1;no_annotation_transferred,79:42
79:42:5,79:42:5,مُرْسَاهَا,مُرْسَىٰهَا,surface_mismatch,1:1;no_annotation_transferred,79:42
79:43:4,79:43:4,ذِكْرَاهَا,ذِكْرَىٰهَآ,surface_mismatch,1:1;no_annotation_transferred,79:43
79:44:3,79:44:3,مُنتَهَاهَا,مُنتَهَىٰهَآ,surface_mismatch,1:1;no_annotation_transferred,79:44
79:45:5,79:45:5,يَخْشَاهَا,يَخْشَىٰهَا,surface_mismatch,1:1;no_annotation_transferred,79:45
79:46:9,79:46:9,ضُحَاهَا,ضُحَىٰهَا,surface_mismatch,1:1;no_annotation_transferred,79:46
80:13:1,80:13:1,فِي,فِى,surface_mismatch,1:1;no_annotation_transferred,80:13
80:15:1,80:15:1,بِأَيْدِي,بِأَيْدِى,surface_mismatch,1:1;no_annotation_transferred,80:15
80:18:2,80:18:2,أَيِّ,أَىِّ,surface_mismatch,1:1;no_annotation_transferred,80:18
80:18:3,80:18:3,شَيْءٍ,شَىْءٍ,surface_mismatch,1:1;no_annotation_transferred,80:18
81:8:2,81:8:2,الْمَوْءُودَةُ,ٱلْمَوْءُۥدَةُ,surface_mismatch,1:1;no_annotation_transferred,81:8
81:9:1,81:9:1,بِأَيِّ,بِأَىِّ,surface_mismatch,1:1;no_annotation_transferred,81:9
81:17:1,81:17:1,وَاللَّيْلِ,وَٱلَّيْلِ,surface_mismatch,1:1;no_annotation_transferred,81:17
81:20:1,81:20:1,ذِي,ذِى,surface_mismatch,1:1;no_annotation_transferred,81:20
81:20:4,81:20:4,ذِي,ذِى,surface_mismatch,1:1;no_annotation_transferred,81:20
81:23:2,81:23:2,رَآهُ,رَءَاهُ,surface_mismatch,1:1;no_annotation_transferred,81:23
82:7:1,82:7:1,الَّذِي,ٱلَّذِى,surface_mismatch,1:1;no_annotation_transferred,82:7
82:7:3,82:7:3,فَسَوَّاكَ,فَسَوَّىٰكَ,surface_mismatch,1:1;no_annotation_transferred,82:7
82:8:1,82:8:1,فِي,فِىٓ,surface_mismatch,1:1;no_annotation_transferred,82:8
82:8:2,82:8:2,أَيِّ,أَىِّ,surface_mismatch,1:1;no_annotation_transferred,82:8
82:13:3,82:13:3,لَفِي,لَفِى,surface_mismatch,1:1;no_annotation_transferred,82:13
82:14:3,82:14:3,لَفِي,لَفِى,surface_mismatch,1:1;no_annotation_transferred,82:14
82:17:2,82:17:2,أَدْرَاكَ,أَدْرَىٰكَ,surface_mismatch,1:1;no_annotation_transferred,82:17
82:18:3,82:18:3,أَدْرَاكَ,أَدْرَىٰكَ,surface_mismatch,1:1;no_annotation_transferred,82:18
82:19:6,82:19:6,شَيْئًا,شَيْـًٔا,surface_mismatch,1:1;no_annotation_transferred,82:19
83:7:5,83:7:5,لَفِي,لَفِى,surface_mismatch,1:1;no_annotation_transferred,83:7
83:8:2,83:8:2,أَدْرَاكَ,أَدْرَىٰكَ,surface_mismatch,1:1;no_annotation_transferred,83:8
83:13:4,83:13:4,آيَاتُنَا,ءَايَٰتُنَا,surface_mismatch,1:1;no_annotation_transferred,83:13
83:16:3,83:16:3,لَصَالُو,لَصَالُوا۟,surface_mismatch,1:1;no_annotation_transferred,83:16
83:17:4,83:17:4,الَّذِي,ٱلَّذِى,surface_mismatch,1:1;no_annotation_transferred,83:17
83:18:5,83:18:5,لَفِي,لَفِى,surface_mismatch,1:1;no_annotation_transferred,83:18
83:19:2,83:19:2,أَدْرَاكَ,أَدْرَىٰكَ,surface_mismatch,1:1;no_annotation_transferred,83:19
83:22:3,83:22:3,لَفِي,لَفِى,surface_mismatch,1:1;no_annotation_transferred,83:22
83:24:2,83:24:2,فِي,فِى,surface_mismatch,1:1;no_annotation_transferred,83:24
83:26:3,83:26:3,وَفِي,وَفِى,surface_mismatch,1:1;no_annotation_transferred,83:26
83:29:7,83:29:7,آمَنُوا,ءَامَنُوا۟,surface_mismatch,1:1;no_annotation_transferred,83:29
83:34:3,83:34:3,آمَنُوا,ءَامَنُوا۟,surface_mismatch,1:1;no_annotation_transferred,83:34
84:7:3,84:7:3,أُوتِيَ,أُوتِىَ,surface_mismatch,1:1;no_annotation_transferred,84:7
84:10:3,84:10:3,أُوتِيَ,أُوتِىَ,surface_mismatch,1:1;no_annotation_transferred,84:10
84:11:2,84:11:2,يَدْعُو,يَدْعُوا۟,surface_mismatch,1:1;no_annotation_transferred,84:11
84:13:3,84:13:3,فِي,فِىٓ,surface_mismatch,1:1;no_annotation_transferred,84:13
84:17:1,84:17:1,وَاللَّيْلِ,وَٱلَّيْلِ,surface_mismatch,1:1;no_annotation_transferred,84:17
84:21:4,84:21:4,الْقُرْآنُ,ٱلْقُرْءَانُ,surface_mismatch,1:1;no_annotation_transferred,84:21
84:25:3,84:25:3,آمَنُوا,ءَامَنُوا۟,surface_mismatch,1:1;no_annotation_transferred,84:25
85:9:1,85:9:1,الَّذِي,ٱلَّذِى,surface_mismatch,1:1;no_annotation_transferred,85:9
85:9:9,85:9:9,شَيْءٍ,شَىْءٍ,surface_mismatch,1:1;no_annotation_transferred,85:9
85:11:3,85:11:3,آمَنُوا,ءَامَنُوا۟,surface_mismatch,1:1;no_annotation_transferred,85:11
85:11:8,85:11:8,تَجْرِي,تَجْرِى,surface_mismatch,1:1;no_annotation_transferred,85:11
85:17:2,85:17:2,أَتَاكَ,أَتَىٰكَ,surface_mismatch,1:1;no_annotation_transferred,85:17
85:19:4,85:19:4,فِي,فِى,surface_mismatch,1:1;no_annotation_transferred,85:19
85:21:3,85:21:3,قُرْآنٌ,قُرْءَانٌ,surface_mismatch,1:1;no_annotation_transferred,85:21
85:22:1,85:22:1,فِي,فِى,surface_mismatch,1:1;no_annotation_transferred,85:22
86:2:2,86:2:2,أَدْرَاكَ,أَدْرَىٰكَ,surface_mismatch,1:1;no_annotation_transferred,86:2
87:2:1,87:2:1,الَّذِي,ٱلَّذِى,surface_mismatch,1:1;no_annotation_transferred,87:2
87:3:1,87:3:1,وَالَّذِي,وَٱلَّذِى,surface_mismatch,1:1;no_annotation_transferred,87:3
87:4:1,87:4:1,وَالَّذِي,وَٱلَّذِىٓ,surface_mismatch,1:1;no_annotation_transferred,87:4
87:12:1,87:12:1,الَّذِي,ٱلَّذِى,surface_mismatch,1:1;no_annotation_transferred,87:12
87:16:3,87:16:3,الْحَيَاةَ,ٱلْحَيَوٰةَ,surface_mismatch,1:1;no_annotation_transferred,87:16
87:17:1,87:17:1,وَالْآخِرَةُ,وَٱلْءَاخِرَةُ,surface_mismatch,1:1;no_annotation_transferred,87:17
87:18:3,87:18:3,لَفِي,لَفِى,surface_mismatch,1:1;no_annotation_transferred,87:18
88:1:2,88:1:6,أَتَاكَ,أَتَىٰكَ,surface_mismatch,1:1;no_annotation_transferred,88:1
88:5:4,88:5:4,آنِيَةٍ,ءَانِيَةٍ,surface_mismatch,1:1;no_annotation_transferred,88:5
88:7:4,88:7:4,يُغْنِي,يُغْنِى,surface_mismatch,1:1;no_annotation_transferred,88:7
88:10:1,88:10:1,فِي,فِى,surface_mismatch,1:1;no_annotation_transferred,88:10
88:16:1,88:16:1,وَزَرَابِيُّ,وَزَرَابِىُّ,surface_mismatch,1:1;no_annotation_transferred,88:16
89:4:1,89:4:1,وَاللَّيْلِ,وَٱلَّيْلِ,surface_mismatch,1:1;no_annotation_transferred,89:4
89:5:2,89:5:2,فِي,فِى,surface_mismatch,1:1;no_annotation_transferred,89:5
89:5:5,89:5:5,لِّذِي,لِّذِى,surface_mismatch,1:1;no_annotation_transferred,89:5
89:8:1,89:8:1,الَّتِي,ٱلَّتِى,surface_mismatch,1:1;no_annotation_transferred,89:8
89:8:5,89:8:5,فِي,فِى,surface_mismatch,1:1;no_annotation_transferred,89:8
89:10:2,89:10:2,ذِي,ذِى,surface_mismatch,1:1;no_annotation_transferred,89:10
89:11:3,89:11:3,فِي,فِى,surface_mismatch,1:1;no_annotation_transferred,89:11
89:15:5,89:15:5,ابْتَلَاهُ,ٱبْتَلَىٰهُ,surface_mismatch,1:1;no_annotation_transferred,89:15
89:15:10,89:15:10,رَبِّي,رَبِّىٓ,surface_mismatch,1:1;no_annotation_transferred,89:15
89:16:4,89:16:4,ابْتَلَاهُ,ٱبْتَلَىٰهُ,surface_mismatch,1:1;no_annotation_transferred,89:16
89:16:9,89:16:9,رَبِّي,رَبِّىٓ,surface_mismatch,1:1;no_annotation_transferred,89:16
89:23:1,89:23:1,وَجِيءَ,وَجِا۟ىٓءَ,surface_mismatch,1:1;no_annotation_transferred,89:23
89:24:1,,يَقُولُ يَا لَيْتَنِي قَدَّمْتُ لِحَيَاتِي,يَقُولُ,ambiguous_verse,multiple_optimal_paths,89:24
89:24:2,,يَقُولُ يَا لَيْتَنِي قَدَّمْتُ لِحَيَاتِي,يَٰلَيْتَنِى,ambiguous_verse,multiple_optimal_paths,89:24
89:24:3,,يَقُولُ يَا لَيْتَنِي قَدَّمْتُ لِحَيَاتِي,قَدَّمْتُ,ambiguous_verse,multiple_optimal_paths,89:24
89:24:4,,يَقُولُ يَا لَيْتَنِي قَدَّمْتُ لِحَيَاتِي,لِحَيَاتِى,ambiguous_verse,multiple_optimal_paths,89:24
89:28:1,89:28:1,ارْجِعِي,ٱرْجِعِىٓ,surface_mismatch,1:1;no_annotation_transferred,89:28
89:29:1,89:29:1,فَادْخُلِي,فَٱدْخُلِى,surface_mismatch,1:1;no_annotation_transferred,89:29
89:29:2,89:29:2,فِي,فِى,surface_mismatch,1:1;no_annotation_transferred,89:29
89:29:3,89:29:3,عِبَادِي,عِبَٰدِى,surface_mismatch,1:1;no_annotation_transferred,89:29
89:30:1,89:30:1,وَادْخُلِي,وَٱدْخُلِى,surface_mismatch,1:1;no_annotation_transferred,89:30
89:30:2,89:30:2,جَنَّتِي,جَنَّتِى,surface_mismatch,1:1;no_annotation_transferred,89:30
90:4:4,90:4:4,فِي,فِى,surface_mismatch,1:1;no_annotation_transferred,90:4
90:12:2,90:12:2,أَدْرَاكَ,أَدْرَىٰكَ,surface_mismatch,1:1;no_annotation_transferred,90:12
90:14:3,90:14:3,فِي,فِى,surface_mismatch,1:1;no_annotation_transferred,90:14
90:14:5,90:14:5,ذِي,ذِى,surface_mismatch,1:1;no_annotation_transferred,90:14
90:17:5,90:17:5,آمَنُوا,ءَامَنُوا۟,surface_mismatch,1:1;no_annotation_transferred,90:17
90:19:3,90:19:3,بِآيَاتِنَا,بِـَٔايَٰتِنَا,surface_mismatch,1:1;no_annotation_transferred,90:19
90:19:6,90:19:6,الْمَشْأَمَةِ,ٱلْمَشْـَٔمَةِ,surface_mismatch,1:1;no_annotation_transferred,90:19
91:1:2,91:1:6,وَضُحَاهَا,وَضُحَىٰهَا,surface_mismatch,1:1;no_annotation_transferred,91:1
91:2:3,91:2:3,تَلَاهَا,تَلَىٰهَا,surface_mismatch,1:1;no_annotation_transferred,91:2
91:3:3,91:3:3,جَلَّاهَا,جَلَّىٰهَا,surface_mismatch,1:1;no_annotation_transferred,91:3
91:4:1,91:4:1,وَاللَّيْلِ,وَٱلَّيْلِ,surface_mismatch,1:1;no_annotation_transferred,91:4
91:4:3,91:4:3,يَغْشَاهَا,يَغْشَىٰهَا,surface_mismatch,1:1;no_annotation_transferred,91:4
91:5:3,91:5:3,بَنَاهَا,بَنَىٰهَا,surface_mismatch,1:1;no_annotation_transferred,91:5
91:6:3,91:6:3,طَحَاهَا,طَحَىٰهَا,surface_mismatch,1:1;no_annotation_transferred,91:6
91:7:3,91:7:3,سَوَّاهَا,سَوَّىٰهَا,surface_mismatch,1:1;no_annotation_transferred,91:7
91:8:3,91:8:3,وَتَقْوَاهَا,وَتَقْوَىٰهَا,surface_mismatch,1:1;no_annotation_transferred,91:8
91:9:4,91:9:4,زَكَّاهَا,زَكَّىٰهَا,surface_mismatch,1:1;no_annotation_transferred,91:9
91:10:4,91:10:4,دَسَّاهَا,دَسَّىٰهَا,surface_mismatch,1:1;no_annotation_transferred,91:10
91:11:3,91:11:3,بِطَغْوَاهَا,بِطَغْوَىٰهَآ,surface_mismatch,1:1;no_annotation_transferred,91:11
91:12:3,91:12:3,أَشْقَاهَا,أَشْقَىٰهَا,surface_mismatch,1:1;no_annotation_transferred,91:12
91:14:7,91:14:7,فَسَوَّاهَا,فَسَوَّىٰهَا,surface_mismatch,1:1;no_annotation_transferred,91:14
92:1:1,92:1:5,وَاللَّيْلِ,وَٱلَّيْلِ,surface_mismatch,1:1;no_annotation_transferred,92:1
92:11:2,92:11:2,يُغْنِي,يُغْنِى,surface_mismatch,1:1;no_annotation_transferred,92:11
92:13:3,92:13:3,لَلْآخِرَةَ,لَلْءَاخِرَةَ,surface_mismatch,1:1;no_annotation_transferred,92:13
92:15:2,92:15:2,يَصْلَاهَا,يَصْلَىٰهَآ,surface_mismatch,1:1;no_annotation_transferred,92:15
92:16:1,92:16:1,الَّذِي,ٱلَّذِى,surface_mismatch,1:1;no_annotation_transferred,92:16
92:18:1,92:18:1,الَّذِي,ٱلَّذِى,surface_mismatch,1:1;no_annotation_transferred,92:18
92:18:2,92:18:2,يُؤْتِي,يُؤْتِى,surface_mismatch,1:1;no_annotation_transferred,92:18
93:2:1,93:2:1,وَاللَّيْلِ,وَٱلَّيْلِ,surface_mismatch,1:1;no_annotation_transferred,93:2
93:4:1,93:4:1,وَلَلْآخِرَةُ,وَلَلْءَاخِرَةُ,surface_mismatch,1:1;no_annotation_transferred,93:4
93:6:4,93:6:4,فَآوَىٰ,فَـَٔاوَىٰ,surface_mismatch,1:1;no_annotation_transferred,93:6
94:3:1,94:3:1,الَّذِي,ٱلَّذِىٓ,surface_mismatch,1:1;no_annotation_transferred,94:3
95:4:4,95:4:4,فِي,فِىٓ,surface_mismatch,1:1;no_annotation_transferred,95:4
95:6:3,95:6:3,آمَنُوا,ءَامَنُوا۟,surface_mismatch,1:1;no_annotation_transferred,95:6
96:1:4,96:1:8,الَّذِي,ٱلَّذِى,surface_mismatch,1:1;no_annotation_transferred,96:1
96:4:1,96:4:1,الَّذِي,ٱلَّذِى,surface_mismatch,1:1;no_annotation_transferred,96:4
96:7:2,96:7:2,رَّآهُ,رَّءَاهُ,surface_mismatch,1:1;no_annotation_transferred,96:7
96:9:1,96:9:1,أَرَأَيْتَ,أَرَءَيْتَ,surface_mismatch,1:1;no_annotation_transferred,96:9
96:9:2,96:9:2,الَّذِي,ٱلَّذِى,surface_mismatch,1:1;no_annotation_transferred,96:9
96:11:1,96:11:1,أَرَأَيْتَ,أَرَءَيْتَ,surface_mismatch,1:1;no_annotation_transferred,96:11
96:13:1,96:13:1,أَرَأَيْتَ,أَرَءَيْتَ,surface_mismatch,1:1;no_annotation_transferred,96:13
97:1:3,97:1:7,فِي,فِى,surface_mismatch,1:1;no_annotation_transferred,97:1
97:2:2,97:2:2,أَدْرَاكَ,أَدْرَىٰكَ,surface_mismatch,1:1;no_annotation_transferred,97:2
97:5:2,97:5:2,هِيَ,هِىَ,surface_mismatch,1:1;no_annotation_transferred,97:5
98:2:4,98:2:4,يَتْلُو,يَتْلُوا۟,surface_mismatch,1:1;no_annotation_transferred,98:2
98:5:11,98:5:11,الصَّلَاةَ,ٱلصَّلَوٰةَ,surface_mismatch,1:1;no_annotation_transferred,98:5
98:5:13,98:5:13,الزَّكَاةَ,ٱلزَّكَوٰةَ,surface_mismatch,1:1;no_annotation_transferred,98:5
98:6:8,98:6:8,فِي,فِى,surface_mismatch,1:1;no_annotation_transferred,98:6
98:7:3,98:7:3,آمَنُوا,ءَامَنُوا۟,surface_mismatch,1:1;no_annotation_transferred,98:7
98:8:6,98:8:6,تَجْرِي,تَجْرِى,surface_mismatch,1:1;no_annotation_transferred,98:8
98:8:13,98:8:13,رَّضِيَ,رَّضِىَ,surface_mismatch,1:1;no_annotation_transferred,98:8
98:8:20,98:8:20,خَشِيَ,خَشِىَ,surface_mismatch,1:1;no_annotation_transferred,98:8
100:9:6,100:9:6,فِي,فِى,surface_mismatch,1:1;no_annotation_transferred,100:9
100:10:3,100:10:3,فِي,فِى,surface_mismatch,1:1;no_annotation_transferred,100:10
101:3:2,101:3:2,أَدْرَاكَ,أَدْرَىٰكَ,surface_mismatch,1:1;no_annotation_transferred,101:3
101:7:2,101:7:2,فِي,فِى,surface_mismatch,1:1;no_annotation_transferred,101:7
101:10:2,101:10:2,أَدْرَاكَ,أَدْرَىٰكَ,surface_mismatch,1:1;no_annotation_transferred,101:10
102:1:1,102:1:5,أَلْهَاكُمُ,أَلْهَىٰكُمُ,surface_mismatch,1:1;no_annotation_transferred,102:1
102:8:2,102:8:2,لَتُسْأَلُنَّ,لَتُسْـَٔلُنَّ,surface_mismatch,1:1;no_annotation_transferred,102:8
103:2:3,103:2:3,لَفِي,لَفِى,surface_mismatch,1:1;no_annotation_transferred,103:2
103:3:3,103:3:3,آمَنُوا,ءَامَنُوا۟,surface_mismatch,1:1;no_annotation_transferred,103:3
104:2:1,104:2:1,الَّذِي,ٱلَّذِى,surface_mismatch,1:1;no_annotation_transferred,104:2
104:4:3,104:4:3,فِي,فِى,surface_mismatch,1:1;no_annotation_transferred,104:4
104:5:2,104:5:2,أَدْرَاكَ,أَدْرَىٰكَ,surface_mismatch,1:1;no_annotation_transferred,104:5
104:7:1,104:7:1,الَّتِي,ٱلَّتِى,surface_mismatch,1:1;no_annotation_transferred,104:7
104:7:4,104:7:4,الْأَفْئِدَةِ,ٱلْأَفْـِٔدَةِ,surface_mismatch,1:1;no_annotation_transferred,104:7
104:9:1,104:9:1,فِي,فِى,surface_mismatch,1:1;no_annotation_transferred,104:9
105:2:4,105:2:4,فِي,فِى,surface_mismatch,1:1;no_annotation_transferred,105:2
106:2:1,106:2:1,إِيلَافِهِمْ,إِۦلَٰفِهِمْ,surface_mismatch,1:1;no_annotation_transferred,106:2
106:4:1,106:4:1,الَّذِي,ٱلَّذِىٓ,surface_mismatch,1:1;no_annotation_transferred,106:4
106:4:5,106:4:5,وَآمَنَهُم,وَءَامَنَهُم,surface_mismatch,1:1;no_annotation_transferred,106:4
107:1:1,107:1:5,أَرَأَيْتَ,أَرَءَيْتَ,surface_mismatch,1:1;no_annotation_transferred,107:1
107:1:2,107:1:6,الَّذِي,ٱلَّذِى,surface_mismatch,1:1;no_annotation_transferred,107:1
107:2:2,107:2:2,الَّذِي,ٱلَّذِى,surface_mismatch,1:1;no_annotation_transferred,107:2
109:6:3,109:6:3,وَلِيَ,وَلِىَ,surface_mismatch,1:1;no_annotation_transferred,109:6
110:2:4,110:2:4,فِي,فِى,surface_mismatch,1:1;no_annotation_transferred,110:2
111:1:3,111:1:7,أَبِي,أَبِى,surface_mismatch,1:1;no_annotation_transferred,111:1
111:5:1,111:5:1,فِي,فِى,surface_mismatch,1:1;no_annotation_transferred,111:5
113:4:4,113:4:4,فِي,فِى,surface_mismatch,1:1;no_annotation_transferred,113:4
114:5:1,114:5:1,الَّذِي,ٱلَّذِى,surface_mismatch,1:1;no_annotation_transferred,114:5
114:5:3,114:5:3,فِي,فِى,surface_mismatch,1:1;no_annotation_transferred,114:5
