verse_id,left_segment_id,right_segment_id,left_token_ids,right_token_ids,left_person_gender_number,right_person_gender_number,person_changes,profile_id,scope
1:5,1:5:2:1,1:5:4:1,1:5:2,1:5:4,1P,1P,0,qac_v0.4_aligned,numbered_aligned
2:3,2:3:2:1,2:3:4:2,2:3:2,2:3:4,3MP,3MP,0,qac_v0.4_aligned,numbered_aligned
2:3,2:3:4:2,2:3:7:1,2:3:4,2:3:7,3MP,1P,1,qac_v0.4_aligned,numbered_aligned
2:3,2:3:7:1,2:3:8:1,2:3:7,2:3:8,1P,3MP,1,qac_v0.4_aligned,numbered_aligned
2:4,2:4:2:1,2:4:4:1,2:4:2,2:4:4,3MP,3MS,0,qac_v0.4_aligned,numbered_aligned
2:4,2:4:4:1,2:4:7:1,2:4:4,2:4:7,3MS,3MS,0,qac_v0.4_aligned,numbered_aligned
2:4,2:4:7:1,2:4:12:1,2:4:7,2:4:12,3MS,3MP,0,qac_v0.4_aligned,numbered_aligned
2:6,2:6:9:1,2:6:11:1,2:6:9,2:6:11,2MS,3MP,1,qac_v0.4_aligned,numbered_aligned
2:9,2:9:6:1,2:9:10:1,2:9:6,2:9:10,3MP,3MP,0,qac_v0.4_aligned,numbered_aligned
2:10,2:10:4:2,2:10:11:1,2:10:4,2:10:11,3MS,3MP,0,qac_v0.4_aligned,numbered_aligned
2:10,2:10:11:1,2:10:12:1,2:10:11,2:10:12,3MP,3MP,0,qac_v0.4_aligned,numbered_aligned
2:11,2:11:2:1,2:11:5:1,2:11:2,2:11:5,3MS,2MP,1,qac_v0.4_aligned,numbered_aligned
2:11,2:11:5:1,2:11:8:1,2:11:5,2:11:8,2MP,3MP,1,qac_v0.4_aligned,numbered_aligned
2:13,2:13:8:1,2:13:9:2,2:13:8,2:13:9,3MP,1P,1,qac_v0.4_aligned,numbered_aligned
2:14,2:14:8:1,2:14:11:1,2:14:8,2:14:11,3MP,3MP,0,qac_v0.4_aligned,numbered_aligned
2:15,2:15:2:1,2:15:4:2,2:15:2,2:15:4,3MS,3MS,0,qac_v0.4_aligned,numbered_aligned
2:15,2:15:4:2,2:15:7:1,2:15:4,2:15:7,3MS,3MP,0,qac_v0.4_aligned,numbered_aligned
2:16,2:16:3:1,2:16:7:1,2:16:3,2:16:7,3MP,3FS,0,qac_v0.4_aligned,numbered_aligned
2:16,2:16:7:1,2:16:10:1,2:16:7,2:16:10,3FS,3MP,0,qac_v0.4_aligned,numbered_aligned
2:17,2:17:4:1,2:17:7:1,2:17:4,2:17:7,3MS,3FS,0,qac_v0.4_aligned,numbered_aligned
2:17,2:17:7:1,2:17:10:1,2:17:7,2:17:10,3FS,3MS,0,qac_v0.4_aligned,numbered_aligned
2:17,2:17:10:1,2:17:13:2,2:17:10,2:17:13,3MS,3MS,0,qac_v0.4_aligned,numbered_aligned
2:17,2:17:13:2,2:17:17:1,2:17:13,2:17:17,3MS,3MP,0,qac_v0.4_aligned,numbered_aligned
2:20,2:20:1:1,2:20:3:1,2:20:1,2:20:3,3MS,3MS,0,qac_v0.4_aligned,numbered_aligned
2:20,2:20:3:1,2:20:6:1,2:20:3,2:20:6,3MS,3MS,0,qac_v0.4_aligned,numbered_aligned
2:20,2:20:6:1,2:20:8:1,2:20:6,2:20:8,3MS,3MP,0,qac_v0.4_aligned,numbered_aligned
2:20,2:20:8:1,2:20:11:1,2:20:8,2:20:11,3MP,3MS,0,qac_v0.4_aligned,numbered_aligned
2:20,2:20:11:1,2:20:13:1,2:20:11,2:20:13,3MS,3MP,0,qac_v0.4_aligned,numbered_aligned
2:20,2:20:13:1,2:20:15:1,2:20:13,2:20:15,3MP,3MS,0,qac_v0.4_aligned,numbered_aligned
2:20,2:20:15:1,2:20:17:2,2:20:15,2:20:17,3MS,3MS,0,qac_v0.4_aligned,numbered_aligned
2:21,2:21:3:1,2:21:6:1,2:21:4,2:21:7,2MP,3MS,1,qac_v0.4_aligned,numbered_aligned
2:21,2:21:6:1,2:21:11:1,2:21:7,2:21:12,3MS,2MP,1,qac_v0.4_aligned,numbered_aligned
2:22,2:22:2:1,2:22:8:2,2:22:2,2:22:8,3MS,3MS,0,qac_v0.4_aligned,numbered_aligned
2:22,2:22:8:2,2:22:12:2,2:22:8,2:22:12,3MS,3MS,0,qac_v0.4_aligned,numbered_aligned
2:22,2:22:12:2,2:22:19:1,2:22:12,2:22:19,3MS,2MP,1,qac_v0.4_aligned,numbered_aligned
2:22,2:22:19:1,2:22:23:1,2:22:19,2:22:23,2MP,2MP,0,qac_v0.4_aligned,numbered_aligned
2:23,2:23:2:1,2:23:6:1,2:23:2,2:23:6,2MP,1P,1,qac_v0.4_aligned,numbered_aligned
2:23,2:23:6:1,2:23:9:2,2:23:6,2:23:9,1P,2MP,1,qac_v0.4_aligned,numbered_aligned
2:23,2:23:9:2,2:23:13:2,2:23:9,2:23:13,2MP,2MP,0,qac_v0.4_aligned,numbered_aligned
2:23,2:23:13:2,2:23:19:1,2:23:13,2:23:19,2MP,2MP,0,qac_v0.4_aligned,numbered_aligned
2:24,2:24:3:1,2:24:5:1,2:24:3,2:24:5,2MP,2MP,0,qac_v0.4_aligned,numbered_aligned
2:24,2:24:5:1,2:24:6:2,2:24:5,2:24:6,2MP,2MP,0,qac_v0.4_aligned,numbered_aligned
2:24,2:24:6:2,2:24:12:1,2:24:6,2:24:12,2MP,3FS,1,qac_v0.4_aligned,numbered_aligned
2:25,2:25:14:1,2:25:19:1,2:25:14,2:25:19,3MP,3MP,0,qac_v0.4_aligned,numbered_aligned
2:25,2:25:19:1,2:25:22:1,2:25:19,2:25:22,3MP,1P,1,qac_v0.4_aligned,numbered_aligned
2:25,2:25:22:1,2:25:25:2,2:25:22,2:25:25,1P,3MP,1,qac_v0.4_aligned,numbered_aligned
2:26,2:26:15:2,2:26:22:1,2:26:15,2:26:22,3MP,3MP,0,qac_v0.4_aligned,numbered_aligned
2:26,2:26:22:1,2:26:23:2,2:26:22,2:26:23,3MP,3MP,0,qac_v0.4_aligned,numbered_aligned
2:26,2:26:23:2,2:26:25:1,2:26:23,2:26:25,3MP,3MS,0,qac_v0.4_aligned,numbered_aligned
2:26,2:26:25:1,2:26:29:1,2:26:25,2:26:29,3MS,3MS,0,qac_v0.4_aligned,numbered_aligned
2:27,2:27:2:1,2:27:8:2,2:27:2,2:27:8,3MP,3MP,0,qac_v0.4_aligned,numbered_aligned
2:27,2:27:8:2,2:27:10:1,2:27:8,2:27:10,3MP,3MS,0,qac_v0.4_aligned,numbered_aligned
2:27,2:27:10:1,2:27:14:1,2:27:10,2:27:14,3MS,3MS,0,qac_v0.4_aligned,numbered_aligned
2:27,2:27:14:1,2:27:15:2,2:27:14,2:27:15,3MS,3MP,0,qac_v0.4_aligned,numbered_aligned
2:28,2:28:2:1,2:28:4:2,2:28:2,2:28:4,2MP,2MP,0,qac_v0.4_aligned,numbered_aligned
2:28,2:28:4:2,2:28:6:2,2:28:4,2:28:6,2MP,3MS,1,qac_v0.4_aligned,numbered_aligned
2:28,2:28:6:2,2:28:8:1,2:28:6,2:28:8,3MS,3MS,0,qac_v0.4_aligned,numbered_aligned
2:28,2:28:8:1,2:28:10:1,2:28:8,2:28:10,3MS,3MS,0,qac_v0.4_aligned,numbered_aligned
2:28,2:28:10:1,2:28:13:1,2:28:10,2:28:13,3MS,2MP,1,qac_v0.4_aligned,numbered_aligned
2:29,2:29:3:1,2:29:10:1,2:29:3,2:29:10,3MS,3MS,0,qac_v0.4_aligned,numbered_aligned
2:30,2:30:2:1,2:30:10:1,2:30:2,2:30:10,3MS,3MP,0,qac_v0.4_aligned,numbered_aligned
2:30,2:30:10:1,2:30:11:2,2:30:10,2:30:11,3MP,2MS,1,qac_v0.4_aligned,numbered_aligned
2:30,2:30:11:2,2:30:14:1,2:30:11,2:30:14,2MS,3MS,1,qac_v0.4_aligned,numbered_aligned
2:30,2:30:14:1,2:30:16:2,2:30:14,2:30:16,3MS,3MS,0,qac_v0.4_aligned,numbered_aligned
2:30,2:30:16:2,2:30:19:1,2:30:16,2:30:19,3MS,1P,1,qac_v0.4_aligned,numbered_aligned
2:30,2:30:19:1,2:30:21:2,2:30:19,2:30:21,1P,1P,0,qac_v0.4_aligned,numbered_aligned
2:30,2:30:21:2,2:30:23:1,2:30:21,2:30:23,1P,3MS,1,qac_v0.4_aligned,numbered_aligned
2:30,2:30:23:1,2:30:25:1,2:30:23,2:30:25,3MS,1S,1,qac_v0.4_aligned,numbered_aligned
2:30,2:30:25:1,2:30:28:1,2:30:25,2:30:28,1S,2MP,1,qac_v0.4_aligned,numbered_aligned
2:31,2:31:1:2,2:31:6:1,2:31:1,2:31:6,3MS,3MS,0,qac_v0.4_aligned,numbered_aligned
2:31,2:31:6:1,2:31:9:2,2:31:6,2:31:9,3MS,3MS,0,qac_v0.4_aligned,numbered_aligned
2:32,2:32:1:1,2:32:8:1,2:32:1,2:32:8,3MP,2MS,1,qac_v0.4_aligned,numbered_aligned
2:34,2:34:2:1,2:34:4:1,2:34:2,2:34:4,1P,2MP,1,qac_v0.4_aligned,numbered_aligned
2:34,2:34:4:1,2:34:6:2,2:34:4,2:34:6,2MP,3MP,1,qac_v0.4_aligned,numbered_aligned
2:34,2:34:6:2,2:34:9:1,2:34:6,2:34:9,3MP,3MS,0,qac_v0.4_aligned,numbered_aligned
2:34,2:34:9:1,2:34:10:2,2:34:9,2:34:10,3MS,3MS,0,qac_v0.4_aligned,numbered_aligned
2:34,2:34:10:2,2:34:11:2,2:34:10,2:34:11,3MS,3MS,0,qac_v0.4_aligned,numbered_aligned
2:36,2:36:1:2,2:36:4:2,2:36:1,2:36:4,3MS,3MS,0,qac_v0.4_aligned,numbered_aligned
2:36,2:36:4:2,2:36:6:1,2:36:4,2:36:6,3MS,3MD,0,qac_v0.4_aligned,numbered_aligned
2:36,2:36:6:1,2:36:8:2,2:36:6,2:36:8,3MD,1P,1,qac_v0.4_aligned,numbered_aligned
2:36,2:36:8:2,2:36:9:1,2:36:8,2:36:9,1P,2MP,1,qac_v0.4_aligned,numbered_aligned
2:37,2:37:1:2,2:37:6:2,2:37:1,2:37:6,3MS,3MS,0,qac_v0.4_aligned,numbered_aligned
2:38,2:38:1:1,2:38:2:1,2:38:1,2:38:2,1P,2MP,1,qac_v0.4_aligned,numbered_aligned
2:38,2:38:2:1,2:38:6:1,2:38:2,2:38:6,2MP,3MS,1,qac_v0.4_aligned,numbered_aligned
2:38,2:38:6:1,2:38:10:1,2:38:6,2:38:10,3MS,3MS,0,qac_v0.4_aligned,numbered_aligned
2:38,2:38:10:1,2:38:17:1,2:38:10,2:38:17,3MS,3MP,0,qac_v0.4_aligned,numbered_aligned
2:39,2:39:2:1,2:39:3:2,2:39:2,2:39:3,3MP,3MP,0,qac_v0.4_aligned,numbered_aligned
2:41,2:41:3:1,2:41:8:1,2:41:3,2:41:8,1S,2MP,1,qac_v0.4_aligned,numbered_aligned
2:41,2:41:8:1,2:41:13:1,2:41:8,2:41:13,2MP,2MP,0,qac_v0.4_aligned,numbered_aligned
2:41,2:41:13:1,2:41:18:2,2:41:13,2:41:18,2MP,2MP,0,qac_v0.4_aligned,numbered_aligned
2:42,2:42:2:1,2:42:5:2,2:42:2,2:42:5,2MP,2MP,0,qac_v0.4_aligned,numbered_aligned
2:42,2:42:5:2,2:42:8:1,2:42:5,2:42:8,2MP,2MP,0,qac_v0.4_aligned,numbered_aligned
2:44,2:44:1:2,2:44:4:2,2:44:1,2:44:4,2MP,2MP,0,qac_v0.4_aligned,numbered_aligned
2:44,2:44:4:2,2:44:7:1,2:44:4,2:44:7,2MP,2MP,0,qac_v0.4_aligned,numbered_aligned
2:44,2:44:7:1,2:44:10:1,2:44:7,2:44:10,2MP,2MP,0,qac_v0.4_aligned,numbered_aligned
2:48,2:48:10:1,2:48:14:1,2:48:10,2:48:14,3MS,3MS,0,qac_v0.4_aligned,numbered_aligned
2:48,2:48:14:1,2:48:19:1,2:48:14,2:48:19,3MS,3MP,0,qac_v0.4_aligned,numbered_aligned
2:49,2:49:2:1,2:49:6:1,2:49:2,2:49:6,1P,3MP,1,qac_v0.4_aligned,numbered_aligned
2:49,2:49:6:1,2:49:9:1,2:49:6,2:49:9,3MP,3MP,0,qac_v0.4_aligned,numbered_aligned
2:49,2:49:9:1,2:49:11:2,2:49:9,2:49:11,3MP,3MP,0,qac_v0.4_aligned,numbered_aligned
2:50,2:50:2:1,2:50:5:2,2:50:2,2:50:5,1P,1P,0,qac_v0.4_aligned,numbered_aligned
2:50,2:50:5:2,2:50:6:2,2:50:5,2:50:6,1P,1P,0,qac_v0.4_aligned,numbered_aligned
2:50,2:50:6:2,2:50:10:1,2:50:6,2:50:10,1P,2MP,1,qac_v0.4_aligned,numbered_aligned
2:51,2:51:2:1,2:51:7:1,2:51:2,2:51:7,1P,2MP,1,qac_v0.4_aligned,numbered_aligned
2:52,2:52:2:1,2:52:8:1,2:52:2,2:52:8,1P,2MP,1,qac_v0.4_aligned,numbered_aligned
2:54,2:54:2:1,2:54:7:1,2:54:2,2:54:8,3MS,2MP,1,qac_v0.4_aligned,numbered_aligned
2:54,2:54:7:1,2:54:11:2,2:54:8,2:54:12,2MP,2MP,0,qac_v0.4_aligned,numbered_aligned
2:54,2:54:11:2,2:54:14:2,2:54:12,2:54:15,2MP,2MP,0,qac_v0.4_aligned,numbered_aligned
2:54,2:54:14:2,2:54:21:2,2:54:15,2:54:22,2MP,3MS,1,qac_v0.4_aligned,numbered_aligned
2:55,2:55:2:1,2:55:5:1,2:55:2,2:55:6,2MP,1P,1,qac_v0.4_aligned,numbered_aligned
2:55,2:55:5:1,2:55:8:1,2:55:6,2:55:9,1P,1P,0,qac_v0.4_aligned,numbered_aligned
2:55,2:55:8:1,2:55:11:2,2:55:9,2:55:12,1P,3FS,1,qac_v0.4_aligned,numbered_aligned
2:55,2:55:11:2,2:55:14:1,2:55:12,2:55:15,3FS,2MP,1,qac_v0.4_aligned,numbered_aligned
2:56,2:56:2:1,2:56:7:1,2:56:2,2:56:7,1P,2MP,1,qac_v0.4_aligned,numbered_aligned
2:57,2:57:1:2,2:57:4:2,2:57:1,2:57:4,1P,1P,0,qac_v0.4_aligned,numbered_aligned
2:57,2:57:4:2,2:57:8:1,2:57:4,2:57:8,1P,2MP,1,qac_v0.4_aligned,numbered_aligned
2:57,2:57:8:1,2:57:12:1,2:57:8,2:57:12,2MP,1P,1,qac_v0.4_aligned,numbered_aligned
2:57,2:57:12:1,2:57:14:1,2:57:12,2:57:14,1P,3MP,1,qac_v0.4_aligned,numbered_aligned
2:57,2:57:14:1,2:57:16:1,2:57:14,2:57:16,3MP,3MP,0,qac_v0.4_aligned,numbered_aligned
2:57,2:57:16:1,2:57:18:1,2:57:16,2:57:18,3MP,3MP,0,qac_v0.4_aligned,numbered_aligned
2:58,2:58:2:1,2:58:3:1,2:58:2,2:58:3,1P,2MP,1,qac_v0.4_aligned,numbered_aligned
2:58,2:58:3:1,2:58:6:2,2:58:3,2:58:6,2MP,2MP,0,qac_v0.4_aligned,numbered_aligned
2:58,2:58:6:2,2:58:9:1,2:58:6,2:58:9,2MP,2MP,0,qac_v0.4_aligned,numbered_aligned
2:58,2:58:9:1,2:58:11:2,2:58:9,2:58:11,2MP,2MP,0,qac_v0.4_aligned,numbered_aligned
2:58,2:58:11:2,2:58:14:2,2:58:11,2:58:14,2MP,2MP,0,qac_v0.4_aligned,numbered_aligned
2:58,2:58:14:2,2:58:16:1,2:58:14,2:58:16,2MP,1P,1,qac_v0.4_aligned,numbered_aligned
2:58,2:58:16:1,2:58:19:3,2:58:16,2:58:19,1P,1P,0,qac_v0.4_aligned,numbered_aligned
2:59,2:59:1:2,2:59:3:1,2:59:1,2:59:3,3MS,3MP,0,qac_v0.4_aligned,numbered_aligned
2:59,2:59:3:1,2:59:7:1,2:59:3,2:59:7,3MP,3MS,0,qac_v0.4_aligned,numbered_aligned
2:59,2:59:7:1,2:59:9:2,2:59:7,2:59:9,3MS,1P,1,qac_v0.4_aligned,numbered_aligned
2:59,2:59:9:2,2:59:12:1,2:59:9,2:59:12,1P,3MP,1,qac_v0.4_aligned,numbered_aligned
2:59,2:59:12:1,2:59:17:1,2:59:12,2:59:17,3MP,3MP,0,qac_v0.4_aligned,numbered_aligned
2:59,2:59:17:1,2:59:18:1,2:59:17,2:59:18,3MP,3MP,0,qac_v0.4_aligned,numbered_aligned
2:60,2:60:2:1,2:60:5:2,2:60:2,2:60:5,3MS,1P,1,qac_v0.4_aligned,numbered_aligned
2:60,2:60:5:2,2:60:6:1,2:60:5,2:60:6,1P,2MS,1,qac_v0.4_aligned,numbered_aligned
2:60,2:60:6:1,2:60:9:2,2:60:6,2:60:9,2MS,3FS,1,qac_v0.4_aligned,numbered_aligned
2:60,2:60:9:2,2:60:15:1,2:60:9,2:60:15,3FS,3MS,0,qac_v0.4_aligned,numbered_aligned
2:60,2:60:15:1,2:60:19:1,2:60:15,2:60:19,3MS,2MP,1,qac_v0.4_aligned,numbered_aligned
2:60,2:60:19:1,2:60:20:2,2:60:19,2:60:20,2MP,2MP,0,qac_v0.4_aligned,numbered_aligned
2:60,2:60:20:2,2:60:25:1,2:60:20,2:60:25,2MP,2MP,0,qac_v0.4_aligned,numbered_aligned
2:61,2:61:2:1,2:61:5:1,2:61:2,2:61:6,2MP,1P,1,qac_v0.4_aligned,numbered_aligned
2:61,2:61:5:1,2:61:9:2,2:61:6,2:61:10,1P,2MS,1,qac_v0.4_aligned,numbered_aligned
2:61,2:61:9:2,2:61:12:1,2:61:10,2:61:13,2MS,3MS,1,qac_v0.4_aligned,numbered_aligned
2:61,2:61:12:1,2:61:15:1,2:61:13,2:61:16,3MS,3FS,0,qac_v0.4_aligned,numbered_aligned
2:61,2:61:15:1,2:61:23:1,2:61:16,2:61:24,3FS,3MS,0,qac_v0.4_aligned,numbered_aligned
2:61,2:61:23:1,2:61:24:2,2:61:24,2:61:25,3MS,2MP,1,qac_v0.4_aligned,numbered_aligned
2:61,2:61:24:2,2:61:31:1,2:61:25,2:61:32,2MP,2MP,0,qac_v0.4_aligned,numbered_aligned
2:61,2:61:31:1,2:61:36:1,2:61:32,2:61:37,2MP,2MP,0,qac_v0.4_aligned,numbered_aligned
2:61,2:61:36:1,2:61:37:2,2:61:37,2:61:38,2MP,3FS,1,qac_v0.4_aligned,numbered_aligned
2:61,2:61:47:1,2:61:48:1,2:61:48,2:61:49,3MP,3MP,0,qac_v0.4_aligned,numbered_aligned
2:61,2:61:48:1,2:61:51:2,2:61:49,2:61:52,3MP,3MP,0,qac_v0.4_aligned,numbered_aligned
2:61,2:61:51:2,2:61:57:1,2:61:52,2:61:58,3MP,3MP,0,qac_v0.4_aligned,numbered_aligned
2:61,2:61:57:1,2:61:58:2,2:61:58,2:61:59,3MP,3MP,0,qac_v0.4_aligned,numbered_aligned
2:61,2:61:58:2,2:61:59:1,2:61:59,2:61:60,3MP,3MP,0,qac_v0.4_aligned,numbered_aligned
2:62,2:62:13:2,2:62:24:1,2:62:13,2:62:24,3MS,3MP,0,qac_v0.4_aligned,numbered_aligned
2:63,2:63:2:1,2:63:4:2,2:63:2,2:63:4,1P,1P,0,qac_v0.4_aligned,numbered_aligned
2:63,2:63:4:2,2:63:7:1,2:63:4,2:63:7,1P,2MP,1,qac_v0.4_aligned,numbered_aligned
2:63,2:63:11:2,2:63:15:1,2:63:11,2:63:15,2MP,2MP,0,qac_v0.4_aligned,numbered_aligned
2:64,2:64:2:1,2:64:11:2,2:64:2,2:64:11,2MP,2MP,0,qac_v0.4_aligned,numbered_aligned
2:65,2:65:2:1,2:65:4:1,2:65:2,2:65:4,2MP,3MP,1,qac_v0.4_aligned,numbered_aligned
2:65,2:65:4:1,2:65:8:2,2:65:4,2:65:8,3MP,1P,1,qac_v0.4_aligned,numbered_aligned
2:65,2:65:8:2,2:65:10:1,2:65:8,2:65:10,1P,2MP,1,qac_v0.4_aligned,numbered_aligned
2:67,2:67:2:1,2:67:7:1,2:67:2,2:67:7,3MS,3MS,0,qac_v0.4_aligned,numbered_aligned
2:67,2:67:7:1,2:67:9:1,2:67:7,2:67:9,3MS,2MP,1,qac_v0.4_aligned,numbered_aligned
2:67,2:67:9:1,2:67:11:1,2:67:9,2:67:11,2MP,3MP,1,qac_v0.4_aligned,numbered_aligned
2:67,2:67:11:1,2:67:12:2,2:67:11,2:67:12,3MP,2MS,1,qac_v0.4_aligned,numbered_aligned
2:67,2:67:12:2,2:67:14:1,2:67:12,2:67:14,2MS,3MS,1,qac_v0.4_aligned,numbered_aligned
2:67,2:67:14:1,2:67:15:1,2:67:14,2:67:15,3MS,1S,1,qac_v0.4_aligned,numbered_aligned
2:67,2:67:15:1,2:67:18:1,2:67:15,2:67:18,1S,1S,0,qac_v0.4_aligned,numbered_aligned
2:68,2:68:1:1,2:68:2:1,2:68:1,2:68:2,3MP,2MS,1,qac_v0.4_aligned,numbered_aligned
2:68,2:68:2:1,2:68:5:1,2:68:2,2:68:5,2MS,3MS,1,qac_v0.4_aligned,numbered_aligned
2:68,2:68:5:1,2:68:9:1,2:68:5,2:68:9,3MS,3MS,0,qac_v0.4_aligned,numbered_aligned
2:68,2:68:9:1,2:68:11:1,2:68:9,2:68:11,3MS,3MS,0,qac_v0.4_aligned,numbered_aligned
2:68,2:68:11:1,2:68:21:2,2:68:11,2:68:21,3MS,2MP,1,qac_v0.4_aligned,numbered_aligned
2:68,2:68:21:2,2:68:23:1,2:68:21,2:68:23,2MP,2MP,0,qac_v0.4_aligned,numbered_aligned
2:69,2:69:1:1,2:69:2:1,2:69:1,2:69:2,3MP,2MS,1,qac_v0.4_aligned,numbered_aligned
2:69,2:69:2:1,2:69:5:1,2:69:2,2:69:5,2MS,3MS,1,qac_v0.4_aligned,numbered_aligned
2:69,2:69:5:1,2:69:9:1,2:69:5,2:69:9,3MS,3MS,0,qac_v0.4_aligned,numbered_aligned
2:69,2:69:9:1,2:69:11:1,2:69:9,2:69:11,3MS,3MS,0,qac_v0.4_aligned,numbered_aligned
2:69,2:69:11:1,2:69:17:1,2:69:11,2:69:17,3MS,3FS,0,qac_v0.4_aligned,numbered_aligned
2:70,2:70:1:1,2:70:2:1,2:70:1,2:70:2,3MP,2MS,1,qac_v0.4_aligned,numbered_aligned
2:70,2:70:2:1,2:70:5:1,2:70:2,2:70:5,2MS,3MS,1,qac_v0.4_aligned,numbered_aligned
2:70,2:70:5:1,2:70:11:1,2:70:5,2:70:11,3MS,3MS,0,qac_v0.4_aligned,numbered_aligned
2:70,2:70:11:1,2:70:15:1,2:70:11,2:70:15,3MS,3MS,0,qac_v0.4_aligned,numbered_aligned
2:71,2:71:1:1,2:71:3:1,2:71:1,2:71:3,3MS,3MS,0,qac_v0.4_aligned,numbered_aligned
2:71,2:71:3:1,2:71:8:1,2:71:3,2:71:8,3MS,3FS,0,qac_v0.4_aligned,numbered_aligned
2:71,2:71:17:1,2:71:19:1,2:71:17,2:71:19,3MP,2MS,1,qac_v0.4_aligned,numbered_aligned
2:71,2:71:19:1,2:71:21:2,2:71:19,2:71:21,2MS,3MP,1,qac_v0.4_aligned,numbered_aligned
2:71,2:71:21:2,2:71:23:1,2:71:21,2:71:23,3MP,3MP,0,qac_v0.4_aligned,numbered_aligned
2:71,2:71:23:1,2:71:24:1,2:71:23,2:71:24,3MP,3MP,0,qac_v0.4_aligned,numbered_aligned
2:72,2:72:2:1,2:72:4:2,2:72:2,2:72:4,2MP,2MP,0,qac_v0.4_aligned,numbered_aligned
2:72,2:72:4:2,2:72:9:1,2:72:4,2:72:9,2MP,2MP,0,qac_v0.4_aligned,numbered_aligned
2:72,2:72:9:1,2:72:10:1,2:72:9,2:72:10,2MP,2MP,0,qac_v0.4_aligned,numbered_aligned
2:73,2:73:1:2,2:73:2:1,2:73:1,2:73:2,1P,2MP,1,qac_v0.4_aligned,numbered_aligned
2:73,2:73:8:2,2:73:11:1,2:73:8,2:73:11,3MS,2MP,1,qac_v0.4_aligned,numbered_aligned
2:74,2:74:2:1,2:74:16:1,2:74:2,2:74:16,3FS,3MS,0,qac_v0.4_aligned,numbered_aligned
2:74,2:74:16:1,2:74:22:1,2:74:16,2:74:22,3MS,3MS,0,qac_v0.4_aligned,numbered_aligned
2:74,2:74:22:1,2:74:23:2,2:74:22,2:74:23,3MS,3MS,0,qac_v0.4_aligned,numbered_aligned
2:74,2:74:23:2,2:74:29:1,2:74:23,2:74:29,3MS,3MS,0,qac_v0.4_aligned,numbered_aligned
2:74,2:74:29:1,2:74:37:1,2:74:29,2:74:37,3MS,2MP,1,qac_v0.4_aligned,numbered_aligned
2:75,2:75:1:3,2:75:3:1,2:75:1,2:75:3,2MP,3MP,1,qac_v0.4_aligned,numbered_aligned
2:75,2:75:3:1,2:75:6:1,2:75:3,2:75:6,3MP,3MS,0,qac_v0.4_aligned,numbered_aligned
2:75,2:75:6:1,2:75:9:1,2:75:6,2:75:9,3MS,3MP,0,qac_v0.4_aligned,numbered_aligned
2:75,2:75:9:1,2:75:13:1,2:75:9,2:75:13,3MP,3MP,0,qac_v0.4_aligned,numbered_aligned
2:75,2:75:13:1,2:75:17:1,2:75:13,2:75:17,3MP,3MP,0,qac_v0.4_aligned,numbered_aligned
2:75,2:75:17:1,2:75:19:1,2:75:17,2:75:19,3MP,3MP,0,qac_v0.4_aligned,numbered_aligned
2:76,2:76:8:1,2:76:12:1,2:76:8,2:76:12,3MS,3MP,0,qac_v0.4_aligned,numbered_aligned
2:76,2:76:12:1,2:76:13:2,2:76:12,2:76:13,3MP,2MP,1,qac_v0.4_aligned,numbered_aligned
2:76,2:76:13:2,2:76:15:1,2:76:13,2:76:15,2MP,3MS,1,qac_v0.4_aligned,numbered_aligned
2:76,2:76:15:1,2:76:18:2,2:76:15,2:76:18,3MS,3MP,0,qac_v0.4_aligned,numbered_aligned
2:76,2:76:18:2,2:76:23:1,2:76:18,2:76:23,3MP,2MP,1,qac_v0.4_aligned,numbered_aligned
2:77,2:77:2:1,2:77:5:1,2:77:2,2:77:5,3MP,3MS,0,qac_v0.4_aligned,numbered_aligned
2:77,2:77:5:1,2:77:7:1,2:77:5,2:77:7,3MS,3MP,0,qac_v0.4_aligned,numbered_aligned
2:77,2:77:7:1,2:77:9:1,2:77:7,2:77:9,3MP,3MP,0,qac_v0.4_aligned,numbered_aligned
2:78,2:78:4:1,2:78:11:1,2:78:4,2:78:11,3MP,3MP,0,qac_v0.4_aligned,numbered_aligned
2:79,2:79:3:1,2:79:7:1,2:79:3,2:79:7,3MP,3MP,0,qac_v0.4_aligned,numbered_aligned
2:79,2:79:7:1,2:79:12:2,2:79:7,2:79:12,3MP,3MP,0,qac_v0.4_aligned,numbered_aligned
2:79,2:79:12:2,2:79:19:1,2:79:12,2:79:19,3MP,3FS,0,qac_v0.4_aligned,numbered_aligned
2:79,2:79:19:1,2:79:24:1,2:79:19,2:79:24,3FS,3MP,0,qac_v0.4_aligned,numbered_aligned
2:80,2:80:1:2,2:80:3:1,2:80:1,2:80:3,3MP,3FS,0,qac_v0.4_aligned,numbered_aligned
2:80,2:80:3:1,2:80:8:1,2:80:3,2:80:8,3FS,2MS,1,qac_v0.4_aligned,numbered_aligned
2:80,2:80:8:1,2:80:9:2,2:80:8,2:80:9,2MS,2MP,0,qac_v0.4_aligned,numbered_aligned
2:80,2:80:9:2,2:80:14:1,2:80:9,2:80:14,2MP,3MS,1,qac_v0.4_aligned,numbered_aligned
2:80,2:80:14:1,2:80:18:1,2:80:14,2:80:18,3MS,2MP,1,qac_v0.4_aligned,numbered_aligned
2:80,2:80:18:1,2:80:23:1,2:80:18,2:80:23,2MP,2MP,0,qac_v0.4_aligned,numbered_aligned
2:81,2:81:3:1,2:81:5:2,2:81:3,2:81:5,3MS,3FS,0,qac_v0.4_aligned,numbered_aligned
2:83,2:83:2:1,2:83:7:1,2:83:2,2:83:7,1P,2MP,1,qac_v0.4_aligned,numbered_aligned
2:83,2:83:7:1,2:83:16:2,2:83:7,2:83:16,2MP,2MP,0,qac_v0.4_aligned,numbered_aligned
2:83,2:83:16:2,2:83:19:2,2:83:16,2:83:19,2MP,2MP,0,qac_v0.4_aligned,numbered_aligned
2:84,2:84:2:1,2:84:5:1,2:84:2,2:84:5,1P,2MP,1,qac_v0.4_aligned,numbered_aligned
2:84,2:84:5:1,2:84:8:1,2:84:5,2:84:8,2MP,2MP,0,qac_v0.4_aligned,numbered_aligned
2:84,2:84:8:1,2:84:13:1,2:84:8,2:84:13,2MP,2MP,0,qac_v0.4_aligned,numbered_aligned
2:84,2:84:13:1,2:84:15:1,2:84:13,2:84:15,2MP,2MP,0,qac_v0.4_aligned,numbered_aligned
2:85,2:85:4:1,2:85:6:2,2:85:4,2:85:6,2MP,2MP,0,qac_v0.4_aligned,numbered_aligned
2:85,2:85:6:2,2:85:11:1,2:85:6,2:85:11,2MP,2MP,0,qac_v0.4_aligned,numbered_aligned
2:85,2:85:11:1,2:85:16:1,2:85:11,2:85:16,2MP,3MP,1,qac_v0.4_aligned,numbered_aligned
2:85,2:85:16:1,2:85:18:1,2:85:16,2:85:18,3MP,2MP,1,qac_v0.4_aligned,numbered_aligned
2:85,2:85:18:1,2:85:23:3,2:85:18,2:85:23,2MP,2MP,0,qac_v0.4_aligned,numbered_aligned
2:85,2:85:23:3,2:85:26:2,2:85:23,2:85:26,2MP,2MP,0,qac_v0.4_aligned,numbered_aligned
2:85,2:85:26:2,2:85:31:1,2:85:26,2:85:31,2MP,3MS,1,qac_v0.4_aligned,numbered_aligned
2:85,2:85:31:1,2:85:41:1,2:85:31,2:85:41,3MS,3MP,0,qac_v0.4_aligned,numbered_aligned
2:85,2:85:41:1,2:85:49:1,2:85:41,2:85:49,3MP,2MP,1,qac_v0.4_aligned,numbered_aligned
2:86,2:86:3:1,2:86:8:1,2:86:3,2:86:8,3MP,3MS,0,qac_v0.4_aligned,numbered_aligned
2:86,2:86:8:1,2:86:13:1,2:86:8,2:86:13,3MS,3MP,0,qac_v0.4_aligned,numbered_aligned
2:87,2:87:14:2,2:87:18:1,2:87:14,2:87:18,1P,3MS,1,qac_v0.4_aligned,numbered_aligned
2:87,2:87:18:1,2:87:22:1,2:87:18,2:87:22,3MS,3FS,0,qac_v0.4_aligned,numbered_aligned
2:87,2:87:22:1,2:87:24:1,2:87:22,2:87:24,3FS,2MP,1,qac_v0.4_aligned,numbered_aligned
2:87,2:87:24:1,2:87:26:1,2:87:24,2:87:26,2MP,2MP,0,qac_v0.4_aligned,numbered_aligned
2:87,2:87:26:1,2:87:28:1,2:87:26,2:87:28,2MP,2MP,0,qac_v0.4_aligned,numbered_aligned
2:88,2:88:1:2,2:88:5:1,2:88:1,2:88:5,3MP,3MS,0,qac_v0.4_aligned,numbered_aligned
2:88,2:88:5:1,2:88:10:1,2:88:5,2:88:10,3MS,3MP,0,qac_v0.4_aligned,numbered_aligned
2:89,2:89:2:1,2:89:10:2,2:89:2,2:89:10,3MS,3MP,0,qac_v0.4_aligned,numbered_aligned
2:89,2:89:10:2,2:89:13:1,2:89:10,2:89:13,3MP,3MP,0,qac_v0.4_aligned,numbered_aligned
2:89,2:89:13:1,2:89:16:1,2:89:13,2:89:16,3MP,3MP,0,qac_v0.4_aligned,numbered_aligned
2:89,2:89:16:1,2:89:18:1,2:89:16,2:89:18,3MP,3MS,0,qac_v0.4_aligned,numbered_aligned
2:89,2:89:18:1,2:89:20:1,2:89:18,2:89:20,3MS,3MP,0,qac_v0.4_aligned,numbered_aligned
2:89,2:89:20:1,2:89:21:1,2:89:20,2:89:21,3MP,3MP,0,qac_v0.4_aligned,numbered_aligned
2:90,2:90:1:1,2:90:2:1,2:90:1,2:90:2,3MS,3MP,0,qac_v0.4_aligned,numbered_aligned
2:90,2:90:2:1,2:90:6:1,2:90:2,2:90:6,3MP,3MP,0,qac_v0.4_aligned,numbered_aligned
2:90,2:90:6:1,2:90:8:1,2:90:6,2:90:8,3MP,3MS,0,qac_v0.4_aligned,numbered_aligned
2:90,2:90:8:1,2:90:12:1,2:90:8,2:90:12,3MS,3MS,0,qac_v0.4_aligned,numbered_aligned
2:90,2:90:12:1,2:90:18:1,2:90:12,2:90:18,3MS,3MS,0,qac_v0.4_aligned,numbered_aligned
2:91,2:91:6:1,2:91:8:1,2:91:6,2:91:8,3MS,3MP,0,qac_v0.4_aligned,numbered_aligned
2:91,2:91:8:1,2:91:9:1,2:91:8,2:91:9,3MP,1P,1,qac_v0.4_aligned,numbered_aligned
2:91,2:91:9:1,2:91:11:1,2:91:9,2:91:11,1P,3MS,1,qac_v0.4_aligned,numbered_aligned
2:91,2:91:11:1,2:91:13:2,2:91:11,2:91:13,3MS,3MP,0,qac_v0.4_aligned,numbered_aligned
2:91,2:91:13:2,2:91:21:1,2:91:13,2:91:21,3MP,2MS,1,qac_v0.4_aligned,numbered_aligned
2:91,2:91:21:1,2:91:23:1,2:91:21,2:91:23,2MS,2MP,0,qac_v0.4_aligned,numbered_aligned
2:91,2:91:23:1,2:91:29:1,2:91:23,2:91:29,2MP,2MP,0,qac_v0.4_aligned,numbered_aligned
2:92,2:92:2:1,2:92:6:1,2:92:2,2:92:6,3MS,2MP,1,qac_v0.4_aligned,numbered_aligned
2:93,2:93:2:1,2:93:4:2,2:93:2,2:93:4,1P,1P,0,qac_v0.4_aligned,numbered_aligned
2:93,2:93:4:2,2:93:7:1,2:93:4,2:93:7,1P,2MP,1,qac_v0.4_aligned,numbered_aligned
2:93,2:93:11:2,2:93:12:1,2:93:11,2:93:12,2MP,3MP,1,qac_v0.4_aligned,numbered_aligned
2:93,2:93:12:1,2:93:13:1,2:93:12,2:93:13,3MP,1P,1,qac_v0.4_aligned,numbered_aligned
2:93,2:93:13:1,2:93:14:2,2:93:13,2:93:14,1P,1P,0,qac_v0.4_aligned,numbered_aligned
2:93,2:93:14:2,2:93:15:2,2:93:14,2:93:15,1P,3MP,1,qac_v0.4_aligned,numbered_aligned
2:93,2:93:15:2,2:93:20:1,2:93:15,2:93:20,3MP,2MS,1,qac_v0.4_aligned,numbered_aligned
2:93,2:93:20:1,2:93:21:1,2:93:20,2:93:21,2MS,3MS,1,qac_v0.4_aligned,numbered_aligned
2:93,2:93:21:1,2:93:22:1,2:93:21,2:93:22,3MS,3MS,0,qac_v0.4_aligned,numbered_aligned
2:93,2:93:22:1,2:93:26:1,2:93:22,2:93:26,3MS,2MP,1,qac_v0.4_aligned,numbered_aligned
2:94,2:94:1:1,2:94:3:1,2:94:1,2:94:3,2MS,3FS,1,qac_v0.4_aligned,numbered_aligned
2:94,2:94:3:1,2:94:13:2,2:94:3,2:94:13,3FS,2MP,1,qac_v0.4_aligned,numbered_aligned
2:94,2:94:13:2,2:94:16:1,2:94:13,2:94:16,2MP,2MP,0,qac_v0.4_aligned,numbered_aligned
2:95,2:95:2:1,2:95:5:1,2:95:2,2:95:5,3MP,3FS,0,qac_v0.4_aligned,numbered_aligned
2:96,2:96:1:3,2:96:8:1,2:96:1,2:96:8,2MS,3MP,1,qac_v0.4_aligned,numbered_aligned
2:96,2:96:8:1,2:96:9:1,2:96:8,2:96:9,3MP,3MS,0,qac_v0.4_aligned,numbered_aligned
2:96,2:96:9:1,2:96:12:1,2:96:9,2:96:12,3MS,3MS,0,qac_v0.4_aligned,numbered_aligned
2:96,2:96:12:1,2:96:21:1,2:96:12,2:96:21,3MS,3MS,0,qac_v0.4_aligned,numbered_aligned
2:96,2:96:21:1,2:96:25:1,2:96:21,2:96:25,3MS,3MP,0,qac_v0.4_aligned,numbered_aligned
2:97,2:97:1:1,2:97:3:1,2:97:1,2:97:3,2MS,3MS,1,qac_v0.4_aligned,numbered_aligned
2:97,2:97:3:1,2:97:7:1,2:97:3,2:97:7,3MS,3MS,0,qac_v0.4_aligned,numbered_aligned
2:99,2:99:2:1,2:99:7:1,2:99:2,2:99:7,1P,3MS,1,qac_v0.4_aligned,numbered_aligned
2:100,2:100:2:1,2:100:4:1,2:100:2,2:100:4,3MP,3MS,0,qac_v0.4_aligned,numbered_aligned
2:100,2:100:4:1,2:100:10:1,2:100:4,2:100:10,3MS,3MP,0,qac_v0.4_aligned,numbered_aligned
2:101,2:101:2:1,2:101:10:1,2:101:2,2:101:10,3MS,3MS,0,qac_v0.4_aligned,numbered_aligned
2:101,2:101:10:1,2:101:14:1,2:101:10,2:101:14,3MS,3MP,0,qac_v0.4_aligned,numbered_aligned
2:101,2:101:14:1,2:101:22:1,2:101:14,2:101:22,3MP,3MP,0,qac_v0.4_aligned,numbered_aligned
2:102,2:102:9:1,2:102:13:1,2:102:9,2:102:13,3MS,3MP,0,qac_v0.4_aligned,numbered_aligned
2:102,2:102:13:1,2:102:14:1,2:102:13,2:102:14,3MP,3MP,0,qac_v0.4_aligned,numbered_aligned
2:102,2:102:14:1,2:102:18:1,2:102:14,2:102:18,3MP,3MS,0,qac_v0.4_aligned,numbered_aligned
2:102,2:102:18:1,2:102:25:1,2:102:18,2:102:25,3MS,3MD,0,qac_v0.4_aligned,numbered_aligned
2:102,2:102:25:1,2:102:29:1,2:102:25,2:102:29,3MD,3MD,0,qac_v0.4_aligned,numbered_aligned
2:102,2:102:29:1,2:102:34:1,2:102:29,2:102:34,3MD,2MS,1,qac_v0.4_aligned,numbered_aligned
2:102,2:102:34:1,2:102:35:2,2:102:34,2:102:35,2MS,3MP,1,qac_v0.4_aligned,numbered_aligned
2:102,2:102:35:2,2:102:38:1,2:102:35,2:102:38,3MP,3MP,0,qac_v0.4_aligned,numbered_aligned
2:102,2:102:38:1,2:102:52:2,2:102:38,2:102:52,3MP,3MP,0,qac_v0.4_aligned,numbered_aligned
2:102,2:102:52:2,2:102:54:1,2:102:52,2:102:54,3MP,3MS,0,qac_v0.4_aligned,numbered_aligned
2:102,2:102:54:1,2:102:56:1,2:102:54,2:102:56,3MS,3MS,0,qac_v0.4_aligned,numbered_aligned
2:102,2:102:56:1,2:102:58:1,2:102:56,2:102:58,3MS,3MP,0,qac_v0.4_aligned,numbered_aligned
2:102,2:102:67:3,2:102:69:1,2:102:67,2:102:69,3MS,3MP,0,qac_v0.4_aligned,numbered_aligned
2:102,2:102:69:1,2:102:73:1,2:102:69,2:102:73,3MP,3MP,0,qac_v0.4_aligned,numbered_aligned
2:102,2:102:73:1,2:102:74:1,2:102:73,2:102:74,3MP,3MP,0,qac_v0.4_aligned,numbered_aligned
2:103,2:103:4:2,2:103:11:1,2:103:4,2:103:11,3MP,3MP,0,qac_v0.4_aligned,numbered_aligned
2:103,2:103:11:1,2:103:12:1,2:103:11,2:103:12,3MP,3MP,0,qac_v0.4_aligned,numbered_aligned
2:104,2:104:5:1,2:104:6:1,2:104:6,2:104:7,2MP,2MS,0,qac_v0.4_aligned,numbered_aligned
2:104,2:104:6:1,2:104:7:2,2:104:7,2:104:8,2MS,2MP,0,qac_v0.4_aligned,numbered_aligned
2:104,2:104:7:2,2:104:8:1,2:104:8,2:104:9,2MP,2MS,0,qac_v0.4_aligned,numbered_aligned
2:104,2:104:8:1,2:104:9:2,2:104:9,2:104:10,2MS,2MP,0,qac_v0.4_aligned,numbered_aligned
2:105,2:105:2:1,2:105:4:1,2:105:2,2:105:4,3MS,3MP,0,qac_v0.4_aligned,numbered_aligned
2:105,2:105:4:1,2:105:11:1,2:105:4,2:105:11,3MP,3MS,0,qac_v0.4_aligned,numbered_aligned
2:105,2:105:11:1,2:105:18:1,2:105:11,2:105:18,3MS,3MS,0,qac_v0.4_aligned,numbered_aligned
2:105,2:105:18:1,2:105:21:1,2:105:18,2:105:21,3MS,3MS,0,qac_v0.4_aligned,numbered_aligned
2:106,2:106:2:1,2:106:6:1,2:106:2,2:106:6,1P,1P,0,qac_v0.4_aligned,numbered_aligned
2:106,2:106:6:1,2:106:7:1,2:106:6,2:106:7,1P,1P,0,qac_v0.4_aligned,numbered_aligned
2:106,2:106:7:1,2:106:13:1,2:106:7,2:106:13,1P,2MS,1,qac_v0.4_aligned,numbered_aligned
2:108,2:108:7:1,2:108:12:1,2:108:7,2:108:12,3MS,3MS,0,qac_v0.4_aligned,numbered_aligned
2:108,2:108:12:1,2:108:16:1,2:108:12,2:108:16,3MS,3MS,0,qac_v0.4_aligned,numbered_aligned
2:109,2:109:1:1,2:109:7:1,2:109:1,2:109:7,3MS,3MP,0,qac_v0.4_aligned,numbered_aligned
2:109,2:109:7:1,2:109:19:1,2:109:7,2:109:19,3MP,3MS,0,qac_v0.4_aligned,numbered_aligned
2:109,2:109:19:1,2:109:22:2,2:109:19,2:109:22,3MS,2MP,1,qac_v0.4_aligned,numbered_aligned
2:109,2:109:22:2,2:109:23:2,2:109:22,2:109:23,2MP,2MP,0,qac_v0.4_aligned,numbered_aligned
2:110,2:110:6:1,2:110:10:1,2:110:6,2:110:10,2MP,2MP,0,qac_v0.4_aligned,numbered_aligned
2:110,2:110:10:1,2:110:16:1,2:110:10,2:110:16,2MP,2MP,0,qac_v0.4_aligned,numbered_aligned
2:111,2:111:1:2,2:111:3:1,2:111:1,2:111:3,3MP,3MS,0,qac_v0.4_aligned,numbered_aligned
2:111,2:111:3:1,2:111:7:1,2:111:3,2:111:7,3MS,3MS,0,qac_v0.4_aligned,numbered_aligned
2:111,2:111:7:1,2:111:13:1,2:111:7,2:111:13,3MS,2MS,1,qac_v0.4_aligned,numbered_aligned
2:111,2:111:13:1,2:111:14:1,2:111:13,2:111:14,2MS,2MP,0,qac_v0.4_aligned,numbered_aligned
2:111,2:111:14:1,2:111:17:1,2:111:14,2:111:17,2MP,2MP,0,qac_v0.4_aligned,numbered_aligned
2:112,2:112:3:1,2:112:17:1,2:112:3,2:112:17,3MS,3MP,0,qac_v0.4_aligned,numbered_aligned
2:113,2:113:1:2,2:113:3:1,2:113:1,2:113:3,3FS,3FS,0,qac_v0.4_aligned,numbered_aligned
2:113,2:113:3:1,2:113:7:2,2:113:3,2:113:7,3FS,3FS,0,qac_v0.4_aligned,numbered_aligned
2:113,2:113:7:2,2:113:9:1,2:113:7,2:113:9,3FS,3FS,0,qac_v0.4_aligned,numbered_aligned
2:113,2:113:9:1,2:113:14:1,2:113:9,2:113:14,3FS,3MP,0,qac_v0.4_aligned,numbered_aligned
2:113,2:113:14:1,2:113:17:1,2:113:14,2:113:17,3MP,3MS,0,qac_v0.4_aligned,numbered_aligned
2:113,2:113:17:1,2:113:20:1,2:113:17,2:113:20,3MS,3MP,0,qac_v0.4_aligned,numbered_aligned
2:113,2:113:20:1,2:113:24:1,2:113:20,2:113:24,3MP,3MS,0,qac_v0.4_aligned,numbered_aligned
2:113,2:113:24:1,2:113:29:1,2:113:24,2:113:29,3MS,3MP,0,qac_v0.4_aligned,numbered_aligned
2:113,2:113:29:1,2:113:31:1,2:113:29,2:113:31,3MP,3MP,0,qac_v0.4_aligned,numbered_aligned
2:114,2:114:4:1,2:114:8:1,2:114:4,2:114:8,3MS,3MS,0,qac_v0.4_aligned,numbered_aligned
2:114,2:114:8:1,2:114:11:2,2:114:8,2:114:11,3MS,3MS,0,qac_v0.4_aligned,numbered_aligned
2:114,2:114:11:2,2:114:16:1,2:114:11,2:114:16,3MS,3MS,0,qac_v0.4_aligned,numbered_aligned
2:114,2:114:16:1,2:114:19:1,2:114:16,2:114:19,3MS,3MP,0,qac_v0.4_aligned,numbered_aligned
2:116,2:116:1:2,2:116:2:1,2:116:1,2:116:2,3MP,3MS,0,qac_v0.4_aligned,numbered_aligned
2:117,2:117:5:1,2:117:8:1,2:117:5,2:117:8,3MS,3MS,0,qac_v0.4_aligned,numbered_aligned
2:117,2:117:8:1,2:117:10:1,2:117:8,2:117:10,3MS,2MS,1,qac_v0.4_aligned,numbered_aligned
2:117,2:117:10:1,2:117:11:2,2:117:10,2:117:11,2MS,3MS,1,qac_v0.4_aligned,numbered_aligned
2:118,2:118:1:2,2:118:4:1,2:118:1,2:118:4,3MS,3MP,0,qac_v0.4_aligned,numbered_aligned
2:118,2:118:4:1,2:118:6:1,2:118:4,2:118:6,3MP,3MS,0,qac_v0.4_aligned,numbered_aligned
2:118,2:118:6:1,2:118:9:1,2:118:6,2:118:9,3MS,3FS,0,qac_v0.4_aligned,numbered_aligned
2:118,2:118:9:1,2:118:12:1,2:118:9,2:118:12,3FS,3MS,0,qac_v0.4_aligned,numbered_aligned
2:118,2:118:12:1,2:118:18:1,2:118:12,2:118:18,3MS,3FS,0,qac_v0.4_aligned,numbered_aligned
2:118,2:118:18:1,2:118:21:1,2:118:18,2:118:21,3FS,1P,1,qac_v0.4_aligned,numbered_aligned
2:118,2:118:21:1,2:118:24:1,2:118:21,2:118:24,1P,3MP,1,qac_v0.4_aligned,numbered_aligned
2:120,2:120:2:1,2:120:8:1,2:120:2,2:120:8,3FS,2MS,1,qac_v0.4_aligned,numbered_aligned
2:120,2:120:8:1,2:120:10:1,2:120:8,2:120:10,2MS,2MS,0,qac_v0.4_aligned,numbered_aligned
2:120,2:120:10:1,2:120:17:1,2:120:10,2:120:17,2MS,2MS,0,qac_v0.4_aligned,numbered_aligned
2:120,2:120:17:1,2:120:21:1,2:120:17,2:120:21,2MS,3MS,1,qac_v0.4_aligned,numbered_aligned
2:121,2:121:4:1,2:121:8:1,2:121:4,2:121:8,3MP,3MP,0,qac_v0.4_aligned,numbered_aligned
2:121,2:121:8:1,2:121:11:1,2:121:8,2:121:11,3MP,3MS,0,qac_v0.4_aligned,numbered_aligned
2:123,2:123:10:1,2:123:14:1,2:123:10,2:123:14,3MS,3FS,0,qac_v0.4_aligned,numbered_aligned
2:123,2:123:14:1,2:123:18:1,2:123:14,2:123:18,3FS,3MP,0,qac_v0.4_aligned,numbered_aligned
2:124,2:124:2:1,2:124:6:2,2:124:2,2:124:6,3MS,3MS,0,qac_v0.4_aligned,numbered_aligned
2:124,2:124:6:2,2:124:7:1,2:124:6,2:124:7,3MS,3MS,0,qac_v0.4_aligned,numbered_aligned
2:124,2:124:7:1,2:124:12:1,2:124:7,2:124:12,3MS,3MS,0,qac_v0.4_aligned,numbered_aligned
2:124,2:124:12:1,2:124:15:1,2:124:12,2:124:15,3MS,3MS,0,qac_v0.4_aligned,numbered_aligned
2:124,2:124:15:1,2:124:17:1,2:124:15,2:124:17,3MS,3MS,0,qac_v0.4_aligned,numbered_aligned
2:125,2:125:2:1,2:125:7:2,2:125:2,2:125:7,1P,2MP,1,qac_v0.4_aligned,numbered_aligned
2:125,2:125:7:2,2:125:12:2,2:125:7,2:125:12,2MP,1P,1,qac_v0.4_aligned,numbered_aligned
2:125,2:125:12:2,2:125:17:1,2:125:12,2:125:17,1P,2MD,1,qac_v0.4_aligned,numbered_aligned
2:126,2:126:2:1,2:126:5:1,2:126:2,2:126:5,3MS,2MS,1,qac_v0.4_aligned,numbered_aligned
2:126,2:126:5:1,2:126:9:2,2:126:5,2:126:9,2MS,2MS,0,qac_v0.4_aligned,numbered_aligned
2:126,2:126:19:1,2:126:21:1,2:126:19,2:126:21,3MS,3MS,0,qac_v0.4_aligned,numbered_aligned
2:126,2:126:21:1,2:126:22:2,2:126:21,2:126:22,3MS,1S,1,qac_v0.4_aligned,numbered_aligned
2:126,2:126:22:2,2:126:25:1,2:126:22,2:126:25,1S,1S,0,qac_v0.4_aligned,numbered_aligned
2:126,2:126:25:1,2:126:29:2,2:126:25,2:126:29,1S,3MS,1,qac_v0.4_aligned,numbered_aligned
2:127,2:127:2:1,2:127:9:1,2:127:2,2:127:9,3MS,2MS,1,qac_v0.4_aligned,numbered_aligned
2:128,2:128:2:2,2:128:10:2,2:128:2,2:128:10,2MS,2MS,0,qac_v0.4_aligned,numbered_aligned
2:128,2:128:10:2,2:128:12:2,2:128:10,2:128:12,2MS,2MS,0,qac_v0.4_aligned,numbered_aligned
2:129,2:129:9:2,2:129:12:2,2:129:9,2:129:12,3MS,3MS,0,qac_v0.4_aligned,numbered_aligned
2:130,2:130:2:1,2:130:8:1,2:130:2,2:130:8,3MS,3MS,0,qac_v0.4_aligned,numbered_aligned
2:130,2:130:8:1,2:130:11:1,2:130:8,2:130:11,3MS,1P,1,qac_v0.4_aligned,numbered_aligned
2:131,2:131:2:1,2:131:5:1,2:131:2,2:131:5,3MS,2MS,1,qac_v0.4_aligned,numbered_aligned
2:131,2:131:5:1,2:131:6:1,2:131:5,2:131:6,2MS,3MS,1,qac_v0.4_aligned,numbered_aligned
2:131,2:131:6:1,2:131:7:1,2:131:6,2:131:7,3MS,1S,1,qac_v0.4_aligned,numbered_aligned
2:133,2:133:2:1,2:133:5:1,2:133:2,2:133:5,2MP,3MS,1,qac_v0.4_aligned,numbered_aligned
2:133,2:133:5:1,2:133:9:1,2:133:5,2:133:9,3MS,3MS,0,qac_v0.4_aligned,numbered_aligned
2:133,2:133:9:1,2:133:12:1,2:133:9,2:133:12,3MS,2MP,1,qac_v0.4_aligned,numbered_aligned
2:133,2:133:12:1,2:133:15:1,2:133:12,2:133:15,2MP,3MP,1,qac_v0.4_aligned,numbered_aligned
2:133,2:133:15:1,2:133:16:1,2:133:15,2:133:16,3MP,1P,1,qac_v0.4_aligned,numbered_aligned
2:134,2:134:4:1,2:134:7:1,2:134:4,2:134:7,3FS,3FS,0,qac_v0.4_aligned,numbered_aligned
2:134,2:134:7:1,2:134:10:1,2:134:7,2:134:10,3FS,2MP,1,qac_v0.4_aligned,numbered_aligned
2:134,2:134:14:1,2:134:15:1,2:134:14,2:134:15,3MP,3MP,0,qac_v0.4_aligned,numbered_aligned
2:135,2:135:1:2,2:135:2:1,2:135:1,2:135:2,3MP,2MP,1,qac_v0.4_aligned,numbered_aligned
2:135,2:135:2:1,2:135:6:1,2:135:2,2:135:6,2MP,2MP,0,qac_v0.4_aligned,numbered_aligned
2:135,2:135:6:1,2:135:7:1,2:135:6,2:135:7,2MP,2MS,0,qac_v0.4_aligned,numbered_aligned
2:135,2:135:7:1,2:135:13:1,2:135:7,2:135:13,2MS,3MS,1,qac_v0.4_aligned,numbered_aligned
2:136,2:136:5:1,2:136:8:1,2:136:5,2:136:8,3MS,3MS,0,qac_v0.4_aligned,numbered_aligned
2:137,2:137:8:1,2:137:10:1,2:137:8,2:137:10,3MP,3MP,0,qac_v0.4_aligned,numbered_aligned
2:137,2:137:10:1,2:137:15:3,2:137:10,2:137:15,3MP,3MS,0,qac_v0.4_aligned,numbered_aligned
2:139,2:139:1:1,2:139:2:2,2:139:1,2:139:2,2MS,2MP,0,qac_v0.4_aligned,numbered_aligned
2:140,2:140:2:1,2:140:9:1,2:140:2,2:140:9,2MP,3MP,1,qac_v0.4_aligned,numbered_aligned
2:140,2:140:9:1,2:140:13:1,2:140:9,2:140:13,3MP,2MS,1,qac_v0.4_aligned,numbered_aligned
2:140,2:140:13:1,2:140:21:1,2:140:13,2:140:21,2MS,3MS,1,qac_v0.4_aligned,numbered_aligned
2:140,2:140:21:1,2:140:30:1,2:140:21,2:140:30,3MS,2MP,1,qac_v0.4_aligned,numbered_aligned
2:141,2:141:4:1,2:141:7:1,2:141:4,2:141:7,3FS,3FS,0,qac_v0.4_aligned,numbered_aligned
2:141,2:141:7:1,2:141:10:1,2:141:7,2:141:10,3FS,2MP,1,qac_v0.4_aligned,numbered_aligned
2:141,2:141:14:1,2:141:15:1,2:141:14,2:141:15,3MP,3MP,0,qac_v0.4_aligned,numbered_aligned
2:142,2:142:10:1,2:142:12:1,2:142:10,2:142:12,3MP,2MS,1,qac_v0.4_aligned,numbered_aligned
2:143,2:143:2:1,2:143:5:2,2:143:2,2:143:5,1P,2MP,1,qac_v0.4_aligned,numbered_aligned
2:143,2:143:5:2,2:143:9:2,2:143:5,2:143:9,2MP,3MS,1,qac_v0.4_aligned,numbered_aligned
2:143,2:143:9:2,2:143:14:1,2:143:9,2:143:14,3MS,1P,1,qac_v0.4_aligned,numbered_aligned
2:143,2:143:14:1,2:143:17:1,2:143:14,2:143:17,1P,2MS,1,qac_v0.4_aligned,numbered_aligned
2:143,2:143:17:1,2:143:20:2,2:143:17,2:143:20,2MS,1P,1,qac_v0.4_aligned,numbered_aligned
2:143,2:143:20:2,2:143:22:1,2:143:20,2:143:22,1P,3MS,1,qac_v0.4_aligned,numbered_aligned
2:143,2:143:22:1,2:143:25:1,2:143:22,2:143:25,3MS,3MS,0,qac_v0.4_aligned,numbered_aligned
2:143,2:143:25:1,2:143:29:1,2:143:25,2:143:29,3MS,3FS,0,qac_v0.4_aligned,numbered_aligned
2:143,2:143:29:1,2:143:34:1,2:143:29,2:143:34,3FS,3MS,0,qac_v0.4_aligned,numbered_aligned
2:143,2:143:34:1,2:143:37:1,2:143:34,2:143:37,3MS,3MS,0,qac_v0.4_aligned,numbered_aligned
2:143,2:143:37:1,2:143:39:2,2:143:37,2:143:39,3MS,3MS,0,qac_v0.4_aligned,numbered_aligned
2:144,2:144:2:1,2:144:7:3,2:144:2,2:144:7,1P,1P,0,qac_v0.4_aligned,numbered_aligned
2:144,2:144:10:2,2:144:17:1,2:144:10,2:144:17,2MS,2MP,0,qac_v0.4_aligned,numbered_aligned
2:144,2:144:17:1,2:144:18:2,2:144:17,2:144:18,2MP,2MP,0,qac_v0.4_aligned,numbered_aligned
2:144,2:144:18:2,2:144:23:1,2:144:18,2:144:23,2MP,3MP,1,qac_v0.4_aligned,numbered_aligned
2:144,2:144:23:1,2:144:25:2,2:144:23,2:144:25,3MP,3MP,0,qac_v0.4_aligned,numbered_aligned
2:144,2:144:25:2,2:144:34:1,2:144:25,2:144:34,3MP,3MP,0,qac_v0.4_aligned,numbered_aligned
2:145,2:145:2:1,2:145:4:1,2:145:2,2:145:4,2MS,3MP,1,qac_v0.4_aligned,numbered_aligned
2:145,2:145:4:1,2:145:9:1,2:145:4,2:145:9,3MP,3MP,0,qac_v0.4_aligned,numbered_aligned
2:145,2:145:9:1,2:145:21:1,2:145:9,2:145:21,3MP,2MS,1,qac_v0.4_aligned,numbered_aligned
2:145,2:145:21:1,2:145:26:1,2:145:21,2:145:26,2MS,3MS,1,qac_v0.4_aligned,numbered_aligned
2:146,2:146:4:1,2:146:6:1,2:146:4,2:146:6,3MP,3MP,0,qac_v0.4_aligned,numbered_aligned
2:146,2:146:6:1,2:146:11:2,2:146:6,2:146:11,3MP,3MP,0,qac_v0.4_aligned,numbered_aligned
2:146,2:146:11:2,2:146:14:1,2:146:11,2:146:14,3MP,3MP,0,qac_v0.4_aligned,numbered_aligned
2:148,2:148:5:2,2:148:9:1,2:148:5,2:148:9,2MP,2MP,0,qac_v0.4_aligned,numbered_aligned
2:148,2:148:9:1,2:148:10:1,2:148:9,2:148:10,2MP,3MS,1,qac_v0.4_aligned,numbered_aligned
2:149,2:149:3:1,2:149:4:2,2:149:3,2:149:4,2MS,2MS,0,qac_v0.4_aligned,numbered_aligned
2:149,2:149:4:2,2:149:17:1,2:149:4,2:149:17,2MS,2MP,0,qac_v0.4_aligned,numbered_aligned
2:150,2:150:3:1,2:150:4:2,2:150:3,2:150:4,2MS,2MS,0,qac_v0.4_aligned,numbered_aligned
2:150,2:150:4:2,2:150:11:1,2:150:4,2:150:11,2MS,2MP,0,qac_v0.4_aligned,numbered_aligned
2:150,2:150:11:1,2:150:12:2,2:150:11,2:150:12,2MP,2MP,0,qac_v0.4_aligned,numbered_aligned
2:150,2:150:12:2,2:150:16:1,2:150:12,2:150:16,2MP,3MS,1,qac_v0.4_aligned,numbered_aligned
2:150,2:150:16:1,2:150:22:1,2:150:16,2:150:22,3MS,3MP,0,qac_v0.4_aligned,numbered_aligned
2:150,2:150:22:1,2:150:25:1,2:150:22,2:150:25,3MP,2MP,1,qac_v0.4_aligned,numbered_aligned
2:150,2:150:27:3,2:150:31:1,2:150:27,2:150:31,1S,2MP,1,qac_v0.4_aligned,numbered_aligned
2:151,2:151:9:2,2:151:10:2,2:151:9,2:151:10,3MS,3MS,0,qac_v0.4_aligned,numbered_aligned
2:151,2:151:10:2,2:151:13:2,2:151:10,2:151:13,3MS,3MS,0,qac_v0.4_aligned,numbered_aligned
2:151,2:151:13:2,2:151:16:1,2:151:13,2:151:16,3MS,2MP,1,qac_v0.4_aligned,numbered_aligned
2:151,2:151:16:1,2:151:17:1,2:151:16,2:151:17,2MP,2MP,0,qac_v0.4_aligned,numbered_aligned
2:152,2:152:2:1,2:152:3:2,2:152:2,2:152:3,1S,2MP,1,qac_v0.4_aligned,numbered_aligned
2:152,2:152:3:2,2:152:6:1,2:152:3,2:152:6,2MP,2MP,0,qac_v0.4_aligned,numbered_aligned
2:154,2:154:2:1,2:154:4:1,2:154:2,2:154:4,2MP,3MS,1,qac_v0.4_aligned,numbered_aligned
2:154,2:154:4:1,2:154:13:1,2:154:4,2:154:13,3MS,2MP,1,qac_v0.4_aligned,numbered_aligned
2:155,2:155:1:3,2:155:11:2,2:155:1,2:155:11,1P,2MS,1,qac_v0.4_aligned,numbered_aligned
2:156,2:156:3:1,2:156:5:1,2:156:3,2:156:5,3FS,3MP,0,qac_v0.4_aligned,numbered_aligned
2:158,2:158:8:1,2:158:11:1,2:158:8,2:158:11,3MS,3MS,0,qac_v0.4_aligned,numbered_aligned
2:158,2:158:11:1,2:158:16:1,2:158:11,2:158:16,3MS,3MS,0,qac_v0.4_aligned,numbered_aligned
2:158,2:158:16:1,2:158:19:1,2:158:16,2:158:19,3MS,3MS,0,qac_v0.4_aligned,numbered_aligned
2:159,2:159:3:1,2:159:5:1,2:159:3,2:159:5,3MP,1P,1,qac_v0.4_aligned,numbered_aligned
2:159,2:159:5:1,2:159:12:1,2:159:5,2:159:12,1P,1P,0,qac_v0.4_aligned,numbered_aligned
2:159,2:159:12:1,2:159:17:1,2:159:12,2:159:17,1P,3MS,1,qac_v0.4_aligned,numbered_aligned
2:159,2:159:17:1,2:159:19:2,2:159:17,2:159:19,3MS,3MS,0,qac_v0.4_aligned,numbered_aligned
2:160,2:160:3:1,2:160:4:2,2:160:3,2:160:4,3MP,3MP,0,qac_v0.4_aligned,numbered_aligned
2:160,2:160:4:2,2:160:5:2,2:160:4,2:160:5,3MP,3MP,0,qac_v0.4_aligned,numbered_aligned
2:160,2:160:5:2,2:160:7:1,2:160:5,2:160:7,3MP,1S,1,qac_v0.4_aligned,numbered_aligned
2:161,2:161:3:1,2:161:4:2,2:161:3,2:161:4,3MP,3MP,0,qac_v0.4_aligned,numbered_aligned
2:162,2:162:4:1,2:162:9:1,2:162:4,2:162:9,3MS,3MP,0,qac_v0.4_aligned,numbered_aligned
2:164,2:164:15:1,2:164:18:1,2:164:15,2:164:18,3MS,3MS,0,qac_v0.4_aligned,numbered_aligned
2:164,2:164:18:1,2:164:24:2,2:164:18,2:164:24,3MS,3MS,0,qac_v0.4_aligned,numbered_aligned
2:164,2:164:24:2,2:164:29:2,2:164:24,2:164:29,3MS,3MS,0,qac_v0.4_aligned,numbered_aligned
2:164,2:164:29:2,2:164:43:1,2:164:29,2:164:43,3MS,3MP,0,qac_v0.4_aligned,numbered_aligned
2:165,2:165:4:1,2:165:9:1,2:165:4,2:165:9,3MS,3MP,0,qac_v0.4_aligned,numbered_aligned
2:165,2:165:18:1,2:165:20:1,2:165:18,2:165:20,3MS,3MP,0,qac_v0.4_aligned,numbered_aligned
2:165,2:165:20:1,2:165:22:1,2:165:20,2:165:22,3MP,3MP,0,qac_v0.4_aligned,numbered_aligned
2:166,2:166:2:1,2:166:4:1,2:166:2,2:166:4,3MS,3MP,0,qac_v0.4_aligned,numbered_aligned
2:166,2:166:4:1,2:166:7:1,2:166:4,2:166:7,3MP,3MP,0,qac_v0.4_aligned,numbered_aligned
2:166,2:166:7:1,2:166:8:2,2:166:7,2:166:8,3MP,3MP,0,qac_v0.4_aligned,numbered_aligned
2:166,2:166:8:2,2:166:10:2,2:166:8,2:166:10,3MP,3FS,0,qac_v0.4_aligned,numbered_aligned
2:167,2:167:1:2,2:167:3:1,2:167:1,2:167:3,3MS,3MP,0,qac_v0.4_aligned,numbered_aligned
2:167,2:167:3:1,2:167:8:2,2:167:3,2:167:8,3MP,1P,1,qac_v0.4_aligned,numbered_aligned
2:167,2:167:8:2,2:167:11:1,2:167:8,2:167:11,1P,2MP,1,qac_v0.4_aligned,numbered_aligned
2:167,2:167:11:1,2:167:14:1,2:167:11,2:167:14,2MP,3MS,1,qac_v0.4_aligned,numbered_aligned
2:168,2:168:3:1,2:168:10:1,2:168:4,2:168:11,2MP,2MP,0,qac_v0.4_aligned,numbered_aligned
2:169,2:169:2:1,2:169:6:1,2:169:2,2:169:6,3MS,2MP,1,qac_v0.4_aligned,numbered_aligned
2:169,2:169:6:1,2:169:11:1,2:169:6,2:169:11,2MP,2MP,0,qac_v0.4_aligned,numbered_aligned
2:170,2:170:2:1,2:170:4:1,2:170:2,2:170:4,3MS,2MP,1,qac_v0.4_aligned,numbered_aligned
2:170,2:170:4:1,2:170:6:1,2:170:4,2:170:6,2MP,3MS,1,qac_v0.4_aligned,numbered_aligned
2:170,2:170:6:1,2:170:8:1,2:170:6,2:170:8,3MS,3MP,0,qac_v0.4_aligned,numbered_aligned
2:170,2:170:8:1,2:170:10:1,2:170:8,2:170:10,3MP,1P,1,qac_v0.4_aligned,numbered_aligned
2:170,2:170:10:1,2:170:12:1,2:170:10,2:170:12,1P,1P,0,qac_v0.4_aligned,numbered_aligned
2:170,2:170:12:1,2:170:16:1,2:170:12,2:170:16,1P,3MS,1,qac_v0.4_aligned,numbered_aligned
2:170,2:170:16:1,2:170:19:1,2:170:16,2:170:19,3MS,3MP,0,qac_v0.4_aligned,numbered_aligned
2:170,2:170:19:1,2:170:22:1,2:170:19,2:170:22,3MP,3MP,0,qac_v0.4_aligned,numbered_aligned
2:171,2:171:3:1,2:171:6:1,2:171:3,2:171:6,3MP,3MS,0,qac_v0.4_aligned,numbered_aligned
2:171,2:171:6:1,2:171:9:1,2:171:6,2:171:9,3MS,3MS,0,qac_v0.4_aligned,numbered_aligned
2:171,2:171:9:1,2:171:18:1,2:171:9,2:171:18,3MS,3MP,0,qac_v0.4_aligned,numbered_aligned
2:172,2:172:4:1,2:172:8:1,2:172:5,2:172:9,2MP,1P,1,qac_v0.4_aligned,numbered_aligned
2:172,2:172:8:1,2:172:9:2,2:172:9,2:172:10,1P,2MP,1,qac_v0.4_aligned,numbered_aligned
2:172,2:172:9:2,2:172:12:1,2:172:10,2:172:13,2MP,2MP,0,qac_v0.4_aligned,numbered_aligned
2:172,2:172:12:1,2:172:14:1,2:172:13,2:172:15,2MP,2MP,0,qac_v0.4_aligned,numbered_aligned
2:173,2:173:2:1,2:173:9:1,2:173:2,2:173:9,3MS,3MS,0,qac_v0.4_aligned,numbered_aligned
2:173,2:173:9:1,2:173:14:1,2:173:9,2:173:14,3MS,3MS,0,qac_v0.4_aligned,numbered_aligned
2:174,2:174:3:1,2:174:5:1,2:174:3,2:174:5,3MP,3MS,0,qac_v0.4_aligned,numbered_aligned
2:174,2:174:5:1,2:174:9:2,2:174:5,2:174:9,3MS,3MP,0,qac_v0.4_aligned,numbered_aligned
2:174,2:174:9:2,2:174:15:1,2:174:9,2:174:15,3MP,3MP,0,qac_v0.4_aligned,numbered_aligned
2:174,2:174:15:1,2:174:21:1,2:174:15,2:174:21,3MP,3MS,0,qac_v0.4_aligned,numbered_aligned
2:174,2:174:21:1,2:174:26:1,2:174:21,2:174:26,3MS,3MS,0,qac_v0.4_aligned,numbered_aligned
2:175,2:175:3:1,2:175:9:1,2:175:3,2:175:9,3MP,3MS,0,qac_v0.4_aligned,numbered_aligned
2:176,2:176:4:1,2:176:9:1,2:176:4,2:176:9,3MS,3MP,0,qac_v0.4_aligned,numbered_aligned
2:177,2:177:1:1,2:177:4:1,2:177:1,2:177:4,3MS,2MP,1,qac_v0.4_aligned,numbered_aligned
2:177,2:177:39:1,2:177:48:1,2:177:39,2:177:48,3MP,3MP,0,qac_v0.4_aligned,numbered_aligned
2:180,2:180:1:1,2:180:4:1,2:180:1,2:180:4,3MS,3MS,0,qac_v0.4_aligned,numbered_aligned
2:180,2:180:4:1,2:180:8:1,2:180:4,2:180:8,3MS,3MS,0,qac_v0.4_aligned,numbered_aligned
2:181,2:181:2:1,2:181:4:1,2:181:2,2:181:5,3MS,3MS,0,qac_v0.4_aligned,numbered_aligned
2:181,2:181:4:1,2:181:9:1,2:181:5,2:181:10,3MS,3MP,0,qac_v0.4_aligned,numbered_aligned
2:182,2:182:2:1,2:182:8:2,2:182:2,2:182:8,3MS,3MS,0,qac_v0.4_aligned,numbered_aligned
2:183,2:183:4:1,2:183:8:1,2:183:5,2:183:9,3MS,3MS,0,qac_v0.4_aligned,numbered_aligned
2:183,2:183:8:1,2:183:14:1,2:183:9,2:183:15,3MS,2MP,1,qac_v0.4_aligned,numbered_aligned
2:184,2:184:4:1,2:184:16:1,2:184:4,2:184:16,3MS,3MP,0,qac_v0.4_aligned,numbered_aligned
2:184,2:184:16:1,2:184:21:1,2:184:16,2:184:21,3MP,3MS,0,qac_v0.4_aligned,numbered_aligned
2:184,2:184:21:1,2:184:27:1,2:184:21,2:184:27,3MS,2MP,1,qac_v0.4_aligned,numbered_aligned
2:184,2:184:27:1,2:184:31:1,2:184:27,2:184:31,2MP,2MP,0,qac_v0.4_aligned,numbered_aligned
2:184,2:184:31:1,2:184:32:1,2:184:31,2:184:32,2MP,2MP,0,qac_v0.4_aligned,numbered_aligned
2:185,2:185:4:1,2:185:14:1,2:185:4,2:185:14,3MS,3MS,0,qac_v0.4_aligned,numbered_aligned
2:185,2:185:14:1,2:185:17:3,2:185:14,2:185:17,3MS,3MS,0,qac_v0.4_aligned,numbered_aligned
2:185,2:185:17:3,2:185:19:1,2:185:17,2:185:19,3MS,3MS,0,qac_v0.4_aligned,numbered_aligned
2:185,2:185:19:1,2:185:28:1,2:185:19,2:185:28,3MS,3MS,0,qac_v0.4_aligned,numbered_aligned
2:185,2:185:28:1,2:185:33:1,2:185:28,2:185:33,3MS,3MS,0,qac_v0.4_aligned,numbered_aligned
2:185,2:185:33:1,2:185:36:3,2:185:33,2:185:36,3MS,2MP,1,qac_v0.4_aligned,numbered_aligned
2:185,2:185:36:3,2:185:38:3,2:185:36,2:185:38,2MP,2MP,0,qac_v0.4_aligned,numbered_aligned
2:186,2:186:2:1,2:186:7:1,2:186:2,2:186:7,3MS,1S,1,qac_v0.4_aligned,numbered_aligned
2:186,2:186:7:1,2:186:11:1,2:186:7,2:186:11,1S,2MD,1,qac_v0.4_aligned,numbered_aligned
2:186,2:186:11:1,2:186:12:3,2:186:11,2:186:12,2MD,3MP,1,qac_v0.4_aligned,numbered_aligned
2:186,2:186:12:3,2:186:14:3,2:186:12,2:186:14,3MP,3MP,0,qac_v0.4_aligned,numbered_aligned
2:186,2:186:14:3,2:186:17:1,2:186:14,2:186:17,3MP,3MP,0,qac_v0.4_aligned,numbered_aligned
2:187,2:187:1:1,2:187:14:1,2:187:1,2:187:14,3MS,3MS,0,qac_v0.4_aligned,numbered_aligned
2:187,2:187:14:1,2:187:17:1,2:187:14,2:187:17,3MS,2MP,1,qac_v0.4_aligned,numbered_aligned
2:187,2:187:17:1,2:187:18:1,2:187:17,2:187:18,2MP,2MP,0,qac_v0.4_aligned,numbered_aligned
2:187,2:187:18:1,2:187:20:2,2:187:18,2:187:20,2MP,3MS,1,qac_v0.4_aligned,numbered_aligned
2:187,2:187:20:2,2:187:22:2,2:187:20,2:187:22,3MS,3MS,0,qac_v0.4_aligned,numbered_aligned
2:187,2:187:22:2,2:187:25:1,2:187:22,2:187:25,3MS,2MP,1,qac_v0.4_aligned,numbered_aligned
2:187,2:187:25:1,2:187:26:2,2:187:25,2:187:26,2MP,2MP,0,qac_v0.4_aligned,numbered_aligned
2:187,2:187:26:2,2:187:28:1,2:187:26,2:187:28,2MP,3MS,1,qac_v0.4_aligned,numbered_aligned
2:187,2:187:28:1,2:187:31:2,2:187:28,2:187:31,3MS,2MP,1,qac_v0.4_aligned,numbered_aligned
2:187,2:187:31:2,2:187:32:2,2:187:31,2:187:32,2MP,2MP,0,qac_v0.4_aligned,numbered_aligned
2:187,2:187:32:2,2:187:34:1,2:187:32,2:187:34,2MP,3MS,1,qac_v0.4_aligned,numbered_aligned
2:187,2:187:34:1,2:187:44:1,2:187:34,2:187:44,3MS,2MP,1,qac_v0.4_aligned,numbered_aligned
2:187,2:187:44:1,2:187:49:1,2:187:44,2:187:49,2MP,2MP,0,qac_v0.4_aligned,numbered_aligned
2:187,2:187:49:1,2:187:58:1,2:187:49,2:187:58,2MP,2MP,0,qac_v0.4_aligned,numbered_aligned
2:187,2:187:58:1,2:187:60:1,2:187:58,2:187:60,2MP,3MS,1,qac_v0.4_aligned,numbered_aligned
2:187,2:187:60:1,2:187:65:1,2:187:60,2:187:65,3MS,3MP,0,qac_v0.4_aligned,numbered_aligned
2:188,2:188:2:1,2:188:6:2,2:188:2,2:188:6,2MP,2MP,0,qac_v0.4_aligned,numbered_aligned
2:188,2:188:6:2,2:188:10:2,2:188:6,2:188:10,2MP,2MP,0,qac_v0.4_aligned,numbered_aligned
2:188,2:188:10:2,2:188:17:1,2:188:10,2:188:17,2MP,2MP,0,qac_v0.4_aligned,numbered_aligned
2:189,2:189:4:1,2:189:9:2,2:189:4,2:189:9,2MS,3MS,1,qac_v0.4_aligned,numbered_aligned
2:189,2:189:9:2,2:189:12:1,2:189:9,2:189:12,3MS,2MP,1,qac_v0.4_aligned,numbered_aligned
2:189,2:189:12:1,2:189:19:1,2:189:12,2:189:19,2MP,3MS,1,qac_v0.4_aligned,numbered_aligned
2:189,2:189:19:1,2:189:20:2,2:189:19,2:189:20,3MS,2MP,1,qac_v0.4_aligned,numbered_aligned
2:189,2:189:20:2,2:189:24:2,2:189:20,2:189:24,2MP,2MP,0,qac_v0.4_aligned,numbered_aligned
2:189,2:189:24:2,2:189:27:1,2:189:24,2:189:27,2MP,2MP,0,qac_v0.4_aligned,numbered_aligned
2:190,2:190:1:2,2:190:6:1,2:190:1,2:190:6,2MP,3MP,1,qac_v0.4_aligned,numbered_aligned
2:190,2:190:6:1,2:190:8:1,2:190:6,2:190:8,3MP,2MP,1,qac_v0.4_aligned,numbered_aligned
2:190,2:190:8:1,2:190:12:1,2:190:8,2:190:12,2MP,3MS,1,qac_v0.4_aligned,numbered_aligned
2:191,2:191:1:2,2:191:3:1,2:191:1,2:191:3,2MP,2MP,0,qac_v0.4_aligned,numbered_aligned
2:191,2:191:3:1,2:191:4:2,2:191:3,2:191:4,2MP,2MP,0,qac_v0.4_aligned,numbered_aligned
2:191,2:191:4:2,2:191:7:1,2:191:4,2:191:7,2MP,3MP,1,qac_v0.4_aligned,numbered_aligned
2:191,2:191:7:1,2:191:13:1,2:191:7,2:191:13,3MP,2MP,1,qac_v0.4_aligned,numbered_aligned
2:191,2:191:13:1,2:191:18:1,2:191:13,2:191:18,2MP,3MP,1,qac_v0.4_aligned,numbered_aligned
2:191,2:191:18:1,2:191:21:1,2:191:18,2:191:21,3MP,3MP,0,qac_v0.4_aligned,numbered_aligned
2:191,2:191:21:1,2:191:22:2,2:191:21,2:191:22,3MP,2MP,1,qac_v0.4_aligned,numbered_aligned
2:193,2:193:1:2,2:193:4:1,2:193:1,2:193:4,2MP,3FS,1,qac_v0.4_aligned,numbered_aligned
2:193,2:193:4:1,2:193:6:2,2:193:4,2:193:6,3FS,3MS,0,qac_v0.4_aligned,numbered_aligned
2:193,2:193:6:2,2:193:10:1,2:193:6,2:193:10,3MS,3MP,0,qac_v0.4_aligned,numbered_aligned
2:194,2:194:8:1,2:194:10:2,2:194:8,2:194:10,3MS,2MP,1,qac_v0.4_aligned,numbered_aligned
2:194,2:194:10:2,2:194:14:1,2:194:10,2:194:14,2MP,3MS,1,qac_v0.4_aligned,numbered_aligned
2:194,2:194:14:1,2:194:16:2,2:194:14,2:194:16,3MS,2MP,1,qac_v0.4_aligned,numbered_aligned
2:194,2:194:16:2,2:194:18:2,2:194:16,2:194:18,2MP,2MP,0,qac_v0.4_aligned,numbered_aligned
2:195,2:195:1:2,2:195:6:1,2:195:1,2:195:6,2MP,2MP,0,qac_v0.4_aligned,numbered_aligned
2:195,2:195:6:1,2:195:10:2,2:195:6,2:195:10,2MP,2MP,0,qac_v0.4_aligned,numbered_aligned
2:195,2:195:10:2,2:195:13:1,2:195:10,2:195:13,2MP,3MS,1,qac_v0.4_aligned,numbered_aligned
2:196,2:196:1:2,2:196:6:1,2:196:1,2:196:6,2MP,2MP,0,qac_v0.4_aligned,numbered_aligned
2:196,2:196:6:1,2:196:8:1,2:196:6,2:196:8,2MP,3MS,1,qac_v0.4_aligned,numbered_aligned
2:196,2:196:8:1,2:196:12:1,2:196:8,2:196:12,3MS,2MP,1,qac_v0.4_aligned,numbered_aligned
2:196,2:196:12:1,2:196:15:1,2:196:12,2:196:15,2MP,3MS,1,qac_v0.4_aligned,numbered_aligned
2:196,2:196:15:1,2:196:19:1,2:196:15,2:196:19,3MS,3MS,0,qac_v0.4_aligned,numbered_aligned
2:196,2:196:19:1,2:196:35:1,2:196:19,2:196:35,3MS,2MP,1,qac_v0.4_aligned,numbered_aligned
2:196,2:196:35:1,2:196:37:1,2:196:35,2:196:37,2MP,3MS,1,qac_v0.4_aligned,numbered_aligned
2:196,2:196:37:1,2:196:42:1,2:196:37,2:196:42,3MS,3MS,0,qac_v0.4_aligned,numbered_aligned
2:196,2:196:42:1,2:196:47:1,2:196:42,2:196:47,3MS,3MS,0,qac_v0.4_aligned,numbered_aligned
2:196,2:196:47:1,2:196:55:1,2:196:47,2:196:55,3MS,2MP,1,qac_v0.4_aligned,numbered_aligned
2:196,2:196:55:1,2:196:62:1,2:196:55,2:196:62,2MP,3MS,1,qac_v0.4_aligned,numbered_aligned
2:196,2:196:62:1,2:196:67:2,2:196:62,2:196:67,3MS,2MP,1,qac_v0.4_aligned,numbered_aligned
2:196,2:196:67:2,2:196:69:2,2:196:67,2:196:69,2MP,2MP,0,qac_v0.4_aligned,numbered_aligned
2:198,2:198:1:1,2:198:5:1,2:198:1,2:198:5,3MS,2MP,1,qac_v0.4_aligned,numbered_aligned
2:198,2:198:5:1,2:198:10:1,2:198:5,2:198:10,2MP,2MP,0,qac_v0.4_aligned,numbered_aligned
2:198,2:198:10:1,2:198:13:2,2:198:10,2:198:13,2MP,2MP,0,qac_v0.4_aligned,numbered_aligned
2:198,2:198:13:2,2:198:18:2,2:198:13,2:198:18,2MP,2MP,0,qac_v0.4_aligned,numbered_aligned
2:199,2:199:2:1,2:199:5:1,2:199:2,2:199:5,2MP,3MS,1,qac_v0.4_aligned,numbered_aligned
2:199,2:199:5:1,2:199:7:2,2:199:5,2:199:7,3MS,2MP,1,qac_v0.4_aligned,numbered_aligned
2:200,2:200:2:1,2:200:4:2,2:200:2,2:200:4,2MP,2MP,0,qac_v0.4_aligned,numbered_aligned
2:200,2:200:4:2,2:200:14:1,2:200:4,2:200:14,2MP,3MS,1,qac_v0.4_aligned,numbered_aligned
2:203,2:203:1:2,2:203:7:1,2:203:1,2:203:7,2MP,3MS,1,qac_v0.4_aligned,numbered_aligned
2:203,2:203:7:1,2:203:14:1,2:203:7,2:203:14,3MS,3MS,0,qac_v0.4_aligned,numbered_aligned
2:203,2:203:14:1,2:203:19:1,2:203:14,2:203:19,3MS,3MS,0,qac_v0.4_aligned,numbered_aligned
2:203,2:203:19:1,2:203:20:2,2:203:19,2:203:20,3MS,2MP,1,qac_v0.4_aligned,numbered_aligned
2:203,2:203:20:2,2:203:22:2,2:203:20,2:203:22,2MP,2MP,0,qac_v0.4_aligned,numbered_aligned
2:203,2:203:22:2,2:203:25:1,2:203:22,2:203:25,2MP,2MP,0,qac_v0.4_aligned,numbered_aligned
2:204,2:204:4:1,2:204:9:2,2:204:4,2:204:9,3MS,3MS,0,qac_v0.4_aligned,numbered_aligned
2:205,2:205:2:1,2:205:3:1,2:205:2,2:205:3,3MS,3MS,0,qac_v0.4_aligned,numbered_aligned
2:205,2:205:3:1,2:205:6:2,2:205:3,2:205:6,3MS,3MS,0,qac_v0.4_aligned,numbered_aligned
2:205,2:205:6:2,2:205:8:2,2:205:6,2:205:8,3MS,3MS,0,qac_v0.4_aligned,numbered_aligned
2:205,2:205:8:2,2:205:13:1,2:205:8,2:205:13,3MS,3MS,0,qac_v0.4_aligned,numbered_aligned
2:206,2:206:2:1,2:206:4:1,2:206:2,2:206:4,3MS,2MS,1,qac_v0.4_aligned,numbered_aligned
2:206,2:206:4:1,2:206:6:1,2:206:4,2:206:6,2MS,3FS,1,qac_v0.4_aligned,numbered_aligned
2:206,2:206:6:1,2:206:11:3,2:206:6,2:206:11,3FS,3MS,0,qac_v0.4_aligned,numbered_aligned
2:208,2:208:4:1,2:208:9:1,2:208:5,2:208:10,2MP,2MP,0,qac_v0.4_aligned,numbered_aligned
2:209,2:209:2:1,2:209:6:1,2:209:2,2:209:6,2MP,3FS,1,qac_v0.4_aligned,numbered_aligned
2:209,2:209:6:1,2:209:8:2,2:209:6,2:209:8,3FS,2MP,1,qac_v0.4_aligned,numbered_aligned
2:210,2:210:2:1,2:210:5:1,2:210:2,2:210:5,3MP,3MS,0,qac_v0.4_aligned,numbered_aligned
2:211,2:211:10:1,2:211:16:1,2:211:10,2:211:16,3MS,3FS,0,qac_v0.4_aligned,numbered_aligned
2:212,2:212:1:1,2:212:3:1,2:212:1,2:212:3,3MS,3MP,0,qac_v0.4_aligned,numbered_aligned
2:212,2:212:3:1,2:212:6:2,2:212:3,2:212:6,3MP,3MP,0,qac_v0.4_aligned,numbered_aligned
2:212,2:212:11:1,2:212:16:1,2:212:11,2:212:16,3MP,3MS,0,qac_v0.4_aligned,numbered_aligned
2:212,2:212:16:1,2:212:18:1,2:212:16,2:212:18,3MS,3MS,0,qac_v0.4_aligned,numbered_aligned
2:213,2:213:1:1,2:213:5:2,2:213:1,2:213:5,3MS,3MS,0,qac_v0.4_aligned,numbered_aligned
2:213,2:213:5:2,2:213:10:2,2:213:5,2:213:10,3MS,3MS,0,qac_v0.4_aligned,numbered_aligned
2:213,2:213:10:2,2:213:14:2,2:213:10,2:213:14,3MS,3MS,0,qac_v0.4_aligned,numbered_aligned
2:213,2:213:14:2,2:213:18:1,2:213:14,2:213:18,3MS,3MP,0,qac_v0.4_aligned,numbered_aligned
2:213,2:213:18:1,2:213:21:1,2:213:18,2:213:21,3MP,3MS,0,qac_v0.4_aligned,numbered_aligned
2:213,2:213:21:1,2:213:25:1,2:213:21,2:213:25,3MS,3MP,0,qac_v0.4_aligned,numbered_aligned
2:213,2:213:25:1,2:213:29:1,2:213:25,2:213:29,3MP,3FS,0,qac_v0.4_aligned,numbered_aligned
2:213,2:213:29:1,2:213:33:2,2:213:29,2:213:33,3FS,3MS,0,qac_v0.4_aligned,numbered_aligned
2:214,2:214:2:1,2:214:4:1,2:214:2,2:214:4,2MP,2MP,0,qac_v0.4_aligned,numbered_aligned
2:214,2:214:4:1,2:214:7:1,2:214:4,2:214:7,2MP,3MS,1,qac_v0.4_aligned,numbered_aligned
2:214,2:214:7:1,2:214:10:1,2:214:7,2:214:10,3MS,3MP,0,qac_v0.4_aligned,numbered_aligned
2:214,2:214:10:1,2:214:13:1,2:214:10,2:214:13,3MP,3FS,0,qac_v0.4_aligned,numbered_aligned
2:214,2:214:13:1,2:214:16:2,2:214:13,2:214:16,3FS,3MP,0,qac_v0.4_aligned,numbered_aligned
2:214,2:214:16:2,2:214:18:1,2:214:16,2:214:18,3MP,3MS,0,qac_v0.4_aligned,numbered_aligned
2:215,2:215:3:1,2:215:4:1,2:215:3,2:215:4,3MP,2MS,1,qac_v0.4_aligned,numbered_aligned
2:215,2:215:4:1,2:215:6:1,2:215:4,2:215:6,2MS,2MP,0,qac_v0.4_aligned,numbered_aligned
2:215,2:215:6:1,2:215:16:1,2:215:6,2:215:16,2MP,2MP,0,qac_v0.4_aligned,numbered_aligned
2:216,2:216:1:1,2:216:7:2,2:216:1,2:216:7,3MS,3MS,0,qac_v0.4_aligned,numbered_aligned
2:216,2:216:7:2,2:216:9:1,2:216:7,2:216:9,3MS,2MP,1,qac_v0.4_aligned,numbered_aligned
2:216,2:216:9:1,2:216:14:2,2:216:9,2:216:14,2MP,3MS,1,qac_v0.4_aligned,numbered_aligned
2:216,2:216:14:2,2:216:16:1,2:216:14,2:216:16,3MS,2MP,1,qac_v0.4_aligned,numbered_aligned
2:216,2:216:16:1,2:216:22:1,2:216:16,2:216:22,2MP,3MS,1,qac_v0.4_aligned,numbered_aligned
2:216,2:216:22:1,2:216:25:1,2:216:22,2:216:25,3MS,2MP,1,qac_v0.4_aligned,numbered_aligned
2:217,2:217:7:1,2:217:30:1,2:217:7,2:217:30,2MS,3MP,1,qac_v0.4_aligned,numbered_aligned
2:217,2:217:30:1,2:217:31:1,2:217:30,2:217:31,3MP,3MP,0,qac_v0.4_aligned,numbered_aligned
2:217,2:217:31:1,2:217:33:1,2:217:31,2:217:33,3MP,3MP,0,qac_v0.4_aligned,numbered_aligned
2:217,2:217:33:1,2:217:37:1,2:217:33,2:217:37,3MP,3MP,0,qac_v0.4_aligned,numbered_aligned
2:217,2:217:37:1,2:217:39:1,2:217:37,2:217:39,3MP,3MS,0,qac_v0.4_aligned,numbered_aligned
2:217,2:217:39:1,2:217:43:2,2:217:39,2:217:43,3MS,3MS,0,qac_v0.4_aligned,numbered_aligned
2:217,2:217:43:2,2:217:47:1,2:217:43,2:217:47,3MS,3FS,0,qac_v0.4_aligned,numbered_aligned
2:218,2:218:5:1,2:218:6:2,2:218:5,2:218:6,3MP,3MP,0,qac_v0.4_aligned,numbered_aligned
2:218,2:218:6:2,2:218:11:1,2:218:6,2:218:11,3MP,3MP,0,qac_v0.4_aligned,numbered_aligned
2:219,2:219:17:1,2:219:18:1,2:219:17,2:219:18,3MP,2MS,1,qac_v0.4_aligned,numbered_aligned
2:219,2:219:18:1,2:219:21:1,2:219:18,2:219:21,2MS,3MS,1,qac_v0.4_aligned,numbered_aligned
2:219,2:219:21:1,2:219:26:1,2:219:21,2:219:26,3MS,2MP,1,qac_v0.4_aligned,numbered_aligned
2:220,2:220:7:1,2:220:12:1,2:220:7,2:220:12,2MS,2MP,0,qac_v0.4_aligned,numbered_aligned
2:220,2:220:12:1,2:220:15:1,2:220:12,2:220:15,2MP,3MS,1,qac_v0.4_aligned,numbered_aligned
2:220,2:220:15:1,2:220:20:1,2:220:15,2:220:20,3MS,3MS,0,qac_v0.4_aligned,numbered_aligned
2:220,2:220:20:1,2:220:22:2,2:220:20,2:220:22,3MS,3MS,0,qac_v0.4_aligned,numbered_aligned
2:221,2:221:2:1,2:221:5:1,2:221:2,2:221:5,2MP,3FP,1,qac_v0.4_aligned,numbered_aligned
2:221,2:221:5:1,2:221:12:1,2:221:5,2:221:12,3FP,3FS,0,qac_v0.4_aligned,numbered_aligned
2:221,2:221:12:1,2:221:14:1,2:221:12,2:221:14,3FS,2MP,1,qac_v0.4_aligned,numbered_aligned
2:221,2:221:14:1,2:221:17:1,2:221:14,2:221:17,2MP,3MP,1,qac_v0.4_aligned,numbered_aligned
2:221,2:221:17:1,2:221:24:1,2:221:17,2:221:24,3MP,3MS,0,qac_v0.4_aligned,numbered_aligned
2:221,2:221:24:1,2:221:26:1,2:221:24,2:221:26,3MS,3MP,0,qac_v0.4_aligned,numbered_aligned
2:221,2:221:35:2,2:221:39:1,2:221:35,2:221:39,3MS,3MP,0,qac_v0.4_aligned,numbered_aligned
2:222,2:222:4:1,2:222:7:2,2:222:4,2:222:7,2MS,2MP,0,qac_v0.4_aligned,numbered_aligned
2:222,2:222:7:2,2:222:12:1,2:222:7,2:222:12,2MP,2MP,0,qac_v0.4_aligned,numbered_aligned
2:222,2:222:12:1,2:222:14:1,2:222:12,2:222:14,2MP,3FP,1,qac_v0.4_aligned,numbered_aligned
2:222,2:222:14:1,2:222:16:1,2:222:14,2:222:16,3FP,3FP,0,qac_v0.4_aligned,numbered_aligned
2:222,2:222:16:1,2:222:17:2,2:222:16,2:222:17,3FP,2MP,1,qac_v0.4_aligned,numbered_aligned
2:222,2:222:17:2,2:222:20:1,2:222:17,2:222:20,2MP,3MS,1,qac_v0.4_aligned,numbered_aligned
2:222,2:222:20:1,2:222:24:1,2:222:20,2:222:24,3MS,3MS,0,qac_v0.4_aligned,numbered_aligned
2:222,2:222:24:1,2:222:26:2,2:222:24,2:222:26,3MS,3MS,0,qac_v0.4_aligned,numbered_aligned
2:223,2:223:4:2,2:223:7:1,2:223:4,2:223:7,2MP,2MP,0,qac_v0.4_aligned,numbered_aligned
2:223,2:223:7:1,2:223:8:2,2:223:7,2:223:8,2MP,2MP,0,qac_v0.4_aligned,numbered_aligned
2:223,2:223:8:2,2:223:10:2,2:223:8,2:223:10,2MP,2MP,0,qac_v0.4_aligned,numbered_aligned
2:223,2:223:10:2,2:223:12:2,2:223:10,2:223:12,2MP,2MP,0,qac_v0.4_aligned,numbered_aligned
2:223,2:223:12:2,2:223:15:2,2:223:12,2:223:15,2MP,2MS,0,qac_v0.4_aligned,numbered_aligned
2:224,2:224:2:1,2:224:7:1,2:224:2,2:224:7,2MP,2MP,0,qac_v0.4_aligned,numbered_aligned
2:224,2:224:7:1,2:224:8:2,2:224:7,2:224:8,2MP,2MP,0,qac_v0.4_aligned,numbered_aligned
2:224,2:224:8:2,2:224:9:2,2:224:8,2:224:9,2MP,2MP,0,qac_v0.4_aligned,numbered_aligned
2:225,2:225:2:1,2:225:8:1,2:225:2,2:225:8,3MS,3MS,0,qac_v0.4_aligned,numbered_aligned
2:225,2:225:8:1,2:225:10:1,2:225:8,2:225:10,3MS,3FS,0,qac_v0.4_aligned,numbered_aligned
2:228,2:228:2:1,2:228:7:1,2:228:2,2:228:7,3FP,3MS,0,qac_v0.4_aligned,numbered_aligned
2:228,2:228:7:1,2:228:10:1,2:228:7,2:228:10,3MS,3FP,0,qac_v0.4_aligned,numbered_aligned
2:228,2:228:10:1,2:228:12:1,2:228:10,2:228:12,3FP,3MS,0,qac_v0.4_aligned,numbered_aligned
2:228,2:228:12:1,2:228:17:1,2:228:12,2:228:17,3MS,3FP,0,qac_v0.4_aligned,numbered_aligned
2:228,2:228:17:1,2:228:18:1,2:228:17,2:228:18,3FP,3FP,0,qac_v0.4_aligned,numbered_aligned
2:228,2:228:18:1,2:228:28:1,2:228:18,2:228:28,3FP,3MP,0,qac_v0.4_aligned,numbered_aligned
2:229,2:229:9:1,2:229:12:1,2:229:9,2:229:12,3MS,2MP,1,qac_v0.4_aligned,numbered_aligned
2:229,2:229:18:1,2:229:20:1,2:229:18,2:229:20,3MD,3MD,0,qac_v0.4_aligned,numbered_aligned
2:229,2:229:20:1,2:229:24:1,2:229:20,2:229:24,3MD,2MP,1,qac_v0.4_aligned,numbered_aligned
2:229,2:229:24:1,2:229:26:1,2:229:24,2:229:26,2MP,3MD,1,qac_v0.4_aligned,numbered_aligned
2:229,2:229:26:1,2:229:33:1,2:229:26,2:229:33,3MD,3FS,0,qac_v0.4_aligned,numbered_aligned
2:229,2:229:33:1,2:229:39:1,2:229:33,2:229:39,3FS,2MP,1,qac_v0.4_aligned,numbered_aligned
2:229,2:229:39:1,2:229:41:1,2:229:39,2:229:41,2MP,3MS,1,qac_v0.4_aligned,numbered_aligned
2:230,2:230:2:1,2:230:4:1,2:230:2,2:230:4,3MS,3FS,0,qac_v0.4_aligned,numbered_aligned
2:230,2:230:4:1,2:230:9:1,2:230:4,2:230:9,3FS,3FS,0,qac_v0.4_aligned,numbered_aligned
2:230,2:230:9:1,2:230:13:1,2:230:9,2:230:13,3FS,3MS,0,qac_v0.4_aligned,numbered_aligned
2:230,2:230:13:1,2:230:18:1,2:230:13,2:230:18,3MS,3MD,0,qac_v0.4_aligned,numbered_aligned
2:230,2:230:18:1,2:230:20:1,2:230:18,2:230:20,3MD,3MD,0,qac_v0.4_aligned,numbered_aligned
2:230,2:230:20:1,2:230:22:1,2:230:20,2:230:22,3MD,3MD,0,qac_v0.4_aligned,numbered_aligned
2:230,2:230:22:1,2:230:28:1,2:230:22,2:230:28,3MD,3MS,0,qac_v0.4_aligned,numbered_aligned
2:230,2:230:28:1,2:230:30:1,2:230:28,2:230:30,3MS,3MP,0,qac_v0.4_aligned,numbered_aligned
2:231,2:231:2:1,2:231:4:2,2:231:2,2:231:4,2MP,3FP,1,qac_v0.4_aligned,numbered_aligned
2:231,2:231:4:2,2:231:6:2,2:231:4,2:231:6,3FP,2MP,1,qac_v0.4_aligned,numbered_aligned
2:231,2:231:6:2,2:231:9:1,2:231:6,2:231:9,2MP,2MP,0,qac_v0.4_aligned,numbered_aligned
2:231,2:231:9:1,2:231:12:1,2:231:9,2:231:12,2MP,2MP,0,qac_v0.4_aligned,numbered_aligned
2:231,2:231:12:1,2:231:14:2,2:231:12,2:231:14,2MP,2MP,0,qac_v0.4_aligned,numbered_aligned
2:231,2:231:14:2,2:231:16:1,2:231:14,2:231:16,2MP,3MS,1,qac_v0.4_aligned,numbered_aligned
2:231,2:231:16:1,2:231:19:1,2:231:16,2:231:19,3MS,3MS,0,qac_v0.4_aligned,numbered_aligned
2:231,2:231:19:1,2:231:22:1,2:231:19,2:231:22,3MS,2MP,1,qac_v0.4_aligned,numbered_aligned
2:231,2:231:22:1,2:231:26:2,2:231:22,2:231:26,2MP,2MP,0,qac_v0.4_aligned,numbered_aligned
2:231,2:231:26:2,2:231:31:1,2:231:26,2:231:31,2MP,3MS,1,qac_v0.4_aligned,numbered_aligned
2:231,2:231:31:1,2:231:36:1,2:231:31,2:231:36,3MS,3MS,0,qac_v0.4_aligned,numbered_aligned
2:231,2:231:36:1,2:231:38:2,2:231:36,2:231:38,3MS,2MP,1,qac_v0.4_aligned,numbered_aligned
2:231,2:231:38:2,2:231:40:2,2:231:38,2:231:40,2MP,2MP,0,qac_v0.4_aligned,numbered_aligned
2:232,2:232:2:1,2:232:4:2,2:232:2,2:232:4,2MP,3FP,1,qac_v0.4_aligned,numbered_aligned
2:232,2:232:4:2,2:232:7:1,2:232:4,2:232:7,3FP,2MP,1,qac_v0.4_aligned,numbered_aligned
2:232,2:232:7:1,2:232:9:1,2:232:7,2:232:9,2MP,3FP,1,qac_v0.4_aligned,numbered_aligned
2:232,2:232:9:1,2:232:12:1,2:232:9,2:232:12,3FP,3MP,0,qac_v0.4_aligned,numbered_aligned
2:232,2:232:12:1,2:232:16:1,2:232:12,2:232:16,3MP,3MS,0,qac_v0.4_aligned,numbered_aligned
2:232,2:232:16:1,2:232:19:1,2:232:16,2:232:19,3MS,3MS,0,qac_v0.4_aligned,numbered_aligned
2:232,2:232:19:1,2:232:21:1,2:232:19,2:232:21,3MS,3MS,0,qac_v0.4_aligned,numbered_aligned
2:232,2:232:21:1,2:232:30:1,2:232:21,2:232:30,3MS,3MS,0,qac_v0.4_aligned,numbered_aligned
2:232,2:232:30:1,2:232:33:1,2:232:30,2:232:33,3MS,2MP,1,qac_v0.4_aligned,numbered_aligned
2:233,2:233:2:1,2:233:7:1,2:233:2,2:233:7,3FP,3MS,0,qac_v0.4_aligned,numbered_aligned
2:233,2:233:7:1,2:233:9:1,2:233:7,2:233:9,3MS,3MS,0,qac_v0.4_aligned,numbered_aligned
2:233,2:233:9:1,2:233:18:1,2:233:9,2:233:18,3MS,3FS,0,qac_v0.4_aligned,numbered_aligned
2:233,2:233:18:1,2:233:23:1,2:233:18,2:233:23,3FS,3FS,0,qac_v0.4_aligned,numbered_aligned
2:233,2:233:23:1,2:233:35:1,2:233:23,2:233:35,3FS,3MD,0,qac_v0.4_aligned,numbered_aligned
2:233,2:233:35:1,2:233:45:1,2:233:35,2:233:45,3MD,2MP,1,qac_v0.4_aligned,numbered_aligned
2:233,2:233:45:1,2:233:47:1,2:233:45,2:233:47,2MP,2MP,0,qac_v0.4_aligned,numbered_aligned
2:233,2:233:47:1,2:233:53:1,2:233:47,2:233:53,2MP,2MP,0,qac_v0.4_aligned,numbered_aligned
2:233,2:233:57:2,2:233:59:2,2:233:57,2:233:59,2MP,2MP,0,qac_v0.4_aligned,numbered_aligned
2:233,2:233:59:2,2:233:63:1,2:233:59,2:233:63,2MP,2MP,0,qac_v0.4_aligned,numbered_aligned
2:234,2:234:2:1,2:234:4:2,2:234:2,2:234:4,3MP,3MP,0,qac_v0.4_aligned,numbered_aligned
2:234,2:234:4:2,2:234:6:1,2:234:4,2:234:6,3MP,3FP,0,qac_v0.4_aligned,numbered_aligned
2:234,2:234:6:1,2:234:12:1,2:234:6,2:234:12,3FP,3FP,0,qac_v0.4_aligned,numbered_aligned
2:234,2:234:12:1,2:234:18:1,2:234:12,2:234:18,3FP,3FP,0,qac_v0.4_aligned,numbered_aligned
2:234,2:234:18:1,2:234:24:1,2:234:18,2:234:24,3FP,2MP,1,qac_v0.4_aligned,numbered_aligned
2:235,2:235:5:1,2:235:11:1,2:235:5,2:235:11,2MP,2MP,0,qac_v0.4_aligned,numbered_aligned
2:235,2:235:11:1,2:235:14:1,2:235:11,2:235:14,2MP,3MS,1,qac_v0.4_aligned,numbered_aligned
2:235,2:235:14:1,2:235:17:2,2:235:14,2:235:17,3MS,2MP,1,qac_v0.4_aligned,numbered_aligned
2:235,2:235:17:2,2:235:20:1,2:235:17,2:235:20,2MP,2MP,0,qac_v0.4_aligned,numbered_aligned
2:235,2:235:20:1,2:235:24:1,2:235:20,2:235:24,2MP,2MP,0,qac_v0.4_aligned,numbered_aligned
2:235,2:235:24:1,2:235:28:1,2:235:24,2:235:28,2MP,2MP,0,qac_v0.4_aligned,numbered_aligned
2:235,2:235:28:1,2:235:32:1,2:235:28,2:235:32,2MP,3MS,1,qac_v0.4_aligned,numbered_aligned
2:235,2:235:32:1,2:235:35:2,2:235:32,2:235:35,3MS,2MP,1,qac_v0.4_aligned,numbered_aligned
2:235,2:235:35:2,2:235:38:1,2:235:35,2:235:38,2MP,3MS,1,qac_v0.4_aligned,numbered_aligned
2:235,2:235:38:1,2:235:42:2,2:235:38,2:235:42,3MS,2MP,1,qac_v0.4_aligned,numbered_aligned
2:235,2:235:42:2,2:235:43:2,2:235:42,2:235:43,2MP,2MP,0,qac_v0.4_aligned,numbered_aligned
2:236,2:236:5:1,2:236:9:1,2:236:5,2:236:9,2MP,2MP,0,qac_v0.4_aligned,numbered_aligned
2:236,2:236:9:1,2:236:11:1,2:236:9,2:236:11,2MP,2MP,0,qac_v0.4_aligned,numbered_aligned
2:236,2:236:11:1,2:236:14:2,2:236:11,2:236:14,2MP,2MP,0,qac_v0.4_aligned,numbered_aligned
2:237,2:237:2:1,2:237:6:1,2:237:2,2:237:6,2MP,2MP,0,qac_v0.4_aligned,numbered_aligned
2:237,2:237:6:1,2:237:8:1,2:237:6,2:237:8,2MP,2MP,0,qac_v0.4_aligned,numbered_aligned
2:237,2:237:8:1,2:237:13:1,2:237:8,2:237:13,2MP,2MP,0,qac_v0.4_aligned,numbered_aligned
2:237,2:237:13:1,2:237:16:1,2:237:13,2:237:16,2MP,3MP,1,qac_v0.4_aligned,numbered_aligned
2:237,2:237:24:1,2:237:28:1,2:237:24,2:237:28,2MP,2MP,0,qac_v0.4_aligned,numbered_aligned
2:237,2:237:28:1,2:237:34:1,2:237:28,2:237:34,2MP,2MP,0,qac_v0.4_aligned,numbered_aligned
2:238,2:238:1:1,2:238:6:2,2:238:1,2:238:6,2MP,2MP,0,qac_v0.4_aligned,numbered_aligned
2:239,2:239:2:1,2:239:7:1,2:239:2,2:239:7,2MP,2MP,0,qac_v0.4_aligned,numbered_aligned
2:239,2:239:7:1,2:239:8:2,2:239:7,2:239:8,2MP,2MP,0,qac_v0.4_aligned,numbered_aligned
2:239,2:239:8:2,2:239:11:1,2:239:8,2:239:11,2MP,3MS,1,qac_v0.4_aligned,numbered_aligned
2:239,2:239:11:1,2:239:14:1,2:239:11,2:239:14,3MS,2MP,1,qac_v0.4_aligned,numbered_aligned
2:239,2:239:14:1,2:239:15:1,2:239:14,2:239:15,2MP,2MP,0,qac_v0.4_aligned,numbered_aligned
2:240,2:240:2:1,2:240:4:2,2:240:2,2:240:4,3MP,3MP,0,qac_v0.4_aligned,numbered_aligned
2:240,2:240:4:2,2:240:14:1,2:240:4,2:240:14,3MP,3FP,0,qac_v0.4_aligned,numbered_aligned
2:240,2:240:14:1,2:240:20:1,2:240:14,2:240:20,3FP,3FP,0,qac_v0.4_aligned,numbered_aligned
2:242,2:242:2:1,2:242:7:1,2:242:2,2:242:7,3MS,2MP,1,qac_v0.4_aligned,numbered_aligned
2:243,2:243:2:1,2:243:5:1,2:243:2,2:243:5,2MS,3MP,1,qac_v0.4_aligned,numbered_aligned
2:243,2:243:5:1,2:243:12:2,2:243:5,2:243:12,3MP,3MS,0,qac_v0.4_aligned,numbered_aligned
2:243,2:243:12:2,2:243:15:1,2:243:12,2:243:15,3MS,2MP,1,qac_v0.4_aligned,numbered_aligned
2:243,2:243:15:1,2:243:17:1,2:243:15,2:243:17,2MP,3MS,1,qac_v0.4_aligned,numbered_aligned
2:243,2:243:17:1,2:243:28:1,2:243:17,2:243:28,3MS,3MP,0,qac_v0.4_aligned,numbered_aligned
2:244,2:244:1:2,2:244:5:2,2:244:1,2:244:5,2MP,2MP,0,qac_v0.4_aligned,numbered_aligned
2:245,2:245:4:1,2:245:8:2,2:245:4,2:245:8,3MS,3MS,0,qac_v0.4_aligned,numbered_aligned
2:245,2:245:8:2,2:245:13:1,2:245:8,2:245:13,3MS,3MS,0,qac_v0.4_aligned,numbered_aligned
2:246,2:246:2:1,2:246:12:1,2:246:2,2:246:12,2MS,3MP,1,qac_v0.4_aligned,numbered_aligned
2:246,2:246:12:1,2:246:15:1,2:246:12,2:246:15,3MP,2MS,1,qac_v0.4_aligned,numbered_aligned
2:246,2:246:15:1,2:246:18:1,2:246:15,2:246:18,2MS,1P,1,qac_v0.4_aligned,numbered_aligned
2:246,2:246:18:1,2:246:22:1,2:246:18,2:246:22,1P,3MS,1,qac_v0.4_aligned,numbered_aligned
2:246,2:246:22:1,2:246:24:1,2:246:22,2:246:24,3MS,2MP,1,qac_v0.4_aligned,numbered_aligned
2:246,2:246:24:1,2:246:26:1,2:246:24,2:246:26,2MP,3MS,1,qac_v0.4_aligned,numbered_aligned
2:246,2:246:26:1,2:246:30:1,2:246:26,2:246:30,3MS,2MP,1,qac_v0.4_aligned,numbered_aligned
2:246,2:246:30:1,2:246:31:1,2:246:30,2:246:31,2MP,3MP,1,qac_v0.4_aligned,numbered_aligned
2:246,2:246:31:1,2:246:35:1,2:246:31,2:246:35,3MP,1P,1,qac_v0.4_aligned,numbered_aligned
2:246,2:246:35:1,2:246:40:1,2:246:35,2:246:40,1P,1P,0,qac_v0.4_aligned,numbered_aligned
2:246,2:246:40:1,2:246:45:1,2:246:40,2:246:45,1P,3MS,1,qac_v0.4_aligned,numbered_aligned
2:246,2:246:45:1,2:246:48:1,2:246:45,2:246:48,3MS,3MP,0,qac_v0.4_aligned,numbered_aligned
2:247,2:247:1:2,2:247:7:1,2:247:1,2:247:7,3MS,3MS,0,qac_v0.4_aligned,numbered_aligned
2:247,2:247:7:1,2:247:11:1,2:247:7,2:247:11,3MS,3MP,0,qac_v0.4_aligned,numbered_aligned
2:247,2:247:11:1,2:247:13:1,2:247:11,2:247:13,3MP,3MS,0,qac_v0.4_aligned,numbered_aligned
2:247,2:247:13:1,2:247:22:1,2:247:13,2:247:22,3MS,3MS,0,qac_v0.4_aligned,numbered_aligned
2:247,2:247:22:1,2:247:26:1,2:247:22,2:247:26,3MS,3MS,0,qac_v0.4_aligned,numbered_aligned
2:248,2:248:1:2,2:248:8:1,2:248:1,2:248:8,3MS,3MS,0,qac_v0.4_aligned,numbered_aligned
2:248,2:248:8:1,2:248:16:1,2:248:8,2:248:16,3MS,3MS,0,qac_v0.4_aligned,numbered_aligned
2:248,2:248:16:1,2:248:21:1,2:248:16,2:248:21,3MS,3FS,0,qac_v0.4_aligned,numbered_aligned
2:248,2:248:21:1,2:248:29:1,2:248:21,2:248:29,3FS,2MP,1,qac_v0.4_aligned,numbered_aligned
2:249,2:249:2:1,2:249:5:1,2:249:2,2:249:5,3MS,3MS,0,qac_v0.4_aligned,numbered_aligned
2:249,2:249:5:1,2:249:11:1,2:249:5,2:249:11,3MS,3MS,0,qac_v0.4_aligned,numbered_aligned
2:249,2:249:11:1,2:249:13:2,2:249:11,2:249:13,3MS,3MS,0,qac_v0.4_aligned,numbered_aligned
2:249,2:249:13:2,2:249:17:1,2:249:13,2:249:17,3MS,3MS,0,qac_v0.4_aligned,numbered_aligned
2:249,2:249:17:1,2:249:22:1,2:249:17,2:249:22,3MS,3MS,0,qac_v0.4_aligned,numbered_aligned
2:249,2:249:22:1,2:249:25:2,2:249:22,2:249:25,3MS,3MP,0,qac_v0.4_aligned,numbered_aligned
2:249,2:249:25:2,2:249:31:1,2:249:25,2:249:31,3MP,3MS,0,qac_v0.4_aligned,numbered_aligned
2:249,2:249:36:1,2:249:43:1,2:249:36,2:249:43,3MP,3MS,0,qac_v0.4_aligned,numbered_aligned
2:249,2:249:43:1,2:249:45:1,2:249:43,2:249:45,3MS,3MP,0,qac_v0.4_aligned,numbered_aligned
2:249,2:249:45:1,2:249:53:1,2:249:45,2:249:53,3MP,3FS,0,qac_v0.4_aligned,numbered_aligned
2:250,2:250:2:1,2:250:5:1,2:250:2,2:250:5,3MP,3MP,0,qac_v0.4_aligned,numbered_aligned
2:250,2:250:5:1,2:250:7:1,2:250:5,2:250:7,3MP,2MS,1,qac_v0.4_aligned,numbered_aligned
2:250,2:250:7:1,2:250:10:2,2:250:7,2:250:10,2MS,2MS,0,qac_v0.4_aligned,numbered_aligned
2:250,2:250:10:2,2:250:12:2,2:250:10,2:250:12,2MS,2MS,0,qac_v0.4_aligned,numbered_aligned
2:251,2:251:1:2,2:251:4:2,2:251:1,2:251:4,3MP,3MS,0,qac_v0.4_aligned,numbered_aligned
2:251,2:251:11:2,2:251:13:1,2:251:11,2:251:13,3MS,3MS,0,qac_v0.4_aligned,numbered_aligned
2:251,2:251:13:1,2:251:20:2,2:251:13,2:251:20,3MS,3FS,0,qac_v0.4_aligned,numbered_aligned
2:253,2:253:3:1,2:253:9:1,2:253:3,2:253:9,1P,3MS,1,qac_v0.4_aligned,numbered_aligned
2:253,2:253:9:1,2:253:11:2,2:253:9,2:253:11,3MS,3MS,0,qac_v0.4_aligned,numbered_aligned
2:253,2:253:19:2,2:253:23:1,2:253:19,2:253:23,1P,3MS,1,qac_v0.4_aligned,numbered_aligned
2:253,2:253:23:1,2:253:26:1,2:253:23,2:253:26,3MS,3MS,0,qac_v0.4_aligned,numbered_aligned
2:253,2:253:26:1,2:253:33:1,2:253:26,2:253:33,3MS,3FS,0,qac_v0.4_aligned,numbered_aligned
2:253,2:253:33:1,2:253:36:1,2:253:33,2:253:36,3FS,3MP,0,qac_v0.4_aligned,numbered_aligned
2:253,2:253:42:1,2:253:44:1,2:253:42,2:253:44,3MS,3MS,0,qac_v0.4_aligned,numbered_aligned
2:253,2:253:44:1,2:253:47:1,2:253:44,2:253:47,3MS,3MP,0,qac_v0.4_aligned,numbered_aligned
2:253,2:253:47:1,2:253:50:1,2:253:47,2:253:50,3MP,3MS,0,qac_v0.4_aligned,numbered_aligned
2:253,2:253:50:1,2:253:52:1,2:253:50,2:253:52,3MS,3MS,0,qac_v0.4_aligned,numbered_aligned
2:254,2:254:4:1,2:254:6:1,2:254:5,2:254:7,2MP,1P,1,qac_v0.4_aligned,numbered_aligned
2:255,2:255:9:1,2:255:23:1,2:255:9,2:255:23,3FS,3MS,0,qac_v0.4_aligned,numbered_aligned
2:255,2:255:23:1,2:255:27:1,2:255:23,2:255:27,3MS,3MS,0,qac_v0.4_aligned,numbered_aligned
2:255,2:255:27:1,2:255:34:1,2:255:27,2:255:34,3MS,3MP,0,qac_v0.4_aligned,numbered_aligned
2:255,2:255:34:1,2:255:40:1,2:255:34,2:255:40,3MP,3MS,0,qac_v0.4_aligned,numbered_aligned
2:255,2:255:40:1,2:255:41:1,2:255:40,2:255:41,3MS,3MS,0,qac_v0.4_aligned,numbered_aligned
2:256,2:256:6:1,2:256:11:1,2:256:6,2:256:11,3MS,3MS,0,qac_v0.4_aligned,numbered_aligned
2:256,2:256:11:1,2:256:13:2,2:256:11,2:256:13,3MS,3MS,0,qac_v0.4_aligned,numbered_aligned
2:256,2:256:13:2,2:256:16:1,2:256:13,2:256:16,3MS,3MS,0,qac_v0.4_aligned,numbered_aligned
2:257,2:257:5:1,2:257:11:1,2:257:5,2:257:11,3MS,3MP,0,qac_v0.4_aligned,numbered_aligned
2:257,2:257:11:1,2:257:14:1,2:257:11,2:257:14,3MP,3MP,0,qac_v0.4_aligned,numbered_aligned
2:258,2:258:2:1,2:258:5:1,2:258:2,2:258:5,2MS,3MS,1,qac_v0.4_aligned,numbered_aligned
2:258,2:258:19:2,2:258:20:1,2:258:19,2:258:20,3MS,3MS,0,qac_v0.4_aligned,numbered_aligned
2:258,2:258:23:2,2:258:24:1,2:258:23,2:258:24,1S,3MS,1,qac_v0.4_aligned,numbered_aligned
2:258,2:258:32:2,2:258:36:2,2:258:32,2:258:36,2MS,3MS,1,qac_v0.4_aligned,numbered_aligned
2:258,2:258:36:2,2:258:38:1,2:258:36,2:258:38,3MS,3MS,0,qac_v0.4_aligned,numbered_aligned
2:259,2:259:3:1,2:259:10:1,2:259:3,2:259:10,3MS,3MS,0,qac_v0.4_aligned,numbered_aligned
2:259,2:259:17:2,2:259:22:1,2:259:17,2:259:22,3MS,3MS,0,qac_v0.4_aligned,numbered_aligned
2:259,2:259:22:1,2:259:23:1,2:259:22,2:259:23,3MS,3MS,0,qac_v0.4_aligned,numbered_aligned
2:259,2:259:23:1,2:259:25:1,2:259:23,2:259:25,3MS,2MS,1,qac_v0.4_aligned,numbered_aligned
2:259,2:259:25:1,2:259:26:1,2:259:25,2:259:26,2MS,3MS,1,qac_v0.4_aligned,numbered_aligned
2:259,2:259:26:1,2:259:27:1,2:259:26,2:259:27,3MS,1S,1,qac_v0.4_aligned,numbered_aligned
2:259,2:259:27:1,2:259:32:1,2:259:27,2:259:32,1S,3MS,1,qac_v0.4_aligned,numbered_aligned
2:259,2:259:32:1,2:259:34:1,2:259:32,2:259:34,3MS,2MS,1,qac_v0.4_aligned,numbered_aligned
2:259,2:259:34:1,2:259:37:2,2:259:34,2:259:37,2MS,2MS,0,qac_v0.4_aligned,numbered_aligned
2:259,2:259:37:2,2:259:42:1,2:259:37,2:259:42,2MS,3MS,1,qac_v0.4_aligned,numbered_aligned
2:259,2:259:42:1,2:259:43:2,2:259:42,2:259:43,3MS,2MS,1,qac_v0.4_aligned,numbered_aligned
2:259,2:259:43:2,2:259:46:3,2:259:43,2:259:46,2MS,1P,1,qac_v0.4_aligned,numbered_aligned
2:259,2:259:46:3,2:259:49:2,2:259:46,2:259:49,1P,2MS,1,qac_v0.4_aligned,numbered_aligned
2:259,2:259:49:2,2:259:53:1,2:259:49,2:259:53,2MS,1P,1,qac_v0.4_aligned,numbered_aligned
2:259,2:259:53:1,2:259:55:1,2:259:53,2:259:55,1P,1P,0,qac_v0.4_aligned,numbered_aligned
2:259,2:259:55:1,2:259:58:1,2:259:55,2:259:58,1P,3MS,1,qac_v0.4_aligned,numbered_aligned
2:259,2:259:58:1,2:259:60:1,2:259:58,2:259:60,3MS,3MS,0,qac_v0.4_aligned,numbered_aligned
2:259,2:259:60:1,2:259:61:1,2:259:60,2:259:61,3MS,1S,1,qac_v0.4_aligned,numbered_aligned
2:260,2:260:9:1,2:260:11:1,2:260:9,2:260:11,3MS,2MS,1,qac_v0.4_aligned,numbered_aligned
2:260,2:260:11:1,2:260:12:1,2:260:11,2:260:12,2MS,3MS,1,qac_v0.4_aligned,numbered_aligned
2:260,2:260:12:1,2:260:15:2,2:260:12,2:260:15,3MS,3MS,0,qac_v0.4_aligned,numbered_aligned
2:260,2:260:15:2,2:260:17:1,2:260:15,2:260:17,3MS,3MS,0,qac_v0.4_aligned,numbered_aligned
2:260,2:260:17:1,2:260:18:2,2:260:17,2:260:18,3MS,2MS,1,qac_v0.4_aligned,numbered_aligned
2:260,2:260:18:2,2:260:22:2,2:260:18,2:260:22,2MS,2MS,0,qac_v0.4_aligned,numbered_aligned
2:260,2:260:22:2,2:260:25:1,2:260:22,2:260:25,2MS,2MS,0,qac_v0.4_aligned,numbered_aligned
2:260,2:260:25:1,2:260:32:1,2:260:25,2:260:32,2MS,2MS,0,qac_v0.4_aligned,numbered_aligned
2:260,2:260:32:1,2:260:33:1,2:260:32,2:260:33,2MS,3FP,1,qac_v0.4_aligned,numbered_aligned
2:260,2:260:33:1,2:260:35:2,2:260:33,2:260:35,3FP,2MS,1,qac_v0.4_aligned,numbered_aligned
2:261,2:261:3:1,2:261:10:1,2:261:3,2:261:10,3MP,3FS,0,qac_v0.4_aligned,numbered_aligned
2:261,2:261:10:1,2:261:19:1,2:261:10,2:261:19,3FS,3MS,0,qac_v0.4_aligned,numbered_aligned
2:261,2:261:19:1,2:261:21:1,2:261:19,2:261:21,3MS,3MS,0,qac_v0.4_aligned,numbered_aligned
2:262,2:262:2:1,2:262:9:1,2:262:2,2:262:9,3MP,3MP,0,qac_v0.4_aligned,numbered_aligned
2:262,2:262:9:1,2:262:11:1,2:262:9,2:262:11,3MP,3MP,0,qac_v0.4_aligned,numbered_aligned
2:262,2:262:11:1,2:262:24:1,2:262:11,2:262:24,3MP,3MP,0,qac_v0.4_aligned,numbered_aligned
2:264,2:264:5:1,2:264:10:1,2:264:6,2:264:11,2MP,3MS,1,qac_v0.4_aligned,numbered_aligned
2:264,2:264:10:1,2:264:15:1,2:264:11,2:264:16,3MS,3MS,0,qac_v0.4_aligned,numbered_aligned
2:264,2:264:15:1,2:264:24:2,2:264:16,2:264:25,3MS,3MS,0,qac_v0.4_aligned,numbered_aligned
2:264,2:264:24:2,2:264:26:2,2:264:25,2:264:27,3MS,3MS,0,qac_v0.4_aligned,numbered_aligned
2:264,2:264:26:2,2:264:29:1,2:264:27,2:264:30,3MS,3MP,0,qac_v0.4_aligned,numbered_aligned
2:264,2:264:29:1,2:264:33:1,2:264:30,2:264:34,3MP,3MP,0,qac_v0.4_aligned,numbered_aligned
2:265,2:265:3:1,2:265:14:1,2:265:3,2:265:14,3MP,3MS,0,qac_v0.4_aligned,numbered_aligned
2:265,2:265:21:1,2:265:26:1,2:265:21,2:265:26,3MS,2MP,1,qac_v0.4_aligned,numbered_aligned
2:266,2:266:1:2,2:266:4:1,2:266:1,2:266:4,3MS,3FS,0,qac_v0.4_aligned,numbered_aligned
2:266,2:266:19:2,2:266:24:2,2:266:19,2:266:24,3MS,3MS,0,qac_v0.4_aligned,numbered_aligned
2:266,2:266:24:2,2:266:28:2,2:266:24,2:266:28,3MS,3FS,0,qac_v0.4_aligned,numbered_aligned
2:266,2:266:28:2,2:266:30:1,2:266:28,2:266:30,3FS,3MS,0,qac_v0.4_aligned,numbered_aligned
2:266,2:266:30:1,2:266:35:1,2:266:30,2:266:35,3MS,2MP,1,qac_v0.4_aligned,numbered_aligned
2:267,2:267:4:1,2:267:8:1,2:267:5,2:267:9,2MP,2MP,0,qac_v0.4_aligned,numbered_aligned
2:267,2:267:8:1,2:267:10:1,2:267:9,2:267:11,2MP,1P,1,qac_v0.4_aligned,numbered_aligned
2:267,2:267:10:1,2:267:15:1,2:267:11,2:267:16,1P,2MP,1,qac_v0.4_aligned,numbered_aligned
2:267,2:267:15:1,2:267:18:1,2:267:16,2:267:19,2MP,2MP,0,qac_v0.4_aligned,numbered_aligned
2:267,2:267:18:1,2:267:19:2,2:267:19,2:267:20,2MP,2MP,0,qac_v0.4_aligned,numbered_aligned
2:267,2:267:19:2,2:267:23:1,2:267:20,2:267:24,2MP,2MP,0,qac_v0.4_aligned,numbered_aligned
2:267,2:267:23:1,2:267:25:2,2:267:24,2:267:26,2MP,2MP,0,qac_v0.4_aligned,numbered_aligned
2:268,2:268:2:1,2:268:4:2,2:268:2,2:268:4,3MS,3MS,0,qac_v0.4_aligned,numbered_aligned
2:268,2:268:4:2,2:268:7:1,2:268:4,2:268:7,3MS,3MS,0,qac_v0.4_aligned,numbered_aligned
2:269,2:269:4:1,2:269:6:1,2:269:4,2:269:6,3MS,3MS,0,qac_v0.4_aligned,numbered_aligned
2:270,2:270:2:1,2:270:6:1,2:270:2,2:270:6,2MP,2MP,0,qac_v0.4_aligned,numbered_aligned
2:270,2:270:6:1,2:270:11:1,2:270:6,2:270:11,2MP,3MS,1,qac_v0.4_aligned,numbered_aligned
2:271,2:271:2:1,2:271:4:2,2:271:2,2:271:4,2MP,3MS,1,qac_v0.4_aligned,numbered_aligned
2:271,2:271:4:2,2:271:7:1,2:271:4,2:271:7,3MS,2MP,1,qac_v0.4_aligned,numbered_aligned
2:271,2:271:7:1,2:271:8:2,2:271:7,2:271:8,2MP,2MP,0,qac_v0.4_aligned,numbered_aligned
2:271,2:271:8:2,2:271:13:2,2:271:8,2:271:13,2MP,3MS,1,qac_v0.4_aligned,numbered_aligned
2:271,2:271:13:2,2:271:19:1,2:271:13,2:271:19,3MS,2MP,1,qac_v0.4_aligned,numbered_aligned
2:272,2:272:8:1,2:272:10:1,2:272:8,2:272:10,3MS,2MP,1,qac_v0.4_aligned,numbered_aligned
2:272,2:272:10:1,2:272:15:1,2:272:10,2:272:15,2MP,2MP,0,qac_v0.4_aligned,numbered_aligned
2:272,2:272:15:1,2:272:21:1,2:272:15,2:272:21,2MP,2MP,0,qac_v0.4_aligned,numbered_aligned
2:272,2:272:21:1,2:272:24:1,2:272:21,2:272:24,2MP,3MS,1,qac_v0.4_aligned,numbered_aligned
2:272,2:272:24:1,2:272:28:1,2:272:24,2:272:28,3MS,2MP,1,qac_v0.4_aligned,numbered_aligned
2:273,2:273:3:1,2:273:8:1,2:273:3,2:273:8,3MP,3MP,0,qac_v0.4_aligned,numbered_aligned
2:273,2:273:8:1,2:273:12:1,2:273:8,2:273:12,3MP,3MS,0,qac_v0.4_aligned,numbered_aligned
2:273,2:273:12:1,2:273:17:1,2:273:12,2:273:17,3MS,2MS,1,qac_v0.4_aligned,numbered_aligned
2:274,2:274:2:1,2:274:17:1,2:274:2,2:274:17,3MP,3MP,0,qac_v0.4_aligned,numbered_aligned
2:275,2:275:2:1,2:275:5:1,2:275:2,2:275:5,3MP,3MP,0,qac_v0.4_aligned,numbered_aligned
2:275,2:275:5:1,2:275:8:1,2:275:5,2:275:8,3MP,3MS,0,qac_v0.4_aligned,numbered_aligned
2:275,2:275:8:1,2:275:10:1,2:275:8,2:275:10,3MS,3MS,0,qac_v0.4_aligned,numbered_aligned
2:275,2:275:10:1,2:275:16:1,2:275:10,2:275:16,3MS,3MP,0,qac_v0.4_aligned,numbered_aligned
2:275,2:275:16:1,2:275:21:2,2:275:16,2:275:21,3MP,3MS,0,qac_v0.4_aligned,numbered_aligned
2:275,2:275:21:2,2:275:24:2,2:275:21,2:275:24,3MS,3MS,0,qac_v0.4_aligned,numbered_aligned
2:275,2:275:24:2,2:275:27:1,2:275:24,2:275:27,3MS,3MS,0,qac_v0.4_aligned,numbered_aligned
2:275,2:275:27:1,2:275:31:2,2:275:27,2:275:31,3MS,3MS,0,qac_v0.4_aligned,numbered_aligned
2:275,2:275:31:2,2:275:34:1,2:275:31,2:275:34,3MS,3MS,0,qac_v0.4_aligned,numbered_aligned
2:275,2:275:34:1,2:275:39:1,2:275:34,2:275:39,3MS,3MS,0,qac_v0.4_aligned,numbered_aligned
2:277,2:277:4:2,2:277:6:2,2:277:4,2:277:6,3MP,3MP,0,qac_v0.4_aligned,numbered_aligned
2:278,2:278:4:1,2:278:6:2,2:278:5,2:278:7,2MP,2MP,0,qac_v0.4_aligned,numbered_aligned
2:279,2:279:3:1,2:279:4:2,2:279:3,2:279:4,2MP,2MP,0,qac_v0.4_aligned,numbered_aligned
2:279,2:279:4:2,2:279:10:1,2:279:4,2:279:10,2MP,2MP,0,qac_v0.4_aligned,numbered_aligned
2:279,2:279:10:1,2:279:15:1,2:279:10,2:279:15,2MP,2MP,0,qac_v0.4_aligned,numbered_aligned
2:279,2:279:15:1,2:279:17:1,2:279:15,2:279:17,2MP,2MP,0,qac_v0.4_aligned,numbered_aligned
2:280,2:280:2:1,2:280:9:1,2:280:2,2:280:9,3MS,2MP,1,qac_v0.4_aligned,numbered_aligned
2:280,2:280:9:1,2:280:13:1,2:280:9,2:280:13,2MP,2MP,0,qac_v0.4_aligned,numbered_aligned
2:280,2:280:13:1,2:280:14:1,2:280:13,2:280:14,2MP,2MP,0,qac_v0.4_aligned,numbered_aligned
2:281,2:281:1:2,2:281:3:1,2:281:1,2:281:3,2MP,2MP,0,qac_v0.4_aligned,numbered_aligned
2:281,2:281:3:1,2:281:8:1,2:281:3,2:281:8,2MP,3FS,1,qac_v0.4_aligned,numbered_aligned
2:281,2:281:8:1,2:281:12:1,2:281:8,2:281:12,3FS,3FS,0,qac_v0.4_aligned,numbered_aligned
2:281,2:281:12:1,2:281:15:1,2:281:12,2:281:15,3FS,3MP,0,qac_v0.4_aligned,numbered_aligned
2:282,2:282:5:1,2:282:10:2,2:282:6,2:282:11,2MP,2MP,0,qac_v0.4_aligned,numbered_aligned
2:282,2:282:10:2,2:282:11:3,2:282:11,2:282:12,2MP,3MS,1,qac_v0.4_aligned,numbered_aligned
2:282,2:282:11:3,2:282:16:1,2:282:12,2:282:17,3MS,3MS,0,qac_v0.4_aligned,numbered_aligned
2:282,2:282:16:1,2:282:19:1,2:282:17,2:282:20,3MS,3MS,0,qac_v0.4_aligned,numbered_aligned
2:282,2:282:19:1,2:282:21:1,2:282:20,2:282:22,3MS,3MS,0,qac_v0.4_aligned,numbered_aligned
2:282,2:282:21:1,2:282:23:3,2:282:22,2:282:24,3MS,3MS,0,qac_v0.4_aligned,numbered_aligned
2:282,2:282:23:3,2:282:24:3,2:282:24,2:282:25,3MS,3MS,0,qac_v0.4_aligned,numbered_aligned
2:282,2:282:24:3,2:282:28:3,2:282:25,2:282:29,3MS,3MS,0,qac_v0.4_aligned,numbered_aligned
2:282,2:282:28:3,2:282:32:1,2:282:29,2:282:33,3MS,3MS,0,qac_v0.4_aligned,numbered_aligned
2:282,2:282:32:1,2:282:36:1,2:282:33,2:282:37,3MS,3MS,0,qac_v0.4_aligned,numbered_aligned
2:282,2:282:36:1,2:282:45:1,2:282:37,2:282:46,3MS,3MS,0,qac_v0.4_aligned,numbered_aligned
2:282,2:282:45:1,2:282:47:1,2:282:46,2:282:48,3MS,3MS,0,qac_v0.4_aligned,numbered_aligned
2:282,2:282:47:1,2:282:49:3,2:282:48,2:282:50,3MS,3MS,0,qac_v0.4_aligned,numbered_aligned
2:282,2:282:49:3,2:282:52:2,2:282:50,2:282:53,3MS,2MP,1,qac_v0.4_aligned,numbered_aligned
2:282,2:282:52:2,2:282:58:1,2:282:53,2:282:59,2MP,3MD,1,qac_v0.4_aligned,numbered_aligned
2:282,2:282:58:1,2:282:63:1,2:282:59,2:282:64,3MD,2MP,1,qac_v0.4_aligned,numbered_aligned
2:282,2:282:63:1,2:282:67:1,2:282:64,2:282:68,2MP,3FS,1,qac_v0.4_aligned,numbered_aligned
2:282,2:282:67:1,2:282:69:2,2:282:68,2:282:70,3FS,3FS,0,qac_v0.4_aligned,numbered_aligned
2:282,2:282:69:2,2:282:73:1,2:282:70,2:282:74,3FS,3MS,0,qac_v0.4_aligned,numbered_aligned
2:282,2:282:73:1,2:282:77:1,2:282:74,2:282:78,3MS,3MP,0,qac_v0.4_aligned,numbered_aligned
2:282,2:282:81:1,2:282:95:1,2:282:82,2:282:96,2MP,2MP,0,qac_v0.4_aligned,numbered_aligned
2:282,2:282:95:1,2:282:98:1,2:282:96,2:282:99,2MP,3FS,1,qac_v0.4_aligned,numbered_aligned
2:282,2:282:98:1,2:282:101:1,2:282:99,2:282:102,3FS,2MP,1,qac_v0.4_aligned,numbered_aligned
2:282,2:282:101:1,2:282:103:2,2:282:102,2:282:104,2MP,3MS,1,qac_v0.4_aligned,numbered_aligned
2:282,2:282:103:2,2:282:107:1,2:282:104,2:282:108,3MS,2MP,1,qac_v0.4_aligned,numbered_aligned
2:282,2:282:107:1,2:282:108:2,2:282:108,2:282:109,2MP,2MP,0,qac_v0.4_aligned,numbered_aligned
2:282,2:282:108:2,2:282:110:1,2:282:109,2:282:111,2MP,2MP,0,qac_v0.4_aligned,numbered_aligned
2:282,2:282:110:1,2:282:112:1,2:282:111,2:282:113,2MP,3MS,1,qac_v0.4_aligned,numbered_aligned
2:282,2:282:112:1,2:282:117:1,2:282:113,2:282:118,3MS,2MP,1,qac_v0.4_aligned,numbered_aligned
2:282,2:282:117:1,2:282:121:2,2:282:118,2:282:122,2MP,2MP,0,qac_v0.4_aligned,numbered_aligned
2:282,2:282:121:2,2:282:123:2,2:282:122,2:282:124,2MP,3MS,1,qac_v0.4_aligned,numbered_aligned
2:283,2:283:2:1,2:283:6:1,2:283:2,2:283:6,2MP,2MP,0,qac_v0.4_aligned,numbered_aligned
2:283,2:283:6:1,2:283:11:1,2:283:6,2:283:11,2MP,3MS,1,qac_v0.4_aligned,numbered_aligned
2:283,2:283:11:1,2:283:14:3,2:283:11,2:283:14,3MS,3MS,0,qac_v0.4_aligned,numbered_aligned
2:283,2:283:14:3,2:283:16:1,2:283:14,2:283:16,3MS,3MS,0,qac_v0.4_aligned,numbered_aligned
2:283,2:283:16:1,2:283:18:3,2:283:16,2:283:18,3MS,3MS,0,qac_v0.4_aligned,numbered_aligned
2:283,2:283:18:3,2:283:22:1,2:283:18,2:283:22,3MS,2MP,1,qac_v0.4_aligned,numbered_aligned
2:283,2:283:22:1,2:283:25:1,2:283:22,2:283:25,2MP,3MS,1,qac_v0.4_aligned,numbered_aligned
2:283,2:283:25:1,2:283:31:1,2:283:25,2:283:31,3MS,2MP,1,qac_v0.4_aligned,numbered_aligned
2:284,2:284:9:1,2:284:14:1,2:284:9,2:284:14,2MP,2MP,0,qac_v0.4_aligned,numbered_aligned
2:284,2:284:14:1,2:284:15:1,2:284:14,2:284:15,2MP,3MS,1,qac_v0.4_aligned,numbered_aligned
2:284,2:284:15:1,2:284:18:2,2:284:15,2:284:18,3MS,3MS,0,qac_v0.4_aligned,numbered_aligned
2:284,2:284:18:2,2:284:20:1,2:284:18,2:284:20,3MS,3MS,0,qac_v0.4_aligned,numbered_aligned
2:284,2:284:20:1,2:284:21:2,2:284:20,2:284:21,3MS,3MS,0,qac_v0.4_aligned,numbered_aligned
2:284,2:284:21:2,2:284:23:1,2:284:21,2:284:23,3MS,3MS,0,qac_v0.4_aligned,numbered_aligned
2:285,2:285:16:1,2:285:21:2,2:285:16,2:285:21,1P,3MP,1,qac_v0.4_aligned,numbered_aligned
2:285,2:285:21:2,2:285:22:1,2:285:21,2:285:22,3MP,1P,1,qac_v0.4_aligned,numbered_aligned
2:285,2:285:22:1,2:285:23:2,2:285:22,2:285:23,1P,1P,0,qac_v0.4_aligned,numbered_aligned
2:286,2:286:2:1,2:286:9:1,2:286:2,2:286:9,3MS,3FS,0,qac_v0.4_aligned,numbered_aligned
2:286,2:286:9:1,2:286:12:1,2:286:9,2:286:12,3FS,3FS,0,qac_v0.4_aligned,numbered_aligned
2:286,2:286:12:1,2:286:15:1,2:286:12,2:286:15,3FS,2MS,1,qac_v0.4_aligned,numbered_aligned
2:286,2:286:15:1,2:286:17:1,2:286:15,2:286:17,2MS,1P,1,qac_v0.4_aligned,numbered_aligned
2:286,2:286:17:1,2:286:19:1,2:286:17,2:286:19,1P,1P,0,qac_v0.4_aligned,numbered_aligned
2:286,2:286:19:1,2:286:22:1,2:286:19,2:286:22,1P,2MS,1,qac_v0.4_aligned,numbered_aligned
2:286,2:286:22:1,2:286:26:1,2:286:22,2:286:26,2MS,2MS,0,qac_v0.4_aligned,numbered_aligned
2:286,2:286:26:1,2:286:33:1,2:286:26,2:286:33,2MS,2MS,0,qac_v0.4_aligned,numbered_aligned
2:286,2:286:33:1,2:286:39:2,2:286:33,2:286:39,2MS,2MS,0,qac_v0.4_aligned,numbered_aligned
2:286,2:286:39:2,2:286:41:2,2:286:39,2:286:41,2MS,2MS,0,qac_v0.4_aligned,numbered_aligned
2:286,2:286:41:2,2:286:43:2,2:286:41,2:286:43,2MS,2MS,0,qac_v0.4_aligned,numbered_aligned
2:286,2:286:43:2,2:286:46:2,2:286:43,2:286:46,2MS,2MS,0,qac_v0.4_aligned,numbered_aligned
3:3,3:3:1:1,3:3:9:2,3:3:1,3:3:9,3MS,3MS,0,qac_v0.4_aligned,numbered_aligned
3:4,3:4:5:2,3:4:9:1,3:4:5,3:4:9,3MS,3MP,0,qac_v0.4_aligned,numbered_aligned
3:6,3:6:3:1,3:6:7:1,3:6:3,3:6:7,3MS,3MS,0,qac_v0.4_aligned,numbered_aligned
3:7,3:7:3:1,3:7:19:2,3:7:3,3:7:19,3MS,3MP,0,qac_v0.4_aligned,numbered_aligned
3:7,3:7:19:2,3:7:21:1,3:7:19,3:7:21,3MP,3MS,0,qac_v0.4_aligned,numbered_aligned
3:7,3:7:21:1,3:7:28:1,3:7:21,3:7:28,3MS,3MS,0,qac_v0.4_aligned,numbered_aligned
3:7,3:7:28:1,3:7:35:1,3:7:28,3:7:35,3MS,3MP,0,qac_v0.4_aligned,numbered_aligned
3:8,3:8:3:1,3:8:7:1,3:8:3,3:8:7,2MS,2MS,0,qac_v0.4_aligned,numbered_aligned
3:8,3:8:7:1,3:8:8:2,3:8:7,3:8:8,2MS,2MS,0,qac_v0.4_aligned,numbered_aligned
3:11,3:11:7:1,3:11:9:2,3:11:7,3:11:9,3MP,3MS,0,qac_v0.4_aligned,numbered_aligned
3:12,3:12:1:1,3:12:3:1,3:12:1,3:12:3,2MS,3MP,1,qac_v0.4_aligned,numbered_aligned
3:12,3:12:3:1,3:12:4:2,3:12:3,3:12:4,3MP,2MP,1,qac_v0.4_aligned,numbered_aligned
3:12,3:12:4:2,3:12:5:2,3:12:4,3:12:5,2MP,2MP,0,qac_v0.4_aligned,numbered_aligned
3:12,3:12:5:2,3:12:8:2,3:12:5,3:12:8,2MP,3MS,1,qac_v0.4_aligned,numbered_aligned
3:13,3:13:2:1,3:13:7:1,3:13:2,3:13:7,3MS,3FD,0,qac_v0.4_aligned,numbered_aligned
3:13,3:13:7:1,3:13:9:1,3:13:7,3:13:9,3FD,3FS,0,qac_v0.4_aligned,numbered_aligned
3:13,3:13:9:1,3:13:15:1,3:13:9,3:13:15,3FS,3MP,0,qac_v0.4_aligned,numbered_aligned
3:13,3:13:15:1,3:13:20:1,3:13:15,3:13:20,3MP,3MS,0,qac_v0.4_aligned,numbered_aligned
3:13,3:13:20:1,3:13:23:1,3:13:20,3:13:23,3MS,3MS,0,qac_v0.4_aligned,numbered_aligned
3:15,3:15:1:1,3:15:2:2,3:15:1,3:15:2,2MS,1S,1,qac_v0.4_aligned,numbered_aligned
3:15,3:15:2:2,3:15:7:1,3:15:2,3:15:7,1S,3MP,1,qac_v0.4_aligned,numbered_aligned
3:16,3:16:6:2,3:16:9:2,3:16:6,3:16:9,2MS,2MS,0,qac_v0.4_aligned,numbered_aligned
3:19,3:19:7:1,3:19:9:1,3:19:7,3:19:9,3MS,3MP,0,qac_v0.4_aligned,numbered_aligned
3:19,3:19:9:1,3:19:15:1,3:19:9,3:19:15,3MP,3MS,0,qac_v0.4_aligned,numbered_aligned
3:19,3:19:15:1,3:19:20:1,3:19:15,3:19:20,3MS,3MS,0,qac_v0.4_aligned,numbered_aligned
3:20,3:20:2:1,3:20:3:2,3:20:2,3:20:3,3MP,2MS,1,qac_v0.4_aligned,numbered_aligned
3:20,3:20:3:2,3:20:4:1,3:20:3,3:20:4,2MS,1S,1,qac_v0.4_aligned,numbered_aligned
3:20,3:20:4:1,3:20:8:1,3:20:4,3:20:8,1S,3MS,1,qac_v0.4_aligned,numbered_aligned
3:20,3:20:8:1,3:20:9:2,3:20:8,3:20:9,3MS,2MS,1,qac_v0.4_aligned,numbered_aligned
3:20,3:20:9:2,3:20:11:1,3:20:9,3:20:11,2MS,3MP,1,qac_v0.4_aligned,numbered_aligned
3:20,3:20:16:1,3:20:18:1,3:20:16,3:20:18,3MP,3MP,0,qac_v0.4_aligned,numbered_aligned
3:20,3:20:18:1,3:20:20:1,3:20:18,3:20:20,3MP,3MP,0,qac_v0.4_aligned,numbered_aligned
3:21,3:21:3:1,3:21:6:2,3:21:3,3:21:6,3MP,3MP,0,qac_v0.4_aligned,numbered_aligned
3:21,3:21:6:2,3:21:10:2,3:21:6,3:21:10,3MP,3MP,0,qac_v0.4_aligned,numbered_aligned
3:21,3:21:10:2,3:21:12:1,3:21:10,3:21:12,3MP,3MP,0,qac_v0.4_aligned,numbered_aligned
3:21,3:21:12:1,3:21:16:2,3:21:12,3:21:16,3MP,2MS,1,qac_v0.4_aligned,numbered_aligned
3:23,3:23:2:1,3:23:5:1,3:23:2,3:23:5,2MS,3MP,1,qac_v0.4_aligned,numbered_aligned
3:23,3:23:5:1,3:23:9:1,3:23:5,3:23:9,3MP,3MP,0,qac_v0.4_aligned,numbered_aligned
3:23,3:23:9:1,3:23:13:2,3:23:9,3:23:13,3MP,3MS,0,qac_v0.4_aligned,numbered_aligned
3:23,3:23:13:2,3:23:16:1,3:23:13,3:23:16,3MS,3MS,0,qac_v0.4_aligned,numbered_aligned
3:24,3:24:3:1,3:24:5:1,3:24:3,3:24:5,3MP,3FS,0,qac_v0.4_aligned,numbered_aligned
3:24,3:24:5:1,3:24:10:2,3:24:5,3:24:10,3FS,3MS,0,qac_v0.4_aligned,numbered_aligned
3:24,3:24:10:2,3:24:14:1,3:24:10,3:24:14,3MS,3MP,0,qac_v0.4_aligned,numbered_aligned
3:24,3:24:14:1,3:24:15:1,3:24:14,3:24:15,3MP,3MP,0,qac_v0.4_aligned,numbered_aligned
3:25,3:25:3:1,3:25:8:2,3:25:3,3:25:8,1P,3FS,1,qac_v0.4_aligned,numbered_aligned
3:25,3:25:8:2,3:25:12:1,3:25:8,3:25:12,3FS,3FS,0,qac_v0.4_aligned,numbered_aligned
3:25,3:25:12:1,3:25:15:1,3:25:12,3:25:15,3FS,3MP,0,qac_v0.4_aligned,numbered_aligned
3:26,3:26:8:1,3:26:9:2,3:26:8,3:26:9,2MS,2MS,0,qac_v0.4_aligned,numbered_aligned
3:26,3:26:9:2,3:26:12:1,3:26:9,3:26:12,2MS,2MS,0,qac_v0.4_aligned,numbered_aligned
3:26,3:26:12:1,3:26:13:2,3:26:12,3:26:13,2MS,2MS,0,qac_v0.4_aligned,numbered_aligned
3:26,3:26:13:2,3:26:15:1,3:26:13,3:26:15,2MS,2MS,0,qac_v0.4_aligned,numbered_aligned
3:26,3:26:15:1,3:26:16:2,3:26:15,3:26:16,2MS,2MS,0,qac_v0.4_aligned,numbered_aligned
3:26,3:26:16:2,3:26:18:1,3:26:16,3:26:18,2MS,2MS,0,qac_v0.4_aligned,numbered_aligned
3:27,3:27:1:1,3:27:5:2,3:27:1,3:27:5,2MS,2MS,0,qac_v0.4_aligned,numbered_aligned
3:27,3:27:5:2,3:27:9:2,3:27:5,3:27:9,2MS,2MS,0,qac_v0.4_aligned,numbered_aligned
3:27,3:27:9:2,3:27:13:2,3:27:9,3:27:13,2MS,2MS,0,qac_v0.4_aligned,numbered_aligned
3:27,3:27:13:2,3:27:17:2,3:27:13,3:27:17,2MS,2MS,0,qac_v0.4_aligned,numbered_aligned
3:27,3:27:17:2,3:27:19:1,3:27:17,3:27:19,2MS,2MS,0,qac_v0.4_aligned,numbered_aligned
3:28,3:28:2:1,3:28:10:1,3:28:2,3:28:10,3MS,3MS,0,qac_v0.4_aligned,numbered_aligned
3:28,3:28:10:1,3:28:12:2,3:28:10,3:28:12,3MS,3MS,0,qac_v0.4_aligned,numbered_aligned
3:28,3:28:12:2,3:28:19:1,3:28:12,3:28:19,3MS,2MP,1,qac_v0.4_aligned,numbered_aligned
3:28,3:28:19:1,3:28:22:2,3:28:19,3:28:22,2MP,3MS,1,qac_v0.4_aligned,numbered_aligned
3:29,3:29:1:1,3:29:3:1,3:29:1,3:29:3,2MS,2MP,0,qac_v0.4_aligned,numbered_aligned
3:29,3:29:3:1,3:29:8:1,3:29:3,3:29:8,2MP,2MP,0,qac_v0.4_aligned,numbered_aligned
3:29,3:29:8:1,3:29:9:1,3:29:8,3:29:9,2MP,3MS,1,qac_v0.4_aligned,numbered_aligned
3:29,3:29:9:1,3:29:11:2,3:29:9,3:29:11,3MS,3MS,0,qac_v0.4_aligned,numbered_aligned
3:30,3:30:2:1,3:30:6:1,3:30:2,3:30:6,3FS,3FS,0,qac_v0.4_aligned,numbered_aligned
3:30,3:30:6:1,3:30:11:1,3:30:6,3:30:11,3FS,3FS,0,qac_v0.4_aligned,numbered_aligned
3:30,3:30:11:1,3:30:14:1,3:30:11,3:30:14,3FS,3FS,0,qac_v0.4_aligned,numbered_aligned
3:30,3:30:14:1,3:30:21:2,3:30:14,3:30:21,3FS,3MS,0,qac_v0.4_aligned,numbered_aligned
3:31,3:31:1:1,3:31:3:1,3:31:1,3:31:3,2MS,2MP,0,qac_v0.4_aligned,numbered_aligned
3:31,3:31:3:1,3:31:4:1,3:31:3,3:31:4,2MP,2MP,0,qac_v0.4_aligned,numbered_aligned
3:31,3:31:7:1,3:31:9:2,3:31:7,3:31:9,3MS,3MS,0,qac_v0.4_aligned,numbered_aligned
3:32,3:32:1:1,3:32:2:1,3:32:1,3:32:2,2MS,2MP,0,qac_v0.4_aligned,numbered_aligned
3:32,3:32:2:1,3:32:6:1,3:32:2,3:32:6,2MP,3MP,1,qac_v0.4_aligned,numbered_aligned
3:32,3:32:6:1,3:32:10:1,3:32:6,3:32:10,3MP,3MS,0,qac_v0.4_aligned,numbered_aligned
3:35,3:35:2:1,3:35:7:1,3:35:2,3:35:7,3FS,1S,1,qac_v0.4_aligned,numbered_aligned
3:35,3:35:7:1,3:35:13:2,3:35:7,3:35:13,1S,2MS,1,qac_v0.4_aligned,numbered_aligned
3:36,3:36:2:1,3:36:3:1,3:36:2,3:36:3,3FS,3FS,0,qac_v0.4_aligned,numbered_aligned
3:36,3:36:3:1,3:36:6:1,3:36:3,3:36:6,3FS,1S,1,qac_v0.4_aligned,numbered_aligned
3:36,3:36:6:1,3:36:11:1,3:36:6,3:36:11,1S,3FS,1,qac_v0.4_aligned,numbered_aligned
3:36,3:36:11:1,3:36:12:2,3:36:11,3:36:12,3FS,3MS,0,qac_v0.4_aligned,numbered_aligned
3:36,3:36:12:2,3:36:16:1,3:36:12,3:36:16,3MS,1S,1,qac_v0.4_aligned,numbered_aligned
3:36,3:36:16:1,3:36:19:1,3:36:16,3:36:19,1S,1S,0,qac_v0.4_aligned,numbered_aligned
3:37,3:37:1:2,3:37:5:2,3:37:1,3:37:5,3MS,3MS,0,qac_v0.4_aligned,numbered_aligned
3:37,3:37:5:2,3:37:8:2,3:37:5,3:37:8,3MS,3MS,0,qac_v0.4_aligned,numbered_aligned
3:37,3:37:8:2,3:37:11:1,3:37:8,3:37:11,3MS,3MS,0,qac_v0.4_aligned,numbered_aligned
3:37,3:37:11:1,3:37:15:1,3:37:11,3:37:15,3MS,3MS,0,qac_v0.4_aligned,numbered_aligned
3:37,3:37:15:1,3:37:18:1,3:37:15,3:37:18,3MS,3MS,0,qac_v0.4_aligned,numbered_aligned
3:37,3:37:18:1,3:37:23:1,3:37:18,3:37:24,3MS,3FS,0,qac_v0.4_aligned,numbered_aligned
3:37,3:37:23:1,3:37:30:1,3:37:24,3:37:31,3FS,3MS,0,qac_v0.4_aligned,numbered_aligned
3:37,3:37:30:1,3:37:32:1,3:37:31,3:37:33,3MS,3MS,0,qac_v0.4_aligned,numbered_aligned
3:38,3:38:2:1,3:38:5:1,3:38:2,3:38:5,3MS,3MS,0,qac_v0.4_aligned,numbered_aligned
3:38,3:38:5:1,3:38:7:1,3:38:5,3:38:7,3MS,2MS,1,qac_v0.4_aligned,numbered_aligned
3:40,3:40:1:1,3:40:4:1,3:40:1,3:40:4,3MS,3MS,0,qac_v0.4_aligned,numbered_aligned
3:40,3:40:12:1,3:40:15:1,3:40:12,3:40:15,3MS,3MS,0,qac_v0.4_aligned,numbered_aligned
3:40,3:40:15:1,3:40:17:1,3:40:15,3:40:17,3MS,3MS,0,qac_v0.4_aligned,numbered_aligned
3:41,3:41:1:1,3:41:3:1,3:41:1,3:41:3,3MS,2MS,1,qac_v0.4_aligned,numbered_aligned
3:41,3:41:3:1,3:41:6:1,3:41:3,3:41:6,2MS,3MS,1,qac_v0.4_aligned,numbered_aligned
3:41,3:41:6:1,3:41:9:1,3:41:6,3:41:9,3MS,2MS,1,qac_v0.4_aligned,numbered_aligned
3:41,3:41:9:1,3:41:15:2,3:41:9,3:41:15,2MS,2MS,0,qac_v0.4_aligned,numbered_aligned
3:41,3:41:15:2,3:41:18:2,3:41:15,3:41:18,2MS,2MS,0,qac_v0.4_aligned,numbered_aligned
3:44,3:44:5:1,3:44:8:1,3:44:5,3:44:8,1P,2MS,1,qac_v0.4_aligned,numbered_aligned
3:44,3:44:8:1,3:44:11:1,3:44:8,3:44:11,2MS,3MP,1,qac_v0.4_aligned,numbered_aligned
3:44,3:44:11:1,3:44:14:1,3:44:11,3:44:14,3MP,3MS,0,qac_v0.4_aligned,numbered_aligned
3:44,3:44:14:1,3:44:17:1,3:44:14,3:44:17,3MS,2MS,1,qac_v0.4_aligned,numbered_aligned
3:44,3:44:17:1,3:44:20:1,3:44:17,3:44:20,2MS,3MP,1,qac_v0.4_aligned,numbered_aligned
3:45,3:45:2:1,3:45:7:1,3:45:2,3:45:8,3FS,3MS,0,qac_v0.4_aligned,numbered_aligned
3:47,3:47:1:1,3:47:4:1,3:47:1,3:47:4,3FS,3MS,0,qac_v0.4_aligned,numbered_aligned
3:47,3:47:10:1,3:47:13:1,3:47:10,3:47:13,3MS,3MS,0,qac_v0.4_aligned,numbered_aligned
3:47,3:47:13:1,3:47:15:1,3:47:13,3:47:15,3MS,3MS,0,qac_v0.4_aligned,numbered_aligned
3:47,3:47:15:1,3:47:17:1,3:47:15,3:47:17,3MS,3MS,0,qac_v0.4_aligned,numbered_aligned
3:47,3:47:17:1,3:47:20:1,3:47:17,3:47:20,3MS,3MS,0,qac_v0.4_aligned,numbered_aligned
3:47,3:47:20:1,3:47:22:1,3:47:20,3:47:22,3MS,2MS,1,qac_v0.4_aligned,numbered_aligned
3:47,3:47:22:1,3:47:23:2,3:47:22,3:47:23,2MS,3MS,1,qac_v0.4_aligned,numbered_aligned
3:49,3:49:7:1,3:49:12:1,3:49:7,3:49:12,1S,1S,0,qac_v0.4_aligned,numbered_aligned
3:49,3:49:12:1,3:49:18:2,3:49:12,3:49:18,1S,1S,0,qac_v0.4_aligned,numbered_aligned
3:49,3:49:18:2,3:49:20:2,3:49:18,3:49:20,1S,3MS,1,qac_v0.4_aligned,numbered_aligned
3:49,3:49:20:2,3:49:24:2,3:49:20,3:49:24,3MS,1S,1,qac_v0.4_aligned,numbered_aligned
3:49,3:49:31:2,3:49:33:1,3:49:31,3:49:33,1S,2MP,1,qac_v0.4_aligned,numbered_aligned
3:49,3:49:33:1,3:49:35:1,3:49:33,3:49:35,2MP,2MP,0,qac_v0.4_aligned,numbered_aligned
3:49,3:49:35:1,3:49:44:1,3:49:35,3:49:44,2MP,2MP,0,qac_v0.4_aligned,numbered_aligned
3:50,3:50:7:3,3:50:11:1,3:50:7,3:50:11,1S,3MS,1,qac_v0.4_aligned,numbered_aligned
3:50,3:50:11:1,3:50:13:2,3:50:11,3:50:13,3MS,1S,1,qac_v0.4_aligned,numbered_aligned
3:50,3:50:13:2,3:50:17:2,3:50:13,3:50:17,1S,2MP,1,qac_v0.4_aligned,numbered_aligned
3:50,3:50:17:2,3:50:19:2,3:50:17,3:50:19,2MP,2MP,0,qac_v0.4_aligned,numbered_aligned
3:52,3:52:2:1,3:52:6:1,3:52:2,3:52:6,3MS,3MS,0,qac_v0.4_aligned,numbered_aligned
3:52,3:52:6:1,3:52:11:1,3:52:6,3:52:11,3MS,3MS,0,qac_v0.4_aligned,numbered_aligned
3:53,3:53:4:1,3:53:5:2,3:53:4,3:53:5,2MS,1P,1,qac_v0.4_aligned,numbered_aligned
3:53,3:53:5:2,3:53:7:2,3:53:5,3:53:7,1P,2MS,1,qac_v0.4_aligned,numbered_aligned
3:54,3:54:1:2,3:54:2:2,3:54:1,3:54:2,3MP,3MS,0,qac_v0.4_aligned,numbered_aligned
3:55,3:55:2:1,3:55:12:1,3:55:2,3:55:13,3MS,3MP,0,qac_v0.4_aligned,numbered_aligned
3:55,3:55:12:1,3:55:15:1,3:55:13,3:55:16,3MP,3MP,0,qac_v0.4_aligned,numbered_aligned
3:55,3:55:15:1,3:55:18:1,3:55:16,3:55:19,3MP,3MP,0,qac_v0.4_aligned,numbered_aligned
3:55,3:55:18:1,3:55:25:2,3:55:19,3:55:26,3MP,1S,1,qac_v0.4_aligned,numbered_aligned
3:55,3:55:25:2,3:55:28:1,3:55:26,3:55:29,1S,2MP,1,qac_v0.4_aligned,numbered_aligned
3:55,3:55:28:1,3:55:30:1,3:55:29,3:55:31,2MP,2MP,0,qac_v0.4_aligned,numbered_aligned
3:56,3:56:3:1,3:56:4:2,3:56:3,3:56:4,3MP,1S,1,qac_v0.4_aligned,numbered_aligned
3:57,3:57:4:2,3:57:6:2,3:57:4,3:57:6,3MP,3MS,0,qac_v0.4_aligned,numbered_aligned
3:57,3:57:6:2,3:57:10:1,3:57:6,3:57:10,3MS,3MS,0,qac_v0.4_aligned,numbered_aligned
3:59,3:59:8:1,3:59:12:1,3:59:8,3:59:12,3MS,3MS,0,qac_v0.4_aligned,numbered_aligned
3:59,3:59:12:1,3:59:14:1,3:59:12,3:59:14,3MS,2MS,1,qac_v0.4_aligned,numbered_aligned
3:59,3:59:14:1,3:59:15:2,3:59:14,3:59:15,2MS,3MS,1,qac_v0.4_aligned,numbered_aligned
3:61,3:61:2:1,3:61:7:1,3:61:2,3:61:7,3MS,3MS,0,qac_v0.4_aligned,numbered_aligned
3:61,3:61:7:1,3:61:10:2,3:61:7,3:61:10,3MS,2MS,1,qac_v0.4_aligned,numbered_aligned
3:61,3:61:10:2,3:61:11:1,3:61:10,3:61:11,2MS,2MP,0,qac_v0.4_aligned,numbered_aligned
3:61,3:61:11:1,3:61:12:1,3:61:11,3:61:12,2MP,1P,1,qac_v0.4_aligned,numbered_aligned
3:61,3:61:12:1,3:61:20:1,3:61:12,3:61:20,1P,1P,0,qac_v0.4_aligned,numbered_aligned
3:61,3:61:20:1,3:61:21:2,3:61:20,3:61:21,1P,1P,0,qac_v0.4_aligned,numbered_aligned
3:64,3:64:1:1,3:64:4:1,3:64:1,3:64:5,2MS,2MP,0,qac_v0.4_aligned,numbered_aligned
3:64,3:64:4:1,3:64:11:1,3:64:5,3:64:12,2MP,1P,1,qac_v0.4_aligned,numbered_aligned
3:64,3:64:11:1,3:64:15:1,3:64:12,3:64:16,1P,1P,0,qac_v0.4_aligned,numbered_aligned
3:64,3:64:15:1,3:64:19:1,3:64:16,3:64:20,1P,3MS,1,qac_v0.4_aligned,numbered_aligned
3:64,3:64:19:1,3:64:27:1,3:64:20,3:64:28,3MS,3MP,0,qac_v0.4_aligned,numbered_aligned
3:64,3:64:27:1,3:64:28:2,3:64:28,3:64:29,3MP,2MP,1,qac_v0.4_aligned,numbered_aligned
3:64,3:64:28:2,3:64:29:1,3:64:29,3:64:30,2MP,2MP,0,qac_v0.4_aligned,numbered_aligned
3:65,3:65:4:1,3:65:8:1,3:65:5,3:65:9,2MP,3FS,1,qac_v0.4_aligned,numbered_aligned
3:65,3:65:8:1,3:65:15:1,3:65:9,3:65:16,3FS,2MP,1,qac_v0.4_aligned,numbered_aligned
3:66,3:66:3:1,3:66:9:1,3:66:4,3:66:10,2MP,2MP,0,qac_v0.4_aligned,numbered_aligned
3:66,3:66:9:1,3:66:11:1,3:66:10,3:66:12,2MP,3MS,1,qac_v0.4_aligned,numbered_aligned
3:66,3:66:11:1,3:66:16:1,3:66:12,3:66:17,3MS,3MS,0,qac_v0.4_aligned,numbered_aligned
3:66,3:66:16:1,3:66:19:1,3:66:17,3:66:20,3MS,2MP,1,qac_v0.4_aligned,numbered_aligned
3:67,3:67:2:1,3:67:8:1,3:67:2,3:67:8,3MS,3MS,0,qac_v0.4_aligned,numbered_aligned
3:67,3:67:8:1,3:67:12:1,3:67:8,3:67:12,3MS,3MS,0,qac_v0.4_aligned,numbered_aligned
3:69,3:69:1:1,3:69:7:1,3:69:1,3:69:7,3FS,3MP,0,qac_v0.4_aligned,numbered_aligned
3:69,3:69:7:1,3:69:9:1,3:69:7,3:69:9,3MP,3MP,0,qac_v0.4_aligned,numbered_aligned
3:69,3:69:9:1,3:69:13:1,3:69:9,3:69:13,3MP,3MP,0,qac_v0.4_aligned,numbered_aligned
3:70,3:70:4:1,3:70:8:1,3:70:5,3:70:9,2MP,2MP,0,qac_v0.4_aligned,numbered_aligned
3:71,3:71:4:1,3:71:7:2,3:71:5,3:71:8,2MP,2MP,0,qac_v0.4_aligned,numbered_aligned
3:71,3:71:7:2,3:71:10:1,3:71:8,3:71:11,2MP,2MP,0,qac_v0.4_aligned,numbered_aligned
3:72,3:72:14:2,3:72:17:1,3:72:14,3:72:17,2MP,3MP,1,qac_v0.4_aligned,numbered_aligned
3:73,3:73:2:1,3:73:5:1,3:73:2,3:73:5,2MP,3MS,1,qac_v0.4_aligned,numbered_aligned
3:73,3:73:5:1,3:73:7:1,3:73:5,3:73:7,3MS,2MS,1,qac_v0.4_aligned,numbered_aligned
3:73,3:73:7:1,3:73:13:1,3:73:7,3:73:13,2MS,3MS,1,qac_v0.4_aligned,numbered_aligned
3:73,3:73:13:1,3:73:17:1,3:73:13,3:73:17,3MS,2MP,1,qac_v0.4_aligned,numbered_aligned
3:73,3:73:17:1,3:73:19:1,3:73:17,3:73:19,2MP,3MP,1,qac_v0.4_aligned,numbered_aligned
3:73,3:73:19:1,3:73:22:1,3:73:19,3:73:22,3MP,2MS,1,qac_v0.4_aligned,numbered_aligned
3:73,3:73:22:1,3:73:27:1,3:73:22,3:73:27,2MS,3MS,1,qac_v0.4_aligned,numbered_aligned
3:73,3:73:27:1,3:73:29:1,3:73:27,3:73:29,3MS,3MS,0,qac_v0.4_aligned,numbered_aligned
3:74,3:74:1:1,3:74:4:1,3:74:1,3:74:4,3MS,3MS,0,qac_v0.4_aligned,numbered_aligned
3:75,3:75:6:1,3:75:8:1,3:75:6,3:75:8,2MS,3MS,1,qac_v0.4_aligned,numbered_aligned
3:75,3:75:8:1,3:75:13:1,3:75:8,3:75:13,3MS,2MS,1,qac_v0.4_aligned,numbered_aligned
3:75,3:75:13:1,3:75:16:1,3:75:13,3:75:16,2MS,3MS,1,qac_v0.4_aligned,numbered_aligned
3:75,3:75:16:1,3:75:20:1,3:75:16,3:75:20,3MS,2MS,1,qac_v0.4_aligned,numbered_aligned
3:75,3:75:20:1,3:75:25:1,3:75:20,3:75:25,2MS,3MP,1,qac_v0.4_aligned,numbered_aligned
3:75,3:75:25:1,3:75:26:1,3:75:25,3:75:26,3MP,3MS,0,qac_v0.4_aligned,numbered_aligned
3:75,3:75:26:1,3:75:31:2,3:75:26,3:75:31,3MS,3MP,0,qac_v0.4_aligned,numbered_aligned
3:75,3:75:31:2,3:75:36:1,3:75:31,3:75:36,3MP,3MP,0,qac_v0.4_aligned,numbered_aligned
3:76,3:76:3:1,3:76:5:2,3:76:3,3:76:5,3MS,3MS,0,qac_v0.4_aligned,numbered_aligned
3:76,3:76:5:2,3:76:8:1,3:76:5,3:76:8,3MS,3MS,0,qac_v0.4_aligned,numbered_aligned
3:77,3:77:3:1,3:77:16:1,3:77:3,3:77:16,3MP,3MS,0,qac_v0.4_aligned,numbered_aligned
3:77,3:77:16:1,3:77:19:1,3:77:16,3:77:19,3MS,3MS,0,qac_v0.4_aligned,numbered_aligned
3:77,3:77:19:1,3:77:24:1,3:77:19,3:77:24,3MS,3MS,0,qac_v0.4_aligned,numbered_aligned
3:78,3:78:7:2,3:78:14:2,3:78:7,3:78:14,2MP,3MP,1,qac_v0.4_aligned,numbered_aligned
3:78,3:78:14:2,3:78:24:2,3:78:14,3:78:24,3MP,3MP,0,qac_v0.4_aligned,numbered_aligned
3:78,3:78:24:2,3:78:29:1,3:78:24,3:78:29,3MP,3MP,0,qac_v0.4_aligned,numbered_aligned
3:79,3:79:2:1,3:79:5:1,3:79:2,3:79:5,3MS,3MS,0,qac_v0.4_aligned,numbered_aligned
3:79,3:79:5:1,3:79:11:1,3:79:5,3:79:11,3MS,3MS,0,qac_v0.4_aligned,numbered_aligned
3:79,3:79:11:1,3:79:13:1,3:79:11,3:79:13,3MS,2MP,1,qac_v0.4_aligned,numbered_aligned
3:79,3:79:13:1,3:79:20:1,3:79:13,3:79:20,2MP,2MP,0,qac_v0.4_aligned,numbered_aligned
3:79,3:79:20:1,3:79:23:1,3:79:20,3:79:23,2MP,2MP,0,qac_v0.4_aligned,numbered_aligned
3:79,3:79:23:1,3:79:24:1,3:79:23,3:79:24,2MP,2MP,0,qac_v0.4_aligned,numbered_aligned
3:79,3:79:24:1,3:79:27:1,3:79:24,3:79:27,2MP,2MP,0,qac_v0.4_aligned,numbered_aligned
3:79,3:79:27:1,3:79:28:1,3:79:27,3:79:28,2MP,2MP,0,qac_v0.4_aligned,numbered_aligned
3:80,3:80:2:1,3:80:4:1,3:80:2,3:80:4,3MS,2MP,1,qac_v0.4_aligned,numbered_aligned
3:80,3:80:4:1,3:80:8:2,3:80:4,3:80:8,2MP,3MS,1,qac_v0.4_aligned,numbered_aligned
3:81,3:81:12:1,3:81:17:2,3:81:12,3:81:17,3MS,2MP,1,qac_v0.4_aligned,numbered_aligned
3:81,3:81:17:2,3:81:19:3,3:81:17,3:81:19,2MP,2MP,0,qac_v0.4_aligned,numbered_aligned
3:81,3:81:19:3,3:81:20:1,3:81:19,3:81:20,2MP,3MS,1,qac_v0.4_aligned,numbered_aligned
3:81,3:81:22:2,3:81:26:1,3:81:22,3:81:26,2MP,3MP,1,qac_v0.4_aligned,numbered_aligned
3:81,3:81:26:1,3:81:27:1,3:81:26,3:81:27,3MP,1P,1,qac_v0.4_aligned,numbered_aligned
3:81,3:81:27:1,3:81:28:1,3:81:27,3:81:28,1P,3MS,1,qac_v0.4_aligned,numbered_aligned
3:81,3:81:28:1,3:81:29:2,3:81:28,3:81:29,3MS,2MP,1,qac_v0.4_aligned,numbered_aligned
3:83,3:83:4:1,3:83:6:1,3:83:4,3:83:6,3MP,3MS,0,qac_v0.4_aligned,numbered_aligned
3:83,3:83:6:1,3:83:14:1,3:83:6,3:83:14,3MS,3MP,0,qac_v0.4_aligned,numbered_aligned
3:84,3:84:5:1,3:84:8:1,3:84:5,3:84:8,3MS,3MS,0,qac_v0.4_aligned,numbered_aligned
3:85,3:85:2:1,3:85:7:1,3:85:2,3:85:7,3MS,3MS,0,qac_v0.4_aligned,numbered_aligned
3:86,3:86:5:1,3:86:8:2,3:86:5,3:86:8,3MP,3MP,0,qac_v0.4_aligned,numbered_aligned
3:86,3:86:8:2,3:86:12:2,3:86:8,3:86:12,3MP,3MS,0,qac_v0.4_aligned,numbered_aligned
3:88,3:88:4:1,3:88:9:1,3:88:4,3:88:9,3MS,3MP,0,qac_v0.4_aligned,numbered_aligned
3:89,3:89:3:1,3:89:7:2,3:89:3,3:89:7,3MP,3MP,0,qac_v0.4_aligned,numbered_aligned
3:90,3:90:3:1,3:90:7:1,3:90:3,3:90:7,3MP,3MP,0,qac_v0.4_aligned,numbered_aligned
3:90,3:90:7:1,3:90:10:1,3:90:7,3:90:10,3MP,3FS,0,qac_v0.4_aligned,numbered_aligned
3:91,3:91:3:1,3:91:4:2,3:91:3,3:91:4,3MP,3MP,0,qac_v0.4_aligned,numbered_aligned
3:91,3:91:4:2,3:91:8:1,3:91:4,3:91:8,3MP,3MS,0,qac_v0.4_aligned,numbered_aligned
3:91,3:91:8:1,3:91:15:1,3:91:8,3:91:15,3MS,3MS,0,qac_v0.4_aligned,numbered_aligned
3:92,3:92:2:1,3:92:5:1,3:92:2,3:92:5,2MP,2MP,0,qac_v0.4_aligned,numbered_aligned
3:92,3:92:5:1,3:92:7:1,3:92:5,3:92:7,2MP,2MP,0,qac_v0.4_aligned,numbered_aligned
3:92,3:92:7:1,3:92:9:1,3:92:7,3:92:9,2MP,2MP,0,qac_v0.4_aligned,numbered_aligned
3:93,3:93:3:1,3:93:9:1,3:93:3,3:93:9,3MS,3MS,0,qac_v0.4_aligned,numbered_aligned
3:93,3:93:9:1,3:93:16:1,3:93:9,3:93:16,3MS,3FS,0,qac_v0.4_aligned,numbered_aligned
3:93,3:93:16:1,3:93:18:1,3:93:16,3:93:18,3FS,2MS,1,qac_v0.4_aligned,numbered_aligned
3:93,3:93:18:1,3:93:19:2,3:93:18,3:93:19,2MS,2MP,0,qac_v0.4_aligned,numbered_aligned
3:93,3:93:19:2,3:93:21:2,3:93:19,3:93:21,2MP,2MP,0,qac_v0.4_aligned,numbered_aligned
3:93,3:93:21:2,3:93:23:1,3:93:21,3:93:23,2MP,2MP,0,qac_v0.4_aligned,numbered_aligned
3:95,3:95:1:1,3:95:2:1,3:95:1,3:95:2,2MS,3MS,1,qac_v0.4_aligned,numbered_aligned
3:95,3:95:2:1,3:95:4:2,3:95:2,3:95:4,3MS,2MP,1,qac_v0.4_aligned,numbered_aligned
3:95,3:95:4:2,3:95:9:1,3:95:4,3:95:9,2MP,3MS,1,qac_v0.4_aligned,numbered_aligned
3:97,3:97:7:1,3:97:8:1,3:97:7,3:97:8,3MS,3MS,0,qac_v0.4_aligned,numbered_aligned
3:97,3:97:8:1,3:97:16:1,3:97:8,3:97:16,3MS,3MS,0,qac_v0.4_aligned,numbered_aligned
3:97,3:97:16:1,3:97:20:1,3:97:16,3:97:20,3MS,3MS,0,qac_v0.4_aligned,numbered_aligned
3:98,3:98:1:1,3:98:5:1,3:98:1,3:98:6,2MS,2MP,0,qac_v0.4_aligned,numbered_aligned
3:98,3:98:5:1,3:98:12:1,3:98:6,3:98:13,2MP,2MP,0,qac_v0.4_aligned,numbered_aligned
3:99,3:99:1:1,3:99:5:1,3:99:1,3:99:6,2MS,2MP,0,qac_v0.4_aligned,numbered_aligned
3:99,3:99:11:1,3:99:19:1,3:99:12,3:99:20,2MP,2MP,0,qac_v0.4_aligned,numbered_aligned
3:100,3:100:5:1,3:100:9:1,3:100:6,3:100:10,2MP,3MP,1,qac_v0.4_aligned,numbered_aligned
3:100,3:100:9:1,3:100:11:1,3:100:10,3:100:12,3MP,3MP,0,qac_v0.4_aligned,numbered_aligned
3:101,3:101:2:1,3:101:4:1,3:101:2,3:101:4,2MP,3FS,1,qac_v0.4_aligned,numbered_aligned
3:101,3:101:4:1,3:101:11:1,3:101:4,3:101:11,3FS,3MS,0,qac_v0.4_aligned,numbered_aligned
3:102,3:102:4:1,3:102:9:1,3:102:5,3:102:10,2MP,2MP,0,qac_v0.4_aligned,numbered_aligned
3:103,3:103:1:2,3:103:6:1,3:103:1,3:103:6,2MP,2MP,0,qac_v0.4_aligned,numbered_aligned
3:103,3:103:6:1,3:103:7:2,3:103:6,3:103:7,2MP,2MP,0,qac_v0.4_aligned,numbered_aligned
3:103,3:103:7:2,3:103:12:1,3:103:7,3:103:12,2MP,2MP,0,qac_v0.4_aligned,numbered_aligned
3:103,3:103:12:1,3:103:14:2,3:103:12,3:103:14,2MP,3MS,1,qac_v0.4_aligned,numbered_aligned
3:103,3:103:14:2,3:103:17:2,3:103:14,3:103:17,3MS,2MP,1,qac_v0.4_aligned,numbered_aligned
3:103,3:103:17:2,3:103:20:2,3:103:17,3:103:20,2MP,2MP,0,qac_v0.4_aligned,numbered_aligned
3:103,3:103:20:2,3:103:26:2,3:103:20,3:103:26,2MP,3MS,1,qac_v0.4_aligned,numbered_aligned
3:103,3:103:26:2,3:103:29:1,3:103:26,3:103:29,3MS,3MS,0,qac_v0.4_aligned,numbered_aligned
3:103,3:103:29:1,3:103:34:1,3:103:29,3:103:34,3MS,2MP,1,qac_v0.4_aligned,numbered_aligned
3:104,3:104:1:3,3:104:4:1,3:104:1,3:104:4,3FS,3MP,0,qac_v0.4_aligned,numbered_aligned
3:104,3:104:4:1,3:104:7:2,3:104:4,3:104:7,3MP,3MP,0,qac_v0.4_aligned,numbered_aligned
3:104,3:104:7:2,3:104:9:2,3:104:7,3:104:9,3MP,3MP,0,qac_v0.4_aligned,numbered_aligned
3:105,3:105:2:1,3:105:4:1,3:105:2,3:105:4,2MP,3MP,1,qac_v0.4_aligned,numbered_aligned
3:105,3:105:4:1,3:105:5:2,3:105:4,3:105:5,3MP,3MP,0,qac_v0.4_aligned,numbered_aligned
3:105,3:105:5:2,3:105:9:1,3:105:5,3:105:9,3MP,3MS,0,qac_v0.4_aligned,numbered_aligned
3:106,3:106:2:1,3:106:4:2,3:106:2,3:106:4,3FS,3FS,0,qac_v0.4_aligned,numbered_aligned
3:106,3:106:4:2,3:106:8:1,3:106:4,3:106:8,3FS,3FS,0,qac_v0.4_aligned,numbered_aligned
3:106,3:106:8:1,3:106:10:2,3:106:8,3:106:10,3FS,2MP,1,qac_v0.4_aligned,numbered_aligned
3:106,3:106:10:2,3:106:13:2,3:106:10,3:106:13,2MP,2MP,0,qac_v0.4_aligned,numbered_aligned
3:106,3:106:13:2,3:106:16:1,3:106:13,3:106:16,2MP,2MP,0,qac_v0.4_aligned,numbered_aligned
3:106,3:106:16:1,3:106:17:1,3:106:16,3:106:17,2MP,2MP,0,qac_v0.4_aligned,numbered_aligned
3:108,3:108:4:1,3:108:9:1,3:108:4,3:108:9,1P,3MS,1,qac_v0.4_aligned,numbered_aligned
3:110,3:110:1:1,3:110:4:1,3:110:1,3:110:4,2MP,3FS,1,qac_v0.4_aligned,numbered_aligned
3:110,3:110:4:1,3:110:6:1,3:110:4,3:110:6,3FS,2MP,1,qac_v0.4_aligned,numbered_aligned
3:110,3:110:6:1,3:110:8:2,3:110:6,3:110:8,2MP,2MP,0,qac_v0.4_aligned,numbered_aligned
3:110,3:110:8:2,3:110:11:2,3:110:8,3:110:11,2MP,2MP,0,qac_v0.4_aligned,numbered_aligned
3:111,3:111:2:1,3:111:6:1,3:111:2,3:111:6,3MP,3MP,0,qac_v0.4_aligned,numbered_aligned
3:111,3:111:6:1,3:111:7:1,3:111:6,3:111:7,3MP,3MP,0,qac_v0.4_aligned,numbered_aligned
3:111,3:111:7:1,3:111:11:1,3:111:7,3:111:11,3MP,3MP,0,qac_v0.4_aligned,numbered_aligned
3:112,3:112:1:1,3:112:6:1,3:112:1,3:112:6,3FS,3MP,0,qac_v0.4_aligned,numbered_aligned
3:112,3:112:18:2,3:112:23:1,3:112:18,3:112:23,3FS,3MP,0,qac_v0.4_aligned,numbered_aligned
3:112,3:112:23:1,3:112:24:1,3:112:23,3:112:24,3MP,3MP,0,qac_v0.4_aligned,numbered_aligned
3:112,3:112:24:1,3:112:27:2,3:112:24,3:112:27,3MP,3MP,0,qac_v0.4_aligned,numbered_aligned
3:112,3:112:27:2,3:112:33:1,3:112:27,3:112:33,3MP,3MP,0,qac_v0.4_aligned,numbered_aligned
3:112,3:112:33:1,3:112:34:2,3:112:33,3:112:34,3MP,3MP,0,qac_v0.4_aligned,numbered_aligned
3:112,3:112:34:2,3:112:35:1,3:112:34,3:112:35,3MP,3MP,0,qac_v0.4_aligned,numbered_aligned
3:113,3:113:1:1,3:113:8:1,3:113:1,3:113:8,3MP,3MP,0,qac_v0.4_aligned,numbered_aligned
3:113,3:113:8:1,3:113:14:1,3:113:8,3:113:14,3MP,3MP,0,qac_v0.4_aligned,numbered_aligned
3:114,3:114:1:1,3:114:5:2,3:114:1,3:114:5,3MP,3MP,0,qac_v0.4_aligned,numbered_aligned
3:114,3:114:5:2,3:114:7:2,3:114:5,3:114:7,3MP,3MP,0,qac_v0.4_aligned,numbered_aligned
3:114,3:114:7:2,3:114:10:2,3:114:7,3:114:10,3MP,3MP,0,qac_v0.4_aligned,numbered_aligned
3:115,3:115:2:1,3:115:6:1,3:115:2,3:115:6,3MP,3MP,0,qac_v0.4_aligned,numbered_aligned
3:117,3:117:3:1,3:117:12:1,3:117:3,3:117:12,3MP,3FS,0,qac_v0.4_aligned,numbered_aligned
3:117,3:117:12:1,3:117:15:1,3:117:12,3:117:15,3FS,3MP,0,qac_v0.4_aligned,numbered_aligned
3:117,3:117:15:1,3:117:17:2,3:117:15,3:117:17,3MP,3FS,0,qac_v0.4_aligned,numbered_aligned
3:117,3:117:17:2,3:117:19:1,3:117:17,3:117:19,3FS,3MS,0,qac_v0.4_aligned,numbered_aligned
3:117,3:117:19:1,3:117:23:1,3:117:19,3:117:23,3MS,3MP,0,qac_v0.4_aligned,numbered_aligned
3:118,3:118:5:1,3:118:10:1,3:118:6,3:118:11,2MP,3MP,1,qac_v0.4_aligned,numbered_aligned
3:118,3:118:10:1,3:118:12:1,3:118:11,3:118:13,3MP,3MP,0,qac_v0.4_aligned,numbered_aligned
3:118,3:118:12:1,3:118:14:1,3:118:13,3:118:15,3MP,2MP,1,qac_v0.4_aligned,numbered_aligned
3:118,3:118:14:1,3:118:16:1,3:118:15,3:118:17,2MP,3FS,1,qac_v0.4_aligned,numbered_aligned
3:118,3:118:25:1,3:118:29:1,3:118:26,3:118:30,1P,2MP,1,qac_v0.4_aligned,numbered_aligned
3:118,3:118:29:1,3:118:30:1,3:118:30,3:118:31,2MP,2MP,0,qac_v0.4_aligned,numbered_aligned
3:119,3:119:3:1,3:119:5:1,3:119:4,3:119:6,2MP,3MP,1,qac_v0.4_aligned,numbered_aligned
3:119,3:119:5:1,3:119:6:2,3:119:6,3:119:7,3MP,2MP,1,qac_v0.4_aligned,numbered_aligned
3:119,3:119:6:2,3:119:10:1,3:119:7,3:119:11,2MP,3MP,1,qac_v0.4_aligned,numbered_aligned
3:119,3:119:10:1,3:119:11:1,3:119:11,3:119:12,3MP,3MP,0,qac_v0.4_aligned,numbered_aligned
3:119,3:119:14:1,3:119:15:1,3:119:15,3:119:16,3MP,3MP,0,qac_v0.4_aligned,numbered_aligned
3:119,3:119:15:1,3:119:20:1,3:119:16,3:119:21,3MP,2MS,1,qac_v0.4_aligned,numbered_aligned
3:119,3:119:20:1,3:119:21:1,3:119:21,3:119:22,2MS,2MP,0,qac_v0.4_aligned,numbered_aligned
3:120,3:120:2:1,3:120:4:1,3:120:2,3:120:4,2MS,3FS,1,qac_v0.4_aligned,numbered_aligned
3:120,3:120:4:1,3:120:6:1,3:120:4,3:120:6,3FS,2MS,1,qac_v0.4_aligned,numbered_aligned
3:120,3:120:6:1,3:120:8:1,3:120:6,3:120:8,2MS,3MP,1,qac_v0.4_aligned,numbered_aligned
3:120,3:120:8:1,3:120:11:1,3:120:8,3:120:11,3MP,2MP,1,qac_v0.4_aligned,numbered_aligned
3:120,3:120:11:1,3:120:12:2,3:120:11,3:120:12,2MP,2MP,0,qac_v0.4_aligned,numbered_aligned
3:120,3:120:12:2,3:120:14:1,3:120:12,3:120:14,2MP,3MS,1,qac_v0.4_aligned,numbered_aligned
3:120,3:120:14:1,3:120:20:1,3:120:14,3:120:20,3MS,3MP,0,qac_v0.4_aligned,numbered_aligned
3:121,3:121:2:1,3:121:5:1,3:121:2,3:121:5,2MS,2MS,0,qac_v0.4_aligned,numbered_aligned
3:122,3:122:2:1,3:122:6:1,3:122:2,3:122:6,3FS,2D,1,qac_v0.4_aligned,numbered_aligned
3:122,3:122:6:1,3:122:11:3,3:122:6,3:122:11,2D,3MS,1,qac_v0.4_aligned,numbered_aligned
3:123,3:123:2:1,3:123:7:2,3:123:2,3:123:7,3MS,2MP,1,qac_v0.4_aligned,numbered_aligned
3:123,3:123:7:2,3:123:10:1,3:123:7,3:123:10,2MP,2MP,0,qac_v0.4_aligned,numbered_aligned
3:124,3:124:2:1,3:124:5:1,3:124:2,3:124:5,2MS,3MS,1,qac_v0.4_aligned,numbered_aligned
3:124,3:124:5:1,3:124:7:1,3:124:5,3:124:7,3MS,3MS,0,qac_v0.4_aligned,numbered_aligned
3:125,3:125:3:1,3:125:4:2,3:125:3,3:125:4,2MP,2MP,0,qac_v0.4_aligned,numbered_aligned
3:125,3:125:4:2,3:125:5:2,3:125:4,3:125:5,2MP,3MP,1,qac_v0.4_aligned,numbered_aligned
3:125,3:125:5:2,3:125:9:1,3:125:5,3:125:9,3MP,3MS,0,qac_v0.4_aligned,numbered_aligned
3:126,3:126:2:1,3:126:7:3,3:126:2,3:126:7,3MS,3FS,0,qac_v0.4_aligned,numbered_aligned
3:127,3:127:1:2,3:127:5:1,3:127:1,3:127:5,3MS,3MP,0,qac_v0.4_aligned,numbered_aligned
3:127,3:127:5:1,3:127:7:1,3:127:5,3:127:7,3MP,3MS,0,qac_v0.4_aligned,numbered_aligned
3:127,3:127:7:1,3:127:8:2,3:127:7,3:127:8,3MS,3MP,0,qac_v0.4_aligned,numbered_aligned
3:128,3:128:1:1,3:128:7:1,3:128:1,3:128:7,3MS,3MS,0,qac_v0.4_aligned,numbered_aligned
3:128,3:128:7:1,3:128:10:1,3:128:7,3:128:10,3MS,3MS,0,qac_v0.4_aligned,numbered_aligned
3:129,3:129:8:1,3:129:10:1,3:129:8,3:129:10,3MS,3MS,0,qac_v0.4_aligned,numbered_aligned
3:129,3:129:10:1,3:129:11:2,3:129:10,3:129:11,3MS,3MS,0,qac_v0.4_aligned,numbered_aligned
3:129,3:129:11:2,3:129:13:1,3:129:11,3:129:13,3MS,3MS,0,qac_v0.4_aligned,numbered_aligned
3:130,3:130:5:1,3:130:9:2,3:130:6,3:130:10,2MP,2MP,0,qac_v0.4_aligned,numbered_aligned
3:130,3:130:9:2,3:130:12:1,3:130:10,3:130:13,2MP,2MP,0,qac_v0.4_aligned,numbered_aligned
3:131,3:131:1:2,3:131:4:1,3:131:1,3:131:4,2MP,3FS,1,qac_v0.4_aligned,numbered_aligned
3:132,3:132:1:2,3:132:5:1,3:132:1,3:132:5,2MP,2MP,0,qac_v0.4_aligned,numbered_aligned
3:133,3:133:1:2,3:133:10:1,3:133:1,3:133:10,2MP,3FS,1,qac_v0.4_aligned,numbered_aligned
3:134,3:134:2:1,3:134:12:1,3:134:2,3:134:12,3MP,3MS,0,qac_v0.4_aligned,numbered_aligned
3:135,3:135:3:1,3:135:6:1,3:135:3,3:135:6,3MP,3MP,0,qac_v0.4_aligned,numbered_aligned
3:135,3:135:6:1,3:135:8:1,3:135:6,3:135:8,3MP,3MP,0,qac_v0.4_aligned,numbered_aligned
3:135,3:135:8:1,3:135:10:2,3:135:8,3:135:10,3MP,3MP,0,qac_v0.4_aligned,numbered_aligned
3:135,3:135:10:2,3:135:13:1,3:135:10,3:135:13,3MP,3MS,0,qac_v0.4_aligned,numbered_aligned
3:135,3:135:13:1,3:135:18:1,3:135:13,3:135:18,3MS,3MP,0,qac_v0.4_aligned,numbered_aligned
3:135,3:135:18:1,3:135:21:1,3:135:18,3:135:21,3MP,3MP,0,qac_v0.4_aligned,numbered_aligned
3:135,3:135:21:1,3:135:23:1,3:135:21,3:135:23,3MP,3MP,0,qac_v0.4_aligned,numbered_aligned
3:137,3:137:2:1,3:137:6:2,3:137:2,3:137:6,3FS,2MP,1,qac_v0.4_aligned,numbered_aligned
3:137,3:137:6:2,3:137:9:2,3:137:6,3:137:9,2MP,2MP,0,qac_v0.4_aligned,numbered_aligned
3:137,3:137:9:2,3:137:11:1,3:137:9,3:137:11,2MP,3MS,1,qac_v0.4_aligned,numbered_aligned
3:139,3:139:2:1,3:139:4:1,3:139:2,3:139:4,2MP,2MP,0,qac_v0.4_aligned,numbered_aligned
3:139,3:139:4:1,3:139:8:1,3:139:4,3:139:8,2MP,2MP,0,qac_v0.4_aligned,numbered_aligned
3:140,3:140:2:1,3:140:5:1,3:140:2,3:140:5,3MS,3MS,0,qac_v0.4_aligned,numbered_aligned
3:140,3:140:5:1,3:140:11:1,3:140:5,3:140:11,3MS,1P,1,qac_v0.4_aligned,numbered_aligned
3:140,3:140:11:1,3:140:14:3,3:140:11,3:140:14,1P,3MS,1,qac_v0.4_aligned,numbered_aligned
3:140,3:140:18:2,3:140:23:1,3:140:18,3:140:23,3MS,3MS,0,qac_v0.4_aligned,numbered_aligned
3:142,3:142:2:1,3:142:4:1,3:142:2,3:142:4,2MP,2MP,0,qac_v0.4_aligned,numbered_aligned
3:142,3:142:4:1,3:142:7:1,3:142:4,3:142:7,2MP,3MS,1,qac_v0.4_aligned,numbered_aligned
3:142,3:142:7:1,3:142:10:1,3:142:7,3:142:10,3MS,3MP,0,qac_v0.4_aligned,numbered_aligned
3:142,3:142:10:1,3:142:12:2,3:142:10,3:142:12,3MP,3MS,0,qac_v0.4_aligned,numbered_aligned
3:143,3:143:2:1,3:143:3:1,3:143:2,3:143:3,2MP,2MP,0,qac_v0.4_aligned,numbered_aligned
3:143,3:143:3:1,3:143:8:1,3:143:3,3:143:8,2MP,2MP,0,qac_v0.4_aligned,numbered_aligned
3:143,3:143:8:1,3:143:10:1,3:143:8,3:143:10,2MP,2MP,0,qac_v0.4_aligned,numbered_aligned
3:143,3:143:10:1,3:143:12:1,3:143:10,3:143:12,2MP,2MP,0,qac_v0.4_aligned,numbered_aligned
3:144,3:144:6:1,3:144:11:1,3:144:6,3:144:11,3FS,3MS,0,qac_v0.4_aligned,numbered_aligned
3:144,3:144:11:1,3:144:13:1,3:144:11,3:144:13,3MS,3MS,0,qac_v0.4_aligned,numbered_aligned
3:144,3:144:13:1,3:144:14:1,3:144:13,3:144:14,3MS,2MP,1,qac_v0.4_aligned,numbered_aligned
3:144,3:144:14:1,3:144:18:1,3:144:14,3:144:18,2MP,3MS,1,qac_v0.4_aligned,numbered_aligned
3:144,3:144:18:1,3:144:22:1,3:144:18,3:144:22,3MS,3MS,0,qac_v0.4_aligned,numbered_aligned
3:145,3:145:2:1,3:145:5:1,3:145:2,3:145:5,3MS,3FS,0,qac_v0.4_aligned,numbered_aligned
3:145,3:145:5:1,3:145:12:1,3:145:5,3:145:12,3FS,3MS,0,qac_v0.4_aligned,numbered_aligned
3:145,3:145:12:1,3:145:15:1,3:145:12,3:145:15,3MS,1P,1,qac_v0.4_aligned,numbered_aligned
3:145,3:145:15:1,3:145:18:1,3:145:15,3:145:18,1P,3MS,1,qac_v0.4_aligned,numbered_aligned
3:145,3:145:18:1,3:145:21:1,3:145:18,3:145:21,3MS,1P,1,qac_v0.4_aligned,numbered_aligned
3:146,3:146:4:1,3:146:9:1,3:146:4,3:146:9,3MS,3MP,0,qac_v0.4_aligned,numbered_aligned
3:146,3:146:9:1,3:146:11:1,3:146:9,3:146:11,3MP,3MS,0,qac_v0.4_aligned,numbered_aligned
3:146,3:146:11:1,3:146:16:1,3:146:11,3:146:16,3MS,3MP,0,qac_v0.4_aligned,numbered_aligned
3:146,3:146:16:1,3:146:18:1,3:146:16,3:146:18,3MP,3MP,0,qac_v0.4_aligned,numbered_aligned
3:146,3:146:18:1,3:146:20:1,3:146:18,3:146:20,3MP,3MS,0,qac_v0.4_aligned,numbered_aligned
3:147,3:147:2:1,3:147:6:1,3:147:2,3:147:6,3MS,3MP,0,qac_v0.4_aligned,numbered_aligned
3:147,3:147:6:1,3:147:8:1,3:147:6,3:147:8,3MP,2MS,1,qac_v0.4_aligned,numbered_aligned
3:147,3:147:8:1,3:147:14:2,3:147:8,3:147:14,2MS,2MS,0,qac_v0.4_aligned,numbered_aligned
3:147,3:147:14:2,3:147:16:2,3:147:14,3:147:16,2MS,2MS,0,qac_v0.4_aligned,numbered_aligned
3:149,3:149:5:1,3:149:7:1,3:149:6,3:149:8,2MP,3MP,1,qac_v0.4_aligned,numbered_aligned
3:149,3:149:7:1,3:149:8:1,3:149:8,3:149:9,3MP,3MP,0,qac_v0.4_aligned,numbered_aligned
3:149,3:149:8:1,3:149:11:2,3:149:9,3:149:12,3MP,2MP,1,qac_v0.4_aligned,numbered_aligned
3:151,3:151:5:1,3:151:8:1,3:151:5,3:151:8,3MP,3MP,0,qac_v0.4_aligned,numbered_aligned
3:151,3:151:8:1,3:151:12:1,3:151:8,3:151:12,3MP,3MS,0,qac_v0.4_aligned,numbered_aligned
3:151,3:151:12:1,3:151:17:2,3:151:12,3:151:17,3MS,3MS,0,qac_v0.4_aligned,numbered_aligned
3:152,3:152:2:1,3:152:6:1,3:152:2,3:152:6,3MS,2MP,1,qac_v0.4_aligned,numbered_aligned
3:152,3:152:6:1,3:152:10:1,3:152:6,3:152:10,2MP,2MP,0,qac_v0.4_aligned,numbered_aligned
3:152,3:152:10:1,3:152:11:2,3:152:10,3:152:11,2MP,2MP,0,qac_v0.4_aligned,numbered_aligned
3:152,3:152:11:2,3:152:14:2,3:152:11,3:152:14,2MP,2MP,0,qac_v0.4_aligned,numbered_aligned
3:152,3:152:20:1,3:152:23:1,3:152:20,3:152:23,2MP,3MS,1,qac_v0.4_aligned,numbered_aligned
3:152,3:152:23:1,3:152:27:1,3:152:23,3:152:27,3MS,3MS,0,qac_v0.4_aligned,numbered_aligned
3:152,3:152:27:1,3:152:30:1,3:152:27,3:152:30,3MS,3MS,0,qac_v0.4_aligned,numbered_aligned
3:152,3:152:30:1,3:152:32:2,3:152:30,3:152:32,3MS,3MS,0,qac_v0.4_aligned,numbered_aligned
3:152,3:152:32:2,3:152:34:1,3:152:32,3:152:34,3MS,3MS,0,qac_v0.4_aligned,numbered_aligned
3:153,3:153:8:1,3:153:11:2,3:153:8,3:153:11,3MS,3MS,0,qac_v0.4_aligned,numbered_aligned
3:153,3:153:11:2,3:153:15:1,3:153:11,3:153:15,3MS,2MP,1,qac_v0.4_aligned,numbered_aligned
3:153,3:153:15:1,3:153:18:1,3:153:15,3:153:18,2MP,3MS,1,qac_v0.4_aligned,numbered_aligned
3:153,3:153:18:1,3:153:21:1,3:153:18,3:153:21,3MS,3MS,0,qac_v0.4_aligned,numbered_aligned
3:153,3:153:21:1,3:153:25:1,3:153:21,3:153:25,3MS,2MP,1,qac_v0.4_aligned,numbered_aligned
3:154,3:154:2:1,3:154:9:1,3:154:2,3:154:9,3MS,3MS,0,qac_v0.4_aligned,numbered_aligned
3:154,3:154:9:1,3:154:14:1,3:154:9,3:154:14,3MS,3FS,0,qac_v0.4_aligned,numbered_aligned
3:154,3:154:14:1,3:154:16:1,3:154:14,3:154:16,3FS,3MP,0,qac_v0.4_aligned,numbered_aligned
3:154,3:154:16:1,3:154:22:1,3:154:16,3:154:22,3MP,3MP,0,qac_v0.4_aligned,numbered_aligned
3:154,3:154:22:1,3:154:29:1,3:154:22,3:154:29,3MP,2MS,1,qac_v0.4_aligned,numbered_aligned
3:154,3:154:29:1,3:154:34:1,3:154:29,3:154:34,2MS,3MP,1,qac_v0.4_aligned,numbered_aligned
3:154,3:154:34:1,3:154:39:1,3:154:34,3:154:39,3MP,3MP,0,qac_v0.4_aligned,numbered_aligned
3:154,3:154:39:1,3:154:41:1,3:154:39,3:154:41,3MP,3MP,0,qac_v0.4_aligned,numbered_aligned
3:154,3:154:41:1,3:154:43:1,3:154:41,3:154:43,3MP,3MS,0,qac_v0.4_aligned,numbered_aligned
3:154,3:154:43:1,3:154:49:1,3:154:43,3:154:49,3MS,1P,1,qac_v0.4_aligned,numbered_aligned
3:154,3:154:49:1,3:154:51:1,3:154:49,3:154:51,1P,2MS,1,qac_v0.4_aligned,numbered_aligned
3:154,3:154:51:1,3:154:53:1,3:154:51,3:154:53,2MS,2MP,0,qac_v0.4_aligned,numbered_aligned
3:154,3:154:53:1,3:154:56:2,3:154:53,3:154:56,2MP,3MS,1,qac_v0.4_aligned,numbered_aligned
3:154,3:154:56:2,3:154:58:1,3:154:56,3:154:58,3MS,3MS,0,qac_v0.4_aligned,numbered_aligned
3:155,3:155:3:1,3:155:6:1,3:155:3,3:155:6,3MP,3MS,0,qac_v0.4_aligned,numbered_aligned
3:155,3:155:6:1,3:155:9:1,3:155:6,3:155:9,3MS,3MS,0,qac_v0.4_aligned,numbered_aligned
3:155,3:155:9:1,3:155:13:1,3:155:9,3:155:13,3MS,3MP,0,qac_v0.4_aligned,numbered_aligned
3:155,3:155:13:1,3:155:15:1,3:155:13,3:155:15,3MP,3MS,0,qac_v0.4_aligned,numbered_aligned
3:156,3:156:5:1,3:156:7:1,3:156:6,3:156:8,2MP,3MP,1,qac_v0.4_aligned,numbered_aligned
3:156,3:156:7:1,3:156:8:2,3:156:8,3:156:9,3MP,3MP,0,qac_v0.4_aligned,numbered_aligned
3:156,3:156:8:2,3:156:11:1,3:156:9,3:156:12,3MP,3MP,0,qac_v0.4_aligned,numbered_aligned
3:156,3:156:11:1,3:156:15:1,3:156:12,3:156:16,3MP,3MP,0,qac_v0.4_aligned,numbered_aligned
3:156,3:156:15:1,3:156:18:1,3:156:16,3:156:19,3MP,3MP,0,qac_v0.4_aligned,numbered_aligned
3:156,3:156:18:1,3:156:21:1,3:156:19,3:156:22,3MP,3MP,0,qac_v0.4_aligned,numbered_aligned
3:156,3:156:21:1,3:156:23:1,3:156:22,3:156:24,3MP,3MP,0,qac_v0.4_aligned,numbered_aligned
3:156,3:156:23:1,3:156:24:2,3:156:24,3:156:25,3MP,3MS,0,qac_v0.4_aligned,numbered_aligned
3:156,3:156:32:2,3:156:35:1,3:156:33,3:156:36,3MS,2MP,1,qac_v0.4_aligned,numbered_aligned
3:157,3:157:2:1,3:157:7:1,3:157:2,3:157:7,2MP,2MP,0,qac_v0.4_aligned,numbered_aligned
3:157,3:157:7:1,3:157:14:1,3:157:7,3:157:14,2MP,3MP,1,qac_v0.4_aligned,numbered_aligned
3:158,3:158:2:1,3:158:4:1,3:158:2,3:158:4,2MP,2MP,0,qac_v0.4_aligned,numbered_aligned
3:158,3:158:4:1,3:158:7:1,3:158:4,3:158:7,2MP,2MP,0,qac_v0.4_aligned,numbered_aligned
3:159,3:159:5:1,3:159:8:1,3:159:5,3:159:8,2MS,2MS,0,qac_v0.4_aligned,numbered_aligned
3:159,3:159:8:1,3:159:12:2,3:159:8,3:159:12,2MS,3MP,1,qac_v0.4_aligned,numbered_aligned
3:159,3:159:12:2,3:159:15:2,3:159:12,3:159:15,3MP,2MS,1,qac_v0.4_aligned,numbered_aligned
3:159,3:159:15:2,3:159:17:2,3:159:15,3:159:17,2MS,2MS,0,qac_v0.4_aligned,numbered_aligned
3:159,3:159:17:2,3:159:19:2,3:159:17,3:159:19,2MS,2MS,0,qac_v0.4_aligned,numbered_aligned
3:159,3:159:19:2,3:159:23:1,3:159:19,3:159:23,2MS,2MS,0,qac_v0.4_aligned,numbered_aligned
3:159,3:159:23:1,3:159:24:2,3:159:23,3:159:24,2MS,2MS,0,qac_v0.4_aligned,numbered_aligned
3:159,3:159:24:2,3:159:29:1,3:159:24,3:159:29,2MS,3MS,1,qac_v0.4_aligned,numbered_aligned
3:160,3:160:2:1,3:160:8:1,3:160:2,3:160:8,3MS,3MS,0,qac_v0.4_aligned,numbered_aligned
3:160,3:160:8:1,3:160:12:1,3:160:8,3:160:12,3MS,3MS,0,qac_v0.4_aligned,numbered_aligned
3:160,3:160:12:1,3:160:17:3,3:160:12,3:160:17,3MS,3MS,0,qac_v0.4_aligned,numbered_aligned
3:161,3:161:2:1,3:161:5:1,3:161:2,3:161:5,3MS,3MS,0,qac_v0.4_aligned,numbered_aligned
3:161,3:161:5:1,3:161:7:1,3:161:5,3:161:7,3MS,3MS,0,qac_v0.4_aligned,numbered_aligned
3:161,3:161:7:1,3:161:8:1,3:161:7,3:161:8,3MS,3MS,0,qac_v0.4_aligned,numbered_aligned
3:161,3:161:8:1,3:161:10:1,3:161:8,3:161:10,3MS,3MS,0,qac_v0.4_aligned,numbered_aligned
3:161,3:161:10:1,3:161:14:1,3:161:10,3:161:14,3MS,3FS,0,qac_v0.4_aligned,numbered_aligned
3:161,3:161:14:1,3:161:18:1,3:161:14,3:161:18,3FS,3FS,0,qac_v0.4_aligned,numbered_aligned
3:161,3:161:18:1,3:161:21:1,3:161:18,3:161:21,3FS,3MP,0,qac_v0.4_aligned,numbered_aligned
3:162,3:162:2:1,3:162:6:1,3:162:2,3:162:6,3MS,3MS,0,qac_v0.4_aligned,numbered_aligned
3:162,3:162:6:1,3:162:12:2,3:162:6,3:162:12,3MS,3MS,0,qac_v0.4_aligned,numbered_aligned
3:164,3:164:2:1,3:164:7:1,3:164:2,3:164:7,3MS,3MS,0,qac_v0.4_aligned,numbered_aligned
3:164,3:164:15:2,3:164:16:2,3:164:15,3:164:16,3MS,3MS,0,qac_v0.4_aligned,numbered_aligned
3:164,3:164:16:2,3:164:20:1,3:164:16,3:164:20,3MS,3MP,0,qac_v0.4_aligned,numbered_aligned
3:165,3:165:2:1,3:165:5:1,3:165:2,3:165:5,3FS,2MP,1,qac_v0.4_aligned,numbered_aligned
3:165,3:165:5:1,3:165:7:1,3:165:5,3:165:7,2MP,2MP,0,qac_v0.4_aligned,numbered_aligned
3:165,3:165:7:1,3:165:10:1,3:165:7,3:165:10,2MP,2MS,0,qac_v0.4_aligned,numbered_aligned
3:166,3:166:2:1,3:166:4:1,3:166:2,3:166:4,3MS,3MS,0,qac_v0.4_aligned,numbered_aligned
3:166,3:166:4:1,3:166:8:3,3:166:4,3:166:8,3MS,3MS,0,qac_v0.4_aligned,numbered_aligned
3:167,3:167:1:3,3:167:3:1,3:167:1,3:167:3,3MS,3MP,0,qac_v0.4_aligned,numbered_aligned
3:167,3:167:3:1,3:167:4:2,3:167:3,3:167:4,3MP,3MS,0,qac_v0.4_aligned,numbered_aligned
3:167,3:167:4:2,3:167:6:1,3:167:4,3:167:6,3MS,2MP,1,qac_v0.4_aligned,numbered_aligned
3:167,3:167:6:1,3:167:7:1,3:167:6,3:167:7,2MP,2MP,0,qac_v0.4_aligned,numbered_aligned
3:167,3:167:7:1,3:167:12:1,3:167:7,3:167:12,2MP,2MP,0,qac_v0.4_aligned,numbered_aligned
3:167,3:167:12:1,3:167:13:1,3:167:12,3:167:13,2MP,3MP,1,qac_v0.4_aligned,numbered_aligned
3:167,3:167:13:1,3:167:15:1,3:167:13,3:167:15,3MP,1P,1,qac_v0.4_aligned,numbered_aligned
3:167,3:167:15:1,3:167:17:2,3:167:15,3:167:17,1P,1P,0,qac_v0.4_aligned,numbered_aligned
3:167,3:167:17:2,3:167:24:1,3:167:17,3:167:24,1P,3MP,1,qac_v0.4_aligned,numbered_aligned
3:167,3:167:24:1,3:167:27:1,3:167:24,3:167:27,3MP,3MS,0,qac_v0.4_aligned,numbered_aligned
3:167,3:167:27:1,3:167:33:1,3:167:27,3:167:33,3MS,3MP,0,qac_v0.4_aligned,numbered_aligned
3:168,3:168:2:1,3:168:4:2,3:168:2,3:168:4,3MP,3MP,0,qac_v0.4_aligned,numbered_aligned
3:168,3:168:4:2,3:168:6:1,3:168:4,3:168:6,3MP,3MP,0,qac_v0.4_aligned,numbered_aligned
3:168,3:168:6:1,3:168:8:1,3:168:6,3:168:8,3MP,3MP,0,qac_v0.4_aligned,numbered_aligned
3:168,3:168:8:1,3:168:9:1,3:168:8,3:168:9,3MP,2MS,1,qac_v0.4_aligned,numbered_aligned
3:168,3:168:9:1,3:168:10:2,3:168:9,3:168:10,2MS,2MP,0,qac_v0.4_aligned,numbered_aligned
3:168,3:168:10:2,3:168:15:1,3:168:10,3:168:15,2MP,2MP,0,qac_v0.4_aligned,numbered_aligned
3:169,3:169:2:1,3:169:4:1,3:169:2,3:169:4,2MS,3MP,1,qac_v0.4_aligned,numbered_aligned
3:169,3:169:4:1,3:169:13:1,3:169:4,3:169:13,3MP,3MP,0,qac_v0.4_aligned,numbered_aligned
3:170,3:170:7:2,3:170:10:1,3:170:7,3:170:10,3MP,3MP,0,qac_v0.4_aligned,numbered_aligned
3:170,3:170:10:1,3:170:19:1,3:170:10,3:170:19,3MP,3MP,0,qac_v0.4_aligned,numbered_aligned
3:171,3:171:1:1,3:171:9:1,3:171:1,3:171:9,3MP,3MS,0,qac_v0.4_aligned,numbered_aligned
3:172,3:172:2:1,3:172:8:1,3:172:2,3:172:8,3MP,3MS,0,qac_v0.4_aligned,numbered_aligned
3:172,3:172:8:1,3:172:11:1,3:172:8,3:172:11,3MS,3MP,0,qac_v0.4_aligned,numbered_aligned
3:172,3:172:11:1,3:172:13:2,3:172:11,3:172:13,3MP,3MP,0,qac_v0.4_aligned,numbered_aligned
3:173,3:173:2:1,3:173:8:1,3:173:2,3:173:8,3MS,3MP,0,qac_v0.4_aligned,numbered_aligned
3:173,3:173:8:1,3:173:10:2,3:173:8,3:173:10,3MP,2MP,1,qac_v0.4_aligned,numbered_aligned
3:173,3:173:10:2,3:173:11:2,3:173:10,3:173:11,2MP,3MS,1,qac_v0.4_aligned,numbered_aligned
3:173,3:173:11:2,3:173:13:2,3:173:11,3:173:13,3MS,3MP,0,qac_v0.4_aligned,numbered_aligned
3:173,3:173:13:2,3:173:16:2,3:173:13,3:173:16,3MP,3MS,0,qac_v0.4_aligned,numbered_aligned
3:174,3:174:1:2,3:174:7:1,3:174:1,3:174:7,3MP,3MS,0,qac_v0.4_aligned,numbered_aligned
3:174,3:174:7:1,3:174:9:2,3:174:7,3:174:9,3MS,3MP,0,qac_v0.4_aligned,numbered_aligned
3:175,3:175:4:1,3:175:7:1,3:175:4,3:175:7,3MS,2MP,1,qac_v0.4_aligned,numbered_aligned
3:175,3:175:7:1,3:175:8:2,3:175:7,3:175:8,2MP,2MP,0,qac_v0.4_aligned,numbered_aligned
3:175,3:175:8:2,3:175:10:1,3:175:8,3:175:10,2MP,2MP,0,qac_v0.4_aligned,numbered_aligned
3:176,3:176:2:1,3:176:4:1,3:176:2,3:176:4,3MS,3MP,0,qac_v0.4_aligned,numbered_aligned
3:176,3:176:4:1,3:176:9:1,3:176:4,3:176:9,3MP,3MP,0,qac_v0.4_aligned,numbered_aligned
3:176,3:176:9:1,3:176:12:1,3:176:9,3:176:12,3MP,3MS,0,qac_v0.4_aligned,numbered_aligned
3:176,3:176:12:1,3:176:15:1,3:176:12,3:176:15,3MS,3MS,0,qac_v0.4_aligned,numbered_aligned
3:177,3:177:3:1,3:177:7:1,3:177:3,3:177:7,3MP,3MP,0,qac_v0.4_aligned,numbered_aligned
3:178,3:178:2:1,3:178:4:1,3:178:2,3:178:4,3MS,3MP,0,qac_v0.4_aligned,numbered_aligned
3:179,3:179:2:1,3:179:4:2,3:179:2,3:179:4,3MS,3MS,0,qac_v0.4_aligned,numbered_aligned
3:179,3:179:4:2,3:179:11:1,3:179:4,3:179:11,3MS,3MS,0,qac_v0.4_aligned,numbered_aligned
3:179,3:179:11:1,3:179:16:1,3:179:11,3:179:16,3MS,3MS,0,qac_v0.4_aligned,numbered_aligned
3:179,3:179:16:1,3:179:18:2,3:179:16,3:179:18,3MS,3MS,0,qac_v0.4_aligned,numbered_aligned
3:179,3:179:32:1,3:179:33:2,3:179:32,3:179:33,2MP,2MP,0,qac_v0.4_aligned,numbered_aligned
3:180,3:180:2:1,3:180:4:1,3:180:2,3:180:4,3MS,3MP,0,qac_v0.4_aligned,numbered_aligned
3:180,3:180:17:2,3:180:19:1,3:180:17,3:180:19,3MP,3MP,0,qac_v0.4_aligned,numbered_aligned
3:180,3:180:19:1,3:180:29:1,3:180:19,3:180:29,3MP,2MP,1,qac_v0.4_aligned,numbered_aligned
3:181,3:181:2:1,3:181:6:1,3:181:2,3:181:6,3MS,3MP,0,qac_v0.4_aligned,numbered_aligned
3:181,3:181:6:1,3:181:12:2,3:181:6,3:181:12,3MP,1P,1,qac_v0.4_aligned,numbered_aligned
3:181,3:181:12:2,3:181:14:1,3:181:12,3:181:14,1P,3MP,1,qac_v0.4_aligned,numbered_aligned
3:181,3:181:14:1,3:181:19:2,3:181:14,3:181:19,3MP,1P,1,qac_v0.4_aligned,numbered_aligned
3:181,3:181:19:2,3:181:20:1,3:181:19,3:181:20,1P,2MP,1,qac_v0.4_aligned,numbered_aligned
3:182,3:182:3:1,3:182:7:1,3:182:3,3:182:7,3FS,3MS,0,qac_v0.4_aligned,numbered_aligned
3:183,3:183:2:1,3:183:5:1,3:183:2,3:183:5,3MP,3MS,0,qac_v0.4_aligned,numbered_aligned
3:183,3:183:5:1,3:183:8:1,3:183:5,3:183:8,3MS,1P,1,qac_v0.4_aligned,numbered_aligned
3:183,3:183:8:1,3:183:11:1,3:183:8,3:183:11,1P,3MS,1,qac_v0.4_aligned,numbered_aligned
3:183,3:183:11:1,3:183:13:1,3:183:11,3:183:13,3MS,3FS,0,qac_v0.4_aligned,numbered_aligned
3:183,3:183:13:1,3:183:15:1,3:183:13,3:183:15,3FS,2MS,1,qac_v0.4_aligned,numbered_aligned
3:183,3:183:15:1,3:183:17:1,3:183:15,3:183:17,2MS,3MS,1,qac_v0.4_aligned,numbered_aligned
3:183,3:183:17:1,3:183:23:1,3:183:17,3:183:23,3MS,2MP,1,qac_v0.4_aligned,numbered_aligned
3:183,3:183:23:1,3:183:25:1,3:183:23,3:183:25,2MP,2MP,0,qac_v0.4_aligned,numbered_aligned
3:183,3:183:25:1,3:183:27:1,3:183:25,3:183:27,2MP,2MP,0,qac_v0.4_aligned,numbered_aligned
3:184,3:184:2:1,3:184:4:1,3:184:2,3:184:4,3MP,3MS,0,qac_v0.4_aligned,numbered_aligned
3:185,3:185:6:1,3:185:11:1,3:185:6,3:185:11,2MP,3MS,1,qac_v0.4_aligned,numbered_aligned
3:185,3:185:11:1,3:185:14:2,3:185:11,3:185:14,3MS,3MS,0,qac_v0.4_aligned,numbered_aligned
3:185,3:185:14:2,3:185:17:1,3:185:14,3:185:17,3MS,3MS,0,qac_v0.4_aligned,numbered_aligned
3:186,3:186:1:2,3:186:5:3,3:186:1,3:186:5,2MP,2MP,0,qac_v0.4_aligned,numbered_aligned
3:186,3:186:5:3,3:186:8:1,3:186:5,3:186:8,2MP,3MP,1,qac_v0.4_aligned,numbered_aligned
3:186,3:186:8:1,3:186:14:1,3:186:8,3:186:14,3MP,3MP,0,qac_v0.4_aligned,numbered_aligned
3:186,3:186:14:1,3:186:18:1,3:186:14,3:186:18,3MP,2MP,1,qac_v0.4_aligned,numbered_aligned
3:186,3:186:18:1,3:186:19:2,3:186:18,3:186:19,2MP,2MP,0,qac_v0.4_aligned,numbered_aligned
3:187,3:187:2:1,3:187:6:1,3:187:2,3:187:6,3MS,3MP,0,qac_v0.4_aligned,numbered_aligned
3:187,3:187:6:1,3:187:8:2,3:187:6,3:187:8,3MP,2MP,1,qac_v0.4_aligned,numbered_aligned
3:187,3:187:8:2,3:187:11:1,3:187:8,3:187:11,2MP,2MP,0,qac_v0.4_aligned,numbered_aligned
3:187,3:187:11:1,3:187:12:2,3:187:11,3:187:12,2MP,3MP,1,qac_v0.4_aligned,numbered_aligned
3:187,3:187:12:2,3:187:15:2,3:187:12,3:187:15,3MP,3MP,0,qac_v0.4_aligned,numbered_aligned
3:187,3:187:15:2,3:187:19:2,3:187:15,3:187:19,3MP,3MS,0,qac_v0.4_aligned,numbered_aligned
3:187,3:187:19:2,3:187:21:1,3:187:19,3:187:21,3MS,3MP,0,qac_v0.4_aligned,numbered_aligned
3:188,3:188:2:1,3:188:4:1,3:188:2,3:188:4,2MS,3MP,1,qac_v0.4_aligned,numbered_aligned
3:188,3:188:4:1,3:188:6:1,3:188:4,3:188:6,3MP,3MP,0,qac_v0.4_aligned,numbered_aligned
3:188,3:188:6:1,3:188:7:2,3:188:6,3:188:7,3MP,3MP,0,qac_v0.4_aligned,numbered_aligned
3:188,3:188:7:2,3:188:9:1,3:188:7,3:188:9,3MP,3MP,0,qac_v0.4_aligned,numbered_aligned
3:188,3:188:9:1,3:188:12:1,3:188:9,3:188:12,3MP,3MP,0,qac_v0.4_aligned,numbered_aligned
3:188,3:188:12:1,3:188:14:1,3:188:12,3:188:14,3MP,2MS,1,qac_v0.4_aligned,numbered_aligned
3:191,3:191:2:1,3:191:8:2,3:191:2,3:191:8,3MP,3MP,0,qac_v0.4_aligned,numbered_aligned
3:191,3:191:8:2,3:191:15:1,3:191:8,3:191:15,3MP,2MS,1,qac_v0.4_aligned,numbered_aligned
3:191,3:191:15:1,3:191:19:2,3:191:15,3:191:19,2MS,2MS,0,qac_v0.4_aligned,numbered_aligned
3:192,3:192:4:1,3:192:7:1,3:192:4,3:192:7,2MS,2MS,0,qac_v0.4_aligned,numbered_aligned
3:193,3:193:12:2,3:193:15:2,3:193:12,3:193:15,2MS,2MS,0,qac_v0.4_aligned,numbered_aligned
3:193,3:193:15:2,3:193:18:2,3:193:15,3:193:18,2MS,2MS,0,qac_v0.4_aligned,numbered_aligned
3:194,3:194:4:1,3:194:8:1,3:194:4,3:194:8,2MS,2MS,0,qac_v0.4_aligned,numbered_aligned
3:194,3:194:8:1,3:194:13:1,3:194:8,3:194:13,2MS,2MS,0,qac_v0.4_aligned,numbered_aligned
3:195,3:195:1:2,3:195:6:1,3:195:1,3:195:6,3MS,1S,1,qac_v0.4_aligned,numbered_aligned
3:195,3:195:6:1,3:195:18:1,3:195:6,3:195:18,1S,3MP,1,qac_v0.4_aligned,numbered_aligned
3:195,3:195:18:1,3:195:19:2,3:195:18,3:195:19,3MP,3MP,0,qac_v0.4_aligned,numbered_aligned
3:195,3:195:19:2,3:195:22:2,3:195:19,3:195:22,3MP,3MP,0,qac_v0.4_aligned,numbered_aligned
3:195,3:195:22:2,3:195:25:2,3:195:22,3:195:25,3MP,3MP,0,qac_v0.4_aligned,numbered_aligned
3:195,3:195:25:2,3:195:26:2,3:195:25,3:195:26,3MP,3MP,0,qac_v0.4_aligned,numbered_aligned
3:195,3:195:26:2,3:195:27:2,3:195:26,3:195:27,3MP,1S,1,qac_v0.4_aligned,numbered_aligned
3:195,3:195:27:2,3:195:30:3,3:195:27,3:195:30,1S,1S,0,qac_v0.4_aligned,numbered_aligned
3:196,3:196:2:1,3:196:5:1,3:196:2,3:196:5,3MS,3MP,0,qac_v0.4_aligned,numbered_aligned
3:199,3:199:6:1,3:199:9:1,3:199:6,3:199:9,3MS,3MS,0,qac_v0.4_aligned,numbered_aligned
3:199,3:199:9:1,3:199:12:1,3:199:9,3:199:12,3MS,3MS,0,qac_v0.4_aligned,numbered_aligned
3:199,3:199:12:1,3:199:17:1,3:199:12,3:199:17,3MS,3MP,0,qac_v0.4_aligned,numbered_aligned
3:200,3:200:4:1,3:200:5:2,3:200:5,3:200:6,2MP,2MP,0,qac_v0.4_aligned,numbered_aligned
3:200,3:200:5:2,3:200:6:2,3:200:6,3:200:7,2MP,2MP,0,qac_v0.4_aligned,numbered_aligned
3:200,3:200:6:2,3:200:7:2,3:200:7,3:200:8,2MP,2MP,0,qac_v0.4_aligned,numbered_aligned
3:200,3:200:7:2,3:200:10:1,3:200:8,3:200:11,2MP,2MP,0,qac_v0.4_aligned,numbered_aligned
4:1,4:1:3:1,4:1:6:1,4:1:8,4:1:11,2MP,3MS,1,qac_v0.4_aligned,numbered_aligned
4:1,4:1:6:1,4:1:10:2,4:1:11,4:1:15,3MS,3MS,0,qac_v0.4_aligned,numbered_aligned
4:1,4:1:10:2,4:1:13:2,4:1:15,4:1:18,3MS,3MS,0,qac_v0.4_aligned,numbered_aligned
4:1,4:1:13:2,4:1:18:2,4:1:18,4:1:23,3MS,2MP,1,qac_v0.4_aligned,numbered_aligned
4:1,4:1:18:2,4:1:21:1,4:1:23,4:1:26,2MP,2MP,0,qac_v0.4_aligned,numbered_aligned
4:1,4:1:21:1,4:1:26:1,4:1:26,4:1:31,2MP,3MS,1,qac_v0.4_aligned,numbered_aligned
4:2,4:2:5:1,4:2:9:1,4:2:5,4:2:9,2MP,2MP,0,qac_v0.4_aligned,numbered_aligned
4:2,4:2:9:1,4:2:14:1,4:2:9,4:2:14,2MP,3MS,1,qac_v0.4_aligned,numbered_aligned
4:3,4:3:2:1,4:3:4:1,4:3:2,4:3:4,2MP,2MP,0,qac_v0.4_aligned,numbered_aligned
4:3,4:3:4:1,4:3:7:2,4:3:4,4:3:7,2MP,2MP,0,qac_v0.4_aligned,numbered_aligned
4:3,4:3:7:2,4:3:9:1,4:3:7,4:3:9,2MP,3MS,1,qac_v0.4_aligned,numbered_aligned
4:3,4:3:9:1,4:3:17:1,4:3:9,4:3:17,3MS,2MP,1,qac_v0.4_aligned,numbered_aligned
4:3,4:3:17:1,4:3:19:1,4:3:17,4:3:19,2MP,2MP,0,qac_v0.4_aligned,numbered_aligned
4:3,4:3:19:1,4:3:23:1,4:3:19,4:3:23,2MP,3FS,1,qac_v0.4_aligned,numbered_aligned
4:3,4:3:23:1,4:3:28:1,4:3:23,4:3:28,3FS,2MP,1,qac_v0.4_aligned,numbered_aligned
4:4,4:4:6:1,4:4:12:2,4:4:6,4:4:12,3FP,2MP,1,qac_v0.4_aligned,numbered_aligned
4:5,4:5:2:1,4:5:6:1,4:5:2,4:5:6,2MP,3MS,1,qac_v0.4_aligned,numbered_aligned
4:5,4:5:6:1,4:5:10:2,4:5:6,4:5:10,3MS,2MP,1,qac_v0.4_aligned,numbered_aligned
4:5,4:5:10:2,4:5:12:2,4:5:10,4:5:12,2MP,2MP,0,qac_v0.4_aligned,numbered_aligned
4:5,4:5:12:2,4:5:13:2,4:5:12,4:5:13,2MP,2MP,0,qac_v0.4_aligned,numbered_aligned
4:6,4:6:1:2,4:6:5:1,4:6:1,4:6:5,2MP,3MP,1,qac_v0.4_aligned,numbered_aligned
4:6,4:6:11:2,4:6:15:1,4:6:11,4:6:15,2MP,2MP,0,qac_v0.4_aligned,numbered_aligned
4:6,4:6:15:1,4:6:19:1,4:6:15,4:6:19,2MP,3MP,1,qac_v0.4_aligned,numbered_aligned
4:6,4:6:19:1,4:6:21:1,4:6:19,4:6:21,3MP,3MS,0,qac_v0.4_aligned,numbered_aligned
4:6,4:6:21:1,4:6:23:3,4:6:21,4:6:23,3MS,3MS,0,qac_v0.4_aligned,numbered_aligned
4:6,4:6:23:3,4:6:25:1,4:6:23,4:6:25,3MS,3MS,0,qac_v0.4_aligned,numbered_aligned
4:6,4:6:25:1,4:6:27:3,4:6:25,4:6:27,3MS,3MS,0,qac_v0.4_aligned,numbered_aligned
4:6,4:6:27:3,4:6:30:1,4:6:27,4:6:30,3MS,2MP,1,qac_v0.4_aligned,numbered_aligned
4:6,4:6:30:1,4:6:33:2,4:6:30,4:6:33,2MP,2MP,0,qac_v0.4_aligned,numbered_aligned
4:6,4:6:33:2,4:6:35:2,4:6:33,4:6:35,2MP,3MS,1,qac_v0.4_aligned,numbered_aligned
4:7,4:7:4:1,4:7:10:1,4:7:4,4:7:10,3MS,3MS,0,qac_v0.4_aligned,numbered_aligned
4:7,4:7:10:1,4:7:14:1,4:7:10,4:7:14,3MS,3MS,0,qac_v0.4_aligned,numbered_aligned
4:7,4:7:14:1,4:7:17:1,4:7:14,4:7:17,3MS,3MS,0,qac_v0.4_aligned,numbered_aligned
4:8,4:8:2:1,4:8:8:2,4:8:2,4:8:8,3MS,2MP,1,qac_v0.4_aligned,numbered_aligned
4:8,4:8:8:2,4:8:10:2,4:8:8,4:8:10,2MP,2MP,0,qac_v0.4_aligned,numbered_aligned
4:9,4:9:1:3,4:9:4:1,4:9:1,4:9:4,3MS,3MP,0,qac_v0.4_aligned,numbered_aligned
4:9,4:9:4:1,4:9:9:1,4:9:4,4:9:9,3MP,3MP,0,qac_v0.4_aligned,numbered_aligned
4:9,4:9:9:1,4:9:11:3,4:9:9,4:9:11,3MP,3MP,0,qac_v0.4_aligned,numbered_aligned
4:9,4:9:11:3,4:9:13:3,4:9:11,4:9:13,3MP,3MP,0,qac_v0.4_aligned,numbered_aligned
4:10,4:10:3:1,4:10:8:1,4:10:3,4:10:8,3MP,3MP,0,qac_v0.4_aligned,numbered_aligned
4:10,4:10:8:1,4:10:12:3,4:10:8,4:10:12,3MP,3MP,0,qac_v0.4_aligned,numbered_aligned
4:11,4:11:1:1,4:11:10:1,4:11:1,4:11:10,3MS,3FP,0,qac_v0.4_aligned,numbered_aligned
4:11,4:11:10:1,4:11:17:1,4:11:10,4:11:17,3FP,3MS,0,qac_v0.4_aligned,numbered_aligned
4:11,4:11:17:1,4:11:19:1,4:11:17,4:11:19,3MS,3FS,0,qac_v0.4_aligned,numbered_aligned
4:11,4:11:19:1,4:11:29:1,4:11:19,4:11:29,3FS,3MS,0,qac_v0.4_aligned,numbered_aligned
4:11,4:11:29:1,4:11:31:1,4:11:29,4:11:31,3MS,3MS,0,qac_v0.4_aligned,numbered_aligned
4:11,4:11:31:1,4:11:36:1,4:11:31,4:11:36,3MS,3MS,0,qac_v0.4_aligned,numbered_aligned
4:11,4:11:36:1,4:11:39:2,4:11:36,4:11:39,3MS,3MS,0,qac_v0.4_aligned,numbered_aligned
4:11,4:11:39:2,4:11:44:1,4:11:39,4:11:44,3MS,3MS,0,qac_v0.4_aligned,numbered_aligned
4:11,4:11:59:1,4:11:69:1,4:11:59,4:11:69,2MP,3MS,1,qac_v0.4_aligned,numbered_aligned
4:12,4:12:4:1,4:12:8:1,4:12:4,4:12:8,3MS,3MS,0,qac_v0.4_aligned,numbered_aligned
4:12,4:12:8:1,4:12:12:1,4:12:8,4:12:12,3MS,3MS,0,qac_v0.4_aligned,numbered_aligned
4:12,4:12:12:1,4:12:18:1,4:12:12,4:12:18,3MS,3FP,0,qac_v0.4_aligned,numbered_aligned
4:12,4:12:18:1,4:12:22:1,4:12:18,4:12:22,3FP,3FP,0,qac_v0.4_aligned,numbered_aligned
4:12,4:12:22:1,4:12:29:1,4:12:22,4:12:29,3FP,2MP,1,qac_v0.4_aligned,numbered_aligned
4:12,4:12:29:1,4:12:32:1,4:12:29,4:12:32,2MP,3MS,1,qac_v0.4_aligned,numbered_aligned
4:12,4:12:32:1,4:12:36:1,4:12:32,4:12:36,3MS,3MS,0,qac_v0.4_aligned,numbered_aligned
4:12,4:12:36:1,4:12:42:1,4:12:36,4:12:42,3MS,2MP,1,qac_v0.4_aligned,numbered_aligned
4:12,4:12:42:1,4:12:46:1,4:12:42,4:12:46,2MP,2MP,0,qac_v0.4_aligned,numbered_aligned
4:12,4:12:46:1,4:12:51:1,4:12:46,4:12:51,2MP,3MS,1,qac_v0.4_aligned,numbered_aligned
4:12,4:12:51:1,4:12:53:1,4:12:51,4:12:53,3MS,3MS,0,qac_v0.4_aligned,numbered_aligned
4:12,4:12:53:1,4:12:66:1,4:12:53,4:12:66,3MS,3MP,0,qac_v0.4_aligned,numbered_aligned
4:12,4:12:66:1,4:12:77:1,4:12:66,4:12:77,3MP,3MS,0,qac_v0.4_aligned,numbered_aligned
4:13,4:13:5:1,4:13:8:1,4:13:5,4:13:8,3MS,3MS,0,qac_v0.4_aligned,numbered_aligned
4:14,4:14:2:1,4:14:5:2,4:14:2,4:14:5,3MS,3MS,0,qac_v0.4_aligned,numbered_aligned
4:14,4:14:5:2,4:14:7:1,4:14:5,4:14:7,3MS,3MS,0,qac_v0.4_aligned,numbered_aligned
4:15,4:15:2:1,4:15:6:2,4:15:2,4:15:6,3FP,2MP,1,qac_v0.4_aligned,numbered_aligned
4:15,4:15:6:2,4:15:11:1,4:15:6,4:15:11,2MP,3MP,1,qac_v0.4_aligned,numbered_aligned
4:15,4:15:11:1,4:15:12:2,4:15:11,4:15:12,3MP,2MP,1,qac_v0.4_aligned,numbered_aligned
4:16,4:16:6:1,4:16:7:2,4:16:6,4:16:7,3MD,3MD,0,qac_v0.4_aligned,numbered_aligned
4:16,4:16:7:2,4:16:8:2,4:16:7,4:16:8,3MD,2MP,1,qac_v0.4_aligned,numbered_aligned
4:16,4:16:8:2,4:16:12:1,4:16:8,4:16:12,2MP,3MS,1,qac_v0.4_aligned,numbered_aligned
4:17,4:17:6:1,4:17:10:1,4:17:6,4:17:10,3MP,3MP,0,qac_v0.4_aligned,numbered_aligned
4:17,4:17:10:1,4:17:14:1,4:17:10,4:17:14,3MP,3MS,0,qac_v0.4_aligned,numbered_aligned
4:17,4:17:14:1,4:17:17:2,4:17:14,4:17:17,3MS,3MS,0,qac_v0.4_aligned,numbered_aligned
4:18,4:18:1:2,4:18:4:1,4:18:1,4:18:4,3FS,3MP,0,qac_v0.4_aligned,numbered_aligned
4:18,4:18:4:1,4:18:8:1,4:18:4,4:18:8,3MP,3MS,0,qac_v0.4_aligned,numbered_aligned
4:18,4:18:8:1,4:18:11:1,4:18:8,4:18:11,3MS,3MS,0,qac_v0.4_aligned,numbered_aligned
4:18,4:18:11:1,4:18:13:1,4:18:11,4:18:13,3MS,1S,1,qac_v0.4_aligned,numbered_aligned
4:18,4:18:13:1,4:18:17:1,4:18:13,4:18:17,1S,3MP,1,qac_v0.4_aligned,numbered_aligned
4:18,4:18:17:1,4:18:21:1,4:18:17,4:18:21,3MP,1P,1,qac_v0.4_aligned,numbered_aligned
4:19,4:19:5:1,4:19:8:1,4:19:6,4:19:9,3MS,2MP,1,qac_v0.4_aligned,numbered_aligned
4:19,4:19:8:1,4:19:12:1,4:19:9,4:19:13,2MP,2MP,0,qac_v0.4_aligned,numbered_aligned
4:19,4:19:12:1,4:19:13:2,4:19:13,4:19:14,2MP,2MP,0,qac_v0.4_aligned,numbered_aligned
4:19,4:19:19:1,4:19:22:2,4:19:20,4:19:23,3FP,2MP,1,qac_v0.4_aligned,numbered_aligned
4:19,4:19:22:2,4:19:25:1,4:19:23,4:19:26,2MP,2MP,0,qac_v0.4_aligned,numbered_aligned
4:19,4:19:25:1,4:19:26:2,4:19:26,4:19:27,2MP,3MS,1,qac_v0.4_aligned,numbered_aligned
4:19,4:19:26:2,4:19:28:1,4:19:27,4:19:29,3MS,2MP,1,qac_v0.4_aligned,numbered_aligned
4:19,4:19:28:1,4:19:30:2,4:19:29,4:19:31,2MP,3MS,1,qac_v0.4_aligned,numbered_aligned
4:20,4:20:11:1,4:20:14:2,4:20:11,4:20:14,2MP,2MP,0,qac_v0.4_aligned,numbered_aligned
4:21,4:21:2:1,4:21:4:1,4:21:2,4:21:4,2MP,3MS,1,qac_v0.4_aligned,numbered_aligned
4:21,4:21:4:1,4:21:8:2,4:21:4,4:21:8,3MS,3FP,0,qac_v0.4_aligned,numbered_aligned
4:22,4:22:2:1,4:22:4:1,4:22:2,4:22:4,2MP,3MS,1,qac_v0.4_aligned,numbered_aligned
4:22,4:22:4:1,4:22:11:1,4:22:4,4:22:11,3MS,3MS,0,qac_v0.4_aligned,numbered_aligned
4:22,4:22:11:1,4:22:13:1,4:22:11,4:22:13,3MS,3MS,0,qac_v0.4_aligned,numbered_aligned
4:22,4:22:13:1,4:22:16:2,4:22:13,4:22:16,3MS,3MS,0,qac_v0.4_aligned,numbered_aligned
4:23,4:23:1:1,4:23:14:1,4:23:1,4:23:14,3FS,3FP,0,qac_v0.4_aligned,numbered_aligned
4:23,4:23:14:1,4:23:27:1,4:23:14,4:23:27,3FP,2MP,1,qac_v0.4_aligned,numbered_aligned
4:23,4:23:27:1,4:23:31:1,4:23:27,4:23:31,2MP,2MP,0,qac_v0.4_aligned,numbered_aligned
4:23,4:23:31:1,4:23:32:1,4:23:31,4:23:32,2MP,2MP,0,qac_v0.4_aligned,numbered_aligned
4:23,4:23:32:1,4:23:43:1,4:23:32,4:23:43,2MP,2MP,0,qac_v0.4_aligned,numbered_aligned
4:23,4:23:43:1,4:23:49:1,4:23:43,4:23:49,2MP,3MS,1,qac_v0.4_aligned,numbered_aligned
4:23,4:23:49:1,4:23:52:1,4:23:49,4:23:52,3MS,3MS,0,qac_v0.4_aligned,numbered_aligned
4:24,4:24:6:1,4:24:11:2,4:24:6,4:24:11,3FS,3MS,0,qac_v0.4_aligned,numbered_aligned
4:24,4:24:11:2,4:24:17:1,4:24:11,4:24:17,3MS,2MP,1,qac_v0.4_aligned,numbered_aligned
4:24,4:24:17:1,4:24:23:1,4:24:17,4:24:23,2MP,2MP,0,qac_v0.4_aligned,numbered_aligned
4:24,4:24:33:1,4:24:40:1,4:24:33,4:24:40,2MP,3MS,1,qac_v0.4_aligned,numbered_aligned
4:25,4:25:3:1,4:25:7:1,4:25:3,4:25:7,3MS,3MS,0,qac_v0.4_aligned,numbered_aligned
4:25,4:25:7:1,4:25:12:1,4:25:7,4:25:12,3MS,3FS,0,qac_v0.4_aligned,numbered_aligned
4:25,4:25:12:1,4:25:23:2,4:25:12,4:25:23,3FS,2MP,1,qac_v0.4_aligned,numbered_aligned
4:25,4:25:36:1,4:25:38:1,4:25:36,4:25:38,3FP,3FP,0,qac_v0.4_aligned,numbered_aligned
4:26,4:26:1:1,4:26:3:2,4:26:1,4:26:3,3MS,3MS,0,qac_v0.4_aligned,numbered_aligned
4:26,4:26:3:2,4:26:5:2,4:26:3,4:26:5,3MS,3MS,0,qac_v0.4_aligned,numbered_aligned
4:26,4:26:5:2,4:26:10:2,4:26:5,4:26:10,3MS,3MS,0,qac_v0.4_aligned,numbered_aligned
4:27,4:27:2:1,4:27:4:1,4:27:2,4:27:4,3MS,3MS,0,qac_v0.4_aligned,numbered_aligned
4:27,4:27:4:1,4:27:6:2,4:27:4,4:27:6,3MS,3MS,0,qac_v0.4_aligned,numbered_aligned
4:27,4:27:6:2,4:27:8:1,4:27:6,4:27:8,3MS,3MP,0,qac_v0.4_aligned,numbered_aligned
4:27,4:27:8:1,4:27:11:1,4:27:8,4:27:11,3MP,2MP,1,qac_v0.4_aligned,numbered_aligned
4:28,4:28:1:1,4:28:4:1,4:28:1,4:28:4,3MS,3MS,0,qac_v0.4_aligned,numbered_aligned
4:28,4:28:4:1,4:28:6:2,4:28:4,4:28:6,3MS,3MS,0,qac_v0.4_aligned,numbered_aligned
4:29,4:29:5:1,4:29:11:1,4:29:6,4:29:12,2MP,3FS,1,qac_v0.4_aligned,numbered_aligned
4:29,4:29:11:1,4:29:17:1,4:29:12,4:29:18,3FS,2MP,1,qac_v0.4_aligned,numbered_aligned
4:29,4:29:17:1,4:29:21:1,4:29:18,4:29:22,2MP,3MS,1,qac_v0.4_aligned,numbered_aligned
4:30,4:30:2:1,4:30:7:1,4:30:2,4:30:7,3MS,1P,1,qac_v0.4_aligned,numbered_aligned
4:30,4:30:7:1,4:30:9:2,4:30:7,4:30:9,1P,3MS,1,qac_v0.4_aligned,numbered_aligned
4:31,4:31:2:1,4:31:5:1,4:31:2,4:31:5,2MP,2MP,0,qac_v0.4_aligned,numbered_aligned
4:31,4:31:5:1,4:31:7:1,4:31:5,4:31:7,2MP,1P,1,qac_v0.4_aligned,numbered_aligned
4:31,4:31:7:1,4:31:10:2,4:31:7,4:31:10,1P,1P,0,qac_v0.4_aligned,numbered_aligned
4:32,4:32:2:1,4:32:4:1,4:32:2,4:32:4,2MP,3MS,1,qac_v0.4_aligned,numbered_aligned
4:32,4:32:4:1,4:32:13:1,4:32:4,4:32:13,3MS,3MP,0,qac_v0.4_aligned,numbered_aligned
4:32,4:32:13:1,4:32:17:1,4:32:13,4:32:17,3MP,3FP,0,qac_v0.4_aligned,numbered_aligned
4:33,4:33:2:1,4:33:5:1,4:33:2,4:33:5,1P,3MS,1,qac_v0.4_aligned,numbered_aligned
4:33,4:33:5:1,4:33:9:1,4:33:5,4:33:9,3MS,3FS,0,qac_v0.4_aligned,numbered_aligned
4:34,4:34:6:1,4:34:12:1,4:34:6,4:34:12,3MS,3MP,0,qac_v0.4_aligned,numbered_aligned
4:34,4:34:12:1,4:34:20:1,4:34:12,4:34:20,3MP,3MS,0,qac_v0.4_aligned,numbered_aligned
4:34,4:34:20:1,4:34:23:1,4:34:20,4:34:23,3MS,2MP,1,qac_v0.4_aligned,numbered_aligned
4:34,4:34:23:1,4:34:25:2,4:34:23,4:34:25,2MP,2MP,0,qac_v0.4_aligned,numbered_aligned
4:34,4:34:25:2,4:34:26:2,4:34:25,4:34:26,2MP,2MP,0,qac_v0.4_aligned,numbered_aligned
4:34,4:34:26:2,4:34:29:2,4:34:26,4:34:29,2MP,2MP,0,qac_v0.4_aligned,numbered_aligned
4:34,4:34:29:2,4:34:31:1,4:34:29,4:34:31,2MP,3FP,1,qac_v0.4_aligned,numbered_aligned
4:34,4:34:31:1,4:34:33:1,4:34:31,4:34:33,3FP,2MP,1,qac_v0.4_aligned,numbered_aligned
4:34,4:34:33:1,4:34:38:1,4:34:33,4:34:38,2MP,3MS,1,qac_v0.4_aligned,numbered_aligned
4:35,4:35:2:1,4:35:5:2,4:35:2,4:35:5,2MP,2MP,0,qac_v0.4_aligned,numbered_aligned
4:35,4:35:5:2,4:35:13:1,4:35:5,4:35:13,2MP,3MD,1,qac_v0.4_aligned,numbered_aligned
4:35,4:35:13:1,4:35:15:1,4:35:13,4:35:15,3MD,3MS,0,qac_v0.4_aligned,numbered_aligned
4:35,4:35:15:1,4:35:20:1,4:35:15,4:35:20,3MS,3MS,0,qac_v0.4_aligned,numbered_aligned
4:36,4:36:1:2,4:36:4:1,4:36:1,4:36:4,2MP,2MP,0,qac_v0.4_aligned,numbered_aligned
4:36,4:36:4:1,4:36:23:1,4:36:4,4:36:23,2MP,3FS,1,qac_v0.4_aligned,numbered_aligned
4:36,4:36:23:1,4:36:28:1,4:36:23,4:36:28,3FS,3MS,0,qac_v0.4_aligned,numbered_aligned
4:36,4:36:28:1,4:36:30:1,4:36:28,4:36:30,3MS,3MS,0,qac_v0.4_aligned,numbered_aligned
4:37,4:37:2:1,4:37:3:2,4:37:2,4:37:3,3MP,3MP,0,qac_v0.4_aligned,numbered_aligned
4:37,4:37:3:2,4:37:6:2,4:37:3,4:37:6,3MP,3MP,0,qac_v0.4_aligned,numbered_aligned
4:38,4:38:2:1,4:38:7:1,4:38:2,4:38:7,3MP,3MP,0,qac_v0.4_aligned,numbered_aligned
4:38,4:38:7:1,4:38:13:1,4:38:7,4:38:13,3MP,3MS,0,qac_v0.4_aligned,numbered_aligned
4:38,4:38:13:1,4:38:17:2,4:38:13,4:38:17,3MS,3MS,0,qac_v0.4_aligned,numbered_aligned
4:39,4:39:8:2,4:39:10:1,4:39:8,4:39:10,3MP,3MS,0,qac_v0.4_aligned,numbered_aligned
4:39,4:39:10:1,4:39:12:2,4:39:10,4:39:12,3MS,3MS,0,qac_v0.4_aligned,numbered_aligned
4:40,4:40:4:1,4:40:8:1,4:40:4,4:40:8,3MS,3FS,0,qac_v0.4_aligned,numbered_aligned
4:40,4:40:8:1,4:40:10:1,4:40:8,4:40:10,3FS,3MS,0,qac_v0.4_aligned,numbered_aligned
4:40,4:40:10:1,4:40:11:2,4:40:10,4:40:11,3MS,3MS,0,qac_v0.4_aligned,numbered_aligned
4:41,4:41:3:1,4:41:8:2,4:41:3,4:41:8,1P,1P,0,qac_v0.4_aligned,numbered_aligned
4:42,4:42:2:1,4:42:4:1,4:42:2,4:42:4,3MS,3MP,0,qac_v0.4_aligned,numbered_aligned
4:42,4:42:4:1,4:42:5:2,4:42:4,4:42:5,3MP,3MP,0,qac_v0.4_aligned,numbered_aligned
4:42,4:42:5:2,4:42:8:1,4:42:5,4:42:8,3MP,3FS,0,qac_v0.4_aligned,numbered_aligned
4:42,4:42:8:1,4:42:12:1,4:42:8,4:42:12,3FS,3MP,0,qac_v0.4_aligned,numbered_aligned
4:43,4:43:5:1,4:43:10:1,4:43:6,4:43:11,2MP,2MP,0,qac_v0.4_aligned,numbered_aligned
4:43,4:43:10:1,4:43:12:1,4:43:11,4:43:13,2MP,2MP,0,qac_v0.4_aligned,numbered_aligned
4:43,4:43:12:1,4:43:19:1,4:43:13,4:43:20,2MP,2MP,0,qac_v0.4_aligned,numbered_aligned
4:43,4:43:19:1,4:43:21:1,4:43:20,4:43:22,2MP,2MP,0,qac_v0.4_aligned,numbered_aligned
4:43,4:43:21:1,4:43:27:1,4:43:22,4:43:28,2MP,3MS,1,qac_v0.4_aligned,numbered_aligned
4:43,4:43:27:1,4:43:33:1,4:43:28,4:43:34,3MS,2MP,1,qac_v0.4_aligned,numbered_aligned
4:43,4:43:33:1,4:43:36:1,4:43:34,4:43:37,2MP,2MP,0,qac_v0.4_aligned,numbered_aligned
4:43,4:43:36:1,4:43:38:2,4:43:37,4:43:39,2MP,2MP,0,qac_v0.4_aligned,numbered_aligned
4:43,4:43:38:2,4:43:41:2,4:43:39,4:43:42,2MP,2MP,0,qac_v0.4_aligned,numbered_aligned
4:43,4:43:41:2,4:43:46:1,4:43:42,4:43:47,2MP,3MS,1,qac_v0.4_aligned,numbered_aligned
4:44,4:44:2:1,4:44:5:1,4:44:2,4:44:5,2MS,3MP,1,qac_v0.4_aligned,numbered_aligned
4:44,4:44:5:1,4:44:9:1,4:44:5,4:44:9,3MP,3MP,0,qac_v0.4_aligned,numbered_aligned
4:44,4:44:9:1,4:44:11:2,4:44:9,4:44:11,3MP,3MP,0,qac_v0.4_aligned,numbered_aligned
4:44,4:44:11:2,4:44:13:1,4:44:11,4:44:13,3MP,2MP,1,qac_v0.4_aligned,numbered_aligned
4:45,4:45:4:2,4:45:7:2,4:45:4,4:45:7,3MS,3MS,0,qac_v0.4_aligned,numbered_aligned
4:46,4:46:3:1,4:46:4:1,4:46:3,4:46:4,3MP,3MP,0,qac_v0.4_aligned,numbered_aligned
4:46,4:46:4:1,4:46:8:2,4:46:4,4:46:8,3MP,3MP,0,qac_v0.4_aligned,numbered_aligned
4:46,4:46:8:2,4:46:9:1,4:46:8,4:46:9,3MP,1P,1,qac_v0.4_aligned,numbered_aligned
4:46,4:46:9:1,4:46:10:2,4:46:9,4:46:10,1P,1P,0,qac_v0.4_aligned,numbered_aligned
4:46,4:46:10:2,4:46:11:2,4:46:10,4:46:11,1P,2MS,1,qac_v0.4_aligned,numbered_aligned
4:46,4:46:11:2,4:46:14:2,4:46:11,4:46:14,2MS,2MS,0,qac_v0.4_aligned,numbered_aligned
4:46,4:46:14:2,4:46:22:1,4:46:14,4:46:22,2MS,3MP,1,qac_v0.4_aligned,numbered_aligned
4:46,4:46:22:1,4:46:23:1,4:46:22,4:46:23,3MP,1P,1,qac_v0.4_aligned,numbered_aligned
4:46,4:46:23:1,4:46:24:2,4:46:23,4:46:24,1P,1P,0,qac_v0.4_aligned,numbered_aligned
4:46,4:46:24:2,4:46:25:2,4:46:24,4:46:25,1P,2MS,1,qac_v0.4_aligned,numbered_aligned
4:46,4:46:25:2,4:46:26:2,4:46:25,4:46:26,2MS,2MS,0,qac_v0.4_aligned,numbered_aligned
4:46,4:46:26:2,4:46:27:2,4:46:26,4:46:27,2MS,3MS,1,qac_v0.4_aligned,numbered_aligned
4:46,4:46:27:2,4:46:32:1,4:46:27,4:46:32,3MS,3MS,0,qac_v0.4_aligned,numbered_aligned
4:46,4:46:32:1,4:46:36:1,4:46:32,4:46:36,3MS,3MP,0,qac_v0.4_aligned,numbered_aligned
4:47,4:47:7:1,4:47:14:1,4:47:8,4:47:15,1P,1P,0,qac_v0.4_aligned,numbered_aligned
4:47,4:47:14:1,4:47:16:2,4:47:15,4:47:17,1P,1P,0,qac_v0.4_aligned,numbered_aligned
4:47,4:47:16:2,4:47:20:1,4:47:17,4:47:21,1P,1P,0,qac_v0.4_aligned,numbered_aligned
4:47,4:47:20:1,4:47:22:1,4:47:21,4:47:23,1P,1P,0,qac_v0.4_aligned,numbered_aligned
4:47,4:47:22:1,4:47:25:2,4:47:23,4:47:26,1P,3MS,1,qac_v0.4_aligned,numbered_aligned
4:48,4:48:4:1,4:48:6:1,4:48:4,4:48:6,3MS,3MS,0,qac_v0.4_aligned,numbered_aligned
4:48,4:48:6:1,4:48:8:2,4:48:6,4:48:8,3MS,3MS,0,qac_v0.4_aligned,numbered_aligned
4:48,4:48:8:2,4:48:13:1,4:48:8,4:48:13,3MS,3MS,0,qac_v0.4_aligned,numbered_aligned
4:48,4:48:13:1,4:48:15:1,4:48:13,4:48:15,3MS,3MS,0,qac_v0.4_aligned,numbered_aligned
4:48,4:48:15:1,4:48:18:1,4:48:15,4:48:18,3MS,3MS,0,qac_v0.4_aligned,numbered_aligned
4:49,4:49:2:1,4:49:5:1,4:49:2,4:49:5,2MS,3MP,1,qac_v0.4_aligned,numbered_aligned
4:49,4:49:11:1,4:49:13:1,4:49:11,4:49:13,3MS,3MP,0,qac_v0.4_aligned,numbered_aligned
4:50,4:50:1:1,4:50:3:1,4:50:1,4:50:3,2MS,3MP,1,qac_v0.4_aligned,numbered_aligned
4:50,4:50:3:1,4:50:7:2,4:50:3,4:50:7,3MP,3MS,0,qac_v0.4_aligned,numbered_aligned
4:51,4:51:2:1,4:51:5:1,4:51:2,4:51:5,2MS,3MP,1,qac_v0.4_aligned,numbered_aligned
4:51,4:51:5:1,4:51:9:1,4:51:5,4:51:9,3MP,3MP,0,qac_v0.4_aligned,numbered_aligned
4:51,4:51:9:1,4:51:12:2,4:51:9,4:51:12,3MP,3MP,0,qac_v0.4_aligned,numbered_aligned
4:51,4:51:12:2,4:51:14:1,4:51:12,4:51:14,3MP,3MP,0,qac_v0.4_aligned,numbered_aligned
4:52,4:52:3:1,4:52:6:1,4:52:3,4:52:6,3MS,3MS,0,qac_v0.4_aligned,numbered_aligned
4:52,4:52:6:1,4:52:9:1,4:52:6,4:52:9,3MS,2MS,1,qac_v0.4_aligned,numbered_aligned
4:55,4:55:7:1,4:55:9:2,4:55:7,4:55:9,3MS,3MS,0,qac_v0.4_aligned,numbered_aligned
4:56,4:56:3:1,4:56:6:1,4:56:3,4:56:6,3MP,1P,1,qac_v0.4_aligned,numbered_aligned
4:56,4:56:6:1,4:56:9:1,4:56:6,4:56:9,1P,3FS,1,qac_v0.4_aligned,numbered_aligned
4:56,4:56:9:1,4:56:11:1,4:56:9,4:56:11,3FS,1P,1,qac_v0.4_aligned,numbered_aligned
4:56,4:56:11:1,4:56:14:2,4:56:11,4:56:14,1P,3MP,1,qac_v0.4_aligned,numbered_aligned
4:56,4:56:14:2,4:56:18:1,4:56:14,4:56:18,3MP,3MS,0,qac_v0.4_aligned,numbered_aligned
4:57,4:57:3:2,4:57:5:2,4:57:3,4:57:5,3MP,1P,1,qac_v0.4_aligned,numbered_aligned
4:58,4:58:3:1,4:58:5:1,4:58:3,4:58:5,3MS,2MP,1,qac_v0.4_aligned,numbered_aligned
4:58,4:58:5:1,4:58:10:1,4:58:5,4:58:10,2MP,2MP,0,qac_v0.4_aligned,numbered_aligned
4:58,4:58:10:1,4:58:14:1,4:58:10,4:58:14,2MP,2MP,0,qac_v0.4_aligned,numbered_aligned
4:58,4:58:14:1,4:58:18:1,4:58:14,4:58:18,2MP,3MS,1,qac_v0.4_aligned,numbered_aligned
4:58,4:58:18:1,4:58:19:1,4:58:18,4:58:19,3MS,3MS,0,qac_v0.4_aligned,numbered_aligned
4:58,4:58:19:1,4:58:23:1,4:58:19,4:58:23,3MS,3MS,0,qac_v0.4_aligned,numbered_aligned
4:59,4:59:4:1,4:59:6:2,4:59:5,4:59:7,2MP,2MP,0,qac_v0.4_aligned,numbered_aligned
4:59,4:59:6:2,4:59:12:1,4:59:7,4:59:13,2MP,2MP,0,qac_v0.4_aligned,numbered_aligned
4:59,4:59:12:1,4:59:15:2,4:59:13,4:59:16,2MP,2MP,0,qac_v0.4_aligned,numbered_aligned
4:59,4:59:15:2,4:59:20:1,4:59:16,4:59:21,2MP,2MP,0,qac_v0.4_aligned,numbered_aligned
4:59,4:59:20:1,4:59:21:1,4:59:21,4:59:22,2MP,2MP,0,qac_v0.4_aligned,numbered_aligned
4:60,4:60:2:1,4:60:5:1,4:60:2,4:60:5,2MS,3MP,1,qac_v0.4_aligned,numbered_aligned
4:60,4:60:9:1,4:60:12:1,4:60:9,4:60:12,3MS,3MS,0,qac_v0.4_aligned,numbered_aligned
4:60,4:60:12:1,4:60:15:1,4:60:12,4:60:15,3MS,3MP,0,qac_v0.4_aligned,numbered_aligned
4:60,4:60:15:1,4:60:17:1,4:60:15,4:60:17,3MP,3MP,0,qac_v0.4_aligned,numbered_aligned
4:60,4:60:17:1,4:60:21:1,4:60:17,4:60:21,3MP,3MP,0,qac_v0.4_aligned,numbered_aligned
4:60,4:60:21:1,4:60:23:1,4:60:21,4:60:23,3MP,3MP,0,qac_v0.4_aligned,numbered_aligned
4:60,4:60:23:1,4:60:25:2,4:60:23,4:60:25,3MP,3MS,0,qac_v0.4_aligned,numbered_aligned
4:60,4:60:25:2,4:60:28:1,4:60:25,4:60:28,3MS,3MS,0,qac_v0.4_aligned,numbered_aligned
4:61,4:61:2:1,4:61:4:1,4:61:2,4:61:4,3MS,2MP,1,qac_v0.4_aligned,numbered_aligned
4:61,4:61:4:1,4:61:7:1,4:61:4,4:61:7,2MP,3MS,1,qac_v0.4_aligned,numbered_aligned
4:61,4:61:7:1,4:61:11:1,4:61:7,4:61:11,3MS,2MS,1,qac_v0.4_aligned,numbered_aligned
4:61,4:61:11:1,4:61:13:1,4:61:11,4:61:13,2MS,3MP,1,qac_v0.4_aligned,numbered_aligned
4:62,4:62:3:1,4:62:6:1,4:62:3,4:62:6,3FS,3FS,0,qac_v0.4_aligned,numbered_aligned
4:62,4:62:6:1,4:62:9:1,4:62:6,4:62:9,3FS,3MP,0,qac_v0.4_aligned,numbered_aligned
4:62,4:62:9:1,4:62:10:1,4:62:9,4:62:10,3MP,3MP,0,qac_v0.4_aligned,numbered_aligned
4:62,4:62:10:1,4:62:13:1,4:62:10,4:62:13,3MP,1P,1,qac_v0.4_aligned,numbered_aligned
4:63,4:63:3:1,4:63:8:2,4:63:3,4:63:8,3MS,2MS,1,qac_v0.4_aligned,numbered_aligned
4:63,4:63:8:2,4:63:10:2,4:63:8,4:63:10,2MS,2MS,0,qac_v0.4_aligned,numbered_aligned
4:63,4:63:10:2,4:63:11:2,4:63:10,4:63:11,2MS,2MS,0,qac_v0.4_aligned,numbered_aligned
4:64,4:64:2:1,4:64:6:2,4:64:2,4:64:6,1P,3MS,1,qac_v0.4_aligned,numbered_aligned
4:64,4:64:6:2,4:64:12:1,4:64:6,4:64:12,3MS,3MP,0,qac_v0.4_aligned,numbered_aligned
4:64,4:64:12:1,4:64:14:1,4:64:12,4:64:14,3MP,3MP,0,qac_v0.4_aligned,numbered_aligned
4:64,4:64:14:1,4:64:15:2,4:64:14,4:64:15,3MP,3MP,0,qac_v0.4_aligned,numbered_aligned
4:64,4:64:15:2,4:64:17:2,4:64:15,4:64:17,3MP,3MS,0,qac_v0.4_aligned,numbered_aligned
4:64,4:64:17:2,4:64:20:2,4:64:17,4:64:20,3MS,3MP,0,qac_v0.4_aligned,numbered_aligned
4:65,4:65:4:1,4:65:6:1,4:65:4,4:65:6,3MP,3MP,0,qac_v0.4_aligned,numbered_aligned
4:65,4:65:6:1,4:65:8:1,4:65:6,4:65:8,3MP,3MS,0,qac_v0.4_aligned,numbered_aligned
4:65,4:65:8:1,4:65:12:1,4:65:8,4:65:12,3MS,3MP,0,qac_v0.4_aligned,numbered_aligned
4:65,4:65:12:1,4:65:17:1,4:65:12,4:65:17,3MP,2MS,1,qac_v0.4_aligned,numbered_aligned
4:65,4:65:17:1,4:65:18:2,4:65:17,4:65:18,2MS,3MP,1,qac_v0.4_aligned,numbered_aligned
4:66,4:66:3:1,4:66:6:1,4:66:3,4:66:6,1P,2MP,1,qac_v0.4_aligned,numbered_aligned
4:66,4:66:6:1,4:66:9:1,4:66:6,4:66:9,2MP,2MP,0,qac_v0.4_aligned,numbered_aligned
4:66,4:66:9:1,4:66:13:1,4:66:9,4:66:13,2MP,3MP,1,qac_v0.4_aligned,numbered_aligned
4:66,4:66:13:1,4:66:19:1,4:66:13,4:66:19,3MP,3MP,0,qac_v0.4_aligned,numbered_aligned
4:66,4:66:19:1,4:66:21:1,4:66:19,4:66:21,3MP,3MP,0,qac_v0.4_aligned,numbered_aligned
4:66,4:66:21:1,4:66:23:2,4:66:21,4:66:23,3MP,3MS,0,qac_v0.4_aligned,numbered_aligned
4:69,4:69:2:1,4:69:8:1,4:69:2,4:69:8,3MS,3MS,0,qac_v0.4_aligned,numbered_aligned
4:69,4:69:8:1,4:69:16:2,4:69:8,4:69:16,3MS,3MS,0,qac_v0.4_aligned,numbered_aligned
4:71,4:71:4:1,4:71:6:2,4:71:5,4:71:7,2MP,2MP,0,qac_v0.4_aligned,numbered_aligned
4:71,4:71:6:2,4:71:9:1,4:71:7,4:71:10,2MP,2MP,0,qac_v0.4_aligned,numbered_aligned
4:72,4:72:4:2,4:72:6:1,4:72:4,4:72:6,3MS,3FS,0,qac_v0.4_aligned,numbered_aligned
4:72,4:72:6:1,4:72:8:1,4:72:6,4:72:8,3FS,3MS,0,qac_v0.4_aligned,numbered_aligned
4:72,4:72:8:1,4:72:10:1,4:72:8,4:72:10,3MS,3MS,0,qac_v0.4_aligned,numbered_aligned
4:72,4:72:10:1,4:72:15:1,4:72:10,4:72:15,3MS,1S,1,qac_v0.4_aligned,numbered_aligned
4:74,4:74:1:3,4:74:6:1,4:74:1,4:74:6,3MS,3MP,0,qac_v0.4_aligned,numbered_aligned
4:74,4:74:6:1,4:74:11:1,4:74:6,4:74:11,3MP,3MS,0,qac_v0.4_aligned,numbered_aligned
4:74,4:74:11:1,4:74:15:2,4:74:11,4:74:15,3MS,3MS,0,qac_v0.4_aligned,numbered_aligned
4:74,4:74:15:2,4:74:17:1,4:74:15,4:74:17,3MS,3MS,0,qac_v0.4_aligned,numbered_aligned
4:74,4:74:17:1,4:74:19:1,4:74:17,4:74:19,3MS,1P,1,qac_v0.4_aligned,numbered_aligned
4:75,4:75:4:1,4:75:14:1,4:75:4,4:75:14,2MP,3MP,1,qac_v0.4_aligned,numbered_aligned
4:75,4:75:14:1,4:75:16:1,4:75:14,4:75:16,3MP,2MS,1,qac_v0.4_aligned,numbered_aligned
4:75,4:75:16:1,4:75:22:2,4:75:16,4:75:22,2MS,2MS,0,qac_v0.4_aligned,numbered_aligned
4:75,4:75:22:2,4:75:27:2,4:75:22,4:75:27,2MS,2MS,0,qac_v0.4_aligned,numbered_aligned
4:76,4:76:3:1,4:76:8:1,4:76:3,4:76:8,3MP,3MP,0,qac_v0.4_aligned,numbered_aligned
4:76,4:76:8:1,4:76:9:1,4:76:8,4:76:9,3MP,3MP,0,qac_v0.4_aligned,numbered_aligned
4:76,4:76:9:1,4:76:13:2,4:76:9,4:76:13,3MP,2MP,1,qac_v0.4_aligned,numbered_aligned
4:76,4:76:13:2,4:76:19:1,4:76:13,4:76:19,2MP,3MS,1,qac_v0.4_aligned,numbered_aligned
4:77,4:77:2:1,4:77:5:1,4:77:2,4:77:5,2MS,3MS,1,qac_v0.4_aligned,numbered_aligned
4:77,4:77:5:1,4:77:7:1,4:77:5,4:77:7,3MS,2MP,1,qac_v0.4_aligned,numbered_aligned
4:77,4:77:7:1,4:77:9:2,4:77:7,4:77:9,2MP,2MP,0,qac_v0.4_aligned,numbered_aligned
4:77,4:77:14:1,4:77:20:1,4:77:14,4:77:20,3MS,3MP,0,qac_v0.4_aligned,numbered_aligned
4:77,4:77:20:1,4:77:27:2,4:77:20,4:77:27,3MP,3MP,0,qac_v0.4_aligned,numbered_aligned
4:77,4:77:27:2,4:77:30:1,4:77:27,4:77:30,3MP,2MS,1,qac_v0.4_aligned,numbered_aligned
4:77,4:77:30:1,4:77:34:1,4:77:30,4:77:34,2MS,2MS,0,qac_v0.4_aligned,numbered_aligned
4:77,4:77:34:1,4:77:38:1,4:77:34,4:77:38,2MS,2MS,0,qac_v0.4_aligned,numbered_aligned
4:77,4:77:38:1,4:77:45:1,4:77:38,4:77:45,2MS,3MS,1,qac_v0.4_aligned,numbered_aligned
4:77,4:77:45:1,4:77:47:1,4:77:45,4:77:47,3MS,2MP,1,qac_v0.4_aligned,numbered_aligned
4:78,4:78:2:1,4:78:3:1,4:78:2,4:78:3,2MP,3MS,1,qac_v0.4_aligned,numbered_aligned
4:78,4:78:3:1,4:78:6:1,4:78:3,4:78:6,3MS,2MP,1,qac_v0.4_aligned,numbered_aligned
4:78,4:78:6:1,4:78:11:1,4:78:6,4:78:11,2MP,3FS,1,qac_v0.4_aligned,numbered_aligned
4:78,4:78:11:1,4:78:13:1,4:78:11,4:78:13,3FS,3MP,0,qac_v0.4_aligned,numbered_aligned
4:78,4:78:13:1,4:78:19:1,4:78:13,4:78:19,3MP,3FS,0,qac_v0.4_aligned,numbered_aligned
4:78,4:78:19:1,4:78:21:1,4:78:19,4:78:21,3FS,3MP,0,qac_v0.4_aligned,numbered_aligned
4:78,4:78:21:1,4:78:25:1,4:78:21,4:78:25,3MP,2MS,1,qac_v0.4_aligned,numbered_aligned
4:78,4:78:25:1,4:78:34:1,4:78:25,4:78:34,2MS,3MP,1,qac_v0.4_aligned,numbered_aligned
4:78,4:78:34:1,4:78:35:1,4:78:34,4:78:35,3MP,3MP,0,qac_v0.4_aligned,numbered_aligned
4:79,4:79:2:1,4:79:8:1,4:79:2,4:79:8,3MS,3MS,0,qac_v0.4_aligned,numbered_aligned
4:79,4:79:8:1,4:79:13:2,4:79:8,4:79:13,3MS,1P,1,qac_v0.4_aligned,numbered_aligned
4:79,4:79:13:2,4:79:16:2,4:79:13,4:79:16,1P,3MS,1,qac_v0.4_aligned,numbered_aligned
4:80,4:80:2:1,4:80:5:1,4:80:2,4:80:5,3MS,3MS,0,qac_v0.4_aligned,numbered_aligned
4:80,4:80:5:1,4:80:8:1,4:80:5,4:80:8,3MS,3MS,0,qac_v0.4_aligned,numbered_aligned
4:80,4:80:8:1,4:80:10:1,4:80:8,4:80:10,3MS,1P,1,qac_v0.4_aligned,numbered_aligned
4:81,4:81:1:2,4:81:4:1,4:81:1,4:81:4,3MP,3MP,0,qac_v0.4_aligned,numbered_aligned
4:81,4:81:4:1,4:81:7:1,4:81:4,4:81:7,3MP,3MS,0,qac_v0.4_aligned,numbered_aligned
4:81,4:81:7:1,4:81:12:1,4:81:7,4:81:12,3MS,2MS,1,qac_v0.4_aligned,numbered_aligned
4:81,4:81:12:1,4:81:14:1,4:81:12,4:81:14,2MS,3MS,1,qac_v0.4_aligned,numbered_aligned
4:81,4:81:14:1,4:81:16:1,4:81:14,4:81:16,3MS,3MP,0,qac_v0.4_aligned,numbered_aligned
4:81,4:81:16:1,4:81:17:2,4:81:16,4:81:17,3MP,2MS,1,qac_v0.4_aligned,numbered_aligned
4:81,4:81:17:2,4:81:19:2,4:81:17,4:81:19,2MS,2MS,0,qac_v0.4_aligned,numbered_aligned
4:81,4:81:19:2,4:81:22:2,4:81:19,4:81:22,2MS,3MS,1,qac_v0.4_aligned,numbered_aligned
4:82,4:82:2:1,4:82:5:1,4:82:2,4:82:5,3MP,3MS,0,qac_v0.4_aligned,numbered_aligned
4:82,4:82:5:1,4:82:10:2,4:82:5,4:82:10,3MS,3MP,0,qac_v0.4_aligned,numbered_aligned
4:83,4:83:2:1,4:83:8:1,4:83:2,4:83:8,3MS,3MP,0,qac_v0.4_aligned,numbered_aligned
4:83,4:83:8:1,4:83:11:1,4:83:8,4:83:11,3MP,3MP,0,qac_v0.4_aligned,numbered_aligned
4:83,4:83:11:1,4:83:18:2,4:83:11,4:83:18,3MP,3MS,0,qac_v0.4_aligned,numbered_aligned
4:83,4:83:18:2,4:83:20:1,4:83:18,4:83:20,3MS,3MP,0,qac_v0.4_aligned,numbered_aligned
4:83,4:83:20:1,4:83:27:2,4:83:20,4:83:27,3MP,2MP,1,qac_v0.4_aligned,numbered_aligned
4:84,4:84:1:2,4:84:6:1,4:84:1,4:84:6,2MS,2MS,0,qac_v0.4_aligned,numbered_aligned
4:84,4:84:6:1,4:84:9:2,4:84:6,4:84:9,2MS,2MS,0,qac_v0.4_aligned,numbered_aligned
4:84,4:84:9:2,4:84:11:1,4:84:9,4:84:11,2MS,3MS,1,qac_v0.4_aligned,numbered_aligned
4:84,4:84:11:1,4:84:14:1,4:84:11,4:84:14,3MS,3MS,0,qac_v0.4_aligned,numbered_aligned
4:84,4:84:14:1,4:84:17:1,4:84:14,4:84:17,3MS,3MP,0,qac_v0.4_aligned,numbered_aligned
4:85,4:85:2:1,4:85:5:1,4:85:2,4:85:5,3MS,3MS,0,qac_v0.4_aligned,numbered_aligned
4:85,4:85:5:1,4:85:10:1,4:85:5,4:85:10,3MS,3MS,0,qac_v0.4_aligned,numbered_aligned
4:85,4:85:10:1,4:85:13:1,4:85:10,4:85:13,3MS,3MS,0,qac_v0.4_aligned,numbered_aligned
4:85,4:85:13:1,4:85:17:2,4:85:13,4:85:17,3MS,3MS,0,qac_v0.4_aligned,numbered_aligned
4:86,4:86:2:1,4:86:4:2,4:86:2,4:86:4,2MP,2MP,0,qac_v0.4_aligned,numbered_aligned
4:86,4:86:4:2,4:86:8:1,4:86:4,4:86:8,2MP,2MP,0,qac_v0.4_aligned,numbered_aligned
4:86,4:86:8:1,4:86:11:1,4:86:8,4:86:11,2MP,3MS,1,qac_v0.4_aligned,numbered_aligned
4:88,4:88:7:1,4:88:9:1,4:88:7,4:88:9,3MS,3MP,0,qac_v0.4_aligned,numbered_aligned
4:88,4:88:9:1,4:88:10:2,4:88:9,4:88:10,3MP,2MP,1,qac_v0.4_aligned,numbered_aligned
4:88,4:88:10:2,4:88:12:1,4:88:10,4:88:12,2MP,2MP,0,qac_v0.4_aligned,numbered_aligned
4:88,4:88:12:1,4:88:14:1,4:88:12,4:88:14,2MP,3MS,1,qac_v0.4_aligned,numbered_aligned
4:88,4:88:14:1,4:88:17:1,4:88:14,4:88:17,3MS,3MS,0,qac_v0.4_aligned,numbered_aligned
4:88,4:88:17:1,4:88:20:1,4:88:17,4:88:20,3MS,2MS,1,qac_v0.4_aligned,numbered_aligned
4:89,4:89:1:1,4:89:3:1,4:89:1,4:89:3,3MP,2MP,1,qac_v0.4_aligned,numbered_aligned
4:89,4:89:3:1,4:89:5:1,4:89:3,4:89:5,2MP,3MP,1,qac_v0.4_aligned,numbered_aligned
4:89,4:89:5:1,4:89:6:2,4:89:5,4:89:6,3MP,2MP,1,qac_v0.4_aligned,numbered_aligned
4:89,4:89:6:2,4:89:9:1,4:89:6,4:89:9,2MP,2MP,0,qac_v0.4_aligned,numbered_aligned
4:89,4:89:9:1,4:89:13:1,4:89:9,4:89:13,2MP,3MP,1,qac_v0.4_aligned,numbered_aligned
4:89,4:89:13:1,4:89:18:1,4:89:13,4:89:18,3MP,3MP,0,qac_v0.4_aligned,numbered_aligned
4:89,4:89:18:1,4:89:19:2,4:89:18,4:89:19,3MP,2MP,1,qac_v0.4_aligned,numbered_aligned
4:89,4:89:19:2,4:89:20:2,4:89:19,4:89:20,2MP,2MP,0,qac_v0.4_aligned,numbered_aligned
4:89,4:89:20:2,4:89:22:1,4:89:20,4:89:22,2MP,2MP,0,qac_v0.4_aligned,numbered_aligned
4:89,4:89:22:1,4:89:24:1,4:89:22,4:89:24,2MP,2MP,0,qac_v0.4_aligned,numbered_aligned
4:90,4:90:3:1,4:90:10:1,4:90:3,4:90:10,3MP,3MP,0,qac_v0.4_aligned,numbered_aligned
4:90,4:90:10:1,4:90:11:1,4:90:10,4:90:11,3MP,3FS,0,qac_v0.4_aligned,numbered_aligned
4:90,4:90:11:1,4:90:14:1,4:90:11,4:90:14,3FS,3MP,0,qac_v0.4_aligned,numbered_aligned
4:90,4:90:14:1,4:90:16:1,4:90:14,4:90:16,3MP,3MP,0,qac_v0.4_aligned,numbered_aligned
4:90,4:90:16:1,4:90:19:1,4:90:16,4:90:19,3MP,3MS,0,qac_v0.4_aligned,numbered_aligned
4:90,4:90:19:1,4:90:21:2,4:90:19,4:90:21,3MS,3MS,0,qac_v0.4_aligned,numbered_aligned
4:90,4:90:21:2,4:90:23:3,4:90:21,4:90:23,3MS,3MP,0,qac_v0.4_aligned,numbered_aligned
4:90,4:90:23:3,4:90:25:1,4:90:23,4:90:25,3MP,3MP,0,qac_v0.4_aligned,numbered_aligned
4:90,4:90:25:1,4:90:27:1,4:90:25,4:90:27,3MP,3MP,0,qac_v0.4_aligned,numbered_aligned
4:90,4:90:27:1,4:90:28:2,4:90:27,4:90:28,3MP,3MP,0,qac_v0.4_aligned,numbered_aligned
4:90,4:90:28:2,4:90:32:1,4:90:28,4:90:32,3MP,3MS,0,qac_v0.4_aligned,numbered_aligned
4:91,4:91:1:2,4:91:3:1,4:91:1,4:91:3,2MP,3MP,1,qac_v0.4_aligned,numbered_aligned
4:91,4:91:3:1,4:91:5:1,4:91:3,4:91:5,3MP,3MP,0,qac_v0.4_aligned,numbered_aligned
4:91,4:91:5:1,4:91:6:2,4:91:5,4:91:6,3MP,3MP,0,qac_v0.4_aligned,numbered_aligned
4:91,4:91:6:2,4:91:10:1,4:91:6,4:91:10,3MP,3MP,0,qac_v0.4_aligned,numbered_aligned
4:91,4:91:10:1,4:91:13:1,4:91:10,4:91:13,3MP,3MP,0,qac_v0.4_aligned,numbered_aligned
4:91,4:91:13:1,4:91:17:1,4:91:13,4:91:17,3MP,3MP,0,qac_v0.4_aligned,numbered_aligned
4:91,4:91:17:1,4:91:18:2,4:91:17,4:91:18,3MP,3MP,0,qac_v0.4_aligned,numbered_aligned
4:91,4:91:18:2,4:91:21:2,4:91:18,4:91:21,3MP,3MP,0,qac_v0.4_aligned,numbered_aligned
4:91,4:91:21:2,4:91:23:2,4:91:21,4:91:23,3MP,2MP,1,qac_v0.4_aligned,numbered_aligned
4:91,4:91:23:2,4:91:24:2,4:91:23,4:91:24,2MP,2MP,0,qac_v0.4_aligned,numbered_aligned
4:91,4:91:24:2,4:91:26:1,4:91:24,4:91:26,2MP,2MP,0,qac_v0.4_aligned,numbered_aligned
4:91,4:91:26:1,4:91:28:1,4:91:26,4:91:28,2MP,1P,1,qac_v0.4_aligned,numbered_aligned
4:92,4:92:2:1,4:92:5:1,4:92:2,4:92:5,3MS,3MS,0,qac_v0.4_aligned,numbered_aligned
4:92,4:92:5:1,4:92:10:1,4:92:5,4:92:10,3MS,3MS,0,qac_v0.4_aligned,numbered_aligned
4:92,4:92:10:1,4:92:22:1,4:92:10,4:92:22,3MS,3MP,0,qac_v0.4_aligned,numbered_aligned
4:92,4:92:22:1,4:92:24:1,4:92:22,4:92:24,3MP,3MS,0,qac_v0.4_aligned,numbered_aligned
4:92,4:92:24:1,4:92:35:1,4:92:24,4:92:35,3MS,3MS,0,qac_v0.4_aligned,numbered_aligned
4:92,4:92:35:1,4:92:50:1,4:92:35,4:92:50,3MS,3MS,0,qac_v0.4_aligned,numbered_aligned
4:92,4:92:50:1,4:92:57:2,4:92:50,4:92:57,3MS,3MS,0,qac_v0.4_aligned,numbered_aligned
4:93,4:93:2:1,4:93:9:2,4:93:2,4:93:9,3MS,3MS,0,qac_v0.4_aligned,numbered_aligned
4:93,4:93:9:2,4:93:12:2,4:93:9,4:93:12,3MS,3MS,0,qac_v0.4_aligned,numbered_aligned
4:93,4:93:12:2,4:93:13:2,4:93:12,4:93:13,3MS,3MS,0,qac_v0.4_aligned,numbered_aligned
4:94,4:94:5:1,4:94:9:2,4:94:6,4:94:10,2MP,2MP,0,qac_v0.4_aligned,numbered_aligned
4:94,4:94:9:2,4:94:11:1,4:94:10,4:94:12,2MP,2MP,0,qac_v0.4_aligned,numbered_aligned
4:94,4:94:11:1,4:94:13:1,4:94:12,4:94:14,2MP,3MS,1,qac_v0.4_aligned,numbered_aligned
4:94,4:94:13:1,4:94:16:1,4:94:14,4:94:17,3MS,2MS,1,qac_v0.4_aligned,numbered_aligned
4:94,4:94:16:1,4:94:18:1,4:94:17,4:94:19,2MS,2MP,0,qac_v0.4_aligned,numbered_aligned
4:94,4:94:18:1,4:94:27:1,4:94:19,4:94:28,2MP,2MP,0,qac_v0.4_aligned,numbered_aligned
4:94,4:94:27:1,4:94:30:2,4:94:28,4:94:31,2MP,3MS,1,qac_v0.4_aligned,numbered_aligned
4:94,4:94:30:2,4:94:33:2,4:94:31,4:94:34,3MS,2MP,1,qac_v0.4_aligned,numbered_aligned
4:94,4:94:33:2,4:94:36:1,4:94:34,4:94:37,2MP,3MS,1,qac_v0.4_aligned,numbered_aligned
4:94,4:94:36:1,4:94:38:1,4:94:37,4:94:39,3MS,2MP,1,qac_v0.4_aligned,numbered_aligned
4:95,4:95:15:1,4:95:24:1,4:95:15,4:95:24,3MS,3MS,0,qac_v0.4_aligned,numbered_aligned
4:95,4:95:24:1,4:95:27:2,4:95:24,4:95:27,3MS,3MS,0,qac_v0.4_aligned,numbered_aligned
4:97,4:97:7:1,4:97:9:1,4:97:7,4:97:9,3MP,2MP,1,qac_v0.4_aligned,numbered_aligned
4:97,4:97:9:1,4:97:10:1,4:97:9,4:97:10,2MP,3MP,1,qac_v0.4_aligned,numbered_aligned
4:97,4:97:10:1,4:97:11:1,4:97:10,4:97:11,3MP,1P,1,qac_v0.4_aligned,numbered_aligned
4:97,4:97:11:1,4:97:15:1,4:97:11,4:97:15,1P,3MP,1,qac_v0.4_aligned,numbered_aligned
4:97,4:97:15:1,4:97:17:1,4:97:15,4:97:17,3MP,3FS,0,qac_v0.4_aligned,numbered_aligned
4:97,4:97:17:1,4:97:21:2,4:97:17,4:97:21,3FS,2MP,1,qac_v0.4_aligned,numbered_aligned
4:97,4:97:21:2,4:97:26:2,4:97:21,4:97:26,2MP,3FS,1,qac_v0.4_aligned,numbered_aligned
4:98,4:98:8:1,4:98:11:1,4:98:8,4:98:11,3MP,3MP,0,qac_v0.4_aligned,numbered_aligned
4:99,4:99:2:1,4:99:5:1,4:99:2,4:99:5,3MS,3MS,0,qac_v0.4_aligned,numbered_aligned
4:99,4:99:5:1,4:99:7:2,4:99:5,4:99:7,3MS,3MS,0,qac_v0.4_aligned,numbered_aligned
4:100,4:100:2:1,4:100:6:1,4:100:2,4:100:6,3MS,3MS,0,qac_v0.4_aligned,numbered_aligned
4:100,4:100:6:1,4:100:13:1,4:100:6,4:100:13,3MS,3MS,0,qac_v0.4_aligned,numbered_aligned
4:100,4:100:13:1,4:100:21:1,4:100:13,4:100:21,3MS,3MS,0,qac_v0.4_aligned,numbered_aligned
4:100,4:100:21:1,4:100:24:1,4:100:21,4:100:24,3MS,3MS,0,qac_v0.4_aligned,numbered_aligned
4:100,4:100:24:1,4:100:28:2,4:100:24,4:100:28,3MS,3MS,0,qac_v0.4_aligned,numbered_aligned
4:101,4:101:2:1,4:101:5:2,4:101:2,4:101:5,2MP,3MS,1,qac_v0.4_aligned,numbered_aligned
4:101,4:101:5:2,4:101:9:1,4:101:5,4:101:9,3MS,2MP,1,qac_v0.4_aligned,numbered_aligned
4:101,4:101:9:1,4:101:13:1,4:101:9,4:101:13,2MP,2MP,0,qac_v0.4_aligned,numbered_aligned
4:101,4:101:13:1,4:101:15:1,4:101:13,4:101:15,2MP,3MS,1,qac_v0.4_aligned,numbered_aligned
4:101,4:101:15:1,4:101:17:1,4:101:15,4:101:17,3MS,3MP,0,qac_v0.4_aligned,numbered_aligned
4:101,4:101:17:1,4:101:20:1,4:101:17,4:101:20,3MP,3MP,0,qac_v0.4_aligned,numbered_aligned
4:102,4:102:2:1,4:102:4:2,4:102:2,4:102:4,2MS,2MS,0,qac_v0.4_aligned,numbered_aligned
4:102,4:102:4:2,4:102:7:3,4:102:4,4:102:7,2MS,3FS,1,qac_v0.4_aligned,numbered_aligned
4:102,4:102:7:3,4:102:11:3,4:102:7,4:102:11,3FS,3MP,0,qac_v0.4_aligned,numbered_aligned
4:102,4:102:11:3,4:102:14:1,4:102:11,4:102:14,3MP,3MP,0,qac_v0.4_aligned,numbered_aligned
4:102,4:102:14:1,4:102:15:3,4:102:14,4:102:15,3MP,3MP,0,qac_v0.4_aligned,numbered_aligned
4:102,4:102:15:3,4:102:18:3,4:102:15,4:102:18,3MP,3FS,0,qac_v0.4_aligned,numbered_aligned
4:102,4:102:18:3,4:102:22:1,4:102:18,4:102:22,3FS,3MP,0,qac_v0.4_aligned,numbered_aligned
4:102,4:102:22:1,4:102:23:3,4:102:22,4:102:23,3MP,3MP,0,qac_v0.4_aligned,numbered_aligned
4:102,4:102:23:3,4:102:25:3,4:102:23,4:102:25,3MP,3MP,0,qac_v0.4_aligned,numbered_aligned
4:102,4:102:25:3,4:102:28:1,4:102:25,4:102:28,3MP,3MS,0,qac_v0.4_aligned,numbered_aligned
4:102,4:102:28:1,4:102:30:1,4:102:28,4:102:30,3MS,3MP,0,qac_v0.4_aligned,numbered_aligned
4:102,4:102:30:1,4:102:32:1,4:102:30,4:102:32,3MP,2MP,1,qac_v0.4_aligned,numbered_aligned
4:102,4:102:32:1,4:102:36:2,4:102:32,4:102:36,2MP,3MP,1,qac_v0.4_aligned,numbered_aligned
4:102,4:102:36:2,4:102:44:1,4:102:36,4:102:44,3MP,3MS,0,qac_v0.4_aligned,numbered_aligned
4:102,4:102:44:1,4:102:50:1,4:102:44,4:102:50,3MS,2MP,1,qac_v0.4_aligned,numbered_aligned
4:102,4:102:50:1,4:102:53:1,4:102:50,4:102:53,2MP,2MP,0,qac_v0.4_aligned,numbered_aligned
4:102,4:102:53:1,4:102:55:2,4:102:53,4:102:55,2MP,2MP,0,qac_v0.4_aligned,numbered_aligned
4:102,4:102:55:2,4:102:59:1,4:102:55,4:102:59,2MP,3MS,1,qac_v0.4_aligned,numbered_aligned
4:103,4:103:2:1,4:103:4:2,4:103:2,4:103:4,2MP,2MP,0,qac_v0.4_aligned,numbered_aligned
4:103,4:103:4:2,4:103:11:1,4:103:4,4:103:11,2MP,2MP,0,qac_v0.4_aligned,numbered_aligned
4:103,4:103:11:1,4:103:12:2,4:103:11,4:103:12,2MP,2MP,0,qac_v0.4_aligned,numbered_aligned
4:103,4:103:12:2,4:103:16:1,4:103:12,4:103:16,2MP,3FS,1,qac_v0.4_aligned,numbered_aligned
4:104,4:104:2:1,4:104:7:1,4:104:2,4:104:7,2MP,2MP,0,qac_v0.4_aligned,numbered_aligned
4:104,4:104:7:1,4:104:8:1,4:104:7,4:104:8,2MP,2MP,0,qac_v0.4_aligned,numbered_aligned
4:104,4:104:8:1,4:104:10:1,4:104:8,4:104:10,2MP,3MP,1,qac_v0.4_aligned,numbered_aligned
4:104,4:104:10:1,4:104:12:1,4:104:10,4:104:12,3MP,2MP,1,qac_v0.4_aligned,numbered_aligned
4:104,4:104:12:1,4:104:13:2,4:104:12,4:104:13,2MP,2MP,0,qac_v0.4_aligned,numbered_aligned
4:104,4:104:13:2,4:104:18:1,4:104:13,4:104:18,2MP,3MP,1,qac_v0.4_aligned,numbered_aligned
4:104,4:104:18:1,4:104:19:2,4:104:18,4:104:19,3MP,3MS,0,qac_v0.4_aligned,numbered_aligned
4:105,4:105:2:1,4:105:6:2,4:105:2,4:105:6,1P,2MS,1,qac_v0.4_aligned,numbered_aligned
4:106,4:106:1:2,4:106:5:1,4:106:1,4:106:5,2MS,3MS,1,qac_v0.4_aligned,numbered_aligned
4:107,4:107:2:1,4:107:5:1,4:107:2,4:107:5,2MS,3MP,1,qac_v0.4_aligned,numbered_aligned
4:107,4:107:5:1,4:107:10:1,4:107:5,4:107:10,3MP,3MS,0,qac_v0.4_aligned,numbered_aligned
4:107,4:107:10:1,4:107:12:1,4:107:10,4:107:12,3MS,3MS,0,qac_v0.4_aligned,numbered_aligned
4:108,4:108:1:1,4:108:5:1,4:108:1,4:108:5,3MP,3MP,0,qac_v0.4_aligned,numbered_aligned
4:108,4:108:5:1,4:108:11:1,4:108:5,4:108:11,3MP,3MP,0,qac_v0.4_aligned,numbered_aligned
4:108,4:108:11:1,4:108:14:1,4:108:11,4:108:14,3MP,3MS,0,qac_v0.4_aligned,numbered_aligned
4:108,4:108:14:1,4:108:17:2,4:108:14,4:108:17,3MS,3MS,0,qac_v0.4_aligned,numbered_aligned
4:108,4:108:17:2,4:108:20:1,4:108:17,4:108:20,3MS,3MP,0,qac_v0.4_aligned,numbered_aligned
4:109,4:109:3:1,4:109:9:1,4:109:4,4:109:10,2MP,3MS,1,qac_v0.4_aligned,numbered_aligned
4:109,4:109:9:1,4:109:16:1,4:109:10,4:109:17,3MS,3MS,0,qac_v0.4_aligned,numbered_aligned
4:110,4:110:2:1,4:110:5:1,4:110:2,4:110:5,3MS,3MS,0,qac_v0.4_aligned,numbered_aligned
4:110,4:110:5:1,4:110:8:1,4:110:5,4:110:8,3MS,3MS,0,qac_v0.4_aligned,numbered_aligned
4:110,4:110:8:1,4:110:10:1,4:110:8,4:110:10,3MS,3MS,0,qac_v0.4_aligned,numbered_aligned
4:111,4:111:2:1,4:111:5:1,4:111:2,4:111:5,3MS,3MS,0,qac_v0.4_aligned,numbered_aligned
4:111,4:111:5:1,4:111:8:2,4:111:5,4:111:8,3MS,3MS,0,qac_v0.4_aligned,numbered_aligned
4:112,4:112:2:1,4:112:7:1,4:112:2,4:112:7,3MS,3MS,0,qac_v0.4_aligned,numbered_aligned
4:112,4:112:7:1,4:112:11:1,4:112:7,4:112:11,3MS,3MS,0,qac_v0.4_aligned,numbered_aligned
4:113,4:113:6:2,4:113:10:1,4:113:6,4:113:10,3FS,3MP,0,qac_v0.4_aligned,numbered_aligned
4:113,4:113:10:1,4:113:12:1,4:113:10,4:113:12,3MP,3MP,0,qac_v0.4_aligned,numbered_aligned
4:113,4:113:12:1,4:113:16:1,4:113:12,4:113:16,3MP,3MP,0,qac_v0.4_aligned,numbered_aligned
4:113,4:113:16:1,4:113:19:2,4:113:16,4:113:19,3MP,3MS,0,qac_v0.4_aligned,numbered_aligned
4:113,4:113:19:2,4:113:24:2,4:113:19,4:113:24,3MS,3MS,0,qac_v0.4_aligned,numbered_aligned
4:113,4:113:24:2,4:113:27:1,4:113:24,4:113:27,3MS,2MS,1,qac_v0.4_aligned,numbered_aligned
4:113,4:113:27:1,4:113:28:1,4:113:27,4:113:28,2MS,3FS,1,qac_v0.4_aligned,numbered_aligned
4:113,4:113:28:1,4:113:29:2,4:113:28,4:113:29,3FS,3MS,0,qac_v0.4_aligned,numbered_aligned
4:114,4:114:9:1,4:114:18:1,4:114:9,4:114:18,3MS,3MS,0,qac_v0.4_aligned,numbered_aligned
4:114,4:114:18:1,4:114:24:1,4:114:18,4:114:24,3MS,1P,1,qac_v0.4_aligned,numbered_aligned
4:115,4:115:2:1,4:115:7:1,4:115:2,4:115:7,3MS,3MS,0,qac_v0.4_aligned,numbered_aligned
4:115,4:115:7:1,4:115:10:2,4:115:7,4:115:10,3MS,3MS,0,qac_v0.4_aligned,numbered_aligned
4:115,4:115:10:2,4:115:14:1,4:115:10,4:115:14,3MS,1P,1,qac_v0.4_aligned,numbered_aligned
4:115,4:115:14:1,4:115:16:1,4:115:14,4:115:16,1P,3MS,1,qac_v0.4_aligned,numbered_aligned
4:115,4:115:16:1,4:115:17:2,4:115:16,4:115:17,3MS,1P,1,qac_v0.4_aligned,numbered_aligned
4:115,4:115:17:2,4:115:19:2,4:115:17,4:115:19,1P,3FS,1,qac_v0.4_aligned,numbered_aligned
4:116,4:116:4:1,4:116:6:1,4:116:4,4:116:6,3MS,3MS,0,qac_v0.4_aligned,numbered_aligned
4:116,4:116:6:1,4:116:8:2,4:116:6,4:116:8,3MS,3MS,0,qac_v0.4_aligned,numbered_aligned
4:116,4:116:8:2,4:116:13:1,4:116:8,4:116:13,3MS,3MS,0,qac_v0.4_aligned,numbered_aligned
4:116,4:116:13:1,4:116:15:1,4:116:13,4:116:15,3MS,3MS,0,qac_v0.4_aligned,numbered_aligned
4:116,4:116:15:1,4:116:18:1,4:116:15,4:116:18,3MS,3MS,0,qac_v0.4_aligned,numbered_aligned
4:117,4:117:2:1,4:117:8:1,4:117:2,4:117:8,3MP,3MP,0,qac_v0.4_aligned,numbered_aligned
4:118,4:118:1:1,4:118:3:2,4:118:1,4:118:3,3MS,3MS,0,qac_v0.4_aligned,numbered_aligned
4:118,4:118:3:2,4:118:4:2,4:118:3,4:118:4,3MS,1S,1,qac_v0.4_aligned,numbered_aligned
4:119,4:119:1:3,4:119:2:3,4:119:1,4:119:2,1S,1S,0,qac_v0.4_aligned,numbered_aligned
4:119,4:119:8:3,4:119:12:1,4:119:8,4:119:12,3MP,3MS,0,qac_v0.4_aligned,numbered_aligned
4:119,4:119:12:1,4:119:19:1,4:119:12,4:119:19,3MS,3MS,0,qac_v0.4_aligned,numbered_aligned
4:120,4:120:1:1,4:120:2:2,4:120:1,4:120:2,3MS,3MS,0,qac_v0.4_aligned,numbered_aligned
4:120,4:120:2:2,4:120:4:1,4:120:2,4:120:4,3MS,3MS,0,qac_v0.4_aligned,numbered_aligned
4:122,4:122:3:2,4:122:5:2,4:122:3,4:122:5,3MP,1P,1,qac_v0.4_aligned,numbered_aligned
4:123,4:123:1:1,4:123:8:1,4:123:1,4:123:8,3MS,3MS,0,qac_v0.4_aligned,numbered_aligned
4:123,4:123:8:1,4:123:10:1,4:123:8,4:123:10,3MS,3MS,0,qac_v0.4_aligned,numbered_aligned
4:123,4:123:10:1,4:123:13:1,4:123:10,4:123:13,3MS,3MS,0,qac_v0.4_aligned,numbered_aligned
4:124,4:124:2:1,4:124:12:1,4:124:2,4:124:12,3MS,3MP,0,qac_v0.4_aligned,numbered_aligned
4:124,4:124:12:1,4:124:15:1,4:124:12,4:124:15,3MP,3MP,0,qac_v0.4_aligned,numbered_aligned
4:125,4:125:5:1,4:125:10:2,4:125:5,4:125:10,3MS,3MS,0,qac_v0.4_aligned,numbered_aligned
4:125,4:125:10:2,4:125:14:2,4:125:10,4:125:14,3MS,3MS,0,qac_v0.4_aligned,numbered_aligned
4:127,4:127:1:2,4:127:4:1,4:127:1,4:127:4,3MP,2MS,1,qac_v0.4_aligned,numbered_aligned
4:127,4:127:4:1,4:127:6:1,4:127:4,4:127:6,2MS,3MS,1,qac_v0.4_aligned,numbered_aligned
4:127,4:127:6:1,4:127:9:1,4:127:6,4:127:9,3MS,3MS,0,qac_v0.4_aligned,numbered_aligned
4:127,4:127:9:1,4:127:18:1,4:127:9,4:127:18,3MS,2MP,1,qac_v0.4_aligned,numbered_aligned
4:127,4:127:18:1,4:127:20:1,4:127:18,4:127:20,2MP,3MS,1,qac_v0.4_aligned,numbered_aligned
4:127,4:127:20:1,4:127:22:2,4:127:20,4:127:22,3MS,2MP,1,qac_v0.4_aligned,numbered_aligned
4:127,4:127:22:2,4:127:24:1,4:127:22,4:127:24,2MP,2MP,0,qac_v0.4_aligned,numbered_aligned
4:127,4:127:24:1,4:127:29:1,4:127:24,4:127:29,2MP,2MP,0,qac_v0.4_aligned,numbered_aligned
4:127,4:127:29:1,4:127:33:1,4:127:29,4:127:33,2MP,2MP,0,qac_v0.4_aligned,numbered_aligned
4:127,4:127:33:1,4:127:38:1,4:127:33,4:127:38,2MP,3MS,1,qac_v0.4_aligned,numbered_aligned
4:128,4:128:3:1,4:128:13:1,4:128:3,4:128:13,3FS,3MD,0,qac_v0.4_aligned,numbered_aligned
4:128,4:128:13:1,4:128:18:2,4:128:13,4:128:18,3MD,3FS,0,qac_v0.4_aligned,numbered_aligned
4:128,4:128:18:2,4:128:22:1,4:128:18,4:128:22,3FS,2MP,1,qac_v0.4_aligned,numbered_aligned
4:128,4:128:22:1,4:128:23:2,4:128:22,4:128:23,2MP,2MP,0,qac_v0.4_aligned,numbered_aligned
4:128,4:128:23:2,4:128:26:1,4:128:23,4:128:26,2MP,3MS,1,qac_v0.4_aligned,numbered_aligned
4:128,4:128:26:1,4:128:28:1,4:128:26,4:128:28,3MS,2MP,1,qac_v0.4_aligned,numbered_aligned
4:129,4:129:2:1,4:129:4:1,4:129:2,4:129:4,2MP,2MP,0,qac_v0.4_aligned,numbered_aligned
4:129,4:129:4:1,4:129:8:1,4:129:4,4:129:8,2MP,2MP,0,qac_v0.4_aligned,numbered_aligned
4:129,4:129:8:1,4:129:10:1,4:129:8,4:129:10,2MP,2MP,0,qac_v0.4_aligned,numbered_aligned
4:129,4:129:10:1,4:129:13:2,4:129:10,4:129:13,2MP,2MP,0,qac_v0.4_aligned,numbered_aligned
4:129,4:129:13:2,4:129:16:1,4:129:13,4:129:16,2MP,2MP,0,qac_v0.4_aligned,numbered_aligned
4:129,4:129:16:1,4:129:17:2,4:129:16,4:129:17,2MP,2MP,0,qac_v0.4_aligned,numbered_aligned
4:129,4:129:17:2,4:129:20:1,4:129:17,4:129:20,2MP,3MS,1,qac_v0.4_aligned,numbered_aligned
4:130,4:130:2:1,4:130:3:1,4:130:2,4:130:3,3MD,3MS,0,qac_v0.4_aligned,numbered_aligned
4:130,4:130:3:1,4:130:8:2,4:130:3,4:130:8,3MS,3MS,0,qac_v0.4_aligned,numbered_aligned
4:131,4:131:9:1,4:131:11:1,4:131:9,4:131:11,1P,3MP,1,qac_v0.4_aligned,numbered_aligned
4:131,4:131:11:1,4:131:17:1,4:131:11,4:131:17,3MP,2MP,1,qac_v0.4_aligned,numbered_aligned
4:131,4:131:17:1,4:131:20:1,4:131:17,4:131:20,2MP,2MP,0,qac_v0.4_aligned,numbered_aligned
4:131,4:131:20:1,4:131:29:2,4:131:20,4:131:29,2MP,3MS,1,qac_v0.4_aligned,numbered_aligned
4:133,4:133:2:1,4:133:3:1,4:133:2,4:133:3,3MS,3MS,0,qac_v0.4_aligned,numbered_aligned
4:133,4:133:3:1,4:133:6:2,4:133:3,4:133:6,3MS,3MS,0,qac_v0.4_aligned,numbered_aligned
4:133,4:133:6:2,4:133:8:2,4:133:6,4:133:8,3MS,3MS,0,qac_v0.4_aligned,numbered_aligned
4:134,4:134:2:1,4:134:3:1,4:134:2,4:134:3,3MS,3MS,0,qac_v0.4_aligned,numbered_aligned
4:134,4:134:3:1,4:134:11:2,4:134:3,4:134:11,3MS,3MS,0,qac_v0.4_aligned,numbered_aligned
4:135,4:135:4:1,4:135:16:1,4:135:5,4:135:17,2MP,3MS,1,qac_v0.4_aligned,numbered_aligned
4:135,4:135:16:1,4:135:24:1,4:135:17,4:135:25,3MS,2MP,1,qac_v0.4_aligned,numbered_aligned
4:135,4:135:24:1,4:135:27:1,4:135:25,4:135:28,2MP,2MP,0,qac_v0.4_aligned,numbered_aligned
4:135,4:135:31:1,4:135:34:1,4:135:32,4:135:35,2MP,3MS,1,qac_v0.4_aligned,numbered_aligned
4:135,4:135:34:1,4:135:36:1,4:135:35,4:135:37,3MS,2MP,1,qac_v0.4_aligned,numbered_aligned
4:136,4:136:9:1,4:136:14:1,4:136:10,4:136:15,3MS,3MS,0,qac_v0.4_aligned,numbered_aligned
4:136,4:136:14:1,4:136:18:1,4:136:15,4:136:19,3MS,3MS,0,qac_v0.4_aligned,numbered_aligned
4:136,4:136:18:1,4:136:26:1,4:136:19,4:136:27,3MS,3MS,0,qac_v0.4_aligned,numbered_aligned
4:137,4:137:9:1,4:137:11:1,4:137:9,4:137:11,3MP,3MP,0,qac_v0.4_aligned,numbered_aligned
4:137,4:137:11:1,4:137:14:1,4:137:11,4:137:14,3MP,3MS,0,qac_v0.4_aligned,numbered_aligned
4:137,4:137:14:1,4:137:16:2,4:137:14,4:137:16,3MS,3MS,0,qac_v0.4_aligned,numbered_aligned
4:137,4:137:16:2,4:137:19:2,4:137:16,4:137:19,3MS,3MS,0,qac_v0.4_aligned,numbered_aligned
4:139,4:139:2:1,4:139:8:2,4:139:2,4:139:8,3MP,3MP,0,qac_v0.4_aligned,numbered_aligned
4:140,4:140:2:1,4:140:8:1,4:140:2,4:140:8,3MS,2MP,1,qac_v0.4_aligned,numbered_aligned
4:140,4:140:8:1,4:140:11:1,4:140:8,4:140:11,2MP,3MS,1,qac_v0.4_aligned,numbered_aligned
4:140,4:140:11:1,4:140:13:2,4:140:11,4:140:13,3MS,3MS,0,qac_v0.4_aligned,numbered_aligned
4:140,4:140:13:2,4:140:16:1,4:140:13,4:140:16,3MS,2MP,1,qac_v0.4_aligned,numbered_aligned
4:140,4:140:16:1,4:140:19:1,4:140:16,4:140:19,2MP,3MP,1,qac_v0.4_aligned,numbered_aligned
4:141,4:141:2:1,4:141:5:1,4:141:2,4:141:5,3MP,3MS,0,qac_v0.4_aligned,numbered_aligned
4:141,4:141:5:1,4:141:10:1,4:141:5,4:141:10,3MS,3MP,0,qac_v0.4_aligned,numbered_aligned
4:141,4:141:10:1,4:141:12:1,4:141:10,4:141:12,3MP,1P,1,qac_v0.4_aligned,numbered_aligned
4:141,4:141:12:1,4:141:15:1,4:141:12,4:141:15,1P,3MS,1,qac_v0.4_aligned,numbered_aligned
4:141,4:141:15:1,4:141:18:1,4:141:15,4:141:18,3MS,3MP,0,qac_v0.4_aligned,numbered_aligned
4:141,4:141:18:1,4:141:20:1,4:141:18,4:141:20,3MP,1P,1,qac_v0.4_aligned,numbered_aligned
4:141,4:141:20:1,4:141:22:2,4:141:20,4:141:22,1P,1P,0,qac_v0.4_aligned,numbered_aligned
4:141,4:141:22:2,4:141:26:1,4:141:22,4:141:26,1P,3MS,1,qac_v0.4_aligned,numbered_aligned
4:141,4:141:26:1,4:141:31:1,4:141:26,4:141:31,3MS,3MS,0,qac_v0.4_aligned,numbered_aligned
4:142,4:142:3:1,4:142:8:1,4:142:3,4:142:8,3MP,3MP,0,qac_v0.4_aligned,numbered_aligned
4:142,4:142:8:1,4:142:11:1,4:142:8,4:142:11,3MP,3MP,0,qac_v0.4_aligned,numbered_aligned
4:142,4:142:11:1,4:142:13:1,4:142:11,4:142:13,3MP,3MP,0,qac_v0.4_aligned,numbered_aligned
4:142,4:142:13:1,4:142:16:1,4:142:13,4:142:16,3MP,3MP,0,qac_v0.4_aligned,numbered_aligned
4:143,4:143:11:1,4:143:14:1,4:143:11,4:143:14,3MS,2MS,1,qac_v0.4_aligned,numbered_aligned
4:144,4:144:5:1,4:144:11:2,4:144:6,4:144:12,2MP,2MP,0,qac_v0.4_aligned,numbered_aligned
4:144,4:144:11:2,4:144:13:1,4:144:12,4:144:14,2MP,2MP,0,qac_v0.4_aligned,numbered_aligned
4:146,4:146:3:1,4:146:4:2,4:146:3,4:146:4,3MP,3MP,0,qac_v0.4_aligned,numbered_aligned
4:146,4:146:4:2,4:146:5:2,4:146:4,4:146:5,3MP,3MP,0,qac_v0.4_aligned,numbered_aligned
4:146,4:146:5:2,4:146:7:2,4:146:5,4:146:7,3MP,3MP,0,qac_v0.4_aligned,numbered_aligned
4:146,4:146:7:2,4:146:14:1,4:146:7,4:146:14,3MP,3MS,0,qac_v0.4_aligned,numbered_aligned
4:147,4:147:2:1,4:147:6:1,4:147:2,4:147:6,3MS,2MP,1,qac_v0.4_aligned,numbered_aligned
4:148,4:148:2:1,4:148:10:1,4:148:2,4:148:10,3MS,3MS,0,qac_v0.4_aligned,numbered_aligned
4:148,4:148:10:1,4:148:11:2,4:148:10,4:148:11,3MS,3MS,0,qac_v0.4_aligned,numbered_aligned
4:149,4:149:2:1,4:149:5:1,4:149:2,4:149:5,2MP,2MP,0,qac_v0.4_aligned,numbered_aligned
4:149,4:149:5:1,4:149:7:1,4:149:5,4:149:7,2MP,2MP,0,qac_v0.4_aligned,numbered_aligned
4:149,4:149:7:1,4:149:12:1,4:149:7,4:149:12,2MP,3MS,1,qac_v0.4_aligned,numbered_aligned
4:150,4:150:3:1,4:150:6:2,4:150:3,4:150:6,3MP,3MP,0,qac_v0.4_aligned,numbered_aligned
4:150,4:150:6:2,4:150:8:1,4:150:6,4:150:8,3MP,3MP,0,qac_v0.4_aligned,numbered_aligned
4:150,4:150:8:1,4:150:12:2,4:150:8,4:150:12,3MP,3MP,0,qac_v0.4_aligned,numbered_aligned
4:150,4:150:12:2,4:150:13:1,4:150:12,4:150:13,3MP,1P,1,qac_v0.4_aligned,numbered_aligned
4:150,4:150:13:1,4:150:15:2,4:150:13,4:150:15,1P,1P,0,qac_v0.4_aligned,numbered_aligned
4:150,4:150:15:2,4:150:17:2,4:150:15,4:150:17,1P,3MP,1,qac_v0.4_aligned,numbered_aligned
4:150,4:150:17:2,4:150:19:1,4:150:17,4:150:19,3MP,3MP,0,qac_v0.4_aligned,numbered_aligned
4:152,4:152:6:1,4:152:12:1,4:152:6,4:152:12,3MP,3MS,0,qac_v0.4_aligned,numbered_aligned
4:152,4:152:12:1,4:152:14:2,4:152:12,4:152:14,3MS,3MS,0,qac_v0.4_aligned,numbered_aligned
4:153,4:153:5:1,4:153:11:1,4:153:5,4:153:11,2MS,3MP,1,qac_v0.4_aligned,numbered_aligned
4:153,4:153:11:1,4:153:16:2,4:153:11,4:153:16,3MP,3MP,0,qac_v0.4_aligned,numbered_aligned
4:153,4:153:16:2,4:153:17:1,4:153:16,4:153:17,3MP,2MS,1,qac_v0.4_aligned,numbered_aligned
4:153,4:153:17:1,4:153:20:2,4:153:17,4:153:20,2MS,3FS,1,qac_v0.4_aligned,numbered_aligned
4:153,4:153:20:2,4:153:24:1,4:153:20,4:153:24,3FS,3MP,0,qac_v0.4_aligned,numbered_aligned
4:153,4:153:24:1,4:153:29:1,4:153:24,4:153:29,3MP,3FS,0,qac_v0.4_aligned,numbered_aligned
4:153,4:153:29:1,4:153:31:2,4:153:29,4:153:31,3FS,1P,1,qac_v0.4_aligned,numbered_aligned
4:154,4:154:1:2,4:154:5:2,4:154:1,4:154:5,1P,1P,0,qac_v0.4_aligned,numbered_aligned
4:154,4:154:5:2,4:154:7:1,4:154:5,4:154:7,1P,2MP,1,qac_v0.4_aligned,numbered_aligned
4:154,4:154:7:1,4:154:10:2,4:154:7,4:154:10,2MP,1P,1,qac_v0.4_aligned,numbered_aligned
4:154,4:154:10:2,4:154:13:1,4:154:10,4:154:13,1P,2MP,1,qac_v0.4_aligned,numbered_aligned
4:154,4:154:13:1,4:154:16:2,4:154:13,4:154:16,2MP,1P,1,qac_v0.4_aligned,numbered_aligned
4:155,4:155:15:1,4:155:20:1,4:155:15,4:155:20,3MS,3MP,0,qac_v0.4_aligned,numbered_aligned
4:157,4:157:3:1,4:157:11:1,4:157:3,4:157:11,1P,3MP,1,qac_v0.4_aligned,numbered_aligned
4:157,4:157:11:1,4:157:13:1,4:157:11,4:157:13,3MP,3MP,0,qac_v0.4_aligned,numbered_aligned
4:157,4:157:13:1,4:157:15:1,4:157:13,4:157:15,3MP,3MS,0,qac_v0.4_aligned,numbered_aligned
4:157,4:157:15:1,4:157:19:1,4:157:15,4:157:19,3MS,3MP,0,qac_v0.4_aligned,numbered_aligned
4:157,4:157:19:1,4:157:33:1,4:157:19,4:157:33,3MP,3MP,0,qac_v0.4_aligned,numbered_aligned
4:158,4:158:2:1,4:158:5:2,4:158:2,4:158:5,3MS,3MS,0,qac_v0.4_aligned,numbered_aligned
4:159,4:159:6:2,4:159:12:1,4:159:6,4:159:12,3MS,3MS,0,qac_v0.4_aligned,numbered_aligned
4:160,4:160:4:1,4:160:5:1,4:160:4,4:160:5,3MP,1P,1,qac_v0.4_aligned,numbered_aligned
4:160,4:160:5:1,4:160:8:1,4:160:5,4:160:8,1P,3FS,1,qac_v0.4_aligned,numbered_aligned
4:161,4:161:4:1,4:161:10:2,4:161:4,4:161:10,3MP,1P,1,qac_v0.4_aligned,numbered_aligned
4:162,4:162:7:1,4:162:9:1,4:162:7,4:162:9,3MP,3MS,0,qac_v0.4_aligned,numbered_aligned
4:162,4:162:9:1,4:162:12:1,4:162:9,4:162:12,3MS,3MS,0,qac_v0.4_aligned,numbered_aligned
4:162,4:162:12:1,4:162:24:2,4:162:12,4:162:24,3MS,1P,1,qac_v0.4_aligned,numbered_aligned
4:163,4:163:2:1,4:163:5:1,4:163:2,4:163:5,1P,1P,0,qac_v0.4_aligned,numbered_aligned
4:163,4:163:5:1,4:163:11:2,4:163:5,4:163:11,1P,1P,0,qac_v0.4_aligned,numbered_aligned
4:164,4:164:3:1,4:164:9:1,4:164:3,4:164:9,1P,1P,0,qac_v0.4_aligned,numbered_aligned
4:164,4:164:9:1,4:164:11:2,4:164:9,4:164:11,1P,3MS,1,qac_v0.4_aligned,numbered_aligned
4:165,4:165:5:1,4:165:12:2,4:165:5,4:165:12,3MS,3MS,0,qac_v0.4_aligned,numbered_aligned
4:166,4:166:3:1,4:166:5:1,4:166:3,4:166:5,3MS,3MS,0,qac_v0.4_aligned,numbered_aligned
4:166,4:166:5:1,4:166:7:1,4:166:5,4:166:7,3MS,3MS,0,qac_v0.4_aligned,numbered_aligned
4:166,4:166:7:1,4:166:10:1,4:166:7,4:166:10,3MS,3MP,0,qac_v0.4_aligned,numbered_aligned
4:166,4:166:10:1,4:166:11:2,4:166:10,4:166:11,3MP,3MS,0,qac_v0.4_aligned,numbered_aligned
4:167,4:167:3:1,4:167:4:2,4:167:3,4:167:4,3MP,3MP,0,qac_v0.4_aligned,numbered_aligned
4:167,4:167:4:2,4:167:9:1,4:167:4,4:167:9,3MP,3MP,0,qac_v0.4_aligned,numbered_aligned
4:168,4:168:3:1,4:168:4:2,4:168:3,4:168:4,3MP,3MP,0,qac_v0.4_aligned,numbered_aligned
4:168,4:168:4:2,4:168:6:1,4:168:4,4:168:6,3MP,3MS,0,qac_v0.4_aligned,numbered_aligned
4:168,4:168:6:1,4:168:8:2,4:168:6,4:168:8,3MS,3MS,0,qac_v0.4_aligned,numbered_aligned
4:168,4:168:8:2,4:168:11:2,4:168:8,4:168:11,3MS,3MS,0,qac_v0.4_aligned,numbered_aligned
4:170,4:170:13:1,4:170:20:2,4:170:14,4:170:21,2MP,3MS,1,qac_v0.4_aligned,numbered_aligned
4:171,4:171:4:1,4:171:8:1,4:171:5,4:171:9,2D,2MP,0,qac_v0.4_aligned,numbered_aligned
4:171,4:171:30:1,4:171:32:1,4:171:31,4:171:33,2MP,2MP,0,qac_v0.4_aligned,numbered_aligned
4:171,4:171:32:1,4:171:41:1,4:171:33,4:171:42,2MP,3MS,1,qac_v0.4_aligned,numbered_aligned
4:171,4:171:41:1,4:171:51:2,4:171:42,4:171:52,3MS,3MS,0,qac_v0.4_aligned,numbered_aligned
4:172,4:172:2:1,4:172:5:1,4:172:2,4:172:5,3MS,3MS,0,qac_v0.4_aligned,numbered_aligned
4:172,4:172:5:1,4:172:12:1,4:172:5,4:172:12,3MS,3MS,0,qac_v0.4_aligned,numbered_aligned
4:172,4:172:12:1,4:172:15:2,4:172:12,4:172:15,3MS,3MS,0,qac_v0.4_aligned,numbered_aligned
4:172,4:172:15:2,4:172:16:3,4:172:15,4:172:16,3MS,3MS,0,qac_v0.4_aligned,numbered_aligned
4:173,4:173:4:2,4:173:6:2,4:173:4,4:173:6,3MP,3MS,0,qac_v0.4_aligned,numbered_aligned
4:173,4:173:6:2,4:173:8:2,4:173:6,4:173:8,3MS,3MS,0,qac_v0.4_aligned,numbered_aligned
4:173,4:173:8:2,4:173:13:1,4:173:8,4:173:13,3MS,3MP,0,qac_v0.4_aligned,numbered_aligned
4:173,4:173:13:1,4:173:14:2,4:173:13,4:173:14,3MP,3MP,0,qac_v0.4_aligned,numbered_aligned
4:173,4:173:14:2,4:173:15:2,4:173:14,4:173:15,3MP,3MS,0,qac_v0.4_aligned,numbered_aligned
4:173,4:173:15:2,4:173:19:1,4:173:15,4:173:19,3MS,3MP,0,qac_v0.4_aligned,numbered_aligned
4:174,4:174:4:1,4:174:8:2,4:174:5,4:174:9,3MS,1P,1,qac_v0.4_aligned,numbered_aligned
4:175,4:175:5:2,4:175:7:3,4:175:5,4:175:7,3MP,3MS,0,qac_v0.4_aligned,numbered_aligned
4:175,4:175:7:3,4:175:12:2,4:175:7,4:175:12,3MS,3MS,0,qac_v0.4_aligned,numbered_aligned
4:176,4:176:1:1,4:176:2:1,4:176:1,4:176:2,3MP,2MS,1,qac_v0.4_aligned,numbered_aligned
4:176,4:176:2:1,4:176:4:1,4:176:2,4:176:4,2MS,3MS,1,qac_v0.4_aligned,numbered_aligned
4:176,4:176:4:1,4:176:9:1,4:176:4,4:176:9,3MS,3MS,0,qac_v0.4_aligned,numbered_aligned
4:176,4:176:9:1,4:176:10:1,4:176:9,4:176:10,3MS,3MS,0,qac_v0.4_aligned,numbered_aligned
4:176,4:176:10:1,4:176:18:1,4:176:10,4:176:18,3MS,3MS,0,qac_v0.4_aligned,numbered_aligned
4:176,4:176:18:1,4:176:20:1,4:176:18,4:176:20,3MS,3MS,0,qac_v0.4_aligned,numbered_aligned
4:176,4:176:20:1,4:176:23:1,4:176:20,4:176:23,3MS,3MS,0,qac_v0.4_aligned,numbered_aligned
4:176,4:176:23:1,4:176:27:1,4:176:23,4:176:27,3MS,3FD,0,qac_v0.4_aligned,numbered_aligned
4:176,4:176:27:1,4:176:32:1,4:176:27,4:176:32,3FD,3MS,0,qac_v0.4_aligned,numbered_aligned
4:176,4:176:32:1,4:176:34:1,4:176:32,4:176:34,3MS,3MP,0,qac_v0.4_aligned,numbered_aligned
4:176,4:176:34:1,4:176:42:1,4:176:34,4:176:42,3MP,3MS,0,qac_v0.4_aligned,numbered_aligned
4:176,4:176:42:1,4:176:46:1,4:176:42,4:176:46,3MS,2MP,1,qac_v0.4_aligned,numbered_aligned
5:1,5:1:4:1,5:1:6:1,5:1:9,5:1:11,2MP,3FS,1,qac_v0.4_aligned,numbered_aligned
5:1,5:1:6:1,5:1:12:1,5:1:11,5:1:17,3FS,3MS,0,qac_v0.4_aligned,numbered_aligned
5:1,5:1:12:1,5:1:21:1,5:1:17,5:1:26,3MS,3MS,0,qac_v0.4_aligned,numbered_aligned
5:1,5:1:21:1,5:1:23:1,5:1:26,5:1:28,3MS,3MS,0,qac_v0.4_aligned,numbered_aligned
5:2,5:2:5:1,5:2:19:1,5:2:6,5:2:20,2MP,3MP,1,qac_v0.4_aligned,numbered_aligned
5:2,5:2:19:1,5:2:25:1,5:2:20,5:2:26,3MP,2MP,1,qac_v0.4_aligned,numbered_aligned
5:2,5:2:25:1,5:2:26:2,5:2:26,5:2:27,2MP,2MP,0,qac_v0.4_aligned,numbered_aligned
5:2,5:2:26:2,5:2:28:1,5:2:27,5:2:29,2MP,3MS,1,qac_v0.4_aligned,numbered_aligned
5:2,5:2:28:1,5:2:32:1,5:2:29,5:2:33,3MS,3MP,0,qac_v0.4_aligned,numbered_aligned
5:2,5:2:32:1,5:2:37:1,5:2:33,5:2:38,3MP,2MP,1,qac_v0.4_aligned,numbered_aligned
5:2,5:2:37:1,5:2:38:2,5:2:38,5:2:39,2MP,2MP,0,qac_v0.4_aligned,numbered_aligned
5:2,5:2:38:2,5:2:43:1,5:2:39,5:2:44,2MP,2MP,0,qac_v0.4_aligned,numbered_aligned
5:2,5:2:43:1,5:2:47:2,5:2:44,5:2:48,2MP,2MP,0,qac_v0.4_aligned,numbered_aligned
5:3,5:3:1:1,5:3:8:1,5:3:1,5:3:8,3FS,3MS,0,qac_v0.4_aligned,numbered_aligned
5:3,5:3:8:1,5:3:17:1,5:3:8,5:3:17,3MS,3MS,0,qac_v0.4_aligned,numbered_aligned
5:3,5:3:17:1,5:3:21:1,5:3:17,5:3:21,3MS,2MP,1,qac_v0.4_aligned,numbered_aligned
5:3,5:3:21:1,5:3:23:1,5:3:21,5:3:23,2MP,3MS,1,qac_v0.4_aligned,numbered_aligned
5:3,5:3:23:1,5:3:27:1,5:3:23,5:3:27,3MS,2MP,1,qac_v0.4_aligned,numbered_aligned
5:3,5:3:27:1,5:3:32:1,5:3:27,5:3:32,2MP,3MS,1,qac_v0.4_aligned,numbered_aligned
5:3,5:3:32:1,5:3:34:1,5:3:32,5:3:34,3MS,3MP,0,qac_v0.4_aligned,numbered_aligned
5:3,5:3:34:1,5:3:38:1,5:3:34,5:3:38,3MP,2MP,1,qac_v0.4_aligned,numbered_aligned
5:3,5:3:38:1,5:3:39:2,5:3:38,5:3:39,2MP,2MP,0,qac_v0.4_aligned,numbered_aligned
5:3,5:3:39:2,5:3:41:1,5:3:39,5:3:41,2MP,1S,1,qac_v0.4_aligned,numbered_aligned
5:3,5:3:41:1,5:3:44:2,5:3:41,5:3:44,1S,1S,0,qac_v0.4_aligned,numbered_aligned
5:3,5:3:44:2,5:3:47:2,5:3:44,5:3:47,1S,1S,0,qac_v0.4_aligned,numbered_aligned
5:3,5:3:47:2,5:3:52:1,5:3:47,5:3:52,1S,3MS,1,qac_v0.4_aligned,numbered_aligned
5:4,5:4:3:1,5:4:5:1,5:4:3,5:4:5,3MS,2MS,1,qac_v0.4_aligned,numbered_aligned
5:4,5:4:5:1,5:4:6:1,5:4:5,5:4:6,2MS,3MS,1,qac_v0.4_aligned,numbered_aligned
5:4,5:4:6:1,5:4:10:1,5:4:6,5:4:10,3MS,2MP,1,qac_v0.4_aligned,numbered_aligned
5:4,5:4:10:1,5:4:14:1,5:4:10,5:4:14,2MP,2MP,0,qac_v0.4_aligned,numbered_aligned
5:4,5:4:14:1,5:4:16:1,5:4:14,5:4:16,2MP,3MS,1,qac_v0.4_aligned,numbered_aligned
5:4,5:4:16:1,5:4:18:2,5:4:16,5:4:18,3MS,2MP,1,qac_v0.4_aligned,numbered_aligned
5:4,5:4:18:2,5:4:20:1,5:4:18,5:4:20,2MP,3FP,1,qac_v0.4_aligned,numbered_aligned
5:4,5:4:20:1,5:4:22:2,5:4:20,5:4:22,3FP,2MP,1,qac_v0.4_aligned,numbered_aligned
5:4,5:4:22:2,5:4:26:2,5:4:22,5:4:26,2MP,2MP,0,qac_v0.4_aligned,numbered_aligned
5:5,5:5:2:1,5:5:7:1,5:5:2,5:5:7,3MS,3MP,0,qac_v0.4_aligned,numbered_aligned
5:5,5:5:7:1,5:5:20:1,5:5:7,5:5:20,3MP,3MP,0,qac_v0.4_aligned,numbered_aligned
5:5,5:5:34:1,5:5:37:1,5:5:34,5:5:37,3MS,3MS,0,qac_v0.4_aligned,numbered_aligned
5:6,5:6:5:1,5:6:8:2,5:6:6,5:6:9,2MP,2MP,0,qac_v0.4_aligned,numbered_aligned
5:6,5:6:8:2,5:6:13:2,5:6:9,5:6:14,2MP,2MP,0,qac_v0.4_aligned,numbered_aligned
5:6,5:6:13:2,5:6:19:1,5:6:14,5:6:20,2MP,2MP,0,qac_v0.4_aligned,numbered_aligned
5:6,5:6:19:1,5:6:21:2,5:6:20,5:6:22,2MP,2MP,0,qac_v0.4_aligned,numbered_aligned
5:6,5:6:21:2,5:6:23:1,5:6:22,5:6:24,2MP,2MP,0,qac_v0.4_aligned,numbered_aligned
5:6,5:6:23:1,5:6:29:1,5:6:24,5:6:30,2MP,3MS,1,qac_v0.4_aligned,numbered_aligned
5:6,5:6:29:1,5:6:35:1,5:6:30,5:6:36,3MS,2MP,1,qac_v0.4_aligned,numbered_aligned
5:6,5:6:35:1,5:6:38:1,5:6:36,5:6:39,2MP,2MP,0,qac_v0.4_aligned,numbered_aligned
5:6,5:6:38:1,5:6:40:2,5:6:39,5:6:41,2MP,2MP,0,qac_v0.4_aligned,numbered_aligned
5:6,5:6:40:2,5:6:43:2,5:6:41,5:6:44,2MP,2MP,0,qac_v0.4_aligned,numbered_aligned
5:6,5:6:43:2,5:6:48:1,5:6:44,5:6:49,2MP,3MS,1,qac_v0.4_aligned,numbered_aligned
5:6,5:6:48:1,5:6:50:2,5:6:49,5:6:51,3MS,3MS,0,qac_v0.4_aligned,numbered_aligned
5:6,5:6:50:2,5:6:55:1,5:6:51,5:6:56,3MS,3MS,0,qac_v0.4_aligned,numbered_aligned
5:6,5:6:55:1,5:6:56:2,5:6:56,5:6:57,3MS,3MS,0,qac_v0.4_aligned,numbered_aligned
5:6,5:6:56:2,5:6:57:3,5:6:57,5:6:58,3MS,3MS,0,qac_v0.4_aligned,numbered_aligned
5:6,5:6:57:3,5:6:61:1,5:6:58,5:6:62,3MS,2MP,1,qac_v0.4_aligned,numbered_aligned
5:7,5:7:1:2,5:7:7:1,5:7:1,5:7:7,2MP,3MS,1,qac_v0.4_aligned,numbered_aligned
5:7,5:7:7:1,5:7:10:1,5:7:7,5:7:10,3MS,2MP,1,qac_v0.4_aligned,numbered_aligned
5:7,5:7:10:1,5:7:11:1,5:7:10,5:7:11,2MP,1P,1,qac_v0.4_aligned,numbered_aligned
5:7,5:7:11:1,5:7:12:2,5:7:11,5:7:12,1P,1P,0,qac_v0.4_aligned,numbered_aligned
5:7,5:7:12:2,5:7:13:2,5:7:12,5:7:13,1P,2MP,1,qac_v0.4_aligned,numbered_aligned
5:8,5:8:4:1,5:8:10:1,5:8:5,5:8:11,2MP,3MS,1,qac_v0.4_aligned,numbered_aligned
5:8,5:8:10:1,5:8:15:1,5:8:11,5:8:16,3MS,2MP,1,qac_v0.4_aligned,numbered_aligned
5:8,5:8:15:1,5:8:16:1,5:8:16,5:8:17,2MP,2MP,0,qac_v0.4_aligned,numbered_aligned
5:8,5:8:16:1,5:8:20:2,5:8:17,5:8:21,2MP,2MP,0,qac_v0.4_aligned,numbered_aligned
5:8,5:8:20:2,5:8:26:1,5:8:21,5:8:27,2MP,2MP,0,qac_v0.4_aligned,numbered_aligned
5:10,5:10:2:1,5:10:3:2,5:10:2,5:10:3,3MP,3MP,0,qac_v0.4_aligned,numbered_aligned
5:11,5:11:4:1,5:11:9:1,5:11:5,5:11:10,2MP,3MS,1,qac_v0.4_aligned,numbered_aligned
5:11,5:11:9:1,5:11:12:1,5:11:10,5:11:13,3MS,3MP,0,qac_v0.4_aligned,numbered_aligned
5:11,5:11:12:1,5:11:15:2,5:11:13,5:11:16,3MP,3MS,0,qac_v0.4_aligned,numbered_aligned
5:11,5:11:15:2,5:11:18:2,5:11:16,5:11:19,3MS,2MP,1,qac_v0.4_aligned,numbered_aligned
5:11,5:11:18:2,5:11:22:3,5:11:19,5:11:23,2MP,3MS,1,qac_v0.4_aligned,numbered_aligned
5:12,5:12:2:1,5:12:7:2,5:12:2,5:12:7,3MS,1P,1,qac_v0.4_aligned,numbered_aligned
5:12,5:12:7:2,5:12:12:2,5:12:7,5:12:12,1P,3MS,1,qac_v0.4_aligned,numbered_aligned
5:12,5:12:12:2,5:12:17:1,5:12:12,5:12:17,3MS,2MP,1,qac_v0.4_aligned,numbered_aligned
5:12,5:12:23:2,5:12:24:2,5:12:23,5:12:24,2MP,2MP,0,qac_v0.4_aligned,numbered_aligned
5:12,5:12:24:2,5:12:28:2,5:12:24,5:12:28,2MP,1S,1,qac_v0.4_aligned,numbered_aligned
5:12,5:12:28:2,5:12:31:3,5:12:28,5:12:31,1S,1S,0,qac_v0.4_aligned,numbered_aligned
5:12,5:12:38:1,5:12:43:1,5:12:38,5:12:43,3MS,3MS,0,qac_v0.4_aligned,numbered_aligned
5:13,5:13:4:1,5:13:5:2,5:13:4,5:13:5,1P,1P,0,qac_v0.4_aligned,numbered_aligned
5:13,5:13:5:2,5:13:8:1,5:13:5,5:13:8,1P,3MP,1,qac_v0.4_aligned,numbered_aligned
5:13,5:13:8:1,5:13:12:2,5:13:8,5:13:12,3MP,3MP,0,qac_v0.4_aligned,numbered_aligned
5:13,5:13:12:2,5:13:15:1,5:13:12,5:13:15,3MP,3MP,0,qac_v0.4_aligned,numbered_aligned
5:13,5:13:15:1,5:13:18:1,5:13:15,5:13:18,3MP,2MS,1,qac_v0.4_aligned,numbered_aligned
5:13,5:13:18:1,5:13:19:1,5:13:18,5:13:19,2MS,2MS,0,qac_v0.4_aligned,numbered_aligned
5:13,5:13:19:1,5:13:26:2,5:13:19,5:13:26,2MS,2MS,0,qac_v0.4_aligned,numbered_aligned
5:13,5:13:26:2,5:13:28:2,5:13:26,5:13:28,2MS,2MS,0,qac_v0.4_aligned,numbered_aligned
5:13,5:13:28:2,5:13:31:1,5:13:28,5:13:31,2MS,3MS,1,qac_v0.4_aligned,numbered_aligned
5:14,5:14:3:1,5:14:6:1,5:14:3,5:14:6,3MP,1P,1,qac_v0.4_aligned,numbered_aligned
5:14,5:14:6:1,5:14:8:2,5:14:6,5:14:8,1P,3MP,1,qac_v0.4_aligned,numbered_aligned
5:14,5:14:8:2,5:14:11:1,5:14:8,5:14:11,3MP,3MP,0,qac_v0.4_aligned,numbered_aligned
5:14,5:14:11:1,5:14:13:2,5:14:11,5:14:13,3MP,1P,1,qac_v0.4_aligned,numbered_aligned
5:14,5:14:13:2,5:14:21:1,5:14:13,5:14:21,1P,3MS,1,qac_v0.4_aligned,numbered_aligned
5:14,5:14:21:1,5:14:24:1,5:14:21,5:14:24,3MS,3MP,0,qac_v0.4_aligned,numbered_aligned
5:14,5:14:24:1,5:14:25:1,5:14:24,5:14:25,3MP,3MP,0,qac_v0.4_aligned,numbered_aligned
5:15,5:15:4:1,5:15:6:1,5:15:5,5:15:7,3MS,3MS,0,qac_v0.4_aligned,numbered_aligned
5:15,5:15:6:1,5:15:10:1,5:15:7,5:15:11,3MS,2MP,1,qac_v0.4_aligned,numbered_aligned
5:15,5:15:10:1,5:15:11:1,5:15:11,5:15:12,2MP,2MP,0,qac_v0.4_aligned,numbered_aligned
5:16,5:16:5:1,5:16:9:2,5:16:5,5:16:9,3MS,3MS,0,qac_v0.4_aligned,numbered_aligned
5:16,5:16:9:2,5:16:15:2,5:16:9,5:16:15,3MS,3MS,0,qac_v0.4_aligned,numbered_aligned
5:17,5:17:2:1,5:17:4:1,5:17:2,5:17:4,3MS,3MP,0,qac_v0.4_aligned,numbered_aligned
5:17,5:17:4:1,5:17:11:1,5:17:4,5:17:11,3MP,2MS,1,qac_v0.4_aligned,numbered_aligned
5:17,5:17:11:1,5:17:13:1,5:17:11,5:17:13,2MS,3MS,1,qac_v0.4_aligned,numbered_aligned
5:17,5:17:13:1,5:17:18:1,5:17:13,5:17:18,3MS,3MS,0,qac_v0.4_aligned,numbered_aligned
5:17,5:17:18:1,5:17:20:1,5:17:18,5:17:20,3MS,3MS,0,qac_v0.4_aligned,numbered_aligned
5:17,5:17:20:1,5:17:35:1,5:17:20,5:17:35,3MS,3MS,0,qac_v0.4_aligned,numbered_aligned
5:17,5:17:35:1,5:17:37:1,5:17:35,5:17:37,3MS,3MS,0,qac_v0.4_aligned,numbered_aligned
5:18,5:18:1:2,5:18:8:1,5:18:1,5:18:8,3FS,2MS,1,qac_v0.4_aligned,numbered_aligned
5:18,5:18:8:1,5:18:10:1,5:18:8,5:18:10,2MS,3MS,1,qac_v0.4_aligned,numbered_aligned
5:18,5:18:10:1,5:18:16:1,5:18:10,5:18:16,3MS,3MS,0,qac_v0.4_aligned,numbered_aligned
5:18,5:18:16:1,5:18:17:1,5:18:16,5:18:17,3MS,3MS,0,qac_v0.4_aligned,numbered_aligned
5:18,5:18:17:1,5:18:19:1,5:18:17,5:18:19,3MS,3MS,0,qac_v0.4_aligned,numbered_aligned
5:18,5:18:19:1,5:18:20:2,5:18:19,5:18:20,3MS,3MS,0,qac_v0.4_aligned,numbered_aligned
5:18,5:18:20:2,5:18:22:1,5:18:20,5:18:22,3MS,3MS,0,qac_v0.4_aligned,numbered_aligned
5:19,5:19:4:1,5:19:6:1,5:19:5,5:19:7,3MS,3MS,0,qac_v0.4_aligned,numbered_aligned
5:19,5:19:6:1,5:19:13:1,5:19:7,5:19:14,3MS,2MP,1,qac_v0.4_aligned,numbered_aligned
5:19,5:19:13:1,5:19:15:1,5:19:14,5:19:16,2MP,3MS,1,qac_v0.4_aligned,numbered_aligned
5:19,5:19:15:1,5:19:21:1,5:19:16,5:19:22,3MS,3MS,0,qac_v0.4_aligned,numbered_aligned
5:20,5:20:2:1,5:20:6:1,5:20:2,5:20:7,3MS,2MP,1,qac_v0.4_aligned,numbered_aligned
5:20,5:20:6:1,5:20:11:1,5:20:7,5:20:12,2MP,3MS,1,qac_v0.4_aligned,numbered_aligned
5:20,5:20:11:1,5:20:14:2,5:20:12,5:20:15,3MS,3MS,0,qac_v0.4_aligned,numbered_aligned
5:21,5:21:2:1,5:21:6:1,5:21:3,5:21:7,2MP,3MS,1,qac_v0.4_aligned,numbered_aligned
5:21,5:21:6:1,5:21:10:1,5:21:7,5:21:11,3MS,2MP,1,qac_v0.4_aligned,numbered_aligned
5:21,5:21:10:1,5:21:13:2,5:21:11,5:21:14,2MP,2MP,0,qac_v0.4_aligned,numbered_aligned
5:22,5:22:1:1,5:22:9:1,5:22:1,5:22:10,3MP,1P,1,qac_v0.4_aligned,numbered_aligned
5:22,5:22:9:1,5:22:11:1,5:22:10,5:22:12,1P,3MP,1,qac_v0.4_aligned,numbered_aligned
5:22,5:22:11:1,5:22:14:1,5:22:12,5:22:15,3MP,3MP,0,qac_v0.4_aligned,numbered_aligned
5:23,5:23:1:1,5:23:5:1,5:23:1,5:23:5,3MS,3MP,0,qac_v0.4_aligned,numbered_aligned
5:23,5:23:5:1,5:23:6:1,5:23:5,5:23:6,3MP,3MS,0,qac_v0.4_aligned,numbered_aligned
5:23,5:23:6:1,5:23:9:1,5:23:6,5:23:9,3MS,2MP,1,qac_v0.4_aligned,numbered_aligned
5:23,5:23:9:1,5:23:13:1,5:23:9,5:23:13,2MP,2MP,0,qac_v0.4_aligned,numbered_aligned
5:23,5:23:13:1,5:23:18:2,5:23:13,5:23:18,2MP,2MP,0,qac_v0.4_aligned,numbered_aligned
5:23,5:23:18:2,5:23:20:1,5:23:18,5:23:20,2MP,2MP,0,qac_v0.4_aligned,numbered_aligned
5:24,5:24:1:1,5:24:5:1,5:24:1,5:24:6,3MP,1P,1,qac_v0.4_aligned,numbered_aligned
5:24,5:24:5:1,5:24:8:1,5:24:6,5:24:9,1P,3MP,1,qac_v0.4_aligned,numbered_aligned
5:24,5:24:8:1,5:24:10:2,5:24:9,5:24:11,3MP,2MS,1,qac_v0.4_aligned,numbered_aligned
5:24,5:24:10:2,5:24:13:2,5:24:11,5:24:14,2MS,2MD,0,qac_v0.4_aligned,numbered_aligned
5:25,5:25:1:1,5:25:5:1,5:25:1,5:25:5,3MS,1S,1,qac_v0.4_aligned,numbered_aligned
5:25,5:25:5:1,5:25:9:2,5:25:5,5:25:9,1S,2MS,1,qac_v0.4_aligned,numbered_aligned
5:26,5:26:1:1,5:26:7:1,5:26:1,5:26:7,3MS,3MP,0,qac_v0.4_aligned,numbered_aligned
5:26,5:26:7:1,5:26:11:1,5:26:7,5:26:11,3MP,2MS,1,qac_v0.4_aligned,numbered_aligned
5:27,5:27:1:2,5:27:8:1,5:27:1,5:27:8,2MS,3MD,1,qac_v0.4_aligned,numbered_aligned
5:27,5:27:8:1,5:27:10:2,5:27:8,5:27:10,3MD,3MS,0,qac_v0.4_aligned,numbered_aligned
5:27,5:27:10:2,5:27:14:1,5:27:10,5:27:14,3MS,3MS,0,qac_v0.4_aligned,numbered_aligned
5:27,5:27:14:1,5:27:17:1,5:27:14,5:27:17,3MS,3MS,0,qac_v0.4_aligned,numbered_aligned
5:27,5:27:17:1,5:27:18:2,5:27:17,5:27:18,3MS,1S,1,qac_v0.4_aligned,numbered_aligned
5:27,5:27:18:2,5:27:19:1,5:27:18,5:27:19,1S,3MS,1,qac_v0.4_aligned,numbered_aligned
5:27,5:27:19:1,5:27:21:1,5:27:19,5:27:21,3MS,3MS,0,qac_v0.4_aligned,numbered_aligned
5:28,5:28:11:2,5:28:13:1,5:28:11,5:28:13,1S,1S,0,qac_v0.4_aligned,numbered_aligned
5:30,5:30:1:2,5:30:6:2,5:30:1,5:30:6,3FS,3MS,0,qac_v0.4_aligned,numbered_aligned
5:30,5:30:6:2,5:30:7:2,5:30:6,5:30:7,3MS,3MS,0,qac_v0.4_aligned,numbered_aligned
5:31,5:31:1:2,5:31:4:1,5:31:1,5:31:4,3MS,3MS,0,qac_v0.4_aligned,numbered_aligned
5:31,5:31:4:1,5:31:7:2,5:31:4,5:31:7,3MS,3MS,0,qac_v0.4_aligned,numbered_aligned
5:31,5:31:12:1,5:31:14:2,5:31:12,5:31:15,3MS,1S,1,qac_v0.4_aligned,numbered_aligned
5:31,5:31:14:2,5:31:16:1,5:31:15,5:31:17,1S,1S,0,qac_v0.4_aligned,numbered_aligned
5:32,5:32:4:1,5:32:10:1,5:32:4,5:32:10,1P,3MS,1,qac_v0.4_aligned,numbered_aligned
5:32,5:32:10:1,5:32:19:1,5:32:10,5:32:19,3MS,3MS,0,qac_v0.4_aligned,numbered_aligned
5:32,5:32:19:1,5:32:23:1,5:32:19,5:32:23,3MS,3MS,0,qac_v0.4_aligned,numbered_aligned
5:32,5:32:23:1,5:32:25:1,5:32:23,5:32:25,3MS,3MS,0,qac_v0.4_aligned,numbered_aligned
5:32,5:32:25:1,5:32:29:1,5:32:25,5:32:29,3MS,3FS,0,qac_v0.4_aligned,numbered_aligned
5:33,5:33:4:1,5:33:7:2,5:33:4,5:33:7,3MP,3MP,0,qac_v0.4_aligned,numbered_aligned
5:33,5:33:7:2,5:33:12:1,5:33:7,5:33:12,3MP,3MP,0,qac_v0.4_aligned,numbered_aligned
5:33,5:33:12:1,5:33:14:1,5:33:12,5:33:14,3MP,3MP,0,qac_v0.4_aligned,numbered_aligned
5:33,5:33:14:1,5:33:16:1,5:33:14,5:33:16,3MP,3FS,0,qac_v0.4_aligned,numbered_aligned
5:33,5:33:16:1,5:33:22:1,5:33:16,5:33:22,3FS,3MP,0,qac_v0.4_aligned,numbered_aligned
5:34,5:34:3:1,5:34:7:1,5:34:3,5:34:7,3MP,2MP,1,qac_v0.4_aligned,numbered_aligned
5:34,5:34:7:1,5:34:9:2,5:34:7,5:34:9,2MP,2MP,0,qac_v0.4_aligned,numbered_aligned
5:35,5:35:4:1,5:35:6:2,5:35:5,5:35:7,2MP,2MP,0,qac_v0.4_aligned,numbered_aligned
5:35,5:35:6:2,5:35:9:2,5:35:7,5:35:10,2MP,2MP,0,qac_v0.4_aligned,numbered_aligned
5:35,5:35:9:2,5:35:13:1,5:35:10,5:35:14,2MP,2MP,0,qac_v0.4_aligned,numbered_aligned
5:36,5:36:3:1,5:36:13:2,5:36:3,5:36:13,3MP,3MP,0,qac_v0.4_aligned,numbered_aligned
5:36,5:36:13:2,5:36:20:1,5:36:13,5:36:20,3MP,3MS,0,qac_v0.4_aligned,numbered_aligned
5:37,5:37:1:1,5:37:3:1,5:37:1,5:37:3,3MP,3MP,0,qac_v0.4_aligned,numbered_aligned
5:38,5:38:3:2,5:38:7:1,5:38:3,5:38:7,2MP,3MD,1,qac_v0.4_aligned,numbered_aligned
5:39,5:39:2:1,5:39:6:2,5:39:2,5:39:6,3MS,3MS,0,qac_v0.4_aligned,numbered_aligned
5:39,5:39:6:2,5:39:9:1,5:39:6,5:39:9,3MS,3MS,0,qac_v0.4_aligned,numbered_aligned
5:40,5:40:2:1,5:40:9:1,5:40:2,5:40:9,2MS,3MS,1,qac_v0.4_aligned,numbered_aligned
5:40,5:40:9:1,5:40:11:1,5:40:9,5:40:11,3MS,3MS,0,qac_v0.4_aligned,numbered_aligned
5:40,5:40:11:1,5:40:12:2,5:40:11,5:40:12,3MS,3MS,0,qac_v0.4_aligned,numbered_aligned
5:40,5:40:12:2,5:40:14:1,5:40:12,5:40:14,3MS,3MS,0,qac_v0.4_aligned,numbered_aligned
5:41,5:41:4:1,5:41:6:1,5:41:5,5:41:7,3MS,3MP,0,qac_v0.4_aligned,numbered_aligned
5:41,5:41:6:1,5:41:11:1,5:41:7,5:41:12,3MP,3MP,0,qac_v0.4_aligned,numbered_aligned
5:41,5:41:15:1,5:41:19:1,5:41:16,5:41:20,3FS,3MP,0,qac_v0.4_aligned,numbered_aligned
5:41,5:41:19:1,5:41:26:1,5:41:20,5:41:27,3MP,3MP,0,qac_v0.4_aligned,numbered_aligned
5:41,5:41:26:1,5:41:27:1,5:41:27,5:41:28,3MP,3MP,0,qac_v0.4_aligned,numbered_aligned
5:41,5:41:27:1,5:41:32:1,5:41:28,5:41:33,3MP,3MP,0,qac_v0.4_aligned,numbered_aligned
5:41,5:41:32:1,5:41:34:1,5:41:33,5:41:35,3MP,2MP,1,qac_v0.4_aligned,numbered_aligned
5:41,5:41:34:1,5:41:36:2,5:41:35,5:41:37,2MP,2MP,0,qac_v0.4_aligned,numbered_aligned
5:41,5:41:36:2,5:41:39:1,5:41:37,5:41:40,2MP,2MP,0,qac_v0.4_aligned,numbered_aligned
5:41,5:41:39:1,5:41:40:2,5:41:40,5:41:41,2MP,2MP,0,qac_v0.4_aligned,numbered_aligned
5:41,5:41:40:2,5:41:42:1,5:41:41,5:41:43,2MP,3MS,1,qac_v0.4_aligned,numbered_aligned
5:41,5:41:42:1,5:41:46:1,5:41:43,5:41:47,3MS,2MS,1,qac_v0.4_aligned,numbered_aligned
5:41,5:41:46:1,5:41:54:1,5:41:47,5:41:55,2MS,3MS,1,qac_v0.4_aligned,numbered_aligned
5:41,5:41:54:1,5:41:57:1,5:41:55,5:41:58,3MS,3MS,0,qac_v0.4_aligned,numbered_aligned
5:42,5:42:6:1,5:42:7:2,5:42:6,5:42:7,3MP,2MS,1,qac_v0.4_aligned,numbered_aligned
5:42,5:42:7:2,5:42:10:1,5:42:7,5:42:10,2MS,2MS,0,qac_v0.4_aligned,numbered_aligned
5:42,5:42:10:1,5:42:13:1,5:42:10,5:42:13,2MS,2MS,0,qac_v0.4_aligned,numbered_aligned
5:42,5:42:13:1,5:42:16:1,5:42:13,5:42:16,2MS,3MP,1,qac_v0.4_aligned,numbered_aligned
5:42,5:42:16:1,5:42:19:1,5:42:16,5:42:19,3MP,2MS,1,qac_v0.4_aligned,numbered_aligned
5:42,5:42:19:1,5:42:20:2,5:42:19,5:42:20,2MS,2MS,0,qac_v0.4_aligned,numbered_aligned
5:42,5:42:20:2,5:42:25:1,5:42:20,5:42:25,2MS,3MS,1,qac_v0.4_aligned,numbered_aligned
5:43,5:43:2:1,5:43:9:1,5:43:2,5:43:9,3MP,3MP,0,qac_v0.4_aligned,numbered_aligned
5:44,5:44:2:1,5:44:7:1,5:44:2,5:44:7,1P,3MS,1,qac_v0.4_aligned,numbered_aligned
5:44,5:44:7:1,5:44:11:1,5:44:7,5:44:11,3MS,3MP,0,qac_v0.4_aligned,numbered_aligned
5:44,5:44:11:1,5:44:13:1,5:44:11,5:44:13,3MP,3MP,0,qac_v0.4_aligned,numbered_aligned
5:44,5:44:13:1,5:44:17:1,5:44:13,5:44:17,3MP,3MP,0,qac_v0.4_aligned,numbered_aligned
5:44,5:44:17:1,5:44:21:2,5:44:17,5:44:21,3MP,3MP,0,qac_v0.4_aligned,numbered_aligned
5:44,5:44:21:2,5:44:25:1,5:44:21,5:44:25,3MP,2MP,1,qac_v0.4_aligned,numbered_aligned
5:44,5:44:25:1,5:44:27:2,5:44:25,5:44:27,2MP,2MP,0,qac_v0.4_aligned,numbered_aligned
5:44,5:44:27:2,5:44:29:1,5:44:27,5:44:29,2MP,2MP,0,qac_v0.4_aligned,numbered_aligned
5:44,5:44:29:1,5:44:35:1,5:44:29,5:44:35,2MP,3MS,1,qac_v0.4_aligned,numbered_aligned
5:44,5:44:35:1,5:44:37:1,5:44:35,5:44:37,3MS,3MS,0,qac_v0.4_aligned,numbered_aligned
5:45,5:45:1:2,5:45:18:1,5:45:1,5:45:18,1P,3MS,1,qac_v0.4_aligned,numbered_aligned
5:45,5:45:18:1,5:45:25:1,5:45:18,5:45:25,3MS,3MS,0,qac_v0.4_aligned,numbered_aligned
5:45,5:45:25:1,5:45:27:1,5:45:25,5:45:27,3MS,3MS,0,qac_v0.4_aligned,numbered_aligned
5:47,5:47:1:3,5:47:5:1,5:47:1,5:47:5,3MS,3MS,0,qac_v0.4_aligned,numbered_aligned
5:47,5:47:5:1,5:47:10:1,5:47:5,5:47:10,3MS,3MS,0,qac_v0.4_aligned,numbered_aligned
5:47,5:47:10:1,5:47:12:1,5:47:10,5:47:12,3MS,3MS,0,qac_v0.4_aligned,numbered_aligned
5:48,5:48:1:2,5:48:13:2,5:48:1,5:48:13,1P,2MS,1,qac_v0.4_aligned,numbered_aligned
5:48,5:48:13:2,5:48:16:1,5:48:13,5:48:16,2MS,3MS,1,qac_v0.4_aligned,numbered_aligned
5:48,5:48:16:1,5:48:19:1,5:48:16,5:48:19,3MS,2MS,1,qac_v0.4_aligned,numbered_aligned
5:48,5:48:19:1,5:48:22:1,5:48:19,5:48:22,2MS,3MS,1,qac_v0.4_aligned,numbered_aligned
5:48,5:48:22:1,5:48:26:1,5:48:22,5:48:26,3MS,1P,1,qac_v0.4_aligned,numbered_aligned
5:48,5:48:26:1,5:48:31:1,5:48:26,5:48:31,1P,3MS,1,qac_v0.4_aligned,numbered_aligned
5:48,5:48:31:1,5:48:33:2,5:48:31,5:48:33,3MS,3MS,0,qac_v0.4_aligned,numbered_aligned
5:48,5:48:33:2,5:48:37:2,5:48:33,5:48:37,3MS,3MS,0,qac_v0.4_aligned,numbered_aligned
5:48,5:48:41:2,5:48:47:2,5:48:41,5:48:47,2MP,3MS,1,qac_v0.4_aligned,numbered_aligned
5:48,5:48:47:2,5:48:49:1,5:48:47,5:48:49,3MS,2MP,1,qac_v0.4_aligned,numbered_aligned
5:48,5:48:49:1,5:48:51:1,5:48:49,5:48:51,2MP,2MP,0,qac_v0.4_aligned,numbered_aligned
5:49,5:49:2:1,5:49:5:1,5:49:2,5:49:5,2MS,3MS,1,qac_v0.4_aligned,numbered_aligned
5:49,5:49:5:1,5:49:8:1,5:49:5,5:49:8,3MS,2MS,1,qac_v0.4_aligned,numbered_aligned
5:49,5:49:8:1,5:49:10:2,5:49:8,5:49:10,2MS,2MS,0,qac_v0.4_aligned,numbered_aligned
5:49,5:49:10:2,5:49:12:1,5:49:10,5:49:12,2MS,3MP,1,qac_v0.4_aligned,numbered_aligned
5:49,5:49:12:1,5:49:16:1,5:49:12,5:49:16,3MP,3MS,0,qac_v0.4_aligned,numbered_aligned
5:49,5:49:16:1,5:49:20:1,5:49:16,5:49:20,3MS,3MP,0,qac_v0.4_aligned,numbered_aligned
5:49,5:49:20:1,5:49:21:2,5:49:20,5:49:21,3MP,2MS,1,qac_v0.4_aligned,numbered_aligned
5:49,5:49:21:2,5:49:23:1,5:49:21,5:49:23,2MS,3MS,1,qac_v0.4_aligned,numbered_aligned
5:49,5:49:23:1,5:49:26:1,5:49:23,5:49:26,3MS,3MS,0,qac_v0.4_aligned,numbered_aligned
5:50,5:50:3:1,5:50:10:1,5:50:3,5:50:10,3MP,3MP,0,qac_v0.4_aligned,numbered_aligned
5:51,5:51:5:1,5:51:13:1,5:51:6,5:51:14,2MP,3MS,1,qac_v0.4_aligned,numbered_aligned
5:52,5:52:1:2,5:52:6:1,5:52:1,5:52:6,2MS,3MP,1,qac_v0.4_aligned,numbered_aligned
5:52,5:52:6:1,5:52:8:1,5:52:6,5:52:8,3MP,3MP,0,qac_v0.4_aligned,numbered_aligned
5:52,5:52:8:1,5:52:9:1,5:52:8,5:52:9,3MP,1P,1,qac_v0.4_aligned,numbered_aligned
5:52,5:52:9:1,5:52:11:1,5:52:9,5:52:11,1P,3FS,1,qac_v0.4_aligned,numbered_aligned
5:52,5:52:11:1,5:52:13:2,5:52:11,5:52:13,3FS,3MS,0,qac_v0.4_aligned,numbered_aligned
5:52,5:52:22:2,5:52:25:1,5:52:22,5:52:25,3MP,3MP,0,qac_v0.4_aligned,numbered_aligned
5:53,5:53:6:1,5:53:12:1,5:53:6,5:53:12,3MP,3FS,0,qac_v0.4_aligned,numbered_aligned
5:53,5:53:12:1,5:53:14:2,5:53:12,5:53:14,3FS,3MP,0,qac_v0.4_aligned,numbered_aligned
5:54,5:54:13:1,5:54:14:2,5:54:14,5:54:15,3MS,3MP,0,qac_v0.4_aligned,numbered_aligned
5:54,5:54:14:2,5:54:21:1,5:54:15,5:54:22,3MP,3MP,0,qac_v0.4_aligned,numbered_aligned
5:54,5:54:21:1,5:54:26:1,5:54:22,5:54:27,3MP,3MP,0,qac_v0.4_aligned,numbered_aligned
5:54,5:54:26:1,5:54:32:1,5:54:27,5:54:33,3MP,3MS,0,qac_v0.4_aligned,numbered_aligned
5:54,5:54:32:1,5:54:34:1,5:54:33,5:54:35,3MS,3MS,0,qac_v0.4_aligned,numbered_aligned
5:55,5:55:8:1,5:55:10:2,5:55:8,5:55:10,3MP,3MP,0,qac_v0.4_aligned,numbered_aligned
5:57,5:57:5:1,5:57:7:1,5:57:6,5:57:8,2MP,3MP,1,qac_v0.4_aligned,numbered_aligned
5:57,5:57:7:1,5:57:13:1,5:57:8,5:57:14,3MP,3MP,0,qac_v0.4_aligned,numbered_aligned
5:57,5:57:13:1,5:57:19:2,5:57:14,5:57:20,3MP,2MP,1,qac_v0.4_aligned,numbered_aligned
5:57,5:57:19:2,5:57:22:1,5:57:20,5:57:23,2MP,2MP,0,qac_v0.4_aligned,numbered_aligned
5:58,5:58:2:1,5:58:5:1,5:58:2,5:58:5,2MP,3MP,1,qac_v0.4_aligned,numbered_aligned
5:58,5:58:5:1,5:58:12:1,5:58:5,5:58:12,3MP,3MP,0,qac_v0.4_aligned,numbered_aligned
5:59,5:59:1:1,5:59:5:1,5:59:1,5:59:6,2MS,2MP,0,qac_v0.4_aligned,numbered_aligned
5:59,5:59:12:1,5:59:15:1,5:59:13,5:59:16,3MS,3MS,0,qac_v0.4_aligned,numbered_aligned
5:60,5:60:1:1,5:60:3:1,5:60:1,5:60:3,2MS,1S,1,qac_v0.4_aligned,numbered_aligned
5:60,5:60:3:1,5:60:11:1,5:60:3,5:60:11,1S,3MS,1,qac_v0.4_aligned,numbered_aligned
5:60,5:60:11:1,5:60:13:2,5:60:11,5:60:13,3MS,3MS,0,qac_v0.4_aligned,numbered_aligned
5:60,5:60:13:2,5:60:15:2,5:60:13,5:60:15,3MS,3MS,0,qac_v0.4_aligned,numbered_aligned
5:60,5:60:15:2,5:60:19:2,5:60:15,5:60:19,3MS,3MS,0,qac_v0.4_aligned,numbered_aligned
5:61,5:61:2:1,5:61:3:1,5:61:2,5:61:3,3MP,3MP,0,qac_v0.4_aligned,numbered_aligned
5:61,5:61:6:1,5:61:10:1,5:61:6,5:61:10,3MP,3MP,0,qac_v0.4_aligned,numbered_aligned
5:61,5:61:10:1,5:61:15:1,5:61:10,5:61:15,3MP,3MP,0,qac_v0.4_aligned,numbered_aligned
5:61,5:61:15:1,5:61:16:1,5:61:15,5:61:16,3MP,3MP,0,qac_v0.4_aligned,numbered_aligned
5:62,5:62:1:2,5:62:4:1,5:62:1,5:62:4,2MS,3MP,1,qac_v0.4_aligned,numbered_aligned
5:62,5:62:4:1,5:62:10:2,5:62:4,5:62:10,3MP,3MS,0,qac_v0.4_aligned,numbered_aligned
5:62,5:62:10:2,5:62:12:1,5:62:10,5:62:12,3MS,3MP,0,qac_v0.4_aligned,numbered_aligned
5:62,5:62:12:1,5:62:13:1,5:62:12,5:62:13,3MP,3MP,0,qac_v0.4_aligned,numbered_aligned
5:63,5:63:10:2,5:63:12:1,5:63:10,5:63:12,3MS,3MP,0,qac_v0.4_aligned,numbered_aligned
5:63,5:63:12:1,5:63:13:1,5:63:12,5:63:13,3MP,3MP,0,qac_v0.4_aligned,numbered_aligned
5:64,5:64:1:2,5:64:6:1,5:64:1,5:64:6,3FS,3FS,0,qac_v0.4_aligned,numbered_aligned
5:64,5:64:6:1,5:64:8:2,5:64:6,5:64:8,3FS,3MP,0,qac_v0.4_aligned,numbered_aligned
5:64,5:64:8:2,5:64:10:1,5:64:8,5:64:10,3MP,3MP,0,qac_v0.4_aligned,numbered_aligned
5:64,5:64:10:1,5:64:14:1,5:64:10,5:64:14,3MP,3MS,0,qac_v0.4_aligned,numbered_aligned
5:64,5:64:14:1,5:64:16:1,5:64:14,5:64:16,3MS,3MS,0,qac_v0.4_aligned,numbered_aligned
5:64,5:64:16:1,5:64:17:3,5:64:16,5:64:17,3MS,3MS,0,qac_v0.4_aligned,numbered_aligned
5:64,5:64:17:3,5:64:21:1,5:64:17,5:64:21,3MS,3MS,0,qac_v0.4_aligned,numbered_aligned
5:64,5:64:21:1,5:64:27:2,5:64:21,5:64:27,3MS,1P,1,qac_v0.4_aligned,numbered_aligned
5:64,5:64:27:2,5:64:35:1,5:64:27,5:64:35,1P,3MP,1,qac_v0.4_aligned,numbered_aligned
5:64,5:64:35:1,5:64:38:1,5:64:35,5:64:38,3MP,3MS,0,qac_v0.4_aligned,numbered_aligned
5:64,5:64:38:1,5:64:40:2,5:64:38,5:64:40,3MS,3MP,0,qac_v0.4_aligned,numbered_aligned
5:64,5:64:40:2,5:64:46:1,5:64:40,5:64:46,3MP,3MS,0,qac_v0.4_aligned,numbered_aligned
5:65,5:65:6:2,5:65:7:2,5:65:6,5:65:7,3MP,1P,1,qac_v0.4_aligned,numbered_aligned
5:65,5:65:7:2,5:65:10:3,5:65:7,5:65:10,1P,1P,0,qac_v0.4_aligned,numbered_aligned
5:66,5:66:3:1,5:66:7:1,5:66:3,5:66:7,3MP,3MS,0,qac_v0.4_aligned,numbered_aligned
5:66,5:66:7:1,5:66:11:2,5:66:7,5:66:11,3MS,3MP,0,qac_v0.4_aligned,numbered_aligned
5:66,5:66:11:2,5:66:22:1,5:66:11,5:66:22,3MP,3MS,0,qac_v0.4_aligned,numbered_aligned
5:66,5:66:22:1,5:66:24:1,5:66:22,5:66:24,3MS,3MP,0,qac_v0.4_aligned,numbered_aligned
5:67,5:67:3:1,5:67:5:1,5:67:4,5:67:6,2MS,3MS,1,qac_v0.4_aligned,numbered_aligned
5:67,5:67:5:1,5:67:11:1,5:67:6,5:67:12,3MS,2MS,1,qac_v0.4_aligned,numbered_aligned
5:67,5:67:11:1,5:67:13:1,5:67:12,5:67:14,2MS,2MS,0,qac_v0.4_aligned,numbered_aligned
5:67,5:67:13:1,5:67:16:1,5:67:14,5:67:17,2MS,3MS,1,qac_v0.4_aligned,numbered_aligned
5:68,5:68:1:1,5:68:4:1,5:68:1,5:68:5,2MS,2MP,0,qac_v0.4_aligned,numbered_aligned
5:68,5:68:4:1,5:68:8:1,5:68:5,5:68:9,2MP,2MP,0,qac_v0.4_aligned,numbered_aligned
5:68,5:68:8:1,5:68:12:1,5:68:9,5:68:13,2MP,3MS,1,qac_v0.4_aligned,numbered_aligned
5:68,5:68:12:1,5:68:16:3,5:68:13,5:68:17,3MS,3MS,0,qac_v0.4_aligned,numbered_aligned
5:68,5:68:16:3,5:68:20:1,5:68:17,5:68:21,3MS,3MS,0,qac_v0.4_aligned,numbered_aligned
5:68,5:68:20:1,5:68:27:1,5:68:21,5:68:28,3MS,2MS,1,qac_v0.4_aligned,numbered_aligned
5:69,5:69:13:2,5:69:20:1,5:69:13,5:69:20,3MS,3MP,0,qac_v0.4_aligned,numbered_aligned
5:70,5:70:2:1,5:70:6:2,5:70:2,5:70:6,1P,1P,0,qac_v0.4_aligned,numbered_aligned
5:70,5:70:6:2,5:70:10:1,5:70:6,5:70:10,1P,3MS,1,qac_v0.4_aligned,numbered_aligned
5:70,5:70:10:1,5:70:14:1,5:70:10,5:70:14,3MS,3FS,0,qac_v0.4_aligned,numbered_aligned
5:70,5:70:14:1,5:70:17:1,5:70:14,5:70:17,3FS,3MP,0,qac_v0.4_aligned,numbered_aligned
5:70,5:70:17:1,5:70:19:1,5:70:17,5:70:19,3MP,3MP,0,qac_v0.4_aligned,numbered_aligned
5:71,5:71:1:2,5:71:3:1,5:71:1,5:71:3,3MP,3FS,0,qac_v0.4_aligned,numbered_aligned
5:71,5:71:3:1,5:71:5:2,5:71:3,5:71:5,3FS,3MP,0,qac_v0.4_aligned,numbered_aligned
5:71,5:71:5:2,5:71:6:2,5:71:5,5:71:6,3MP,3MP,0,qac_v0.4_aligned,numbered_aligned
5:71,5:71:6:2,5:71:8:1,5:71:6,5:71:8,3MP,3MS,0,qac_v0.4_aligned,numbered_aligned
5:71,5:71:8:1,5:71:12:1,5:71:8,5:71:12,3MS,3MP,0,qac_v0.4_aligned,numbered_aligned
5:71,5:71:12:1,5:71:13:2,5:71:12,5:71:13,3MP,3MP,0,qac_v0.4_aligned,numbered_aligned
5:71,5:71:13:2,5:71:19:1,5:71:13,5:71:19,3MP,3MP,0,qac_v0.4_aligned,numbered_aligned
5:73,5:73:2:1,5:73:4:1,5:73:2,5:73:4,3MS,3MP,0,qac_v0.4_aligned,numbered_aligned
5:73,5:73:4:1,5:73:17:1,5:73:4,5:73:17,3MP,3MP,0,qac_v0.4_aligned,numbered_aligned
5:73,5:73:17:1,5:73:19:1,5:73:17,5:73:19,3MP,3MP,0,qac_v0.4_aligned,numbered_aligned
5:73,5:73:19:1,5:73:20:2,5:73:19,5:73:20,3MP,3MS,0,qac_v0.4_aligned,numbered_aligned
5:73,5:73:20:2,5:73:22:1,5:73:20,5:73:22,3MS,3MP,0,qac_v0.4_aligned,numbered_aligned
5:74,5:74:2:1,5:74:5:2,5:74:2,5:74:5,3MP,3MP,0,qac_v0.4_aligned,numbered_aligned
5:75,5:75:8:1,5:75:14:1,5:75:8,5:75:14,3FS,3MD,0,qac_v0.4_aligned,numbered_aligned
5:75,5:75:14:1,5:75:15:1,5:75:14,5:75:15,3MD,3MD,0,qac_v0.4_aligned,numbered_aligned
5:75,5:75:15:1,5:75:17:1,5:75:15,5:75:17,3MD,2MS,1,qac_v0.4_aligned,numbered_aligned
5:75,5:75:17:1,5:75:19:1,5:75:17,5:75:19,2MS,1P,1,qac_v0.4_aligned,numbered_aligned
5:75,5:75:19:1,5:75:23:1,5:75:19,5:75:23,1P,2MS,1,qac_v0.4_aligned,numbered_aligned
5:75,5:75:23:1,5:75:25:1,5:75:23,5:75:25,2MS,3MP,1,qac_v0.4_aligned,numbered_aligned
5:76,5:76:1:1,5:76:2:2,5:76:1,5:76:2,2MS,2MP,0,qac_v0.4_aligned,numbered_aligned
5:76,5:76:2:2,5:76:8:1,5:76:2,5:76:8,2MP,3MS,1,qac_v0.4_aligned,numbered_aligned
5:77,5:77:1:1,5:77:5:1,5:77:1,5:77:6,2MS,2D,0,qac_v0.4_aligned,numbered_aligned
5:77,5:77:5:1,5:77:11:1,5:77:6,5:77:12,2D,2MP,0,qac_v0.4_aligned,numbered_aligned
5:77,5:77:11:1,5:77:15:1,5:77:12,5:77:16,2MP,3MP,1,qac_v0.4_aligned,numbered_aligned
5:77,5:77:15:1,5:77:18:2,5:77:16,5:77:19,3MP,3MP,0,qac_v0.4_aligned,numbered_aligned
5:77,5:77:18:2,5:77:20:2,5:77:19,5:77:21,3MP,3MP,0,qac_v0.4_aligned,numbered_aligned
5:78,5:78:1:1,5:78:3:1,5:78:1,5:78:3,3MS,3MP,0,qac_v0.4_aligned,numbered_aligned
5:78,5:78:3:1,5:78:15:1,5:78:3,5:78:15,3MP,3MP,0,qac_v0.4_aligned,numbered_aligned
5:78,5:78:15:1,5:78:16:2,5:78:15,5:78:16,3MP,3MP,0,qac_v0.4_aligned,numbered_aligned
5:78,5:78:16:2,5:78:17:1,5:78:16,5:78:17,3MP,3MP,0,qac_v0.4_aligned,numbered_aligned
5:79,5:79:1:1,5:79:3:1,5:79:1,5:79:3,3MP,3MP,0,qac_v0.4_aligned,numbered_aligned
5:79,5:79:3:1,5:79:6:1,5:79:3,5:79:6,3MP,3MP,0,qac_v0.4_aligned,numbered_aligned
5:79,5:79:6:1,5:79:7:2,5:79:6,5:79:7,3MP,3MS,0,qac_v0.4_aligned,numbered_aligned
5:79,5:79:7:2,5:79:9:1,5:79:7,5:79:9,3MS,3MP,0,qac_v0.4_aligned,numbered_aligned
5:79,5:79:9:1,5:79:10:1,5:79:9,5:79:10,3MP,3MP,0,qac_v0.4_aligned,numbered_aligned
5:80,5:80:1:1,5:80:4:1,5:80:1,5:80:4,2MS,3MP,1,qac_v0.4_aligned,numbered_aligned
5:80,5:80:4:1,5:80:6:1,5:80:4,5:80:6,3MP,3MP,0,qac_v0.4_aligned,numbered_aligned
5:80,5:80:6:1,5:80:7:2,5:80:6,5:80:7,3MP,3MS,0,qac_v0.4_aligned,numbered_aligned
5:80,5:80:7:2,5:80:9:1,5:80:7,5:80:9,3MS,3FS,0,qac_v0.4_aligned,numbered_aligned
5:80,5:80:9:1,5:80:13:1,5:80:9,5:80:13,3FS,3MS,0,qac_v0.4_aligned,numbered_aligned
5:81,5:81:2:1,5:81:3:1,5:81:2,5:81:3,3MP,3MP,0,qac_v0.4_aligned,numbered_aligned
5:81,5:81:3:1,5:81:7:1,5:81:3,5:81:7,3MP,3MS,0,qac_v0.4_aligned,numbered_aligned
5:81,5:81:7:1,5:81:10:1,5:81:7,5:81:10,3MS,3MP,0,qac_v0.4_aligned,numbered_aligned
5:82,5:82:9:1,5:82:10:3,5:82:9,5:82:10,3MP,2MS,1,qac_v0.4_aligned,numbered_aligned
5:82,5:82:16:1,5:82:26:1,5:82:16,5:82:26,3MP,3MP,0,qac_v0.4_aligned,numbered_aligned
5:83,5:83:2:1,5:83:4:1,5:83:2,5:83:4,3MP,3MS,0,qac_v0.4_aligned,numbered_aligned
5:83,5:83:4:1,5:83:7:1,5:83:4,5:83:7,3MS,2MS,1,qac_v0.4_aligned,numbered_aligned
5:83,5:83:7:1,5:83:9:1,5:83:7,5:83:9,2MS,3FS,1,qac_v0.4_aligned,numbered_aligned
5:83,5:83:9:1,5:83:13:1,5:83:9,5:83:13,3FS,3MP,0,qac_v0.4_aligned,numbered_aligned
5:83,5:83:13:1,5:83:16:1,5:83:13,5:83:16,3MP,3MP,0,qac_v0.4_aligned,numbered_aligned
5:84,5:84:4:1,5:84:7:1,5:84:4,5:84:7,1P,3MS,1,qac_v0.4_aligned,numbered_aligned
5:84,5:84:7:1,5:84:10:2,5:84:7,5:84:10,3MS,1P,1,qac_v0.4_aligned,numbered_aligned
5:84,5:84:10:2,5:84:12:1,5:84:10,5:84:12,1P,3MS,1,qac_v0.4_aligned,numbered_aligned
5:85,5:85:1:2,5:85:4:1,5:85:1,5:85:4,3MS,3MP,0,qac_v0.4_aligned,numbered_aligned
5:86,5:86:2:1,5:86:3:2,5:86:2,5:86:3,3MP,3MP,0,qac_v0.4_aligned,numbered_aligned
5:87,5:87:5:1,5:87:8:1,5:87:6,5:87:9,2MP,3MS,1,qac_v0.4_aligned,numbered_aligned
5:87,5:87:8:1,5:87:12:1,5:87:9,5:87:13,3MS,2MP,1,qac_v0.4_aligned,numbered_aligned
5:87,5:87:12:1,5:87:16:1,5:87:13,5:87:17,2MP,3MS,1,qac_v0.4_aligned,numbered_aligned
5:88,5:88:1:2,5:88:3:1,5:88:1,5:88:3,2MP,3MS,1,qac_v0.4_aligned,numbered_aligned
5:88,5:88:3:1,5:88:7:2,5:88:3,5:88:7,3MS,2MP,1,qac_v0.4_aligned,numbered_aligned
5:89,5:89:2:1,5:89:8:1,5:89:2,5:89:8,3MS,3MS,0,qac_v0.4_aligned,numbered_aligned
5:89,5:89:8:1,5:89:10:1,5:89:8,5:89:10,3MS,2MP,1,qac_v0.4_aligned,numbered_aligned
5:89,5:89:10:1,5:89:19:1,5:89:10,5:89:19,2MP,2MP,0,qac_v0.4_aligned,numbered_aligned
5:89,5:89:19:1,5:89:28:1,5:89:19,5:89:28,2MP,3MS,1,qac_v0.4_aligned,numbered_aligned
5:89,5:89:28:1,5:89:36:1,5:89:28,5:89:36,3MS,2MP,1,qac_v0.4_aligned,numbered_aligned
5:89,5:89:36:1,5:89:37:2,5:89:36,5:89:37,2MP,2MP,0,qac_v0.4_aligned,numbered_aligned
5:89,5:89:37:2,5:89:40:1,5:89:37,5:89:40,2MP,3MS,1,qac_v0.4_aligned,numbered_aligned
5:89,5:89:40:1,5:89:45:1,5:89:40,5:89:45,3MS,2MP,1,qac_v0.4_aligned,numbered_aligned
5:90,5:90:13:2,5:90:15:1,5:90:14,5:90:16,2MP,2MP,0,qac_v0.4_aligned,numbered_aligned
5:91,5:91:2:1,5:91:5:1,5:91:2,5:91:5,3MS,3MS,0,qac_v0.4_aligned,numbered_aligned
5:91,5:91:5:1,5:91:12:2,5:91:5,5:91:12,3MS,3MS,0,qac_v0.4_aligned,numbered_aligned
5:92,5:92:1:2,5:92:3:2,5:92:1,5:92:3,2MP,2MP,0,qac_v0.4_aligned,numbered_aligned
5:92,5:92:3:2,5:92:5:2,5:92:3,5:92:5,2MP,2MP,0,qac_v0.4_aligned,numbered_aligned
5:92,5:92:5:2,5:92:7:1,5:92:5,5:92:7,2MP,2MP,0,qac_v0.4_aligned,numbered_aligned
5:92,5:92:7:1,5:92:8:2,5:92:7,5:92:8,2MP,2MP,0,qac_v0.4_aligned,numbered_aligned
5:93,5:93:5:2,5:93:9:1,5:93:5,5:93:9,3MP,3MP,0,qac_v0.4_aligned,numbered_aligned
5:93,5:93:9:1,5:93:12:1,5:93:9,5:93:12,3MP,3MP,0,qac_v0.4_aligned,numbered_aligned
5:93,5:93:14:2,5:93:17:1,5:93:14,5:93:17,3MP,3MP,0,qac_v0.4_aligned,numbered_aligned
5:93,5:93:20:1,5:93:21:2,5:93:20,5:93:21,3MP,3MP,0,qac_v0.4_aligned,numbered_aligned
5:93,5:93:21:2,5:93:23:1,5:93:21,5:93:23,3MP,3MS,0,qac_v0.4_aligned,numbered_aligned
5:94,5:94:4:2,5:94:9:1,5:94:5,5:94:10,3MS,3FS,0,qac_v0.4_aligned,numbered_aligned
5:94,5:94:9:1,5:94:12:2,5:94:10,5:94:13,3FS,3MS,0,qac_v0.4_aligned,numbered_aligned
5:94,5:94:12:2,5:94:15:1,5:94:13,5:94:16,3MS,3MS,0,qac_v0.4_aligned,numbered_aligned
5:94,5:94:15:1,5:94:18:1,5:94:16,5:94:19,3MS,3MS,0,qac_v0.4_aligned,numbered_aligned
5:95,5:95:5:1,5:95:10:1,5:95:6,5:95:11,2MP,3MS,1,qac_v0.4_aligned,numbered_aligned
5:95,5:95:10:1,5:95:16:1,5:95:11,5:95:17,3MS,3MS,0,qac_v0.4_aligned,numbered_aligned
5:95,5:95:16:1,5:95:19:1,5:95:17,5:95:20,3MS,3MS,0,qac_v0.4_aligned,numbered_aligned
5:95,5:95:19:1,5:95:35:2,5:95:20,5:95:36,3MS,3MS,0,qac_v0.4_aligned,numbered_aligned
5:95,5:95:35:2,5:95:38:1,5:95:36,5:95:39,3MS,3MS,0,qac_v0.4_aligned,numbered_aligned
5:95,5:95:38:1,5:95:41:1,5:95:39,5:95:42,3MS,3MS,0,qac_v0.4_aligned,numbered_aligned
5:95,5:95:41:1,5:95:43:1,5:95:42,5:95:44,3MS,3MS,0,qac_v0.4_aligned,numbered_aligned
5:95,5:95:43:1,5:95:44:2,5:95:44,5:95:45,3MS,3MS,0,qac_v0.4_aligned,numbered_aligned
5:96,5:96:1:1,5:96:9:2,5:96:1,5:96:9,3MS,3MS,0,qac_v0.4_aligned,numbered_aligned
5:96,5:96:9:2,5:96:14:1,5:96:9,5:96:14,3MS,2MP,1,qac_v0.4_aligned,numbered_aligned
5:96,5:96:14:1,5:96:16:2,5:96:14,5:96:16,2MP,2MP,0,qac_v0.4_aligned,numbered_aligned
5:96,5:96:16:2,5:96:20:1,5:96:16,5:96:20,2MP,2MP,0,qac_v0.4_aligned,numbered_aligned
5:97,5:97:1:1,5:97:13:2,5:97:1,5:97:13,3MS,2MP,1,qac_v0.4_aligned,numbered_aligned
5:97,5:97:13:2,5:97:16:1,5:97:13,5:97:16,2MP,3MS,1,qac_v0.4_aligned,numbered_aligned
5:99,5:99:7:1,5:99:9:1,5:99:7,5:99:9,3MS,2MP,1,qac_v0.4_aligned,numbered_aligned
5:99,5:99:9:1,5:99:11:1,5:99:9,5:99:11,2MP,2MP,0,qac_v0.4_aligned,numbered_aligned
5:101,5:101:9:1,5:101:11:1,5:101:10,5:101:12,3FS,3FS,0,qac_v0.4_aligned,numbered_aligned
5:101,5:101:16:1,5:101:18:1,5:101:17,5:101:19,3MS,3FS,0,qac_v0.4_aligned,numbered_aligned
5:101,5:101:18:1,5:101:20:1,5:101:19,5:101:21,3FS,3MS,0,qac_v0.4_aligned,numbered_aligned
5:102,5:102:2:1,5:102:7:1,5:102:2,5:102:7,3MS,3MP,0,qac_v0.4_aligned,numbered_aligned
5:103,5:103:2:1,5:103:14:1,5:103:2,5:103:14,3MS,3MP,0,qac_v0.4_aligned,numbered_aligned
5:103,5:103:14:1,5:103:15:1,5:103:14,5:103:15,3MP,3MP,0,qac_v0.4_aligned,numbered_aligned
5:103,5:103:15:1,5:103:21:1,5:103:15,5:103:21,3MP,3MP,0,qac_v0.4_aligned,numbered_aligned
5:104,5:104:2:1,5:104:4:1,5:104:2,5:104:4,3MS,2MP,1,qac_v0.4_aligned,numbered_aligned
5:104,5:104:4:1,5:104:7:1,5:104:4,5:104:7,2MP,3MS,1,qac_v0.4_aligned,numbered_aligned
5:104,5:104:7:1,5:104:11:1,5:104:7,5:104:11,3MS,3MP,0,qac_v0.4_aligned,numbered_aligned
5:104,5:104:11:1,5:104:14:1,5:104:11,5:104:14,3MP,1P,1,qac_v0.4_aligned,numbered_aligned
5:104,5:104:14:1,5:104:18:1,5:104:14,5:104:18,1P,3MS,1,qac_v0.4_aligned,numbered_aligned
5:104,5:104:18:1,5:104:21:1,5:104:18,5:104:21,3MS,3MP,0,qac_v0.4_aligned,numbered_aligned
5:104,5:104:21:1,5:104:24:1,5:104:21,5:104:24,3MP,3MP,0,qac_v0.4_aligned,numbered_aligned
5:105,5:105:7:1,5:105:9:1,5:105:8,5:105:10,3MS,3MS,0,qac_v0.4_aligned,numbered_aligned
5:105,5:105:9:1,5:105:11:1,5:105:10,5:105:12,3MS,2MP,1,qac_v0.4_aligned,numbered_aligned
5:105,5:105:11:1,5:105:16:2,5:105:12,5:105:17,2MP,3MS,1,qac_v0.4_aligned,numbered_aligned
5:105,5:105:16:2,5:105:18:1,5:105:17,5:105:19,3MS,2MP,1,qac_v0.4_aligned,numbered_aligned
5:105,5:105:18:1,5:105:19:1,5:105:19,5:105:20,2MP,2MP,0,qac_v0.4_aligned,numbered_aligned
5:106,5:106:7:1,5:106:22:1,5:106:8,5:106:23,3MS,2MP,1,qac_v0.4_aligned,numbered_aligned
5:106,5:106:22:1,5:106:25:2,5:106:23,5:106:26,2MP,3FS,1,qac_v0.4_aligned,numbered_aligned
5:106,5:106:25:2,5:106:28:1,5:106:26,5:106:29,3FS,2MP,1,qac_v0.4_aligned,numbered_aligned
5:106,5:106:28:1,5:106:32:2,5:106:29,5:106:33,2MP,3MD,1,qac_v0.4_aligned,numbered_aligned
5:106,5:106:32:2,5:106:35:1,5:106:33,5:106:36,3MD,2MP,1,qac_v0.4_aligned,numbered_aligned
5:106,5:106:41:1,5:106:45:1,5:106:42,5:106:46,3MS,1P,1,qac_v0.4_aligned,numbered_aligned
5:107,5:107:2:1,5:107:5:1,5:107:2,5:107:5,3MS,3MD,0,qac_v0.4_aligned,numbered_aligned
5:107,5:107:5:1,5:107:8:1,5:107:5,5:107:8,3MD,3MD,0,qac_v0.4_aligned,numbered_aligned
5:107,5:107:8:1,5:107:12:1,5:107:8,5:107:12,3MD,3MS,0,qac_v0.4_aligned,numbered_aligned
5:107,5:107:12:1,5:107:15:2,5:107:12,5:107:15,3MS,3MD,0,qac_v0.4_aligned,numbered_aligned
5:107,5:107:15:2,5:107:22:1,5:107:15,5:107:22,3MD,1P,1,qac_v0.4_aligned,numbered_aligned
5:108,5:108:4:1,5:108:9:1,5:108:4,5:108:9,3MP,3MP,0,qac_v0.4_aligned,numbered_aligned
5:108,5:108:9:1,5:108:11:1,5:108:9,5:108:11,3MP,3FS,0,qac_v0.4_aligned,numbered_aligned
5:108,5:108:11:1,5:108:15:2,5:108:11,5:108:15,3FS,2MP,1,qac_v0.4_aligned,numbered_aligned
5:108,5:108:15:2,5:108:17:2,5:108:15,5:108:17,2MP,2MP,0,qac_v0.4_aligned,numbered_aligned
5:109,5:109:2:1,5:109:5:2,5:109:2,5:109:5,3MS,3MS,0,qac_v0.4_aligned,numbered_aligned
5:109,5:109:5:2,5:109:7:1,5:109:5,5:109:7,3MS,2MP,1,qac_v0.4_aligned,numbered_aligned
5:109,5:109:7:1,5:109:8:1,5:109:7,5:109:8,2MP,3MP,1,qac_v0.4_aligned,numbered_aligned
5:110,5:110:2:1,5:110:7:1,5:110:2,5:110:8,3MS,2MS,1,qac_v0.4_aligned,numbered_aligned
5:110,5:110:7:1,5:110:13:1,5:110:8,5:110:14,2MS,1S,1,qac_v0.4_aligned,numbered_aligned
5:110,5:110:13:1,5:110:16:1,5:110:14,5:110:17,1S,2MS,1,qac_v0.4_aligned,numbered_aligned
5:110,5:110:16:1,5:110:22:1,5:110:17,5:110:23,2MS,1S,1,qac_v0.4_aligned,numbered_aligned
5:110,5:110:22:1,5:110:28:1,5:110:23,5:110:29,1S,2MS,1,qac_v0.4_aligned,numbered_aligned
5:110,5:110:28:1,5:110:34:2,5:110:29,5:110:35,2MS,2MS,0,qac_v0.4_aligned,numbered_aligned
5:110,5:110:34:2,5:110:36:2,5:110:35,5:110:37,2MS,3FS,1,qac_v0.4_aligned,numbered_aligned
5:110,5:110:36:2,5:110:39:2,5:110:37,5:110:40,3FS,2MS,1,qac_v0.4_aligned,numbered_aligned
5:110,5:110:39:2,5:110:44:1,5:110:40,5:110:45,2MS,2MS,0,qac_v0.4_aligned,numbered_aligned
5:110,5:110:44:1,5:110:48:1,5:110:45,5:110:49,2MS,1S,1,qac_v0.4_aligned,numbered_aligned
5:110,5:110:48:1,5:110:53:1,5:110:49,5:110:54,1S,2MS,1,qac_v0.4_aligned,numbered_aligned
5:110,5:110:53:1,5:110:55:2,5:110:54,5:110:56,2MS,3MS,1,qac_v0.4_aligned,numbered_aligned
5:110,5:110:55:2,5:110:57:1,5:110:56,5:110:58,3MS,3MP,0,qac_v0.4_aligned,numbered_aligned
5:112,5:112:2:1,5:112:8:1,5:112:2,5:112:9,3MS,3MS,0,qac_v0.4_aligned,numbered_aligned
5:112,5:112:8:1,5:112:11:1,5:112:9,5:112:12,3MS,3MS,0,qac_v0.4_aligned,numbered_aligned
5:112,5:112:11:1,5:112:16:1,5:112:12,5:112:17,3MS,3MS,0,qac_v0.4_aligned,numbered_aligned
5:112,5:112:16:1,5:112:17:1,5:112:17,5:112:18,3MS,2MP,1,qac_v0.4_aligned,numbered_aligned
5:112,5:112:17:1,5:112:20:1,5:112:18,5:112:21,2MP,2MP,0,qac_v0.4_aligned,numbered_aligned
5:113,5:113:1:1,5:113:2:1,5:113:1,5:113:2,3MP,1P,1,qac_v0.4_aligned,numbered_aligned
5:113,5:113:2:1,5:113:4:1,5:113:2,5:113:4,1P,1P,0,qac_v0.4_aligned,numbered_aligned
5:113,5:113:4:1,5:113:6:2,5:113:4,5:113:6,1P,3FS,1,qac_v0.4_aligned,numbered_aligned
5:113,5:113:6:2,5:113:8:2,5:113:6,5:113:8,3FS,1P,1,qac_v0.4_aligned,numbered_aligned
5:113,5:113:8:2,5:113:11:1,5:113:8,5:113:11,1P,2MS,1,qac_v0.4_aligned,numbered_aligned
5:113,5:113:11:1,5:113:12:2,5:113:11,5:113:12,2MS,1P,1,qac_v0.4_aligned,numbered_aligned
5:114,5:114:1:1,5:114:7:1,5:114:1,5:114:7,3MS,2MS,1,qac_v0.4_aligned,numbered_aligned
5:114,5:114:7:1,5:114:12:1,5:114:7,5:114:12,2MS,3FS,1,qac_v0.4_aligned,numbered_aligned
5:114,5:114:12:1,5:114:19:2,5:114:12,5:114:19,3FS,2MS,1,qac_v0.4_aligned,numbered_aligned
5:115,5:115:1:1,5:115:7:1,5:115:1,5:115:7,3MS,3MS,0,qac_v0.4_aligned,numbered_aligned
5:115,5:115:7:1,5:115:11:1,5:115:7,5:115:11,3MS,1S,1,qac_v0.4_aligned,numbered_aligned
5:115,5:115:11:1,5:115:14:1,5:115:11,5:115:14,1S,1S,0,qac_v0.4_aligned,numbered_aligned
5:116,5:116:2:1,5:116:8:1,5:116:2,5:116:9,3MS,2MS,1,qac_v0.4_aligned,numbered_aligned
5:116,5:116:16:1,5:116:19:1,5:116:17,5:116:20,3MS,3MS,0,qac_v0.4_aligned,numbered_aligned
5:116,5:116:19:1,5:116:22:1,5:116:20,5:116:23,3MS,1S,1,qac_v0.4_aligned,numbered_aligned
5:116,5:116:22:1,5:116:24:1,5:116:23,5:116:25,1S,3MS,1,qac_v0.4_aligned,numbered_aligned
5:116,5:116:24:1,5:116:28:1,5:116:25,5:116:29,3MS,1S,1,qac_v0.4_aligned,numbered_aligned
5:116,5:116:28:1,5:116:29:1,5:116:29,5:116:30,1S,1S,0,qac_v0.4_aligned,numbered_aligned
5:116,5:116:29:1,5:116:31:1,5:116:30,5:116:32,1S,2MS,1,qac_v0.4_aligned,numbered_aligned
5:116,5:116:31:1,5:116:32:1,5:116:32,5:116:33,2MS,2MS,0,qac_v0.4_aligned,numbered_aligned
5:116,5:116:32:1,5:116:37:1,5:116:33,5:116:38,2MS,1S,1,qac_v0.4_aligned,numbered_aligned
5:117,5:117:9:1,5:117:13:2,5:117:9,5:117:13,2MP,1S,1,qac_v0.4_aligned,numbered_aligned
5:117,5:117:13:2,5:117:17:1,5:117:13,5:117:17,1S,1S,0,qac_v0.4_aligned,numbered_aligned
5:118,5:118:2:1,5:118:6:1,5:118:2,5:118:6,2MS,2MS,0,qac_v0.4_aligned,numbered_aligned
5:119,5:119:1:1,5:119:5:1,5:119:1,5:119:5,3MS,3MS,0,qac_v0.4_aligned,numbered_aligned
6:1,6:1:4:1,6:1:7:2,6:1:8,6:1:11,3MS,3MS,0,qac_v0.4_aligned,numbered_aligned
6:1,6:1:7:2,6:1:12:1,6:1:11,6:1:16,3MS,3MP,0,qac_v0.4_aligned,numbered_aligned
6:1,6:1:12:1,6:1:14:1,6:1:16,6:1:18,3MP,3MP,0,qac_v0.4_aligned,numbered_aligned
6:2,6:2:3:1,6:2:7:1,6:2:3,6:2:7,3MS,3MS,0,qac_v0.4_aligned,numbered_aligned
6:2,6:2:7:1,6:2:14:1,6:2:7,6:2:14,3MS,2MP,1,qac_v0.4_aligned,numbered_aligned
6:3,6:3:7:1,6:3:10:2,6:3:7,6:3:10,3MS,3MS,0,qac_v0.4_aligned,numbered_aligned
6:3,6:3:10:2,6:3:12:1,6:3:10,6:3:12,3MS,2MP,1,qac_v0.4_aligned,numbered_aligned
6:4,6:4:2:1,6:4:9:1,6:4:2,6:4:9,3FS,3MP,0,qac_v0.4_aligned,numbered_aligned
6:5,6:5:2:1,6:5:5:1,6:5:2,6:5:5,3MP,3MS,0,qac_v0.4_aligned,numbered_aligned
6:5,6:5:5:1,6:5:7:1,6:5:5,6:5:7,3MS,3MS,0,qac_v0.4_aligned,numbered_aligned
6:5,6:5:7:1,6:5:10:1,6:5:7,6:5:10,3MS,3MP,0,qac_v0.4_aligned,numbered_aligned
6:6,6:6:2:1,6:6:4:1,6:6:2,6:6:4,3MP,1P,1,qac_v0.4_aligned,numbered_aligned
6:6,6:6:4:1,6:6:9:1,6:6:4,6:6:9,1P,1P,0,qac_v0.4_aligned,numbered_aligned
6:6,6:6:9:1,6:6:14:1,6:6:9,6:6:14,1P,1P,0,qac_v0.4_aligned,numbered_aligned
6:6,6:6:14:1,6:6:16:2,6:6:14,6:6:16,1P,1P,0,qac_v0.4_aligned,numbered_aligned
6:6,6:6:16:2,6:6:20:2,6:6:16,6:6:20,1P,1P,0,qac_v0.4_aligned,numbered_aligned
6:6,6:6:25:2,6:6:27:2,6:6:25,6:6:27,1P,1P,0,qac_v0.4_aligned,numbered_aligned
6:7,6:7:2:1,6:7:7:2,6:7:2,6:7:7,1P,3MP,1,qac_v0.4_aligned,numbered_aligned
6:7,6:7:7:2,6:7:9:2,6:7:7,6:7:9,3MP,3MS,0,qac_v0.4_aligned,numbered_aligned
6:7,6:7:9:2,6:7:11:1,6:7:9,6:7:11,3MS,3MP,0,qac_v0.4_aligned,numbered_aligned
6:8,6:8:1:2,6:8:3:1,6:8:1,6:8:3,3MP,3MS,0,qac_v0.4_aligned,numbered_aligned
6:8,6:8:3:1,6:8:7:1,6:8:3,6:8:7,3MS,1P,1,qac_v0.4_aligned,numbered_aligned
6:9,6:9:2:1,6:9:4:2,6:9:2,6:9:4,1P,1P,0,qac_v0.4_aligned,numbered_aligned
6:9,6:9:4:2,6:9:6:3,6:9:4,6:9:6,1P,1P,0,qac_v0.4_aligned,numbered_aligned
6:9,6:9:6:3,6:9:9:1,6:9:6,6:9:9,1P,3MP,1,qac_v0.4_aligned,numbered_aligned
6:10,6:10:2:1,6:10:6:2,6:10:2,6:10:6,3MS,3MS,0,qac_v0.4_aligned,numbered_aligned
6:10,6:10:6:2,6:10:8:1,6:10:6,6:10:8,3MS,3MP,0,qac_v0.4_aligned,numbered_aligned
6:10,6:10:8:1,6:10:11:1,6:10:8,6:10:11,3MP,3MP,0,qac_v0.4_aligned,numbered_aligned
6:11,6:11:1:1,6:11:2:1,6:11:1,6:11:2,2MS,2MP,0,qac_v0.4_aligned,numbered_aligned
6:11,6:11:2:1,6:11:6:1,6:11:2,6:11:6,2MP,2MP,0,qac_v0.4_aligned,numbered_aligned
6:11,6:11:6:1,6:11:8:1,6:11:6,6:11:8,2MP,3MS,1,qac_v0.4_aligned,numbered_aligned
6:12,6:12:1:1,6:12:7:1,6:12:1,6:12:7,2MS,2MS,0,qac_v0.4_aligned,numbered_aligned
6:12,6:12:7:1,6:12:9:1,6:12:7,6:12:9,2MS,3MS,1,qac_v0.4_aligned,numbered_aligned
6:12,6:12:9:1,6:12:13:2,6:12:9,6:12:13,3MS,3MS,0,qac_v0.4_aligned,numbered_aligned
6:12,6:12:13:2,6:12:21:1,6:12:13,6:12:21,3MS,3MP,0,qac_v0.4_aligned,numbered_aligned
6:12,6:12:21:1,6:12:25:1,6:12:21,6:12:25,3MP,3MP,0,qac_v0.4_aligned,numbered_aligned
6:14,6:14:1:1,6:14:4:1,6:14:1,6:14:4,2MS,1S,1,qac_v0.4_aligned,numbered_aligned
6:14,6:14:4:1,6:14:10:1,6:14:4,6:14:10,1S,3MS,1,qac_v0.4_aligned,numbered_aligned
6:14,6:14:10:1,6:14:12:1,6:14:10,6:14:12,3MS,3MS,0,qac_v0.4_aligned,numbered_aligned
6:14,6:14:12:1,6:14:13:1,6:14:12,6:14:13,3MS,2MS,1,qac_v0.4_aligned,numbered_aligned
6:14,6:14:13:1,6:14:15:1,6:14:13,6:14:15,2MS,1S,1,qac_v0.4_aligned,numbered_aligned
6:14,6:14:15:1,6:14:17:1,6:14:15,6:14:17,1S,1S,0,qac_v0.4_aligned,numbered_aligned
6:14,6:14:17:1,6:14:20:1,6:14:17,6:14:20,1S,3MS,1,qac_v0.4_aligned,numbered_aligned
6:14,6:14:20:1,6:14:22:1,6:14:20,6:14:22,3MS,2MS,1,qac_v0.4_aligned,numbered_aligned
6:15,6:15:1:1,6:15:3:1,6:15:1,6:15:3,2MS,1S,1,qac_v0.4_aligned,numbered_aligned
6:15,6:15:3:1,6:15:5:1,6:15:3,6:15:5,1S,1S,0,qac_v0.4_aligned,numbered_aligned
6:16,6:16:2:1,6:16:6:1,6:16:2,6:16:6,3MS,3MS,0,qac_v0.4_aligned,numbered_aligned
6:17,6:17:2:1,6:17:11:1,6:17:2,6:17:11,3MS,3MS,0,qac_v0.4_aligned,numbered_aligned
6:19,6:19:1:1,6:19:6:1,6:19:1,6:19:6,2MS,2MS,0,qac_v0.4_aligned,numbered_aligned
6:19,6:19:15:2,6:19:18:1,6:19:15,6:19:18,1S,3MS,1,qac_v0.4_aligned,numbered_aligned
6:19,6:19:18:1,6:19:20:2,6:19:18,6:19:20,3MS,2MP,1,qac_v0.4_aligned,numbered_aligned
6:19,6:19:20:2,6:19:26:1,6:19:20,6:19:26,2MP,2MS,0,qac_v0.4_aligned,numbered_aligned
6:19,6:19:26:1,6:19:28:1,6:19:26,6:19:28,2MS,1S,1,qac_v0.4_aligned,numbered_aligned
6:19,6:19:28:1,6:19:29:1,6:19:28,6:19:29,1S,2MS,1,qac_v0.4_aligned,numbered_aligned
6:19,6:19:29:1,6:19:37:1,6:19:29,6:19:37,2MS,2MP,0,qac_v0.4_aligned,numbered_aligned
6:20,6:20:4:1,6:20:6:1,6:20:4,6:20:6,3MP,3MP,0,qac_v0.4_aligned,numbered_aligned
6:20,6:20:6:1,6:20:9:1,6:20:6,6:20:9,3MP,3MP,0,qac_v0.4_aligned,numbered_aligned
6:20,6:20:9:1,6:20:13:1,6:20:9,6:20:13,3MP,3MP,0,qac_v0.4_aligned,numbered_aligned
6:21,6:21:4:1,6:21:9:1,6:21:4,6:21:9,3MS,3MS,0,qac_v0.4_aligned,numbered_aligned
6:21,6:21:9:1,6:21:13:1,6:21:9,6:21:13,3MS,3MS,0,qac_v0.4_aligned,numbered_aligned
6:22,6:22:2:1,6:22:5:1,6:22:2,6:22:5,1P,1P,0,qac_v0.4_aligned,numbered_aligned
6:22,6:22:5:1,6:22:7:1,6:22:5,6:22:7,1P,3MP,1,qac_v0.4_aligned,numbered_aligned
6:22,6:22:7:1,6:22:11:1,6:22:7,6:22:11,3MP,2MP,1,qac_v0.4_aligned,numbered_aligned
6:22,6:22:11:1,6:22:12:1,6:22:11,6:22:12,2MP,2MP,0,qac_v0.4_aligned,numbered_aligned
6:23,6:23:3:1,6:23:7:1,6:23:3,6:23:7,3FS,3MP,0,qac_v0.4_aligned,numbered_aligned
6:23,6:23:7:1,6:23:11:1,6:23:7,6:23:11,3MP,1P,1,qac_v0.4_aligned,numbered_aligned
6:24,6:24:1:1,6:24:3:1,6:24:1,6:24:3,2MS,3MP,1,qac_v0.4_aligned,numbered_aligned
6:24,6:24:3:1,6:24:6:2,6:24:3,6:24:6,3MP,3MS,0,qac_v0.4_aligned,numbered_aligned
6:24,6:24:6:2,6:24:9:1,6:24:6,6:24:9,3MS,3MP,0,qac_v0.4_aligned,numbered_aligned
6:24,6:24:9:1,6:24:10:1,6:24:9,6:24:10,3MP,3MP,0,qac_v0.4_aligned,numbered_aligned
6:25,6:25:3:1,6:25:5:2,6:25:3,6:25:5,3MS,1P,1,qac_v0.4_aligned,numbered_aligned
6:25,6:25:5:2,6:25:10:1,6:25:5,6:25:10,1P,3MP,1,qac_v0.4_aligned,numbered_aligned
6:25,6:25:10:1,6:25:15:1,6:25:10,6:25:15,3MP,3MP,0,qac_v0.4_aligned,numbered_aligned
6:25,6:25:15:1,6:25:19:1,6:25:15,6:25:19,3MP,3MP,0,qac_v0.4_aligned,numbered_aligned
6:25,6:25:19:1,6:25:23:1,6:25:19,6:25:23,3MP,3MP,0,qac_v0.4_aligned,numbered_aligned
6:25,6:25:23:1,6:25:24:1,6:25:23,6:25:24,3MP,3MP,0,qac_v0.4_aligned,numbered_aligned
6:25,6:25:24:1,6:25:25:1,6:25:24,6:25:25,3MP,3MS,0,qac_v0.4_aligned,numbered_aligned
6:25,6:25:25:1,6:25:27:1,6:25:25,6:25:27,3MS,3MP,0,qac_v0.4_aligned,numbered_aligned
6:26,6:26:7:1,6:26:11:1,6:26:7,6:26:11,3MP,3MP,0,qac_v0.4_aligned,numbered_aligned
6:27,6:27:2:1,6:27:4:1,6:27:2,6:27:4,2MS,3MP,1,qac_v0.4_aligned,numbered_aligned
6:27,6:27:4:1,6:27:7:2,6:27:4,6:27:7,3MP,3MP,0,qac_v0.4_aligned,numbered_aligned
6:27,6:27:7:2,6:27:9:1,6:27:7,6:27:10,3MP,1P,1,qac_v0.4_aligned,numbered_aligned
6:27,6:27:9:1,6:27:11:1,6:27:10,6:27:12,1P,1P,0,qac_v0.4_aligned,numbered_aligned
6:27,6:27:11:1,6:27:14:2,6:27:12,6:27:15,1P,1P,0,qac_v0.4_aligned,numbered_aligned
6:28,6:28:2:1,6:28:5:1,6:28:2,6:28:5,3MS,3MP,0,qac_v0.4_aligned,numbered_aligned
6:28,6:28:5:1,6:28:6:1,6:28:5,6:28:6,3MP,3MP,0,qac_v0.4_aligned,numbered_aligned
6:28,6:28:6:1,6:28:10:1,6:28:6,6:28:10,3MP,3MP,0,qac_v0.4_aligned,numbered_aligned
6:28,6:28:10:1,6:28:11:2,6:28:10,6:28:11,3MP,3MP,0,qac_v0.4_aligned,numbered_aligned
6:28,6:28:11:2,6:28:13:1,6:28:11,6:28:13,3MP,3MP,0,qac_v0.4_aligned,numbered_aligned
6:30,6:30:2:1,6:30:4:1,6:30:2,6:30:4,2MS,3MP,1,qac_v0.4_aligned,numbered_aligned
6:30,6:30:4:1,6:30:7:1,6:30:4,6:30:7,3MP,3MS,0,qac_v0.4_aligned,numbered_aligned
6:30,6:30:7:1,6:30:8:2,6:30:7,6:30:8,3MS,3MS,0,qac_v0.4_aligned,numbered_aligned
6:30,6:30:8:2,6:30:11:1,6:30:8,6:30:11,3MS,3MP,0,qac_v0.4_aligned,numbered_aligned
6:30,6:30:11:1,6:30:14:1,6:30:11,6:30:14,3MP,3MS,0,qac_v0.4_aligned,numbered_aligned
6:30,6:30:14:1,6:30:15:2,6:30:14,6:30:15,3MS,2MP,1,qac_v0.4_aligned,numbered_aligned
6:30,6:30:15:2,6:30:18:1,6:30:15,6:30:18,2MP,2MP,0,qac_v0.4_aligned,numbered_aligned
6:30,6:30:18:1,6:30:19:1,6:30:18,6:30:19,2MP,2MP,0,qac_v0.4_aligned,numbered_aligned
6:31,6:31:2:1,6:31:4:1,6:31:2,6:31:4,3MS,3MP,0,qac_v0.4_aligned,numbered_aligned
6:31,6:31:4:1,6:31:9:1,6:31:4,6:31:9,3MP,3FS,0,qac_v0.4_aligned,numbered_aligned
6:31,6:31:9:1,6:31:12:1,6:31:9,6:31:12,3FS,3MP,0,qac_v0.4_aligned,numbered_aligned
6:31,6:31:12:1,6:31:16:1,6:31:12,6:31:17,3MP,1P,1,qac_v0.4_aligned,numbered_aligned
6:31,6:31:16:1,6:31:19:1,6:31:17,6:31:20,1P,3MP,1,qac_v0.4_aligned,numbered_aligned
6:31,6:31:19:1,6:31:24:1,6:31:20,6:31:25,3MP,3MS,0,qac_v0.4_aligned,numbered_aligned
6:31,6:31:24:1,6:31:26:1,6:31:25,6:31:27,3MS,3MP,0,qac_v0.4_aligned,numbered_aligned
6:32,6:32:11:1,6:32:13:1,6:32:11,6:32:13,3MP,2MP,1,qac_v0.4_aligned,numbered_aligned
6:33,6:33:2:1,6:33:4:2,6:33:2,6:33:4,1P,3MS,1,qac_v0.4_aligned,numbered_aligned
6:33,6:33:4:2,6:33:6:1,6:33:4,6:33:6,3MS,3MP,0,qac_v0.4_aligned,numbered_aligned
6:33,6:33:6:1,6:33:9:1,6:33:6,6:33:9,3MP,3MP,0,qac_v0.4_aligned,numbered_aligned
6:33,6:33:9:1,6:33:14:1,6:33:9,6:33:14,3MP,3MP,0,qac_v0.4_aligned,numbered_aligned
6:34,6:34:2:1,6:34:6:2,6:34:2,6:34:6,3FS,3MP,0,qac_v0.4_aligned,numbered_aligned
6:34,6:34:6:2,6:34:9:1,6:34:6,6:34:9,3MP,3MP,0,qac_v0.4_aligned,numbered_aligned
6:34,6:34:9:1,6:34:10:2,6:34:9,6:34:10,3MP,3MP,0,qac_v0.4_aligned,numbered_aligned
6:35,6:35:2:1,6:35:3:1,6:35:2,6:35:3,3MS,3MS,0,qac_v0.4_aligned,numbered_aligned
6:35,6:35:3:1,6:35:7:1,6:35:3,6:35:7,3MS,2MS,1,qac_v0.4_aligned,numbered_aligned
6:35,6:35:17:2,6:35:20:1,6:35:17,6:35:20,2MS,3MS,1,qac_v0.4_aligned,numbered_aligned
6:35,6:35:20:1,6:35:22:2,6:35:20,6:35:22,3MS,3MS,0,qac_v0.4_aligned,numbered_aligned
6:35,6:35:22:2,6:35:26:1,6:35:22,6:35:26,3MS,2MS,1,qac_v0.4_aligned,numbered_aligned
6:36,6:36:2:1,6:36:4:1,6:36:2,6:36:4,3MS,3MP,0,qac_v0.4_aligned,numbered_aligned
6:36,6:36:4:1,6:36:6:1,6:36:4,6:36:6,3MP,3MS,0,qac_v0.4_aligned,numbered_aligned
6:36,6:36:6:1,6:36:10:1,6:36:6,6:36:10,3MS,3MP,0,qac_v0.4_aligned,numbered_aligned
6:37,6:37:1:2,6:37:3:1,6:37:1,6:37:3,3MP,3MS,0,qac_v0.4_aligned,numbered_aligned
6:37,6:37:3:1,6:37:8:1,6:37:3,6:37:8,3MS,2MS,1,qac_v0.4_aligned,numbered_aligned
6:37,6:37:8:1,6:37:14:1,6:37:8,6:37:14,2MS,3MS,1,qac_v0.4_aligned,numbered_aligned
6:37,6:37:14:1,6:37:19:1,6:37:14,6:37:19,3MS,3MP,0,qac_v0.4_aligned,numbered_aligned
6:38,6:38:8:1,6:38:14:1,6:38:8,6:38:14,3MS,1P,1,qac_v0.4_aligned,numbered_aligned
6:38,6:38:14:1,6:38:22:1,6:38:14,6:38:22,1P,3MP,1,qac_v0.4_aligned,numbered_aligned
6:39,6:39:2:1,6:39:9:1,6:39:2,6:39:9,3MP,3MS,0,qac_v0.4_aligned,numbered_aligned
6:39,6:39:9:1,6:39:11:1,6:39:9,6:39:11,3MS,3MS,0,qac_v0.4_aligned,numbered_aligned
6:39,6:39:11:1,6:39:13:1,6:39:11,6:39:13,3MS,3MS,0,qac_v0.4_aligned,numbered_aligned
6:39,6:39:13:1,6:39:14:1,6:39:13,6:39:14,3MS,3MS,0,qac_v0.4_aligned,numbered_aligned
6:40,6:40:8:1,6:40:12:1,6:40:8,6:40:12,3FS,2MP,1,qac_v0.4_aligned,numbered_aligned
6:40,6:40:12:1,6:40:14:1,6:40:12,6:40:14,2MP,2MP,0,qac_v0.4_aligned,numbered_aligned
6:41,6:41:3:1,6:41:4:2,6:41:3,6:41:4,2MP,3MS,1,qac_v0.4_aligned,numbered_aligned
6:41,6:41:4:2,6:41:6:1,6:41:4,6:41:6,3MS,2MP,1,qac_v0.4_aligned,numbered_aligned
6:41,6:41:6:1,6:41:9:1,6:41:6,6:41:9,2MP,3MS,1,qac_v0.4_aligned,numbered_aligned
6:41,6:41:9:1,6:41:10:2,6:41:9,6:41:10,3MS,2MP,1,qac_v0.4_aligned,numbered_aligned
6:41,6:41:10:2,6:41:12:1,6:41:10,6:41:12,2MP,2MP,0,qac_v0.4_aligned,numbered_aligned
6:42,6:42:2:1,6:42:7:2,6:42:2,6:42:7,1P,1P,0,qac_v0.4_aligned,numbered_aligned
6:42,6:42:7:2,6:42:11:1,6:42:7,6:42:11,1P,3MP,1,qac_v0.4_aligned,numbered_aligned
6:43,6:43:3:1,6:43:5:1,6:43:3,6:43:5,3MS,3MP,0,qac_v0.4_aligned,numbered_aligned
6:43,6:43:5:1,6:43:7:1,6:43:5,6:43:7,3MP,3FS,0,qac_v0.4_aligned,numbered_aligned
6:43,6:43:7:1,6:43:9:2,6:43:7,6:43:9,3FS,3MS,0,qac_v0.4_aligned,numbered_aligned
6:43,6:43:9:2,6:43:13:1,6:43:9,6:43:13,3MS,3MP,0,qac_v0.4_aligned,numbered_aligned
6:43,6:43:13:1,6:43:14:1,6:43:13,6:43:14,3MP,3MP,0,qac_v0.4_aligned,numbered_aligned
6:44,6:44:2:1,6:44:4:1,6:44:2,6:44:4,3MP,3MP,0,qac_v0.4_aligned,numbered_aligned
6:44,6:44:4:1,6:44:6:1,6:44:4,6:44:6,3MP,1P,1,qac_v0.4_aligned,numbered_aligned
6:44,6:44:6:1,6:44:13:1,6:44:6,6:44:13,1P,3MP,1,qac_v0.4_aligned,numbered_aligned
6:44,6:44:13:1,6:44:15:1,6:44:13,6:44:15,3MP,3MP,0,qac_v0.4_aligned,numbered_aligned
6:44,6:44:15:1,6:44:16:1,6:44:15,6:44:16,3MP,1P,1,qac_v0.4_aligned,numbered_aligned
6:45,6:45:1:2,6:45:5:1,6:45:1,6:45:5,3MS,3MP,0,qac_v0.4_aligned,numbered_aligned
6:46,6:46:4:1,6:46:8:2,6:46:4,6:46:8,3MS,3MS,0,qac_v0.4_aligned,numbered_aligned
6:46,6:46:8:2,6:46:15:1,6:46:8,6:46:15,3MS,3MS,0,qac_v0.4_aligned,numbered_aligned
6:46,6:46:15:1,6:46:17:1,6:46:15,6:46:17,3MS,2MS,1,qac_v0.4_aligned,numbered_aligned
6:46,6:46:17:1,6:46:19:1,6:46:17,6:46:19,2MS,1P,1,qac_v0.4_aligned,numbered_aligned
6:46,6:46:19:1,6:46:23:1,6:46:19,6:46:23,1P,3MP,1,qac_v0.4_aligned,numbered_aligned
6:48,6:48:9:2,6:48:15:1,6:48:9,6:48:15,3MS,3MP,0,qac_v0.4_aligned,numbered_aligned
6:49,6:49:2:1,6:49:4:1,6:49:2,6:49:4,3MP,3MS,0,qac_v0.4_aligned,numbered_aligned
6:49,6:49:4:1,6:49:7:1,6:49:4,6:49:7,3MS,3MP,0,qac_v0.4_aligned,numbered_aligned
6:49,6:49:7:1,6:49:8:1,6:49:7,6:49:8,3MP,3MP,0,qac_v0.4_aligned,numbered_aligned
6:50,6:50:1:1,6:50:3:1,6:50:1,6:50:3,2MS,1S,1,qac_v0.4_aligned,numbered_aligned
6:50,6:50:3:1,6:50:9:1,6:50:3,6:50:9,1S,1S,0,qac_v0.4_aligned,numbered_aligned
6:50,6:50:9:1,6:50:12:1,6:50:9,6:50:12,1S,1S,0,qac_v0.4_aligned,numbered_aligned
6:50,6:50:12:1,6:50:17:1,6:50:12,6:50:17,1S,1S,0,qac_v0.4_aligned,numbered_aligned
6:50,6:50:17:1,6:50:20:1,6:50:17,6:50:20,1S,3MS,1,qac_v0.4_aligned,numbered_aligned
6:50,6:50:20:1,6:50:22:1,6:50:20,6:50:22,3MS,2MS,1,qac_v0.4_aligned,numbered_aligned
6:51,6:51:1:2,6:51:4:1,6:51:1,6:51:4,2MS,3MP,1,qac_v0.4_aligned,numbered_aligned
6:51,6:51:4:1,6:51:6:1,6:51:4,6:51:6,3MP,3MP,0,qac_v0.4_aligned,numbered_aligned
6:51,6:51:6:1,6:51:9:1,6:51:6,6:51:9,3MP,3MS,0,qac_v0.4_aligned,numbered_aligned
6:51,6:51:9:1,6:51:17:1,6:51:9,6:51:17,3MS,3MP,0,qac_v0.4_aligned,numbered_aligned
6:52,6:52:2:1,6:52:4:1,6:52:2,6:52:4,2MS,3MP,1,qac_v0.4_aligned,numbered_aligned
6:52,6:52:4:1,6:52:8:1,6:52:4,6:52:8,3MP,3MP,0,qac_v0.4_aligned,numbered_aligned
6:52,6:52:8:1,6:52:22:2,6:52:8,6:52:22,3MP,2MS,1,qac_v0.4_aligned,numbered_aligned
6:52,6:52:22:2,6:52:23:2,6:52:22,6:52:23,2MS,2MS,0,qac_v0.4_aligned,numbered_aligned
6:53,6:53:2:1,6:53:5:2,6:53:2,6:53:5,1P,3MP,1,qac_v0.4_aligned,numbered_aligned
6:53,6:53:5:2,6:53:7:1,6:53:5,6:53:7,3MP,3MS,0,qac_v0.4_aligned,numbered_aligned
6:53,6:53:7:1,6:53:12:2,6:53:7,6:53:12,3MS,3MS,0,qac_v0.4_aligned,numbered_aligned
6:54,6:54:2:1,6:54:4:1,6:54:2,6:54:4,3MS,3MP,0,qac_v0.4_aligned,numbered_aligned
6:54,6:54:4:1,6:54:6:2,6:54:4,6:54:6,3MP,2MS,1,qac_v0.4_aligned,numbered_aligned
6:54,6:54:6:2,6:54:9:1,6:54:6,6:54:9,2MS,3MS,1,qac_v0.4_aligned,numbered_aligned
6:54,6:54:9:1,6:54:16:1,6:54:9,6:54:16,3MS,3MS,0,qac_v0.4_aligned,numbered_aligned
6:54,6:54:16:1,6:54:21:1,6:54:16,6:54:21,3MS,3MS,0,qac_v0.4_aligned,numbered_aligned
6:54,6:54:21:1,6:54:24:2,6:54:21,6:54:24,3MS,3MS,0,qac_v0.4_aligned,numbered_aligned
6:55,6:55:2:1,6:55:4:3,6:55:2,6:55:4,1P,3FS,1,qac_v0.4_aligned,numbered_aligned
6:56,6:56:1:1,6:56:3:1,6:56:1,6:56:3,2MS,1S,1,qac_v0.4_aligned,numbered_aligned
6:56,6:56:3:1,6:56:5:1,6:56:3,6:56:5,1S,1S,0,qac_v0.4_aligned,numbered_aligned
6:56,6:56:5:1,6:56:7:1,6:56:5,6:56:7,1S,2MP,1,qac_v0.4_aligned,numbered_aligned
6:56,6:56:7:1,6:56:11:1,6:56:7,6:56:11,2MP,2MS,0,qac_v0.4_aligned,numbered_aligned
6:56,6:56:11:1,6:56:13:1,6:56:11,6:56:13,2MS,1S,1,qac_v0.4_aligned,numbered_aligned
6:56,6:56:13:1,6:56:16:1,6:56:13,6:56:16,1S,1S,0,qac_v0.4_aligned,numbered_aligned
6:57,6:57:1:1,6:57:7:2,6:57:1,6:57:7,2MS,2MP,0,qac_v0.4_aligned,numbered_aligned
6:57,6:57:7:2,6:57:12:1,6:57:7,6:57:12,2MP,2MP,0,qac_v0.4_aligned,numbered_aligned
6:57,6:57:12:1,6:57:18:1,6:57:12,6:57:18,2MP,3MS,1,qac_v0.4_aligned,numbered_aligned
6:58,6:58:1:1,6:58:6:1,6:58:1,6:58:6,2MS,2MP,0,qac_v0.4_aligned,numbered_aligned
6:59,6:59:5:1,6:59:8:2,6:59:5,6:59:8,3MS,3MS,0,qac_v0.4_aligned,numbered_aligned
6:59,6:59:8:2,6:59:14:1,6:59:8,6:59:14,3MS,3FS,0,qac_v0.4_aligned,numbered_aligned
6:59,6:59:14:1,6:59:18:1,6:59:14,6:59:18,3FS,3MS,0,qac_v0.4_aligned,numbered_aligned
6:60,6:60:5:2,6:60:7:1,6:60:5,6:60:7,3MS,2MP,1,qac_v0.4_aligned,numbered_aligned
6:60,6:60:7:1,6:60:10:1,6:60:7,6:60:10,2MP,3MS,1,qac_v0.4_aligned,numbered_aligned
6:60,6:60:10:1,6:60:12:2,6:60:10,6:60:12,3MS,3MS,0,qac_v0.4_aligned,numbered_aligned
6:60,6:60:12:2,6:60:19:1,6:60:12,6:60:19,3MS,3MS,0,qac_v0.4_aligned,numbered_aligned
6:60,6:60:19:1,6:60:21:1,6:60:19,6:60:21,3MS,2MP,1,qac_v0.4_aligned,numbered_aligned
6:60,6:60:21:1,6:60:22:1,6:60:21,6:60:22,2MP,2MP,0,qac_v0.4_aligned,numbered_aligned
6:61,6:61:5:2,6:61:10:1,6:61:5,6:61:10,3MS,3MS,0,qac_v0.4_aligned,numbered_aligned
6:61,6:61:10:1,6:61:13:1,6:61:10,6:61:13,3MS,3FS,0,qac_v0.4_aligned,numbered_aligned
6:61,6:61:13:1,6:61:17:1,6:61:13,6:61:17,3FS,3MP,0,qac_v0.4_aligned,numbered_aligned
6:63,6:63:1:1,6:63:3:1,6:63:1,6:63:3,2MS,3MS,1,qac_v0.4_aligned,numbered_aligned
6:63,6:63:3:1,6:63:8:1,6:63:3,6:63:8,3MS,2MP,1,qac_v0.4_aligned,numbered_aligned
6:64,6:64:1:1,6:64:3:1,6:64:1,6:64:3,2MS,3MS,1,qac_v0.4_aligned,numbered_aligned
6:64,6:64:3:1,6:64:10:1,6:64:3,6:64:10,3MS,2MP,1,qac_v0.4_aligned,numbered_aligned
6:65,6:65:1:1,6:65:6:1,6:65:1,6:65:6,2MS,3MS,1,qac_v0.4_aligned,numbered_aligned
6:65,6:65:6:1,6:65:16:1,6:65:6,6:65:16,3MS,3MS,0,qac_v0.4_aligned,numbered_aligned
6:65,6:65:16:1,6:65:18:2,6:65:16,6:65:18,3MS,3MS,0,qac_v0.4_aligned,numbered_aligned
6:65,6:65:18:2,6:65:22:1,6:65:18,6:65:22,3MS,2MS,1,qac_v0.4_aligned,numbered_aligned
6:65,6:65:22:1,6:65:24:1,6:65:22,6:65:24,2MS,1P,1,qac_v0.4_aligned,numbered_aligned
6:65,6:65:24:1,6:65:27:1,6:65:24,6:65:27,1P,3MP,1,qac_v0.4_aligned,numbered_aligned
6:66,6:66:1:2,6:66:6:1,6:66:1,6:66:6,3MS,2MS,1,qac_v0.4_aligned,numbered_aligned
6:66,6:66:6:1,6:66:7:1,6:66:6,6:66:7,2MS,1S,1,qac_v0.4_aligned,numbered_aligned
6:68,6:68:2:1,6:68:4:1,6:68:2,6:68:4,2MS,3MP,1,qac_v0.4_aligned,numbered_aligned
6:68,6:68:4:1,6:68:7:2,6:68:4,6:68:7,3MP,2MS,1,qac_v0.4_aligned,numbered_aligned
6:68,6:68:7:2,6:68:10:1,6:68:7,6:68:10,2MS,3MP,1,qac_v0.4_aligned,numbered_aligned
6:68,6:68:10:1,6:68:15:1,6:68:10,6:68:15,3MP,3MS,0,qac_v0.4_aligned,numbered_aligned
6:68,6:68:15:1,6:68:18:1,6:68:15,6:68:18,3MS,2MS,1,qac_v0.4_aligned,numbered_aligned
6:69,6:69:4:1,6:69:12:1,6:69:4,6:69:12,3MP,3MP,0,qac_v0.4_aligned,numbered_aligned
6:70,6:70:1:2,6:70:3:1,6:70:1,6:70:3,2MS,3MP,1,qac_v0.4_aligned,numbered_aligned
6:70,6:70:3:1,6:70:7:2,6:70:3,6:70:7,3MP,3FS,0,qac_v0.4_aligned,numbered_aligned
6:70,6:70:7:2,6:70:10:2,6:70:7,6:70:10,3FS,2MS,1,qac_v0.4_aligned,numbered_aligned
6:70,6:70:10:2,6:70:13:1,6:70:10,6:70:13,2MS,3FS,1,qac_v0.4_aligned,numbered_aligned
6:70,6:70:13:1,6:70:16:1,6:70:13,6:70:16,3FS,3FS,0,qac_v0.4_aligned,numbered_aligned
6:70,6:70:16:1,6:70:17:1,6:70:16,6:70:17,3FS,3MS,0,qac_v0.4_aligned,numbered_aligned
6:70,6:70:17:1,6:70:26:1,6:70:17,6:70:26,3MS,3FS,0,qac_v0.4_aligned,numbered_aligned
6:70,6:70:26:1,6:70:30:1,6:70:26,6:70:30,3FS,3MS,0,qac_v0.4_aligned,numbered_aligned
6:70,6:70:30:1,6:70:34:1,6:70:30,6:70:34,3MS,3MP,0,qac_v0.4_aligned,numbered_aligned
6:70,6:70:34:1,6:70:36:1,6:70:34,6:70:36,3MP,3MP,0,qac_v0.4_aligned,numbered_aligned
6:70,6:70:36:1,6:70:44:1,6:70:36,6:70:44,3MP,3MP,0,qac_v0.4_aligned,numbered_aligned
6:70,6:70:44:1,6:70:45:1,6:70:44,6:70:45,3MP,3MP,0,qac_v0.4_aligned,numbered_aligned
6:71,6:71:8:1,6:71:10:1,6:71:8,6:71:10,3MS,3MS,0,qac_v0.4_aligned,numbered_aligned
6:71,6:71:10:1,6:71:11:2,6:71:10,6:71:11,3MS,1P,1,qac_v0.4_aligned,numbered_aligned
6:71,6:71:19:1,6:71:26:1,6:71:19,6:71:26,3FS,3MP,0,qac_v0.4_aligned,numbered_aligned
6:71,6:71:26:1,6:71:29:1,6:71:26,6:71:29,3MP,2MS,1,qac_v0.4_aligned,numbered_aligned
6:71,6:71:29:1,6:71:30:1,6:71:29,6:71:30,2MS,2MS,0,qac_v0.4_aligned,numbered_aligned
6:71,6:71:30:1,6:71:36:2,6:71:30,6:71:36,2MS,1P,1,qac_v0.4_aligned,numbered_aligned
6:71,6:71:36:2,6:71:37:2,6:71:36,6:71:37,1P,1P,0,qac_v0.4_aligned,numbered_aligned
6:72,6:72:2:1,6:72:4:2,6:72:2,6:72:4,2MP,2MP,0,qac_v0.4_aligned,numbered_aligned
6:72,6:72:4:2,6:72:8:1,6:72:4,6:72:8,2MP,2MP,0,qac_v0.4_aligned,numbered_aligned
6:73,6:73:3:1,6:73:8:1,6:73:3,6:73:8,3MS,3MS,0,qac_v0.4_aligned,numbered_aligned
6:73,6:73:8:1,6:73:9:1,6:73:8,6:73:9,3MS,2MS,1,qac_v0.4_aligned,numbered_aligned
6:73,6:73:9:1,6:73:10:2,6:73:9,6:73:10,2MS,3MS,1,qac_v0.4_aligned,numbered_aligned
6:73,6:73:10:2,6:73:16:1,6:73:10,6:73:16,3MS,3MS,0,qac_v0.4_aligned,numbered_aligned
6:74,6:74:2:1,6:74:6:2,6:74:2,6:74:6,3MS,2MS,1,qac_v0.4_aligned,numbered_aligned
6:76,6:76:7:1,6:76:11:1,6:76:7,6:76:11,3MS,3MS,0,qac_v0.4_aligned,numbered_aligned
6:76,6:76:11:1,6:76:12:1,6:76:11,6:76:12,3MS,3MS,0,qac_v0.4_aligned,numbered_aligned
6:76,6:76:12:1,6:76:14:1,6:76:12,6:76:14,3MS,1S,1,qac_v0.4_aligned,numbered_aligned
6:77,6:77:5:1,6:77:9:1,6:77:5,6:77:9,3MS,3MS,0,qac_v0.4_aligned,numbered_aligned
6:77,6:77:9:1,6:77:10:1,6:77:9,6:77:10,3MS,3MS,0,qac_v0.4_aligned,numbered_aligned
6:78,6:78:5:1,6:78:11:1,6:78:5,6:78:11,3MS,3FS,0,qac_v0.4_aligned,numbered_aligned
6:78,6:78:11:1,6:78:12:1,6:78:11,6:78:12,3FS,3MS,0,qac_v0.4_aligned,numbered_aligned
6:78,6:78:12:1,6:78:17:1,6:78:12,6:78:18,3MS,2MP,1,qac_v0.4_aligned,numbered_aligned
6:79,6:79:2:1,6:79:5:1,6:79:2,6:79:5,1S,3MS,1,qac_v0.4_aligned,numbered_aligned
6:80,6:80:1:2,6:80:3:1,6:80:1,6:80:3,3MS,3MS,0,qac_v0.4_aligned,numbered_aligned
6:80,6:80:10:1,6:80:12:1,6:80:10,6:80:12,1S,2MP,1,qac_v0.4_aligned,numbered_aligned
6:80,6:80:12:1,6:80:16:1,6:80:12,6:80:16,2MP,3MS,1,qac_v0.4_aligned,numbered_aligned
6:80,6:80:16:1,6:80:19:1,6:80:16,6:80:19,3MS,3MS,0,qac_v0.4_aligned,numbered_aligned
6:80,6:80:19:1,6:80:25:1,6:80:19,6:80:25,3MS,2MP,1,qac_v0.4_aligned,numbered_aligned
6:81,6:81:2:1,6:81:4:1,6:81:2,6:81:4,1S,2MP,1,qac_v0.4_aligned,numbered_aligned
6:81,6:81:4:1,6:81:6:1,6:81:4,6:81:6,2MP,2MP,0,qac_v0.4_aligned,numbered_aligned
6:81,6:81:6:1,6:81:8:1,6:81:6,6:81:8,2MP,2MP,0,qac_v0.4_aligned,numbered_aligned
6:81,6:81:8:1,6:81:12:1,6:81:8,6:81:12,2MP,3MS,1,qac_v0.4_aligned,numbered_aligned
6:81,6:81:12:1,6:81:21:1,6:81:12,6:81:21,3MS,2MP,1,qac_v0.4_aligned,numbered_aligned
6:81,6:81:21:1,6:81:22:1,6:81:21,6:81:22,2MP,2MP,0,qac_v0.4_aligned,numbered_aligned
6:83,6:83:7:1,6:83:10:1,6:83:7,6:83:10,1P,1P,0,qac_v0.4_aligned,numbered_aligned
6:84,6:84:1:2,6:84:6:1,6:84:1,6:84:6,1P,1P,0,qac_v0.4_aligned,numbered_aligned
6:84,6:84:6:1,6:84:8:1,6:84:6,6:84:8,1P,1P,0,qac_v0.4_aligned,numbered_aligned
6:87,6:87:5:2,6:87:6:2,6:87:5,6:87:6,1P,1P,0,qac_v0.4_aligned,numbered_aligned
6:88,6:88:7:1,6:88:11:1,6:88:7,6:88:11,3MS,3MP,0,qac_v0.4_aligned,numbered_aligned
6:88,6:88:11:1,6:88:12:2,6:88:11,6:88:12,3MP,3MS,0,qac_v0.4_aligned,numbered_aligned
6:88,6:88:12:2,6:88:15:1,6:88:12,6:88:15,3MS,3MP,0,qac_v0.4_aligned,numbered_aligned
6:88,6:88:15:1,6:88:16:1,6:88:15,6:88:16,3MP,3MP,0,qac_v0.4_aligned,numbered_aligned
6:89,6:89:8:1,6:89:12:1,6:89:8,6:89:12,3MS,1P,1,qac_v0.4_aligned,numbered_aligned
6:89,6:89:12:1,6:89:15:1,6:89:12,6:89:15,1P,3MP,1,qac_v0.4_aligned,numbered_aligned
6:90,6:90:3:1,6:90:6:1,6:90:3,6:90:6,3MS,2MS,1,qac_v0.4_aligned,numbered_aligned
6:90,6:90:6:1,6:90:7:1,6:90:6,6:90:7,2MS,2MS,0,qac_v0.4_aligned,numbered_aligned
6:91,6:91:2:1,6:91:7:1,6:91:2,6:91:7,3MP,3MP,0,qac_v0.4_aligned,numbered_aligned
6:91,6:91:7:1,6:91:9:1,6:91:7,6:91:9,3MP,3MS,0,qac_v0.4_aligned,numbered_aligned
6:91,6:91:9:1,6:91:15:1,6:91:9,6:91:15,3MS,2MS,1,qac_v0.4_aligned,numbered_aligned
6:91,6:91:15:1,6:91:17:1,6:91:15,6:91:17,2MS,3MS,1,qac_v0.4_aligned,numbered_aligned
6:91,6:91:17:1,6:91:20:1,6:91:17,6:91:20,3MS,3MS,0,qac_v0.4_aligned,numbered_aligned
6:91,6:91:20:1,6:91:26:1,6:91:20,6:91:26,3MS,2MP,1,qac_v0.4_aligned,numbered_aligned
6:91,6:91:26:1,6:91:28:1,6:91:26,6:91:28,2MP,2MP,0,qac_v0.4_aligned,numbered_aligned
6:91,6:91:28:1,6:91:29:2,6:91:28,6:91:29,2MP,2MP,0,qac_v0.4_aligned,numbered_aligned
6:91,6:91:29:2,6:91:31:2,6:91:29,6:91:31,2MP,2MP,0,qac_v0.4_aligned,numbered_aligned
6:91,6:91:31:2,6:91:34:1,6:91:31,6:91:34,2MP,2MP,0,qac_v0.4_aligned,numbered_aligned
6:91,6:91:34:1,6:91:38:1,6:91:34,6:91:38,2MP,2MS,0,qac_v0.4_aligned,numbered_aligned
6:91,6:91:38:1,6:91:41:1,6:91:38,6:91:41,2MS,2MS,0,qac_v0.4_aligned,numbered_aligned
6:91,6:91:41:1,6:91:44:1,6:91:41,6:91:44,2MS,3MP,1,qac_v0.4_aligned,numbered_aligned
6:92,6:92:3:1,6:92:9:3,6:92:3,6:92:9,1P,2MS,1,qac_v0.4_aligned,numbered_aligned
6:92,6:92:9:3,6:92:15:1,6:92:9,6:92:15,2MS,3MP,1,qac_v0.4_aligned,numbered_aligned
6:92,6:92:15:1,6:92:17:1,6:92:15,6:92:17,3MP,3MP,0,qac_v0.4_aligned,numbered_aligned
6:92,6:92:17:1,6:92:22:1,6:92:17,6:92:22,3MP,3MP,0,qac_v0.4_aligned,numbered_aligned
6:93,6:93:4:1,6:93:9:1,6:93:4,6:93:9,3MS,3MS,0,qac_v0.4_aligned,numbered_aligned
6:93,6:93:13:1,6:93:17:1,6:93:13,6:93:17,3MS,3MS,0,qac_v0.4_aligned,numbered_aligned
6:93,6:93:17:1,6:93:18:2,6:93:17,6:93:18,3MS,1S,1,qac_v0.4_aligned,numbered_aligned
6:93,6:93:18:2,6:93:21:1,6:93:18,6:93:21,1S,3MS,1,qac_v0.4_aligned,numbered_aligned
6:93,6:93:21:1,6:93:24:1,6:93:21,6:93:24,3MS,2MS,1,qac_v0.4_aligned,numbered_aligned
6:93,6:93:24:1,6:93:33:1,6:93:24,6:93:33,2MS,2MP,0,qac_v0.4_aligned,numbered_aligned
6:93,6:93:33:1,6:93:36:1,6:93:33,6:93:36,2MP,2MP,0,qac_v0.4_aligned,numbered_aligned
6:93,6:93:36:1,6:93:40:1,6:93:36,6:93:40,2MP,2MP,0,qac_v0.4_aligned,numbered_aligned
6:93,6:93:40:1,6:93:41:1,6:93:40,6:93:41,2MP,2MP,0,qac_v0.4_aligned,numbered_aligned
6:93,6:93:41:1,6:93:46:2,6:93:41,6:93:46,2MP,2MP,0,qac_v0.4_aligned,numbered_aligned
6:93,6:93:46:2,6:93:49:1,6:93:46,6:93:49,2MP,2MP,0,qac_v0.4_aligned,numbered_aligned
6:94,6:94:2:1,6:94:5:1,6:94:2,6:94:5,2MP,1P,1,qac_v0.4_aligned,numbered_aligned
6:94,6:94:5:1,6:94:8:2,6:94:5,6:94:8,1P,2MP,1,qac_v0.4_aligned,numbered_aligned
6:94,6:94:8:2,6:94:10:1,6:94:8,6:94:10,2MP,1P,1,qac_v0.4_aligned,numbered_aligned
6:94,6:94:10:1,6:94:14:1,6:94:10,6:94:14,1P,1P,0,qac_v0.4_aligned,numbered_aligned
6:94,6:94:14:1,6:94:18:1,6:94:14,6:94:18,1P,2MP,1,qac_v0.4_aligned,numbered_aligned
6:94,6:94:18:1,6:94:23:1,6:94:18,6:94:23,2MP,3MS,1,qac_v0.4_aligned,numbered_aligned
6:94,6:94:23:1,6:94:25:2,6:94:23,6:94:25,3MS,3MS,0,qac_v0.4_aligned,numbered_aligned
6:94,6:94:25:2,6:94:28:1,6:94:25,6:94:28,3MS,2MP,1,qac_v0.4_aligned,numbered_aligned
6:94,6:94:28:1,6:94:29:1,6:94:28,6:94:29,2MP,2MP,0,qac_v0.4_aligned,numbered_aligned
6:95,6:95:6:1,6:95:17:1,6:95:6,6:95:17,3MS,2MP,1,qac_v0.4_aligned,numbered_aligned
6:97,6:97:3:1,6:97:6:2,6:97:3,6:97:6,3MS,2MP,1,qac_v0.4_aligned,numbered_aligned
6:97,6:97:6:2,6:97:13:1,6:97:6,6:97:13,2MP,1P,1,qac_v0.4_aligned,numbered_aligned
6:97,6:97:13:1,6:97:16:1,6:97:13,6:97:16,1P,3MP,1,qac_v0.4_aligned,numbered_aligned
6:98,6:98:3:1,6:98:10:1,6:98:3,6:98:10,3MS,1P,1,qac_v0.4_aligned,numbered_aligned
6:98,6:98:10:1,6:98:13:1,6:98:10,6:98:13,1P,3MP,1,qac_v0.4_aligned,numbered_aligned
6:99,6:99:3:1,6:99:7:2,6:99:3,6:99:7,3MS,1P,1,qac_v0.4_aligned,numbered_aligned
6:99,6:99:7:2,6:99:12:2,6:99:7,6:99:12,1P,1P,0,qac_v0.4_aligned,numbered_aligned
6:99,6:99:12:2,6:99:15:1,6:99:12,6:99:15,1P,1P,0,qac_v0.4_aligned,numbered_aligned
6:99,6:99:15:1,6:99:33:1,6:99:15,6:99:33,1P,2MP,1,qac_v0.4_aligned,numbered_aligned
6:99,6:99:33:1,6:99:37:1,6:99:33,6:99:37,2MP,3MS,1,qac_v0.4_aligned,numbered_aligned
6:99,6:99:37:1,6:99:44:1,6:99:37,6:99:44,3MS,3MP,0,qac_v0.4_aligned,numbered_aligned
6:100,6:100:1:2,6:100:5:2,6:100:1,6:100:5,3MP,3MS,0,qac_v0.4_aligned,numbered_aligned
6:100,6:100:5:2,6:100:6:2,6:100:5,6:100:6,3MS,3MP,0,qac_v0.4_aligned,numbered_aligned
6:100,6:100:6:2,6:100:13:2,6:100:6,6:100:13,3MP,3MS,0,qac_v0.4_aligned,numbered_aligned
6:100,6:100:13:2,6:100:15:1,6:100:13,6:100:15,3MS,3MP,0,qac_v0.4_aligned,numbered_aligned
6:101,6:101:5:1,6:101:9:1,6:101:5,6:101:9,3MS,3FS,0,qac_v0.4_aligned,numbered_aligned
6:101,6:101:9:1,6:101:12:2,6:101:9,6:101:12,3FS,3MS,0,qac_v0.4_aligned,numbered_aligned
6:103,6:103:2:1,6:103:5:1,6:103:2,6:103:5,3FS,3MS,0,qac_v0.4_aligned,numbered_aligned
6:104,6:104:2:1,6:104:7:1,6:104:2,6:104:7,3MS,3MS,0,qac_v0.4_aligned,numbered_aligned
6:105,6:105:2:1,6:105:4:3,6:105:2,6:105:4,1P,3MP,1,qac_v0.4_aligned,numbered_aligned
6:105,6:105:4:3,6:105:5:1,6:105:4,6:105:5,3MP,2MS,1,qac_v0.4_aligned,numbered_aligned
6:105,6:105:5:1,6:105:6:3,6:105:5,6:105:6,2MS,1P,1,qac_v0.4_aligned,numbered_aligned
6:105,6:105:6:3,6:105:8:1,6:105:6,6:105:8,1P,3MP,1,qac_v0.4_aligned,numbered_aligned
6:107,6:107:2:1,6:107:5:1,6:107:2,6:107:5,3MS,3MP,0,qac_v0.4_aligned,numbered_aligned
6:107,6:107:5:1,6:107:7:1,6:107:5,6:107:7,3MP,1P,1,qac_v0.4_aligned,numbered_aligned
6:108,6:108:2:1,6:108:4:1,6:108:2,6:108:4,2MP,3MP,1,qac_v0.4_aligned,numbered_aligned
6:108,6:108:4:1,6:108:8:2,6:108:4,6:108:8,3MP,3MP,0,qac_v0.4_aligned,numbered_aligned
6:108,6:108:8:2,6:108:14:1,6:108:8,6:108:14,3MP,1P,1,qac_v0.4_aligned,numbered_aligned
6:108,6:108:14:1,6:108:22:2,6:108:14,6:108:22,1P,3MS,1,qac_v0.4_aligned,numbered_aligned
6:108,6:108:22:2,6:108:24:1,6:108:22,6:108:24,3MS,3MP,0,qac_v0.4_aligned,numbered_aligned
6:108,6:108:24:1,6:108:25:1,6:108:24,6:108:25,3MP,3MP,0,qac_v0.4_aligned,numbered_aligned
6:109,6:109:1:2,6:109:6:1,6:109:1,6:109:6,3MP,3FS,0,qac_v0.4_aligned,numbered_aligned
6:109,6:109:6:1,6:109:8:2,6:109:6,6:109:8,3FS,3MP,0,qac_v0.4_aligned,numbered_aligned
6:109,6:109:8:2,6:109:10:1,6:109:8,6:109:10,3MP,2MS,1,qac_v0.4_aligned,numbered_aligned
6:109,6:109:10:1,6:109:16:1,6:109:10,6:109:16,2MS,3MS,1,qac_v0.4_aligned,numbered_aligned
6:109,6:109:16:1,6:109:19:1,6:109:16,6:109:19,3MS,3FS,0,qac_v0.4_aligned,numbered_aligned
6:109,6:109:19:1,6:109:21:1,6:109:19,6:109:21,3FS,3MP,0,qac_v0.4_aligned,numbered_aligned
6:110,6:110:1:2,6:110:6:1,6:110:1,6:110:6,1P,3MP,1,qac_v0.4_aligned,numbered_aligned
6:110,6:110:6:1,6:110:10:2,6:110:6,6:110:10,3MP,1P,1,qac_v0.4_aligned,numbered_aligned
6:110,6:110:10:2,6:110:13:1,6:110:10,6:110:13,1P,3MP,1,qac_v0.4_aligned,numbered_aligned
6:111,6:111:3:1,6:111:6:2,6:111:3,6:111:6,1P,3MS,1,qac_v0.4_aligned,numbered_aligned
6:111,6:111:6:2,6:111:8:2,6:111:6,6:111:8,3MS,1P,1,qac_v0.4_aligned,numbered_aligned
6:111,6:111:8:2,6:111:14:1,6:111:8,6:111:14,1P,3MP,1,qac_v0.4_aligned,numbered_aligned
6:111,6:111:14:1,6:111:15:2,6:111:14,6:111:15,3MP,3MP,0,qac_v0.4_aligned,numbered_aligned
6:111,6:111:15:2,6:111:18:1,6:111:15,6:111:18,3MP,3MS,0,qac_v0.4_aligned,numbered_aligned
6:111,6:111:18:1,6:111:22:1,6:111:18,6:111:22,3MS,3MP,0,qac_v0.4_aligned,numbered_aligned
6:112,6:112:17:1,6:112:20:1,6:112:17,6:112:20,3MS,3MP,0,qac_v0.4_aligned,numbered_aligned
6:112,6:112:20:1,6:112:21:2,6:112:20,6:112:21,3MP,2MS,1,qac_v0.4_aligned,numbered_aligned
6:112,6:112:21:2,6:112:23:1,6:112:21,6:112:23,2MS,3MP,1,qac_v0.4_aligned,numbered_aligned
6:113,6:113:1:3,6:113:6:1,6:113:1,6:113:6,3FS,3MP,0,qac_v0.4_aligned,numbered_aligned
6:113,6:113:6:1,6:113:8:3,6:113:6,6:113:8,3MP,3MP,0,qac_v0.4_aligned,numbered_aligned
6:113,6:113:8:3,6:113:9:3,6:113:8,6:113:9,3MP,3MP,0,qac_v0.4_aligned,numbered_aligned
6:114,6:114:14:1,6:114:21:1,6:114:14,6:114:21,3MP,2MS,1,qac_v0.4_aligned,numbered_aligned
6:116,6:116:2:1,6:116:7:1,6:116:2,6:116:7,2MS,3MP,1,qac_v0.4_aligned,numbered_aligned
6:116,6:116:7:1,6:116:12:1,6:116:7,6:116:12,3MP,3MP,0,qac_v0.4_aligned,numbered_aligned
6:116,6:116:12:1,6:116:18:1,6:116:12,6:116:18,3MP,3MP,0,qac_v0.4_aligned,numbered_aligned
6:118,6:118:1:2,6:118:3:1,6:118:1,6:118:3,2MP,3MS,1,qac_v0.4_aligned,numbered_aligned
6:118,6:118:3:1,6:118:8:1,6:118:3,6:118:8,3MS,2MP,1,qac_v0.4_aligned,numbered_aligned
6:119,6:119:4:1,6:119:6:1,6:119:4,6:119:6,2MP,3MS,1,qac_v0.4_aligned,numbered_aligned
6:119,6:119:6:1,6:119:11:1,6:119:6,6:119:11,3MS,3MS,0,qac_v0.4_aligned,numbered_aligned
6:119,6:119:11:1,6:119:14:1,6:119:11,6:119:14,3MS,3MS,0,qac_v0.4_aligned,numbered_aligned
6:119,6:119:14:1,6:119:18:1,6:119:14,6:119:18,3MS,2MP,1,qac_v0.4_aligned,numbered_aligned
6:119,6:119:18:1,6:119:22:2,6:119:18,6:119:22,2MP,3MP,1,qac_v0.4_aligned,numbered_aligned
6:120,6:120:1:2,6:120:7:1,6:120:1,6:120:7,2MP,3MP,1,qac_v0.4_aligned,numbered_aligned
6:120,6:120:7:1,6:120:9:2,6:120:7,6:120:9,3MP,3MP,0,qac_v0.4_aligned,numbered_aligned
6:120,6:120:9:2,6:120:11:1,6:120:9,6:120:11,3MP,3MP,0,qac_v0.4_aligned,numbered_aligned
6:120,6:120:11:1,6:120:12:1,6:120:11,6:120:12,3MP,3MP,0,qac_v0.4_aligned,numbered_aligned
6:121,6:121:2:1,6:121:5:1,6:121:2,6:121:5,2MP,3MS,1,qac_v0.4_aligned,numbered_aligned
6:121,6:121:5:1,6:121:13:2,6:121:5,6:121:13,3MS,3MP,0,qac_v0.4_aligned,numbered_aligned
6:121,6:121:13:2,6:121:16:2,6:121:13,6:121:16,3MP,3MP,0,qac_v0.4_aligned,numbered_aligned
6:121,6:121:16:2,6:121:18:1,6:121:16,6:121:18,3MP,2MP,1,qac_v0.4_aligned,numbered_aligned
6:122,6:122:2:1,6:122:4:2,6:122:2,6:122:4,3MS,1P,1,qac_v0.4_aligned,numbered_aligned
6:122,6:122:4:2,6:122:5:2,6:122:4,6:122:5,1P,1P,0,qac_v0.4_aligned,numbered_aligned
6:122,6:122:16:1,6:122:20:1,6:122:16,6:122:20,3MS,3MS,0,qac_v0.4_aligned,numbered_aligned
6:122,6:122:20:1,6:122:23:1,6:122:20,6:122:23,3MS,3MP,0,qac_v0.4_aligned,numbered_aligned
6:122,6:122:23:1,6:122:24:1,6:122:23,6:122:24,3MP,3MP,0,qac_v0.4_aligned,numbered_aligned
6:123,6:123:2:1,6:123:8:2,6:123:2,6:123:8,1P,3MP,1,qac_v0.4_aligned,numbered_aligned
6:123,6:123:8:2,6:123:11:1,6:123:8,6:123:11,3MP,3MP,0,qac_v0.4_aligned,numbered_aligned
6:123,6:123:11:1,6:123:15:1,6:123:11,6:123:15,3MP,3MP,0,qac_v0.4_aligned,numbered_aligned
6:124,6:124:2:1,6:124:4:1,6:124:2,6:124:4,3FS,3MP,0,qac_v0.4_aligned,numbered_aligned
6:124,6:124:4:1,6:124:6:1,6:124:4,6:124:6,3MP,1P,1,qac_v0.4_aligned,numbered_aligned
6:124,6:124:6:1,6:124:8:1,6:124:6,6:124:8,1P,1P,0,qac_v0.4_aligned,numbered_aligned
6:124,6:124:17:1,6:124:19:2,6:124:17,6:124:19,3MS,3MS,0,qac_v0.4_aligned,numbered_aligned
6:124,6:124:19:2,6:124:21:1,6:124:19,6:124:21,3MS,3MP,0,qac_v0.4_aligned,numbered_aligned
6:124,6:124:21:1,6:124:28:1,6:124:21,6:124:28,3MP,3MP,0,qac_v0.4_aligned,numbered_aligned
6:124,6:124:28:1,6:124:29:1,6:124:28,6:124:29,3MP,3MP,0,qac_v0.4_aligned,numbered_aligned
6:125,6:125:2:1,6:125:5:1,6:125:2,6:125:5,3MS,3MS,0,qac_v0.4_aligned,numbered_aligned
6:125,6:125:5:1,6:125:6:1,6:125:5,6:125:6,3MS,3MS,0,qac_v0.4_aligned,numbered_aligned
6:125,6:125:6:1,6:125:10:1,6:125:6,6:125:10,3MS,3MS,0,qac_v0.4_aligned,numbered_aligned
6:125,6:125:10:1,6:125:12:1,6:125:10,6:125:12,3MS,3MS,0,qac_v0.4_aligned,numbered_aligned
6:125,6:125:12:1,6:125:13:1,6:125:12,6:125:13,3MS,3MS,0,qac_v0.4_aligned,numbered_aligned
6:125,6:125:13:1,6:125:18:1,6:125:13,6:125:18,3MS,3MS,0,qac_v0.4_aligned,numbered_aligned
6:125,6:125:18:1,6:125:22:1,6:125:18,6:125:22,3MS,3MS,0,qac_v0.4_aligned,numbered_aligned
6:125,6:125:22:1,6:125:28:1,6:125:22,6:125:28,3MS,3MP,0,qac_v0.4_aligned,numbered_aligned
6:126,6:126:6:1,6:126:9:1,6:126:6,6:126:9,1P,3MP,1,qac_v0.4_aligned,numbered_aligned
6:127,6:127:9:1,6:127:10:1,6:127:9,6:127:10,3MP,3MP,0,qac_v0.4_aligned,numbered_aligned
6:128,6:128:2:1,6:128:7:1,6:128:2,6:128:8,3MS,2MP,1,qac_v0.4_aligned,numbered_aligned
6:128,6:128:7:1,6:128:10:2,6:128:8,6:128:11,2MP,3MS,1,qac_v0.4_aligned,numbered_aligned
6:128,6:128:10:2,6:128:15:1,6:128:11,6:128:16,3MS,3MS,0,qac_v0.4_aligned,numbered_aligned
6:128,6:128:15:1,6:128:18:2,6:128:16,6:128:19,3MS,1P,1,qac_v0.4_aligned,numbered_aligned
6:128,6:128:18:2,6:128:21:1,6:128:19,6:128:22,1P,2MS,1,qac_v0.4_aligned,numbered_aligned
6:128,6:128:21:1,6:128:23:1,6:128:22,6:128:24,2MS,3MS,1,qac_v0.4_aligned,numbered_aligned
6:128,6:128:23:1,6:128:30:1,6:128:24,6:128:31,3MS,3MS,0,qac_v0.4_aligned,numbered_aligned
6:129,6:129:7:1,6:129:8:1,6:129:7,6:129:8,3MP,3MP,0,qac_v0.4_aligned,numbered_aligned
6:130,6:130:5:1,6:130:8:1,6:130:6,6:130:9,3MS,3MP,0,qac_v0.4_aligned,numbered_aligned
6:130,6:130:8:1,6:130:11:2,6:130:9,6:130:12,3MP,3MP,0,qac_v0.4_aligned,numbered_aligned
6:130,6:130:11:2,6:130:15:1,6:130:12,6:130:16,3MP,3MP,0,qac_v0.4_aligned,numbered_aligned
6:130,6:130:15:1,6:130:16:1,6:130:16,6:130:17,3MP,1P,1,qac_v0.4_aligned,numbered_aligned
6:130,6:130:16:1,6:130:19:2,6:130:17,6:130:20,1P,3FS,1,qac_v0.4_aligned,numbered_aligned
6:130,6:130:19:2,6:130:22:2,6:130:20,6:130:23,3FS,3MP,0,qac_v0.4_aligned,numbered_aligned
6:130,6:130:22:2,6:130:26:1,6:130:23,6:130:27,3MP,3MP,0,qac_v0.4_aligned,numbered_aligned
6:132,6:132:4:1,6:132:9:1,6:132:4,6:132:9,3MP,3MP,0,qac_v0.4_aligned,numbered_aligned
6:133,6:133:6:1,6:133:7:1,6:133:6,6:133:7,3MS,3MS,0,qac_v0.4_aligned,numbered_aligned
6:133,6:133:7:1,6:133:8:2,6:133:7,6:133:8,3MS,3MS,0,qac_v0.4_aligned,numbered_aligned
6:133,6:133:8:2,6:133:12:1,6:133:8,6:133:12,3MS,3MS,0,qac_v0.4_aligned,numbered_aligned
6:133,6:133:12:1,6:133:14:1,6:133:12,6:133:14,3MS,3MS,0,qac_v0.4_aligned,numbered_aligned
6:135,6:135:1:1,6:135:3:1,6:135:1,6:135:4,2MS,2MP,0,qac_v0.4_aligned,numbered_aligned
6:135,6:135:3:1,6:135:9:1,6:135:4,6:135:10,2MP,2MP,0,qac_v0.4_aligned,numbered_aligned
6:135,6:135:9:1,6:135:11:1,6:135:10,6:135:12,2MP,3FS,1,qac_v0.4_aligned,numbered_aligned
6:135,6:135:11:1,6:135:17:1,6:135:12,6:135:18,3FS,3MS,0,qac_v0.4_aligned,numbered_aligned
6:136,6:136:1:2,6:136:4:1,6:136:1,6:136:4,3MP,3MS,0,qac_v0.4_aligned,numbered_aligned
6:136,6:136:4:1,6:136:9:2,6:136:4,6:136:9,3MS,3MP,0,qac_v0.4_aligned,numbered_aligned
6:136,6:136:9:2,6:136:16:1,6:136:9,6:136:16,3MP,3MS,0,qac_v0.4_aligned,numbered_aligned
6:136,6:136:16:1,6:136:19:1,6:136:16,6:136:19,3MS,3MS,0,qac_v0.4_aligned,numbered_aligned
6:136,6:136:19:1,6:136:23:1,6:136:19,6:136:23,3MS,3MS,0,qac_v0.4_aligned,numbered_aligned
6:136,6:136:23:1,6:136:26:1,6:136:23,6:136:26,3MS,3MS,0,qac_v0.4_aligned,numbered_aligned
6:136,6:136:26:1,6:136:29:1,6:136:26,6:136:29,3MS,3MS,0,qac_v0.4_aligned,numbered_aligned
6:136,6:136:29:1,6:136:31:1,6:136:29,6:136:31,3MS,3MP,0,qac_v0.4_aligned,numbered_aligned
6:137,6:137:2:1,6:137:9:2,6:137:2,6:137:9,3MS,3MP,0,qac_v0.4_aligned,numbered_aligned
6:137,6:137:9:2,6:137:10:3,6:137:9,6:137:10,3MP,3MP,0,qac_v0.4_aligned,numbered_aligned
6:137,6:137:10:3,6:137:14:1,6:137:10,6:137:14,3MP,3MS,0,qac_v0.4_aligned,numbered_aligned
6:137,6:137:14:1,6:137:17:1,6:137:14,6:137:17,3MS,3MP,0,qac_v0.4_aligned,numbered_aligned
6:137,6:137:17:1,6:137:18:2,6:137:17,6:137:18,3MP,2MS,1,qac_v0.4_aligned,numbered_aligned
6:137,6:137:18:2,6:137:20:1,6:137:18,6:137:20,2MS,3MP,1,qac_v0.4_aligned,numbered_aligned
6:138,6:138:1:2,6:138:7:1,6:138:1,6:138:7,3MP,3MS,0,qac_v0.4_aligned,numbered_aligned
6:138,6:138:7:1,6:138:10:1,6:138:7,6:138:10,3MS,1P,1,qac_v0.4_aligned,numbered_aligned
6:138,6:138:10:1,6:138:13:1,6:138:10,6:138:13,1P,3FS,1,qac_v0.4_aligned,numbered_aligned
6:138,6:138:13:1,6:138:17:1,6:138:13,6:138:17,3FS,3MP,0,qac_v0.4_aligned,numbered_aligned
6:138,6:138:17:1,6:138:23:2,6:138:17,6:138:23,3MP,3MS,0,qac_v0.4_aligned,numbered_aligned
6:138,6:138:23:2,6:138:25:1,6:138:23,6:138:25,3MS,3MP,0,qac_v0.4_aligned,numbered_aligned
6:138,6:138:25:1,6:138:26:1,6:138:25,6:138:26,3MP,3MP,0,qac_v0.4_aligned,numbered_aligned
6:139,6:139:1:2,6:139:13:1,6:139:1,6:139:13,3MP,3MS,0,qac_v0.4_aligned,numbered_aligned
6:139,6:139:13:1,6:139:18:2,6:139:13,6:139:18,3MS,3MS,0,qac_v0.4_aligned,numbered_aligned
6:140,6:140:2:1,6:140:4:1,6:140:2,6:140:4,3MS,3MP,0,qac_v0.4_aligned,numbered_aligned
6:140,6:140:4:1,6:140:9:2,6:140:4,6:140:9,3MP,3MP,0,qac_v0.4_aligned,numbered_aligned
6:140,6:140:9:2,6:140:11:1,6:140:9,6:140:11,3MP,3MS,0,qac_v0.4_aligned,numbered_aligned
6:140,6:140:11:1,6:140:17:1,6:140:11,6:140:17,3MS,3MP,0,qac_v0.4_aligned,numbered_aligned
6:140,6:140:17:1,6:140:19:1,6:140:17,6:140:19,3MP,3MP,0,qac_v0.4_aligned,numbered_aligned
6:141,6:141:3:1,6:141:17:1,6:141:3,6:141:17,3MS,2MP,1,qac_v0.4_aligned,numbered_aligned
6:141,6:141:17:1,6:141:21:1,6:141:17,6:141:21,2MP,3MS,1,qac_v0.4_aligned,numbered_aligned
6:141,6:141:27:1,6:141:30:1,6:141:27,6:141:30,2MP,3MS,1,qac_v0.4_aligned,numbered_aligned
6:142,6:142:5:1,6:142:7:1,6:142:5,6:142:7,2MP,3MS,1,qac_v0.4_aligned,numbered_aligned
6:142,6:142:7:1,6:142:10:1,6:142:7,6:142:10,3MS,2MP,1,qac_v0.4_aligned,numbered_aligned
6:143,6:143:9:1,6:143:11:1,6:143:9,6:143:11,2MS,3MS,1,qac_v0.4_aligned,numbered_aligned
6:143,6:143:11:1,6:143:15:1,6:143:11,6:143:15,3MS,3FS,0,qac_v0.4_aligned,numbered_aligned
6:144,6:144:7:1,6:144:9:1,6:144:7,6:144:9,2MS,3MS,1,qac_v0.4_aligned,numbered_aligned
6:144,6:144:9:1,6:144:13:1,6:144:9,6:144:13,3MS,3FS,0,qac_v0.4_aligned,numbered_aligned
6:144,6:144:13:1,6:144:18:1,6:144:13,6:144:18,3FS,2MP,1,qac_v0.4_aligned,numbered_aligned
6:144,6:144:27:1,6:144:31:2,6:144:27,6:144:31,3MS,3MS,0,qac_v0.4_aligned,numbered_aligned
6:145,6:145:1:1,6:145:3:1,6:145:1,6:145:3,2MS,1S,1,qac_v0.4_aligned,numbered_aligned
6:145,6:145:11:1,6:145:14:1,6:145:11,6:145:14,3MS,3MS,0,qac_v0.4_aligned,numbered_aligned
6:145,6:145:14:1,6:145:26:1,6:145:14,6:145:26,3MS,3MS,0,qac_v0.4_aligned,numbered_aligned
6:145,6:145:26:1,6:145:31:1,6:145:26,6:145:31,3MS,3MS,0,qac_v0.4_aligned,numbered_aligned
6:146,6:146:3:1,6:146:4:1,6:146:3,6:146:4,3MP,1P,1,qac_v0.4_aligned,numbered_aligned
6:146,6:146:4:1,6:146:11:1,6:146:4,6:146:11,1P,1P,0,qac_v0.4_aligned,numbered_aligned
6:146,6:146:11:1,6:146:16:1,6:146:11,6:146:16,1P,3FS,1,qac_v0.4_aligned,numbered_aligned
6:146,6:146:16:1,6:146:22:1,6:146:16,6:146:22,3FS,3MS,0,qac_v0.4_aligned,numbered_aligned
6:146,6:146:22:1,6:146:25:1,6:146:22,6:146:25,3MS,1P,1,qac_v0.4_aligned,numbered_aligned
6:147,6:147:2:1,6:147:3:2,6:147:2,6:147:3,3MP,2MS,1,qac_v0.4_aligned,numbered_aligned
6:147,6:147:3:2,6:147:9:1,6:147:3,6:147:9,2MS,3MS,1,qac_v0.4_aligned,numbered_aligned
6:148,6:148:1:2,6:148:3:1,6:148:1,6:148:3,3MS,3MP,0,qac_v0.4_aligned,numbered_aligned
6:148,6:148:3:1,6:148:5:1,6:148:3,6:148:5,3MP,3MS,0,qac_v0.4_aligned,numbered_aligned
6:148,6:148:5:1,6:148:8:1,6:148:5,6:148:8,3MS,1P,1,qac_v0.4_aligned,numbered_aligned
6:148,6:148:8:1,6:148:12:1,6:148:8,6:148:12,1P,1P,0,qac_v0.4_aligned,numbered_aligned
6:148,6:148:12:1,6:148:16:1,6:148:12,6:148:16,1P,3MS,1,qac_v0.4_aligned,numbered_aligned
6:148,6:148:16:1,6:148:21:1,6:148:16,6:148:21,3MS,3MP,0,qac_v0.4_aligned,numbered_aligned
6:148,6:148:21:1,6:148:23:1,6:148:21,6:148:23,3MP,2MS,1,qac_v0.4_aligned,numbered_aligned
6:148,6:148:23:1,6:148:28:2,6:148:23,6:148:28,2MS,2MP,0,qac_v0.4_aligned,numbered_aligned
6:148,6:148:28:2,6:148:31:1,6:148:28,6:148:31,2MP,2MP,0,qac_v0.4_aligned,numbered_aligned
6:148,6:148:31:1,6:148:37:1,6:148:31,6:148:37,2MP,2MP,0,qac_v0.4_aligned,numbered_aligned
6:149,6:149:1:1,6:149:6:1,6:149:1,6:149:6,2MS,3MS,1,qac_v0.4_aligned,numbered_aligned
6:150,6:150:1:1,6:150:2:2,6:150:1,6:150:2,2MS,2MP,0,qac_v0.4_aligned,numbered_aligned
6:150,6:150:2:2,6:150:5:1,6:150:2,6:150:5,2MP,3MP,1,qac_v0.4_aligned,numbered_aligned
6:150,6:150:5:1,6:150:8:1,6:150:5,6:150:8,3MP,3MS,0,qac_v0.4_aligned,numbered_aligned
6:150,6:150:8:1,6:150:11:1,6:150:8,6:150:11,3MS,3MP,0,qac_v0.4_aligned,numbered_aligned
6:150,6:150:11:1,6:150:13:1,6:150:11,6:150:13,3MP,2MS,1,qac_v0.4_aligned,numbered_aligned
6:150,6:150:13:1,6:150:16:1,6:150:13,6:150:16,2MS,2MS,0,qac_v0.4_aligned,numbered_aligned
6:150,6:150:16:1,6:150:19:1,6:150:16,6:150:19,2MS,3MP,1,qac_v0.4_aligned,numbered_aligned
6:150,6:150:19:1,6:150:23:1,6:150:19,6:150:23,3MP,3MP,0,qac_v0.4_aligned,numbered_aligned
6:150,6:150:23:1,6:150:27:1,6:150:23,6:150:27,3MP,3MP,0,qac_v0.4_aligned,numbered_aligned
6:151,6:151:1:1,6:151:2:1,6:151:1,6:151:2,2MS,2MP,0,qac_v0.4_aligned,numbered_aligned
6:151,6:151:2:1,6:151:3:1,6:151:2,6:151:3,2MP,1S,1,qac_v0.4_aligned,numbered_aligned
6:151,6:151:3:1,6:151:5:1,6:151:3,6:151:5,1S,3MS,1,qac_v0.4_aligned,numbered_aligned
6:151,6:151:5:1,6:151:9:1,6:151:5,6:151:9,3MS,2MP,1,qac_v0.4_aligned,numbered_aligned
6:151,6:151:9:1,6:151:15:1,6:151:9,6:151:15,2MP,2MP,0,qac_v0.4_aligned,numbered_aligned
6:151,6:151:15:1,6:151:20:1,6:151:15,6:151:20,2MP,1P,1,qac_v0.4_aligned,numbered_aligned
6:151,6:151:20:1,6:151:23:1,6:151:20,6:151:23,1P,2MP,1,qac_v0.4_aligned,numbered_aligned
6:151,6:151:23:1,6:151:26:1,6:151:23,6:151:26,2MP,3MS,1,qac_v0.4_aligned,numbered_aligned
6:151,6:151:26:1,6:151:29:1,6:151:26,6:151:29,3MS,3MS,0,qac_v0.4_aligned,numbered_aligned
6:151,6:151:29:1,6:151:31:1,6:151:29,6:151:31,3MS,2MP,1,qac_v0.4_aligned,numbered_aligned
6:151,6:151:31:1,6:151:34:1,6:151:31,6:151:34,2MP,3MS,1,qac_v0.4_aligned,numbered_aligned
6:152,6:152:2:1,6:152:10:1,6:152:2,6:152:10,2MP,3MS,1,qac_v0.4_aligned,numbered_aligned
6:152,6:152:10:1,6:152:12:2,6:152:10,6:152:12,3MS,2MP,1,qac_v0.4_aligned,numbered_aligned
6:152,6:152:12:2,6:152:17:1,6:152:12,6:152:17,2MP,1P,1,qac_v0.4_aligned,numbered_aligned
6:152,6:152:17:1,6:152:22:1,6:152:17,6:152:22,1P,2MP,1,qac_v0.4_aligned,numbered_aligned
6:152,6:152:22:1,6:152:23:2,6:152:22,6:152:23,2MP,2MP,0,qac_v0.4_aligned,numbered_aligned
6:152,6:152:23:2,6:152:25:1,6:152:23,6:152:25,2MP,3MS,1,qac_v0.4_aligned,numbered_aligned
6:152,6:152:25:1,6:152:30:1,6:152:25,6:152:30,3MS,2MP,1,qac_v0.4_aligned,numbered_aligned
6:153,6:153:5:2,6:153:7:1,6:153:5,6:153:7,2MP,2MP,0,qac_v0.4_aligned,numbered_aligned
6:153,6:153:7:1,6:153:9:2,6:153:7,6:153:9,2MP,3FS,1,qac_v0.4_aligned,numbered_aligned
6:154,6:154:8:1,6:154:17:1,6:154:8,6:154:17,3MS,3MP,0,qac_v0.4_aligned,numbered_aligned
6:155,6:155:3:1,6:155:5:2,6:155:3,6:155:5,1P,2MP,1,qac_v0.4_aligned,numbered_aligned
6:155,6:155:5:2,6:155:6:2,6:155:5,6:155:6,2MP,2MP,0,qac_v0.4_aligned,numbered_aligned
6:155,6:155:6:2,6:155:8:1,6:155:6,6:155:8,2MP,2MP,0,qac_v0.4_aligned,numbered_aligned
6:156,6:156:2:1,6:156:4:1,6:156:2,6:156:4,2MP,3MS,1,qac_v0.4_aligned,numbered_aligned
6:156,6:156:4:1,6:156:11:1,6:156:4,6:156:11,3MS,1P,1,qac_v0.4_aligned,numbered_aligned
6:157,6:157:2:1,6:157:5:1,6:157:2,6:157:5,2MP,3MS,1,qac_v0.4_aligned,numbered_aligned
6:157,6:157:5:1,6:157:8:2,6:157:5,6:157:8,3MS,1P,1,qac_v0.4_aligned,numbered_aligned
6:157,6:157:8:2,6:157:12:1,6:157:8,6:157:12,1P,3MS,1,qac_v0.4_aligned,numbered_aligned
6:157,6:157:12:1,6:157:21:1,6:157:12,6:157:21,3MS,3MS,0,qac_v0.4_aligned,numbered_aligned
6:157,6:157:21:1,6:157:24:2,6:157:21,6:157:24,3MS,3MS,0,qac_v0.4_aligned,numbered_aligned
6:157,6:157:28:1,6:157:34:1,6:157:28,6:157:34,3MP,3MP,0,qac_v0.4_aligned,numbered_aligned
6:157,6:157:34:1,6:157:35:1,6:157:34,6:157:35,3MP,3MP,0,qac_v0.4_aligned,numbered_aligned
6:158,6:158:2:1,6:158:5:1,6:158:2,6:158:5,3MP,3FS,0,qac_v0.4_aligned,numbered_aligned
6:158,6:158:21:1,6:158:25:1,6:158:21,6:158:25,3MS,3FS,0,qac_v0.4_aligned,numbered_aligned
6:158,6:158:30:1,6:158:34:1,6:158:30,6:158:34,3FS,2MS,1,qac_v0.4_aligned,numbered_aligned
6:158,6:158:34:1,6:158:35:1,6:158:34,6:158:35,2MS,2MP,0,qac_v0.4_aligned,numbered_aligned
6:159,6:159:3:1,6:159:5:2,6:159:3,6:159:5,3MP,3MP,0,qac_v0.4_aligned,numbered_aligned
6:159,6:159:5:2,6:159:7:1,6:159:5,6:159:7,3MP,2MS,1,qac_v0.4_aligned,numbered_aligned
6:159,6:159:7:1,6:159:16:1,6:159:7,6:159:16,2MS,3MS,1,qac_v0.4_aligned,numbered_aligned
6:159,6:159:16:1,6:159:18:1,6:159:16,6:159:18,3MS,3MP,0,qac_v0.4_aligned,numbered_aligned
6:159,6:159:18:1,6:159:19:1,6:159:18,6:159:19,3MP,3MP,0,qac_v0.4_aligned,numbered_aligned
6:160,6:160:2:1,6:160:8:1,6:160:2,6:160:8,3MS,3MS,0,qac_v0.4_aligned,numbered_aligned
6:160,6:160:8:1,6:160:11:1,6:160:8,6:160:11,3MS,3MS,0,qac_v0.4_aligned,numbered_aligned
6:160,6:160:11:1,6:160:16:1,6:160:11,6:160:16,3MS,3MP,0,qac_v0.4_aligned,numbered_aligned
6:164,6:164:11:1,6:164:17:1,6:164:11,6:164:17,3FS,3FS,0,qac_v0.4_aligned,numbered_aligned
6:164,6:164:17:1,6:164:25:2,6:164:17,6:164:25,3FS,3MS,0,qac_v0.4_aligned,numbered_aligned
6:164,6:164:25:2,6:164:27:1,6:164:25,6:164:27,3MS,2MP,1,qac_v0.4_aligned,numbered_aligned
6:164,6:164:27:1,6:164:29:1,6:164:27,6:164:29,2MP,2MP,0,qac_v0.4_aligned,numbered_aligned
6:165,6:165:3:1,6:165:6:2,6:165:3,6:165:6,3MS,3MS,0,qac_v0.4_aligned,numbered_aligned
6:165,6:165:6:2,6:165:11:2,6:165:6,6:165:11,3MS,3MS,0,qac_v0.4_aligned,numbered_aligned
7:2,7:2:2:1,7:2:5:1,7:2:2,7:2:5,3MS,3MS,0,qac_v0.4_aligned,numbered_aligned
7:2,7:2:5:1,7:2:10:2,7:2:5,7:2:10,3MS,2MS,1,qac_v0.4_aligned,numbered_aligned
7:3,7:3:1:1,7:3:3:1,7:3:1,7:3:3,2MP,3MS,1,qac_v0.4_aligned,numbered_aligned
7:3,7:3:3:1,7:3:8:1,7:3:3,7:3:8,3MS,2MP,1,qac_v0.4_aligned,numbered_aligned
7:3,7:3:8:1,7:3:14:1,7:3:8,7:3:14,2MP,2MP,0,qac_v0.4_aligned,numbered_aligned
7:4,7:4:4:1,7:4:5:2,7:4:4,7:4:5,1P,3MS,1,qac_v0.4_aligned,numbered_aligned
7:5,7:5:2:1,7:5:5:1,7:5:2,7:5:5,3MS,3MS,0,qac_v0.4_aligned,numbered_aligned
7:5,7:5:5:1,7:5:9:1,7:5:5,7:5:9,3MS,3MP,0,qac_v0.4_aligned,numbered_aligned
7:5,7:5:9:1,7:5:11:1,7:5:9,7:5:11,3MP,1P,1,qac_v0.4_aligned,numbered_aligned
7:7,7:7:1:3,7:7:5:1,7:7:1,7:7:5,1P,1P,0,qac_v0.4_aligned,numbered_aligned
7:9,7:9:2:1,7:9:6:1,7:9:2,7:9:6,3FS,3MP,0,qac_v0.4_aligned,numbered_aligned
7:9,7:9:6:1,7:9:9:1,7:9:6,7:9:9,3MP,3MP,0,qac_v0.4_aligned,numbered_aligned
7:9,7:9:9:1,7:9:11:1,7:9:9,7:9:11,3MP,3MP,0,qac_v0.4_aligned,numbered_aligned
7:10,7:10:2:1,7:10:5:2,7:10:2,7:10:5,1P,1P,0,qac_v0.4_aligned,numbered_aligned
7:10,7:10:5:2,7:10:11:1,7:10:5,7:10:11,1P,2MP,1,qac_v0.4_aligned,numbered_aligned
7:11,7:11:2:1,7:11:4:1,7:11:2,7:11:4,1P,1P,0,qac_v0.4_aligned,numbered_aligned
7:11,7:11:4:1,7:11:6:1,7:11:4,7:11:6,1P,1P,0,qac_v0.4_aligned,numbered_aligned
7:11,7:11:6:1,7:11:8:1,7:11:6,7:11:8,1P,2MP,1,qac_v0.4_aligned,numbered_aligned
7:11,7:11:8:1,7:11:10:2,7:11:8,7:11:10,2MP,3MP,1,qac_v0.4_aligned,numbered_aligned
7:11,7:11:10:2,7:11:14:1,7:11:10,7:11:14,3MP,3MS,0,qac_v0.4_aligned,numbered_aligned
7:12,7:12:1:1,7:12:3:1,7:12:1,7:12:3,3MS,3MS,0,qac_v0.4_aligned,numbered_aligned
7:12,7:12:3:1,7:12:5:1,7:12:3,7:12:5,3MS,2MS,1,qac_v0.4_aligned,numbered_aligned
7:12,7:12:5:1,7:12:7:1,7:12:5,7:12:7,2MS,1S,1,qac_v0.4_aligned,numbered_aligned
7:12,7:12:7:1,7:12:8:1,7:12:7,7:12:8,1S,3MS,1,qac_v0.4_aligned,numbered_aligned
7:13,7:13:1:1,7:13:2:2,7:13:1,7:13:2,3MS,2MS,1,qac_v0.4_aligned,numbered_aligned
7:13,7:13:2:2,7:13:5:1,7:13:2,7:13:5,2MS,3MS,1,qac_v0.4_aligned,numbered_aligned
7:13,7:13:5:1,7:13:8:1,7:13:5,7:13:8,3MS,2MS,1,qac_v0.4_aligned,numbered_aligned
7:13,7:13:8:1,7:13:10:2,7:13:8,7:13:10,2MS,2MS,0,qac_v0.4_aligned,numbered_aligned
7:18,7:18:1:1,7:18:2:1,7:18:1,7:18:2,3MS,2MS,1,qac_v0.4_aligned,numbered_aligned
7:18,7:18:2:1,7:18:7:1,7:18:2,7:18:7,2MS,3MS,1,qac_v0.4_aligned,numbered_aligned
7:18,7:18:7:1,7:18:9:2,7:18:7,7:18:9,3MS,1S,1,qac_v0.4_aligned,numbered_aligned
7:20,7:20:20:1,7:20:23:1,7:20:20,7:20:23,2D,2D,0,qac_v0.4_aligned,numbered_aligned
7:22,7:22:4:1,7:22:6:1,7:22:4,7:22:6,3MD,3FS,0,qac_v0.4_aligned,numbered_aligned
7:22,7:22:6:1,7:22:9:2,7:22:6,7:22:9,3FS,3MD,0,qac_v0.4_aligned,numbered_aligned
7:22,7:22:9:2,7:22:10:1,7:22:9,7:22:10,3MD,3MD,0,qac_v0.4_aligned,numbered_aligned
7:22,7:22:18:1,7:22:22:2,7:22:18,7:22:22,1S,1S,0,qac_v0.4_aligned,numbered_aligned
7:23,7:23:1:1,7:23:3:1,7:23:1,7:23:3,3MD,1P,1,qac_v0.4_aligned,numbered_aligned
7:23,7:23:3:1,7:23:7:1,7:23:3,7:23:7,1P,2MS,1,qac_v0.4_aligned,numbered_aligned
7:23,7:23:7:1,7:23:9:2,7:23:7,7:23:9,2MS,3FS,1,qac_v0.4_aligned,numbered_aligned
7:23,7:23:9:2,7:23:10:2,7:23:9,7:23:10,3FS,1P,1,qac_v0.4_aligned,numbered_aligned
7:24,7:24:1:1,7:24:2:1,7:24:1,7:24:2,3MS,2MP,1,qac_v0.4_aligned,numbered_aligned
7:25,7:25:1:1,7:25:3:1,7:25:1,7:25:3,3MS,2MP,1,qac_v0.4_aligned,numbered_aligned
7:25,7:25:3:1,7:25:5:1,7:25:3,7:25:5,2MP,2MP,0,qac_v0.4_aligned,numbered_aligned
7:25,7:25:5:1,7:25:7:1,7:25:5,7:25:7,2MP,2MP,0,qac_v0.4_aligned,numbered_aligned
7:28,7:28:2:1,7:28:4:1,7:28:2,7:28:4,3MP,3MP,0,qac_v0.4_aligned,numbered_aligned
7:28,7:28:4:1,7:28:5:1,7:28:4,7:28:5,3MP,1P,1,qac_v0.4_aligned,numbered_aligned
7:28,7:28:5:1,7:28:9:1,7:28:5,7:28:9,1P,3MS,1,qac_v0.4_aligned,numbered_aligned
7:28,7:28:9:1,7:28:11:1,7:28:9,7:28:11,3MS,2MS,1,qac_v0.4_aligned,numbered_aligned
7:28,7:28:11:1,7:28:15:1,7:28:11,7:28:15,2MS,3MS,1,qac_v0.4_aligned,numbered_aligned
7:28,7:28:15:1,7:28:17:2,7:28:15,7:28:17,3MS,2MP,1,qac_v0.4_aligned,numbered_aligned
7:28,7:28:17:2,7:28:22:1,7:28:17,7:28:22,2MP,2MP,0,qac_v0.4_aligned,numbered_aligned
7:29,7:29:1:1,7:29:2:1,7:29:1,7:29:2,2MS,3MS,1,qac_v0.4_aligned,numbered_aligned
7:29,7:29:2:1,7:29:5:2,7:29:2,7:29:5,3MS,2MP,1,qac_v0.4_aligned,numbered_aligned
7:29,7:29:5:2,7:29:10:2,7:29:5,7:29:10,2MP,2MP,0,qac_v0.4_aligned,numbered_aligned
7:29,7:29:10:2,7:29:15:1,7:29:10,7:29:15,2MP,3MS,1,qac_v0.4_aligned,numbered_aligned
7:29,7:29:15:1,7:29:16:1,7:29:15,7:29:16,3MS,2MP,1,qac_v0.4_aligned,numbered_aligned
7:30,7:30:2:1,7:30:4:1,7:30:2,7:30:4,3MS,3MS,0,qac_v0.4_aligned,numbered_aligned
7:30,7:30:4:1,7:30:8:1,7:30:4,7:30:8,3MS,3MP,0,qac_v0.4_aligned,numbered_aligned
7:30,7:30:8:1,7:30:14:2,7:30:8,7:30:14,3MP,3MP,0,qac_v0.4_aligned,numbered_aligned
7:32,7:32:1:1,7:32:3:1,7:32:1,7:32:3,2MS,3MS,1,qac_v0.4_aligned,numbered_aligned
7:32,7:32:3:1,7:32:7:1,7:32:3,7:32:7,3MS,3MS,0,qac_v0.4_aligned,numbered_aligned
7:32,7:32:7:1,7:32:12:1,7:32:7,7:32:12,3MS,2MS,1,qac_v0.4_aligned,numbered_aligned
7:32,7:32:23:1,7:32:26:1,7:32:23,7:32:26,1P,3MP,1,qac_v0.4_aligned,numbered_aligned
7:33,7:33:1:1,7:33:3:1,7:33:1,7:33:3,2MS,3MS,1,qac_v0.4_aligned,numbered_aligned
7:33,7:33:3:1,7:33:7:1,7:33:3,7:33:7,3MS,3MS,0,qac_v0.4_aligned,numbered_aligned
7:33,7:33:7:1,7:33:10:1,7:33:7,7:33:10,3MS,3MS,0,qac_v0.4_aligned,numbered_aligned
7:33,7:33:10:1,7:33:16:1,7:33:10,7:33:16,3MS,2MP,1,qac_v0.4_aligned,numbered_aligned
7:33,7:33:16:1,7:33:20:1,7:33:16,7:33:20,2MP,3MS,1,qac_v0.4_aligned,numbered_aligned
7:33,7:33:20:1,7:33:24:1,7:33:20,7:33:24,3MS,2MP,1,qac_v0.4_aligned,numbered_aligned
7:33,7:33:24:1,7:33:29:1,7:33:24,7:33:29,2MP,2MP,0,qac_v0.4_aligned,numbered_aligned
7:34,7:34:5:1,7:34:8:1,7:34:5,7:34:8,3MS,3MP,0,qac_v0.4_aligned,numbered_aligned
7:34,7:34:8:1,7:34:11:1,7:34:8,7:34:11,3MP,3MP,0,qac_v0.4_aligned,numbered_aligned
7:36,7:36:2:1,7:36:4:2,7:36:2,7:36:4,3MP,3MP,0,qac_v0.4_aligned,numbered_aligned
7:37,7:37:4:1,7:37:9:1,7:37:4,7:37:9,3MS,3MS,0,qac_v0.4_aligned,numbered_aligned
7:37,7:37:9:1,7:37:12:1,7:37:9,7:37:12,3MS,3MS,0,qac_v0.4_aligned,numbered_aligned
7:37,7:37:12:1,7:37:18:1,7:37:12,7:37:18,3MS,3FS,0,qac_v0.4_aligned,numbered_aligned
7:37,7:37:18:1,7:37:20:1,7:37:18,7:37:20,3FS,3MP,0,qac_v0.4_aligned,numbered_aligned
7:37,7:37:20:1,7:37:21:1,7:37:20,7:37:21,3MP,3MP,0,qac_v0.4_aligned,numbered_aligned
7:37,7:37:21:1,7:37:24:1,7:37:21,7:37:24,3MP,2MP,1,qac_v0.4_aligned,numbered_aligned
7:37,7:37:24:1,7:37:25:1,7:37:24,7:37:25,2MP,2MP,0,qac_v0.4_aligned,numbered_aligned
7:37,7:37:25:1,7:37:29:1,7:37:25,7:37:29,2MP,3MP,1,qac_v0.4_aligned,numbered_aligned
7:37,7:37:29:1,7:37:30:1,7:37:29,7:37:30,3MP,3MP,0,qac_v0.4_aligned,numbered_aligned
7:37,7:37:30:1,7:37:32:2,7:37:30,7:37:32,3MP,3MP,0,qac_v0.4_aligned,numbered_aligned
7:37,7:37:32:2,7:37:36:1,7:37:32,7:37:36,3MP,3MP,0,qac_v0.4_aligned,numbered_aligned
7:38,7:38:1:1,7:38:2:1,7:38:1,7:38:2,3MS,2MP,1,qac_v0.4_aligned,numbered_aligned
7:38,7:38:2:1,7:38:6:1,7:38:2,7:38:6,2MP,3FS,1,qac_v0.4_aligned,numbered_aligned
7:38,7:38:6:1,7:38:15:1,7:38:6,7:38:15,3FS,3FS,0,qac_v0.4_aligned,numbered_aligned
7:38,7:38:15:1,7:38:17:1,7:38:15,7:38:17,3FS,3FS,0,qac_v0.4_aligned,numbered_aligned
7:38,7:38:17:1,7:38:21:1,7:38:17,7:38:21,3FS,2MP,1,qac_v0.4_aligned,numbered_aligned
7:38,7:38:21:1,7:38:24:1,7:38:21,7:38:24,2MP,3FS,1,qac_v0.4_aligned,numbered_aligned
7:38,7:38:24:1,7:38:29:1,7:38:24,7:38:29,3FS,3MP,0,qac_v0.4_aligned,numbered_aligned
7:38,7:38:35:1,7:38:40:1,7:38:35,7:38:40,3MS,2MP,1,qac_v0.4_aligned,numbered_aligned
7:39,7:39:1:2,7:39:5:1,7:39:1,7:39:5,3FS,3MS,0,qac_v0.4_aligned,numbered_aligned
7:39,7:39:5:1,7:39:10:2,7:39:5,7:39:10,3MS,2MP,1,qac_v0.4_aligned,numbered_aligned
7:39,7:39:10:2,7:39:13:1,7:39:10,7:39:13,2MP,2MP,0,qac_v0.4_aligned,numbered_aligned
7:39,7:39:13:1,7:39:14:1,7:39:13,7:39:14,2MP,2MP,0,qac_v0.4_aligned,numbered_aligned
7:40,7:40:3:1,7:40:5:2,7:40:3,7:40:5,3MP,3MP,0,qac_v0.4_aligned,numbered_aligned
7:40,7:40:5:2,7:40:8:1,7:40:5,7:40:8,3MP,3FS,0,qac_v0.4_aligned,numbered_aligned
7:40,7:40:8:1,7:40:13:1,7:40:8,7:40:13,3FS,3MP,0,qac_v0.4_aligned,numbered_aligned
7:40,7:40:13:1,7:40:16:1,7:40:13,7:40:16,3MP,3MS,0,qac_v0.4_aligned,numbered_aligned
7:42,7:42:3:2,7:42:6:1,7:42:3,7:42:6,3MP,1P,1,qac_v0.4_aligned,numbered_aligned
7:43,7:43:25:1,7:43:29:2,7:43:25,7:43:29,3FS,3MP,0,qac_v0.4_aligned,numbered_aligned
7:43,7:43:29:2,7:43:33:1,7:43:29,7:43:33,3MP,2MP,1,qac_v0.4_aligned,numbered_aligned
7:43,7:43:33:1,7:43:35:1,7:43:33,7:43:35,2MP,2MP,0,qac_v0.4_aligned,numbered_aligned
7:43,7:43:35:1,7:43:36:1,7:43:35,7:43:36,2MP,2MP,0,qac_v0.4_aligned,numbered_aligned
7:44,7:44:1:2,7:44:8:1,7:44:1,7:44:8,3MS,1P,1,qac_v0.4_aligned,numbered_aligned
7:44,7:44:8:1,7:44:10:1,7:44:8,7:44:10,1P,3MS,1,qac_v0.4_aligned,numbered_aligned
7:44,7:44:10:1,7:44:14:1,7:44:10,7:44:14,3MS,2MP,1,qac_v0.4_aligned,numbered_aligned
7:44,7:44:14:1,7:44:16:1,7:44:14,7:44:16,2MP,3MS,1,qac_v0.4_aligned,numbered_aligned
7:44,7:44:16:1,7:44:19:1,7:44:16,7:44:19,3MS,3MP,0,qac_v0.4_aligned,numbered_aligned
7:44,7:44:19:1,7:44:21:2,7:44:19,7:44:21,3MP,3MS,0,qac_v0.4_aligned,numbered_aligned
7:45,7:45:2:1,7:45:6:2,7:45:2,7:45:6,3MP,3MP,0,qac_v0.4_aligned,numbered_aligned
7:46,7:46:6:1,7:46:9:2,7:46:6,7:46:9,3MP,3MP,0,qac_v0.4_aligned,numbered_aligned
7:46,7:46:9:2,7:46:16:1,7:46:9,7:46:16,3MP,3MP,0,qac_v0.4_aligned,numbered_aligned
7:46,7:46:16:1,7:46:18:1,7:46:16,7:46:18,3MP,3MP,0,qac_v0.4_aligned,numbered_aligned
7:47,7:47:2:1,7:47:7:1,7:47:2,7:47:7,3FS,3MP,0,qac_v0.4_aligned,numbered_aligned
7:47,7:47:7:1,7:47:10:1,7:47:7,7:47:10,3MP,2MS,1,qac_v0.4_aligned,numbered_aligned
7:48,7:48:1:2,7:48:5:1,7:48:1,7:48:5,3MS,3MP,0,qac_v0.4_aligned,numbered_aligned
7:48,7:48:5:1,7:48:7:1,7:48:5,7:48:7,3MP,3MP,0,qac_v0.4_aligned,numbered_aligned
7:48,7:48:7:1,7:48:9:1,7:48:7,7:48:9,3MP,3MS,0,qac_v0.4_aligned,numbered_aligned
7:48,7:48:9:1,7:48:13:1,7:48:9,7:48:13,3MS,2MP,1,qac_v0.4_aligned,numbered_aligned
7:48,7:48:13:1,7:48:14:1,7:48:13,7:48:14,2MP,2MP,0,qac_v0.4_aligned,numbered_aligned
7:49,7:49:3:1,7:49:5:1,7:49:3,7:49:5,2MP,3MS,1,qac_v0.4_aligned,numbered_aligned
7:49,7:49:5:1,7:49:8:1,7:49:5,7:49:8,3MS,2MP,1,qac_v0.4_aligned,numbered_aligned
7:49,7:49:8:1,7:49:15:1,7:49:8,7:49:15,2MP,2MP,0,qac_v0.4_aligned,numbered_aligned
7:50,7:50:1:2,7:50:7:1,7:50:1,7:50:7,3MS,2MP,1,qac_v0.4_aligned,numbered_aligned
7:50,7:50:7:1,7:50:13:1,7:50:7,7:50:13,2MP,3MS,1,qac_v0.4_aligned,numbered_aligned
7:50,7:50:13:1,7:50:15:1,7:50:13,7:50:15,3MS,3MP,0,qac_v0.4_aligned,numbered_aligned
7:50,7:50:15:1,7:50:18:1,7:50:15,7:50:18,3MP,3MS,0,qac_v0.4_aligned,numbered_aligned
7:51,7:51:2:1,7:51:6:2,7:51:2,7:51:6,3MP,3FS,0,qac_v0.4_aligned,numbered_aligned
7:51,7:51:12:1,7:51:17:1,7:51:12,7:51:17,3MP,3MP,0,qac_v0.4_aligned,numbered_aligned
7:51,7:51:17:1,7:51:19:1,7:51:17,7:51:19,3MP,3MP,0,qac_v0.4_aligned,numbered_aligned
7:52,7:52:2:1,7:52:4:1,7:52:2,7:52:4,1P,1P,0,qac_v0.4_aligned,numbered_aligned
7:52,7:52:4:1,7:52:10:1,7:52:4,7:52:10,1P,3MP,1,qac_v0.4_aligned,numbered_aligned
7:53,7:53:8:1,7:53:10:1,7:53:8,7:53:10,3MS,3MP,0,qac_v0.4_aligned,numbered_aligned
7:53,7:53:10:1,7:53:14:1,7:53:10,7:53:14,3MP,3FS,0,qac_v0.4_aligned,numbered_aligned
7:53,7:53:14:1,7:53:22:2,7:53:14,7:53:22,3FS,3MP,0,qac_v0.4_aligned,numbered_aligned
7:53,7:53:22:2,7:53:25:1,7:53:22,7:53:25,3MP,1P,1,qac_v0.4_aligned,numbered_aligned
7:53,7:53:25:1,7:53:26:2,7:53:25,7:53:26,1P,1P,0,qac_v0.4_aligned,numbered_aligned
7:53,7:53:26:2,7:53:29:1,7:53:26,7:53:29,1P,1P,0,qac_v0.4_aligned,numbered_aligned
7:53,7:53:29:1,7:53:30:1,7:53:29,7:53:30,1P,1P,0,qac_v0.4_aligned,numbered_aligned
7:53,7:53:30:1,7:53:32:1,7:53:30,7:53:32,1P,3MP,1,qac_v0.4_aligned,numbered_aligned
7:53,7:53:32:1,7:53:34:2,7:53:32,7:53:34,3MP,3MS,0,qac_v0.4_aligned,numbered_aligned
7:53,7:53:34:2,7:53:37:1,7:53:34,7:53:37,3MS,3MP,0,qac_v0.4_aligned,numbered_aligned
7:53,7:53:37:1,7:53:38:1,7:53:37,7:53:38,3MP,3MP,0,qac_v0.4_aligned,numbered_aligned
7:54,7:54:5:1,7:54:12:1,7:54:5,7:54:12,3MS,3MS,0,qac_v0.4_aligned,numbered_aligned
7:54,7:54:18:1,7:54:29:1,7:54:18,7:54:29,3MS,3MS,0,qac_v0.4_aligned,numbered_aligned
7:55,7:55:1:1,7:55:7:1,7:55:1,7:55:7,2MP,3MS,1,qac_v0.4_aligned,numbered_aligned
7:56,7:56:2:1,7:56:7:2,7:56:2,7:56:7,2MP,2MP,0,qac_v0.4_aligned,numbered_aligned
7:57,7:57:3:1,7:57:11:1,7:57:3,7:57:11,3MS,3FS,0,qac_v0.4_aligned,numbered_aligned
7:57,7:57:11:1,7:57:14:1,7:57:11,7:57:14,3FS,1P,1,qac_v0.4_aligned,numbered_aligned
7:57,7:57:14:1,7:57:17:2,7:57:14,7:57:17,1P,1P,0,qac_v0.4_aligned,numbered_aligned
7:57,7:57:17:2,7:57:20:2,7:57:17,7:57:20,1P,1P,0,qac_v0.4_aligned,numbered_aligned
7:57,7:57:20:2,7:57:26:1,7:57:20,7:57:26,1P,1P,0,qac_v0.4_aligned,numbered_aligned
7:57,7:57:26:1,7:57:29:1,7:57:26,7:57:29,1P,2MP,1,qac_v0.4_aligned,numbered_aligned
7:58,7:58:3:1,7:58:8:1,7:58:3,7:58:8,3MS,3MS,0,qac_v0.4_aligned,numbered_aligned
7:58,7:58:8:1,7:58:10:1,7:58:8,7:58:10,3MS,3MS,0,qac_v0.4_aligned,numbered_aligned
7:58,7:58:10:1,7:58:14:1,7:58:10,7:58:14,3MS,1P,1,qac_v0.4_aligned,numbered_aligned
7:58,7:58:14:1,7:58:17:1,7:58:14,7:58:17,1P,3MP,1,qac_v0.4_aligned,numbered_aligned
7:59,7:59:2:1,7:59:6:2,7:59:2,7:59:6,1P,3MS,1,qac_v0.4_aligned,numbered_aligned
7:59,7:59:6:2,7:59:8:1,7:59:6,7:59:9,3MS,2MP,1,qac_v0.4_aligned,numbered_aligned
7:59,7:59:8:1,7:59:16:1,7:59:9,7:59:17,2MP,1S,1,qac_v0.4_aligned,numbered_aligned
7:61,7:61:1:1,7:61:3:1,7:61:1,7:61:4,3MS,3MS,0,qac_v0.4_aligned,numbered_aligned
7:62,7:62:1:1,7:62:4:2,7:62:1,7:62:4,1S,1S,0,qac_v0.4_aligned,numbered_aligned
7:62,7:62:4:2,7:62:6:2,7:62:4,7:62:6,1S,1S,0,qac_v0.4_aligned,numbered_aligned
7:62,7:62:6:2,7:62:11:1,7:62:6,7:62:11,1S,2MP,1,qac_v0.4_aligned,numbered_aligned
7:63,7:63:1:3,7:63:3:1,7:63:1,7:63:3,2MP,3MS,1,qac_v0.4_aligned,numbered_aligned
7:63,7:63:3:1,7:63:10:2,7:63:3,7:63:10,3MS,3MS,0,qac_v0.4_aligned,numbered_aligned
7:63,7:63:10:2,7:63:11:3,7:63:10,7:63:11,3MS,2MP,1,qac_v0.4_aligned,numbered_aligned
7:63,7:63:11:3,7:63:13:1,7:63:11,7:63:13,2MP,2MP,0,qac_v0.4_aligned,numbered_aligned
7:64,7:64:1:2,7:64:2:2,7:64:1,7:64:2,3MP,1P,1,qac_v0.4_aligned,numbered_aligned
7:64,7:64:2:2,7:64:7:2,7:64:2,7:64:7,1P,1P,0,qac_v0.4_aligned,numbered_aligned
7:64,7:64:7:2,7:64:9:1,7:64:7,7:64:9,1P,3MP,1,qac_v0.4_aligned,numbered_aligned
7:64,7:64:9:1,7:64:12:1,7:64:9,7:64:12,3MP,3MP,0,qac_v0.4_aligned,numbered_aligned
7:65,7:65:5:1,7:65:7:1,7:65:5,7:65:8,3MS,2MP,1,qac_v0.4_aligned,numbered_aligned
7:65,7:65:7:1,7:65:15:1,7:65:8,7:65:16,2MP,2MP,0,qac_v0.4_aligned,numbered_aligned
7:66,7:66:1:1,7:66:4:1,7:66:1,7:66:4,3MS,3MP,0,qac_v0.4_aligned,numbered_aligned
7:67,7:67:1:1,7:67:3:1,7:67:1,7:67:4,3MS,3MS,0,qac_v0.4_aligned,numbered_aligned
7:69,7:69:1:3,7:69:3:1,7:69:1,7:69:3,2MP,3MS,1,qac_v0.4_aligned,numbered_aligned
7:69,7:69:3:1,7:69:10:2,7:69:3,7:69:10,3MS,3MS,0,qac_v0.4_aligned,numbered_aligned
7:69,7:69:10:2,7:69:11:2,7:69:10,7:69:11,3MS,2MP,1,qac_v0.4_aligned,numbered_aligned
7:69,7:69:11:2,7:69:13:1,7:69:11,7:69:13,2MP,3MS,1,qac_v0.4_aligned,numbered_aligned
7:69,7:69:13:1,7:69:19:2,7:69:13,7:69:19,3MS,3MS,0,qac_v0.4_aligned,numbered_aligned
7:69,7:69:19:2,7:69:23:2,7:69:19,7:69:23,3MS,2MP,1,qac_v0.4_aligned,numbered_aligned
7:69,7:69:23:2,7:69:27:1,7:69:23,7:69:27,2MP,2MP,0,qac_v0.4_aligned,numbered_aligned
7:70,7:70:1:1,7:70:2:2,7:70:1,7:70:2,3MP,2MS,1,qac_v0.4_aligned,numbered_aligned
7:70,7:70:2:2,7:70:3:2,7:70:2,7:70:3,2MS,1P,1,qac_v0.4_aligned,numbered_aligned
7:70,7:70:3:2,7:70:6:2,7:70:3,7:70:6,1P,1P,0,qac_v0.4_aligned,numbered_aligned
7:70,7:70:6:2,7:70:8:1,7:70:6,7:70:8,1P,3MS,1,qac_v0.4_aligned,numbered_aligned
7:70,7:70:8:1,7:70:9:1,7:70:8,7:70:9,3MS,3MS,0,qac_v0.4_aligned,numbered_aligned
7:70,7:70:9:1,7:70:11:2,7:70:9,7:70:11,3MS,2MS,1,qac_v0.4_aligned,numbered_aligned
7:70,7:70:11:2,7:70:13:1,7:70:11,7:70:13,2MS,2MS,0,qac_v0.4_aligned,numbered_aligned
7:70,7:70:13:1,7:70:15:1,7:70:13,7:70:15,2MS,2MS,0,qac_v0.4_aligned,numbered_aligned
7:71,7:71:1:1,7:71:3:1,7:71:1,7:71:3,3MS,3MS,0,qac_v0.4_aligned,numbered_aligned
7:71,7:71:12:1,7:71:16:1,7:71:12,7:71:16,2MP,3MS,1,qac_v0.4_aligned,numbered_aligned
7:71,7:71:16:1,7:71:21:2,7:71:16,7:71:21,3MS,2MP,1,qac_v0.4_aligned,numbered_aligned
7:72,7:72:1:2,7:72:6:2,7:72:1,7:72:6,1P,1P,0,qac_v0.4_aligned,numbered_aligned
7:72,7:72:6:2,7:72:9:1,7:72:6,7:72:9,1P,3MP,1,qac_v0.4_aligned,numbered_aligned
7:72,7:72:9:1,7:72:12:1,7:72:9,7:72:12,3MP,3MP,0,qac_v0.4_aligned,numbered_aligned
7:73,7:73:5:1,7:73:7:1,7:73:5,7:73:8,3MS,2MP,1,qac_v0.4_aligned,numbered_aligned
7:73,7:73:7:1,7:73:15:1,7:73:8,7:73:16,2MP,3FS,1,qac_v0.4_aligned,numbered_aligned
7:73,7:73:15:1,7:73:24:2,7:73:16,7:73:25,3FS,2MP,1,qac_v0.4_aligned,numbered_aligned
7:73,7:73:24:2,7:73:25:1,7:73:25,7:73:26,2MP,3FS,1,qac_v0.4_aligned,numbered_aligned
7:73,7:73:25:1,7:73:30:1,7:73:26,7:73:31,3FS,2MP,1,qac_v0.4_aligned,numbered_aligned
7:73,7:73:30:1,7:73:32:2,7:73:31,7:73:33,2MP,3MS,1,qac_v0.4_aligned,numbered_aligned
7:74,7:74:1:2,7:74:3:1,7:74:1,7:74:3,2MP,3MS,1,qac_v0.4_aligned,numbered_aligned
7:74,7:74:3:1,7:74:8:2,7:74:3,7:74:8,3MS,3MS,0,qac_v0.4_aligned,numbered_aligned
7:74,7:74:8:2,7:74:11:1,7:74:8,7:74:11,3MS,2MP,1,qac_v0.4_aligned,numbered_aligned
7:74,7:74:11:1,7:74:15:2,7:74:11,7:74:15,2MP,2MP,0,qac_v0.4_aligned,numbered_aligned
7:74,7:74:15:2,7:74:18:2,7:74:15,7:74:18,2MP,2MP,0,qac_v0.4_aligned,numbered_aligned
7:74,7:74:18:2,7:74:22:1,7:74:18,7:74:22,2MP,2MP,0,qac_v0.4_aligned,numbered_aligned
7:75,7:75:1:1,7:75:4:1,7:75:1,7:75:4,3MS,3MP,0,qac_v0.4_aligned,numbered_aligned
7:75,7:75:4:1,7:75:8:1,7:75:4,7:75:8,3MP,3MP,0,qac_v0.4_aligned,numbered_aligned
7:75,7:75:12:2,7:75:18:1,7:75:12,7:75:18,2MP,3MP,1,qac_v0.4_aligned,numbered_aligned
7:75,7:75:18:1,7:75:21:1,7:75:18,7:75:21,3MP,3MS,0,qac_v0.4_aligned,numbered_aligned
7:76,7:76:1:1,7:76:3:1,7:76:1,7:76:3,3MS,3MP,0,qac_v0.4_aligned,numbered_aligned
7:77,7:77:1:2,7:77:3:2,7:77:1,7:77:3,3MP,3MP,0,qac_v0.4_aligned,numbered_aligned
7:77,7:77:3:2,7:77:7:2,7:77:3,7:77:7,3MP,3MP,0,qac_v0.4_aligned,numbered_aligned
7:77,7:77:7:2,7:77:9:1,7:77:7,7:77:10,3MP,2MS,1,qac_v0.4_aligned,numbered_aligned
7:77,7:77:9:1,7:77:11:1,7:77:10,7:77:12,2MS,2MS,0,qac_v0.4_aligned,numbered_aligned
7:77,7:77:11:1,7:77:13:1,7:77:12,7:77:14,2MS,2MS,0,qac_v0.4_aligned,numbered_aligned
7:78,7:78:1:2,7:78:3:2,7:78:1,7:78:3,3FS,3MP,0,qac_v0.4_aligned,numbered_aligned
7:79,7:79:1:2,7:79:3:2,7:79:1,7:79:3,3MS,3MS,0,qac_v0.4_aligned,numbered_aligned
7:79,7:79:3:2,7:79:6:1,7:79:3,7:79:7,3MS,1S,1,qac_v0.4_aligned,numbered_aligned
7:79,7:79:6:1,7:79:9:2,7:79:7,7:79:10,1S,1S,0,qac_v0.4_aligned,numbered_aligned
7:79,7:79:9:2,7:79:13:1,7:79:10,7:79:14,1S,2MP,1,qac_v0.4_aligned,numbered_aligned
7:80,7:80:3:1,7:80:5:2,7:80:3,7:80:5,3MS,2MP,1,qac_v0.4_aligned,numbered_aligned
7:80,7:80:5:2,7:80:8:1,7:80:5,7:80:8,2MP,3MS,1,qac_v0.4_aligned,numbered_aligned
7:82,7:82:2:1,7:82:7:1,7:82:2,7:82:7,3MS,3MP,0,qac_v0.4_aligned,numbered_aligned
7:82,7:82:7:1,7:82:8:1,7:82:7,7:82:8,3MP,2MP,1,qac_v0.4_aligned,numbered_aligned
7:82,7:82:8:1,7:82:13:1,7:82:8,7:82:13,2MP,3MP,1,qac_v0.4_aligned,numbered_aligned
7:83,7:83:1:2,7:83:5:1,7:83:1,7:83:5,1P,3FS,1,qac_v0.4_aligned,numbered_aligned
7:84,7:84:1:2,7:84:4:2,7:84:1,7:84:4,1P,2MS,1,qac_v0.4_aligned,numbered_aligned
7:84,7:84:4:2,7:84:6:1,7:84:4,7:84:6,2MS,3MS,1,qac_v0.4_aligned,numbered_aligned
7:85,7:85:5:1,7:85:7:1,7:85:5,7:85:8,3MS,2MP,1,qac_v0.4_aligned,numbered_aligned
7:85,7:85:7:1,7:85:15:1,7:85:8,7:85:16,2MP,3FS,1,qac_v0.4_aligned,numbered_aligned
7:85,7:85:15:1,7:85:19:2,7:85:16,7:85:20,3FS,2MP,1,qac_v0.4_aligned,numbered_aligned
7:85,7:85:19:2,7:85:23:1,7:85:20,7:85:24,2MP,2MP,0,qac_v0.4_aligned,numbered_aligned
7:85,7:85:23:1,7:85:27:1,7:85:24,7:85:28,2MP,2MP,0,qac_v0.4_aligned,numbered_aligned
7:85,7:85:27:1,7:85:36:1,7:85:28,7:85:37,2MP,2MP,0,qac_v0.4_aligned,numbered_aligned
7:86,7:86:2:1,7:86:5:1,7:86:2,7:86:5,2MP,2MP,0,qac_v0.4_aligned,numbered_aligned
7:86,7:86:5:1,7:86:6:2,7:86:5,7:86:6,2MP,2MP,0,qac_v0.4_aligned,numbered_aligned
7:86,7:86:13:2,7:86:15:2,7:86:13,7:86:15,2MP,2MP,0,qac_v0.4_aligned,numbered_aligned
7:86,7:86:15:2,7:86:17:1,7:86:15,7:86:17,2MP,2MP,0,qac_v0.4_aligned,numbered_aligned
7:86,7:86:17:1,7:86:19:2,7:86:17,7:86:19,2MP,3MS,1,qac_v0.4_aligned,numbered_aligned
7:86,7:86:19:2,7:86:20:2,7:86:19,7:86:20,3MS,2MP,1,qac_v0.4_aligned,numbered_aligned
7:86,7:86:20:2,7:86:22:1,7:86:20,7:86:22,2MP,3MS,1,qac_v0.4_aligned,numbered_aligned
7:87,7:87:7:1,7:87:11:1,7:87:7,7:87:11,1S,3MP,1,qac_v0.4_aligned,numbered_aligned
7:87,7:87:11:1,7:87:12:2,7:87:11,7:87:12,3MP,2MP,1,qac_v0.4_aligned,numbered_aligned
7:87,7:87:12:2,7:87:14:1,7:87:12,7:87:14,2MP,3MS,1,qac_v0.4_aligned,numbered_aligned
7:88,7:88:1:1,7:88:4:1,7:88:1,7:88:4,3MS,3MP,0,qac_v0.4_aligned,numbered_aligned
7:88,7:88:4:1,7:88:7:2,7:88:4,7:88:7,3MP,1P,1,qac_v0.4_aligned,numbered_aligned
7:88,7:88:15:2,7:88:18:1,7:88:16,7:88:19,2MP,3MS,1,qac_v0.4_aligned,numbered_aligned
7:88,7:88:18:1,7:88:20:1,7:88:19,7:88:21,3MS,1P,1,qac_v0.4_aligned,numbered_aligned
7:89,7:89:2:1,7:89:7:1,7:89:2,7:89:7,1P,1P,0,qac_v0.4_aligned,numbered_aligned
7:89,7:89:16:1,7:89:19:1,7:89:16,7:89:19,3MS,1P,1,qac_v0.4_aligned,numbered_aligned
7:89,7:89:19:1,7:89:23:1,7:89:19,7:89:23,1P,3MS,1,qac_v0.4_aligned,numbered_aligned
7:89,7:89:23:1,7:89:26:1,7:89:23,7:89:26,3MS,3MS,0,qac_v0.4_aligned,numbered_aligned
7:89,7:89:26:1,7:89:33:1,7:89:26,7:89:33,3MS,1P,1,qac_v0.4_aligned,numbered_aligned
7:89,7:89:33:1,7:89:35:1,7:89:33,7:89:35,1P,2MS,1,qac_v0.4_aligned,numbered_aligned
7:90,7:90:1:2,7:90:4:1,7:90:1,7:90:4,3MS,3MP,0,qac_v0.4_aligned,numbered_aligned
7:90,7:90:4:1,7:90:8:1,7:90:4,7:90:8,3MP,2MP,1,qac_v0.4_aligned,numbered_aligned
7:91,7:91:1:2,7:91:3:2,7:91:1,7:91:3,3FS,3MP,0,qac_v0.4_aligned,numbered_aligned
7:92,7:92:2:1,7:92:6:1,7:92:2,7:92:6,3MP,3MP,0,qac_v0.4_aligned,numbered_aligned
7:92,7:92:6:1,7:92:9:1,7:92:6,7:92:9,3MP,3MP,0,qac_v0.4_aligned,numbered_aligned
7:92,7:92:9:1,7:92:11:1,7:92:9,7:92:11,3MP,3MP,0,qac_v0.4_aligned,numbered_aligned
7:93,7:93:1:2,7:93:3:2,7:93:1,7:93:3,3MS,3MS,0,qac_v0.4_aligned,numbered_aligned
7:93,7:93:3:2,7:93:6:1,7:93:3,7:93:7,3MS,1S,1,qac_v0.4_aligned,numbered_aligned
7:93,7:93:6:1,7:93:9:2,7:93:7,7:93:10,1S,1S,0,qac_v0.4_aligned,numbered_aligned
7:94,7:94:2:1,7:94:8:1,7:94:2,7:94:8,1P,1P,0,qac_v0.4_aligned,numbered_aligned
7:94,7:94:8:1,7:94:13:1,7:94:8,7:94:13,1P,3MP,1,qac_v0.4_aligned,numbered_aligned
7:95,7:95:2:1,7:95:7:1,7:95:2,7:95:7,1P,3MP,1,qac_v0.4_aligned,numbered_aligned
7:95,7:95:7:1,7:95:8:2,7:95:7,7:95:8,3MP,3MP,0,qac_v0.4_aligned,numbered_aligned
7:95,7:95:8:2,7:95:10:1,7:95:8,7:95:10,3MP,3MS,0,qac_v0.4_aligned,numbered_aligned
7:95,7:95:10:1,7:95:14:2,7:95:10,7:95:14,3MS,1P,1,qac_v0.4_aligned,numbered_aligned
7:95,7:95:14:2,7:95:18:1,7:95:14,7:95:18,1P,3MP,1,qac_v0.4_aligned,numbered_aligned
7:96,7:96:6:2,7:96:7:2,7:96:6,7:96:7,3MP,1P,1,qac_v0.4_aligned,numbered_aligned
7:96,7:96:7:2,7:96:14:1,7:96:7,7:96:14,1P,3MP,1,qac_v0.4_aligned,numbered_aligned
7:96,7:96:14:1,7:96:15:2,7:96:14,7:96:15,3MP,1P,1,qac_v0.4_aligned,numbered_aligned
7:96,7:96:15:2,7:96:17:1,7:96:15,7:96:17,1P,3MP,1,qac_v0.4_aligned,numbered_aligned
7:96,7:96:17:1,7:96:18:1,7:96:17,7:96:18,3MP,3MP,0,qac_v0.4_aligned,numbered_aligned
7:97,7:97:1:3,7:97:5:1,7:97:1,7:97:5,3MS,3MS,0,qac_v0.4_aligned,numbered_aligned
7:98,7:98:1:3,7:98:5:1,7:98:1,7:98:5,3MS,3MS,0,qac_v0.4_aligned,numbered_aligned
7:98,7:98:5:1,7:98:9:1,7:98:5,7:98:9,3MS,3MP,0,qac_v0.4_aligned,numbered_aligned
7:99,7:99:1:3,7:99:5:1,7:99:1,7:99:5,3MP,3MS,0,qac_v0.4_aligned,numbered_aligned
7:100,7:100:2:1,7:100:4:1,7:100:2,7:100:4,3MS,3MP,0,qac_v0.4_aligned,numbered_aligned
7:100,7:100:4:1,7:100:11:1,7:100:4,7:100:11,3MP,1P,1,qac_v0.4_aligned,numbered_aligned
7:100,7:100:11:1,7:100:12:1,7:100:11,7:100:12,1P,1P,0,qac_v0.4_aligned,numbered_aligned
7:100,7:100:12:1,7:100:14:2,7:100:12,7:100:14,1P,1P,0,qac_v0.4_aligned,numbered_aligned
7:100,7:100:14:2,7:100:19:1,7:100:14,7:100:19,1P,3MP,1,qac_v0.4_aligned,numbered_aligned
7:101,7:101:3:1,7:101:8:1,7:101:3,7:101:8,1P,3FS,1,qac_v0.4_aligned,numbered_aligned
7:101,7:101:8:1,7:101:12:1,7:101:8,7:101:12,3FS,3MP,0,qac_v0.4_aligned,numbered_aligned
7:101,7:101:12:1,7:101:13:2,7:101:12,7:101:13,3MP,3MP,0,qac_v0.4_aligned,numbered_aligned
7:101,7:101:13:2,7:101:15:1,7:101:13,7:101:15,3MP,3MP,0,qac_v0.4_aligned,numbered_aligned
7:101,7:101:15:1,7:101:19:1,7:101:15,7:101:19,3MP,3MS,0,qac_v0.4_aligned,numbered_aligned
7:102,7:102:2:1,7:102:7:1,7:102:2,7:102:7,1P,1P,0,qac_v0.4_aligned,numbered_aligned
7:103,7:103:2:1,7:103:10:2,7:103:2,7:103:10,1P,3MP,1,qac_v0.4_aligned,numbered_aligned
7:103,7:103:10:2,7:103:12:2,7:103:10,7:103:12,3MP,2MS,1,qac_v0.4_aligned,numbered_aligned
7:103,7:103:12:2,7:103:14:1,7:103:12,7:103:14,2MS,3MS,1,qac_v0.4_aligned,numbered_aligned
7:105,7:105:5:1,7:105:11:1,7:105:5,7:105:11,1S,1S,0,qac_v0.4_aligned,numbered_aligned
7:105,7:105:11:1,7:105:15:2,7:105:11,7:105:15,1S,2MS,1,qac_v0.4_aligned,numbered_aligned
7:106,7:106:1:1,7:106:3:1,7:106:1,7:106:3,3MS,2MS,1,qac_v0.4_aligned,numbered_aligned
7:106,7:106:3:1,7:106:4:1,7:106:3,7:106:4,2MS,2MS,0,qac_v0.4_aligned,numbered_aligned
7:106,7:106:4:1,7:106:6:2,7:106:4,7:106:6,2MS,2MS,0,qac_v0.4_aligned,numbered_aligned
7:106,7:106:6:2,7:106:9:1,7:106:6,7:106:9,2MS,2MS,0,qac_v0.4_aligned,numbered_aligned
7:110,7:110:1:1,7:110:3:1,7:110:1,7:110:3,3MS,3MS,0,qac_v0.4_aligned,numbered_aligned
7:110,7:110:3:1,7:110:7:1,7:110:3,7:110:7,3MS,2MP,1,qac_v0.4_aligned,numbered_aligned
7:111,7:111:1:1,7:111:2:1,7:111:1,7:111:2,3MP,2MS,1,qac_v0.4_aligned,numbered_aligned
7:111,7:111:2:1,7:111:4:2,7:111:2,7:111:4,2MS,2MS,0,qac_v0.4_aligned,numbered_aligned
7:113,7:113:1:2,7:113:4:1,7:113:1,7:113:4,3MS,3MP,0,qac_v0.4_aligned,numbered_aligned
7:113,7:113:4:1,7:113:9:1,7:113:4,7:113:9,3MP,1P,1,qac_v0.4_aligned,numbered_aligned
7:116,7:116:1:1,7:116:2:1,7:116:1,7:116:2,3MS,2MP,1,qac_v0.4_aligned,numbered_aligned
7:116,7:116:2:1,7:116:4:1,7:116:2,7:116:4,2MP,3MP,1,qac_v0.4_aligned,numbered_aligned
7:116,7:116:4:1,7:116:5:1,7:116:4,7:116:5,3MP,3MP,0,qac_v0.4_aligned,numbered_aligned
7:116,7:116:5:1,7:116:8:2,7:116:5,7:116:8,3MP,3MP,0,qac_v0.4_aligned,numbered_aligned
7:117,7:117:1:2,7:117:5:1,7:117:1,7:117:5,1P,2MS,1,qac_v0.4_aligned,numbered_aligned
7:117,7:117:5:1,7:117:9:1,7:117:5,7:117:9,2MS,3FS,1,qac_v0.4_aligned,numbered_aligned
7:117,7:117:9:1,7:117:11:1,7:117:9,7:117:11,3FS,3MP,0,qac_v0.4_aligned,numbered_aligned
7:118,7:118:1:2,7:118:3:2,7:118:1,7:118:3,3MS,3MS,0,qac_v0.4_aligned,numbered_aligned
7:118,7:118:3:2,7:118:5:1,7:118:3,7:118:5,3MS,3MP,0,qac_v0.4_aligned,numbered_aligned
7:118,7:118:5:1,7:118:6:1,7:118:5,7:118:6,3MP,3MP,0,qac_v0.4_aligned,numbered_aligned
7:119,7:119:1:2,7:119:3:2,7:119:1,7:119:3,3MP,3MP,0,qac_v0.4_aligned,numbered_aligned
7:123,7:123:12:1,7:123:15:2,7:123:12,7:123:15,2MP,2MP,0,qac_v0.4_aligned,numbered_aligned
7:123,7:123:15:2,7:123:19:1,7:123:15,7:123:19,2MP,2MP,0,qac_v0.4_aligned,numbered_aligned
7:124,7:124:1:2,7:124:7:2,7:124:1,7:124:7,1S,1S,0,qac_v0.4_aligned,numbered_aligned
7:126,7:126:10:1,7:126:12:1,7:126:10,7:126:12,3FS,2MS,1,qac_v0.4_aligned,numbered_aligned
7:126,7:126:12:1,7:126:15:2,7:126:12,7:126:15,2MS,2MS,0,qac_v0.4_aligned,numbered_aligned
7:127,7:127:1:2,7:127:6:2,7:127:1,7:127:6,3MS,2MS,1,qac_v0.4_aligned,numbered_aligned
7:127,7:127:6:2,7:127:9:2,7:127:6,7:127:9,2MS,3MP,1,qac_v0.4_aligned,numbered_aligned
7:127,7:127:9:2,7:127:12:2,7:127:9,7:127:12,3MP,3MS,0,qac_v0.4_aligned,numbered_aligned
7:127,7:127:12:2,7:127:14:1,7:127:12,7:127:14,3MS,3MS,0,qac_v0.4_aligned,numbered_aligned
7:127,7:127:14:1,7:127:15:2,7:127:14,7:127:15,3MS,1P,1,qac_v0.4_aligned,numbered_aligned
7:128,7:128:1:1,7:128:4:1,7:128:1,7:128:4,3MS,2MP,1,qac_v0.4_aligned,numbered_aligned
7:128,7:128:4:1,7:128:6:2,7:128:4,7:128:6,2MP,2MP,0,qac_v0.4_aligned,numbered_aligned
7:128,7:128:6:2,7:128:10:1,7:128:6,7:128:10,2MP,3MS,1,qac_v0.4_aligned,numbered_aligned
7:128,7:128:10:1,7:128:12:1,7:128:10,7:128:12,3MS,3MS,0,qac_v0.4_aligned,numbered_aligned
7:129,7:129:1:1,7:129:2:1,7:129:1,7:129:2,3MP,1P,1,qac_v0.4_aligned,numbered_aligned
7:129,7:129:2:1,7:129:6:1,7:129:2,7:129:6,1P,2MS,1,qac_v0.4_aligned,numbered_aligned
7:129,7:129:6:1,7:129:10:1,7:129:6,7:129:10,2MS,2MS,0,qac_v0.4_aligned,numbered_aligned
7:129,7:129:10:1,7:129:11:1,7:129:10,7:129:11,2MS,3MS,1,qac_v0.4_aligned,numbered_aligned
7:129,7:129:11:1,7:129:12:1,7:129:11,7:129:12,3MS,3MS,0,qac_v0.4_aligned,numbered_aligned
7:129,7:129:12:1,7:129:15:1,7:129:12,7:129:15,3MS,3MS,0,qac_v0.4_aligned,numbered_aligned
7:129,7:129:15:1,7:129:17:2,7:129:15,7:129:17,3MS,3MS,0,qac_v0.4_aligned,numbered_aligned
7:129,7:129:17:2,7:129:20:2,7:129:17,7:129:20,3MS,3MS,0,qac_v0.4_aligned,numbered_aligned
7:129,7:129:20:2,7:129:22:1,7:129:20,7:129:22,3MS,2MP,1,qac_v0.4_aligned,numbered_aligned
7:130,7:130:2:1,7:130:10:1,7:130:2,7:130:10,1P,3MP,1,qac_v0.4_aligned,numbered_aligned
7:131,7:131:2:1,7:131:4:1,7:131:2,7:131:4,3FS,3MP,0,qac_v0.4_aligned,numbered_aligned
7:131,7:131:4:1,7:131:8:1,7:131:4,7:131:8,3MP,3FS,0,qac_v0.4_aligned,numbered_aligned
7:131,7:131:8:1,7:131:10:1,7:131:8,7:131:10,3FS,3MP,0,qac_v0.4_aligned,numbered_aligned
7:131,7:131:10:1,7:131:22:1,7:131:10,7:131:22,3MP,3MP,0,qac_v0.4_aligned,numbered_aligned
7:132,7:132:1:2,7:132:3:1,7:132:1,7:132:3,3MP,2MS,1,qac_v0.4_aligned,numbered_aligned
7:132,7:132:3:1,7:132:7:2,7:132:3,7:132:7,2MS,2MS,0,qac_v0.4_aligned,numbered_aligned
7:133,7:133:1:2,7:133:10:2,7:133:1,7:133:10,1P,3MP,1,qac_v0.4_aligned,numbered_aligned
7:133,7:133:10:2,7:133:11:2,7:133:10,7:133:11,3MP,3MP,0,qac_v0.4_aligned,numbered_aligned
7:134,7:134:2:1,7:134:5:1,7:134:2,7:134:5,3MS,3MP,0,qac_v0.4_aligned,numbered_aligned
7:134,7:134:5:1,7:134:7:1,7:134:5,7:134:8,3MP,2MS,1,qac_v0.4_aligned,numbered_aligned
7:134,7:134:7:1,7:134:11:1,7:134:8,7:134:12,2MS,3MS,1,qac_v0.4_aligned,numbered_aligned
7:134,7:134:11:1,7:134:14:1,7:134:12,7:134:15,3MS,2MS,1,qac_v0.4_aligned,numbered_aligned
7:134,7:134:14:1,7:134:17:2,7:134:15,7:134:18,2MS,1P,1,qac_v0.4_aligned,numbered_aligned
7:134,7:134:17:2,7:134:19:3,7:134:18,7:134:20,1P,1P,0,qac_v0.4_aligned,numbered_aligned
7:135,7:135:2:1,7:135:11:1,7:135:2,7:135:11,1P,3MP,1,qac_v0.4_aligned,numbered_aligned
7:136,7:136:1:2,7:136:3:2,7:136:1,7:136:3,1P,1P,0,qac_v0.4_aligned,numbered_aligned
7:136,7:136:3:2,7:136:7:1,7:136:3,7:136:7,1P,3MP,1,qac_v0.4_aligned,numbered_aligned
7:136,7:136:7:1,7:136:9:2,7:136:7,7:136:9,3MP,3MP,0,qac_v0.4_aligned,numbered_aligned
7:137,7:137:1:2,7:137:4:1,7:137:1,7:137:4,1P,3MP,1,qac_v0.4_aligned,numbered_aligned
7:137,7:137:4:1,7:137:5:1,7:137:4,7:137:5,3MP,3MP,0,qac_v0.4_aligned,numbered_aligned
7:137,7:137:5:1,7:137:10:1,7:137:5,7:137:10,3MP,1P,1,qac_v0.4_aligned,numbered_aligned
7:137,7:137:10:1,7:137:12:2,7:137:10,7:137:12,1P,3FS,1,qac_v0.4_aligned,numbered_aligned
7:137,7:137:12:2,7:137:20:1,7:137:12,7:137:20,3FS,3MP,0,qac_v0.4_aligned,numbered_aligned
7:137,7:137:20:1,7:137:21:2,7:137:20,7:137:21,3MP,1P,1,qac_v0.4_aligned,numbered_aligned
7:137,7:137:21:2,7:137:23:1,7:137:21,7:137:23,1P,3MS,1,qac_v0.4_aligned,numbered_aligned
7:137,7:137:23:1,7:137:24:1,7:137:23,7:137:24,3MS,3MS,0,qac_v0.4_aligned,numbered_aligned
7:137,7:137:24:1,7:137:28:1,7:137:24,7:137:28,3MS,3MP,0,qac_v0.4_aligned,numbered_aligned
7:137,7:137:28:1,7:137:29:1,7:137:28,7:137:29,3MP,3MP,0,qac_v0.4_aligned,numbered_aligned
7:138,7:138:1:2,7:138:5:2,7:138:1,7:138:5,1P,3MP,1,qac_v0.4_aligned,numbered_aligned
7:138,7:138:5:2,7:138:8:1,7:138:5,7:138:8,3MP,3MP,0,qac_v0.4_aligned,numbered_aligned
7:138,7:138:8:1,7:138:12:1,7:138:8,7:138:12,3MP,3MP,0,qac_v0.4_aligned,numbered_aligned
7:138,7:138:12:1,7:138:14:1,7:138:12,7:138:15,3MP,2MS,1,qac_v0.4_aligned,numbered_aligned
7:138,7:138:14:1,7:138:20:1,7:138:15,7:138:21,2MS,3MS,1,qac_v0.4_aligned,numbered_aligned
7:138,7:138:20:1,7:138:23:1,7:138:21,7:138:24,3MS,2MP,1,qac_v0.4_aligned,numbered_aligned
7:139,7:139:9:1,7:139:10:1,7:139:9,7:139:10,3MP,3MP,0,qac_v0.4_aligned,numbered_aligned
7:140,7:140:1:1,7:140:4:1,7:140:1,7:140:4,3MS,1S,1,qac_v0.4_aligned,numbered_aligned
7:140,7:140:4:1,7:140:7:1,7:140:4,7:140:7,1S,3MS,1,qac_v0.4_aligned,numbered_aligned
7:141,7:141:2:1,7:141:6:1,7:141:2,7:141:6,1P,3MP,1,qac_v0.4_aligned,numbered_aligned
7:141,7:141:6:1,7:141:9:1,7:141:6,7:141:9,3MP,3MP,0,qac_v0.4_aligned,numbered_aligned
7:141,7:141:9:1,7:141:11:2,7:141:9,7:141:11,3MP,3MP,0,qac_v0.4_aligned,numbered_aligned
7:142,7:142:1:2,7:142:5:2,7:142:1,7:142:5,1P,1P,0,qac_v0.4_aligned,numbered_aligned
7:142,7:142:5:2,7:142:7:2,7:142:5,7:142:7,1P,3MS,1,qac_v0.4_aligned,numbered_aligned
7:142,7:142:7:2,7:142:12:2,7:142:7,7:142:12,3MS,3MS,0,qac_v0.4_aligned,numbered_aligned
7:142,7:142:19:2,7:142:21:1,7:142:19,7:142:21,2MS,2MS,0,qac_v0.4_aligned,numbered_aligned
7:143,7:143:2:1,7:143:5:2,7:143:2,7:143:5,3MS,3MS,0,qac_v0.4_aligned,numbered_aligned
7:143,7:143:5:2,7:143:7:1,7:143:5,7:143:7,3MS,3MS,0,qac_v0.4_aligned,numbered_aligned
7:143,7:143:10:1,7:143:12:1,7:143:10,7:143:12,1S,3MS,1,qac_v0.4_aligned,numbered_aligned
7:143,7:143:16:1,7:143:20:1,7:143:16,7:143:20,2MS,3MS,1,qac_v0.4_aligned,numbered_aligned
7:143,7:143:25:1,7:143:28:1,7:143:25,7:143:28,3MS,3MS,0,qac_v0.4_aligned,numbered_aligned
7:143,7:143:28:1,7:143:30:2,7:143:28,7:143:30,3MS,3MS,0,qac_v0.4_aligned,numbered_aligned
7:143,7:143:30:2,7:143:34:1,7:143:30,7:143:34,3MS,3MS,0,qac_v0.4_aligned,numbered_aligned
7:143,7:143:34:1,7:143:35:1,7:143:34,7:143:35,3MS,3MS,0,qac_v0.4_aligned,numbered_aligned
7:143,7:143:35:1,7:143:37:1,7:143:35,7:143:37,3MS,1S,1,qac_v0.4_aligned,numbered_aligned
7:144,7:144:1:1,7:144:4:1,7:144:1,7:144:5,3MS,1S,1,qac_v0.4_aligned,numbered_aligned
7:144,7:144:4:1,7:144:9:2,7:144:5,7:144:10,1S,2MS,1,qac_v0.4_aligned,numbered_aligned
7:145,7:145:1:2,7:145:12:2,7:145:1,7:145:12,1P,2MS,1,qac_v0.4_aligned,numbered_aligned
7:145,7:145:12:2,7:145:14:2,7:145:12,7:145:14,2MS,2MS,0,qac_v0.4_aligned,numbered_aligned
7:145,7:145:14:2,7:145:16:1,7:145:14,7:145:16,2MS,3MP,1,qac_v0.4_aligned,numbered_aligned
7:146,7:146:1:2,7:146:5:1,7:146:1,7:146:5,1S,3MP,1,qac_v0.4_aligned,numbered_aligned
7:146,7:146:5:1,7:146:11:1,7:146:5,7:146:11,3MP,3MP,0,qac_v0.4_aligned,numbered_aligned
7:146,7:146:11:1,7:146:15:1,7:146:11,7:146:15,3MP,3MP,0,qac_v0.4_aligned,numbered_aligned
7:146,7:146:15:1,7:146:18:1,7:146:15,7:146:18,3MP,3MP,0,qac_v0.4_aligned,numbered_aligned
7:146,7:146:18:1,7:146:22:1,7:146:18,7:146:22,3MP,3MP,0,qac_v0.4_aligned,numbered_aligned
7:146,7:146:22:1,7:146:25:1,7:146:22,7:146:25,3MP,3MP,0,qac_v0.4_aligned,numbered_aligned
7:146,7:146:25:1,7:146:28:1,7:146:25,7:146:28,3MP,3MP,0,qac_v0.4_aligned,numbered_aligned
7:146,7:146:28:1,7:146:32:1,7:146:28,7:146:32,3MP,3MP,0,qac_v0.4_aligned,numbered_aligned
7:146,7:146:32:1,7:146:34:2,7:146:32,7:146:34,3MP,3MP,0,qac_v0.4_aligned,numbered_aligned
7:147,7:147:2:1,7:147:6:1,7:147:2,7:147:6,3MP,3FS,0,qac_v0.4_aligned,numbered_aligned
7:147,7:147:6:1,7:147:9:1,7:147:6,7:147:9,3FS,3MP,0,qac_v0.4_aligned,numbered_aligned
7:147,7:147:9:1,7:147:12:1,7:147:9,7:147:12,3MP,3MP,0,qac_v0.4_aligned,numbered_aligned
7:147,7:147:12:1,7:147:13:1,7:147:12,7:147:13,3MP,3MP,0,qac_v0.4_aligned,numbered_aligned
7:148,7:148:1:2,7:148:13:1,7:148:1,7:148:13,3MS,3MP,0,qac_v0.4_aligned,numbered_aligned
7:148,7:148:13:1,7:148:16:1,7:148:13,7:148:16,3MP,3MS,0,qac_v0.4_aligned,numbered_aligned
7:148,7:148:16:1,7:148:18:1,7:148:16,7:148:18,3MS,3MS,0,qac_v0.4_aligned,numbered_aligned
7:148,7:148:18:1,7:148:20:1,7:148:18,7:148:20,3MS,3MP,0,qac_v0.4_aligned,numbered_aligned
7:148,7:148:20:1,7:148:21:2,7:148:20,7:148:21,3MP,3MP,0,qac_v0.4_aligned,numbered_aligned
7:149,7:149:2:1,7:149:5:2,7:149:2,7:149:5,3MS,3MP,0,qac_v0.4_aligned,numbered_aligned
7:149,7:149:5:2,7:149:8:1,7:149:5,7:149:8,3MP,3MP,0,qac_v0.4_aligned,numbered_aligned
7:149,7:149:8:1,7:149:9:1,7:149:8,7:149:9,3MP,3MP,0,qac_v0.4_aligned,numbered_aligned
7:149,7:149:9:1,7:149:12:1,7:149:9,7:149:12,3MP,3MS,0,qac_v0.4_aligned,numbered_aligned
7:149,7:149:12:1,7:149:14:2,7:149:12,7:149:14,3MS,3MS,0,qac_v0.4_aligned,numbered_aligned
7:149,7:149:14:2,7:149:16:2,7:149:14,7:149:16,3MS,1P,1,qac_v0.4_aligned,numbered_aligned
7:150,7:150:2:1,7:150:8:1,7:150:2,7:150:8,3MS,3MS,0,qac_v0.4_aligned,numbered_aligned
7:150,7:150:8:1,7:150:9:1,7:150:8,7:150:9,3MS,3MS,0,qac_v0.4_aligned,numbered_aligned
7:150,7:150:13:2,7:150:16:2,7:150:13,7:150:16,2MP,3MS,1,qac_v0.4_aligned,numbered_aligned
7:150,7:150:16:2,7:150:18:2,7:150:16,7:150:18,3MS,3MS,0,qac_v0.4_aligned,numbered_aligned
7:150,7:150:18:2,7:150:21:1,7:150:18,7:150:21,3MS,3MS,0,qac_v0.4_aligned,numbered_aligned
7:150,7:150:21:1,7:150:23:1,7:150:21,7:150:23,3MS,3MS,0,qac_v0.4_aligned,numbered_aligned
7:151,7:151:1:1,7:151:3:1,7:151:1,7:151:3,3MS,2MS,1,qac_v0.4_aligned,numbered_aligned
7:151,7:151:3:1,7:151:6:2,7:151:3,7:151:6,2MS,2MS,0,qac_v0.4_aligned,numbered_aligned
7:152,7:152:3:1,7:152:5:2,7:152:3,7:152:5,3MP,3MS,0,qac_v0.4_aligned,numbered_aligned
7:153,7:153:2:1,7:153:5:1,7:153:2,7:153:5,3MP,3MP,0,qac_v0.4_aligned,numbered_aligned
7:154,7:154:2:1,7:154:6:1,7:154:2,7:154:6,3MS,3MS,0,qac_v0.4_aligned,numbered_aligned
7:154,7:154:6:1,7:154:15:1,7:154:6,7:154:15,3MS,3MP,0,qac_v0.4_aligned,numbered_aligned
7:155,7:155:1:2,7:155:8:1,7:155:1,7:155:8,3MS,3FS,0,qac_v0.4_aligned,numbered_aligned
7:155,7:155:8:1,7:155:10:1,7:155:8,7:155:10,3FS,3MS,0,qac_v0.4_aligned,numbered_aligned
7:155,7:155:10:1,7:155:13:1,7:155:10,7:155:13,3MS,2MS,1,qac_v0.4_aligned,numbered_aligned
7:155,7:155:13:1,7:155:14:1,7:155:13,7:155:14,2MS,2MS,0,qac_v0.4_aligned,numbered_aligned
7:155,7:155:14:1,7:155:18:2,7:155:14,7:155:18,2MS,2MS,0,qac_v0.4_aligned,numbered_aligned
7:155,7:155:18:2,7:155:20:1,7:155:18,7:155:20,2MS,3MS,1,qac_v0.4_aligned,numbered_aligned
7:155,7:155:20:1,7:155:27:1,7:155:20,7:155:27,3MS,2MS,1,qac_v0.4_aligned,numbered_aligned
7:155,7:155:27:1,7:155:30:1,7:155:27,7:155:30,2MS,2MS,0,qac_v0.4_aligned,numbered_aligned
7:155,7:155:33:1,7:155:36:2,7:155:33,7:155:36,2MS,2MS,0,qac_v0.4_aligned,numbered_aligned
7:155,7:155:36:2,7:155:38:2,7:155:36,7:155:38,2MS,2MS,0,qac_v0.4_aligned,numbered_aligned
7:156,7:156:1:2,7:156:10:1,7:156:1,7:156:10,2MS,1P,1,qac_v0.4_aligned,numbered_aligned
7:156,7:156:10:1,7:156:12:1,7:156:10,7:156:12,1P,3MS,1,qac_v0.4_aligned,numbered_aligned
7:156,7:156:12:1,7:156:14:1,7:156:12,7:156:14,3MS,1S,1,qac_v0.4_aligned,numbered_aligned
7:156,7:156:14:1,7:156:17:1,7:156:14,7:156:17,1S,1S,0,qac_v0.4_aligned,numbered_aligned
7:156,7:156:17:1,7:156:19:1,7:156:17,7:156:19,1S,3FS,1,qac_v0.4_aligned,numbered_aligned
7:156,7:156:19:1,7:156:22:3,7:156:19,7:156:22,3FS,1S,1,qac_v0.4_aligned,numbered_aligned
7:156,7:156:22:3,7:156:24:1,7:156:22,7:156:24,1S,3MP,1,qac_v0.4_aligned,numbered_aligned
7:156,7:156:24:1,7:156:25:2,7:156:24,7:156:25,3MP,3MP,0,qac_v0.4_aligned,numbered_aligned
7:156,7:156:25:2,7:156:30:1,7:156:25,7:156:30,3MP,3MP,0,qac_v0.4_aligned,numbered_aligned
7:157,7:157:2:1,7:157:7:1,7:157:2,7:157:7,3MP,3MP,0,qac_v0.4_aligned,numbered_aligned
7:157,7:157:7:1,7:157:13:1,7:157:7,7:157:13,3MP,3MS,0,qac_v0.4_aligned,numbered_aligned
7:157,7:157:18:2,7:157:21:2,7:157:18,7:157:21,3MS,3MS,0,qac_v0.4_aligned,numbered_aligned
7:157,7:157:21:2,7:157:24:2,7:157:21,7:157:24,3MS,3MS,0,qac_v0.4_aligned,numbered_aligned
7:157,7:157:24:2,7:157:29:1,7:157:24,7:157:29,3MS,3FS,0,qac_v0.4_aligned,numbered_aligned
7:157,7:157:34:2,7:157:35:2,7:157:34,7:157:35,3MP,3MP,0,qac_v0.4_aligned,numbered_aligned
7:157,7:157:35:2,7:157:36:2,7:157:35,7:157:36,3MP,3MP,0,qac_v0.4_aligned,numbered_aligned
7:157,7:157:36:2,7:157:39:1,7:157:36,7:157:39,3MP,3MS,0,qac_v0.4_aligned,numbered_aligned
7:158,7:158:26:1,7:158:29:2,7:158:27,7:158:30,3MS,2MP,1,qac_v0.4_aligned,numbered_aligned
7:158,7:158:29:2,7:158:31:1,7:158:30,7:158:32,2MP,2MP,0,qac_v0.4_aligned,numbered_aligned
7:159,7:159:5:1,7:159:8:1,7:159:5,7:159:8,3MP,3MP,0,qac_v0.4_aligned,numbered_aligned
7:160,7:160:1:2,7:160:6:2,7:160:1,7:160:6,1P,1P,0,qac_v0.4_aligned,numbered_aligned
7:160,7:160:13:1,7:160:16:2,7:160:13,7:160:16,2MS,3FS,1,qac_v0.4_aligned,numbered_aligned
7:160,7:160:16:2,7:160:22:1,7:160:16,7:160:22,3FS,3MS,0,qac_v0.4_aligned,numbered_aligned
7:160,7:160:22:1,7:160:26:2,7:160:22,7:160:26,3MS,1P,1,qac_v0.4_aligned,numbered_aligned
7:160,7:160:26:2,7:160:29:2,7:160:26,7:160:29,1P,1P,0,qac_v0.4_aligned,numbered_aligned
7:160,7:160:29:2,7:160:33:1,7:160:29,7:160:33,1P,2MP,1,qac_v0.4_aligned,numbered_aligned
7:160,7:160:33:1,7:160:37:1,7:160:33,7:160:37,2MP,1P,1,qac_v0.4_aligned,numbered_aligned
7:160,7:160:37:1,7:160:39:1,7:160:37,7:160:39,1P,3MP,1,qac_v0.4_aligned,numbered_aligned
7:160,7:160:39:1,7:160:41:1,7:160:39,7:160:41,3MP,3MP,0,qac_v0.4_aligned,numbered_aligned
7:160,7:160:41:1,7:160:43:1,7:160:41,7:160:43,3MP,3MP,0,qac_v0.4_aligned,numbered_aligned
7:161,7:161:2:1,7:161:4:1,7:161:2,7:161:4,3MS,2MP,1,qac_v0.4_aligned,numbered_aligned
7:161,7:161:4:1,7:161:7:2,7:161:4,7:161:7,2MP,2MP,0,qac_v0.4_aligned,numbered_aligned
7:161,7:161:7:2,7:161:10:1,7:161:7,7:161:10,2MP,2MP,0,qac_v0.4_aligned,numbered_aligned
7:161,7:161:10:1,7:161:11:2,7:161:10,7:161:11,2MP,2MP,0,qac_v0.4_aligned,numbered_aligned
7:161,7:161:11:2,7:161:13:2,7:161:11,7:161:13,2MP,2MP,0,qac_v0.4_aligned,numbered_aligned
7:161,7:161:13:2,7:161:16:1,7:161:13,7:161:16,2MP,1P,1,qac_v0.4_aligned,numbered_aligned
7:161,7:161:16:1,7:161:19:2,7:161:16,7:161:19,1P,1P,0,qac_v0.4_aligned,numbered_aligned
7:162,7:162:1:2,7:162:3:1,7:162:1,7:162:3,3MS,3MP,0,qac_v0.4_aligned,numbered_aligned
7:162,7:162:3:1,7:162:8:1,7:162:3,7:162:8,3MP,3MS,0,qac_v0.4_aligned,numbered_aligned
7:162,7:162:8:1,7:162:10:2,7:162:8,7:162:10,3MS,1P,1,qac_v0.4_aligned,numbered_aligned
7:162,7:162:10:2,7:162:16:1,7:162:10,7:162:16,1P,3MP,1,qac_v0.4_aligned,numbered_aligned
7:162,7:162:16:1,7:162:17:1,7:162:16,7:162:17,3MP,3MP,0,qac_v0.4_aligned,numbered_aligned
7:163,7:163:5:1,7:163:9:1,7:163:5,7:163:9,3FS,3MP,0,qac_v0.4_aligned,numbered_aligned
7:163,7:163:9:1,7:163:13:1,7:163:9,7:163:13,3MP,3FS,0,qac_v0.4_aligned,numbered_aligned
7:163,7:163:13:1,7:163:20:1,7:163:13,7:163:20,3FS,3MP,0,qac_v0.4_aligned,numbered_aligned
7:163,7:163:20:1,7:163:22:1,7:163:20,7:163:22,3MP,3FS,0,qac_v0.4_aligned,numbered_aligned
7:163,7:163:22:1,7:163:24:1,7:163:22,7:163:24,3FS,1P,1,qac_v0.4_aligned,numbered_aligned
7:163,7:163:24:1,7:163:26:1,7:163:24,7:163:26,1P,3MP,1,qac_v0.4_aligned,numbered_aligned
7:163,7:163:26:1,7:163:27:1,7:163:26,7:163:27,3MP,3MP,0,qac_v0.4_aligned,numbered_aligned
7:164,7:164:2:1,7:164:6:1,7:164:2,7:164:6,3FS,2MP,1,qac_v0.4_aligned,numbered_aligned
7:164,7:164:6:1,7:164:14:1,7:164:6,7:164:14,2MP,3MP,1,qac_v0.4_aligned,numbered_aligned
7:164,7:164:14:1,7:164:19:1,7:164:14,7:164:19,3MP,3MP,0,qac_v0.4_aligned,numbered_aligned
7:165,7:165:2:1,7:165:4:1,7:165:2,7:165:4,3MP,3MP,0,qac_v0.4_aligned,numbered_aligned
7:165,7:165:4:1,7:165:6:1,7:165:4,7:165:6,3MP,1P,1,qac_v0.4_aligned,numbered_aligned
7:165,7:165:6:1,7:165:8:1,7:165:6,7:165:8,1P,3MP,1,qac_v0.4_aligned,numbered_aligned
7:165,7:165:8:1,7:165:11:2,7:165:8,7:165:11,3MP,1P,1,qac_v0.4_aligned,numbered_aligned
7:165,7:165:11:2,7:165:13:1,7:165:11,7:165:13,1P,3MP,1,qac_v0.4_aligned,numbered_aligned
7:165,7:165:13:1,7:165:17:1,7:165:13,7:165:17,3MP,3MP,0,qac_v0.4_aligned,numbered_aligned
7:165,7:165:17:1,7:165:18:1,7:165:17,7:165:18,3MP,3MP,0,qac_v0.4_aligned,numbered_aligned
7:166,7:166:2:1,7:166:5:1,7:166:2,7:166:5,3MP,3MP,0,qac_v0.4_aligned,numbered_aligned
7:166,7:166:5:1,7:166:7:1,7:166:5,7:166:7,3MP,1P,1,qac_v0.4_aligned,numbered_aligned
7:166,7:166:7:1,7:166:9:1,7:166:7,7:166:9,1P,2MP,1,qac_v0.4_aligned,numbered_aligned
7:167,7:167:2:1,7:167:4:2,7:167:2,7:167:4,3MS,3MS,0,qac_v0.4_aligned,numbered_aligned
7:167,7:167:4:2,7:167:10:1,7:167:4,7:167:10,3MS,3MS,0,qac_v0.4_aligned,numbered_aligned
7:168,7:168:1:2,7:168:10:2,7:168:1,7:168:10,1P,1P,0,qac_v0.4_aligned,numbered_aligned
7:168,7:168:10:2,7:168:14:1,7:168:10,7:168:14,1P,3MP,1,qac_v0.4_aligned,numbered_aligned
7:169,7:169:1:2,7:169:5:1,7:169:1,7:169:5,3MS,3MP,0,qac_v0.4_aligned,numbered_aligned
7:169,7:169:5:1,7:169:7:1,7:169:5,7:169:7,3MP,3MP,0,qac_v0.4_aligned,numbered_aligned
7:169,7:169:7:1,7:169:11:2,7:169:7,7:169:11,3MP,3MP,0,qac_v0.4_aligned,numbered_aligned
7:169,7:169:11:2,7:169:12:2,7:169:11,7:169:12,3MP,3MS,0,qac_v0.4_aligned,numbered_aligned
7:169,7:169:12:2,7:169:15:1,7:169:12,7:169:15,3MS,3MS,0,qac_v0.4_aligned,numbered_aligned
7:169,7:169:15:1,7:169:18:1,7:169:15,7:169:18,3MS,3MP,0,qac_v0.4_aligned,numbered_aligned
7:169,7:169:18:1,7:169:20:1,7:169:18,7:169:20,3MP,3MS,0,qac_v0.4_aligned,numbered_aligned
7:169,7:169:20:1,7:169:26:1,7:169:20,7:169:26,3MS,3MP,0,qac_v0.4_aligned,numbered_aligned
7:169,7:169:26:1,7:169:31:2,7:169:26,7:169:31,3MP,3MP,0,qac_v0.4_aligned,numbered_aligned
7:169,7:169:31:2,7:169:38:1,7:169:31,7:169:38,3MP,3MP,0,qac_v0.4_aligned,numbered_aligned
7:169,7:169:38:1,7:169:40:1,7:169:38,7:169:40,3MP,2MP,1,qac_v0.4_aligned,numbered_aligned
7:170,7:170:2:1,7:170:4:2,7:170:2,7:170:4,3MP,3MP,0,qac_v0.4_aligned,numbered_aligned
7:170,7:170:4:2,7:170:8:1,7:170:4,7:170:8,3MP,1P,1,qac_v0.4_aligned,numbered_aligned
7:171,7:171:2:1,7:171:7:2,7:171:2,7:171:7,1P,3MP,1,qac_v0.4_aligned,numbered_aligned
7:171,7:171:7:2,7:171:11:1,7:171:7,7:171:11,3MP,2MP,1,qac_v0.4_aligned,numbered_aligned
7:171,7:171:15:2,7:171:19:1,7:171:15,7:171:19,2MP,2MP,0,qac_v0.4_aligned,numbered_aligned
7:172,7:172:2:1,7:172:10:2,7:172:2,7:172:10,3MS,3MS,0,qac_v0.4_aligned,numbered_aligned
7:172,7:172:10:2,7:172:13:2,7:172:10,7:172:13,3MS,1S,1,qac_v0.4_aligned,numbered_aligned
7:172,7:172:13:2,7:172:15:1,7:172:13,7:172:15,1S,3MP,1,qac_v0.4_aligned,numbered_aligned
7:172,7:172:15:1,7:172:17:1,7:172:15,7:172:17,3MP,1P,1,qac_v0.4_aligned,numbered_aligned
7:172,7:172:17:1,7:172:19:1,7:172:17,7:172:19,1P,2MP,1,qac_v0.4_aligned,numbered_aligned
7:172,7:172:19:1,7:172:23:1,7:172:19,7:172:23,2MP,1P,1,qac_v0.4_aligned,numbered_aligned
7:173,7:173:2:1,7:173:4:1,7:173:2,7:173:4,2MP,3MS,1,qac_v0.4_aligned,numbered_aligned
7:173,7:173:4:1,7:173:8:2,7:173:4,7:173:8,3MS,1P,1,qac_v0.4_aligned,numbered_aligned
7:173,7:173:8:2,7:173:12:3,7:173:8,7:173:12,1P,2MS,1,qac_v0.4_aligned,numbered_aligned
7:173,7:173:12:3,7:173:14:1,7:173:12,7:173:14,2MS,3MS,1,qac_v0.4_aligned,numbered_aligned
7:174,7:174:2:1,7:174:5:1,7:174:2,7:174:5,1P,3MP,1,qac_v0.4_aligned,numbered_aligned
7:175,7:175:7:2,7:175:9:2,7:175:7,7:175:9,3MS,3MS,0,qac_v0.4_aligned,numbered_aligned
7:175,7:175:9:2,7:175:11:2,7:175:9,7:175:11,3MS,3MS,0,qac_v0.4_aligned,numbered_aligned
7:176,7:176:2:1,7:176:3:2,7:176:2,7:176:3,1P,1P,0,qac_v0.4_aligned,numbered_aligned
7:176,7:176:3:2,7:176:6:1,7:176:3,7:176:6,1P,3MS,1,qac_v0.4_aligned,numbered_aligned
7:176,7:176:6:1,7:176:9:2,7:176:6,7:176:9,3MS,3MS,0,qac_v0.4_aligned,numbered_aligned
7:176,7:176:9:2,7:176:15:1,7:176:9,7:176:15,3MS,2MS,1,qac_v0.4_aligned,numbered_aligned
7:176,7:176:15:1,7:176:17:1,7:176:15,7:176:17,2MS,3MS,1,qac_v0.4_aligned,numbered_aligned
7:176,7:176:17:1,7:176:19:1,7:176:17,7:176:19,3MS,2MS,1,qac_v0.4_aligned,numbered_aligned
7:176,7:176:19:1,7:176:20:1,7:176:19,7:176:20,2MS,3MS,1,qac_v0.4_aligned,numbered_aligned
7:176,7:176:20:1,7:176:25:1,7:176:20,7:176:25,3MS,3MP,0,qac_v0.4_aligned,numbered_aligned
7:176,7:176:25:1,7:176:27:2,7:176:25,7:176:27,3MP,2MS,1,qac_v0.4_aligned,numbered_aligned
7:176,7:176:27:2,7:176:30:1,7:176:27,7:176:30,2MS,3MP,1,qac_v0.4_aligned,numbered_aligned
7:177,7:177:1:1,7:177:5:1,7:177:1,7:177:5,3MS,3MP,0,qac_v0.4_aligned,numbered_aligned
7:177,7:177:5:1,7:177:8:1,7:177:5,7:177:8,3MP,3MP,0,qac_v0.4_aligned,numbered_aligned
7:177,7:177:8:1,7:177:9:1,7:177:8,7:177:9,3MP,3MP,0,qac_v0.4_aligned,numbered_aligned
7:178,7:178:2:1,7:178:7:1,7:178:2,7:178:7,3MS,3MS,0,qac_v0.4_aligned,numbered_aligned
7:179,7:179:2:1,7:179:11:1,7:179:2,7:179:11,1P,3MP,1,qac_v0.4_aligned,numbered_aligned
7:179,7:179:11:1,7:179:16:1,7:179:11,7:179:16,3MP,3MP,0,qac_v0.4_aligned,numbered_aligned
7:179,7:179:16:1,7:179:21:1,7:179:16,7:179:21,3MP,3MP,0,qac_v0.4_aligned,numbered_aligned
7:180,7:180:4:2,7:180:6:2,7:180:4,7:180:6,2MP,2MP,0,qac_v0.4_aligned,numbered_aligned
7:180,7:180:6:2,7:180:8:1,7:180:6,7:180:8,2MP,3MP,1,qac_v0.4_aligned,numbered_aligned
7:180,7:180:8:1,7:180:11:2,7:180:8,7:180:11,3MP,3MP,0,qac_v0.4_aligned,numbered_aligned
7:180,7:180:11:2,7:180:13:1,7:180:11,7:180:13,3MP,3MP,0,qac_v0.4_aligned,numbered_aligned
7:180,7:180:13:1,7:180:14:1,7:180:13,7:180:14,3MP,3MP,0,qac_v0.4_aligned,numbered_aligned
7:181,7:181:2:1,7:181:4:1,7:181:2,7:181:4,1P,3MP,1,qac_v0.4_aligned,numbered_aligned
7:181,7:181:4:1,7:181:7:1,7:181:4,7:181:7,3MP,3MP,0,qac_v0.4_aligned,numbered_aligned
7:182,7:182:2:1,7:182:4:2,7:182:2,7:182:4,3MP,1P,1,qac_v0.4_aligned,numbered_aligned
7:182,7:182:4:2,7:182:8:1,7:182:4,7:182:8,1P,3MP,1,qac_v0.4_aligned,numbered_aligned
7:185,7:185:2:1,7:185:8:1,7:185:2,7:185:8,3MP,3MS,0,qac_v0.4_aligned,numbered_aligned
7:185,7:185:8:1,7:185:13:1,7:185:8,7:185:13,3MS,3MS,0,qac_v0.4_aligned,numbered_aligned
7:185,7:185:13:1,7:185:15:1,7:185:13,7:185:15,3MS,3MS,0,qac_v0.4_aligned,numbered_aligned
7:185,7:185:15:1,7:185:17:1,7:185:15,7:185:17,3MS,3MS,0,qac_v0.4_aligned,numbered_aligned
7:185,7:185:17:1,7:185:22:1,7:185:17,7:185:22,3MS,3MP,0,qac_v0.4_aligned,numbered_aligned
7:186,7:186:2:1,7:186:7:2,7:186:2,7:186:7,3MS,3MS,0,qac_v0.4_aligned,numbered_aligned
7:186,7:186:7:2,7:186:10:1,7:186:7,7:186:10,3MS,3MP,0,qac_v0.4_aligned,numbered_aligned
7:187,7:187:6:1,7:187:12:1,7:187:6,7:187:12,2MS,3MS,1,qac_v0.4_aligned,numbered_aligned
7:187,7:187:12:1,7:187:16:1,7:187:12,7:187:16,3MS,3FS,0,qac_v0.4_aligned,numbered_aligned
7:187,7:187:16:1,7:187:21:1,7:187:16,7:187:21,3FS,3FS,0,qac_v0.4_aligned,numbered_aligned
7:187,7:187:28:1,7:187:37:1,7:187:28,7:187:37,2MS,3MP,1,qac_v0.4_aligned,numbered_aligned
7:188,7:188:1:1,7:188:3:1,7:188:1,7:188:3,2MS,1S,1,qac_v0.4_aligned,numbered_aligned
7:188,7:188:3:1,7:188:10:1,7:188:3,7:188:10,1S,3MS,1,qac_v0.4_aligned,numbered_aligned
7:188,7:188:10:1,7:188:13:1,7:188:10,7:188:13,3MS,1S,1,qac_v0.4_aligned,numbered_aligned
7:188,7:188:13:1,7:188:14:1,7:188:13,7:188:14,1S,1S,0,qac_v0.4_aligned,numbered_aligned
7:188,7:188:14:1,7:188:16:2,7:188:14,7:188:16,1S,1S,0,qac_v0.4_aligned,numbered_aligned
7:189,7:189:3:1,7:189:7:2,7:189:3,7:189:7,3MS,3MS,0,qac_v0.4_aligned,numbered_aligned
7:189,7:189:7:2,7:189:10:2,7:189:7,7:189:10,3MS,3MS,0,qac_v0.4_aligned,numbered_aligned
7:189,7:189:14:1,7:189:17:2,7:189:14,7:189:17,3FS,3FS,0,qac_v0.4_aligned,numbered_aligned
7:189,7:189:17:2,7:189:20:1,7:189:17,7:189:20,3FS,3FS,0,qac_v0.4_aligned,numbered_aligned
7:189,7:189:20:1,7:189:21:1,7:189:20,7:189:21,3FS,3MD,0,qac_v0.4_aligned,numbered_aligned
7:190,7:190:9:2,7:190:12:1,7:190:9,7:190:12,3MS,3MP,0,qac_v0.4_aligned,numbered_aligned
7:191,7:191:1:2,7:191:4:1,7:191:1,7:191:4,3MP,3MS,0,qac_v0.4_aligned,numbered_aligned
7:191,7:191:4:1,7:191:7:1,7:191:4,7:191:7,3MS,3MP,0,qac_v0.4_aligned,numbered_aligned
7:192,7:192:2:1,7:192:7:1,7:192:2,7:192:7,3MP,3MP,0,qac_v0.4_aligned,numbered_aligned
7:193,7:193:2:1,7:193:6:1,7:193:2,7:193:6,2MP,3MP,1,qac_v0.4_aligned,numbered_aligned
7:193,7:193:6:1,7:193:9:2,7:193:6,7:193:9,3MP,2MP,1,qac_v0.4_aligned,numbered_aligned
7:194,7:194:3:1,7:194:9:2,7:194:3,7:194:9,2MP,2MP,0,qac_v0.4_aligned,numbered_aligned
7:194,7:194:9:2,7:194:10:3,7:194:9,7:194:10,2MP,3MP,1,qac_v0.4_aligned,numbered_aligned
7:194,7:194:10:3,7:194:13:1,7:194:10,7:194:13,3MP,2MP,1,qac_v0.4_aligned,numbered_aligned
7:195,7:195:3:1,7:195:8:1,7:195:3,7:195:8,3MP,3MP,0,qac_v0.4_aligned,numbered_aligned
7:195,7:195:8:1,7:195:13:1,7:195:8,7:195:13,3MP,3MP,0,qac_v0.4_aligned,numbered_aligned
7:195,7:195:13:1,7:195:18:1,7:195:13,7:195:18,3MP,3MP,0,qac_v0.4_aligned,numbered_aligned
7:195,7:195:18:1,7:195:20:1,7:195:18,7:195:20,3MP,2MS,1,qac_v0.4_aligned,numbered_aligned
7:195,7:195:20:1,7:195:21:1,7:195:20,7:195:21,2MS,2MP,0,qac_v0.4_aligned,numbered_aligned
7:195,7:195:21:1,7:195:24:1,7:195:21,7:195:24,2MP,2MP,0,qac_v0.4_aligned,numbered_aligned
7:195,7:195:24:1,7:195:26:1,7:195:24,7:195:26,2MP,2MP,0,qac_v0.4_aligned,numbered_aligned
7:196,7:196:5:1,7:196:8:1,7:196:5,7:196:8,3MS,3MS,0,qac_v0.4_aligned,numbered_aligned
7:197,7:197:2:1,7:197:6:1,7:197:2,7:197:6,2MP,3MP,1,qac_v0.4_aligned,numbered_aligned
7:197,7:197:6:1,7:197:10:1,7:197:6,7:197:10,3MP,3MP,0,qac_v0.4_aligned,numbered_aligned
7:198,7:198:2:1,7:198:6:1,7:198:2,7:198:6,2MP,3MP,1,qac_v0.4_aligned,numbered_aligned
7:198,7:198:8:1,7:198:12:1,7:198:8,7:198:12,3MP,3MP,0,qac_v0.4_aligned,numbered_aligned
7:199,7:199:1:1,7:199:3:2,7:199:1,7:199:3,2MS,2MS,0,qac_v0.4_aligned,numbered_aligned
7:199,7:199:3:2,7:199:5:2,7:199:3,7:199:5,2MS,2MS,0,qac_v0.4_aligned,numbered_aligned
7:200,7:200:2:1,7:200:6:2,7:200:2,7:200:6,3MS,2MS,1,qac_v0.4_aligned,numbered_aligned
7:201,7:201:3:1,7:201:5:1,7:201:3,7:201:5,3MP,3MS,0,qac_v0.4_aligned,numbered_aligned
7:201,7:201:5:1,7:201:9:1,7:201:5,7:201:9,3MS,3MP,0,qac_v0.4_aligned,numbered_aligned
7:202,7:202:2:1,7:202:7:1,7:202:2,7:202:7,3MP,3MP,0,qac_v0.4_aligned,numbered_aligned
7:203,7:203:3:1,7:203:5:1,7:203:3,7:203:5,2MS,3MP,1,qac_v0.4_aligned,numbered_aligned
7:203,7:203:5:1,7:203:7:1,7:203:5,7:203:7,3MP,2MS,1,qac_v0.4_aligned,numbered_aligned
7:203,7:203:7:1,7:203:8:1,7:203:7,7:203:8,2MS,2MS,0,qac_v0.4_aligned,numbered_aligned
7:203,7:203:8:1,7:203:10:1,7:203:8,7:203:10,2MS,1S,1,qac_v0.4_aligned,numbered_aligned
7:203,7:203:10:1,7:203:12:1,7:203:10,7:203:12,1S,3MS,1,qac_v0.4_aligned,numbered_aligned
7:203,7:203:12:1,7:203:23:1,7:203:12,7:203:23,3MS,3MP,0,qac_v0.4_aligned,numbered_aligned
7:204,7:204:2:1,7:204:4:2,7:204:2,7:204:4,3MS,2MP,1,qac_v0.4_aligned,numbered_aligned
7:204,7:204:4:2,7:204:6:2,7:204:4,7:204:6,2MP,2MP,0,qac_v0.4_aligned,numbered_aligned
7:204,7:204:6:2,7:204:8:1,7:204:6,7:204:8,2MP,2MP,0,qac_v0.4_aligned,numbered_aligned
7:205,7:205:1:2,7:205:14:1,7:205:1,7:205:14,2MS,2MS,0,qac_v0.4_aligned,numbered_aligned
7:206,7:206:6:1,7:206:9:2,7:206:6,7:206:9,3MP,3MP,0,qac_v0.4_aligned,numbered_aligned
7:206,7:206:9:2,7:206:11:1,7:206:9,7:206:11,3MP,3MP,0,qac_v0.4_aligned,numbered_aligned
8:1,8:1:4:1,8:1:8:2,8:1:8,8:1:12,2MS,2MP,0,qac_v0.4_aligned,numbered_aligned
8:1,8:1:8:2,8:1:10:2,8:1:12,8:1:14,2MP,2MP,0,qac_v0.4_aligned,numbered_aligned
8:1,8:1:10:2,8:1:13:2,8:1:14,8:1:17,2MP,2MP,0,qac_v0.4_aligned,numbered_aligned
8:1,8:1:13:2,8:1:17:1,8:1:17,8:1:21,2MP,2MP,0,qac_v0.4_aligned,numbered_aligned
8:2,8:2:5:1,8:2:7:1,8:2:5,8:2:7,3MS,3FS,0,qac_v0.4_aligned,numbered_aligned
8:2,8:2:7:1,8:2:10:1,8:2:7,8:2:10,3FS,3FS,0,qac_v0.4_aligned,numbered_aligned
8:2,8:2:10:1,8:2:13:1,8:2:10,8:2:13,3FS,3FS,0,qac_v0.4_aligned,numbered_aligned
8:2,8:2:13:1,8:2:17:1,8:2:13,8:2:17,3FS,3MP,0,qac_v0.4_aligned,numbered_aligned
8:3,8:3:2:1,8:3:5:1,8:3:2,8:3:5,3MP,1P,1,qac_v0.4_aligned,numbered_aligned
8:3,8:3:5:1,8:3:6:1,8:3:5,8:3:6,1P,3MP,1,qac_v0.4_aligned,numbered_aligned
8:6,8:6:1:1,8:6:5:1,8:6:1,8:6:6,3MP,3MS,0,qac_v0.4_aligned,numbered_aligned
8:6,8:6:5:1,8:6:7:1,8:6:6,8:6:8,3MS,3MP,0,qac_v0.4_aligned,numbered_aligned
8:6,8:6:7:1,8:6:11:1,8:6:8,8:6:12,3MP,3MP,0,qac_v0.4_aligned,numbered_aligned
8:7,8:7:2:1,8:7:8:2,8:7:2,8:7:8,3MS,2MP,1,qac_v0.4_aligned,numbered_aligned
8:7,8:7:8:2,8:7:13:1,8:7:8,8:7:13,2MP,3FS,1,qac_v0.4_aligned,numbered_aligned
8:7,8:7:13:1,8:7:15:2,8:7:13,8:7:15,3FS,3MS,0,qac_v0.4_aligned,numbered_aligned
8:7,8:7:15:2,8:7:18:1,8:7:15,8:7:18,3MS,3MS,0,qac_v0.4_aligned,numbered_aligned
8:7,8:7:18:1,8:7:21:2,8:7:18,8:7:21,3MS,3MS,0,qac_v0.4_aligned,numbered_aligned
8:8,8:8:1:2,8:8:3:2,8:8:1,8:8:3,3MS,3MS,0,qac_v0.4_aligned,numbered_aligned
8:8,8:8:3:2,8:8:6:1,8:8:3,8:8:6,3MS,3MS,0,qac_v0.4_aligned,numbered_aligned
8:9,8:9:2:1,8:9:4:2,8:9:2,8:9:4,2MP,3MS,1,qac_v0.4_aligned,numbered_aligned
8:10,8:10:2:1,8:10:6:3,8:10:2,8:10:6,3MS,3FS,0,qac_v0.4_aligned,numbered_aligned
8:11,8:11:2:1,8:11:6:2,8:11:2,8:11:6,3MS,3MS,0,qac_v0.4_aligned,numbered_aligned
8:11,8:11:6:2,8:11:11:2,8:11:6,8:11:11,3MS,3MS,0,qac_v0.4_aligned,numbered_aligned
8:11,8:11:11:2,8:11:13:2,8:11:11,8:11:13,3MS,3MS,0,qac_v0.4_aligned,numbered_aligned
8:11,8:11:13:2,8:11:17:3,8:11:13,8:11:17,3MS,3MS,0,qac_v0.4_aligned,numbered_aligned
8:11,8:11:17:3,8:11:20:2,8:11:17,8:11:20,3MS,3MS,0,qac_v0.4_aligned,numbered_aligned
8:12,8:12:15:1,8:12:17:2,8:12:15,8:12:17,3MP,2MP,1,qac_v0.4_aligned,numbered_aligned
8:12,8:12:17:2,8:12:20:2,8:12:17,8:12:20,2MP,2MP,0,qac_v0.4_aligned,numbered_aligned
8:13,8:13:3:1,8:13:7:1,8:13:3,8:13:7,3MP,3MS,0,qac_v0.4_aligned,numbered_aligned
8:15,8:15:5:1,8:15:7:1,8:15:6,8:15:8,2MP,3MP,1,qac_v0.4_aligned,numbered_aligned
8:15,8:15:7:1,8:15:10:1,8:15:8,8:15:11,3MP,2MP,1,qac_v0.4_aligned,numbered_aligned
8:16,8:16:2:1,8:16:13:1,8:16:2,8:16:13,3MS,3MS,0,qac_v0.4_aligned,numbered_aligned
8:16,8:16:13:1,8:16:19:2,8:16:13,8:16:19,3MS,3MS,0,qac_v0.4_aligned,numbered_aligned
8:17,8:17:2:1,8:17:5:1,8:17:2,8:17:5,2MP,3MS,1,qac_v0.4_aligned,numbered_aligned
8:17,8:17:5:1,8:17:7:1,8:17:5,8:17:7,3MS,2MS,1,qac_v0.4_aligned,numbered_aligned
8:17,8:17:7:1,8:17:9:1,8:17:7,8:17:9,2MS,2MS,0,qac_v0.4_aligned,numbered_aligned
8:17,8:17:9:1,8:17:12:1,8:17:9,8:17:12,2MS,3MS,1,qac_v0.4_aligned,numbered_aligned
8:19,8:19:2:1,8:19:4:1,8:19:2,8:19:4,2MP,3MS,1,qac_v0.4_aligned,numbered_aligned
8:19,8:19:4:1,8:19:7:1,8:19:4,8:19:7,3MS,2MP,1,qac_v0.4_aligned,numbered_aligned
8:19,8:19:7:1,8:19:12:1,8:19:7,8:19:12,2MP,2MP,0,qac_v0.4_aligned,numbered_aligned
8:19,8:19:12:1,8:19:13:1,8:19:12,8:19:13,2MP,1P,1,qac_v0.4_aligned,numbered_aligned
8:20,8:20:4:1,8:20:8:1,8:20:5,8:20:9,2MP,2MP,0,qac_v0.4_aligned,numbered_aligned
8:20,8:20:8:1,8:20:11:1,8:20:9,8:20:12,2MP,2MP,0,qac_v0.4_aligned,numbered_aligned
8:21,8:21:2:1,8:21:4:1,8:21:2,8:21:4,2MP,3MP,1,qac_v0.4_aligned,numbered_aligned
8:21,8:21:4:1,8:21:5:1,8:21:4,8:21:5,3MP,1P,1,qac_v0.4_aligned,numbered_aligned
8:21,8:21:5:1,8:21:8:1,8:21:5,8:21:8,1P,3MP,1,qac_v0.4_aligned,numbered_aligned
8:23,8:23:2:1,8:23:6:2,8:23:2,8:23:6,3MS,3MS,0,qac_v0.4_aligned,numbered_aligned
8:23,8:23:6:2,8:23:8:1,8:23:6,8:23:8,3MS,3MS,0,qac_v0.4_aligned,numbered_aligned
8:23,8:23:8:1,8:23:9:2,8:23:8,8:23:9,3MS,3MP,0,qac_v0.4_aligned,numbered_aligned
8:24,8:24:4:1,8:24:8:1,8:24:5,8:24:9,2MP,3MS,1,qac_v0.4_aligned,numbered_aligned
8:24,8:24:8:1,8:24:10:1,8:24:9,8:24:11,3MS,3MS,0,qac_v0.4_aligned,numbered_aligned
8:24,8:24:10:1,8:24:11:2,8:24:11,8:24:12,3MS,2MP,1,qac_v0.4_aligned,numbered_aligned
8:24,8:24:11:2,8:24:14:1,8:24:12,8:24:15,2MP,3MS,1,qac_v0.4_aligned,numbered_aligned
8:24,8:24:14:1,8:24:20:1,8:24:15,8:24:21,3MS,2MP,1,qac_v0.4_aligned,numbered_aligned
8:25,8:25:1:2,8:25:4:1,8:25:1,8:25:4,2MP,3FS,1,qac_v0.4_aligned,numbered_aligned
8:25,8:25:4:1,8:25:6:1,8:25:4,8:25:6,3FS,3MP,0,qac_v0.4_aligned,numbered_aligned
8:25,8:25:6:1,8:25:9:2,8:25:6,8:25:9,3MP,2MP,1,qac_v0.4_aligned,numbered_aligned
8:26,8:26:1:2,8:26:8:1,8:26:1,8:26:8,2MP,2MP,0,qac_v0.4_aligned,numbered_aligned
8:26,8:26:8:1,8:26:10:1,8:26:8,8:26:10,2MP,3MS,1,qac_v0.4_aligned,numbered_aligned
8:26,8:26:13:2,8:26:15:2,8:26:13,8:26:15,3MS,3MS,0,qac_v0.4_aligned,numbered_aligned
8:26,8:26:15:2,8:26:19:1,8:26:15,8:26:19,3MS,2MP,1,qac_v0.4_aligned,numbered_aligned
8:27,8:27:5:1,8:27:8:2,8:27:6,8:27:9,2MP,2MP,0,qac_v0.4_aligned,numbered_aligned
8:27,8:27:8:2,8:27:11:1,8:27:9,8:27:12,2MP,2MP,0,qac_v0.4_aligned,numbered_aligned
8:29,8:29:5:1,8:29:7:1,8:29:6,8:29:8,2MP,3MS,1,qac_v0.4_aligned,numbered_aligned
8:29,8:29:7:1,8:29:10:2,8:29:8,8:29:11,3MS,3MS,0,qac_v0.4_aligned,numbered_aligned
8:29,8:29:10:2,8:29:13:2,8:29:11,8:29:14,3MS,3MS,0,qac_v0.4_aligned,numbered_aligned
8:30,8:30:2:1,8:30:5:1,8:30:2,8:30:5,3MS,3MP,0,qac_v0.4_aligned,numbered_aligned
8:30,8:30:5:1,8:30:6:2,8:30:5,8:30:6,3MP,3MP,0,qac_v0.4_aligned,numbered_aligned
8:30,8:30:6:2,8:30:8:1,8:30:6,8:30:8,3MP,3MP,0,qac_v0.4_aligned,numbered_aligned
8:30,8:30:8:1,8:30:10:1,8:30:8,8:30:10,3MP,3MP,0,qac_v0.4_aligned,numbered_aligned
8:30,8:30:10:1,8:30:11:2,8:30:10,8:30:11,3MP,3MP,0,qac_v0.4_aligned,numbered_aligned
8:30,8:30:11:2,8:30:12:2,8:30:11,8:30:12,3MP,3MS,0,qac_v0.4_aligned,numbered_aligned
8:31,8:31:2:1,8:31:5:1,8:31:2,8:31:5,3FS,3MP,0,qac_v0.4_aligned,numbered_aligned
8:31,8:31:5:1,8:31:7:1,8:31:5,8:31:7,3MP,1P,1,qac_v0.4_aligned,numbered_aligned
8:31,8:31:7:1,8:31:9:1,8:31:7,8:31:9,1P,1P,0,qac_v0.4_aligned,numbered_aligned
8:31,8:31:9:1,8:31:10:2,8:31:9,8:31:10,1P,1P,0,qac_v0.4_aligned,numbered_aligned
8:32,8:32:2:1,8:32:5:1,8:32:2,8:32:5,3MP,3MS,0,qac_v0.4_aligned,numbered_aligned
8:32,8:32:5:1,8:32:11:2,8:32:5,8:32:11,3MS,2MS,1,qac_v0.4_aligned,numbered_aligned
8:32,8:32:11:2,8:32:17:1,8:32:11,8:32:17,2MS,2MS,0,qac_v0.4_aligned,numbered_aligned
8:33,8:33:2:1,8:33:4:2,8:33:2,8:33:4,3MS,3MS,0,qac_v0.4_aligned,numbered_aligned
8:33,8:33:4:2,8:33:8:1,8:33:4,8:33:8,3MS,3MS,0,qac_v0.4_aligned,numbered_aligned
8:33,8:33:8:1,8:33:12:1,8:33:8,8:33:12,3MS,3MP,0,qac_v0.4_aligned,numbered_aligned
8:34,8:34:4:1,8:34:7:1,8:34:4,8:34:7,3MS,3MP,0,qac_v0.4_aligned,numbered_aligned
8:34,8:34:7:1,8:34:12:1,8:34:7,8:34:12,3MP,3MP,0,qac_v0.4_aligned,numbered_aligned
8:34,8:34:12:1,8:34:21:1,8:34:12,8:34:21,3MP,3MP,0,qac_v0.4_aligned,numbered_aligned
8:35,8:35:2:1,8:35:9:2,8:35:2,8:35:9,3MS,2MP,1,qac_v0.4_aligned,numbered_aligned
8:35,8:35:9:2,8:35:12:1,8:35:9,8:35:12,2MP,2MP,0,qac_v0.4_aligned,numbered_aligned
8:35,8:35:12:1,8:35:13:1,8:35:12,8:35:13,2MP,2MP,0,qac_v0.4_aligned,numbered_aligned
8:36,8:36:3:1,8:36:4:1,8:36:3,8:36:4,3MP,3MP,0,qac_v0.4_aligned,numbered_aligned
8:36,8:36:4:1,8:36:6:2,8:36:4,8:36:6,3MP,3MP,0,qac_v0.4_aligned,numbered_aligned
8:36,8:36:6:2,8:36:10:3,8:36:6,8:36:10,3MP,3MP,0,qac_v0.4_aligned,numbered_aligned
8:36,8:36:10:3,8:36:12:1,8:36:10,8:36:12,3MP,3FS,0,qac_v0.4_aligned,numbered_aligned
8:36,8:36:12:1,8:36:16:1,8:36:12,8:36:16,3FS,3MP,0,qac_v0.4_aligned,numbered_aligned
8:36,8:36:16:1,8:36:18:1,8:36:16,8:36:18,3MP,3MP,0,qac_v0.4_aligned,numbered_aligned
8:36,8:36:18:1,8:36:21:1,8:36:18,8:36:21,3MP,3MP,0,qac_v0.4_aligned,numbered_aligned
8:37,8:37:1:2,8:37:6:2,8:37:1,8:37:6,3MS,3MS,0,qac_v0.4_aligned,numbered_aligned
8:37,8:37:6:2,8:37:11:2,8:37:6,8:37:11,3MS,3MS,0,qac_v0.4_aligned,numbered_aligned
8:37,8:37:11:2,8:37:13:2,8:37:11,8:37:13,3MS,3MS,0,qac_v0.4_aligned,numbered_aligned
8:38,8:38:1:1,8:38:3:1,8:38:1,8:38:3,2MS,3MP,1,qac_v0.4_aligned,numbered_aligned
8:38,8:38:3:1,8:38:5:1,8:38:3,8:38:5,3MP,3MP,0,qac_v0.4_aligned,numbered_aligned
8:38,8:38:5:1,8:38:6:1,8:38:5,8:38:6,3MP,3MS,0,qac_v0.4_aligned,numbered_aligned
8:38,8:38:6:1,8:38:10:1,8:38:6,8:38:10,3MS,3MS,0,qac_v0.4_aligned,numbered_aligned
8:38,8:38:10:1,8:38:12:1,8:38:10,8:38:12,3MS,3MP,0,qac_v0.4_aligned,numbered_aligned
8:38,8:38:12:1,8:38:14:1,8:38:12,8:38:14,3MP,3FS,0,qac_v0.4_aligned,numbered_aligned
8:39,8:39:1:2,8:39:4:1,8:39:1,8:39:4,2MP,3FS,1,qac_v0.4_aligned,numbered_aligned
8:39,8:39:4:1,8:39:6:2,8:39:4,8:39:6,3FS,3MS,0,qac_v0.4_aligned,numbered_aligned
8:39,8:39:6:2,8:39:11:1,8:39:6,8:39:11,3MS,3MP,0,qac_v0.4_aligned,numbered_aligned
8:39,8:39:11:1,8:39:15:1,8:39:11,8:39:15,3MP,3MP,0,qac_v0.4_aligned,numbered_aligned
8:40,8:40:2:1,8:40:3:2,8:40:2,8:40:3,3MP,2MP,1,qac_v0.4_aligned,numbered_aligned
8:40,8:40:3:2,8:40:7:1,8:40:3,8:40:7,2MP,3MS,1,qac_v0.4_aligned,numbered_aligned
8:40,8:40:7:1,8:40:9:2,8:40:7,8:40:9,3MS,3MS,0,qac_v0.4_aligned,numbered_aligned
8:41,8:41:1:2,8:41:3:1,8:41:1,8:41:3,2MP,2MP,0,qac_v0.4_aligned,numbered_aligned
8:41,8:41:3:1,8:41:17:1,8:41:3,8:41:17,2MP,2MP,0,qac_v0.4_aligned,numbered_aligned
8:41,8:41:21:1,8:41:27:1,8:41:21,8:41:27,1P,3MS,1,qac_v0.4_aligned,numbered_aligned
8:42,8:42:12:1,8:42:13:2,8:42:12,8:42:13,2MP,2MP,0,qac_v0.4_aligned,numbered_aligned
8:42,8:42:20:1,8:42:22:2,8:42:20,8:42:22,3MS,3MS,0,qac_v0.4_aligned,numbered_aligned
8:42,8:42:22:2,8:42:24:1,8:42:22,8:42:24,3MS,3MS,0,qac_v0.4_aligned,numbered_aligned
8:42,8:42:24:1,8:42:27:2,8:42:24,8:42:27,3MS,3MS,0,qac_v0.4_aligned,numbered_aligned
8:43,8:43:10:2,8:43:11:3,8:43:10,8:43:11,2MP,2MP,0,qac_v0.4_aligned,numbered_aligned
8:43,8:43:11:3,8:43:16:1,8:43:11,8:43:16,2MP,3MS,1,qac_v0.4_aligned,numbered_aligned
8:44,8:44:2:1,8:44:4:1,8:44:2,8:44:4,3MS,2MP,1,qac_v0.4_aligned,numbered_aligned
8:44,8:44:4:1,8:44:8:2,8:44:4,8:44:8,2MP,3MS,1,qac_v0.4_aligned,numbered_aligned
8:44,8:44:14:1,8:44:18:1,8:44:14,8:44:18,3MS,3FS,0,qac_v0.4_aligned,numbered_aligned
8:45,8:45:5:1,8:45:7:2,8:45:6,8:45:8,2MP,2MP,0,qac_v0.4_aligned,numbered_aligned
8:45,8:45:7:2,8:45:8:2,8:45:8,8:45:9,2MP,2MP,0,qac_v0.4_aligned,numbered_aligned
8:45,8:45:8:2,8:45:12:1,8:45:9,8:45:13,2MP,2MP,0,qac_v0.4_aligned,numbered_aligned
8:46,8:46:1:2,8:46:5:1,8:46:1,8:46:5,2MP,2MP,0,qac_v0.4_aligned,numbered_aligned
8:46,8:46:5:1,8:46:6:2,8:46:5,8:46:6,2MP,2MP,0,qac_v0.4_aligned,numbered_aligned
8:46,8:46:6:2,8:46:7:2,8:46:6,8:46:7,2MP,3FS,1,qac_v0.4_aligned,numbered_aligned
8:46,8:46:7:2,8:46:9:2,8:46:7,8:46:9,3FS,2MP,1,qac_v0.4_aligned,numbered_aligned
8:47,8:47:2:1,8:47:4:1,8:47:2,8:47:4,2MP,3MP,1,qac_v0.4_aligned,numbered_aligned
8:47,8:47:4:1,8:47:10:2,8:47:4,8:47:10,3MP,3MP,0,qac_v0.4_aligned,numbered_aligned
8:47,8:47:10:2,8:47:16:1,8:47:10,8:47:16,3MP,3MP,0,qac_v0.4_aligned,numbered_aligned
8:48,8:48:2:1,8:48:6:2,8:48:2,8:48:6,3MS,3MS,0,qac_v0.4_aligned,numbered_aligned
8:48,8:48:6:2,8:48:17:1,8:48:6,8:48:17,3MS,3FS,0,qac_v0.4_aligned,numbered_aligned
8:48,8:48:17:1,8:48:19:1,8:48:17,8:48:19,3FS,3MS,0,qac_v0.4_aligned,numbered_aligned
8:48,8:48:19:1,8:48:22:2,8:48:19,8:48:22,3MS,3MS,0,qac_v0.4_aligned,numbered_aligned
8:48,8:48:22:2,8:48:27:1,8:48:22,8:48:27,3MS,1S,1,qac_v0.4_aligned,numbered_aligned
8:48,8:48:27:1,8:48:30:1,8:48:27,8:48:30,1S,2MP,1,qac_v0.4_aligned,numbered_aligned
8:48,8:48:30:1,8:48:32:1,8:48:30,8:48:32,2MP,1S,1,qac_v0.4_aligned,numbered_aligned
8:49,8:49:2:1,8:49:8:1,8:49:2,8:49:8,3MS,3MS,0,qac_v0.4_aligned,numbered_aligned
8:49,8:49:8:1,8:49:12:1,8:49:8,8:49:12,3MS,3MS,0,qac_v0.4_aligned,numbered_aligned
8:50,8:50:2:1,8:50:4:1,8:50:2,8:50:4,2MS,3MS,1,qac_v0.4_aligned,numbered_aligned
8:50,8:50:4:1,8:50:6:1,8:50:4,8:50:6,3MS,3MP,0,qac_v0.4_aligned,numbered_aligned
8:50,8:50:6:1,8:50:8:1,8:50:6,8:50:8,3MP,3MP,0,qac_v0.4_aligned,numbered_aligned
8:50,8:50:8:1,8:50:11:2,8:50:8,8:50:11,3MP,2MP,1,qac_v0.4_aligned,numbered_aligned
8:51,8:51:3:1,8:51:7:1,8:51:3,8:51:7,3FS,3MS,0,qac_v0.4_aligned,numbered_aligned
8:52,8:52:7:1,8:52:10:2,8:52:7,8:52:10,3MP,3MS,0,qac_v0.4_aligned,numbered_aligned
8:53,8:53:5:1,8:53:8:1,8:53:5,8:53:8,3MS,3MS,0,qac_v0.4_aligned,numbered_aligned
8:53,8:53:8:1,8:53:12:1,8:53:8,8:53:12,3MS,3MP,0,qac_v0.4_aligned,numbered_aligned
8:54,8:54:7:1,8:54:10:2,8:54:7,8:54:10,3MP,1P,1,qac_v0.4_aligned,numbered_aligned
8:54,8:54:10:2,8:54:12:2,8:54:10,8:54:12,1P,1P,0,qac_v0.4_aligned,numbered_aligned
8:54,8:54:12:2,8:54:16:1,8:54:12,8:54:16,1P,3MP,1,qac_v0.4_aligned,numbered_aligned
8:55,8:55:7:1,8:55:10:1,8:55:7,8:55:10,3MP,3MP,0,qac_v0.4_aligned,numbered_aligned
8:56,8:56:2:1,8:56:5:1,8:56:2,8:56:5,2MS,3MP,1,qac_v0.4_aligned,numbered_aligned
8:56,8:56:5:1,8:56:12:1,8:56:5,8:56:12,3MP,3MP,0,qac_v0.4_aligned,numbered_aligned
8:57,8:57:2:1,8:57:5:2,8:57:2,8:57:5,2MS,2MS,0,qac_v0.4_aligned,numbered_aligned
8:57,8:57:5:2,8:57:10:1,8:57:5,8:57:10,2MS,3MP,1,qac_v0.4_aligned,numbered_aligned
8:58,8:58:2:1,8:58:6:2,8:58:2,8:58:6,2MS,2MS,0,qac_v0.4_aligned,numbered_aligned
8:58,8:58:6:2,8:58:13:1,8:58:6,8:58:13,2MS,3MS,1,qac_v0.4_aligned,numbered_aligned
8:59,8:59:2:1,8:59:4:1,8:59:2,8:59:4,3MS,3MP,0,qac_v0.4_aligned,numbered_aligned
8:59,8:59:4:1,8:59:5:1,8:59:4,8:59:5,3MP,3MP,0,qac_v0.4_aligned,numbered_aligned
8:59,8:59:5:1,8:59:8:1,8:59:5,8:59:8,3MP,3MP,0,qac_v0.4_aligned,numbered_aligned
8:60,8:60:1:2,8:60:4:1,8:60:1,8:60:4,2MP,2MP,0,qac_v0.4_aligned,numbered_aligned
8:60,8:60:4:1,8:60:10:1,8:60:4,8:60:10,2MP,2MP,0,qac_v0.4_aligned,numbered_aligned
8:60,8:60:10:1,8:60:19:1,8:60:10,8:60:19,2MP,2MP,0,qac_v0.4_aligned,numbered_aligned
8:60,8:60:19:1,8:60:21:1,8:60:19,8:60:21,2MP,3MS,1,qac_v0.4_aligned,numbered_aligned
8:60,8:60:21:1,8:60:23:1,8:60:21,8:60:23,3MS,2MP,1,qac_v0.4_aligned,numbered_aligned
8:60,8:60:23:1,8:60:29:1,8:60:23,8:60:29,2MP,3MS,1,qac_v0.4_aligned,numbered_aligned
8:60,8:60:29:1,8:60:33:1,8:60:29,8:60:33,3MS,2MP,1,qac_v0.4_aligned,numbered_aligned
8:61,8:61:2:1,8:61:4:2,8:61:2,8:61:4,3MP,2MS,1,qac_v0.4_aligned,numbered_aligned
8:61,8:61:4:2,8:61:6:2,8:61:4,8:61:6,2MS,2MS,0,qac_v0.4_aligned,numbered_aligned
8:62,8:62:2:1,8:62:4:1,8:62:2,8:62:4,3MP,3MP,0,qac_v0.4_aligned,numbered_aligned
8:62,8:62:4:1,8:62:10:1,8:62:4,8:62:10,3MP,3MS,0,qac_v0.4_aligned,numbered_aligned
8:63,8:63:1:2,8:63:5:1,8:63:1,8:63:5,3MS,2MS,1,qac_v0.4_aligned,numbered_aligned
8:63,8:63:5:1,8:63:11:1,8:63:5,8:63:11,2MS,2MS,0,qac_v0.4_aligned,numbered_aligned
8:63,8:63:11:1,8:63:16:1,8:63:11,8:63:16,2MS,3MS,1,qac_v0.4_aligned,numbered_aligned
8:65,8:65:3:1,8:65:8:1,8:65:4,8:65:9,2MS,3MS,1,qac_v0.4_aligned,numbered_aligned
8:65,8:65:8:1,8:65:12:1,8:65:9,8:65:13,3MS,3MP,0,qac_v0.4_aligned,numbered_aligned
8:65,8:65:12:1,8:65:15:1,8:65:13,8:65:16,3MP,3MS,0,qac_v0.4_aligned,numbered_aligned
8:65,8:65:15:1,8:65:18:1,8:65:16,8:65:19,3MS,3MP,0,qac_v0.4_aligned,numbered_aligned
8:65,8:65:18:1,8:65:22:1,8:65:19,8:65:23,3MP,3MP,0,qac_v0.4_aligned,numbered_aligned
8:65,8:65:22:1,8:65:26:1,8:65:23,8:65:27,3MP,3MP,0,qac_v0.4_aligned,numbered_aligned
8:66,8:66:2:1,8:66:5:2,8:66:2,8:66:5,3MS,3MS,0,qac_v0.4_aligned,numbered_aligned
8:66,8:66:5:2,8:66:10:1,8:66:5,8:66:10,3MS,3MS,0,qac_v0.4_aligned,numbered_aligned
8:66,8:66:10:1,8:66:14:1,8:66:10,8:66:14,3MS,3MP,0,qac_v0.4_aligned,numbered_aligned
8:66,8:66:14:1,8:66:17:1,8:66:14,8:66:17,3MP,3MS,0,qac_v0.4_aligned,numbered_aligned
8:66,8:66:17:1,8:66:20:1,8:66:17,8:66:20,3MS,3MP,0,qac_v0.4_aligned,numbered_aligned
8:67,8:67:2:1,8:67:5:1,8:67:2,8:67:5,3MS,3MS,0,qac_v0.4_aligned,numbered_aligned
8:67,8:67:5:1,8:67:9:1,8:67:5,8:67:9,3MS,3MS,0,qac_v0.4_aligned,numbered_aligned
8:67,8:67:9:1,8:67:12:1,8:67:9,8:67:12,3MS,2MP,1,qac_v0.4_aligned,numbered_aligned
8:67,8:67:12:1,8:67:16:1,8:67:12,8:67:16,2MP,3MS,1,qac_v0.4_aligned,numbered_aligned
8:68,8:68:5:1,8:68:6:2,8:68:5,8:68:6,3MS,3MS,0,qac_v0.4_aligned,numbered_aligned
8:68,8:68:6:2,8:68:8:1,8:68:6,8:68:8,3MS,2MP,1,qac_v0.4_aligned,numbered_aligned
8:69,8:69:1:2,8:69:3:1,8:69:1,8:69:3,2MP,2MP,0,qac_v0.4_aligned,numbered_aligned
8:69,8:69:3:1,8:69:6:2,8:69:3,8:69:6,2MP,2MP,0,qac_v0.4_aligned,numbered_aligned
8:70,8:70:3:1,8:70:10:1,8:70:4,8:70:11,2MS,3MS,1,qac_v0.4_aligned,numbered_aligned
8:70,8:70:10:1,8:70:15:1,8:70:11,8:70:16,3MS,3MS,0,qac_v0.4_aligned,numbered_aligned
8:70,8:70:15:1,8:70:18:1,8:70:16,8:70:19,3MS,3MS,0,qac_v0.4_aligned,numbered_aligned
8:70,8:70:18:1,8:70:20:2,8:70:19,8:70:21,3MS,3MS,0,qac_v0.4_aligned,numbered_aligned
8:71,8:71:2:1,8:71:5:1,8:71:2,8:71:5,3MP,3MP,0,qac_v0.4_aligned,numbered_aligned
8:71,8:71:5:1,8:71:9:2,8:71:5,8:71:9,3MP,3MS,0,qac_v0.4_aligned,numbered_aligned
8:72,8:72:4:2,8:72:5:2,8:72:4,8:72:5,3MP,3MP,0,qac_v0.4_aligned,numbered_aligned
8:72,8:72:21:1,8:72:29:1,8:72:21,8:72:29,3MP,3MP,0,qac_v0.4_aligned,numbered_aligned
8:72,8:72:29:1,8:72:31:1,8:72:29,8:72:31,3MP,3MP,0,qac_v0.4_aligned,numbered_aligned
8:72,8:72:31:1,8:72:44:1,8:72:31,8:72:44,3MP,2MP,1,qac_v0.4_aligned,numbered_aligned
8:73,8:73:2:1,8:73:7:1,8:73:2,8:73:7,3MP,2MP,1,qac_v0.4_aligned,numbered_aligned
8:73,8:73:7:1,8:73:8:1,8:73:7,8:73:8,2MP,3FS,1,qac_v0.4_aligned,numbered_aligned
8:74,8:74:3:2,8:74:4:2,8:74:3,8:74:4,3MP,3MP,0,qac_v0.4_aligned,numbered_aligned
8:75,8:75:5:2,8:75:6:2,8:75:5,8:75:6,3MP,3MP,0,qac_v0.4_aligned,numbered_aligned
9:2,9:2:1:2,9:2:6:2,9:2:1,9:2:6,2MP,2MP,0,qac_v0.4_aligned,numbered_aligned
9:3,9:3:17:1,9:3:22:1,9:3:17,9:3:22,2MP,2MP,0,qac_v0.4_aligned,numbered_aligned
9:3,9:3:22:1,9:3:23:2,9:3:22,9:3:23,2MP,2MP,0,qac_v0.4_aligned,numbered_aligned
9:3,9:3:23:2,9:3:28:2,9:3:23,9:3:28,2MP,2MS,0,qac_v0.4_aligned,numbered_aligned
9:3,9:3:28:2,9:3:30:1,9:3:28,9:3:30,2MS,3MP,1,qac_v0.4_aligned,numbered_aligned
9:4,9:4:3:1,9:4:8:1,9:4:3,9:4:8,2MP,3MP,1,qac_v0.4_aligned,numbered_aligned
9:4,9:4:8:1,9:4:11:1,9:4:8,9:4:11,3MP,3MP,0,qac_v0.4_aligned,numbered_aligned
9:4,9:4:11:1,9:4:14:2,9:4:11,9:4:14,3MP,2MP,1,qac_v0.4_aligned,numbered_aligned
9:4,9:4:14:2,9:4:21:1,9:4:14,9:4:21,2MP,3MS,1,qac_v0.4_aligned,numbered_aligned
9:5,9:5:2:1,9:5:5:2,9:5:2,9:5:5,3MS,2MP,1,qac_v0.4_aligned,numbered_aligned
9:5,9:5:5:2,9:5:8:1,9:5:5,9:5:8,2MP,2MP,0,qac_v0.4_aligned,numbered_aligned
9:5,9:5:8:1,9:5:9:2,9:5:8,9:5:9,2MP,2MP,0,qac_v0.4_aligned,numbered_aligned
9:5,9:5:9:2,9:5:10:2,9:5:9,9:5:10,2MP,2MP,0,qac_v0.4_aligned,numbered_aligned
9:5,9:5:10:2,9:5:11:2,9:5:10,9:5:11,2MP,2MP,0,qac_v0.4_aligned,numbered_aligned
9:5,9:5:11:2,9:5:16:1,9:5:11,9:5:16,2MP,3MP,1,qac_v0.4_aligned,numbered_aligned
9:5,9:5:16:1,9:5:17:2,9:5:16,9:5:17,3MP,3MP,0,qac_v0.4_aligned,numbered_aligned
9:6,9:6:5:1,9:6:6:2,9:6:5,9:6:6,3MS,2MS,1,qac_v0.4_aligned,numbered_aligned
9:6,9:6:6:2,9:6:8:1,9:6:6,9:6:8,2MS,3MS,1,qac_v0.4_aligned,numbered_aligned
9:6,9:6:8:1,9:6:12:1,9:6:8,9:6:12,3MS,2MS,1,qac_v0.4_aligned,numbered_aligned
9:6,9:6:12:1,9:6:18:1,9:6:12,9:6:18,2MS,3MP,1,qac_v0.4_aligned,numbered_aligned
9:7,9:7:2:1,9:7:11:1,9:7:2,9:7:11,3MS,2MP,1,qac_v0.4_aligned,numbered_aligned
9:7,9:7:11:1,9:7:16:1,9:7:11,9:7:16,2MP,3MP,1,qac_v0.4_aligned,numbered_aligned
9:7,9:7:16:1,9:7:18:2,9:7:16,9:7:18,3MP,2MP,1,qac_v0.4_aligned,numbered_aligned
9:7,9:7:18:2,9:7:22:1,9:7:18,9:7:22,2MP,3MS,1,qac_v0.4_aligned,numbered_aligned
9:8,9:8:3:1,9:8:6:1,9:8:3,9:8:6,3MP,3MP,0,qac_v0.4_aligned,numbered_aligned
9:8,9:8:6:1,9:8:11:1,9:8:6,9:8:11,3MP,3MP,0,qac_v0.4_aligned,numbered_aligned
9:8,9:8:11:1,9:8:13:2,9:8:11,9:8:13,3MP,3FS,0,qac_v0.4_aligned,numbered_aligned
9:9,9:9:1:1,9:9:6:2,9:9:1,9:9:6,3MP,3MP,0,qac_v0.4_aligned,numbered_aligned
9:9,9:9:6:2,9:9:10:1,9:9:6,9:9:10,3MP,3MS,0,qac_v0.4_aligned,numbered_aligned
9:9,9:9:10:1,9:9:12:1,9:9:10,9:9:12,3MS,3MP,0,qac_v0.4_aligned,numbered_aligned
9:9,9:9:12:1,9:9:13:1,9:9:12,9:9:13,3MP,3MP,0,qac_v0.4_aligned,numbered_aligned
9:11,9:11:2:1,9:11:3:2,9:11:2,9:11:3,3MP,3MP,0,qac_v0.4_aligned,numbered_aligned
9:11,9:11:10:2,9:11:13:1,9:11:10,9:11:13,1P,3MP,1,qac_v0.4_aligned,numbered_aligned
9:12,9:12:2:1,9:12:7:2,9:12:2,9:12:7,3MP,3MP,0,qac_v0.4_aligned,numbered_aligned
9:12,9:12:7:2,9:12:10:2,9:12:7,9:12:10,3MP,2MP,1,qac_v0.4_aligned,numbered_aligned
9:12,9:12:10:2,9:12:18:1,9:12:10,9:12:18,2MP,3MP,1,qac_v0.4_aligned,numbered_aligned
9:13,9:13:2:1,9:13:4:1,9:13:2,9:13:4,2MP,3MP,1,qac_v0.4_aligned,numbered_aligned
9:13,9:13:4:1,9:13:6:2,9:13:4,9:13:6,3MP,3MP,0,qac_v0.4_aligned,numbered_aligned
9:13,9:13:6:2,9:13:10:1,9:13:6,9:13:10,3MP,3MP,0,qac_v0.4_aligned,numbered_aligned
9:13,9:13:10:1,9:13:13:2,9:13:10,9:13:13,3MP,2MP,1,qac_v0.4_aligned,numbered_aligned
9:13,9:13:13:2,9:13:17:1,9:13:13,9:13:17,2MP,2MP,0,qac_v0.4_aligned,numbered_aligned
9:13,9:13:17:1,9:13:19:1,9:13:17,9:13:19,2MP,2MP,0,qac_v0.4_aligned,numbered_aligned
9:14,9:14:1:1,9:14:2:1,9:14:1,9:14:2,2MP,3MS,1,qac_v0.4_aligned,numbered_aligned
9:14,9:14:2:1,9:14:5:2,9:14:2,9:14:5,3MS,3MS,0,qac_v0.4_aligned,numbered_aligned
9:14,9:14:5:2,9:14:6:2,9:14:5,9:14:6,3MS,3MS,0,qac_v0.4_aligned,numbered_aligned
9:14,9:14:6:2,9:14:8:2,9:14:6,9:14:8,3MS,3MS,0,qac_v0.4_aligned,numbered_aligned
9:15,9:15:1:2,9:15:4:2,9:15:1,9:15:4,3MS,3MS,0,qac_v0.4_aligned,numbered_aligned
9:15,9:15:4:2,9:15:8:1,9:15:4,9:15:8,3MS,3MS,0,qac_v0.4_aligned,numbered_aligned
9:16,9:16:2:1,9:16:4:1,9:16:2,9:16:4,2MP,2MP,0,qac_v0.4_aligned,numbered_aligned
9:16,9:16:4:1,9:16:6:1,9:16:4,9:16:6,2MP,3MS,1,qac_v0.4_aligned,numbered_aligned
9:16,9:16:6:1,9:16:9:1,9:16:6,9:16:9,3MS,3MP,0,qac_v0.4_aligned,numbered_aligned
9:16,9:16:9:1,9:16:12:1,9:16:9,9:16:12,3MP,3MP,0,qac_v0.4_aligned,numbered_aligned
9:16,9:16:12:1,9:16:24:1,9:16:12,9:16:24,3MP,2MP,1,qac_v0.4_aligned,numbered_aligned
9:17,9:17:2:1,9:17:5:1,9:17:2,9:17:5,3MS,3MP,0,qac_v0.4_aligned,numbered_aligned
9:17,9:17:5:1,9:17:13:1,9:17:5,9:17:13,3MP,3FS,0,qac_v0.4_aligned,numbered_aligned
9:18,9:18:15:1,9:18:18:2,9:18:15,9:18:18,3MS,3MS,0,qac_v0.4_aligned,numbered_aligned
9:18,9:18:18:2,9:18:21:1,9:18:18,9:18:21,3MS,3MP,0,qac_v0.4_aligned,numbered_aligned
9:20,9:20:3:2,9:20:4:2,9:20:3,9:20:4,3MP,3MP,0,qac_v0.4_aligned,numbered_aligned
9:23,9:23:5:1,9:23:10:1,9:23:6,9:23:11,2MP,3MP,1,qac_v0.4_aligned,numbered_aligned
9:23,9:23:10:1,9:23:15:1,9:23:11,9:23:16,3MP,3MS,0,qac_v0.4_aligned,numbered_aligned
9:24,9:24:1:1,9:24:3:1,9:24:1,9:24:3,2MS,3MS,1,qac_v0.4_aligned,numbered_aligned
9:24,9:24:3:1,9:24:10:1,9:24:3,9:24:10,3MS,2MP,1,qac_v0.4_aligned,numbered_aligned
9:24,9:24:10:1,9:24:12:1,9:24:10,9:24:12,2MP,2MP,0,qac_v0.4_aligned,numbered_aligned
9:24,9:24:12:1,9:24:15:1,9:24:12,9:24:15,2MP,2MP,0,qac_v0.4_aligned,numbered_aligned
9:24,9:24:15:1,9:24:24:2,9:24:15,9:24:24,2MP,2MP,0,qac_v0.4_aligned,numbered_aligned
9:25,9:25:2:1,9:25:10:1,9:25:2,9:25:10,3MS,3FS,0,qac_v0.4_aligned,numbered_aligned
9:25,9:25:10:1,9:25:13:1,9:25:10,9:25:13,3FS,3FS,0,qac_v0.4_aligned,numbered_aligned
9:25,9:25:13:1,9:25:16:2,9:25:13,9:25:16,3FS,3FS,0,qac_v0.4_aligned,numbered_aligned
9:25,9:25:16:2,9:25:20:1,9:25:16,9:25:20,3FS,3FS,0,qac_v0.4_aligned,numbered_aligned
9:25,9:25:20:1,9:25:22:1,9:25:20,9:25:22,3FS,2MP,1,qac_v0.4_aligned,numbered_aligned
9:26,9:26:2:1,9:26:9:2,9:26:2,9:26:9,3MS,3MS,0,qac_v0.4_aligned,numbered_aligned
9:26,9:26:9:2,9:26:12:1,9:26:9,9:26:12,3MS,2MP,1,qac_v0.4_aligned,numbered_aligned
9:26,9:26:12:1,9:26:13:2,9:26:12,9:26:13,2MP,3MS,1,qac_v0.4_aligned,numbered_aligned
9:26,9:26:13:2,9:26:15:1,9:26:13,9:26:15,3MS,3MP,0,qac_v0.4_aligned,numbered_aligned
9:27,9:27:2:1,9:27:9:1,9:27:2,9:27:9,3MS,3MS,0,qac_v0.4_aligned,numbered_aligned
9:28,9:28:8:1,9:28:15:1,9:28:9,9:28:16,3MP,2MP,1,qac_v0.4_aligned,numbered_aligned
9:28,9:28:15:1,9:28:18:1,9:28:16,9:28:19,2MP,3MS,1,qac_v0.4_aligned,numbered_aligned
9:28,9:28:18:1,9:28:23:1,9:28:19,9:28:24,3MS,3MS,0,qac_v0.4_aligned,numbered_aligned
9:29,9:29:1:1,9:29:4:1,9:29:1,9:29:4,2MP,3MP,1,qac_v0.4_aligned,numbered_aligned
9:29,9:29:4:1,9:29:10:1,9:29:4,9:29:10,3MP,3MP,0,qac_v0.4_aligned,numbered_aligned
9:29,9:29:10:1,9:29:12:1,9:29:10,9:29:12,3MP,3MS,0,qac_v0.4_aligned,numbered_aligned
9:29,9:29:12:1,9:29:16:1,9:29:12,9:29:16,3MS,3MP,0,qac_v0.4_aligned,numbered_aligned
9:29,9:29:16:1,9:29:21:1,9:29:16,9:29:21,3MP,3MP,0,qac_v0.4_aligned,numbered_aligned
9:29,9:29:21:1,9:29:24:1,9:29:21,9:29:24,3MP,3MP,0,qac_v0.4_aligned,numbered_aligned
9:30,9:30:1:2,9:30:6:2,9:30:1,9:30:6,3FS,3FS,0,qac_v0.4_aligned,numbered_aligned
9:30,9:30:17:1,9:30:20:1,9:30:17,9:30:20,3MP,3MS,0,qac_v0.4_aligned,numbered_aligned
9:30,9:30:20:1,9:30:23:1,9:30:20,9:30:23,3MS,3MP,0,qac_v0.4_aligned,numbered_aligned
9:31,9:31:1:1,9:31:12:1,9:31:1,9:31:12,3MP,3MP,0,qac_v0.4_aligned,numbered_aligned
9:31,9:31:12:1,9:31:14:2,9:31:12,9:31:14,3MP,3MP,0,qac_v0.4_aligned,numbered_aligned
9:31,9:31:14:2,9:31:23:1,9:31:14,9:31:23,3MP,3MP,0,qac_v0.4_aligned,numbered_aligned
9:32,9:32:7:2,9:32:11:1,9:32:7,9:32:11,3MS,3MS,0,qac_v0.4_aligned,numbered_aligned
9:32,9:32:11:1,9:32:14:1,9:32:11,9:32:14,3MS,3MS,0,qac_v0.4_aligned,numbered_aligned
9:33,9:33:3:1,9:33:8:2,9:33:3,9:33:8,3MS,3MS,0,qac_v0.4_aligned,numbered_aligned
9:33,9:33:8:2,9:33:13:1,9:33:8,9:33:13,3MS,3MS,0,qac_v0.4_aligned,numbered_aligned
9:34,9:34:9:2,9:34:13:2,9:34:10,9:34:14,3MP,3MP,0,qac_v0.4_aligned,numbered_aligned
9:34,9:34:13:2,9:34:18:1,9:34:14,9:34:19,3MP,3MP,0,qac_v0.4_aligned,numbered_aligned
9:34,9:34:18:1,9:34:22:1,9:34:19,9:34:23,3MP,3MP,0,qac_v0.4_aligned,numbered_aligned
9:34,9:34:22:1,9:34:26:2,9:34:23,9:34:27,3MP,2MS,1,qac_v0.4_aligned,numbered_aligned
9:35,9:35:2:1,9:35:7:2,9:35:2,9:35:7,3MS,3FS,0,qac_v0.4_aligned,numbered_aligned
9:35,9:35:7:2,9:35:14:1,9:35:7,9:35:14,3FS,2MP,1,qac_v0.4_aligned,numbered_aligned
9:35,9:35:14:1,9:35:16:2,9:35:14,9:35:16,2MP,2MP,0,qac_v0.4_aligned,numbered_aligned
9:35,9:35:16:2,9:35:18:1,9:35:16,9:35:18,2MP,2MP,0,qac_v0.4_aligned,numbered_aligned
9:35,9:35:18:1,9:35:19:1,9:35:18,9:35:19,2MP,2MP,0,qac_v0.4_aligned,numbered_aligned
9:36,9:36:13:1,9:36:23:1,9:36:13,9:36:23,3MS,2MP,1,qac_v0.4_aligned,numbered_aligned
9:36,9:36:23:1,9:36:26:2,9:36:23,9:36:26,2MP,2MP,0,qac_v0.4_aligned,numbered_aligned
9:36,9:36:26:2,9:36:30:1,9:36:26,9:36:30,2MP,3MP,1,qac_v0.4_aligned,numbered_aligned
9:36,9:36:30:1,9:36:32:2,9:36:30,9:36:32,3MP,2MP,1,qac_v0.4_aligned,numbered_aligned
9:37,9:37:6:1,9:37:9:1,9:37:6,9:37:9,3MS,3MP,0,qac_v0.4_aligned,numbered_aligned
9:37,9:37:9:1,9:37:10:1,9:37:9,9:37:10,3MP,3MP,0,qac_v0.4_aligned,numbered_aligned
9:37,9:37:10:1,9:37:12:2,9:37:10,9:37:12,3MP,3MP,0,qac_v0.4_aligned,numbered_aligned
9:37,9:37:17:1,9:37:19:2,9:37:17,9:37:19,3MS,3MP,0,qac_v0.4_aligned,numbered_aligned
9:37,9:37:19:2,9:37:21:1,9:37:19,9:37:21,3MP,3MS,0,qac_v0.4_aligned,numbered_aligned
9:37,9:37:21:1,9:37:23:1,9:37:21,9:37:23,3MS,3MS,0,qac_v0.4_aligned,numbered_aligned
9:38,9:38:7:1,9:38:9:1,9:38:8,9:38:10,3MS,2MP,1,qac_v0.4_aligned,numbered_aligned
9:38,9:38:9:1,9:38:13:1,9:38:10,9:38:14,2MP,2MP,0,qac_v0.4_aligned,numbered_aligned
9:38,9:38:13:1,9:38:16:2,9:38:14,9:38:17,2MP,2MP,0,qac_v0.4_aligned,numbered_aligned
9:39,9:39:2:1,9:39:3:1,9:39:2,9:39:3,2MP,3MS,1,qac_v0.4_aligned,numbered_aligned
9:39,9:39:3:1,9:39:6:2,9:39:3,9:39:6,3MS,3MS,0,qac_v0.4_aligned,numbered_aligned
9:39,9:39:6:2,9:39:10:1,9:39:6,9:39:10,3MS,2MP,1,qac_v0.4_aligned,numbered_aligned
9:40,9:40:2:1,9:40:4:1,9:40:2,9:40:4,2MP,3MS,1,qac_v0.4_aligned,numbered_aligned
9:40,9:40:4:1,9:40:7:1,9:40:4,9:40:7,3MS,3MS,0,qac_v0.4_aligned,numbered_aligned
9:40,9:40:7:1,9:40:9:1,9:40:7,9:40:9,3MS,3MP,0,qac_v0.4_aligned,numbered_aligned
9:40,9:40:9:1,9:40:17:1,9:40:9,9:40:17,3MP,3MS,0,qac_v0.4_aligned,numbered_aligned
9:40,9:40:17:1,9:40:20:1,9:40:17,9:40:20,3MS,3FS,0,qac_v0.4_aligned,numbered_aligned
9:40,9:40:20:1,9:40:24:2,9:40:20,9:40:24,3FS,3MS,0,qac_v0.4_aligned,numbered_aligned
9:40,9:40:24:2,9:40:28:2,9:40:24,9:40:28,3MS,3MS,0,qac_v0.4_aligned,numbered_aligned
9:40,9:40:28:2,9:40:31:1,9:40:28,9:40:31,3MS,2MP,1,qac_v0.4_aligned,numbered_aligned
9:40,9:40:31:1,9:40:32:2,9:40:31,9:40:32,2MP,3MS,1,qac_v0.4_aligned,numbered_aligned
9:40,9:40:32:2,9:40:35:1,9:40:32,9:40:35,3MS,3MP,0,qac_v0.4_aligned,numbered_aligned
9:41,9:41:1:1,9:41:4:2,9:41:1,9:41:4,2MP,2MP,0,qac_v0.4_aligned,numbered_aligned
9:41,9:41:4:2,9:41:14:1,9:41:4,9:41:14,2MP,2MP,0,qac_v0.4_aligned,numbered_aligned
9:41,9:41:14:1,9:41:15:1,9:41:14,9:41:15,2MP,2MP,0,qac_v0.4_aligned,numbered_aligned
9:42,9:42:2:1,9:42:7:2,9:42:2,9:42:7,3MS,3MP,0,qac_v0.4_aligned,numbered_aligned
9:42,9:42:7:2,9:42:9:1,9:42:7,9:42:9,3MP,3FS,0,qac_v0.4_aligned,numbered_aligned
9:42,9:42:9:1,9:42:12:3,9:42:9,9:42:12,3FS,3MP,0,qac_v0.4_aligned,numbered_aligned
9:42,9:42:12:3,9:42:15:1,9:42:12,9:42:15,3MP,1P,1,qac_v0.4_aligned,numbered_aligned
9:42,9:42:15:1,9:42:16:2,9:42:15,9:42:16,1P,1P,0,qac_v0.4_aligned,numbered_aligned
9:42,9:42:16:2,9:42:18:1,9:42:16,9:42:18,1P,3MP,1,qac_v0.4_aligned,numbered_aligned
9:42,9:42:18:1,9:42:21:1,9:42:18,9:42:21,3MP,3MS,0,qac_v0.4_aligned,numbered_aligned
9:43,9:43:1:1,9:43:5:1,9:43:1,9:43:5,3MS,2MS,1,qac_v0.4_aligned,numbered_aligned
9:43,9:43:5:1,9:43:8:1,9:43:5,9:43:8,2MS,3MS,1,qac_v0.4_aligned,numbered_aligned
9:43,9:43:8:1,9:43:11:1,9:43:8,9:43:11,3MS,3MP,0,qac_v0.4_aligned,numbered_aligned
9:43,9:43:11:1,9:43:12:2,9:43:11,9:43:12,3MP,2MS,1,qac_v0.4_aligned,numbered_aligned
9:44,9:44:4:1,9:44:9:1,9:44:4,9:44:9,3MP,3MP,0,qac_v0.4_aligned,numbered_aligned
9:45,9:45:5:1,9:45:9:2,9:45:5,9:45:9,3MP,3FS,0,qac_v0.4_aligned,numbered_aligned
9:45,9:45:9:2,9:45:14:1,9:45:9,9:45:14,3FS,3MP,0,qac_v0.4_aligned,numbered_aligned
9:46,9:46:2:1,9:46:4:2,9:46:2,9:46:4,3MP,3MP,0,qac_v0.4_aligned,numbered_aligned
9:46,9:46:4:2,9:46:8:1,9:46:4,9:46:8,3MP,3MS,0,qac_v0.4_aligned,numbered_aligned
9:46,9:46:8:1,9:46:11:2,9:46:8,9:46:11,3MS,3MS,0,qac_v0.4_aligned,numbered_aligned
9:46,9:46:11:2,9:46:12:2,9:46:11,9:46:12,3MS,3MS,0,qac_v0.4_aligned,numbered_aligned
9:46,9:46:12:2,9:46:13:1,9:46:12,9:46:13,3MS,2MP,1,qac_v0.4_aligned,numbered_aligned
9:47,9:47:2:1,9:47:5:1,9:47:2,9:47:5,3MP,3MP,0,qac_v0.4_aligned,numbered_aligned
9:47,9:47:5:1,9:47:8:3,9:47:5,9:47:8,3MP,3MP,0,qac_v0.4_aligned,numbered_aligned
9:47,9:47:8:3,9:47:10:1,9:47:8,9:47:10,3MP,3MP,0,qac_v0.4_aligned,numbered_aligned
9:48,9:48:2:1,9:48:6:2,9:48:2,9:48:6,3MP,3MP,0,qac_v0.4_aligned,numbered_aligned
9:48,9:48:6:2,9:48:10:1,9:48:6,9:48:10,3MP,3MS,0,qac_v0.4_aligned,numbered_aligned
9:48,9:48:10:1,9:48:12:2,9:48:10,9:48:12,3MS,3MS,0,qac_v0.4_aligned,numbered_aligned
9:49,9:49:3:1,9:49:4:1,9:49:3,9:49:4,3MS,2MS,1,qac_v0.4_aligned,numbered_aligned
9:50,9:50:2:1,9:50:4:1,9:50:2,9:50:4,2MS,3FS,1,qac_v0.4_aligned,numbered_aligned
9:50,9:50:4:1,9:50:6:1,9:50:4,9:50:6,3FS,2MS,1,qac_v0.4_aligned,numbered_aligned
9:50,9:50:6:1,9:50:8:1,9:50:6,9:50:8,2MS,3MP,1,qac_v0.4_aligned,numbered_aligned
9:50,9:50:8:1,9:50:10:1,9:50:8,9:50:10,3MP,1P,1,qac_v0.4_aligned,numbered_aligned
9:50,9:50:10:1,9:50:14:2,9:50:10,9:50:14,1P,3MP,1,qac_v0.4_aligned,numbered_aligned
9:51,9:51:1:1,9:51:3:1,9:51:1,9:51:3,2MS,3MS,1,qac_v0.4_aligned,numbered_aligned
9:51,9:51:3:1,9:51:6:1,9:51:3,9:51:6,3MS,3MS,0,qac_v0.4_aligned,numbered_aligned
9:51,9:51:6:1,9:51:13:3,9:51:6,9:51:13,3MS,3MS,0,qac_v0.4_aligned,numbered_aligned
9:52,9:52:1:1,9:52:3:1,9:52:1,9:52:3,2MS,2MP,0,qac_v0.4_aligned,numbered_aligned
9:52,9:52:3:1,9:52:9:1,9:52:3,9:52:9,2MP,1P,1,qac_v0.4_aligned,numbered_aligned
9:52,9:52:9:1,9:52:12:1,9:52:9,9:52:12,1P,3MS,1,qac_v0.4_aligned,numbered_aligned
9:52,9:52:12:1,9:52:19:2,9:52:12,9:52:19,3MS,2MP,1,qac_v0.4_aligned,numbered_aligned
9:53,9:53:1:1,9:53:2:1,9:53:1,9:53:2,2MS,2MP,0,qac_v0.4_aligned,numbered_aligned
9:53,9:53:2:1,9:53:7:1,9:53:2,9:53:7,2MP,3MS,1,qac_v0.4_aligned,numbered_aligned
9:53,9:53:7:1,9:53:10:1,9:53:7,9:53:10,3MS,2MP,1,qac_v0.4_aligned,numbered_aligned
9:54,9:54:2:1,9:54:4:1,9:54:2,9:54:4,3MS,3FS,0,qac_v0.4_aligned,numbered_aligned
9:54,9:54:4:1,9:54:9:1,9:54:4,9:54:9,3FS,3MP,0,qac_v0.4_aligned,numbered_aligned
9:54,9:54:9:1,9:54:13:1,9:54:9,9:54:13,3MP,3MP,0,qac_v0.4_aligned,numbered_aligned
9:54,9:54:13:1,9:54:19:1,9:54:13,9:54:19,3MP,3MP,0,qac_v0.4_aligned,numbered_aligned
9:55,9:55:2:1,9:55:7:1,9:55:2,9:55:7,2MS,3MS,1,qac_v0.4_aligned,numbered_aligned
9:55,9:55:7:1,9:55:9:2,9:55:7,9:55:9,3MS,3MS,0,qac_v0.4_aligned,numbered_aligned
9:55,9:55:9:2,9:55:14:2,9:55:9,9:55:14,3MS,3FS,0,qac_v0.4_aligned,numbered_aligned
9:56,9:56:1:2,9:56:10:1,9:56:1,9:56:10,3MP,3MP,0,qac_v0.4_aligned,numbered_aligned
9:57,9:57:2:1,9:57:8:2,9:57:2,9:57:8,3MP,3MP,0,qac_v0.4_aligned,numbered_aligned
9:57,9:57:8:2,9:57:11:1,9:57:8,9:57:11,3MP,3MP,0,qac_v0.4_aligned,numbered_aligned
9:58,9:58:3:1,9:58:7:1,9:58:3,9:58:7,3MS,3MP,0,qac_v0.4_aligned,numbered_aligned
9:58,9:58:7:1,9:58:9:1,9:58:7,9:58:9,3MP,3MP,0,qac_v0.4_aligned,numbered_aligned
9:58,9:58:9:1,9:58:12:1,9:58:9,9:58:12,3MP,3MP,0,qac_v0.4_aligned,numbered_aligned
9:58,9:58:12:1,9:58:16:1,9:58:12,9:58:16,3MP,3MP,0,qac_v0.4_aligned,numbered_aligned
9:59,9:59:8:2,9:59:11:2,9:59:8,9:59:11,3MP,3MS,0,qac_v0.4_aligned,numbered_aligned
9:61,9:61:3:1,9:61:5:2,9:61:3,9:61:5,3MP,3MP,0,qac_v0.4_aligned,numbered_aligned
9:61,9:61:5:2,9:61:8:1,9:61:5,9:61:8,3MP,2MS,1,qac_v0.4_aligned,numbered_aligned
9:61,9:61:8:1,9:61:12:1,9:61:8,9:61:12,2MS,3MS,1,qac_v0.4_aligned,numbered_aligned
9:61,9:61:12:1,9:61:14:2,9:61:12,9:61:14,3MS,3MS,0,qac_v0.4_aligned,numbered_aligned
9:62,9:62:1:1,9:62:4:2,9:62:1,9:62:4,3MP,3MP,0,qac_v0.4_aligned,numbered_aligned
9:62,9:62:4:2,9:62:9:1,9:62:4,9:62:9,3MP,3MP,0,qac_v0.4_aligned,numbered_aligned
9:62,9:62:9:1,9:62:11:1,9:62:9,9:62:11,3MP,3MP,0,qac_v0.4_aligned,numbered_aligned
9:63,9:63:2:1,9:63:5:1,9:63:2,9:63:5,3MP,3MS,0,qac_v0.4_aligned,numbered_aligned
9:64,9:64:1:1,9:64:4:1,9:64:1,9:64:4,3MS,3FS,0,qac_v0.4_aligned,numbered_aligned
9:64,9:64:4:1,9:64:7:1,9:64:4,9:64:7,3FS,3FS,0,qac_v0.4_aligned,numbered_aligned
9:64,9:64:7:1,9:64:11:1,9:64:7,9:64:11,3FS,2MS,1,qac_v0.4_aligned,numbered_aligned
9:65,9:65:2:1,9:65:3:2,9:65:2,9:65:3,2MS,3MP,1,qac_v0.4_aligned,numbered_aligned
9:65,9:65:3:2,9:65:5:1,9:65:3,9:65:5,3MP,1P,1,qac_v0.4_aligned,numbered_aligned
9:65,9:65:5:1,9:65:6:1,9:65:5,9:65:6,1P,1P,0,qac_v0.4_aligned,numbered_aligned
9:65,9:65:6:1,9:65:7:2,9:65:6,9:65:7,1P,1P,0,qac_v0.4_aligned,numbered_aligned
9:65,9:65:7:2,9:65:8:1,9:65:7,9:65:8,1P,2MS,1,qac_v0.4_aligned,numbered_aligned
9:65,9:65:8:1,9:65:12:1,9:65:8,9:65:12,2MS,2MP,0,qac_v0.4_aligned,numbered_aligned
9:66,9:66:2:1,9:66:4:1,9:66:2,9:66:4,2MP,2MP,0,qac_v0.4_aligned,numbered_aligned
9:66,9:66:4:1,9:66:8:1,9:66:4,9:66:8,2MP,1P,1,qac_v0.4_aligned,numbered_aligned
9:66,9:66:8:1,9:66:12:1,9:66:8,9:66:12,1P,1P,0,qac_v0.4_aligned,numbered_aligned
9:66,9:66:12:1,9:66:15:1,9:66:12,9:66:15,1P,3MP,1,qac_v0.4_aligned,numbered_aligned
9:67,9:67:6:1,9:67:8:2,9:67:6,9:67:8,3MP,3MP,0,qac_v0.4_aligned,numbered_aligned
9:67,9:67:8:2,9:67:11:2,9:67:8,9:67:11,3MP,3MP,0,qac_v0.4_aligned,numbered_aligned
9:67,9:67:11:2,9:67:13:1,9:67:11,9:67:13,3MP,3MP,0,qac_v0.4_aligned,numbered_aligned
9:67,9:67:13:1,9:67:15:2,9:67:13,9:67:15,3MP,3MS,0,qac_v0.4_aligned,numbered_aligned
9:68,9:68:1:1,9:68:12:2,9:68:1,9:68:12,3MS,3MS,0,qac_v0.4_aligned,numbered_aligned
9:69,9:69:4:1,9:69:11:2,9:69:4,9:69:11,3MP,3MP,0,qac_v0.4_aligned,numbered_aligned
9:69,9:69:11:2,9:69:13:2,9:69:11,9:69:13,3MP,2MP,1,qac_v0.4_aligned,numbered_aligned
9:69,9:69:13:2,9:69:16:1,9:69:13,9:69:16,2MP,3MS,1,qac_v0.4_aligned,numbered_aligned
9:69,9:69:16:1,9:69:21:2,9:69:16,9:69:21,3MS,2MP,1,qac_v0.4_aligned,numbered_aligned
9:69,9:69:21:2,9:69:23:1,9:69:21,9:69:23,2MP,3MP,1,qac_v0.4_aligned,numbered_aligned
9:69,9:69:23:1,9:69:25:1,9:69:23,9:69:25,3MP,3FS,0,qac_v0.4_aligned,numbered_aligned
9:70,9:70:2:1,9:70:16:1,9:70:2,9:70:16,3MS,3FS,0,qac_v0.4_aligned,numbered_aligned
9:70,9:70:16:1,9:70:20:1,9:70:16,9:70:20,3FS,3MS,0,qac_v0.4_aligned,numbered_aligned
9:70,9:70:20:1,9:70:22:2,9:70:20,9:70:22,3MS,3MS,0,qac_v0.4_aligned,numbered_aligned
9:70,9:70:22:2,9:70:24:1,9:70:22,9:70:24,3MS,3MP,0,qac_v0.4_aligned,numbered_aligned
9:70,9:70:24:1,9:70:26:1,9:70:24,9:70:26,3MP,3MP,0,qac_v0.4_aligned,numbered_aligned
9:71,9:71:6:1,9:71:8:2,9:71:6,9:71:8,3MP,3MP,0,qac_v0.4_aligned,numbered_aligned
9:71,9:71:8:2,9:71:11:2,9:71:8,9:71:11,3MP,3MP,0,qac_v0.4_aligned,numbered_aligned
9:71,9:71:11:2,9:71:13:2,9:71:11,9:71:13,3MP,3MP,0,qac_v0.4_aligned,numbered_aligned
9:71,9:71:13:2,9:71:15:2,9:71:13,9:71:15,3MP,3MP,0,qac_v0.4_aligned,numbered_aligned
9:71,9:71:15:2,9:71:19:2,9:71:15,9:71:19,3MP,3MS,0,qac_v0.4_aligned,numbered_aligned
9:73,9:73:3:1,9:73:6:2,9:73:4,9:73:7,2MS,2MS,0,qac_v0.4_aligned,numbered_aligned
9:73,9:73:6:2,9:73:10:2,9:73:7,9:73:11,2MS,3MS,1,qac_v0.4_aligned,numbered_aligned
9:74,9:74:1:1,9:74:4:1,9:74:1,9:74:4,3MP,3MP,0,qac_v0.4_aligned,numbered_aligned
9:74,9:74:4:1,9:74:6:1,9:74:4,9:74:6,3MP,3MP,0,qac_v0.4_aligned,numbered_aligned
9:74,9:74:6:1,9:74:9:2,9:74:6,9:74:9,3MP,3MP,0,qac_v0.4_aligned,numbered_aligned
9:74,9:74:9:2,9:74:12:2,9:74:9,9:74:12,3MP,3MP,0,qac_v0.4_aligned,numbered_aligned
9:74,9:74:12:2,9:74:15:1,9:74:12,9:74:15,3MP,3MP,0,qac_v0.4_aligned,numbered_aligned
9:74,9:74:15:1,9:74:17:1,9:74:15,9:74:17,3MP,3MP,0,qac_v0.4_aligned,numbered_aligned
9:74,9:74:26:1,9:74:27:1,9:74:26,9:74:27,3MP,3MS,0,qac_v0.4_aligned,numbered_aligned
9:74,9:74:27:1,9:74:31:1,9:74:27,9:74:31,3MS,3MP,0,qac_v0.4_aligned,numbered_aligned
9:74,9:74:31:1,9:74:32:1,9:74:31,9:74:32,3MP,3MS,0,qac_v0.4_aligned,numbered_aligned
9:75,9:75:9:2,9:75:10:3,9:75:9,9:75:10,1P,1P,0,qac_v0.4_aligned,numbered_aligned
9:76,9:76:5:1,9:76:7:2,9:76:5,9:76:7,3MP,3MP,0,qac_v0.4_aligned,numbered_aligned
9:77,9:77:1:2,9:77:7:1,9:77:1,9:77:7,3MS,3MP,0,qac_v0.4_aligned,numbered_aligned
9:77,9:77:7:1,9:77:9:1,9:77:7,9:77:9,3MP,3MP,0,qac_v0.4_aligned,numbered_aligned
9:77,9:77:9:1,9:77:12:1,9:77:9,9:77:12,3MP,3MP,0,qac_v0.4_aligned,numbered_aligned
9:77,9:77:12:1,9:77:14:1,9:77:12,9:77:14,3MP,3MP,0,qac_v0.4_aligned,numbered_aligned
9:77,9:77:14:1,9:77:15:1,9:77:14,9:77:15,3MP,3MP,0,qac_v0.4_aligned,numbered_aligned
9:78,9:78:2:1,9:78:5:1,9:78:2,9:78:5,3MP,3MS,0,qac_v0.4_aligned,numbered_aligned
9:79,9:79:2:1,9:79:10:1,9:79:2,9:79:10,3MP,3MP,0,qac_v0.4_aligned,numbered_aligned
9:79,9:79:10:1,9:79:13:2,9:79:10,9:79:13,3MP,3MP,0,qac_v0.4_aligned,numbered_aligned
9:79,9:79:13:2,9:79:15:1,9:79:13,9:79:15,3MP,3MS,0,qac_v0.4_aligned,numbered_aligned
9:80,9:80:1:1,9:80:5:1,9:80:1,9:80:5,2MS,2MS,0,qac_v0.4_aligned,numbered_aligned
9:80,9:80:5:1,9:80:8:1,9:80:5,9:80:8,2MS,2MS,0,qac_v0.4_aligned,numbered_aligned
9:80,9:80:8:1,9:80:13:1,9:80:8,9:80:13,2MS,3MS,1,qac_v0.4_aligned,numbered_aligned
9:80,9:80:13:1,9:80:18:1,9:80:13,9:80:18,3MS,3MP,0,qac_v0.4_aligned,numbered_aligned
9:81,9:81:1:1,9:81:7:2,9:81:1,9:81:7,3MS,3MP,0,qac_v0.4_aligned,numbered_aligned
9:81,9:81:7:2,9:81:9:1,9:81:7,9:81:9,3MP,3MP,0,qac_v0.4_aligned,numbered_aligned
9:81,9:81:9:1,9:81:15:2,9:81:9,9:81:15,3MP,3MP,0,qac_v0.4_aligned,numbered_aligned
9:81,9:81:15:2,9:81:17:1,9:81:15,9:81:17,3MP,2MP,1,qac_v0.4_aligned,numbered_aligned
9:81,9:81:17:1,9:81:20:1,9:81:17,9:81:20,2MP,2MS,0,qac_v0.4_aligned,numbered_aligned
9:81,9:81:20:1,9:81:26:1,9:81:20,9:81:26,2MS,3MP,1,qac_v0.4_aligned,numbered_aligned
9:81,9:81:26:1,9:81:27:1,9:81:26,9:81:27,3MP,3MP,0,qac_v0.4_aligned,numbered_aligned
9:82,9:82:1:3,9:82:3:3,9:82:1,9:82:3,3MP,3MP,0,qac_v0.4_aligned,numbered_aligned
9:82,9:82:3:3,9:82:7:1,9:82:3,9:82:7,3MP,3MP,0,qac_v0.4_aligned,numbered_aligned
9:82,9:82:7:1,9:82:8:1,9:82:7,9:82:8,3MP,3MP,0,qac_v0.4_aligned,numbered_aligned
9:83,9:83:9:2,9:83:11:1,9:83:9,9:83:11,2MS,2MP,0,qac_v0.4_aligned,numbered_aligned
9:83,9:83:11:1,9:83:15:1,9:83:11,9:83:15,2MP,2MP,0,qac_v0.4_aligned,numbered_aligned
9:83,9:83:15:1,9:83:19:1,9:83:15,9:83:19,2MP,2MP,0,qac_v0.4_aligned,numbered_aligned
9:83,9:83:19:1,9:83:23:2,9:83:19,9:83:23,2MP,2MP,0,qac_v0.4_aligned,numbered_aligned
9:84,9:84:2:1,9:84:6:1,9:84:2,9:84:6,3FS,3MS,0,qac_v0.4_aligned,numbered_aligned
9:84,9:84:6:1,9:84:9:1,9:84:6,9:84:9,3MS,2MS,1,qac_v0.4_aligned,numbered_aligned
9:84,9:84:9:1,9:84:13:1,9:84:9,9:84:13,2MS,3MP,1,qac_v0.4_aligned,numbered_aligned
9:84,9:84:13:1,9:84:16:2,9:84:13,9:84:16,3MP,3MP,0,qac_v0.4_aligned,numbered_aligned
9:85,9:85:2:1,9:85:6:1,9:85:2,9:85:6,2MS,3MS,1,qac_v0.4_aligned,numbered_aligned
9:85,9:85:6:1,9:85:9:1,9:85:6,9:85:9,3MS,3MS,0,qac_v0.4_aligned,numbered_aligned
9:85,9:85:9:1,9:85:13:2,9:85:9,9:85:13,3MS,3FS,0,qac_v0.4_aligned,numbered_aligned
9:86,9:86:14:2,9:86:15:1,9:86:14,9:86:15,3MP,2MS,1,qac_v0.4_aligned,numbered_aligned
9:86,9:86:15:1,9:86:16:1,9:86:15,9:86:16,2MS,1P,1,qac_v0.4_aligned,numbered_aligned
9:87,9:87:1:1,9:87:3:1,9:87:1,9:87:3,3MP,3MP,0,qac_v0.4_aligned,numbered_aligned
9:87,9:87:3:1,9:87:6:2,9:87:3,9:87:6,3MP,3MS,0,qac_v0.4_aligned,numbered_aligned
9:87,9:87:6:2,9:87:11:1,9:87:6,9:87:11,3MS,3MP,0,qac_v0.4_aligned,numbered_aligned
9:90,9:90:1:2,9:90:5:2,9:90:1,9:90:5,3MS,3MS,0,qac_v0.4_aligned,numbered_aligned
9:90,9:90:5:2,9:90:7:2,9:90:5,9:90:7,3MS,3MS,0,qac_v0.4_aligned,numbered_aligned
9:90,9:90:7:2,9:90:9:1,9:90:7,9:90:9,3MS,3MP,0,qac_v0.4_aligned,numbered_aligned
9:90,9:90:9:1,9:90:12:2,9:90:9,9:90:12,3MP,3MS,0,qac_v0.4_aligned,numbered_aligned
9:90,9:90:12:2,9:90:14:1,9:90:12,9:90:14,3MS,3MP,0,qac_v0.4_aligned,numbered_aligned
9:91,9:91:1:1,9:91:11:1,9:91:1,9:91:11,3MS,3MP,0,qac_v0.4_aligned,numbered_aligned
9:91,9:91:11:1,9:91:13:1,9:91:11,9:91:13,3MP,3MP,0,qac_v0.4_aligned,numbered_aligned
9:91,9:91:13:1,9:91:16:1,9:91:13,9:91:16,3MP,3MP,0,qac_v0.4_aligned,numbered_aligned
9:92,9:92:6:1,9:92:7:2,9:92:6,9:92:7,3MP,2MS,1,qac_v0.4_aligned,numbered_aligned
9:92,9:92:7:2,9:92:8:1,9:92:7,9:92:8,2MS,2MS,0,qac_v0.4_aligned,numbered_aligned
9:92,9:92:8:1,9:92:10:1,9:92:8,9:92:10,2MS,1S,1,qac_v0.4_aligned,numbered_aligned
9:92,9:92:10:1,9:92:12:1,9:92:10,9:92:12,1S,1S,0,qac_v0.4_aligned,numbered_aligned
9:92,9:92:12:1,9:92:14:1,9:92:12,9:92:14,1S,3MP,1,qac_v0.4_aligned,numbered_aligned
9:92,9:92:14:1,9:92:16:1,9:92:14,9:92:16,3MP,3FS,0,qac_v0.4_aligned,numbered_aligned
9:92,9:92:16:1,9:92:21:1,9:92:16,9:92:21,3FS,3MP,0,qac_v0.4_aligned,numbered_aligned
9:92,9:92:21:1,9:92:23:1,9:92:21,9:92:23,3MP,3MP,0,qac_v0.4_aligned,numbered_aligned
9:93,9:93:8:1,9:93:10:1,9:93:8,9:93:10,3MP,3MP,0,qac_v0.4_aligned,numbered_aligned
9:93,9:93:10:1,9:93:13:2,9:93:10,9:93:13,3MP,3MS,0,qac_v0.4_aligned,numbered_aligned
9:93,9:93:13:2,9:93:19:1,9:93:13,9:93:19,3MS,3MP,0,qac_v0.4_aligned,numbered_aligned
9:94,9:94:1:1,9:94:4:1,9:94:1,9:94:4,3MP,2MP,1,qac_v0.4_aligned,numbered_aligned
9:94,9:94:4:1,9:94:6:1,9:94:4,9:94:6,2MP,2MS,0,qac_v0.4_aligned,numbered_aligned
9:94,9:94:6:1,9:94:8:1,9:94:6,9:94:8,2MS,2MP,0,qac_v0.4_aligned,numbered_aligned
9:94,9:94:8:1,9:94:10:1,9:94:8,9:94:10,2MP,1P,1,qac_v0.4_aligned,numbered_aligned
9:94,9:94:10:1,9:94:13:1,9:94:10,9:94:13,1P,3MS,1,qac_v0.4_aligned,numbered_aligned
9:94,9:94:13:1,9:94:17:3,9:94:13,9:94:17,3MS,3MS,0,qac_v0.4_aligned,numbered_aligned
9:94,9:94:17:3,9:94:22:1,9:94:17,9:94:22,3MS,2MP,1,qac_v0.4_aligned,numbered_aligned
9:94,9:94:22:1,9:94:27:2,9:94:22,9:94:27,2MP,3MS,1,qac_v0.4_aligned,numbered_aligned
9:94,9:94:27:2,9:94:29:1,9:94:27,9:94:29,3MS,2MP,1,qac_v0.4_aligned,numbered_aligned
9:94,9:94:29:1,9:94:30:1,9:94:29,9:94:30,2MP,2MP,0,qac_v0.4_aligned,numbered_aligned
9:95,9:95:1:2,9:95:5:1,9:95:1,9:95:5,3MP,2MP,1,qac_v0.4_aligned,numbered_aligned
9:95,9:95:5:1,9:95:7:2,9:95:5,9:95:7,2MP,2MP,0,qac_v0.4_aligned,numbered_aligned
9:95,9:95:7:2,9:95:9:2,9:95:7,9:95:9,2MP,2MP,0,qac_v0.4_aligned,numbered_aligned
9:95,9:95:9:2,9:95:17:1,9:95:9,9:95:17,2MP,3MP,1,qac_v0.4_aligned,numbered_aligned
9:95,9:95:17:1,9:95:18:1,9:95:17,9:95:18,3MP,3MP,0,qac_v0.4_aligned,numbered_aligned
9:96,9:96:1:1,9:96:3:2,9:96:1,9:96:3,3MP,2MP,1,qac_v0.4_aligned,numbered_aligned
9:96,9:96:3:2,9:96:6:1,9:96:3,9:96:6,2MP,2MP,0,qac_v0.4_aligned,numbered_aligned
9:96,9:96:6:1,9:96:11:1,9:96:6,9:96:11,2MP,3MS,1,qac_v0.4_aligned,numbered_aligned
9:97,9:97:7:1,9:97:10:1,9:97:7,9:97:10,3MP,3MS,0,qac_v0.4_aligned,numbered_aligned
9:98,9:98:4:1,9:98:6:1,9:98:4,9:98:6,3MS,3MS,0,qac_v0.4_aligned,numbered_aligned
9:98,9:98:6:1,9:98:8:2,9:98:6,9:98:8,3MS,3MS,0,qac_v0.4_aligned,numbered_aligned
9:99,9:99:4:1,9:99:8:2,9:99:4,9:99:8,3MS,3MS,0,qac_v0.4_aligned,numbered_aligned
9:99,9:99:8:2,9:99:10:1,9:99:8,9:99:10,3MS,3MS,0,qac_v0.4_aligned,numbered_aligned
9:99,9:99:10:1,9:99:20:2,9:99:10,9:99:20,3MS,3MS,0,qac_v0.4_aligned,numbered_aligned
9:100,9:100:12:2,9:100:14:2,9:100:12,9:100:14,3MP,3MS,0,qac_v0.4_aligned,numbered_aligned
9:101,9:101:9:1,9:101:13:1,9:101:9,9:101:13,3MP,2MS,1,qac_v0.4_aligned,numbered_aligned
9:101,9:101:13:1,9:101:15:1,9:101:13,9:101:15,2MS,1P,1,qac_v0.4_aligned,numbered_aligned
9:101,9:101:15:1,9:101:16:2,9:101:15,9:101:16,1P,1P,0,qac_v0.4_aligned,numbered_aligned
9:101,9:101:16:2,9:101:19:1,9:101:16,9:101:19,1P,3MP,1,qac_v0.4_aligned,numbered_aligned
9:102,9:102:2:1,9:102:4:1,9:102:2,9:102:4,3MP,3MP,0,qac_v0.4_aligned,numbered_aligned
9:102,9:102:4:1,9:102:9:1,9:102:4,9:102:9,3MP,3MS,0,qac_v0.4_aligned,numbered_aligned
9:102,9:102:9:1,9:102:12:1,9:102:9,9:102:12,3MS,3MS,0,qac_v0.4_aligned,numbered_aligned
9:103,9:103:1:1,9:103:5:1,9:103:1,9:103:5,2MS,3FS,1,qac_v0.4_aligned,numbered_aligned
9:103,9:103:5:1,9:103:6:2,9:103:5,9:103:6,3FS,3FS,0,qac_v0.4_aligned,numbered_aligned
9:103,9:103:6:2,9:103:8:2,9:103:6,9:103:8,3FS,2MS,1,qac_v0.4_aligned,numbered_aligned
9:104,9:104:2:1,9:104:6:1,9:104:2,9:104:6,3MP,3MS,0,qac_v0.4_aligned,numbered_aligned
9:104,9:104:6:1,9:104:10:2,9:104:6,9:104:10,3MS,3MS,0,qac_v0.4_aligned,numbered_aligned
9:105,9:105:1:2,9:105:2:1,9:105:1,9:105:2,2MS,2MP,0,qac_v0.4_aligned,numbered_aligned
9:105,9:105:2:1,9:105:3:3,9:105:2,9:105:3,2MP,3MS,1,qac_v0.4_aligned,numbered_aligned
9:105,9:105:3:3,9:105:8:3,9:105:3,9:105:8,3MS,2MP,1,qac_v0.4_aligned,numbered_aligned
9:105,9:105:8:3,9:105:13:2,9:105:8,9:105:13,2MP,3MS,1,qac_v0.4_aligned,numbered_aligned
9:105,9:105:13:2,9:105:15:1,9:105:13,9:105:15,3MS,2MP,1,qac_v0.4_aligned,numbered_aligned
9:105,9:105:15:1,9:105:16:1,9:105:15,9:105:16,2MP,2MP,0,qac_v0.4_aligned,numbered_aligned
9:106,9:106:6:1,9:106:8:1,9:106:6,9:106:8,3MS,3MS,0,qac_v0.4_aligned,numbered_aligned
9:107,9:107:2:1,9:107:11:1,9:107:2,9:107:11,3MP,3MS,0,qac_v0.4_aligned,numbered_aligned
9:107,9:107:11:1,9:107:16:3,9:107:11,9:107:16,3MS,3MP,0,qac_v0.4_aligned,numbered_aligned
9:107,9:107:16:3,9:107:18:1,9:107:16,9:107:18,3MP,1P,1,qac_v0.4_aligned,numbered_aligned
9:107,9:107:18:1,9:107:22:1,9:107:18,9:107:22,1P,3MS,1,qac_v0.4_aligned,numbered_aligned
9:108,9:108:2:1,9:108:6:1,9:108:2,9:108:6,2MS,3MS,1,qac_v0.4_aligned,numbered_aligned
9:108,9:108:6:1,9:108:14:1,9:108:6,9:108:14,3MS,2MS,1,qac_v0.4_aligned,numbered_aligned
9:108,9:108:14:1,9:108:18:1,9:108:14,9:108:18,2MS,3MP,1,qac_v0.4_aligned,numbered_aligned
9:108,9:108:18:1,9:108:20:1,9:108:18,9:108:20,3MP,3MP,0,qac_v0.4_aligned,numbered_aligned
9:108,9:108:20:1,9:108:22:1,9:108:20,9:108:22,3MP,3MS,0,qac_v0.4_aligned,numbered_aligned
9:109,9:109:2:1,9:109:12:1,9:109:2,9:109:12,3MS,3MS,0,qac_v0.4_aligned,numbered_aligned
9:109,9:109:12:1,9:109:18:2,9:109:12,9:109:18,3MS,3MS,0,qac_v0.4_aligned,numbered_aligned
9:110,9:110:2:1,9:110:5:1,9:110:2,9:110:5,3MS,3MP,0,qac_v0.4_aligned,numbered_aligned
9:110,9:110:5:1,9:110:11:1,9:110:5,9:110:11,3MP,3FS,0,qac_v0.4_aligned,numbered_aligned
9:111,9:111:3:1,9:111:11:1,9:111:3,9:111:11,3MS,3MP,0,qac_v0.4_aligned,numbered_aligned
9:111,9:111:11:1,9:111:15:2,9:111:11,9:111:15,3MP,3MP,0,qac_v0.4_aligned,numbered_aligned
9:111,9:111:15:2,9:111:16:2,9:111:15,9:111:16,3MP,3MP,0,qac_v0.4_aligned,numbered_aligned
9:111,9:111:16:2,9:111:29:2,9:111:16,9:111:29,3MP,2MP,1,qac_v0.4_aligned,numbered_aligned
9:111,9:111:29:2,9:111:32:1,9:111:29,9:111:32,2MP,2MP,0,qac_v0.4_aligned,numbered_aligned
9:113,9:113:7:1,9:113:10:1,9:113:7,9:113:10,3MP,3MP,0,qac_v0.4_aligned,numbered_aligned
9:113,9:113:10:1,9:113:16:1,9:113:10,9:113:16,3MP,3MS,0,qac_v0.4_aligned,numbered_aligned
9:114,9:114:2:1,9:114:9:1,9:114:2,9:114:9,3MS,3MS,0,qac_v0.4_aligned,numbered_aligned
9:114,9:114:9:1,9:114:12:1,9:114:9,9:114:12,3MS,3MS,0,qac_v0.4_aligned,numbered_aligned
9:114,9:114:12:1,9:114:17:1,9:114:12,9:114:17,3MS,3MS,0,qac_v0.4_aligned,numbered_aligned
9:115,9:115:2:1,9:115:4:2,9:115:2,9:115:4,3MS,3MS,0,qac_v0.4_aligned,numbered_aligned
9:115,9:115:10:1,9:115:13:1,9:115:10,9:115:13,3MS,3MP,0,qac_v0.4_aligned,numbered_aligned
9:117,9:117:2:1,9:117:9:1,9:117:2,9:117:9,3MS,3MP,0,qac_v0.4_aligned,numbered_aligned
9:117,9:117:9:1,9:117:16:1,9:117:9,9:117:16,3MP,3MS,0,qac_v0.4_aligned,numbered_aligned
9:117,9:117:16:1,9:117:17:1,9:117:16,9:117:17,3MS,3MS,0,qac_v0.4_aligned,numbered_aligned
9:117,9:117:17:1,9:117:22:1,9:117:17,9:117:22,3MS,3MS,0,qac_v0.4_aligned,numbered_aligned
9:118,9:118:4:1,9:118:7:1,9:118:4,9:118:7,3MP,3FS,0,qac_v0.4_aligned,numbered_aligned
9:118,9:118:7:1,9:118:11:1,9:118:7,9:118:11,3FS,3FS,0,qac_v0.4_aligned,numbered_aligned
9:118,9:118:11:1,9:118:12:2,9:118:11,9:118:12,3FS,3FS,0,qac_v0.4_aligned,numbered_aligned
9:118,9:118:12:2,9:118:15:2,9:118:12,9:118:15,3FS,3MP,0,qac_v0.4_aligned,numbered_aligned
9:118,9:118:15:2,9:118:24:1,9:118:15,9:118:24,3MP,3MS,0,qac_v0.4_aligned,numbered_aligned
9:118,9:118:24:1,9:118:26:2,9:118:24,9:118:26,3MS,3MP,0,qac_v0.4_aligned,numbered_aligned
9:119,9:119:4:1,9:119:6:2,9:119:5,9:119:7,2MP,2MP,0,qac_v0.4_aligned,numbered_aligned
9:120,9:120:2:1,9:120:10:1,9:120:2,9:120:10,3MS,3MP,0,qac_v0.4_aligned,numbered_aligned
9:120,9:120:10:1,9:120:15:1,9:120:10,9:120:15,3MP,3MP,0,qac_v0.4_aligned,numbered_aligned
9:120,9:120:15:1,9:120:22:1,9:120:15,9:120:22,3MP,3MS,0,qac_v0.4_aligned,numbered_aligned
9:120,9:120:34:1,9:120:37:1,9:120:34,9:120:37,3MS,3MP,0,qac_v0.4_aligned,numbered_aligned
9:120,9:120:37:1,9:120:42:1,9:120:37,9:120:42,3MP,3MS,0,qac_v0.4_aligned,numbered_aligned
9:120,9:120:42:1,9:120:50:1,9:120:42,9:120:50,3MS,3MS,0,qac_v0.4_aligned,numbered_aligned
9:121,9:121:2:1,9:121:8:1,9:121:2,9:121:8,3MP,3MP,0,qac_v0.4_aligned,numbered_aligned
9:121,9:121:8:1,9:121:11:1,9:121:8,9:121:11,3MP,3MS,0,qac_v0.4_aligned,numbered_aligned
9:121,9:121:11:1,9:121:13:2,9:121:11,9:121:13,3MS,3MS,0,qac_v0.4_aligned,numbered_aligned
9:121,9:121:13:2,9:121:17:1,9:121:13,9:121:17,3MS,3MP,0,qac_v0.4_aligned,numbered_aligned
9:121,9:121:17:1,9:121:18:1,9:121:17,9:121:18,3MP,3MP,0,qac_v0.4_aligned,numbered_aligned
9:122,9:122:2:1,9:122:4:2,9:122:2,9:122:4,3MS,3MP,0,qac_v0.4_aligned,numbered_aligned
9:122,9:122:4:2,9:122:7:1,9:122:4,9:122:7,3MP,3MS,0,qac_v0.4_aligned,numbered_aligned
9:122,9:122:7:1,9:122:13:2,9:122:7,9:122:13,3MS,3MP,0,qac_v0.4_aligned,numbered_aligned
9:122,9:122:13:2,9:122:16:3,9:122:13,9:122:16,3MP,3MP,0,qac_v0.4_aligned,numbered_aligned
9:122,9:122:16:3,9:122:19:1,9:122:16,9:122:19,3MP,3MP,0,qac_v0.4_aligned,numbered_aligned
9:122,9:122:19:1,9:122:22:1,9:122:19,9:122:22,3MP,3MP,0,qac_v0.4_aligned,numbered_aligned
9:123,9:123:4:1,9:123:6:1,9:123:5,9:123:7,2MP,3MP,1,qac_v0.4_aligned,numbered_aligned
9:123,9:123:6:1,9:123:9:3,9:123:7,9:123:10,3MP,3MP,0,qac_v0.4_aligned,numbered_aligned
9:123,9:123:9:3,9:123:12:2,9:123:10,9:123:13,3MP,2MP,1,qac_v0.4_aligned,numbered_aligned
9:124,9:124:3:1,9:124:7:1,9:124:3,9:124:7,3FS,3MS,0,qac_v0.4_aligned,numbered_aligned
9:124,9:124:7:1,9:124:9:1,9:124:7,9:124:9,3MS,3FS,0,qac_v0.4_aligned,numbered_aligned
9:124,9:124:15:2,9:124:18:1,9:124:15,9:124:18,3FS,3MP,0,qac_v0.4_aligned,numbered_aligned
9:125,9:125:6:2,9:125:10:2,9:125:6,9:125:10,3FS,3MP,0,qac_v0.4_aligned,numbered_aligned
9:126,9:126:2:1,9:126:4:1,9:126:2,9:126:4,3MP,3MP,0,qac_v0.4_aligned,numbered_aligned
9:126,9:126:4:1,9:126:13:1,9:126:4,9:126:13,3MP,3MP,0,qac_v0.4_aligned,numbered_aligned
9:126,9:126:13:1,9:126:16:1,9:126:13,9:126:16,3MP,3MP,0,qac_v0.4_aligned,numbered_aligned
9:127,9:127:3:1,9:127:5:1,9:127:3,9:127:5,3FS,3MS,0,qac_v0.4_aligned,numbered_aligned
9:127,9:127:14:1,9:127:15:1,9:127:14,9:127:15,3MP,3MS,0,qac_v0.4_aligned,numbered_aligned
9:127,9:127:15:1,9:127:21:1,9:127:15,9:127:21,3MS,3MP,0,qac_v0.4_aligned,numbered_aligned
9:128,9:128:2:1,9:128:9:1,9:128:2,9:128:9,3MS,2MP,1,qac_v0.4_aligned,numbered_aligned
9:129,9:129:2:1,9:129:3:2,9:129:2,9:129:3,3MP,2MS,1,qac_v0.4_aligned,numbered_aligned
9:129,9:129:3:2,9:129:11:1,9:129:3,9:129:11,2MS,1S,1,qac_v0.4_aligned,numbered_aligned
10:2,10:2:1:2,10:2:5:1,10:2:1,10:2:5,3MS,1P,1,qac_v0.4_aligned,numbered_aligned
10:2,10:2:5:1,10:2:10:1,10:2:5,10:2:10,1P,2MS,1,qac_v0.4_aligned,numbered_aligned
10:2,10:2:10:1,10:2:12:2,10:2:10,10:2:12,2MS,2MS,0,qac_v0.4_aligned,numbered_aligned
10:3,10:3:5:1,10:3:12:1,10:3:5,10:3:12,3MS,3MS,0,qac_v0.4_aligned,numbered_aligned
10:3,10:3:12:1,10:3:15:1,10:3:12,10:3:15,3MS,3MS,0,qac_v0.4_aligned,numbered_aligned
10:3,10:3:15:1,10:3:27:2,10:3:15,10:3:27,3MS,2MP,1,qac_v0.4_aligned,numbered_aligned
10:3,10:3:27:2,10:3:29:1,10:3:27,10:3:29,2MP,2MP,0,qac_v0.4_aligned,numbered_aligned
10:4,10:4:15:2,10:4:19:1,10:4:15,10:4:19,3MP,3MP,0,qac_v0.4_aligned,numbered_aligned
10:4,10:4:19:1,10:4:27:1,10:4:19,10:4:27,3MP,3MP,0,qac_v0.4_aligned,numbered_aligned
10:4,10:4:27:1,10:4:28:1,10:4:27,10:4:28,3MP,3MP,0,qac_v0.4_aligned,numbered_aligned
10:5,10:5:3:1,10:5:8:2,10:5:3,10:5:8,3MS,3MS,0,qac_v0.4_aligned,numbered_aligned
10:5,10:5:8:2,10:5:10:2,10:5:8,10:5:10,3MS,2MP,1,qac_v0.4_aligned,numbered_aligned
10:5,10:5:10:2,10:5:15:1,10:5:10,10:5:15,2MP,3MS,1,qac_v0.4_aligned,numbered_aligned
10:5,10:5:15:1,10:5:20:1,10:5:15,10:5:20,3MS,3MS,0,qac_v0.4_aligned,numbered_aligned
10:5,10:5:20:1,10:5:23:1,10:5:20,10:5:23,3MS,3MP,0,qac_v0.4_aligned,numbered_aligned
10:6,10:6:7:1,10:6:14:1,10:6:7,10:6:14,3MS,3MP,0,qac_v0.4_aligned,numbered_aligned
10:7,10:7:4:1,10:7:6:2,10:7:4,10:7:6,3MP,3MP,0,qac_v0.4_aligned,numbered_aligned
10:7,10:7:6:2,10:7:9:2,10:7:6,10:7:9,3MP,3MP,0,qac_v0.4_aligned,numbered_aligned
10:8,10:8:5:1,10:8:6:1,10:8:5,10:8:6,3MP,3MP,0,qac_v0.4_aligned,numbered_aligned
10:9,10:9:4:2,10:9:6:1,10:9:4,10:9:6,3MP,3MS,0,qac_v0.4_aligned,numbered_aligned
10:11,10:11:11:2,10:11:14:1,10:11:11,10:11:14,1P,3MP,1,qac_v0.4_aligned,numbered_aligned
10:11,10:11:14:1,10:11:18:1,10:11:14,10:11:18,3MP,3MP,0,qac_v0.4_aligned,numbered_aligned
10:12,10:12:2:1,10:12:5:1,10:12:2,10:12:5,3MS,3MS,0,qac_v0.4_aligned,numbered_aligned
10:12,10:12:5:1,10:12:12:1,10:12:5,10:12:12,3MS,1P,1,qac_v0.4_aligned,numbered_aligned
10:12,10:12:12:1,10:12:15:1,10:12:12,10:12:15,1P,3MS,1,qac_v0.4_aligned,numbered_aligned
10:12,10:12:15:1,10:12:18:1,10:12:15,10:12:18,3MS,3MS,0,qac_v0.4_aligned,numbered_aligned
10:12,10:12:18:1,10:12:21:1,10:12:18,10:12:21,3MS,3MS,0,qac_v0.4_aligned,numbered_aligned
10:12,10:12:21:1,10:12:23:1,10:12:21,10:12:23,3MS,3MS,0,qac_v0.4_aligned,numbered_aligned
10:12,10:12:23:1,10:12:26:1,10:12:23,10:12:26,3MS,3MP,0,qac_v0.4_aligned,numbered_aligned
10:12,10:12:26:1,10:12:27:1,10:12:26,10:12:27,3MP,3MP,0,qac_v0.4_aligned,numbered_aligned
10:13,10:13:2:1,10:13:7:1,10:13:2,10:13:7,1P,3MP,1,qac_v0.4_aligned,numbered_aligned
10:13,10:13:7:1,10:13:8:2,10:13:7,10:13:8,3MP,3FS,0,qac_v0.4_aligned,numbered_aligned
10:13,10:13:8:2,10:13:12:1,10:13:8,10:13:12,3FS,3MP,0,qac_v0.4_aligned,numbered_aligned
10:13,10:13:12:1,10:13:13:2,10:13:12,10:13:13,3MP,3MP,0,qac_v0.4_aligned,numbered_aligned
10:14,10:14:2:1,10:14:8:2,10:14:2,10:14:8,1P,1P,0,qac_v0.4_aligned,numbered_aligned
10:14,10:14:8:2,10:14:10:1,10:14:8,10:14:10,1P,2MP,1,qac_v0.4_aligned,numbered_aligned
10:15,10:15:2:1,10:15:6:1,10:15:2,10:15:6,3FS,3MS,0,qac_v0.4_aligned,numbered_aligned
10:15,10:15:6:1,10:15:9:1,10:15:6,10:15:9,3MS,3MP,0,qac_v0.4_aligned,numbered_aligned
10:15,10:15:9:1,10:15:11:1,10:15:9,10:15:11,3MP,2MS,1,qac_v0.4_aligned,numbered_aligned
10:15,10:15:11:1,10:15:16:1,10:15:11,10:15:16,2MS,2MS,0,qac_v0.4_aligned,numbered_aligned
10:15,10:15:16:1,10:15:17:1,10:15:16,10:15:17,2MS,2MS,0,qac_v0.4_aligned,numbered_aligned
10:15,10:15:17:1,10:15:19:1,10:15:17,10:15:19,2MS,3MS,1,qac_v0.4_aligned,numbered_aligned
10:15,10:15:19:1,10:15:22:1,10:15:19,10:15:22,3MS,1S,1,qac_v0.4_aligned,numbered_aligned
10:15,10:15:22:1,10:15:27:1,10:15:22,10:15:27,1S,1S,0,qac_v0.4_aligned,numbered_aligned
10:15,10:15:27:1,10:15:30:1,10:15:27,10:15:30,1S,3MS,1,qac_v0.4_aligned,numbered_aligned
10:15,10:15:30:1,10:15:33:1,10:15:30,10:15:33,3MS,1S,1,qac_v0.4_aligned,numbered_aligned
10:15,10:15:33:1,10:15:35:1,10:15:33,10:15:35,1S,1S,0,qac_v0.4_aligned,numbered_aligned
10:16,10:16:1:1,10:16:3:1,10:16:1,10:16:3,2MS,3MS,1,qac_v0.4_aligned,numbered_aligned
10:16,10:16:3:1,10:16:6:1,10:16:3,10:16:6,3MS,1S,1,qac_v0.4_aligned,numbered_aligned
10:16,10:16:12:1,10:16:18:1,10:16:12,10:16:18,1S,2MP,1,qac_v0.4_aligned,numbered_aligned
10:17,10:17:4:1,10:17:9:1,10:17:4,10:17:9,3MS,3MS,0,qac_v0.4_aligned,numbered_aligned
10:17,10:17:9:1,10:17:13:1,10:17:9,10:17:13,3MS,3MS,0,qac_v0.4_aligned,numbered_aligned
10:18,10:18:1:2,10:18:7:1,10:18:1,10:18:7,3MP,3MS,0,qac_v0.4_aligned,numbered_aligned
10:18,10:18:7:1,10:18:9:1,10:18:7,10:18:9,3MS,3MS,0,qac_v0.4_aligned,numbered_aligned
10:18,10:18:9:1,10:18:10:2,10:18:9,10:18:10,3MS,3MP,0,qac_v0.4_aligned,numbered_aligned
10:18,10:18:10:2,10:18:15:1,10:18:10,10:18:15,3MP,2MS,1,qac_v0.4_aligned,numbered_aligned
10:18,10:18:20:1,10:18:27:2,10:18:20,10:18:27,3MS,3MS,0,qac_v0.4_aligned,numbered_aligned
10:18,10:18:27:2,10:18:29:1,10:18:27,10:18:29,3MS,3MP,0,qac_v0.4_aligned,numbered_aligned
10:19,10:19:2:1,10:19:7:2,10:19:2,10:19:7,3MS,3MP,0,qac_v0.4_aligned,numbered_aligned
10:19,10:19:7:2,10:19:10:1,10:19:7,10:19:10,3MP,3FS,0,qac_v0.4_aligned,numbered_aligned
10:20,10:20:1:2,10:20:3:1,10:20:1,10:20:3,3MP,3MS,0,qac_v0.4_aligned,numbered_aligned
10:20,10:20:3:1,10:20:8:2,10:20:3,10:20:8,3MS,2MS,1,qac_v0.4_aligned,numbered_aligned
10:20,10:20:8:2,10:20:12:2,10:20:8,10:20:12,2MS,2MP,0,qac_v0.4_aligned,numbered_aligned
10:21,10:21:2:1,10:21:8:1,10:21:2,10:21:8,1P,3FS,1,qac_v0.4_aligned,numbered_aligned
10:21,10:21:8:1,10:21:14:1,10:21:8,10:21:14,3FS,2MS,1,qac_v0.4_aligned,numbered_aligned
10:21,10:21:14:1,10:21:20:1,10:21:14,10:21:20,2MS,3MP,1,qac_v0.4_aligned,numbered_aligned
10:21,10:21:20:1,10:21:22:1,10:21:20,10:21:22,3MP,2MP,1,qac_v0.4_aligned,numbered_aligned
10:22,10:22:3:1,10:22:9:1,10:22:3,10:22:9,3MS,2MP,1,qac_v0.4_aligned,numbered_aligned
10:22,10:22:9:1,10:22:12:2,10:22:9,10:22:12,2MP,3FP,1,qac_v0.4_aligned,numbered_aligned
10:22,10:22:12:2,10:22:16:2,10:22:12,10:22:16,3FP,3MP,0,qac_v0.4_aligned,numbered_aligned
10:22,10:22:16:2,10:22:18:1,10:22:16,10:22:18,3MP,3FS,0,qac_v0.4_aligned,numbered_aligned
10:22,10:22:18:1,10:22:21:2,10:22:18,10:22:21,3FS,3MS,0,qac_v0.4_aligned,numbered_aligned
10:22,10:22:21:2,10:22:26:2,10:22:21,10:22:26,3MS,3MP,0,qac_v0.4_aligned,numbered_aligned
10:22,10:22:26:2,10:22:28:1,10:22:26,10:22:28,3MP,3MS,0,qac_v0.4_aligned,numbered_aligned
10:22,10:22:28:1,10:22:30:1,10:22:28,10:22:30,3MS,3MP,0,qac_v0.4_aligned,numbered_aligned
10:22,10:22:30:1,10:22:36:1,10:22:30,10:22:36,3MP,2MS,1,qac_v0.4_aligned,numbered_aligned
10:22,10:22:36:1,10:22:39:2,10:22:36,10:22:39,2MS,1P,1,qac_v0.4_aligned,numbered_aligned
10:23,10:23:5:1,10:23:22:2,10:23:5,10:23:23,3MP,1P,1,qac_v0.4_aligned,numbered_aligned
10:23,10:23:22:2,10:23:24:1,10:23:23,10:23:25,1P,2MP,1,qac_v0.4_aligned,numbered_aligned
10:23,10:23:24:1,10:23:25:1,10:23:25,10:23:26,2MP,2MP,0,qac_v0.4_aligned,numbered_aligned
10:24,10:24:6:1,10:24:9:2,10:24:6,10:24:9,1P,3MS,1,qac_v0.4_aligned,numbered_aligned
10:24,10:24:9:2,10:24:14:1,10:24:9,10:24:14,3MS,3MS,0,qac_v0.4_aligned,numbered_aligned
10:24,10:24:14:1,10:24:19:1,10:24:14,10:24:19,3MS,3FS,0,qac_v0.4_aligned,numbered_aligned
10:24,10:24:19:1,10:24:22:2,10:24:19,10:24:22,3FS,3FS,0,qac_v0.4_aligned,numbered_aligned
10:24,10:24:22:2,10:24:23:2,10:24:22,10:24:23,3FS,3MS,0,qac_v0.4_aligned,numbered_aligned
10:24,10:24:33:2,10:24:37:1,10:24:33,10:24:37,1P,3FS,1,qac_v0.4_aligned,numbered_aligned
10:24,10:24:37:1,10:24:40:1,10:24:37,10:24:40,3FS,1P,1,qac_v0.4_aligned,numbered_aligned
10:24,10:24:40:1,10:24:43:1,10:24:40,10:24:43,1P,3MP,1,qac_v0.4_aligned,numbered_aligned
10:26,10:26:2:1,10:26:6:1,10:26:2,10:26:6,3MP,3MS,0,qac_v0.4_aligned,numbered_aligned
10:27,10:27:2:1,10:27:7:2,10:27:2,10:27:7,3MP,3FS,0,qac_v0.4_aligned,numbered_aligned
10:27,10:27:7:2,10:27:16:1,10:27:7,10:27:16,3FS,3FS,0,qac_v0.4_aligned,numbered_aligned
10:28,10:28:2:1,10:28:5:1,10:28:2,10:28:5,1P,1P,0,qac_v0.4_aligned,numbered_aligned
10:28,10:28:5:1,10:28:7:1,10:28:5,10:28:7,1P,3MP,1,qac_v0.4_aligned,numbered_aligned
10:28,10:28:7:1,10:28:11:2,10:28:7,10:28:11,3MP,1P,1,qac_v0.4_aligned,numbered_aligned
10:28,10:28:11:2,10:28:13:2,10:28:11,10:28:13,1P,3MS,1,qac_v0.4_aligned,numbered_aligned
10:28,10:28:13:2,10:28:16:1,10:28:13,10:28:16,3MS,2MP,1,qac_v0.4_aligned,numbered_aligned
10:28,10:28:16:1,10:28:18:1,10:28:16,10:28:18,2MP,2MP,0,qac_v0.4_aligned,numbered_aligned
10:29,10:29:1:2,10:29:7:1,10:29:1,10:29:7,3MS,1P,1,qac_v0.4_aligned,numbered_aligned
10:30,10:30:6:1,10:30:7:2,10:30:6,10:30:7,3FS,3MP,0,qac_v0.4_aligned,numbered_aligned
10:30,10:30:7:2,10:30:12:2,10:30:7,10:30:12,3MP,3MS,0,qac_v0.4_aligned,numbered_aligned
10:30,10:30:12:2,10:30:15:1,10:30:12,10:30:15,3MS,3MP,0,qac_v0.4_aligned,numbered_aligned
10:30,10:30:15:1,10:30:16:1,10:30:15,10:30:16,3MP,3MP,0,qac_v0.4_aligned,numbered_aligned
10:31,10:31:1:1,10:31:3:1,10:31:1,10:31:3,2MS,3MS,1,qac_v0.4_aligned,numbered_aligned
10:31,10:31:3:1,10:31:8:1,10:31:3,10:31:8,3MS,3MS,0,qac_v0.4_aligned,numbered_aligned
10:31,10:31:8:1,10:31:12:1,10:31:8,10:31:12,3MS,3MS,0,qac_v0.4_aligned,numbered_aligned
10:31,10:31:12:1,10:31:16:2,10:31:12,10:31:16,3MS,3MS,0,qac_v0.4_aligned,numbered_aligned
10:31,10:31:16:2,10:31:21:1,10:31:16,10:31:21,3MS,3MS,0,qac_v0.4_aligned,numbered_aligned
10:31,10:31:21:1,10:31:23:3,10:31:21,10:31:23,3MS,3MP,0,qac_v0.4_aligned,numbered_aligned
10:31,10:31:23:3,10:31:25:2,10:31:23,10:31:25,3MP,2MS,1,qac_v0.4_aligned,numbered_aligned
10:31,10:31:25:2,10:31:27:1,10:31:25,10:31:27,2MS,2MP,0,qac_v0.4_aligned,numbered_aligned
10:33,10:33:2:1,10:33:7:1,10:33:2,10:33:7,3FS,3MP,0,qac_v0.4_aligned,numbered_aligned
10:33,10:33:7:1,10:33:10:1,10:33:7,10:33:10,3MP,3MP,0,qac_v0.4_aligned,numbered_aligned
10:34,10:34:9:1,10:34:10:1,10:34:9,10:34:10,3MS,2MS,1,qac_v0.4_aligned,numbered_aligned
10:34,10:34:15:1,10:34:17:1,10:34:15,10:34:17,3MS,2MP,1,qac_v0.4_aligned,numbered_aligned
10:35,10:35:25:1,10:35:29:1,10:35:25,10:35:29,3MS,2MP,1,qac_v0.4_aligned,numbered_aligned
10:37,10:37:2:1,10:37:6:1,10:37:2,10:37:6,3MS,3MS,0,qac_v0.4_aligned,numbered_aligned
10:38,10:38:4:1,10:38:5:2,10:38:4,10:38:5,2MS,2MP,0,qac_v0.4_aligned,numbered_aligned
10:38,10:38:5:2,10:38:8:2,10:38:5,10:38:8,2MP,2MP,0,qac_v0.4_aligned,numbered_aligned
10:38,10:38:8:2,10:38:10:1,10:38:8,10:38:10,2MP,2MP,0,qac_v0.4_aligned,numbered_aligned
10:38,10:38:10:1,10:38:15:1,10:38:10,10:38:15,2MP,2MP,0,qac_v0.4_aligned,numbered_aligned
10:39,10:39:2:1,10:39:5:1,10:39:2,10:39:5,3MP,3MP,0,qac_v0.4_aligned,numbered_aligned
10:39,10:39:5:1,10:39:8:1,10:39:5,10:39:8,3MP,3MS,0,qac_v0.4_aligned,numbered_aligned
10:39,10:39:8:1,10:39:11:1,10:39:8,10:39:11,3MS,3MS,0,qac_v0.4_aligned,numbered_aligned
10:39,10:39:11:1,10:39:15:2,10:39:11,10:39:15,3MS,2MS,1,qac_v0.4_aligned,numbered_aligned
10:39,10:39:15:2,10:39:17:1,10:39:15,10:39:17,2MS,3MS,1,qac_v0.4_aligned,numbered_aligned
10:40,10:40:3:1,10:40:8:1,10:40:3,10:40:8,3MS,3MS,0,qac_v0.4_aligned,numbered_aligned
10:41,10:41:2:1,10:41:3:2,10:41:2,10:41:3,3MP,2MS,1,qac_v0.4_aligned,numbered_aligned
10:41,10:41:3:2,10:41:11:1,10:41:3,10:41:11,2MS,1S,1,qac_v0.4_aligned,numbered_aligned
10:41,10:41:11:1,10:41:15:1,10:41:11,10:41:15,1S,2MP,1,qac_v0.4_aligned,numbered_aligned
10:42,10:42:3:1,10:42:6:1,10:42:3,10:42:6,3MP,3FS,0,qac_v0.4_aligned,numbered_aligned
10:42,10:42:6:1,10:42:9:1,10:42:6,10:42:9,3FS,3MP,0,qac_v0.4_aligned,numbered_aligned
10:42,10:42:9:1,10:42:11:1,10:42:9,10:42:11,3MP,3MP,0,qac_v0.4_aligned,numbered_aligned
10:43,10:43:9:1,10:43:11:1,10:43:9,10:43:11,3MP,3MP,0,qac_v0.4_aligned,numbered_aligned
10:44,10:44:4:1,10:44:10:1,10:44:4,10:44:10,3MS,3MP,0,qac_v0.4_aligned,numbered_aligned
10:45,10:45:2:1,10:45:5:1,10:45:2,10:45:5,3MS,3MP,0,qac_v0.4_aligned,numbered_aligned
10:45,10:45:5:1,10:45:10:1,10:45:5,10:45:10,3MP,3MP,0,qac_v0.4_aligned,numbered_aligned
10:45,10:45:10:1,10:45:13:1,10:45:10,10:45:13,3MP,3MS,0,qac_v0.4_aligned,numbered_aligned
10:45,10:45:13:1,10:45:15:1,10:45:13,10:45:15,3MS,3MP,0,qac_v0.4_aligned,numbered_aligned
10:45,10:45:15:1,10:45:19:1,10:45:15,10:45:19,3MP,3MP,0,qac_v0.4_aligned,numbered_aligned
10:46,10:46:2:1,10:46:5:1,10:46:2,10:46:5,1P,1P,0,qac_v0.4_aligned,numbered_aligned
10:46,10:46:5:1,10:46:7:1,10:46:5,10:46:7,1P,1P,0,qac_v0.4_aligned,numbered_aligned
10:46,10:46:7:1,10:46:15:1,10:46:7,10:46:15,1P,3MP,1,qac_v0.4_aligned,numbered_aligned
10:48,10:48:1:2,10:48:6:1,10:48:1,10:48:6,3MP,2MP,1,qac_v0.4_aligned,numbered_aligned
10:49,10:49:1:1,10:49:3:1,10:49:1,10:49:3,2MS,1S,1,qac_v0.4_aligned,numbered_aligned
10:49,10:49:3:1,10:49:10:1,10:49:3,10:49:10,1S,3MS,1,qac_v0.4_aligned,numbered_aligned
10:49,10:49:10:1,10:49:16:1,10:49:10,10:49:16,3MS,3MS,0,qac_v0.4_aligned,numbered_aligned
10:51,10:51:9:1,10:51:11:1,10:51:9,10:51:11,2MP,2MP,0,qac_v0.4_aligned,numbered_aligned
10:52,10:52:2:1,10:52:4:1,10:52:2,10:52:4,3MS,3MP,0,qac_v0.4_aligned,numbered_aligned
10:52,10:52:4:1,10:52:5:1,10:52:4,10:52:5,3MP,2MP,1,qac_v0.4_aligned,numbered_aligned
10:52,10:52:5:1,10:52:9:1,10:52:5,10:52:9,2MP,2MP,0,qac_v0.4_aligned,numbered_aligned
10:52,10:52:9:1,10:52:12:1,10:52:9,10:52:12,2MP,2MP,0,qac_v0.4_aligned,numbered_aligned
10:52,10:52:12:1,10:52:13:1,10:52:12,10:52:13,2MP,2MP,0,qac_v0.4_aligned,numbered_aligned
10:54,10:54:5:1,10:54:9:2,10:54:5,10:54:9,3FS,3FS,0,qac_v0.4_aligned,numbered_aligned
10:54,10:54:9:2,10:54:11:2,10:54:9,10:54:11,3FS,3MP,0,qac_v0.4_aligned,numbered_aligned
10:54,10:54:11:2,10:54:14:1,10:54:11,10:54:14,3MP,3MP,0,qac_v0.4_aligned,numbered_aligned
10:56,10:56:3:2,10:56:5:1,10:56:3,10:56:5,3MS,2MP,1,qac_v0.4_aligned,numbered_aligned
10:58,10:58:1:1,10:58:6:3,10:58:1,10:58:6,2MS,3MP,1,qac_v0.4_aligned,numbered_aligned
10:58,10:58:6:3,10:58:10:1,10:58:6,10:58:10,3MP,3MP,0,qac_v0.4_aligned,numbered_aligned
10:59,10:59:4:1,10:59:9:2,10:59:4,10:59:9,3MS,2MP,1,qac_v0.4_aligned,numbered_aligned
10:59,10:59:9:2,10:59:13:1,10:59:9,10:59:13,2MP,2MS,0,qac_v0.4_aligned,numbered_aligned
10:59,10:59:13:1,10:59:15:1,10:59:13,10:59:15,2MS,3MS,1,qac_v0.4_aligned,numbered_aligned
10:59,10:59:15:1,10:59:20:1,10:59:15,10:59:20,3MS,2MP,1,qac_v0.4_aligned,numbered_aligned
10:60,10:60:4:1,10:60:19:1,10:60:4,10:60:19,3MP,3MP,0,qac_v0.4_aligned,numbered_aligned
10:61,10:61:11:1,10:61:15:1,10:61:11,10:61:15,2MP,1P,1,qac_v0.4_aligned,numbered_aligned
10:61,10:61:15:1,10:61:19:1,10:61:15,10:61:19,1P,2MP,1,qac_v0.4_aligned,numbered_aligned
10:61,10:61:19:1,10:61:22:1,10:61:19,10:61:22,2MP,3MS,1,qac_v0.4_aligned,numbered_aligned
10:63,10:63:3:2,10:63:4:1,10:63:3,10:63:4,3MP,3MP,0,qac_v0.4_aligned,numbered_aligned
10:66,10:66:11:1,10:66:13:1,10:66:11,10:66:13,3MS,3MP,0,qac_v0.4_aligned,numbered_aligned
10:66,10:66:13:1,10:66:19:1,10:66:13,10:66:19,3MP,3MP,0,qac_v0.4_aligned,numbered_aligned
10:66,10:66:19:1,10:66:25:1,10:66:19,10:66:25,3MP,3MP,0,qac_v0.4_aligned,numbered_aligned
10:67,10:67:3:1,10:67:6:2,10:67:3,10:67:6,3MS,2MP,1,qac_v0.4_aligned,numbered_aligned
10:67,10:67:6:2,10:67:15:1,10:67:6,10:67:15,2MP,3MP,1,qac_v0.4_aligned,numbered_aligned
10:68,10:68:1:1,10:68:2:1,10:68:1,10:68:2,3MP,3MS,0,qac_v0.4_aligned,numbered_aligned
10:68,10:68:2:1,10:68:20:2,10:68:2,10:68:20,3MS,2MP,1,qac_v0.4_aligned,numbered_aligned
10:68,10:68:20:2,10:68:25:1,10:68:20,10:68:25,2MP,2MP,0,qac_v0.4_aligned,numbered_aligned
10:69,10:69:1:1,10:69:4:1,10:69:1,10:69:4,2MS,3MP,1,qac_v0.4_aligned,numbered_aligned
10:69,10:69:4:1,10:69:9:1,10:69:4,10:69:9,3MP,3MP,0,qac_v0.4_aligned,numbered_aligned
10:70,10:70:8:1,10:70:12:1,10:70:8,10:70:12,1P,3MP,1,qac_v0.4_aligned,numbered_aligned
10:70,10:70:12:1,10:70:13:1,10:70:12,10:70:13,3MP,3MP,0,qac_v0.4_aligned,numbered_aligned
10:71,10:71:1:2,10:71:6:1,10:71:1,10:71:6,2MS,3MS,1,qac_v0.4_aligned,numbered_aligned
10:71,10:71:6:1,10:71:10:1,10:71:6,10:71:11,3MS,3MS,0,qac_v0.4_aligned,numbered_aligned
10:71,10:71:10:1,10:71:11:1,10:71:11,10:71:12,3MS,3MS,0,qac_v0.4_aligned,numbered_aligned
10:71,10:71:11:1,10:71:19:1,10:71:12,10:71:20,3MS,1S,1,qac_v0.4_aligned,numbered_aligned
10:71,10:71:19:1,10:71:20:2,10:71:20,10:71:21,1S,2MP,1,qac_v0.4_aligned,numbered_aligned
10:71,10:71:20:2,10:71:25:1,10:71:21,10:71:26,2MP,3MS,1,qac_v0.4_aligned,numbered_aligned
10:71,10:71:25:1,10:71:30:1,10:71:26,10:71:31,3MS,2MP,1,qac_v0.4_aligned,numbered_aligned
10:71,10:71:30:1,10:71:33:1,10:71:31,10:71:34,2MP,2MP,0,qac_v0.4_aligned,numbered_aligned
10:72,10:72:2:1,10:72:4:1,10:72:2,10:72:4,2MP,1S,1,qac_v0.4_aligned,numbered_aligned
10:72,10:72:4:1,10:72:12:2,10:72:4,10:72:12,1S,1S,0,qac_v0.4_aligned,numbered_aligned
10:72,10:72:12:2,10:72:14:1,10:72:12,10:72:14,1S,1S,0,qac_v0.4_aligned,numbered_aligned
10:73,10:73:1:2,10:73:2:2,10:73:1,10:73:2,3MP,1P,1,qac_v0.4_aligned,numbered_aligned
10:73,10:73:2:2,10:73:7:2,10:73:2,10:73:7,1P,1P,0,qac_v0.4_aligned,numbered_aligned
10:73,10:73:7:2,10:73:9:2,10:73:7,10:73:9,1P,1P,0,qac_v0.4_aligned,numbered_aligned
10:73,10:73:9:2,10:73:11:1,10:73:9,10:73:11,1P,3MP,1,qac_v0.4_aligned,numbered_aligned
10:73,10:73:11:1,10:73:13:2,10:73:11,10:73:13,3MP,2MS,1,qac_v0.4_aligned,numbered_aligned
10:73,10:73:13:2,10:73:15:1,10:73:13,10:73:15,2MS,3MS,1,qac_v0.4_aligned,numbered_aligned
10:74,10:74:2:1,10:74:8:2,10:74:2,10:74:8,1P,3MP,1,qac_v0.4_aligned,numbered_aligned
10:74,10:74:8:2,10:74:11:1,10:74:8,10:74:11,3MP,3MP,0,qac_v0.4_aligned,numbered_aligned
10:74,10:74:11:1,10:74:12:2,10:74:11,10:74:12,3MP,3MP,0,qac_v0.4_aligned,numbered_aligned
10:74,10:74:12:2,10:74:14:1,10:74:12,10:74:14,3MP,3MP,0,qac_v0.4_aligned,numbered_aligned
10:74,10:74:14:1,10:74:19:1,10:74:14,10:74:19,3MP,1P,1,qac_v0.4_aligned,numbered_aligned
10:75,10:75:2:1,10:75:11:2,10:75:2,10:75:11,1P,3MP,1,qac_v0.4_aligned,numbered_aligned
10:75,10:75:11:2,10:75:12:2,10:75:11,10:75:12,3MP,3MP,0,qac_v0.4_aligned,numbered_aligned
10:76,10:76:2:1,10:76:6:1,10:76:2,10:76:6,3MS,3MP,0,qac_v0.4_aligned,numbered_aligned
10:77,10:77:1:1,10:77:3:2,10:77:1,10:77:3,3MS,2MP,1,qac_v0.4_aligned,numbered_aligned
10:77,10:77:3:2,10:77:6:1,10:77:3,10:77:6,2MP,3MS,1,qac_v0.4_aligned,numbered_aligned
10:77,10:77:6:1,10:77:10:1,10:77:6,10:77:10,3MS,3MS,0,qac_v0.4_aligned,numbered_aligned
10:78,10:78:1:1,10:78:2:2,10:78:1,10:78:2,3MP,2MS,1,qac_v0.4_aligned,numbered_aligned
10:78,10:78:2:2,10:78:3:2,10:78:2,10:78:3,2MS,3FS,1,qac_v0.4_aligned,numbered_aligned
10:78,10:78:3:2,10:78:5:1,10:78:3,10:78:5,3FS,1P,1,qac_v0.4_aligned,numbered_aligned
10:78,10:78:5:1,10:78:8:2,10:78:5,10:78:8,1P,2MS,1,qac_v0.4_aligned,numbered_aligned
10:80,10:80:2:1,10:80:4:1,10:80:2,10:80:4,3MS,3MS,0,qac_v0.4_aligned,numbered_aligned
10:80,10:80:4:1,10:80:7:1,10:80:4,10:80:7,3MS,2MP,1,qac_v0.4_aligned,numbered_aligned
10:81,10:81:2:1,10:81:3:1,10:81:2,10:81:3,3MP,3MS,0,qac_v0.4_aligned,numbered_aligned
10:81,10:81:3:1,10:81:6:1,10:81:3,10:81:6,3MS,2MP,1,qac_v0.4_aligned,numbered_aligned
10:81,10:81:6:1,10:81:11:2,10:81:6,10:81:11,2MP,3MS,1,qac_v0.4_aligned,numbered_aligned
10:81,10:81:11:2,10:81:15:1,10:81:11,10:81:15,3MS,3MS,0,qac_v0.4_aligned,numbered_aligned
10:82,10:82:1:2,10:82:6:1,10:82:1,10:82:6,3MS,3MS,0,qac_v0.4_aligned,numbered_aligned
10:84,10:84:1:2,10:84:5:1,10:84:1,10:84:6,3MS,2MP,1,qac_v0.4_aligned,numbered_aligned
10:84,10:84:9:1,10:84:11:1,10:84:10,10:84:12,2MP,2MP,0,qac_v0.4_aligned,numbered_aligned
10:85,10:85:1:2,10:85:4:1,10:85:1,10:85:4,3MP,1P,1,qac_v0.4_aligned,numbered_aligned
10:85,10:85:4:1,10:85:7:1,10:85:4,10:85:7,1P,2MS,1,qac_v0.4_aligned,numbered_aligned
10:87,10:87:10:2,10:87:13:2,10:87:10,10:87:13,2MP,2MP,0,qac_v0.4_aligned,numbered_aligned
10:87,10:87:13:2,10:87:15:2,10:87:13,10:87:15,2MP,2MS,0,qac_v0.4_aligned,numbered_aligned
10:88,10:88:14:2,10:88:18:1,10:88:14,10:88:18,3MP,2MS,1,qac_v0.4_aligned,numbered_aligned
10:88,10:88:18:1,10:88:21:2,10:88:18,10:88:21,2MS,2MS,0,qac_v0.4_aligned,numbered_aligned
10:88,10:88:21:2,10:88:25:1,10:88:21,10:88:25,2MS,3MP,1,qac_v0.4_aligned,numbered_aligned
10:88,10:88:25:1,10:88:27:1,10:88:25,10:88:27,3MP,3MP,0,qac_v0.4_aligned,numbered_aligned
10:89,10:89:1:1,10:89:3:1,10:89:1,10:89:3,3MS,3FS,0,qac_v0.4_aligned,numbered_aligned
10:89,10:89:3:1,10:89:5:2,10:89:3,10:89:5,3FS,2MD,1,qac_v0.4_aligned,numbered_aligned
10:89,10:89:5:2,10:89:7:1,10:89:5,10:89:7,2MD,2D,0,qac_v0.4_aligned,numbered_aligned
10:89,10:89:7:1,10:89:11:1,10:89:7,10:89:11,2D,3MP,1,qac_v0.4_aligned,numbered_aligned
10:90,10:90:1:2,10:90:5:2,10:90:1,10:90:5,1P,3MS,1,qac_v0.4_aligned,numbered_aligned
10:90,10:90:5:2,10:90:12:1,10:90:5,10:90:12,3MS,3MS,0,qac_v0.4_aligned,numbered_aligned
10:90,10:90:12:1,10:90:14:1,10:90:12,10:90:14,3MS,3MS,0,qac_v0.4_aligned,numbered_aligned
10:91,10:91:3:1,10:91:5:2,10:91:3,10:91:5,2MS,2MS,0,qac_v0.4_aligned,numbered_aligned
10:92,10:92:2:1,10:92:4:2,10:92:2,10:92:4,1P,2MS,1,qac_v0.4_aligned,numbered_aligned
10:93,10:93:2:1,10:93:7:2,10:93:2,10:93:7,1P,1P,0,qac_v0.4_aligned,numbered_aligned
10:93,10:93:7:2,10:93:11:1,10:93:7,10:93:11,1P,3MP,1,qac_v0.4_aligned,numbered_aligned
10:93,10:93:11:1,10:93:13:1,10:93:11,10:93:13,3MP,3MS,0,qac_v0.4_aligned,numbered_aligned
10:93,10:93:22:1,10:93:24:1,10:93:22,10:93:24,3MP,3MP,0,qac_v0.4_aligned,numbered_aligned
10:94,10:94:2:1,10:94:6:1,10:94:2,10:94:6,2MS,1P,1,qac_v0.4_aligned,numbered_aligned
10:94,10:94:10:1,10:94:15:1,10:94:10,10:94:15,3MP,3MS,0,qac_v0.4_aligned,numbered_aligned
10:94,10:94:15:1,10:94:20:1,10:94:15,10:94:20,3MS,3FS,0,qac_v0.4_aligned,numbered_aligned
10:95,10:95:2:1,10:95:5:1,10:95:2,10:95:5,3FS,3MP,0,qac_v0.4_aligned,numbered_aligned
10:95,10:95:5:1,10:95:8:2,10:95:5,10:95:8,3MP,2MS,1,qac_v0.4_aligned,numbered_aligned
10:96,10:96:3:1,10:96:8:1,10:96:3,10:96:8,3FS,3MP,0,qac_v0.4_aligned,numbered_aligned
10:97,10:97:2:1,10:97:6:1,10:97:2,10:97:6,3FS,3MP,0,qac_v0.4_aligned,numbered_aligned
10:98,10:98:12:1,10:98:19:2,10:98:12,10:98:19,1P,1P,0,qac_v0.4_aligned,numbered_aligned
10:99,10:99:11:1,10:99:14:1,10:99:11,10:99:14,3FS,3MP,0,qac_v0.4_aligned,numbered_aligned
10:100,10:100:2:1,10:100:5:1,10:100:2,10:100:5,3MS,3FS,0,qac_v0.4_aligned,numbered_aligned
10:100,10:100:5:1,10:100:9:2,10:100:5,10:100:9,3FS,3MS,0,qac_v0.4_aligned,numbered_aligned
10:100,10:100:9:2,10:100:14:1,10:100:9,10:100:14,3MS,3MP,0,qac_v0.4_aligned,numbered_aligned
10:101,10:101:1:1,10:101:2:1,10:101:1,10:101:2,2MS,2MP,0,qac_v0.4_aligned,numbered_aligned
10:102,10:102:2:1,10:102:7:1,10:102:2,10:102:7,3MP,3MP,0,qac_v0.4_aligned,numbered_aligned
10:102,10:102:7:1,10:102:10:1,10:102:7,10:102:10,3MP,2MS,1,qac_v0.4_aligned,numbered_aligned
10:102,10:102:10:1,10:102:11:2,10:102:10,10:102:11,2MS,2MP,0,qac_v0.4_aligned,numbered_aligned
10:104,10:104:1:1,10:104:5:1,10:104:1,10:104:6,2MS,2MP,0,qac_v0.4_aligned,numbered_aligned
10:104,10:104:5:1,10:104:11:1,10:104:6,10:104:12,2MP,1S,1,qac_v0.4_aligned,numbered_aligned
10:104,10:104:11:1,10:104:13:1,10:104:12,10:104:14,1S,2MP,1,qac_v0.4_aligned,numbered_aligned
10:104,10:104:13:1,10:104:18:1,10:104:14,10:104:19,2MP,1S,1,qac_v0.4_aligned,numbered_aligned
10:104,10:104:22:2,10:104:24:1,10:104:23,10:104:25,1S,1S,0,qac_v0.4_aligned,numbered_aligned
10:105,10:105:2:1,10:105:7:1,10:105:2,10:105:7,2MS,2MS,0,qac_v0.4_aligned,numbered_aligned
10:106,10:106:2:1,10:106:8:1,10:106:2,10:106:8,2MS,3MS,1,qac_v0.4_aligned,numbered_aligned
10:106,10:106:8:1,10:106:10:1,10:106:8,10:106:10,3MS,3MS,0,qac_v0.4_aligned,numbered_aligned
10:106,10:106:10:1,10:106:12:1,10:106:10,10:106:12,3MS,2MS,1,qac_v0.4_aligned,numbered_aligned
10:107,10:107:2:1,10:107:11:1,10:107:2,10:107:11,3MS,3MS,0,qac_v0.4_aligned,numbered_aligned
10:107,10:107:11:1,10:107:16:1,10:107:11,10:107:16,3MS,3MS,0,qac_v0.4_aligned,numbered_aligned
10:107,10:107:16:1,10:107:19:1,10:107:16,10:107:19,3MS,3MS,0,qac_v0.4_aligned,numbered_aligned
10:108,10:108:1:1,10:108:5:1,10:108:1,10:108:6,2MS,3MS,1,qac_v0.4_aligned,numbered_aligned
10:108,10:108:5:1,10:108:10:1,10:108:6,10:108:11,3MS,3MS,0,qac_v0.4_aligned,numbered_aligned
10:108,10:108:15:1,10:108:17:1,10:108:16,10:108:18,3MS,3MS,0,qac_v0.4_aligned,numbered_aligned
10:109,10:109:1:2,10:109:3:1,10:109:1,10:109:3,2MS,3MS,1,qac_v0.4_aligned,numbered_aligned
10:109,10:109:3:1,10:109:5:2,10:109:3,10:109:5,3MS,2MS,1,qac_v0.4_aligned,numbered_aligned
10:109,10:109:5:2,10:109:7:1,10:109:5,10:109:7,2MS,3MS,1,qac_v0.4_aligned,numbered_aligned
11:1,11:1:3:1,11:1:6:1,11:1:7,11:1:10,3FS,3FS,0,qac_v0.4_aligned,numbered_aligned
11:3,11:3:2:1,11:3:5:1,11:3:2,11:3:5,2MP,2MP,0,qac_v0.4_aligned,numbered_aligned
11:3,11:3:5:1,11:3:7:1,11:3:5,11:3:7,2MP,3MS,1,qac_v0.4_aligned,numbered_aligned
11:3,11:3:7:1,11:3:13:2,11:3:7,11:3:13,3MS,3MS,0,qac_v0.4_aligned,numbered_aligned
11:3,11:3:13:2,11:3:19:1,11:3:13,11:3:19,3MS,2MP,1,qac_v0.4_aligned,numbered_aligned
11:3,11:3:19:1,11:3:21:1,11:3:19,11:3:21,2MP,1S,1,qac_v0.4_aligned,numbered_aligned
11:5,11:5:3:1,11:5:5:2,11:5:3,11:5:5,3MP,3MP,0,qac_v0.4_aligned,numbered_aligned
11:5,11:5:5:2,11:5:9:1,11:5:5,11:5:9,3MP,3MP,0,qac_v0.4_aligned,numbered_aligned
11:5,11:5:9:1,11:5:11:1,11:5:9,11:5:11,3MP,3MS,0,qac_v0.4_aligned,numbered_aligned
11:5,11:5:11:1,11:5:13:1,11:5:11,11:5:13,3MS,3MP,0,qac_v0.4_aligned,numbered_aligned
11:5,11:5:13:1,11:5:15:1,11:5:13,11:5:15,3MP,3MP,0,qac_v0.4_aligned,numbered_aligned
11:7,11:7:3:1,11:7:9:2,11:7:3,11:7:9,3MS,3MS,0,qac_v0.4_aligned,numbered_aligned
11:7,11:7:9:2,11:7:13:2,11:7:9,11:7:13,3MS,3MS,0,qac_v0.4_aligned,numbered_aligned
11:7,11:7:13:2,11:7:18:1,11:7:13,11:7:18,3MS,2MS,1,qac_v0.4_aligned,numbered_aligned
11:7,11:7:18:1,11:7:24:2,11:7:18,11:7:24,2MS,3MS,1,qac_v0.4_aligned,numbered_aligned
11:7,11:7:24:2,11:7:26:1,11:7:24,11:7:26,3MS,3MP,0,qac_v0.4_aligned,numbered_aligned
11:8,11:8:2:1,11:8:8:2,11:8:2,11:8:8,1P,3MP,1,qac_v0.4_aligned,numbered_aligned
11:8,11:8:8:2,11:8:10:1,11:8:8,11:8:10,3MP,3MS,0,qac_v0.4_aligned,numbered_aligned
11:8,11:8:10:1,11:8:13:1,11:8:10,11:8:13,3MS,3MS,0,qac_v0.4_aligned,numbered_aligned
11:8,11:8:13:1,11:8:14:1,11:8:13,11:8:14,3MS,3MS,0,qac_v0.4_aligned,numbered_aligned
11:8,11:8:14:1,11:8:17:2,11:8:14,11:8:17,3MS,3MS,0,qac_v0.4_aligned,numbered_aligned
11:8,11:8:17:2,11:8:20:1,11:8:17,11:8:20,3MS,3MP,0,qac_v0.4_aligned,numbered_aligned
11:9,11:9:2:1,11:9:7:1,11:9:2,11:9:7,1P,1P,0,qac_v0.4_aligned,numbered_aligned
11:10,11:10:2:1,11:10:6:1,11:10:2,11:10:6,1P,3FS,1,qac_v0.4_aligned,numbered_aligned
11:10,11:10:6:1,11:10:7:2,11:10:6,11:10:7,3FS,3MS,0,qac_v0.4_aligned,numbered_aligned
11:10,11:10:7:2,11:10:8:1,11:10:7,11:10:8,3MS,3MS,0,qac_v0.4_aligned,numbered_aligned
11:11,11:11:3:1,11:11:4:2,11:11:3,11:11:4,3MP,3MP,0,qac_v0.4_aligned,numbered_aligned
11:12,11:12:5:1,11:12:11:1,11:12:5,11:12:11,3MS,3MP,0,qac_v0.4_aligned,numbered_aligned
11:12,11:12:11:1,11:12:13:1,11:12:11,11:12:13,3MP,3MS,0,qac_v0.4_aligned,numbered_aligned
11:12,11:12:13:1,11:12:17:1,11:12:13,11:12:17,3MS,3MS,0,qac_v0.4_aligned,numbered_aligned
11:13,11:13:4:1,11:13:5:2,11:13:4,11:13:5,2MS,2MP,0,qac_v0.4_aligned,numbered_aligned
11:13,11:13:5:2,11:13:10:2,11:13:5,11:13:10,2MP,2MP,0,qac_v0.4_aligned,numbered_aligned
11:13,11:13:10:2,11:13:12:1,11:13:10,11:13:12,2MP,2MP,0,qac_v0.4_aligned,numbered_aligned
11:13,11:13:12:1,11:13:17:1,11:13:12,11:13:17,2MP,2MP,0,qac_v0.4_aligned,numbered_aligned
11:14,11:14:2:1,11:14:4:2,11:14:2,11:14:4,3MP,2MP,1,qac_v0.4_aligned,numbered_aligned
11:14,11:14:4:2,11:14:6:1,11:14:4,11:14:6,2MP,3MS,1,qac_v0.4_aligned,numbered_aligned
11:15,11:15:2:1,11:15:3:1,11:15:2,11:15:3,3MS,3MS,0,qac_v0.4_aligned,numbered_aligned
11:15,11:15:3:1,11:15:7:1,11:15:3,11:15:7,3MS,1P,1,qac_v0.4_aligned,numbered_aligned
11:15,11:15:7:1,11:15:14:1,11:15:7,11:15:14,1P,3MP,1,qac_v0.4_aligned,numbered_aligned
11:16,11:16:3:1,11:16:9:2,11:16:3,11:16:9,3MS,3MS,0,qac_v0.4_aligned,numbered_aligned
11:16,11:16:9:2,11:16:11:1,11:16:9,11:16:11,3MS,3MP,0,qac_v0.4_aligned,numbered_aligned
11:16,11:16:11:1,11:16:15:1,11:16:11,11:16:15,3MP,3MP,0,qac_v0.4_aligned,numbered_aligned
11:16,11:16:15:1,11:16:16:1,11:16:15,11:16:16,3MP,3MP,0,qac_v0.4_aligned,numbered_aligned
11:17,11:17:2:1,11:17:7:2,11:17:2,11:17:7,3MS,3MS,0,qac_v0.4_aligned,numbered_aligned
11:17,11:17:7:2,11:17:17:1,11:17:7,11:17:17,3MS,3MP,0,qac_v0.4_aligned,numbered_aligned
11:17,11:17:17:1,11:17:20:1,11:17:17,11:17:20,3MP,3MS,0,qac_v0.4_aligned,numbered_aligned
11:17,11:17:20:1,11:17:27:1,11:17:20,11:17:27,3MS,3FS,0,qac_v0.4_aligned,numbered_aligned
11:17,11:17:27:1,11:17:39:1,11:17:27,11:17:39,3FS,3MP,0,qac_v0.4_aligned,numbered_aligned
11:18,11:18:4:1,11:18:9:1,11:18:4,11:18:9,3MS,3MP,0,qac_v0.4_aligned,numbered_aligned
11:18,11:18:9:1,11:18:12:2,11:18:9,11:18:12,3MP,3MS,0,qac_v0.4_aligned,numbered_aligned
11:18,11:18:12:2,11:18:16:1,11:18:12,11:18:16,3MS,3MP,0,qac_v0.4_aligned,numbered_aligned
11:19,11:19:2:1,11:19:6:2,11:19:2,11:19:6,3MP,3MP,0,qac_v0.4_aligned,numbered_aligned
11:20,11:20:3:1,11:20:8:1,11:20:3,11:20:8,3MP,3MS,0,qac_v0.4_aligned,numbered_aligned
11:20,11:20:8:1,11:20:15:1,11:20:8,11:20:15,3MS,3MS,0,qac_v0.4_aligned,numbered_aligned
11:20,11:20:15:1,11:20:19:1,11:20:15,11:20:19,3MS,3MP,0,qac_v0.4_aligned,numbered_aligned
11:20,11:20:19:1,11:20:20:1,11:20:19,11:20:20,3MP,3MP,0,qac_v0.4_aligned,numbered_aligned
11:20,11:20:20:1,11:20:23:1,11:20:20,11:20:23,3MP,3MP,0,qac_v0.4_aligned,numbered_aligned
11:20,11:20:23:1,11:20:24:1,11:20:23,11:20:24,3MP,3MP,0,qac_v0.4_aligned,numbered_aligned
11:21,11:21:3:1,11:21:5:2,11:21:3,11:21:5,3MP,3MS,0,qac_v0.4_aligned,numbered_aligned
11:21,11:21:5:2,11:21:8:1,11:21:5,11:21:8,3MS,3MP,0,qac_v0.4_aligned,numbered_aligned
11:21,11:21:8:1,11:21:9:1,11:21:8,11:21:9,3MP,3MP,0,qac_v0.4_aligned,numbered_aligned
11:23,11:23:4:2,11:23:6:2,11:23:4,11:23:6,3MP,3MP,0,qac_v0.4_aligned,numbered_aligned
11:24,11:24:8:1,11:24:11:1,11:24:8,11:24:11,3MD,2MP,1,qac_v0.4_aligned,numbered_aligned
11:26,11:26:3:1,11:26:7:1,11:26:3,11:26:7,2MP,1S,1,qac_v0.4_aligned,numbered_aligned
11:27,11:27:1:2,11:27:4:1,11:27:1,11:27:4,3MS,3MP,0,qac_v0.4_aligned,numbered_aligned
11:27,11:27:14:1,11:27:22:1,11:27:14,11:27:22,3MS,1P,1,qac_v0.4_aligned,numbered_aligned
11:27,11:27:22:1,11:27:28:1,11:27:22,11:27:28,1P,1P,0,qac_v0.4_aligned,numbered_aligned
11:28,11:28:14:2,11:28:16:2,11:28:15,11:28:17,3FS,1P,1,qac_v0.4_aligned,numbered_aligned
11:30,11:30:7:1,11:30:9:1,11:30:8,11:30:10,1S,2MP,1,qac_v0.4_aligned,numbered_aligned
11:31,11:31:2:1,11:31:8:1,11:31:2,11:31:8,1S,1S,0,qac_v0.4_aligned,numbered_aligned
11:31,11:31:8:1,11:31:11:1,11:31:8,11:31:11,1S,1S,0,qac_v0.4_aligned,numbered_aligned
11:31,11:31:11:1,11:31:15:1,11:31:11,11:31:15,1S,1S,0,qac_v0.4_aligned,numbered_aligned
11:32,11:32:1:1,11:32:4:1,11:32:1,11:32:5,3MP,2MS,1,qac_v0.4_aligned,numbered_aligned
11:32,11:32:4:1,11:32:5:2,11:32:5,11:32:6,2MS,2MS,0,qac_v0.4_aligned,numbered_aligned
11:32,11:32:5:2,11:32:7:2,11:32:6,11:32:8,2MS,2MS,0,qac_v0.4_aligned,numbered_aligned
11:32,11:32:7:2,11:32:9:1,11:32:8,11:32:10,2MS,2MS,0,qac_v0.4_aligned,numbered_aligned
11:32,11:32:9:1,11:32:11:1,11:32:10,11:32:12,2MS,2MS,0,qac_v0.4_aligned,numbered_aligned
11:33,11:33:1:1,11:33:3:1,11:33:1,11:33:3,3MS,3MS,0,qac_v0.4_aligned,numbered_aligned
11:33,11:33:3:1,11:33:7:1,11:33:3,11:33:7,3MS,3MS,0,qac_v0.4_aligned,numbered_aligned
11:34,11:34:2:1,11:34:5:1,11:34:2,11:34:5,3MS,1S,1,qac_v0.4_aligned,numbered_aligned
11:34,11:34:5:1,11:34:7:1,11:34:5,11:34:7,1S,1S,0,qac_v0.4_aligned,numbered_aligned
11:34,11:34:7:1,11:34:10:1,11:34:7,11:34:10,1S,3MS,1,qac_v0.4_aligned,numbered_aligned
11:34,11:34:10:1,11:34:12:1,11:34:10,11:34:12,3MS,3MS,0,qac_v0.4_aligned,numbered_aligned
11:34,11:34:12:1,11:34:14:1,11:34:12,11:34:14,3MS,3MS,0,qac_v0.4_aligned,numbered_aligned
11:34,11:34:14:1,11:34:18:1,11:34:14,11:34:18,3MS,2MP,1,qac_v0.4_aligned,numbered_aligned
11:35,11:35:4:1,11:35:6:1,11:35:4,11:35:6,2MS,1S,1,qac_v0.4_aligned,numbered_aligned
11:35,11:35:6:1,11:35:12:1,11:35:6,11:35:12,1S,2MP,1,qac_v0.4_aligned,numbered_aligned
11:36,11:36:14:1,11:36:16:1,11:36:14,11:36:16,3FS,3MP,0,qac_v0.4_aligned,numbered_aligned
11:36,11:36:16:1,11:36:17:1,11:36:16,11:36:17,3MP,3MP,0,qac_v0.4_aligned,numbered_aligned
11:38,11:38:1:2,11:38:4:1,11:38:1,11:38:4,3MS,3MS,0,qac_v0.4_aligned,numbered_aligned
11:38,11:38:4:1,11:38:9:1,11:38:4,11:38:9,3MS,3MP,0,qac_v0.4_aligned,numbered_aligned
11:38,11:38:9:1,11:38:11:1,11:38:9,11:38:11,3MP,3MS,0,qac_v0.4_aligned,numbered_aligned
11:38,11:38:11:1,11:38:13:1,11:38:11,11:38:13,3MS,2MP,1,qac_v0.4_aligned,numbered_aligned
11:38,11:38:13:1,11:38:16:1,11:38:13,11:38:16,2MP,1P,1,qac_v0.4_aligned,numbered_aligned
11:38,11:38:16:1,11:38:19:1,11:38:16,11:38:19,1P,2MP,1,qac_v0.4_aligned,numbered_aligned
11:39,11:39:2:1,11:39:4:1,11:39:2,11:39:4,2MP,3MS,1,qac_v0.4_aligned,numbered_aligned
11:39,11:39:4:1,11:39:6:1,11:39:4,11:39:6,3MS,3MS,0,qac_v0.4_aligned,numbered_aligned
11:39,11:39:6:1,11:39:7:2,11:39:6,11:39:7,3MS,3MS,0,qac_v0.4_aligned,numbered_aligned
11:40,11:40:3:1,11:40:5:2,11:40:3,11:40:5,3MS,3MS,0,qac_v0.4_aligned,numbered_aligned
11:40,11:40:5:2,11:40:7:1,11:40:5,11:40:7,3MS,1P,1,qac_v0.4_aligned,numbered_aligned
11:40,11:40:7:1,11:40:8:1,11:40:7,11:40:8,1P,2MS,1,qac_v0.4_aligned,numbered_aligned
11:40,11:40:8:1,11:40:17:1,11:40:8,11:40:17,2MS,3MS,1,qac_v0.4_aligned,numbered_aligned
11:41,11:41:1:2,11:41:2:1,11:41:1,11:41:2,3MS,2MP,1,qac_v0.4_aligned,numbered_aligned
11:43,11:43:8:1,11:43:17:1,11:43:8,11:43:17,3MS,3MS,0,qac_v0.4_aligned,numbered_aligned
11:43,11:43:17:1,11:43:18:2,11:43:17,11:43:18,3MS,3MS,0,qac_v0.4_aligned,numbered_aligned
11:43,11:43:18:2,11:43:21:2,11:43:18,11:43:21,3MS,3MS,0,qac_v0.4_aligned,numbered_aligned
11:44,11:44:11:2,11:44:14:2,11:44:13,11:44:16,3FS,3MS,0,qac_v0.4_aligned,numbered_aligned
11:45,11:45:1:2,11:45:4:2,11:45:1,11:45:4,3MS,3MS,0,qac_v0.4_aligned,numbered_aligned
11:46,11:46:1:1,11:46:4:1,11:46:1,11:46:5,3MS,3MS,0,qac_v0.4_aligned,numbered_aligned
11:46,11:46:14:1,11:46:19:1,11:46:15,11:46:20,3MS,1S,1,qac_v0.4_aligned,numbered_aligned
11:46,11:46:19:1,11:46:21:1,11:46:20,11:46:22,1S,2MS,1,qac_v0.4_aligned,numbered_aligned
11:47,11:47:1:1,11:47:4:1,11:47:1,11:47:4,3MS,1S,1,qac_v0.4_aligned,numbered_aligned
11:47,11:47:9:1,11:47:14:1,11:47:9,11:47:14,3MS,2MS,1,qac_v0.4_aligned,numbered_aligned
11:48,11:48:1:1,11:48:3:1,11:48:1,11:48:4,3MS,2MS,1,qac_v0.4_aligned,numbered_aligned
11:48,11:48:3:1,11:48:13:2,11:48:4,11:48:14,2MS,1P,1,qac_v0.4_aligned,numbered_aligned
11:48,11:48:13:2,11:48:15:1,11:48:14,11:48:16,1P,3MS,1,qac_v0.4_aligned,numbered_aligned
11:49,11:49:5:1,11:49:8:1,11:49:5,11:49:8,1P,2MS,1,qac_v0.4_aligned,numbered_aligned
11:49,11:49:8:1,11:49:9:1,11:49:8,11:49:9,2MS,3FS,1,qac_v0.4_aligned,numbered_aligned
11:49,11:49:9:1,11:49:16:2,11:49:9,11:49:16,3FS,2MS,1,qac_v0.4_aligned,numbered_aligned
11:50,11:50:5:1,11:50:7:1,11:50:5,11:50:8,3MS,2MP,1,qac_v0.4_aligned,numbered_aligned
11:52,11:52:2:1,11:52:5:1,11:52:3,11:52:6,2MP,2MP,0,qac_v0.4_aligned,numbered_aligned
11:52,11:52:5:1,11:52:7:1,11:52:6,11:52:8,2MP,3MS,1,qac_v0.4_aligned,numbered_aligned
11:52,11:52:7:1,11:52:11:2,11:52:8,11:52:12,3MS,3MS,0,qac_v0.4_aligned,numbered_aligned
11:52,11:52:11:2,11:52:16:1,11:52:12,11:52:17,3MS,2MP,1,qac_v0.4_aligned,numbered_aligned
11:53,11:53:1:1,11:53:4:1,11:53:1,11:53:5,3MP,2MS,1,qac_v0.4_aligned,numbered_aligned
11:54,11:54:8:1,11:54:10:1,11:54:8,11:54:10,3MS,1S,1,qac_v0.4_aligned,numbered_aligned
11:54,11:54:10:1,11:54:12:2,11:54:10,11:54:12,1S,2MP,1,qac_v0.4_aligned,numbered_aligned
11:54,11:54:12:2,11:54:16:1,11:54:12,11:54:16,2MP,2MP,0,qac_v0.4_aligned,numbered_aligned
11:57,11:57:2:1,11:57:4:1,11:57:2,11:57:4,2MP,1S,1,qac_v0.4_aligned,numbered_aligned
11:57,11:57:4:1,11:57:6:1,11:57:4,11:57:6,1S,1S,0,qac_v0.4_aligned,numbered_aligned
11:57,11:57:6:1,11:57:9:2,11:57:6,11:57:9,1S,3MS,1,qac_v0.4_aligned,numbered_aligned
11:57,11:57:9:2,11:57:14:1,11:57:9,11:57:14,3MS,2MP,1,qac_v0.4_aligned,numbered_aligned
11:58,11:58:2:1,11:58:4:1,11:58:2,11:58:4,3MS,1P,1,qac_v0.4_aligned,numbered_aligned
11:59,11:59:3:1,11:59:6:2,11:59:3,11:59:6,3MP,3MP,0,qac_v0.4_aligned,numbered_aligned
11:59,11:59:6:2,11:59:8:2,11:59:6,11:59:8,3MP,3MP,0,qac_v0.4_aligned,numbered_aligned
11:60,11:60:1:2,11:60:11:1,11:60:1,11:60:11,3MP,3MP,0,qac_v0.4_aligned,numbered_aligned
11:61,11:61:5:1,11:61:7:1,11:61:5,11:61:8,3MS,2MP,1,qac_v0.4_aligned,numbered_aligned
11:61,11:61:7:1,11:61:15:1,11:61:8,11:61:16,2MP,3MS,1,qac_v0.4_aligned,numbered_aligned
11:61,11:61:15:1,11:61:18:2,11:61:16,11:61:19,3MS,3MS,0,qac_v0.4_aligned,numbered_aligned
11:61,11:61:18:2,11:61:20:2,11:61:19,11:61:21,3MS,2MP,1,qac_v0.4_aligned,numbered_aligned
11:61,11:61:20:2,11:61:22:1,11:61:21,11:61:23,2MP,2MP,0,qac_v0.4_aligned,numbered_aligned
11:62,11:62:1:1,11:62:4:1,11:62:1,11:62:5,3MP,2MS,1,qac_v0.4_aligned,numbered_aligned
11:62,11:62:11:1,11:62:13:1,11:62:12,11:62:14,1P,3MS,1,qac_v0.4_aligned,numbered_aligned
11:62,11:62:13:1,11:62:19:1,11:62:14,11:62:20,3MS,2MS,1,qac_v0.4_aligned,numbered_aligned
11:64,11:64:7:2,11:64:8:1,11:64:8,11:64:9,2MP,3FS,1,qac_v0.4_aligned,numbered_aligned
11:64,11:64:8:1,11:64:13:1,11:64:9,11:64:14,3FS,2MP,1,qac_v0.4_aligned,numbered_aligned
11:64,11:64:13:1,11:64:15:2,11:64:14,11:64:16,2MP,3MS,1,qac_v0.4_aligned,numbered_aligned
11:65,11:65:1:2,11:65:2:2,11:65:1,11:65:2,3MP,3MS,0,qac_v0.4_aligned,numbered_aligned
11:65,11:65:2:2,11:65:3:1,11:65:2,11:65:3,3MS,2MP,1,qac_v0.4_aligned,numbered_aligned
11:66,11:66:2:1,11:66:4:1,11:66:2,11:66:4,3MS,1P,1,qac_v0.4_aligned,numbered_aligned
11:67,11:67:1:2,11:67:3:1,11:67:1,11:67:3,3MS,3MP,0,qac_v0.4_aligned,numbered_aligned
11:67,11:67:3:1,11:67:5:2,11:67:3,11:67:5,3MP,3MP,0,qac_v0.4_aligned,numbered_aligned
11:68,11:68:3:1,11:68:8:1,11:68:3,11:68:8,3MP,3MP,0,qac_v0.4_aligned,numbered_aligned
11:69,11:69:2:1,11:69:6:1,11:69:2,11:69:6,3FS,3MP,0,qac_v0.4_aligned,numbered_aligned
11:69,11:69:6:1,11:69:8:1,11:69:6,11:69:8,3MP,3MS,0,qac_v0.4_aligned,numbered_aligned
11:69,11:69:8:1,11:69:11:1,11:69:8,11:69:11,3MS,3MS,0,qac_v0.4_aligned,numbered_aligned
11:69,11:69:11:1,11:69:13:1,11:69:11,11:69:13,3MS,3MS,0,qac_v0.4_aligned,numbered_aligned
11:70,11:70:5:1,11:70:7:1,11:70:5,11:70:7,3FS,3MS,0,qac_v0.4_aligned,numbered_aligned
11:70,11:70:7:1,11:70:8:2,11:70:7,11:70:8,3MS,3MS,0,qac_v0.4_aligned,numbered_aligned
11:70,11:70:8:2,11:70:11:1,11:70:8,11:70:11,3MS,3MP,0,qac_v0.4_aligned,numbered_aligned
11:70,11:70:11:1,11:70:13:1,11:70:11,11:70:13,3MP,2MS,1,qac_v0.4_aligned,numbered_aligned
11:70,11:70:13:1,11:70:15:1,11:70:13,11:70:15,2MS,1P,1,qac_v0.4_aligned,numbered_aligned
11:71,11:71:3:2,11:71:4:2,11:71:3,11:71:4,3FS,1P,1,qac_v0.4_aligned,numbered_aligned
11:73,11:73:1:1,11:73:2:2,11:73:1,11:73:2,3MP,2FS,1,qac_v0.4_aligned,numbered_aligned
11:74,11:74:2:1,11:74:6:2,11:74:2,11:74:6,3MS,3FS,0,qac_v0.4_aligned,numbered_aligned
11:74,11:74:6:2,11:74:8:1,11:74:6,11:74:8,3FS,3MS,0,qac_v0.4_aligned,numbered_aligned
11:76,11:76:2:1,11:76:7:1,11:76:3,11:76:8,2MS,3MS,1,qac_v0.4_aligned,numbered_aligned
11:77,11:77:7:2,11:77:10:2,11:77:7,11:77:10,3MS,3MS,0,qac_v0.4_aligned,numbered_aligned
11:78,11:78:1:2,11:78:3:1,11:78:1,11:78:3,3MS,3MP,0,qac_v0.4_aligned,numbered_aligned
11:78,11:78:3:1,11:78:7:1,11:78:3,11:78:7,3MP,3MP,0,qac_v0.4_aligned,numbered_aligned
11:78,11:78:7:1,11:78:8:1,11:78:7,11:78:8,3MP,3MP,0,qac_v0.4_aligned,numbered_aligned
11:78,11:78:8:1,11:78:10:1,11:78:8,11:78:10,3MP,3MS,0,qac_v0.4_aligned,numbered_aligned
11:78,11:78:10:1,11:78:17:2,11:78:10,11:78:18,3MS,2MP,1,qac_v0.4_aligned,numbered_aligned
11:78,11:78:17:2,11:78:20:1,11:78:18,11:78:21,2MP,2MP,0,qac_v0.4_aligned,numbered_aligned
11:78,11:78:20:1,11:78:23:2,11:78:21,11:78:24,2MP,3MS,1,qac_v0.4_aligned,numbered_aligned
11:79,11:79:1:1,11:79:3:1,11:79:1,11:79:3,3MP,2MS,1,qac_v0.4_aligned,numbered_aligned
11:79,11:79:3:1,11:79:11:2,11:79:3,11:79:11,2MS,2MS,0,qac_v0.4_aligned,numbered_aligned
11:79,11:79:11:2,11:79:13:1,11:79:11,11:79:13,2MS,1P,1,qac_v0.4_aligned,numbered_aligned
11:81,11:81:1:1,11:81:7:1,11:81:1,11:81:8,3MP,3MP,0,qac_v0.4_aligned,numbered_aligned
11:81,11:81:7:1,11:81:9:2,11:81:8,11:81:10,3MP,2MS,1,qac_v0.4_aligned,numbered_aligned
11:81,11:81:9:2,11:81:15:1,11:81:10,11:81:16,2MS,3MS,1,qac_v0.4_aligned,numbered_aligned
11:81,11:81:15:1,11:81:23:1,11:81:16,11:81:24,3MS,3MS,0,qac_v0.4_aligned,numbered_aligned
11:81,11:81:23:1,11:81:27:2,11:81:24,11:81:28,3MS,3MS,0,qac_v0.4_aligned,numbered_aligned
11:82,11:82:2:1,11:82:4:1,11:82:2,11:82:4,3MS,1P,1,qac_v0.4_aligned,numbered_aligned
11:82,11:82:4:1,11:82:7:2,11:82:4,11:82:7,1P,1P,0,qac_v0.4_aligned,numbered_aligned
11:84,11:84:5:1,11:84:7:1,11:84:5,11:84:8,3MS,2MP,1,qac_v0.4_aligned,numbered_aligned
11:84,11:84:7:1,11:84:15:1,11:84:8,11:84:16,2MP,2MP,0,qac_v0.4_aligned,numbered_aligned
11:85,11:85:2:1,11:85:7:1,11:85:3,11:85:8,2MP,2MP,0,qac_v0.4_aligned,numbered_aligned
11:85,11:85:7:1,11:85:11:1,11:85:8,11:85:12,2MP,2MP,0,qac_v0.4_aligned,numbered_aligned
11:87,11:87:1:1,11:87:4:1,11:87:1,11:87:5,3MP,2MS,1,qac_v0.4_aligned,numbered_aligned
11:87,11:87:4:1,11:87:6:1,11:87:5,11:87:7,2MS,1P,1,qac_v0.4_aligned,numbered_aligned
11:87,11:87:6:1,11:87:8:1,11:87:7,11:87:9,1P,3MS,1,qac_v0.4_aligned,numbered_aligned
11:87,11:87:8:1,11:87:12:1,11:87:9,11:87:13,3MS,1P,1,qac_v0.4_aligned,numbered_aligned
11:88,11:88:15:1,11:88:17:1,11:88:16,11:88:18,1S,1S,0,qac_v0.4_aligned,numbered_aligned
11:88,11:88:23:1,11:88:27:1,11:88:24,11:88:28,1S,1S,0,qac_v0.4_aligned,numbered_aligned
11:88,11:88:27:1,11:88:33:1,11:88:28,11:88:34,1S,1S,0,qac_v0.4_aligned,numbered_aligned
11:88,11:88:33:1,11:88:35:1,11:88:34,11:88:36,1S,1S,0,qac_v0.4_aligned,numbered_aligned
11:89,11:89:3:1,11:89:6:1,11:89:4,11:89:7,3MS,3MS,0,qac_v0.4_aligned,numbered_aligned
11:89,11:89:6:1,11:89:9:1,11:89:7,11:89:10,3MS,3MS,0,qac_v0.4_aligned,numbered_aligned
11:90,11:90:1:2,11:90:4:1,11:90:1,11:90:4,2MP,2MP,0,qac_v0.4_aligned,numbered_aligned
11:91,11:91:1:1,11:91:4:1,11:91:1,11:91:5,3MP,1P,1,qac_v0.4_aligned,numbered_aligned
11:91,11:91:4:1,11:91:7:1,11:91:5,11:91:8,1P,2MS,1,qac_v0.4_aligned,numbered_aligned
11:92,11:92:1:1,11:92:8:2,11:92:1,11:92:9,3MS,2MP,1,qac_v0.4_aligned,numbered_aligned
11:92,11:92:8:2,11:92:14:1,11:92:9,11:92:15,2MP,2MP,0,qac_v0.4_aligned,numbered_aligned
11:93,11:93:2:1,11:93:8:1,11:93:3,11:93:9,2MP,2MP,0,qac_v0.4_aligned,numbered_aligned
11:93,11:93:8:1,11:93:10:1,11:93:9,11:93:11,2MP,3MS,1,qac_v0.4_aligned,numbered_aligned
11:93,11:93:10:1,11:93:12:1,11:93:11,11:93:13,3MS,3MS,0,qac_v0.4_aligned,numbered_aligned
11:93,11:93:12:1,11:93:16:2,11:93:13,11:93:17,3MS,2MP,1,qac_v0.4_aligned,numbered_aligned
11:94,11:94:2:1,11:94:4:1,11:94:2,11:94:4,3MS,1P,1,qac_v0.4_aligned,numbered_aligned
11:94,11:94:11:2,11:94:13:1,11:94:11,11:94:13,3FS,3MP,0,qac_v0.4_aligned,numbered_aligned
11:94,11:94:13:1,11:94:15:2,11:94:13,11:94:15,3MP,3MP,0,qac_v0.4_aligned,numbered_aligned
11:95,11:95:3:1,11:95:9:1,11:95:3,11:95:9,3MP,3FS,0,qac_v0.4_aligned,numbered_aligned
11:98,11:98:1:1,11:98:5:2,11:98:1,11:98:5,3MS,3MS,0,qac_v0.4_aligned,numbered_aligned
11:98,11:98:5:2,11:98:7:2,11:98:5,11:98:7,3MS,3MS,0,qac_v0.4_aligned,numbered_aligned
11:99,11:99:1:2,11:99:7:1,11:99:1,11:99:7,3MP,3MS,0,qac_v0.4_aligned,numbered_aligned
11:101,11:101:2:1,11:101:4:1,11:101:2,11:101:4,1P,3MP,1,qac_v0.4_aligned,numbered_aligned
11:101,11:101:4:1,11:101:7:1,11:101:4,11:101:7,3MP,3FS,0,qac_v0.4_aligned,numbered_aligned
11:101,11:101:7:1,11:101:11:1,11:101:7,11:101:11,3FS,3MP,0,qac_v0.4_aligned,numbered_aligned
11:101,11:101:11:1,11:101:18:1,11:101:11,11:101:18,3MP,3MS,0,qac_v0.4_aligned,numbered_aligned
11:101,11:101:18:1,11:101:22:1,11:101:18,11:101:22,3MS,3MP,0,qac_v0.4_aligned,numbered_aligned
11:105,11:105:2:1,11:105:4:1,11:105:2,11:105:4,3MS,3FS,0,qac_v0.4_aligned,numbered_aligned
11:107,11:107:4:1,11:107:9:1,11:107:4,11:107:9,3FS,3MS,0,qac_v0.4_aligned,numbered_aligned
11:107,11:107:9:1,11:107:15:1,11:107:9,11:107:15,3MS,3MS,0,qac_v0.4_aligned,numbered_aligned
11:108,11:108:3:1,11:108:9:1,11:108:3,11:108:9,3MP,3FS,0,qac_v0.4_aligned,numbered_aligned
11:108,11:108:9:1,11:108:14:1,11:108:9,11:108:14,3FS,3MS,0,qac_v0.4_aligned,numbered_aligned
11:109,11:109:2:1,11:109:6:1,11:109:2,11:109:6,2MS,3MS,1,qac_v0.4_aligned,numbered_aligned
11:109,11:109:6:1,11:109:9:1,11:109:6,11:109:9,3MS,3MP,0,qac_v0.4_aligned,numbered_aligned
11:109,11:109:9:1,11:109:12:1,11:109:9,11:109:12,3MP,3MS,0,qac_v0.4_aligned,numbered_aligned
11:110,11:110:5:2,11:110:9:1,11:110:5,11:110:9,3MS,3FS,0,qac_v0.4_aligned,numbered_aligned
11:111,11:111:4:2,11:111:9:1,11:111:4,11:111:9,3MS,3MP,0,qac_v0.4_aligned,numbered_aligned
11:112,11:112:1:2,11:112:3:1,11:112:1,11:112:3,2MS,2MS,0,qac_v0.4_aligned,numbered_aligned
11:112,11:112:3:1,11:112:5:1,11:112:3,11:112:5,2MS,3MS,1,qac_v0.4_aligned,numbered_aligned
11:112,11:112:5:1,11:112:8:1,11:112:5,11:112:8,3MS,2MP,1,qac_v0.4_aligned,numbered_aligned
11:112,11:112:8:1,11:112:11:1,11:112:8,11:112:11,2MP,2MP,0,qac_v0.4_aligned,numbered_aligned
11:113,11:113:2:1,11:113:5:1,11:113:2,11:113:5,2MP,3MP,1,qac_v0.4_aligned,numbered_aligned
11:113,11:113:5:1,11:113:6:2,11:113:5,11:113:6,3MP,2MS,1,qac_v0.4_aligned,numbered_aligned
11:113,11:113:6:2,11:113:17:1,11:113:6,11:113:17,2MS,2MP,0,qac_v0.4_aligned,numbered_aligned
11:114,11:114:1:2,11:114:10:1,11:114:1,11:114:10,2MS,3FP,1,qac_v0.4_aligned,numbered_aligned
11:115,11:115:1:2,11:115:5:1,11:115:1,11:115:5,2MS,3MS,1,qac_v0.4_aligned,numbered_aligned
11:116,11:116:2:1,11:116:9:1,11:116:2,11:116:9,3MS,3MP,0,qac_v0.4_aligned,numbered_aligned
11:116,11:116:9:1,11:116:17:1,11:116:9,11:116:17,3MP,1P,1,qac_v0.4_aligned,numbered_aligned
11:116,11:116:17:1,11:116:19:2,11:116:17,11:116:19,1P,3MS,1,qac_v0.4_aligned,numbered_aligned
11:116,11:116:19:2,11:116:21:1,11:116:19,11:116:21,3MS,3MP,0,qac_v0.4_aligned,numbered_aligned
11:116,11:116:21:1,11:116:23:1,11:116:21,11:116:23,3MP,3MP,0,qac_v0.4_aligned,numbered_aligned
11:116,11:116:23:1,11:116:25:2,11:116:23,11:116:25,3MP,3MP,0,qac_v0.4_aligned,numbered_aligned
11:117,11:117:2:1,11:117:4:2,11:117:2,11:117:4,3MS,3MS,0,qac_v0.4_aligned,numbered_aligned
11:118,11:118:2:1,11:118:4:2,11:118:2,11:118:4,3MS,3MS,0,qac_v0.4_aligned,numbered_aligned
11:118,11:118:4:2,11:118:9:1,11:118:4,11:118:9,3MS,3MP,0,qac_v0.4_aligned,numbered_aligned
11:119,11:119:3:1,11:119:6:1,11:119:3,11:119:6,3MS,3MS,0,qac_v0.4_aligned,numbered_aligned
11:119,11:119:6:1,11:119:7:2,11:119:6,11:119:7,3MS,3FS,0,qac_v0.4_aligned,numbered_aligned
11:119,11:119:7:2,11:119:10:2,11:119:7,11:119:10,3FS,1S,1,qac_v0.4_aligned,numbered_aligned
11:120,11:120:2:1,11:120:8:1,11:120:2,11:120:8,1P,1P,0,qac_v0.4_aligned,numbered_aligned
11:120,11:120:8:1,11:120:11:2,11:120:8,11:120:11,1P,3MS,1,qac_v0.4_aligned,numbered_aligned
11:121,11:121:1:2,11:121:4:1,11:121:1,11:121:4,2MS,3MP,1,qac_v0.4_aligned,numbered_aligned
11:121,11:121:4:1,11:121:5:1,11:121:4,11:121:5,3MP,2MP,1,qac_v0.4_aligned,numbered_aligned
11:123,11:123:6:1,11:123:9:2,11:123:6,11:123:9,3MS,2MS,1,qac_v0.4_aligned,numbered_aligned
11:123,11:123:9:2,11:123:10:2,11:123:9,11:123:10,2MS,2MS,0,qac_v0.4_aligned,numbered_aligned
11:123,11:123:10:2,11:123:16:1,11:123:10,11:123:16,2MS,2MP,0,qac_v0.4_aligned,numbered_aligned
12:2,12:2:2:1,12:2:6:1,12:2:2,12:2:6,1P,2MP,1,qac_v0.4_aligned,numbered_aligned
12:3,12:3:2:1,12:3:7:1,12:3:2,12:3:7,1P,1P,0,qac_v0.4_aligned,numbered_aligned
12:3,12:3:7:1,12:3:12:1,12:3:7,12:3:12,1P,2MS,1,qac_v0.4_aligned,numbered_aligned
12:4,12:4:2:1,12:4:7:1,12:4:2,12:4:8,3MS,1S,1,qac_v0.4_aligned,numbered_aligned
12:4,12:4:7:1,12:4:13:1,12:4:8,12:4:14,1S,1S,0,qac_v0.4_aligned,numbered_aligned
12:6,12:6:2:1,12:6:4:2,12:6:2,12:6:4,3MS,3MS,0,qac_v0.4_aligned,numbered_aligned
12:6,12:6:4:2,12:6:8:2,12:6:4,12:6:8,3MS,3MS,0,qac_v0.4_aligned,numbered_aligned
12:6,12:6:8:2,12:6:15:1,12:6:8,12:6:15,3MS,3MS,0,qac_v0.4_aligned,numbered_aligned
12:9,12:9:1:1,12:9:4:1,12:9:1,12:9:4,2MP,2MP,0,qac_v0.4_aligned,numbered_aligned
12:9,12:9:4:1,12:9:6:1,12:9:4,12:9:6,2MP,3MS,1,qac_v0.4_aligned,numbered_aligned
12:9,12:9:6:1,12:9:10:2,12:9:6,12:9:10,3MS,2MP,1,qac_v0.4_aligned,numbered_aligned
12:10,12:10:1:1,12:10:5:1,12:10:1,12:10:5,3MS,2MP,1,qac_v0.4_aligned,numbered_aligned
12:10,12:10:5:1,12:10:7:2,12:10:5,12:10:7,2MP,2MP,0,qac_v0.4_aligned,numbered_aligned
12:10,12:10:7:2,12:10:11:1,12:10:7,12:10:11,2MP,3MS,1,qac_v0.4_aligned,numbered_aligned
12:10,12:10:11:1,12:10:15:1,12:10:11,12:10:15,3MS,2MP,1,qac_v0.4_aligned,numbered_aligned
12:11,12:11:1:1,12:11:6:1,12:11:1,12:11:7,3MP,2MS,1,qac_v0.4_aligned,numbered_aligned
12:12,12:12:1:1,12:12:4:1,12:12:1,12:12:4,2MS,3MS,1,qac_v0.4_aligned,numbered_aligned
12:12,12:12:4:1,12:12:5:2,12:12:4,12:12:5,3MS,3MS,0,qac_v0.4_aligned,numbered_aligned
12:13,12:13:5:1,12:13:7:2,12:13:5,12:13:7,2MP,1S,1,qac_v0.4_aligned,numbered_aligned
12:13,12:13:7:2,12:13:9:1,12:13:7,12:13:9,1S,3MS,1,qac_v0.4_aligned,numbered_aligned
12:14,12:14:1:1,12:14:3:1,12:14:1,12:14:3,3MP,3MS,0,qac_v0.4_aligned,numbered_aligned
12:15,12:15:2:1,12:15:4:2,12:15:2,12:15:4,3MP,3MP,0,qac_v0.4_aligned,numbered_aligned
12:15,12:15:4:2,12:15:6:1,12:15:4,12:15:6,3MP,3MP,0,qac_v0.4_aligned,numbered_aligned
12:15,12:15:6:1,12:15:10:2,12:15:6,12:15:10,3MP,1P,1,qac_v0.4_aligned,numbered_aligned
12:15,12:15:10:2,12:15:12:2,12:15:10,12:15:12,1P,2MS,1,qac_v0.4_aligned,numbered_aligned
12:15,12:15:12:2,12:15:17:1,12:15:12,12:15:17,2MS,3MP,1,qac_v0.4_aligned,numbered_aligned
12:17,12:17:1:1,12:17:4:1,12:17:1,12:17:5,3MP,1P,1,qac_v0.4_aligned,numbered_aligned
12:17,12:17:4:1,12:17:5:1,12:17:5,12:17:6,1P,1P,0,qac_v0.4_aligned,numbered_aligned
12:17,12:17:5:1,12:17:6:2,12:17:6,12:17:7,1P,1P,0,qac_v0.4_aligned,numbered_aligned
12:17,12:17:6:2,12:17:10:2,12:17:7,12:17:11,1P,3MS,1,qac_v0.4_aligned,numbered_aligned
12:17,12:17:10:2,12:17:17:1,12:17:11,12:17:18,3MS,1P,1,qac_v0.4_aligned,numbered_aligned
12:18,12:18:6:1,12:18:8:1,12:18:6,12:18:8,3MS,3FS,0,qac_v0.4_aligned,numbered_aligned
12:18,12:18:8:1,12:18:18:1,12:18:8,12:18:18,3FS,2MP,1,qac_v0.4_aligned,numbered_aligned
12:19,12:19:1:2,12:19:3:2,12:19:1,12:19:3,3FS,3MP,0,qac_v0.4_aligned,numbered_aligned
12:19,12:19:3:2,12:19:5:2,12:19:3,12:19:5,3MP,3MS,0,qac_v0.4_aligned,numbered_aligned
12:19,12:19:5:2,12:19:7:1,12:19:5,12:19:7,3MS,3MS,0,qac_v0.4_aligned,numbered_aligned
12:19,12:19:7:1,12:19:11:2,12:19:7,12:19:12,3MS,3MP,0,qac_v0.4_aligned,numbered_aligned
12:19,12:19:11:2,12:19:16:1,12:19:12,12:19:17,3MP,3MP,0,qac_v0.4_aligned,numbered_aligned
12:20,12:20:1:2,12:20:6:2,12:20:1,12:20:6,3MP,3MP,0,qac_v0.4_aligned,numbered_aligned
12:21,12:21:9:1,12:21:11:1,12:21:9,12:21:11,3MS,3MS,0,qac_v0.4_aligned,numbered_aligned
12:21,12:21:11:1,12:21:13:1,12:21:11,12:21:13,3MS,1P,1,qac_v0.4_aligned,numbered_aligned
12:21,12:21:13:1,12:21:16:1,12:21:13,12:21:16,1P,1P,0,qac_v0.4_aligned,numbered_aligned
12:21,12:21:16:1,12:21:20:3,12:21:16,12:21:20,1P,1P,0,qac_v0.4_aligned,numbered_aligned
12:21,12:21:20:3,12:21:32:1,12:21:20,12:21:32,1P,3MP,1,qac_v0.4_aligned,numbered_aligned
12:23,12:23:1:2,12:23:8:2,12:23:1,12:23:8,3FS,3FS,0,qac_v0.4_aligned,numbered_aligned
12:23,12:23:8:2,12:23:10:2,12:23:8,12:23:10,3FS,3FS,0,qac_v0.4_aligned,numbered_aligned
12:23,12:23:10:2,12:23:11:1,12:23:10,12:23:11,3FS,2MS,1,qac_v0.4_aligned,numbered_aligned
12:23,12:23:11:1,12:23:13:1,12:23:11,12:23:13,2MS,3MS,1,qac_v0.4_aligned,numbered_aligned
12:23,12:23:13:1,12:23:18:1,12:23:13,12:23:18,3MS,3MS,0,qac_v0.4_aligned,numbered_aligned
12:23,12:23:18:1,12:23:22:1,12:23:18,12:23:22,3MS,3MS,0,qac_v0.4_aligned,numbered_aligned
12:24,12:24:2:1,12:24:4:2,12:24:2,12:24:4,3FS,3MS,0,qac_v0.4_aligned,numbered_aligned
12:25,12:25:1:2,12:25:3:2,12:25:1,12:25:3,3MD,3FS,0,qac_v0.4_aligned,numbered_aligned
12:25,12:25:3:2,12:25:7:2,12:25:3,12:25:7,3FS,3MD,0,qac_v0.4_aligned,numbered_aligned
12:25,12:25:7:2,12:25:11:1,12:25:7,12:25:11,3MD,3FS,0,qac_v0.4_aligned,numbered_aligned
12:25,12:25:11:1,12:25:15:1,12:25:11,12:25:15,3FS,3MS,0,qac_v0.4_aligned,numbered_aligned
12:25,12:25:15:1,12:25:20:1,12:25:15,12:25:20,3MS,3MS,0,qac_v0.4_aligned,numbered_aligned
12:26,12:26:6:2,12:26:11:1,12:26:6,12:26:11,3MS,3MS,0,qac_v0.4_aligned,numbered_aligned
12:26,12:26:11:1,12:26:13:1,12:26:11,12:26:13,3MS,3MS,0,qac_v0.4_aligned,numbered_aligned
12:26,12:26:13:1,12:26:16:2,12:26:13,12:26:16,3MS,3FS,0,qac_v0.4_aligned,numbered_aligned
12:27,12:27:2:1,12:27:4:1,12:27:2,12:27:4,3MS,3MS,0,qac_v0.4_aligned,numbered_aligned
12:27,12:27:4:1,12:27:7:2,12:27:4,12:27:7,3MS,3FS,0,qac_v0.4_aligned,numbered_aligned
12:28,12:28:4:1,12:28:7:1,12:28:4,12:28:7,3MS,3MS,0,qac_v0.4_aligned,numbered_aligned
12:30,12:30:1:2,12:30:7:1,12:30:1,12:30:7,3MS,3FS,0,qac_v0.4_aligned,numbered_aligned
12:30,12:30:7:1,12:30:12:1,12:30:7,12:30:12,3FS,3MS,0,qac_v0.4_aligned,numbered_aligned
12:31,12:31:2:1,12:31:4:1,12:31:2,12:31:4,3FS,3FS,0,qac_v0.4_aligned,numbered_aligned
12:31,12:31:4:1,12:31:6:2,12:31:4,12:31:6,3FS,3FS,0,qac_v0.4_aligned,numbered_aligned
12:31,12:31:14:2,12:31:15:1,12:31:14,12:31:15,3FS,2MS,1,qac_v0.4_aligned,numbered_aligned
12:31,12:31:15:1,12:31:18:1,12:31:15,12:31:18,2MS,3FP,1,qac_v0.4_aligned,numbered_aligned
12:31,12:31:18:1,12:31:19:1,12:31:18,12:31:19,3FP,3FP,0,qac_v0.4_aligned,numbered_aligned
12:31,12:31:19:1,12:31:20:2,12:31:19,12:31:20,3FP,3FP,0,qac_v0.4_aligned,numbered_aligned
12:31,12:31:20:2,12:31:22:2,12:31:20,12:31:22,3FP,3FP,0,qac_v0.4_aligned,numbered_aligned
12:32,12:32:7:1,12:32:10:2,12:32:7,12:32:10,1S,3MS,1,qac_v0.4_aligned,numbered_aligned
12:32,12:32:10:2,12:32:13:1,12:32:10,12:32:13,3MS,3MS,0,qac_v0.4_aligned,numbered_aligned
12:32,12:32:16:2,12:32:17:3,12:32:16,12:32:17,3MS,3MS,0,qac_v0.4_aligned,numbered_aligned
12:33,12:33:10:1,12:33:13:1,12:33:10,12:33:13,2MS,1S,1,qac_v0.4_aligned,numbered_aligned
12:33,12:33:13:1,12:33:15:2,12:33:13,12:33:15,1S,1S,0,qac_v0.4_aligned,numbered_aligned
12:34,12:34:1:2,12:34:4:2,12:34:1,12:34:4,3MS,3MS,0,qac_v0.4_aligned,numbered_aligned
12:35,12:35:2:1,12:35:7:1,12:35:2,12:35:7,3MS,3MP,0,qac_v0.4_aligned,numbered_aligned
12:35,12:35:7:1,12:35:9:2,12:35:7,12:35:9,3MP,3MP,0,qac_v0.4_aligned,numbered_aligned
12:36,12:36:1:2,12:36:5:1,12:36:1,12:36:5,3MS,3MS,0,qac_v0.4_aligned,numbered_aligned
12:36,12:36:9:1,12:36:11:2,12:36:9,12:36:11,1S,3MS,1,qac_v0.4_aligned,numbered_aligned
12:36,12:36:15:1,12:36:19:1,12:36:15,12:36:19,1S,3FS,1,qac_v0.4_aligned,numbered_aligned
12:36,12:36:19:1,12:36:22:1,12:36:19,12:36:22,3FS,2MS,1,qac_v0.4_aligned,numbered_aligned
12:37,12:37:1:1,12:37:3:1,12:37:1,12:37:3,3MS,3MS,0,qac_v0.4_aligned,numbered_aligned
12:37,12:37:3:1,12:37:5:1,12:37:3,12:37:5,3MS,2MD,1,qac_v0.4_aligned,numbered_aligned
12:37,12:37:5:1,12:37:7:1,12:37:5,12:37:7,2MD,1S,1,qac_v0.4_aligned,numbered_aligned
12:37,12:37:7:1,12:37:11:1,12:37:7,12:37:11,1S,3MS,1,qac_v0.4_aligned,numbered_aligned
12:37,12:37:17:1,12:37:21:1,12:37:17,12:37:21,1S,3MP,1,qac_v0.4_aligned,numbered_aligned
12:38,12:38:1:2,12:38:8:1,12:38:1,12:38:8,1S,3MS,1,qac_v0.4_aligned,numbered_aligned
12:38,12:38:8:1,12:38:11:1,12:38:8,12:38:11,3MS,1P,1,qac_v0.4_aligned,numbered_aligned
12:38,12:38:11:1,12:38:26:1,12:38:11,12:38:26,1P,3MP,1,qac_v0.4_aligned,numbered_aligned
12:40,12:40:2:1,12:40:7:1,12:40:2,12:40:7,2MP,2MP,0,qac_v0.4_aligned,numbered_aligned
12:40,12:40:7:1,12:40:11:1,12:40:7,12:40:11,2MP,3MS,1,qac_v0.4_aligned,numbered_aligned
12:40,12:40:11:1,12:40:20:1,12:40:11,12:40:20,3MS,3MS,0,qac_v0.4_aligned,numbered_aligned
12:40,12:40:20:1,12:40:22:1,12:40:20,12:40:22,3MS,2MP,1,qac_v0.4_aligned,numbered_aligned
12:40,12:40:22:1,12:40:32:1,12:40:22,12:40:32,2MP,3MP,1,qac_v0.4_aligned,numbered_aligned
12:42,12:42:1:2,12:42:3:1,12:42:1,12:42:3,3MS,3MS,0,qac_v0.4_aligned,numbered_aligned
12:43,12:43:1:2,12:43:4:1,12:43:1,12:43:4,3MS,1S,1,qac_v0.4_aligned,numbered_aligned
12:43,12:43:4:1,12:43:8:1,12:43:4,12:43:8,1S,3MS,1,qac_v0.4_aligned,numbered_aligned
12:43,12:43:22:1,12:43:24:1,12:43:23,12:43:25,2MP,2MP,0,qac_v0.4_aligned,numbered_aligned
12:45,12:45:1:2,12:45:3:1,12:45:1,12:45:3,3MS,3MS,0,qac_v0.4_aligned,numbered_aligned
12:45,12:45:3:1,12:45:5:2,12:45:3,12:45:5,3MS,3MS,0,qac_v0.4_aligned,numbered_aligned
12:45,12:45:5:2,12:45:9:1,12:45:5,12:45:9,3MS,1S,1,qac_v0.4_aligned,numbered_aligned
12:45,12:45:9:1,12:45:11:2,12:45:9,12:45:11,1S,2MP,1,qac_v0.4_aligned,numbered_aligned
12:46,12:46:4:1,12:46:9:1,12:46:4,12:46:9,2MS,3MS,1,qac_v0.4_aligned,numbered_aligned
12:46,12:46:9:1,12:46:18:1,12:46:9,12:46:18,3MS,1S,1,qac_v0.4_aligned,numbered_aligned
12:46,12:46:18:1,12:46:22:1,12:46:18,12:46:22,1S,3MP,1,qac_v0.4_aligned,numbered_aligned
12:47,12:47:1:1,12:47:2:1,12:47:1,12:47:2,3MS,2MP,1,qac_v0.4_aligned,numbered_aligned
12:47,12:47:2:1,12:47:7:1,12:47:2,12:47:7,2MP,2MP,0,qac_v0.4_aligned,numbered_aligned
12:47,12:47:7:1,12:47:8:2,12:47:7,12:47:8,2MP,2MP,0,qac_v0.4_aligned,numbered_aligned
12:47,12:47:8:2,12:47:14:1,12:47:8,12:47:14,2MP,2MP,0,qac_v0.4_aligned,numbered_aligned
12:48,12:48:8:1,12:48:10:1,12:48:8,12:48:10,3FP,2MP,1,qac_v0.4_aligned,numbered_aligned
12:48,12:48:10:1,12:48:15:1,12:48:10,12:48:15,2MP,2MP,0,qac_v0.4_aligned,numbered_aligned
12:49,12:49:8:1,12:49:11:1,12:49:8,12:49:11,3MS,3MP,0,qac_v0.4_aligned,numbered_aligned
12:50,12:50:6:1,12:50:8:1,12:50:6,12:50:8,3MS,3MS,0,qac_v0.4_aligned,numbered_aligned
12:50,12:50:8:1,12:50:9:1,12:50:8,12:50:9,3MS,2MS,1,qac_v0.4_aligned,numbered_aligned
12:51,12:51:1:1,12:51:5:1,12:51:1,12:51:5,3MS,2FP,1,qac_v0.4_aligned,numbered_aligned
12:51,12:51:5:1,12:51:9:1,12:51:5,12:51:9,2FP,3FP,1,qac_v0.4_aligned,numbered_aligned
12:51,12:51:9:1,12:51:13:1,12:51:9,12:51:13,3FP,1P,1,qac_v0.4_aligned,numbered_aligned
12:51,12:51:13:1,12:51:17:1,12:51:13,12:51:17,1P,3FS,1,qac_v0.4_aligned,numbered_aligned
12:51,12:51:17:1,12:51:21:1,12:51:17,12:51:21,3FS,3MS,0,qac_v0.4_aligned,numbered_aligned
12:51,12:51:21:1,12:51:24:1,12:51:21,12:51:24,3MS,1S,1,qac_v0.4_aligned,numbered_aligned
12:52,12:52:2:2,12:52:5:1,12:52:2,12:52:5,3MS,1S,1,qac_v0.4_aligned,numbered_aligned
12:53,12:53:2:1,12:53:10:1,12:53:2,12:53:10,1S,3MS,1,qac_v0.4_aligned,numbered_aligned
12:54,12:54:5:1,12:54:8:1,12:54:5,12:54:8,1S,3MS,1,qac_v0.4_aligned,numbered_aligned
12:54,12:54:8:1,12:54:9:1,12:54:8,12:54:9,3MS,3MS,0,qac_v0.4_aligned,numbered_aligned
12:56,12:56:2:1,12:56:6:1,12:56:2,12:56:6,1P,3MS,1,qac_v0.4_aligned,numbered_aligned
12:56,12:56:6:1,12:56:9:1,12:56:6,12:56:9,3MS,3MS,0,qac_v0.4_aligned,numbered_aligned
12:56,12:56:9:1,12:56:10:1,12:56:9,12:56:10,3MS,1P,1,qac_v0.4_aligned,numbered_aligned
12:56,12:56:10:1,12:56:13:1,12:56:10,12:56:13,1P,1P,0,qac_v0.4_aligned,numbered_aligned
12:56,12:56:13:1,12:56:15:1,12:56:13,12:56:15,1P,1P,0,qac_v0.4_aligned,numbered_aligned
12:57,12:57:6:2,12:57:7:1,12:57:6,12:57:7,3MP,3MP,0,qac_v0.4_aligned,numbered_aligned
12:58,12:58:1:2,12:58:4:2,12:58:1,12:58:4,3MS,3MP,0,qac_v0.4_aligned,numbered_aligned
12:58,12:58:4:2,12:58:6:2,12:58:4,12:58:6,3MP,3MS,0,qac_v0.4_aligned,numbered_aligned
12:59,12:59:2:1,12:59:4:1,12:59:2,12:59:4,3MS,3MS,0,qac_v0.4_aligned,numbered_aligned
12:61,12:61:1:1,12:61:2:2,12:61:1,12:61:2,3MP,1P,1,qac_v0.4_aligned,numbered_aligned
12:62,12:62:1:2,12:62:3:1,12:62:1,12:62:3,3MS,2MP,1,qac_v0.4_aligned,numbered_aligned
12:62,12:62:3:1,12:62:8:1,12:62:3,12:62:8,2MP,3MP,1,qac_v0.4_aligned,numbered_aligned
12:62,12:62:8:1,12:62:10:1,12:62:8,12:62:10,3MP,3MP,0,qac_v0.4_aligned,numbered_aligned
12:62,12:62:10:1,12:62:14:1,12:62:10,12:62:14,3MP,3MP,0,qac_v0.4_aligned,numbered_aligned
12:63,12:63:2:1,12:63:5:1,12:63:2,12:63:5,3MP,3MP,0,qac_v0.4_aligned,numbered_aligned
12:63,12:63:5:1,12:63:7:1,12:63:5,12:63:8,3MP,3MS,0,qac_v0.4_aligned,numbered_aligned
12:63,12:63:7:1,12:63:10:2,12:63:8,12:63:11,3MS,2MS,1,qac_v0.4_aligned,numbered_aligned
12:63,12:63:10:2,12:63:13:1,12:63:11,12:63:14,2MS,1P,1,qac_v0.4_aligned,numbered_aligned
12:65,12:65:2:1,12:65:4:1,12:65:2,12:65:4,3MP,3MP,0,qac_v0.4_aligned,numbered_aligned
12:65,12:65:4:1,12:65:6:1,12:65:4,12:65:6,3MP,3FS,0,qac_v0.4_aligned,numbered_aligned
12:65,12:65:6:1,12:65:8:1,12:65:6,12:65:8,3FS,3MP,0,qac_v0.4_aligned,numbered_aligned
12:65,12:65:14:1,12:65:16:2,12:65:15,12:65:17,3FS,1P,1,qac_v0.4_aligned,numbered_aligned
12:65,12:65:16:2,12:65:18:2,12:65:17,12:65:19,1P,1P,0,qac_v0.4_aligned,numbered_aligned
12:65,12:65:18:2,12:65:20:2,12:65:19,12:65:21,1P,1P,0,qac_v0.4_aligned,numbered_aligned
12:66,12:66:1:1,12:66:3:1,12:66:1,12:66:3,3MS,1S,1,qac_v0.4_aligned,numbered_aligned
12:66,12:66:3:1,12:66:6:1,12:66:3,12:66:6,1S,2MP,1,qac_v0.4_aligned,numbered_aligned
12:66,12:66:19:1,12:66:23:1,12:66:19,12:66:23,3MS,1P,1,qac_v0.4_aligned,numbered_aligned
12:68,12:68:2:1,12:68:5:1,12:68:2,12:68:5,3MP,3MS,0,qac_v0.4_aligned,numbered_aligned
12:68,12:68:5:1,12:68:8:1,12:68:5,12:68:8,3MS,3MS,0,qac_v0.4_aligned,numbered_aligned
12:68,12:68:25:1,12:68:30:1,12:68:25,12:68:30,1P,3MP,1,qac_v0.4_aligned,numbered_aligned
12:69,12:69:8:1,12:69:13:1,12:69:8,12:69:13,3MS,2MS,1,qac_v0.4_aligned,numbered_aligned
12:69,12:69:13:1,12:69:15:1,12:69:13,12:69:15,2MS,3MP,1,qac_v0.4_aligned,numbered_aligned
12:69,12:69:15:1,12:69:16:1,12:69:15,12:69:16,3MP,3MP,0,qac_v0.4_aligned,numbered_aligned
12:70,12:70:2:1,12:70:4:1,12:70:2,12:70:4,3MS,3MS,0,qac_v0.4_aligned,numbered_aligned
12:70,12:70:4:1,12:70:10:1,12:70:4,12:70:10,3MS,3MS,0,qac_v0.4_aligned,numbered_aligned
12:71,12:71:1:1,12:71:2:2,12:71:1,12:71:2,3MP,3MP,0,qac_v0.4_aligned,numbered_aligned
12:71,12:71:2:2,12:71:5:1,12:71:2,12:71:5,3MP,2MP,1,qac_v0.4_aligned,numbered_aligned
12:72,12:72:1:1,12:72:2:1,12:72:1,12:72:2,3MP,1P,1,qac_v0.4_aligned,numbered_aligned
12:72,12:72:2:1,12:72:6:1,12:72:2,12:72:6,1P,3MS,1,qac_v0.4_aligned,numbered_aligned
12:73,12:73:1:1,12:73:4:1,12:73:1,12:73:4,3MP,2MP,1,qac_v0.4_aligned,numbered_aligned
12:73,12:73:4:1,12:73:6:1,12:73:4,12:73:6,2MP,1P,1,qac_v0.4_aligned,numbered_aligned
12:73,12:73:6:1,12:73:7:2,12:73:6,12:73:7,1P,1P,0,qac_v0.4_aligned,numbered_aligned
12:73,12:73:7:2,12:73:11:1,12:73:7,12:73:11,1P,1P,0,qac_v0.4_aligned,numbered_aligned
12:74,12:74:1:1,12:74:5:1,12:74:1,12:74:5,3MP,2MP,1,qac_v0.4_aligned,numbered_aligned
12:75,12:75:1:1,12:75:4:1,12:75:1,12:75:4,3MP,3MS,0,qac_v0.4_aligned,numbered_aligned
12:76,12:76:1:2,12:76:7:1,12:76:1,12:76:7,3MS,3MS,0,qac_v0.4_aligned,numbered_aligned
12:76,12:76:7:1,12:76:12:1,12:76:7,12:76:12,3MS,1P,1,qac_v0.4_aligned,numbered_aligned
12:76,12:76:12:1,12:76:15:1,12:76:12,12:76:15,1P,3MS,1,qac_v0.4_aligned,numbered_aligned
12:76,12:76:15:1,12:76:16:2,12:76:15,12:76:16,3MS,3MS,0,qac_v0.4_aligned,numbered_aligned
12:76,12:76:16:2,12:76:23:1,12:76:16,12:76:23,3MS,3MS,0,qac_v0.4_aligned,numbered_aligned
12:76,12:76:23:1,12:76:25:1,12:76:23,12:76:25,3MS,1P,1,qac_v0.4_aligned,numbered_aligned
12:76,12:76:25:1,12:76:28:1,12:76:25,12:76:28,1P,1P,0,qac_v0.4_aligned,numbered_aligned
12:77,12:77:1:1,12:77:3:1,12:77:1,12:77:3,3MP,3MS,0,qac_v0.4_aligned,numbered_aligned
12:77,12:77:3:1,12:77:5:1,12:77:3,12:77:5,3MS,3MS,0,qac_v0.4_aligned,numbered_aligned
12:77,12:77:5:1,12:77:10:2,12:77:5,12:77:10,3MS,3MS,0,qac_v0.4_aligned,numbered_aligned
12:77,12:77:10:2,12:77:15:1,12:77:10,12:77:15,3MS,3MS,0,qac_v0.4_aligned,numbered_aligned
12:77,12:77:15:1,12:77:17:1,12:77:15,12:77:17,3MS,3MS,0,qac_v0.4_aligned,numbered_aligned
12:77,12:77:17:1,12:77:24:1,12:77:17,12:77:24,3MS,2MP,1,qac_v0.4_aligned,numbered_aligned
12:78,12:78:1:1,12:78:9:2,12:78:1,12:78:10,3MP,2MS,1,qac_v0.4_aligned,numbered_aligned
12:79,12:79:1:1,12:79:5:1,12:79:1,12:79:5,3MS,1P,1,qac_v0.4_aligned,numbered_aligned
12:79,12:79:5:1,12:79:8:1,12:79:5,12:79:8,1P,1P,0,qac_v0.4_aligned,numbered_aligned
12:80,12:80:4:1,12:80:6:1,12:80:4,12:80:6,3MP,3MS,0,qac_v0.4_aligned,numbered_aligned
12:80,12:80:6:1,12:80:9:1,12:80:6,12:80:9,3MS,2MP,1,qac_v0.4_aligned,numbered_aligned
12:80,12:80:9:1,12:80:13:1,12:80:9,12:80:13,2MP,3MS,1,qac_v0.4_aligned,numbered_aligned
12:80,12:80:13:1,12:80:21:1,12:80:13,12:80:21,3MS,2MP,1,qac_v0.4_aligned,numbered_aligned
12:80,12:80:21:1,12:80:25:1,12:80:21,12:80:25,2MP,1S,1,qac_v0.4_aligned,numbered_aligned
12:80,12:80:25:1,12:80:28:1,12:80:25,12:80:28,1S,3MS,1,qac_v0.4_aligned,numbered_aligned
12:80,12:80:28:1,12:80:32:1,12:80:28,12:80:32,3MS,3MS,0,qac_v0.4_aligned,numbered_aligned
12:81,12:81:1:1,12:81:4:2,12:81:1,12:81:4,2MP,2MP,0,qac_v0.4_aligned,numbered_aligned
12:81,12:81:4:2,12:81:8:1,12:81:4,12:81:9,2MP,3MS,1,qac_v0.4_aligned,numbered_aligned
12:81,12:81:8:1,12:81:10:1,12:81:9,12:81:11,3MS,1P,1,qac_v0.4_aligned,numbered_aligned
12:81,12:81:10:1,12:81:13:1,12:81:11,12:81:14,1P,1P,0,qac_v0.4_aligned,numbered_aligned
12:81,12:81:13:1,12:81:15:1,12:81:14,12:81:16,1P,1P,0,qac_v0.4_aligned,numbered_aligned
12:82,12:82:4:1,12:82:8:1,12:82:4,12:82:8,1P,1P,0,qac_v0.4_aligned,numbered_aligned
12:83,12:83:1:1,12:83:3:1,12:83:1,12:83:3,3MS,3FS,0,qac_v0.4_aligned,numbered_aligned
12:83,12:83:3:1,12:83:9:1,12:83:3,12:83:9,3FS,3MS,0,qac_v0.4_aligned,numbered_aligned
12:84,12:84:1:2,12:84:3:2,12:84:1,12:84:3,3MS,3MS,0,qac_v0.4_aligned,numbered_aligned
12:84,12:84:3:2,12:84:7:2,12:84:3,12:84:8,3MS,3FS,0,qac_v0.4_aligned,numbered_aligned
12:85,12:85:4:1,12:85:7:1,12:85:4,12:85:7,2MS,2MS,0,qac_v0.4_aligned,numbered_aligned
12:85,12:85:7:1,12:85:10:1,12:85:7,12:85:10,2MS,2MS,0,qac_v0.4_aligned,numbered_aligned
12:86,12:86:8:2,12:86:13:1,12:86:8,12:86:13,1S,2MP,1,qac_v0.4_aligned,numbered_aligned
12:88,12:88:2:1,12:88:4:1,12:88:2,12:88:4,3MP,3MP,0,qac_v0.4_aligned,numbered_aligned
12:88,12:88:4:1,12:88:7:1,12:88:4,12:88:8,3MP,3MS,0,qac_v0.4_aligned,numbered_aligned
12:88,12:88:7:1,12:88:10:2,12:88:8,12:88:11,3MS,1P,1,qac_v0.4_aligned,numbered_aligned
12:88,12:88:10:2,12:88:13:2,12:88:11,12:88:14,1P,2MS,1,qac_v0.4_aligned,numbered_aligned
12:88,12:88:13:2,12:88:16:2,12:88:14,12:88:17,2MS,2MS,0,qac_v0.4_aligned,numbered_aligned
12:89,12:89:1:1,12:89:3:1,12:89:1,12:89:3,3MS,2MP,1,qac_v0.4_aligned,numbered_aligned
12:89,12:89:3:1,12:89:5:1,12:89:3,12:89:5,2MP,2MP,0,qac_v0.4_aligned,numbered_aligned
12:90,12:90:1:1,12:90:5:1,12:90:1,12:90:5,3MP,3MS,0,qac_v0.4_aligned,numbered_aligned
12:90,12:90:5:1,12:90:11:1,12:90:5,12:90:11,3MS,3MS,0,qac_v0.4_aligned,numbered_aligned
12:90,12:90:11:1,12:90:16:1,12:90:11,12:90:16,3MS,3MS,0,qac_v0.4_aligned,numbered_aligned
12:90,12:90:16:1,12:90:17:2,12:90:16,12:90:17,3MS,3MS,0,qac_v0.4_aligned,numbered_aligned
12:90,12:90:17:2,12:90:21:1,12:90:17,12:90:21,3MS,3MS,0,qac_v0.4_aligned,numbered_aligned
12:92,12:92:1:1,12:92:6:1,12:92:1,12:92:6,3MS,3MS,0,qac_v0.4_aligned,numbered_aligned
12:93,12:93:1:1,12:93:4:2,12:93:1,12:93:4,2MP,2MP,0,qac_v0.4_aligned,numbered_aligned
12:93,12:93:4:2,12:93:8:1,12:93:4,12:93:8,2MP,3MS,1,qac_v0.4_aligned,numbered_aligned
12:94,12:94:2:1,12:94:4:1,12:94:2,12:94:4,3FS,3MS,0,qac_v0.4_aligned,numbered_aligned
12:94,12:94:4:1,12:94:7:2,12:94:4,12:94:7,3MS,1S,1,qac_v0.4_aligned,numbered_aligned
12:94,12:94:7:2,12:94:12:1,12:94:7,12:94:12,1S,2MP,1,qac_v0.4_aligned,numbered_aligned
12:96,12:96:8:2,12:96:10:1,12:96:8,12:96:10,3MS,3MS,0,qac_v0.4_aligned,numbered_aligned
12:96,12:96:10:1,12:96:12:1,12:96:10,12:96:12,3MS,1S,1,qac_v0.4_aligned,numbered_aligned
12:96,12:96:12:1,12:96:15:1,12:96:12,12:96:15,1S,1S,0,qac_v0.4_aligned,numbered_aligned
12:96,12:96:15:1,12:96:20:1,12:96:15,12:96:20,1S,2MP,1,qac_v0.4_aligned,numbered_aligned
12:97,12:97:1:1,12:97:3:1,12:97:1,12:97:4,3MP,2MS,1,qac_v0.4_aligned,numbered_aligned
12:97,12:97:3:1,12:97:7:1,12:97:4,12:97:8,2MS,1P,1,qac_v0.4_aligned,numbered_aligned
12:98,12:98:1:1,12:98:3:1,12:98:1,12:98:3,3MS,1S,1,qac_v0.4_aligned,numbered_aligned
12:99,12:99:8:2,12:99:9:1,12:99:8,12:99:9,3MS,2MP,1,qac_v0.4_aligned,numbered_aligned
12:99,12:99:9:1,12:99:12:1,12:99:9,12:99:12,2MP,3MS,1,qac_v0.4_aligned,numbered_aligned
12:100,12:100:1:2,12:100:5:2,12:100:1,12:100:5,3MS,3MP,0,qac_v0.4_aligned,numbered_aligned
12:100,12:100:5:2,12:100:8:2,12:100:5,12:100:8,3MP,3MS,0,qac_v0.4_aligned,numbered_aligned
12:100,12:100:8:2,12:100:16:1,12:100:8,12:100:17,3MS,3MS,0,qac_v0.4_aligned,numbered_aligned
12:100,12:100:16:1,12:100:20:1,12:100:17,12:100:21,3MS,3MS,0,qac_v0.4_aligned,numbered_aligned
12:100,12:100:26:2,12:100:33:1,12:100:27,12:100:34,3MS,3MS,0,qac_v0.4_aligned,numbered_aligned
12:100,12:100:33:1,12:100:42:1,12:100:34,12:100:43,3MS,3MS,0,qac_v0.4_aligned,numbered_aligned
12:102,12:102:5:1,12:102:8:1,12:102:5,12:102:8,1P,2MS,1,qac_v0.4_aligned,numbered_aligned
12:102,12:102:8:1,12:102:11:1,12:102:8,12:102:11,2MS,3MP,1,qac_v0.4_aligned,numbered_aligned
12:102,12:102:11:1,12:102:14:1,12:102:11,12:102:14,3MP,3MP,0,qac_v0.4_aligned,numbered_aligned
12:107,12:107:1:3,12:107:3:1,12:107:1,12:107:3,3MP,3FS,0,qac_v0.4_aligned,numbered_aligned
12:107,12:107:3:1,12:107:9:1,12:107:3,12:107:9,3FS,3FS,0,qac_v0.4_aligned,numbered_aligned
12:107,12:107:9:1,12:107:14:1,12:107:9,12:107:14,3FS,3MP,0,qac_v0.4_aligned,numbered_aligned
12:109,12:109:13:1,12:109:16:2,12:109:13,12:109:16,3MP,3MP,0,qac_v0.4_aligned,numbered_aligned
12:109,12:109:16:2,12:109:18:1,12:109:16,12:109:18,3MP,3MS,0,qac_v0.4_aligned,numbered_aligned
12:109,12:109:18:1,12:109:27:1,12:109:18,12:109:27,3MS,3MP,0,qac_v0.4_aligned,numbered_aligned
12:109,12:109:27:1,12:109:29:1,12:109:27,12:109:29,3MP,2MP,1,qac_v0.4_aligned,numbered_aligned
12:110,12:110:5:2,12:110:8:1,12:110:5,12:110:8,3MP,3MP,0,qac_v0.4_aligned,numbered_aligned
12:110,12:110:8:1,12:110:9:1,12:110:8,12:110:9,3MP,3MS,0,qac_v0.4_aligned,numbered_aligned
12:110,12:110:13:1,12:110:15:1,12:110:13,12:110:15,1P,3MS,1,qac_v0.4_aligned,numbered_aligned
12:111,12:111:2:1,12:111:9:1,12:111:2,12:111:9,3MS,3MS,0,qac_v0.4_aligned,numbered_aligned
12:111,12:111:9:1,12:111:11:1,12:111:9,12:111:11,3MS,3MS,0,qac_v0.4_aligned,numbered_aligned
12:111,12:111:11:1,12:111:23:1,12:111:11,12:111:23,3MS,3MP,0,qac_v0.4_aligned,numbered_aligned
13:1,13:1:6:1,13:1:15:1,13:1:10,13:1:19,3MS,3MP,0,qac_v0.4_aligned,numbered_aligned
13:2,13:2:3:1,13:2:7:1,13:2:3,13:2:7,3MS,2MP,1,qac_v0.4_aligned,numbered_aligned
13:2,13:2:7:1,13:2:9:1,13:2:7,13:2:9,2MP,3MS,1,qac_v0.4_aligned,numbered_aligned
13:2,13:2:9:1,13:2:12:2,13:2:9,13:2:12,3MS,3MS,0,qac_v0.4_aligned,numbered_aligned
13:2,13:2:19:1,13:2:21:1,13:2:19,13:2:21,3MS,3MS,0,qac_v0.4_aligned,numbered_aligned
13:2,13:2:21:1,13:2:26:1,13:2:21,13:2:26,3MS,2MP,1,qac_v0.4_aligned,numbered_aligned
13:3,13:3:3:1,13:3:5:2,13:3:3,13:3:5,3MS,3MS,0,qac_v0.4_aligned,numbered_aligned
13:3,13:3:5:2,13:3:12:1,13:3:5,13:3:12,3MS,3MS,0,qac_v0.4_aligned,numbered_aligned
13:4,13:4:13:1,13:4:16:2,13:4:13,13:4:16,3MS,1P,1,qac_v0.4_aligned,numbered_aligned
13:4,13:4:16:2,13:4:27:1,13:4:16,13:4:27,1P,3MP,1,qac_v0.4_aligned,numbered_aligned
13:5,13:5:2:1,13:5:6:1,13:5:2,13:5:6,2MS,1P,1,qac_v0.4_aligned,numbered_aligned
13:5,13:5:6:1,13:5:14:1,13:5:6,13:5:14,1P,3MP,1,qac_v0.4_aligned,numbered_aligned
13:6,13:6:1:2,13:6:6:1,13:6:1,13:6:6,3MP,3FS,0,qac_v0.4_aligned,numbered_aligned
13:7,13:7:1:2,13:7:3:1,13:7:1,13:7:3,3MS,3MP,0,qac_v0.4_aligned,numbered_aligned
13:7,13:7:3:1,13:7:5:1,13:7:3,13:7:5,3MP,3MS,0,qac_v0.4_aligned,numbered_aligned
13:8,13:8:2:1,13:8:4:1,13:8:2,13:8:4,3MS,3FS,0,qac_v0.4_aligned,numbered_aligned
13:8,13:8:4:1,13:8:8:1,13:8:4,13:8:8,3FS,3FS,0,qac_v0.4_aligned,numbered_aligned
13:8,13:8:8:1,13:8:11:1,13:8:8,13:8:11,3FS,3FS,0,qac_v0.4_aligned,numbered_aligned
13:10,13:10:4:1,13:10:7:1,13:10:4,13:10:7,3MS,3MS,0,qac_v0.4_aligned,numbered_aligned
13:11,13:11:8:1,13:11:15:1,13:11:8,13:11:15,3MP,3MS,0,qac_v0.4_aligned,numbered_aligned
13:11,13:11:15:1,13:11:19:1,13:11:15,13:11:19,3MS,3MP,0,qac_v0.4_aligned,numbered_aligned
13:11,13:11:19:1,13:11:23:1,13:11:19,13:11:23,3MP,3MS,0,qac_v0.4_aligned,numbered_aligned
13:12,13:12:3:1,13:12:7:2,13:12:3,13:12:7,3MS,3MS,0,qac_v0.4_aligned,numbered_aligned
13:13,13:13:1:2,13:13:7:2,13:13:1,13:13:7,3MS,3MS,0,qac_v0.4_aligned,numbered_aligned
13:13,13:13:7:2,13:13:9:2,13:13:7,13:13:9,3MS,3MS,0,qac_v0.4_aligned,numbered_aligned
13:13,13:13:9:2,13:13:12:1,13:13:9,13:13:12,3MS,3MS,0,qac_v0.4_aligned,numbered_aligned
13:13,13:13:12:1,13:13:14:1,13:13:12,13:13:14,3MS,3MP,0,qac_v0.4_aligned,numbered_aligned
13:14,13:14:5:1,13:14:9:1,13:14:5,13:14:9,3MP,3MP,0,qac_v0.4_aligned,numbered_aligned
13:14,13:14:9:1,13:14:17:2,13:14:9,13:14:17,3MP,3MS,0,qac_v0.4_aligned,numbered_aligned
13:16,13:16:1:1,13:16:6:1,13:16:1,13:16:6,2MS,2MS,0,qac_v0.4_aligned,numbered_aligned
13:16,13:16:6:1,13:16:8:1,13:16:6,13:16:8,2MS,2MS,0,qac_v0.4_aligned,numbered_aligned
13:16,13:16:8:1,13:16:9:3,13:16:8,13:16:9,2MS,2MP,0,qac_v0.4_aligned,numbered_aligned
13:16,13:16:9:3,13:16:14:1,13:16:9,13:16:14,2MP,3MP,1,qac_v0.4_aligned,numbered_aligned
13:16,13:16:14:1,13:16:19:1,13:16:14,13:16:19,3MP,2MS,1,qac_v0.4_aligned,numbered_aligned
13:16,13:16:30:1,13:16:33:1,13:16:30,13:16:33,3MP,3MP,0,qac_v0.4_aligned,numbered_aligned
13:16,13:16:33:1,13:16:35:2,13:16:33,13:16:35,3MP,3MS,0,qac_v0.4_aligned,numbered_aligned
13:16,13:16:35:2,13:16:38:1,13:16:35,13:16:38,3MS,2MS,1,qac_v0.4_aligned,numbered_aligned
13:17,13:17:1:1,13:17:5:2,13:17:1,13:17:5,3MS,3FS,0,qac_v0.4_aligned,numbered_aligned
13:17,13:17:5:2,13:17:8:2,13:17:5,13:17:8,3FS,3MS,0,qac_v0.4_aligned,numbered_aligned
13:17,13:17:8:2,13:17:13:1,13:17:8,13:17:13,3MS,3MP,0,qac_v0.4_aligned,numbered_aligned
13:17,13:17:13:1,13:17:24:1,13:17:13,13:17:24,3MP,3MS,0,qac_v0.4_aligned,numbered_aligned
13:17,13:17:24:1,13:17:30:2,13:17:24,13:17:30,3MS,3MS,0,qac_v0.4_aligned,numbered_aligned
13:17,13:17:30:2,13:17:34:1,13:17:30,13:17:34,3MS,3MS,0,qac_v0.4_aligned,numbered_aligned
13:17,13:17:34:1,13:17:36:2,13:17:34,13:17:36,3MS,3MS,0,qac_v0.4_aligned,numbered_aligned
13:17,13:17:36:2,13:17:40:1,13:17:36,13:17:40,3MS,3MS,0,qac_v0.4_aligned,numbered_aligned
13:18,13:18:2:1,13:18:7:1,13:18:2,13:18:7,3MP,3MP,0,qac_v0.4_aligned,numbered_aligned
13:18,13:18:7:1,13:18:18:2,13:18:7,13:18:18,3MP,3MP,0,qac_v0.4_aligned,numbered_aligned
13:18,13:18:18:2,13:18:26:2,13:18:18,13:18:26,3MP,3MS,0,qac_v0.4_aligned,numbered_aligned
13:19,13:19:2:1,13:19:4:1,13:19:2,13:19:4,3MS,3MS,0,qac_v0.4_aligned,numbered_aligned
13:19,13:19:4:1,13:19:13:1,13:19:4,13:19:13,3MS,3MS,0,qac_v0.4_aligned,numbered_aligned
13:20,13:20:2:1,13:20:6:1,13:20:2,13:20:6,3MP,3MP,0,qac_v0.4_aligned,numbered_aligned
13:21,13:21:2:1,13:21:4:1,13:21:2,13:21:4,3MP,3MS,0,qac_v0.4_aligned,numbered_aligned
13:21,13:21:4:1,13:21:8:1,13:21:4,13:21:8,3MS,3MS,0,qac_v0.4_aligned,numbered_aligned
13:21,13:21:8:1,13:21:9:2,13:21:8,13:21:9,3MS,3MP,0,qac_v0.4_aligned,numbered_aligned
13:21,13:21:9:2,13:21:11:2,13:21:9,13:21:11,3MP,3MP,0,qac_v0.4_aligned,numbered_aligned
13:22,13:22:2:1,13:22:6:2,13:22:2,13:22:6,3MP,3MP,0,qac_v0.4_aligned,numbered_aligned
13:22,13:22:6:2,13:22:8:2,13:22:6,13:22:8,3MP,3MP,0,qac_v0.4_aligned,numbered_aligned
13:22,13:22:8:2,13:22:10:1,13:22:8,13:22:10,3MP,1P,1,qac_v0.4_aligned,numbered_aligned
13:22,13:22:10:1,13:22:13:2,13:22:10,13:22:13,1P,3MP,1,qac_v0.4_aligned,numbered_aligned
13:23,13:23:3:1,13:23:5:1,13:23:3,13:23:5,3MP,3MS,0,qac_v0.4_aligned,numbered_aligned
13:23,13:23:5:1,13:23:11:1,13:23:5,13:23:11,3MS,3MP,0,qac_v0.4_aligned,numbered_aligned
13:24,13:24:4:1,13:24:5:2,13:24:4,13:24:5,2MP,3MS,1,qac_v0.4_aligned,numbered_aligned
13:25,13:25:2:1,13:25:8:2,13:25:2,13:25:8,3MP,3MP,0,qac_v0.4_aligned,numbered_aligned
13:25,13:25:8:2,13:25:10:1,13:25:8,13:25:10,3MP,3MS,0,qac_v0.4_aligned,numbered_aligned
13:25,13:25:10:1,13:25:14:1,13:25:10,13:25:14,3MS,3MS,0,qac_v0.4_aligned,numbered_aligned
13:25,13:25:14:1,13:25:15:2,13:25:14,13:25:15,3MS,3MP,0,qac_v0.4_aligned,numbered_aligned
13:26,13:26:2:1,13:26:5:1,13:26:2,13:26:5,3MS,3MS,0,qac_v0.4_aligned,numbered_aligned
13:26,13:26:5:1,13:26:6:2,13:26:5,13:26:6,3MS,3MS,0,qac_v0.4_aligned,numbered_aligned
13:26,13:26:6:2,13:26:7:2,13:26:6,13:26:7,3MS,3MP,0,qac_v0.4_aligned,numbered_aligned
13:27,13:27:1:2,13:27:3:1,13:27:1,13:27:3,3MS,3MP,0,qac_v0.4_aligned,numbered_aligned
13:27,13:27:3:1,13:27:5:1,13:27:3,13:27:5,3MP,3MS,0,qac_v0.4_aligned,numbered_aligned
13:27,13:27:5:1,13:27:10:1,13:27:5,13:27:10,3MS,2MS,1,qac_v0.4_aligned,numbered_aligned
13:27,13:27:10:1,13:27:13:1,13:27:10,13:27:13,2MS,3MS,1,qac_v0.4_aligned,numbered_aligned
13:27,13:27:13:1,13:27:15:1,13:27:13,13:27:15,3MS,3MS,0,qac_v0.4_aligned,numbered_aligned
13:28,13:28:3:2,13:28:10:1,13:28:3,13:28:10,3FS,3FS,0,qac_v0.4_aligned,numbered_aligned
13:30,13:30:2:1,13:30:6:1,13:30:2,13:30:6,1P,3FS,1,qac_v0.4_aligned,numbered_aligned
13:30,13:30:13:1,13:30:16:1,13:30:13,13:30:16,1P,3MP,1,qac_v0.4_aligned,numbered_aligned
13:30,13:30:16:1,13:30:18:1,13:30:16,13:30:18,3MP,2MS,1,qac_v0.4_aligned,numbered_aligned
13:30,13:30:18:1,13:30:26:1,13:30:18,13:30:26,2MS,1S,1,qac_v0.4_aligned,numbered_aligned
13:31,13:31:4:1,13:31:8:1,13:31:4,13:31:8,3FS,3FS,0,qac_v0.4_aligned,numbered_aligned
13:31,13:31:8:1,13:31:12:1,13:31:8,13:31:12,3FS,3MS,0,qac_v0.4_aligned,numbered_aligned
13:31,13:31:25:1,13:31:27:2,13:31:25,13:31:27,3MS,3MS,0,qac_v0.4_aligned,numbered_aligned
13:31,13:31:27:2,13:31:31:1,13:31:27,13:31:31,3MS,3MS,0,qac_v0.4_aligned,numbered_aligned
13:31,13:31:31:1,13:31:33:1,13:31:31,13:31:33,3MS,3MP,0,qac_v0.4_aligned,numbered_aligned
13:31,13:31:33:1,13:31:34:1,13:31:33,13:31:34,3MP,3FS,0,qac_v0.4_aligned,numbered_aligned
13:31,13:31:34:1,13:31:36:1,13:31:34,13:31:36,3FS,3MP,0,qac_v0.4_aligned,numbered_aligned
13:31,13:31:36:1,13:31:39:1,13:31:36,13:31:39,3MP,3FS,0,qac_v0.4_aligned,numbered_aligned
13:32,13:32:2:1,13:32:6:2,13:32:2,13:32:6,3MS,1S,1,qac_v0.4_aligned,numbered_aligned
13:32,13:32:6:2,13:32:8:1,13:32:6,13:32:8,1S,3MP,1,qac_v0.4_aligned,numbered_aligned
13:32,13:32:8:1,13:32:10:1,13:32:8,13:32:10,3MP,1S,1,qac_v0.4_aligned,numbered_aligned
13:32,13:32:10:1,13:32:12:1,13:32:10,13:32:12,1S,3MS,1,qac_v0.4_aligned,numbered_aligned
13:33,13:33:8:1,13:33:9:2,13:33:8,13:33:9,3FS,3MP,0,qac_v0.4_aligned,numbered_aligned
13:33,13:33:9:2,13:33:12:1,13:33:9,13:33:12,3MP,2MS,1,qac_v0.4_aligned,numbered_aligned
13:33,13:33:12:1,13:33:13:1,13:33:12,13:33:13,2MS,2MP,0,qac_v0.4_aligned,numbered_aligned
13:33,13:33:18:1,13:33:26:1,13:33:18,13:33:26,3MS,3MS,0,qac_v0.4_aligned,numbered_aligned
13:33,13:33:26:1,13:33:28:1,13:33:26,13:33:28,3MS,3MP,0,qac_v0.4_aligned,numbered_aligned
13:33,13:33:28:1,13:33:30:2,13:33:28,13:33:30,3MP,3MP,0,qac_v0.4_aligned,numbered_aligned
13:33,13:33:30:2,13:33:34:1,13:33:30,13:33:34,3MP,3MS,0,qac_v0.4_aligned,numbered_aligned
13:36,13:36:4:1,13:36:6:1,13:36:4,13:36:6,3MP,3MS,0,qac_v0.4_aligned,numbered_aligned
13:36,13:36:6:1,13:36:11:1,13:36:6,13:36:11,3MS,3MS,0,qac_v0.4_aligned,numbered_aligned
13:36,13:36:11:1,13:36:13:1,13:36:11,13:36:13,3MS,2MS,1,qac_v0.4_aligned,numbered_aligned
13:36,13:36:13:1,13:36:15:1,13:36:13,13:36:15,2MS,1S,1,qac_v0.4_aligned,numbered_aligned
13:36,13:36:15:1,13:36:17:1,13:36:15,13:36:17,1S,1S,0,qac_v0.4_aligned,numbered_aligned
13:36,13:36:17:1,13:36:20:1,13:36:17,13:36:20,1S,1S,0,qac_v0.4_aligned,numbered_aligned
13:37,13:37:2:1,13:37:6:1,13:37:2,13:37:6,1P,2MS,1,qac_v0.4_aligned,numbered_aligned
13:37,13:37:6:1,13:37:9:1,13:37:6,13:37:10,2MS,3MS,1,qac_v0.4_aligned,numbered_aligned
13:38,13:38:2:1,13:38:6:2,13:38:2,13:38:6,1P,1P,0,qac_v0.4_aligned,numbered_aligned
13:38,13:38:6:2,13:38:11:1,13:38:6,13:38:11,1P,3MS,1,qac_v0.4_aligned,numbered_aligned
13:39,13:39:4:1,13:39:5:2,13:39:4,13:39:5,3MS,3MS,0,qac_v0.4_aligned,numbered_aligned
13:40,13:40:3:1,13:40:6:1,13:40:3,13:40:6,1P,1P,0,qac_v0.4_aligned,numbered_aligned
13:40,13:40:6:1,13:40:8:1,13:40:6,13:40:8,1P,1P,0,qac_v0.4_aligned,numbered_aligned
13:41,13:41:6:1,13:41:10:1,13:41:6,13:41:10,1P,3MS,1,qac_v0.4_aligned,numbered_aligned
13:42,13:42:2:1,13:42:9:1,13:42:2,13:42:9,3MS,3MS,0,qac_v0.4_aligned,numbered_aligned
13:42,13:42:9:1,13:42:11:1,13:42:9,13:42:11,3MS,3FS,0,qac_v0.4_aligned,numbered_aligned
13:42,13:42:11:1,13:42:14:3,13:42:11,13:42:14,3FS,3MS,0,qac_v0.4_aligned,numbered_aligned
13:43,13:43:1:2,13:43:3:1,13:43:1,13:43:3,3MS,3MP,0,qac_v0.4_aligned,numbered_aligned
13:43,13:43:3:1,13:43:4:1,13:43:3,13:43:4,3MP,2MS,1,qac_v0.4_aligned,numbered_aligned
13:43,13:43:4:1,13:43:6:1,13:43:4,13:43:6,2MS,2MS,0,qac_v0.4_aligned,numbered_aligned
13:43,13:43:6:1,13:43:7:1,13:43:6,13:43:7,2MS,3MS,1,qac_v0.4_aligned,numbered_aligned
14:1,14:1:3:1,14:1:5:2,14:1:7,14:1:9,1P,2MS,1,qac_v0.4_aligned,numbered_aligned
14:3,14:3:2:1,14:3:7:2,14:3:2,14:3:7,3MP,3MP,0,qac_v0.4_aligned,numbered_aligned
14:3,14:3:7:2,14:3:11:2,14:3:7,14:3:11,3MP,3MP,0,qac_v0.4_aligned,numbered_aligned
14:4,14:4:2:1,14:4:8:2,14:4:2,14:4:8,1P,3MS,1,qac_v0.4_aligned,numbered_aligned
14:4,14:4:8:2,14:4:10:2,14:4:8,14:4:10,3MS,3MS,0,qac_v0.4_aligned,numbered_aligned
14:4,14:4:10:2,14:4:13:1,14:4:10,14:4:13,3MS,3MS,0,qac_v0.4_aligned,numbered_aligned
14:5,14:5:2:1,14:5:6:1,14:5:2,14:5:6,1P,2MS,1,qac_v0.4_aligned,numbered_aligned
14:5,14:5:6:1,14:5:12:2,14:5:6,14:5:12,2MS,2MS,0,qac_v0.4_aligned,numbered_aligned
14:6,14:6:2:1,14:6:5:1,14:6:2,14:6:5,3MS,2MP,1,qac_v0.4_aligned,numbered_aligned
14:6,14:6:14:1,14:6:17:2,14:6:14,14:6:17,3MP,3MP,0,qac_v0.4_aligned,numbered_aligned
14:6,14:6:17:2,14:6:19:2,14:6:17,14:6:19,3MP,3MP,0,qac_v0.4_aligned,numbered_aligned
14:7,14:7:2:1,14:7:5:1,14:7:2,14:7:5,3MS,2MP,1,qac_v0.4_aligned,numbered_aligned
14:7,14:7:5:1,14:7:6:2,14:7:5,14:7:6,2MP,1S,1,qac_v0.4_aligned,numbered_aligned
14:7,14:7:6:2,14:7:8:1,14:7:6,14:7:8,1S,2MP,1,qac_v0.4_aligned,numbered_aligned
14:8,14:8:1:2,14:8:4:1,14:8:1,14:8:4,3MS,2MP,1,qac_v0.4_aligned,numbered_aligned
14:9,14:9:2:1,14:9:15:1,14:9:2,14:9:15,3MS,3MS,0,qac_v0.4_aligned,numbered_aligned
14:9,14:9:15:1,14:9:18:1,14:9:15,14:9:18,3MS,3FS,0,qac_v0.4_aligned,numbered_aligned
14:9,14:9:18:1,14:9:21:2,14:9:18,14:9:21,3FS,3MP,0,qac_v0.4_aligned,numbered_aligned
14:9,14:9:21:2,14:9:25:2,14:9:21,14:9:25,3MP,3MP,0,qac_v0.4_aligned,numbered_aligned
14:9,14:9:25:2,14:9:27:1,14:9:25,14:9:27,3MP,1P,1,qac_v0.4_aligned,numbered_aligned
14:9,14:9:27:1,14:9:29:1,14:9:27,14:9:29,1P,2MP,1,qac_v0.4_aligned,numbered_aligned
14:9,14:9:29:1,14:9:35:1,14:9:29,14:9:35,2MP,2MP,0,qac_v0.4_aligned,numbered_aligned
14:10,14:10:1:1,14:10:9:1,14:10:1,14:10:9,3FS,3MS,0,qac_v0.4_aligned,numbered_aligned
14:10,14:10:9:1,14:10:10:2,14:10:9,14:10:10,3MS,3MS,0,qac_v0.4_aligned,numbered_aligned
14:10,14:10:10:2,14:10:14:2,14:10:10,14:10:14,3MS,3MS,0,qac_v0.4_aligned,numbered_aligned
14:10,14:10:14:2,14:10:18:1,14:10:14,14:10:18,3MS,3MP,0,qac_v0.4_aligned,numbered_aligned
14:10,14:10:18:1,14:10:24:1,14:10:18,14:10:24,3MP,2MP,1,qac_v0.4_aligned,numbered_aligned
14:10,14:10:24:1,14:10:26:1,14:10:24,14:10:26,2MP,2MP,0,qac_v0.4_aligned,numbered_aligned
14:10,14:10:26:1,14:10:28:1,14:10:26,14:10:28,2MP,3MS,1,qac_v0.4_aligned,numbered_aligned
14:10,14:10:28:1,14:10:29:1,14:10:28,14:10:29,3MS,3MS,0,qac_v0.4_aligned,numbered_aligned
14:10,14:10:29:1,14:10:31:2,14:10:29,14:10:31,3MS,2MP,1,qac_v0.4_aligned,numbered_aligned
14:11,14:11:1:1,14:11:11:1,14:11:1,14:11:11,3FS,3MS,0,qac_v0.4_aligned,numbered_aligned
14:11,14:11:11:1,14:11:14:1,14:11:11,14:11:14,3MS,3MS,0,qac_v0.4_aligned,numbered_aligned
14:11,14:11:14:1,14:11:18:1,14:11:14,14:11:18,3MS,3MS,0,qac_v0.4_aligned,numbered_aligned
14:11,14:11:18:1,14:11:21:1,14:11:18,14:11:21,3MS,1P,1,qac_v0.4_aligned,numbered_aligned
14:11,14:11:21:1,14:11:28:3,14:11:21,14:11:28,1P,3MS,1,qac_v0.4_aligned,numbered_aligned
14:13,14:13:1:2,14:13:3:1,14:13:1,14:13:3,3MS,3MP,0,qac_v0.4_aligned,numbered_aligned
14:13,14:13:3:1,14:13:5:2,14:13:3,14:13:5,3MP,1P,1,qac_v0.4_aligned,numbered_aligned
14:13,14:13:5:2,14:13:9:2,14:13:5,14:13:9,1P,2MP,1,qac_v0.4_aligned,numbered_aligned
14:13,14:13:9:2,14:13:12:2,14:13:9,14:13:12,2MP,3MS,1,qac_v0.4_aligned,numbered_aligned
14:13,14:13:12:2,14:13:15:2,14:13:12,14:13:15,3MS,1P,1,qac_v0.4_aligned,numbered_aligned
14:14,14:14:1:3,14:14:7:1,14:14:1,14:14:7,1P,3MS,1,qac_v0.4_aligned,numbered_aligned
14:14,14:14:7:1,14:14:9:2,14:14:7,14:14:9,3MS,3MS,0,qac_v0.4_aligned,numbered_aligned
14:15,14:15:1:2,14:15:2:2,14:15:1,14:15:2,3MP,3MS,0,qac_v0.4_aligned,numbered_aligned
14:17,14:17:1:1,14:17:3:1,14:17:1,14:17:3,3MS,3MS,0,qac_v0.4_aligned,numbered_aligned
14:17,14:17:3:1,14:17:4:1,14:17:3,14:17:4,3MS,3MS,0,qac_v0.4_aligned,numbered_aligned
14:17,14:17:4:1,14:17:5:2,14:17:4,14:17:5,3MS,3MS,0,qac_v0.4_aligned,numbered_aligned
14:18,14:18:3:1,14:18:7:1,14:18:3,14:18:7,3MP,3FS,0,qac_v0.4_aligned,numbered_aligned
14:18,14:18:7:1,14:18:14:1,14:18:7,14:18:14,3FS,3MP,0,qac_v0.4_aligned,numbered_aligned
14:18,14:18:14:1,14:18:16:1,14:18:14,14:18:16,3MP,3MP,0,qac_v0.4_aligned,numbered_aligned
14:19,14:19:2:1,14:19:5:1,14:19:2,14:19:5,2MS,3MS,1,qac_v0.4_aligned,numbered_aligned
14:19,14:19:5:1,14:19:10:1,14:19:5,14:19:10,3MS,3MS,0,qac_v0.4_aligned,numbered_aligned
14:19,14:19:10:1,14:19:11:1,14:19:10,14:19:11,3MS,3MS,0,qac_v0.4_aligned,numbered_aligned
14:19,14:19:11:1,14:19:12:2,14:19:11,14:19:12,3MS,3MS,0,qac_v0.4_aligned,numbered_aligned
14:21,14:21:1:2,14:21:4:2,14:21:1,14:21:4,3MP,3MS,0,qac_v0.4_aligned,numbered_aligned
14:21,14:21:4:2,14:21:7:1,14:21:4,14:21:7,3MS,3MP,0,qac_v0.4_aligned,numbered_aligned
14:21,14:21:7:1,14:21:9:1,14:21:7,14:21:9,3MP,1P,1,qac_v0.4_aligned,numbered_aligned
14:21,14:21:9:1,14:21:21:1,14:21:9,14:21:21,1P,3MP,1,qac_v0.4_aligned,numbered_aligned
14:21,14:21:25:2,14:21:28:2,14:21:25,14:21:28,1P,1P,0,qac_v0.4_aligned,numbered_aligned
14:21,14:21:28:2,14:21:30:1,14:21:28,14:21:30,1P,1P,0,qac_v0.4_aligned,numbered_aligned
14:22,14:22:8:1,14:22:11:2,14:22:8,14:22:11,3MS,1S,1,qac_v0.4_aligned,numbered_aligned
14:22,14:22:11:2,14:22:12:2,14:22:11,14:22:12,1S,1S,0,qac_v0.4_aligned,numbered_aligned
14:22,14:22:12:2,14:22:14:1,14:22:12,14:22:14,1S,3MS,1,qac_v0.4_aligned,numbered_aligned
14:22,14:22:14:1,14:22:21:1,14:22:14,14:22:21,3MS,1S,1,qac_v0.4_aligned,numbered_aligned
14:22,14:22:21:1,14:22:22:2,14:22:21,14:22:22,1S,2MP,1,qac_v0.4_aligned,numbered_aligned
14:22,14:22:26:2,14:22:35:1,14:22:26,14:22:35,2MP,1S,1,qac_v0.4_aligned,numbered_aligned
14:22,14:22:35:1,14:22:37:1,14:22:35,14:22:37,1S,2MP,1,qac_v0.4_aligned,numbered_aligned
14:24,14:24:2:1,14:24:4:1,14:24:2,14:24:4,2MS,3MS,1,qac_v0.4_aligned,numbered_aligned
14:25,14:25:7:2,14:25:12:1,14:25:7,14:25:12,3MS,3MP,0,qac_v0.4_aligned,numbered_aligned
14:27,14:27:12:2,14:27:15:2,14:27:12,14:27:15,3MS,3MS,0,qac_v0.4_aligned,numbered_aligned
14:27,14:27:15:2,14:27:18:1,14:27:15,14:27:18,3MS,3MS,0,qac_v0.4_aligned,numbered_aligned
14:28,14:28:2:1,14:28:5:1,14:28:2,14:28:5,2MS,3MP,1,qac_v0.4_aligned,numbered_aligned
14:28,14:28:5:1,14:28:9:2,14:28:5,14:28:9,3MP,3MP,0,qac_v0.4_aligned,numbered_aligned
14:29,14:29:2:1,14:29:3:2,14:29:2,14:29:3,3MP,3MS,0,qac_v0.4_aligned,numbered_aligned
14:30,14:30:1:2,14:30:4:2,14:30:1,14:30:4,3MP,3MP,0,qac_v0.4_aligned,numbered_aligned
14:30,14:30:4:2,14:30:7:1,14:30:4,14:30:7,3MP,2MS,1,qac_v0.4_aligned,numbered_aligned
14:30,14:30:7:1,14:30:8:1,14:30:7,14:30:8,2MS,2MP,0,qac_v0.4_aligned,numbered_aligned
14:31,14:31:5:1,14:31:7:2,14:31:5,14:31:7,3MP,3MP,0,qac_v0.4_aligned,numbered_aligned
14:31,14:31:7:2,14:31:9:1,14:31:7,14:31:9,3MP,1P,1,qac_v0.4_aligned,numbered_aligned
14:32,14:32:3:1,14:32:6:2,14:32:3,14:32:6,3MS,3MS,0,qac_v0.4_aligned,numbered_aligned
14:32,14:32:6:2,14:32:10:2,14:32:6,14:32:10,3MS,3MS,0,qac_v0.4_aligned,numbered_aligned
14:32,14:32:10:2,14:32:16:2,14:32:10,14:32:16,3MS,3MS,0,qac_v0.4_aligned,numbered_aligned
14:33,14:33:1:2,14:33:6:2,14:33:1,14:33:6,3MS,3MS,0,qac_v0.4_aligned,numbered_aligned
14:34,14:34:5:1,14:34:7:1,14:34:5,14:34:7,2MP,2MP,0,qac_v0.4_aligned,numbered_aligned
14:34,14:34:7:1,14:34:11:1,14:34:7,14:34:11,2MP,2MP,0,qac_v0.4_aligned,numbered_aligned
14:35,14:35:2:1,14:35:5:1,14:35:2,14:35:5,3MS,2MS,1,qac_v0.4_aligned,numbered_aligned
14:37,14:37:3:1,14:37:14:2,14:37:3,14:37:14,1S,3MP,1,qac_v0.4_aligned,numbered_aligned
14:37,14:37:14:2,14:37:16:2,14:37:14,14:37:16,3MP,2MS,1,qac_v0.4_aligned,numbered_aligned
14:37,14:37:22:2,14:37:26:1,14:37:22,14:37:26,2MS,3MP,1,qac_v0.4_aligned,numbered_aligned
14:38,14:38:7:1,14:38:9:1,14:38:7,14:38:9,1P,3MS,1,qac_v0.4_aligned,numbered_aligned
14:41,14:41:2:1,14:41:7:1,14:41:2,14:41:7,2MS,3MS,1,qac_v0.4_aligned,numbered_aligned
14:42,14:42:2:1,14:42:6:1,14:42:2,14:42:6,2MS,3MS,1,qac_v0.4_aligned,numbered_aligned
14:42,14:42:6:1,14:42:9:1,14:42:6,14:42:9,3MS,3MS,0,qac_v0.4_aligned,numbered_aligned
14:42,14:42:9:1,14:42:11:1,14:42:9,14:42:11,3MS,3FS,0,qac_v0.4_aligned,numbered_aligned
14:44,14:44:1:2,14:44:4:1,14:44:1,14:44:4,2MS,3MS,1,qac_v0.4_aligned,numbered_aligned
14:44,14:44:4:1,14:44:6:2,14:44:4,14:44:6,3MS,3MS,0,qac_v0.4_aligned,numbered_aligned
14:44,14:44:6:2,14:44:8:1,14:44:6,14:44:8,3MS,3MP,0,qac_v0.4_aligned,numbered_aligned
14:44,14:44:8:1,14:44:10:1,14:44:8,14:44:10,3MP,2MS,1,qac_v0.4_aligned,numbered_aligned
14:44,14:44:10:1,14:44:14:1,14:44:10,14:44:14,2MS,1P,1,qac_v0.4_aligned,numbered_aligned
14:44,14:44:14:1,14:44:16:2,14:44:14,14:44:16,1P,1P,0,qac_v0.4_aligned,numbered_aligned
14:44,14:44:16:2,14:44:19:1,14:44:16,14:44:19,1P,2MP,1,qac_v0.4_aligned,numbered_aligned
14:44,14:44:19:1,14:44:20:1,14:44:19,14:44:20,2MP,2MP,0,qac_v0.4_aligned,numbered_aligned
14:45,14:45:1:2,14:45:5:1,14:45:1,14:45:5,2MP,3MP,1,qac_v0.4_aligned,numbered_aligned
14:45,14:45:5:1,14:45:7:2,14:45:5,14:45:7,3MP,3MS,0,qac_v0.4_aligned,numbered_aligned
14:45,14:45:7:2,14:45:10:1,14:45:7,14:45:10,3MS,1P,1,qac_v0.4_aligned,numbered_aligned
14:45,14:45:10:1,14:45:12:2,14:45:10,14:45:12,1P,1P,0,qac_v0.4_aligned,numbered_aligned
14:46,14:46:2:1,14:46:8:1,14:46:2,14:46:8,3MP,3MS,0,qac_v0.4_aligned,numbered_aligned
14:46,14:46:8:1,14:46:10:2,14:46:8,14:46:10,3MS,3FS,0,qac_v0.4_aligned,numbered_aligned
14:48,14:48:2:1,14:48:7:2,14:48:2,14:48:7,3FS,3MP,0,qac_v0.4_aligned,numbered_aligned
14:52,14:52:4:3,14:52:6:3,14:52:4,14:52:6,3MP,3MP,0,qac_v0.4_aligned,numbered_aligned
14:52,14:52:6:3,14:52:11:3,14:52:6,14:52:11,3MP,3MS,0,qac_v0.4_aligned,numbered_aligned
15:2,15:2:2:1,15:2:4:1,15:2:2,15:2:4,3MS,3MP,0,qac_v0.4_aligned,numbered_aligned
15:2,15:2:4:1,15:2:6:1,15:2:4,15:2:6,3MP,3MP,0,qac_v0.4_aligned,numbered_aligned
15:3,15:3:1:1,15:3:2:1,15:3:1,15:3:2,2MS,3MP,1,qac_v0.4_aligned,numbered_aligned
15:3,15:3:2:1,15:3:3:2,15:3:2,15:3:3,3MP,3MP,0,qac_v0.4_aligned,numbered_aligned
15:3,15:3:3:2,15:3:4:2,15:3:3,15:3:4,3MP,3MS,0,qac_v0.4_aligned,numbered_aligned
15:3,15:3:4:2,15:3:7:1,15:3:4,15:3:7,3MS,3MP,0,qac_v0.4_aligned,numbered_aligned
15:6,15:6:1:2,15:6:4:1,15:6:1,15:6:5,3MP,3MS,0,qac_v0.4_aligned,numbered_aligned
15:7,15:7:3:1,15:7:6:1,15:7:3,15:7:6,2MS,2MS,0,qac_v0.4_aligned,numbered_aligned
15:8,15:8:2:1,15:8:7:1,15:8:2,15:8:7,1P,3MP,1,qac_v0.4_aligned,numbered_aligned
15:11,15:11:2:1,15:11:6:1,15:11:2,15:11:6,3MS,3MP,0,qac_v0.4_aligned,numbered_aligned
15:13,15:13:2:1,15:13:5:1,15:13:2,15:13:5,3MP,3FS,0,qac_v0.4_aligned,numbered_aligned
15:14,15:14:2:1,15:14:7:2,15:14:2,15:14:7,1P,3MP,1,qac_v0.4_aligned,numbered_aligned
15:14,15:14:7:2,15:14:9:1,15:14:7,15:14:9,3MP,3MP,0,qac_v0.4_aligned,numbered_aligned
15:15,15:15:1:2,15:15:3:1,15:15:1,15:15:3,3MP,3FS,0,qac_v0.4_aligned,numbered_aligned
15:16,15:16:2:1,15:16:6:2,15:16:2,15:16:6,1P,1P,0,qac_v0.4_aligned,numbered_aligned
15:18,15:18:3:1,15:18:5:2,15:18:3,15:18:5,3MS,3MS,0,qac_v0.4_aligned,numbered_aligned
15:19,15:19:2:1,15:19:3:2,15:19:2,15:19:3,1P,1P,0,qac_v0.4_aligned,numbered_aligned
15:19,15:19:3:2,15:19:6:2,15:19:3,15:19:6,1P,1P,0,qac_v0.4_aligned,numbered_aligned
15:20,15:20:1:2,15:20:6:1,15:20:1,15:20:6,1P,2MP,1,qac_v0.4_aligned,numbered_aligned
15:22,15:22:1:2,15:22:4:2,15:22:1,15:22:4,1P,1P,0,qac_v0.4_aligned,numbered_aligned
15:22,15:22:4:2,15:22:8:2,15:22:4,15:22:8,1P,1P,0,qac_v0.4_aligned,numbered_aligned
15:24,15:24:2:1,15:24:6:1,15:24:2,15:24:6,1P,1P,0,qac_v0.4_aligned,numbered_aligned
15:29,15:29:2:1,15:29:3:2,15:29:2,15:29:3,1S,1S,0,qac_v0.4_aligned,numbered_aligned
15:29,15:29:3:2,15:29:7:2,15:29:3,15:29:7,1S,2MP,1,qac_v0.4_aligned,numbered_aligned
15:31,15:31:3:1,15:31:5:1,15:31:3,15:31:5,3MS,3MS,0,qac_v0.4_aligned,numbered_aligned
15:32,15:32:1:1,15:32:6:1,15:32:1,15:32:7,3MS,2MS,1,qac_v0.4_aligned,numbered_aligned
15:33,15:33:1:1,15:33:3:1,15:33:1,15:33:3,3MS,1S,1,qac_v0.4_aligned,numbered_aligned
15:33,15:33:3:1,15:33:4:2,15:33:3,15:33:4,1S,1S,0,qac_v0.4_aligned,numbered_aligned
15:33,15:33:4:2,15:33:6:1,15:33:4,15:33:6,1S,2MS,1,qac_v0.4_aligned,numbered_aligned
15:34,15:34:1:1,15:34:2:2,15:34:1,15:34:2,3MS,2MS,1,qac_v0.4_aligned,numbered_aligned
15:39,15:39:5:2,15:39:9:3,15:39:5,15:39:9,1S,1S,0,qac_v0.4_aligned,numbered_aligned
15:42,15:42:3:1,15:42:9:1,15:42:3,15:42:9,3MS,3MS,0,qac_v0.4_aligned,numbered_aligned
15:52,15:52:2:1,15:52:4:2,15:52:2,15:52:4,3MP,3MP,0,qac_v0.4_aligned,numbered_aligned
15:52,15:52:4:2,15:52:6:1,15:52:4,15:52:6,3MP,3MS,0,qac_v0.4_aligned,numbered_aligned
15:53,15:53:1:1,15:53:3:1,15:53:1,15:53:3,3MP,2MS,1,qac_v0.4_aligned,numbered_aligned
15:53,15:53:3:1,15:53:5:1,15:53:3,15:53:5,2MS,1P,1,qac_v0.4_aligned,numbered_aligned
15:55,15:55:1:1,15:55:2:1,15:55:1,15:55:2,3MP,1P,1,qac_v0.4_aligned,numbered_aligned
15:55,15:55:2:1,15:55:5:1,15:55:2,15:55:5,1P,2MS,1,qac_v0.4_aligned,numbered_aligned
15:56,15:56:1:1,15:56:3:1,15:56:1,15:56:3,3MS,3MS,0,qac_v0.4_aligned,numbered_aligned
15:58,15:58:1:1,15:58:3:1,15:58:1,15:58:3,3MP,1P,1,qac_v0.4_aligned,numbered_aligned
15:63,15:63:1:1,15:63:3:1,15:63:1,15:63:3,3MP,1P,1,qac_v0.4_aligned,numbered_aligned
15:63,15:63:3:1,15:63:5:1,15:63:3,15:63:5,1P,3MP,1,qac_v0.4_aligned,numbered_aligned
15:63,15:63:5:1,15:63:7:1,15:63:5,15:63:7,3MP,3MP,0,qac_v0.4_aligned,numbered_aligned
15:65,15:65:1:2,15:65:6:2,15:65:1,15:65:6,2MS,2MS,0,qac_v0.4_aligned,numbered_aligned
15:65,15:65:6:2,15:65:9:1,15:65:6,15:65:9,2MS,3MS,1,qac_v0.4_aligned,numbered_aligned
15:65,15:65:9:1,15:65:12:2,15:65:9,15:65:12,3MS,2MP,1,qac_v0.4_aligned,numbered_aligned
15:65,15:65:12:2,15:65:14:1,15:65:12,15:65:14,2MP,2MP,0,qac_v0.4_aligned,numbered_aligned
15:67,15:67:1:2,15:67:4:1,15:67:1,15:67:4,3MS,3MP,0,qac_v0.4_aligned,numbered_aligned
15:68,15:68:1:1,15:68:6:1,15:68:1,15:68:6,3MS,2MP,1,qac_v0.4_aligned,numbered_aligned
15:69,15:69:1:2,15:69:4:1,15:69:1,15:69:4,2MP,2MP,0,qac_v0.4_aligned,numbered_aligned
15:70,15:70:1:1,15:70:3:1,15:70:1,15:70:3,3MP,1P,1,qac_v0.4_aligned,numbered_aligned
15:71,15:71:1:1,15:71:5:1,15:71:1,15:71:5,3MS,2MP,1,qac_v0.4_aligned,numbered_aligned
15:74,15:74:1:2,15:74:4:2,15:74:1,15:74:4,1P,1P,0,qac_v0.4_aligned,numbered_aligned
15:82,15:82:1:2,15:82:2:1,15:82:1,15:82:2,3MP,3MP,0,qac_v0.4_aligned,numbered_aligned
15:84,15:84:2:1,15:84:5:1,15:84:2,15:84:5,3MS,3MP,0,qac_v0.4_aligned,numbered_aligned
15:84,15:84:5:1,15:84:6:1,15:84:5,15:84:6,3MP,3MP,0,qac_v0.4_aligned,numbered_aligned
15:85,15:85:2:1,15:85:12:2,15:85:2,15:85:12,1P,2MS,1,qac_v0.4_aligned,numbered_aligned
15:88,15:88:2:1,15:88:6:1,15:88:2,15:88:6,2MS,1P,1,qac_v0.4_aligned,numbered_aligned
15:88,15:88:6:1,15:88:11:1,15:88:6,15:88:11,1P,2MS,1,qac_v0.4_aligned,numbered_aligned
15:88,15:88:11:1,15:88:13:2,15:88:11,15:88:13,2MS,2MS,0,qac_v0.4_aligned,numbered_aligned
15:93,15:93:2:1,15:93:3:1,15:93:2,15:93:3,3MP,3MP,0,qac_v0.4_aligned,numbered_aligned
15:94,15:94:1:2,15:94:3:1,15:94:1,15:94:3,2MS,2MS,0,qac_v0.4_aligned,numbered_aligned
15:94,15:94:3:1,15:94:4:2,15:94:3,15:94:4,2MS,2MS,0,qac_v0.4_aligned,numbered_aligned
15:96,15:96:2:1,15:96:8:1,15:96:2,15:96:8,3MP,3MP,0,qac_v0.4_aligned,numbered_aligned
15:97,15:97:2:1,15:97:4:1,15:97:2,15:97:4,1P,3MS,1,qac_v0.4_aligned,numbered_aligned
15:97,15:97:4:1,15:97:7:1,15:97:4,15:97:7,3MS,3MP,0,qac_v0.4_aligned,numbered_aligned
15:98,15:98:1:2,15:98:4:2,15:98:1,15:98:4,2MS,2MS,0,qac_v0.4_aligned,numbered_aligned
15:99,15:99:1:2,15:99:4:1,15:99:1,15:99:4,2MS,3MS,1,qac_v0.4_aligned,numbered_aligned
16:1,16:1:1:1,16:1:5:1,16:1:5,16:1:9,3MS,2MP,1,qac_v0.4_aligned,numbered_aligned
16:1,16:1:5:1,16:1:7:2,16:1:9,16:1:11,2MP,3MS,1,qac_v0.4_aligned,numbered_aligned
16:1,16:1:7:2,16:1:9:1,16:1:11,16:1:13,3MS,3MP,0,qac_v0.4_aligned,numbered_aligned
16:2,16:2:1:1,16:2:8:1,16:2:1,16:2:8,3MS,3MS,0,qac_v0.4_aligned,numbered_aligned
16:2,16:2:8:1,16:2:12:1,16:2:8,16:2:12,3MS,2MP,1,qac_v0.4_aligned,numbered_aligned
16:2,16:2:12:1,16:2:18:2,16:2:12,16:2:18,2MP,2MP,0,qac_v0.4_aligned,numbered_aligned
16:3,16:3:1:1,16:3:5:1,16:3:1,16:3:5,3MS,3MS,0,qac_v0.4_aligned,numbered_aligned
16:3,16:3:5:1,16:3:7:1,16:3:5,16:3:7,3MS,3MP,0,qac_v0.4_aligned,numbered_aligned
16:5,16:5:2:1,16:5:8:1,16:5:2,16:5:8,3MS,2MP,1,qac_v0.4_aligned,numbered_aligned
16:6,16:6:5:1,16:6:7:1,16:6:5,16:6:7,2MP,2MP,0,qac_v0.4_aligned,numbered_aligned
16:7,16:7:1:2,16:7:6:1,16:7:1,16:7:6,3FS,2MP,1,qac_v0.4_aligned,numbered_aligned
16:8,16:8:4:2,16:8:6:2,16:8:4,16:8:6,2MP,3MS,1,qac_v0.4_aligned,numbered_aligned
16:8,16:8:6:2,16:8:9:1,16:8:6,16:8:9,3MS,2MP,1,qac_v0.4_aligned,numbered_aligned
16:10,16:10:3:1,16:10:13:1,16:10:3,16:10:13,3MS,2MP,1,qac_v0.4_aligned,numbered_aligned
16:11,16:11:1:1,16:11:16:1,16:11:1,16:11:16,3MS,3MP,0,qac_v0.4_aligned,numbered_aligned
16:12,16:12:1:2,16:12:15:1,16:12:1,16:12:15,3MS,3MP,0,qac_v0.4_aligned,numbered_aligned
16:13,16:13:2:1,16:13:13:1,16:13:2,16:13:13,3MS,3MP,0,qac_v0.4_aligned,numbered_aligned
16:14,16:14:3:1,16:14:5:2,16:14:3,16:14:5,3MS,2MP,1,qac_v0.4_aligned,numbered_aligned
16:14,16:14:5:2,16:14:9:2,16:14:5,16:14:9,2MP,2MP,0,qac_v0.4_aligned,numbered_aligned
16:14,16:14:9:2,16:14:12:1,16:14:9,16:14:12,2MP,2MP,0,qac_v0.4_aligned,numbered_aligned
16:14,16:14:12:1,16:14:13:2,16:14:12,16:14:13,2MP,2MS,0,qac_v0.4_aligned,numbered_aligned
16:14,16:14:13:2,16:14:17:3,16:14:13,16:14:17,2MS,2MP,0,qac_v0.4_aligned,numbered_aligned
16:14,16:14:17:3,16:14:21:1,16:14:17,16:14:21,2MP,2MP,0,qac_v0.4_aligned,numbered_aligned
16:15,16:15:1:2,16:15:6:1,16:15:1,16:15:6,3MS,3FS,0,qac_v0.4_aligned,numbered_aligned
16:15,16:15:6:1,16:15:11:1,16:15:6,16:15:11,3FS,2MP,1,qac_v0.4_aligned,numbered_aligned
16:17,16:17:2:1,16:17:5:1,16:17:2,16:17:5,3MS,3MS,0,qac_v0.4_aligned,numbered_aligned
16:17,16:17:5:1,16:17:7:1,16:17:5,16:17:7,3MS,2MP,1,qac_v0.4_aligned,numbered_aligned
16:18,16:18:2:1,16:18:6:1,16:18:2,16:18:6,2MP,2MP,0,qac_v0.4_aligned,numbered_aligned
16:19,16:19:2:1,16:19:4:1,16:19:2,16:19:4,3MS,2MP,1,qac_v0.4_aligned,numbered_aligned
16:19,16:19:4:1,16:19:6:1,16:19:4,16:19:6,2MP,2MP,0,qac_v0.4_aligned,numbered_aligned
16:20,16:20:2:1,16:20:7:1,16:20:2,16:20:7,3MP,3MP,0,qac_v0.4_aligned,numbered_aligned
16:20,16:20:7:1,16:20:10:1,16:20:7,16:20:10,3MP,3MP,0,qac_v0.4_aligned,numbered_aligned
16:21,16:21:5:1,16:21:7:1,16:21:5,16:21:7,3MP,3MP,0,qac_v0.4_aligned,numbered_aligned
16:23,16:23:5:1,16:23:7:1,16:23:5,16:23:7,3MS,3MP,0,qac_v0.4_aligned,numbered_aligned
16:23,16:23:7:1,16:23:9:1,16:23:7,16:23:9,3MP,3MP,0,qac_v0.4_aligned,numbered_aligned
16:23,16:23:9:1,16:23:12:1,16:23:9,16:23:12,3MP,3MS,0,qac_v0.4_aligned,numbered_aligned
16:24,16:24:2:1,16:24:5:1,16:24:2,16:24:5,3MS,3MS,0,qac_v0.4_aligned,numbered_aligned
16:24,16:24:5:1,16:24:7:1,16:24:5,16:24:7,3MS,3MP,0,qac_v0.4_aligned,numbered_aligned
16:25,16:25:1:2,16:25:9:1,16:25:1,16:25:9,3MP,3MP,0,qac_v0.4_aligned,numbered_aligned
16:25,16:25:9:1,16:25:13:1,16:25:9,16:25:13,3MP,3MS,0,qac_v0.4_aligned,numbered_aligned
16:25,16:25:13:1,16:25:15:1,16:25:13,16:25:15,3MS,3MP,0,qac_v0.4_aligned,numbered_aligned
16:26,16:26:2:1,16:26:6:2,16:26:2,16:26:6,3MS,3MS,0,qac_v0.4_aligned,numbered_aligned
16:26,16:26:6:2,16:26:11:2,16:26:6,16:26:11,3MS,3MS,0,qac_v0.4_aligned,numbered_aligned
16:27,16:27:4:1,16:27:5:2,16:27:4,16:27:5,3MS,3MS,0,qac_v0.4_aligned,numbered_aligned
16:27,16:27:5:2,16:27:9:1,16:27:5,16:27:9,3MS,2MP,1,qac_v0.4_aligned,numbered_aligned
16:27,16:27:9:1,16:27:10:1,16:27:9,16:27:10,2MP,2MP,0,qac_v0.4_aligned,numbered_aligned
16:27,16:27:10:1,16:27:12:1,16:27:10,16:27:12,2MP,3MS,1,qac_v0.4_aligned,numbered_aligned
16:27,16:27:12:1,16:27:14:1,16:27:12,16:27:14,3MS,3MP,0,qac_v0.4_aligned,numbered_aligned
16:28,16:28:6:2,16:28:9:1,16:28:6,16:28:9,3MP,1P,1,qac_v0.4_aligned,numbered_aligned
16:28,16:28:9:1,16:28:10:1,16:28:9,16:28:10,1P,1P,0,qac_v0.4_aligned,numbered_aligned
16:28,16:28:10:1,16:28:18:1,16:28:10,16:28:18,1P,2MP,1,qac_v0.4_aligned,numbered_aligned
16:28,16:28:18:1,16:28:19:1,16:28:18,16:28:19,2MP,2MP,0,qac_v0.4_aligned,numbered_aligned
16:29,16:29:1:2,16:29:6:3,16:29:1,16:29:6,2MP,3MS,1,qac_v0.4_aligned,numbered_aligned
16:30,16:30:1:2,16:30:3:1,16:30:1,16:30:3,3MS,3MP,0,qac_v0.4_aligned,numbered_aligned
16:30,16:30:3:1,16:30:5:1,16:30:3,16:30:5,3MP,3MS,0,qac_v0.4_aligned,numbered_aligned
16:30,16:30:5:1,16:30:7:1,16:30:5,16:30:7,3MS,3MP,0,qac_v0.4_aligned,numbered_aligned
16:30,16:30:7:1,16:30:10:1,16:30:7,16:30:10,3MP,3MP,0,qac_v0.4_aligned,numbered_aligned
16:30,16:30:10:1,16:30:18:3,16:30:10,16:30:18,3MP,3MS,0,qac_v0.4_aligned,numbered_aligned
16:32,16:32:5:1,16:32:8:1,16:32:5,16:32:8,3MP,2MP,1,qac_v0.4_aligned,numbered_aligned
16:32,16:32:8:1,16:32:11:1,16:32:8,16:32:11,2MP,2MP,0,qac_v0.4_aligned,numbered_aligned
16:32,16:32:11:1,16:32:12:1,16:32:11,16:32:12,2MP,2MP,0,qac_v0.4_aligned,numbered_aligned
16:33,16:33:2:1,16:33:5:1,16:33:2,16:33:5,3MP,3FS,0,qac_v0.4_aligned,numbered_aligned
16:33,16:33:12:1,16:33:17:1,16:33:12,16:33:17,3MS,3MS,0,qac_v0.4_aligned,numbered_aligned
16:33,16:33:17:1,16:33:20:1,16:33:17,16:33:20,3MS,3MP,0,qac_v0.4_aligned,numbered_aligned
16:33,16:33:20:1,16:33:22:1,16:33:20,16:33:22,3MP,3MP,0,qac_v0.4_aligned,numbered_aligned
16:34,16:34:1:2,16:34:4:1,16:34:1,16:34:4,3MS,3MP,0,qac_v0.4_aligned,numbered_aligned
16:34,16:34:4:1,16:34:5:2,16:34:4,16:34:5,3MP,3MS,0,qac_v0.4_aligned,numbered_aligned
16:34,16:34:5:2,16:34:8:1,16:34:5,16:34:8,3MS,3MP,0,qac_v0.4_aligned,numbered_aligned
16:35,16:35:1:2,16:35:3:1,16:35:1,16:35:3,3MS,3MP,0,qac_v0.4_aligned,numbered_aligned
16:35,16:35:3:1,16:35:5:1,16:35:3,16:35:5,3MP,3MS,0,qac_v0.4_aligned,numbered_aligned
16:35,16:35:5:1,16:35:8:1,16:35:5,16:35:8,3MS,1P,1,qac_v0.4_aligned,numbered_aligned
16:35,16:35:8:1,16:35:17:1,16:35:8,16:35:17,1P,1P,0,qac_v0.4_aligned,numbered_aligned
16:35,16:35:17:1,16:35:23:1,16:35:17,16:35:23,1P,3MS,1,qac_v0.4_aligned,numbered_aligned
16:36,16:36:2:1,16:36:8:1,16:36:2,16:36:8,1P,2MP,1,qac_v0.4_aligned,numbered_aligned
16:36,16:36:8:1,16:36:10:2,16:36:8,16:36:10,2MP,2MP,0,qac_v0.4_aligned,numbered_aligned
16:36,16:36:10:2,16:36:14:1,16:36:10,16:36:14,2MP,3MS,1,qac_v0.4_aligned,numbered_aligned
16:36,16:36:14:1,16:36:18:1,16:36:14,16:36:18,3MS,3FS,0,qac_v0.4_aligned,numbered_aligned
16:36,16:36:18:1,16:36:21:2,16:36:18,16:36:21,3FS,2MP,1,qac_v0.4_aligned,numbered_aligned
16:36,16:36:21:2,16:36:24:2,16:36:21,16:36:24,2MP,2MP,0,qac_v0.4_aligned,numbered_aligned
16:36,16:36:24:2,16:36:26:1,16:36:24,16:36:26,2MP,3MS,1,qac_v0.4_aligned,numbered_aligned
16:38,16:38:1:2,16:38:6:1,16:38:1,16:38:6,3MP,3MS,0,qac_v0.4_aligned,numbered_aligned
16:38,16:38:6:1,16:38:9:1,16:38:6,16:38:9,3MS,3MS,0,qac_v0.4_aligned,numbered_aligned
16:38,16:38:9:1,16:38:18:1,16:38:9,16:38:18,3MS,3MP,0,qac_v0.4_aligned,numbered_aligned
16:39,16:39:1:2,16:39:4:1,16:39:1,16:39:4,3MS,3MP,0,qac_v0.4_aligned,numbered_aligned
16:39,16:39:4:1,16:39:6:3,16:39:4,16:39:6,3MP,3MS,0,qac_v0.4_aligned,numbered_aligned
16:39,16:39:6:3,16:39:8:1,16:39:6,16:39:8,3MS,3MP,0,qac_v0.4_aligned,numbered_aligned
16:39,16:39:8:1,16:39:10:1,16:39:8,16:39:10,3MP,3MP,0,qac_v0.4_aligned,numbered_aligned
16:40,16:40:5:1,16:40:7:1,16:40:5,16:40:7,1P,1P,0,qac_v0.4_aligned,numbered_aligned
16:40,16:40:7:1,16:40:9:1,16:40:7,16:40:9,1P,2MS,1,qac_v0.4_aligned,numbered_aligned
16:40,16:40:9:1,16:40:10:2,16:40:9,16:40:10,2MS,3MS,1,qac_v0.4_aligned,numbered_aligned
16:41,16:41:2:1,16:41:8:1,16:41:2,16:41:8,3MP,3MP,0,qac_v0.4_aligned,numbered_aligned
16:41,16:41:8:1,16:41:9:2,16:41:8,16:41:9,3MP,1P,1,qac_v0.4_aligned,numbered_aligned
16:41,16:41:9:2,16:41:17:1,16:41:9,16:41:17,1P,3MP,1,qac_v0.4_aligned,numbered_aligned
16:41,16:41:17:1,16:41:18:1,16:41:17,16:41:18,3MP,3MP,0,qac_v0.4_aligned,numbered_aligned
16:42,16:42:2:1,16:42:5:1,16:42:2,16:42:5,3MP,3MP,0,qac_v0.4_aligned,numbered_aligned
16:43,16:43:13:1,16:43:15:1,16:43:13,16:43:15,2MP,2MP,0,qac_v0.4_aligned,numbered_aligned
16:44,16:44:3:2,16:44:6:2,16:44:3,16:44:6,1P,2MS,1,qac_v0.4_aligned,numbered_aligned
16:44,16:44:6:2,16:44:9:1,16:44:6,16:44:9,2MS,3MS,1,qac_v0.4_aligned,numbered_aligned
16:44,16:44:9:1,16:44:12:1,16:44:9,16:44:12,3MS,3MP,0,qac_v0.4_aligned,numbered_aligned
16:45,16:45:1:3,16:45:3:1,16:45:1,16:45:3,3MS,3MP,0,qac_v0.4_aligned,numbered_aligned
16:45,16:45:3:1,16:45:6:1,16:45:3,16:45:6,3MP,3MS,0,qac_v0.4_aligned,numbered_aligned
16:45,16:45:6:1,16:45:11:1,16:45:6,16:45:11,3MS,3MS,0,qac_v0.4_aligned,numbered_aligned
16:45,16:45:11:1,16:45:16:1,16:45:11,16:45:16,3MS,3MP,0,qac_v0.4_aligned,numbered_aligned
16:48,16:48:2:1,16:48:5:1,16:48:2,16:48:5,3MP,3MS,0,qac_v0.4_aligned,numbered_aligned
16:49,16:49:2:1,16:49:14:1,16:49:2,16:49:14,3MS,3MP,0,qac_v0.4_aligned,numbered_aligned
16:50,16:50:1:1,16:50:5:2,16:50:1,16:50:5,3MP,3MP,0,qac_v0.4_aligned,numbered_aligned
16:50,16:50:5:2,16:50:7:1,16:50:5,16:50:7,3MP,3MP,0,qac_v0.4_aligned,numbered_aligned
16:51,16:51:1:2,16:51:4:1,16:51:1,16:51:4,3MS,2MP,1,qac_v0.4_aligned,numbered_aligned
16:51,16:51:4:1,16:51:12:2,16:51:4,16:51:12,2MP,2MP,0,qac_v0.4_aligned,numbered_aligned
16:54,16:54:3:1,16:54:10:1,16:54:3,16:54:10,3MS,3MP,0,qac_v0.4_aligned,numbered_aligned
16:55,16:55:4:2,16:55:6:1,16:55:4,16:55:6,2MP,2MP,0,qac_v0.4_aligned,numbered_aligned
16:56,16:56:1:2,16:56:4:1,16:56:1,16:56:4,3MP,3MP,0,qac_v0.4_aligned,numbered_aligned
16:56,16:56:4:1,16:56:7:1,16:56:4,16:56:7,3MP,1P,1,qac_v0.4_aligned,numbered_aligned
16:56,16:56:11:1,16:56:12:1,16:56:11,16:56:12,2MP,2MP,0,qac_v0.4_aligned,numbered_aligned
16:57,16:57:1:2,16:57:7:1,16:57:1,16:57:7,3MP,3MP,0,qac_v0.4_aligned,numbered_aligned
16:58,16:58:2:1,16:58:5:1,16:58:2,16:58:5,3MS,3MS,0,qac_v0.4_aligned,numbered_aligned
16:59,16:59:1:1,16:59:7:1,16:59:1,16:59:7,3MS,3MS,0,qac_v0.4_aligned,numbered_aligned
16:59,16:59:7:1,16:59:9:2,16:59:7,16:59:9,3MS,3MS,0,qac_v0.4_aligned,numbered_aligned
16:59,16:59:9:2,16:59:13:1,16:59:9,16:59:13,3MS,3MS,0,qac_v0.4_aligned,numbered_aligned
16:59,16:59:13:1,16:59:17:1,16:59:13,16:59:17,3MS,3MS,0,qac_v0.4_aligned,numbered_aligned
16:59,16:59:17:1,16:59:19:1,16:59:17,16:59:19,3MS,3MP,0,qac_v0.4_aligned,numbered_aligned
16:61,16:61:2:1,16:61:7:1,16:61:2,16:61:7,3MS,3MS,0,qac_v0.4_aligned,numbered_aligned
16:61,16:61:7:1,16:61:12:1,16:61:7,16:61:12,3MS,3MS,0,qac_v0.4_aligned,numbered_aligned
16:61,16:61:12:1,16:61:17:1,16:61:12,16:61:17,3MS,3MS,0,qac_v0.4_aligned,numbered_aligned
16:62,16:62:1:2,16:62:4:1,16:62:1,16:62:4,3MP,3MP,0,qac_v0.4_aligned,numbered_aligned
16:62,16:62:4:1,16:62:5:2,16:62:4,16:62:5,3MP,3FS,0,qac_v0.4_aligned,numbered_aligned
16:63,16:63:3:1,16:63:8:2,16:63:3,16:63:8,1P,3MS,1,qac_v0.4_aligned,numbered_aligned
16:64,16:64:2:1,16:64:6:2,16:64:2,16:64:6,1P,2MS,1,qac_v0.4_aligned,numbered_aligned
16:64,16:64:6:2,16:64:9:1,16:64:6,16:64:9,2MS,3MP,1,qac_v0.4_aligned,numbered_aligned
16:64,16:64:9:1,16:64:14:1,16:64:9,16:64:14,3MP,3MP,0,qac_v0.4_aligned,numbered_aligned
16:65,16:65:2:1,16:65:6:2,16:65:2,16:65:6,3MS,3MS,0,qac_v0.4_aligned,numbered_aligned
16:65,16:65:6:2,16:65:16:1,16:65:6,16:65:16,3MS,3MP,0,qac_v0.4_aligned,numbered_aligned
16:67,16:67:5:1,16:67:15:1,16:67:5,16:67:15,2MP,3MP,1,qac_v0.4_aligned,numbered_aligned
16:69,16:69:10:1,16:69:24:1,16:69:10,16:69:24,3MS,3MP,0,qac_v0.4_aligned,numbered_aligned
16:70,16:70:7:1,16:70:13:1,16:70:7,16:70:13,3MS,3MS,0,qac_v0.4_aligned,numbered_aligned
16:71,16:71:2:1,16:71:10:1,16:71:2,16:71:10,3MS,3MP,0,qac_v0.4_aligned,numbered_aligned
16:71,16:71:10:1,16:71:15:1,16:71:10,16:71:15,3MP,3FS,0,qac_v0.4_aligned,numbered_aligned
16:71,16:71:15:1,16:71:22:1,16:71:15,16:71:22,3FS,3MP,0,qac_v0.4_aligned,numbered_aligned
16:72,16:72:2:1,16:72:7:2,16:72:2,16:72:7,3MS,3MS,0,qac_v0.4_aligned,numbered_aligned
16:72,16:72:7:2,16:72:13:2,16:72:7,16:72:13,3MS,3MS,0,qac_v0.4_aligned,numbered_aligned
16:72,16:72:13:2,16:72:17:1,16:72:13,16:72:17,3MS,3MP,0,qac_v0.4_aligned,numbered_aligned
16:72,16:72:17:1,16:72:21:1,16:72:17,16:72:21,3MP,3MP,0,qac_v0.4_aligned,numbered_aligned
16:73,16:73:1:2,16:73:7:1,16:73:1,16:73:7,3MP,3MS,0,qac_v0.4_aligned,numbered_aligned
16:73,16:73:7:1,16:73:15:1,16:73:7,16:73:15,3MS,3MP,0,qac_v0.4_aligned,numbered_aligned
16:74,16:74:2:1,16:74:7:1,16:74:2,16:74:7,2MP,3MS,1,qac_v0.4_aligned,numbered_aligned
16:74,16:74:7:1,16:74:10:1,16:74:7,16:74:10,3MS,2MP,1,qac_v0.4_aligned,numbered_aligned
16:75,16:75:1:1,16:75:7:1,16:75:1,16:75:7,3MS,3MS,0,qac_v0.4_aligned,numbered_aligned
16:75,16:75:7:1,16:75:11:1,16:75:7,16:75:11,3MS,1P,1,qac_v0.4_aligned,numbered_aligned
16:75,16:75:11:1,16:75:16:1,16:75:11,16:75:16,1P,3MS,1,qac_v0.4_aligned,numbered_aligned
16:76,16:76:1:2,16:76:8:1,16:76:1,16:76:8,3MS,3MS,0,qac_v0.4_aligned,numbered_aligned
16:76,16:76:8:1,16:76:16:1,16:76:8,16:76:16,3MS,3MS,0,qac_v0.4_aligned,numbered_aligned
16:76,16:76:16:1,16:76:18:1,16:76:16,16:76:18,3MS,3MS,0,qac_v0.4_aligned,numbered_aligned
16:78,16:78:2:1,16:78:7:1,16:78:2,16:78:7,3MS,2MP,1,qac_v0.4_aligned,numbered_aligned
16:78,16:78:7:1,16:78:9:2,16:78:7,16:78:9,2MP,3MS,1,qac_v0.4_aligned,numbered_aligned
16:78,16:78:9:2,16:78:15:1,16:78:9,16:78:15,3MS,2MP,1,qac_v0.4_aligned,numbered_aligned
16:79,16:79:2:1,16:79:10:1,16:79:2,16:79:10,3MP,3MS,0,qac_v0.4_aligned,numbered_aligned
16:79,16:79:10:1,16:79:18:1,16:79:10,16:79:18,3MS,3MP,0,qac_v0.4_aligned,numbered_aligned
16:80,16:80:2:1,16:80:7:2,16:80:2,16:80:7,3MS,3MS,0,qac_v0.4_aligned,numbered_aligned
16:80,16:80:7:2,16:80:13:1,16:80:7,16:80:13,3MS,2MP,1,qac_v0.4_aligned,numbered_aligned
16:81,16:81:2:1,16:81:5:1,16:81:2,16:81:5,3MS,3MS,0,qac_v0.4_aligned,numbered_aligned
16:81,16:81:5:1,16:81:7:2,16:81:5,16:81:7,3MS,3MS,0,qac_v0.4_aligned,numbered_aligned
16:81,16:81:7:2,16:81:12:2,16:81:7,16:81:12,3MS,3MS,0,qac_v0.4_aligned,numbered_aligned
16:81,16:81:12:2,16:81:15:1,16:81:12,16:81:15,3MS,3FS,0,qac_v0.4_aligned,numbered_aligned
16:81,16:81:15:1,16:81:18:1,16:81:15,16:81:18,3FS,3FS,0,qac_v0.4_aligned,numbered_aligned
16:81,16:81:18:1,16:81:21:1,16:81:18,16:81:21,3FS,3MS,0,qac_v0.4_aligned,numbered_aligned
16:81,16:81:21:1,16:81:25:1,16:81:21,16:81:25,3MS,2MP,1,qac_v0.4_aligned,numbered_aligned
16:83,16:83:1:1,16:83:5:1,16:83:1,16:83:5,3MP,3MP,0,qac_v0.4_aligned,numbered_aligned
16:84,16:84:2:1,16:84:9:1,16:84:2,16:84:9,1P,3MS,1,qac_v0.4_aligned,numbered_aligned
16:84,16:84:9:1,16:84:11:1,16:84:9,16:84:11,3MS,3MP,0,qac_v0.4_aligned,numbered_aligned
16:84,16:84:11:1,16:84:14:1,16:84:11,16:84:14,3MP,3MP,0,qac_v0.4_aligned,numbered_aligned
16:85,16:85:4:1,16:85:7:1,16:85:4,16:85:7,3MP,3MS,0,qac_v0.4_aligned,numbered_aligned
16:85,16:85:7:1,16:85:11:1,16:85:7,16:85:11,3MS,3MP,0,qac_v0.4_aligned,numbered_aligned
16:86,16:86:4:1,16:86:6:1,16:86:4,16:86:6,3MP,3MP,0,qac_v0.4_aligned,numbered_aligned
16:86,16:86:6:1,16:86:11:1,16:86:6,16:86:11,3MP,1P,1,qac_v0.4_aligned,numbered_aligned
16:87,16:87:1:2,16:87:6:2,16:87:1,16:87:6,3MP,3MS,0,qac_v0.4_aligned,numbered_aligned
16:87,16:87:6:2,16:87:9:1,16:87:6,16:87:9,3MS,3MP,0,qac_v0.4_aligned,numbered_aligned
16:87,16:87:9:1,16:87:10:1,16:87:9,16:87:10,3MP,3MP,0,qac_v0.4_aligned,numbered_aligned
16:88,16:88:2:1,16:88:3:2,16:88:2,16:88:3,3MP,3MP,0,qac_v0.4_aligned,numbered_aligned
16:88,16:88:3:2,16:88:7:1,16:88:3,16:88:7,3MP,1P,1,qac_v0.4_aligned,numbered_aligned
16:88,16:88:7:1,16:88:12:1,16:88:7,16:88:12,1P,3MP,1,qac_v0.4_aligned,numbered_aligned
16:88,16:88:12:1,16:88:13:1,16:88:12,16:88:13,3MP,3MP,0,qac_v0.4_aligned,numbered_aligned
16:89,16:89:2:1,16:89:10:2,16:89:2,16:89:10,1P,1P,0,qac_v0.4_aligned,numbered_aligned
16:89,16:89:10:2,16:89:15:2,16:89:10,16:89:15,1P,1P,0,qac_v0.4_aligned,numbered_aligned
16:90,16:90:3:1,16:90:9:2,16:90:3,16:90:9,3MS,3MS,0,qac_v0.4_aligned,numbered_aligned
16:90,16:90:9:2,16:90:14:1,16:90:9,16:90:14,3MS,3MS,0,qac_v0.4_aligned,numbered_aligned
16:90,16:90:14:1,16:90:16:1,16:90:14,16:90:16,3MS,2MP,1,qac_v0.4_aligned,numbered_aligned
16:91,16:91:1:2,16:91:5:1,16:91:1,16:91:5,2MP,2MP,0,qac_v0.4_aligned,numbered_aligned
16:91,16:91:5:1,16:91:7:1,16:91:5,16:91:7,2MP,2MP,0,qac_v0.4_aligned,numbered_aligned
16:91,16:91:7:1,16:91:12:1,16:91:7,16:91:12,2MP,2MP,0,qac_v0.4_aligned,numbered_aligned
16:91,16:91:12:1,16:91:18:1,16:91:12,16:91:18,2MP,3MS,1,qac_v0.4_aligned,numbered_aligned
16:91,16:91:18:1,16:91:20:1,16:91:18,16:91:20,3MS,2MP,1,qac_v0.4_aligned,numbered_aligned
16:92,16:92:2:1,16:92:4:1,16:92:2,16:92:4,2MP,3FS,1,qac_v0.4_aligned,numbered_aligned
16:92,16:92:4:1,16:92:10:1,16:92:4,16:92:10,3FS,2MP,1,qac_v0.4_aligned,numbered_aligned
16:92,16:92:10:1,16:92:15:1,16:92:10,16:92:15,2MP,3FS,1,qac_v0.4_aligned,numbered_aligned
16:92,16:92:15:1,16:92:18:1,16:92:15,16:92:18,3FS,3MS,0,qac_v0.4_aligned,numbered_aligned
16:92,16:92:18:1,16:92:22:1,16:92:18,16:92:22,3MS,3MS,0,qac_v0.4_aligned,numbered_aligned
16:92,16:92:22:1,16:92:25:3,16:92:22,16:92:25,3MS,3MS,0,qac_v0.4_aligned,numbered_aligned
16:92,16:92:25:3,16:92:30:1,16:92:25,16:92:30,3MS,2MP,1,qac_v0.4_aligned,numbered_aligned
16:92,16:92:30:1,16:92:32:1,16:92:30,16:92:32,2MP,2MP,0,qac_v0.4_aligned,numbered_aligned
16:93,16:93:2:1,16:93:4:2,16:93:2,16:93:4,3MS,3MS,0,qac_v0.4_aligned,numbered_aligned
16:93,16:93:4:2,16:93:8:1,16:93:4,16:93:8,3MS,3MS,0,qac_v0.4_aligned,numbered_aligned
16:93,16:93:8:1,16:93:10:1,16:93:8,16:93:10,3MS,3MS,0,qac_v0.4_aligned,numbered_aligned
16:93,16:93:16:1,16:93:17:1,16:93:16,16:93:17,2MP,2MP,0,qac_v0.4_aligned,numbered_aligned
16:94,16:94:2:1,16:94:6:2,16:94:2,16:94:6,2MP,3FS,1,qac_v0.4_aligned,numbered_aligned
16:94,16:94:6:2,16:94:10:2,16:94:6,16:94:10,3FS,2MP,1,qac_v0.4_aligned,numbered_aligned
16:94,16:94:10:2,16:94:13:1,16:94:10,16:94:13,2MP,2MP,0,qac_v0.4_aligned,numbered_aligned
16:95,16:95:2:1,16:95:14:1,16:95:2,16:95:14,2MP,2MP,0,qac_v0.4_aligned,numbered_aligned
16:95,16:95:14:1,16:95:15:1,16:95:14,16:95:15,2MP,2MP,0,qac_v0.4_aligned,numbered_aligned
16:96,16:96:3:1,16:96:8:3,16:96:3,16:96:8,3MS,1P,1,qac_v0.4_aligned,numbered_aligned
16:96,16:96:8:3,16:96:10:1,16:96:8,16:96:10,1P,3MP,1,qac_v0.4_aligned,numbered_aligned
16:96,16:96:10:1,16:96:14:1,16:96:10,16:96:14,3MP,3MP,0,qac_v0.4_aligned,numbered_aligned
16:96,16:96:14:1,16:96:15:1,16:96:14,16:96:15,3MP,3MP,0,qac_v0.4_aligned,numbered_aligned
16:97,16:97:2:1,16:97:10:3,16:97:2,16:97:10,3MS,1P,1,qac_v0.4_aligned,numbered_aligned
16:97,16:97:10:3,16:97:13:3,16:97:10,16:97:13,1P,1P,0,qac_v0.4_aligned,numbered_aligned
16:97,16:97:13:3,16:97:17:1,16:97:13,16:97:17,1P,3MP,1,qac_v0.4_aligned,numbered_aligned
16:97,16:97:17:1,16:97:18:1,16:97:17,16:97:18,3MP,3MP,0,qac_v0.4_aligned,numbered_aligned
16:98,16:98:2:1,16:98:4:2,16:98:2,16:98:4,2MS,2MS,0,qac_v0.4_aligned,numbered_aligned
16:101,16:101:2:1,16:101:9:1,16:101:2,16:101:9,1P,3MS,1,qac_v0.4_aligned,numbered_aligned
16:101,16:101:9:1,16:101:10:1,16:101:9,16:101:10,3MS,3MP,0,qac_v0.4_aligned,numbered_aligned
16:101,16:101:10:1,16:101:17:1,16:101:10,16:101:17,3MP,3MP,0,qac_v0.4_aligned,numbered_aligned
16:102,16:102:1:1,16:102:2:1,16:102:1,16:102:2,2MS,3MS,1,qac_v0.4_aligned,numbered_aligned
16:102,16:102:2:1,16:102:8:2,16:102:2,16:102:8,3MS,3MS,0,qac_v0.4_aligned,numbered_aligned
16:103,16:103:2:1,16:103:4:1,16:103:2,16:103:4,1P,3MP,1,qac_v0.4_aligned,numbered_aligned
16:103,16:103:4:1,16:103:6:1,16:103:4,16:103:6,3MP,3MS,0,qac_v0.4_aligned,numbered_aligned
16:103,16:103:6:1,16:103:10:1,16:103:6,16:103:10,3MS,3MP,0,qac_v0.4_aligned,numbered_aligned
16:104,16:104:4:1,16:104:8:1,16:104:4,16:104:8,3MP,3MS,0,qac_v0.4_aligned,numbered_aligned
16:106,16:106:2:1,16:106:9:1,16:106:2,16:106:9,3MS,3MS,0,qac_v0.4_aligned,numbered_aligned
16:106,16:106:9:1,16:106:15:1,16:106:9,16:106:15,3MS,3MS,0,qac_v0.4_aligned,numbered_aligned
16:110,16:110:5:1,16:110:9:1,16:110:5,16:110:9,3MP,3MP,0,qac_v0.4_aligned,numbered_aligned
16:110,16:110:9:1,16:110:11:1,16:110:9,16:110:11,3MP,3MP,0,qac_v0.4_aligned,numbered_aligned
16:110,16:110:11:1,16:110:12:2,16:110:11,16:110:12,3MP,3MP,0,qac_v0.4_aligned,numbered_aligned
16:111,16:111:5:1,16:111:8:2,16:111:5,16:111:8,3FS,3FS,0,qac_v0.4_aligned,numbered_aligned
16:111,16:111:8:2,16:111:12:1,16:111:8,16:111:12,3FS,3FS,0,qac_v0.4_aligned,numbered_aligned
16:111,16:111:12:1,16:111:15:1,16:111:12,16:111:15,3FS,3MP,0,qac_v0.4_aligned,numbered_aligned
16:112,16:112:1:2,16:112:5:1,16:112:1,16:112:5,3MS,3FS,0,qac_v0.4_aligned,numbered_aligned
16:112,16:112:5:1,16:112:8:1,16:112:5,16:112:8,3FS,3MS,0,qac_v0.4_aligned,numbered_aligned
16:112,16:112:8:1,16:112:14:2,16:112:8,16:112:14,3MS,3FS,0,qac_v0.4_aligned,numbered_aligned
16:112,16:112:14:2,16:112:17:2,16:112:14,16:112:17,3FS,3MS,0,qac_v0.4_aligned,numbered_aligned
16:112,16:112:17:2,16:112:23:1,16:112:17,16:112:23,3MS,3MP,0,qac_v0.4_aligned,numbered_aligned
16:112,16:112:23:1,16:112:24:1,16:112:23,16:112:24,3MP,3MP,0,qac_v0.4_aligned,numbered_aligned
16:113,16:113:2:1,16:113:5:2,16:113:2,16:113:5,3MS,3MP,0,qac_v0.4_aligned,numbered_aligned
16:113,16:113:5:2,16:113:6:2,16:113:5,16:113:6,3MP,3MS,0,qac_v0.4_aligned,numbered_aligned
16:114,16:114:1:2,16:114:3:1,16:114:1,16:114:3,2MP,3MS,1,qac_v0.4_aligned,numbered_aligned
16:114,16:114:3:1,16:114:7:2,16:114:3,16:114:7,3MS,2MP,1,qac_v0.4_aligned,numbered_aligned
16:114,16:114:7:2,16:114:11:1,16:114:7,16:114:11,2MP,2MP,0,qac_v0.4_aligned,numbered_aligned
16:114,16:114:11:1,16:114:13:1,16:114:11,16:114:13,2MP,2MP,0,qac_v0.4_aligned,numbered_aligned
16:115,16:115:2:1,16:115:9:1,16:115:2,16:115:9,3MS,3MS,0,qac_v0.4_aligned,numbered_aligned
16:115,16:115:9:1,16:115:14:1,16:115:9,16:115:14,3MS,3MS,0,qac_v0.4_aligned,numbered_aligned
16:116,16:116:2:1,16:116:4:1,16:116:2,16:116:4,2MP,3FS,1,qac_v0.4_aligned,numbered_aligned
16:116,16:116:4:1,16:116:11:2,16:116:4,16:116:11,3FS,2MP,1,qac_v0.4_aligned,numbered_aligned
16:116,16:116:11:2,16:116:17:1,16:116:11,16:116:17,2MP,3MP,1,qac_v0.4_aligned,numbered_aligned
16:116,16:116:17:1,16:116:22:1,16:116:17,16:116:22,3MP,3MP,0,qac_v0.4_aligned,numbered_aligned
16:118,16:118:3:1,16:118:4:1,16:118:3,16:118:4,3MP,1P,1,qac_v0.4_aligned,numbered_aligned
16:118,16:118:4:1,16:118:6:1,16:118:4,16:118:6,1P,1P,0,qac_v0.4_aligned,numbered_aligned
16:118,16:118:6:1,16:118:11:1,16:118:6,16:118:11,1P,1P,0,qac_v0.4_aligned,numbered_aligned
16:118,16:118:11:1,16:118:13:1,16:118:11,16:118:13,1P,3MP,1,qac_v0.4_aligned,numbered_aligned
16:118,16:118:13:1,16:118:15:1,16:118:13,16:118:15,3MP,3MP,0,qac_v0.4_aligned,numbered_aligned
16:119,16:119:5:1,16:119:9:1,16:119:5,16:119:9,3MP,3MP,0,qac_v0.4_aligned,numbered_aligned
16:119,16:119:9:1,16:119:13:2,16:119:9,16:119:13,3MP,3MP,0,qac_v0.4_aligned,numbered_aligned
16:120,16:120:3:1,16:120:9:1,16:120:3,16:120:9,3MS,3MS,0,qac_v0.4_aligned,numbered_aligned
16:123,16:123:2:1,16:123:5:1,16:123:2,16:123:5,1P,2MS,1,qac_v0.4_aligned,numbered_aligned
16:123,16:123:5:1,16:123:10:1,16:123:5,16:123:10,2MS,3MS,1,qac_v0.4_aligned,numbered_aligned
16:124,16:124:2:1,16:124:6:1,16:124:2,16:124:6,3MS,3MP,0,qac_v0.4_aligned,numbered_aligned
16:124,16:124:6:1,16:124:10:2,16:124:6,16:124:10,3MP,3MS,0,qac_v0.4_aligned,numbered_aligned
16:124,16:124:10:2,16:124:15:1,16:124:10,16:124:15,3MS,3MP,0,qac_v0.4_aligned,numbered_aligned
16:124,16:124:15:1,16:124:17:1,16:124:15,16:124:17,3MP,3MP,0,qac_v0.4_aligned,numbered_aligned
16:125,16:125:1:1,16:125:8:2,16:125:1,16:125:8,2MS,2MS,0,qac_v0.4_aligned,numbered_aligned
16:125,16:125:8:2,16:125:17:1,16:125:8,16:125:17,2MS,3MS,1,qac_v0.4_aligned,numbered_aligned
16:126,16:126:2:1,16:126:3:2,16:126:2,16:126:3,2MP,2MP,0,qac_v0.4_aligned,numbered_aligned
16:126,16:126:3:2,16:126:6:1,16:126:3,16:126:6,2MP,2MP,0,qac_v0.4_aligned,numbered_aligned
16:126,16:126:6:1,16:126:9:1,16:126:6,16:126:9,2MP,2MP,0,qac_v0.4_aligned,numbered_aligned
16:127,16:127:1:2,16:127:7:1,16:127:1,16:127:7,2MS,3FS,1,qac_v0.4_aligned,numbered_aligned
16:127,16:127:7:1,16:127:10:1,16:127:7,16:127:10,3FS,2MS,1,qac_v0.4_aligned,numbered_aligned
16:127,16:127:10:1,16:127:14:1,16:127:10,16:127:14,2MS,3MP,1,qac_v0.4_aligned,numbered_aligned
17:1,17:1:3:1,17:1:13:1,17:1:7,17:1:17,3MS,1P,1,qac_v0.4_aligned,numbered_aligned
17:1,17:1:13:1,17:1:15:2,17:1:17,17:1:19,1P,1P,0,qac_v0.4_aligned,numbered_aligned
17:2,17:2:4:2,17:2:9:1,17:2:4,17:2:9,1P,2MP,1,qac_v0.4_aligned,numbered_aligned
17:3,17:3:3:1,17:3:7:1,17:3:3,17:3:7,1P,3MS,1,qac_v0.4_aligned,numbered_aligned
17:4,17:4:1:2,17:4:7:2,17:4:1,17:4:7,1P,2MP,1,qac_v0.4_aligned,numbered_aligned
17:4,17:4:7:2,17:4:11:3,17:4:7,17:4:11,2MP,2MP,0,qac_v0.4_aligned,numbered_aligned
17:5,17:5:2:1,17:5:5:1,17:5:2,17:5:5,3MS,1P,1,qac_v0.4_aligned,numbered_aligned
17:5,17:5:5:1,17:5:12:2,17:5:5,17:5:12,1P,3MP,1,qac_v0.4_aligned,numbered_aligned
17:5,17:5:12:2,17:5:15:2,17:5:12,17:5:15,3MP,3MS,0,qac_v0.4_aligned,numbered_aligned
17:6,17:6:2:1,17:6:6:2,17:6:2,17:6:6,1P,1P,0,qac_v0.4_aligned,numbered_aligned
17:6,17:6:6:2,17:6:9:2,17:6:6,17:6:9,1P,1P,0,qac_v0.4_aligned,numbered_aligned
17:7,17:7:2:1,17:7:3:1,17:7:2,17:7:3,2MP,2MP,0,qac_v0.4_aligned,numbered_aligned
17:7,17:7:3:1,17:7:6:1,17:7:3,17:7:6,2MP,2MP,0,qac_v0.4_aligned,numbered_aligned
17:7,17:7:6:1,17:7:9:1,17:7:6,17:7:9,2MP,3MS,1,qac_v0.4_aligned,numbered_aligned
17:7,17:7:14:3,17:7:17:1,17:7:14,17:7:17,3MP,3MP,0,qac_v0.4_aligned,numbered_aligned
17:7,17:7:17:1,17:7:20:3,17:7:17,17:7:20,3MP,3MP,0,qac_v0.4_aligned,numbered_aligned
17:7,17:7:20:3,17:7:22:1,17:7:20,17:7:22,3MP,3MP,0,qac_v0.4_aligned,numbered_aligned
17:8,17:8:1:1,17:8:4:1,17:8:1,17:8:4,3MS,3MS,0,qac_v0.4_aligned,numbered_aligned
17:8,17:8:4:1,17:8:6:1,17:8:4,17:8:6,3MS,2MP,1,qac_v0.4_aligned,numbered_aligned
17:8,17:8:6:1,17:8:7:1,17:8:6,17:8:7,2MP,1P,1,qac_v0.4_aligned,numbered_aligned
17:8,17:8:7:1,17:8:8:2,17:8:7,17:8:8,1P,1P,0,qac_v0.4_aligned,numbered_aligned
17:9,17:9:8:2,17:9:11:1,17:9:8,17:9:11,3MS,3MP,0,qac_v0.4_aligned,numbered_aligned
17:10,17:10:4:1,17:10:6:1,17:10:4,17:10:6,3MP,1P,1,qac_v0.4_aligned,numbered_aligned
17:11,17:11:1:2,17:11:6:2,17:11:1,17:11:6,3MS,3MS,0,qac_v0.4_aligned,numbered_aligned
17:12,17:12:1:2,17:12:5:2,17:12:1,17:12:5,1P,1P,0,qac_v0.4_aligned,numbered_aligned
17:12,17:12:5:2,17:12:8:2,17:12:5,17:12:8,1P,1P,0,qac_v0.4_aligned,numbered_aligned
17:12,17:12:8:2,17:12:12:2,17:12:8,17:12:12,1P,2MP,1,qac_v0.4_aligned,numbered_aligned
17:12,17:12:12:2,17:12:16:3,17:12:12,17:12:16,2MP,2MP,0,qac_v0.4_aligned,numbered_aligned
17:12,17:12:16:3,17:12:22:1,17:12:16,17:12:22,2MP,1P,1,qac_v0.4_aligned,numbered_aligned
17:13,17:13:3:1,17:13:7:2,17:13:3,17:13:7,1P,1P,0,qac_v0.4_aligned,numbered_aligned
17:14,17:14:1:1,17:14:3:1,17:14:1,17:14:3,2MS,3MS,1,qac_v0.4_aligned,numbered_aligned
17:15,17:15:7:1,17:15:9:1,17:15:7,17:15:9,3MS,3MS,0,qac_v0.4_aligned,numbered_aligned
17:15,17:15:9:1,17:15:12:1,17:15:9,17:15:12,3MS,3FS,0,qac_v0.4_aligned,numbered_aligned
17:15,17:15:12:1,17:15:17:1,17:15:12,17:15:17,3FS,1P,1,qac_v0.4_aligned,numbered_aligned
17:15,17:15:17:1,17:15:20:1,17:15:17,17:15:20,1P,1P,0,qac_v0.4_aligned,numbered_aligned
17:16,17:16:2:1,17:16:4:1,17:16:2,17:16:4,1P,1P,0,qac_v0.4_aligned,numbered_aligned
17:16,17:16:4:1,17:16:6:1,17:16:4,17:16:6,1P,1P,0,qac_v0.4_aligned,numbered_aligned
17:16,17:16:6:1,17:16:8:2,17:16:6,17:16:8,1P,3MP,1,qac_v0.4_aligned,numbered_aligned
17:16,17:16:8:2,17:16:10:2,17:16:8,17:16:10,3MP,3MS,0,qac_v0.4_aligned,numbered_aligned
17:16,17:16:10:2,17:16:13:2,17:16:10,17:16:13,3MS,1P,1,qac_v0.4_aligned,numbered_aligned
17:17,17:17:2:1,17:17:8:2,17:17:2,17:17:8,1P,3MS,1,qac_v0.4_aligned,numbered_aligned
17:18,17:18:2:1,17:18:3:1,17:18:2,17:18:3,3MS,3MS,0,qac_v0.4_aligned,numbered_aligned
17:18,17:18:3:1,17:18:5:1,17:18:3,17:18:5,3MS,1P,1,qac_v0.4_aligned,numbered_aligned
17:18,17:18:5:1,17:18:9:1,17:18:5,17:18:9,1P,1P,0,qac_v0.4_aligned,numbered_aligned
17:18,17:18:9:1,17:18:11:1,17:18:9,17:18:11,1P,1P,0,qac_v0.4_aligned,numbered_aligned
17:18,17:18:11:1,17:18:13:1,17:18:11,17:18:13,1P,1P,0,qac_v0.4_aligned,numbered_aligned
17:19,17:19:2:1,17:19:4:2,17:19:2,17:19:4,3MS,3MS,0,qac_v0.4_aligned,numbered_aligned
17:19,17:19:4:2,17:19:10:1,17:19:4,17:19:10,3MS,3MS,0,qac_v0.4_aligned,numbered_aligned
17:20,17:20:2:1,17:20:9:1,17:20:2,17:20:9,1P,3MS,1,qac_v0.4_aligned,numbered_aligned
17:21,17:21:1:1,17:21:3:1,17:21:1,17:21:3,2MS,1P,1,qac_v0.4_aligned,numbered_aligned
17:22,17:22:2:1,17:22:7:2,17:22:2,17:22:7,2MS,2MS,0,qac_v0.4_aligned,numbered_aligned
17:23,17:23:1:2,17:23:4:1,17:23:1,17:23:4,3MS,2MP,1,qac_v0.4_aligned,numbered_aligned
17:23,17:23:4:1,17:23:10:1,17:23:4,17:23:10,2MP,3MS,1,qac_v0.4_aligned,numbered_aligned
17:23,17:23:10:1,17:23:17:1,17:23:10,17:23:17,3MS,2MS,1,qac_v0.4_aligned,numbered_aligned
17:23,17:23:17:1,17:23:21:1,17:23:17,17:23:21,2MS,2MS,0,qac_v0.4_aligned,numbered_aligned
17:23,17:23:21:1,17:23:22:2,17:23:21,17:23:22,2MS,2MS,0,qac_v0.4_aligned,numbered_aligned
17:24,17:24:1:2,17:24:7:2,17:24:1,17:24:7,2MS,2MS,0,qac_v0.4_aligned,numbered_aligned
17:24,17:24:7:2,17:24:9:1,17:24:7,17:24:9,2MS,2MS,0,qac_v0.4_aligned,numbered_aligned
17:25,17:25:7:1,17:25:10:1,17:25:7,17:25:10,2MP,3MS,1,qac_v0.4_aligned,numbered_aligned
17:27,17:27:3:1,17:27:6:2,17:27:3,17:27:6,3MP,3MS,0,qac_v0.4_aligned,numbered_aligned
17:28,17:28:2:1,17:28:8:1,17:28:2,17:28:8,2MS,2MS,0,qac_v0.4_aligned,numbered_aligned
17:28,17:28:8:1,17:28:9:2,17:28:8,17:28:9,2MS,2MS,0,qac_v0.4_aligned,numbered_aligned
17:29,17:29:2:1,17:29:8:1,17:29:2,17:29:8,2MS,2MS,0,qac_v0.4_aligned,numbered_aligned
17:29,17:29:8:1,17:29:11:2,17:29:8,17:29:11,2MS,2MS,0,qac_v0.4_aligned,numbered_aligned
17:30,17:30:3:1,17:30:6:1,17:30:3,17:30:6,3MS,3MS,0,qac_v0.4_aligned,numbered_aligned
17:30,17:30:6:1,17:30:7:2,17:30:6,17:30:7,3MS,3MS,0,qac_v0.4_aligned,numbered_aligned
17:30,17:30:7:2,17:30:9:1,17:30:7,17:30:9,3MS,3MS,0,qac_v0.4_aligned,numbered_aligned
17:31,17:31:2:1,17:31:7:1,17:31:2,17:31:7,2MP,1P,1,qac_v0.4_aligned,numbered_aligned
17:31,17:31:7:1,17:31:11:1,17:31:7,17:31:11,1P,3MS,1,qac_v0.4_aligned,numbered_aligned
17:32,17:32:2:1,17:32:5:1,17:32:2,17:32:5,2MP,3MS,1,qac_v0.4_aligned,numbered_aligned
17:32,17:32:5:1,17:32:7:2,17:32:5,17:32:7,3MS,3MS,0,qac_v0.4_aligned,numbered_aligned
17:33,17:33:2:1,17:33:5:1,17:33:2,17:33:5,2MP,3MS,1,qac_v0.4_aligned,numbered_aligned
17:33,17:33:5:1,17:33:10:1,17:33:5,17:33:10,3MS,3MS,0,qac_v0.4_aligned,numbered_aligned
17:33,17:33:10:1,17:33:13:1,17:33:10,17:33:13,3MS,1P,1,qac_v0.4_aligned,numbered_aligned
17:33,17:33:13:1,17:33:17:1,17:33:13,17:33:17,1P,3MS,1,qac_v0.4_aligned,numbered_aligned
17:33,17:33:17:1,17:33:21:1,17:33:17,17:33:21,3MS,3MS,0,qac_v0.4_aligned,numbered_aligned
17:34,17:34:2:1,17:34:10:1,17:34:2,17:34:10,2MP,3MS,1,qac_v0.4_aligned,numbered_aligned
17:34,17:34:10:1,17:34:12:2,17:34:10,17:34:12,3MS,2MP,1,qac_v0.4_aligned,numbered_aligned
17:34,17:34:12:2,17:34:16:1,17:34:12,17:34:16,2MP,3MS,1,qac_v0.4_aligned,numbered_aligned
17:35,17:35:1:2,17:35:4:1,17:35:1,17:35:4,2MP,2MP,0,qac_v0.4_aligned,numbered_aligned
17:35,17:35:4:1,17:35:5:2,17:35:4,17:35:5,2MP,2MP,0,qac_v0.4_aligned,numbered_aligned
17:36,17:36:2:1,17:36:4:1,17:36:2,17:36:4,2MS,3MS,1,qac_v0.4_aligned,numbered_aligned
17:36,17:36:4:1,17:36:14:1,17:36:4,17:36:14,3MS,3MS,0,qac_v0.4_aligned,numbered_aligned
17:37,17:37:2:1,17:37:8:1,17:37:2,17:37:8,2MS,2MS,0,qac_v0.4_aligned,numbered_aligned
17:37,17:37:8:1,17:37:11:1,17:37:8,17:37:11,2MS,2MS,0,qac_v0.4_aligned,numbered_aligned
17:39,17:39:3:1,17:39:9:1,17:39:3,17:39:9,3MS,2MS,1,qac_v0.4_aligned,numbered_aligned
17:39,17:39:9:1,17:39:14:2,17:39:9,17:39:14,2MS,2MS,0,qac_v0.4_aligned,numbered_aligned
17:40,17:40:4:2,17:40:9:2,17:40:4,17:40:9,3MS,2MP,1,qac_v0.4_aligned,numbered_aligned
17:41,17:41:2:1,17:41:6:2,17:41:2,17:41:6,1P,3MP,1,qac_v0.4_aligned,numbered_aligned
17:41,17:41:6:2,17:41:8:1,17:41:6,17:41:8,3MP,3MS,0,qac_v0.4_aligned,numbered_aligned
17:42,17:42:1:1,17:42:3:1,17:42:1,17:42:3,2MS,3MS,1,qac_v0.4_aligned,numbered_aligned
17:42,17:42:3:1,17:42:7:1,17:42:3,17:42:7,3MS,3MP,0,qac_v0.4_aligned,numbered_aligned
17:42,17:42:7:1,17:42:9:2,17:42:7,17:42:9,3MP,3MP,0,qac_v0.4_aligned,numbered_aligned
17:43,17:43:2:2,17:43:4:1,17:43:2,17:43:4,3MS,3MP,0,qac_v0.4_aligned,numbered_aligned
17:44,17:44:1:1,17:44:12:1,17:44:1,17:44:12,3FS,3MS,0,qac_v0.4_aligned,numbered_aligned
17:44,17:44:12:1,17:44:16:1,17:44:12,17:44:16,3MS,2MP,1,qac_v0.4_aligned,numbered_aligned
17:44,17:44:16:1,17:44:19:1,17:44:16,17:44:19,2MP,3MS,1,qac_v0.4_aligned,numbered_aligned
17:45,17:45:2:1,17:45:4:1,17:45:2,17:45:4,2MS,1P,1,qac_v0.4_aligned,numbered_aligned
17:45,17:45:4:1,17:45:9:1,17:45:4,17:45:9,1P,3MP,1,qac_v0.4_aligned,numbered_aligned
17:46,17:46:1:2,17:46:6:1,17:46:1,17:46:6,1P,3MP,1,qac_v0.4_aligned,numbered_aligned
17:46,17:46:6:1,17:46:11:1,17:46:6,17:46:11,3MP,2MS,1,qac_v0.4_aligned,numbered_aligned
17:46,17:46:11:1,17:46:16:1,17:46:11,17:46:16,2MS,3MP,1,qac_v0.4_aligned,numbered_aligned
17:47,17:47:4:1,17:47:7:1,17:47:4,17:47:7,3MP,3MP,0,qac_v0.4_aligned,numbered_aligned
17:47,17:47:7:1,17:47:13:1,17:47:7,17:47:13,3MP,3MS,0,qac_v0.4_aligned,numbered_aligned
17:47,17:47:13:1,17:47:16:1,17:47:13,17:47:16,3MS,2MP,1,qac_v0.4_aligned,numbered_aligned
17:48,17:48:1:1,17:48:3:1,17:48:1,17:48:3,2MS,3MP,1,qac_v0.4_aligned,numbered_aligned
17:48,17:48:3:1,17:48:6:2,17:48:3,17:48:6,3MP,3MP,0,qac_v0.4_aligned,numbered_aligned
17:48,17:48:6:2,17:48:8:1,17:48:6,17:48:8,3MP,3MP,0,qac_v0.4_aligned,numbered_aligned
17:49,17:49:1:2,17:49:3:1,17:49:1,17:49:3,3MP,1P,1,qac_v0.4_aligned,numbered_aligned
17:50,17:50:1:1,17:50:2:1,17:50:1,17:50:2,2MS,2MP,0,qac_v0.4_aligned,numbered_aligned
17:51,17:51:4:1,17:51:7:3,17:51:4,17:51:7,3MS,3MP,0,qac_v0.4_aligned,numbered_aligned
17:51,17:51:7:3,17:51:9:1,17:51:7,17:51:9,3MP,3MS,0,qac_v0.4_aligned,numbered_aligned
17:51,17:51:9:1,17:51:10:1,17:51:9,17:51:10,3MS,2MS,1,qac_v0.4_aligned,numbered_aligned
17:51,17:51:10:1,17:51:12:1,17:51:10,17:51:12,2MS,3MS,1,qac_v0.4_aligned,numbered_aligned
17:51,17:51:12:1,17:51:15:3,17:51:12,17:51:15,3MS,3MP,0,qac_v0.4_aligned,numbered_aligned
17:51,17:51:15:3,17:51:18:2,17:51:15,17:51:18,3MP,3MP,0,qac_v0.4_aligned,numbered_aligned
17:51,17:51:18:2,17:51:21:1,17:51:18,17:51:21,3MP,2MS,1,qac_v0.4_aligned,numbered_aligned
17:51,17:51:21:1,17:51:22:1,17:51:21,17:51:22,2MS,3MS,1,qac_v0.4_aligned,numbered_aligned
17:51,17:51:22:1,17:51:24:1,17:51:22,17:51:24,3MS,3MS,0,qac_v0.4_aligned,numbered_aligned
17:52,17:52:2:1,17:52:3:2,17:52:2,17:52:3,3MS,2MP,1,qac_v0.4_aligned,numbered_aligned
17:52,17:52:3:2,17:52:5:2,17:52:3,17:52:5,2MP,2MP,0,qac_v0.4_aligned,numbered_aligned
17:52,17:52:5:2,17:52:7:1,17:52:5,17:52:7,2MP,2MP,0,qac_v0.4_aligned,numbered_aligned
17:53,17:53:1:2,17:53:3:1,17:53:1,17:53:3,2MS,3MP,1,qac_v0.4_aligned,numbered_aligned
17:53,17:53:3:1,17:53:9:1,17:53:3,17:53:9,3MP,3MS,0,qac_v0.4_aligned,numbered_aligned
17:53,17:53:9:1,17:53:13:1,17:53:9,17:53:13,3MS,3MS,0,qac_v0.4_aligned,numbered_aligned
17:54,17:54:5:1,17:54:6:1,17:54:5,17:54:6,3MS,3MS,0,qac_v0.4_aligned,numbered_aligned
17:54,17:54:6:1,17:54:9:1,17:54:6,17:54:9,3MS,3MS,0,qac_v0.4_aligned,numbered_aligned
17:54,17:54:9:1,17:54:10:1,17:54:9,17:54:10,3MS,3MS,0,qac_v0.4_aligned,numbered_aligned
17:54,17:54:10:1,17:54:12:1,17:54:10,17:54:12,3MS,1P,1,qac_v0.4_aligned,numbered_aligned
17:56,17:56:1:1,17:56:2:1,17:56:1,17:56:2,2MS,2MP,0,qac_v0.4_aligned,numbered_aligned
17:56,17:56:2:1,17:56:4:1,17:56:2,17:56:4,2MP,2MP,0,qac_v0.4_aligned,numbered_aligned
17:56,17:56:4:1,17:56:8:1,17:56:4,17:56:8,2MP,3MP,1,qac_v0.4_aligned,numbered_aligned
17:57,17:57:3:1,17:57:4:1,17:57:3,17:57:4,3MP,3MP,0,qac_v0.4_aligned,numbered_aligned
17:57,17:57:4:1,17:57:10:2,17:57:4,17:57:10,3MP,3MP,0,qac_v0.4_aligned,numbered_aligned
17:57,17:57:10:2,17:57:12:2,17:57:10,17:57:12,3MP,3MP,0,qac_v0.4_aligned,numbered_aligned
17:57,17:57:12:2,17:57:17:1,17:57:12,17:57:17,3MP,3MS,0,qac_v0.4_aligned,numbered_aligned
17:59,17:59:2:1,17:59:4:1,17:59:2,17:59:4,3MS,1P,1,qac_v0.4_aligned,numbered_aligned
17:59,17:59:4:1,17:59:8:1,17:59:4,17:59:8,1P,3MS,1,qac_v0.4_aligned,numbered_aligned
17:59,17:59:15:2,17:59:18:1,17:59:15,17:59:18,3MP,1P,1,qac_v0.4_aligned,numbered_aligned
17:60,17:60:2:1,17:60:6:1,17:60:2,17:60:6,1P,3MS,1,qac_v0.4_aligned,numbered_aligned
17:60,17:60:6:1,17:60:9:1,17:60:6,17:60:9,3MS,1P,1,qac_v0.4_aligned,numbered_aligned
17:60,17:60:9:1,17:60:12:1,17:60:9,17:60:12,1P,1P,0,qac_v0.4_aligned,numbered_aligned
17:60,17:60:12:1,17:60:20:2,17:60:12,17:60:20,1P,1P,0,qac_v0.4_aligned,numbered_aligned
17:60,17:60:20:2,17:60:22:1,17:60:20,17:60:22,1P,3MS,1,qac_v0.4_aligned,numbered_aligned
17:61,17:61:2:1,17:61:4:1,17:61:2,17:61:4,1P,2MP,1,qac_v0.4_aligned,numbered_aligned
17:61,17:61:4:1,17:61:6:2,17:61:4,17:61:6,2MP,3MP,1,qac_v0.4_aligned,numbered_aligned
17:61,17:61:6:2,17:61:9:1,17:61:6,17:61:9,3MP,3MS,0,qac_v0.4_aligned,numbered_aligned
17:62,17:62:5:1,17:62:8:1,17:62:5,17:62:8,2MS,2MS,0,qac_v0.4_aligned,numbered_aligned
17:62,17:62:8:1,17:62:12:2,17:62:8,17:62:12,2MS,1S,1,qac_v0.4_aligned,numbered_aligned
17:63,17:63:1:1,17:63:2:1,17:63:1,17:63:2,3MS,2MS,1,qac_v0.4_aligned,numbered_aligned
17:63,17:63:2:1,17:63:4:1,17:63:2,17:63:4,2MS,3MS,1,qac_v0.4_aligned,numbered_aligned
17:64,17:64:1:2,17:64:3:1,17:64:1,17:64:3,2MS,2MS,0,qac_v0.4_aligned,numbered_aligned
17:64,17:64:3:1,17:64:6:2,17:64:3,17:64:6,2MS,2MS,0,qac_v0.4_aligned,numbered_aligned
17:64,17:64:6:2,17:64:10:2,17:64:6,17:64:10,2MS,2MS,0,qac_v0.4_aligned,numbered_aligned
17:64,17:64:10:2,17:64:14:2,17:64:10,17:64:14,2MS,2MS,0,qac_v0.4_aligned,numbered_aligned
17:64,17:64:14:2,17:64:16:1,17:64:14,17:64:16,2MS,3MS,1,qac_v0.4_aligned,numbered_aligned
17:65,17:65:3:1,17:65:7:2,17:65:3,17:65:7,3MS,3MS,0,qac_v0.4_aligned,numbered_aligned
17:66,17:66:8:2,17:66:12:1,17:66:8,17:66:12,2MP,3MS,1,qac_v0.4_aligned,numbered_aligned
17:67,17:67:2:1,17:67:6:1,17:67:2,17:67:6,3MS,3MS,0,qac_v0.4_aligned,numbered_aligned
17:67,17:67:6:1,17:67:8:1,17:67:6,17:67:8,3MS,2MP,1,qac_v0.4_aligned,numbered_aligned
17:67,17:67:15:1,17:67:16:2,17:67:15,17:67:16,2MP,3MS,1,qac_v0.4_aligned,numbered_aligned
17:68,17:68:1:3,17:68:3:1,17:68:1,17:68:3,2MP,3MS,1,qac_v0.4_aligned,numbered_aligned
17:68,17:68:3:1,17:68:8:1,17:68:3,17:68:8,3MS,3MS,0,qac_v0.4_aligned,numbered_aligned
17:68,17:68:8:1,17:68:13:1,17:68:8,17:68:13,3MS,2MP,1,qac_v0.4_aligned,numbered_aligned
17:69,17:69:2:1,17:69:4:1,17:69:2,17:69:4,2MP,3MS,1,qac_v0.4_aligned,numbered_aligned
17:69,17:69:4:1,17:69:8:2,17:69:4,17:69:8,3MS,3MS,0,qac_v0.4_aligned,numbered_aligned
17:69,17:69:8:2,17:69:13:2,17:69:8,17:69:13,3MS,3MS,0,qac_v0.4_aligned,numbered_aligned
17:69,17:69:13:2,17:69:15:1,17:69:13,17:69:15,3MS,2MP,1,qac_v0.4_aligned,numbered_aligned
17:69,17:69:15:1,17:69:18:1,17:69:15,17:69:18,2MP,2MP,0,qac_v0.4_aligned,numbered_aligned
17:70,17:70:2:1,17:70:5:2,17:70:2,17:70:5,1P,1P,0,qac_v0.4_aligned,numbered_aligned
17:70,17:70:5:2,17:70:9:2,17:70:5,17:70:9,1P,1P,0,qac_v0.4_aligned,numbered_aligned
17:70,17:70:9:2,17:70:12:2,17:70:9,17:70:12,1P,1P,0,qac_v0.4_aligned,numbered_aligned
17:70,17:70:12:2,17:70:16:1,17:70:12,17:70:16,1P,1P,0,qac_v0.4_aligned,numbered_aligned
17:71,17:71:11:1,17:71:14:1,17:71:11,17:71:14,3MP,3MP,0,qac_v0.4_aligned,numbered_aligned
17:73,17:73:2:1,17:73:3:2,17:73:2,17:73:3,3MP,3MP,0,qac_v0.4_aligned,numbered_aligned
17:73,17:73:3:2,17:73:6:1,17:73:3,17:73:6,3MP,1P,1,qac_v0.4_aligned,numbered_aligned
17:74,17:74:3:1,17:74:5:1,17:74:3,17:74:5,1P,2MS,1,qac_v0.4_aligned,numbered_aligned
17:74,17:74:5:1,17:74:6:1,17:74:5,17:74:6,2MS,2MS,0,qac_v0.4_aligned,numbered_aligned
17:75,17:75:2:2,17:75:9:1,17:75:2,17:75:9,1P,2MS,1,qac_v0.4_aligned,numbered_aligned
17:76,17:76:2:1,17:76:3:2,17:76:2,17:76:3,3MP,3MP,0,qac_v0.4_aligned,numbered_aligned
17:76,17:76:3:2,17:76:6:2,17:76:3,17:76:6,3MP,3MP,0,qac_v0.4_aligned,numbered_aligned
17:76,17:76:6:2,17:76:10:1,17:76:6,17:76:10,3MP,3MP,0,qac_v0.4_aligned,numbered_aligned
17:77,17:77:4:1,17:77:9:1,17:77:4,17:77:9,1P,2MS,1,qac_v0.4_aligned,numbered_aligned
17:78,17:78:1:1,17:78:13:1,17:78:1,17:78:13,2MS,3MS,1,qac_v0.4_aligned,numbered_aligned
17:79,17:79:3:2,17:79:7:1,17:79:3,17:79:7,2MS,3MS,1,qac_v0.4_aligned,numbered_aligned
17:79,17:79:7:1,17:79:9:1,17:79:7,17:79:9,3MS,3MS,0,qac_v0.4_aligned,numbered_aligned
17:81,17:81:1:2,17:81:2:1,17:81:1,17:81:2,2MS,3MS,1,qac_v0.4_aligned,numbered_aligned
17:81,17:81:2:1,17:81:4:2,17:81:2,17:81:4,3MS,3MS,0,qac_v0.4_aligned,numbered_aligned
17:81,17:81:4:2,17:81:8:1,17:81:4,17:81:8,3MS,3MS,0,qac_v0.4_aligned,numbered_aligned
17:82,17:82:1:2,17:82:10:1,17:82:1,17:82:10,1P,3MS,1,qac_v0.4_aligned,numbered_aligned
17:83,17:83:2:1,17:83:5:1,17:83:2,17:83:5,1P,3MS,1,qac_v0.4_aligned,numbered_aligned
17:83,17:83:9:1,17:83:11:1,17:83:9,17:83:11,3MS,3MS,0,qac_v0.4_aligned,numbered_aligned
17:84,17:84:1:1,17:84:3:1,17:84:1,17:84:3,2MS,3MS,1,qac_v0.4_aligned,numbered_aligned
17:85,17:85:4:1,17:85:10:1,17:85:4,17:85:10,2MS,2MP,0,qac_v0.4_aligned,numbered_aligned
17:86,17:86:2:1,17:86:3:2,17:86:2,17:86:3,1P,1P,0,qac_v0.4_aligned,numbered_aligned
17:86,17:86:3:2,17:86:5:1,17:86:3,17:86:5,1P,1P,0,qac_v0.4_aligned,numbered_aligned
17:86,17:86:5:1,17:86:9:1,17:86:5,17:86:9,1P,2MS,1,qac_v0.4_aligned,numbered_aligned
17:88,17:88:1:1,17:88:3:1,17:88:1,17:88:3,2MS,3FS,1,qac_v0.4_aligned,numbered_aligned
17:88,17:88:3:1,17:88:8:1,17:88:3,17:88:8,3FS,3MP,0,qac_v0.4_aligned,numbered_aligned
17:88,17:88:8:1,17:88:13:1,17:88:8,17:88:13,3MP,3MP,0,qac_v0.4_aligned,numbered_aligned
17:88,17:88:13:1,17:88:16:1,17:88:13,17:88:16,3MP,3MS,0,qac_v0.4_aligned,numbered_aligned
17:89,17:89:2:1,17:89:10:2,17:89:2,17:89:10,1P,3MS,1,qac_v0.4_aligned,numbered_aligned
17:90,17:90:1:2,17:90:3:1,17:90:1,17:90:3,3MP,1P,1,qac_v0.4_aligned,numbered_aligned
17:90,17:90:3:1,17:90:6:1,17:90:3,17:90:6,1P,2MS,1,qac_v0.4_aligned,numbered_aligned
17:91,17:91:2:1,17:91:8:2,17:91:2,17:91:8,2MS,2MS,0,qac_v0.4_aligned,numbered_aligned
17:92,17:92:2:1,17:92:5:1,17:92:2,17:92:5,2MS,2MS,0,qac_v0.4_aligned,numbered_aligned
17:93,17:93:2:1,17:93:8:1,17:93:2,17:93:8,3MS,2MS,1,qac_v0.4_aligned,numbered_aligned
17:93,17:93:8:1,17:93:12:1,17:93:8,17:93:12,2MS,1P,1,qac_v0.4_aligned,numbered_aligned
17:93,17:93:12:1,17:93:15:1,17:93:12,17:93:15,1P,2MS,1,qac_v0.4_aligned,numbered_aligned
17:93,17:93:15:1,17:93:18:1,17:93:15,17:93:18,2MS,1P,1,qac_v0.4_aligned,numbered_aligned
17:93,17:93:18:1,17:93:19:1,17:93:18,17:93:19,1P,2MS,1,qac_v0.4_aligned,numbered_aligned
17:93,17:93:19:1,17:93:23:1,17:93:19,17:93:23,2MS,1S,1,qac_v0.4_aligned,numbered_aligned
17:94,17:94:2:1,17:94:5:1,17:94:2,17:94:5,3MS,3MP,0,qac_v0.4_aligned,numbered_aligned
17:94,17:94:5:1,17:94:7:1,17:94:5,17:94:7,3MP,3MS,0,qac_v0.4_aligned,numbered_aligned
17:94,17:94:7:1,17:94:11:1,17:94:7,17:94:11,3MS,3MP,0,qac_v0.4_aligned,numbered_aligned
17:94,17:94:11:1,17:94:12:2,17:94:11,17:94:12,3MP,3MS,0,qac_v0.4_aligned,numbered_aligned
17:95,17:95:1:1,17:95:3:1,17:95:1,17:95:3,2MS,3MS,1,qac_v0.4_aligned,numbered_aligned
17:95,17:95:3:1,17:95:7:1,17:95:3,17:95:7,3MS,3MP,0,qac_v0.4_aligned,numbered_aligned
17:95,17:95:7:1,17:95:9:2,17:95:7,17:95:9,3MP,1P,1,qac_v0.4_aligned,numbered_aligned
17:96,17:96:1:1,17:96:2:1,17:96:1,17:96:2,2MS,3MS,1,qac_v0.4_aligned,numbered_aligned
17:96,17:96:2:1,17:96:8:1,17:96:2,17:96:8,3MS,3MS,0,qac_v0.4_aligned,numbered_aligned
17:97,17:97:2:1,17:97:7:1,17:97:2,17:97:7,3MS,3MS,0,qac_v0.4_aligned,numbered_aligned
17:97,17:97:7:1,17:97:9:1,17:97:7,17:97:9,3MS,2MS,1,qac_v0.4_aligned,numbered_aligned
17:97,17:97:9:1,17:97:14:2,17:97:9,17:97:14,2MS,1P,1,qac_v0.4_aligned,numbered_aligned
17:97,17:97:14:2,17:97:25:1,17:97:14,17:97:25,1P,3FS,1,qac_v0.4_aligned,numbered_aligned
17:97,17:97:25:1,17:97:26:1,17:97:25,17:97:26,3FS,1P,1,qac_v0.4_aligned,numbered_aligned
17:98,17:98:4:1,17:98:6:2,17:98:4,17:98:6,3MP,3MP,0,qac_v0.4_aligned,numbered_aligned
17:98,17:98:6:2,17:98:8:1,17:98:6,17:98:8,3MP,1P,1,qac_v0.4_aligned,numbered_aligned
17:99,17:99:2:1,17:99:6:1,17:99:2,17:99:6,3MP,3MS,0,qac_v0.4_aligned,numbered_aligned
17:99,17:99:6:1,17:99:12:1,17:99:6,17:99:12,3MS,3MS,0,qac_v0.4_aligned,numbered_aligned
17:99,17:99:12:1,17:99:14:2,17:99:12,17:99:14,3MS,3MS,0,qac_v0.4_aligned,numbered_aligned
17:99,17:99:14:2,17:99:20:2,17:99:14,17:99:20,3MS,3MS,0,qac_v0.4_aligned,numbered_aligned
17:100,17:100:1:1,17:100:4:1,17:100:1,17:100:4,2MS,2MP,0,qac_v0.4_aligned,numbered_aligned
17:100,17:100:4:1,17:100:9:2,17:100:4,17:100:9,2MP,2MP,0,qac_v0.4_aligned,numbered_aligned
17:100,17:100:9:2,17:100:12:2,17:100:9,17:100:12,2MP,3MS,1,qac_v0.4_aligned,numbered_aligned
17:101,17:101:11:1,17:101:12:2,17:101:11,17:101:12,3MS,3MS,0,qac_v0.4_aligned,numbered_aligned
17:101,17:101:12:2,17:101:16:2,17:101:12,17:101:16,3MS,1S,1,qac_v0.4_aligned,numbered_aligned
17:102,17:102:1:1,17:102:3:1,17:102:1,17:102:3,3MS,2MS,1,qac_v0.4_aligned,numbered_aligned
17:102,17:102:3:1,17:102:5:1,17:102:3,17:102:5,2MS,3MS,1,qac_v0.4_aligned,numbered_aligned
17:102,17:102:5:1,17:102:13:2,17:102:5,17:102:13,3MS,1S,1,qac_v0.4_aligned,numbered_aligned
17:103,17:103:1:2,17:103:3:1,17:103:1,17:103:3,3MS,3MS,0,qac_v0.4_aligned,numbered_aligned
17:103,17:103:3:1,17:103:6:2,17:103:3,17:103:6,3MS,1P,1,qac_v0.4_aligned,numbered_aligned
17:104,17:104:1:2,17:104:6:1,17:104:1,17:104:6,1P,2MP,1,qac_v0.4_aligned,numbered_aligned
17:104,17:104:6:1,17:104:9:1,17:104:6,17:104:9,2MP,3MS,1,qac_v0.4_aligned,numbered_aligned
17:104,17:104:9:1,17:104:12:1,17:104:9,17:104:12,3MS,1P,1,qac_v0.4_aligned,numbered_aligned
17:105,17:105:2:1,17:105:4:1,17:105:2,17:105:4,1P,3MS,1,qac_v0.4_aligned,numbered_aligned
17:105,17:105:4:1,17:105:6:1,17:105:4,17:105:6,3MS,1P,1,qac_v0.4_aligned,numbered_aligned
17:106,17:106:2:1,17:106:3:2,17:106:2,17:106:3,1P,2MS,1,qac_v0.4_aligned,numbered_aligned
17:106,17:106:3:2,17:106:8:2,17:106:3,17:106:8,2MS,1P,1,qac_v0.4_aligned,numbered_aligned
17:107,17:107:6:1,17:107:9:1,17:107:6,17:107:9,2MP,3MP,1,qac_v0.4_aligned,numbered_aligned
17:107,17:107:9:1,17:107:14:1,17:107:9,17:107:14,3MP,3MS,0,qac_v0.4_aligned,numbered_aligned
17:107,17:107:14:1,17:107:16:1,17:107:14,17:107:16,3MS,3MP,0,qac_v0.4_aligned,numbered_aligned
17:108,17:108:1:2,17:108:5:1,17:108:1,17:108:5,3MP,3MS,0,qac_v0.4_aligned,numbered_aligned
17:109,17:109:1:2,17:109:3:1,17:109:1,17:109:3,3MP,3MP,0,qac_v0.4_aligned,numbered_aligned
17:109,17:109:3:1,17:109:4:2,17:109:3,17:109:4,3MP,3MS,0,qac_v0.4_aligned,numbered_aligned
17:110,17:110:1:1,17:110:2:1,17:110:1,17:110:2,2MS,2MP,0,qac_v0.4_aligned,numbered_aligned
17:110,17:110:2:1,17:110:5:1,17:110:2,17:110:5,2MP,2MP,0,qac_v0.4_aligned,numbered_aligned
17:110,17:110:5:1,17:110:9:1,17:110:5,17:110:9,2MP,2MP,0,qac_v0.4_aligned,numbered_aligned
17:110,17:110:9:1,17:110:14:1,17:110:9,17:110:14,2MP,2MS,0,qac_v0.4_aligned,numbered_aligned
17:110,17:110:14:1,17:110:17:1,17:110:14,17:110:17,2MS,2MS,0,qac_v0.4_aligned,numbered_aligned
17:110,17:110:17:1,17:110:19:2,17:110:17,17:110:19,2MS,2MS,0,qac_v0.4_aligned,numbered_aligned
17:111,17:111:1:2,17:111:6:1,17:111:1,17:111:6,2MS,3MS,1,qac_v0.4_aligned,numbered_aligned
17:111,17:111:6:1,17:111:9:1,17:111:6,17:111:9,3MS,3MS,0,qac_v0.4_aligned,numbered_aligned
17:111,17:111:9:1,17:111:15:1,17:111:9,17:111:15,3MS,3MS,0,qac_v0.4_aligned,numbered_aligned
17:111,17:111:15:1,17:111:20:2,17:111:15,17:111:20,3MS,2MS,1,qac_v0.4_aligned,numbered_aligned
18:1,18:1:4:1,18:1:9:1,18:1:8,18:1:13,3MS,3MS,0,qac_v0.4_aligned,numbered_aligned
18:2,18:2:2:2,18:2:7:2,18:2:2,18:2:7,3MS,3MS,0,qac_v0.4_aligned,numbered_aligned
18:2,18:2:7:2,18:2:10:1,18:2:7,18:2:10,3MS,3MP,0,qac_v0.4_aligned,numbered_aligned
18:4,18:4:1:2,18:4:3:1,18:4:1,18:4:3,3MS,3MP,0,qac_v0.4_aligned,numbered_aligned
18:4,18:4:3:1,18:4:4:1,18:4:3,18:4:4,3MP,3MS,0,qac_v0.4_aligned,numbered_aligned
18:5,18:5:8:1,18:5:10:1,18:5:8,18:5:10,3FS,3FS,0,qac_v0.4_aligned,numbered_aligned
18:5,18:5:10:1,18:5:14:1,18:5:10,18:5:14,3FS,3MP,0,qac_v0.4_aligned,numbered_aligned
18:7,18:7:2:1,18:7:8:2,18:7:2,18:7:8,1P,1P,0,qac_v0.4_aligned,numbered_aligned
18:9,18:9:2:1,18:9:7:1,18:9:2,18:9:7,2MS,3MP,1,qac_v0.4_aligned,numbered_aligned
18:10,18:10:2:1,18:10:6:2,18:10:2,18:10:6,3MS,3MP,0,qac_v0.4_aligned,numbered_aligned
18:12,18:12:2:1,18:12:3:2,18:12:2,18:12:3,1P,1P,0,qac_v0.4_aligned,numbered_aligned
18:12,18:12:3:2,18:12:8:1,18:12:3,18:12:8,1P,3MP,1,qac_v0.4_aligned,numbered_aligned
18:14,18:14:1:2,18:14:5:1,18:14:1,18:14:5,1P,3MP,1,qac_v0.4_aligned,numbered_aligned
18:14,18:14:5:1,18:14:6:2,18:14:5,18:14:6,3MP,3MP,0,qac_v0.4_aligned,numbered_aligned
18:15,18:15:3:1,18:15:8:1,18:15:3,18:15:8,3MP,3MP,0,qac_v0.4_aligned,numbered_aligned
18:15,18:15:8:1,18:15:15:1,18:15:8,18:15:15,3MP,3MS,0,qac_v0.4_aligned,numbered_aligned
18:16,18:16:2:1,18:16:4:1,18:16:2,18:16:4,2MP,3MP,1,qac_v0.4_aligned,numbered_aligned
18:16,18:16:10:1,18:16:15:2,18:16:10,18:16:15,3MS,3MS,0,qac_v0.4_aligned,numbered_aligned
18:17,18:17:1:2,18:17:4:1,18:17:1,18:17:4,2MS,3FS,1,qac_v0.4_aligned,numbered_aligned
18:17,18:17:4:1,18:17:5:1,18:17:4,18:17:5,3FS,3FS,0,qac_v0.4_aligned,numbered_aligned
18:17,18:17:5:1,18:17:11:1,18:17:5,18:17:11,3FS,3FS,0,qac_v0.4_aligned,numbered_aligned
18:17,18:17:11:1,18:17:12:1,18:17:11,18:17:12,3FS,3FS,0,qac_v0.4_aligned,numbered_aligned
18:17,18:17:12:1,18:17:24:1,18:17:12,18:17:24,3FS,3MS,0,qac_v0.4_aligned,numbered_aligned
18:17,18:17:24:1,18:17:29:1,18:17:24,18:17:29,3MS,3MS,0,qac_v0.4_aligned,numbered_aligned
18:17,18:17:29:1,18:17:31:1,18:17:29,18:17:31,3MS,2MS,1,qac_v0.4_aligned,numbered_aligned
18:18,18:18:1:2,18:18:5:2,18:18:1,18:18:5,2MS,1P,1,qac_v0.4_aligned,numbered_aligned
18:18,18:18:5:2,18:18:15:1,18:18:5,18:18:15,1P,2MS,1,qac_v0.4_aligned,numbered_aligned
18:18,18:18:15:1,18:18:17:2,18:18:15,18:18:17,2MS,2MS,0,qac_v0.4_aligned,numbered_aligned
18:18,18:18:17:2,18:18:20:3,18:18:17,18:18:20,2MS,2MS,0,qac_v0.4_aligned,numbered_aligned
18:19,18:19:2:1,18:19:3:2,18:19:2,18:19:3,1P,3MP,1,qac_v0.4_aligned,numbered_aligned
18:19,18:19:3:2,18:19:5:1,18:19:3,18:19:5,3MP,3MS,0,qac_v0.4_aligned,numbered_aligned
18:19,18:19:5:1,18:19:9:1,18:19:5,18:19:9,3MS,2MP,1,qac_v0.4_aligned,numbered_aligned
18:19,18:19:9:1,18:19:10:1,18:19:9,18:19:10,2MP,3MP,1,qac_v0.4_aligned,numbered_aligned
18:19,18:19:10:1,18:19:11:1,18:19:10,18:19:11,3MP,1P,1,qac_v0.4_aligned,numbered_aligned
18:19,18:19:11:1,18:19:16:1,18:19:11,18:19:16,1P,3MP,1,qac_v0.4_aligned,numbered_aligned
18:19,18:19:16:1,18:19:20:1,18:19:16,18:19:20,3MP,2MP,1,qac_v0.4_aligned,numbered_aligned
18:19,18:19:20:1,18:19:21:2,18:19:20,18:19:21,2MP,2MP,0,qac_v0.4_aligned,numbered_aligned
18:19,18:19:21:2,18:19:27:3,18:19:21,18:19:27,2MP,3MS,1,qac_v0.4_aligned,numbered_aligned
18:19,18:19:27:3,18:19:31:3,18:19:27,18:19:31,3MS,3MS,0,qac_v0.4_aligned,numbered_aligned
18:19,18:19:31:3,18:19:34:3,18:19:31,18:19:34,3MS,3MS,0,qac_v0.4_aligned,numbered_aligned
18:19,18:19:34:3,18:19:36:1,18:19:34,18:19:36,3MS,3MS,0,qac_v0.4_aligned,numbered_aligned
18:20,18:20:3:1,18:20:5:1,18:20:3,18:20:5,3MP,3MP,0,qac_v0.4_aligned,numbered_aligned
18:20,18:20:5:1,18:20:7:1,18:20:5,18:20:7,3MP,3MP,0,qac_v0.4_aligned,numbered_aligned
18:20,18:20:7:1,18:20:11:1,18:20:7,18:20:11,3MP,2MP,1,qac_v0.4_aligned,numbered_aligned
18:21,18:21:2:1,18:21:4:2,18:21:2,18:21:4,1P,3MP,1,qac_v0.4_aligned,numbered_aligned
18:21,18:21:4:2,18:21:15:1,18:21:4,18:21:15,3MP,3MP,0,qac_v0.4_aligned,numbered_aligned
18:21,18:21:15:1,18:21:18:2,18:21:15,18:21:18,3MP,3MP,0,qac_v0.4_aligned,numbered_aligned
18:21,18:21:18:2,18:21:19:1,18:21:18,18:21:19,3MP,2MP,1,qac_v0.4_aligned,numbered_aligned
18:21,18:21:19:1,18:21:25:1,18:21:19,18:21:25,2MP,3MS,1,qac_v0.4_aligned,numbered_aligned
18:21,18:21:25:1,18:21:27:1,18:21:25,18:21:27,3MS,3MP,0,qac_v0.4_aligned,numbered_aligned
18:21,18:21:27:1,18:21:30:2,18:21:27,18:21:30,3MP,1P,1,qac_v0.4_aligned,numbered_aligned
18:22,18:22:1:2,18:22:5:2,18:22:1,18:22:5,3MP,3MP,0,qac_v0.4_aligned,numbered_aligned
18:22,18:22:5:2,18:22:11:2,18:22:5,18:22:11,3MP,3MP,0,qac_v0.4_aligned,numbered_aligned
18:22,18:22:11:2,18:22:15:1,18:22:11,18:22:15,3MP,2MS,1,qac_v0.4_aligned,numbered_aligned
18:22,18:22:15:1,18:22:20:1,18:22:15,18:22:20,2MS,3MS,1,qac_v0.4_aligned,numbered_aligned
18:22,18:22:20:1,18:22:24:1,18:22:20,18:22:24,3MS,2MS,1,qac_v0.4_aligned,numbered_aligned
18:22,18:22:24:1,18:22:30:1,18:22:24,18:22:30,2MS,2MS,0,qac_v0.4_aligned,numbered_aligned
18:24,18:24:3:1,18:24:5:2,18:24:3,18:24:5,3MS,2MS,1,qac_v0.4_aligned,numbered_aligned
18:24,18:24:5:2,18:24:8:1,18:24:5,18:24:8,2MS,2MS,0,qac_v0.4_aligned,numbered_aligned
18:24,18:24:8:1,18:24:9:2,18:24:8,18:24:9,2MS,2MS,0,qac_v0.4_aligned,numbered_aligned
18:24,18:24:9:2,18:24:10:1,18:24:9,18:24:10,2MS,3MS,1,qac_v0.4_aligned,numbered_aligned
18:24,18:24:10:1,18:24:12:1,18:24:10,18:24:12,3MS,3MS,0,qac_v0.4_aligned,numbered_aligned
18:25,18:25:1:2,18:25:7:2,18:25:1,18:25:7,3MP,3MP,0,qac_v0.4_aligned,numbered_aligned
18:26,18:26:1:1,18:26:5:1,18:26:1,18:26:5,2MS,3MP,1,qac_v0.4_aligned,numbered_aligned
18:26,18:26:5:1,18:26:10:1,18:26:5,18:26:10,3MP,2MS,1,qac_v0.4_aligned,numbered_aligned
18:26,18:26:10:1,18:26:12:2,18:26:10,18:26:12,2MS,2MS,0,qac_v0.4_aligned,numbered_aligned
18:26,18:26:12:2,18:26:20:1,18:26:12,18:26:20,2MS,3MS,1,qac_v0.4_aligned,numbered_aligned
18:28,18:28:1:2,18:28:5:1,18:28:1,18:28:5,2MS,3MP,1,qac_v0.4_aligned,numbered_aligned
18:28,18:28:5:1,18:28:9:1,18:28:5,18:28:9,3MP,3MP,0,qac_v0.4_aligned,numbered_aligned
18:28,18:28:9:1,18:28:12:1,18:28:9,18:28:12,3MP,3FS,0,qac_v0.4_aligned,numbered_aligned
18:28,18:28:12:1,18:28:15:1,18:28:12,18:28:15,3FS,2MS,1,qac_v0.4_aligned,numbered_aligned
18:28,18:28:15:1,18:28:20:1,18:28:15,18:28:20,2MS,2MS,0,qac_v0.4_aligned,numbered_aligned
18:28,18:28:20:1,18:28:22:1,18:28:20,18:28:22,2MS,1P,1,qac_v0.4_aligned,numbered_aligned
18:28,18:28:22:1,18:28:26:2,18:28:22,18:28:26,1P,3MS,1,qac_v0.4_aligned,numbered_aligned
18:28,18:28:26:2,18:28:28:2,18:28:26,18:28:28,3MS,3MS,0,qac_v0.4_aligned,numbered_aligned
18:29,18:29:1:2,18:29:6:1,18:29:1,18:29:6,2MS,3MS,1,qac_v0.4_aligned,numbered_aligned
18:29,18:29:6:1,18:29:7:3,18:29:6,18:29:7,3MS,3MS,0,qac_v0.4_aligned,numbered_aligned
18:29,18:29:7:3,18:29:9:1,18:29:7,18:29:9,3MS,3MS,0,qac_v0.4_aligned,numbered_aligned
18:29,18:29:9:1,18:29:10:3,18:29:9,18:29:10,3MS,3MS,0,qac_v0.4_aligned,numbered_aligned
18:29,18:29:10:3,18:29:12:1,18:29:10,18:29:12,3MS,1P,1,qac_v0.4_aligned,numbered_aligned
18:29,18:29:12:1,18:29:15:1,18:29:12,18:29:15,1P,3MS,1,qac_v0.4_aligned,numbered_aligned
18:29,18:29:15:1,18:29:19:1,18:29:15,18:29:19,3MS,3MP,0,qac_v0.4_aligned,numbered_aligned
18:29,18:29:19:1,18:29:20:1,18:29:19,18:29:20,3MP,3MP,0,qac_v0.4_aligned,numbered_aligned
18:29,18:29:25:1,18:29:27:2,18:29:25,18:29:27,3MS,3FS,0,qac_v0.4_aligned,numbered_aligned
18:30,18:30:4:2,18:30:8:1,18:30:4,18:30:8,3MP,1P,1,qac_v0.4_aligned,numbered_aligned
18:30,18:30:8:1,18:30:11:1,18:30:8,18:30:11,1P,3MS,1,qac_v0.4_aligned,numbered_aligned
18:31,18:31:9:1,18:31:15:2,18:31:9,18:31:15,3MP,3MP,0,qac_v0.4_aligned,numbered_aligned
18:31,18:31:15:2,18:31:25:1,18:31:15,18:31:25,3MP,3MS,0,qac_v0.4_aligned,numbered_aligned
18:31,18:31:25:1,18:31:27:2,18:31:25,18:31:27,3MS,3FS,0,qac_v0.4_aligned,numbered_aligned
18:32,18:32:1:2,18:32:5:1,18:32:1,18:32:5,2MS,1P,1,qac_v0.4_aligned,numbered_aligned
18:32,18:32:5:1,18:32:10:2,18:32:5,18:32:10,1P,1P,0,qac_v0.4_aligned,numbered_aligned
18:32,18:32:10:2,18:32:12:2,18:32:10,18:32:12,1P,1P,0,qac_v0.4_aligned,numbered_aligned
18:33,18:33:6:1,18:33:9:2,18:33:6,18:33:9,3FS,1P,1,qac_v0.4_aligned,numbered_aligned
18:34,18:34:1:2,18:34:4:2,18:34:1,18:34:4,3MS,3MS,0,qac_v0.4_aligned,numbered_aligned
18:34,18:34:4:2,18:34:7:1,18:34:4,18:34:7,3MS,3MS,0,qac_v0.4_aligned,numbered_aligned
18:35,18:35:1:2,18:35:6:1,18:35:1,18:35:6,3MS,3MS,0,qac_v0.4_aligned,numbered_aligned
18:35,18:35:6:1,18:35:8:1,18:35:6,18:35:8,3MS,1S,1,qac_v0.4_aligned,numbered_aligned
18:35,18:35:8:1,18:35:10:1,18:35:8,18:35:10,1S,3FS,1,qac_v0.4_aligned,numbered_aligned
18:36,18:36:2:1,18:36:6:1,18:36:2,18:36:6,1S,1S,0,qac_v0.4_aligned,numbered_aligned
18:36,18:36:6:1,18:36:9:2,18:36:6,18:36:9,1S,1S,0,qac_v0.4_aligned,numbered_aligned
18:37,18:37:1:1,18:37:5:1,18:37:1,18:37:5,3MS,3MS,0,qac_v0.4_aligned,numbered_aligned
18:37,18:37:5:1,18:37:6:2,18:37:5,18:37:6,3MS,2MS,1,qac_v0.4_aligned,numbered_aligned
18:37,18:37:6:2,18:37:8:1,18:37:6,18:37:8,2MS,3MS,1,qac_v0.4_aligned,numbered_aligned
18:39,18:39:3:1,18:39:5:1,18:39:3,18:39:5,2MS,2MS,0,qac_v0.4_aligned,numbered_aligned
18:39,18:39:5:1,18:39:7:1,18:39:5,18:39:7,2MS,3MS,1,qac_v0.4_aligned,numbered_aligned
18:39,18:39:7:1,18:39:14:1,18:39:7,18:39:14,3MS,2MS,1,qac_v0.4_aligned,numbered_aligned
18:40,18:40:1:2,18:40:4:1,18:40:1,18:40:4,3MS,3MS,0,qac_v0.4_aligned,numbered_aligned
18:40,18:40:4:1,18:40:8:2,18:40:4,18:40:8,3MS,3MS,0,qac_v0.4_aligned,numbered_aligned
18:40,18:40:8:2,18:40:13:2,18:40:8,18:40:13,3MS,3FS,0,qac_v0.4_aligned,numbered_aligned
18:41,18:41:2:1,18:41:6:1,18:41:2,18:41:6,3MS,2MS,1,qac_v0.4_aligned,numbered_aligned
18:43,18:43:2:1,18:43:5:1,18:43:2,18:43:5,3FS,3MP,0,qac_v0.4_aligned,numbered_aligned
18:43,18:43:5:1,18:43:10:1,18:43:5,18:43:10,3MP,3MS,0,qac_v0.4_aligned,numbered_aligned
18:45,18:45:1:2,18:45:7:1,18:45:1,18:45:7,2MS,1P,1,qac_v0.4_aligned,numbered_aligned
18:45,18:45:7:1,18:45:10:2,18:45:7,18:45:10,1P,3MS,1,qac_v0.4_aligned,numbered_aligned
18:45,18:45:10:2,18:45:14:2,18:45:10,18:45:14,3MS,3MS,0,qac_v0.4_aligned,numbered_aligned
18:45,18:45:14:2,18:45:16:1,18:45:14,18:45:16,3MS,3FS,0,qac_v0.4_aligned,numbered_aligned
18:45,18:45:16:1,18:45:18:2,18:45:16,18:45:18,3FS,3MS,0,qac_v0.4_aligned,numbered_aligned
18:47,18:47:2:1,18:47:4:2,18:47:2,18:47:4,1P,2MS,1,qac_v0.4_aligned,numbered_aligned
18:47,18:47:4:2,18:47:7:2,18:47:4,18:47:7,2MS,1P,1,qac_v0.4_aligned,numbered_aligned
18:47,18:47:7:2,18:47:9:1,18:47:7,18:47:9,1P,1P,0,qac_v0.4_aligned,numbered_aligned
18:48,18:48:1:2,18:48:6:1,18:48:1,18:48:6,3MP,2MP,1,qac_v0.4_aligned,numbered_aligned
18:48,18:48:6:1,18:48:8:1,18:48:6,18:48:8,2MP,1P,1,qac_v0.4_aligned,numbered_aligned
18:48,18:48:8:1,18:48:12:1,18:48:8,18:48:12,1P,2MP,1,qac_v0.4_aligned,numbered_aligned
18:48,18:48:12:1,18:48:14:1,18:48:12,18:48:14,2MP,1P,1,qac_v0.4_aligned,numbered_aligned
18:49,18:49:1:2,18:49:3:2,18:49:1,18:49:3,3MS,2MS,1,qac_v0.4_aligned,numbered_aligned
18:49,18:49:3:2,18:49:8:2,18:49:3,18:49:8,2MS,3MP,1,qac_v0.4_aligned,numbered_aligned
18:49,18:49:8:2,18:49:14:1,18:49:8,18:49:15,3MP,3MS,0,qac_v0.4_aligned,numbered_aligned
18:49,18:49:20:2,18:49:22:1,18:49:21,18:49:23,3MP,3MP,0,qac_v0.4_aligned,numbered_aligned
18:49,18:49:22:1,18:49:25:1,18:49:23,18:49:26,3MP,3MS,0,qac_v0.4_aligned,numbered_aligned
18:50,18:50:2:1,18:50:4:1,18:50:2,18:50:4,1P,2MP,1,qac_v0.4_aligned,numbered_aligned
18:50,18:50:4:1,18:50:6:2,18:50:4,18:50:6,2MP,3MP,1,qac_v0.4_aligned,numbered_aligned
18:50,18:50:6:2,18:50:9:1,18:50:6,18:50:9,3MP,3MS,0,qac_v0.4_aligned,numbered_aligned
18:50,18:50:9:1,18:50:12:2,18:50:9,18:50:12,3MS,3MS,0,qac_v0.4_aligned,numbered_aligned
18:50,18:50:12:2,18:50:16:3,18:50:12,18:50:16,3MS,2MP,1,qac_v0.4_aligned,numbered_aligned
18:50,18:50:16:3,18:50:24:1,18:50:16,18:50:24,2MP,3MS,1,qac_v0.4_aligned,numbered_aligned
18:51,18:51:2:1,18:51:10:1,18:51:2,18:51:10,1S,1S,0,qac_v0.4_aligned,numbered_aligned
18:52,18:52:2:1,18:52:3:1,18:52:2,18:52:3,3MS,2MP,1,qac_v0.4_aligned,numbered_aligned
18:52,18:52:3:1,18:52:6:1,18:52:3,18:52:6,2MP,2MP,0,qac_v0.4_aligned,numbered_aligned
18:52,18:52:6:1,18:52:7:2,18:52:6,18:52:7,2MP,3MP,1,qac_v0.4_aligned,numbered_aligned
18:52,18:52:7:2,18:52:9:1,18:52:7,18:52:9,3MP,3MP,0,qac_v0.4_aligned,numbered_aligned
18:52,18:52:9:1,18:52:11:2,18:52:9,18:52:11,3MP,1P,1,qac_v0.4_aligned,numbered_aligned
18:53,18:53:4:2,18:53:8:1,18:53:4,18:53:8,3MP,3MP,0,qac_v0.4_aligned,numbered_aligned
18:54,18:54:2:1,18:54:10:2,18:54:2,18:54:10,1P,3MS,1,qac_v0.4_aligned,numbered_aligned
18:55,18:55:2:1,18:55:5:1,18:55:2,18:55:5,3MS,3MP,0,qac_v0.4_aligned,numbered_aligned
18:55,18:55:5:1,18:55:7:1,18:55:5,18:55:7,3MP,3MS,0,qac_v0.4_aligned,numbered_aligned
18:55,18:55:7:1,18:55:9:2,18:55:7,18:55:9,3MS,3MP,0,qac_v0.4_aligned,numbered_aligned
18:55,18:55:9:2,18:55:13:1,18:55:9,18:55:13,3MP,3FS,0,qac_v0.4_aligned,numbered_aligned
18:55,18:55:13:1,18:55:17:1,18:55:13,18:55:17,3FS,3MS,0,qac_v0.4_aligned,numbered_aligned
18:56,18:56:2:1,18:56:7:2,18:56:2,18:56:7,1P,3MS,1,qac_v0.4_aligned,numbered_aligned
18:56,18:56:7:2,18:56:9:1,18:56:7,18:56:9,3MS,3MP,0,qac_v0.4_aligned,numbered_aligned
18:56,18:56:9:1,18:56:11:2,18:56:9,18:56:11,3MP,3MP,0,qac_v0.4_aligned,numbered_aligned
18:56,18:56:11:2,18:56:14:2,18:56:11,18:56:14,3MP,3MP,0,qac_v0.4_aligned,numbered_aligned
18:56,18:56:14:2,18:56:17:1,18:56:14,18:56:17,3MP,3MP,0,qac_v0.4_aligned,numbered_aligned
18:57,18:57:4:1,18:57:7:2,18:57:4,18:57:7,3MS,3MS,0,qac_v0.4_aligned,numbered_aligned
18:57,18:57:11:1,18:57:14:1,18:57:11,18:57:14,3FS,1P,1,qac_v0.4_aligned,numbered_aligned
18:57,18:57:14:1,18:57:19:1,18:57:14,18:57:19,1P,3MP,1,qac_v0.4_aligned,numbered_aligned
18:57,18:57:19:1,18:57:24:1,18:57:19,18:57:24,3MP,2MS,1,qac_v0.4_aligned,numbered_aligned
18:57,18:57:24:1,18:57:28:1,18:57:24,18:57:28,2MS,3MP,1,qac_v0.4_aligned,numbered_aligned
18:58,18:58:6:1,18:58:8:1,18:58:6,18:58:8,3MS,3MP,0,qac_v0.4_aligned,numbered_aligned
18:58,18:58:8:1,18:58:9:2,18:58:8,18:58:9,3MP,3MS,0,qac_v0.4_aligned,numbered_aligned
18:58,18:58:9:2,18:58:16:1,18:58:9,18:58:16,3MS,3MP,0,qac_v0.4_aligned,numbered_aligned
18:59,18:59:3:1,18:59:5:1,18:59:3,18:59:5,1P,3MP,1,qac_v0.4_aligned,numbered_aligned
18:59,18:59:5:1,18:59:6:2,18:59:5,18:59:6,3MP,1P,1,qac_v0.4_aligned,numbered_aligned
18:60,18:60:2:1,18:60:6:1,18:60:2,18:60:6,3MS,1S,1,qac_v0.4_aligned,numbered_aligned
18:60,18:60:6:1,18:60:8:1,18:60:6,18:60:8,1S,1S,0,qac_v0.4_aligned,numbered_aligned
18:61,18:61:2:1,18:61:5:1,18:61:2,18:61:5,3MD,3MD,0,qac_v0.4_aligned,numbered_aligned
18:61,18:61:5:1,18:61:7:2,18:61:5,18:61:7,3MD,3MS,0,qac_v0.4_aligned,numbered_aligned
18:62,18:62:2:1,18:62:3:1,18:62:2,18:62:3,3MD,3MS,0,qac_v0.4_aligned,numbered_aligned
18:63,18:63:4:1,18:63:8:1,18:63:4,18:63:8,1P,1S,0,qac_v0.4_aligned,numbered_aligned
18:63,18:63:15:1,18:63:16:2,18:63:15,18:63:16,1S,3MS,1,qac_v0.4_aligned,numbered_aligned
18:64,18:64:1:1,18:64:4:1,18:64:1,18:64:4,3MS,1P,1,qac_v0.4_aligned,numbered_aligned
18:64,18:64:4:1,18:64:5:1,18:64:4,18:64:5,1P,1P,0,qac_v0.4_aligned,numbered_aligned
18:64,18:64:5:1,18:64:6:2,18:64:5,18:64:6,1P,3MD,1,qac_v0.4_aligned,numbered_aligned
18:66,18:66:1:1,18:66:5:1,18:66:1,18:66:5,3MS,1S,1,qac_v0.4_aligned,numbered_aligned
18:66,18:66:5:1,18:66:8:1,18:66:5,18:66:8,1S,2MS,1,qac_v0.4_aligned,numbered_aligned
18:66,18:66:8:1,18:66:10:1,18:66:8,18:66:10,2MS,2MS,0,qac_v0.4_aligned,numbered_aligned
18:67,18:67:1:1,18:67:4:1,18:67:1,18:67:4,3MS,2MS,1,qac_v0.4_aligned,numbered_aligned
18:68,18:68:2:1,18:68:6:1,18:68:2,18:68:6,2MS,2MS,0,qac_v0.4_aligned,numbered_aligned
18:71,18:71:1:2,18:71:4:1,18:71:1,18:71:4,3MD,3MD,0,qac_v0.4_aligned,numbered_aligned
18:71,18:71:4:1,18:71:7:1,18:71:4,18:71:7,3MD,3MS,0,qac_v0.4_aligned,numbered_aligned
18:71,18:71:7:1,18:71:8:1,18:71:7,18:71:8,3MS,3MS,0,qac_v0.4_aligned,numbered_aligned
18:71,18:71:8:1,18:71:9:2,18:71:8,18:71:9,3MS,2MS,1,qac_v0.4_aligned,numbered_aligned
18:71,18:71:9:2,18:71:10:2,18:71:9,18:71:10,2MS,2MS,0,qac_v0.4_aligned,numbered_aligned
18:71,18:71:10:2,18:71:13:1,18:71:10,18:71:13,2MS,2MS,0,qac_v0.4_aligned,numbered_aligned
18:72,18:72:1:1,18:72:3:1,18:72:1,18:72:3,3MS,1S,1,qac_v0.4_aligned,numbered_aligned
18:72,18:72:3:1,18:72:6:1,18:72:3,18:72:6,1S,2MS,1,qac_v0.4_aligned,numbered_aligned
18:74,18:74:1:2,18:74:4:1,18:74:1,18:74:4,3MD,3MD,0,qac_v0.4_aligned,numbered_aligned
18:74,18:74:4:1,18:74:6:2,18:74:4,18:74:6,3MD,3MS,0,qac_v0.4_aligned,numbered_aligned
18:74,18:74:6:2,18:74:7:1,18:74:6,18:74:7,3MS,3MS,0,qac_v0.4_aligned,numbered_aligned
18:74,18:74:7:1,18:74:8:2,18:74:7,18:74:8,3MS,2MS,1,qac_v0.4_aligned,numbered_aligned
18:74,18:74:8:2,18:74:14:1,18:74:8,18:74:14,2MS,2MS,0,qac_v0.4_aligned,numbered_aligned
18:75,18:75:1:1,18:75:3:1,18:75:1,18:75:3,3MS,1S,1,qac_v0.4_aligned,numbered_aligned
18:75,18:75:3:1,18:75:7:1,18:75:3,18:75:7,1S,2MS,1,qac_v0.4_aligned,numbered_aligned
18:76,18:76:1:1,18:76:3:1,18:76:1,18:76:3,3MS,1S,1,qac_v0.4_aligned,numbered_aligned
18:77,18:77:1:2,18:77:4:1,18:77:1,18:77:4,3MD,3MD,0,qac_v0.4_aligned,numbered_aligned
18:77,18:77:4:1,18:77:7:1,18:77:4,18:77:7,3MD,3MD,0,qac_v0.4_aligned,numbered_aligned
18:77,18:77:7:1,18:77:9:2,18:77:7,18:77:9,3MD,3MP,0,qac_v0.4_aligned,numbered_aligned
18:77,18:77:9:2,18:77:11:1,18:77:9,18:77:11,3MP,3MP,0,qac_v0.4_aligned,numbered_aligned
18:77,18:77:11:1,18:77:12:2,18:77:11,18:77:12,3MP,3MD,0,qac_v0.4_aligned,numbered_aligned
18:77,18:77:12:2,18:77:15:1,18:77:12,18:77:15,3MD,3MS,0,qac_v0.4_aligned,numbered_aligned
18:77,18:77:15:1,18:77:17:1,18:77:15,18:77:17,3MS,3MS,0,qac_v0.4_aligned,numbered_aligned
18:77,18:77:17:1,18:77:18:2,18:77:17,18:77:18,3MS,3MS,0,qac_v0.4_aligned,numbered_aligned
18:77,18:77:18:2,18:77:19:1,18:77:18,18:77:19,3MS,3MS,0,qac_v0.4_aligned,numbered_aligned
18:77,18:77:19:1,18:77:21:1,18:77:19,18:77:21,3MS,2MS,1,qac_v0.4_aligned,numbered_aligned
18:78,18:78:1:1,18:78:6:2,18:78:1,18:78:6,3MS,1S,1,qac_v0.4_aligned,numbered_aligned
18:78,18:78:6:2,18:78:10:1,18:78:6,18:78:10,1S,2MS,1,qac_v0.4_aligned,numbered_aligned
18:79,18:79:3:2,18:79:5:1,18:79:3,18:79:5,3FS,3MP,0,qac_v0.4_aligned,numbered_aligned
18:79,18:79:5:1,18:79:8:2,18:79:5,18:79:8,3MP,1S,1,qac_v0.4_aligned,numbered_aligned
18:79,18:79:8:2,18:79:10:1,18:79:8,18:79:10,1S,1S,0,qac_v0.4_aligned,numbered_aligned
18:79,18:79:10:1,18:79:11:2,18:79:10,18:79:11,1S,3MS,1,qac_v0.4_aligned,numbered_aligned
18:79,18:79:11:2,18:79:14:1,18:79:11,18:79:14,3MS,3MS,0,qac_v0.4_aligned,numbered_aligned
18:80,18:80:3:2,18:80:6:2,18:80:3,18:80:6,3MS,1P,1,qac_v0.4_aligned,numbered_aligned
18:80,18:80:6:2,18:80:8:1,18:80:6,18:80:8,1P,3MS,1,qac_v0.4_aligned,numbered_aligned
18:81,18:81:1:2,18:81:3:1,18:81:1,18:81:3,1P,3MS,1,qac_v0.4_aligned,numbered_aligned
18:82,18:82:3:2,18:82:8:2,18:82:3,18:82:8,3MS,3MS,0,qac_v0.4_aligned,numbered_aligned
18:82,18:82:8:2,18:82:12:2,18:82:8,18:82:12,3MS,3MS,0,qac_v0.4_aligned,numbered_aligned
18:82,18:82:12:2,18:82:15:2,18:82:12,18:82:15,3MS,3MS,0,qac_v0.4_aligned,numbered_aligned
18:82,18:82:15:2,18:82:18:1,18:82:15,18:82:18,3MS,3MD,0,qac_v0.4_aligned,numbered_aligned
18:82,18:82:18:1,18:82:20:2,18:82:18,18:82:20,3MD,3MD,0,qac_v0.4_aligned,numbered_aligned
18:82,18:82:20:2,18:82:26:1,18:82:20,18:82:26,3MD,1S,1,qac_v0.4_aligned,numbered_aligned
18:82,18:82:26:1,18:82:33:1,18:82:26,18:82:33,1S,2MS,1,qac_v0.4_aligned,numbered_aligned
18:86,18:86:3:1,18:86:6:1,18:86:3,18:86:6,3MS,3MS,0,qac_v0.4_aligned,numbered_aligned
18:86,18:86:6:1,18:86:7:1,18:86:6,18:86:7,3MS,3FS,0,qac_v0.4_aligned,numbered_aligned
18:86,18:86:7:1,18:86:11:2,18:86:7,18:86:11,3FS,3MS,0,qac_v0.4_aligned,numbered_aligned
18:86,18:86:11:2,18:86:14:1,18:86:11,18:86:14,3MS,1P,1,qac_v0.4_aligned,numbered_aligned
18:86,18:86:14:1,18:86:19:1,18:86:14,18:86:20,1P,2MS,1,qac_v0.4_aligned,numbered_aligned
18:86,18:86:19:1,18:86:22:1,18:86:20,18:86:23,2MS,2MS,0,qac_v0.4_aligned,numbered_aligned
18:87,18:87:1:1,18:87:4:1,18:87:1,18:87:4,3MS,3MS,0,qac_v0.4_aligned,numbered_aligned
18:87,18:87:4:1,18:87:6:1,18:87:4,18:87:6,3MS,1P,1,qac_v0.4_aligned,numbered_aligned
18:87,18:87:6:1,18:87:8:1,18:87:6,18:87:8,1P,3MS,1,qac_v0.4_aligned,numbered_aligned
18:87,18:87:8:1,18:87:11:2,18:87:8,18:87:11,3MS,3MS,0,qac_v0.4_aligned,numbered_aligned
18:88,18:88:4:2,18:88:9:3,18:88:4,18:88:9,3MS,1P,1,qac_v0.4_aligned,numbered_aligned
18:90,18:90:3:1,18:90:6:1,18:90:3,18:90:6,3MS,3MS,0,qac_v0.4_aligned,numbered_aligned
18:90,18:90:6:1,18:90:7:1,18:90:6,18:90:7,3MS,3FS,0,qac_v0.4_aligned,numbered_aligned
18:90,18:90:7:1,18:90:11:1,18:90:7,18:90:11,3FS,1P,1,qac_v0.4_aligned,numbered_aligned
18:93,18:93:3:1,18:93:6:1,18:93:3,18:93:6,3MS,3MS,0,qac_v0.4_aligned,numbered_aligned
18:93,18:93:6:1,18:93:11:1,18:93:6,18:93:11,3MS,3MP,0,qac_v0.4_aligned,numbered_aligned
18:93,18:93:11:1,18:93:12:1,18:93:11,18:93:12,3MP,3MP,0,qac_v0.4_aligned,numbered_aligned
18:94,18:94:1:1,18:94:11:1,18:94:1,18:94:12,3MP,1P,1,qac_v0.4_aligned,numbered_aligned
18:94,18:94:11:1,18:94:16:1,18:94:12,18:94:17,1P,2MS,1,qac_v0.4_aligned,numbered_aligned
18:96,18:96:6:1,18:96:9:1,18:96:6,18:96:9,3MS,3MS,0,qac_v0.4_aligned,numbered_aligned
18:96,18:96:9:1,18:96:10:1,18:96:9,18:96:10,3MS,2MP,1,qac_v0.4_aligned,numbered_aligned
18:96,18:96:10:1,18:96:13:1,18:96:10,18:96:13,2MP,3MS,1,qac_v0.4_aligned,numbered_aligned
18:96,18:96:13:1,18:96:15:1,18:96:13,18:96:15,3MS,3MS,0,qac_v0.4_aligned,numbered_aligned
18:97,18:97:2:1,18:97:4:1,18:97:2,18:97:4,3MP,3MP,0,qac_v0.4_aligned,numbered_aligned
18:97,18:97:4:1,18:97:6:1,18:97:4,18:97:6,3MP,3MP,0,qac_v0.4_aligned,numbered_aligned
18:98,18:98:1:1,18:98:7:1,18:98:1,18:98:7,3MS,3MS,0,qac_v0.4_aligned,numbered_aligned
18:98,18:98:7:1,18:98:10:1,18:98:7,18:98:10,3MS,3MS,0,qac_v0.4_aligned,numbered_aligned
18:98,18:98:10:1,18:98:12:2,18:98:10,18:98:12,3MS,3MS,0,qac_v0.4_aligned,numbered_aligned
18:99,18:99:1:2,18:99:4:1,18:99:1,18:99:4,1P,3MS,1,qac_v0.4_aligned,numbered_aligned
18:99,18:99:4:1,18:99:7:2,18:99:4,18:99:7,3MS,3MS,0,qac_v0.4_aligned,numbered_aligned
18:99,18:99:7:2,18:99:10:2,18:99:7,18:99:10,3MS,1P,1,qac_v0.4_aligned,numbered_aligned
18:101,18:101:2:1,18:101:8:2,18:101:2,18:101:8,3FS,3MP,0,qac_v0.4_aligned,numbered_aligned
18:101,18:101:8:2,18:101:10:1,18:101:8,18:101:10,3MP,3MP,0,qac_v0.4_aligned,numbered_aligned
18:102,18:102:1:3,18:102:3:1,18:102:1,18:102:3,3MS,3MP,0,qac_v0.4_aligned,numbered_aligned
18:102,18:102:3:1,18:102:5:1,18:102:3,18:102:5,3MP,3MP,0,qac_v0.4_aligned,numbered_aligned
18:102,18:102:5:1,18:102:11:1,18:102:5,18:102:11,3MP,1P,1,qac_v0.4_aligned,numbered_aligned
18:103,18:103:1:1,18:103:3:1,18:103:1,18:103:3,2MS,1P,1,qac_v0.4_aligned,numbered_aligned
18:104,18:104:2:1,18:104:8:1,18:104:2,18:104:8,3MS,3MP,0,qac_v0.4_aligned,numbered_aligned
18:104,18:104:8:1,18:104:10:1,18:104:8,18:104:10,3MP,3MP,0,qac_v0.4_aligned,numbered_aligned
18:105,18:105:3:1,18:105:7:2,18:105:3,18:105:7,3MP,3FS,0,qac_v0.4_aligned,numbered_aligned
18:105,18:105:7:2,18:105:10:1,18:105:7,18:105:10,3FS,1P,1,qac_v0.4_aligned,numbered_aligned
18:106,18:106:5:1,18:106:6:2,18:106:5,18:106:6,3MP,3MP,0,qac_v0.4_aligned,numbered_aligned
18:107,18:107:4:2,18:107:6:1,18:107:4,18:107:6,3MP,3FS,0,qac_v0.4_aligned,numbered_aligned
18:109,18:109:1:1,18:109:3:1,18:109:1,18:109:3,2MS,3MS,1,qac_v0.4_aligned,numbered_aligned
18:109,18:109:3:1,18:109:8:2,18:109:3,18:109:8,3MS,3MS,0,qac_v0.4_aligned,numbered_aligned
18:109,18:109:8:2,18:109:12:1,18:109:8,18:109:12,3MS,3FS,0,qac_v0.4_aligned,numbered_aligned
18:109,18:109:12:1,18:109:16:1,18:109:12,18:109:16,3FS,1P,1,qac_v0.4_aligned,numbered_aligned
18:110,18:110:1:1,18:110:6:1,18:110:1,18:110:6,2MS,3MS,1,qac_v0.4_aligned,numbered_aligned
18:110,18:110:6:1,18:110:13:1,18:110:6,18:110:13,3MS,3MS,0,qac_v0.4_aligned,numbered_aligned
18:110,18:110:17:3,18:110:21:1,18:110:17,18:110:21,3MS,3MS,0,qac_v0.4_aligned,numbered_aligned
19:4,19:4:1:1,19:4:4:1,19:4:1,19:4:4,3MS,3MS,0,qac_v0.4_aligned,numbered_aligned
19:4,19:4:4:1,19:4:7:2,19:4:4,19:4:7,3MS,3MS,0,qac_v0.4_aligned,numbered_aligned
19:4,19:4:7:2,19:4:11:1,19:4:7,19:4:11,3MS,1S,1,qac_v0.4_aligned,numbered_aligned
19:5,19:5:2:1,19:5:6:2,19:5:2,19:5:6,1S,3FS,1,qac_v0.4_aligned,numbered_aligned
19:5,19:5:6:2,19:5:9:2,19:5:6,19:5:9,3FS,2MS,1,qac_v0.4_aligned,numbered_aligned
19:6,19:6:2:2,19:6:6:2,19:6:2,19:6:6,3MS,2MS,1,qac_v0.4_aligned,numbered_aligned
19:7,19:7:3:1,19:7:8:1,19:7:4,19:7:9,1P,1P,0,qac_v0.4_aligned,numbered_aligned
19:8,19:8:1:1,19:8:4:1,19:8:1,19:8:4,3MS,3MS,0,qac_v0.4_aligned,numbered_aligned
19:8,19:8:4:1,19:8:7:2,19:8:4,19:8:7,3MS,3FS,0,qac_v0.4_aligned,numbered_aligned
19:8,19:8:7:2,19:8:11:1,19:8:7,19:8:11,3FS,1S,1,qac_v0.4_aligned,numbered_aligned
19:9,19:9:1:1,19:9:3:1,19:9:1,19:9:3,3MS,3MS,0,qac_v0.4_aligned,numbered_aligned
19:9,19:9:3:1,19:9:9:1,19:9:3,19:9:9,3MS,1S,1,qac_v0.4_aligned,numbered_aligned
19:9,19:9:9:1,19:9:13:1,19:9:9,19:9:13,1S,2MS,1,qac_v0.4_aligned,numbered_aligned
19:10,19:10:1:1,19:10:3:1,19:10:1,19:10:3,3MS,2MS,1,qac_v0.4_aligned,numbered_aligned
19:10,19:10:3:1,19:10:6:1,19:10:3,19:10:6,2MS,3MS,1,qac_v0.4_aligned,numbered_aligned
19:10,19:10:6:1,19:10:9:1,19:10:6,19:10:9,3MS,2MS,1,qac_v0.4_aligned,numbered_aligned
19:11,19:11:1:2,19:11:6:2,19:11:1,19:11:6,3MS,3MS,0,qac_v0.4_aligned,numbered_aligned
19:11,19:11:6:2,19:11:9:1,19:11:6,19:11:9,3MS,2MP,1,qac_v0.4_aligned,numbered_aligned
19:15,19:15:4:1,19:15:6:1,19:15:4,19:15:6,3MS,3MS,0,qac_v0.4_aligned,numbered_aligned
19:15,19:15:6:1,19:15:8:1,19:15:6,19:15:8,3MS,3MS,0,qac_v0.4_aligned,numbered_aligned
19:16,19:16:1:2,19:16:6:1,19:16:1,19:16:6,2MS,3FS,1,qac_v0.4_aligned,numbered_aligned
19:17,19:17:1:2,19:17:5:2,19:17:1,19:17:5,3FS,1P,1,qac_v0.4_aligned,numbered_aligned
19:17,19:17:5:2,19:17:8:2,19:17:5,19:17:8,1P,3MS,1,qac_v0.4_aligned,numbered_aligned
19:18,19:18:1:1,19:18:3:1,19:18:1,19:18:3,3FS,1S,1,qac_v0.4_aligned,numbered_aligned
19:18,19:18:3:1,19:18:7:1,19:18:3,19:18:7,1S,2MS,1,qac_v0.4_aligned,numbered_aligned
19:19,19:19:1:1,19:19:6:2,19:19:1,19:19:6,3MS,1S,1,qac_v0.4_aligned,numbered_aligned
19:20,19:20:1:1,19:20:3:1,19:20:1,19:20:3,3FS,3MS,0,qac_v0.4_aligned,numbered_aligned
19:21,19:21:1:1,19:21:3:1,19:21:1,19:21:3,3MS,3MS,0,qac_v0.4_aligned,numbered_aligned
19:21,19:21:3:1,19:21:8:3,19:21:3,19:21:8,3MS,1P,1,qac_v0.4_aligned,numbered_aligned
19:21,19:21:8:3,19:21:13:2,19:21:8,19:21:13,1P,3MS,1,qac_v0.4_aligned,numbered_aligned
19:22,19:22:1:2,19:22:2:2,19:22:1,19:22:2,3FS,3FS,0,qac_v0.4_aligned,numbered_aligned
19:26,19:26:12:1,19:26:16:1,19:26:12,19:26:16,1S,1S,0,qac_v0.4_aligned,numbered_aligned
19:27,19:27:1:2,19:27:4:1,19:27:1,19:27:4,3FS,3FS,0,qac_v0.4_aligned,numbered_aligned
19:27,19:27:4:1,19:27:5:1,19:27:4,19:27:5,3FS,3MP,0,qac_v0.4_aligned,numbered_aligned
19:27,19:27:5:1,19:27:8:1,19:27:5,19:27:9,3MP,2FS,1,qac_v0.4_aligned,numbered_aligned
19:28,19:28:4:1,19:28:9:1,19:28:5,19:28:10,3MS,3FS,0,qac_v0.4_aligned,numbered_aligned
19:29,19:29:1:2,19:29:3:1,19:29:1,19:29:3,3FS,3MP,0,qac_v0.4_aligned,numbered_aligned
19:29,19:29:3:1,19:29:5:1,19:29:3,19:29:5,3MP,1P,1,qac_v0.4_aligned,numbered_aligned
19:29,19:29:5:1,19:29:7:1,19:29:5,19:29:7,1P,3MS,1,qac_v0.4_aligned,numbered_aligned
19:33,19:33:4:1,19:33:6:1,19:33:4,19:33:6,1S,1S,0,qac_v0.4_aligned,numbered_aligned
19:33,19:33:6:1,19:33:8:1,19:33:6,19:33:8,1S,1S,0,qac_v0.4_aligned,numbered_aligned
19:35,19:35:2:1,19:35:5:1,19:35:2,19:35:5,3MS,3MS,0,qac_v0.4_aligned,numbered_aligned
19:35,19:35:5:1,19:35:10:1,19:35:5,19:35:10,3MS,3MS,0,qac_v0.4_aligned,numbered_aligned
19:35,19:35:10:1,19:35:13:1,19:35:10,19:35:13,3MS,3MS,0,qac_v0.4_aligned,numbered_aligned
19:35,19:35:13:1,19:35:15:1,19:35:13,19:35:15,3MS,2MS,1,qac_v0.4_aligned,numbered_aligned
19:35,19:35:15:1,19:35:16:2,19:35:15,19:35:16,2MS,3MS,1,qac_v0.4_aligned,numbered_aligned
19:37,19:37:1:2,19:37:7:1,19:37:1,19:37:7,3MS,3MP,0,qac_v0.4_aligned,numbered_aligned
19:38,19:38:1:1,19:38:3:2,19:38:1,19:38:3,2MS,2MS,0,qac_v0.4_aligned,numbered_aligned
19:38,19:38:3:2,19:38:5:1,19:38:3,19:38:5,2MS,3MP,1,qac_v0.4_aligned,numbered_aligned
19:40,19:40:3:1,19:40:8:1,19:40:3,19:40:8,1P,3MP,1,qac_v0.4_aligned,numbered_aligned
19:41,19:41:1:2,19:41:6:1,19:41:1,19:41:6,2MS,3MS,1,qac_v0.4_aligned,numbered_aligned
19:42,19:42:2:1,19:42:6:1,19:42:2,19:42:7,3MS,2MS,1,qac_v0.4_aligned,numbered_aligned
19:42,19:42:6:1,19:42:9:1,19:42:7,19:42:10,2MS,3MS,1,qac_v0.4_aligned,numbered_aligned
19:42,19:42:9:1,19:42:11:1,19:42:10,19:42:12,3MS,3MS,0,qac_v0.4_aligned,numbered_aligned
19:44,19:44:3:1,19:44:7:1,19:44:4,19:44:8,2MS,3MS,1,qac_v0.4_aligned,numbered_aligned
19:45,19:45:3:1,19:45:5:1,19:45:4,19:45:6,1S,3MS,1,qac_v0.4_aligned,numbered_aligned
19:45,19:45:5:1,19:45:9:2,19:45:6,19:45:10,3MS,2MS,1,qac_v0.4_aligned,numbered_aligned
19:46,19:46:1:1,19:46:9:1,19:46:1,19:46:10,3MS,2MS,1,qac_v0.4_aligned,numbered_aligned
19:46,19:46:9:1,19:46:10:2,19:46:10,19:46:11,2MS,1S,1,qac_v0.4_aligned,numbered_aligned
19:47,19:47:1:1,19:47:4:2,19:47:1,19:47:4,3MS,1S,1,qac_v0.4_aligned,numbered_aligned
19:47,19:47:4:2,19:47:8:1,19:47:4,19:47:8,1S,3MS,1,qac_v0.4_aligned,numbered_aligned
19:48,19:48:1:2,19:48:3:1,19:48:1,19:48:3,1S,2MP,1,qac_v0.4_aligned,numbered_aligned
19:48,19:48:9:1,19:48:11:1,19:48:9,19:48:11,3MS,1S,1,qac_v0.4_aligned,numbered_aligned
19:49,19:49:2:1,19:49:4:1,19:49:2,19:49:4,3MS,3MP,0,qac_v0.4_aligned,numbered_aligned
19:49,19:49:4:1,19:49:8:1,19:49:4,19:49:8,3MP,1P,1,qac_v0.4_aligned,numbered_aligned
19:49,19:49:8:1,19:49:13:1,19:49:8,19:49:13,1P,1P,0,qac_v0.4_aligned,numbered_aligned
19:50,19:50:1:2,19:50:5:2,19:50:1,19:50:5,1P,1P,0,qac_v0.4_aligned,numbered_aligned
19:51,19:51:1:2,19:51:6:1,19:51:1,19:51:6,2MS,3MS,1,qac_v0.4_aligned,numbered_aligned
19:51,19:51:6:1,19:51:8:2,19:51:6,19:51:8,3MS,3MS,0,qac_v0.4_aligned,numbered_aligned
19:52,19:52:1:2,19:52:6:2,19:52:1,19:52:6,1P,1P,0,qac_v0.4_aligned,numbered_aligned
19:54,19:54:1:2,19:54:6:1,19:54:1,19:54:6,2MS,3MS,1,qac_v0.4_aligned,numbered_aligned
19:54,19:54:6:1,19:54:9:2,19:54:6,19:54:9,3MS,3MS,0,qac_v0.4_aligned,numbered_aligned
19:55,19:55:1:2,19:55:2:1,19:55:1,19:55:2,3MS,3MS,0,qac_v0.4_aligned,numbered_aligned
19:55,19:55:2:1,19:55:6:2,19:55:2,19:55:6,3MS,3MS,0,qac_v0.4_aligned,numbered_aligned
19:56,19:56:1:2,19:56:6:1,19:56:1,19:56:6,2MS,3MS,1,qac_v0.4_aligned,numbered_aligned
19:58,19:58:3:1,19:58:12:1,19:58:3,19:58:12,3MS,1P,1,qac_v0.4_aligned,numbered_aligned
19:58,19:58:12:1,19:58:20:1,19:58:12,19:58:20,1P,1P,0,qac_v0.4_aligned,numbered_aligned
19:58,19:58:20:1,19:58:21:2,19:58:20,19:58:21,1P,1P,0,qac_v0.4_aligned,numbered_aligned
19:58,19:58:21:2,19:58:23:1,19:58:21,19:58:23,1P,3FS,1,qac_v0.4_aligned,numbered_aligned
19:58,19:58:23:1,19:58:27:1,19:58:23,19:58:27,3FS,3MP,0,qac_v0.4_aligned,numbered_aligned
19:59,19:59:1:2,19:59:5:1,19:59:1,19:59:5,3MS,3MP,0,qac_v0.4_aligned,numbered_aligned
19:59,19:59:5:1,19:59:7:2,19:59:5,19:59:7,3MP,3MP,0,qac_v0.4_aligned,numbered_aligned
19:59,19:59:7:2,19:59:10:1,19:59:7,19:59:10,3MP,3MP,0,qac_v0.4_aligned,numbered_aligned
19:60,19:60:5:2,19:60:8:1,19:60:5,19:60:8,3MS,3MP,0,qac_v0.4_aligned,numbered_aligned
19:60,19:60:8:1,19:60:11:1,19:60:8,19:60:11,3MP,3MP,0,qac_v0.4_aligned,numbered_aligned
19:61,19:61:4:1,19:61:9:1,19:61:4,19:61:9,3MS,3MS,0,qac_v0.4_aligned,numbered_aligned
19:63,19:63:4:1,19:63:8:1,19:63:4,19:63:8,1P,3MS,1,qac_v0.4_aligned,numbered_aligned
19:64,19:64:2:1,19:64:16:1,19:64:2,19:64:16,1P,3MS,1,qac_v0.4_aligned,numbered_aligned
19:65,19:65:6:2,19:65:7:2,19:65:6,19:65:7,2MS,2MS,0,qac_v0.4_aligned,numbered_aligned
19:65,19:65:7:2,19:65:10:1,19:65:7,19:65:10,2MS,2MS,0,qac_v0.4_aligned,numbered_aligned
19:66,19:66:1:2,19:66:5:1,19:66:1,19:66:5,3MS,1S,1,qac_v0.4_aligned,numbered_aligned
19:66,19:66:5:1,19:66:7:1,19:66:5,19:66:7,1S,1S,0,qac_v0.4_aligned,numbered_aligned
19:67,19:67:2:1,19:67:5:1,19:67:2,19:67:5,3MS,1P,1,qac_v0.4_aligned,numbered_aligned
19:67,19:67:5:1,19:67:9:1,19:67:5,19:67:9,1P,3MS,1,qac_v0.4_aligned,numbered_aligned
19:68,19:68:2:2,19:68:5:2,19:68:2,19:68:5,1P,1P,0,qac_v0.4_aligned,numbered_aligned
19:72,19:72:4:1,19:72:5:2,19:72:4,19:72:5,3MP,1P,1,qac_v0.4_aligned,numbered_aligned
19:73,19:73:2:1,19:73:6:1,19:73:2,19:73:6,3FS,3MS,0,qac_v0.4_aligned,numbered_aligned
19:73,19:73:6:1,19:73:8:1,19:73:6,19:73:8,3MS,3MP,0,qac_v0.4_aligned,numbered_aligned
19:75,19:75:1:1,19:75:3:1,19:75:1,19:75:3,2MS,3MS,1,qac_v0.4_aligned,numbered_aligned
19:75,19:75:3:1,19:75:6:3,19:75:3,19:75:6,3MS,3MS,0,qac_v0.4_aligned,numbered_aligned
19:75,19:75:6:3,19:75:12:1,19:75:6,19:75:12,3MS,3MP,0,qac_v0.4_aligned,numbered_aligned
19:75,19:75:12:1,19:75:14:1,19:75:12,19:75:14,3MP,3MP,0,qac_v0.4_aligned,numbered_aligned
19:75,19:75:14:1,19:75:19:3,19:75:14,19:75:19,3MP,3MP,0,qac_v0.4_aligned,numbered_aligned
19:76,19:76:1:2,19:76:4:1,19:76:1,19:76:4,3MS,3MP,0,qac_v0.4_aligned,numbered_aligned
19:77,19:77:3:1,19:77:5:2,19:77:3,19:77:5,3MS,3MS,0,qac_v0.4_aligned,numbered_aligned
19:77,19:77:5:2,19:77:6:2,19:77:5,19:77:6,3MS,1S,1,qac_v0.4_aligned,numbered_aligned
19:78,19:78:1:2,19:78:4:1,19:78:1,19:78:4,3MS,3MS,0,qac_v0.4_aligned,numbered_aligned
19:79,19:79:2:2,19:79:4:1,19:79:2,19:79:4,1P,3MS,1,qac_v0.4_aligned,numbered_aligned
19:79,19:79:4:1,19:79:5:2,19:79:4,19:79:5,3MS,1P,1,qac_v0.4_aligned,numbered_aligned
19:80,19:80:1:2,19:80:3:1,19:80:1,19:80:3,1P,3MS,1,qac_v0.4_aligned,numbered_aligned
19:80,19:80:3:1,19:80:4:2,19:80:3,19:80:4,3MS,3MS,0,qac_v0.4_aligned,numbered_aligned
19:81,19:81:1:2,19:81:6:2,19:81:1,19:81:6,3MP,3MP,0,qac_v0.4_aligned,numbered_aligned
19:82,19:82:2:2,19:82:4:2,19:82:2,19:82:4,3MP,3MP,0,qac_v0.4_aligned,numbered_aligned
19:83,19:83:2:1,19:83:4:1,19:83:2,19:83:4,2MS,1P,1,qac_v0.4_aligned,numbered_aligned
19:83,19:83:4:1,19:83:8:1,19:83:4,19:83:8,1P,3FS,1,qac_v0.4_aligned,numbered_aligned
19:84,19:84:2:1,19:84:5:1,19:84:2,19:84:5,2MS,1P,1,qac_v0.4_aligned,numbered_aligned
19:87,19:87:2:1,19:87:6:1,19:87:2,19:87:6,3MP,3MS,0,qac_v0.4_aligned,numbered_aligned
19:88,19:88:1:2,19:88:2:1,19:88:1,19:88:2,3MP,3MS,0,qac_v0.4_aligned,numbered_aligned
19:90,19:90:1:1,19:90:3:1,19:90:1,19:90:3,3FS,3FP,0,qac_v0.4_aligned,numbered_aligned
19:90,19:90:3:1,19:90:5:2,19:90:3,19:90:5,3FP,3FS,0,qac_v0.4_aligned,numbered_aligned
19:90,19:90:5:2,19:90:7:2,19:90:5,19:90:7,3FS,3FS,0,qac_v0.4_aligned,numbered_aligned
19:96,19:96:4:2,19:96:6:2,19:96:4,19:96:6,3MP,3MS,0,qac_v0.4_aligned,numbered_aligned
19:97,19:97:2:1,19:97:4:2,19:97:2,19:97:4,1P,2MS,1,qac_v0.4_aligned,numbered_aligned
19:97,19:97:4:2,19:97:7:2,19:97:4,19:97:7,2MS,2MS,0,qac_v0.4_aligned,numbered_aligned
19:98,19:98:2:1,19:98:7:1,19:98:2,19:98:7,1P,2MS,1,qac_v0.4_aligned,numbered_aligned
19:98,19:98:7:1,19:98:12:1,19:98:7,19:98:12,2MS,2MS,0,qac_v0.4_aligned,numbered_aligned
20:2,20:2:2:1,20:2:5:2,20:2:2,20:2:5,1P,2MS,1,qac_v0.4_aligned,numbered_aligned
20:7,20:7:2:1,20:7:5:1,20:7:2,20:7:5,2MS,3MS,1,qac_v0.4_aligned,numbered_aligned
20:10,20:10:4:2,20:10:6:1,20:10:4,20:10:6,3MS,2MP,1,qac_v0.4_aligned,numbered_aligned
20:13,20:13:2:1,20:13:3:2,20:13:2,20:13:3,1S,2MS,1,qac_v0.4_aligned,numbered_aligned
20:13,20:13:3:2,20:13:5:1,20:13:3,20:13:5,2MS,3MS,1,qac_v0.4_aligned,numbered_aligned
20:15,20:15:4:1,20:15:5:1,20:15:4,20:15:5,1S,1S,0,qac_v0.4_aligned,numbered_aligned
20:15,20:15:5:1,20:15:6:2,20:15:5,20:15:6,1S,3FS,1,qac_v0.4_aligned,numbered_aligned
20:15,20:15:6:2,20:15:10:1,20:15:6,20:15:10,3FS,3FS,0,qac_v0.4_aligned,numbered_aligned
20:16,20:16:2:1,20:16:6:1,20:16:2,20:16:6,3MS,3MS,0,qac_v0.4_aligned,numbered_aligned
20:16,20:16:6:1,20:16:8:2,20:16:6,20:16:8,3MS,3MS,0,qac_v0.4_aligned,numbered_aligned
20:16,20:16:8:2,20:16:10:2,20:16:8,20:16:10,3MS,2MS,1,qac_v0.4_aligned,numbered_aligned
20:19,20:19:1:1,20:19:2:1,20:19:1,20:19:2,3MS,2MS,1,qac_v0.4_aligned,numbered_aligned
20:21,20:21:1:1,20:21:2:1,20:21:1,20:21:2,3MS,2MS,1,qac_v0.4_aligned,numbered_aligned
20:21,20:21:2:1,20:21:4:1,20:21:2,20:21:4,2MS,2MS,0,qac_v0.4_aligned,numbered_aligned
20:21,20:21:4:1,20:21:5:2,20:21:4,20:21:5,2MS,1P,1,qac_v0.4_aligned,numbered_aligned
20:22,20:22:1:2,20:22:5:1,20:22:1,20:22:5,2MS,3FS,1,qac_v0.4_aligned,numbered_aligned
20:24,20:24:1:1,20:24:5:1,20:24:1,20:24:5,2MS,3MS,1,qac_v0.4_aligned,numbered_aligned
20:25,20:25:1:1,20:25:3:1,20:25:1,20:25:3,3MS,2MS,1,qac_v0.4_aligned,numbered_aligned
20:36,20:36:1:1,20:36:3:1,20:36:1,20:36:3,3MS,2MS,1,qac_v0.4_aligned,numbered_aligned
20:38,20:38:2:1,20:38:6:1,20:38:2,20:38:6,1P,3MS,1,qac_v0.4_aligned,numbered_aligned
20:39,20:39:2:1,20:39:5:2,20:39:2,20:39:5,2FS,2FS,0,qac_v0.4_aligned,numbered_aligned
20:39,20:39:5:2,20:39:8:3,20:39:5,20:39:8,2FS,3MS,1,qac_v0.4_aligned,numbered_aligned
20:39,20:39:8:3,20:39:11:1,20:39:8,20:39:11,3MS,3MS,0,qac_v0.4_aligned,numbered_aligned
20:39,20:39:11:1,20:39:16:2,20:39:11,20:39:16,3MS,1S,1,qac_v0.4_aligned,numbered_aligned
20:39,20:39:16:2,20:39:20:3,20:39:16,20:39:20,1S,2MS,1,qac_v0.4_aligned,numbered_aligned
20:40,20:40:4:2,20:40:6:1,20:40:4,20:40:6,3FS,1S,1,qac_v0.4_aligned,numbered_aligned
20:40,20:40:6:1,20:40:9:1,20:40:6,20:40:9,1S,3MS,1,qac_v0.4_aligned,numbered_aligned
20:40,20:40:9:1,20:40:10:2,20:40:9,20:40:10,3MS,1P,1,qac_v0.4_aligned,numbered_aligned
20:40,20:40:10:2,20:40:14:1,20:40:10,20:40:14,1P,3FS,1,qac_v0.4_aligned,numbered_aligned
20:40,20:40:14:1,20:40:17:1,20:40:14,20:40:17,3FS,3FS,0,qac_v0.4_aligned,numbered_aligned
20:40,20:40:17:1,20:40:18:2,20:40:17,20:40:18,3FS,2MS,1,qac_v0.4_aligned,numbered_aligned
20:40,20:40:18:2,20:40:20:2,20:40:18,20:40:20,2MS,1P,1,qac_v0.4_aligned,numbered_aligned
20:40,20:40:20:2,20:40:23:2,20:40:20,20:40:23,1P,1P,0,qac_v0.4_aligned,numbered_aligned
20:40,20:40:23:2,20:40:25:2,20:40:23,20:40:25,1P,2MS,1,qac_v0.4_aligned,numbered_aligned
20:40,20:40:25:2,20:40:31:1,20:40:25,20:40:31,2MS,2MS,0,qac_v0.4_aligned,numbered_aligned
20:42,20:42:1:1,20:42:6:1,20:42:1,20:42:6,2MS,2D,0,qac_v0.4_aligned,numbered_aligned
20:43,20:43:1:1,20:43:5:1,20:43:1,20:43:5,2MD,3MS,1,qac_v0.4_aligned,numbered_aligned
20:44,20:44:1:2,20:44:6:1,20:44:1,20:44:6,2D,3MS,1,qac_v0.4_aligned,numbered_aligned
20:44,20:44:6:1,20:44:8:1,20:44:6,20:44:8,3MS,3MS,0,qac_v0.4_aligned,numbered_aligned
20:45,20:45:1:1,20:45:4:1,20:45:1,20:45:4,3MD,1P,1,qac_v0.4_aligned,numbered_aligned
20:45,20:45:4:1,20:45:6:1,20:45:4,20:45:6,1P,3MS,1,qac_v0.4_aligned,numbered_aligned
20:45,20:45:6:1,20:45:10:1,20:45:6,20:45:10,3MS,3MS,0,qac_v0.4_aligned,numbered_aligned
20:46,20:46:1:1,20:46:3:1,20:46:1,20:46:3,3MS,2D,1,qac_v0.4_aligned,numbered_aligned
20:46,20:46:3:1,20:46:6:1,20:46:3,20:46:6,2D,1S,1,qac_v0.4_aligned,numbered_aligned
20:46,20:46:6:1,20:46:7:2,20:46:6,20:46:7,1S,1S,0,qac_v0.4_aligned,numbered_aligned
20:47,20:47:1:2,20:47:2:2,20:47:1,20:47:2,2MD,2D,0,qac_v0.4_aligned,numbered_aligned
20:47,20:47:2:2,20:47:6:2,20:47:2,20:47:6,2D,2MS,0,qac_v0.4_aligned,numbered_aligned
20:47,20:47:6:2,20:47:11:1,20:47:6,20:47:11,2MS,2MS,0,qac_v0.4_aligned,numbered_aligned
20:47,20:47:11:1,20:47:13:1,20:47:11,20:47:13,2MS,1P,1,qac_v0.4_aligned,numbered_aligned
20:47,20:47:13:1,20:47:20:1,20:47:13,20:47:20,1P,3MS,1,qac_v0.4_aligned,numbered_aligned
20:48,20:48:9:1,20:48:10:2,20:48:9,20:48:10,3MS,3MS,0,qac_v0.4_aligned,numbered_aligned
20:50,20:50:1:1,20:50:4:1,20:50:1,20:50:4,3MS,3MS,0,qac_v0.4_aligned,numbered_aligned
20:50,20:50:4:1,20:50:9:1,20:50:4,20:50:9,3MS,3MS,0,qac_v0.4_aligned,numbered_aligned
20:52,20:52:1:1,20:52:8:1,20:52:1,20:52:8,3MS,3MS,0,qac_v0.4_aligned,numbered_aligned
20:52,20:52:8:1,20:52:11:1,20:52:8,20:52:11,3MS,3MS,0,qac_v0.4_aligned,numbered_aligned
20:53,20:53:2:1,20:53:6:2,20:53:2,20:53:6,3MS,3MS,0,qac_v0.4_aligned,numbered_aligned
20:53,20:53:6:2,20:53:10:2,20:53:6,20:53:10,3MS,3MS,0,qac_v0.4_aligned,numbered_aligned
20:53,20:53:10:2,20:53:14:2,20:53:10,20:53:14,3MS,1P,1,qac_v0.4_aligned,numbered_aligned
20:54,20:54:1:1,20:54:2:2,20:54:1,20:54:2,2MP,2MP,0,qac_v0.4_aligned,numbered_aligned
20:55,20:55:2:1,20:55:4:1,20:55:2,20:55:4,1P,1P,0,qac_v0.4_aligned,numbered_aligned
20:55,20:55:4:1,20:55:6:1,20:55:4,20:55:6,1P,1P,0,qac_v0.4_aligned,numbered_aligned
20:56,20:56:2:1,20:56:5:2,20:56:2,20:56:5,1P,3MS,1,qac_v0.4_aligned,numbered_aligned
20:56,20:56:5:2,20:56:6:2,20:56:5,20:56:6,3MS,3MS,0,qac_v0.4_aligned,numbered_aligned
20:57,20:57:1:1,20:57:2:2,20:57:1,20:57:2,3MS,2MS,1,qac_v0.4_aligned,numbered_aligned
20:57,20:57:2:2,20:57:3:2,20:57:2,20:57:3,2MS,2MS,0,qac_v0.4_aligned,numbered_aligned
20:58,20:58:1:3,20:58:4:2,20:58:1,20:58:4,1P,2MS,1,qac_v0.4_aligned,numbered_aligned
20:58,20:58:4:2,20:58:9:1,20:58:4,20:58:9,2MS,1P,1,qac_v0.4_aligned,numbered_aligned
20:59,20:59:1:1,20:59:6:1,20:59:1,20:59:6,3MS,3MS,0,qac_v0.4_aligned,numbered_aligned
20:60,20:60:1:2,20:60:3:2,20:60:1,20:60:3,3MS,3MS,0,qac_v0.4_aligned,numbered_aligned
20:60,20:60:3:2,20:60:6:1,20:60:3,20:60:6,3MS,3MS,0,qac_v0.4_aligned,numbered_aligned
20:61,20:61:1:1,20:61:6:1,20:61:1,20:61:6,3MS,2MP,1,qac_v0.4_aligned,numbered_aligned
20:61,20:61:6:1,20:61:10:2,20:61:6,20:61:10,2MP,3MS,1,qac_v0.4_aligned,numbered_aligned
20:61,20:61:10:2,20:61:13:1,20:61:10,20:61:13,3MS,3MS,0,qac_v0.4_aligned,numbered_aligned
20:61,20:61:13:1,20:61:15:1,20:61:13,20:61:15,3MS,3MS,0,qac_v0.4_aligned,numbered_aligned
20:62,20:62:1:2,20:62:4:2,20:62:1,20:62:4,3MP,3MP,0,qac_v0.4_aligned,numbered_aligned
20:63,20:63:1:1,20:63:5:1,20:63:1,20:63:5,3MP,3MD,0,qac_v0.4_aligned,numbered_aligned
20:63,20:63:5:1,20:63:7:1,20:63:5,20:63:7,3MD,3MD,0,qac_v0.4_aligned,numbered_aligned
20:63,20:63:7:1,20:63:11:2,20:63:7,20:63:11,3MD,3MD,0,qac_v0.4_aligned,numbered_aligned
20:64,20:64:1:2,20:64:4:1,20:64:1,20:64:4,2MP,2MP,0,qac_v0.4_aligned,numbered_aligned
20:64,20:64:4:1,20:64:7:1,20:64:4,20:64:7,2MP,3MS,1,qac_v0.4_aligned,numbered_aligned
20:64,20:64:7:1,20:64:10:1,20:64:7,20:64:10,3MS,3MS,0,qac_v0.4_aligned,numbered_aligned
20:65,20:65:8:1,20:65:11:1,20:65:9,20:65:12,1P,3MS,1,qac_v0.4_aligned,numbered_aligned
20:66,20:66:1:1,20:66:3:1,20:66:1,20:66:3,3MS,2MP,1,qac_v0.4_aligned,numbered_aligned
20:66,20:66:3:1,20:66:7:1,20:66:3,20:66:7,2MP,3MS,1,qac_v0.4_aligned,numbered_aligned
20:66,20:66:7:1,20:66:12:1,20:66:7,20:66:12,3MS,3FS,0,qac_v0.4_aligned,numbered_aligned
20:68,20:68:1:1,20:68:3:1,20:68:1,20:68:3,1P,2MS,1,qac_v0.4_aligned,numbered_aligned
20:69,20:69:1:2,20:69:5:1,20:69:1,20:69:5,2MS,3FS,1,qac_v0.4_aligned,numbered_aligned
20:69,20:69:5:1,20:69:7:1,20:69:5,20:69:7,3FS,3MP,0,qac_v0.4_aligned,numbered_aligned
20:69,20:69:7:1,20:69:9:1,20:69:7,20:69:9,3MP,3MP,0,qac_v0.4_aligned,numbered_aligned
20:69,20:69:9:1,20:69:13:1,20:69:9,20:69:13,3MP,3MS,0,qac_v0.4_aligned,numbered_aligned
20:69,20:69:13:1,20:69:16:1,20:69:13,20:69:16,3MS,3MS,0,qac_v0.4_aligned,numbered_aligned
20:71,20:71:11:1,20:71:13:3,20:71:11,20:71:13,3MS,1S,1,qac_v0.4_aligned,numbered_aligned
20:71,20:71:13:3,20:71:18:3,20:71:13,20:71:18,1S,1S,0,qac_v0.4_aligned,numbered_aligned
20:71,20:71:18:3,20:71:22:3,20:71:18,20:71:22,1S,2MP,1,qac_v0.4_aligned,numbered_aligned
20:72,20:72:1:1,20:72:3:1,20:72:1,20:72:3,3MP,1P,1,qac_v0.4_aligned,numbered_aligned
20:72,20:72:3:1,20:72:6:1,20:72:3,20:72:6,1P,3MS,1,qac_v0.4_aligned,numbered_aligned
20:72,20:72:6:1,20:72:10:1,20:72:6,20:72:10,3MS,3MS,0,qac_v0.4_aligned,numbered_aligned
20:72,20:72:10:1,20:72:11:2,20:72:10,20:72:11,3MS,2MS,1,qac_v0.4_aligned,numbered_aligned
20:73,20:73:4:2,20:73:8:1,20:73:4,20:73:8,3MS,2MS,1,qac_v0.4_aligned,numbered_aligned
20:74,20:74:3:1,20:74:10:1,20:74:3,20:74:10,3MS,3MS,0,qac_v0.4_aligned,numbered_aligned
20:74,20:74:10:1,20:74:13:1,20:74:10,20:74:13,3MS,3MS,0,qac_v0.4_aligned,numbered_aligned
20:75,20:75:2:1,20:75:5:1,20:75:2,20:75:5,3MS,3MS,0,qac_v0.4_aligned,numbered_aligned
20:77,20:77:2:1,20:77:6:1,20:77:2,20:77:6,1P,2MS,1,qac_v0.4_aligned,numbered_aligned
20:77,20:77:6:1,20:77:8:2,20:77:6,20:77:8,2MS,2MS,0,qac_v0.4_aligned,numbered_aligned
20:77,20:77:8:2,20:77:15:1,20:77:8,20:77:15,2MS,2MS,0,qac_v0.4_aligned,numbered_aligned
20:77,20:77:15:1,20:77:18:1,20:77:15,20:77:18,2MS,2MS,0,qac_v0.4_aligned,numbered_aligned
20:78,20:78:1:2,20:78:4:2,20:78:1,20:78:4,3MS,3MS,0,qac_v0.4_aligned,numbered_aligned
20:78,20:78:4:2,20:78:8:1,20:78:4,20:78:8,3MS,3MS,0,qac_v0.4_aligned,numbered_aligned
20:79,20:79:1:2,20:79:5:1,20:79:1,20:79:5,3MS,3MS,0,qac_v0.4_aligned,numbered_aligned
20:81,20:81:1:1,20:81:5:1,20:81:1,20:81:5,2MP,1P,1,qac_v0.4_aligned,numbered_aligned
20:81,20:81:5:1,20:81:7:1,20:81:5,20:81:7,1P,2MP,1,qac_v0.4_aligned,numbered_aligned
20:81,20:81:7:1,20:81:9:2,20:81:7,20:81:9,2MP,3MS,1,qac_v0.4_aligned,numbered_aligned
20:81,20:81:9:2,20:81:13:1,20:81:9,20:81:13,3MS,3MS,0,qac_v0.4_aligned,numbered_aligned
20:81,20:81:13:1,20:81:17:1,20:81:13,20:81:17,3MS,3MS,0,qac_v0.4_aligned,numbered_aligned
20:82,20:82:6:2,20:82:9:1,20:82:6,20:82:9,3MS,3MS,0,qac_v0.4_aligned,numbered_aligned
20:84,20:84:1:1,20:84:6:2,20:84:1,20:84:6,3MS,1S,1,qac_v0.4_aligned,numbered_aligned
20:84,20:84:6:2,20:84:9:2,20:84:6,20:84:9,1S,2MS,1,qac_v0.4_aligned,numbered_aligned
20:85,20:85:1:1,20:85:4:1,20:85:1,20:85:4,3MS,1P,1,qac_v0.4_aligned,numbered_aligned
20:85,20:85:4:1,20:85:8:2,20:85:4,20:85:8,1P,3MS,1,qac_v0.4_aligned,numbered_aligned
20:86,20:86:1:2,20:86:7:1,20:86:1,20:86:7,3MS,3MS,0,qac_v0.4_aligned,numbered_aligned
20:86,20:86:7:1,20:86:10:1,20:86:7,20:86:11,3MS,3MS,0,qac_v0.4_aligned,numbered_aligned
20:86,20:86:10:1,20:86:14:3,20:86:11,20:86:15,3MS,3MS,0,qac_v0.4_aligned,numbered_aligned
20:86,20:86:14:3,20:86:18:1,20:86:15,20:86:19,3MS,2MP,1,qac_v0.4_aligned,numbered_aligned
20:86,20:86:18:1,20:86:20:1,20:86:19,20:86:21,2MP,3MS,1,qac_v0.4_aligned,numbered_aligned
20:86,20:86:20:1,20:86:25:2,20:86:21,20:86:26,3MS,2MP,1,qac_v0.4_aligned,numbered_aligned
20:87,20:87:1:1,20:87:3:1,20:87:1,20:87:3,3MP,1P,1,qac_v0.4_aligned,numbered_aligned
20:87,20:87:3:1,20:87:7:1,20:87:3,20:87:7,1P,1P,0,qac_v0.4_aligned,numbered_aligned
20:87,20:87:7:1,20:87:12:2,20:87:7,20:87:12,1P,1P,0,qac_v0.4_aligned,numbered_aligned
20:87,20:87:12:2,20:87:14:1,20:87:12,20:87:14,1P,3MS,1,qac_v0.4_aligned,numbered_aligned
20:88,20:88:1:2,20:88:7:2,20:88:1,20:88:7,3MS,3MP,0,qac_v0.4_aligned,numbered_aligned
20:89,20:89:2:1,20:89:4:1,20:89:2,20:89:4,3MP,3MS,0,qac_v0.4_aligned,numbered_aligned
20:89,20:89:4:1,20:89:8:1,20:89:4,20:89:8,3MS,3MS,0,qac_v0.4_aligned,numbered_aligned
20:90,20:90:2:1,20:90:9:1,20:90:2,20:90:10,3MS,2MP,1,qac_v0.4_aligned,numbered_aligned
20:91,20:91:1:1,20:91:3:1,20:91:1,20:91:3,3MP,1P,1,qac_v0.4_aligned,numbered_aligned
20:91,20:91:3:1,20:91:7:1,20:91:3,20:91:7,1P,3MS,1,qac_v0.4_aligned,numbered_aligned
20:92,20:92:1:1,20:92:4:1,20:92:1,20:92:5,3MS,3MS,0,qac_v0.4_aligned,numbered_aligned
20:92,20:92:4:1,20:92:6:1,20:92:5,20:92:7,3MS,2MS,1,qac_v0.4_aligned,numbered_aligned
20:92,20:92:6:1,20:92:7:1,20:92:7,20:92:8,2MS,3MP,1,qac_v0.4_aligned,numbered_aligned
20:93,20:93:2:1,20:93:3:3,20:93:2,20:93:3,2MS,2MS,0,qac_v0.4_aligned,numbered_aligned
20:96,20:96:1:1,20:96:2:1,20:96:1,20:96:2,3MS,1S,1,qac_v0.4_aligned,numbered_aligned
20:96,20:96:2:1,20:96:5:1,20:96:2,20:96:5,1S,3MP,1,qac_v0.4_aligned,numbered_aligned
20:96,20:96:5:1,20:96:7:2,20:96:5,20:96:7,3MP,1S,1,qac_v0.4_aligned,numbered_aligned
20:96,20:96:7:2,20:96:12:2,20:96:7,20:96:12,1S,1S,0,qac_v0.4_aligned,numbered_aligned
20:96,20:96:12:2,20:96:14:1,20:96:12,20:96:14,1S,3FS,1,qac_v0.4_aligned,numbered_aligned
20:97,20:97:1:1,20:97:2:2,20:97:1,20:97:2,3MS,2MS,1,qac_v0.4_aligned,numbered_aligned
20:97,20:97:2:2,20:97:8:1,20:97:2,20:97:8,2MS,2MS,0,qac_v0.4_aligned,numbered_aligned
20:97,20:97:8:1,20:97:15:1,20:97:8,20:97:15,2MS,2MS,0,qac_v0.4_aligned,numbered_aligned
20:97,20:97:15:1,20:97:16:2,20:97:15,20:97:16,2MS,2MS,0,qac_v0.4_aligned,numbered_aligned
20:97,20:97:16:2,20:97:20:1,20:97:16,20:97:20,2MS,2MS,0,qac_v0.4_aligned,numbered_aligned
20:97,20:97:20:1,20:97:23:2,20:97:20,20:97:23,2MS,1P,1,qac_v0.4_aligned,numbered_aligned
20:97,20:97:23:2,20:97:25:2,20:97:23,20:97:25,1P,1P,0,qac_v0.4_aligned,numbered_aligned
20:99,20:99:2:1,20:99:8:1,20:99:2,20:99:8,1P,3MS,1,qac_v0.4_aligned,numbered_aligned
20:100,20:100:2:1,20:100:5:1,20:100:2,20:100:5,3MS,3MS,0,qac_v0.4_aligned,numbered_aligned
20:102,20:102:2:1,20:102:5:2,20:102:2,20:102:5,3MS,1P,1,qac_v0.4_aligned,numbered_aligned
20:103,20:103:1:1,20:103:4:1,20:103:1,20:103:4,3MP,2MP,1,qac_v0.4_aligned,numbered_aligned
20:104,20:104:4:1,20:104:6:1,20:104:4,20:104:6,3MP,3MS,0,qac_v0.4_aligned,numbered_aligned
20:104,20:104:6:1,20:104:10:1,20:104:6,20:104:10,3MS,2MP,1,qac_v0.4_aligned,numbered_aligned
20:105,20:105:4:2,20:105:5:1,20:105:4,20:105:5,2MS,3MS,1,qac_v0.4_aligned,numbered_aligned
20:108,20:108:2:1,20:108:7:2,20:108:2,20:108:7,3MP,3FS,0,qac_v0.4_aligned,numbered_aligned
20:108,20:108:7:2,20:108:11:1,20:108:7,20:108:11,3FS,2MS,1,qac_v0.4_aligned,numbered_aligned
20:109,20:109:3:1,20:109:7:1,20:109:3,20:109:7,3FS,3MS,0,qac_v0.4_aligned,numbered_aligned
20:110,20:110:1:1,20:110:8:1,20:110:1,20:110:8,3MS,3MP,0,qac_v0.4_aligned,numbered_aligned
20:111,20:111:1:2,20:111:6:1,20:111:1,20:111:6,3FS,3MS,0,qac_v0.4_aligned,numbered_aligned
20:111,20:111:6:1,20:111:8:1,20:111:6,20:111:8,3MS,3MS,0,qac_v0.4_aligned,numbered_aligned
20:112,20:112:2:1,20:112:8:1,20:112:2,20:112:8,3MS,3MS,0,qac_v0.4_aligned,numbered_aligned
20:113,20:113:2:1,20:113:5:2,20:113:2,20:113:5,1P,1P,0,qac_v0.4_aligned,numbered_aligned
20:113,20:113:5:2,20:113:10:1,20:113:5,20:113:10,1P,3MP,1,qac_v0.4_aligned,numbered_aligned
20:113,20:113:10:1,20:113:12:1,20:113:10,20:113:12,3MP,3MS,0,qac_v0.4_aligned,numbered_aligned
20:114,20:114:1:2,20:114:6:1,20:114:1,20:114:6,3MS,2MS,1,qac_v0.4_aligned,numbered_aligned
20:114,20:114:6:1,20:114:11:1,20:114:6,20:114:11,2MS,3MS,1,qac_v0.4_aligned,numbered_aligned
20:114,20:114:11:1,20:114:14:2,20:114:11,20:114:14,3MS,2MS,1,qac_v0.4_aligned,numbered_aligned
20:116,20:116:2:1,20:116:4:1,20:116:2,20:116:4,1P,2MP,1,qac_v0.4_aligned,numbered_aligned
20:116,20:116:4:1,20:116:6:2,20:116:4,20:116:6,2MP,3MP,1,qac_v0.4_aligned,numbered_aligned
20:116,20:116:6:2,20:116:9:1,20:116:6,20:116:9,3MP,3MS,0,qac_v0.4_aligned,numbered_aligned
20:118,20:118:4:1,20:118:7:1,20:118:4,20:118:7,2MS,2MS,0,qac_v0.4_aligned,numbered_aligned
20:121,20:121:1:2,20:121:3:2,20:121:1,20:121:3,3MD,3FS,0,qac_v0.4_aligned,numbered_aligned
20:121,20:121:3:2,20:121:6:2,20:121:3,20:121:6,3FS,3MD,0,qac_v0.4_aligned,numbered_aligned
20:121,20:121:6:2,20:121:7:1,20:121:6,20:121:7,3MD,3MD,0,qac_v0.4_aligned,numbered_aligned
20:121,20:121:7:1,20:121:12:2,20:121:7,20:121:12,3MD,3MS,0,qac_v0.4_aligned,numbered_aligned
20:121,20:121:12:2,20:121:15:2,20:121:12,20:121:15,3MS,3MS,0,qac_v0.4_aligned,numbered_aligned
20:122,20:122:2:1,20:122:4:2,20:122:2,20:122:4,3MS,3MS,0,qac_v0.4_aligned,numbered_aligned
20:122,20:122:4:2,20:122:6:2,20:122:4,20:122:6,3MS,3MS,0,qac_v0.4_aligned,numbered_aligned
20:123,20:123:1:1,20:123:2:1,20:123:1,20:123:2,3MS,2MD,1,qac_v0.4_aligned,numbered_aligned
20:123,20:123:2:1,20:123:9:1,20:123:2,20:123:9,2MD,3MS,1,qac_v0.4_aligned,numbered_aligned
20:123,20:123:9:1,20:123:13:1,20:123:9,20:123:13,3MS,3MS,0,qac_v0.4_aligned,numbered_aligned
20:123,20:123:13:1,20:123:16:1,20:123:13,20:123:16,3MS,3MS,0,qac_v0.4_aligned,numbered_aligned
20:123,20:123:16:1,20:123:18:1,20:123:16,20:123:18,3MS,3MS,0,qac_v0.4_aligned,numbered_aligned
20:124,20:124:2:1,20:124:9:2,20:124:2,20:124:9,3MS,1P,1,qac_v0.4_aligned,numbered_aligned
20:126,20:126:1:1,20:126:3:1,20:126:1,20:126:3,3MS,3FS,0,qac_v0.4_aligned,numbered_aligned
20:126,20:126:3:1,20:126:5:2,20:126:3,20:126:5,3FS,2MS,1,qac_v0.4_aligned,numbered_aligned
20:126,20:126:5:2,20:126:8:1,20:126:5,20:126:8,2MS,2MS,0,qac_v0.4_aligned,numbered_aligned
20:127,20:127:4:1,20:127:6:1,20:127:4,20:127:6,3MS,3MS,0,qac_v0.4_aligned,numbered_aligned
20:128,20:128:2:1,20:128:5:1,20:128:2,20:128:5,3MS,1P,1,qac_v0.4_aligned,numbered_aligned
20:128,20:128:5:1,20:128:9:1,20:128:5,20:128:9,1P,3MP,1,qac_v0.4_aligned,numbered_aligned
20:129,20:129:3:1,20:129:6:2,20:129:3,20:129:6,3FS,3MS,0,qac_v0.4_aligned,numbered_aligned
20:130,20:130:1:2,20:130:4:1,20:130:1,20:130:4,2MS,3MP,1,qac_v0.4_aligned,numbered_aligned
20:130,20:130:4:1,20:130:5:2,20:130:4,20:130:5,3MP,2MS,1,qac_v0.4_aligned,numbered_aligned
20:130,20:130:5:2,20:130:16:2,20:130:5,20:130:16,2MS,2MS,0,qac_v0.4_aligned,numbered_aligned
20:130,20:130:16:2,20:130:20:1,20:130:16,20:130:20,2MS,2MS,0,qac_v0.4_aligned,numbered_aligned
20:131,20:131:2:1,20:131:6:1,20:131:2,20:131:6,3FS,1P,1,qac_v0.4_aligned,numbered_aligned
20:131,20:131:6:1,20:131:13:2,20:131:6,20:131:13,1P,1P,0,qac_v0.4_aligned,numbered_aligned
20:132,20:132:1:2,20:132:4:2,20:132:1,20:132:4,2MS,2MS,0,qac_v0.4_aligned,numbered_aligned
20:133,20:133:1:2,20:133:3:1,20:133:1,20:133:3,3MP,3MS,0,qac_v0.4_aligned,numbered_aligned
20:133,20:133:3:1,20:133:8:1,20:133:3,20:133:8,3MS,3FS,0,qac_v0.4_aligned,numbered_aligned
20:134,20:134:3:1,20:134:7:2,20:134:3,20:134:7,1P,3MP,1,qac_v0.4_aligned,numbered_aligned
20:134,20:134:7:2,20:134:10:1,20:134:7,20:134:10,3MP,2MS,1,qac_v0.4_aligned,numbered_aligned
20:134,20:134:10:1,20:134:13:2,20:134:10,20:134:13,2MS,1P,1,qac_v0.4_aligned,numbered_aligned
20:134,20:134:13:2,20:134:18:1,20:134:13,20:134:18,1P,1P,0,qac_v0.4_aligned,numbered_aligned
20:134,20:134:18:1,20:134:19:2,20:134:18,20:134:19,1P,1P,0,qac_v0.4_aligned,numbered_aligned
20:135,20:135:1:1,20:135:4:2,20:135:1,20:135:4,2MS,2MP,0,qac_v0.4_aligned,numbered_aligned
20:135,20:135:4:2,20:135:5:3,20:135:4,20:135:5,2MP,2MP,0,qac_v0.4_aligned,numbered_aligned
20:135,20:135:5:3,20:135:11:1,20:135:5,20:135:11,2MP,3MS,1,qac_v0.4_aligned,numbered_aligned
21:2,21:2:2:1,21:2:9:1,21:2:2,21:2:9,3MS,3MP,0,qac_v0.4_aligned,numbered_aligned
21:2,21:2:9:1,21:2:11:1,21:2:9,21:2:11,3MP,3MP,0,qac_v0.4_aligned,numbered_aligned
21:3,21:3:3:2,21:3:6:1,21:3:3,21:3:6,3MP,3MP,0,qac_v0.4_aligned,numbered_aligned
21:3,21:3:6:1,21:3:12:3,21:3:6,21:3:12,3MP,2MP,1,qac_v0.4_aligned,numbered_aligned
21:3,21:3:12:3,21:3:15:1,21:3:12,21:3:15,2MP,2MP,0,qac_v0.4_aligned,numbered_aligned
21:4,21:4:1:1,21:4:3:1,21:4:1,21:4:3,3MS,3MS,0,qac_v0.4_aligned,numbered_aligned
21:5,21:5:10:3,21:5:13:1,21:5:10,21:5:13,3MS,3MS,0,qac_v0.4_aligned,numbered_aligned
21:6,21:6:6:1,21:6:8:1,21:6:6,21:6:8,1P,3MP,1,qac_v0.4_aligned,numbered_aligned
21:7,21:7:12:1,21:7:14:1,21:7:12,21:7:14,2MP,2MP,0,qac_v0.4_aligned,numbered_aligned
21:8,21:8:2:1,21:8:5:1,21:8:2,21:8:5,1P,3MP,1,qac_v0.4_aligned,numbered_aligned
21:8,21:8:5:1,21:8:8:1,21:8:5,21:8:8,3MP,3MP,0,qac_v0.4_aligned,numbered_aligned
21:9,21:9:2:1,21:9:4:2,21:9:2,21:9:4,1P,1P,0,qac_v0.4_aligned,numbered_aligned
21:9,21:9:4:2,21:9:6:1,21:9:4,21:9:6,1P,1P,0,qac_v0.4_aligned,numbered_aligned
21:9,21:9:6:1,21:9:7:2,21:9:6,21:9:7,1P,1P,0,qac_v0.4_aligned,numbered_aligned
21:10,21:10:2:1,21:10:8:1,21:10:2,21:10:8,1P,2MP,1,qac_v0.4_aligned,numbered_aligned
21:11,21:11:2:1,21:11:5:1,21:11:2,21:11:5,1P,3FS,1,qac_v0.4_aligned,numbered_aligned
21:11,21:11:5:1,21:11:7:2,21:11:5,21:11:7,3FS,1P,1,qac_v0.4_aligned,numbered_aligned
21:12,21:12:2:1,21:12:7:1,21:12:2,21:12:7,3MP,3MP,0,qac_v0.4_aligned,numbered_aligned
21:13,21:13:2:1,21:13:3:2,21:13:2,21:13:3,2MP,2MP,0,qac_v0.4_aligned,numbered_aligned
21:13,21:13:3:2,21:13:6:1,21:13:3,21:13:6,2MP,2MP,0,qac_v0.4_aligned,numbered_aligned
21:14,21:14:1:1,21:14:4:1,21:14:1,21:14:5,3MP,1P,1,qac_v0.4_aligned,numbered_aligned
21:15,21:15:2:1,21:15:6:1,21:15:2,21:15:6,3FS,1P,1,qac_v0.4_aligned,numbered_aligned
21:17,21:17:2:1,21:17:4:1,21:17:2,21:17:4,1P,1P,0,qac_v0.4_aligned,numbered_aligned
21:17,21:17:4:1,21:17:6:2,21:17:4,21:17:6,1P,1P,0,qac_v0.4_aligned,numbered_aligned
21:17,21:17:6:2,21:17:10:1,21:17:6,21:17:10,1P,1P,0,qac_v0.4_aligned,numbered_aligned
21:18,21:18:2:1,21:18:6:2,21:18:2,21:18:6,1P,3MS,1,qac_v0.4_aligned,numbered_aligned
21:18,21:18:6:2,21:18:13:1,21:18:6,21:18:13,3MS,2MP,1,qac_v0.4_aligned,numbered_aligned
21:19,21:19:9:1,21:19:13:1,21:19:9,21:19:13,3MP,3MP,0,qac_v0.4_aligned,numbered_aligned
21:20,21:20:1:1,21:20:5:1,21:20:1,21:20:5,3MP,3MP,0,qac_v0.4_aligned,numbered_aligned
21:21,21:21:2:1,21:21:7:1,21:21:2,21:21:7,3MP,3MP,0,qac_v0.4_aligned,numbered_aligned
21:22,21:22:2:1,21:22:7:2,21:22:2,21:22:7,3MS,3FD,0,qac_v0.4_aligned,numbered_aligned
21:22,21:22:7:2,21:22:13:1,21:22:7,21:22:13,3FD,3MP,0,qac_v0.4_aligned,numbered_aligned
21:24,21:24:2:1,21:24:6:1,21:24:2,21:24:6,3MP,2MS,1,qac_v0.4_aligned,numbered_aligned
21:24,21:24:6:1,21:24:7:1,21:24:6,21:24:7,2MS,2MP,0,qac_v0.4_aligned,numbered_aligned
21:24,21:24:7:1,21:24:19:1,21:24:7,21:24:19,2MP,3MP,1,qac_v0.4_aligned,numbered_aligned
21:26,21:26:1:2,21:26:2:1,21:26:1,21:26:2,3MP,3MS,0,qac_v0.4_aligned,numbered_aligned
21:27,21:27:2:1,21:27:6:1,21:27:2,21:27:6,3MP,3MP,0,qac_v0.4_aligned,numbered_aligned
21:28,21:28:1:1,21:28:8:1,21:28:1,21:28:8,3MS,3MP,0,qac_v0.4_aligned,numbered_aligned
21:28,21:28:8:1,21:28:11:1,21:28:8,21:28:11,3MP,3MS,0,qac_v0.4_aligned,numbered_aligned
21:29,21:29:2:1,21:29:9:1,21:29:2,21:29:9,3MS,1P,1,qac_v0.4_aligned,numbered_aligned
21:30,21:30:2:1,21:30:4:1,21:30:2,21:30:4,3MS,3MP,0,qac_v0.4_aligned,numbered_aligned
21:30,21:30:4:1,21:30:8:1,21:30:4,21:30:8,3MP,3FD,0,qac_v0.4_aligned,numbered_aligned
21:30,21:30:8:1,21:30:10:2,21:30:8,21:30:10,3FD,1P,1,qac_v0.4_aligned,numbered_aligned
21:30,21:30:10:2,21:30:11:2,21:30:10,21:30:11,1P,1P,0,qac_v0.4_aligned,numbered_aligned
21:30,21:30:11:2,21:30:18:1,21:30:11,21:30:18,1P,3MP,1,qac_v0.4_aligned,numbered_aligned
21:31,21:31:1:2,21:31:6:1,21:31:1,21:31:6,1P,3FS,1,qac_v0.4_aligned,numbered_aligned
21:31,21:31:6:1,21:31:8:2,21:31:6,21:31:8,3FS,1P,1,qac_v0.4_aligned,numbered_aligned
21:31,21:31:8:2,21:31:13:1,21:31:8,21:31:13,1P,3MP,1,qac_v0.4_aligned,numbered_aligned
21:33,21:33:3:1,21:33:11:1,21:33:3,21:33:11,3MS,3MP,0,qac_v0.4_aligned,numbered_aligned
21:34,21:34:2:1,21:34:8:1,21:34:2,21:34:8,1P,2MS,1,qac_v0.4_aligned,numbered_aligned
21:35,21:35:5:2,21:35:10:1,21:35:5,21:35:10,1P,2MP,1,qac_v0.4_aligned,numbered_aligned
21:36,21:36:4:1,21:36:6:1,21:36:4,21:36:6,3MP,3MP,0,qac_v0.4_aligned,numbered_aligned
21:36,21:36:6:1,21:36:11:1,21:36:6,21:36:11,3MP,3MS,0,qac_v0.4_aligned,numbered_aligned
21:38,21:38:1:2,21:38:6:1,21:38:1,21:38:6,3MP,2MP,1,qac_v0.4_aligned,numbered_aligned
21:39,21:39:2:1,21:39:4:1,21:39:2,21:39:4,3MS,3MP,0,qac_v0.4_aligned,numbered_aligned
21:39,21:39:4:1,21:39:7:1,21:39:4,21:39:7,3MP,3MP,0,qac_v0.4_aligned,numbered_aligned
21:39,21:39:7:1,21:39:16:1,21:39:7,21:39:16,3MP,3MP,0,qac_v0.4_aligned,numbered_aligned
21:40,21:40:2:1,21:40:4:2,21:40:2,21:40:4,3FS,3FS,0,qac_v0.4_aligned,numbered_aligned
21:40,21:40:4:2,21:40:6:1,21:40:4,21:40:6,3FS,3MP,0,qac_v0.4_aligned,numbered_aligned
21:40,21:40:6:1,21:40:10:1,21:40:6,21:40:10,3MP,3MP,0,qac_v0.4_aligned,numbered_aligned
21:41,21:41:2:1,21:41:6:2,21:41:2,21:41:6,3MS,3MS,0,qac_v0.4_aligned,numbered_aligned
21:41,21:41:6:2,21:41:8:1,21:41:6,21:41:8,3MS,3MP,0,qac_v0.4_aligned,numbered_aligned
21:41,21:41:8:1,21:41:11:1,21:41:8,21:41:11,3MP,3MP,0,qac_v0.4_aligned,numbered_aligned
21:42,21:42:1:1,21:42:3:1,21:42:1,21:42:3,2MS,3MS,1,qac_v0.4_aligned,numbered_aligned
21:43,21:43:4:1,21:43:8:1,21:43:4,21:43:8,3FS,3MP,0,qac_v0.4_aligned,numbered_aligned
21:43,21:43:8:1,21:43:14:1,21:43:8,21:43:14,3MP,3MP,0,qac_v0.4_aligned,numbered_aligned
21:44,21:44:2:1,21:44:6:1,21:44:2,21:44:6,1P,3MS,1,qac_v0.4_aligned,numbered_aligned
21:44,21:44:6:1,21:44:10:1,21:44:6,21:44:10,3MS,3MP,0,qac_v0.4_aligned,numbered_aligned
21:45,21:45:1:1,21:45:3:1,21:45:1,21:45:3,2MS,1S,1,qac_v0.4_aligned,numbered_aligned
21:45,21:45:3:1,21:45:6:1,21:45:3,21:45:6,1S,3MS,1,qac_v0.4_aligned,numbered_aligned
21:45,21:45:6:1,21:45:11:1,21:45:6,21:45:11,3MS,3MP,0,qac_v0.4_aligned,numbered_aligned
21:46,21:46:2:1,21:46:7:2,21:46:2,21:46:7,3FS,3MP,0,qac_v0.4_aligned,numbered_aligned
21:46,21:46:7:2,21:46:10:1,21:46:7,21:46:11,3MP,1P,1,qac_v0.4_aligned,numbered_aligned
21:47,21:47:1:2,21:47:7:1,21:47:1,21:47:7,1P,3FS,1,qac_v0.4_aligned,numbered_aligned
21:47,21:47:7:1,21:47:11:1,21:47:7,21:47:11,3FS,3MS,0,qac_v0.4_aligned,numbered_aligned
21:47,21:47:11:1,21:47:16:1,21:47:11,21:47:16,3MS,1P,1,qac_v0.4_aligned,numbered_aligned
21:47,21:47:16:1,21:47:18:2,21:47:16,21:47:18,1P,3MS,1,qac_v0.4_aligned,numbered_aligned
21:53,21:53:1:1,21:53:2:1,21:53:1,21:53:2,3MP,1P,1,qac_v0.4_aligned,numbered_aligned
21:54,21:54:1:1,21:54:3:1,21:54:1,21:54:3,3MS,2MP,1,qac_v0.4_aligned,numbered_aligned
21:55,21:55:1:1,21:55:2:2,21:55:1,21:55:2,3MP,2MS,1,qac_v0.4_aligned,numbered_aligned
21:56,21:56:1:1,21:56:8:1,21:56:1,21:56:8,3MS,3MS,0,qac_v0.4_aligned,numbered_aligned
21:57,21:57:2:2,21:57:6:1,21:57:2,21:57:6,1S,2MP,1,qac_v0.4_aligned,numbered_aligned
21:58,21:58:1:2,21:58:8:1,21:58:1,21:58:8,3MS,3MP,0,qac_v0.4_aligned,numbered_aligned
21:59,21:59:1:1,21:59:3:1,21:59:1,21:59:3,3MP,3MS,0,qac_v0.4_aligned,numbered_aligned
21:60,21:60:1:1,21:60:2:1,21:60:1,21:60:2,3MP,1P,1,qac_v0.4_aligned,numbered_aligned
21:60,21:60:2:1,21:60:4:1,21:60:2,21:60:4,1P,3MS,1,qac_v0.4_aligned,numbered_aligned
21:60,21:60:4:1,21:60:5:1,21:60:4,21:60:5,3MS,3MS,0,qac_v0.4_aligned,numbered_aligned
21:61,21:61:1:1,21:61:2:2,21:61:1,21:61:2,3MP,2MP,1,qac_v0.4_aligned,numbered_aligned
21:61,21:61:2:2,21:61:8:1,21:61:2,21:61:8,2MP,3MP,1,qac_v0.4_aligned,numbered_aligned
21:62,21:62:1:1,21:62:3:1,21:62:1,21:62:3,3MP,2MS,1,qac_v0.4_aligned,numbered_aligned
21:63,21:63:1:1,21:63:3:1,21:63:1,21:63:3,3MS,3MS,0,qac_v0.4_aligned,numbered_aligned
21:63,21:63:8:1,21:63:9:1,21:63:8,21:63:9,3MP,3MP,0,qac_v0.4_aligned,numbered_aligned
21:64,21:64:1:2,21:64:4:2,21:64:1,21:64:4,3MP,3MP,0,qac_v0.4_aligned,numbered_aligned
21:65,21:65:2:1,21:65:6:1,21:65:2,21:65:6,3MP,2MS,1,qac_v0.4_aligned,numbered_aligned
21:65,21:65:6:1,21:65:9:1,21:65:6,21:65:9,2MS,3MP,1,qac_v0.4_aligned,numbered_aligned
21:66,21:66:1:1,21:66:2:3,21:66:1,21:66:2,3MS,2MP,1,qac_v0.4_aligned,numbered_aligned
21:66,21:66:2:3,21:66:8:1,21:66:2,21:66:8,2MP,3MS,1,qac_v0.4_aligned,numbered_aligned
21:66,21:66:8:1,21:66:11:1,21:66:8,21:66:11,3MS,3MS,0,qac_v0.4_aligned,numbered_aligned
21:67,21:67:4:1,21:67:9:1,21:67:4,21:67:9,2MP,2MP,0,qac_v0.4_aligned,numbered_aligned
21:68,21:68:1:1,21:68:2:1,21:68:1,21:68:2,3MP,2MP,1,qac_v0.4_aligned,numbered_aligned
21:68,21:68:2:1,21:68:3:2,21:68:2,21:68:3,2MP,2MP,0,qac_v0.4_aligned,numbered_aligned
21:68,21:68:3:2,21:68:6:1,21:68:3,21:68:6,2MP,2MP,0,qac_v0.4_aligned,numbered_aligned
21:70,21:70:1:2,21:70:4:2,21:70:1,21:70:4,3MP,1P,1,qac_v0.4_aligned,numbered_aligned
21:71,21:71:1:2,21:71:6:1,21:71:1,21:71:6,1P,1P,0,qac_v0.4_aligned,numbered_aligned
21:72,21:72:1:2,21:72:7:1,21:72:1,21:72:7,1P,1P,0,qac_v0.4_aligned,numbered_aligned
21:73,21:73:1:2,21:73:3:1,21:73:1,21:73:3,1P,3MP,1,qac_v0.4_aligned,numbered_aligned
21:73,21:73:3:1,21:73:5:2,21:73:3,21:73:5,3MP,1P,1,qac_v0.4_aligned,numbered_aligned
21:73,21:73:5:2,21:73:13:2,21:73:5,21:73:13,1P,3MP,1,qac_v0.4_aligned,numbered_aligned
21:74,21:74:5:2,21:74:9:1,21:74:5,21:74:9,1P,3FS,1,qac_v0.4_aligned,numbered_aligned
21:74,21:74:9:1,21:74:10:1,21:74:9,21:74:10,3FS,3FS,0,qac_v0.4_aligned,numbered_aligned
21:74,21:74:10:1,21:74:13:1,21:74:10,21:74:13,3FS,3MP,0,qac_v0.4_aligned,numbered_aligned
21:76,21:76:3:1,21:76:6:2,21:76:3,21:76:6,3MS,1P,1,qac_v0.4_aligned,numbered_aligned
21:76,21:76:6:2,21:76:8:2,21:76:6,21:76:8,1P,1P,0,qac_v0.4_aligned,numbered_aligned
21:77,21:77:1:2,21:77:5:1,21:77:1,21:77:5,1P,3MP,1,qac_v0.4_aligned,numbered_aligned
21:77,21:77:5:1,21:77:8:1,21:77:5,21:77:8,3MP,3MP,0,qac_v0.4_aligned,numbered_aligned
21:77,21:77:8:1,21:77:11:2,21:77:8,21:77:11,3MP,1P,1,qac_v0.4_aligned,numbered_aligned
21:78,21:78:4:1,21:78:8:1,21:78:4,21:78:8,3MD,3FS,0,qac_v0.4_aligned,numbered_aligned
21:78,21:78:8:1,21:78:12:2,21:78:8,21:78:12,3FS,1P,1,qac_v0.4_aligned,numbered_aligned
21:79,21:79:7:2,21:79:11:1,21:79:7,21:79:11,1P,3FP,1,qac_v0.4_aligned,numbered_aligned
21:79,21:79:11:1,21:79:13:2,21:79:11,21:79:13,3FP,1P,1,qac_v0.4_aligned,numbered_aligned
21:80,21:80:1:2,21:80:5:2,21:80:1,21:80:5,1P,2MS,1,qac_v0.4_aligned,numbered_aligned
21:81,21:81:9:1,21:81:11:2,21:81:9,21:81:11,1P,1P,0,qac_v0.4_aligned,numbered_aligned
21:82,21:82:4:1,21:82:6:2,21:82:4,21:82:6,3MP,3MP,0,qac_v0.4_aligned,numbered_aligned
21:82,21:82:6:2,21:82:10:2,21:82:6,21:82:10,3MP,1P,1,qac_v0.4_aligned,numbered_aligned
21:84,21:84:1:2,21:84:3:2,21:84:1,21:84:3,1P,1P,0,qac_v0.4_aligned,numbered_aligned
21:87,21:87:4:1,21:87:6:2,21:87:4,21:87:6,3MS,3MS,0,qac_v0.4_aligned,numbered_aligned
21:87,21:87:6:2,21:87:9:1,21:87:6,21:87:9,3MS,1P,1,qac_v0.4_aligned,numbered_aligned
21:87,21:87:9:1,21:87:11:2,21:87:9,21:87:11,1P,3MS,1,qac_v0.4_aligned,numbered_aligned
21:87,21:87:11:2,21:87:21:1,21:87:11,21:87:21,3MS,1S,1,qac_v0.4_aligned,numbered_aligned
21:88,21:88:1:2,21:88:3:2,21:88:1,21:88:3,1P,1P,0,qac_v0.4_aligned,numbered_aligned
21:90,21:90:1:2,21:90:3:2,21:90:1,21:90:3,1P,1P,0,qac_v0.4_aligned,numbered_aligned
21:90,21:90:3:2,21:90:6:2,21:90:3,21:90:6,1P,1P,0,qac_v0.4_aligned,numbered_aligned
21:90,21:90:6:2,21:90:10:1,21:90:6,21:90:10,1P,3MP,1,qac_v0.4_aligned,numbered_aligned
21:90,21:90:10:1,21:90:11:1,21:90:10,21:90:11,3MP,3MP,0,qac_v0.4_aligned,numbered_aligned
21:90,21:90:11:1,21:90:14:2,21:90:11,21:90:14,3MP,3MP,0,qac_v0.4_aligned,numbered_aligned
21:90,21:90:14:2,21:90:17:2,21:90:14,21:90:17,3MP,3MP,0,qac_v0.4_aligned,numbered_aligned
21:91,21:91:2:1,21:91:4:2,21:91:2,21:91:4,3FS,1P,1,qac_v0.4_aligned,numbered_aligned
21:91,21:91:4:2,21:91:8:2,21:91:4,21:91:8,1P,1P,0,qac_v0.4_aligned,numbered_aligned
21:95,21:95:4:1,21:95:7:1,21:95:4,21:95:7,1P,3MP,1,qac_v0.4_aligned,numbered_aligned
21:96,21:96:3:1,21:96:10:1,21:96:3,21:96:10,3FS,3MP,0,qac_v0.4_aligned,numbered_aligned
21:97,21:97:1:2,21:97:9:1,21:97:1,21:97:9,3MS,3MP,0,qac_v0.4_aligned,numbered_aligned
21:97,21:97:9:1,21:97:12:1,21:97:9,21:97:13,3MP,1P,1,qac_v0.4_aligned,numbered_aligned
21:97,21:97:12:1,21:97:18:1,21:97:13,21:97:19,1P,1P,0,qac_v0.4_aligned,numbered_aligned
21:99,21:99:2:1,21:99:6:1,21:99:2,21:99:6,3MS,3MP,0,qac_v0.4_aligned,numbered_aligned
21:102,21:102:2:1,21:102:7:1,21:102:2,21:102:7,3MP,3FS,0,qac_v0.4_aligned,numbered_aligned
21:103,21:103:10:1,21:103:11:1,21:103:10,21:103:11,2MP,2MP,0,qac_v0.4_aligned,numbered_aligned
21:104,21:104:8:1,21:104:11:1,21:104:8,21:104:11,1P,1P,0,qac_v0.4_aligned,numbered_aligned
21:104,21:104:11:1,21:104:15:1,21:104:11,21:104:15,1P,1P,0,qac_v0.4_aligned,numbered_aligned
21:105,21:105:2:1,21:105:10:1,21:105:2,21:105:10,1P,3MS,1,qac_v0.4_aligned,numbered_aligned
21:108,21:108:1:1,21:108:3:1,21:108:1,21:108:3,2MS,3MS,1,qac_v0.4_aligned,numbered_aligned
21:109,21:109:2:1,21:109:3:2,21:109:2,21:109:3,3MP,2MS,1,qac_v0.4_aligned,numbered_aligned
21:110,21:110:2:1,21:110:6:2,21:110:2,21:110:6,3MS,3MS,0,qac_v0.4_aligned,numbered_aligned
21:110,21:110:6:2,21:110:8:1,21:110:6,21:110:8,3MS,2MP,1,qac_v0.4_aligned,numbered_aligned
21:112,21:112:1:1,21:112:3:1,21:112:1,21:112:3,3MS,2MS,1,qac_v0.4_aligned,numbered_aligned
21:112,21:112:3:1,21:112:10:1,21:112:3,21:112:10,2MS,2MP,0,qac_v0.4_aligned,numbered_aligned
22:2,22:2:2:1,22:2:3:1,22:2:2,22:2:3,2MP,3FS,1,qac_v0.4_aligned,numbered_aligned
22:2,22:2:3:1,22:2:7:1,22:2:3,22:2:7,3FS,3FS,0,qac_v0.4_aligned,numbered_aligned
22:2,22:2:7:1,22:2:8:2,22:2:7,22:2:8,3FS,3FS,0,qac_v0.4_aligned,numbered_aligned
22:2,22:2:8:2,22:2:13:2,22:2:8,22:2:13,3FS,2MS,1,qac_v0.4_aligned,numbered_aligned
22:3,22:3:4:1,22:3:9:2,22:3:4,22:3:9,3MS,3MS,0,qac_v0.4_aligned,numbered_aligned
22:4,22:4:1:1,22:4:5:1,22:4:1,22:4:5,3MS,3MS,0,qac_v0.4_aligned,numbered_aligned
22:4,22:4:5:1,22:4:7:1,22:4:5,22:4:7,3MS,3MS,0,qac_v0.4_aligned,numbered_aligned
22:4,22:4:7:1,22:4:8:2,22:4:7,22:4:8,3MS,3MS,0,qac_v0.4_aligned,numbered_aligned
22:5,22:5:4:1,22:5:10:1,22:5:5,22:5:11,2MP,1P,1,qac_v0.4_aligned,numbered_aligned
22:5,22:5:10:1,22:5:25:2,22:5:11,22:5:26,1P,1P,0,qac_v0.4_aligned,numbered_aligned
22:5,22:5:25:2,22:5:27:2,22:5:26,22:5:28,1P,1P,0,qac_v0.4_aligned,numbered_aligned
22:5,22:5:27:2,22:5:31:1,22:5:28,22:5:32,1P,1P,0,qac_v0.4_aligned,numbered_aligned
22:5,22:5:31:1,22:5:36:1,22:5:32,22:5:37,1P,1P,0,qac_v0.4_aligned,numbered_aligned
22:5,22:5:36:1,22:5:39:2,22:5:37,22:5:40,1P,2MP,1,qac_v0.4_aligned,numbered_aligned
22:5,22:5:39:2,22:5:43:1,22:5:40,22:5:44,2MP,3MS,1,qac_v0.4_aligned,numbered_aligned
22:5,22:5:43:1,22:5:46:1,22:5:44,22:5:47,3MS,3MS,0,qac_v0.4_aligned,numbered_aligned
22:5,22:5:46:1,22:5:51:1,22:5:47,22:5:52,3MS,3MS,0,qac_v0.4_aligned,numbered_aligned
22:5,22:5:51:1,22:5:56:2,22:5:52,22:5:57,3MS,2MS,1,qac_v0.4_aligned,numbered_aligned
22:5,22:5:56:2,22:5:60:1,22:5:57,22:5:61,2MS,1P,1,qac_v0.4_aligned,numbered_aligned
22:5,22:5:60:1,22:5:63:1,22:5:61,22:5:64,1P,3FS,1,qac_v0.4_aligned,numbered_aligned
22:5,22:5:63:1,22:5:64:2,22:5:64,22:5:65,3FS,3FS,0,qac_v0.4_aligned,numbered_aligned
22:5,22:5:64:2,22:5:65:2,22:5:65,22:5:66,3FS,3FS,0,qac_v0.4_aligned,numbered_aligned
22:9,22:9:3:2,22:9:11:2,22:9:3,22:9:11,3MS,1P,1,qac_v0.4_aligned,numbered_aligned
22:10,22:10:3:1,22:10:7:1,22:10:3,22:10:7,3FS,3MS,0,qac_v0.4_aligned,numbered_aligned
22:11,22:11:4:1,22:11:9:1,22:11:4,22:11:9,3MS,3MS,0,qac_v0.4_aligned,numbered_aligned
22:11,22:11:9:1,22:11:11:1,22:11:9,22:11:11,3MS,3MS,0,qac_v0.4_aligned,numbered_aligned
22:11,22:11:11:1,22:11:14:1,22:11:11,22:11:14,3MS,3FS,0,qac_v0.4_aligned,numbered_aligned
22:11,22:11:14:1,22:11:16:1,22:11:14,22:11:16,3FS,3MS,0,qac_v0.4_aligned,numbered_aligned
22:11,22:11:16:1,22:11:19:1,22:11:16,22:11:19,3MS,3MS,0,qac_v0.4_aligned,numbered_aligned
22:12,22:12:7:1,22:12:10:1,22:12:7,22:12:10,3MS,3MS,0,qac_v0.4_aligned,numbered_aligned
22:13,22:13:7:2,22:13:9:3,22:13:7,22:13:9,3MS,3MS,0,qac_v0.4_aligned,numbered_aligned
22:14,22:14:15:1,22:14:17:1,22:14:15,22:14:17,3MS,3MS,0,qac_v0.4_aligned,numbered_aligned
22:15,22:15:2:1,22:15:3:1,22:15:2,22:15:3,3MS,3MS,0,qac_v0.4_aligned,numbered_aligned
22:15,22:15:3:1,22:15:6:1,22:15:3,22:15:6,3MS,3MS,0,qac_v0.4_aligned,numbered_aligned
22:15,22:15:6:1,22:15:11:3,22:15:6,22:15:11,3MS,3MS,0,qac_v0.4_aligned,numbered_aligned
22:15,22:15:11:3,22:15:16:2,22:15:11,22:15:16,3MS,3MS,0,qac_v0.4_aligned,numbered_aligned
22:15,22:15:16:2,22:15:17:3,22:15:16,22:15:17,3MS,3MS,0,qac_v0.4_aligned,numbered_aligned
22:15,22:15:17:3,22:15:19:1,22:15:17,22:15:19,3MS,3MS,0,qac_v0.4_aligned,numbered_aligned
22:15,22:15:19:1,22:15:22:1,22:15:19,22:15:22,3MS,3MS,0,qac_v0.4_aligned,numbered_aligned
22:17,22:17:5:1,22:17:10:1,22:17:5,22:17:10,3MP,3MP,0,qac_v0.4_aligned,numbered_aligned
22:17,22:17:10:1,22:17:13:1,22:17:10,22:17:13,3MP,3MS,0,qac_v0.4_aligned,numbered_aligned
22:18,22:18:2:1,22:18:5:1,22:18:2,22:18:5,2MS,3MS,1,qac_v0.4_aligned,numbered_aligned
22:18,22:18:5:1,22:18:23:1,22:18:5,22:18:23,3MS,3MS,0,qac_v0.4_aligned,numbered_aligned
22:18,22:18:23:1,22:18:27:1,22:18:23,22:18:27,3MS,3MS,0,qac_v0.4_aligned,numbered_aligned
22:18,22:18:27:1,22:18:35:1,22:18:27,22:18:35,3MS,3MS,0,qac_v0.4_aligned,numbered_aligned
22:18,22:18:35:1,22:18:37:1,22:18:35,22:18:37,3MS,3MS,0,qac_v0.4_aligned,numbered_aligned
22:19,22:19:3:1,22:19:7:1,22:19:3,22:19:7,3MP,3MP,0,qac_v0.4_aligned,numbered_aligned
22:19,22:19:7:1,22:19:8:1,22:19:7,22:19:8,3MP,3FS,0,qac_v0.4_aligned,numbered_aligned
22:19,22:19:8:1,22:19:13:1,22:19:8,22:19:13,3FS,3MS,0,qac_v0.4_aligned,numbered_aligned
22:22,22:22:2:1,22:22:4:1,22:22:2,22:22:4,3MP,3MP,0,qac_v0.4_aligned,numbered_aligned
22:22,22:22:4:1,22:22:8:1,22:22:4,22:22:8,3MP,3MP,0,qac_v0.4_aligned,numbered_aligned
22:22,22:22:8:1,22:22:10:2,22:22:8,22:22:10,3MP,2MP,1,qac_v0.4_aligned,numbered_aligned
22:24,22:24:1:2,22:24:6:2,22:24:1,22:24:6,3MP,3MP,0,qac_v0.4_aligned,numbered_aligned
22:25,22:25:3:1,22:25:4:2,22:25:3,22:25:4,3MP,3MP,0,qac_v0.4_aligned,numbered_aligned
22:25,22:25:4:2,22:25:11:1,22:25:4,22:25:11,3MP,1P,1,qac_v0.4_aligned,numbered_aligned
22:25,22:25:11:1,22:25:18:1,22:25:11,22:25:18,1P,3MS,1,qac_v0.4_aligned,numbered_aligned
22:25,22:25:18:1,22:25:22:1,22:25:18,22:25:22,3MS,1P,1,qac_v0.4_aligned,numbered_aligned
22:26,22:26:2:1,22:26:8:1,22:26:2,22:26:8,1P,2MS,1,qac_v0.4_aligned,numbered_aligned
22:26,22:26:8:1,22:26:11:2,22:26:8,22:26:11,2MS,2MS,0,qac_v0.4_aligned,numbered_aligned
22:27,22:27:1:2,22:27:5:1,22:27:1,22:27:5,2MS,3MP,1,qac_v0.4_aligned,numbered_aligned
22:27,22:27:5:1,22:27:10:1,22:27:5,22:27:10,3MP,3FP,0,qac_v0.4_aligned,numbered_aligned
22:28,22:28:1:2,22:28:4:2,22:28:1,22:28:4,3MP,3MP,0,qac_v0.4_aligned,numbered_aligned
22:28,22:28:4:2,22:28:12:1,22:28:4,22:28:12,3MP,3MS,0,qac_v0.4_aligned,numbered_aligned
22:28,22:28:12:1,22:28:16:2,22:28:12,22:28:16,3MS,2MP,1,qac_v0.4_aligned,numbered_aligned
22:28,22:28:16:2,22:28:18:2,22:28:16,22:28:18,2MP,2MP,0,qac_v0.4_aligned,numbered_aligned
22:29,22:29:2:2,22:29:4:3,22:29:2,22:29:4,3MP,3MP,0,qac_v0.4_aligned,numbered_aligned
22:29,22:29:4:3,22:29:6:3,22:29:4,22:29:6,3MP,3MP,0,qac_v0.4_aligned,numbered_aligned
22:30,22:30:3:1,22:30:11:2,22:30:3,22:30:11,3MS,3FS,0,qac_v0.4_aligned,numbered_aligned
22:30,22:30:11:2,22:30:16:1,22:30:11,22:30:16,3FS,3MS,0,qac_v0.4_aligned,numbered_aligned
22:30,22:30:16:1,22:30:18:2,22:30:16,22:30:18,3MS,2MP,1,qac_v0.4_aligned,numbered_aligned
22:30,22:30:18:2,22:30:22:2,22:30:18,22:30:22,2MP,2MP,0,qac_v0.4_aligned,numbered_aligned
22:31,22:31:7:1,22:31:10:1,22:31:7,22:31:10,3MS,3MS,0,qac_v0.4_aligned,numbered_aligned
22:31,22:31:10:1,22:31:13:2,22:31:10,22:31:13,3MS,3FS,0,qac_v0.4_aligned,numbered_aligned
22:34,22:34:3:1,22:34:5:2,22:34:3,22:34:5,1P,3MP,1,qac_v0.4_aligned,numbered_aligned
22:34,22:34:5:2,22:34:10:1,22:34:5,22:34:10,3MP,3MS,0,qac_v0.4_aligned,numbered_aligned
22:34,22:34:10:1,22:34:18:1,22:34:10,22:34:18,3MS,2MP,1,qac_v0.4_aligned,numbered_aligned
22:34,22:34:18:1,22:34:19:2,22:34:18,22:34:19,2MP,2MS,0,qac_v0.4_aligned,numbered_aligned
22:35,22:35:3:1,22:35:5:1,22:35:3,22:35:5,3MS,3FS,0,qac_v0.4_aligned,numbered_aligned
22:35,22:35:5:1,22:35:10:1,22:35:5,22:35:10,3FS,3MS,0,qac_v0.4_aligned,numbered_aligned
22:35,22:35:10:1,22:35:14:1,22:35:10,22:35:14,3MS,1P,1,qac_v0.4_aligned,numbered_aligned
22:35,22:35:14:1,22:35:15:1,22:35:14,22:35:15,1P,3MP,1,qac_v0.4_aligned,numbered_aligned
22:36,22:36:2:1,22:36:10:2,22:36:2,22:36:10,1P,2MP,1,qac_v0.4_aligned,numbered_aligned
22:36,22:36:10:2,22:36:16:1,22:36:10,22:36:16,2MP,3FS,1,qac_v0.4_aligned,numbered_aligned
22:36,22:36:16:1,22:36:18:2,22:36:16,22:36:18,3FS,2MP,1,qac_v0.4_aligned,numbered_aligned
22:36,22:36:18:2,22:36:20:2,22:36:18,22:36:20,2MP,2MP,0,qac_v0.4_aligned,numbered_aligned
22:36,22:36:20:2,22:36:24:1,22:36:20,22:36:24,2MP,1P,1,qac_v0.4_aligned,numbered_aligned
22:36,22:36:24:1,22:36:27:1,22:36:24,22:36:27,1P,2MP,1,qac_v0.4_aligned,numbered_aligned
22:37,22:37:2:1,22:37:8:1,22:37:2,22:37:8,3MS,3MS,0,qac_v0.4_aligned,numbered_aligned
22:37,22:37:8:1,22:37:12:1,22:37:8,22:37:12,3MS,3MS,0,qac_v0.4_aligned,numbered_aligned
22:37,22:37:12:1,22:37:14:2,22:37:12,22:37:14,3MS,2MP,1,qac_v0.4_aligned,numbered_aligned
22:39,22:39:1:1,22:39:3:1,22:39:1,22:39:3,3MS,3MP,0,qac_v0.4_aligned,numbered_aligned
22:39,22:39:3:1,22:39:5:1,22:39:3,22:39:5,3MP,3MP,0,qac_v0.4_aligned,numbered_aligned
22:40,22:40:2:1,22:40:9:1,22:40:2,22:40:9,3MP,3MP,0,qac_v0.4_aligned,numbered_aligned
22:40,22:40:9:1,22:40:18:2,22:40:9,22:40:18,3MP,3FS,0,qac_v0.4_aligned,numbered_aligned
22:40,22:40:18:2,22:40:23:1,22:40:18,22:40:23,3FS,3MS,0,qac_v0.4_aligned,numbered_aligned
22:40,22:40:23:1,22:40:28:3,22:40:23,22:40:28,3MS,3MS,0,qac_v0.4_aligned,numbered_aligned
22:40,22:40:28:3,22:40:31:1,22:40:28,22:40:31,3MS,3MS,0,qac_v0.4_aligned,numbered_aligned
22:41,22:41:3:1,22:41:6:1,22:41:3,22:41:6,1P,3MP,1,qac_v0.4_aligned,numbered_aligned
22:41,22:41:10:2,22:41:12:2,22:41:10,22:41:12,3MP,3MP,0,qac_v0.4_aligned,numbered_aligned
22:42,22:42:2:1,22:42:4:1,22:42:2,22:42:4,3MP,3FS,0,qac_v0.4_aligned,numbered_aligned
22:44,22:44:3:2,22:44:5:2,22:44:3,22:44:5,3MS,1S,1,qac_v0.4_aligned,numbered_aligned
22:44,22:44:5:2,22:44:8:1,22:44:5,22:44:8,1S,1S,0,qac_v0.4_aligned,numbered_aligned
22:44,22:44:8:1,22:44:10:1,22:44:8,22:44:10,1S,3MS,1,qac_v0.4_aligned,numbered_aligned
22:46,22:46:2:1,22:46:5:2,22:46:2,22:46:5,3MP,3FS,0,qac_v0.4_aligned,numbered_aligned
22:46,22:46:5:2,22:46:8:1,22:46:5,22:46:8,3FS,3MP,0,qac_v0.4_aligned,numbered_aligned
22:46,22:46:8:1,22:46:12:1,22:46:8,22:46:12,3MP,3MP,0,qac_v0.4_aligned,numbered_aligned
22:46,22:46:12:1,22:46:16:1,22:46:12,22:46:16,3MP,3FS,0,qac_v0.4_aligned,numbered_aligned
22:46,22:46:16:1,22:46:19:1,22:46:16,22:46:19,3FS,3FS,0,qac_v0.4_aligned,numbered_aligned
22:47,22:47:1:2,22:47:4:1,22:47:1,22:47:4,3MP,3MS,0,qac_v0.4_aligned,numbered_aligned
22:47,22:47:4:1,22:47:14:1,22:47:4,22:47:14,3MS,2MP,1,qac_v0.4_aligned,numbered_aligned
22:48,22:48:4:1,22:48:9:1,22:48:4,22:48:9,1S,1S,0,qac_v0.4_aligned,numbered_aligned
22:52,22:52:2:1,22:52:11:1,22:52:2,22:52:11,1P,3MS,1,qac_v0.4_aligned,numbered_aligned
22:52,22:52:11:1,22:52:12:1,22:52:11,22:52:12,3MS,3MS,0,qac_v0.4_aligned,numbered_aligned
22:52,22:52:12:1,22:52:16:2,22:52:12,22:52:16,3MS,3MS,0,qac_v0.4_aligned,numbered_aligned
22:54,22:54:1:3,22:54:3:1,22:54:1,22:54:3,3MS,3MP,0,qac_v0.4_aligned,numbered_aligned
22:54,22:54:3:1,22:54:9:2,22:54:3,22:54:9,3MP,3MP,0,qac_v0.4_aligned,numbered_aligned
22:54,22:54:9:2,22:54:11:2,22:54:9,22:54:11,3MP,3FS,0,qac_v0.4_aligned,numbered_aligned
22:55,22:55:2:1,22:55:4:1,22:55:2,22:55:4,3MS,3MP,0,qac_v0.4_aligned,numbered_aligned
22:55,22:55:4:1,22:55:9:1,22:55:4,22:55:9,3MP,3FS,0,qac_v0.4_aligned,numbered_aligned
22:55,22:55:9:1,22:55:13:1,22:55:9,22:55:13,3FS,3MS,0,qac_v0.4_aligned,numbered_aligned
22:57,22:57:2:1,22:57:3:2,22:57:2,22:57:3,3MP,3MP,0,qac_v0.4_aligned,numbered_aligned
22:58,22:58:2:1,22:58:7:1,22:58:2,22:58:7,3MP,3MP,0,qac_v0.4_aligned,numbered_aligned
22:58,22:58:7:1,22:58:9:1,22:58:7,22:58:9,3MP,3MP,0,qac_v0.4_aligned,numbered_aligned
22:58,22:58:9:1,22:58:10:2,22:58:9,22:58:10,3MP,3MS,0,qac_v0.4_aligned,numbered_aligned
22:59,22:59:1:2,22:59:3:1,22:59:1,22:59:3,3MS,3MP,0,qac_v0.4_aligned,numbered_aligned
22:60,22:60:3:1,22:60:6:1,22:60:3,22:60:6,3MS,3MS,0,qac_v0.4_aligned,numbered_aligned
22:61,22:61:4:1,22:61:8:2,22:61:4,22:61:8,3MS,3MS,0,qac_v0.4_aligned,numbered_aligned
22:63,22:63:2:1,22:63:5:1,22:63:2,22:63:5,2MS,3MS,1,qac_v0.4_aligned,numbered_aligned
22:63,22:63:5:1,22:63:9:2,22:63:5,22:63:9,3MS,3FS,0,qac_v0.4_aligned,numbered_aligned
22:65,22:65:2:1,22:65:5:1,22:65:2,22:65:5,2MS,3MS,1,qac_v0.4_aligned,numbered_aligned
22:65,22:65:15:2,22:65:18:1,22:65:15,22:65:18,3MS,3FS,0,qac_v0.4_aligned,numbered_aligned
22:66,22:66:3:1,22:66:5:1,22:66:3,22:66:5,3MS,3MS,0,qac_v0.4_aligned,numbered_aligned
22:66,22:66:5:1,22:66:7:1,22:66:5,22:66:7,3MS,3MS,0,qac_v0.4_aligned,numbered_aligned
22:67,22:67:3:1,22:67:8:1,22:67:3,22:67:8,1P,3MS,1,qac_v0.4_aligned,numbered_aligned
22:67,22:67:8:1,22:67:11:2,22:67:8,22:67:11,3MS,2MS,1,qac_v0.4_aligned,numbered_aligned
22:68,22:68:2:1,22:68:3:2,22:68:2,22:68:3,3MP,2MS,1,qac_v0.4_aligned,numbered_aligned
22:68,22:68:3:2,22:68:7:1,22:68:3,22:68:7,2MS,2MP,0,qac_v0.4_aligned,numbered_aligned
22:69,22:69:2:1,22:69:7:1,22:69:2,22:69:7,3MS,2MP,1,qac_v0.4_aligned,numbered_aligned
22:69,22:69:7:1,22:69:9:1,22:69:7,22:69:9,2MP,2MP,0,qac_v0.4_aligned,numbered_aligned
22:70,22:70:2:1,22:70:5:1,22:70:2,22:70:5,2MS,3MS,1,qac_v0.4_aligned,numbered_aligned
22:71,22:71:1:2,22:71:7:1,22:71:1,22:71:7,3MP,3MS,0,qac_v0.4_aligned,numbered_aligned
22:71,22:71:7:1,22:71:11:1,22:71:7,22:71:11,3MS,3MS,0,qac_v0.4_aligned,numbered_aligned
22:72,22:72:2:1,22:72:6:1,22:72:2,22:72:6,3FS,2MS,1,qac_v0.4_aligned,numbered_aligned
22:72,22:72:6:1,22:72:10:1,22:72:6,22:72:10,2MS,3MP,1,qac_v0.4_aligned,numbered_aligned
22:72,22:72:10:1,22:72:12:1,22:72:10,22:72:12,3MP,3MP,0,qac_v0.4_aligned,numbered_aligned
22:72,22:72:12:1,22:72:13:1,22:72:12,22:72:13,3MP,3MP,0,qac_v0.4_aligned,numbered_aligned
22:72,22:72:13:1,22:72:15:1,22:72:13,22:72:15,3MP,3MP,0,qac_v0.4_aligned,numbered_aligned
22:72,22:72:15:1,22:72:18:1,22:72:15,22:72:18,3MP,2MS,1,qac_v0.4_aligned,numbered_aligned
22:72,22:72:18:1,22:72:19:3,22:72:18,22:72:19,2MS,1S,1,qac_v0.4_aligned,numbered_aligned
22:72,22:72:19:3,22:72:24:1,22:72:19,22:72:24,1S,3MS,1,qac_v0.4_aligned,numbered_aligned
22:72,22:72:24:1,22:72:27:1,22:72:24,22:72:27,3MS,3MP,0,qac_v0.4_aligned,numbered_aligned
22:72,22:72:27:1,22:72:28:2,22:72:27,22:72:28,3MP,3MS,0,qac_v0.4_aligned,numbered_aligned
22:73,22:73:3:1,22:73:5:2,22:73:4,22:73:6,3MS,2MP,1,qac_v0.4_aligned,numbered_aligned
22:73,22:73:5:2,22:73:9:1,22:73:6,22:73:10,2MP,2MP,0,qac_v0.4_aligned,numbered_aligned
22:73,22:73:9:1,22:73:14:1,22:73:10,22:73:15,2MP,3MP,1,qac_v0.4_aligned,numbered_aligned
22:73,22:73:14:1,22:73:17:1,22:73:15,22:73:18,3MP,3MP,0,qac_v0.4_aligned,numbered_aligned
22:73,22:73:17:1,22:73:20:1,22:73:18,22:73:21,3MP,3MS,0,qac_v0.4_aligned,numbered_aligned
22:73,22:73:20:1,22:73:24:1,22:73:21,22:73:25,3MS,3MP,0,qac_v0.4_aligned,numbered_aligned
22:73,22:73:24:1,22:73:26:1,22:73:25,22:73:27,3MP,3MS,0,qac_v0.4_aligned,numbered_aligned
22:76,22:76:1:1,22:76:9:1,22:76:1,22:76:9,3MS,3FS,0,qac_v0.4_aligned,numbered_aligned
22:77,22:77:4:1,22:77:5:2,22:77:5,22:77:6,2MP,2MP,0,qac_v0.4_aligned,numbered_aligned
22:77,22:77:5:2,22:77:6:2,22:77:6,22:77:7,2MP,2MP,0,qac_v0.4_aligned,numbered_aligned
22:77,22:77:6:2,22:77:8:2,22:77:7,22:77:9,2MP,2MP,0,qac_v0.4_aligned,numbered_aligned
22:77,22:77:8:2,22:77:11:1,22:77:9,22:77:12,2MP,2MP,0,qac_v0.4_aligned,numbered_aligned
22:78,22:78:25:2,22:78:29:2,22:78:25,22:78:29,3MS,2MP,1,qac_v0.4_aligned,numbered_aligned
22:78,22:78:29:2,22:78:33:2,22:78:29,22:78:33,2MP,2MP,0,qac_v0.4_aligned,numbered_aligned
22:78,22:78:37:2,22:78:41:2,22:78:37,22:78:41,2MP,3MS,1,qac_v0.4_aligned,numbered_aligned
22:78,22:78:41:2,22:78:43:2,22:78:41,22:78:43,3MS,3MS,0,qac_v0.4_aligned,numbered_aligned
23:14,23:14:2:1,23:14:5:2,23:14:2,23:14:5,1P,1P,0,qac_v0.4_aligned,numbered_aligned
23:14,23:14:5:2,23:14:8:2,23:14:5,23:14:8,1P,1P,0,qac_v0.4_aligned,numbered_aligned
23:14,23:14:8:2,23:14:11:2,23:14:8,23:14:11,1P,1P,0,qac_v0.4_aligned,numbered_aligned
23:14,23:14:11:2,23:14:15:1,23:14:11,23:14:15,1P,1P,0,qac_v0.4_aligned,numbered_aligned
23:14,23:14:15:1,23:14:18:2,23:14:15,23:14:18,1P,3MS,1,qac_v0.4_aligned,numbered_aligned
23:17,23:17:2:1,23:17:7:1,23:17:2,23:17:7,1P,1P,0,qac_v0.4_aligned,numbered_aligned
23:18,23:18:1:2,23:18:6:2,23:18:1,23:18:6,1P,1P,0,qac_v0.4_aligned,numbered_aligned
23:19,23:19:1:2,23:19:13:1,23:19:1,23:19:13,1P,2MP,1,qac_v0.4_aligned,numbered_aligned
23:20,23:20:2:1,23:20:6:1,23:20:2,23:20:6,3FS,3FS,0,qac_v0.4_aligned,numbered_aligned
23:21,23:21:6:1,23:21:15:1,23:21:6,23:21:15,1P,2MP,1,qac_v0.4_aligned,numbered_aligned
23:23,23:23:2:1,23:23:6:2,23:23:2,23:23:6,1P,3MS,1,qac_v0.4_aligned,numbered_aligned
23:23,23:23:6:2,23:23:8:1,23:23:6,23:23:9,3MS,2MP,1,qac_v0.4_aligned,numbered_aligned
23:23,23:23:8:1,23:23:16:1,23:23:9,23:23:17,2MP,2MP,0,qac_v0.4_aligned,numbered_aligned
23:24,23:24:1:2,23:24:4:1,23:24:1,23:24:4,3MS,3MP,0,qac_v0.4_aligned,numbered_aligned
23:24,23:24:4:1,23:24:12:1,23:24:4,23:24:12,3MP,3MS,0,qac_v0.4_aligned,numbered_aligned
23:24,23:24:12:1,23:24:14:1,23:24:12,23:24:14,3MS,3MS,0,qac_v0.4_aligned,numbered_aligned
23:24,23:24:14:1,23:24:17:1,23:24:14,23:24:17,3MS,3MS,0,qac_v0.4_aligned,numbered_aligned
23:24,23:24:17:1,23:24:19:2,23:24:17,23:24:19,3MS,3MS,0,qac_v0.4_aligned,numbered_aligned
23:24,23:24:19:2,23:24:22:1,23:24:19,23:24:22,3MS,1P,1,qac_v0.4_aligned,numbered_aligned
23:27,23:27:1:2,23:27:4:1,23:27:1,23:27:4,1P,2MS,1,qac_v0.4_aligned,numbered_aligned
23:27,23:27:4:1,23:27:9:1,23:27:4,23:27:9,2MS,3MS,1,qac_v0.4_aligned,numbered_aligned
23:27,23:27:9:1,23:27:11:2,23:27:9,23:27:11,3MS,3MS,0,qac_v0.4_aligned,numbered_aligned
23:27,23:27:11:2,23:27:13:2,23:27:11,23:27:13,3MS,2MS,1,qac_v0.4_aligned,numbered_aligned
23:27,23:27:13:2,23:27:22:1,23:27:13,23:27:22,2MS,3MS,1,qac_v0.4_aligned,numbered_aligned
23:28,23:28:2:1,23:28:8:2,23:28:2,23:28:8,2MS,2MS,0,qac_v0.4_aligned,numbered_aligned
23:32,23:32:1:2,23:32:6:1,23:32:1,23:32:6,1P,2MP,1,qac_v0.4_aligned,numbered_aligned
23:32,23:32:6:1,23:32:14:1,23:32:6,23:32:14,2MP,2MP,0,qac_v0.4_aligned,numbered_aligned
23:33,23:33:1:2,23:33:6:1,23:33:1,23:33:6,3MS,3MP,0,qac_v0.4_aligned,numbered_aligned
23:33,23:33:6:1,23:33:7:2,23:33:6,23:33:7,3MP,3MP,0,qac_v0.4_aligned,numbered_aligned
23:33,23:33:7:2,23:33:10:2,23:33:7,23:33:10,3MP,1P,1,qac_v0.4_aligned,numbered_aligned
23:33,23:33:10:2,23:33:19:1,23:33:10,23:33:19,1P,3MS,1,qac_v0.4_aligned,numbered_aligned
23:33,23:33:19:1,23:33:21:1,23:33:19,23:33:21,3MS,2MP,1,qac_v0.4_aligned,numbered_aligned
23:33,23:33:21:1,23:33:23:2,23:33:21,23:33:23,2MP,3MS,1,qac_v0.4_aligned,numbered_aligned
23:33,23:33:23:2,23:33:25:1,23:33:23,23:33:25,3MS,2MP,1,qac_v0.4_aligned,numbered_aligned
23:35,23:35:1:2,23:35:4:1,23:35:1,23:35:4,3MS,2MP,1,qac_v0.4_aligned,numbered_aligned
23:35,23:35:4:1,23:35:5:2,23:35:4,23:35:5,2MP,2MP,0,qac_v0.4_aligned,numbered_aligned
23:37,23:37:6:1,23:37:7:2,23:37:6,23:37:7,1P,1P,0,qac_v0.4_aligned,numbered_aligned
23:40,23:40:1:1,23:40:4:2,23:40:1,23:40:4,3MS,3MP,0,qac_v0.4_aligned,numbered_aligned
23:41,23:41:1:2,23:41:4:2,23:41:1,23:41:4,3FS,1P,1,qac_v0.4_aligned,numbered_aligned
23:44,23:44:2:1,23:44:7:1,23:44:2,23:44:7,1P,3MS,1,qac_v0.4_aligned,numbered_aligned
23:44,23:44:7:1,23:44:10:1,23:44:7,23:44:10,3MS,3MP,0,qac_v0.4_aligned,numbered_aligned
23:44,23:44:10:1,23:44:11:2,23:44:10,23:44:11,3MP,1P,1,qac_v0.4_aligned,numbered_aligned
23:44,23:44:11:2,23:44:14:2,23:44:11,23:44:14,1P,1P,0,qac_v0.4_aligned,numbered_aligned
23:44,23:44:14:2,23:44:19:1,23:44:14,23:44:19,1P,3MP,1,qac_v0.4_aligned,numbered_aligned
23:46,23:46:4:2,23:46:5:2,23:46:4,23:46:5,3MP,3MP,0,qac_v0.4_aligned,numbered_aligned
23:47,23:47:1:2,23:47:2:2,23:47:1,23:47:2,3MP,1P,1,qac_v0.4_aligned,numbered_aligned
23:48,23:48:1:2,23:48:2:2,23:48:1,23:48:2,3MP,3MP,0,qac_v0.4_aligned,numbered_aligned
23:51,23:51:3:1,23:51:6:2,23:51:4,23:51:7,2MP,2MP,0,qac_v0.4_aligned,numbered_aligned
23:51,23:51:6:2,23:51:10:1,23:51:7,23:51:11,2MP,2MP,0,qac_v0.4_aligned,numbered_aligned
23:55,23:55:1:2,23:55:3:1,23:55:1,23:55:3,3MP,1P,1,qac_v0.4_aligned,numbered_aligned
23:56,23:56:1:1,23:56:7:1,23:56:1,23:56:7,1P,3MP,1,qac_v0.4_aligned,numbered_aligned
23:62,23:62:2:1,23:62:8:1,23:62:2,23:62:8,1P,3MS,1,qac_v0.4_aligned,numbered_aligned
23:62,23:62:8:1,23:62:12:1,23:62:8,23:62:12,3MS,3MP,0,qac_v0.4_aligned,numbered_aligned
23:66,23:66:2:1,23:66:4:1,23:66:2,23:66:4,3FS,3FS,0,qac_v0.4_aligned,numbered_aligned
23:66,23:66:4:1,23:66:6:2,23:66:4,23:66:6,3FS,2MP,1,qac_v0.4_aligned,numbered_aligned
23:66,23:66:6:2,23:66:9:1,23:66:6,23:66:9,2MP,2MP,0,qac_v0.4_aligned,numbered_aligned
23:68,23:68:2:1,23:68:5:1,23:68:2,23:68:5,3MP,3MS,0,qac_v0.4_aligned,numbered_aligned
23:68,23:68:5:1,23:68:8:1,23:68:5,23:68:8,3MS,3MS,0,qac_v0.4_aligned,numbered_aligned
23:70,23:70:2:1,23:70:6:1,23:70:2,23:70:6,3MP,3MS,0,qac_v0.4_aligned,numbered_aligned
23:71,23:71:2:1,23:71:5:2,23:71:2,23:71:5,3MS,3FS,0,qac_v0.4_aligned,numbered_aligned
23:71,23:71:5:2,23:71:11:1,23:71:5,23:71:11,3FS,1P,1,qac_v0.4_aligned,numbered_aligned
23:75,23:75:2:1,23:75:3:2,23:75:2,23:75:3,1P,1P,0,qac_v0.4_aligned,numbered_aligned
23:75,23:75:3:2,23:75:8:2,23:75:3,23:75:8,1P,3MP,1,qac_v0.4_aligned,numbered_aligned
23:75,23:75:8:2,23:75:11:1,23:75:8,23:75:11,3MP,3MP,0,qac_v0.4_aligned,numbered_aligned
23:76,23:76:2:1,23:76:5:1,23:76:2,23:76:5,1P,3MP,1,qac_v0.4_aligned,numbered_aligned
23:76,23:76:5:1,23:76:8:1,23:76:5,23:76:8,3MP,3MP,0,qac_v0.4_aligned,numbered_aligned
23:78,23:78:3:1,23:78:10:1,23:78:3,23:78:10,3MS,2MP,1,qac_v0.4_aligned,numbered_aligned
23:79,23:79:3:1,23:79:7:1,23:79:3,23:79:7,3MS,2MP,1,qac_v0.4_aligned,numbered_aligned
23:80,23:80:4:2,23:80:10:1,23:80:4,23:80:10,3MS,2MP,1,qac_v0.4_aligned,numbered_aligned
23:81,23:81:2:1,23:81:5:1,23:81:2,23:81:5,3MP,3MS,0,qac_v0.4_aligned,numbered_aligned
23:82,23:82:1:1,23:82:3:1,23:82:1,23:82:3,3MP,1P,1,qac_v0.4_aligned,numbered_aligned
23:82,23:82:3:1,23:82:4:2,23:82:3,23:82:4,1P,1P,0,qac_v0.4_aligned,numbered_aligned
23:84,23:84:1:1,23:84:7:1,23:84:1,23:84:7,2MS,2MP,0,qac_v0.4_aligned,numbered_aligned
23:84,23:84:7:1,23:84:8:1,23:84:7,23:84:8,2MP,2MP,0,qac_v0.4_aligned,numbered_aligned
23:85,23:85:1:2,23:85:3:1,23:85:1,23:85:3,3MP,2MS,1,qac_v0.4_aligned,numbered_aligned
23:85,23:85:3:1,23:85:5:1,23:85:3,23:85:5,2MS,2MP,0,qac_v0.4_aligned,numbered_aligned
23:87,23:87:1:2,23:87:3:1,23:87:1,23:87:3,3MP,2MS,1,qac_v0.4_aligned,numbered_aligned
23:87,23:87:3:1,23:87:5:1,23:87:3,23:87:5,2MS,2MP,0,qac_v0.4_aligned,numbered_aligned
23:88,23:88:1:1,23:88:8:1,23:88:1,23:88:8,2MS,3MS,1,qac_v0.4_aligned,numbered_aligned
23:88,23:88:8:1,23:88:10:1,23:88:8,23:88:10,3MS,3MS,0,qac_v0.4_aligned,numbered_aligned
23:88,23:88:10:1,23:88:13:1,23:88:10,23:88:13,3MS,2MP,1,qac_v0.4_aligned,numbered_aligned
23:88,23:88:13:1,23:88:14:1,23:88:13,23:88:14,2MP,2MP,0,qac_v0.4_aligned,numbered_aligned
23:89,23:89:1:2,23:89:3:1,23:89:1,23:89:3,3MP,2MS,1,qac_v0.4_aligned,numbered_aligned
23:89,23:89:3:1,23:89:5:1,23:89:3,23:89:5,2MS,2MP,0,qac_v0.4_aligned,numbered_aligned
23:91,23:91:2:1,23:91:7:1,23:91:2,23:91:7,3MS,3MS,0,qac_v0.4_aligned,numbered_aligned
23:91,23:91:7:1,23:91:12:2,23:91:7,23:91:12,3MS,3MS,0,qac_v0.4_aligned,numbered_aligned
23:91,23:91:12:2,23:91:16:1,23:91:12,23:91:16,3MS,3MS,0,qac_v0.4_aligned,numbered_aligned
23:91,23:91:16:1,23:91:17:3,23:91:16,23:91:17,3MS,3MS,0,qac_v0.4_aligned,numbered_aligned
23:91,23:91:17:3,23:91:24:1,23:91:17,23:91:24,3MS,3MP,0,qac_v0.4_aligned,numbered_aligned
23:92,23:92:4:2,23:92:6:1,23:92:4,23:92:6,3MS,3MP,0,qac_v0.4_aligned,numbered_aligned
23:95,23:95:4:1,23:95:6:1,23:95:4,23:95:6,1P,1P,0,qac_v0.4_aligned,numbered_aligned
23:96,23:96:1:1,23:96:9:1,23:96:1,23:96:9,2MS,3MP,1,qac_v0.4_aligned,numbered_aligned
23:97,23:97:1:2,23:97:3:1,23:97:1,23:97:3,2MS,1S,1,qac_v0.4_aligned,numbered_aligned
23:98,23:98:1:2,23:98:5:1,23:98:1,23:98:5,1S,3MP,1,qac_v0.4_aligned,numbered_aligned
23:99,23:99:3:1,23:99:6:1,23:99:3,23:99:6,3MS,3MS,0,qac_v0.4_aligned,numbered_aligned
23:99,23:99:6:1,23:99:8:1,23:99:6,23:99:8,3MS,2MP,1,qac_v0.4_aligned,numbered_aligned
23:100,23:100:2:1,23:100:5:1,23:100:2,23:100:5,1S,1S,0,qac_v0.4_aligned,numbered_aligned
23:100,23:100:5:1,23:100:16:1,23:100:5,23:100:16,1S,3MP,1,qac_v0.4_aligned,numbered_aligned
23:101,23:101:2:1,23:101:10:1,23:101:2,23:101:10,3MS,3MP,0,qac_v0.4_aligned,numbered_aligned
23:103,23:103:2:1,23:103:6:1,23:103:2,23:103:6,3FS,3MP,0,qac_v0.4_aligned,numbered_aligned
23:105,23:105:2:1,23:105:4:1,23:105:2,23:105:4,3FS,3FS,0,qac_v0.4_aligned,numbered_aligned
23:105,23:105:4:1,23:105:6:2,23:105:4,23:105:6,3FS,2MP,1,qac_v0.4_aligned,numbered_aligned
23:105,23:105:6:2,23:105:8:1,23:105:6,23:105:8,2MP,2MP,0,qac_v0.4_aligned,numbered_aligned
23:106,23:106:1:1,23:106:3:1,23:106:1,23:106:3,3MP,3FS,0,qac_v0.4_aligned,numbered_aligned
23:106,23:106:3:1,23:106:6:2,23:106:3,23:106:6,3FS,1P,1,qac_v0.4_aligned,numbered_aligned
23:107,23:107:2:1,23:107:5:1,23:107:2,23:107:5,2MS,1P,1,qac_v0.4_aligned,numbered_aligned
23:109,23:109:2:1,23:109:6:1,23:109:2,23:109:6,3MS,3MP,0,qac_v0.4_aligned,numbered_aligned
23:109,23:109:9:2,23:109:11:2,23:109:9,23:109:11,2MS,2MS,0,qac_v0.4_aligned,numbered_aligned
23:110,23:110:1:2,23:110:4:1,23:110:1,23:110:4,2MP,3MP,1,qac_v0.4_aligned,numbered_aligned
23:110,23:110:4:1,23:110:6:2,23:110:4,23:110:6,3MP,2MP,1,qac_v0.4_aligned,numbered_aligned
23:110,23:110:6:2,23:110:8:1,23:110:6,23:110:8,2MP,2MP,0,qac_v0.4_aligned,numbered_aligned
23:111,23:111:2:1,23:111:5:1,23:111:2,23:111:5,1S,3MP,1,qac_v0.4_aligned,numbered_aligned
23:112,23:112:1:1,23:112:3:1,23:112:1,23:112:3,3MS,2MP,1,qac_v0.4_aligned,numbered_aligned
23:113,23:113:1:1,23:113:2:1,23:113:1,23:113:2,3MP,1P,1,qac_v0.4_aligned,numbered_aligned
23:114,23:114:1:1,23:114:3:1,23:114:1,23:114:3,3MS,2MP,1,qac_v0.4_aligned,numbered_aligned
23:114,23:114:3:1,23:114:8:1,23:114:3,23:114:8,2MP,2MP,0,qac_v0.4_aligned,numbered_aligned
23:114,23:114:8:1,23:114:9:1,23:114:8,23:114:9,2MP,2MP,0,qac_v0.4_aligned,numbered_aligned
23:115,23:115:1:3,23:115:3:1,23:115:1,23:115:3,2MP,1P,1,qac_v0.4_aligned,numbered_aligned
23:115,23:115:3:1,23:115:8:1,23:115:3,23:115:8,1P,2MP,1,qac_v0.4_aligned,numbered_aligned
23:117,23:117:2:1,23:117:17:1,23:117:2,23:117:17,3MS,3MS,0,qac_v0.4_aligned,numbered_aligned
23:118,23:118:1:2,23:118:3:1,23:118:1,23:118:3,2MS,2MS,0,qac_v0.4_aligned,numbered_aligned
23:118,23:118:3:1,23:118:4:2,23:118:3,23:118:4,2MS,2MS,0,qac_v0.4_aligned,numbered_aligned
24:1,24:1:2:1,24:1:3:2,24:1:6,24:1:7,1P,1P,0,qac_v0.4_aligned,numbered_aligned
24:1,24:1:3:2,24:1:4:2,24:1:7,24:1:8,1P,1P,0,qac_v0.4_aligned,numbered_aligned
24:1,24:1:4:2,24:1:9:1,24:1:8,24:1:13,1P,2MP,1,qac_v0.4_aligned,numbered_aligned
24:2,24:2:3:2,24:2:10:1,24:2:3,24:2:10,2MP,3FS,1,qac_v0.4_aligned,numbered_aligned
24:2,24:2:10:1,24:2:17:1,24:2:10,24:2:17,3FS,2MP,1,qac_v0.4_aligned,numbered_aligned
24:2,24:2:17:1,24:2:18:1,24:2:17,24:2:18,2MP,2MP,0,qac_v0.4_aligned,numbered_aligned
24:2,24:2:18:1,24:2:22:3,24:2:18,24:2:22,2MP,3MS,1,qac_v0.4_aligned,numbered_aligned
24:3,24:3:3:1,24:3:10:1,24:3:3,24:3:10,3MS,3MS,0,qac_v0.4_aligned,numbered_aligned
24:3,24:3:10:1,24:3:15:2,24:3:10,24:3:15,3MS,3MS,0,qac_v0.4_aligned,numbered_aligned
24:4,24:4:2:1,24:4:6:1,24:4:2,24:4:6,3MP,3MP,0,qac_v0.4_aligned,numbered_aligned
24:4,24:4:6:1,24:4:9:2,24:4:6,24:4:9,3MP,2MP,1,qac_v0.4_aligned,numbered_aligned
24:4,24:4:9:2,24:4:13:1,24:4:9,24:4:13,2MP,2MP,0,qac_v0.4_aligned,numbered_aligned
24:5,24:5:3:1,24:5:7:2,24:5:3,24:5:7,3MP,3MP,0,qac_v0.4_aligned,numbered_aligned
24:6,24:6:2:1,24:6:5:1,24:6:2,24:6:5,3MP,3MS,0,qac_v0.4_aligned,numbered_aligned
24:11,24:11:8:1,24:11:19:1,24:11:8,24:11:19,2MP,3MS,1,qac_v0.4_aligned,numbered_aligned
24:11,24:11:19:1,24:11:23:1,24:11:19,24:11:23,3MS,3MS,0,qac_v0.4_aligned,numbered_aligned
24:12,24:12:3:1,24:12:4:1,24:12:3,24:12:4,2MP,3MS,1,qac_v0.4_aligned,numbered_aligned
24:12,24:12:4:1,24:12:9:2,24:12:4,24:12:9,3MS,3MP,0,qac_v0.4_aligned,numbered_aligned
24:14,24:14:9:2,24:14:12:1,24:14:9,24:14:12,3MS,2MP,1,qac_v0.4_aligned,numbered_aligned
24:15,24:15:2:1,24:15:4:2,24:15:2,24:15:4,2MP,2MP,0,qac_v0.4_aligned,numbered_aligned
24:15,24:15:4:2,24:15:7:1,24:15:4,24:15:7,2MP,3MS,1,qac_v0.4_aligned,numbered_aligned
24:15,24:15:7:1,24:15:11:2,24:15:7,24:15:11,3MS,2MP,1,qac_v0.4_aligned,numbered_aligned
24:16,24:16:3:1,24:16:4:1,24:16:3,24:16:4,2MP,2MP,0,qac_v0.4_aligned,numbered_aligned
24:16,24:16:4:1,24:16:6:1,24:16:4,24:16:6,2MP,3MS,1,qac_v0.4_aligned,numbered_aligned
24:16,24:16:6:1,24:16:9:1,24:16:6,24:16:9,3MS,1P,1,qac_v0.4_aligned,numbered_aligned
24:17,24:17:1:1,24:17:4:1,24:17:1,24:17:4,3MS,2MP,1,qac_v0.4_aligned,numbered_aligned
24:17,24:17:4:1,24:17:8:1,24:17:4,24:17:8,2MP,2MP,0,qac_v0.4_aligned,numbered_aligned
24:19,24:19:3:1,24:19:5:1,24:19:3,24:19:5,3MP,3FS,0,qac_v0.4_aligned,numbered_aligned
24:19,24:19:17:1,24:19:20:1,24:19:17,24:19:20,3MS,2MP,1,qac_v0.4_aligned,numbered_aligned
24:21,24:21:5:1,24:21:9:1,24:21:6,24:21:10,2MP,3MS,1,qac_v0.4_aligned,numbered_aligned
24:21,24:21:9:1,24:21:13:1,24:21:10,24:21:14,3MS,3MS,0,qac_v0.4_aligned,numbered_aligned
24:21,24:21:13:1,24:21:22:1,24:21:14,24:21:23,3MS,3MS,0,qac_v0.4_aligned,numbered_aligned
24:22,24:22:2:1,24:22:8:1,24:22:2,24:22:8,3MS,3MP,0,qac_v0.4_aligned,numbered_aligned
24:22,24:22:8:1,24:22:16:3,24:22:8,24:22:16,3MP,3MP,0,qac_v0.4_aligned,numbered_aligned
24:22,24:22:16:3,24:22:17:3,24:22:16,24:22:17,3MP,3MP,0,qac_v0.4_aligned,numbered_aligned
24:22,24:22:17:3,24:22:19:1,24:22:17,24:22:19,3MP,2MP,1,qac_v0.4_aligned,numbered_aligned
24:22,24:22:19:1,24:22:21:1,24:22:19,24:22:21,2MP,3MS,1,qac_v0.4_aligned,numbered_aligned
24:23,24:23:3:1,24:23:7:1,24:23:3,24:23:7,3MP,3MP,0,qac_v0.4_aligned,numbered_aligned
24:24,24:24:2:1,24:24:8:1,24:24:2,24:24:8,3FS,3MP,0,qac_v0.4_aligned,numbered_aligned
24:24,24:24:8:1,24:24:9:1,24:24:8,24:24:9,3MP,3MP,0,qac_v0.4_aligned,numbered_aligned
24:25,24:25:2:1,24:25:6:2,24:25:2,24:25:6,3MS,3MP,0,qac_v0.4_aligned,numbered_aligned
24:27,24:27:5:1,24:27:10:1,24:27:6,24:27:11,2MP,2MP,0,qac_v0.4_aligned,numbered_aligned
24:27,24:27:10:1,24:27:11:2,24:27:11,24:27:12,2MP,2MP,0,qac_v0.4_aligned,numbered_aligned
24:27,24:27:11:2,24:27:18:1,24:27:12,24:27:19,2MP,2MP,0,qac_v0.4_aligned,numbered_aligned
24:28,24:28:3:1,24:28:7:1,24:28:3,24:28:7,2MP,2MP,0,qac_v0.4_aligned,numbered_aligned
24:28,24:28:7:1,24:28:9:1,24:28:7,24:28:9,2MP,3MS,1,qac_v0.4_aligned,numbered_aligned
24:28,24:28:9:1,24:28:12:1,24:28:9,24:28:12,3MS,3MS,0,qac_v0.4_aligned,numbered_aligned
24:28,24:28:12:1,24:28:14:1,24:28:12,24:28:14,3MS,2MP,1,qac_v0.4_aligned,numbered_aligned
24:28,24:28:14:1,24:28:15:2,24:28:14,24:28:15,2MP,2MP,0,qac_v0.4_aligned,numbered_aligned
24:28,24:28:15:2,24:28:21:1,24:28:15,24:28:21,2MP,2MP,0,qac_v0.4_aligned,numbered_aligned
24:29,24:29:1:1,24:29:5:1,24:29:1,24:29:5,3MS,2MP,1,qac_v0.4_aligned,numbered_aligned
24:29,24:29:5:1,24:29:13:1,24:29:5,24:29:13,2MP,3MS,1,qac_v0.4_aligned,numbered_aligned
24:29,24:29:13:1,24:29:15:1,24:29:13,24:29:15,3MS,2MP,1,qac_v0.4_aligned,numbered_aligned
24:29,24:29:15:1,24:29:17:1,24:29:15,24:29:17,2MP,2MP,0,qac_v0.4_aligned,numbered_aligned
24:30,24:30:1:1,24:30:3:1,24:30:1,24:30:3,2MS,3MP,1,qac_v0.4_aligned,numbered_aligned
24:30,24:30:3:1,24:30:6:2,24:30:3,24:30:6,3MP,3MP,0,qac_v0.4_aligned,numbered_aligned
24:30,24:30:6:2,24:30:15:1,24:30:6,24:30:15,3MP,3MP,0,qac_v0.4_aligned,numbered_aligned
24:31,24:31:1:2,24:31:3:1,24:31:1,24:31:3,2MS,3FP,1,qac_v0.4_aligned,numbered_aligned
24:31,24:31:3:1,24:31:6:2,24:31:3,24:31:6,3FP,3FP,0,qac_v0.4_aligned,numbered_aligned
24:31,24:31:6:2,24:31:9:1,24:31:6,24:31:9,3FP,3FP,0,qac_v0.4_aligned,numbered_aligned
24:31,24:31:9:1,24:31:13:1,24:31:9,24:31:13,3FP,3MS,0,qac_v0.4_aligned,numbered_aligned
24:31,24:31:13:1,24:31:15:3,24:31:13,24:31:15,3MS,3FP,0,qac_v0.4_aligned,numbered_aligned
24:31,24:31:15:3,24:31:20:1,24:31:15,24:31:20,3FP,3FP,0,qac_v0.4_aligned,numbered_aligned
24:31,24:31:20:1,24:31:46:1,24:31:20,24:31:46,3FP,3FS,0,qac_v0.4_aligned,numbered_aligned
24:31,24:31:46:1,24:31:59:1,24:31:46,24:31:59,3FS,3MP,0,qac_v0.4_aligned,numbered_aligned
24:31,24:31:59:1,24:31:64:1,24:31:59,24:31:64,3MP,3FP,0,qac_v0.4_aligned,numbered_aligned
24:31,24:31:64:1,24:31:66:2,24:31:64,24:31:66,3FP,3MS,0,qac_v0.4_aligned,numbered_aligned
24:31,24:31:66:2,24:31:68:1,24:31:66,24:31:68,3MS,3FP,0,qac_v0.4_aligned,numbered_aligned
24:31,24:31:68:1,24:31:71:2,24:31:68,24:31:71,3FP,2MP,1,qac_v0.4_aligned,numbered_aligned
24:31,24:31:71:2,24:31:78:1,24:31:71,24:31:78,2MP,2MP,0,qac_v0.4_aligned,numbered_aligned
24:32,24:32:1:2,24:32:9:1,24:32:1,24:32:9,2MP,3MP,1,qac_v0.4_aligned,numbered_aligned
24:32,24:32:9:1,24:32:11:1,24:32:9,24:32:11,3MP,3MS,0,qac_v0.4_aligned,numbered_aligned
24:33,24:33:1:3,24:33:4:1,24:33:1,24:33:4,3MS,3MP,0,qac_v0.4_aligned,numbered_aligned
24:33,24:33:4:1,24:33:7:1,24:33:4,24:33:7,3MP,3MS,0,qac_v0.4_aligned,numbered_aligned
24:33,24:33:7:1,24:33:12:1,24:33:7,24:33:12,3MS,3MP,0,qac_v0.4_aligned,numbered_aligned
24:33,24:33:12:1,24:33:15:1,24:33:12,24:33:15,3MP,3FS,0,qac_v0.4_aligned,numbered_aligned
24:33,24:33:15:1,24:33:17:2,24:33:15,24:33:17,3FS,2MP,1,qac_v0.4_aligned,numbered_aligned
24:33,24:33:17:2,24:33:19:1,24:33:17,24:33:19,2MP,2MP,0,qac_v0.4_aligned,numbered_aligned
24:33,24:33:29:1,24:33:34:1,24:33:29,24:33:34,2MP,3FP,1,qac_v0.4_aligned,numbered_aligned
24:33,24:33:34:1,24:33:36:2,24:33:34,24:33:36,3FP,2MP,1,qac_v0.4_aligned,numbered_aligned
24:33,24:33:36:2,24:33:41:1,24:33:36,24:33:41,2MP,3MS,1,qac_v0.4_aligned,numbered_aligned
24:34,24:34:2:1,24:34:9:1,24:34:2,24:34:9,1P,3MP,1,qac_v0.4_aligned,numbered_aligned
24:35,24:35:17:1,24:35:26:1,24:35:17,24:35:26,3MS,3MS,0,qac_v0.4_aligned,numbered_aligned
24:35,24:35:40:1,24:35:41:2,24:35:40,24:35:41,3MS,3MS,0,qac_v0.4_aligned,numbered_aligned
24:36,24:36:3:1,24:36:6:1,24:36:3,24:36:6,3MS,3FS,0,qac_v0.4_aligned,numbered_aligned
24:36,24:36:6:1,24:36:7:2,24:36:6,24:36:7,3FS,3MS,0,qac_v0.4_aligned,numbered_aligned
24:36,24:36:7:2,24:36:10:1,24:36:7,24:36:10,3MS,3MS,0,qac_v0.4_aligned,numbered_aligned
24:37,24:37:3:1,24:37:14:1,24:37:3,24:37:14,3FS,3MP,0,qac_v0.4_aligned,numbered_aligned
24:37,24:37:14:1,24:37:16:1,24:37:14,24:37:16,3MP,3FS,0,qac_v0.4_aligned,numbered_aligned
24:38,24:38:1:2,24:38:5:1,24:38:1,24:38:5,3MS,3MP,0,qac_v0.4_aligned,numbered_aligned
24:38,24:38:5:1,24:38:6:2,24:38:5,24:38:6,3MP,3MS,0,qac_v0.4_aligned,numbered_aligned
24:38,24:38:6:2,24:38:10:1,24:38:6,24:38:10,3MS,3MS,0,qac_v0.4_aligned,numbered_aligned
24:38,24:38:10:1,24:38:12:1,24:38:10,24:38:12,3MS,3MS,0,qac_v0.4_aligned,numbered_aligned
24:39,24:39:2:1,24:39:6:1,24:39:2,24:39:6,3MP,3MS,0,qac_v0.4_aligned,numbered_aligned
24:39,24:39:6:1,24:39:11:1,24:39:6,24:39:11,3MS,3MS,0,qac_v0.4_aligned,numbered_aligned
24:39,24:39:11:1,24:39:13:1,24:39:11,24:39:13,3MS,3MS,0,qac_v0.4_aligned,numbered_aligned
24:39,24:39:13:1,24:39:15:2,24:39:13,24:39:15,3MS,3MS,0,qac_v0.4_aligned,numbered_aligned
24:40,24:40:19:1,24:40:22:1,24:40:19,24:40:22,3MS,3MS,0,qac_v0.4_aligned,numbered_aligned
24:41,24:41:2:1,24:41:5:1,24:41:2,24:41:5,2MS,3MS,1,qac_v0.4_aligned,numbered_aligned
24:41,24:41:5:1,24:41:15:1,24:41:5,24:41:15,3MS,3MS,0,qac_v0.4_aligned,numbered_aligned
24:41,24:41:15:1,24:41:21:1,24:41:15,24:41:21,3MS,3MP,0,qac_v0.4_aligned,numbered_aligned
24:43,24:43:8:1,24:43:11:1,24:43:8,24:43:11,3MS,3MS,0,qac_v0.4_aligned,numbered_aligned
24:43,24:43:11:1,24:43:13:2,24:43:11,24:43:13,3MS,2MS,1,qac_v0.4_aligned,numbered_aligned
24:43,24:43:13:2,24:43:15:1,24:43:13,24:43:15,2MS,3MS,1,qac_v0.4_aligned,numbered_aligned
24:43,24:43:15:1,24:43:18:2,24:43:15,24:43:18,3MS,3MS,0,qac_v0.4_aligned,numbered_aligned
24:43,24:43:18:2,24:43:26:2,24:43:18,24:43:26,3MS,3MS,0,qac_v0.4_aligned,numbered_aligned
24:43,24:43:26:2,24:43:29:1,24:43:26,24:43:29,3MS,3MS,0,qac_v0.4_aligned,numbered_aligned
24:43,24:43:29:1,24:43:30:2,24:43:29,24:43:30,3MS,3MS,0,qac_v0.4_aligned,numbered_aligned
24:43,24:43:30:2,24:43:33:1,24:43:30,24:43:33,3MS,3MS,0,qac_v0.4_aligned,numbered_aligned
24:43,24:43:33:1,24:43:34:1,24:43:33,24:43:34,3MS,3MS,0,qac_v0.4_aligned,numbered_aligned
24:43,24:43:34:1,24:43:37:1,24:43:34,24:43:37,3MS,3MS,0,qac_v0.4_aligned,numbered_aligned
24:45,24:45:22:1,24:45:25:1,24:45:22,24:45:25,3MS,3MS,0,qac_v0.4_aligned,numbered_aligned
24:47,24:47:5:2,24:47:7:1,24:47:5,24:47:7,1P,3MS,1,qac_v0.4_aligned,numbered_aligned
24:48,24:48:2:1,24:48:6:2,24:48:2,24:48:6,3MP,3MS,0,qac_v0.4_aligned,numbered_aligned
24:49,24:49:2:1,24:49:5:1,24:49:2,24:49:5,3MS,3MP,0,qac_v0.4_aligned,numbered_aligned
24:50,24:50:5:1,24:50:7:1,24:50:5,24:50:7,3MP,3MP,0,qac_v0.4_aligned,numbered_aligned
24:50,24:50:7:1,24:50:9:1,24:50:7,24:50:9,3MP,3MS,0,qac_v0.4_aligned,numbered_aligned
24:51,24:51:2:1,24:51:6:1,24:51:2,24:51:6,3MS,3MP,0,qac_v0.4_aligned,numbered_aligned
24:51,24:51:6:1,24:51:10:2,24:51:6,24:51:10,3MP,3MS,0,qac_v0.4_aligned,numbered_aligned
24:51,24:51:10:2,24:51:13:1,24:51:10,24:51:13,3MS,3MP,0,qac_v0.4_aligned,numbered_aligned
24:51,24:51:13:1,24:51:14:1,24:51:13,24:51:14,3MP,1P,1,qac_v0.4_aligned,numbered_aligned
24:51,24:51:14:1,24:51:15:2,24:51:14,24:51:15,1P,1P,0,qac_v0.4_aligned,numbered_aligned
24:52,24:52:2:1,24:52:5:2,24:52:2,24:52:5,3MS,3MS,0,qac_v0.4_aligned,numbered_aligned
24:52,24:52:5:2,24:52:7:2,24:52:5,24:52:7,3MS,3MS,0,qac_v0.4_aligned,numbered_aligned
24:53,24:53:1:2,24:53:6:1,24:53:1,24:53:6,3MP,2MS,1,qac_v0.4_aligned,numbered_aligned
24:53,24:53:6:1,24:53:7:2,24:53:6,24:53:7,2MS,3MP,1,qac_v0.4_aligned,numbered_aligned
24:53,24:53:7:2,24:53:8:1,24:53:7,24:53:8,3MP,2MS,1,qac_v0.4_aligned,numbered_aligned
24:53,24:53:8:1,24:53:10:1,24:53:8,24:53:10,2MS,2MP,0,qac_v0.4_aligned,numbered_aligned
24:53,24:53:10:1,24:53:17:1,24:53:10,24:53:17,2MP,2MP,0,qac_v0.4_aligned,numbered_aligned
24:54,24:54:1:1,24:54:2:1,24:54:1,24:54:2,2MS,2MP,0,qac_v0.4_aligned,numbered_aligned
24:54,24:54:2:1,24:54:4:2,24:54:2,24:54:4,2MP,2MP,0,qac_v0.4_aligned,numbered_aligned
24:54,24:54:4:2,24:54:7:1,24:54:4,24:54:7,2MP,2MP,0,qac_v0.4_aligned,numbered_aligned
24:54,24:54:7:1,24:54:11:1,24:54:7,24:54:11,2MP,3MS,1,qac_v0.4_aligned,numbered_aligned
24:54,24:54:11:1,24:54:14:1,24:54:11,24:54:14,3MS,2MP,1,qac_v0.4_aligned,numbered_aligned
24:54,24:54:14:1,24:54:16:1,24:54:14,24:54:16,2MP,2MP,0,qac_v0.4_aligned,numbered_aligned
24:54,24:54:16:1,24:54:17:1,24:54:16,24:54:17,2MP,2MP,0,qac_v0.4_aligned,numbered_aligned
24:55,24:55:6:2,24:55:8:2,24:55:6,24:55:8,3MP,3MS,0,qac_v0.4_aligned,numbered_aligned
24:55,24:55:8:2,24:55:12:1,24:55:8,24:55:12,3MS,3MS,0,qac_v0.4_aligned,numbered_aligned
24:55,24:55:12:1,24:55:16:3,24:55:12,24:55:16,3MS,3MS,0,qac_v0.4_aligned,numbered_aligned
24:55,24:55:16:3,24:55:20:1,24:55:16,24:55:20,3MS,3MS,0,qac_v0.4_aligned,numbered_aligned
24:55,24:55:20:1,24:55:22:3,24:55:20,24:55:22,3MS,3MS,0,qac_v0.4_aligned,numbered_aligned
24:55,24:55:29:1,24:55:33:1,24:55:29,24:55:33,3MP,3MS,0,qac_v0.4_aligned,numbered_aligned
24:56,24:56:5:2,24:56:8:1,24:56:5,24:56:8,2MP,2MP,0,qac_v0.4_aligned,numbered_aligned
24:57,24:57:2:1,24:57:4:1,24:57:2,24:57:4,2MS,3MP,1,qac_v0.4_aligned,numbered_aligned
24:57,24:57:4:1,24:57:10:3,24:57:4,24:57:10,3MP,3MS,0,qac_v0.4_aligned,numbered_aligned
24:58,24:58:6:1,24:58:10:1,24:58:7,24:58:11,3FS,3MP,0,qac_v0.4_aligned,numbered_aligned
24:58,24:58:10:1,24:58:20:1,24:58:11,24:58:21,3MP,2MP,1,qac_v0.4_aligned,numbered_aligned
24:58,24:58:20:1,24:58:31:1,24:58:21,24:58:32,2MP,3MS,1,qac_v0.4_aligned,numbered_aligned
24:58,24:58:31:1,24:58:43:1,24:58:32,24:58:44,3MS,3MS,0,qac_v0.4_aligned,numbered_aligned
24:60,24:60:6:1,24:60:8:2,24:60:6,24:60:8,3MP,3MS,0,qac_v0.4_aligned,numbered_aligned
24:60,24:60:8:2,24:60:12:1,24:60:8,24:60:12,3MS,3FP,0,qac_v0.4_aligned,numbered_aligned
24:60,24:60:12:1,24:60:18:1,24:60:12,24:60:18,3FP,3FP,0,qac_v0.4_aligned,numbered_aligned
24:61,24:61:1:1,24:61:17:1,24:61:1,24:61:17,3MS,2MP,1,qac_v0.4_aligned,numbered_aligned
24:61,24:61:17:1,24:61:46:1,24:61:17,24:61:46,2MP,2MP,0,qac_v0.4_aligned,numbered_aligned
24:61,24:61:46:1,24:61:50:1,24:61:46,24:61:50,2MP,3MS,1,qac_v0.4_aligned,numbered_aligned
24:61,24:61:50:1,24:61:54:1,24:61:50,24:61:54,3MS,2MP,1,qac_v0.4_aligned,numbered_aligned
24:61,24:61:54:1,24:61:59:1,24:61:54,24:61:59,2MP,2MP,0,qac_v0.4_aligned,numbered_aligned
24:61,24:61:59:1,24:61:61:2,24:61:59,24:61:61,2MP,2MP,0,qac_v0.4_aligned,numbered_aligned
24:61,24:61:61:2,24:61:71:1,24:61:61,24:61:71,2MP,3MS,1,qac_v0.4_aligned,numbered_aligned
24:61,24:61:71:1,24:61:76:1,24:61:71,24:61:76,3MS,2MP,1,qac_v0.4_aligned,numbered_aligned
24:62,24:62:8:1,24:62:14:1,24:62:8,24:62:14,3MP,3MP,0,qac_v0.4_aligned,numbered_aligned
24:62,24:62:29:2,24:62:31:1,24:62:29,24:62:31,2MS,2MS,0,qac_v0.4_aligned,numbered_aligned
24:62,24:62:31:1,24:62:33:2,24:62:31,24:62:33,2MS,2MS,0,qac_v0.4_aligned,numbered_aligned
24:63,24:63:2:1,24:63:10:1,24:63:2,24:63:10,2MP,3MS,1,qac_v0.4_aligned,numbered_aligned
24:63,24:63:10:1,24:63:13:1,24:63:10,24:63:13,3MS,3MP,0,qac_v0.4_aligned,numbered_aligned
24:63,24:63:13:1,24:63:16:3,24:63:13,24:63:16,3MP,3MS,0,qac_v0.4_aligned,numbered_aligned
24:63,24:63:16:3,24:63:18:1,24:63:16,24:63:18,3MS,3MP,0,qac_v0.4_aligned,numbered_aligned
24:63,24:63:18:1,24:63:22:1,24:63:18,24:63:22,3MP,3FS,0,qac_v0.4_aligned,numbered_aligned
24:63,24:63:22:1,24:63:25:1,24:63:22,24:63:25,3FS,3MS,0,qac_v0.4_aligned,numbered_aligned
24:64,24:64:9:1,24:64:14:1,24:64:9,24:64:14,3MS,3MP,0,qac_v0.4_aligned,numbered_aligned
24:64,24:64:14:1,24:64:16:2,24:64:14,24:64:16,3MP,3MS,0,qac_v0.4_aligned,numbered_aligned
24:64,24:64:16:2,24:64:18:1,24:64:16,24:64:18,3MS,3MP,0,qac_v0.4_aligned,numbered_aligned
25:1,25:1:1:1,25:1:3:1,25:1:5,25:1:7,3MS,3MS,0,qac_v0.4_aligned,numbered_aligned
25:1,25:1:3:1,25:1:7:2,25:1:7,25:1:11,3MS,3MS,0,qac_v0.4_aligned,numbered_aligned
25:2,25:2:7:1,25:2:10:1,25:2:7,25:2:10,3MS,3MS,0,qac_v0.4_aligned,numbered_aligned
25:2,25:2:10:1,25:2:15:2,25:2:10,25:2:15,3MS,3MS,0,qac_v0.4_aligned,numbered_aligned
25:2,25:2:15:2,25:2:18:2,25:2:15,25:2:18,3MS,3MS,0,qac_v0.4_aligned,numbered_aligned
25:3,25:3:1:2,25:3:6:1,25:3:1,25:3:6,3MP,3MP,0,qac_v0.4_aligned,numbered_aligned
25:3,25:3:6:1,25:3:9:1,25:3:6,25:3:9,3MP,3MP,0,qac_v0.4_aligned,numbered_aligned
25:3,25:3:9:1,25:3:11:1,25:3:9,25:3:11,3MP,3MP,0,qac_v0.4_aligned,numbered_aligned
25:3,25:3:11:1,25:3:17:1,25:3:11,25:3:17,3MP,3MP,0,qac_v0.4_aligned,numbered_aligned
25:4,25:4:1:2,25:4:3:1,25:4:1,25:4:3,3MS,3MP,0,qac_v0.4_aligned,numbered_aligned
25:5,25:5:1:2,25:5:4:1,25:5:1,25:5:4,3MP,3MS,0,qac_v0.4_aligned,numbered_aligned
25:5,25:5:4:1,25:5:6:1,25:5:4,25:5:6,3MS,3FS,0,qac_v0.4_aligned,numbered_aligned
25:6,25:6:1:1,25:6:2:1,25:6:1,25:6:2,2MS,3MS,1,qac_v0.4_aligned,numbered_aligned
25:6,25:6:2:1,25:6:4:1,25:6:2,25:6:4,3MS,3MS,0,qac_v0.4_aligned,numbered_aligned
25:6,25:6:4:1,25:6:10:1,25:6:4,25:6:10,3MS,3MS,0,qac_v0.4_aligned,numbered_aligned
25:7,25:7:1:2,25:7:5:1,25:7:1,25:7:5,3MP,3MS,0,qac_v0.4_aligned,numbered_aligned
25:7,25:7:11:1,25:7:14:2,25:7:11,25:7:14,3MS,3MS,0,qac_v0.4_aligned,numbered_aligned
25:8,25:8:2:1,25:8:6:1,25:8:2,25:8:6,3MS,3FS,0,qac_v0.4_aligned,numbered_aligned
25:8,25:8:6:1,25:8:9:1,25:8:6,25:8:9,3FS,3MS,0,qac_v0.4_aligned,numbered_aligned
25:8,25:8:9:1,25:8:11:2,25:8:9,25:8:11,3MS,3MS,0,qac_v0.4_aligned,numbered_aligned
25:8,25:8:11:2,25:8:14:1,25:8:11,25:8:14,3MS,2MP,1,qac_v0.4_aligned,numbered_aligned
25:9,25:9:1:1,25:9:3:1,25:9:1,25:9:3,2MS,3MP,1,qac_v0.4_aligned,numbered_aligned
25:9,25:9:3:1,25:9:6:2,25:9:3,25:9:6,3MP,3MP,0,qac_v0.4_aligned,numbered_aligned
25:9,25:9:6:2,25:9:8:1,25:9:6,25:9:8,3MP,3MP,0,qac_v0.4_aligned,numbered_aligned
25:10,25:10:1:1,25:10:4:1,25:10:1,25:10:4,3MS,3MS,0,qac_v0.4_aligned,numbered_aligned
25:10,25:10:4:1,25:10:5:1,25:10:4,25:10:5,3MS,3MS,0,qac_v0.4_aligned,numbered_aligned
25:11,25:11:2:1,25:11:4:2,25:11:2,25:11:4,3MP,1P,1,qac_v0.4_aligned,numbered_aligned
25:11,25:11:4:2,25:11:6:1,25:11:4,25:11:6,1P,3MS,1,qac_v0.4_aligned,numbered_aligned
25:12,25:12:2:1,25:12:6:1,25:12:2,25:12:6,3FS,3MP,0,qac_v0.4_aligned,numbered_aligned
25:13,25:13:2:1,25:13:7:1,25:13:2,25:13:7,3MP,3MP,0,qac_v0.4_aligned,numbered_aligned
25:14,25:14:2:1,25:14:6:2,25:14:2,25:14:6,2MP,2MP,0,qac_v0.4_aligned,numbered_aligned
25:15,25:15:1:1,25:15:8:1,25:15:1,25:15:8,2MS,3MS,1,qac_v0.4_aligned,numbered_aligned
25:15,25:15:8:1,25:15:10:1,25:15:8,25:15:10,3MS,3FS,0,qac_v0.4_aligned,numbered_aligned
25:16,25:16:4:1,25:16:6:1,25:16:4,25:16:6,3MP,3MS,0,qac_v0.4_aligned,numbered_aligned
25:17,25:17:2:1,25:17:4:1,25:17:2,25:17:4,3MS,3MP,0,qac_v0.4_aligned,numbered_aligned
25:17,25:17:4:1,25:17:8:2,25:17:4,25:17:8,3MP,3MS,0,qac_v0.4_aligned,numbered_aligned
25:17,25:17:8:2,25:17:10:1,25:17:8,25:17:10,3MS,2MP,1,qac_v0.4_aligned,numbered_aligned
25:17,25:17:10:1,25:17:15:1,25:17:10,25:17:15,2MP,3MP,1,qac_v0.4_aligned,numbered_aligned
25:18,25:18:1:1,25:18:4:1,25:18:1,25:18:4,3MP,3MS,0,qac_v0.4_aligned,numbered_aligned
25:18,25:18:8:1,25:18:14:1,25:18:8,25:18:14,1P,2MS,1,qac_v0.4_aligned,numbered_aligned
25:18,25:18:14:1,25:18:17:1,25:18:14,25:18:17,2MS,3MP,1,qac_v0.4_aligned,numbered_aligned
25:18,25:18:17:1,25:18:19:2,25:18:17,25:18:19,3MP,3MP,0,qac_v0.4_aligned,numbered_aligned
25:19,25:19:2:1,25:19:4:1,25:19:2,25:19:4,3MP,2MP,1,qac_v0.4_aligned,numbered_aligned
25:19,25:19:4:1,25:19:6:1,25:19:4,25:19:6,2MP,2MP,0,qac_v0.4_aligned,numbered_aligned
25:19,25:19:6:1,25:19:11:1,25:19:6,25:19:11,2MP,3MS,1,qac_v0.4_aligned,numbered_aligned
25:19,25:19:11:1,25:19:13:1,25:19:11,25:19:13,3MS,1P,1,qac_v0.4_aligned,numbered_aligned
25:20,25:20:2:1,25:20:8:2,25:20:2,25:20:8,1P,3MP,1,qac_v0.4_aligned,numbered_aligned
25:20,25:20:8:2,25:20:10:2,25:20:8,25:20:10,3MP,3MP,0,qac_v0.4_aligned,numbered_aligned
25:20,25:20:10:2,25:20:13:2,25:20:10,25:20:13,3MP,1P,1,qac_v0.4_aligned,numbered_aligned
25:20,25:20:13:2,25:20:17:2,25:20:13,25:20:17,1P,2MP,1,qac_v0.4_aligned,numbered_aligned
25:20,25:20:17:2,25:20:18:2,25:20:17,25:20:18,2MP,3MS,1,qac_v0.4_aligned,numbered_aligned
25:21,25:21:1:2,25:21:4:1,25:21:1,25:21:4,3MS,3MP,0,qac_v0.4_aligned,numbered_aligned
25:21,25:21:4:1,25:21:7:1,25:21:4,25:21:7,3MP,3MS,0,qac_v0.4_aligned,numbered_aligned
25:21,25:21:7:1,25:21:11:1,25:21:7,25:21:11,3MS,1P,1,qac_v0.4_aligned,numbered_aligned
25:21,25:21:11:1,25:21:14:1,25:21:11,25:21:14,1P,3MP,1,qac_v0.4_aligned,numbered_aligned
25:22,25:22:2:1,25:22:8:2,25:22:2,25:22:8,3MP,3MP,0,qac_v0.4_aligned,numbered_aligned
25:23,25:23:1:2,25:23:4:1,25:23:1,25:23:4,1P,3MP,1,qac_v0.4_aligned,numbered_aligned
25:23,25:23:4:1,25:23:7:2,25:23:4,25:23:7,3MP,1P,1,qac_v0.4_aligned,numbered_aligned
25:25,25:25:2:1,25:25:5:2,25:25:2,25:25:5,3FS,3MS,0,qac_v0.4_aligned,numbered_aligned
25:30,25:30:1:2,25:30:6:1,25:30:1,25:30:7,3MS,3MP,0,qac_v0.4_aligned,numbered_aligned
25:31,25:31:2:1,25:31:8:2,25:31:2,25:31:8,1P,3MS,1,qac_v0.4_aligned,numbered_aligned
25:32,25:32:1:2,25:32:3:1,25:32:1,25:32:3,3MS,3MP,0,qac_v0.4_aligned,numbered_aligned
25:32,25:32:3:1,25:32:5:1,25:32:3,25:32:5,3MP,3MS,0,qac_v0.4_aligned,numbered_aligned
25:32,25:32:5:1,25:32:11:2,25:32:5,25:32:11,3MS,1P,1,qac_v0.4_aligned,numbered_aligned
25:32,25:32:11:2,25:32:14:2,25:32:11,25:32:14,1P,1P,0,qac_v0.4_aligned,numbered_aligned
25:33,25:33:2:1,25:33:5:1,25:33:2,25:33:5,3MP,1P,1,qac_v0.4_aligned,numbered_aligned
25:36,25:36:1:2,25:36:2:1,25:36:1,25:36:2,1P,2MD,1,qac_v0.4_aligned,numbered_aligned
25:36,25:36:2:1,25:36:6:1,25:36:2,25:36:6,2MD,3MP,1,qac_v0.4_aligned,numbered_aligned
25:36,25:36:6:1,25:36:8:2,25:36:6,25:36:8,3MP,1P,1,qac_v0.4_aligned,numbered_aligned
25:37,25:37:4:1,25:37:6:1,25:37:4,25:37:6,3MP,1P,1,qac_v0.4_aligned,numbered_aligned
25:37,25:37:6:1,25:37:7:2,25:37:6,25:37:7,1P,1P,0,qac_v0.4_aligned,numbered_aligned
25:37,25:37:7:2,25:37:10:2,25:37:7,25:37:10,1P,1P,0,qac_v0.4_aligned,numbered_aligned
25:39,25:39:2:1,25:39:6:1,25:39:2,25:39:6,1P,1P,0,qac_v0.4_aligned,numbered_aligned
25:40,25:40:2:1,25:40:6:1,25:40:2,25:40:6,3MP,3FS,0,qac_v0.4_aligned,numbered_aligned
25:40,25:40:6:1,25:40:10:1,25:40:6,25:40:10,3FS,3MP,0,qac_v0.4_aligned,numbered_aligned
25:40,25:40:10:1,25:40:11:1,25:40:10,25:40:11,3MP,3MP,0,qac_v0.4_aligned,numbered_aligned
25:40,25:40:11:1,25:40:13:1,25:40:11,25:40:13,3MP,3MP,0,qac_v0.4_aligned,numbered_aligned
25:40,25:40:13:1,25:40:15:1,25:40:13,25:40:15,3MP,3MP,0,qac_v0.4_aligned,numbered_aligned
25:41,25:41:2:1,25:41:4:1,25:41:2,25:41:4,3MP,3MP,0,qac_v0.4_aligned,numbered_aligned
25:41,25:41:4:1,25:41:9:1,25:41:4,25:41:9,3MP,3MS,0,qac_v0.4_aligned,numbered_aligned
25:42,25:42:2:1,25:42:3:2,25:42:2,25:42:3,3MS,3MS,0,qac_v0.4_aligned,numbered_aligned
25:42,25:42:3:2,25:42:8:1,25:42:3,25:42:8,3MS,1P,1,qac_v0.4_aligned,numbered_aligned
25:42,25:42:8:1,25:42:11:1,25:42:8,25:42:11,1P,3MP,1,qac_v0.4_aligned,numbered_aligned
25:42,25:42:11:1,25:42:13:1,25:42:11,25:42:13,3MP,3MP,0,qac_v0.4_aligned,numbered_aligned
25:43,25:43:3:1,25:43:7:1,25:43:3,25:43:7,3MS,2MS,1,qac_v0.4_aligned,numbered_aligned
25:44,25:44:2:1,25:44:5:1,25:44:2,25:44:5,2MS,3MP,1,qac_v0.4_aligned,numbered_aligned
25:44,25:44:5:1,25:44:7:1,25:44:5,25:44:7,3MP,3MP,0,qac_v0.4_aligned,numbered_aligned
25:45,25:45:2:1,25:45:6:1,25:45:2,25:45:6,3FS,3MS,0,qac_v0.4_aligned,numbered_aligned
25:45,25:45:6:1,25:45:9:1,25:45:6,25:45:9,3MS,3MS,0,qac_v0.4_aligned,numbered_aligned
25:45,25:45:9:1,25:45:10:2,25:45:9,25:45:10,3MS,3MS,0,qac_v0.4_aligned,numbered_aligned
25:45,25:45:10:2,25:45:13:1,25:45:10,25:45:13,3MS,1P,1,qac_v0.4_aligned,numbered_aligned
25:47,25:47:3:1,25:47:9:2,25:47:3,25:47:9,3MS,3MS,0,qac_v0.4_aligned,numbered_aligned
25:48,25:48:3:1,25:48:9:2,25:48:3,25:48:9,3MS,1P,1,qac_v0.4_aligned,numbered_aligned
25:49,25:49:5:2,25:49:7:1,25:49:5,25:49:7,1P,1P,0,qac_v0.4_aligned,numbered_aligned
25:50,25:50:2:1,25:50:4:2,25:50:2,25:50:4,1P,3MP,1,qac_v0.4_aligned,numbered_aligned
25:50,25:50:4:2,25:50:5:2,25:50:4,25:50:5,3MP,3MS,0,qac_v0.4_aligned,numbered_aligned
25:51,25:51:2:1,25:51:3:2,25:51:2,25:51:3,1P,1P,0,qac_v0.4_aligned,numbered_aligned
25:52,25:52:2:1,25:52:4:2,25:52:2,25:52:4,3FS,2MS,1,qac_v0.4_aligned,numbered_aligned
25:53,25:53:3:1,25:53:11:2,25:53:3,25:53:11,3MS,3MS,0,qac_v0.4_aligned,numbered_aligned
25:54,25:54:3:1,25:54:7:2,25:54:3,25:54:7,3MS,3MS,0,qac_v0.4_aligned,numbered_aligned
25:54,25:54:7:2,25:54:10:2,25:54:7,25:54:10,3MS,3MS,0,qac_v0.4_aligned,numbered_aligned
25:55,25:55:1:2,25:55:7:1,25:55:1,25:55:7,3MP,3MS,0,qac_v0.4_aligned,numbered_aligned
25:55,25:55:7:1,25:55:9:1,25:55:7,25:55:9,3MS,3MS,0,qac_v0.4_aligned,numbered_aligned
25:55,25:55:9:1,25:55:10:2,25:55:9,25:55:10,3MS,3MS,0,qac_v0.4_aligned,numbered_aligned
25:57,25:57:9:1,25:57:11:1,25:57:9,25:57:11,3MS,3MS,0,qac_v0.4_aligned,numbered_aligned
25:58,25:58:1:2,25:58:6:1,25:58:1,25:58:6,2MS,3MS,1,qac_v0.4_aligned,numbered_aligned
25:58,25:58:6:1,25:58:7:2,25:58:6,25:58:7,3MS,2MS,1,qac_v0.4_aligned,numbered_aligned
25:58,25:58:7:2,25:58:9:2,25:58:7,25:58:9,2MS,3MS,1,qac_v0.4_aligned,numbered_aligned
25:59,25:59:2:1,25:59:11:1,25:59:2,25:59:11,3MS,3MS,0,qac_v0.4_aligned,numbered_aligned
25:60,25:60:2:1,25:60:4:1,25:60:2,25:60:4,3MS,2MP,1,qac_v0.4_aligned,numbered_aligned
25:60,25:60:4:1,25:60:6:1,25:60:4,25:60:6,2MP,3MP,1,qac_v0.4_aligned,numbered_aligned
25:60,25:60:6:1,25:60:9:2,25:60:6,25:60:9,3MP,1P,1,qac_v0.4_aligned,numbered_aligned
25:60,25:60:9:2,25:60:11:1,25:60:9,25:60:11,1P,2MS,1,qac_v0.4_aligned,numbered_aligned
25:60,25:60:11:1,25:60:12:2,25:60:11,25:60:12,2MS,3MS,1,qac_v0.4_aligned,numbered_aligned
25:61,25:61:1:1,25:61:3:1,25:61:1,25:61:3,3MS,3MS,0,qac_v0.4_aligned,numbered_aligned
25:61,25:61:3:1,25:61:7:2,25:61:3,25:61:7,3MS,3MS,0,qac_v0.4_aligned,numbered_aligned
25:62,25:62:3:1,25:62:8:1,25:62:3,25:62:8,3MS,3MS,0,qac_v0.4_aligned,numbered_aligned
25:62,25:62:8:1,25:62:10:1,25:62:8,25:62:10,3MS,3MS,0,qac_v0.4_aligned,numbered_aligned
25:62,25:62:10:1,25:62:12:1,25:62:10,25:62:12,3MS,3MS,0,qac_v0.4_aligned,numbered_aligned
25:63,25:63:4:1,25:63:9:1,25:63:4,25:63:9,3MP,3MS,0,qac_v0.4_aligned,numbered_aligned
25:63,25:63:9:1,25:63:11:1,25:63:9,25:63:11,3MS,3MP,0,qac_v0.4_aligned,numbered_aligned
25:65,25:65:2:1,25:65:4:1,25:65:2,25:65:4,3MP,2MS,1,qac_v0.4_aligned,numbered_aligned
25:65,25:65:4:1,25:65:10:1,25:65:4,25:65:10,2MS,3MS,1,qac_v0.4_aligned,numbered_aligned
25:67,25:67:3:1,25:67:5:1,25:67:3,25:67:5,3MP,3MP,0,qac_v0.4_aligned,numbered_aligned
25:67,25:67:5:1,25:67:7:1,25:67:5,25:67:7,3MP,3MP,0,qac_v0.4_aligned,numbered_aligned
25:67,25:67:7:1,25:67:8:2,25:67:7,25:67:8,3MP,3MS,0,qac_v0.4_aligned,numbered_aligned
25:68,25:68:3:1,25:68:9:1,25:68:3,25:68:9,3MP,3MP,0,qac_v0.4_aligned,numbered_aligned
25:68,25:68:9:1,25:68:12:1,25:68:9,25:68:12,3MP,3MS,0,qac_v0.4_aligned,numbered_aligned
25:68,25:68:12:1,25:68:17:1,25:68:12,25:68:17,3MS,3MP,0,qac_v0.4_aligned,numbered_aligned
25:68,25:68:17:1,25:68:19:1,25:68:17,25:68:19,3MP,3MS,0,qac_v0.4_aligned,numbered_aligned
25:68,25:68:19:1,25:68:21:1,25:68:19,25:68:21,3MS,3MS,0,qac_v0.4_aligned,numbered_aligned
25:69,25:69:1:1,25:69:6:2,25:69:1,25:69:6,3MS,3MS,0,qac_v0.4_aligned,numbered_aligned
25:70,25:70:5:2,25:70:9:1,25:70:5,25:70:9,3MS,3MS,0,qac_v0.4_aligned,numbered_aligned
25:70,25:70:9:1,25:70:13:2,25:70:9,25:70:13,3MS,3MS,0,qac_v0.4_aligned,numbered_aligned
25:71,25:71:2:1,25:71:3:2,25:71:2,25:71:3,3MS,3MS,0,qac_v0.4_aligned,numbered_aligned
25:71,25:71:3:2,25:71:6:1,25:71:3,25:71:6,3MS,3MS,0,qac_v0.4_aligned,numbered_aligned
25:72,25:72:3:1,25:72:6:1,25:72:3,25:72:6,3MP,3MP,0,qac_v0.4_aligned,numbered_aligned
25:72,25:72:6:1,25:72:8:1,25:72:6,25:72:8,3MP,3MP,0,qac_v0.4_aligned,numbered_aligned
25:73,25:73:3:1,25:73:7:1,25:73:3,25:73:7,3MP,3MP,0,qac_v0.4_aligned,numbered_aligned
25:74,25:74:2:1,25:74:4:1,25:74:2,25:74:4,3MP,2MS,1,qac_v0.4_aligned,numbered_aligned
25:74,25:74:4:1,25:74:11:2,25:74:4,25:74:11,2MS,2MS,0,qac_v0.4_aligned,numbered_aligned
25:75,25:75:2:1,25:75:5:1,25:75:2,25:75:5,3MP,3MP,0,qac_v0.4_aligned,numbered_aligned
25:75,25:75:5:1,25:75:6:2,25:75:5,25:75:6,3MP,3MP,0,qac_v0.4_aligned,numbered_aligned
25:77,25:77:9:1,25:77:11:1,25:77:9,25:77:11,2MP,3MS,1,qac_v0.4_aligned,numbered_aligned
26:4,26:4:2:1,26:4:3:1,26:4:2,26:4:3,1P,1P,0,qac_v0.4_aligned,numbered_aligned
26:4,26:4:3:1,26:4:8:2,26:4:3,26:4:8,1P,3FS,1,qac_v0.4_aligned,numbered_aligned
26:5,26:5:2:1,26:5:9:1,26:5:2,26:5:9,3MS,3MP,0,qac_v0.4_aligned,numbered_aligned
26:6,26:6:2:1,26:6:3:3,26:6:2,26:6:3,3MP,3MS,0,qac_v0.4_aligned,numbered_aligned
26:6,26:6:3:3,26:6:6:1,26:6:3,26:6:6,3MS,3MP,0,qac_v0.4_aligned,numbered_aligned
26:7,26:7:2:1,26:7:6:1,26:7:2,26:7:6,3MP,1P,1,qac_v0.4_aligned,numbered_aligned
26:10,26:10:2:1,26:10:6:1,26:10:2,26:10:6,3MS,2MS,1,qac_v0.4_aligned,numbered_aligned
26:12,26:12:1:1,26:12:4:1,26:12:1,26:12:4,3MS,1S,1,qac_v0.4_aligned,numbered_aligned
26:12,26:12:4:1,26:12:6:1,26:12:4,26:12:6,1S,3MP,1,qac_v0.4_aligned,numbered_aligned
26:13,26:13:1:2,26:13:4:1,26:13:1,26:13:4,3MS,3MS,0,qac_v0.4_aligned,numbered_aligned
26:13,26:13:4:1,26:13:6:2,26:13:4,26:13:6,3MS,2MS,1,qac_v0.4_aligned,numbered_aligned
26:14,26:14:4:2,26:14:6:1,26:14:4,26:14:6,1S,3MP,1,qac_v0.4_aligned,numbered_aligned
26:15,26:15:1:1,26:15:3:2,26:15:1,26:15:3,3MS,2MD,1,qac_v0.4_aligned,numbered_aligned
26:16,26:16:1:2,26:16:3:2,26:16:1,26:16:3,2MD,2D,0,qac_v0.4_aligned,numbered_aligned
26:18,26:18:1:1,26:18:3:1,26:18:1,26:18:3,3MS,1P,1,qac_v0.4_aligned,numbered_aligned
26:18,26:18:3:1,26:18:6:2,26:18:3,26:18:6,1P,2MS,1,qac_v0.4_aligned,numbered_aligned
26:19,26:19:1:2,26:19:4:1,26:19:1,26:19:4,2MS,2MS,0,qac_v0.4_aligned,numbered_aligned
26:20,26:20:1:1,26:20:2:1,26:20:1,26:20:2,3MS,1S,1,qac_v0.4_aligned,numbered_aligned
26:21,26:21:1:2,26:21:4:1,26:21:1,26:21:4,1S,1S,0,qac_v0.4_aligned,numbered_aligned
26:21,26:21:4:1,26:21:5:2,26:21:4,26:21:5,1S,3MS,1,qac_v0.4_aligned,numbered_aligned
26:22,26:22:3:1,26:22:6:1,26:22:3,26:22:6,2MS,2MS,0,qac_v0.4_aligned,numbered_aligned
26:24,26:24:1:1,26:24:8:1,26:24:1,26:24:8,3MS,2MP,1,qac_v0.4_aligned,numbered_aligned
26:25,26:25:1:1,26:25:5:1,26:25:1,26:25:5,3MS,2MP,1,qac_v0.4_aligned,numbered_aligned
26:27,26:27:1:1,26:27:5:1,26:27:1,26:27:5,3MS,3MS,0,qac_v0.4_aligned,numbered_aligned
26:28,26:28:1:1,26:28:8:1,26:28:1,26:28:8,3MS,2MP,1,qac_v0.4_aligned,numbered_aligned
26:28,26:28:8:1,26:28:9:1,26:28:8,26:28:9,2MP,2MP,0,qac_v0.4_aligned,numbered_aligned
26:29,26:29:1:1,26:29:3:1,26:29:1,26:29:3,3MS,2MS,1,qac_v0.4_aligned,numbered_aligned
26:29,26:29:3:1,26:29:6:2,26:29:3,26:29:6,2MS,1S,1,qac_v0.4_aligned,numbered_aligned
26:30,26:30:1:1,26:30:3:1,26:30:1,26:30:3,3MS,1S,1,qac_v0.4_aligned,numbered_aligned
26:31,26:31:1:1,26:31:2:2,26:31:1,26:31:2,3MS,2MS,1,qac_v0.4_aligned,numbered_aligned
26:31,26:31:2:2,26:31:5:1,26:31:2,26:31:5,2MS,2MS,0,qac_v0.4_aligned,numbered_aligned
26:35,26:35:1:1,26:35:3:1,26:35:1,26:35:3,3MS,3MS,0,qac_v0.4_aligned,numbered_aligned
26:35,26:35:3:1,26:35:8:1,26:35:3,26:35:8,3MS,2MP,1,qac_v0.4_aligned,numbered_aligned
26:36,26:36:1:1,26:36:2:1,26:36:1,26:36:2,3MP,2MS,1,qac_v0.4_aligned,numbered_aligned
26:36,26:36:2:1,26:36:4:2,26:36:2,26:36:4,2MS,2MS,0,qac_v0.4_aligned,numbered_aligned
26:40,26:40:2:1,26:40:5:1,26:40:2,26:40:5,1P,3MP,1,qac_v0.4_aligned,numbered_aligned
26:41,26:41:2:1,26:41:4:1,26:41:2,26:41:4,3MS,3MP,0,qac_v0.4_aligned,numbered_aligned
26:41,26:41:4:1,26:41:10:1,26:41:4,26:41:10,3MP,1P,1,qac_v0.4_aligned,numbered_aligned
26:43,26:43:1:1,26:43:4:1,26:43:1,26:43:4,3MS,2MP,1,qac_v0.4_aligned,numbered_aligned
26:44,26:44:1:2,26:44:4:2,26:44:1,26:44:4,3MP,3MP,0,qac_v0.4_aligned,numbered_aligned
26:45,26:45:1:2,26:45:6:1,26:45:1,26:45:6,3MS,3FS,0,qac_v0.4_aligned,numbered_aligned
26:45,26:45:6:1,26:45:8:1,26:45:6,26:45:8,3FS,3MP,0,qac_v0.4_aligned,numbered_aligned
26:49,26:49:11:1,26:49:14:1,26:49:11,26:49:14,3MS,2MP,1,qac_v0.4_aligned,numbered_aligned
26:49,26:49:14:1,26:49:15:2,26:49:14,26:49:15,2MP,1S,1,qac_v0.4_aligned,numbered_aligned
26:49,26:49:15:2,26:49:20:3,26:49:15,26:49:20,1S,1S,0,qac_v0.4_aligned,numbered_aligned
26:51,26:51:2:1,26:51:4:1,26:51:2,26:51:4,1P,3MS,1,qac_v0.4_aligned,numbered_aligned
26:51,26:51:4:1,26:51:9:1,26:51:4,26:51:9,3MS,1P,1,qac_v0.4_aligned,numbered_aligned
26:52,26:52:1:2,26:52:5:1,26:52:1,26:52:5,1P,2MS,1,qac_v0.4_aligned,numbered_aligned
26:62,26:62:1:1,26:62:6:2,26:62:1,26:62:6,3MS,3MS,0,qac_v0.4_aligned,numbered_aligned
26:63,26:63:1:2,26:63:5:1,26:63:1,26:63:5,1P,2MS,1,qac_v0.4_aligned,numbered_aligned
26:63,26:63:5:1,26:63:8:2,26:63:5,26:63:8,2MS,3MS,1,qac_v0.4_aligned,numbered_aligned
26:63,26:63:8:2,26:63:9:2,26:63:8,26:63:9,3MS,3MS,0,qac_v0.4_aligned,numbered_aligned
26:70,26:70:2:1,26:70:6:1,26:70:2,26:70:6,3MS,2MP,1,qac_v0.4_aligned,numbered_aligned
26:71,26:71:1:1,26:71:2:1,26:71:1,26:71:2,3MP,1P,1,qac_v0.4_aligned,numbered_aligned
26:71,26:71:2:1,26:71:4:2,26:71:2,26:71:4,1P,1P,0,qac_v0.4_aligned,numbered_aligned
26:72,26:72:1:1,26:72:3:1,26:72:1,26:72:3,3MS,3MP,0,qac_v0.4_aligned,numbered_aligned
26:72,26:72:3:1,26:72:5:1,26:72:3,26:72:5,3MP,2MP,1,qac_v0.4_aligned,numbered_aligned
26:73,26:73:2:1,26:73:4:1,26:73:2,26:73:4,3MP,3MP,0,qac_v0.4_aligned,numbered_aligned
26:74,26:74:1:1,26:74:3:1,26:74:1,26:74:3,3MP,1P,1,qac_v0.4_aligned,numbered_aligned
26:74,26:74:3:1,26:74:6:1,26:74:3,26:74:6,1P,3MP,1,qac_v0.4_aligned,numbered_aligned
26:75,26:75:4:1,26:75:5:1,26:75:4,26:75:5,2MP,2MP,0,qac_v0.4_aligned,numbered_aligned
26:80,26:80:2:1,26:80:4:1,26:80:2,26:80:4,1S,3MS,1,qac_v0.4_aligned,numbered_aligned
26:82,26:82:2:1,26:82:4:1,26:82:2,26:82:4,1S,3MS,1,qac_v0.4_aligned,numbered_aligned
26:86,26:86:1:2,26:86:4:1,26:86:1,26:86:4,2MS,3MS,1,qac_v0.4_aligned,numbered_aligned
26:92,26:92:1:2,26:92:5:1,26:92:1,26:92:5,3MS,2MP,1,qac_v0.4_aligned,numbered_aligned
26:92,26:92:5:1,26:92:6:1,26:92:5,26:92:6,2MP,2MP,0,qac_v0.4_aligned,numbered_aligned
26:93,26:93:5:1,26:93:7:1,26:93:5,26:93:7,3MP,3MP,0,qac_v0.4_aligned,numbered_aligned
26:96,26:96:1:1,26:96:4:1,26:96:1,26:96:4,3MP,3MP,0,qac_v0.4_aligned,numbered_aligned
26:106,26:106:2:1,26:106:7:1,26:106:2,26:106:7,3MS,2MP,1,qac_v0.4_aligned,numbered_aligned
26:108,26:108:1:2,26:108:3:2,26:108:1,26:108:3,2MP,2MP,0,qac_v0.4_aligned,numbered_aligned
26:110,26:110:1:2,26:110:3:2,26:110:1,26:110:3,2MP,2MP,0,qac_v0.4_aligned,numbered_aligned
26:111,26:111:1:1,26:111:2:2,26:111:1,26:111:2,3MP,1P,1,qac_v0.4_aligned,numbered_aligned
26:111,26:111:2:2,26:111:4:2,26:111:2,26:111:4,1P,3MS,1,qac_v0.4_aligned,numbered_aligned
26:112,26:112:1:1,26:112:5:1,26:112:1,26:112:5,3MS,3MP,0,qac_v0.4_aligned,numbered_aligned
26:112,26:112:5:1,26:112:6:1,26:112:5,26:112:6,3MP,3MP,0,qac_v0.4_aligned,numbered_aligned
26:116,26:116:1:1,26:116:4:1,26:116:1,26:116:4,3MP,2MS,1,qac_v0.4_aligned,numbered_aligned
26:116,26:116:4:1,26:116:6:2,26:116:4,26:116:7,2MS,2MS,0,qac_v0.4_aligned,numbered_aligned
26:117,26:117:1:1,26:117:5:1,26:117:1,26:117:5,3MS,3MP,0,qac_v0.4_aligned,numbered_aligned
26:124,26:124:2:1,26:124:7:1,26:124:2,26:124:7,3MS,2MP,1,qac_v0.4_aligned,numbered_aligned
26:126,26:126:1:2,26:126:3:2,26:126:1,26:126:3,2MP,2MP,0,qac_v0.4_aligned,numbered_aligned
26:128,26:128:1:2,26:128:5:1,26:128:1,26:128:5,2MP,2MP,0,qac_v0.4_aligned,numbered_aligned
26:129,26:129:1:2,26:129:4:1,26:129:1,26:129:4,2MP,2MP,0,qac_v0.4_aligned,numbered_aligned
26:130,26:130:2:1,26:130:3:1,26:130:2,26:130:3,2MP,2MP,0,qac_v0.4_aligned,numbered_aligned
26:131,26:131:1:2,26:131:3:2,26:131:1,26:131:3,2MP,2MP,0,qac_v0.4_aligned,numbered_aligned
26:132,26:132:1:2,26:132:3:1,26:132:1,26:132:3,2MP,3MS,1,qac_v0.4_aligned,numbered_aligned
26:132,26:132:3:1,26:132:5:1,26:132:3,26:132:5,3MS,2MP,1,qac_v0.4_aligned,numbered_aligned
26:136,26:136:1:1,26:136:4:2,26:136:1,26:136:4,3MP,2MS,1,qac_v0.4_aligned,numbered_aligned
26:136,26:136:4:2,26:136:7:1,26:136:4,26:136:7,2MS,2MS,0,qac_v0.4_aligned,numbered_aligned
26:139,26:139:1:2,26:139:2:2,26:139:1,26:139:2,3MP,1P,1,qac_v0.4_aligned,numbered_aligned
26:139,26:139:2:2,26:139:8:1,26:139:2,26:139:8,1P,3MS,1,qac_v0.4_aligned,numbered_aligned
26:142,26:142:2:1,26:142:7:1,26:142:2,26:142:7,3MS,2MP,1,qac_v0.4_aligned,numbered_aligned
26:144,26:144:1:2,26:144:3:2,26:144:1,26:144:3,2MP,2MP,0,qac_v0.4_aligned,numbered_aligned
26:150,26:150:1:2,26:150:3:2,26:150:1,26:150:3,2MP,2MP,0,qac_v0.4_aligned,numbered_aligned
26:152,26:152:2:1,26:152:6:1,26:152:2,26:152:6,3MP,3MP,0,qac_v0.4_aligned,numbered_aligned
26:154,26:154:6:2,26:154:9:1,26:154:6,26:154:9,2MS,2MS,0,qac_v0.4_aligned,numbered_aligned
26:156,26:156:2:1,26:156:4:2,26:156:2,26:156:4,2MP,3MS,1,qac_v0.4_aligned,numbered_aligned
26:157,26:157:1:2,26:157:2:2,26:157:1,26:157:2,3MP,3MP,0,qac_v0.4_aligned,numbered_aligned
26:158,26:158:1:2,26:158:8:1,26:158:1,26:158:8,3MS,3MS,0,qac_v0.4_aligned,numbered_aligned
26:161,26:161:2:1,26:161:7:1,26:161:2,26:161:7,3MS,2MP,1,qac_v0.4_aligned,numbered_aligned
26:163,26:163:1:2,26:163:3:2,26:163:1,26:163:3,2MP,2MP,0,qac_v0.4_aligned,numbered_aligned
26:166,26:166:1:2,26:166:3:1,26:166:1,26:166:3,2MP,3MS,1,qac_v0.4_aligned,numbered_aligned
26:167,26:167:1:1,26:167:4:1,26:167:1,26:167:4,3MP,2MS,1,qac_v0.4_aligned,numbered_aligned
26:167,26:167:4:1,26:167:6:2,26:167:4,26:167:7,2MS,2MS,0,qac_v0.4_aligned,numbered_aligned
26:173,26:173:1:2,26:173:4:2,26:173:1,26:173:4,1P,3MS,1,qac_v0.4_aligned,numbered_aligned
26:177,26:177:2:1,26:177:6:1,26:177:2,26:177:6,3MS,2MP,1,qac_v0.4_aligned,numbered_aligned
26:179,26:179:1:2,26:179:3:2,26:179:1,26:179:3,2MP,2MP,0,qac_v0.4_aligned,numbered_aligned
26:181,26:181:1:1,26:181:4:1,26:181:1,26:181:4,2MP,2MP,0,qac_v0.4_aligned,numbered_aligned
26:183,26:183:2:1,26:183:6:1,26:183:2,26:183:6,2MP,2MP,0,qac_v0.4_aligned,numbered_aligned
26:184,26:184:1:2,26:184:3:1,26:184:1,26:184:3,2MP,3MS,1,qac_v0.4_aligned,numbered_aligned
26:187,26:187:1:2,26:187:7:1,26:187:1,26:187:7,2MS,2MS,0,qac_v0.4_aligned,numbered_aligned
26:188,26:188:1:1,26:188:5:1,26:188:1,26:188:5,3MS,2MP,1,qac_v0.4_aligned,numbered_aligned
26:189,26:189:1:2,26:189:2:2,26:189:1,26:189:2,3MP,3MS,0,qac_v0.4_aligned,numbered_aligned
26:189,26:189:2:2,26:189:7:1,26:189:2,26:189:7,3MS,3MS,0,qac_v0.4_aligned,numbered_aligned
26:197,26:197:2:1,26:197:6:1,26:197:2,26:197:6,3MS,3MS,0,qac_v0.4_aligned,numbered_aligned
26:199,26:199:1:2,26:199:4:1,26:199:1,26:199:4,3MS,3MP,0,qac_v0.4_aligned,numbered_aligned
26:201,26:201:2:1,26:201:5:1,26:201:2,26:201:5,3MP,3MP,0,qac_v0.4_aligned,numbered_aligned
26:202,26:202:1:2,26:202:5:1,26:202:1,26:202:5,3MS,3MP,0,qac_v0.4_aligned,numbered_aligned
26:206,26:206:2:1,26:206:4:1,26:206:2,26:206:4,3MS,3MP,0,qac_v0.4_aligned,numbered_aligned
26:206,26:206:4:1,26:206:5:1,26:206:4,26:206:5,3MP,3MP,0,qac_v0.4_aligned,numbered_aligned
26:207,26:207:2:1,26:207:5:1,26:207:2,26:207:5,3MS,3MP,0,qac_v0.4_aligned,numbered_aligned
26:207,26:207:5:1,26:207:6:1,26:207:5,26:207:6,3MP,3MP,0,qac_v0.4_aligned,numbered_aligned
26:213,26:213:2:1,26:213:7:2,26:213:2,26:213:7,3FS,2MS,1,qac_v0.4_aligned,numbered_aligned
26:215,26:215:1:2,26:215:4:1,26:215:1,26:215:4,2MS,3MS,1,qac_v0.4_aligned,numbered_aligned
26:216,26:216:2:1,26:216:3:2,26:216:2,26:216:3,3MP,2MS,1,qac_v0.4_aligned,numbered_aligned
26:216,26:216:3:2,26:216:7:1,26:216:3,26:216:7,2MS,2MP,0,qac_v0.4_aligned,numbered_aligned
26:221,26:221:2:1,26:221:5:1,26:221:2,26:221:5,1S,3FS,1,qac_v0.4_aligned,numbered_aligned
26:225,26:225:2:1,26:225:7:1,26:225:2,26:225:7,2MS,3MP,1,qac_v0.4_aligned,numbered_aligned
26:226,26:226:2:1,26:226:5:1,26:226:2,26:226:5,3MP,3MP,0,qac_v0.4_aligned,numbered_aligned
26:227,26:227:4:2,26:227:6:2,26:227:4,26:227:6,3MP,3MP,0,qac_v0.4_aligned,numbered_aligned
26:227,26:227:6:2,26:227:9:2,26:227:6,26:227:9,3MP,3MP,0,qac_v0.4_aligned,numbered_aligned
26:227,26:227:9:2,26:227:13:1,26:227:9,26:227:13,3MP,3MP,0,qac_v0.4_aligned,numbered_aligned
26:227,26:227:13:1,26:227:14:3,26:227:13,26:227:14,3MP,3MS,0,qac_v0.4_aligned,numbered_aligned
26:227,26:227:14:3,26:227:16:1,26:227:14,26:227:16,3MS,3MP,0,qac_v0.4_aligned,numbered_aligned
26:227,26:227:16:1,26:227:19:1,26:227:16,26:227:19,3MP,3MP,0,qac_v0.4_aligned,numbered_aligned
27:3,27:3:2:1,27:3:4:2,27:3:2,27:3:4,3MP,3MP,0,qac_v0.4_aligned,numbered_aligned
27:3,27:3:4:2,27:3:9:1,27:3:4,27:3:9,3MP,3MP,0,qac_v0.4_aligned,numbered_aligned
27:4,27:4:4:1,27:4:6:1,27:4:4,27:4:6,3MP,1P,1,qac_v0.4_aligned,numbered_aligned
27:4,27:4:6:1,27:4:10:1,27:4:6,27:4:10,1P,3MP,1,qac_v0.4_aligned,numbered_aligned
27:10,27:10:5:1,27:10:8:1,27:10:5,27:10:8,3FS,3MS,0,qac_v0.4_aligned,numbered_aligned
27:10,27:10:8:1,27:10:11:1,27:10:8,27:10:11,3MS,3MS,0,qac_v0.4_aligned,numbered_aligned
27:10,27:10:11:1,27:10:14:1,27:10:11,27:10:15,3MS,2MS,1,qac_v0.4_aligned,numbered_aligned
27:10,27:10:14:1,27:10:17:1,27:10:15,27:10:18,2MS,3MS,1,qac_v0.4_aligned,numbered_aligned
27:11,27:11:3:1,27:11:5:1,27:11:3,27:11:5,3MS,3MS,0,qac_v0.4_aligned,numbered_aligned
27:12,27:12:1:2,27:12:5:1,27:12:1,27:12:5,2MS,3FS,1,qac_v0.4_aligned,numbered_aligned
27:12,27:12:5:1,27:12:17:1,27:12:5,27:12:17,3FS,3MP,0,qac_v0.4_aligned,numbered_aligned
27:13,27:13:2:1,27:13:5:1,27:13:2,27:13:5,3FS,3MP,0,qac_v0.4_aligned,numbered_aligned
27:14,27:14:1:2,27:14:3:2,27:14:1,27:14:3,3MP,3FS,0,qac_v0.4_aligned,numbered_aligned
27:14,27:14:3:2,27:14:7:2,27:14:3,27:14:7,3FS,2MS,1,qac_v0.4_aligned,numbered_aligned
27:14,27:14:7:2,27:14:9:1,27:14:7,27:14:9,2MS,3MS,1,qac_v0.4_aligned,numbered_aligned
27:15,27:15:6:2,27:15:10:1,27:15:6,27:15:10,3MD,3MS,0,qac_v0.4_aligned,numbered_aligned
27:16,27:16:1:2,27:16:4:2,27:16:1,27:16:4,3MS,3MS,0,qac_v0.4_aligned,numbered_aligned
27:16,27:16:4:2,27:16:7:1,27:16:4,27:16:8,3MS,1P,1,qac_v0.4_aligned,numbered_aligned
27:16,27:16:7:1,27:16:10:2,27:16:8,27:16:11,1P,1P,0,qac_v0.4_aligned,numbered_aligned
27:17,27:17:1:2,27:17:9:1,27:17:1,27:17:9,3MS,3MP,0,qac_v0.4_aligned,numbered_aligned
27:18,27:18:3:1,27:18:7:1,27:18:3,27:18:7,3MP,3FS,0,qac_v0.4_aligned,numbered_aligned
27:18,27:18:7:1,27:18:11:1,27:18:7,27:18:12,3FS,2MP,1,qac_v0.4_aligned,numbered_aligned
27:18,27:18:11:1,27:18:14:1,27:18:12,27:18:15,2MP,3MS,1,qac_v0.4_aligned,numbered_aligned
27:18,27:18:14:1,27:18:19:1,27:18:15,27:18:20,3MS,3MP,0,qac_v0.4_aligned,numbered_aligned
27:19,27:19:1:2,27:19:5:2,27:19:1,27:19:5,3MS,3MS,0,qac_v0.4_aligned,numbered_aligned
27:19,27:19:9:1,27:19:12:1,27:19:9,27:19:12,1S,2MS,1,qac_v0.4_aligned,numbered_aligned
27:19,27:19:12:1,27:19:17:1,27:19:12,27:19:17,2MS,1S,1,qac_v0.4_aligned,numbered_aligned
27:20,27:20:1:2,27:20:3:2,27:20:1,27:20:3,3MS,3MS,0,qac_v0.4_aligned,numbered_aligned
27:20,27:20:3:2,27:20:7:1,27:20:3,27:20:7,3MS,1S,1,qac_v0.4_aligned,numbered_aligned
27:20,27:20:7:1,27:20:10:1,27:20:7,27:20:10,1S,3MS,1,qac_v0.4_aligned,numbered_aligned
27:22,27:22:1:2,27:22:4:2,27:22:1,27:22:4,3MS,3MS,0,qac_v0.4_aligned,numbered_aligned
27:22,27:22:4:2,27:22:5:1,27:22:4,27:22:5,3MS,1S,1,qac_v0.4_aligned,numbered_aligned
27:22,27:22:5:1,27:22:8:1,27:22:5,27:22:8,1S,2MS,1,qac_v0.4_aligned,numbered_aligned
27:22,27:22:8:1,27:22:10:2,27:22:8,27:22:10,2MS,1S,1,qac_v0.4_aligned,numbered_aligned
27:23,27:23:2:1,27:23:4:1,27:23:2,27:23:4,1S,3FS,1,qac_v0.4_aligned,numbered_aligned
27:23,27:23:4:1,27:23:5:2,27:23:4,27:23:5,3FS,3FS,0,qac_v0.4_aligned,numbered_aligned
27:24,27:24:1:1,27:24:3:1,27:24:1,27:24:3,1S,3MP,1,qac_v0.4_aligned,numbered_aligned
27:24,27:24:3:1,27:24:8:2,27:24:3,27:24:8,3MP,3MS,0,qac_v0.4_aligned,numbered_aligned
27:24,27:24:8:2,27:24:12:2,27:24:8,27:24:12,3MS,3MS,0,qac_v0.4_aligned,numbered_aligned
27:24,27:24:12:2,27:24:17:1,27:24:12,27:24:17,3MS,3MP,0,qac_v0.4_aligned,numbered_aligned
27:25,27:25:2:1,27:25:5:1,27:25:2,27:25:5,3MP,3MS,0,qac_v0.4_aligned,numbered_aligned
27:25,27:25:5:1,27:25:10:2,27:25:5,27:25:10,3MS,3MS,0,qac_v0.4_aligned,numbered_aligned
27:25,27:25:10:2,27:25:12:1,27:25:10,27:25:12,3MS,2MP,1,qac_v0.4_aligned,numbered_aligned
27:25,27:25:12:1,27:25:14:1,27:25:12,27:25:14,2MP,2MP,0,qac_v0.4_aligned,numbered_aligned
27:27,27:27:1:1,27:27:2:2,27:27:1,27:27:2,3MS,1P,1,qac_v0.4_aligned,numbered_aligned
27:27,27:27:2:2,27:27:3:2,27:27:2,27:27:3,1P,2MS,1,qac_v0.4_aligned,numbered_aligned
27:27,27:27:3:2,27:27:5:1,27:27:3,27:27:5,2MS,2MS,0,qac_v0.4_aligned,numbered_aligned
27:28,27:28:1:1,27:28:4:2,27:28:1,27:28:4,2MS,2MS,0,qac_v0.4_aligned,numbered_aligned
27:28,27:28:4:2,27:28:7:1,27:28:4,27:28:7,2MS,2MS,0,qac_v0.4_aligned,numbered_aligned
27:28,27:28:7:1,27:28:9:2,27:28:7,27:28:9,2MS,2MS,0,qac_v0.4_aligned,numbered_aligned
27:28,27:28:9:2,27:28:11:1,27:28:9,27:28:11,2MS,3MP,1,qac_v0.4_aligned,numbered_aligned
27:32,27:32:8:1,27:32:12:1,27:32:9,27:32:13,1S,2MP,1,qac_v0.4_aligned,numbered_aligned
27:34,27:34:1:1,27:34:5:1,27:34:1,27:34:5,3FS,3MP,0,qac_v0.4_aligned,numbered_aligned
27:34,27:34:5:1,27:34:7:1,27:34:5,27:34:7,3MP,3MP,0,qac_v0.4_aligned,numbered_aligned
27:34,27:34:7:1,27:34:8:2,27:34:7,27:34:8,3MP,3MP,0,qac_v0.4_aligned,numbered_aligned
27:34,27:34:8:2,27:34:13:1,27:34:8,27:34:13,3MP,3MP,0,qac_v0.4_aligned,numbered_aligned
27:36,27:36:2:1,27:36:4:1,27:36:2,27:36:4,3MS,3MS,0,qac_v0.4_aligned,numbered_aligned
27:36,27:36:4:1,27:36:5:2,27:36:4,27:36:5,3MS,2MP,1,qac_v0.4_aligned,numbered_aligned
27:37,27:37:1:1,27:37:3:3,27:37:1,27:37:3,2MS,1P,1,qac_v0.4_aligned,numbered_aligned
27:37,27:37:3:3,27:37:9:3,27:37:3,27:37:9,1P,1P,0,qac_v0.4_aligned,numbered_aligned
27:40,27:40:27:1,27:40:29:1,27:40:27,27:40:29,1S,3MS,1,qac_v0.4_aligned,numbered_aligned
27:40,27:40:29:1,27:40:31:1,27:40:29,27:40:31,3MS,3MS,0,qac_v0.4_aligned,numbered_aligned
27:40,27:40:31:1,27:40:34:1,27:40:31,27:40:34,3MS,3MS,0,qac_v0.4_aligned,numbered_aligned
27:41,27:41:1:1,27:41:2:1,27:41:1,27:41:2,3MS,2MP,1,qac_v0.4_aligned,numbered_aligned
27:41,27:41:2:1,27:41:5:1,27:41:2,27:41:5,2MP,1P,1,qac_v0.4_aligned,numbered_aligned
27:41,27:41:8:1,27:41:12:1,27:41:8,27:41:12,3FS,3MP,0,qac_v0.4_aligned,numbered_aligned
27:42,27:42:2:1,27:42:3:1,27:42:2,27:42:3,3FS,3MS,0,qac_v0.4_aligned,numbered_aligned
27:42,27:42:3:1,27:42:6:1,27:42:3,27:42:6,3MS,3FS,0,qac_v0.4_aligned,numbered_aligned
27:42,27:42:6:1,27:42:9:2,27:42:6,27:42:9,3FS,1P,1,qac_v0.4_aligned,numbered_aligned
27:42,27:42:9:2,27:42:13:2,27:42:9,27:42:13,1P,1P,0,qac_v0.4_aligned,numbered_aligned
27:43,27:43:1:2,27:43:3:1,27:43:1,27:43:3,3MS,3FS,0,qac_v0.4_aligned,numbered_aligned
27:43,27:43:3:1,27:43:4:1,27:43:3,27:43:4,3FS,3FS,0,qac_v0.4_aligned,numbered_aligned
27:43,27:43:4:1,27:43:9:1,27:43:4,27:43:9,3FS,3FS,0,qac_v0.4_aligned,numbered_aligned
27:44,27:44:6:1,27:44:7:1,27:44:6,27:44:7,3FS,3FS,0,qac_v0.4_aligned,numbered_aligned
27:44,27:44:7:1,27:44:9:2,27:44:7,27:44:9,3FS,3FS,0,qac_v0.4_aligned,numbered_aligned
27:44,27:44:9:2,27:44:12:1,27:44:9,27:44:12,3FS,3MS,0,qac_v0.4_aligned,numbered_aligned
27:44,27:44:12:1,27:44:18:1,27:44:12,27:44:18,3MS,3FS,0,qac_v0.4_aligned,numbered_aligned
27:44,27:44:18:1,27:44:21:1,27:44:18,27:44:21,3FS,1S,1,qac_v0.4_aligned,numbered_aligned
27:44,27:44:21:1,27:44:23:2,27:44:21,27:44:23,1S,1S,0,qac_v0.4_aligned,numbered_aligned
27:45,27:45:2:1,27:45:8:1,27:45:2,27:45:8,1P,2MP,1,qac_v0.4_aligned,numbered_aligned
27:45,27:45:8:1,27:45:13:1,27:45:8,27:45:13,2MP,3MP,1,qac_v0.4_aligned,numbered_aligned
27:46,27:46:1:1,27:46:4:1,27:46:1,27:46:5,3MS,2MP,1,qac_v0.4_aligned,numbered_aligned
27:46,27:46:4:1,27:46:9:1,27:46:5,27:46:10,2MP,2MP,0,qac_v0.4_aligned,numbered_aligned
27:46,27:46:9:1,27:46:12:1,27:46:10,27:46:13,2MP,2MP,0,qac_v0.4_aligned,numbered_aligned
27:47,27:47:1:1,27:47:2:1,27:47:1,27:47:2,3MP,1P,1,qac_v0.4_aligned,numbered_aligned
27:47,27:47:2:1,27:47:6:1,27:47:2,27:47:6,1P,3MS,1,qac_v0.4_aligned,numbered_aligned
27:47,27:47:6:1,27:47:13:1,27:47:6,27:47:13,3MS,2MP,1,qac_v0.4_aligned,numbered_aligned
27:48,27:48:1:2,27:48:6:1,27:48:1,27:48:6,3MS,3MP,0,qac_v0.4_aligned,numbered_aligned
27:48,27:48:6:1,27:48:10:1,27:48:6,27:48:10,3MP,3MP,0,qac_v0.4_aligned,numbered_aligned
27:49,27:49:1:1,27:49:2:1,27:49:1,27:49:2,3MP,2MP,1,qac_v0.4_aligned,numbered_aligned
27:49,27:49:2:1,27:49:4:2,27:49:2,27:49:4,2MP,1P,1,qac_v0.4_aligned,numbered_aligned
27:49,27:49:4:2,27:49:7:2,27:49:4,27:49:7,1P,1P,0,qac_v0.4_aligned,numbered_aligned
27:49,27:49:7:2,27:49:10:1,27:49:7,27:49:10,1P,1P,0,qac_v0.4_aligned,numbered_aligned
27:50,27:50:1:2,27:50:3:2,27:50:1,27:50:3,3MP,1P,1,qac_v0.4_aligned,numbered_aligned
27:50,27:50:3:2,27:50:7:1,27:50:3,27:50:7,1P,3MP,1,qac_v0.4_aligned,numbered_aligned
27:51,27:51:1:2,27:51:3:1,27:51:1,27:51:3,2MS,3MS,1,qac_v0.4_aligned,numbered_aligned
27:51,27:51:3:1,27:51:7:1,27:51:3,27:51:7,3MS,1P,1,qac_v0.4_aligned,numbered_aligned
27:52,27:52:5:1,27:52:11:1,27:52:5,27:52:11,3MP,3MP,0,qac_v0.4_aligned,numbered_aligned
27:53,27:53:4:2,27:53:5:1,27:53:4,27:53:5,3MP,3MP,0,qac_v0.4_aligned,numbered_aligned
27:54,27:54:3:1,27:54:5:2,27:54:3,27:54:5,3MS,2MP,1,qac_v0.4_aligned,numbered_aligned
27:54,27:54:5:2,27:54:8:1,27:54:5,27:54:8,2MP,2MP,0,qac_v0.4_aligned,numbered_aligned
27:55,27:55:2:2,27:55:11:1,27:55:2,27:55:11,2MP,2MP,0,qac_v0.4_aligned,numbered_aligned
27:56,27:56:2:1,27:56:7:1,27:56:2,27:56:7,3MS,3MP,0,qac_v0.4_aligned,numbered_aligned
27:56,27:56:7:1,27:56:8:1,27:56:7,27:56:8,3MP,2MP,1,qac_v0.4_aligned,numbered_aligned
27:56,27:56:8:1,27:56:15:1,27:56:8,27:56:15,2MP,3MP,1,qac_v0.4_aligned,numbered_aligned
27:57,27:57:1:2,27:57:5:1,27:57:1,27:57:5,1P,1P,0,qac_v0.4_aligned,numbered_aligned
27:58,27:58:1:2,27:58:4:2,27:58:1,27:58:4,1P,3MS,1,qac_v0.4_aligned,numbered_aligned
27:59,27:59:1:1,27:59:8:1,27:59:1,27:59:8,2MS,3MS,1,qac_v0.4_aligned,numbered_aligned
27:59,27:59:8:1,27:59:12:1,27:59:8,27:59:12,3MS,3MP,0,qac_v0.4_aligned,numbered_aligned
27:60,27:60:2:1,27:60:5:2,27:60:2,27:60:5,3MS,3MS,0,qac_v0.4_aligned,numbered_aligned
27:60,27:60:5:2,27:60:10:2,27:60:5,27:60:10,3MS,1P,1,qac_v0.4_aligned,numbered_aligned
27:60,27:60:10:2,27:60:16:1,27:60:10,27:60:16,1P,3MS,1,qac_v0.4_aligned,numbered_aligned
27:60,27:60:16:1,27:60:19:1,27:60:16,27:60:19,3MS,2MP,1,qac_v0.4_aligned,numbered_aligned
27:60,27:60:19:1,27:60:27:1,27:60:19,27:60:27,2MP,3MP,1,qac_v0.4_aligned,numbered_aligned
27:61,27:61:2:1,27:61:5:2,27:61:2,27:61:5,3MS,3MS,0,qac_v0.4_aligned,numbered_aligned
27:61,27:61:5:2,27:61:8:2,27:61:5,27:61:8,3MS,3MS,0,qac_v0.4_aligned,numbered_aligned
27:61,27:61:8:2,27:61:11:2,27:61:8,27:61:11,3MS,3MS,0,qac_v0.4_aligned,numbered_aligned
27:61,27:61:11:2,27:61:21:1,27:61:11,27:61:21,3MS,3MP,0,qac_v0.4_aligned,numbered_aligned
27:62,27:62:2:1,27:62:5:1,27:62:2,27:62:5,3MS,3MS,0,qac_v0.4_aligned,numbered_aligned
27:62,27:62:5:1,27:62:6:2,27:62:5,27:62:6,3MS,3MS,0,qac_v0.4_aligned,numbered_aligned
27:62,27:62:6:2,27:62:8:2,27:62:6,27:62:8,3MS,3MS,0,qac_v0.4_aligned,numbered_aligned
27:62,27:62:8:2,27:62:16:1,27:62:8,27:62:16,3MS,2MP,1,qac_v0.4_aligned,numbered_aligned
27:63,27:63:2:1,27:63:8:1,27:63:2,27:63:8,3MS,3MS,0,qac_v0.4_aligned,numbered_aligned
27:63,27:63:8:1,27:63:17:1,27:63:8,27:63:17,3MS,3MS,0,qac_v0.4_aligned,numbered_aligned
27:63,27:63:17:1,27:63:20:1,27:63:17,27:63:20,3MS,3MP,0,qac_v0.4_aligned,numbered_aligned
27:64,27:64:5:1,27:64:7:1,27:64:5,27:64:7,3MS,3MS,0,qac_v0.4_aligned,numbered_aligned
27:64,27:64:7:1,27:64:14:1,27:64:7,27:64:14,3MS,2MS,1,qac_v0.4_aligned,numbered_aligned
27:64,27:64:14:1,27:64:15:1,27:64:14,27:64:15,2MS,2MP,0,qac_v0.4_aligned,numbered_aligned
27:64,27:64:15:1,27:64:18:1,27:64:15,27:64:18,2MP,2MP,0,qac_v0.4_aligned,numbered_aligned
27:65,27:65:1:1,27:65:3:1,27:65:1,27:65:3,2MS,3MS,1,qac_v0.4_aligned,numbered_aligned
27:65,27:65:3:1,27:65:12:1,27:65:3,27:65:12,3MS,3MP,0,qac_v0.4_aligned,numbered_aligned
27:65,27:65:12:1,27:65:14:1,27:65:12,27:65:14,3MP,3MP,0,qac_v0.4_aligned,numbered_aligned
27:67,27:67:1:2,27:67:3:1,27:67:1,27:67:3,3MS,3MP,0,qac_v0.4_aligned,numbered_aligned
27:67,27:67:3:1,27:67:5:1,27:67:3,27:67:5,3MP,1P,1,qac_v0.4_aligned,numbered_aligned
27:69,27:69:1:1,27:69:2:1,27:69:1,27:69:2,2MS,2MP,0,qac_v0.4_aligned,numbered_aligned
27:69,27:69:2:1,27:69:5:2,27:69:2,27:69:5,2MP,2MP,0,qac_v0.4_aligned,numbered_aligned
27:69,27:69:5:2,27:69:7:1,27:69:5,27:69:7,2MP,3MS,1,qac_v0.4_aligned,numbered_aligned
27:70,27:70:2:1,27:70:5:1,27:70:2,27:70:5,3FS,2MS,1,qac_v0.4_aligned,numbered_aligned
27:70,27:70:5:1,27:70:9:1,27:70:5,27:70:9,2MS,3MP,1,qac_v0.4_aligned,numbered_aligned
27:71,27:71:1:2,27:71:6:1,27:71:1,27:71:6,3MP,2MP,1,qac_v0.4_aligned,numbered_aligned
27:72,27:72:1:1,27:72:2:1,27:72:1,27:72:2,2MS,3MS,1,qac_v0.4_aligned,numbered_aligned
27:72,27:72:2:1,27:72:4:1,27:72:2,27:72:4,3MS,3MS,0,qac_v0.4_aligned,numbered_aligned
27:72,27:72:4:1,27:72:5:1,27:72:4,27:72:5,3MS,3MS,0,qac_v0.4_aligned,numbered_aligned
27:72,27:72:5:1,27:72:9:1,27:72:5,27:72:9,3MS,2MP,1,qac_v0.4_aligned,numbered_aligned
27:74,27:74:3:2,27:74:5:1,27:74:3,27:74:5,3MS,3FS,0,qac_v0.4_aligned,numbered_aligned
27:74,27:74:5:1,27:74:8:1,27:74:5,27:74:8,3FS,3MP,0,qac_v0.4_aligned,numbered_aligned
27:76,27:76:4:1,27:76:12:1,27:76:4,27:76:12,3MS,3MP,0,qac_v0.4_aligned,numbered_aligned
27:80,27:80:3:1,27:80:6:1,27:80:3,27:80:6,3FS,2MS,1,qac_v0.4_aligned,numbered_aligned
27:80,27:80:6:1,27:80:10:1,27:80:6,27:80:10,2MS,3MP,1,qac_v0.4_aligned,numbered_aligned
27:81,27:81:8:1,27:81:11:1,27:81:8,27:81:11,2MS,3MS,1,qac_v0.4_aligned,numbered_aligned
27:82,27:82:2:1,27:82:5:1,27:82:2,27:82:5,3MS,1P,1,qac_v0.4_aligned,numbered_aligned
27:82,27:82:5:1,27:82:10:1,27:82:5,27:82:10,1P,3FS,1,qac_v0.4_aligned,numbered_aligned
27:82,27:82:10:1,27:82:13:1,27:82:10,27:82:13,3FS,3MP,0,qac_v0.4_aligned,numbered_aligned
27:82,27:82:13:1,27:82:16:1,27:82:13,27:82:16,3MP,3MP,0,qac_v0.4_aligned,numbered_aligned
27:83,27:83:2:1,27:83:8:1,27:83:2,27:83:8,1P,3MS,1,qac_v0.4_aligned,numbered_aligned
27:83,27:83:8:1,27:83:11:1,27:83:8,27:83:11,3MS,3MP,0,qac_v0.4_aligned,numbered_aligned
27:84,27:84:4:1,27:84:5:2,27:84:4,27:84:5,3MS,2MP,1,qac_v0.4_aligned,numbered_aligned
27:84,27:84:5:2,27:84:8:1,27:84:5,27:84:8,2MP,2MP,0,qac_v0.4_aligned,numbered_aligned
27:84,27:84:8:1,27:84:12:1,27:84:8,27:84:12,2MP,2MP,0,qac_v0.4_aligned,numbered_aligned
27:84,27:84:12:1,27:84:13:1,27:84:12,27:84:13,2MP,2MP,0,qac_v0.4_aligned,numbered_aligned
27:85,27:85:1:2,27:85:5:1,27:85:1,27:85:5,3MS,3MP,0,qac_v0.4_aligned,numbered_aligned
27:85,27:85:5:1,27:85:8:1,27:85:5,27:85:8,3MP,3MP,0,qac_v0.4_aligned,numbered_aligned
27:86,27:86:2:1,27:86:4:1,27:86:2,27:86:4,3MP,1P,1,qac_v0.4_aligned,numbered_aligned
27:86,27:86:4:1,27:86:6:2,27:86:4,27:86:6,1P,3MP,1,qac_v0.4_aligned,numbered_aligned
27:86,27:86:6:2,27:86:15:1,27:86:6,27:86:15,3MP,3MP,0,qac_v0.4_aligned,numbered_aligned
27:87,27:87:2:1,27:87:5:2,27:87:2,27:87:5,3MS,3MS,0,qac_v0.4_aligned,numbered_aligned
27:87,27:87:5:2,27:87:14:1,27:87:5,27:87:14,3MS,3MS,0,qac_v0.4_aligned,numbered_aligned
27:87,27:87:14:1,27:87:17:1,27:87:14,27:87:17,3MS,3MP,0,qac_v0.4_aligned,numbered_aligned
27:88,27:88:1:2,27:88:3:1,27:88:1,27:88:3,2MS,3FS,1,qac_v0.4_aligned,numbered_aligned
27:88,27:88:3:1,27:88:6:1,27:88:3,27:88:6,3FS,3FS,0,qac_v0.4_aligned,numbered_aligned
27:88,27:88:6:1,27:88:12:1,27:88:6,27:88:12,3FS,3MS,0,qac_v0.4_aligned,numbered_aligned
27:88,27:88:12:1,27:88:18:1,27:88:12,27:88:18,3MS,2MP,1,qac_v0.4_aligned,numbered_aligned
27:90,27:90:2:1,27:90:4:2,27:90:2,27:90:4,3MS,3FS,0,qac_v0.4_aligned,numbered_aligned
27:90,27:90:4:2,27:90:9:1,27:90:4,27:90:9,3FS,2MP,1,qac_v0.4_aligned,numbered_aligned
27:90,27:90:9:1,27:90:12:1,27:90:9,27:90:12,2MP,2MP,0,qac_v0.4_aligned,numbered_aligned
27:90,27:90:12:1,27:90:13:1,27:90:12,27:90:13,2MP,2MP,0,qac_v0.4_aligned,numbered_aligned
27:91,27:91:2:1,27:91:4:1,27:91:2,27:91:4,1S,1S,0,qac_v0.4_aligned,numbered_aligned
27:91,27:91:4:1,27:91:9:1,27:91:4,27:91:9,1S,3MS,1,qac_v0.4_aligned,numbered_aligned
27:91,27:91:9:1,27:91:13:2,27:91:9,27:91:13,3MS,1S,1,qac_v0.4_aligned,numbered_aligned
27:91,27:91:13:2,27:91:15:1,27:91:13,27:91:15,1S,1S,0,qac_v0.4_aligned,numbered_aligned
27:92,27:92:10:1,27:92:11:2,27:92:10,27:92:11,3MS,2MS,1,qac_v0.4_aligned,numbered_aligned
27:93,27:93:1:2,27:93:4:2,27:93:1,27:93:4,2MS,3MS,1,qac_v0.4_aligned,numbered_aligned
27:93,27:93:4:2,27:93:6:2,27:93:4,27:93:6,3MS,2MP,1,qac_v0.4_aligned,numbered_aligned
27:93,27:93:6:2,27:93:11:1,27:93:6,27:93:11,2MP,2MP,0,qac_v0.4_aligned,numbered_aligned
28:4,28:4:3:1,28:4:6:2,28:4:3,28:4:6,3MS,3MS,0,qac_v0.4_aligned,numbered_aligned
28:4,28:4:6:2,28:4:9:1,28:4:6,28:4:9,3MS,3MS,0,qac_v0.4_aligned,numbered_aligned
28:4,28:4:9:1,28:4:12:1,28:4:9,28:4:12,3MS,3MS,0,qac_v0.4_aligned,numbered_aligned
28:5,28:5:1:2,28:5:3:1,28:5:1,28:5:3,1P,1P,0,qac_v0.4_aligned,numbered_aligned
28:5,28:5:3:1,28:5:6:1,28:5:3,28:5:6,1P,3MP,1,qac_v0.4_aligned,numbered_aligned
28:5,28:5:6:1,28:5:9:2,28:5:6,28:5:9,3MP,1P,1,qac_v0.4_aligned,numbered_aligned
28:5,28:5:9:2,28:5:11:2,28:5:9,28:5:11,1P,1P,0,qac_v0.4_aligned,numbered_aligned
28:6,28:6:11:1,28:6:12:1,28:6:11,28:6:12,3MP,3MP,0,qac_v0.4_aligned,numbered_aligned
28:7,28:7:1:2,28:7:6:1,28:7:1,28:7:6,1P,2FS,1,qac_v0.4_aligned,numbered_aligned
28:7,28:7:6:1,28:7:8:1,28:7:6,28:7:8,2FS,2FS,0,qac_v0.4_aligned,numbered_aligned
28:7,28:7:8:1,28:7:10:2,28:7:8,28:7:10,2FS,2FS,0,qac_v0.4_aligned,numbered_aligned
28:8,28:8:1:2,28:8:4:2,28:8:1,28:8:4,3MS,3MS,0,qac_v0.4_aligned,numbered_aligned
28:8,28:8:4:2,28:8:12:1,28:8:4,28:8:12,3MS,3MP,0,qac_v0.4_aligned,numbered_aligned
28:9,28:9:1:2,28:9:9:1,28:9:1,28:9:9,3FS,2MP,1,qac_v0.4_aligned,numbered_aligned
28:9,28:9:9:1,28:9:10:1,28:9:9,28:9:10,2MP,3MS,1,qac_v0.4_aligned,numbered_aligned
28:9,28:9:10:1,28:9:12:1,28:9:10,28:9:12,3MS,3MS,0,qac_v0.4_aligned,numbered_aligned
28:9,28:9:12:1,28:9:14:1,28:9:12,28:9:14,3MS,1P,1,qac_v0.4_aligned,numbered_aligned
28:9,28:9:14:1,28:9:18:1,28:9:14,28:9:18,1P,3MP,1,qac_v0.4_aligned,numbered_aligned
28:10,28:10:1:2,28:10:7:1,28:10:1,28:10:7,3MS,3FS,0,qac_v0.4_aligned,numbered_aligned
28:10,28:10:12:1,28:10:15:2,28:10:12,28:10:15,1P,3FS,1,qac_v0.4_aligned,numbered_aligned
28:11,28:11:1:2,28:11:3:1,28:11:1,28:11:3,3FS,2FS,1,qac_v0.4_aligned,numbered_aligned
28:11,28:11:3:1,28:11:4:2,28:11:3,28:11:4,2FS,3FS,1,qac_v0.4_aligned,numbered_aligned
28:11,28:11:4:2,28:11:10:1,28:11:4,28:11:10,3FS,3MP,0,qac_v0.4_aligned,numbered_aligned
28:12,28:12:1:2,28:12:6:2,28:12:1,28:12:6,1P,3FS,1,qac_v0.4_aligned,numbered_aligned
28:12,28:12:6:2,28:12:8:1,28:12:6,28:12:8,3FS,1S,1,qac_v0.4_aligned,numbered_aligned
28:12,28:12:8:1,28:12:12:1,28:12:8,28:12:12,1S,3MP,1,qac_v0.4_aligned,numbered_aligned
28:13,28:13:1:2,28:13:5:1,28:13:1,28:13:5,1P,3FS,1,qac_v0.4_aligned,numbered_aligned
28:13,28:13:5:1,28:13:8:1,28:13:5,28:13:8,3FS,3FS,0,qac_v0.4_aligned,numbered_aligned
28:13,28:13:8:1,28:13:9:3,28:13:8,28:13:9,3FS,3FS,0,qac_v0.4_aligned,numbered_aligned
28:13,28:13:9:3,28:13:17:1,28:13:9,28:13:17,3FS,3MP,0,qac_v0.4_aligned,numbered_aligned
28:14,28:14:2:1,28:14:4:2,28:14:2,28:14:4,3MS,3MS,0,qac_v0.4_aligned,numbered_aligned
28:15,28:15:1:2,28:15:8:2,28:15:1,28:15:8,3MS,3MS,0,qac_v0.4_aligned,numbered_aligned
28:15,28:15:8:2,28:15:11:1,28:15:8,28:15:11,3MS,3MD,0,qac_v0.4_aligned,numbered_aligned
28:15,28:15:11:1,28:15:18:2,28:15:11,28:15:18,3MD,3MS,0,qac_v0.4_aligned,numbered_aligned
28:15,28:15:18:2,28:15:26:2,28:15:18,28:15:26,3MS,3MS,0,qac_v0.4_aligned,numbered_aligned
28:15,28:15:26:2,28:15:28:2,28:15:26,28:15:28,3MS,3MS,0,qac_v0.4_aligned,numbered_aligned
28:15,28:15:28:2,28:15:30:1,28:15:28,28:15:30,3MS,3MS,0,qac_v0.4_aligned,numbered_aligned
28:16,28:16:1:1,28:16:4:1,28:16:1,28:16:4,3MS,1S,1,qac_v0.4_aligned,numbered_aligned
28:16,28:16:4:1,28:16:6:2,28:16:4,28:16:6,1S,2MS,1,qac_v0.4_aligned,numbered_aligned
28:16,28:16:6:2,28:16:8:2,28:16:6,28:16:8,2MS,3MS,1,qac_v0.4_aligned,numbered_aligned
28:17,28:17:1:1,28:17:4:1,28:17:1,28:17:4,3MS,2MS,1,qac_v0.4_aligned,numbered_aligned
28:17,28:17:4:1,28:17:7:1,28:17:4,28:17:7,2MS,1S,1,qac_v0.4_aligned,numbered_aligned
28:18,28:18:1:2,28:18:5:1,28:18:1,28:18:5,3MS,3MS,0,qac_v0.4_aligned,numbered_aligned
28:18,28:18:5:1,28:18:8:1,28:18:5,28:18:8,3MS,3MS,0,qac_v0.4_aligned,numbered_aligned
28:18,28:18:8:1,28:18:10:1,28:18:8,28:18:10,3MS,3MS,0,qac_v0.4_aligned,numbered_aligned
28:18,28:18:10:1,28:18:11:1,28:18:10,28:18:11,3MS,3MS,0,qac_v0.4_aligned,numbered_aligned
28:19,28:19:3:1,28:19:5:1,28:19:3,28:19:5,3MS,3MS,0,qac_v0.4_aligned,numbered_aligned
28:19,28:19:5:1,28:19:10:1,28:19:5,28:19:10,3MS,3MS,0,qac_v0.4_aligned,numbered_aligned
28:19,28:19:10:1,28:19:12:2,28:19:10,28:19:13,3MS,2MS,1,qac_v0.4_aligned,numbered_aligned
28:19,28:19:16:1,28:19:20:1,28:19:17,28:19:21,2MS,2MS,0,qac_v0.4_aligned,numbered_aligned
28:19,28:19:20:1,28:19:23:1,28:19:21,28:19:24,2MS,2MS,0,qac_v0.4_aligned,numbered_aligned
28:19,28:19:23:1,28:19:28:1,28:19:24,28:19:29,2MS,2MS,0,qac_v0.4_aligned,numbered_aligned
28:19,28:19:28:1,28:19:30:1,28:19:29,28:19:31,2MS,2MS,0,qac_v0.4_aligned,numbered_aligned
28:20,28:20:1:2,28:20:6:1,28:20:1,28:20:6,3MS,3MS,0,qac_v0.4_aligned,numbered_aligned
28:20,28:20:6:1,28:20:7:1,28:20:6,28:20:7,3MS,3MS,0,qac_v0.4_aligned,numbered_aligned
28:20,28:20:7:1,28:20:11:1,28:20:7,28:20:12,3MS,3MP,0,qac_v0.4_aligned,numbered_aligned
28:20,28:20:11:1,28:20:13:2,28:20:12,28:20:14,3MP,3MP,0,qac_v0.4_aligned,numbered_aligned
28:20,28:20:13:2,28:20:14:2,28:20:14,28:20:15,3MP,2MS,1,qac_v0.4_aligned,numbered_aligned
28:21,28:21:1:2,28:21:4:1,28:21:1,28:21:4,3MS,3MS,0,qac_v0.4_aligned,numbered_aligned
28:21,28:21:4:1,28:21:5:1,28:21:4,28:21:5,3MS,3MS,0,qac_v0.4_aligned,numbered_aligned
28:22,28:22:2:1,28:22:5:1,28:22:2,28:22:5,3MS,3MS,0,qac_v0.4_aligned,numbered_aligned
28:22,28:22:5:1,28:22:6:1,28:22:5,28:22:6,3MS,3MS,0,qac_v0.4_aligned,numbered_aligned
28:23,28:23:2:1,28:23:5:1,28:23:2,28:23:5,3MS,3MS,0,qac_v0.4_aligned,numbered_aligned
28:23,28:23:5:1,28:23:10:1,28:23:5,28:23:10,3MS,3MP,0,qac_v0.4_aligned,numbered_aligned
28:23,28:23:10:1,28:23:11:2,28:23:10,28:23:11,3MP,3MS,0,qac_v0.4_aligned,numbered_aligned
28:23,28:23:11:2,28:23:15:1,28:23:11,28:23:15,3MS,2D,1,qac_v0.4_aligned,numbered_aligned
28:23,28:23:15:1,28:23:16:1,28:23:15,28:23:16,2D,3MS,1,qac_v0.4_aligned,numbered_aligned
28:23,28:23:16:1,28:23:19:1,28:23:16,28:23:19,3MS,3FD,0,qac_v0.4_aligned,numbered_aligned
28:24,28:24:1:2,28:24:4:1,28:24:1,28:24:4,3MS,3MS,0,qac_v0.4_aligned,numbered_aligned
28:24,28:24:4:1,28:24:7:2,28:24:4,28:24:7,3MS,3MS,0,qac_v0.4_aligned,numbered_aligned
28:24,28:24:7:2,28:24:11:1,28:24:7,28:24:11,3MS,2MS,1,qac_v0.4_aligned,numbered_aligned
28:25,28:25:6:1,28:25:9:1,28:25:6,28:25:9,3FS,3MS,0,qac_v0.4_aligned,numbered_aligned
28:25,28:25:9:1,28:25:10:2,28:25:9,28:25:10,3MS,3MS,0,qac_v0.4_aligned,numbered_aligned
28:25,28:25:10:2,28:25:13:1,28:25:10,28:25:13,3MS,2MS,1,qac_v0.4_aligned,numbered_aligned
28:25,28:25:13:1,28:25:16:1,28:25:13,28:25:16,2MS,3MS,1,qac_v0.4_aligned,numbered_aligned
28:25,28:25:16:1,28:25:17:2,28:25:16,28:25:17,3MS,3MS,0,qac_v0.4_aligned,numbered_aligned
28:25,28:25:17:2,28:25:20:1,28:25:17,28:25:20,3MS,3MS,0,qac_v0.4_aligned,numbered_aligned
28:25,28:25:20:1,28:25:22:1,28:25:20,28:25:22,3MS,2MS,1,qac_v0.4_aligned,numbered_aligned
28:25,28:25:22:1,28:25:23:1,28:25:22,28:25:23,2MS,2MS,0,qac_v0.4_aligned,numbered_aligned
28:27,28:27:1:1,28:27:3:1,28:27:1,28:27:3,3MS,1S,1,qac_v0.4_aligned,numbered_aligned
28:27,28:27:3:1,28:27:5:1,28:27:3,28:27:5,1S,1S,0,qac_v0.4_aligned,numbered_aligned
28:27,28:27:15:1,28:27:20:1,28:27:15,28:27:20,2MS,1S,1,qac_v0.4_aligned,numbered_aligned
28:27,28:27:20:1,28:27:22:1,28:27:20,28:27:22,1S,1S,0,qac_v0.4_aligned,numbered_aligned
28:28,28:28:1:1,28:28:7:1,28:28:1,28:28:7,3MS,1S,1,qac_v0.4_aligned,numbered_aligned
28:28,28:28:7:1,28:28:14:1,28:28:7,28:28:14,1S,1P,0,qac_v0.4_aligned,numbered_aligned
28:29,28:29:2:1,28:29:5:2,28:29:2,28:29:5,3MS,3MS,0,qac_v0.4_aligned,numbered_aligned
28:29,28:29:12:1,28:29:14:1,28:29:12,28:29:14,3MS,2MP,1,qac_v0.4_aligned,numbered_aligned
28:31,28:31:6:1,28:31:9:1,28:31:6,28:31:9,3FS,3MS,0,qac_v0.4_aligned,numbered_aligned
28:31,28:31:9:1,28:31:12:1,28:31:9,28:31:12,3MS,3MS,0,qac_v0.4_aligned,numbered_aligned
28:31,28:31:12:1,28:31:14:1,28:31:12,28:31:15,3MS,2MS,1,qac_v0.4_aligned,numbered_aligned
28:31,28:31:14:1,28:31:16:1,28:31:15,28:31:17,2MS,2MS,0,qac_v0.4_aligned,numbered_aligned
28:32,28:32:1:1,28:32:5:1,28:32:1,28:32:5,2MS,3FS,1,qac_v0.4_aligned,numbered_aligned
28:32,28:32:5:1,28:32:10:2,28:32:5,28:32:10,3FS,2MS,1,qac_v0.4_aligned,numbered_aligned
28:32,28:32:10:2,28:32:23:1,28:32:10,28:32:23,2MS,3MP,1,qac_v0.4_aligned,numbered_aligned
28:33,28:33:1:1,28:33:4:1,28:33:1,28:33:4,3MS,1S,1,qac_v0.4_aligned,numbered_aligned
28:33,28:33:4:1,28:33:7:2,28:33:4,28:33:7,1S,1S,0,qac_v0.4_aligned,numbered_aligned
28:33,28:33:7:2,28:33:9:1,28:33:7,28:33:9,1S,3MP,1,qac_v0.4_aligned,numbered_aligned
28:34,28:34:12:1,28:34:14:1,28:34:12,28:34:14,1S,3MP,1,qac_v0.4_aligned,numbered_aligned
28:35,28:35:1:1,28:35:2:2,28:35:1,28:35:2,3MS,1P,1,qac_v0.4_aligned,numbered_aligned
28:35,28:35:2:2,28:35:5:2,28:35:2,28:35:5,1P,1P,0,qac_v0.4_aligned,numbered_aligned
28:35,28:35:5:2,28:35:9:1,28:35:5,28:35:9,1P,3MP,1,qac_v0.4_aligned,numbered_aligned
28:35,28:35:9:1,28:35:14:1,28:35:9,28:35:14,3MP,3MS,0,qac_v0.4_aligned,numbered_aligned
28:36,28:36:2:1,28:36:6:1,28:36:2,28:36:6,3MS,3MP,0,qac_v0.4_aligned,numbered_aligned
28:36,28:36:6:1,28:36:13:1,28:36:6,28:36:13,3MP,1P,1,qac_v0.4_aligned,numbered_aligned
28:37,28:37:1:2,28:37:6:1,28:37:1,28:37:6,3MS,3MS,0,qac_v0.4_aligned,numbered_aligned
28:37,28:37:6:1,28:37:11:1,28:37:6,28:37:11,3MS,3FS,0,qac_v0.4_aligned,numbered_aligned
28:37,28:37:11:1,28:37:17:1,28:37:11,28:37:17,3FS,3MS,0,qac_v0.4_aligned,numbered_aligned
28:38,28:38:1:2,28:38:6:1,28:38:1,28:38:7,3MS,1S,1,qac_v0.4_aligned,numbered_aligned
28:38,28:38:6:1,28:38:11:2,28:38:7,28:38:12,1S,2MS,1,qac_v0.4_aligned,numbered_aligned
28:38,28:38:11:2,28:38:16:2,28:38:12,28:38:18,2MS,2MS,0,qac_v0.4_aligned,numbered_aligned
28:38,28:38:16:2,28:38:20:1,28:38:18,28:38:22,2MS,1S,1,qac_v0.4_aligned,numbered_aligned
28:38,28:38:20:1,28:38:25:2,28:38:22,28:38:27,1S,1S,0,qac_v0.4_aligned,numbered_aligned
28:39,28:39:1:2,28:39:8:2,28:39:1,28:39:8,3MS,3MP,0,qac_v0.4_aligned,numbered_aligned
28:39,28:39:8:2,28:39:12:1,28:39:8,28:39:12,3MP,3MP,0,qac_v0.4_aligned,numbered_aligned
28:40,28:40:1:2,28:40:3:2,28:40:1,28:40:3,1P,1P,0,qac_v0.4_aligned,numbered_aligned
28:40,28:40:3:2,28:40:6:2,28:40:3,28:40:6,1P,2MS,1,qac_v0.4_aligned,numbered_aligned
28:40,28:40:6:2,28:40:8:1,28:40:6,28:40:8,2MS,3MS,1,qac_v0.4_aligned,numbered_aligned
28:41,28:41:1:2,28:41:3:1,28:41:1,28:41:3,1P,3MP,1,qac_v0.4_aligned,numbered_aligned
28:41,28:41:3:1,28:41:9:1,28:41:3,28:41:9,3MP,3MP,0,qac_v0.4_aligned,numbered_aligned
28:43,28:43:8:1,28:43:16:1,28:43:8,28:43:16,1P,3MP,1,qac_v0.4_aligned,numbered_aligned
28:44,28:44:2:1,28:44:6:1,28:44:2,28:44:6,2MS,1P,1,qac_v0.4_aligned,numbered_aligned
28:44,28:44:6:1,28:44:11:1,28:44:6,28:44:11,1P,2MS,1,qac_v0.4_aligned,numbered_aligned
28:45,28:45:2:1,28:45:4:2,28:45:2,28:45:4,1P,3MS,1,qac_v0.4_aligned,numbered_aligned
28:45,28:45:4:2,28:45:8:1,28:45:4,28:45:8,3MS,2MS,1,qac_v0.4_aligned,numbered_aligned
28:46,28:46:2:1,28:46:6:1,28:46:2,28:46:6,2MS,1P,1,qac_v0.4_aligned,numbered_aligned
28:46,28:46:6:1,28:46:11:2,28:46:6,28:46:11,1P,2MS,1,qac_v0.4_aligned,numbered_aligned
28:47,28:47:3:1,28:47:6:1,28:47:3,28:47:6,3FS,3FS,0,qac_v0.4_aligned,numbered_aligned
28:47,28:47:6:1,28:47:8:2,28:47:6,28:47:8,3FS,3MP,0,qac_v0.4_aligned,numbered_aligned
28:47,28:47:8:2,28:47:11:1,28:47:8,28:47:11,3MP,2MS,1,qac_v0.4_aligned,numbered_aligned
28:47,28:47:11:1,28:47:14:2,28:47:11,28:47:14,2MS,1P,1,qac_v0.4_aligned,numbered_aligned
28:47,28:47:14:2,28:47:16:2,28:47:14,28:47:16,1P,1P,0,qac_v0.4_aligned,numbered_aligned
28:48,28:48:2:1,28:48:6:1,28:48:2,28:48:6,3MS,3MP,0,qac_v0.4_aligned,numbered_aligned
28:48,28:48:20:1,28:48:22:1,28:48:20,28:48:22,3MP,3MD,0,qac_v0.4_aligned,numbered_aligned
28:48,28:48:22:1,28:48:23:2,28:48:22,28:48:23,3MD,3MP,0,qac_v0.4_aligned,numbered_aligned
28:49,28:49:1:1,28:49:2:2,28:49:1,28:49:2,2MS,2MP,0,qac_v0.4_aligned,numbered_aligned
28:49,28:49:2:2,28:49:10:1,28:49:2,28:49:10,2MP,1S,1,qac_v0.4_aligned,numbered_aligned
28:49,28:49:10:1,28:49:12:1,28:49:10,28:49:12,1S,2MP,1,qac_v0.4_aligned,numbered_aligned
28:50,28:50:3:1,28:50:5:2,28:50:3,28:50:5,3MP,2MS,1,qac_v0.4_aligned,numbered_aligned
28:50,28:50:5:2,28:50:7:1,28:50:5,28:50:7,2MS,3MP,1,qac_v0.4_aligned,numbered_aligned
28:50,28:50:7:1,28:50:12:1,28:50:7,28:50:12,3MP,3MS,0,qac_v0.4_aligned,numbered_aligned
28:51,28:51:2:1,28:51:6:1,28:51:2,28:51:6,1P,3MP,1,qac_v0.4_aligned,numbered_aligned
28:53,28:53:2:1,28:53:4:1,28:53:2,28:53:4,3MS,3MP,0,qac_v0.4_aligned,numbered_aligned
28:54,28:54:2:1,28:54:6:1,28:54:2,28:54:6,3MP,3MP,0,qac_v0.4_aligned,numbered_aligned
28:54,28:54:6:1,28:54:7:2,28:54:6,28:54:7,3MP,3MP,0,qac_v0.4_aligned,numbered_aligned
28:54,28:54:7:2,28:54:11:1,28:54:7,28:54:11,3MP,1P,1,qac_v0.4_aligned,numbered_aligned
28:54,28:54:11:1,28:54:12:1,28:54:11,28:54:12,1P,3MP,1,qac_v0.4_aligned,numbered_aligned
28:55,28:55:2:1,28:55:4:1,28:55:2,28:55:4,3MP,3MP,0,qac_v0.4_aligned,numbered_aligned
28:55,28:55:4:1,28:55:6:2,28:55:4,28:55:6,3MP,3MP,0,qac_v0.4_aligned,numbered_aligned
28:57,28:57:1:2,28:57:3:1,28:57:1,28:57:3,3MP,1P,1,qac_v0.4_aligned,numbered_aligned
28:57,28:57:3:1,28:57:6:1,28:57:3,28:57:6,1P,1P,0,qac_v0.4_aligned,numbered_aligned
28:57,28:57:6:1,28:57:10:1,28:57:6,28:57:10,1P,1P,0,qac_v0.4_aligned,numbered_aligned
28:57,28:57:10:1,28:57:14:1,28:57:10,28:57:14,1P,3MS,1,qac_v0.4_aligned,numbered_aligned
28:57,28:57:14:1,28:57:25:1,28:57:14,28:57:25,3MS,3MP,0,qac_v0.4_aligned,numbered_aligned
28:58,28:58:2:1,28:58:5:1,28:58:2,28:58:5,1P,3FS,1,qac_v0.4_aligned,numbered_aligned
28:58,28:58:5:1,28:58:10:1,28:58:5,28:58:10,3FS,3FS,0,qac_v0.4_aligned,numbered_aligned
28:58,28:58:10:1,28:58:15:2,28:58:10,28:58:15,3FS,1P,1,qac_v0.4_aligned,numbered_aligned
28:59,28:59:2:1,28:59:7:1,28:59:2,28:59:7,3MS,3MS,0,qac_v0.4_aligned,numbered_aligned
28:60,28:60:2:1,28:60:15:1,28:60:2,28:60:15,2MP,2MP,0,qac_v0.4_aligned,numbered_aligned
28:61,28:61:2:1,28:61:8:1,28:61:2,28:61:8,1P,1P,0,qac_v0.4_aligned,numbered_aligned
28:62,28:62:2:1,28:62:3:2,28:62:2,28:62:3,3MS,3MS,0,qac_v0.4_aligned,numbered_aligned
28:62,28:62:3:2,28:62:7:1,28:62:3,28:62:7,3MS,2MP,1,qac_v0.4_aligned,numbered_aligned
28:62,28:62:7:1,28:62:8:1,28:62:7,28:62:8,2MP,2MP,0,qac_v0.4_aligned,numbered_aligned
28:63,28:63:1:1,28:63:3:1,28:63:1,28:63:3,3MS,3MS,0,qac_v0.4_aligned,numbered_aligned
28:63,28:63:3:1,28:63:9:1,28:63:3,28:63:9,3MS,1P,1,qac_v0.4_aligned,numbered_aligned
28:63,28:63:9:1,28:63:10:1,28:63:9,28:63:10,1P,1P,0,qac_v0.4_aligned,numbered_aligned
28:63,28:63:10:1,28:63:12:1,28:63:10,28:63:12,1P,1P,0,qac_v0.4_aligned,numbered_aligned
28:63,28:63:12:1,28:63:13:1,28:63:12,28:63:13,1P,1P,0,qac_v0.4_aligned,numbered_aligned
28:63,28:63:13:1,28:63:16:1,28:63:13,28:63:16,1P,3MP,1,qac_v0.4_aligned,numbered_aligned
28:63,28:63:16:1,28:63:18:1,28:63:16,28:63:18,3MP,3MP,0,qac_v0.4_aligned,numbered_aligned
28:64,28:64:1:2,28:64:2:1,28:64:1,28:64:2,3MS,2MP,1,qac_v0.4_aligned,numbered_aligned
28:64,28:64:2:1,28:64:4:2,28:64:2,28:64:4,2MP,3MP,1,qac_v0.4_aligned,numbered_aligned
28:64,28:64:4:2,28:64:6:1,28:64:4,28:64:6,3MP,3MP,0,qac_v0.4_aligned,numbered_aligned
28:64,28:64:6:1,28:64:8:2,28:64:6,28:64:8,3MP,3MP,0,qac_v0.4_aligned,numbered_aligned
28:64,28:64:8:2,28:64:12:1,28:64:8,28:64:12,3MP,3MP,0,qac_v0.4_aligned,numbered_aligned
28:64,28:64:12:1,28:64:13:1,28:64:12,28:64:13,3MP,3MP,0,qac_v0.4_aligned,numbered_aligned
28:65,28:65:2:1,28:65:3:2,28:65:2,28:65:3,3MS,3MS,0,qac_v0.4_aligned,numbered_aligned
28:65,28:65:3:2,28:65:5:1,28:65:3,28:65:5,3MS,2MP,1,qac_v0.4_aligned,numbered_aligned
28:66,28:66:1:2,28:66:7:1,28:66:1,28:66:7,3FS,3MP,0,qac_v0.4_aligned,numbered_aligned
28:67,28:67:5:2,28:67:7:2,28:67:5,28:67:7,3MS,3MS,0,qac_v0.4_aligned,numbered_aligned
28:67,28:67:7:2,28:67:9:1,28:67:7,28:67:9,3MS,3MS,0,qac_v0.4_aligned,numbered_aligned
28:68,28:68:2:1,28:68:4:1,28:68:2,28:68:4,3MS,3MS,0,qac_v0.4_aligned,numbered_aligned
28:68,28:68:4:1,28:68:5:2,28:68:4,28:68:5,3MS,3MS,0,qac_v0.4_aligned,numbered_aligned
28:68,28:68:5:2,28:68:7:1,28:68:5,28:68:7,3MS,3MS,0,qac_v0.4_aligned,numbered_aligned
28:68,28:68:7:1,28:68:12:2,28:68:7,28:68:12,3MS,3MS,0,qac_v0.4_aligned,numbered_aligned
28:68,28:68:12:2,28:68:14:1,28:68:12,28:68:14,3MS,3MP,0,qac_v0.4_aligned,numbered_aligned
28:69,28:69:2:1,28:69:4:1,28:69:2,28:69:4,3MS,3FS,0,qac_v0.4_aligned,numbered_aligned
28:69,28:69:4:1,28:69:7:1,28:69:4,28:69:7,3FS,3MP,0,qac_v0.4_aligned,numbered_aligned
28:71,28:71:4:1,28:71:16:1,28:71:4,28:71:16,3MS,3MS,0,qac_v0.4_aligned,numbered_aligned
28:71,28:71:16:1,28:71:19:1,28:71:16,28:71:19,3MS,2MP,1,qac_v0.4_aligned,numbered_aligned
28:72,28:72:4:1,28:72:16:1,28:72:4,28:72:16,3MS,3MS,0,qac_v0.4_aligned,numbered_aligned
28:72,28:72:16:1,28:72:18:1,28:72:16,28:72:18,3MS,2MP,1,qac_v0.4_aligned,numbered_aligned
28:72,28:72:18:1,28:72:21:1,28:72:18,28:72:21,2MP,2MP,0,qac_v0.4_aligned,numbered_aligned
28:73,28:73:3:1,28:73:7:2,28:73:3,28:73:7,3MS,2MP,1,qac_v0.4_aligned,numbered_aligned
28:73,28:73:7:2,28:73:9:3,28:73:7,28:73:9,2MP,2MP,0,qac_v0.4_aligned,numbered_aligned
28:73,28:73:9:3,28:73:13:1,28:73:9,28:73:13,2MP,2MP,0,qac_v0.4_aligned,numbered_aligned
28:74,28:74:2:1,28:74:3:2,28:74:2,28:74:3,3MS,3MS,0,qac_v0.4_aligned,numbered_aligned
28:74,28:74:3:2,28:74:7:1,28:74:3,28:74:7,3MS,2MP,1,qac_v0.4_aligned,numbered_aligned
28:74,28:74:7:1,28:74:8:1,28:74:7,28:74:8,2MP,2MP,0,qac_v0.4_aligned,numbered_aligned
28:75,28:75:1:2,28:75:6:2,28:75:1,28:75:6,1P,1P,0,qac_v0.4_aligned,numbered_aligned
28:75,28:75:6:2,28:75:7:1,28:75:6,28:75:7,1P,2MP,1,qac_v0.4_aligned,numbered_aligned
28:75,28:75:7:1,28:75:9:2,28:75:7,28:75:9,2MP,3MP,1,qac_v0.4_aligned,numbered_aligned
28:75,28:75:9:2,28:75:13:2,28:75:9,28:75:13,3MP,3MS,0,qac_v0.4_aligned,numbered_aligned
28:75,28:75:13:2,28:75:16:1,28:75:13,28:75:16,3MS,3MP,0,qac_v0.4_aligned,numbered_aligned
28:75,28:75:16:1,28:75:17:1,28:75:16,28:75:17,3MP,3MP,0,qac_v0.4_aligned,numbered_aligned
28:76,28:76:3:1,28:76:7:2,28:76:3,28:76:7,3MS,3MS,0,qac_v0.4_aligned,numbered_aligned
28:76,28:76:20:1,28:76:24:1,28:76:20,28:76:24,3MS,3FS,0,qac_v0.4_aligned,numbered_aligned
28:76,28:76:24:1,28:76:28:1,28:76:24,28:76:28,3FS,3MS,0,qac_v0.4_aligned,numbered_aligned
28:77,28:77:8:1,28:77:12:2,28:77:8,28:77:12,2MS,2MS,0,qac_v0.4_aligned,numbered_aligned
28:77,28:77:12:2,28:77:14:1,28:77:12,28:77:14,2MS,3MS,1,qac_v0.4_aligned,numbered_aligned
28:77,28:77:14:1,28:77:18:1,28:77:14,28:77:18,3MS,2MS,1,qac_v0.4_aligned,numbered_aligned
28:77,28:77:18:1,28:77:25:1,28:77:18,28:77:25,2MS,3MS,1,qac_v0.4_aligned,numbered_aligned
28:78,28:78:1:1,28:78:3:1,28:78:1,28:78:3,3MS,1S,1,qac_v0.4_aligned,numbered_aligned
28:78,28:78:3:1,28:78:8:1,28:78:3,28:78:8,1S,3MS,1,qac_v0.4_aligned,numbered_aligned
28:78,28:78:8:1,28:78:12:1,28:78:8,28:78:12,3MS,3MS,0,qac_v0.4_aligned,numbered_aligned
28:79,28:79:1:2,28:79:6:1,28:79:1,28:79:6,3MS,3MS,0,qac_v0.4_aligned,numbered_aligned
28:79,28:79:6:1,28:79:8:1,28:79:6,28:79:8,3MS,3MP,0,qac_v0.4_aligned,numbered_aligned
28:80,28:80:1:2,28:80:3:1,28:80:1,28:80:3,3MS,3MP,0,qac_v0.4_aligned,numbered_aligned
28:81,28:81:1:2,28:81:6:1,28:81:1,28:81:6,1P,3MS,1,qac_v0.4_aligned,numbered_aligned
28:81,28:81:6:1,28:81:10:1,28:81:6,28:81:10,3MS,3MP,0,qac_v0.4_aligned,numbered_aligned
28:81,28:81:10:1,28:81:15:1,28:81:10,28:81:15,3MP,3MS,0,qac_v0.4_aligned,numbered_aligned
28:82,28:82:1:2,28:82:3:1,28:82:1,28:82:3,3MS,3MP,0,qac_v0.4_aligned,numbered_aligned
28:82,28:82:3:1,28:82:6:1,28:82:3,28:82:6,3MP,3MP,0,qac_v0.4_aligned,numbered_aligned
28:82,28:82:6:1,28:82:9:1,28:82:6,28:82:9,3MP,3MS,0,qac_v0.4_aligned,numbered_aligned
28:82,28:82:9:1,28:82:12:1,28:82:9,28:82:12,3MS,3MS,0,qac_v0.4_aligned,numbered_aligned
28:82,28:82:12:1,28:82:15:2,28:82:12,28:82:15,3MS,3MS,0,qac_v0.4_aligned,numbered_aligned
28:82,28:82:15:2,28:82:18:1,28:82:15,28:82:18,3MS,3MS,0,qac_v0.4_aligned,numbered_aligned
28:82,28:82:18:1,28:82:21:2,28:82:18,28:82:21,3MS,3MS,0,qac_v0.4_aligned,numbered_aligned
28:82,28:82:21:2,28:82:25:1,28:82:21,28:82:25,3MS,3MS,0,qac_v0.4_aligned,numbered_aligned
28:83,28:83:4:1,28:83:7:1,28:83:4,28:83:7,1P,3MP,1,qac_v0.4_aligned,numbered_aligned
28:84,28:84:2:1,28:84:8:1,28:84:2,28:84:8,3MS,3MS,0,qac_v0.4_aligned,numbered_aligned
28:84,28:84:8:1,28:84:11:1,28:84:8,28:84:11,3MS,3MS,0,qac_v0.4_aligned,numbered_aligned
28:84,28:84:11:1,28:84:13:1,28:84:11,28:84:13,3MS,3MP,0,qac_v0.4_aligned,numbered_aligned
28:84,28:84:13:1,28:84:17:1,28:84:13,28:84:17,3MP,3MP,0,qac_v0.4_aligned,numbered_aligned
28:84,28:84:17:1,28:84:18:1,28:84:17,28:84:18,3MP,3MP,0,qac_v0.4_aligned,numbered_aligned
28:85,28:85:3:1,28:85:9:1,28:85:3,28:85:9,3MS,2MS,1,qac_v0.4_aligned,numbered_aligned
28:85,28:85:9:1,28:85:13:1,28:85:9,28:85:13,2MS,3MS,1,qac_v0.4_aligned,numbered_aligned
28:86,28:86:5:1,28:86:13:1,28:86:5,28:86:13,3MS,3FS,0,qac_v0.4_aligned,numbered_aligned
28:87,28:87:2:1,28:87:8:1,28:87:2,28:87:8,3MP,3FS,0,qac_v0.4_aligned,numbered_aligned
28:87,28:87:8:1,28:87:10:2,28:87:8,28:87:10,3FS,2MS,1,qac_v0.4_aligned,numbered_aligned
28:87,28:87:10:2,28:87:14:1,28:87:10,28:87:14,2MS,3FS,1,qac_v0.4_aligned,numbered_aligned
28:88,28:88:2:1,28:88:19:1,28:88:2,28:88:19,3FS,2MP,1,qac_v0.4_aligned,numbered_aligned
29:2,29:2:1:2,29:2:4:1,29:2:1,29:2:4,3MS,3MP,0,qac_v0.4_aligned,numbered_aligned
29:2,29:2:4:1,29:2:6:1,29:2:4,29:2:6,3MP,3MP,0,qac_v0.4_aligned,numbered_aligned
29:3,29:3:2:1,29:3:6:3,29:3:2,29:3:6,1P,3MS,1,qac_v0.4_aligned,numbered_aligned
29:3,29:3:6:3,29:3:9:1,29:3:6,29:3:9,3MS,3MP,0,qac_v0.4_aligned,numbered_aligned
29:3,29:3:9:1,29:3:10:3,29:3:9,29:3:10,3MP,3MS,0,qac_v0.4_aligned,numbered_aligned
29:4,29:4:2:1,29:4:4:1,29:4:2,29:4:4,3MS,3MP,0,qac_v0.4_aligned,numbered_aligned
29:4,29:4:4:1,29:4:7:1,29:4:4,29:4:7,3MP,3MP,0,qac_v0.4_aligned,numbered_aligned
29:4,29:4:7:1,29:4:8:1,29:4:7,29:4:8,3MP,3MS,0,qac_v0.4_aligned,numbered_aligned
29:4,29:4:8:1,29:4:10:1,29:4:8,29:4:10,3MS,3MP,0,qac_v0.4_aligned,numbered_aligned
29:6,29:6:2:1,29:6:4:1,29:6:2,29:6:4,3MS,3MS,0,qac_v0.4_aligned,numbered_aligned
29:7,29:7:3:2,29:7:5:2,29:7:3,29:7:5,3MP,1P,1,qac_v0.4_aligned,numbered_aligned
29:7,29:7:5:2,29:7:8:3,29:7:5,29:7:8,1P,1P,0,qac_v0.4_aligned,numbered_aligned
29:7,29:7:8:3,29:7:11:1,29:7:8,29:7:11,1P,3MP,1,qac_v0.4_aligned,numbered_aligned
29:7,29:7:11:1,29:7:12:1,29:7:11,29:7:12,3MP,3MP,0,qac_v0.4_aligned,numbered_aligned
29:8,29:8:1:2,29:8:6:1,29:8:1,29:8:6,1P,3MD,1,qac_v0.4_aligned,numbered_aligned
29:8,29:8:6:1,29:8:7:2,29:8:6,29:8:7,3MD,2MS,1,qac_v0.4_aligned,numbered_aligned
29:8,29:8:7:2,29:8:10:1,29:8:7,29:8:10,2MS,3MS,1,qac_v0.4_aligned,numbered_aligned
29:8,29:8:10:1,29:8:15:1,29:8:10,29:8:15,3MS,3FS,0,qac_v0.4_aligned,numbered_aligned
29:8,29:8:15:1,29:8:18:2,29:8:15,29:8:18,3FS,1S,1,qac_v0.4_aligned,numbered_aligned
29:8,29:8:18:2,29:8:20:1,29:8:18,29:8:20,1S,2MP,1,qac_v0.4_aligned,numbered_aligned
29:8,29:8:20:1,29:8:21:1,29:8:20,29:8:21,2MP,2MP,0,qac_v0.4_aligned,numbered_aligned
29:9,29:9:3:2,29:9:5:2,29:9:3,29:9:5,3MP,1P,1,qac_v0.4_aligned,numbered_aligned
29:10,29:10:11:1,29:10:17:1,29:10:11,29:10:17,3MS,3MS,0,qac_v0.4_aligned,numbered_aligned
29:10,29:10:17:1,29:10:21:2,29:10:17,29:10:21,3MS,3MP,0,qac_v0.4_aligned,numbered_aligned
29:10,29:10:21:2,29:10:23:1,29:10:21,29:10:23,3MP,1P,1,qac_v0.4_aligned,numbered_aligned
29:10,29:10:23:1,29:10:25:3,29:10:23,29:10:25,1P,3MS,1,qac_v0.4_aligned,numbered_aligned
29:12,29:12:1:2,29:12:3:1,29:12:1,29:12:3,3MS,3MP,0,qac_v0.4_aligned,numbered_aligned
29:12,29:12:6:1,29:12:8:3,29:12:6,29:12:8,2MP,1P,1,qac_v0.4_aligned,numbered_aligned
29:13,29:13:10:1,29:13:11:1,29:13:10,29:13:11,3MP,3MP,0,qac_v0.4_aligned,numbered_aligned
29:14,29:14:2:1,29:14:6:2,29:14:2,29:14:6,1P,3MS,1,qac_v0.4_aligned,numbered_aligned
29:14,29:14:6:2,29:14:13:2,29:14:6,29:14:13,3MS,3MS,0,qac_v0.4_aligned,numbered_aligned
29:15,29:15:1:2,29:15:4:2,29:15:1,29:15:4,1P,1P,0,qac_v0.4_aligned,numbered_aligned
29:16,29:16:3:1,29:16:5:1,29:16:3,29:16:5,3MS,2MP,1,qac_v0.4_aligned,numbered_aligned
29:16,29:16:5:1,29:16:7:2,29:16:5,29:16:7,2MP,2MP,0,qac_v0.4_aligned,numbered_aligned
29:16,29:16:7:2,29:16:12:1,29:16:7,29:16:12,2MP,2MP,0,qac_v0.4_aligned,numbered_aligned
29:16,29:16:12:1,29:16:13:1,29:16:12,29:16:13,2MP,2MP,0,qac_v0.4_aligned,numbered_aligned
29:17,29:17:2:1,29:17:7:2,29:17:2,29:17:7,2MP,2MP,0,qac_v0.4_aligned,numbered_aligned
29:17,29:17:7:2,29:17:11:1,29:17:7,29:17:11,2MP,2MP,0,qac_v0.4_aligned,numbered_aligned
29:17,29:17:11:1,29:17:16:1,29:17:11,29:17:16,2MP,3MP,1,qac_v0.4_aligned,numbered_aligned
29:17,29:17:16:1,29:17:19:2,29:17:16,29:17:19,3MP,2MP,1,qac_v0.4_aligned,numbered_aligned
29:17,29:17:19:2,29:17:23:2,29:17:19,29:17:23,2MP,2MP,0,qac_v0.4_aligned,numbered_aligned
29:17,29:17:23:2,29:17:24:2,29:17:23,29:17:24,2MP,2MP,0,qac_v0.4_aligned,numbered_aligned
29:17,29:17:24:2,29:17:27:1,29:17:24,29:17:27,2MP,2MP,0,qac_v0.4_aligned,numbered_aligned
29:18,29:18:2:1,29:18:4:1,29:18:2,29:18:4,2MP,3MS,1,qac_v0.4_aligned,numbered_aligned
29:19,29:19:2:1,29:19:4:1,29:19:2,29:19:4,3MP,3MS,0,qac_v0.4_aligned,numbered_aligned
29:19,29:19:4:1,29:19:8:1,29:19:4,29:19:8,3MS,3MS,0,qac_v0.4_aligned,numbered_aligned
29:20,29:20:1:1,29:20:2:1,29:20:1,29:20:2,2MS,2MP,0,qac_v0.4_aligned,numbered_aligned
29:20,29:20:2:1,29:20:5:2,29:20:2,29:20:5,2MP,2MP,0,qac_v0.4_aligned,numbered_aligned
29:20,29:20:5:2,29:20:7:1,29:20:5,29:20:7,2MP,3MS,1,qac_v0.4_aligned,numbered_aligned
29:20,29:20:7:1,29:20:11:1,29:20:7,29:20:11,3MS,3MS,0,qac_v0.4_aligned,numbered_aligned
29:21,29:21:1:1,29:21:3:1,29:21:1,29:21:3,3MS,3MS,0,qac_v0.4_aligned,numbered_aligned
29:21,29:21:3:1,29:21:4:2,29:21:3,29:21:4,3MS,3MS,0,qac_v0.4_aligned,numbered_aligned
29:21,29:21:4:2,29:21:6:1,29:21:4,29:21:6,3MS,3MS,0,qac_v0.4_aligned,numbered_aligned
29:21,29:21:6:1,29:21:8:1,29:21:6,29:21:8,3MS,2MP,1,qac_v0.4_aligned,numbered_aligned
29:23,29:23:2:1,29:23:7:1,29:23:2,29:23:7,3MP,3MP,0,qac_v0.4_aligned,numbered_aligned
29:24,29:24:2:1,29:24:7:1,29:24:2,29:24:7,3MS,3MP,0,qac_v0.4_aligned,numbered_aligned
29:24,29:24:7:1,29:24:8:1,29:24:7,29:24:8,3MP,2MP,1,qac_v0.4_aligned,numbered_aligned
29:24,29:24:8:1,29:24:10:1,29:24:8,29:24:10,2MP,2MP,0,qac_v0.4_aligned,numbered_aligned
29:25,29:25:1:2,29:25:3:1,29:25:1,29:25:3,3MS,2MP,1,qac_v0.4_aligned,numbered_aligned
29:25,29:25:3:1,29:25:16:1,29:25:3,29:25:16,2MP,3MS,1,qac_v0.4_aligned,numbered_aligned
29:25,29:25:16:1,29:25:19:2,29:25:16,29:25:19,3MS,3MS,0,qac_v0.4_aligned,numbered_aligned
29:27,29:27:1:2,29:27:5:2,29:27:1,29:27:5,1P,1P,0,qac_v0.4_aligned,numbered_aligned
29:28,29:28:3:1,29:28:6:2,29:28:3,29:28:6,3MS,2MP,1,qac_v0.4_aligned,numbered_aligned
29:28,29:28:6:2,29:28:9:1,29:28:6,29:28:9,2MP,3MS,1,qac_v0.4_aligned,numbered_aligned
29:29,29:29:2:2,29:29:4:2,29:29:2,29:29:4,2MP,2MP,0,qac_v0.4_aligned,numbered_aligned
29:29,29:29:4:2,29:29:6:2,29:29:4,29:29:6,2MP,2MP,0,qac_v0.4_aligned,numbered_aligned
29:29,29:29:6:2,29:29:11:1,29:29:6,29:29:11,2MP,3MS,1,qac_v0.4_aligned,numbered_aligned
29:29,29:29:11:1,29:29:16:1,29:29:11,29:29:16,3MS,3MP,0,qac_v0.4_aligned,numbered_aligned
29:29,29:29:16:1,29:29:17:1,29:29:16,29:29:17,3MP,2MS,1,qac_v0.4_aligned,numbered_aligned
29:29,29:29:17:1,29:29:21:1,29:29:17,29:29:21,2MS,2MS,0,qac_v0.4_aligned,numbered_aligned
29:31,29:31:2:1,29:31:6:1,29:31:2,29:31:6,3FS,3MP,0,qac_v0.4_aligned,numbered_aligned
29:31,29:31:6:1,29:31:14:1,29:31:6,29:31:14,3MP,3MP,0,qac_v0.4_aligned,numbered_aligned
29:32,29:32:1:1,29:32:5:1,29:32:1,29:32:5,3MS,3MP,0,qac_v0.4_aligned,numbered_aligned
29:32,29:32:5:1,29:32:10:2,29:32:5,29:32:10,3MP,1P,1,qac_v0.4_aligned,numbered_aligned
29:32,29:32:10:2,29:32:14:1,29:32:10,29:32:14,1P,3FS,1,qac_v0.4_aligned,numbered_aligned
29:33,29:33:8:2,29:33:11:2,29:33:8,29:33:11,3MS,3MP,0,qac_v0.4_aligned,numbered_aligned
29:33,29:33:11:2,29:33:13:1,29:33:11,29:33:13,3MP,2MS,1,qac_v0.4_aligned,numbered_aligned
29:33,29:33:13:1,29:33:15:1,29:33:13,29:33:15,2MS,2MS,0,qac_v0.4_aligned,numbered_aligned
29:33,29:33:15:1,29:33:21:1,29:33:15,29:33:21,2MS,3FS,1,qac_v0.4_aligned,numbered_aligned
29:34,29:34:11:1,29:34:12:1,29:34:11,29:34:12,3MP,3MP,0,qac_v0.4_aligned,numbered_aligned
29:35,29:35:2:1,29:35:7:1,29:35:2,29:35:7,1P,3MP,1,qac_v0.4_aligned,numbered_aligned
29:36,29:36:5:2,29:36:7:1,29:36:5,29:36:8,3MS,2MP,1,qac_v0.4_aligned,numbered_aligned
29:36,29:36:7:1,29:36:9:2,29:36:8,29:36:10,2MP,2MP,0,qac_v0.4_aligned,numbered_aligned
29:36,29:36:9:2,29:36:13:1,29:36:10,29:36:14,2MP,2MP,0,qac_v0.4_aligned,numbered_aligned
29:37,29:37:1:2,29:37:2:2,29:37:1,29:37:2,3MP,3FS,0,qac_v0.4_aligned,numbered_aligned
29:37,29:37:2:2,29:37:4:2,29:37:2,29:37:4,3FS,3MP,0,qac_v0.4_aligned,numbered_aligned
29:38,29:38:4:1,29:38:8:2,29:38:4,29:38:8,3MS,3MS,0,qac_v0.4_aligned,numbered_aligned
29:38,29:38:8:2,29:38:12:2,29:38:8,29:38:12,3MS,3MS,0,qac_v0.4_aligned,numbered_aligned
29:38,29:38:12:2,29:38:15:2,29:38:12,29:38:15,3MS,3MP,0,qac_v0.4_aligned,numbered_aligned
29:39,29:39:5:1,29:39:8:2,29:39:5,29:39:8,3MS,3MP,0,qac_v0.4_aligned,numbered_aligned
29:39,29:39:8:2,29:39:12:1,29:39:8,29:39:12,3MP,3MP,0,qac_v0.4_aligned,numbered_aligned
29:40,29:40:2:1,29:40:6:1,29:40:2,29:40:6,1P,1P,0,qac_v0.4_aligned,numbered_aligned
29:40,29:40:6:1,29:40:11:1,29:40:6,29:40:11,1P,3FS,1,qac_v0.4_aligned,numbered_aligned
29:40,29:40:11:1,29:40:15:1,29:40:11,29:40:15,3FS,1P,1,qac_v0.4_aligned,numbered_aligned
29:40,29:40:15:1,29:40:20:1,29:40:15,29:40:20,1P,1P,0,qac_v0.4_aligned,numbered_aligned
29:40,29:40:20:1,29:40:22:1,29:40:20,29:40:22,1P,3MS,1,qac_v0.4_aligned,numbered_aligned
29:40,29:40:22:1,29:40:24:2,29:40:22,29:40:24,3MS,3MS,0,qac_v0.4_aligned,numbered_aligned
29:40,29:40:24:2,29:40:26:1,29:40:24,29:40:26,3MS,3MP,0,qac_v0.4_aligned,numbered_aligned
29:40,29:40:26:1,29:40:28:1,29:40:26,29:40:28,3MP,3MP,0,qac_v0.4_aligned,numbered_aligned
29:41,29:41:3:1,29:41:10:1,29:41:3,29:41:10,3MP,3FS,0,qac_v0.4_aligned,numbered_aligned
29:41,29:41:10:1,29:41:18:1,29:41:10,29:41:18,3FS,3MP,0,qac_v0.4_aligned,numbered_aligned
29:41,29:41:18:1,29:41:19:1,29:41:18,29:41:19,3MP,3MP,0,qac_v0.4_aligned,numbered_aligned
29:42,29:42:3:1,29:42:5:1,29:42:3,29:42:5,3MS,3MP,0,qac_v0.4_aligned,numbered_aligned
29:43,29:43:3:1,29:43:6:1,29:43:3,29:43:6,1P,3MS,1,qac_v0.4_aligned,numbered_aligned
29:45,29:45:7:2,29:45:11:1,29:45:7,29:45:11,2MS,3FS,1,qac_v0.4_aligned,numbered_aligned
29:45,29:45:11:1,29:45:19:1,29:45:11,29:45:19,3FS,3MS,0,qac_v0.4_aligned,numbered_aligned
29:45,29:45:19:1,29:45:21:1,29:45:19,29:45:21,3MS,2MP,1,qac_v0.4_aligned,numbered_aligned
29:46,29:46:2:1,29:46:11:1,29:46:2,29:46:11,2MP,3MP,1,qac_v0.4_aligned,numbered_aligned
29:46,29:46:11:1,29:46:13:2,29:46:11,29:46:13,3MP,2MP,1,qac_v0.4_aligned,numbered_aligned
29:46,29:46:16:1,29:46:18:2,29:46:16,29:46:18,3MS,3MS,0,qac_v0.4_aligned,numbered_aligned
29:47,29:47:8:1,29:47:13:1,29:47:8,29:47:13,3MP,3MS,0,qac_v0.4_aligned,numbered_aligned
29:47,29:47:13:1,29:47:16:1,29:47:13,29:47:16,3MS,3MS,0,qac_v0.4_aligned,numbered_aligned
29:48,29:48:9:1,29:48:12:2,29:48:9,29:48:12,2MS,3MS,1,qac_v0.4_aligned,numbered_aligned
29:49,29:49:8:1,29:49:11:1,29:49:8,29:49:11,3MP,3MS,0,qac_v0.4_aligned,numbered_aligned
29:50,29:50:1:2,29:50:3:1,29:50:1,29:50:3,3MP,3MS,0,qac_v0.4_aligned,numbered_aligned
29:50,29:50:3:1,29:50:8:1,29:50:3,29:50:8,3MS,2MS,1,qac_v0.4_aligned,numbered_aligned
29:51,29:51:2:1,29:51:4:1,29:51:2,29:51:4,3MS,1P,1,qac_v0.4_aligned,numbered_aligned
29:51,29:51:4:1,29:51:7:1,29:51:4,29:51:7,1P,3MS,1,qac_v0.4_aligned,numbered_aligned
29:51,29:51:7:1,29:51:15:1,29:51:7,29:51:15,3MS,3MP,0,qac_v0.4_aligned,numbered_aligned
29:52,29:52:1:1,29:52:2:1,29:52:1,29:52:2,2MS,3MS,1,qac_v0.4_aligned,numbered_aligned
29:52,29:52:2:1,29:52:7:1,29:52:2,29:52:7,3MS,3MS,0,qac_v0.4_aligned,numbered_aligned
29:53,29:53:1:2,29:53:6:2,29:53:1,29:53:6,3MP,3MS,0,qac_v0.4_aligned,numbered_aligned
29:53,29:53:6:2,29:53:8:3,29:53:6,29:53:8,3MS,3MS,0,qac_v0.4_aligned,numbered_aligned
29:53,29:53:8:3,29:53:12:1,29:53:8,29:53:12,3MS,3MP,0,qac_v0.4_aligned,numbered_aligned
29:55,29:55:9:2,29:55:10:1,29:55:9,29:55:10,3MS,2MP,1,qac_v0.4_aligned,numbered_aligned
29:55,29:55:10:1,29:55:12:1,29:55:10,29:55:12,2MP,2MP,0,qac_v0.4_aligned,numbered_aligned
29:55,29:55:12:1,29:55:13:1,29:55:12,29:55:13,2MP,2MP,0,qac_v0.4_aligned,numbered_aligned
29:58,29:58:3:2,29:58:5:2,29:58:3,29:58:5,3MP,1P,1,qac_v0.4_aligned,numbered_aligned
29:59,29:59:2:1,29:59:5:1,29:59:2,29:59:5,3MP,3MP,0,qac_v0.4_aligned,numbered_aligned
29:60,29:60:5:1,29:60:8:1,29:60:5,29:60:8,3FS,3MS,0,qac_v0.4_aligned,numbered_aligned
29:61,29:61:2:1,29:61:4:1,29:61:2,29:61:4,2MS,3MS,1,qac_v0.4_aligned,numbered_aligned
29:61,29:61:4:1,29:61:7:2,29:61:4,29:61:7,3MS,3MS,0,qac_v0.4_aligned,numbered_aligned
29:61,29:61:7:2,29:61:10:2,29:61:7,29:61:10,3MS,3MP,0,qac_v0.4_aligned,numbered_aligned
29:61,29:61:10:2,29:61:13:1,29:61:10,29:61:13,3MP,3MP,0,qac_v0.4_aligned,numbered_aligned
29:62,29:62:2:1,29:62:5:1,29:62:2,29:62:5,3MS,3MS,0,qac_v0.4_aligned,numbered_aligned
29:62,29:62:5:1,29:62:8:2,29:62:5,29:62:8,3MS,3MS,0,qac_v0.4_aligned,numbered_aligned
29:63,29:63:2:1,29:63:4:1,29:63:2,29:63:4,2MS,3MS,1,qac_v0.4_aligned,numbered_aligned
29:63,29:63:4:1,29:63:8:2,29:63:4,29:63:8,3MS,3MS,0,qac_v0.4_aligned,numbered_aligned
29:63,29:63:8:2,29:63:14:2,29:63:8,29:63:14,3MS,3MP,0,qac_v0.4_aligned,numbered_aligned
29:63,29:63:14:2,29:63:16:1,29:63:14,29:63:16,3MP,2MS,1,qac_v0.4_aligned,numbered_aligned
29:63,29:63:16:1,29:63:22:1,29:63:16,29:63:22,2MS,3MP,1,qac_v0.4_aligned,numbered_aligned
29:64,29:64:14:1,29:64:15:1,29:64:14,29:64:15,3MP,3MP,0,qac_v0.4_aligned,numbered_aligned
29:65,29:65:2:1,29:65:5:1,29:65:2,29:65:5,3MP,3MP,0,qac_v0.4_aligned,numbered_aligned
29:66,29:66:4:3,29:66:6:1,29:66:4,29:66:6,3MP,3MP,0,qac_v0.4_aligned,numbered_aligned
29:67,29:67:2:1,29:67:4:1,29:67:2,29:67:4,3MP,1P,1,qac_v0.4_aligned,numbered_aligned
29:67,29:67:4:1,29:67:7:2,29:67:4,29:67:7,1P,3MS,1,qac_v0.4_aligned,numbered_aligned
29:67,29:67:7:2,29:67:12:1,29:67:7,29:67:12,3MS,3MP,0,qac_v0.4_aligned,numbered_aligned
29:67,29:67:12:1,29:67:15:1,29:67:12,29:67:15,3MP,3MP,0,qac_v0.4_aligned,numbered_aligned
29:68,29:68:4:1,29:68:9:1,29:68:4,29:68:9,3MS,3MS,0,qac_v0.4_aligned,numbered_aligned
29:68,29:68:9:1,29:68:12:1,29:68:9,29:68:12,3MS,3MS,0,qac_v0.4_aligned,numbered_aligned
29:68,29:68:12:1,29:68:13:2,29:68:12,29:68:13,3MS,3MS,0,qac_v0.4_aligned,numbered_aligned
29:69,29:69:2:1,29:69:4:2,29:69:2,29:69:4,3MP,1P,1,qac_v0.4_aligned,numbered_aligned
30:5,30:5:3:1,30:5:5:1,30:5:3,30:5:5,3MS,3MS,0,qac_v0.4_aligned,numbered_aligned
30:6,30:6:4:1,30:6:11:1,30:6:4,30:6:11,3MS,3MP,0,qac_v0.4_aligned,numbered_aligned
30:8,30:8:2:1,30:8:6:1,30:8:2,30:8:6,3MP,3MS,0,qac_v0.4_aligned,numbered_aligned
30:9,30:9:2:1,30:9:5:2,30:9:2,30:9:5,3MP,3MP,0,qac_v0.4_aligned,numbered_aligned
30:9,30:9:5:2,30:9:7:1,30:9:5,30:9:7,3MP,3MS,0,qac_v0.4_aligned,numbered_aligned
30:9,30:9:7:1,30:9:12:1,30:9:7,30:9:12,3MS,3MP,0,qac_v0.4_aligned,numbered_aligned
30:9,30:9:12:1,30:9:16:2,30:9:12,30:9:16,3MP,3MP,0,qac_v0.4_aligned,numbered_aligned
30:9,30:9:16:2,30:9:18:2,30:9:16,30:9:18,3MP,3MP,0,qac_v0.4_aligned,numbered_aligned
30:9,30:9:18:2,30:9:21:1,30:9:18,30:9:21,3MP,3MP,0,qac_v0.4_aligned,numbered_aligned
30:9,30:9:21:1,30:9:22:2,30:9:21,30:9:22,3MP,3FS,0,qac_v0.4_aligned,numbered_aligned
30:9,30:9:22:2,30:9:26:1,30:9:22,30:9:26,3FS,3MS,0,qac_v0.4_aligned,numbered_aligned
30:9,30:9:26:1,30:9:28:2,30:9:26,30:9:28,3MS,3MS,0,qac_v0.4_aligned,numbered_aligned
30:9,30:9:28:2,30:9:30:1,30:9:28,30:9:30,3MS,3MP,0,qac_v0.4_aligned,numbered_aligned
30:9,30:9:30:1,30:9:32:1,30:9:30,30:9:32,3MP,3MP,0,qac_v0.4_aligned,numbered_aligned
30:10,30:10:8:1,30:10:11:2,30:10:8,30:10:11,3MP,3MP,0,qac_v0.4_aligned,numbered_aligned
30:11,30:11:5:1,30:11:8:1,30:11:5,30:11:8,3MS,2MP,1,qac_v0.4_aligned,numbered_aligned
30:12,30:12:2:1,30:12:4:1,30:12:2,30:12:4,3FS,3MS,0,qac_v0.4_aligned,numbered_aligned
30:13,30:13:2:1,30:13:7:2,30:13:2,30:13:7,3MS,3MP,0,qac_v0.4_aligned,numbered_aligned
30:14,30:14:2:1,30:14:5:1,30:14:2,30:14:5,3FS,3MP,0,qac_v0.4_aligned,numbered_aligned
30:15,30:15:4:2,30:15:9:1,30:15:4,30:15:9,3MP,3MP,0,qac_v0.4_aligned,numbered_aligned
30:16,30:16:3:1,30:16:4:2,30:16:3,30:16:4,3MP,3MP,0,qac_v0.4_aligned,numbered_aligned
30:17,30:17:4:1,30:17:6:1,30:17:4,30:17:6,2MP,2MP,0,qac_v0.4_aligned,numbered_aligned
30:19,30:19:1:1,30:19:5:2,30:19:1,30:19:5,3MS,3MS,0,qac_v0.4_aligned,numbered_aligned
30:20,30:20:4:1,30:20:11:1,30:20:4,30:20:11,3MS,2MP,1,qac_v0.4_aligned,numbered_aligned
30:21,30:21:4:1,30:21:9:2,30:21:4,30:21:9,3MS,2MP,1,qac_v0.4_aligned,numbered_aligned
30:21,30:21:9:2,30:21:11:2,30:21:9,30:21:11,2MP,3MS,1,qac_v0.4_aligned,numbered_aligned
30:21,30:21:11:2,30:21:20:1,30:21:11,30:21:20,3MS,3MP,0,qac_v0.4_aligned,numbered_aligned
30:24,30:24:3:1,30:24:7:2,30:24:3,30:24:7,3MS,3MS,0,qac_v0.4_aligned,numbered_aligned
30:25,30:25:4:1,30:25:10:1,30:25:4,30:25:10,3FS,3MS,0,qac_v0.4_aligned,numbered_aligned
30:25,30:25:10:1,30:25:16:1,30:25:10,30:25:16,3MS,2MP,1,qac_v0.4_aligned,numbered_aligned
30:28,30:28:1:1,30:28:10:1,30:28:1,30:28:10,3MS,3FS,0,qac_v0.4_aligned,numbered_aligned
30:28,30:28:10:1,30:28:16:1,30:28:10,30:28:16,3FS,1P,1,qac_v0.4_aligned,numbered_aligned
30:28,30:28:16:1,30:28:20:1,30:28:16,30:28:20,1P,2MP,1,qac_v0.4_aligned,numbered_aligned
30:28,30:28:20:1,30:28:24:1,30:28:20,30:28:24,2MP,1P,1,qac_v0.4_aligned,numbered_aligned
30:28,30:28:24:1,30:28:27:1,30:28:24,30:28:27,1P,3MP,1,qac_v0.4_aligned,numbered_aligned
30:29,30:29:2:1,30:29:4:1,30:29:2,30:29:4,3MS,3MP,0,qac_v0.4_aligned,numbered_aligned
30:30,30:30:1:2,30:30:8:1,30:30:1,30:30:8,2MS,3MS,1,qac_v0.4_aligned,numbered_aligned
30:30,30:30:8:1,30:30:22:1,30:30:8,30:30:22,3MS,3MP,0,qac_v0.4_aligned,numbered_aligned
30:31,30:31:3:2,30:31:4:2,30:31:3,30:31:4,2MP,2MP,0,qac_v0.4_aligned,numbered_aligned
30:31,30:31:4:2,30:31:7:1,30:31:4,30:31:7,2MP,2MP,0,qac_v0.4_aligned,numbered_aligned
30:32,30:32:3:1,30:32:5:2,30:32:3,30:32:5,3MP,3MP,0,qac_v0.4_aligned,numbered_aligned
30:33,30:33:2:1,30:33:5:1,30:33:2,30:33:5,3MS,3MP,0,qac_v0.4_aligned,numbered_aligned
30:33,30:33:5:1,30:33:11:1,30:33:5,30:33:11,3MP,3MS,0,qac_v0.4_aligned,numbered_aligned
30:33,30:33:11:1,30:33:18:1,30:33:11,30:33:18,3MS,3MP,0,qac_v0.4_aligned,numbered_aligned
30:34,30:34:4:2,30:34:6:1,30:34:4,30:34:6,2MP,2MP,0,qac_v0.4_aligned,numbered_aligned
30:35,30:35:2:1,30:35:6:1,30:35:2,30:35:6,1P,3MS,1,qac_v0.4_aligned,numbered_aligned
30:35,30:35:6:1,30:35:8:1,30:35:6,30:35:8,3MS,3MP,0,qac_v0.4_aligned,numbered_aligned
30:35,30:35:8:1,30:35:10:1,30:35:8,30:35:10,3MP,3MP,0,qac_v0.4_aligned,numbered_aligned
30:36,30:36:2:1,30:36:5:1,30:36:2,30:36:5,1P,3MP,1,qac_v0.4_aligned,numbered_aligned
30:36,30:36:5:1,30:36:8:1,30:36:5,30:36:8,3MP,3FS,0,qac_v0.4_aligned,numbered_aligned
30:36,30:36:8:1,30:36:11:1,30:36:8,30:36:11,3FS,3FS,0,qac_v0.4_aligned,numbered_aligned
30:36,30:36:11:1,30:36:15:1,30:36:11,30:36:15,3FS,3MP,0,qac_v0.4_aligned,numbered_aligned
30:37,30:37:2:1,30:37:5:1,30:37:2,30:37:5,3MP,3MS,0,qac_v0.4_aligned,numbered_aligned
30:37,30:37:5:1,30:37:8:1,30:37:5,30:37:8,3MS,3MS,0,qac_v0.4_aligned,numbered_aligned
30:37,30:37:8:1,30:37:9:2,30:37:8,30:37:9,3MS,3MS,0,qac_v0.4_aligned,numbered_aligned
30:37,30:37:9:2,30:37:15:1,30:37:9,30:37:15,3MS,3MP,0,qac_v0.4_aligned,numbered_aligned
30:40,30:40:3:1,30:40:5:1,30:40:3,30:40:5,3MS,3MS,0,qac_v0.4_aligned,numbered_aligned
30:40,30:40:5:1,30:40:7:1,30:40:5,30:40:7,3MS,3MS,0,qac_v0.4_aligned,numbered_aligned
30:40,30:40:7:1,30:40:9:1,30:40:7,30:40:9,3MS,3MS,0,qac_v0.4_aligned,numbered_aligned
30:40,30:40:9:1,30:40:14:1,30:40:9,30:40:14,3MS,3MS,0,qac_v0.4_aligned,numbered_aligned
30:40,30:40:14:1,30:40:20:2,30:40:14,30:40:20,3MS,3MS,0,qac_v0.4_aligned,numbered_aligned
30:40,30:40:20:2,30:40:22:1,30:40:20,30:40:22,3MS,3MP,0,qac_v0.4_aligned,numbered_aligned
30:41,30:41:1:1,30:41:7:1,30:41:1,30:41:7,3MS,3FS,0,qac_v0.4_aligned,numbered_aligned
30:41,30:41:7:1,30:41:10:2,30:41:7,30:41:10,3FS,3MS,0,qac_v0.4_aligned,numbered_aligned
30:41,30:41:10:2,30:41:13:1,30:41:10,30:41:13,3MS,3MP,0,qac_v0.4_aligned,numbered_aligned
30:41,30:41:13:1,30:41:15:1,30:41:13,30:41:15,3MP,3MP,0,qac_v0.4_aligned,numbered_aligned
30:42,30:42:1:1,30:42:2:1,30:42:1,30:42:2,2MS,2MP,0,qac_v0.4_aligned,numbered_aligned
30:42,30:42:2:1,30:42:5:2,30:42:2,30:42:5,2MP,2MP,0,qac_v0.4_aligned,numbered_aligned
30:42,30:42:5:2,30:42:7:1,30:42:5,30:42:7,2MP,3MS,1,qac_v0.4_aligned,numbered_aligned
30:42,30:42:7:1,30:42:12:1,30:42:7,30:42:12,3MS,3MS,0,qac_v0.4_aligned,numbered_aligned
30:44,30:44:2:1,30:44:6:1,30:44:2,30:44:6,3MS,3MS,0,qac_v0.4_aligned,numbered_aligned
30:44,30:44:6:1,30:44:9:1,30:44:6,30:44:9,3MS,3MP,0,qac_v0.4_aligned,numbered_aligned
30:45,30:45:4:2,30:45:10:1,30:45:4,30:45:10,3MP,3MS,0,qac_v0.4_aligned,numbered_aligned
30:46,30:46:4:1,30:46:7:3,30:46:4,30:46:7,3MS,3MS,0,qac_v0.4_aligned,numbered_aligned
30:46,30:46:13:3,30:46:17:1,30:46:13,30:46:17,2MP,2MP,0,qac_v0.4_aligned,numbered_aligned
30:47,30:47:2:1,30:47:8:2,30:47:2,30:47:8,1P,3MP,1,qac_v0.4_aligned,numbered_aligned
30:47,30:47:8:2,30:47:10:2,30:47:8,30:47:10,3MP,1P,1,qac_v0.4_aligned,numbered_aligned
30:47,30:47:10:2,30:47:13:1,30:47:10,30:47:13,1P,3MP,1,qac_v0.4_aligned,numbered_aligned
30:47,30:47:13:1,30:47:14:2,30:47:13,30:47:14,3MP,3MS,0,qac_v0.4_aligned,numbered_aligned
30:48,30:48:3:1,30:48:5:2,30:48:3,30:48:5,3MS,3FS,0,qac_v0.4_aligned,numbered_aligned
30:48,30:48:5:2,30:48:7:2,30:48:5,30:48:7,3FS,3MS,0,qac_v0.4_aligned,numbered_aligned
30:48,30:48:7:2,30:48:11:1,30:48:7,30:48:11,3MS,3MS,0,qac_v0.4_aligned,numbered_aligned
30:48,30:48:11:1,30:48:12:2,30:48:11,30:48:12,3MS,3MS,0,qac_v0.4_aligned,numbered_aligned
30:48,30:48:12:2,30:48:14:2,30:48:12,30:48:14,3MS,2MS,1,qac_v0.4_aligned,numbered_aligned
30:48,30:48:14:2,30:48:16:1,30:48:14,30:48:16,2MS,3MS,1,qac_v0.4_aligned,numbered_aligned
30:48,30:48:16:1,30:48:20:1,30:48:16,30:48:20,3MS,3MS,0,qac_v0.4_aligned,numbered_aligned
30:48,30:48:20:1,30:48:23:1,30:48:20,30:48:23,3MS,3MS,0,qac_v0.4_aligned,numbered_aligned
30:48,30:48:23:1,30:48:28:1,30:48:23,30:48:28,3MS,3MP,0,qac_v0.4_aligned,numbered_aligned
30:49,30:49:2:1,30:49:6:1,30:49:2,30:49:6,3MP,3MS,0,qac_v0.4_aligned,numbered_aligned
30:51,30:51:2:1,30:51:4:2,30:51:2,30:51:4,1P,3MP,1,qac_v0.4_aligned,numbered_aligned
30:51,30:51:4:2,30:51:6:2,30:51:4,30:51:6,3MP,3MP,0,qac_v0.4_aligned,numbered_aligned
30:51,30:51:6:2,30:51:9:1,30:51:6,30:51:9,3MP,3MP,0,qac_v0.4_aligned,numbered_aligned
30:52,30:52:3:1,30:52:6:1,30:52:3,30:52:6,2MS,2MS,0,qac_v0.4_aligned,numbered_aligned
30:52,30:52:6:1,30:52:10:1,30:52:6,30:52:10,2MS,3MP,1,qac_v0.4_aligned,numbered_aligned
30:53,30:53:8:1,30:53:11:1,30:53:8,30:53:11,2MS,3MS,1,qac_v0.4_aligned,numbered_aligned
30:54,30:54:3:1,30:54:7:1,30:54:3,30:54:7,3MS,3MS,0,qac_v0.4_aligned,numbered_aligned
30:54,30:54:7:1,30:54:13:1,30:54:7,30:54:13,3MS,3MS,0,qac_v0.4_aligned,numbered_aligned
30:54,30:54:13:1,30:54:19:1,30:54:13,30:54:19,3MS,3MS,0,qac_v0.4_aligned,numbered_aligned
30:54,30:54:19:1,30:54:21:1,30:54:19,30:54:21,3MS,3MS,0,qac_v0.4_aligned,numbered_aligned
30:55,30:55:2:1,30:55:4:1,30:55:2,30:55:4,3FS,3MS,0,qac_v0.4_aligned,numbered_aligned
30:55,30:55:4:1,30:55:7:1,30:55:4,30:55:7,3MS,3MP,0,qac_v0.4_aligned,numbered_aligned
30:55,30:55:7:1,30:55:11:1,30:55:7,30:55:11,3MP,3MP,0,qac_v0.4_aligned,numbered_aligned
30:55,30:55:11:1,30:55:12:1,30:55:11,30:55:12,3MP,3MP,0,qac_v0.4_aligned,numbered_aligned
30:56,30:56:1:2,30:56:3:1,30:56:1,30:56:3,3MS,3MP,0,qac_v0.4_aligned,numbered_aligned
30:56,30:56:3:1,30:56:7:1,30:56:3,30:56:7,3MP,2MP,1,qac_v0.4_aligned,numbered_aligned
30:56,30:56:7:1,30:56:18:1,30:56:7,30:56:18,2MP,2MP,0,qac_v0.4_aligned,numbered_aligned
30:56,30:56:18:1,30:56:20:1,30:56:18,30:56:20,2MP,2MP,0,qac_v0.4_aligned,numbered_aligned
30:57,30:57:3:1,30:57:5:1,30:57:3,30:57:5,3MS,3MP,0,qac_v0.4_aligned,numbered_aligned
30:57,30:57:5:1,30:57:9:1,30:57:5,30:57:9,3MP,3MP,0,qac_v0.4_aligned,numbered_aligned
30:58,30:58:2:1,30:58:11:1,30:58:2,30:58:11,1P,2MS,1,qac_v0.4_aligned,numbered_aligned
30:58,30:58:11:1,30:58:13:2,30:58:11,30:58:13,2MS,3MS,1,qac_v0.4_aligned,numbered_aligned
30:58,30:58:13:2,30:58:15:1,30:58:13,30:58:15,3MS,3MP,0,qac_v0.4_aligned,numbered_aligned
30:59,30:59:2:1,30:59:8:1,30:59:2,30:59:8,3MS,3MP,0,qac_v0.4_aligned,numbered_aligned
30:60,30:60:1:2,30:60:7:1,30:60:1,30:60:7,2MS,3MS,1,qac_v0.4_aligned,numbered_aligned
30:60,30:60:7:1,30:60:10:1,30:60:7,30:60:10,3MS,3MP,0,qac_v0.4_aligned,numbered_aligned
31:4,31:4:2:1,31:4:4:2,31:4:2,31:4:4,3MP,3MP,0,qac_v0.4_aligned,numbered_aligned
31:4,31:4:4:2,31:4:9:1,31:4:4,31:4:9,3MP,3MP,0,qac_v0.4_aligned,numbered_aligned
31:6,31:6:7:2,31:6:13:2,31:6:7,31:6:13,3MS,3MS,0,qac_v0.4_aligned,numbered_aligned
31:7,31:7:2:1,31:7:5:1,31:7:2,31:7:5,3FS,3MS,0,qac_v0.4_aligned,numbered_aligned
31:7,31:7:5:1,31:7:9:1,31:7:5,31:7:9,3MS,3MS,0,qac_v0.4_aligned,numbered_aligned
31:7,31:7:9:1,31:7:14:2,31:7:9,31:7:14,3MS,2MS,1,qac_v0.4_aligned,numbered_aligned
31:10,31:10:1:1,31:10:5:1,31:10:1,31:10:5,3MS,2MP,1,qac_v0.4_aligned,numbered_aligned
31:10,31:10:5:1,31:10:6:2,31:10:5,31:10:6,2MP,3MS,1,qac_v0.4_aligned,numbered_aligned
31:10,31:10:6:2,31:10:11:1,31:10:6,31:10:11,3MS,3FS,0,qac_v0.4_aligned,numbered_aligned
31:10,31:10:11:1,31:10:13:2,31:10:11,31:10:13,3FS,3MS,0,qac_v0.4_aligned,numbered_aligned
31:10,31:10:13:2,31:10:18:2,31:10:13,31:10:18,3MS,1P,1,qac_v0.4_aligned,numbered_aligned
31:10,31:10:18:2,31:10:22:2,31:10:18,31:10:22,1P,1P,0,qac_v0.4_aligned,numbered_aligned
31:12,31:12:6:1,31:12:9:1,31:12:6,31:12:9,2MS,3MS,1,qac_v0.4_aligned,numbered_aligned
31:12,31:12:9:1,31:12:11:1,31:12:9,31:12:11,3MS,3MS,0,qac_v0.4_aligned,numbered_aligned
31:12,31:12:11:1,31:12:14:1,31:12:11,31:12:14,3MS,3MS,0,qac_v0.4_aligned,numbered_aligned
31:14,31:14:1:2,31:14:4:1,31:14:1,31:14:4,1P,3FS,1,qac_v0.4_aligned,numbered_aligned
31:14,31:14:4:1,31:14:13:1,31:14:4,31:14:13,3FS,2MS,1,qac_v0.4_aligned,numbered_aligned
31:15,31:15:2:1,31:15:5:1,31:15:2,31:15:5,3MD,2MS,1,qac_v0.4_aligned,numbered_aligned
31:15,31:15:5:1,31:15:8:1,31:15:5,31:15:8,2MS,3MS,1,qac_v0.4_aligned,numbered_aligned
31:15,31:15:8:1,31:15:13:1,31:15:8,31:15:13,3MS,3FS,0,qac_v0.4_aligned,numbered_aligned
31:15,31:15:13:1,31:15:14:2,31:15:13,31:15:14,3FS,2MS,1,qac_v0.4_aligned,numbered_aligned
31:15,31:15:14:2,31:15:18:2,31:15:14,31:15:18,2MS,2MS,0,qac_v0.4_aligned,numbered_aligned
31:15,31:15:18:2,31:15:21:1,31:15:18,31:15:21,2MS,3MS,1,qac_v0.4_aligned,numbered_aligned
31:15,31:15:21:1,31:15:26:2,31:15:21,31:15:26,3MS,1S,1,qac_v0.4_aligned,numbered_aligned
31:15,31:15:26:2,31:15:28:1,31:15:26,31:15:28,1S,2MP,1,qac_v0.4_aligned,numbered_aligned
31:15,31:15:28:1,31:15:29:1,31:15:28,31:15:29,2MP,2MP,0,qac_v0.4_aligned,numbered_aligned
31:18,31:18:2:1,31:18:6:1,31:18:2,31:18:6,2MS,2MS,0,qac_v0.4_aligned,numbered_aligned
31:18,31:18:6:1,31:18:13:1,31:18:6,31:18:13,2MS,3MS,1,qac_v0.4_aligned,numbered_aligned
31:19,31:19:1:2,31:19:4:2,31:19:1,31:19:4,2MS,2MS,0,qac_v0.4_aligned,numbered_aligned
31:20,31:20:2:1,31:20:5:1,31:20:2,31:20:5,2MP,3MS,1,qac_v0.4_aligned,numbered_aligned
31:20,31:20:5:1,31:20:13:2,31:20:5,31:20:13,3MS,3MS,0,qac_v0.4_aligned,numbered_aligned
31:20,31:20:13:2,31:20:21:1,31:20:13,31:20:21,3MS,3MS,0,qac_v0.4_aligned,numbered_aligned
31:21,31:21:2:1,31:21:4:1,31:21:2,31:21:4,3MS,2MP,1,qac_v0.4_aligned,numbered_aligned
31:21,31:21:4:1,31:21:6:1,31:21:4,31:21:6,2MP,3MS,1,qac_v0.4_aligned,numbered_aligned
31:21,31:21:6:1,31:21:8:1,31:21:6,31:21:8,3MS,3MP,0,qac_v0.4_aligned,numbered_aligned
31:21,31:21:8:1,31:21:10:1,31:21:8,31:21:10,3MP,1P,1,qac_v0.4_aligned,numbered_aligned
31:21,31:21:10:1,31:21:12:1,31:21:10,31:21:12,1P,1P,0,qac_v0.4_aligned,numbered_aligned
31:21,31:21:12:1,31:21:16:1,31:21:12,31:21:16,1P,3MS,1,qac_v0.4_aligned,numbered_aligned
31:21,31:21:16:1,31:21:18:1,31:21:16,31:21:18,3MS,3MS,0,qac_v0.4_aligned,numbered_aligned
31:22,31:22:2:1,31:22:9:1,31:22:2,31:22:9,3MS,3MS,0,qac_v0.4_aligned,numbered_aligned
31:23,31:23:2:1,31:23:4:1,31:23:2,31:23:4,3MS,3MS,0,qac_v0.4_aligned,numbered_aligned
31:23,31:23:4:1,31:23:8:2,31:23:4,31:23:8,3MS,1P,1,qac_v0.4_aligned,numbered_aligned
31:23,31:23:8:2,31:23:10:1,31:23:8,31:23:10,1P,3MP,1,qac_v0.4_aligned,numbered_aligned
31:24,31:24:1:1,31:24:4:1,31:24:1,31:24:4,1P,1P,0,qac_v0.4_aligned,numbered_aligned
31:25,31:25:2:1,31:25:4:1,31:25:2,31:25:4,2MS,3MS,1,qac_v0.4_aligned,numbered_aligned
31:25,31:25:4:1,31:25:7:2,31:25:4,31:25:7,3MS,3MP,0,qac_v0.4_aligned,numbered_aligned
31:25,31:25:7:2,31:25:9:1,31:25:7,31:25:9,3MP,2MS,1,qac_v0.4_aligned,numbered_aligned
31:25,31:25:9:1,31:25:15:1,31:25:9,31:25:15,2MS,3MP,1,qac_v0.4_aligned,numbered_aligned
31:27,31:27:9:1,31:27:15:1,31:27:9,31:27:15,3MS,3FS,0,qac_v0.4_aligned,numbered_aligned
31:29,31:29:2:1,31:29:5:1,31:29:2,31:29:5,2MS,3MS,1,qac_v0.4_aligned,numbered_aligned
31:29,31:29:5:1,31:29:9:2,31:29:5,31:29:9,3MS,3MS,0,qac_v0.4_aligned,numbered_aligned
31:29,31:29:9:2,31:29:13:2,31:29:9,31:29:13,3MS,3MS,0,qac_v0.4_aligned,numbered_aligned
31:32,31:32:2:1,31:32:5:1,31:32:2,31:32:5,3MS,3MP,0,qac_v0.4_aligned,numbered_aligned
31:33,31:33:3:1,31:33:5:2,31:33:4,31:33:6,2MP,2MP,0,qac_v0.4_aligned,numbered_aligned
31:33,31:33:24:1,31:33:28:1,31:33:25,31:33:29,3FS,3MS,0,qac_v0.4_aligned,numbered_aligned
31:34,31:34:6:2,31:34:8:2,31:34:6,31:34:8,3MS,3MS,0,qac_v0.4_aligned,numbered_aligned
32:4,32:4:3:1,32:4:12:1,32:4:3,32:4:12,3MS,3MS,0,qac_v0.4_aligned,numbered_aligned
32:4,32:4:12:1,32:4:24:1,32:4:12,32:4:24,3MS,2MP,1,qac_v0.4_aligned,numbered_aligned
32:5,32:5:1:1,32:5:8:1,32:5:1,32:5:8,3MS,3MS,0,qac_v0.4_aligned,numbered_aligned
32:5,32:5:8:1,32:5:12:1,32:5:8,32:5:12,3MS,3MS,0,qac_v0.4_aligned,numbered_aligned
32:5,32:5:12:1,32:5:17:1,32:5:12,32:5:17,3MS,2MP,1,qac_v0.4_aligned,numbered_aligned
32:7,32:7:2:1,32:7:5:1,32:7:2,32:7:5,3MS,3MS,0,qac_v0.4_aligned,numbered_aligned
32:7,32:7:5:1,32:7:6:2,32:7:5,32:7:6,3MS,3MS,0,qac_v0.4_aligned,numbered_aligned
32:9,32:9:3:2,32:9:7:2,32:9:3,32:9:7,3MS,3MS,0,qac_v0.4_aligned,numbered_aligned
32:9,32:9:7:2,32:9:14:1,32:9:7,32:9:14,3MS,2MP,1,qac_v0.4_aligned,numbered_aligned
32:10,32:10:1:2,32:10:3:1,32:10:1,32:10:3,3MP,1P,1,qac_v0.4_aligned,numbered_aligned
32:11,32:11:6:1,32:11:11:1,32:11:6,32:11:11,3MS,2MP,1,qac_v0.4_aligned,numbered_aligned
32:12,32:12:2:1,32:12:10:1,32:12:2,32:12:10,2MS,1P,1,qac_v0.4_aligned,numbered_aligned
32:12,32:12:10:1,32:12:11:2,32:12:10,32:12:11,1P,1P,0,qac_v0.4_aligned,numbered_aligned
32:12,32:12:11:2,32:12:12:2,32:12:11,32:12:12,1P,2MS,1,qac_v0.4_aligned,numbered_aligned
32:12,32:12:12:2,32:12:13:1,32:12:12,32:12:13,2MS,1P,1,qac_v0.4_aligned,numbered_aligned
32:13,32:13:8:1,32:13:11:2,32:13:8,32:13:11,3MS,1S,1,qac_v0.4_aligned,numbered_aligned
32:14,32:14:1:2,32:14:3:1,32:14:1,32:14:3,2MP,2MP,0,qac_v0.4_aligned,numbered_aligned
32:14,32:14:3:1,32:14:8:1,32:14:3,32:14:8,2MP,1P,1,qac_v0.4_aligned,numbered_aligned
32:14,32:14:8:1,32:14:9:2,32:14:8,32:14:9,1P,2MP,1,qac_v0.4_aligned,numbered_aligned
32:14,32:14:9:2,32:14:13:1,32:14:9,32:14:13,2MP,2MP,0,qac_v0.4_aligned,numbered_aligned
32:14,32:14:13:1,32:14:14:1,32:14:13,32:14:14,2MP,2MP,0,qac_v0.4_aligned,numbered_aligned
32:15,32:15:2:1,32:15:6:1,32:15:2,32:15:6,3MS,3MP,0,qac_v0.4_aligned,numbered_aligned
32:15,32:15:6:1,32:15:8:1,32:15:6,32:15:8,3MP,3MP,0,qac_v0.4_aligned,numbered_aligned
32:15,32:15:8:1,32:15:10:2,32:15:8,32:15:10,3MP,3MP,0,qac_v0.4_aligned,numbered_aligned
32:15,32:15:10:2,32:15:15:1,32:15:10,32:15:15,3MP,3MP,0,qac_v0.4_aligned,numbered_aligned
32:16,32:16:1:1,32:16:5:1,32:16:1,32:16:5,3FS,3MP,0,qac_v0.4_aligned,numbered_aligned
32:16,32:16:5:1,32:16:10:1,32:16:5,32:16:10,3MP,1P,1,qac_v0.4_aligned,numbered_aligned
32:16,32:16:10:1,32:16:11:1,32:16:10,32:16:11,1P,3MP,1,qac_v0.4_aligned,numbered_aligned
32:17,32:17:12:1,32:17:13:1,32:17:12,32:17:13,3MP,3MP,0,qac_v0.4_aligned,numbered_aligned
32:18,32:18:2:1,32:18:5:1,32:18:2,32:18:5,3MS,3MS,0,qac_v0.4_aligned,numbered_aligned
32:19,32:19:4:2,32:19:11:1,32:19:4,32:19:11,3MP,3MP,0,qac_v0.4_aligned,numbered_aligned
32:19,32:19:11:1,32:19:12:1,32:19:11,32:19:12,3MP,3MP,0,qac_v0.4_aligned,numbered_aligned
32:20,32:20:3:1,32:20:7:1,32:20:3,32:20:7,3MP,3MP,0,qac_v0.4_aligned,numbered_aligned
32:20,32:20:7:1,32:20:9:1,32:20:7,32:20:9,3MP,3MP,0,qac_v0.4_aligned,numbered_aligned
32:20,32:20:9:1,32:20:11:1,32:20:9,32:20:11,3MP,3MP,0,qac_v0.4_aligned,numbered_aligned
32:20,32:20:11:1,32:20:13:2,32:20:11,32:20:13,3MP,3MS,0,qac_v0.4_aligned,numbered_aligned
32:20,32:20:13:2,32:20:15:1,32:20:13,32:20:15,3MS,2MP,1,qac_v0.4_aligned,numbered_aligned
32:20,32:20:15:1,32:20:19:1,32:20:15,32:20:19,2MP,2MP,0,qac_v0.4_aligned,numbered_aligned
32:20,32:20:19:1,32:20:21:1,32:20:19,32:20:21,2MP,2MP,0,qac_v0.4_aligned,numbered_aligned
32:21,32:21:1:3,32:21:9:1,32:21:1,32:21:9,1P,3MP,1,qac_v0.4_aligned,numbered_aligned
32:22,32:22:4:1,32:22:8:1,32:22:4,32:22:8,3MS,3MS,0,qac_v0.4_aligned,numbered_aligned
32:23,32:23:6:1,32:23:11:2,32:23:6,32:23:11,2MS,1P,1,qac_v0.4_aligned,numbered_aligned
32:24,32:24:1:2,32:24:4:1,32:24:1,32:24:4,1P,3MP,1,qac_v0.4_aligned,numbered_aligned
32:24,32:24:4:1,32:24:7:1,32:24:4,32:24:7,3MP,3MP,0,qac_v0.4_aligned,numbered_aligned
32:24,32:24:7:1,32:24:8:2,32:24:7,32:24:8,3MP,3MP,0,qac_v0.4_aligned,numbered_aligned
32:24,32:24:8:2,32:24:10:1,32:24:8,32:24:10,3MP,3MP,0,qac_v0.4_aligned,numbered_aligned
32:25,32:25:4:1,32:25:9:1,32:25:4,32:25:9,3MS,3MP,0,qac_v0.4_aligned,numbered_aligned
32:25,32:25:9:1,32:25:11:1,32:25:9,32:25:11,3MP,3MP,0,qac_v0.4_aligned,numbered_aligned
32:26,32:26:2:1,32:26:5:1,32:26:2,32:26:5,3MS,1P,1,qac_v0.4_aligned,numbered_aligned
32:26,32:26:5:1,32:26:10:1,32:26:5,32:26:10,1P,3MP,1,qac_v0.4_aligned,numbered_aligned
32:26,32:26:10:1,32:26:18:1,32:26:10,32:26:18,3MP,3MP,0,qac_v0.4_aligned,numbered_aligned
32:27,32:27:2:1,32:27:4:1,32:27:2,32:27:4,3MP,1P,1,qac_v0.4_aligned,numbered_aligned
32:27,32:27:4:1,32:27:9:2,32:27:4,32:27:9,1P,1P,0,qac_v0.4_aligned,numbered_aligned
32:27,32:27:9:2,32:27:12:1,32:27:9,32:27:12,1P,3FS,1,qac_v0.4_aligned,numbered_aligned
32:27,32:27:12:1,32:27:17:1,32:27:12,32:27:17,3FS,3MP,0,qac_v0.4_aligned,numbered_aligned
32:28,32:28:1:2,32:28:6:1,32:28:1,32:28:6,3MP,2MP,1,qac_v0.4_aligned,numbered_aligned
32:29,32:29:1:1,32:29:5:1,32:29:1,32:29:5,2MS,3MS,1,qac_v0.4_aligned,numbered_aligned
32:29,32:29:5:1,32:29:7:1,32:29:5,32:29:7,3MS,3MP,0,qac_v0.4_aligned,numbered_aligned
32:29,32:29:7:1,32:29:11:1,32:29:7,32:29:11,3MP,3MP,0,qac_v0.4_aligned,numbered_aligned
32:30,32:30:1:2,32:30:3:2,32:30:1,32:30:3,2MS,2MS,0,qac_v0.4_aligned,numbered_aligned
33:1,33:1:3:1,33:1:6:1,33:1:8,33:1:11,2MS,2MS,0,qac_v0.4_aligned,numbered_aligned
33:1,33:1:6:1,33:1:11:1,33:1:11,33:1:16,2MS,3MS,1,qac_v0.4_aligned,numbered_aligned
33:2,33:2:1:2,33:2:3:1,33:2:1,33:2:3,2MS,3MS,1,qac_v0.4_aligned,numbered_aligned
33:2,33:2:3:1,33:2:9:1,33:2:3,33:2:9,3MS,3MS,0,qac_v0.4_aligned,numbered_aligned
33:2,33:2:9:1,33:2:11:1,33:2:9,33:2:11,3MS,2MP,1,qac_v0.4_aligned,numbered_aligned
33:3,33:3:1:2,33:3:4:2,33:3:1,33:3:4,2MS,3MS,1,qac_v0.4_aligned,numbered_aligned
33:4,33:4:2:1,33:4:10:1,33:4:2,33:4:10,3MS,3MS,0,qac_v0.4_aligned,numbered_aligned
33:4,33:4:10:1,33:4:13:1,33:4:10,33:4:13,3MS,2MP,1,qac_v0.4_aligned,numbered_aligned
33:4,33:4:13:1,33:4:17:1,33:4:13,33:4:17,2MP,3MS,1,qac_v0.4_aligned,numbered_aligned
33:4,33:4:17:1,33:4:24:1,33:4:17,33:4:24,3MS,3MS,0,qac_v0.4_aligned,numbered_aligned
33:5,33:5:1:1,33:5:9:1,33:5:1,33:5:9,2MP,2MP,0,qac_v0.4_aligned,numbered_aligned
33:5,33:5:9:1,33:5:15:2,33:5:9,33:5:15,2MP,3MS,1,qac_v0.4_aligned,numbered_aligned
33:5,33:5:15:2,33:5:19:1,33:5:15,33:5:19,3MS,2MP,1,qac_v0.4_aligned,numbered_aligned
33:5,33:5:19:1,33:5:23:1,33:5:19,33:5:23,2MP,3FS,1,qac_v0.4_aligned,numbered_aligned
33:5,33:5:23:1,33:5:25:2,33:5:23,33:5:25,3FS,3MS,0,qac_v0.4_aligned,numbered_aligned
33:6,33:6:21:1,33:6:25:1,33:6:21,33:6:25,2MP,3MS,1,qac_v0.4_aligned,numbered_aligned
33:7,33:7:2:1,33:7:14:2,33:7:2,33:7:14,1P,1P,0,qac_v0.4_aligned,numbered_aligned
33:9,33:9:4:1,33:9:9:1,33:9:5,33:9:10,2MP,3FS,1,qac_v0.4_aligned,numbered_aligned
33:9,33:9:9:1,33:9:11:2,33:9:10,33:9:12,3FS,1P,1,qac_v0.4_aligned,numbered_aligned
33:9,33:9:11:2,33:9:16:1,33:9:12,33:9:17,1P,2MP,1,qac_v0.4_aligned,numbered_aligned
33:9,33:9:16:1,33:9:17:2,33:9:17,33:9:18,2MP,3MS,1,qac_v0.4_aligned,numbered_aligned
33:9,33:9:17:2,33:9:20:1,33:9:18,33:9:21,3MS,2MP,1,qac_v0.4_aligned,numbered_aligned
33:10,33:10:2:1,33:10:9:1,33:10:2,33:10:9,3MP,3FS,0,qac_v0.4_aligned,numbered_aligned
33:10,33:10:9:1,33:10:11:2,33:10:9,33:10:11,3FS,3FS,0,qac_v0.4_aligned,numbered_aligned
33:10,33:10:11:2,33:10:14:2,33:10:11,33:10:14,3FS,2MP,1,qac_v0.4_aligned,numbered_aligned
33:12,33:12:2:1,33:12:9:1,33:12:2,33:12:9,3MS,3MS,0,qac_v0.4_aligned,numbered_aligned
33:13,33:13:2:1,33:13:10:2,33:13:2,33:13:11,3FS,2MP,1,qac_v0.4_aligned,numbered_aligned
33:13,33:13:15:1,33:13:23:1,33:13:16,33:13:24,3MP,3MP,0,qac_v0.4_aligned,numbered_aligned
33:14,33:14:2:1,33:14:7:1,33:14:2,33:14:7,3FS,3MP,0,qac_v0.4_aligned,numbered_aligned
33:15,33:15:2:1,33:15:3:1,33:15:2,33:15:3,3MP,3MP,0,qac_v0.4_aligned,numbered_aligned
33:15,33:15:3:1,33:15:8:1,33:15:3,33:15:8,3MP,3MP,0,qac_v0.4_aligned,numbered_aligned
33:15,33:15:8:1,33:15:10:2,33:15:8,33:15:10,3MP,3MS,0,qac_v0.4_aligned,numbered_aligned
33:16,33:16:1:1,33:16:3:1,33:16:1,33:16:3,2MS,3MS,1,qac_v0.4_aligned,numbered_aligned
33:16,33:16:3:1,33:16:6:1,33:16:3,33:16:6,3MS,2MP,1,qac_v0.4_aligned,numbered_aligned
33:16,33:16:6:1,33:16:13:1,33:16:6,33:16:13,2MP,2MP,0,qac_v0.4_aligned,numbered_aligned
33:17,33:17:1:1,33:17:5:1,33:17:1,33:17:5,2MS,3MS,1,qac_v0.4_aligned,numbered_aligned
33:17,33:17:5:1,33:17:9:1,33:17:5,33:17:9,3MS,3MS,0,qac_v0.4_aligned,numbered_aligned
33:17,33:17:9:1,33:17:13:1,33:17:9,33:17:13,3MS,3MS,0,qac_v0.4_aligned,numbered_aligned
33:17,33:17:13:1,33:17:17:1,33:17:13,33:17:17,3MS,3MP,0,qac_v0.4_aligned,numbered_aligned
33:18,33:18:2:1,33:18:8:2,33:18:2,33:18:8,3MS,2MP,1,qac_v0.4_aligned,numbered_aligned
33:18,33:18:8:2,33:18:11:1,33:18:8,33:18:11,2MP,3MP,1,qac_v0.4_aligned,numbered_aligned
33:19,33:19:4:1,33:19:6:1,33:19:4,33:19:6,3MS,2MS,1,qac_v0.4_aligned,numbered_aligned
33:19,33:19:6:1,33:19:7:1,33:19:6,33:19:7,2MS,3MP,1,qac_v0.4_aligned,numbered_aligned
33:19,33:19:7:1,33:19:9:1,33:19:7,33:19:9,3MP,3FS,0,qac_v0.4_aligned,numbered_aligned
33:19,33:19:9:1,33:19:12:1,33:19:9,33:19:12,3FS,3MS,0,qac_v0.4_aligned,numbered_aligned
33:19,33:19:12:1,33:19:17:1,33:19:12,33:19:17,3MS,3MS,0,qac_v0.4_aligned,numbered_aligned
33:19,33:19:17:1,33:19:19:1,33:19:17,33:19:19,3MS,3MP,0,qac_v0.4_aligned,numbered_aligned
33:19,33:19:19:1,33:19:27:1,33:19:19,33:19:27,3MP,3MP,0,qac_v0.4_aligned,numbered_aligned
33:19,33:19:27:1,33:19:28:2,33:19:27,33:19:28,3MP,3MS,0,qac_v0.4_aligned,numbered_aligned
33:19,33:19:28:2,33:19:31:2,33:19:28,33:19:31,3MS,3MS,0,qac_v0.4_aligned,numbered_aligned
33:20,33:20:1:1,33:20:4:1,33:20:1,33:20:4,3MP,3MP,0,qac_v0.4_aligned,numbered_aligned
33:20,33:20:4:1,33:20:6:1,33:20:4,33:20:6,3MP,3MS,0,qac_v0.4_aligned,numbered_aligned
33:20,33:20:6:1,33:20:8:1,33:20:6,33:20:8,3MS,3MP,0,qac_v0.4_aligned,numbered_aligned
33:20,33:20:18:1,33:20:21:1,33:20:18,33:20:21,3MP,3MP,0,qac_v0.4_aligned,numbered_aligned
33:21,33:21:2:1,33:21:10:1,33:21:2,33:21:10,3MS,3MS,0,qac_v0.4_aligned,numbered_aligned
33:22,33:22:5:1,33:22:8:1,33:22:5,33:22:8,3MP,3MS,0,qac_v0.4_aligned,numbered_aligned
33:22,33:22:8:1,33:22:11:2,33:22:8,33:22:11,3MS,3MS,0,qac_v0.4_aligned,numbered_aligned
33:22,33:22:11:2,33:22:15:1,33:22:11,33:22:15,3MS,3MS,0,qac_v0.4_aligned,numbered_aligned
33:23,33:23:4:1,33:23:6:1,33:23:4,33:23:6,3MP,3MP,0,qac_v0.4_aligned,numbered_aligned
33:23,33:23:6:1,33:23:11:1,33:23:6,33:23:11,3MP,3MS,0,qac_v0.4_aligned,numbered_aligned
33:23,33:23:11:1,33:23:15:1,33:23:11,33:23:15,3MS,3MS,0,qac_v0.4_aligned,numbered_aligned
33:23,33:23:15:1,33:23:17:1,33:23:15,33:23:17,3MS,3MP,0,qac_v0.4_aligned,numbered_aligned
33:24,33:24:5:2,33:24:8:1,33:24:5,33:24:8,3MS,3MS,0,qac_v0.4_aligned,numbered_aligned
33:24,33:24:8:1,33:24:10:1,33:24:8,33:24:10,3MS,3MS,0,qac_v0.4_aligned,numbered_aligned
33:24,33:24:10:1,33:24:14:1,33:24:10,33:24:14,3MS,3MS,0,qac_v0.4_aligned,numbered_aligned
33:25,33:25:1:2,33:25:4:1,33:25:1,33:25:4,3MS,3MP,0,qac_v0.4_aligned,numbered_aligned
33:25,33:25:4:1,33:25:7:1,33:25:4,33:25:7,3MP,3MP,0,qac_v0.4_aligned,numbered_aligned
33:25,33:25:7:1,33:25:9:2,33:25:7,33:25:9,3MP,3MS,0,qac_v0.4_aligned,numbered_aligned
33:25,33:25:9:2,33:25:13:2,33:25:9,33:25:13,3MS,3MS,0,qac_v0.4_aligned,numbered_aligned
33:26,33:26:1:2,33:26:3:1,33:26:1,33:26:3,3MS,3MP,0,qac_v0.4_aligned,numbered_aligned
33:26,33:26:3:1,33:26:9:2,33:26:3,33:26:9,3MP,3MS,0,qac_v0.4_aligned,numbered_aligned
33:26,33:26:9:2,33:26:14:1,33:26:9,33:26:14,3MS,2MP,1,qac_v0.4_aligned,numbered_aligned
33:26,33:26:14:1,33:26:15:2,33:26:14,33:26:15,2MP,2MP,0,qac_v0.4_aligned,numbered_aligned
33:28,33:28:3:1,33:28:6:1,33:28:4,33:28:7,2MS,2FP,0,qac_v0.4_aligned,numbered_aligned
33:28,33:28:6:1,33:28:7:1,33:28:7,33:28:8,2FP,2FP,0,qac_v0.4_aligned,numbered_aligned
33:28,33:28:7:1,33:28:11:2,33:28:8,33:28:12,2FP,2FP,0,qac_v0.4_aligned,numbered_aligned
33:28,33:28:11:2,33:28:12:1,33:28:12,33:28:13,2FP,1S,1,qac_v0.4_aligned,numbered_aligned
33:28,33:28:12:1,33:28:13:2,33:28:13,33:28:14,1S,1S,0,qac_v0.4_aligned,numbered_aligned
33:29,33:29:2:1,33:29:3:1,33:29:2,33:29:3,2FP,2FP,0,qac_v0.4_aligned,numbered_aligned
33:29,33:29:3:1,33:29:10:1,33:29:3,33:29:10,2FP,3MS,1,qac_v0.4_aligned,numbered_aligned
33:30,33:30:4:1,33:30:8:1,33:30:5,33:30:9,3MS,3MS,0,qac_v0.4_aligned,numbered_aligned
33:30,33:30:8:1,33:30:12:2,33:30:9,33:30:13,3MS,3MS,0,qac_v0.4_aligned,numbered_aligned
33:31,33:31:2:1,33:31:6:2,33:31:2,33:31:6,3MS,3FS,0,qac_v0.4_aligned,numbered_aligned
33:31,33:31:6:2,33:31:8:1,33:31:6,33:31:8,3FS,1P,1,qac_v0.4_aligned,numbered_aligned
33:31,33:31:8:1,33:31:11:2,33:31:8,33:31:11,1P,1P,0,qac_v0.4_aligned,numbered_aligned
33:32,33:32:3:1,33:32:8:1,33:32:4,33:32:9,2FP,2FP,0,qac_v0.4_aligned,numbered_aligned
33:32,33:32:8:1,33:32:10:1,33:32:9,33:32:11,2FP,2FP,0,qac_v0.4_aligned,numbered_aligned
33:32,33:32:10:1,33:32:12:2,33:32:11,33:32:13,2FP,3MS,1,qac_v0.4_aligned,numbered_aligned
33:32,33:32:12:2,33:32:17:2,33:32:13,33:32:18,3MS,2FP,1,qac_v0.4_aligned,numbered_aligned
33:33,33:33:1:2,33:33:5:1,33:33:1,33:33:5,2FP,2FP,0,qac_v0.4_aligned,numbered_aligned
33:33,33:33:5:1,33:33:9:2,33:33:5,33:33:9,2FP,2FP,0,qac_v0.4_aligned,numbered_aligned
33:33,33:33:13:2,33:33:17:1,33:33:13,33:33:17,2FP,3MS,1,qac_v0.4_aligned,numbered_aligned
33:33,33:33:17:1,33:33:19:2,33:33:17,33:33:19,3MS,3MS,0,qac_v0.4_aligned,numbered_aligned
33:33,33:33:19:2,33:33:24:2,33:33:19,33:33:24,3MS,3MS,0,qac_v0.4_aligned,numbered_aligned
33:34,33:34:1:2,33:34:3:1,33:34:1,33:34:3,2FP,3MS,1,qac_v0.4_aligned,numbered_aligned
33:34,33:34:3:1,33:34:12:1,33:34:3,33:34:12,3MS,3MS,0,qac_v0.4_aligned,numbered_aligned
33:36,33:36:2:1,33:36:7:1,33:36:2,33:36:7,3MS,3MS,0,qac_v0.4_aligned,numbered_aligned
33:36,33:36:7:1,33:36:12:1,33:36:7,33:36:12,3MS,3MS,0,qac_v0.4_aligned,numbered_aligned
33:36,33:36:12:1,33:36:18:1,33:36:12,33:36:18,3MS,3MS,0,qac_v0.4_aligned,numbered_aligned
33:36,33:36:18:1,33:36:22:1,33:36:18,33:36:22,3MS,3MS,0,qac_v0.4_aligned,numbered_aligned
33:37,33:37:2:1,33:37:4:1,33:37:2,33:37:4,2MS,3MS,1,qac_v0.4_aligned,numbered_aligned
33:37,33:37:4:1,33:37:7:2,33:37:4,33:37:7,3MS,2MS,1,qac_v0.4_aligned,numbered_aligned
33:37,33:37:7:2,33:37:9:1,33:37:7,33:37:9,2MS,2MS,0,qac_v0.4_aligned,numbered_aligned
33:37,33:37:9:1,33:37:12:2,33:37:9,33:37:12,2MS,2MS,0,qac_v0.4_aligned,numbered_aligned
33:37,33:37:27:1,33:37:31:1,33:37:27,33:37:31,3MS,1P,1,qac_v0.4_aligned,numbered_aligned
33:37,33:37:31:1,33:37:34:1,33:37:31,33:37:34,1P,3MS,1,qac_v0.4_aligned,numbered_aligned
33:37,33:37:34:1,33:37:42:1,33:37:34,33:37:42,3MS,3MP,0,qac_v0.4_aligned,numbered_aligned
33:37,33:37:42:1,33:37:45:2,33:37:42,33:37:45,3MP,3MS,0,qac_v0.4_aligned,numbered_aligned
33:38,33:38:2:1,33:38:8:1,33:38:2,33:38:8,3MS,3MS,0,qac_v0.4_aligned,numbered_aligned
33:38,33:38:8:1,33:38:15:1,33:38:8,33:38:15,3MS,3MP,0,qac_v0.4_aligned,numbered_aligned
33:38,33:38:15:1,33:38:18:2,33:38:15,33:38:18,3MP,3MS,0,qac_v0.4_aligned,numbered_aligned
33:39,33:39:2:1,33:39:5:2,33:39:2,33:39:5,3MP,3MP,0,qac_v0.4_aligned,numbered_aligned
33:39,33:39:5:2,33:39:7:1,33:39:5,33:39:7,3MP,3MP,0,qac_v0.4_aligned,numbered_aligned
33:39,33:39:7:1,33:39:11:2,33:39:7,33:39:11,3MP,3MS,0,qac_v0.4_aligned,numbered_aligned
33:40,33:40:2:1,33:40:13:2,33:40:2,33:40:13,3MS,3MS,0,qac_v0.4_aligned,numbered_aligned
33:43,33:43:6:2,33:43:11:2,33:43:6,33:43:11,3MS,3MS,0,qac_v0.4_aligned,numbered_aligned
33:44,33:44:3:1,33:44:5:2,33:44:3,33:44:5,3MP,3MS,0,qac_v0.4_aligned,numbered_aligned
33:48,33:48:2:1,33:48:5:2,33:48:2,33:48:5,2FS,2MS,0,qac_v0.4_aligned,numbered_aligned
33:48,33:48:5:2,33:48:7:2,33:48:5,33:48:7,2MS,2MS,0,qac_v0.4_aligned,numbered_aligned
33:48,33:48:7:2,33:48:10:2,33:48:7,33:48:10,2MS,3MS,1,qac_v0.4_aligned,numbered_aligned
33:49,33:49:5:1,33:49:8:1,33:49:6,33:49:9,2MP,2MP,0,qac_v0.4_aligned,numbered_aligned
33:49,33:49:8:1,33:49:12:1,33:49:9,33:49:13,2MP,2MP,0,qac_v0.4_aligned,numbered_aligned
33:49,33:49:12:1,33:49:18:1,33:49:13,33:49:19,2MP,2MP,0,qac_v0.4_aligned,numbered_aligned
33:49,33:49:18:1,33:49:19:2,33:49:19,33:49:20,2MP,2MP,0,qac_v0.4_aligned,numbered_aligned
33:49,33:49:19:2,33:49:20:2,33:49:20,33:49:21,2MP,2MP,0,qac_v0.4_aligned,numbered_aligned
33:50,33:50:11:1,33:50:14:1,33:50:12,33:50:15,3FS,3MS,0,qac_v0.4_aligned,numbered_aligned
33:50,33:50:14:1,33:50:26:1,33:50:15,33:50:27,3MS,3FP,0,qac_v0.4_aligned,numbered_aligned
33:50,33:50:26:1,33:50:31:1,33:50:27,33:50:32,3FP,3FS,0,qac_v0.4_aligned,numbered_aligned
33:50,33:50:31:1,33:50:35:1,33:50:32,33:50:36,3FS,3MS,0,qac_v0.4_aligned,numbered_aligned
33:50,33:50:35:1,33:50:38:1,33:50:36,33:50:39,3MS,3MS,0,qac_v0.4_aligned,numbered_aligned
33:50,33:50:38:1,33:50:45:1,33:50:39,33:50:46,3MS,1P,1,qac_v0.4_aligned,numbered_aligned
33:50,33:50:45:1,33:50:47:1,33:50:46,33:50:48,1P,1P,0,qac_v0.4_aligned,numbered_aligned
33:50,33:50:47:1,33:50:52:1,33:50:48,33:50:53,1P,3FS,1,qac_v0.4_aligned,numbered_aligned
33:50,33:50:52:1,33:50:55:1,33:50:53,33:50:56,3FS,3MS,0,qac_v0.4_aligned,numbered_aligned
33:50,33:50:55:1,33:50:58:2,33:50:56,33:50:59,3MS,3MS,0,qac_v0.4_aligned,numbered_aligned
33:51,33:51:8:1,33:51:10:1,33:51:8,33:51:10,2MS,2MS,0,qac_v0.4_aligned,numbered_aligned
33:51,33:51:10:1,33:51:12:1,33:51:10,33:51:12,2MS,2MS,0,qac_v0.4_aligned,numbered_aligned
33:51,33:51:12:1,33:51:19:1,33:51:12,33:51:19,2MS,3FS,1,qac_v0.4_aligned,numbered_aligned
33:51,33:51:19:1,33:51:22:1,33:51:19,33:51:22,3FS,3FP,0,qac_v0.4_aligned,numbered_aligned
33:51,33:51:22:1,33:51:23:2,33:51:22,33:51:23,3FP,3FP,0,qac_v0.4_aligned,numbered_aligned
33:51,33:51:28:1,33:51:32:2,33:51:28,33:51:32,3MS,3MS,0,qac_v0.4_aligned,numbered_aligned
33:52,33:52:2:1,33:52:9:1,33:52:2,33:52:9,3MS,2MS,1,qac_v0.4_aligned,numbered_aligned
33:52,33:52:9:1,33:52:14:1,33:52:9,33:52:14,2MS,3MS,1,qac_v0.4_aligned,numbered_aligned
33:52,33:52:14:1,33:52:18:1,33:52:14,33:52:18,3MS,3FS,0,qac_v0.4_aligned,numbered_aligned
33:52,33:52:18:1,33:52:20:2,33:52:18,33:52:20,3FS,3MS,0,qac_v0.4_aligned,numbered_aligned
33:53,33:53:5:1,33:53:10:1,33:53:6,33:53:11,2MP,3MS,1,qac_v0.4_aligned,numbered_aligned
33:53,33:53:10:1,33:53:19:1,33:53:11,33:53:20,3MS,2MP,1,qac_v0.4_aligned,numbered_aligned
33:53,33:53:19:1,33:53:20:2,33:53:20,33:53:21,2MP,2MP,0,qac_v0.4_aligned,numbered_aligned
33:53,33:53:20:2,33:53:22:1,33:53:21,33:53:23,2MP,2MP,0,qac_v0.4_aligned,numbered_aligned
33:53,33:53:22:1,33:53:23:2,33:53:23,33:53:24,2MP,2MP,0,qac_v0.4_aligned,numbered_aligned
33:53,33:53:23:2,33:53:29:1,33:53:24,33:53:30,2MP,3MS,1,qac_v0.4_aligned,numbered_aligned
33:53,33:53:51:1,33:53:54:1,33:53:52,33:53:55,3MS,2MP,1,qac_v0.4_aligned,numbered_aligned
33:53,33:53:54:1,33:53:59:1,33:53:55,33:53:60,2MP,2MP,0,qac_v0.4_aligned,numbered_aligned
33:53,33:53:59:1,33:53:66:1,33:53:60,33:53:67,2MP,3MS,1,qac_v0.4_aligned,numbered_aligned
33:54,33:54:2:1,33:54:5:1,33:54:2,33:54:5,2MP,2MP,0,qac_v0.4_aligned,numbered_aligned
33:54,33:54:5:1,33:54:8:1,33:54:5,33:54:8,2MP,3MS,1,qac_v0.4_aligned,numbered_aligned
33:55,33:55:20:1,33:55:22:2,33:55:20,33:55:22,3FS,2FP,1,qac_v0.4_aligned,numbered_aligned
33:55,33:55:22:2,33:55:26:1,33:55:22,33:55:26,2FP,3MS,1,qac_v0.4_aligned,numbered_aligned
33:56,33:56:10:1,33:56:12:2,33:56:11,33:56:13,2MP,2MP,0,qac_v0.4_aligned,numbered_aligned
33:57,33:57:3:1,33:57:6:1,33:57:3,33:57:6,3MP,3MS,0,qac_v0.4_aligned,numbered_aligned
33:57,33:57:6:1,33:57:11:2,33:57:6,33:57:11,3MS,3MS,0,qac_v0.4_aligned,numbered_aligned
33:58,33:58:2:1,33:58:7:1,33:58:2,33:58:7,3MP,3MP,0,qac_v0.4_aligned,numbered_aligned
33:58,33:58:7:1,33:58:9:1,33:58:7,33:58:9,3MP,3MP,0,qac_v0.4_aligned,numbered_aligned
33:59,33:59:3:1,33:59:8:1,33:59:4,33:59:9,2MS,3FP,1,qac_v0.4_aligned,numbered_aligned
33:59,33:59:8:1,33:59:15:1,33:59:9,33:59:16,3FP,3FP,0,qac_v0.4_aligned,numbered_aligned
33:59,33:59:15:1,33:59:17:1,33:59:16,33:59:18,3FP,3FP,0,qac_v0.4_aligned,numbered_aligned
33:59,33:59:17:1,33:59:18:2,33:59:18,33:59:19,3FP,3MS,0,qac_v0.4_aligned,numbered_aligned
33:60,33:60:3:1,33:60:12:2,33:60:3,33:60:12,3MS,1P,1,qac_v0.4_aligned,numbered_aligned
33:60,33:60:12:2,33:60:16:1,33:60:12,33:60:16,1P,3MP,1,qac_v0.4_aligned,numbered_aligned
33:61,33:61:3:1,33:61:4:1,33:61:3,33:61:4,3MP,3MP,0,qac_v0.4_aligned,numbered_aligned
33:61,33:61:4:1,33:61:5:2,33:61:4,33:61:5,3MP,3MP,0,qac_v0.4_aligned,numbered_aligned
33:62,33:62:5:1,33:62:9:1,33:62:5,33:62:9,3MP,2MS,1,qac_v0.4_aligned,numbered_aligned
33:63,33:63:5:1,33:63:11:1,33:63:5,33:63:11,2MS,3MS,1,qac_v0.4_aligned,numbered_aligned
33:63,33:63:11:1,33:63:14:1,33:63:11,33:63:14,3MS,3FS,0,qac_v0.4_aligned,numbered_aligned
33:64,33:64:3:1,33:64:5:2,33:64:3,33:64:5,3MS,3MS,0,qac_v0.4_aligned,numbered_aligned
33:66,33:66:2:1,33:66:6:1,33:66:2,33:66:6,3FS,3MP,0,qac_v0.4_aligned,numbered_aligned
33:66,33:66:6:1,33:66:8:1,33:66:6,33:66:9,3MP,1P,1,qac_v0.4_aligned,numbered_aligned
33:66,33:66:8:1,33:66:10:2,33:66:9,33:66:11,1P,1P,0,qac_v0.4_aligned,numbered_aligned
33:67,33:67:1:2,33:67:4:1,33:67:1,33:67:4,3MP,1P,1,qac_v0.4_aligned,numbered_aligned
33:67,33:67:4:1,33:67:7:2,33:67:4,33:67:7,1P,3MP,1,qac_v0.4_aligned,numbered_aligned
33:69,33:69:9:2,33:69:12:1,33:69:10,33:69:13,3MS,3MP,0,qac_v0.4_aligned,numbered_aligned
33:69,33:69:12:1,33:69:13:2,33:69:13,33:69:14,3MP,3MS,0,qac_v0.4_aligned,numbered_aligned
33:70,33:70:4:1,33:70:6:2,33:70:5,33:70:7,2MP,2MP,0,qac_v0.4_aligned,numbered_aligned
33:71,33:71:1:1,33:71:4:2,33:71:1,33:71:4,3MS,3MS,0,qac_v0.4_aligned,numbered_aligned
33:71,33:71:4:2,33:71:8:1,33:71:4,33:71:8,3MS,3MS,0,qac_v0.4_aligned,numbered_aligned
33:71,33:71:8:1,33:71:12:1,33:71:8,33:71:12,3MS,3MS,0,qac_v0.4_aligned,numbered_aligned
33:72,33:72:2:1,33:72:8:2,33:72:2,33:72:8,1P,3FP,1,qac_v0.4_aligned,numbered_aligned
33:72,33:72:8:2,33:72:10:1,33:72:8,33:72:10,3FP,3FP,0,qac_v0.4_aligned,numbered_aligned
33:72,33:72:10:1,33:72:11:2,33:72:10,33:72:11,3FP,3FP,0,qac_v0.4_aligned,numbered_aligned
33:72,33:72:11:2,33:72:13:2,33:72:11,33:72:13,3FP,3MS,0,qac_v0.4_aligned,numbered_aligned
33:72,33:72:13:2,33:72:16:1,33:72:13,33:72:16,3MS,3MS,0,qac_v0.4_aligned,numbered_aligned
33:73,33:73:1:2,33:73:7:2,33:73:1,33:73:7,3MS,3MS,0,qac_v0.4_aligned,numbered_aligned
33:73,33:73:7:2,33:73:12:2,33:73:7,33:73:12,3MS,3MS,0,qac_v0.4_aligned,numbered_aligned
34:2,34:2:1:1,34:2:3:1,34:2:1,34:2:3,3MS,3MS,0,qac_v0.4_aligned,numbered_aligned
34:2,34:2:3:1,34:2:7:1,34:2:3,34:2:7,3MS,3MS,0,qac_v0.4_aligned,numbered_aligned
34:2,34:2:7:1,34:2:10:1,34:2:7,34:2:10,3MS,3MS,0,qac_v0.4_aligned,numbered_aligned
34:2,34:2:10:1,34:2:14:1,34:2:10,34:2:14,3MS,3MS,0,qac_v0.4_aligned,numbered_aligned
34:3,34:3:1:2,34:3:3:1,34:3:1,34:3:3,3MS,3MP,0,qac_v0.4_aligned,numbered_aligned
34:3,34:3:3:1,34:3:5:1,34:3:3,34:3:5,3MP,3FS,0,qac_v0.4_aligned,numbered_aligned
34:3,34:3:5:1,34:3:7:1,34:3:5,34:3:7,3FS,2MS,1,qac_v0.4_aligned,numbered_aligned
34:3,34:3:7:1,34:3:10:2,34:3:7,34:3:10,2MS,3FS,1,qac_v0.4_aligned,numbered_aligned
34:3,34:3:10:2,34:3:14:1,34:3:10,34:3:14,3FS,3MS,0,qac_v0.4_aligned,numbered_aligned
34:6,34:6:1:2,34:6:3:1,34:6:1,34:6:3,3MS,3MP,0,qac_v0.4_aligned,numbered_aligned
34:6,34:6:3:1,34:6:6:1,34:6:3,34:6:6,3MP,3MS,0,qac_v0.4_aligned,numbered_aligned
34:7,34:7:1:2,34:7:3:1,34:7:1,34:7:3,3MS,3MP,0,qac_v0.4_aligned,numbered_aligned
34:7,34:7:3:1,34:7:5:1,34:7:3,34:7:5,3MP,1P,1,qac_v0.4_aligned,numbered_aligned
34:7,34:7:5:1,34:7:8:1,34:7:5,34:7:8,1P,3MS,1,qac_v0.4_aligned,numbered_aligned
34:7,34:7:8:1,34:7:10:1,34:7:8,34:7:10,3MS,2MP,1,qac_v0.4_aligned,numbered_aligned
34:8,34:8:1:2,34:8:11:1,34:8:1,34:8:11,3MS,3MP,0,qac_v0.4_aligned,numbered_aligned
34:9,34:9:2:1,34:9:13:1,34:9:2,34:9:13,3MP,1P,1,qac_v0.4_aligned,numbered_aligned
34:9,34:9:13:1,34:9:14:1,34:9:13,34:9:14,1P,1P,0,qac_v0.4_aligned,numbered_aligned
34:9,34:9:14:1,34:9:18:1,34:9:14,34:9:18,1P,1P,0,qac_v0.4_aligned,numbered_aligned
34:11,34:11:2:1,34:11:4:2,34:11:2,34:11:4,2MS,2MS,0,qac_v0.4_aligned,numbered_aligned
34:11,34:11:4:2,34:11:7:2,34:11:4,34:11:7,2MS,2MP,0,qac_v0.4_aligned,numbered_aligned
34:11,34:11:7:2,34:11:11:1,34:11:7,34:11:11,2MP,2MP,0,qac_v0.4_aligned,numbered_aligned
34:12,34:12:7:2,34:12:14:1,34:12:7,34:12:14,1P,3MS,1,qac_v0.4_aligned,numbered_aligned
34:12,34:12:14:1,34:12:20:1,34:12:14,34:12:20,3MS,3MS,0,qac_v0.4_aligned,numbered_aligned
34:12,34:12:20:1,34:12:24:1,34:12:20,34:12:24,3MS,1P,1,qac_v0.4_aligned,numbered_aligned
34:13,34:13:1:1,34:13:4:1,34:13:1,34:13:4,3MP,3MS,0,qac_v0.4_aligned,numbered_aligned
34:13,34:13:4:1,34:13:12:1,34:13:4,34:13:12,3MS,2MP,1,qac_v0.4_aligned,numbered_aligned
34:14,34:14:2:1,34:14:6:1,34:14:2,34:14:6,1P,3MS,1,qac_v0.4_aligned,numbered_aligned
34:14,34:14:6:1,34:14:12:1,34:14:6,34:14:12,3MS,3FS,0,qac_v0.4_aligned,numbered_aligned
34:14,34:14:12:1,34:14:15:1,34:14:12,34:14:15,3FS,3MS,0,qac_v0.4_aligned,numbered_aligned
34:14,34:14:15:1,34:14:16:1,34:14:15,34:14:16,3MS,3FS,0,qac_v0.4_aligned,numbered_aligned
34:14,34:14:16:1,34:14:20:1,34:14:16,34:14:20,3FS,3MP,0,qac_v0.4_aligned,numbered_aligned
34:14,34:14:20:1,34:14:21:1,34:14:20,34:14:21,3MP,3MP,0,qac_v0.4_aligned,numbered_aligned
34:14,34:14:21:1,34:14:24:1,34:14:21,34:14:24,3MP,3MP,0,qac_v0.4_aligned,numbered_aligned
34:15,34:15:2:1,34:15:11:1,34:15:2,34:15:11,3MS,2MP,1,qac_v0.4_aligned,numbered_aligned
34:15,34:15:11:1,34:15:15:2,34:15:11,34:15:15,2MP,2MP,0,qac_v0.4_aligned,numbered_aligned
34:16,34:16:1:2,34:16:2:2,34:16:1,34:16:2,3MP,1P,1,qac_v0.4_aligned,numbered_aligned
34:16,34:16:2:2,34:16:6:2,34:16:2,34:16:6,1P,1P,0,qac_v0.4_aligned,numbered_aligned
34:17,34:17:2:1,34:17:4:1,34:17:2,34:17:4,1P,3MP,1,qac_v0.4_aligned,numbered_aligned
34:18,34:18:1:2,34:18:6:1,34:18:1,34:18:6,1P,1P,0,qac_v0.4_aligned,numbered_aligned
34:18,34:18:6:1,34:18:10:2,34:18:6,34:18:10,1P,1P,0,qac_v0.4_aligned,numbered_aligned
34:18,34:18:10:2,34:18:13:1,34:18:10,34:18:13,1P,2MP,1,qac_v0.4_aligned,numbered_aligned
34:19,34:19:1:2,34:19:3:1,34:19:1,34:19:3,3MP,2MS,1,qac_v0.4_aligned,numbered_aligned
34:19,34:19:3:1,34:19:6:2,34:19:3,34:19:6,2MS,3MP,1,qac_v0.4_aligned,numbered_aligned
34:19,34:19:6:2,34:19:8:2,34:19:6,34:19:8,3MP,1P,1,qac_v0.4_aligned,numbered_aligned
34:19,34:19:8:2,34:19:10:2,34:19:8,34:19:10,1P,1P,0,qac_v0.4_aligned,numbered_aligned
34:20,34:20:2:1,34:20:6:2,34:20:2,34:20:6,3MS,3MP,0,qac_v0.4_aligned,numbered_aligned
34:21,34:21:2:1,34:21:8:2,34:21:2,34:21:8,3MS,1P,1,qac_v0.4_aligned,numbered_aligned
34:21,34:21:8:2,34:21:10:1,34:21:8,34:21:10,1P,3MS,1,qac_v0.4_aligned,numbered_aligned
34:22,34:22:1:1,34:22:2:1,34:22:1,34:22:2,2MS,2MP,0,qac_v0.4_aligned,numbered_aligned
34:22,34:22:2:1,34:22:4:1,34:22:2,34:22:4,2MP,2MP,0,qac_v0.4_aligned,numbered_aligned
34:22,34:22:4:1,34:22:9:1,34:22:4,34:22:9,2MP,3MP,1,qac_v0.4_aligned,numbered_aligned
34:23,34:23:2:1,34:23:7:1,34:23:2,34:23:7,3FS,3MS,0,qac_v0.4_aligned,numbered_aligned
34:23,34:23:7:1,34:23:11:1,34:23:7,34:23:11,3MS,3MS,0,qac_v0.4_aligned,numbered_aligned
34:23,34:23:11:1,34:23:14:1,34:23:11,34:23:14,3MS,3MP,0,qac_v0.4_aligned,numbered_aligned
34:23,34:23:14:1,34:23:16:1,34:23:14,34:23:16,3MP,3MS,0,qac_v0.4_aligned,numbered_aligned
34:23,34:23:16:1,34:23:18:1,34:23:16,34:23:18,3MS,3MP,0,qac_v0.4_aligned,numbered_aligned
34:24,34:24:1:1,34:24:3:1,34:24:1,34:24:3,2MS,3MS,1,qac_v0.4_aligned,numbered_aligned
34:24,34:24:3:1,34:24:7:1,34:24:3,34:24:7,3MS,2MS,1,qac_v0.4_aligned,numbered_aligned
34:26,34:26:1:1,34:26:2:1,34:26:1,34:26:2,2MS,3MS,1,qac_v0.4_aligned,numbered_aligned
34:26,34:26:2:1,34:26:6:1,34:26:2,34:26:6,3MS,3MS,0,qac_v0.4_aligned,numbered_aligned
34:28,34:28:2:1,34:28:12:1,34:28:2,34:28:12,1P,3MP,1,qac_v0.4_aligned,numbered_aligned
34:29,34:29:1:2,34:29:6:1,34:29:1,34:29:6,3MP,2MP,1,qac_v0.4_aligned,numbered_aligned
34:31,34:31:1:2,34:31:3:1,34:31:1,34:31:3,3MS,3MP,0,qac_v0.4_aligned,numbered_aligned
34:31,34:31:3:1,34:31:5:1,34:31:3,34:31:5,3MP,1P,1,qac_v0.4_aligned,numbered_aligned
34:31,34:31:5:1,34:31:13:1,34:31:5,34:31:13,1P,2MS,1,qac_v0.4_aligned,numbered_aligned
34:31,34:31:13:1,34:31:19:1,34:31:13,34:31:19,2MS,3MS,1,qac_v0.4_aligned,numbered_aligned
34:31,34:31:19:1,34:31:24:1,34:31:19,34:31:24,3MS,3MS,0,qac_v0.4_aligned,numbered_aligned
34:31,34:31:24:1,34:31:26:1,34:31:24,34:31:26,3MS,3MP,0,qac_v0.4_aligned,numbered_aligned
34:31,34:31:26:1,34:31:28:1,34:31:26,34:31:28,3MP,3MP,0,qac_v0.4_aligned,numbered_aligned
34:31,34:31:28:1,34:31:31:2,34:31:28,34:31:31,3MP,1P,1,qac_v0.4_aligned,numbered_aligned
34:32,34:32:1:1,34:32:3:1,34:32:1,34:32:3,3MS,3MP,0,qac_v0.4_aligned,numbered_aligned
34:32,34:32:3:1,34:32:5:1,34:32:3,34:32:5,3MP,3MP,0,qac_v0.4_aligned,numbered_aligned
34:32,34:32:5:1,34:32:7:1,34:32:5,34:32:7,3MP,1P,1,qac_v0.4_aligned,numbered_aligned
34:32,34:32:7:1,34:32:12:1,34:32:7,34:32:12,1P,3MS,1,qac_v0.4_aligned,numbered_aligned
34:32,34:32:12:1,34:32:14:1,34:32:12,34:32:14,3MS,2MP,1,qac_v0.4_aligned,numbered_aligned
34:33,34:33:1:2,34:33:3:1,34:33:1,34:33:3,3MS,3MP,0,qac_v0.4_aligned,numbered_aligned
34:33,34:33:3:1,34:33:5:1,34:33:3,34:33:5,3MP,3MP,0,qac_v0.4_aligned,numbered_aligned
34:33,34:33:5:1,34:33:11:1,34:33:5,34:33:11,3MP,2MP,1,qac_v0.4_aligned,numbered_aligned
34:33,34:33:11:1,34:33:13:1,34:33:11,34:33:13,2MP,1P,1,qac_v0.4_aligned,numbered_aligned
34:33,34:33:13:1,34:33:15:2,34:33:13,34:33:15,1P,1P,0,qac_v0.4_aligned,numbered_aligned
34:33,34:33:15:2,34:33:18:2,34:33:15,34:33:18,1P,3MP,1,qac_v0.4_aligned,numbered_aligned
34:33,34:33:18:2,34:33:21:1,34:33:18,34:33:21,3MP,3MP,0,qac_v0.4_aligned,numbered_aligned
34:33,34:33:21:1,34:33:23:2,34:33:21,34:33:23,3MP,1P,1,qac_v0.4_aligned,numbered_aligned
34:33,34:33:23:2,34:33:28:1,34:33:23,34:33:28,1P,3MP,1,qac_v0.4_aligned,numbered_aligned
34:33,34:33:28:1,34:33:30:1,34:33:28,34:33:30,3MP,3MP,0,qac_v0.4_aligned,numbered_aligned
34:33,34:33:30:1,34:33:33:1,34:33:30,34:33:33,3MP,3MP,0,qac_v0.4_aligned,numbered_aligned
34:33,34:33:33:1,34:33:34:1,34:33:33,34:33:34,3MP,3MP,0,qac_v0.4_aligned,numbered_aligned
34:34,34:34:2:1,34:34:8:1,34:34:2,34:34:8,1P,3MS,1,qac_v0.4_aligned,numbered_aligned
34:34,34:34:8:1,34:34:12:1,34:34:8,34:34:12,3MS,2MP,1,qac_v0.4_aligned,numbered_aligned
34:36,34:36:1:1,34:36:4:1,34:36:1,34:36:4,2MS,3MS,1,qac_v0.4_aligned,numbered_aligned
34:36,34:36:4:1,34:36:7:1,34:36:4,34:36:7,3MS,3MS,0,qac_v0.4_aligned,numbered_aligned
34:36,34:36:7:1,34:36:8:2,34:36:7,34:36:8,3MS,3MS,0,qac_v0.4_aligned,numbered_aligned
34:36,34:36:8:2,34:36:13:1,34:36:8,34:36:13,3MS,3MP,0,qac_v0.4_aligned,numbered_aligned
34:37,34:37:12:2,34:37:19:1,34:37:12,34:37:19,3MS,3MP,0,qac_v0.4_aligned,numbered_aligned
34:39,34:39:1:1,34:39:4:1,34:39:1,34:39:4,2MS,3MS,1,qac_v0.4_aligned,numbered_aligned
34:39,34:39:4:1,34:39:7:1,34:39:4,34:39:7,3MS,3MS,0,qac_v0.4_aligned,numbered_aligned
34:39,34:39:7:1,34:39:10:2,34:39:7,34:39:10,3MS,3MS,0,qac_v0.4_aligned,numbered_aligned
34:39,34:39:10:2,34:39:13:1,34:39:10,34:39:13,3MS,2MP,1,qac_v0.4_aligned,numbered_aligned
34:39,34:39:13:1,34:39:17:1,34:39:13,34:39:17,2MP,3MS,1,qac_v0.4_aligned,numbered_aligned
34:40,34:40:2:1,34:40:5:1,34:40:2,34:40:5,3MS,3MS,0,qac_v0.4_aligned,numbered_aligned
34:40,34:40:5:1,34:40:9:1,34:40:5,34:40:9,3MS,3MP,0,qac_v0.4_aligned,numbered_aligned
34:40,34:40:9:1,34:40:10:1,34:40:9,34:40:10,3MP,3MP,0,qac_v0.4_aligned,numbered_aligned
34:41,34:41:1:1,34:41:8:1,34:41:1,34:41:8,3MP,3MP,0,qac_v0.4_aligned,numbered_aligned
34:41,34:41:8:1,34:41:9:1,34:41:8,34:41:9,3MP,3MP,0,qac_v0.4_aligned,numbered_aligned
34:42,34:42:3:1,34:42:9:2,34:42:3,34:42:9,3MS,1P,1,qac_v0.4_aligned,numbered_aligned
34:42,34:42:9:2,34:42:11:1,34:42:9,34:42:11,1P,3MP,1,qac_v0.4_aligned,numbered_aligned
34:42,34:42:11:1,34:42:12:1,34:42:11,34:42:12,3MP,2MP,1,qac_v0.4_aligned,numbered_aligned
34:42,34:42:12:1,34:42:16:1,34:42:12,34:42:16,2MP,2MP,0,qac_v0.4_aligned,numbered_aligned
34:42,34:42:16:1,34:42:18:1,34:42:16,34:42:18,2MP,2MP,0,qac_v0.4_aligned,numbered_aligned
34:43,34:43:2:1,34:43:6:1,34:43:2,34:43:6,3FS,3MP,0,qac_v0.4_aligned,numbered_aligned
34:43,34:43:6:1,34:43:11:1,34:43:6,34:43:11,3MP,3MS,0,qac_v0.4_aligned,numbered_aligned
34:43,34:43:11:1,34:43:13:1,34:43:11,34:43:13,3MS,3MS,0,qac_v0.4_aligned,numbered_aligned
34:43,34:43:13:1,34:43:15:1,34:43:13,34:43:15,3MS,3MS,0,qac_v0.4_aligned,numbered_aligned
34:43,34:43:15:1,34:43:16:1,34:43:15,34:43:16,3MS,3MS,0,qac_v0.4_aligned,numbered_aligned
34:43,34:43:16:1,34:43:18:2,34:43:16,34:43:18,3MS,3MP,0,qac_v0.4_aligned,numbered_aligned
34:43,34:43:18:2,34:43:24:2,34:43:18,34:43:24,3MP,3MS,0,qac_v0.4_aligned,numbered_aligned
34:43,34:43:24:2,34:43:26:1,34:43:24,34:43:26,3MS,3MP,0,qac_v0.4_aligned,numbered_aligned
34:43,34:43:26:1,34:43:29:1,34:43:26,34:43:29,3MP,3MS,0,qac_v0.4_aligned,numbered_aligned
34:44,34:44:5:1,34:44:7:1,34:44:5,34:44:7,3MP,1P,1,qac_v0.4_aligned,numbered_aligned
34:45,34:45:1:2,34:45:6:1,34:45:1,34:45:6,3MS,3MP,0,qac_v0.4_aligned,numbered_aligned
34:45,34:45:10:2,34:45:13:1,34:45:10,34:45:13,3MP,3MS,0,qac_v0.4_aligned,numbered_aligned
34:46,34:46:1:1,34:46:3:1,34:46:1,34:46:3,2MS,1S,1,qac_v0.4_aligned,numbered_aligned
34:46,34:46:3:1,34:46:6:1,34:46:3,34:46:6,1S,2MP,1,qac_v0.4_aligned,numbered_aligned
34:46,34:46:6:1,34:46:11:1,34:46:6,34:46:11,2MP,2MP,0,qac_v0.4_aligned,numbered_aligned
34:47,34:47:1:1,34:47:3:1,34:47:1,34:47:3,2MS,1S,1,qac_v0.4_aligned,numbered_aligned
34:48,34:48:1:1,34:48:4:1,34:48:1,34:48:4,2MS,3MS,1,qac_v0.4_aligned,numbered_aligned
34:49,34:49:1:1,34:49:2:1,34:49:1,34:49:2,2MS,3MS,1,qac_v0.4_aligned,numbered_aligned
34:49,34:49:2:1,34:49:5:1,34:49:2,34:49:5,3MS,3MS,0,qac_v0.4_aligned,numbered_aligned
34:49,34:49:5:1,34:49:8:1,34:49:5,34:49:8,3MS,3MS,0,qac_v0.4_aligned,numbered_aligned
34:50,34:50:1:1,34:50:3:1,34:50:1,34:50:3,2MS,1S,1,qac_v0.4_aligned,numbered_aligned
34:50,34:50:3:1,34:50:5:1,34:50:3,34:50:5,1S,1S,0,qac_v0.4_aligned,numbered_aligned
34:50,34:50:5:1,34:50:9:1,34:50:5,34:50:9,1S,1S,0,qac_v0.4_aligned,numbered_aligned
34:51,34:51:2:1,34:51:4:1,34:51:2,34:51:4,2MS,3MP,1,qac_v0.4_aligned,numbered_aligned
34:51,34:51:4:1,34:51:7:2,34:51:4,34:51:7,3MP,3MP,0,qac_v0.4_aligned,numbered_aligned
34:53,34:53:2:1,34:53:6:2,34:53:2,34:53:6,3MP,3MP,0,qac_v0.4_aligned,numbered_aligned
34:54,34:54:1:2,34:54:5:1,34:54:1,34:54:5,3MS,3MP,0,qac_v0.4_aligned,numbered_aligned
34:54,34:54:5:1,34:54:7:1,34:54:5,34:54:7,3MP,3MS,0,qac_v0.4_aligned,numbered_aligned
34:54,34:54:7:1,34:54:12:1,34:54:7,34:54:12,3MS,3MP,0,qac_v0.4_aligned,numbered_aligned
35:1,35:1:14:1,35:1:18:1,35:1:18,35:1:22,3MS,3MS,0,qac_v0.4_aligned,numbered_aligned
35:2,35:2:2:1,35:2:11:1,35:2:2,35:2:11,3MS,3MS,0,qac_v0.4_aligned,numbered_aligned
35:3,35:3:3:1,35:3:12:1,35:3:4,35:3:13,2MP,3MS,1,qac_v0.4_aligned,numbered_aligned
35:3,35:3:12:1,35:3:21:1,35:3:13,35:3:22,3MS,2MP,1,qac_v0.4_aligned,numbered_aligned
35:4,35:4:2:1,35:4:4:1,35:4:2,35:4:4,3MP,3FS,0,qac_v0.4_aligned,numbered_aligned
35:4,35:4:4:1,35:4:10:1,35:4:4,35:4:10,3FS,3FS,0,qac_v0.4_aligned,numbered_aligned
35:5,35:5:8:1,35:5:12:1,35:5:9,35:5:13,3FS,3MS,0,qac_v0.4_aligned,numbered_aligned
35:8,35:8:10:1,35:8:12:1,35:8:10,35:8:12,3MS,3MS,0,qac_v0.4_aligned,numbered_aligned
35:8,35:8:15:1,35:8:17:1,35:8:15,35:8:17,3MS,3FS,0,qac_v0.4_aligned,numbered_aligned
35:8,35:8:17:1,35:8:25:1,35:8:17,35:8:25,3FS,3MP,0,qac_v0.4_aligned,numbered_aligned
35:9,35:9:3:1,35:9:5:2,35:9:3,35:9:5,3MS,3FS,0,qac_v0.4_aligned,numbered_aligned
35:9,35:9:5:2,35:9:7:2,35:9:5,35:9:7,3FS,1P,1,qac_v0.4_aligned,numbered_aligned
35:9,35:9:7:2,35:9:11:2,35:9:7,35:9:11,1P,1P,0,qac_v0.4_aligned,numbered_aligned
35:10,35:10:2:1,35:10:3:1,35:10:2,35:10:3,3MS,3MS,0,qac_v0.4_aligned,numbered_aligned
35:10,35:10:3:1,35:10:9:1,35:10:3,35:10:9,3MS,3MS,0,qac_v0.4_aligned,numbered_aligned
35:10,35:10:9:1,35:10:14:1,35:10:9,35:10:14,3MS,3MS,0,qac_v0.4_aligned,numbered_aligned
35:10,35:10:14:1,35:10:16:1,35:10:14,35:10:16,3MS,3MP,0,qac_v0.4_aligned,numbered_aligned
35:10,35:10:16:1,35:10:24:1,35:10:16,35:10:24,3MP,3MS,0,qac_v0.4_aligned,numbered_aligned
35:11,35:11:2:1,35:11:9:1,35:11:2,35:11:9,3MS,3MS,0,qac_v0.4_aligned,numbered_aligned
35:11,35:11:9:1,35:11:12:1,35:11:9,35:11:12,3MS,3FS,0,qac_v0.4_aligned,numbered_aligned
35:11,35:11:12:1,35:11:16:1,35:11:12,35:11:16,3FS,3FS,0,qac_v0.4_aligned,numbered_aligned
35:11,35:11:16:1,35:11:20:1,35:11:16,35:11:20,3FS,3MS,0,qac_v0.4_aligned,numbered_aligned
35:11,35:11:20:1,35:11:24:1,35:11:20,35:11:24,3MS,3MS,0,qac_v0.4_aligned,numbered_aligned
35:12,35:12:14:1,35:12:17:2,35:12:14,35:12:17,2MP,2MP,0,qac_v0.4_aligned,numbered_aligned
35:12,35:12:17:2,35:12:19:1,35:12:17,35:12:19,2MP,2MP,0,qac_v0.4_aligned,numbered_aligned
35:12,35:12:19:1,35:12:20:2,35:12:19,35:12:20,2MP,2MS,0,qac_v0.4_aligned,numbered_aligned
35:12,35:12:20:2,35:12:24:2,35:12:20,35:12:24,2MS,2MP,0,qac_v0.4_aligned,numbered_aligned
35:12,35:12:24:2,35:12:28:1,35:12:24,35:12:28,2MP,2MP,0,qac_v0.4_aligned,numbered_aligned
35:13,35:13:1:1,35:13:5:2,35:13:1,35:13:5,3MS,3MS,0,qac_v0.4_aligned,numbered_aligned
35:13,35:13:5:2,35:13:9:2,35:13:5,35:13:9,3MS,3MS,0,qac_v0.4_aligned,numbered_aligned
35:13,35:13:22:1,35:13:26:1,35:13:22,35:13:26,2MP,3MP,1,qac_v0.4_aligned,numbered_aligned
35:14,35:14:2:1,35:14:4:1,35:14:2,35:14:4,2MP,3MP,1,qac_v0.4_aligned,numbered_aligned
35:14,35:14:4:1,35:14:7:1,35:14:4,35:14:7,3MP,3MP,0,qac_v0.4_aligned,numbered_aligned
35:14,35:14:7:1,35:14:9:1,35:14:7,35:14:9,3MP,3MP,0,qac_v0.4_aligned,numbered_aligned
35:14,35:14:9:1,35:14:13:1,35:14:9,35:14:13,3MP,3MP,0,qac_v0.4_aligned,numbered_aligned
35:14,35:14:13:1,35:14:16:1,35:14:13,35:14:16,3MP,3MS,0,qac_v0.4_aligned,numbered_aligned
35:16,35:16:2:1,35:16:3:1,35:16:2,35:16:3,3MS,3MS,0,qac_v0.4_aligned,numbered_aligned
35:16,35:16:3:1,35:16:4:2,35:16:3,35:16:4,3MS,3MS,0,qac_v0.4_aligned,numbered_aligned
35:18,35:18:2:1,35:18:7:1,35:18:2,35:18:7,3FS,3FS,0,qac_v0.4_aligned,numbered_aligned
35:18,35:18:7:1,35:18:12:1,35:18:7,35:18:12,3FS,3MS,0,qac_v0.4_aligned,numbered_aligned
35:18,35:18:12:1,35:18:16:1,35:18:12,35:18:16,3MS,3MS,0,qac_v0.4_aligned,numbered_aligned
35:18,35:18:16:1,35:18:20:1,35:18:16,35:18:20,3MS,2MS,1,qac_v0.4_aligned,numbered_aligned
35:18,35:18:20:1,35:18:22:1,35:18:20,35:18:22,2MS,3MP,1,qac_v0.4_aligned,numbered_aligned
35:18,35:18:22:1,35:18:25:2,35:18:22,35:18:25,3MP,3MP,0,qac_v0.4_aligned,numbered_aligned
35:18,35:18:25:2,35:18:28:1,35:18:25,35:18:28,3MP,3MS,0,qac_v0.4_aligned,numbered_aligned
35:18,35:18:28:1,35:18:30:1,35:18:28,35:18:30,3MS,3MS,0,qac_v0.4_aligned,numbered_aligned
35:22,35:22:8:1,35:22:10:1,35:22:8,35:22:10,3MS,3MS,0,qac_v0.4_aligned,numbered_aligned
35:24,35:24:2:1,35:24:10:1,35:24:2,35:24:10,1P,3MS,1,qac_v0.4_aligned,numbered_aligned
35:25,35:25:2:1,35:25:4:1,35:25:2,35:25:4,3MP,3MS,0,qac_v0.4_aligned,numbered_aligned
35:25,35:25:4:1,35:25:8:1,35:25:4,35:25:8,3MS,3FS,0,qac_v0.4_aligned,numbered_aligned
35:26,35:26:2:1,35:26:4:1,35:26:2,35:26:4,1S,3MP,1,qac_v0.4_aligned,numbered_aligned
35:26,35:26:4:1,35:26:6:1,35:26:4,35:26:6,3MP,3MS,0,qac_v0.4_aligned,numbered_aligned
35:27,35:27:2:1,35:27:5:1,35:27:2,35:27:5,2MS,3MS,1,qac_v0.4_aligned,numbered_aligned
35:27,35:27:5:1,35:27:9:2,35:27:5,35:27:9,3MS,1P,1,qac_v0.4_aligned,numbered_aligned
35:29,35:29:3:1,35:29:6:2,35:29:3,35:29:6,3MP,3MP,0,qac_v0.4_aligned,numbered_aligned
35:29,35:29:6:2,35:29:8:2,35:29:6,35:29:8,3MP,3MP,0,qac_v0.4_aligned,numbered_aligned
35:29,35:29:8:2,35:29:10:1,35:29:8,35:29:10,3MP,1P,1,qac_v0.4_aligned,numbered_aligned
35:29,35:29:10:1,35:29:13:1,35:29:10,35:29:13,1P,3MP,1,qac_v0.4_aligned,numbered_aligned
35:29,35:29:13:1,35:29:16:1,35:29:13,35:29:16,3MP,3FS,0,qac_v0.4_aligned,numbered_aligned
35:30,35:30:1:2,35:30:3:2,35:30:1,35:30:3,3MS,3MS,0,qac_v0.4_aligned,numbered_aligned
35:32,35:32:2:1,35:32:5:1,35:32:2,35:32:5,1P,1P,0,qac_v0.4_aligned,numbered_aligned
35:33,35:33:3:1,35:33:4:1,35:33:3,35:33:4,3MP,3MP,0,qac_v0.4_aligned,numbered_aligned
35:34,35:34:1:2,35:34:5:1,35:34:1,35:34:5,3MP,3MS,0,qac_v0.4_aligned,numbered_aligned
35:35,35:35:2:1,35:35:8:1,35:35:2,35:35:8,3MS,3MS,0,qac_v0.4_aligned,numbered_aligned
35:35,35:35:8:1,35:35:12:1,35:35:8,35:35:12,3MS,3MS,0,qac_v0.4_aligned,numbered_aligned
35:36,35:36:2:1,35:36:7:1,35:36:2,35:36:7,3MP,3MS,0,qac_v0.4_aligned,numbered_aligned
35:36,35:36:7:1,35:36:9:2,35:36:7,35:36:9,3MS,3MP,0,qac_v0.4_aligned,numbered_aligned
35:36,35:36:9:2,35:36:11:1,35:36:9,35:36:11,3MP,3MS,0,qac_v0.4_aligned,numbered_aligned
35:37,35:37:2:1,35:37:5:1,35:37:2,35:37:5,3MP,2MS,1,qac_v0.4_aligned,numbered_aligned
35:37,35:37:5:1,35:37:6:1,35:37:5,35:37:6,2MS,1P,1,qac_v0.4_aligned,numbered_aligned
35:37,35:37:6:1,35:37:10:1,35:37:6,35:37:10,1P,1P,0,qac_v0.4_aligned,numbered_aligned
35:37,35:37:10:1,35:37:11:1,35:37:10,35:37:11,1P,1P,0,qac_v0.4_aligned,numbered_aligned
35:37,35:37:11:1,35:37:13:1,35:37:11,35:37:13,1P,1P,0,qac_v0.4_aligned,numbered_aligned
35:37,35:37:13:1,35:37:15:1,35:37:13,35:37:15,1P,3MS,1,qac_v0.4_aligned,numbered_aligned
35:37,35:37:15:1,35:37:18:1,35:37:15,35:37:18,3MS,3MS,0,qac_v0.4_aligned,numbered_aligned
35:37,35:37:18:1,35:37:19:2,35:37:18,35:37:19,3MS,3MS,0,qac_v0.4_aligned,numbered_aligned
35:37,35:37:19:2,35:37:21:2,35:37:19,35:37:21,3MS,2MP,1,qac_v0.4_aligned,numbered_aligned
35:39,35:39:3:1,35:39:8:1,35:39:3,35:39:8,3MS,3MS,0,qac_v0.4_aligned,numbered_aligned
35:39,35:39:8:1,35:39:12:1,35:39:8,35:39:12,3MS,3MS,0,qac_v0.4_aligned,numbered_aligned
35:39,35:39:12:1,35:39:20:1,35:39:12,35:39:20,3MS,3MS,0,qac_v0.4_aligned,numbered_aligned
35:41,35:41:3:1,35:41:7:1,35:41:3,35:41:7,3MS,2D,1,qac_v0.4_aligned,numbered_aligned
35:41,35:41:7:1,35:41:9:1,35:41:7,35:41:9,2D,3FD,1,qac_v0.4_aligned,numbered_aligned
35:41,35:41:9:1,35:41:11:1,35:41:9,35:41:11,3FD,3MS,0,qac_v0.4_aligned,numbered_aligned
35:41,35:41:11:1,35:41:17:1,35:41:11,35:41:17,3MS,3MS,0,qac_v0.4_aligned,numbered_aligned
35:42,35:42:1:2,35:42:6:1,35:42:1,35:42:6,3MP,3MS,0,qac_v0.4_aligned,numbered_aligned
35:42,35:42:6:1,35:42:8:2,35:42:6,35:42:8,3MS,3MP,0,qac_v0.4_aligned,numbered_aligned
35:42,35:42:8:2,35:42:14:1,35:42:8,35:42:14,3MP,3MS,0,qac_v0.4_aligned,numbered_aligned
35:42,35:42:14:1,35:42:17:1,35:42:14,35:42:17,3MS,3MS,0,qac_v0.4_aligned,numbered_aligned
35:43,35:43:7:1,35:43:13:1,35:43:7,35:43:13,3MS,3MP,0,qac_v0.4_aligned,numbered_aligned
35:43,35:43:13:1,35:43:18:1,35:43:13,35:43:18,3MP,2MS,1,qac_v0.4_aligned,numbered_aligned
35:43,35:43:18:1,35:43:23:1,35:43:18,35:43:23,2MS,2MS,0,qac_v0.4_aligned,numbered_aligned
35:44,35:44:2:1,35:44:5:2,35:44:2,35:44:5,3MP,3MP,0,qac_v0.4_aligned,numbered_aligned
35:44,35:44:5:2,35:44:7:1,35:44:5,35:44:7,3MP,3MS,0,qac_v0.4_aligned,numbered_aligned
35:44,35:44:7:1,35:44:12:2,35:44:7,35:44:12,3MS,3MP,0,qac_v0.4_aligned,numbered_aligned
35:44,35:44:12:2,35:44:17:1,35:44:12,35:44:17,3MP,3MS,0,qac_v0.4_aligned,numbered_aligned
35:44,35:44:17:1,35:44:19:2,35:44:17,35:44:19,3MS,3MS,0,qac_v0.4_aligned,numbered_aligned
35:44,35:44:19:2,35:44:28:1,35:44:19,35:44:28,3MS,3MS,0,qac_v0.4_aligned,numbered_aligned
35:45,35:45:2:1,35:45:6:1,35:45:2,35:45:6,3MS,3MP,0,qac_v0.4_aligned,numbered_aligned
35:45,35:45:6:1,35:45:8:1,35:45:6,35:45:8,3MP,3MS,0,qac_v0.4_aligned,numbered_aligned
35:45,35:45:8:1,35:45:14:1,35:45:8,35:45:14,3MS,3MS,0,qac_v0.4_aligned,numbered_aligned
35:45,35:45:14:1,35:45:19:1,35:45:14,35:45:19,3MS,3MS,0,qac_v0.4_aligned,numbered_aligned
35:45,35:45:19:1,35:45:23:1,35:45:19,35:45:23,3MS,3MS,0,qac_v0.4_aligned,numbered_aligned
36:6,36:6:1:2,36:6:4:1,36:6:1,36:6:4,2MS,3MS,1,qac_v0.4_aligned,numbered_aligned
36:7,36:7:2:1,36:7:8:1,36:7:2,36:7:8,3MS,3MP,0,qac_v0.4_aligned,numbered_aligned
36:9,36:9:1:2,36:9:9:2,36:9:1,36:9:9,1P,1P,0,qac_v0.4_aligned,numbered_aligned
36:9,36:9:9:2,36:9:12:1,36:9:9,36:9:12,1P,3MP,1,qac_v0.4_aligned,numbered_aligned
36:10,36:10:6:1,36:10:8:1,36:10:6,36:10:8,3FS,3MP,0,qac_v0.4_aligned,numbered_aligned
36:11,36:11:2:1,36:11:4:1,36:11:2,36:11:4,2MS,3MS,1,qac_v0.4_aligned,numbered_aligned
36:12,36:12:5:2,36:12:7:1,36:12:5,36:12:7,1P,3MP,1,qac_v0.4_aligned,numbered_aligned
36:12,36:12:7:1,36:12:11:1,36:12:7,36:12:11,3MP,1P,1,qac_v0.4_aligned,numbered_aligned
36:13,36:13:1:2,36:13:7:1,36:13:1,36:13:7,2MS,3MS,1,qac_v0.4_aligned,numbered_aligned
36:14,36:14:2:1,36:14:5:2,36:14:2,36:14:5,1P,3MP,1,qac_v0.4_aligned,numbered_aligned
36:14,36:14:5:2,36:14:6:2,36:14:5,36:14:6,3MP,1P,1,qac_v0.4_aligned,numbered_aligned
36:14,36:14:6:2,36:14:8:2,36:14:6,36:14:8,1P,3MP,1,qac_v0.4_aligned,numbered_aligned
36:15,36:15:1:1,36:15:8:1,36:15:1,36:15:8,3MP,3MS,0,qac_v0.4_aligned,numbered_aligned
36:15,36:15:8:1,36:15:15:1,36:15:8,36:15:15,3MS,2MP,1,qac_v0.4_aligned,numbered_aligned
36:16,36:16:1:1,36:16:3:1,36:16:1,36:16:3,3MP,3MS,0,qac_v0.4_aligned,numbered_aligned
36:18,36:18:1:1,36:18:3:1,36:18:1,36:18:3,3MP,1P,1,qac_v0.4_aligned,numbered_aligned
36:18,36:18:3:1,36:18:7:1,36:18:3,36:18:7,1P,2MP,1,qac_v0.4_aligned,numbered_aligned
36:18,36:18:7:1,36:18:8:2,36:18:7,36:18:8,2MP,1P,1,qac_v0.4_aligned,numbered_aligned
36:18,36:18:8:2,36:18:9:3,36:18:8,36:18:9,1P,3MS,1,qac_v0.4_aligned,numbered_aligned
36:19,36:19:1:1,36:19:5:1,36:19:1,36:19:5,3MP,2MP,1,qac_v0.4_aligned,numbered_aligned
36:20,36:20:1:2,36:20:6:1,36:20:1,36:20:6,3MS,3MS,0,qac_v0.4_aligned,numbered_aligned
36:20,36:20:6:1,36:20:7:1,36:20:6,36:20:7,3MS,3MS,0,qac_v0.4_aligned,numbered_aligned
36:20,36:20:7:1,36:20:9:1,36:20:7,36:20:10,3MS,2MP,1,qac_v0.4_aligned,numbered_aligned
36:23,36:23:6:1,36:23:10:1,36:23:6,36:23:10,3MS,3FS,0,qac_v0.4_aligned,numbered_aligned
36:23,36:23:10:1,36:23:15:1,36:23:10,36:23:15,3FS,3MP,0,qac_v0.4_aligned,numbered_aligned
36:26,36:26:1:1,36:26:2:1,36:26:1,36:26:2,3MS,2MS,1,qac_v0.4_aligned,numbered_aligned
36:26,36:26:2:1,36:26:4:1,36:26:2,36:26:4,2MS,3MS,1,qac_v0.4_aligned,numbered_aligned
36:26,36:26:4:1,36:26:7:1,36:26:4,36:26:8,3MS,3MP,0,qac_v0.4_aligned,numbered_aligned
36:28,36:28:2:1,36:28:12:1,36:28:2,36:28:12,1P,1P,0,qac_v0.4_aligned,numbered_aligned
36:30,36:30:5:1,36:30:9:1,36:30:6,36:30:10,3MS,3MP,0,qac_v0.4_aligned,numbered_aligned
36:31,36:31:2:1,36:31:4:1,36:31:2,36:31:4,3MP,1P,1,qac_v0.4_aligned,numbered_aligned
36:31,36:31:4:1,36:31:11:1,36:31:4,36:31:11,1P,3MP,1,qac_v0.4_aligned,numbered_aligned
36:33,36:33:5:1,36:33:6:2,36:33:5,36:33:6,1P,1P,0,qac_v0.4_aligned,numbered_aligned
36:33,36:33:6:2,36:33:10:1,36:33:6,36:33:10,1P,3MP,1,qac_v0.4_aligned,numbered_aligned
36:34,36:34:1:2,36:34:7:2,36:34:1,36:34:7,1P,1P,0,qac_v0.4_aligned,numbered_aligned
36:35,36:35:1:2,36:35:5:1,36:35:1,36:35:5,3MP,3FS,0,qac_v0.4_aligned,numbered_aligned
36:35,36:35:5:1,36:35:8:1,36:35:5,36:35:8,3FS,3MP,0,qac_v0.4_aligned,numbered_aligned
36:36,36:36:3:1,36:36:7:1,36:36:3,36:36:7,3MS,3FS,0,qac_v0.4_aligned,numbered_aligned
36:36,36:36:7:1,36:36:13:1,36:36:7,36:36:13,3FS,3MP,0,qac_v0.4_aligned,numbered_aligned
36:39,36:39:2:1,36:39:5:1,36:39:2,36:39:5,1P,3MS,1,qac_v0.4_aligned,numbered_aligned
36:40,36:40:6:1,36:40:15:1,36:40:6,36:40:15,3FS,3MP,0,qac_v0.4_aligned,numbered_aligned
36:42,36:42:1:2,36:42:6:1,36:42:1,36:42:6,1P,3MP,1,qac_v0.4_aligned,numbered_aligned
36:43,36:43:2:1,36:43:3:1,36:43:2,36:43:3,1P,1P,0,qac_v0.4_aligned,numbered_aligned
36:43,36:43:3:1,36:43:9:1,36:43:3,36:43:9,1P,3MP,1,qac_v0.4_aligned,numbered_aligned
36:45,36:45:2:1,36:45:4:1,36:45:2,36:45:4,3MS,2MP,1,qac_v0.4_aligned,numbered_aligned
36:45,36:45:4:1,36:45:11:1,36:45:4,36:45:11,2MP,2MP,0,qac_v0.4_aligned,numbered_aligned
36:46,36:46:2:1,36:46:9:1,36:46:2,36:46:9,3FS,3MP,0,qac_v0.4_aligned,numbered_aligned
36:47,36:47:2:1,36:47:4:1,36:47:2,36:47:4,3MS,2MP,1,qac_v0.4_aligned,numbered_aligned
36:47,36:47:4:1,36:47:6:1,36:47:4,36:47:6,2MP,3MS,1,qac_v0.4_aligned,numbered_aligned
36:47,36:47:6:1,36:47:8:1,36:47:6,36:47:8,3MS,3MS,0,qac_v0.4_aligned,numbered_aligned
36:47,36:47:8:1,36:47:10:1,36:47:8,36:47:10,3MS,3MP,0,qac_v0.4_aligned,numbered_aligned
36:47,36:47:13:2,36:47:16:1,36:47:13,36:47:16,1P,3MS,1,qac_v0.4_aligned,numbered_aligned
36:47,36:47:16:1,36:47:18:1,36:47:16,36:47:18,3MS,3MS,0,qac_v0.4_aligned,numbered_aligned
36:48,36:48:1:2,36:48:6:1,36:48:1,36:48:6,3MP,2MP,1,qac_v0.4_aligned,numbered_aligned
36:49,36:49:2:1,36:49:6:1,36:49:2,36:49:6,3MP,3FS,0,qac_v0.4_aligned,numbered_aligned
36:49,36:49:6:1,36:49:8:1,36:49:6,36:49:8,3FS,3MP,0,qac_v0.4_aligned,numbered_aligned
36:50,36:50:2:1,36:50:7:1,36:50:2,36:50:7,3MP,3MP,0,qac_v0.4_aligned,numbered_aligned
36:51,36:51:1:2,36:51:10:1,36:51:1,36:51:10,3MS,3MP,0,qac_v0.4_aligned,numbered_aligned
36:52,36:52:1:1,36:52:4:1,36:52:1,36:52:5,3MP,3MS,0,qac_v0.4_aligned,numbered_aligned
36:52,36:52:4:1,36:52:9:1,36:52:5,36:52:10,3MS,3MS,0,qac_v0.4_aligned,numbered_aligned
36:52,36:52:9:1,36:52:11:2,36:52:10,36:52:12,3MS,3MS,0,qac_v0.4_aligned,numbered_aligned
36:54,36:54:3:1,36:54:7:1,36:54:3,36:54:7,3FS,2MP,1,qac_v0.4_aligned,numbered_aligned
36:54,36:54:7:1,36:54:10:1,36:54:7,36:54:10,2MP,2MP,0,qac_v0.4_aligned,numbered_aligned
36:54,36:54:10:1,36:54:11:1,36:54:10,36:54:11,2MP,2MP,0,qac_v0.4_aligned,numbered_aligned
36:62,36:62:2:1,36:62:7:1,36:62:2,36:62:7,3MS,2MP,1,qac_v0.4_aligned,numbered_aligned
36:62,36:62:7:1,36:62:8:1,36:62:7,36:62:8,2MP,2MP,0,qac_v0.4_aligned,numbered_aligned
36:63,36:63:4:1,36:63:5:1,36:63:4,36:63:5,2MP,2MP,0,qac_v0.4_aligned,numbered_aligned
36:64,36:64:1:1,36:64:4:1,36:64:1,36:64:4,2MP,2MP,0,qac_v0.4_aligned,numbered_aligned
36:64,36:64:4:1,36:64:5:1,36:64:4,36:64:5,2MP,2MP,0,qac_v0.4_aligned,numbered_aligned
36:65,36:65:2:1,36:65:5:2,36:65:2,36:65:5,1P,3FS,1,qac_v0.4_aligned,numbered_aligned
36:65,36:65:5:2,36:65:7:2,36:65:5,36:65:7,3FS,3FS,0,qac_v0.4_aligned,numbered_aligned
36:65,36:65:7:2,36:65:10:1,36:65:7,36:65:10,3FS,3MP,0,qac_v0.4_aligned,numbered_aligned
36:65,36:65:10:1,36:65:11:1,36:65:10,36:65:11,3MP,3MP,0,qac_v0.4_aligned,numbered_aligned
36:66,36:66:2:1,36:66:3:2,36:66:2,36:66:3,1P,1P,0,qac_v0.4_aligned,numbered_aligned
36:66,36:66:3:2,36:66:6:2,36:66:3,36:66:6,1P,3MP,1,qac_v0.4_aligned,numbered_aligned
36:66,36:66:6:2,36:66:9:1,36:66:6,36:66:9,3MP,3MP,0,qac_v0.4_aligned,numbered_aligned
36:67,36:67:2:1,36:67:3:2,36:67:2,36:67:3,1P,1P,0,qac_v0.4_aligned,numbered_aligned
36:67,36:67:3:2,36:67:7:1,36:67:3,36:67:7,1P,3MP,1,qac_v0.4_aligned,numbered_aligned
36:67,36:67:7:1,36:67:10:1,36:67:7,36:67:10,3MP,3MP,0,qac_v0.4_aligned,numbered_aligned
36:68,36:68:2:1,36:68:3:1,36:68:2,36:68:3,1P,1P,0,qac_v0.4_aligned,numbered_aligned
36:68,36:68:3:1,36:68:7:1,36:68:3,36:68:7,1P,3MP,1,qac_v0.4_aligned,numbered_aligned
36:70,36:70:1:2,36:70:3:1,36:70:1,36:70:3,3MS,3MS,0,qac_v0.4_aligned,numbered_aligned
36:70,36:70:3:1,36:70:5:2,36:70:3,36:70:5,3MS,3MS,0,qac_v0.4_aligned,numbered_aligned
36:71,36:71:2:1,36:71:4:1,36:71:2,36:71:4,3MP,1P,1,qac_v0.4_aligned,numbered_aligned
36:71,36:71:4:1,36:71:7:1,36:71:4,36:71:7,1P,3FS,1,qac_v0.4_aligned,numbered_aligned
36:72,36:72:1:2,36:72:6:1,36:72:1,36:72:6,1P,3MP,1,qac_v0.4_aligned,numbered_aligned
36:74,36:74:1:2,36:74:7:1,36:74:1,36:74:7,3MP,3MP,0,qac_v0.4_aligned,numbered_aligned
36:76,36:76:2:1,36:76:5:1,36:76:2,36:76:5,3MS,1P,1,qac_v0.4_aligned,numbered_aligned
36:76,36:76:5:1,36:76:7:1,36:76:5,36:76:7,1P,3MP,1,qac_v0.4_aligned,numbered_aligned
36:76,36:76:7:1,36:76:9:1,36:76:7,36:76:9,3MP,3MP,0,qac_v0.4_aligned,numbered_aligned
36:77,36:77:2:1,36:77:5:1,36:77:2,36:77:5,3MS,1P,1,qac_v0.4_aligned,numbered_aligned
36:79,36:79:1:1,36:79:2:1,36:79:1,36:79:2,2MS,3MS,1,qac_v0.4_aligned,numbered_aligned
36:79,36:79:2:1,36:79:4:1,36:79:2,36:79:4,3MS,3MS,0,qac_v0.4_aligned,numbered_aligned
36:80,36:80:2:1,36:80:11:1,36:80:2,36:80:11,3MS,2MP,1,qac_v0.4_aligned,numbered_aligned
36:81,36:81:1:3,36:81:3:1,36:81:1,36:81:3,3MS,3MS,0,qac_v0.4_aligned,numbered_aligned
36:81,36:81:3:1,36:81:9:1,36:81:3,36:81:9,3MS,3MS,0,qac_v0.4_aligned,numbered_aligned
36:82,36:82:4:1,36:82:7:1,36:82:4,36:82:7,3MS,3MS,0,qac_v0.4_aligned,numbered_aligned
36:82,36:82:7:1,36:82:9:1,36:82:7,36:82:9,3MS,2MS,1,qac_v0.4_aligned,numbered_aligned
36:82,36:82:9:1,36:82:10:2,36:82:9,36:82:10,2MS,3MS,1,qac_v0.4_aligned,numbered_aligned
37:8,37:8:2:1,37:8:6:2,37:8:2,37:8:6,3MP,3MP,0,qac_v0.4_aligned,numbered_aligned
37:10,37:10:3:1,37:10:5:2,37:10:3,37:10:5,3MS,3MS,0,qac_v0.4_aligned,numbered_aligned
37:11,37:11:1:2,37:11:7:1,37:11:1,37:11:7,2MS,1P,1,qac_v0.4_aligned,numbered_aligned
37:11,37:11:7:1,37:11:9:1,37:11:7,37:11:9,1P,1P,0,qac_v0.4_aligned,numbered_aligned
37:12,37:12:2:1,37:12:3:2,37:12:2,37:12:3,2MS,3MP,1,qac_v0.4_aligned,numbered_aligned
37:13,37:13:2:1,37:13:4:1,37:13:2,37:13:4,3MP,3MP,0,qac_v0.4_aligned,numbered_aligned
37:14,37:14:2:1,37:14:4:1,37:14:2,37:14:4,3MP,3MP,0,qac_v0.4_aligned,numbered_aligned
37:16,37:16:2:1,37:16:3:2,37:16:2,37:16:3,1P,1P,0,qac_v0.4_aligned,numbered_aligned
37:21,37:21:5:1,37:21:7:1,37:21:5,37:21:7,2MP,2MP,0,qac_v0.4_aligned,numbered_aligned
37:22,37:22:1:1,37:22:3:1,37:22:1,37:22:3,2MP,3MP,1,qac_v0.4_aligned,numbered_aligned
37:22,37:22:3:1,37:22:6:1,37:22:3,37:22:6,3MP,3MP,0,qac_v0.4_aligned,numbered_aligned
37:22,37:22:6:1,37:22:7:1,37:22:6,37:22:7,3MP,3MP,0,qac_v0.4_aligned,numbered_aligned
37:27,37:27:1:2,37:27:5:1,37:27:1,37:27:5,3MS,3MP,0,qac_v0.4_aligned,numbered_aligned
37:28,37:28:1:1,37:28:3:1,37:28:1,37:28:3,3MP,2MP,1,qac_v0.4_aligned,numbered_aligned
37:28,37:28:3:1,37:28:4:1,37:28:3,37:28:4,2MP,2MP,0,qac_v0.4_aligned,numbered_aligned
37:29,37:29:1:1,37:29:4:1,37:29:1,37:29:4,3MP,2MP,1,qac_v0.4_aligned,numbered_aligned
37:30,37:30:2:1,37:30:8:1,37:30:2,37:30:8,3MS,2MP,1,qac_v0.4_aligned,numbered_aligned
37:32,37:32:1:2,37:32:3:1,37:32:1,37:32:3,1P,1P,0,qac_v0.4_aligned,numbered_aligned
37:35,37:35:2:1,37:35:4:1,37:35:2,37:35:4,3MP,3MS,0,qac_v0.4_aligned,numbered_aligned
37:35,37:35:4:1,37:35:10:1,37:35:4,37:35:10,3MS,3MP,0,qac_v0.4_aligned,numbered_aligned
37:37,37:37:2:1,37:37:4:2,37:37:2,37:37:4,3MS,3MS,0,qac_v0.4_aligned,numbered_aligned
37:39,37:39:2:1,37:39:5:1,37:39:2,37:39:5,2MP,2MP,0,qac_v0.4_aligned,numbered_aligned
37:39,37:39:5:1,37:39:6:1,37:39:5,37:39:6,2MP,2MP,0,qac_v0.4_aligned,numbered_aligned
37:50,37:50:1:2,37:50:5:1,37:50:1,37:50:5,3MS,3MP,0,qac_v0.4_aligned,numbered_aligned
37:51,37:51:1:1,37:51:5:1,37:51:1,37:51:5,3MS,3MS,0,qac_v0.4_aligned,numbered_aligned
37:53,37:53:2:1,37:53:3:2,37:53:2,37:53:3,1P,1P,0,qac_v0.4_aligned,numbered_aligned
37:56,37:56:1:1,37:56:4:1,37:56:1,37:56:4,3MS,2MS,1,qac_v0.4_aligned,numbered_aligned
37:56,37:56:4:1,37:56:5:2,37:56:4,37:56:5,2MS,3FS,1,qac_v0.4_aligned,numbered_aligned
37:73,37:73:1:2,37:73:3:1,37:73:1,37:73:3,2MS,3MS,1,qac_v0.4_aligned,numbered_aligned
37:85,37:85:2:1,37:85:6:1,37:85:2,37:85:6,3MS,2MP,1,qac_v0.4_aligned,numbered_aligned
37:91,37:91:1:2,37:91:4:2,37:91:1,37:91:4,3MS,3MS,0,qac_v0.4_aligned,numbered_aligned
37:91,37:91:4:2,37:91:6:1,37:91:4,37:91:6,3MS,2MP,1,qac_v0.4_aligned,numbered_aligned
37:94,37:94:1:2,37:94:3:1,37:94:1,37:94:3,3MP,3MP,0,qac_v0.4_aligned,numbered_aligned
37:95,37:95:1:1,37:95:2:2,37:95:1,37:95:2,3MS,2MP,1,qac_v0.4_aligned,numbered_aligned
37:95,37:95:2:2,37:95:4:1,37:95:2,37:95:4,2MP,2MP,0,qac_v0.4_aligned,numbered_aligned
37:96,37:96:2:1,37:96:4:1,37:96:2,37:96:4,3MS,2MP,1,qac_v0.4_aligned,numbered_aligned
37:97,37:97:1:1,37:97:2:1,37:97:1,37:97:2,3MP,2MP,1,qac_v0.4_aligned,numbered_aligned
37:97,37:97:2:1,37:97:5:2,37:97:2,37:97:5,2MP,2MP,0,qac_v0.4_aligned,numbered_aligned
37:98,37:98:1:2,37:98:4:2,37:98:1,37:98:4,3MP,1P,1,qac_v0.4_aligned,numbered_aligned
37:99,37:99:1:2,37:99:6:2,37:99:1,37:99:6,3MS,3MS,0,qac_v0.4_aligned,numbered_aligned
37:103,37:103:2:1,37:103:3:2,37:103:2,37:103:3,3MD,3MS,0,qac_v0.4_aligned,numbered_aligned
37:116,37:116:1:2,37:116:2:2,37:116:1,37:116:2,1P,3MP,1,qac_v0.4_aligned,numbered_aligned
37:124,37:124:2:1,37:124:5:1,37:124:2,37:124:5,3MS,2MP,1,qac_v0.4_aligned,numbered_aligned
37:125,37:125:1:2,37:125:3:2,37:125:1,37:125:3,2MP,2MP,0,qac_v0.4_aligned,numbered_aligned
37:141,37:141:1:2,37:141:2:2,37:141:1,37:141:2,3MS,3MS,0,qac_v0.4_aligned,numbered_aligned
37:144,37:144:1:2,37:144:6:1,37:144:1,37:144:6,3MS,3MP,0,qac_v0.4_aligned,numbered_aligned
37:147,37:147:1:2,37:147:6:1,37:147:1,37:147:6,1P,3MP,1,qac_v0.4_aligned,numbered_aligned
37:157,37:157:1:2,37:157:4:1,37:157:1,37:157:4,2MP,2MP,0,qac_v0.4_aligned,numbered_aligned
37:158,37:158:1:2,37:158:7:1,37:158:1,37:158:7,3MP,3FS,0,qac_v0.4_aligned,numbered_aligned
37:167,37:167:2:1,37:167:3:2,37:167:2,37:167:3,3MP,3MP,0,qac_v0.4_aligned,numbered_aligned
37:170,37:170:1:2,37:170:4:1,37:170:1,37:170:4,3MP,3MP,0,qac_v0.4_aligned,numbered_aligned
37:175,37:175:1:2,37:175:3:1,37:175:1,37:175:3,2MS,3MP,1,qac_v0.4_aligned,numbered_aligned
37:177,37:177:2:1,37:177:4:2,37:177:2,37:177:4,3MS,3MS,0,qac_v0.4_aligned,numbered_aligned
37:179,37:179:1:2,37:179:3:1,37:179:1,37:179:3,2MS,3MP,1,qac_v0.4_aligned,numbered_aligned
38:3,38:3:2:1,38:3:7:2,38:3:2,38:3:7,1P,3MP,1,qac_v0.4_aligned,numbered_aligned
38:3,38:3:7:2,38:3:8:2,38:3:7,38:3:8,3MP,3MS,0,qac_v0.4_aligned,numbered_aligned
38:4,38:4:1:2,38:4:3:1,38:4:1,38:4:3,3MP,3MS,0,qac_v0.4_aligned,numbered_aligned
38:4,38:4:3:1,38:4:6:2,38:4:3,38:4:6,3MS,3MS,0,qac_v0.4_aligned,numbered_aligned
38:6,38:6:1:2,38:6:5:1,38:6:1,38:6:5,3MS,2MP,1,qac_v0.4_aligned,numbered_aligned
38:6,38:6:5:1,38:6:6:2,38:6:5,38:6:6,2MP,2MP,0,qac_v0.4_aligned,numbered_aligned
38:6,38:6:6:2,38:6:12:1,38:6:6,38:6:12,2MP,3MS,1,qac_v0.4_aligned,numbered_aligned
38:14,38:14:4:1,38:14:6:2,38:14:4,38:14:6,3MS,3MS,0,qac_v0.4_aligned,numbered_aligned
38:16,38:16:1:2,38:16:3:1,38:16:1,38:16:3,3MP,2MS,1,qac_v0.4_aligned,numbered_aligned
38:17,38:17:1:1,38:17:4:1,38:17:1,38:17:4,2MS,3MP,1,qac_v0.4_aligned,numbered_aligned
38:17,38:17:4:1,38:17:5:2,38:17:4,38:17:5,3MP,2MS,1,qac_v0.4_aligned,numbered_aligned
38:18,38:18:2:1,38:18:5:1,38:18:2,38:18:5,1P,3FP,1,qac_v0.4_aligned,numbered_aligned
38:22,38:22:2:1,38:22:5:2,38:22:2,38:22:5,3MP,3MS,0,qac_v0.4_aligned,numbered_aligned
38:22,38:22:5:2,38:22:7:1,38:22:5,38:22:7,3MS,3MP,0,qac_v0.4_aligned,numbered_aligned
38:22,38:22:7:1,38:22:9:1,38:22:7,38:22:9,3MP,2MS,1,qac_v0.4_aligned,numbered_aligned
38:22,38:22:9:1,38:22:11:1,38:22:9,38:22:11,2MS,3MS,1,qac_v0.4_aligned,numbered_aligned
38:22,38:22:11:1,38:22:15:2,38:22:11,38:22:15,3MS,2MS,1,qac_v0.4_aligned,numbered_aligned
38:22,38:22:15:2,38:22:19:1,38:22:15,38:22:19,2MS,3FS,1,qac_v0.4_aligned,numbered_aligned
38:22,38:22:19:1,38:22:20:2,38:22:19,38:22:20,3FS,2MS,1,qac_v0.4_aligned,numbered_aligned
38:23,38:23:11:2,38:23:12:1,38:23:11,38:23:12,3MS,2MS,1,qac_v0.4_aligned,numbered_aligned
38:24,38:24:1:1,38:24:3:1,38:24:1,38:24:3,3MS,3MS,0,qac_v0.4_aligned,numbered_aligned
38:24,38:24:19:2,38:24:24:2,38:24:19,38:24:24,3MP,3MS,0,qac_v0.4_aligned,numbered_aligned
38:24,38:24:24:2,38:24:27:1,38:24:24,38:24:27,3MS,1P,1,qac_v0.4_aligned,numbered_aligned
38:24,38:24:27:1,38:24:28:2,38:24:27,38:24:28,1P,3MS,1,qac_v0.4_aligned,numbered_aligned
38:24,38:24:28:2,38:24:30:2,38:24:28,38:24:30,3MS,3MS,0,qac_v0.4_aligned,numbered_aligned
38:24,38:24:30:2,38:24:32:2,38:24:30,38:24:32,3MS,3MS,0,qac_v0.4_aligned,numbered_aligned
38:27,38:27:2:1,38:27:11:1,38:27:2,38:27:11,1P,3MP,1,qac_v0.4_aligned,numbered_aligned
38:27,38:27:11:1,38:27:14:1,38:27:11,38:27:14,3MP,3MP,0,qac_v0.4_aligned,numbered_aligned
38:28,38:28:5:2,38:28:11:1,38:28:5,38:28:11,3MP,1P,1,qac_v0.4_aligned,numbered_aligned
38:29,38:29:2:1,38:29:5:2,38:29:2,38:29:5,1P,3MP,1,qac_v0.4_aligned,numbered_aligned
38:29,38:29:5:2,38:29:7:3,38:29:5,38:29:7,3MP,3MS,0,qac_v0.4_aligned,numbered_aligned
38:30,38:30:1:2,38:30:4:1,38:30:1,38:30:4,1P,3MS,1,qac_v0.4_aligned,numbered_aligned
38:32,38:32:1:2,38:32:3:1,38:32:1,38:32:3,3MS,1S,1,qac_v0.4_aligned,numbered_aligned
38:32,38:32:3:1,38:32:10:1,38:32:3,38:32:10,1S,3FS,1,qac_v0.4_aligned,numbered_aligned
38:33,38:33:1:1,38:33:3:2,38:33:1,38:33:3,2MP,3MS,1,qac_v0.4_aligned,numbered_aligned
38:34,38:34:2:1,38:34:4:2,38:34:2,38:34:4,1P,1P,0,qac_v0.4_aligned,numbered_aligned
38:34,38:34:4:2,38:34:9:1,38:34:4,38:34:9,1P,3MS,1,qac_v0.4_aligned,numbered_aligned
38:35,38:35:1:1,38:35:3:1,38:35:1,38:35:3,3MS,2MS,1,qac_v0.4_aligned,numbered_aligned
38:35,38:35:3:1,38:35:5:2,38:35:3,38:35:5,2MS,2MS,0,qac_v0.4_aligned,numbered_aligned
38:39,38:39:3:2,38:39:5:1,38:39:3,38:39:5,2MS,2MS,0,qac_v0.4_aligned,numbered_aligned
38:41,38:41:1:2,38:41:5:1,38:41:1,38:41:5,2MS,3MS,1,qac_v0.4_aligned,numbered_aligned
38:44,38:44:1:2,38:44:4:2,38:44:1,38:44:4,2MS,2MS,0,qac_v0.4_aligned,numbered_aligned
38:44,38:44:4:2,38:44:7:1,38:44:4,38:44:7,2MS,2MS,0,qac_v0.4_aligned,numbered_aligned
38:44,38:44:7:1,38:44:9:1,38:44:7,38:44:9,2MS,1P,1,qac_v0.4_aligned,numbered_aligned
38:44,38:44:9:1,38:44:11:1,38:44:9,38:44:11,1P,3MS,1,qac_v0.4_aligned,numbered_aligned
38:56,38:56:2:1,38:56:3:2,38:56:2,38:56:3,3MP,3MS,0,qac_v0.4_aligned,numbered_aligned
38:60,38:60:1:1,38:60:8:1,38:60:1,38:60:8,3MP,2MP,1,qac_v0.4_aligned,numbered_aligned
38:60,38:60:8:1,38:60:10:2,38:60:8,38:60:10,2MP,3MS,1,qac_v0.4_aligned,numbered_aligned
38:61,38:61:1:1,38:61:4:1,38:61:1,38:61:4,3MP,3MS,0,qac_v0.4_aligned,numbered_aligned
38:61,38:61:4:1,38:61:7:2,38:61:4,38:61:7,3MS,2MS,1,qac_v0.4_aligned,numbered_aligned
38:62,38:62:1:2,38:62:5:1,38:62:1,38:62:5,3MP,1P,1,qac_v0.4_aligned,numbered_aligned
38:62,38:62:5:1,38:62:7:1,38:62:5,38:62:7,1P,1P,0,qac_v0.4_aligned,numbered_aligned
38:62,38:62:7:1,38:62:8:1,38:62:7,38:62:8,1P,1P,0,qac_v0.4_aligned,numbered_aligned
38:63,38:63:1:2,38:63:4:1,38:63:1,38:63:4,1P,3FS,1,qac_v0.4_aligned,numbered_aligned
38:69,38:69:2:1,38:69:9:1,38:69:2,38:69:9,3MS,3MP,0,qac_v0.4_aligned,numbered_aligned
38:72,38:72:2:1,38:72:3:2,38:72:2,38:72:3,1S,1S,0,qac_v0.4_aligned,numbered_aligned
38:72,38:72:3:2,38:72:7:2,38:72:3,38:72:7,1S,2MP,1,qac_v0.4_aligned,numbered_aligned
38:74,38:74:3:1,38:74:4:2,38:74:3,38:74:4,3MS,3MS,0,qac_v0.4_aligned,numbered_aligned
38:75,38:75:1:1,38:75:4:1,38:75:1,38:75:5,3MS,3MS,0,qac_v0.4_aligned,numbered_aligned
38:75,38:75:4:1,38:75:6:1,38:75:5,38:75:7,3MS,2MS,1,qac_v0.4_aligned,numbered_aligned
38:75,38:75:6:1,38:75:8:1,38:75:7,38:75:9,2MS,1S,1,qac_v0.4_aligned,numbered_aligned
38:75,38:75:8:1,38:75:10:2,38:75:9,38:75:11,1S,2MS,1,qac_v0.4_aligned,numbered_aligned
38:75,38:75:10:2,38:75:12:1,38:75:11,38:75:13,2MS,2MS,0,qac_v0.4_aligned,numbered_aligned
38:77,38:77:1:1,38:77:2:2,38:77:1,38:77:2,3MS,2MS,1,qac_v0.4_aligned,numbered_aligned
38:82,38:82:1:1,38:82:3:2,38:82:1,38:82:3,3MS,1S,1,qac_v0.4_aligned,numbered_aligned
38:84,38:84:1:1,38:84:4:1,38:84:1,38:84:4,3MS,1S,1,qac_v0.4_aligned,numbered_aligned
38:85,38:85:1:2,38:85:5:1,38:85:1,38:85:5,1S,3MS,1,qac_v0.4_aligned,numbered_aligned
39:2,39:2:2:1,39:2:6:2,39:2:2,39:2:6,1P,2MS,1,qac_v0.4_aligned,numbered_aligned
39:3,39:3:6:1,39:3:11:1,39:3:6,39:3:11,3MP,1P,1,qac_v0.4_aligned,numbered_aligned
39:3,39:3:11:1,39:3:13:2,39:3:11,39:3:13,1P,3MP,1,qac_v0.4_aligned,numbered_aligned
39:3,39:3:13:2,39:3:19:1,39:3:13,39:3:19,3MP,3MS,0,qac_v0.4_aligned,numbered_aligned
39:3,39:3:19:1,39:3:25:1,39:3:19,39:3:25,3MS,3MP,0,qac_v0.4_aligned,numbered_aligned
39:4,39:4:2:1,39:4:5:1,39:4:2,39:4:5,3MS,3MS,0,qac_v0.4_aligned,numbered_aligned
39:4,39:4:5:1,39:4:7:2,39:4:5,39:4:7,3MS,3MS,0,qac_v0.4_aligned,numbered_aligned
39:4,39:4:7:2,39:4:9:1,39:4:7,39:4:9,3MS,3MS,0,qac_v0.4_aligned,numbered_aligned
39:4,39:4:9:1,39:4:11:1,39:4:9,39:4:11,3MS,3MS,0,qac_v0.4_aligned,numbered_aligned
39:5,39:5:1:1,39:5:5:1,39:5:1,39:5:5,3MS,3MS,0,qac_v0.4_aligned,numbered_aligned
39:5,39:5:5:1,39:5:9:2,39:5:5,39:5:9,3MS,3MS,0,qac_v0.4_aligned,numbered_aligned
39:5,39:5:9:2,39:5:13:2,39:5:9,39:5:13,3MS,3MS,0,qac_v0.4_aligned,numbered_aligned
39:6,39:6:1:1,39:6:6:1,39:6:1,39:6:6,3MS,3MS,0,qac_v0.4_aligned,numbered_aligned
39:6,39:6:6:1,39:6:9:2,39:6:6,39:6:9,3MS,3MS,0,qac_v0.4_aligned,numbered_aligned
39:6,39:6:9:2,39:6:15:1,39:6:9,39:6:15,3MS,3MS,0,qac_v0.4_aligned,numbered_aligned
39:6,39:6:15:1,39:6:36:1,39:6:15,39:6:36,3MS,2MP,1,qac_v0.4_aligned,numbered_aligned
39:7,39:7:2:1,39:7:8:1,39:7:2,39:7:8,2MP,3MS,1,qac_v0.4_aligned,numbered_aligned
39:7,39:7:8:1,39:7:12:1,39:7:8,39:7:12,3MS,2MP,1,qac_v0.4_aligned,numbered_aligned
39:7,39:7:12:1,39:7:13:1,39:7:12,39:7:13,2MP,3MS,1,qac_v0.4_aligned,numbered_aligned
39:7,39:7:13:1,39:7:16:1,39:7:13,39:7:16,3MS,3FS,0,qac_v0.4_aligned,numbered_aligned
39:7,39:7:16:1,39:7:24:2,39:7:16,39:7:24,3FS,3MS,0,qac_v0.4_aligned,numbered_aligned
39:7,39:7:24:2,39:7:26:1,39:7:24,39:7:26,3MS,2MP,1,qac_v0.4_aligned,numbered_aligned
39:7,39:7:26:1,39:7:27:1,39:7:26,39:7:27,2MP,2MP,0,qac_v0.4_aligned,numbered_aligned
39:8,39:8:2:1,39:8:5:1,39:8:2,39:8:5,3MS,3MS,0,qac_v0.4_aligned,numbered_aligned
39:8,39:8:5:1,39:8:11:1,39:8:5,39:8:11,3MS,3MS,0,qac_v0.4_aligned,numbered_aligned
39:8,39:8:21:2,39:8:24:2,39:8:21,39:8:24,3MS,3MS,0,qac_v0.4_aligned,numbered_aligned
39:8,39:8:24:2,39:8:27:1,39:8:24,39:8:27,3MS,2MS,1,qac_v0.4_aligned,numbered_aligned
39:8,39:8:27:1,39:8:28:1,39:8:27,39:8:28,2MS,2MS,0,qac_v0.4_aligned,numbered_aligned
39:9,39:9:17:1,39:9:20:1,39:9:17,39:9:20,3MP,3MP,0,qac_v0.4_aligned,numbered_aligned
39:9,39:9:20:1,39:9:22:1,39:9:20,39:9:22,3MP,3MS,0,qac_v0.4_aligned,numbered_aligned
39:10,39:10:5:1,39:10:8:1,39:10:6,39:10:9,2MP,3MP,1,qac_v0.4_aligned,numbered_aligned
39:10,39:10:8:1,39:10:17:1,39:10:9,39:10:18,3MP,3MS,0,qac_v0.4_aligned,numbered_aligned
39:11,39:11:1:1,39:11:3:1,39:11:1,39:11:3,2MS,1S,1,qac_v0.4_aligned,numbered_aligned
39:11,39:11:3:1,39:11:5:1,39:11:3,39:11:5,1S,1S,0,qac_v0.4_aligned,numbered_aligned
39:12,39:12:1:2,39:12:3:1,39:12:1,39:12:3,1S,1S,0,qac_v0.4_aligned,numbered_aligned
39:13,39:13:1:1,39:13:3:1,39:13:1,39:13:3,2MS,1S,1,qac_v0.4_aligned,numbered_aligned
39:13,39:13:3:1,39:13:5:1,39:13:3,39:13:5,1S,1S,0,qac_v0.4_aligned,numbered_aligned
39:14,39:14:1:1,39:14:3:1,39:14:1,39:14:3,2MS,1S,1,qac_v0.4_aligned,numbered_aligned
39:15,39:15:1:2,39:15:3:1,39:15:1,39:15:3,2MP,2MP,0,qac_v0.4_aligned,numbered_aligned
39:15,39:15:3:1,39:15:6:1,39:15:3,39:15:6,2MP,2MS,0,qac_v0.4_aligned,numbered_aligned
39:15,39:15:6:1,39:15:10:1,39:15:6,39:15:10,2MS,3MP,1,qac_v0.4_aligned,numbered_aligned
39:16,39:16:11:1,39:16:16:2,39:16:11,39:16:17,3MS,2MP,1,qac_v0.4_aligned,numbered_aligned
39:17,39:17:2:1,39:17:5:1,39:17:2,39:17:5,3MP,3MP,0,qac_v0.4_aligned,numbered_aligned
39:17,39:17:5:1,39:17:6:2,39:17:5,39:17:6,3MP,3MP,0,qac_v0.4_aligned,numbered_aligned
39:17,39:17:6:2,39:17:11:2,39:17:6,39:17:11,3MP,2MS,1,qac_v0.4_aligned,numbered_aligned
39:18,39:18:2:1,39:18:4:2,39:18:2,39:18:4,3MP,3MP,0,qac_v0.4_aligned,numbered_aligned
39:19,39:19:2:1,39:19:7:1,39:19:2,39:19:7,3MS,3FS,0,qac_v0.4_aligned,numbered_aligned
39:21,39:21:2:1,39:21:5:1,39:21:2,39:21:5,2MS,3MS,1,qac_v0.4_aligned,numbered_aligned
39:21,39:21:5:1,39:21:9:2,39:21:5,39:21:9,3MS,3MS,0,qac_v0.4_aligned,numbered_aligned
39:21,39:21:9:2,39:21:14:1,39:21:9,39:21:14,3MS,3MS,0,qac_v0.4_aligned,numbered_aligned
39:21,39:21:14:1,39:21:20:1,39:21:14,39:21:20,3MS,3MS,0,qac_v0.4_aligned,numbered_aligned
39:23,39:23:2:1,39:23:8:1,39:23:2,39:23:8,3MS,3FS,0,qac_v0.4_aligned,numbered_aligned
39:23,39:23:8:1,39:23:12:1,39:23:8,39:23:12,3FS,3MP,0,qac_v0.4_aligned,numbered_aligned
39:23,39:23:12:1,39:23:15:1,39:23:12,39:23:15,3MP,3FS,0,qac_v0.4_aligned,numbered_aligned
39:23,39:23:27:1,39:23:29:1,39:23:27,39:23:29,3MS,3MS,0,qac_v0.4_aligned,numbered_aligned
39:24,39:24:8:2,39:24:10:1,39:24:8,39:24:10,3MS,2MP,1,qac_v0.4_aligned,numbered_aligned
39:24,39:24:10:1,39:24:12:1,39:24:10,39:24:12,2MP,2MP,0,qac_v0.4_aligned,numbered_aligned
39:24,39:24:12:1,39:24:13:1,39:24:12,39:24:13,2MP,2MP,0,qac_v0.4_aligned,numbered_aligned
39:26,39:26:1:2,39:26:11:1,39:26:1,39:26:11,3MS,3MP,0,qac_v0.4_aligned,numbered_aligned
39:26,39:26:11:1,39:26:12:1,39:26:11,39:26:12,3MP,3MP,0,qac_v0.4_aligned,numbered_aligned
39:27,39:27:2:1,39:27:11:1,39:27:2,39:27:11,1P,3MP,1,qac_v0.4_aligned,numbered_aligned
39:29,39:29:1:1,39:29:12:1,39:29:1,39:29:12,3MS,3MD,0,qac_v0.4_aligned,numbered_aligned
39:29,39:29:12:1,39:29:19:1,39:29:12,39:29:19,3MD,3MP,0,qac_v0.4_aligned,numbered_aligned
39:32,39:32:4:1,39:32:7:2,39:32:4,39:32:7,3MS,3MS,0,qac_v0.4_aligned,numbered_aligned
39:32,39:32:7:2,39:32:10:1,39:32:7,39:32:10,3MS,3MS,0,qac_v0.4_aligned,numbered_aligned
39:32,39:32:10:1,39:32:11:2,39:32:10,39:32:11,3MS,3MS,0,qac_v0.4_aligned,numbered_aligned
39:33,39:33:2:1,39:33:4:2,39:33:2,39:33:4,3MS,3MS,0,qac_v0.4_aligned,numbered_aligned
39:35,39:35:1:2,39:35:6:1,39:35:1,39:35:6,3MS,3MP,0,qac_v0.4_aligned,numbered_aligned
39:35,39:35:6:1,39:35:7:2,39:35:6,39:35:7,3MP,3MS,0,qac_v0.4_aligned,numbered_aligned
39:35,39:35:7:2,39:35:11:1,39:35:7,39:35:11,3MS,3MP,0,qac_v0.4_aligned,numbered_aligned
39:35,39:35:11:1,39:35:12:1,39:35:11,39:35:12,3MP,3MP,0,qac_v0.4_aligned,numbered_aligned
39:36,39:36:1:2,39:36:5:2,39:36:1,39:36:5,3MS,3MP,0,qac_v0.4_aligned,numbered_aligned
39:36,39:36:5:2,39:36:10:1,39:36:5,39:36:10,3MP,3MS,0,qac_v0.4_aligned,numbered_aligned
39:37,39:37:2:1,39:37:8:2,39:37:2,39:37:8,3MS,3MS,0,qac_v0.4_aligned,numbered_aligned
39:38,39:38:2:1,39:38:4:1,39:38:2,39:38:4,2MS,3MS,1,qac_v0.4_aligned,numbered_aligned
39:38,39:38:4:1,39:38:7:2,39:38:4,39:38:7,3MS,3MP,0,qac_v0.4_aligned,numbered_aligned
39:38,39:38:7:2,39:38:9:1,39:38:7,39:38:9,3MP,2MS,1,qac_v0.4_aligned,numbered_aligned
39:38,39:38:31:1,39:38:35:1,39:38:31,39:38:35,2MS,3MS,1,qac_v0.4_aligned,numbered_aligned
39:39,39:39:1:1,39:39:3:1,39:39:1,39:39:4,2MS,2MP,0,qac_v0.4_aligned,numbered_aligned
39:39,39:39:3:1,39:39:9:1,39:39:4,39:39:10,2MP,2MP,0,qac_v0.4_aligned,numbered_aligned
39:40,39:40:2:1,39:40:4:1,39:40:2,39:40:4,3MS,3MS,0,qac_v0.4_aligned,numbered_aligned
39:40,39:40:4:1,39:40:5:2,39:40:4,39:40:5,3MS,3MS,0,qac_v0.4_aligned,numbered_aligned
39:41,39:41:2:1,39:41:8:1,39:41:2,39:41:8,1P,3MS,1,qac_v0.4_aligned,numbered_aligned
39:41,39:41:8:1,39:41:11:1,39:41:8,39:41:11,3MS,3MS,0,qac_v0.4_aligned,numbered_aligned
39:41,39:41:11:1,39:41:13:1,39:41:11,39:41:13,3MS,3MS,0,qac_v0.4_aligned,numbered_aligned
39:42,39:42:2:1,39:42:8:1,39:42:2,39:42:8,3MS,3FS,0,qac_v0.4_aligned,numbered_aligned
39:42,39:42:8:1,39:42:11:2,39:42:8,39:42:11,3FS,3MS,0,qac_v0.4_aligned,numbered_aligned
39:42,39:42:11:2,39:42:13:1,39:42:11,39:42:13,3MS,3MS,0,qac_v0.4_aligned,numbered_aligned
39:42,39:42:13:1,39:42:16:2,39:42:13,39:42:16,3MS,3MS,0,qac_v0.4_aligned,numbered_aligned
39:42,39:42:16:2,39:42:26:1,39:42:16,39:42:26,3MS,3MP,0,qac_v0.4_aligned,numbered_aligned
39:43,39:43:2:1,39:43:7:1,39:43:2,39:43:7,3MP,2MS,1,qac_v0.4_aligned,numbered_aligned
39:43,39:43:7:1,39:43:9:1,39:43:7,39:43:9,2MS,3MP,1,qac_v0.4_aligned,numbered_aligned
39:43,39:43:9:1,39:43:11:1,39:43:9,39:43:11,3MP,3MP,0,qac_v0.4_aligned,numbered_aligned
39:43,39:43:11:1,39:43:14:1,39:43:11,39:43:14,3MP,3MP,0,qac_v0.4_aligned,numbered_aligned
39:44,39:44:1:1,39:44:11:1,39:44:1,39:44:11,2MS,2MP,0,qac_v0.4_aligned,numbered_aligned
39:45,39:45:2:1,39:45:5:1,39:45:2,39:45:5,3MS,3FS,0,qac_v0.4_aligned,numbered_aligned
39:45,39:45:5:1,39:45:9:1,39:45:5,39:45:9,3FS,3MP,0,qac_v0.4_aligned,numbered_aligned
39:45,39:45:9:1,39:45:12:1,39:45:9,39:45:12,3MP,3MS,0,qac_v0.4_aligned,numbered_aligned
39:45,39:45:12:1,39:45:18:1,39:45:12,39:45:18,3MS,3MP,0,qac_v0.4_aligned,numbered_aligned
39:46,39:46:1:1,39:46:10:1,39:46:1,39:46:10,2MS,3FS,1,qac_v0.4_aligned,numbered_aligned
39:46,39:46:10:1,39:46:15:1,39:46:10,39:46:15,3FS,3MP,0,qac_v0.4_aligned,numbered_aligned
39:46,39:46:15:1,39:46:17:1,39:46:15,39:46:17,3MP,3MP,0,qac_v0.4_aligned,numbered_aligned
39:47,39:47:4:1,39:47:11:2,39:47:4,39:47:11,3MP,3MP,0,qac_v0.4_aligned,numbered_aligned
39:47,39:47:11:2,39:47:18:2,39:47:11,39:47:18,3MP,3MS,0,qac_v0.4_aligned,numbered_aligned
39:47,39:47:18:2,39:47:24:1,39:47:18,39:47:24,3MS,3MP,0,qac_v0.4_aligned,numbered_aligned
39:47,39:47:24:1,39:47:25:1,39:47:24,39:47:25,3MP,3MP,0,qac_v0.4_aligned,numbered_aligned
39:48,39:48:1:2,39:48:5:1,39:48:1,39:48:5,3MS,3MP,0,qac_v0.4_aligned,numbered_aligned
39:48,39:48:5:1,39:48:6:2,39:48:5,39:48:6,3MP,3MS,0,qac_v0.4_aligned,numbered_aligned
39:48,39:48:6:2,39:48:9:1,39:48:6,39:48:9,3MS,3MP,0,qac_v0.4_aligned,numbered_aligned
39:49,39:49:2:1,39:49:5:1,39:49:2,39:49:5,3MS,3MS,0,qac_v0.4_aligned,numbered_aligned
39:49,39:49:5:1,39:49:8:1,39:49:5,39:49:8,3MS,1P,1,qac_v0.4_aligned,numbered_aligned
39:49,39:49:8:1,39:49:11:1,39:49:8,39:49:11,1P,3MS,1,qac_v0.4_aligned,numbered_aligned
39:49,39:49:11:1,39:49:13:1,39:49:11,39:49:13,3MS,1S,1,qac_v0.4_aligned,numbered_aligned
39:49,39:49:13:1,39:49:22:1,39:49:13,39:49:22,1S,3MP,1,qac_v0.4_aligned,numbered_aligned
39:50,39:50:2:1,39:50:7:1,39:50:2,39:50:7,3MS,3MS,0,qac_v0.4_aligned,numbered_aligned
39:50,39:50:7:1,39:50:10:1,39:50:7,39:50:10,3MS,3MP,0,qac_v0.4_aligned,numbered_aligned
39:50,39:50:10:1,39:50:11:1,39:50:10,39:50:11,3MP,3MP,0,qac_v0.4_aligned,numbered_aligned
39:51,39:51:1:2,39:51:4:1,39:51:1,39:51:4,3MS,3MP,0,qac_v0.4_aligned,numbered_aligned
39:51,39:51:4:1,39:51:6:1,39:51:4,39:51:6,3MP,3MP,0,qac_v0.4_aligned,numbered_aligned
39:51,39:51:6:1,39:51:9:2,39:51:6,39:51:9,3MP,3MS,0,qac_v0.4_aligned,numbered_aligned
39:51,39:51:9:2,39:51:12:1,39:51:9,39:51:12,3MS,3MP,0,qac_v0.4_aligned,numbered_aligned
39:52,39:52:2:1,39:52:5:1,39:52:2,39:52:5,3MP,3MS,0,qac_v0.4_aligned,numbered_aligned
39:52,39:52:5:1,39:52:8:1,39:52:5,39:52:8,3MS,3MS,0,qac_v0.4_aligned,numbered_aligned
39:52,39:52:8:1,39:52:9:2,39:52:8,39:52:9,3MS,3MS,0,qac_v0.4_aligned,numbered_aligned
39:52,39:52:9:2,39:52:15:1,39:52:9,39:52:15,3MS,3MP,0,qac_v0.4_aligned,numbered_aligned
39:54,39:54:1:2,39:54:4:2,39:54:1,39:54:4,2MP,2MP,0,qac_v0.4_aligned,numbered_aligned
39:54,39:54:4:2,39:54:9:1,39:54:4,39:54:9,2MP,3MS,1,qac_v0.4_aligned,numbered_aligned
39:54,39:54:9:1,39:54:13:1,39:54:9,39:54:13,3MS,2MP,1,qac_v0.4_aligned,numbered_aligned
39:55,39:55:1:2,39:55:4:1,39:55:1,39:55:4,2MP,3MS,1,qac_v0.4_aligned,numbered_aligned
39:55,39:55:4:1,39:55:11:1,39:55:4,39:55:11,3MS,3MS,0,qac_v0.4_aligned,numbered_aligned
39:55,39:55:11:1,39:55:16:1,39:55:11,39:55:16,3MS,2MP,1,qac_v0.4_aligned,numbered_aligned
39:56,39:56:2:1,39:56:7:1,39:56:2,39:56:8,3FS,1S,1,qac_v0.4_aligned,numbered_aligned
39:56,39:56:7:1,39:56:12:1,39:56:8,39:56:13,1S,1S,0,qac_v0.4_aligned,numbered_aligned
39:58,39:58:2:1,39:58:4:1,39:58:2,39:58:4,3FS,3FS,0,qac_v0.4_aligned,numbered_aligned
39:58,39:58:4:1,39:58:10:2,39:58:4,39:58:10,3FS,1S,1,qac_v0.4_aligned,numbered_aligned
39:59,39:59:3:1,39:59:5:2,39:59:3,39:59:5,3FS,2MS,1,qac_v0.4_aligned,numbered_aligned
39:59,39:59:5:2,39:59:7:2,39:59:5,39:59:7,2MS,2MS,0,qac_v0.4_aligned,numbered_aligned
39:59,39:59:7:2,39:59:8:2,39:59:7,39:59:8,2MS,2MS,0,qac_v0.4_aligned,numbered_aligned
39:60,39:60:3:1,39:60:5:1,39:60:3,39:60:5,2MS,3MP,1,qac_v0.4_aligned,numbered_aligned
39:60,39:60:5:1,39:60:10:2,39:60:5,39:60:10,3MP,3MS,0,qac_v0.4_aligned,numbered_aligned
39:61,39:61:4:1,39:61:7:1,39:61:4,39:61:7,3MP,3MS,0,qac_v0.4_aligned,numbered_aligned
39:61,39:61:7:1,39:61:11:1,39:61:7,39:61:11,3MS,3MP,0,qac_v0.4_aligned,numbered_aligned
39:65,39:65:9:1,39:65:10:2,39:65:9,39:65:10,2MS,3MS,1,qac_v0.4_aligned,numbered_aligned
39:65,39:65:10:2,39:65:12:3,39:65:10,39:65:12,3MS,2MS,1,qac_v0.4_aligned,numbered_aligned
39:66,39:66:3:2,39:66:4:2,39:66:3,39:66:4,2MS,2MS,0,qac_v0.4_aligned,numbered_aligned
39:67,39:67:2:1,39:67:15:2,39:67:2,39:67:15,3MP,3MS,0,qac_v0.4_aligned,numbered_aligned
39:67,39:67:15:2,39:67:17:1,39:67:15,39:67:17,3MS,3MP,0,qac_v0.4_aligned,numbered_aligned
39:68,39:68:1:2,39:68:4:2,39:68:1,39:68:4,3MS,3MS,0,qac_v0.4_aligned,numbered_aligned
39:68,39:68:4:2,39:68:13:1,39:68:4,39:68:13,3MS,3MS,0,qac_v0.4_aligned,numbered_aligned
39:68,39:68:13:1,39:68:16:1,39:68:13,39:68:16,3MS,3MS,0,qac_v0.4_aligned,numbered_aligned
39:68,39:68:16:1,39:68:22:1,39:68:16,39:68:22,3MS,3MP,0,qac_v0.4_aligned,numbered_aligned
39:69,39:69:1:2,39:69:5:2,39:69:1,39:69:5,3FS,3MS,0,qac_v0.4_aligned,numbered_aligned
39:70,39:70:1:2,39:70:5:1,39:70:1,39:70:5,3FS,3FS,0,qac_v0.4_aligned,numbered_aligned
39:70,39:70:5:1,39:70:9:1,39:70:5,39:70:9,3FS,3MP,0,qac_v0.4_aligned,numbered_aligned
39:71,39:71:1:2,39:71:3:1,39:71:1,39:71:3,3MS,3MP,0,qac_v0.4_aligned,numbered_aligned
39:71,39:71:3:1,39:71:9:1,39:71:3,39:71:9,3MP,3MP,0,qac_v0.4_aligned,numbered_aligned
39:71,39:71:9:1,39:71:10:1,39:71:9,39:71:10,3MP,3FS,0,qac_v0.4_aligned,numbered_aligned
39:71,39:71:10:1,39:71:12:2,39:71:10,39:71:12,3FS,3MS,0,qac_v0.4_aligned,numbered_aligned
39:71,39:71:12:2,39:71:16:1,39:71:12,39:71:16,3MS,3MS,0,qac_v0.4_aligned,numbered_aligned
39:71,39:71:16:1,39:71:19:1,39:71:16,39:71:19,3MS,3MP,0,qac_v0.4_aligned,numbered_aligned
39:71,39:71:19:1,39:71:23:2,39:71:19,39:71:23,3MP,3MP,0,qac_v0.4_aligned,numbered_aligned
39:71,39:71:23:2,39:71:27:1,39:71:23,39:71:27,3MP,3MP,0,qac_v0.4_aligned,numbered_aligned
39:71,39:71:27:1,39:71:30:1,39:71:27,39:71:30,3MP,3FS,0,qac_v0.4_aligned,numbered_aligned
39:72,39:72:1:1,39:72:2:1,39:72:1,39:72:2,3MS,2MP,1,qac_v0.4_aligned,numbered_aligned
39:72,39:72:2:1,39:72:7:2,39:72:2,39:72:7,2MP,3MS,1,qac_v0.4_aligned,numbered_aligned
39:73,39:73:1:2,39:73:3:1,39:73:1,39:73:3,3MS,3MP,0,qac_v0.4_aligned,numbered_aligned
39:73,39:73:3:1,39:73:10:1,39:73:3,39:73:10,3MP,3MP,0,qac_v0.4_aligned,numbered_aligned
39:73,39:73:10:1,39:73:11:2,39:73:10,39:73:11,3MP,3FS,0,qac_v0.4_aligned,numbered_aligned
39:73,39:73:11:2,39:73:13:2,39:73:11,39:73:13,3FS,3MS,0,qac_v0.4_aligned,numbered_aligned
39:73,39:73:13:2,39:73:18:1,39:73:13,39:73:18,3MS,2MP,1,qac_v0.4_aligned,numbered_aligned
39:73,39:73:18:1,39:73:19:2,39:73:18,39:73:19,2MP,2MP,0,qac_v0.4_aligned,numbered_aligned
39:74,39:74:1:2,39:74:5:1,39:74:1,39:74:5,3MP,3MS,0,qac_v0.4_aligned,numbered_aligned
39:74,39:74:5:1,39:74:7:2,39:74:5,39:74:7,3MS,3MS,0,qac_v0.4_aligned,numbered_aligned
39:74,39:74:7:2,39:74:9:1,39:74:7,39:74:9,3MS,1P,1,qac_v0.4_aligned,numbered_aligned
39:74,39:74:9:1,39:74:13:1,39:74:9,39:74:13,1P,1P,0,qac_v0.4_aligned,numbered_aligned
39:74,39:74:13:1,39:74:14:2,39:74:13,39:74:14,1P,3MS,1,qac_v0.4_aligned,numbered_aligned
39:75,39:75:1:2,39:75:7:1,39:75:1,39:75:7,2MS,3MP,1,qac_v0.4_aligned,numbered_aligned
40:4,40:4:2:1,40:4:8:1,40:4:2,40:4:8,3MS,3MP,0,qac_v0.4_aligned,numbered_aligned
40:4,40:4:8:1,40:4:10:1,40:4:8,40:4:10,3MP,3MS,0,qac_v0.4_aligned,numbered_aligned
40:5,40:5:1:1,40:5:8:2,40:5:1,40:5:8,3FS,3FS,0,qac_v0.4_aligned,numbered_aligned
40:5,40:5:8:2,40:5:12:2,40:5:8,40:5:12,3FS,3MP,0,qac_v0.4_aligned,numbered_aligned
40:5,40:5:12:2,40:5:13:2,40:5:12,40:5:13,3MP,3MP,0,qac_v0.4_aligned,numbered_aligned
40:5,40:5:13:2,40:5:15:2,40:5:13,40:5:15,3MP,3MP,0,qac_v0.4_aligned,numbered_aligned
40:5,40:5:15:2,40:5:18:2,40:5:15,40:5:18,3MP,1S,1,qac_v0.4_aligned,numbered_aligned
40:5,40:5:18:2,40:5:20:1,40:5:18,40:5:20,1S,3MS,1,qac_v0.4_aligned,numbered_aligned
40:6,40:6:2:1,40:6:7:1,40:6:2,40:6:7,3FS,3MP,0,qac_v0.4_aligned,numbered_aligned
40:7,40:7:2:1,40:7:6:1,40:7:2,40:7:6,3MP,3MP,0,qac_v0.4_aligned,numbered_aligned
40:7,40:7:6:1,40:7:9:2,40:7:6,40:7:9,3MP,3MP,0,qac_v0.4_aligned,numbered_aligned
40:7,40:7:9:2,40:7:11:2,40:7:9,40:7:11,3MP,3MP,0,qac_v0.4_aligned,numbered_aligned
40:7,40:7:15:1,40:7:20:2,40:7:15,40:7:20,2MS,2MS,0,qac_v0.4_aligned,numbered_aligned
40:7,40:7:20:2,40:7:22:1,40:7:20,40:7:22,2MS,3MP,1,qac_v0.4_aligned,numbered_aligned
40:7,40:7:22:1,40:7:23:2,40:7:22,40:7:23,3MP,3MP,0,qac_v0.4_aligned,numbered_aligned
40:7,40:7:23:2,40:7:25:2,40:7:23,40:7:25,3MP,2MS,1,qac_v0.4_aligned,numbered_aligned
40:8,40:8:2:2,40:8:6:1,40:8:2,40:8:6,2MS,2MS,0,qac_v0.4_aligned,numbered_aligned
40:8,40:8:6:1,40:8:8:1,40:8:6,40:8:8,2MS,3MS,1,qac_v0.4_aligned,numbered_aligned
40:9,40:9:1:2,40:9:4:1,40:9:1,40:9:4,2MS,2MS,0,qac_v0.4_aligned,numbered_aligned
40:9,40:9:4:1,40:9:8:1,40:9:4,40:9:8,2MS,2MS,0,qac_v0.4_aligned,numbered_aligned
40:10,40:10:3:1,40:10:4:1,40:10:3,40:10:4,3MP,3MP,0,qac_v0.4_aligned,numbered_aligned
40:10,40:10:4:1,40:10:12:1,40:10:4,40:10:12,3MP,2MP,1,qac_v0.4_aligned,numbered_aligned
40:10,40:10:12:1,40:10:15:2,40:10:12,40:10:15,2MP,2MP,0,qac_v0.4_aligned,numbered_aligned
40:11,40:11:1:1,40:11:3:1,40:11:1,40:11:3,3MP,2MS,1,qac_v0.4_aligned,numbered_aligned
40:11,40:11:3:1,40:11:5:2,40:11:3,40:11:5,2MS,2MS,0,qac_v0.4_aligned,numbered_aligned
40:11,40:11:5:2,40:11:7:2,40:11:5,40:11:7,2MS,1P,1,qac_v0.4_aligned,numbered_aligned
40:12,40:12:7:1,40:12:9:1,40:12:7,40:12:9,2MP,3MS,1,qac_v0.4_aligned,numbered_aligned
40:12,40:12:9:1,40:12:11:1,40:12:9,40:12:11,3MS,2MP,1,qac_v0.4_aligned,numbered_aligned
40:13,40:13:3:1,40:13:5:2,40:13:3,40:13:5,3MS,3MS,0,qac_v0.4_aligned,numbered_aligned
40:13,40:13:5:2,40:13:11:1,40:13:5,40:13:11,3MS,3MS,0,qac_v0.4_aligned,numbered_aligned
40:13,40:13:11:1,40:13:14:1,40:13:11,40:13:14,3MS,3MS,0,qac_v0.4_aligned,numbered_aligned
40:14,40:14:1:2,40:14:7:1,40:14:1,40:14:7,2MP,3MS,1,qac_v0.4_aligned,numbered_aligned
40:15,40:15:11:1,40:15:14:2,40:15:11,40:15:14,3MS,3MS,0,qac_v0.4_aligned,numbered_aligned
40:17,40:17:2:1,40:17:6:1,40:17:2,40:17:6,3FS,3FS,0,qac_v0.4_aligned,numbered_aligned
40:18,40:18:1:2,40:18:15:1,40:18:1,40:18:15,2MS,3MS,1,qac_v0.4_aligned,numbered_aligned
40:20,40:20:5:1,40:20:9:1,40:20:5,40:20:9,3MP,3MP,0,qac_v0.4_aligned,numbered_aligned
40:21,40:21:2:1,40:21:5:2,40:21:2,40:21:5,3MP,3MP,0,qac_v0.4_aligned,numbered_aligned
40:21,40:21:5:2,40:21:7:1,40:21:5,40:21:7,3MP,3MS,0,qac_v0.4_aligned,numbered_aligned
40:21,40:21:7:1,40:21:10:1,40:21:7,40:21:10,3MS,3MP,0,qac_v0.4_aligned,numbered_aligned
40:21,40:21:10:1,40:21:13:1,40:21:10,40:21:13,3MP,3MP,0,qac_v0.4_aligned,numbered_aligned
40:21,40:21:13:1,40:21:21:2,40:21:13,40:21:21,3MP,3MS,0,qac_v0.4_aligned,numbered_aligned
40:21,40:21:21:2,40:21:25:1,40:21:21,40:21:25,3MS,3MS,0,qac_v0.4_aligned,numbered_aligned
40:22,40:22:3:1,40:22:4:1,40:22:3,40:22:4,3FS,3FS,0,qac_v0.4_aligned,numbered_aligned
40:22,40:22:4:1,40:22:7:2,40:22:4,40:22:7,3FS,3MP,0,qac_v0.4_aligned,numbered_aligned
40:22,40:22:7:2,40:22:8:2,40:22:7,40:22:8,3MP,3MS,0,qac_v0.4_aligned,numbered_aligned
40:25,40:25:2:1,40:25:6:1,40:25:2,40:25:6,3MS,3MP,0,qac_v0.4_aligned,numbered_aligned
40:25,40:25:6:1,40:25:7:1,40:25:6,40:25:7,3MP,2MP,1,qac_v0.4_aligned,numbered_aligned
40:26,40:26:4:1,40:26:6:3,40:26:4,40:26:6,1S,3MS,1,qac_v0.4_aligned,numbered_aligned
40:26,40:26:6:3,40:26:9:1,40:26:6,40:26:9,3MS,1S,1,qac_v0.4_aligned,numbered_aligned
40:26,40:26:9:1,40:26:11:1,40:26:9,40:26:11,1S,3MS,1,qac_v0.4_aligned,numbered_aligned
40:26,40:26:11:1,40:26:15:1,40:26:11,40:26:15,3MS,3MS,0,qac_v0.4_aligned,numbered_aligned
40:27,40:27:1:2,40:27:4:1,40:27:1,40:27:4,3MS,1S,1,qac_v0.4_aligned,numbered_aligned
40:27,40:27:4:1,40:27:11:1,40:27:4,40:27:11,1S,3MS,1,qac_v0.4_aligned,numbered_aligned
40:28,40:28:1:2,40:28:7:1,40:28:1,40:28:7,3MS,3MS,0,qac_v0.4_aligned,numbered_aligned
40:28,40:28:7:1,40:28:9:2,40:28:7,40:28:9,3MS,2MP,1,qac_v0.4_aligned,numbered_aligned
40:28,40:28:9:2,40:28:12:1,40:28:9,40:28:12,2MP,3MS,1,qac_v0.4_aligned,numbered_aligned
40:28,40:28:12:1,40:28:16:1,40:28:12,40:28:16,3MS,3MS,0,qac_v0.4_aligned,numbered_aligned
40:28,40:28:16:1,40:28:21:1,40:28:16,40:28:21,3MS,3MS,0,qac_v0.4_aligned,numbered_aligned
40:28,40:28:21:1,40:28:26:1,40:28:21,40:28:26,3MS,3MS,0,qac_v0.4_aligned,numbered_aligned
40:28,40:28:26:1,40:28:28:1,40:28:26,40:28:28,3MS,3MS,0,qac_v0.4_aligned,numbered_aligned
40:28,40:28:28:1,40:28:31:1,40:28:28,40:28:31,3MS,3MS,0,qac_v0.4_aligned,numbered_aligned
40:29,40:29:9:1,40:29:14:1,40:29:10,40:29:15,3MS,3MS,0,qac_v0.4_aligned,numbered_aligned
40:29,40:29:14:1,40:29:15:1,40:29:15,40:29:16,3MS,3MS,0,qac_v0.4_aligned,numbered_aligned
40:29,40:29:15:1,40:29:18:1,40:29:16,40:29:19,3MS,1S,1,qac_v0.4_aligned,numbered_aligned
40:29,40:29:18:1,40:29:21:1,40:29:19,40:29:22,1S,1S,0,qac_v0.4_aligned,numbered_aligned
40:29,40:29:21:1,40:29:23:1,40:29:22,40:29:24,1S,1S,0,qac_v0.4_aligned,numbered_aligned
40:33,40:33:2:1,40:33:11:1,40:33:2,40:33:11,2MP,3MS,1,qac_v0.4_aligned,numbered_aligned
40:34,40:34:2:1,40:34:8:1,40:34:2,40:34:8,3MS,2MP,1,qac_v0.4_aligned,numbered_aligned
40:34,40:34:8:1,40:34:12:1,40:34:8,40:34:12,2MP,3MS,1,qac_v0.4_aligned,numbered_aligned
40:34,40:34:12:1,40:34:16:1,40:34:12,40:34:16,3MS,3MS,0,qac_v0.4_aligned,numbered_aligned
40:34,40:34:16:1,40:34:17:1,40:34:16,40:34:17,3MS,2MP,1,qac_v0.4_aligned,numbered_aligned
40:34,40:34:17:1,40:34:19:1,40:34:17,40:34:19,2MP,3MS,1,qac_v0.4_aligned,numbered_aligned
40:34,40:34:19:1,40:34:25:1,40:34:19,40:34:25,3MS,3MS,0,qac_v0.4_aligned,numbered_aligned
40:36,40:36:1:2,40:36:4:1,40:36:1,40:36:5,3MS,2MS,1,qac_v0.4_aligned,numbered_aligned
40:36,40:36:4:1,40:36:8:1,40:36:5,40:36:9,2MS,1S,1,qac_v0.4_aligned,numbered_aligned
40:37,40:37:3:2,40:37:8:2,40:37:3,40:37:8,1S,1S,0,qac_v0.4_aligned,numbered_aligned
40:37,40:37:8:2,40:37:11:1,40:37:8,40:37:11,1S,3MS,1,qac_v0.4_aligned,numbered_aligned
40:37,40:37:11:1,40:37:15:2,40:37:11,40:37:15,3MS,3MS,0,qac_v0.4_aligned,numbered_aligned
40:38,40:38:5:1,40:38:6:1,40:38:6,40:38:7,2MP,1S,1,qac_v0.4_aligned,numbered_aligned
40:40,40:40:2:1,40:40:5:1,40:40:2,40:40:5,3MS,3MS,0,qac_v0.4_aligned,numbered_aligned
40:40,40:40:5:1,40:40:9:1,40:40:5,40:40:9,3MS,3MS,0,qac_v0.4_aligned,numbered_aligned
40:40,40:40:9:1,40:40:18:1,40:40:9,40:40:18,3MS,3MP,0,qac_v0.4_aligned,numbered_aligned
40:40,40:40:18:1,40:40:20:1,40:40:18,40:40:20,3MP,3MP,0,qac_v0.4_aligned,numbered_aligned
40:42,40:42:2:2,40:42:4:2,40:42:2,40:42:4,1S,1S,0,qac_v0.4_aligned,numbered_aligned
40:42,40:42:4:2,40:42:7:1,40:42:4,40:42:7,1S,3MS,1,qac_v0.4_aligned,numbered_aligned
40:42,40:42:7:1,40:42:12:1,40:42:7,40:42:12,3MS,1S,1,qac_v0.4_aligned,numbered_aligned
40:44,40:44:1:3,40:44:3:1,40:44:1,40:44:3,2MP,1S,1,qac_v0.4_aligned,numbered_aligned
40:44,40:44:3:1,40:44:5:2,40:44:3,40:44:5,1S,1S,0,qac_v0.4_aligned,numbered_aligned
40:45,40:45:5:1,40:45:6:2,40:45:5,40:45:6,3MP,3MS,0,qac_v0.4_aligned,numbered_aligned
40:46,40:46:2:1,40:46:7:1,40:46:2,40:46:7,3MP,3FS,0,qac_v0.4_aligned,numbered_aligned
40:46,40:46:7:1,40:46:9:1,40:46:7,40:46:9,3FS,2MP,1,qac_v0.4_aligned,numbered_aligned
40:47,40:47:2:1,40:47:5:2,40:47:2,40:47:5,3MP,3MS,0,qac_v0.4_aligned,numbered_aligned
40:47,40:47:5:2,40:47:8:1,40:47:5,40:47:8,3MS,3MP,0,qac_v0.4_aligned,numbered_aligned
40:47,40:47:8:1,40:47:10:1,40:47:8,40:47:10,3MP,1P,1,qac_v0.4_aligned,numbered_aligned
40:48,40:48:1:1,40:48:3:1,40:48:1,40:48:3,3MS,3MP,0,qac_v0.4_aligned,numbered_aligned
40:48,40:48:3:1,40:48:10:1,40:48:3,40:48:10,3MP,3MS,0,qac_v0.4_aligned,numbered_aligned
40:49,40:49:1:2,40:49:7:1,40:49:1,40:49:7,3MS,2MP,1,qac_v0.4_aligned,numbered_aligned
40:49,40:49:7:1,40:49:9:1,40:49:7,40:49:9,2MP,3MS,1,qac_v0.4_aligned,numbered_aligned
40:50,40:50:1:1,40:50:3:1,40:50:1,40:50:3,3MP,3FS,0,qac_v0.4_aligned,numbered_aligned
40:50,40:50:3:1,40:50:4:1,40:50:3,40:50:4,3FS,3FS,0,qac_v0.4_aligned,numbered_aligned
40:50,40:50:4:1,40:50:7:1,40:50:4,40:50:7,3FS,3MP,0,qac_v0.4_aligned,numbered_aligned
40:50,40:50:7:1,40:50:9:1,40:50:7,40:50:9,3MP,3MP,0,qac_v0.4_aligned,numbered_aligned
40:50,40:50:9:1,40:50:10:2,40:50:9,40:50:10,3MP,2MP,1,qac_v0.4_aligned,numbered_aligned
40:55,40:55:1:2,40:55:6:2,40:55:1,40:55:6,2MS,2MS,0,qac_v0.4_aligned,numbered_aligned
40:55,40:55:6:2,40:55:8:2,40:55:6,40:55:8,2MS,2MS,0,qac_v0.4_aligned,numbered_aligned
40:58,40:58:7:2,40:58:13:1,40:58:7,40:58:13,3MP,2MP,1,qac_v0.4_aligned,numbered_aligned
40:60,40:60:4:1,40:60:8:1,40:60:4,40:60:8,1S,3MP,1,qac_v0.4_aligned,numbered_aligned
40:60,40:60:8:1,40:60:11:2,40:60:8,40:60:11,3MP,3MP,0,qac_v0.4_aligned,numbered_aligned
40:61,40:61:3:1,40:61:6:2,40:61:3,40:61:6,3MS,2MP,1,qac_v0.4_aligned,numbered_aligned
40:61,40:61:6:2,40:61:20:1,40:61:6,40:61:20,2MP,3MP,1,qac_v0.4_aligned,numbered_aligned
40:63,40:63:2:1,40:63:4:1,40:63:2,40:63:4,3MS,3MP,0,qac_v0.4_aligned,numbered_aligned
40:63,40:63:4:1,40:63:7:1,40:63:4,40:63:7,3MP,3MP,0,qac_v0.4_aligned,numbered_aligned
40:64,40:64:3:1,40:64:9:2,40:64:3,40:64:9,3MS,3MS,0,qac_v0.4_aligned,numbered_aligned
40:64,40:64:9:2,40:64:10:2,40:64:9,40:64:10,3MS,3MS,0,qac_v0.4_aligned,numbered_aligned
40:64,40:64:10:2,40:64:12:2,40:64:10,40:64:12,3MS,3MS,0,qac_v0.4_aligned,numbered_aligned
40:64,40:64:12:2,40:64:18:2,40:64:12,40:64:18,3MS,3MS,0,qac_v0.4_aligned,numbered_aligned
40:66,40:66:1:1,40:66:3:1,40:66:1,40:66:3,2MS,1S,1,qac_v0.4_aligned,numbered_aligned
40:66,40:66:3:1,40:66:5:1,40:66:3,40:66:5,1S,1S,0,qac_v0.4_aligned,numbered_aligned
40:66,40:66:5:1,40:66:7:1,40:66:5,40:66:7,1S,2MP,1,qac_v0.4_aligned,numbered_aligned
40:66,40:66:16:2,40:66:18:1,40:66:16,40:66:18,1S,1S,0,qac_v0.4_aligned,numbered_aligned
40:67,40:67:3:1,40:67:13:1,40:67:3,40:67:13,3MS,3MS,0,qac_v0.4_aligned,numbered_aligned
40:67,40:67:13:1,40:67:16:2,40:67:13,40:67:16,3MS,2MP,1,qac_v0.4_aligned,numbered_aligned
40:67,40:67:16:2,40:67:19:2,40:67:16,40:67:19,2MP,2MP,0,qac_v0.4_aligned,numbered_aligned
40:67,40:67:19:2,40:67:23:1,40:67:19,40:67:23,2MP,3MS,1,qac_v0.4_aligned,numbered_aligned
40:67,40:67:23:1,40:67:26:3,40:67:23,40:67:26,3MS,2MP,1,qac_v0.4_aligned,numbered_aligned
40:67,40:67:26:3,40:67:30:1,40:67:26,40:67:30,2MP,2MP,0,qac_v0.4_aligned,numbered_aligned
40:68,40:68:4:2,40:68:6:1,40:68:4,40:68:6,3MS,3MS,0,qac_v0.4_aligned,numbered_aligned
40:68,40:68:6:1,40:68:9:1,40:68:6,40:68:9,3MS,3MS,0,qac_v0.4_aligned,numbered_aligned
40:68,40:68:9:1,40:68:11:1,40:68:9,40:68:11,3MS,2MS,1,qac_v0.4_aligned,numbered_aligned
40:68,40:68:11:1,40:68:12:2,40:68:11,40:68:12,2MS,3MS,1,qac_v0.4_aligned,numbered_aligned
40:69,40:69:2:1,40:69:5:1,40:69:2,40:69:5,2MS,3MP,1,qac_v0.4_aligned,numbered_aligned
40:69,40:69:5:1,40:69:10:1,40:69:5,40:69:10,3MP,3MP,0,qac_v0.4_aligned,numbered_aligned
40:70,40:70:2:1,40:70:5:1,40:70:2,40:70:5,3MP,1P,1,qac_v0.4_aligned,numbered_aligned
40:70,40:70:5:1,40:70:9:1,40:70:5,40:70:9,1P,3MP,1,qac_v0.4_aligned,numbered_aligned
40:73,40:73:2:1,40:73:6:1,40:73:2,40:73:6,3MS,2MP,1,qac_v0.4_aligned,numbered_aligned
40:73,40:73:6:1,40:73:7:1,40:73:6,40:73:7,2MP,2MP,0,qac_v0.4_aligned,numbered_aligned
40:74,40:74:4:1,40:74:5:1,40:74:4,40:74:5,3MP,3MP,0,qac_v0.4_aligned,numbered_aligned
40:74,40:74:5:1,40:74:9:1,40:74:5,40:74:9,3MP,1P,1,qac_v0.4_aligned,numbered_aligned
40:75,40:75:3:1,40:75:4:1,40:75:3,40:75:4,2MP,2MP,0,qac_v0.4_aligned,numbered_aligned
40:75,40:75:4:1,40:75:10:1,40:75:4,40:75:10,2MP,2MP,0,qac_v0.4_aligned,numbered_aligned
40:75,40:75:10:1,40:75:11:1,40:75:10,40:75:11,2MP,2MP,0,qac_v0.4_aligned,numbered_aligned
40:76,40:76:1:1,40:76:6:2,40:76:1,40:76:6,2MP,3MS,1,qac_v0.4_aligned,numbered_aligned
40:77,40:77:1:2,40:77:7:1,40:77:1,40:77:7,2MS,1P,1,qac_v0.4_aligned,numbered_aligned
40:77,40:77:7:1,40:77:10:1,40:77:7,40:77:10,1P,1P,0,qac_v0.4_aligned,numbered_aligned
40:77,40:77:10:1,40:77:12:1,40:77:10,40:77:12,1P,1P,0,qac_v0.4_aligned,numbered_aligned
40:77,40:77:12:1,40:77:14:1,40:77:12,40:77:14,1P,3MP,1,qac_v0.4_aligned,numbered_aligned
40:78,40:78:2:1,40:78:8:1,40:78:2,40:78:8,1P,1P,0,qac_v0.4_aligned,numbered_aligned
40:78,40:78:8:1,40:78:13:1,40:78:8,40:78:13,1P,1P,0,qac_v0.4_aligned,numbered_aligned
40:78,40:78:13:1,40:78:16:1,40:78:13,40:78:16,1P,3MS,1,qac_v0.4_aligned,numbered_aligned
40:79,40:79:3:1,40:79:6:2,40:79:3,40:79:6,3MS,2MP,1,qac_v0.4_aligned,numbered_aligned
40:79,40:79:6:2,40:79:9:1,40:79:6,40:79:9,2MP,2MP,0,qac_v0.4_aligned,numbered_aligned
40:80,40:80:4:3,40:80:12:1,40:80:4,40:80:12,2MP,2MP,0,qac_v0.4_aligned,numbered_aligned
40:81,40:81:1:2,40:81:6:1,40:81:1,40:81:6,3MS,2MP,1,qac_v0.4_aligned,numbered_aligned
40:82,40:82:2:1,40:82:5:2,40:82:2,40:82:5,3MP,3MP,0,qac_v0.4_aligned,numbered_aligned
40:82,40:82:5:2,40:82:7:1,40:82:5,40:82:7,3MP,3MS,0,qac_v0.4_aligned,numbered_aligned
40:82,40:82:7:1,40:82:12:1,40:82:7,40:82:12,3MS,3MP,0,qac_v0.4_aligned,numbered_aligned
40:82,40:82:12:1,40:82:21:1,40:82:12,40:82:21,3MP,3MS,0,qac_v0.4_aligned,numbered_aligned
40:82,40:82:21:1,40:82:24:1,40:82:21,40:82:24,3MS,3MP,0,qac_v0.4_aligned,numbered_aligned
40:82,40:82:24:1,40:82:25:1,40:82:24,40:82:25,3MP,3MP,0,qac_v0.4_aligned,numbered_aligned
40:83,40:83:2:1,40:83:5:1,40:83:2,40:83:5,3FS,3MP,0,qac_v0.4_aligned,numbered_aligned
40:83,40:83:5:1,40:83:10:2,40:83:5,40:83:10,3MP,3MS,0,qac_v0.4_aligned,numbered_aligned
40:83,40:83:10:2,40:83:13:1,40:83:10,40:83:13,3MS,3MP,0,qac_v0.4_aligned,numbered_aligned
40:84,40:84:2:1,40:84:4:1,40:84:2,40:84:4,3MP,3MP,0,qac_v0.4_aligned,numbered_aligned
40:84,40:84:8:2,40:84:10:1,40:84:8,40:84:10,1P,1P,0,qac_v0.4_aligned,numbered_aligned
40:85,40:85:2:1,40:85:3:1,40:85:2,40:85:3,3MS,3MS,0,qac_v0.4_aligned,numbered_aligned
40:85,40:85:3:1,40:85:6:1,40:85:3,40:85:6,3MS,3MP,0,qac_v0.4_aligned,numbered_aligned
40:85,40:85:6:1,40:85:12:1,40:85:6,40:85:12,3MP,3FS,0,qac_v0.4_aligned,numbered_aligned
40:85,40:85:12:1,40:85:15:2,40:85:12,40:85:15,3FS,3MS,0,qac_v0.4_aligned,numbered_aligned
41:3,41:3:2:1,41:3:7:1,41:3:2,41:3:7,3FS,3MP,0,qac_v0.4_aligned,numbered_aligned
41:4,41:4:3:2,41:4:7:1,41:4:3,41:4:7,3MS,3MP,0,qac_v0.4_aligned,numbered_aligned
41:5,41:5:1:2,41:5:6:1,41:5:1,41:5:6,3MP,2MS,1,qac_v0.4_aligned,numbered_aligned
41:5,41:5:6:1,41:5:15:2,41:5:6,41:5:15,2MS,2MS,0,qac_v0.4_aligned,numbered_aligned
41:6,41:6:1:1,41:6:6:1,41:6:1,41:6:6,2MS,3MS,1,qac_v0.4_aligned,numbered_aligned
41:6,41:6:6:1,41:6:12:2,41:6:6,41:6:12,3MS,2MP,1,qac_v0.4_aligned,numbered_aligned
41:6,41:6:12:2,41:6:14:2,41:6:12,41:6:14,2MP,2MP,0,qac_v0.4_aligned,numbered_aligned
41:9,41:9:1:1,41:9:3:2,41:9:1,41:9:3,2MS,2MP,0,qac_v0.4_aligned,numbered_aligned
41:9,41:9:3:2,41:9:5:1,41:9:3,41:9:5,2MP,3MS,1,qac_v0.4_aligned,numbered_aligned
41:9,41:9:5:1,41:9:9:2,41:9:5,41:9:9,3MS,2MP,1,qac_v0.4_aligned,numbered_aligned
41:10,41:10:1:2,41:10:6:2,41:10:1,41:10:6,3MS,3MS,0,qac_v0.4_aligned,numbered_aligned
41:10,41:10:6:2,41:10:8:2,41:10:6,41:10:8,3MS,3MS,0,qac_v0.4_aligned,numbered_aligned
41:11,41:11:2:1,41:11:7:2,41:11:2,41:11:7,3MS,3MS,0,qac_v0.4_aligned,numbered_aligned
41:11,41:11:7:2,41:11:10:1,41:11:7,41:11:10,3MS,2MD,1,qac_v0.4_aligned,numbered_aligned
41:11,41:11:10:1,41:11:14:1,41:11:10,41:11:14,2MD,3FD,1,qac_v0.4_aligned,numbered_aligned
41:11,41:11:14:1,41:11:15:1,41:11:14,41:11:15,3FD,1P,1,qac_v0.4_aligned,numbered_aligned
41:12,41:12:6:2,41:12:11:2,41:12:6,41:12:11,3MS,1P,1,qac_v0.4_aligned,numbered_aligned
41:13,41:13:2:1,41:13:3:2,41:13:2,41:13:3,3MP,2MS,1,qac_v0.4_aligned,numbered_aligned
41:13,41:13:3:2,41:13:4:1,41:13:3,41:13:4,2MS,1S,1,qac_v0.4_aligned,numbered_aligned
41:14,41:14:2:1,41:14:10:1,41:14:2,41:14:10,3FS,2MP,1,qac_v0.4_aligned,numbered_aligned
41:14,41:14:10:1,41:14:13:1,41:14:10,41:14:13,2MP,3MP,1,qac_v0.4_aligned,numbered_aligned
41:14,41:14:13:1,41:14:15:1,41:14:13,41:14:15,3MP,3MS,0,qac_v0.4_aligned,numbered_aligned
41:14,41:14:15:1,41:14:17:2,41:14:15,41:14:17,3MS,3MS,0,qac_v0.4_aligned,numbered_aligned
41:14,41:14:17:2,41:14:21:1,41:14:17,41:14:21,3MS,2MP,1,qac_v0.4_aligned,numbered_aligned
41:15,41:15:3:2,41:15:8:2,41:15:3,41:15:8,3MP,3MP,0,qac_v0.4_aligned,numbered_aligned
41:15,41:15:8:2,41:15:14:1,41:15:8,41:15:14,3MP,3MP,0,qac_v0.4_aligned,numbered_aligned
41:15,41:15:14:1,41:15:18:1,41:15:14,41:15:18,3MP,3MS,0,qac_v0.4_aligned,numbered_aligned
41:15,41:15:18:1,41:15:23:2,41:15:18,41:15:23,3MS,3MP,0,qac_v0.4_aligned,numbered_aligned
41:15,41:15:23:2,41:15:25:1,41:15:23,41:15:25,3MP,3MP,0,qac_v0.4_aligned,numbered_aligned
41:16,41:16:1:2,41:16:8:2,41:16:1,41:16:8,1P,1P,0,qac_v0.4_aligned,numbered_aligned
41:16,41:16:8:2,41:16:19:1,41:16:8,41:16:19,1P,3MP,1,qac_v0.4_aligned,numbered_aligned
41:17,41:17:3:2,41:17:4:2,41:17:3,41:17:4,1P,3MP,1,qac_v0.4_aligned,numbered_aligned
41:17,41:17:4:2,41:17:8:2,41:17:4,41:17:8,3MP,3FS,0,qac_v0.4_aligned,numbered_aligned
41:17,41:17:8:2,41:17:13:1,41:17:8,41:17:13,3FS,3MP,0,qac_v0.4_aligned,numbered_aligned
41:17,41:17:13:1,41:17:14:1,41:17:13,41:17:14,3MP,3MP,0,qac_v0.4_aligned,numbered_aligned
41:18,41:18:4:2,41:18:5:1,41:18:4,41:18:5,3MP,3MP,0,qac_v0.4_aligned,numbered_aligned
41:19,41:19:2:1,41:19:8:1,41:19:2,41:19:8,3MS,3MP,0,qac_v0.4_aligned,numbered_aligned
41:20,41:20:4:1,41:20:5:1,41:20:4,41:20:5,3MP,3MS,0,qac_v0.4_aligned,numbered_aligned
41:20,41:20:5:1,41:20:11:1,41:20:5,41:20:11,3MS,3MP,0,qac_v0.4_aligned,numbered_aligned
41:20,41:20:11:1,41:20:12:1,41:20:11,41:20:12,3MP,3MP,0,qac_v0.4_aligned,numbered_aligned
41:21,41:21:1:2,41:21:4:1,41:21:1,41:21:4,3MP,2MP,1,qac_v0.4_aligned,numbered_aligned
41:21,41:21:4:1,41:21:6:1,41:21:4,41:21:6,2MP,3MP,1,qac_v0.4_aligned,numbered_aligned
41:21,41:21:6:1,41:21:7:1,41:21:6,41:21:7,3MP,3MS,0,qac_v0.4_aligned,numbered_aligned
41:21,41:21:7:1,41:21:10:1,41:21:7,41:21:10,3MS,3MS,0,qac_v0.4_aligned,numbered_aligned
41:21,41:21:10:1,41:21:14:1,41:21:10,41:21:14,3MS,3MS,0,qac_v0.4_aligned,numbered_aligned
41:21,41:21:14:1,41:21:18:1,41:21:14,41:21:18,3MS,2MP,1,qac_v0.4_aligned,numbered_aligned
41:22,41:22:2:1,41:22:3:1,41:22:2,41:22:3,2MP,2MP,0,qac_v0.4_aligned,numbered_aligned
41:22,41:22:3:1,41:22:5:1,41:22:3,41:22:5,2MP,3MS,1,qac_v0.4_aligned,numbered_aligned
41:22,41:22:5:1,41:22:13:1,41:22:5,41:22:13,3MS,2MP,1,qac_v0.4_aligned,numbered_aligned
41:22,41:22:13:1,41:22:17:1,41:22:13,41:22:17,2MP,3MS,1,qac_v0.4_aligned,numbered_aligned
41:22,41:22:17:1,41:22:20:1,41:22:17,41:22:20,3MS,2MP,1,qac_v0.4_aligned,numbered_aligned
41:24,41:24:2:1,41:24:7:1,41:24:2,41:24:7,3MP,3MP,0,qac_v0.4_aligned,numbered_aligned
41:25,41:25:1:2,41:25:4:2,41:25:1,41:25:4,1P,3MP,1,qac_v0.4_aligned,numbered_aligned
41:25,41:25:4:2,41:25:11:2,41:25:4,41:25:11,3MP,3MS,0,qac_v0.4_aligned,numbered_aligned
41:25,41:25:11:2,41:25:17:1,41:25:11,41:25:17,3MS,3FS,0,qac_v0.4_aligned,numbered_aligned
41:25,41:25:17:1,41:25:24:1,41:25:17,41:25:24,3FS,3MP,0,qac_v0.4_aligned,numbered_aligned
41:26,41:26:1:2,41:26:3:1,41:26:1,41:26:3,3MS,3MP,0,qac_v0.4_aligned,numbered_aligned
41:26,41:26:3:1,41:26:5:1,41:26:3,41:26:5,3MP,2MP,1,qac_v0.4_aligned,numbered_aligned
41:26,41:26:5:1,41:26:8:2,41:26:5,41:26:8,2MP,2MP,0,qac_v0.4_aligned,numbered_aligned
41:26,41:26:8:2,41:26:11:1,41:26:8,41:26:11,2MP,2MP,0,qac_v0.4_aligned,numbered_aligned
41:27,41:27:1:3,41:27:3:1,41:27:1,41:27:3,1P,3MP,1,qac_v0.4_aligned,numbered_aligned
41:27,41:27:3:1,41:27:6:3,41:27:3,41:27:6,3MP,1P,1,qac_v0.4_aligned,numbered_aligned
41:27,41:27:6:3,41:27:9:1,41:27:6,41:27:9,1P,3MP,1,qac_v0.4_aligned,numbered_aligned
41:27,41:27:9:1,41:27:10:1,41:27:9,41:27:10,3MP,3MP,0,qac_v0.4_aligned,numbered_aligned
41:28,41:28:12:1,41:28:14:1,41:28:12,41:28:14,3MP,3MP,0,qac_v0.4_aligned,numbered_aligned
41:29,41:29:1:2,41:29:3:1,41:29:1,41:29:3,3MS,3MP,0,qac_v0.4_aligned,numbered_aligned
41:29,41:29:3:1,41:29:5:1,41:29:3,41:29:5,3MP,2MS,1,qac_v0.4_aligned,numbered_aligned
41:29,41:29:5:1,41:29:7:1,41:29:5,41:29:7,2MS,3MD,1,qac_v0.4_aligned,numbered_aligned
41:29,41:29:7:1,41:29:11:1,41:29:7,41:29:11,3MD,1P,1,qac_v0.4_aligned,numbered_aligned
41:29,41:29:11:1,41:29:14:2,41:29:11,41:29:14,1P,3MD,1,qac_v0.4_aligned,numbered_aligned
41:30,41:30:3:1,41:30:7:1,41:30:3,41:30:7,3MP,3MP,0,qac_v0.4_aligned,numbered_aligned
41:30,41:30:7:1,41:30:8:1,41:30:7,41:30:8,3MP,3FS,0,qac_v0.4_aligned,numbered_aligned
41:30,41:30:8:1,41:30:12:1,41:30:8,41:30:12,3FS,2MP,1,qac_v0.4_aligned,numbered_aligned
41:30,41:30:12:1,41:30:14:1,41:30:12,41:30:14,2MP,2MP,0,qac_v0.4_aligned,numbered_aligned
41:30,41:30:14:1,41:30:15:2,41:30:14,41:30:15,2MP,2MP,0,qac_v0.4_aligned,numbered_aligned
41:30,41:30:15:2,41:30:18:1,41:30:15,41:30:18,2MP,2MP,0,qac_v0.4_aligned,numbered_aligned
41:30,41:30:18:1,41:30:19:1,41:30:18,41:30:19,2MP,2MP,0,qac_v0.4_aligned,numbered_aligned
41:33,41:33:5:1,41:33:8:2,41:33:5,41:33:8,3MS,3MS,0,qac_v0.4_aligned,numbered_aligned
41:33,41:33:8:2,41:33:10:2,41:33:8,41:33:10,3MS,3MS,0,qac_v0.4_aligned,numbered_aligned
41:36,41:36:2:1,41:36:6:2,41:36:2,41:36:6,3MS,2MS,1,qac_v0.4_aligned,numbered_aligned
41:37,41:37:8:1,41:37:12:2,41:37:8,41:37:12,2MP,2MP,0,qac_v0.4_aligned,numbered_aligned
41:37,41:37:12:2,41:37:15:1,41:37:12,41:37:15,2MP,3MS,1,qac_v0.4_aligned,numbered_aligned
41:37,41:37:15:1,41:37:17:1,41:37:15,41:37:17,3MS,2MP,1,qac_v0.4_aligned,numbered_aligned
41:37,41:37:17:1,41:37:19:1,41:37:17,41:37:19,2MP,2MP,0,qac_v0.4_aligned,numbered_aligned
41:38,41:38:2:1,41:38:6:1,41:38:2,41:38:6,3MP,3MP,0,qac_v0.4_aligned,numbered_aligned
41:39,41:39:4:1,41:39:8:1,41:39:4,41:39:8,3FS,1P,1,qac_v0.4_aligned,numbered_aligned
41:39,41:39:8:1,41:39:11:1,41:39:8,41:39:11,1P,3FS,1,qac_v0.4_aligned,numbered_aligned
41:39,41:39:11:1,41:39:12:2,41:39:11,41:39:12,3FS,3FS,0,qac_v0.4_aligned,numbered_aligned
41:39,41:39:12:2,41:39:15:1,41:39:12,41:39:15,3FS,3MS,0,qac_v0.4_aligned,numbered_aligned
41:40,41:40:3:1,41:40:7:1,41:40:3,41:40:7,3MP,3MP,0,qac_v0.4_aligned,numbered_aligned
41:40,41:40:7:1,41:40:10:1,41:40:7,41:40:10,3MP,3MS,0,qac_v0.4_aligned,numbered_aligned
41:40,41:40:20:1,41:40:22:1,41:40:20,41:40:22,2MP,2MP,0,qac_v0.4_aligned,numbered_aligned
41:40,41:40:22:1,41:40:25:1,41:40:22,41:40:25,2MP,2MP,0,qac_v0.4_aligned,numbered_aligned
41:41,41:41:3:1,41:41:6:1,41:41:3,41:41:6,3MP,3MS,0,qac_v0.4_aligned,numbered_aligned
41:43,41:43:2:1,41:43:7:1,41:43:2,41:43:7,3MS,3MS,0,qac_v0.4_aligned,numbered_aligned
41:44,41:44:2:1,41:44:5:2,41:44:2,41:44:5,1P,3MP,1,qac_v0.4_aligned,numbered_aligned
41:44,41:44:5:2,41:44:7:1,41:44:5,41:44:7,3MP,3FS,0,qac_v0.4_aligned,numbered_aligned
41:44,41:44:7:1,41:44:11:1,41:44:7,41:44:11,3FS,2MS,1,qac_v0.4_aligned,numbered_aligned
41:44,41:44:19:1,41:44:27:1,41:44:19,41:44:27,3MP,3MP,0,qac_v0.4_aligned,numbered_aligned
41:45,41:45:5:2,41:45:9:1,41:45:5,41:45:9,3MS,3FS,0,qac_v0.4_aligned,numbered_aligned
41:46,41:46:2:1,41:46:6:1,41:46:2,41:46:6,3MS,3MS,0,qac_v0.4_aligned,numbered_aligned
41:47,41:47:2:1,41:47:6:1,41:47:2,41:47:6,3MS,3FS,0,qac_v0.4_aligned,numbered_aligned
41:47,41:47:6:1,41:47:12:1,41:47:6,41:47:12,3FS,3FS,0,qac_v0.4_aligned,numbered_aligned
41:47,41:47:12:1,41:47:16:1,41:47:12,41:47:16,3FS,3FS,0,qac_v0.4_aligned,numbered_aligned
41:47,41:47:16:1,41:47:20:1,41:47:16,41:47:20,3FS,3MS,0,qac_v0.4_aligned,numbered_aligned
41:47,41:47:20:1,41:47:23:1,41:47:20,41:47:23,3MS,3MP,0,qac_v0.4_aligned,numbered_aligned
41:48,41:48:1:2,41:48:4:1,41:48:1,41:48:4,3MS,3MP,0,qac_v0.4_aligned,numbered_aligned
41:48,41:48:4:1,41:48:5:1,41:48:4,41:48:5,3MP,3MP,0,qac_v0.4_aligned,numbered_aligned
41:48,41:48:5:1,41:48:8:2,41:48:5,41:48:8,3MP,3MP,0,qac_v0.4_aligned,numbered_aligned
41:50,41:50:2:1,41:50:8:1,41:50:2,41:50:8,1P,3FS,1,qac_v0.4_aligned,numbered_aligned
41:50,41:50:8:1,41:50:9:2,41:50:8,41:50:9,3FS,3MS,0,qac_v0.4_aligned,numbered_aligned
41:50,41:50:9:2,41:50:13:1,41:50:9,41:50:13,3MS,1S,1,qac_v0.4_aligned,numbered_aligned
41:50,41:50:13:1,41:50:17:1,41:50:13,41:50:17,1S,1S,0,qac_v0.4_aligned,numbered_aligned
41:50,41:50:17:1,41:50:24:3,41:50:17,41:50:24,1S,1P,0,qac_v0.4_aligned,numbered_aligned
41:50,41:50:24:3,41:50:26:1,41:50:24,41:50:26,1P,3MP,1,qac_v0.4_aligned,numbered_aligned
41:50,41:50:26:1,41:50:28:1,41:50:26,41:50:28,3MP,3MP,0,qac_v0.4_aligned,numbered_aligned
41:50,41:50:28:1,41:50:29:3,41:50:28,41:50:29,3MP,1P,1,qac_v0.4_aligned,numbered_aligned
41:51,41:51:2:1,41:51:5:1,41:51:2,41:51:5,1P,3MS,1,qac_v0.4_aligned,numbered_aligned
41:52,41:52:4:1,41:52:9:1,41:52:4,41:52:9,3MS,2MP,1,qac_v0.4_aligned,numbered_aligned
41:53,41:53:1:2,41:53:8:1,41:53:1,41:53:8,1P,3MS,1,qac_v0.4_aligned,numbered_aligned
41:53,41:53:8:1,41:53:13:1,41:53:8,41:53:13,3MS,3MS,0,qac_v0.4_aligned,numbered_aligned
42:5,42:5:1:1,42:5:3:1,42:5:1,42:5:3,3FS,3FP,0,qac_v0.4_aligned,numbered_aligned
42:5,42:5:3:1,42:5:7:1,42:5:3,42:5:7,3FP,3MP,0,qac_v0.4_aligned,numbered_aligned
42:5,42:5:7:1,42:5:10:2,42:5:7,42:5:10,3MP,3MP,0,qac_v0.4_aligned,numbered_aligned
42:7,42:7:2:1,42:7:6:2,42:7:2,42:7:6,1P,2MS,1,qac_v0.4_aligned,numbered_aligned
42:7,42:7:6:2,42:7:11:2,42:7:6,42:7:11,2MS,3FS,1,qac_v0.4_aligned,numbered_aligned
42:8,42:8:2:1,42:8:4:2,42:8:2,42:8:4,3MS,3MS,0,qac_v0.4_aligned,numbered_aligned
42:8,42:8:4:2,42:8:8:1,42:8:4,42:8:8,3MS,3MS,0,qac_v0.4_aligned,numbered_aligned
42:8,42:8:8:1,42:8:10:1,42:8:8,42:8:10,3MS,3MS,0,qac_v0.4_aligned,numbered_aligned
42:10,42:10:2:1,42:10:13:1,42:10:2,42:10:13,2MP,1S,1,qac_v0.4_aligned,numbered_aligned
42:10,42:10:13:1,42:10:15:1,42:10:13,42:10:15,1S,1S,0,qac_v0.4_aligned,numbered_aligned
42:11,42:11:4:1,42:11:12:1,42:11:4,42:11:12,3MS,3MS,0,qac_v0.4_aligned,numbered_aligned
42:11,42:11:12:1,42:11:14:1,42:11:12,42:11:14,3MS,3MS,0,qac_v0.4_aligned,numbered_aligned
42:12,42:12:5:1,42:12:8:1,42:12:5,42:12:8,3MS,3MS,0,qac_v0.4_aligned,numbered_aligned
42:12,42:12:8:1,42:12:9:2,42:12:8,42:12:9,3MS,3MS,0,qac_v0.4_aligned,numbered_aligned
42:13,42:13:1:1,42:13:6:1,42:13:1,42:13:6,3MS,3MS,0,qac_v0.4_aligned,numbered_aligned
42:13,42:13:6:1,42:13:10:1,42:13:6,42:13:10,3MS,1P,1,qac_v0.4_aligned,numbered_aligned
42:13,42:13:10:1,42:13:13:1,42:13:10,42:13:13,1P,1P,0,qac_v0.4_aligned,numbered_aligned
42:13,42:13:13:1,42:13:19:1,42:13:13,42:13:19,1P,2MP,1,qac_v0.4_aligned,numbered_aligned
42:13,42:13:19:1,42:13:22:1,42:13:19,42:13:22,2MP,2MP,0,qac_v0.4_aligned,numbered_aligned
42:13,42:13:22:1,42:13:24:1,42:13:22,42:13:24,2MP,3MS,1,qac_v0.4_aligned,numbered_aligned
42:13,42:13:24:1,42:13:28:1,42:13:24,42:13:28,3MS,2MS,1,qac_v0.4_aligned,numbered_aligned
42:14,42:14:2:1,42:14:7:1,42:14:2,42:14:7,3MP,3MS,0,qac_v0.4_aligned,numbered_aligned
42:14,42:14:7:1,42:14:13:1,42:14:7,42:14:13,3MS,3FS,0,qac_v0.4_aligned,numbered_aligned
42:15,42:15:2:2,42:15:3:2,42:15:2,42:15:3,2MS,2MS,0,qac_v0.4_aligned,numbered_aligned
42:15,42:15:3:2,42:15:5:1,42:15:3,42:15:5,2MS,2MS,0,qac_v0.4_aligned,numbered_aligned
42:15,42:15:5:1,42:15:7:1,42:15:5,42:15:7,2MS,2MS,0,qac_v0.4_aligned,numbered_aligned
42:15,42:15:7:1,42:15:9:2,42:15:7,42:15:9,2MS,2MS,0,qac_v0.4_aligned,numbered_aligned
42:15,42:15:12:1,42:15:16:2,42:15:12,42:15:16,3MS,1S,1,qac_v0.4_aligned,numbered_aligned
42:15,42:15:16:2,42:15:17:2,42:15:16,42:15:17,1S,1S,0,qac_v0.4_aligned,numbered_aligned
42:15,42:15:17:2,42:15:31:1,42:15:17,42:15:31,1S,3MS,1,qac_v0.4_aligned,numbered_aligned
42:16,42:16:2:1,42:16:8:1,42:16:2,42:16:8,3MP,3MS,0,qac_v0.4_aligned,numbered_aligned
42:17,42:17:3:1,42:17:8:1,42:17:3,42:17:8,3MS,3MS,0,qac_v0.4_aligned,numbered_aligned
42:18,42:18:1:1,42:18:5:1,42:18:1,42:18:5,3MS,3MP,0,qac_v0.4_aligned,numbered_aligned
42:18,42:18:11:2,42:18:17:1,42:18:11,42:18:17,3MP,3MP,0,qac_v0.4_aligned,numbered_aligned
42:19,42:19:4:1,42:19:6:1,42:19:4,42:19:6,3MS,3MS,0,qac_v0.4_aligned,numbered_aligned
42:20,42:20:2:1,42:20:3:1,42:20:2,42:20:3,3MS,3MS,0,qac_v0.4_aligned,numbered_aligned
42:20,42:20:3:1,42:20:6:1,42:20:3,42:20:6,3MS,1P,1,qac_v0.4_aligned,numbered_aligned
42:20,42:20:6:1,42:20:11:1,42:20:6,42:20:11,1P,3MS,1,qac_v0.4_aligned,numbered_aligned
42:20,42:20:11:1,42:20:12:1,42:20:11,42:20:12,3MS,3MS,0,qac_v0.4_aligned,numbered_aligned
42:20,42:20:12:1,42:20:15:1,42:20:12,42:20:15,3MS,1P,1,qac_v0.4_aligned,numbered_aligned
42:21,42:21:4:1,42:21:10:1,42:21:4,42:21:10,3MP,3MS,0,qac_v0.4_aligned,numbered_aligned
42:22,42:22:1:1,42:22:5:1,42:22:1,42:22:5,2MS,3MP,1,qac_v0.4_aligned,numbered_aligned
42:22,42:22:11:2,42:22:18:1,42:22:11,42:22:18,3MP,3MP,0,qac_v0.4_aligned,numbered_aligned
42:23,42:23:8:2,42:23:10:1,42:23:8,42:23:10,3MP,2MS,1,qac_v0.4_aligned,numbered_aligned
42:23,42:23:20:1,42:23:22:1,42:23:20,42:23:22,3MS,1P,1,qac_v0.4_aligned,numbered_aligned
42:24,42:24:2:1,42:24:3:1,42:24:2,42:24:3,3MP,3MS,0,qac_v0.4_aligned,numbered_aligned
42:24,42:24:3:1,42:24:8:1,42:24:3,42:24:8,3MS,3MS,0,qac_v0.4_aligned,numbered_aligned
42:24,42:24:8:1,42:24:10:1,42:24:8,42:24:10,3MS,3MS,0,qac_v0.4_aligned,numbered_aligned
42:24,42:24:10:1,42:24:13:2,42:24:10,42:24:13,3MS,3MS,0,qac_v0.4_aligned,numbered_aligned
42:24,42:24:13:2,42:24:16:2,42:24:13,42:24:16,3MS,3MS,0,qac_v0.4_aligned,numbered_aligned
42:25,42:25:10:2,42:25:12:1,42:25:10,42:25:12,3MS,2MP,1,qac_v0.4_aligned,numbered_aligned
42:26,42:26:4:2,42:26:6:2,42:26:4,42:26:6,3MP,3MS,0,qac_v0.4_aligned,numbered_aligned
42:27,42:27:2:1,42:27:6:2,42:27:2,42:27:6,3MS,3MP,0,qac_v0.4_aligned,numbered_aligned
42:27,42:27:6:2,42:27:10:1,42:27:6,42:27:10,3MP,3MS,0,qac_v0.4_aligned,numbered_aligned
42:27,42:27:10:1,42:27:13:1,42:27:10,42:27:13,3MS,3MS,0,qac_v0.4_aligned,numbered_aligned
42:28,42:28:3:1,42:28:8:1,42:28:3,42:28:8,3MS,3MP,0,qac_v0.4_aligned,numbered_aligned
42:28,42:28:8:1,42:28:9:2,42:28:8,42:28:9,3MP,3MS,0,qac_v0.4_aligned,numbered_aligned
42:29,42:29:7:1,42:29:15:1,42:29:7,42:29:15,3MS,3MS,0,qac_v0.4_aligned,numbered_aligned
42:30,42:30:2:1,42:30:6:1,42:30:2,42:30:6,3MS,3FS,0,qac_v0.4_aligned,numbered_aligned
42:33,42:33:2:1,42:33:3:1,42:33:2,42:33:3,3MS,3MS,0,qac_v0.4_aligned,numbered_aligned
42:33,42:33:3:1,42:33:5:2,42:33:3,42:33:5,3MS,3FP,0,qac_v0.4_aligned,numbered_aligned
42:34,42:34:2:1,42:34:4:1,42:34:2,42:34:4,3MS,3MP,0,qac_v0.4_aligned,numbered_aligned
42:34,42:34:4:1,42:34:5:2,42:34:4,42:34:5,3MP,3MS,0,qac_v0.4_aligned,numbered_aligned
42:35,42:35:1:2,42:35:3:1,42:35:1,42:35:3,3MS,3MP,0,qac_v0.4_aligned,numbered_aligned
42:37,42:37:2:1,42:37:8:1,42:37:2,42:37:8,3MP,3MP,0,qac_v0.4_aligned,numbered_aligned
42:37,42:37:8:1,42:37:10:1,42:37:8,42:37:10,3MP,3MP,0,qac_v0.4_aligned,numbered_aligned
42:38,42:38:2:1,42:38:4:2,42:38:2,42:38:4,3MP,3MP,0,qac_v0.4_aligned,numbered_aligned
42:38,42:38:4:2,42:38:10:1,42:38:4,42:38:10,3MP,1P,1,qac_v0.4_aligned,numbered_aligned
42:38,42:38:10:1,42:38:11:1,42:38:10,42:38:11,1P,3MP,1,qac_v0.4_aligned,numbered_aligned
42:39,42:39:3:1,42:39:6:1,42:39:3,42:39:6,3MS,3MP,0,qac_v0.4_aligned,numbered_aligned
42:40,42:40:6:1,42:40:7:2,42:40:6,42:40:7,3MS,3MS,0,qac_v0.4_aligned,numbered_aligned
42:40,42:40:7:2,42:40:13:1,42:40:7,42:40:13,3MS,3MS,0,qac_v0.4_aligned,numbered_aligned
42:42,42:42:5:1,42:42:7:2,42:42:5,42:42:7,3MP,3MP,0,qac_v0.4_aligned,numbered_aligned
42:43,42:43:2:1,42:43:3:2,42:43:2,42:43:3,3MS,3MS,0,qac_v0.4_aligned,numbered_aligned
42:44,42:44:2:1,42:44:10:2,42:44:2,42:44:10,3MS,2MS,1,qac_v0.4_aligned,numbered_aligned
42:44,42:44:10:2,42:44:13:1,42:44:10,42:44:13,2MS,3MP,1,qac_v0.4_aligned,numbered_aligned
42:44,42:44:13:1,42:44:15:1,42:44:13,42:44:15,3MP,3MP,0,qac_v0.4_aligned,numbered_aligned
42:45,42:45:2:1,42:45:7:1,42:45:2,42:45:7,3MP,3MP,0,qac_v0.4_aligned,numbered_aligned
42:45,42:45:7:1,42:45:11:2,42:45:7,42:45:11,3MP,3MS,0,qac_v0.4_aligned,numbered_aligned
42:46,42:46:2:1,42:46:6:1,42:46:2,42:46:6,3MS,3MP,0,qac_v0.4_aligned,numbered_aligned
42:46,42:46:6:1,42:46:11:1,42:46:6,42:46:11,3MP,3MS,0,qac_v0.4_aligned,numbered_aligned
42:48,42:48:2:1,42:48:4:1,42:48:2,42:48:4,3MP,1P,1,qac_v0.4_aligned,numbered_aligned
42:48,42:48:4:1,42:48:13:1,42:48:4,42:48:13,1P,1P,0,qac_v0.4_aligned,numbered_aligned
42:48,42:48:13:1,42:48:17:1,42:48:13,42:48:17,1P,3MS,1,qac_v0.4_aligned,numbered_aligned
42:48,42:48:17:1,42:48:20:1,42:48:17,42:48:20,3MS,3FS,0,qac_v0.4_aligned,numbered_aligned
42:48,42:48:20:1,42:48:23:1,42:48:20,42:48:23,3FS,3FS,0,qac_v0.4_aligned,numbered_aligned
42:49,42:49:5:1,42:49:7:1,42:49:5,42:49:7,3MS,3MS,0,qac_v0.4_aligned,numbered_aligned
42:49,42:49:7:1,42:49:8:1,42:49:7,42:49:8,3MS,3MS,0,qac_v0.4_aligned,numbered_aligned
42:49,42:49:8:1,42:49:10:1,42:49:8,42:49:10,3MS,3MS,0,qac_v0.4_aligned,numbered_aligned
42:49,42:49:10:1,42:49:12:2,42:49:10,42:49:12,3MS,3MS,0,qac_v0.4_aligned,numbered_aligned
42:49,42:49:12:2,42:49:14:1,42:49:12,42:49:14,3MS,3MS,0,qac_v0.4_aligned,numbered_aligned
42:50,42:50:2:1,42:50:5:2,42:50:2,42:50:5,3MS,3MS,0,qac_v0.4_aligned,numbered_aligned
42:50,42:50:5:2,42:50:7:1,42:50:5,42:50:7,3MS,3MS,0,qac_v0.4_aligned,numbered_aligned
42:51,42:51:2:1,42:51:5:1,42:51:2,42:51:5,3MS,3MS,0,qac_v0.4_aligned,numbered_aligned
42:51,42:51:5:1,42:51:14:1,42:51:5,42:51:14,3MS,3MS,0,qac_v0.4_aligned,numbered_aligned
42:52,42:52:2:1,42:52:8:1,42:52:2,42:52:8,1P,2MS,1,qac_v0.4_aligned,numbered_aligned
43:3,43:3:2:1,43:3:6:1,43:3:2,43:3:6,1P,2MP,1,qac_v0.4_aligned,numbered_aligned
43:5,43:5:1:3,43:5:6:1,43:5:1,43:5:6,1P,2MP,1,qac_v0.4_aligned,numbered_aligned
43:7,43:7:2:1,43:7:6:1,43:7:2,43:7:6,3MS,3MP,0,qac_v0.4_aligned,numbered_aligned
43:8,43:8:1:2,43:8:5:2,43:8:1,43:8:5,1P,3MS,1,qac_v0.4_aligned,numbered_aligned
43:9,43:9:2:1,43:9:4:1,43:9:2,43:9:4,2MS,3MS,1,qac_v0.4_aligned,numbered_aligned
43:9,43:9:4:1,43:9:7:2,43:9:4,43:9:7,3MS,3MP,0,qac_v0.4_aligned,numbered_aligned
43:9,43:9:7:2,43:9:8:1,43:9:7,43:9:8,3MP,3MS,0,qac_v0.4_aligned,numbered_aligned
43:10,43:10:2:1,43:10:6:2,43:10:2,43:10:6,3MS,3MS,0,qac_v0.4_aligned,numbered_aligned
43:10,43:10:6:2,43:10:11:1,43:10:6,43:10:11,3MS,2MP,1,qac_v0.4_aligned,numbered_aligned
43:11,43:11:2:1,43:11:7:2,43:11:2,43:11:7,3MS,1P,1,qac_v0.4_aligned,numbered_aligned
43:11,43:11:7:2,43:11:12:1,43:11:7,43:11:12,1P,2MP,1,qac_v0.4_aligned,numbered_aligned
43:12,43:12:2:1,43:12:5:2,43:12:2,43:12:5,3MS,3MS,0,qac_v0.4_aligned,numbered_aligned
43:12,43:12:5:2,43:12:11:1,43:12:5,43:12:11,3MS,2MP,1,qac_v0.4_aligned,numbered_aligned
43:13,43:13:5:1,43:13:9:1,43:13:5,43:13:9,2MP,2MP,0,qac_v0.4_aligned,numbered_aligned
43:13,43:13:9:1,43:13:11:2,43:13:9,43:13:11,2MP,2MP,0,qac_v0.4_aligned,numbered_aligned
43:13,43:13:11:2,43:13:14:1,43:13:11,43:13:14,2MP,3MS,1,qac_v0.4_aligned,numbered_aligned
43:13,43:13:14:1,43:13:18:1,43:13:14,43:13:18,3MS,1P,1,qac_v0.4_aligned,numbered_aligned
43:16,43:16:2:1,43:16:4:1,43:16:2,43:16:4,3MS,3MS,0,qac_v0.4_aligned,numbered_aligned
43:17,43:17:2:1,43:17:5:1,43:17:2,43:17:5,3MS,3MS,0,qac_v0.4_aligned,numbered_aligned
43:17,43:17:5:1,43:17:8:1,43:17:5,43:17:8,3MS,3MS,0,qac_v0.4_aligned,numbered_aligned
43:19,43:19:1:2,43:19:8:2,43:19:1,43:19:8,3MP,3MP,0,qac_v0.4_aligned,numbered_aligned
43:19,43:19:8:2,43:19:10:2,43:19:8,43:19:10,3MP,3FS,0,qac_v0.4_aligned,numbered_aligned
43:20,43:20:1:2,43:20:3:1,43:20:1,43:20:3,3MP,3MS,0,qac_v0.4_aligned,numbered_aligned
43:20,43:20:3:1,43:20:6:1,43:20:3,43:20:6,3MS,1P,1,qac_v0.4_aligned,numbered_aligned
43:20,43:20:6:1,43:20:15:1,43:20:6,43:20:15,1P,3MP,1,qac_v0.4_aligned,numbered_aligned
43:22,43:22:2:1,43:22:4:1,43:22:2,43:22:4,3MP,1P,1,qac_v0.4_aligned,numbered_aligned
43:23,43:23:3:1,43:23:11:1,43:23:3,43:23:11,1P,3MS,1,qac_v0.4_aligned,numbered_aligned
43:23,43:23:11:1,43:23:14:1,43:23:11,43:23:14,3MS,1P,1,qac_v0.4_aligned,numbered_aligned
43:24,43:24:1:1,43:24:3:1,43:24:1,43:24:3,3MS,1S,1,qac_v0.4_aligned,numbered_aligned
43:24,43:24:3:1,43:24:6:1,43:24:3,43:24:6,1S,2MP,1,qac_v0.4_aligned,numbered_aligned
43:24,43:24:6:1,43:24:9:1,43:24:6,43:24:9,2MP,3MP,1,qac_v0.4_aligned,numbered_aligned
43:24,43:24:9:1,43:24:12:1,43:24:9,43:24:12,3MP,2MP,1,qac_v0.4_aligned,numbered_aligned
43:25,43:25:1:2,43:25:3:2,43:25:1,43:25:3,1P,2MS,1,qac_v0.4_aligned,numbered_aligned
43:25,43:25:3:2,43:25:5:1,43:25:3,43:25:5,2MS,3MS,1,qac_v0.4_aligned,numbered_aligned
43:26,43:26:2:1,43:26:9:1,43:26:2,43:26:9,3MS,2MP,1,qac_v0.4_aligned,numbered_aligned
43:28,43:28:1:2,43:28:7:1,43:28:1,43:28:7,3MS,3MP,0,qac_v0.4_aligned,numbered_aligned
43:29,43:29:2:1,43:29:6:1,43:29:2,43:29:6,1S,3MS,1,qac_v0.4_aligned,numbered_aligned
43:30,43:30:2:1,43:30:4:1,43:30:2,43:30:4,3MS,3MP,0,qac_v0.4_aligned,numbered_aligned
43:31,43:31:1:2,43:31:3:1,43:31:1,43:31:3,3MP,3MS,0,qac_v0.4_aligned,numbered_aligned
43:32,43:32:2:1,43:32:6:1,43:32:2,43:32:6,3MP,1P,1,qac_v0.4_aligned,numbered_aligned
43:32,43:32:6:1,43:32:12:2,43:32:6,43:32:12,1P,1P,0,qac_v0.4_aligned,numbered_aligned
43:32,43:32:12:2,43:32:17:2,43:32:12,43:32:17,1P,3MS,1,qac_v0.4_aligned,numbered_aligned
43:32,43:32:17:2,43:32:25:1,43:32:17,43:32:25,3MS,3MP,0,qac_v0.4_aligned,numbered_aligned
43:33,43:33:3:1,43:33:7:2,43:33:3,43:33:7,3MS,1P,1,qac_v0.4_aligned,numbered_aligned
43:33,43:33:7:2,43:33:9:1,43:33:7,43:33:9,1P,3MS,1,qac_v0.4_aligned,numbered_aligned
43:33,43:33:9:1,43:33:17:1,43:33:9,43:33:17,3MS,3MP,0,qac_v0.4_aligned,numbered_aligned
43:36,43:36:2:1,43:36:6:1,43:36:2,43:36:6,3MS,1P,1,qac_v0.4_aligned,numbered_aligned
43:37,43:37:2:2,43:37:5:2,43:37:2,43:37:5,3MP,3MP,0,qac_v0.4_aligned,numbered_aligned
43:38,43:38:3:1,43:38:4:1,43:38:3,43:38:4,3MS,3MS,0,qac_v0.4_aligned,numbered_aligned
43:38,43:38:4:1,43:38:10:2,43:38:4,43:38:11,3MS,3MS,0,qac_v0.4_aligned,numbered_aligned
43:39,43:39:2:1,43:39:5:1,43:39:2,43:39:5,3MS,2MP,1,qac_v0.4_aligned,numbered_aligned
43:42,43:42:2:1,43:42:4:1,43:42:2,43:42:4,1P,1P,0,qac_v0.4_aligned,numbered_aligned
43:45,43:45:3:1,43:45:8:2,43:45:3,43:45:8,1P,1P,0,qac_v0.4_aligned,numbered_aligned
43:45,43:45:8:2,43:45:13:1,43:45:8,43:45:13,1P,3MP,1,qac_v0.4_aligned,numbered_aligned
43:46,43:46:2:1,43:46:8:2,43:46:2,43:46:8,1P,3MS,1,qac_v0.4_aligned,numbered_aligned
43:47,43:47:2:1,43:47:7:1,43:47:2,43:47:7,3MS,3MP,0,qac_v0.4_aligned,numbered_aligned
43:48,43:48:2:1,43:48:10:2,43:48:2,43:48:10,1P,1P,0,qac_v0.4_aligned,numbered_aligned
43:48,43:48:10:2,43:48:13:1,43:48:10,43:48:13,1P,3MP,1,qac_v0.4_aligned,numbered_aligned
43:49,43:49:1:2,43:49:4:1,43:49:1,43:49:5,3MP,2MS,1,qac_v0.4_aligned,numbered_aligned
43:49,43:49:4:1,43:49:8:1,43:49:5,43:49:9,2MS,3MS,1,qac_v0.4_aligned,numbered_aligned
43:50,43:50:2:1,43:50:7:1,43:50:2,43:50:7,1P,3MP,1,qac_v0.4_aligned,numbered_aligned
43:51,43:51:1:2,43:51:5:1,43:51:1,43:51:5,3MS,3MS,0,qac_v0.4_aligned,numbered_aligned
43:51,43:51:5:1,43:51:7:2,43:51:5,43:51:8,3MS,3MS,0,qac_v0.4_aligned,numbered_aligned
43:52,43:52:10:1,43:52:11:1,43:52:10,43:52:11,3MS,3MS,0,qac_v0.4_aligned,numbered_aligned
43:54,43:54:1:2,43:54:3:2,43:54:1,43:54:3,3MS,3MP,0,qac_v0.4_aligned,numbered_aligned
43:54,43:54:3:2,43:54:5:1,43:54:3,43:54:5,3MP,3MP,0,qac_v0.4_aligned,numbered_aligned
43:55,43:55:3:1,43:55:5:2,43:55:3,43:55:5,1P,1P,0,qac_v0.4_aligned,numbered_aligned
43:57,43:57:2:1,43:57:9:1,43:57:2,43:57:9,3MS,3MP,0,qac_v0.4_aligned,numbered_aligned
43:58,43:58:1:2,43:58:7:1,43:58:1,43:58:7,3MP,3MP,0,qac_v0.4_aligned,numbered_aligned
43:59,43:59:5:1,43:59:7:2,43:59:5,43:59:7,1P,1P,0,qac_v0.4_aligned,numbered_aligned
43:60,43:60:2:1,43:60:3:2,43:60:2,43:60:3,1P,1P,0,qac_v0.4_aligned,numbered_aligned
43:60,43:60:3:2,43:60:8:1,43:60:3,43:60:8,1P,3MP,1,qac_v0.4_aligned,numbered_aligned
43:61,43:61:5:1,43:61:7:2,43:61:5,43:61:7,2MP,2MP,0,qac_v0.4_aligned,numbered_aligned
43:63,43:63:2:1,43:63:5:1,43:63:2,43:63:5,3MS,3MS,0,qac_v0.4_aligned,numbered_aligned
43:63,43:63:5:1,43:63:7:1,43:63:5,43:63:7,3MS,1S,1,qac_v0.4_aligned,numbered_aligned
43:63,43:63:7:1,43:63:9:3,43:63:7,43:63:9,1S,1S,0,qac_v0.4_aligned,numbered_aligned
43:63,43:63:9:3,43:63:13:1,43:63:9,43:63:13,1S,2MP,1,qac_v0.4_aligned,numbered_aligned
43:63,43:63:13:1,43:63:15:2,43:63:13,43:63:15,2MP,2MP,0,qac_v0.4_aligned,numbered_aligned
43:63,43:63:15:2,43:63:17:2,43:63:15,43:63:17,2MP,2MP,0,qac_v0.4_aligned,numbered_aligned
43:65,43:65:1:2,43:65:7:1,43:65:1,43:65:7,3MS,3MP,0,qac_v0.4_aligned,numbered_aligned
43:66,43:66:2:1,43:66:6:1,43:66:2,43:66:6,3MP,3FS,0,qac_v0.4_aligned,numbered_aligned
43:66,43:66:6:1,43:66:10:1,43:66:6,43:66:10,3FS,3MP,0,qac_v0.4_aligned,numbered_aligned
43:70,43:70:1:1,43:70:5:1,43:70:1,43:70:5,2MP,2MP,0,qac_v0.4_aligned,numbered_aligned
43:71,43:71:1:1,43:71:9:1,43:71:1,43:71:9,3MS,3FS,0,qac_v0.4_aligned,numbered_aligned
43:71,43:71:9:1,43:71:11:2,43:71:9,43:71:11,3FS,3FS,0,qac_v0.4_aligned,numbered_aligned
43:72,43:72:4:1,43:72:6:1,43:72:4,43:72:6,2MP,2MP,0,qac_v0.4_aligned,numbered_aligned
43:72,43:72:6:1,43:72:7:1,43:72:6,43:72:7,2MP,2MP,0,qac_v0.4_aligned,numbered_aligned
43:76,43:76:2:1,43:76:4:1,43:76:2,43:76:4,1P,3MP,1,qac_v0.4_aligned,numbered_aligned
43:77,43:77:1:2,43:77:3:2,43:77:1,43:77:4,3MP,3MS,0,qac_v0.4_aligned,numbered_aligned
43:77,43:77:3:2,43:77:6:1,43:77:4,43:77:7,3MS,3MS,0,qac_v0.4_aligned,numbered_aligned
43:80,43:80:2:1,43:80:5:1,43:80:2,43:80:5,3MP,1P,1,qac_v0.4_aligned,numbered_aligned
43:80,43:80:5:1,43:80:11:1,43:80:5,43:80:11,1P,3MP,1,qac_v0.4_aligned,numbered_aligned
43:81,43:81:1:1,43:81:3:1,43:81:1,43:81:3,2MS,3MS,1,qac_v0.4_aligned,numbered_aligned
43:83,43:83:1:2,43:83:2:1,43:83:1,43:83:2,2MS,3MP,1,qac_v0.4_aligned,numbered_aligned
43:83,43:83:2:1,43:83:3:2,43:83:2,43:83:3,3MP,3MP,0,qac_v0.4_aligned,numbered_aligned
43:83,43:83:3:2,43:83:5:1,43:83:3,43:83:5,3MP,3MP,0,qac_v0.4_aligned,numbered_aligned
43:83,43:83:5:1,43:83:8:1,43:83:5,43:83:8,3MP,3MP,0,qac_v0.4_aligned,numbered_aligned
43:85,43:85:1:2,43:85:13:1,43:85:1,43:85:13,3MS,2MP,1,qac_v0.4_aligned,numbered_aligned
43:86,43:86:2:1,43:86:4:1,43:86:2,43:86:4,3MS,3MP,0,qac_v0.4_aligned,numbered_aligned
43:86,43:86:4:1,43:86:10:1,43:86:4,43:86:10,3MP,3MS,0,qac_v0.4_aligned,numbered_aligned
43:86,43:86:10:1,43:86:13:1,43:86:10,43:86:13,3MS,3MP,0,qac_v0.4_aligned,numbered_aligned
43:87,43:87:2:1,43:87:4:1,43:87:2,43:87:4,2MS,3MS,1,qac_v0.4_aligned,numbered_aligned
43:87,43:87:4:1,43:87:5:2,43:87:4,43:87:5,3MS,3MP,0,qac_v0.4_aligned,numbered_aligned
43:87,43:87:5:2,43:87:8:1,43:87:5,43:87:8,3MP,3MP,0,qac_v0.4_aligned,numbered_aligned
43:89,43:89:1:2,43:89:3:2,43:89:1,43:89:3,2MS,2MS,0,qac_v0.4_aligned,numbered_aligned
43:89,43:89:3:2,43:89:6:1,43:89:3,43:89:6,2MS,3MP,1,qac_v0.4_aligned,numbered_aligned
44:3,44:3:2:1,44:3:7:1,44:3:2,44:3:7,1P,1P,0,qac_v0.4_aligned,numbered_aligned
44:14,44:14:2:1,44:14:4:2,44:14:2,44:14:4,3MP,3MP,0,qac_v0.4_aligned,numbered_aligned
44:17,44:17:2:1,44:17:6:2,44:17:2,44:17:6,1P,3MS,1,qac_v0.4_aligned,numbered_aligned
44:20,44:20:2:1,44:20:6:1,44:20:2,44:20:6,1S,2MP,1,qac_v0.4_aligned,numbered_aligned
44:21,44:21:3:1,44:21:5:2,44:21:3,44:21:5,2MP,2MP,0,qac_v0.4_aligned,numbered_aligned
44:29,44:29:2:1,44:29:7:1,44:29:2,44:29:7,3FS,3MP,0,qac_v0.4_aligned,numbered_aligned
44:36,44:36:1:2,44:36:4:1,44:36:1,44:36:4,2MP,2MP,0,qac_v0.4_aligned,numbered_aligned
44:37,44:37:9:1,44:37:11:1,44:37:9,44:37:11,1P,3MP,1,qac_v0.4_aligned,numbered_aligned
44:39,44:39:2:1,44:39:8:1,44:39:2,44:39:8,1P,3MP,1,qac_v0.4_aligned,numbered_aligned
44:47,44:47:1:1,44:47:2:2,44:47:1,44:47:2,2MP,2MP,0,qac_v0.4_aligned,numbered_aligned
44:50,44:50:4:1,44:50:6:1,44:50:4,44:50:6,2MP,2MP,0,qac_v0.4_aligned,numbered_aligned
44:58,44:58:2:1,44:58:5:1,44:58:2,44:58:5,1P,3MP,1,qac_v0.4_aligned,numbered_aligned
45:4,45:4:4:1,45:4:9:1,45:4:4,45:4:9,3MS,3MP,0,qac_v0.4_aligned,numbered_aligned
45:5,45:5:5:1,45:5:11:2,45:5:5,45:5:11,3MS,3MS,0,qac_v0.4_aligned,numbered_aligned
45:5,45:5:11:2,45:5:20:1,45:5:11,45:5:20,3MS,3MP,0,qac_v0.4_aligned,numbered_aligned
45:6,45:6:4:1,45:6:12:1,45:6:4,45:6:12,1P,3MP,1,qac_v0.4_aligned,numbered_aligned
45:8,45:8:1:1,45:8:4:1,45:8:1,45:8:4,3MS,3FS,0,qac_v0.4_aligned,numbered_aligned
45:8,45:8:4:1,45:8:7:1,45:8:4,45:8:7,3FS,3MS,0,qac_v0.4_aligned,numbered_aligned
45:8,45:8:7:1,45:8:11:1,45:8:7,45:8:11,3MS,3MS,0,qac_v0.4_aligned,numbered_aligned
45:8,45:8:11:1,45:8:12:2,45:8:11,45:8:12,3MS,2MS,1,qac_v0.4_aligned,numbered_aligned
45:9,45:9:2:1,45:9:6:1,45:9:2,45:9:6,3MS,3MS,0,qac_v0.4_aligned,numbered_aligned
45:10,45:10:8:1,45:10:12:1,45:10:8,45:10:12,3MP,3MP,0,qac_v0.4_aligned,numbered_aligned
45:12,45:12:10:3,45:12:14:1,45:12:10,45:12:14,2MP,2MP,0,qac_v0.4_aligned,numbered_aligned
45:13,45:13:1:2,45:13:16:1,45:13:1,45:13:16,3MS,3MP,0,qac_v0.4_aligned,numbered_aligned
45:14,45:14:4:1,45:14:7:1,45:14:4,45:14:7,3MP,3MP,0,qac_v0.4_aligned,numbered_aligned
45:14,45:14:13:1,45:14:14:1,45:14:13,45:14:14,3MP,3MP,0,qac_v0.4_aligned,numbered_aligned
45:15,45:15:2:1,45:15:6:1,45:15:2,45:15:6,3MS,3MS,0,qac_v0.4_aligned,numbered_aligned
45:15,45:15:6:1,45:15:11:1,45:15:6,45:15:11,3MS,2MP,1,qac_v0.4_aligned,numbered_aligned
45:16,45:16:8:2,45:16:11:2,45:16:8,45:16:11,1P,1P,0,qac_v0.4_aligned,numbered_aligned
45:17,45:17:6:1,45:17:11:1,45:17:6,45:17:11,3MP,3MS,0,qac_v0.4_aligned,numbered_aligned
45:17,45:17:22:1,45:17:24:1,45:17:22,45:17:24,3MP,3MP,0,qac_v0.4_aligned,numbered_aligned
45:18,45:18:2:1,45:18:7:2,45:18:2,45:18:7,1P,2MS,1,qac_v0.4_aligned,numbered_aligned
45:18,45:18:7:2,45:18:9:1,45:18:7,45:18:9,2MS,2MS,0,qac_v0.4_aligned,numbered_aligned
45:18,45:18:9:1,45:18:13:1,45:18:9,45:18:13,2MS,3MP,1,qac_v0.4_aligned,numbered_aligned
45:21,45:21:2:1,45:21:4:1,45:21:2,45:21:4,3MS,3MP,0,qac_v0.4_aligned,numbered_aligned
45:21,45:21:4:1,45:21:7:1,45:21:4,45:21:7,3MP,1P,1,qac_v0.4_aligned,numbered_aligned
45:21,45:21:10:2,45:21:15:1,45:21:10,45:21:15,3MP,3MS,0,qac_v0.4_aligned,numbered_aligned
45:21,45:21:15:1,45:21:17:1,45:21:15,45:21:17,3MS,3MP,0,qac_v0.4_aligned,numbered_aligned
45:22,45:22:1:2,45:22:6:3,45:22:1,45:22:6,3MS,3FS,0,qac_v0.4_aligned,numbered_aligned
45:22,45:22:6:3,45:22:10:1,45:22:6,45:22:10,3FS,3FS,0,qac_v0.4_aligned,numbered_aligned
45:22,45:22:10:1,45:22:13:1,45:22:10,45:22:13,3FS,3MP,0,qac_v0.4_aligned,numbered_aligned
45:23,45:23:3:1,45:23:6:2,45:23:3,45:23:6,3MS,3MS,0,qac_v0.4_aligned,numbered_aligned
45:23,45:23:6:2,45:23:10:2,45:23:6,45:23:10,3MS,3MS,0,qac_v0.4_aligned,numbered_aligned
45:23,45:23:10:2,45:23:14:2,45:23:10,45:23:14,3MS,3MS,0,qac_v0.4_aligned,numbered_aligned
45:23,45:23:14:2,45:23:19:1,45:23:14,45:23:19,3MS,3MS,0,qac_v0.4_aligned,numbered_aligned
45:23,45:23:19:1,45:23:24:1,45:23:19,45:23:24,3MS,2MP,1,qac_v0.4_aligned,numbered_aligned
45:24,45:24:1:2,45:24:7:1,45:24:1,45:24:7,3MP,1P,1,qac_v0.4_aligned,numbered_aligned
45:24,45:24:7:1,45:24:8:2,45:24:7,45:24:8,1P,1P,0,qac_v0.4_aligned,numbered_aligned
45:24,45:24:8:2,45:24:10:1,45:24:8,45:24:10,1P,3MS,1,qac_v0.4_aligned,numbered_aligned
45:24,45:24:10:1,45:24:21:1,45:24:10,45:24:21,3MS,3MP,0,qac_v0.4_aligned,numbered_aligned
45:25,45:25:2:1,45:25:7:1,45:25:2,45:25:7,3FS,3MS,0,qac_v0.4_aligned,numbered_aligned
45:25,45:25:7:1,45:25:11:1,45:25:7,45:25:11,3MS,3MP,0,qac_v0.4_aligned,numbered_aligned
45:25,45:25:11:1,45:25:12:1,45:25:11,45:25:12,3MP,2MP,1,qac_v0.4_aligned,numbered_aligned
45:25,45:25:12:1,45:25:15:1,45:25:12,45:25:15,2MP,2MP,0,qac_v0.4_aligned,numbered_aligned
45:26,45:26:1:1,45:26:3:1,45:26:1,45:26:3,2MS,3MS,1,qac_v0.4_aligned,numbered_aligned
45:26,45:26:3:1,45:26:5:1,45:26:3,45:26:5,3MS,3MS,0,qac_v0.4_aligned,numbered_aligned
45:26,45:26:5:1,45:26:7:1,45:26:5,45:26:7,3MS,3MS,0,qac_v0.4_aligned,numbered_aligned
45:26,45:26:7:1,45:26:18:1,45:26:7,45:26:18,3MS,3MP,0,qac_v0.4_aligned,numbered_aligned
45:27,45:27:6:1,45:27:9:1,45:27:6,45:27:9,3FS,3MS,0,qac_v0.4_aligned,numbered_aligned
45:28,45:28:1:2,45:28:7:1,45:28:1,45:28:7,2MS,3FS,1,qac_v0.4_aligned,numbered_aligned
45:28,45:28:7:1,45:28:11:1,45:28:7,45:28:11,3FS,2MP,1,qac_v0.4_aligned,numbered_aligned
45:28,45:28:11:1,45:28:13:1,45:28:11,45:28:13,2MP,2MP,0,qac_v0.4_aligned,numbered_aligned
45:28,45:28:13:1,45:28:14:1,45:28:13,45:28:14,2MP,2MP,0,qac_v0.4_aligned,numbered_aligned
45:29,45:29:3:1,45:29:7:1,45:29:3,45:29:7,3MS,1P,1,qac_v0.4_aligned,numbered_aligned
45:29,45:29:7:1,45:29:8:1,45:29:7,45:29:8,1P,1P,0,qac_v0.4_aligned,numbered_aligned
45:29,45:29:8:1,45:29:10:1,45:29:8,45:29:10,1P,2MP,1,qac_v0.4_aligned,numbered_aligned
45:29,45:29:10:1,45:29:11:1,45:29:10,45:29:11,2MP,2MP,0,qac_v0.4_aligned,numbered_aligned
45:30,45:30:4:2,45:30:6:2,45:30:4,45:30:6,3MP,3MS,0,qac_v0.4_aligned,numbered_aligned
45:31,45:31:3:1,45:31:5:1,45:31:3,45:31:5,3MP,3FS,0,qac_v0.4_aligned,numbered_aligned
45:31,45:31:5:1,45:31:7:1,45:31:5,45:31:7,3FS,3FS,0,qac_v0.4_aligned,numbered_aligned
45:31,45:31:7:1,45:31:9:2,45:31:7,45:31:9,3FS,2MP,1,qac_v0.4_aligned,numbered_aligned
45:31,45:31:9:2,45:31:10:2,45:31:9,45:31:10,2MP,2MP,0,qac_v0.4_aligned,numbered_aligned
45:32,45:32:2:1,45:32:11:1,45:32:2,45:32:11,3MS,2MP,1,qac_v0.4_aligned,numbered_aligned
45:33,45:33:1:2,45:33:5:1,45:33:1,45:33:5,3MS,3MP,0,qac_v0.4_aligned,numbered_aligned
45:33,45:33:5:1,45:33:6:2,45:33:5,45:33:6,3MP,3MS,0,qac_v0.4_aligned,numbered_aligned
45:33,45:33:6:2,45:33:9:1,45:33:6,45:33:9,3MS,3MP,0,qac_v0.4_aligned,numbered_aligned
45:35,45:35:3:1,45:35:7:2,45:35:3,45:35:7,2MP,3FS,1,qac_v0.4_aligned,numbered_aligned
45:35,45:35:7:2,45:35:12:1,45:35:7,45:35:12,3FS,3MP,0,qac_v0.4_aligned,numbered_aligned
45:35,45:35:12:1,45:35:16:1,45:35:12,45:35:16,3MP,3MP,0,qac_v0.4_aligned,numbered_aligned
46:3,46:3:2:1,46:3:12:1,46:3:2,46:3:12,1P,3MP,1,qac_v0.4_aligned,numbered_aligned
46:3,46:3:12:1,46:3:14:1,46:3:12,46:3:14,3MP,3MP,0,qac_v0.4_aligned,numbered_aligned
46:6,46:6:2:1,46:6:4:1,46:6:2,46:6:4,3MS,3MP,0,qac_v0.4_aligned,numbered_aligned
46:6,46:6:4:1,46:6:7:2,46:6:4,46:6:7,3MP,3MP,0,qac_v0.4_aligned,numbered_aligned
46:7,46:7:2:1,46:7:6:1,46:7:2,46:7:6,3FS,3MS,0,qac_v0.4_aligned,numbered_aligned
46:7,46:7:6:1,46:7:8:1,46:7:6,46:7:8,3MS,3MP,0,qac_v0.4_aligned,numbered_aligned
46:7,46:7:8:1,46:7:11:1,46:7:8,46:7:11,3MP,3MS,0,qac_v0.4_aligned,numbered_aligned
46:8,46:8:4:1,46:8:6:1,46:8:4,46:8:6,2MS,1S,1,qac_v0.4_aligned,numbered_aligned
46:8,46:8:6:1,46:8:8:1,46:8:6,46:8:8,1S,2MP,1,qac_v0.4_aligned,numbered_aligned
46:8,46:8:8:1,46:8:16:1,46:8:8,46:8:16,2MP,2MP,0,qac_v0.4_aligned,numbered_aligned
46:8,46:8:16:1,46:8:18:1,46:8:16,46:8:18,2MP,3MS,1,qac_v0.4_aligned,numbered_aligned
46:9,46:9:1:1,46:9:3:1,46:9:1,46:9:3,2MS,1S,1,qac_v0.4_aligned,numbered_aligned
46:9,46:9:10:1,46:9:15:1,46:9:10,46:9:15,3MS,1S,1,qac_v0.4_aligned,numbered_aligned
46:9,46:9:15:1,46:9:18:1,46:9:15,46:9:18,1S,3MS,1,qac_v0.4_aligned,numbered_aligned
46:10,46:10:4:1,46:10:8:2,46:10:4,46:10:8,3MS,2MP,1,qac_v0.4_aligned,numbered_aligned
46:10,46:10:8:2,46:10:10:2,46:10:8,46:10:10,2MP,3MS,1,qac_v0.4_aligned,numbered_aligned
46:11,46:11:1:2,46:11:3:1,46:11:1,46:11:3,3MS,3MP,0,qac_v0.4_aligned,numbered_aligned
46:11,46:11:7:1,46:11:10:1,46:11:7,46:11:10,3MS,3MP,0,qac_v0.4_aligned,numbered_aligned
46:11,46:11:10:1,46:11:14:1,46:11:10,46:11:14,3MP,3MP,0,qac_v0.4_aligned,numbered_aligned
46:11,46:11:14:1,46:11:16:3,46:11:14,46:11:16,3MP,3MP,0,qac_v0.4_aligned,numbered_aligned
46:12,46:12:12:2,46:12:14:1,46:12:12,46:12:14,3MS,3MP,0,qac_v0.4_aligned,numbered_aligned
46:13,46:13:3:1,46:13:7:1,46:13:3,46:13:7,3MP,3MP,0,qac_v0.4_aligned,numbered_aligned
46:13,46:13:7:1,46:13:13:1,46:13:7,46:13:13,3MP,3MP,0,qac_v0.4_aligned,numbered_aligned
46:14,46:14:8:1,46:14:9:1,46:14:8,46:14:9,3MP,3MP,0,qac_v0.4_aligned,numbered_aligned
46:15,46:15:1:2,46:15:5:1,46:15:1,46:15:5,1P,3FS,1,qac_v0.4_aligned,numbered_aligned
46:15,46:15:5:1,46:15:8:2,46:15:5,46:15:8,3FS,3FS,0,qac_v0.4_aligned,numbered_aligned
46:15,46:15:8:2,46:15:16:1,46:15:8,46:15:16,3FS,3MS,0,qac_v0.4_aligned,numbered_aligned
46:15,46:15:16:1,46:15:18:2,46:15:16,46:15:18,3MS,3MS,0,qac_v0.4_aligned,numbered_aligned
46:15,46:15:18:2,46:15:21:1,46:15:18,46:15:21,3MS,3MS,0,qac_v0.4_aligned,numbered_aligned
46:15,46:15:25:1,46:15:28:1,46:15:25,46:15:28,1S,2MS,1,qac_v0.4_aligned,numbered_aligned
46:15,46:15:28:1,46:15:33:1,46:15:28,46:15:33,2MS,1S,1,qac_v0.4_aligned,numbered_aligned
46:15,46:15:36:2,46:15:41:1,46:15:36,46:15:41,2MS,1S,1,qac_v0.4_aligned,numbered_aligned
46:16,46:16:3:1,46:16:7:1,46:16:3,46:16:7,1P,3MP,1,qac_v0.4_aligned,numbered_aligned
46:16,46:16:7:1,46:16:8:2,46:16:7,46:16:8,3MP,1P,1,qac_v0.4_aligned,numbered_aligned
46:16,46:16:8:2,46:16:17:1,46:16:8,46:16:17,1P,3MP,1,qac_v0.4_aligned,numbered_aligned
46:16,46:16:17:1,46:16:18:1,46:16:17,46:16:18,3MP,3MP,0,qac_v0.4_aligned,numbered_aligned
46:17,46:17:8:1,46:17:10:1,46:17:8,46:17:10,1S,3FS,1,qac_v0.4_aligned,numbered_aligned
46:17,46:17:10:1,46:17:15:1,46:17:10,46:17:15,3FS,3MD,0,qac_v0.4_aligned,numbered_aligned
46:18,46:18:3:1,46:18:9:1,46:18:3,46:18:9,3MS,3FS,0,qac_v0.4_aligned,numbered_aligned
46:18,46:18:9:1,46:18:16:1,46:18:9,46:18:16,3FS,3MP,0,qac_v0.4_aligned,numbered_aligned
46:19,46:19:4:1,46:19:5:3,46:19:4,46:19:5,3MP,3MS,0,qac_v0.4_aligned,numbered_aligned
46:19,46:19:5:3,46:19:9:1,46:19:5,46:19:9,3MS,3MP,0,qac_v0.4_aligned,numbered_aligned
46:20,46:20:2:1,46:20:4:1,46:20:2,46:20:4,3MS,3MP,0,qac_v0.4_aligned,numbered_aligned
46:20,46:20:4:1,46:20:7:1,46:20:4,46:20:7,3MP,2MP,1,qac_v0.4_aligned,numbered_aligned
46:20,46:20:7:1,46:20:12:2,46:20:7,46:20:12,2MP,2MP,0,qac_v0.4_aligned,numbered_aligned
46:20,46:20:12:2,46:20:15:1,46:20:12,46:20:15,2MP,2MP,0,qac_v0.4_aligned,numbered_aligned
46:20,46:20:15:1,46:20:19:1,46:20:15,46:20:19,2MP,2MP,0,qac_v0.4_aligned,numbered_aligned
46:20,46:20:19:1,46:20:20:1,46:20:19,46:20:20,2MP,2MP,0,qac_v0.4_aligned,numbered_aligned
46:20,46:20:20:1,46:20:26:1,46:20:20,46:20:26,2MP,2MP,0,qac_v0.4_aligned,numbered_aligned
46:20,46:20:26:1,46:20:27:1,46:20:26,46:20:27,2MP,2MP,0,qac_v0.4_aligned,numbered_aligned
46:21,46:21:1:2,46:21:5:1,46:21:1,46:21:5,2MS,3MS,1,qac_v0.4_aligned,numbered_aligned
46:21,46:21:5:1,46:21:9:1,46:21:5,46:21:9,3MS,3FS,0,qac_v0.4_aligned,numbered_aligned
46:21,46:21:9:1,46:21:17:1,46:21:9,46:21:17,3FS,2MP,1,qac_v0.4_aligned,numbered_aligned
46:21,46:21:17:1,46:21:21:1,46:21:17,46:21:21,2MP,1S,1,qac_v0.4_aligned,numbered_aligned
46:22,46:22:1:1,46:22:2:2,46:22:1,46:22:2,3MP,2MS,1,qac_v0.4_aligned,numbered_aligned
46:22,46:22:2:2,46:22:3:2,46:22:2,46:22:3,2MS,2MS,0,qac_v0.4_aligned,numbered_aligned
46:22,46:22:3:2,46:22:6:2,46:22:3,46:22:6,2MS,2MS,0,qac_v0.4_aligned,numbered_aligned
46:22,46:22:6:2,46:22:8:1,46:22:6,46:22:8,2MS,2MS,0,qac_v0.4_aligned,numbered_aligned
46:22,46:22:8:1,46:22:10:1,46:22:8,46:22:10,2MS,2MS,0,qac_v0.4_aligned,numbered_aligned
46:23,46:23:1:1,46:23:6:2,46:23:1,46:23:6,3MS,1S,1,qac_v0.4_aligned,numbered_aligned
46:23,46:23:6:2,46:23:8:1,46:23:6,46:23:8,1S,1S,0,qac_v0.4_aligned,numbered_aligned
46:24,46:24:2:1,46:24:6:1,46:24:2,46:24:6,3MP,3MP,0,qac_v0.4_aligned,numbered_aligned
46:24,46:24:6:1,46:24:13:1,46:24:6,46:24:13,3MP,2MP,1,qac_v0.4_aligned,numbered_aligned
46:25,46:25:1:1,46:25:6:2,46:25:1,46:25:6,3FS,3MP,0,qac_v0.4_aligned,numbered_aligned
46:25,46:25:6:2,46:25:8:1,46:25:6,46:25:8,3MP,3MS,0,qac_v0.4_aligned,numbered_aligned
46:26,46:26:2:1,46:26:5:1,46:26:2,46:26:5,1P,1P,0,qac_v0.4_aligned,numbered_aligned
46:26,46:26:5:1,46:26:7:2,46:26:5,46:26:7,1P,1P,0,qac_v0.4_aligned,numbered_aligned
46:26,46:26:7:2,46:26:13:1,46:26:7,46:26:13,1P,3MS,1,qac_v0.4_aligned,numbered_aligned
46:26,46:26:13:1,46:26:23:1,46:26:13,46:26:23,3MS,3MP,0,qac_v0.4_aligned,numbered_aligned
46:26,46:26:23:1,46:26:24:1,46:26:23,46:26:24,3MP,3MP,0,qac_v0.4_aligned,numbered_aligned
46:26,46:26:24:1,46:26:27:2,46:26:24,46:26:27,3MP,3MS,0,qac_v0.4_aligned,numbered_aligned
46:26,46:26:27:2,46:26:30:1,46:26:27,46:26:30,3MS,3MP,0,qac_v0.4_aligned,numbered_aligned
46:27,46:27:2:1,46:27:7:2,46:27:2,46:27:7,1P,1P,0,qac_v0.4_aligned,numbered_aligned
46:27,46:27:7:2,46:27:10:1,46:27:7,46:27:10,1P,3MP,1,qac_v0.4_aligned,numbered_aligned
46:28,46:28:2:1,46:28:4:1,46:28:2,46:28:4,3MS,3MP,0,qac_v0.4_aligned,numbered_aligned
46:28,46:28:4:1,46:28:11:1,46:28:4,46:28:11,3MP,3MP,0,qac_v0.4_aligned,numbered_aligned
46:28,46:28:11:1,46:28:16:1,46:28:11,46:28:16,3MP,3MP,0,qac_v0.4_aligned,numbered_aligned
46:28,46:28:16:1,46:28:17:1,46:28:16,46:28:17,3MP,3MP,0,qac_v0.4_aligned,numbered_aligned
46:29,46:29:2:1,46:29:7:1,46:29:2,46:29:7,1P,3MP,1,qac_v0.4_aligned,numbered_aligned
46:29,46:29:7:1,46:29:10:1,46:29:7,46:29:10,3MP,3MP,0,qac_v0.4_aligned,numbered_aligned
46:29,46:29:10:1,46:29:11:1,46:29:10,46:29:11,3MP,3MP,0,qac_v0.4_aligned,numbered_aligned
46:29,46:29:11:1,46:29:12:1,46:29:11,46:29:12,3MP,2MP,1,qac_v0.4_aligned,numbered_aligned
46:30,46:30:1:1,46:30:4:1,46:30:1,46:30:5,3MP,1P,1,qac_v0.4_aligned,numbered_aligned
46:30,46:30:4:1,46:30:6:1,46:30:5,46:30:7,1P,3MS,1,qac_v0.4_aligned,numbered_aligned
46:31,46:31:7:1,46:31:11:2,46:31:8,46:31:12,3MS,3MS,0,qac_v0.4_aligned,numbered_aligned
46:32,46:32:3:1,46:32:6:2,46:32:3,46:32:6,3MS,3MS,0,qac_v0.4_aligned,numbered_aligned
46:32,46:32:6:2,46:32:10:2,46:32:6,46:32:10,3MS,3MS,0,qac_v0.4_aligned,numbered_aligned
46:33,46:33:2:1,46:33:6:1,46:33:2,46:33:6,3MP,3MS,0,qac_v0.4_aligned,numbered_aligned
46:34,46:34:2:1,46:34:4:1,46:34:2,46:34:4,3MS,3MP,0,qac_v0.4_aligned,numbered_aligned
46:34,46:34:4:1,46:34:7:2,46:34:4,46:34:7,3MP,3MS,0,qac_v0.4_aligned,numbered_aligned
46:34,46:34:7:2,46:34:10:1,46:34:7,46:34:10,3MS,3MP,0,qac_v0.4_aligned,numbered_aligned
46:34,46:34:10:1,46:34:13:1,46:34:10,46:34:13,3MP,3MS,0,qac_v0.4_aligned,numbered_aligned
46:34,46:34:13:1,46:34:14:2,46:34:13,46:34:14,3MS,2MP,1,qac_v0.4_aligned,numbered_aligned
46:34,46:34:14:2,46:34:17:1,46:34:14,46:34:17,2MP,2MP,0,qac_v0.4_aligned,numbered_aligned
46:34,46:34:17:1,46:34:18:1,46:34:17,46:34:18,2MP,2MP,0,qac_v0.4_aligned,numbered_aligned
46:35,46:35:1:2,46:35:3:1,46:35:1,46:35:3,2MS,3MS,1,qac_v0.4_aligned,numbered_aligned
46:35,46:35:3:1,46:35:9:1,46:35:3,46:35:9,3MS,2MS,1,qac_v0.4_aligned,numbered_aligned
46:35,46:35:9:1,46:35:13:1,46:35:9,46:35:13,2MS,3MP,1,qac_v0.4_aligned,numbered_aligned
46:35,46:35:13:1,46:35:15:1,46:35:13,46:35:15,3MP,3MP,0,qac_v0.4_aligned,numbered_aligned
46:35,46:35:15:1,46:35:17:1,46:35:15,46:35:17,3MP,3MP,0,qac_v0.4_aligned,numbered_aligned
46:35,46:35:17:1,46:35:24:1,46:35:17,46:35:24,3MP,3MS,0,qac_v0.4_aligned,numbered_aligned
47:1,47:1:2:1,47:1:3:2,47:1:6,47:1:7,3MP,3MP,0,qac_v0.4_aligned,numbered_aligned
47:1,47:1:3:2,47:1:7:1,47:1:7,47:1:11,3MP,3MS,0,qac_v0.4_aligned,numbered_aligned
47:2,47:2:7:1,47:2:14:1,47:2:7,47:2:14,3MS,3MS,0,qac_v0.4_aligned,numbered_aligned
47:2,47:2:14:1,47:2:17:2,47:2:14,47:2:17,3MS,3MS,0,qac_v0.4_aligned,numbered_aligned
47:3,47:3:4:1,47:3:5:1,47:3:4,47:3:5,3MP,3MP,0,qac_v0.4_aligned,numbered_aligned
47:3,47:3:10:1,47:3:15:1,47:3:10,47:3:15,3MP,3MS,0,qac_v0.4_aligned,numbered_aligned
47:4,47:4:2:1,47:4:4:1,47:4:2,47:4:4,2MP,3MP,1,qac_v0.4_aligned,numbered_aligned
47:4,47:4:4:1,47:4:9:1,47:4:4,47:4:9,3MP,2MP,1,qac_v0.4_aligned,numbered_aligned
47:4,47:4:9:1,47:4:10:2,47:4:9,47:4:10,2MP,2MP,0,qac_v0.4_aligned,numbered_aligned
47:4,47:4:10:2,47:4:18:1,47:4:10,47:4:18,2MP,3FS,1,qac_v0.4_aligned,numbered_aligned
47:4,47:4:18:1,47:4:23:1,47:4:18,47:4:23,3FS,3MS,0,qac_v0.4_aligned,numbered_aligned
47:4,47:4:23:1,47:4:25:2,47:4:23,47:4:25,3MS,3MS,0,qac_v0.4_aligned,numbered_aligned
47:4,47:4:32:1,47:4:37:1,47:4:32,47:4:37,3MP,3MS,0,qac_v0.4_aligned,numbered_aligned
47:5,47:5:1:2,47:5:2:2,47:5:1,47:5:2,3MS,3MS,0,qac_v0.4_aligned,numbered_aligned
47:6,47:6:1:2,47:6:3:1,47:6:1,47:6:3,3MS,3MS,0,qac_v0.4_aligned,numbered_aligned
47:7,47:7:5:1,47:7:7:1,47:7:6,47:7:8,2MP,3MS,1,qac_v0.4_aligned,numbered_aligned
47:7,47:7:7:1,47:7:8:2,47:7:8,47:7:9,3MS,3MS,0,qac_v0.4_aligned,numbered_aligned
47:8,47:8:2:1,47:8:5:2,47:8:2,47:8:5,3MP,3MS,0,qac_v0.4_aligned,numbered_aligned
47:9,47:9:3:1,47:9:5:1,47:9:3,47:9:5,3MP,3MS,0,qac_v0.4_aligned,numbered_aligned
47:9,47:9:5:1,47:9:7:2,47:9:5,47:9:7,3MS,3MS,0,qac_v0.4_aligned,numbered_aligned
47:10,47:10:2:1,47:10:5:2,47:10:2,47:10:5,3MP,3MP,0,qac_v0.4_aligned,numbered_aligned
47:10,47:10:5:2,47:10:7:1,47:10:5,47:10:7,3MP,3MS,0,qac_v0.4_aligned,numbered_aligned
47:10,47:10:7:1,47:10:12:1,47:10:7,47:10:12,3MS,3MS,0,qac_v0.4_aligned,numbered_aligned
47:12,47:12:14:1,47:12:15:1,47:12:14,47:12:15,3MP,3MP,0,qac_v0.4_aligned,numbered_aligned
47:12,47:12:15:1,47:12:16:2,47:12:15,47:12:16,3MP,3MP,0,qac_v0.4_aligned,numbered_aligned
47:12,47:12:16:2,47:12:18:1,47:12:16,47:12:18,3MP,3FS,0,qac_v0.4_aligned,numbered_aligned
47:13,47:13:10:1,47:13:11:1,47:13:10,47:13:11,3FS,1P,1,qac_v0.4_aligned,numbered_aligned
47:14,47:14:2:1,47:14:8:1,47:14:2,47:14:8,3MS,3MS,0,qac_v0.4_aligned,numbered_aligned
47:14,47:14:8:1,47:14:12:2,47:14:8,47:14:12,3MS,3MP,0,qac_v0.4_aligned,numbered_aligned
47:15,47:15:4:1,47:15:16:1,47:15:4,47:15:16,3MS,3MS,0,qac_v0.4_aligned,numbered_aligned
47:15,47:15:16:1,47:15:40:2,47:15:16,47:15:40,3MS,3MP,0,qac_v0.4_aligned,numbered_aligned
47:15,47:15:40:2,47:15:43:2,47:15:40,47:15:43,3MP,3MS,0,qac_v0.4_aligned,numbered_aligned
47:16,47:16:3:1,47:16:7:1,47:16:3,47:16:7,3MS,3MP,0,qac_v0.4_aligned,numbered_aligned
47:16,47:16:7:1,47:16:10:1,47:16:7,47:16:10,3MP,3MP,0,qac_v0.4_aligned,numbered_aligned
47:16,47:16:10:1,47:16:12:1,47:16:10,47:16:12,3MP,3MP,0,qac_v0.4_aligned,numbered_aligned
47:16,47:16:12:1,47:16:15:1,47:16:12,47:16:15,3MP,3MS,0,qac_v0.4_aligned,numbered_aligned
47:16,47:16:15:1,47:16:19:1,47:16:15,47:16:19,3MS,3MS,0,qac_v0.4_aligned,numbered_aligned
47:16,47:16:19:1,47:16:23:2,47:16:19,47:16:23,3MS,3MP,0,qac_v0.4_aligned,numbered_aligned
47:17,47:17:2:1,47:17:3:1,47:17:2,47:17:3,3MP,3MS,0,qac_v0.4_aligned,numbered_aligned
47:18,47:18:2:1,47:18:6:1,47:18:2,47:18:6,3MP,3FS,0,qac_v0.4_aligned,numbered_aligned
47:18,47:18:6:1,47:18:9:1,47:18:6,47:18:9,3FS,3MS,0,qac_v0.4_aligned,numbered_aligned
47:18,47:18:9:1,47:18:14:1,47:18:9,47:18:14,3MS,3FS,0,qac_v0.4_aligned,numbered_aligned
47:19,47:19:1:2,47:19:7:2,47:19:1,47:19:7,2MS,2MS,0,qac_v0.4_aligned,numbered_aligned
47:19,47:19:7:2,47:19:12:1,47:19:7,47:19:12,2MS,3MS,1,qac_v0.4_aligned,numbered_aligned
47:20,47:20:5:1,47:20:8:1,47:20:5,47:20:8,3FS,3FS,0,qac_v0.4_aligned,numbered_aligned
47:20,47:20:8:1,47:20:11:2,47:20:8,47:20:11,3FS,3MS,0,qac_v0.4_aligned,numbered_aligned
47:20,47:20:11:2,47:20:14:1,47:20:11,47:20:14,3MS,2MS,1,qac_v0.4_aligned,numbered_aligned
47:20,47:20:14:1,47:20:19:1,47:20:14,47:20:19,2MS,3MP,1,qac_v0.4_aligned,numbered_aligned
47:21,47:21:5:1,47:21:8:1,47:21:5,47:21:8,3MS,3MP,0,qac_v0.4_aligned,numbered_aligned
47:21,47:21:8:1,47:21:10:2,47:21:8,47:21:10,3MP,3MS,0,qac_v0.4_aligned,numbered_aligned
47:22,47:22:2:1,47:22:4:1,47:22:2,47:22:4,2MP,2MP,0,qac_v0.4_aligned,numbered_aligned
47:22,47:22:4:1,47:22:6:1,47:22:4,47:22:6,2MP,2MP,0,qac_v0.4_aligned,numbered_aligned
47:22,47:22:6:1,47:22:9:2,47:22:6,47:22:9,2MP,2MP,0,qac_v0.4_aligned,numbered_aligned
47:23,47:23:3:1,47:23:5:2,47:23:3,47:23:5,3MS,3MS,0,qac_v0.4_aligned,numbered_aligned
47:23,47:23:5:2,47:23:6:2,47:23:5,47:23:6,3MS,3MS,0,qac_v0.4_aligned,numbered_aligned
47:25,47:25:3:1,47:25:9:1,47:25:3,47:25:9,3MP,3MS,0,qac_v0.4_aligned,numbered_aligned
47:25,47:25:9:1,47:25:13:1,47:25:9,47:25:13,3MS,3MS,0,qac_v0.4_aligned,numbered_aligned
47:25,47:25:13:1,47:25:15:2,47:25:13,47:25:15,3MS,3MS,0,qac_v0.4_aligned,numbered_aligned
47:26,47:26:3:1,47:26:5:1,47:26:3,47:26:5,3MP,3MP,0,qac_v0.4_aligned,numbered_aligned
47:26,47:26:5:1,47:26:7:1,47:26:5,47:26:7,3MP,3MS,0,qac_v0.4_aligned,numbered_aligned
47:26,47:26:7:1,47:26:9:2,47:26:7,47:26:9,3MS,1P,1,qac_v0.4_aligned,numbered_aligned
47:26,47:26:9:2,47:26:14:1,47:26:9,47:26:14,1P,3MS,1,qac_v0.4_aligned,numbered_aligned
47:27,47:27:3:1,47:27:5:1,47:27:3,47:27:5,3FS,3MP,0,qac_v0.4_aligned,numbered_aligned
47:28,47:28:3:1,47:28:5:1,47:28:3,47:28:5,3MP,3MS,0,qac_v0.4_aligned,numbered_aligned
47:28,47:28:5:1,47:28:7:2,47:28:5,47:28:7,3MS,3MP,0,qac_v0.4_aligned,numbered_aligned
47:28,47:28:7:2,47:28:9:2,47:28:7,47:28:9,3MP,3MS,0,qac_v0.4_aligned,numbered_aligned
47:29,47:29:2:1,47:29:9:1,47:29:2,47:29:9,3MS,3MS,0,qac_v0.4_aligned,numbered_aligned
47:30,47:30:2:1,47:30:3:2,47:30:2,47:30:3,1P,1P,0,qac_v0.4_aligned,numbered_aligned
47:30,47:30:3:2,47:30:4:3,47:30:3,47:30:4,1P,2MS,1,qac_v0.4_aligned,numbered_aligned
47:30,47:30:4:3,47:30:6:3,47:30:4,47:30:6,2MS,2MS,0,qac_v0.4_aligned,numbered_aligned
47:30,47:30:6:3,47:30:11:1,47:30:6,47:30:11,2MS,3MS,1,qac_v0.4_aligned,numbered_aligned
47:31,47:31:1:3,47:31:3:1,47:31:1,47:31:3,1P,1P,0,qac_v0.4_aligned,numbered_aligned
47:32,47:32:3:1,47:32:4:2,47:32:3,47:32:4,3MP,3MP,0,qac_v0.4_aligned,numbered_aligned
47:32,47:32:4:2,47:32:8:2,47:32:4,47:32:8,3MP,3MP,0,qac_v0.4_aligned,numbered_aligned
47:32,47:32:8:2,47:32:13:1,47:32:8,47:32:13,3MP,3MS,0,qac_v0.4_aligned,numbered_aligned
47:32,47:32:13:1,47:32:17:1,47:32:13,47:32:17,3MS,3MP,0,qac_v0.4_aligned,numbered_aligned
47:32,47:32:17:1,47:32:20:3,47:32:17,47:32:20,3MP,3MS,0,qac_v0.4_aligned,numbered_aligned
47:33,47:33:4:1,47:33:6:2,47:33:5,47:33:7,2MP,2MP,0,qac_v0.4_aligned,numbered_aligned
47:33,47:33:6:2,47:33:9:1,47:33:7,47:33:10,2MP,2MP,0,qac_v0.4_aligned,numbered_aligned
47:34,47:34:3:1,47:34:4:2,47:34:3,47:34:4,3MP,3MP,0,qac_v0.4_aligned,numbered_aligned
47:34,47:34:4:2,47:34:9:1,47:34:4,47:34:9,3MP,3MP,0,qac_v0.4_aligned,numbered_aligned
47:34,47:34:9:1,47:34:13:1,47:34:9,47:34:13,3MP,3MS,0,qac_v0.4_aligned,numbered_aligned
47:35,47:35:2:1,47:35:3:2,47:35:2,47:35:3,2MP,2MP,0,qac_v0.4_aligned,numbered_aligned
47:35,47:35:3:2,47:35:11:1,47:35:3,47:35:11,2MP,3MS,1,qac_v0.4_aligned,numbered_aligned
47:36,47:36:7:1,47:36:8:2,47:36:7,47:36:8,2MP,2MP,0,qac_v0.4_aligned,numbered_aligned
47:36,47:36:8:2,47:36:9:1,47:36:8,47:36:9,2MP,3MS,1,qac_v0.4_aligned,numbered_aligned
47:37,47:37:3:2,47:37:4:1,47:37:3,47:37:4,3MS,2MP,1,qac_v0.4_aligned,numbered_aligned
47:37,47:37:4:1,47:37:5:2,47:37:4,47:37:5,2MP,3MS,1,qac_v0.4_aligned,numbered_aligned
47:38,47:38:3:1,47:38:4:2,47:38:4,47:38:5,2MP,2MP,0,qac_v0.4_aligned,numbered_aligned
47:38,47:38:4:2,47:38:10:1,47:38:5,47:38:11,2MP,3MS,1,qac_v0.4_aligned,numbered_aligned
47:38,47:38:10:1,47:38:12:1,47:38:11,47:38:13,3MS,3MS,0,qac_v0.4_aligned,numbered_aligned
47:38,47:38:12:1,47:38:14:1,47:38:13,47:38:15,3MS,3MS,0,qac_v0.4_aligned,numbered_aligned
47:38,47:38:14:1,47:38:22:1,47:38:15,47:38:23,3MS,2MP,1,qac_v0.4_aligned,numbered_aligned
47:38,47:38:22:1,47:38:23:1,47:38:23,47:38:24,2MP,3MS,1,qac_v0.4_aligned,numbered_aligned
47:38,47:38:23:1,47:38:28:1,47:38:24,47:38:29,3MS,3MP,0,qac_v0.4_aligned,numbered_aligned
48:2,48:2:1:2,48:2:5:1,48:2:1,48:2:5,3MS,3MS,0,qac_v0.4_aligned,numbered_aligned
48:2,48:2:5:1,48:2:9:1,48:2:5,48:2:9,3MS,3MS,0,qac_v0.4_aligned,numbered_aligned
48:2,48:2:9:1,48:2:10:2,48:2:9,48:2:10,3MS,3MS,0,qac_v0.4_aligned,numbered_aligned
48:2,48:2:10:2,48:2:13:2,48:2:10,48:2:13,3MS,3MS,0,qac_v0.4_aligned,numbered_aligned
48:4,48:4:3:1,48:4:8:2,48:4:3,48:4:8,3MS,3MP,0,qac_v0.4_aligned,numbered_aligned
48:4,48:4:8:2,48:4:16:2,48:4:8,48:4:16,3MP,3MS,0,qac_v0.4_aligned,numbered_aligned
48:5,48:5:11:2,48:5:14:2,48:5:11,48:5:14,3MS,3MS,0,qac_v0.4_aligned,numbered_aligned
48:6,48:6:1:2,48:6:13:2,48:6:1,48:6:13,3MS,3MS,0,qac_v0.4_aligned,numbered_aligned
48:6,48:6:13:2,48:6:16:2,48:6:13,48:6:16,3MS,3MS,0,qac_v0.4_aligned,numbered_aligned
48:6,48:6:16:2,48:6:17:2,48:6:16,48:6:17,3MS,3MS,0,qac_v0.4_aligned,numbered_aligned
48:6,48:6:17:2,48:6:20:2,48:6:17,48:6:20,3MS,3FS,0,qac_v0.4_aligned,numbered_aligned
48:9,48:9:1:2,48:9:4:2,48:9:1,48:9:4,2MP,2MP,0,qac_v0.4_aligned,numbered_aligned
48:9,48:9:4:2,48:9:5:2,48:9:4,48:9:5,2MP,2MP,0,qac_v0.4_aligned,numbered_aligned
48:9,48:9:5:2,48:9:6:2,48:9:5,48:9:6,2MP,2MP,0,qac_v0.4_aligned,numbered_aligned
48:10,48:10:3:1,48:10:5:1,48:10:3,48:10:5,3MP,3MP,0,qac_v0.4_aligned,numbered_aligned
48:10,48:10:5:1,48:10:12:1,48:10:5,48:10:12,3MP,3MS,0,qac_v0.4_aligned,numbered_aligned
48:10,48:10:12:1,48:10:14:1,48:10:12,48:10:14,3MS,3MS,0,qac_v0.4_aligned,numbered_aligned
48:10,48:10:14:1,48:10:18:1,48:10:14,48:10:18,3MS,3MS,0,qac_v0.4_aligned,numbered_aligned
48:10,48:10:18:1,48:10:20:1,48:10:18,48:10:20,3MS,3MS,0,qac_v0.4_aligned,numbered_aligned
48:10,48:10:20:1,48:10:23:3,48:10:20,48:10:23,3MS,3MS,0,qac_v0.4_aligned,numbered_aligned
48:11,48:11:1:2,48:11:6:1,48:11:1,48:11:6,3MS,3FS,0,qac_v0.4_aligned,numbered_aligned
48:11,48:11:6:1,48:11:9:2,48:11:6,48:11:9,3FS,2MS,1,qac_v0.4_aligned,numbered_aligned
48:11,48:11:9:2,48:11:11:1,48:11:9,48:11:11,2MS,3MP,1,qac_v0.4_aligned,numbered_aligned
48:11,48:11:11:1,48:11:14:1,48:11:11,48:11:14,3MP,3MS,0,qac_v0.4_aligned,numbered_aligned
48:11,48:11:14:1,48:11:17:1,48:11:14,48:11:17,3MS,2MS,1,qac_v0.4_aligned,numbered_aligned
48:11,48:11:17:1,48:11:19:1,48:11:17,48:11:19,2MS,3MS,1,qac_v0.4_aligned,numbered_aligned
48:11,48:11:19:1,48:11:25:1,48:11:19,48:11:25,3MS,3MS,0,qac_v0.4_aligned,numbered_aligned
48:11,48:11:25:1,48:11:29:1,48:11:25,48:11:29,3MS,3MS,0,qac_v0.4_aligned,numbered_aligned
48:11,48:11:29:1,48:11:33:1,48:11:29,48:11:33,3MS,3MS,0,qac_v0.4_aligned,numbered_aligned
48:11,48:11:33:1,48:11:36:1,48:11:33,48:11:36,3MS,2MP,1,qac_v0.4_aligned,numbered_aligned
48:12,48:12:2:1,48:12:5:1,48:12:2,48:12:5,2MP,3MS,1,qac_v0.4_aligned,numbered_aligned
48:12,48:12:5:1,48:12:11:2,48:12:5,48:12:11,3MS,3MS,0,qac_v0.4_aligned,numbered_aligned
48:12,48:12:11:2,48:12:15:2,48:12:11,48:12:15,3MS,2MP,1,qac_v0.4_aligned,numbered_aligned
48:12,48:12:15:2,48:12:18:2,48:12:15,48:12:18,2MP,2MP,0,qac_v0.4_aligned,numbered_aligned
48:13,48:13:3:1,48:13:7:1,48:13:3,48:13:7,3MS,1P,1,qac_v0.4_aligned,numbered_aligned
48:14,48:14:5:1,48:14:7:1,48:14:5,48:14:7,3MS,3MS,0,qac_v0.4_aligned,numbered_aligned
48:14,48:14:7:1,48:14:8:2,48:14:7,48:14:8,3MS,3MS,0,qac_v0.4_aligned,numbered_aligned
48:14,48:14:8:2,48:14:10:1,48:14:8,48:14:10,3MS,3MS,0,qac_v0.4_aligned,numbered_aligned
48:14,48:14:10:1,48:14:11:2,48:14:10,48:14:11,3MS,3MS,0,qac_v0.4_aligned,numbered_aligned
48:15,48:15:1:2,48:15:4:1,48:15:1,48:15:4,3MS,2MP,1,qac_v0.4_aligned,numbered_aligned
48:15,48:15:4:1,48:15:7:2,48:15:4,48:15:7,2MP,2MP,0,qac_v0.4_aligned,numbered_aligned
48:15,48:15:7:2,48:15:8:1,48:15:7,48:15:8,2MP,2MP,0,qac_v0.4_aligned,numbered_aligned
48:15,48:15:8:1,48:15:9:1,48:15:8,48:15:9,2MP,1P,1,qac_v0.4_aligned,numbered_aligned
48:15,48:15:9:1,48:15:10:1,48:15:9,48:15:10,1P,3MP,1,qac_v0.4_aligned,numbered_aligned
48:15,48:15:10:1,48:15:12:1,48:15:10,48:15:12,3MP,3MP,0,qac_v0.4_aligned,numbered_aligned
48:15,48:15:12:1,48:15:15:1,48:15:12,48:15:15,3MP,2MS,1,qac_v0.4_aligned,numbered_aligned
48:15,48:15:15:1,48:15:17:1,48:15:15,48:15:17,2MS,2MP,0,qac_v0.4_aligned,numbered_aligned
48:15,48:15:17:1,48:15:19:1,48:15:17,48:15:19,2MP,3MS,1,qac_v0.4_aligned,numbered_aligned
48:15,48:15:19:1,48:15:23:3,48:15:19,48:15:23,3MS,3MP,0,qac_v0.4_aligned,numbered_aligned
48:15,48:15:23:3,48:15:25:1,48:15:23,48:15:25,3MP,2MP,1,qac_v0.4_aligned,numbered_aligned
48:15,48:15:25:1,48:15:27:1,48:15:25,48:15:27,2MP,3MP,1,qac_v0.4_aligned,numbered_aligned
48:15,48:15:27:1,48:15:29:1,48:15:27,48:15:29,3MP,3MP,0,qac_v0.4_aligned,numbered_aligned
48:16,48:16:1:1,48:16:5:2,48:16:1,48:16:5,2MS,2MP,0,qac_v0.4_aligned,numbered_aligned
48:16,48:16:5:2,48:16:11:1,48:16:5,48:16:11,2MP,2MP,0,qac_v0.4_aligned,numbered_aligned
48:16,48:16:11:1,48:16:13:1,48:16:11,48:16:13,2MP,3MP,1,qac_v0.4_aligned,numbered_aligned
48:16,48:16:13:1,48:16:15:1,48:16:13,48:16:15,3MP,2MP,1,qac_v0.4_aligned,numbered_aligned
48:16,48:16:15:1,48:16:16:1,48:16:15,48:16:16,2MP,3MS,1,qac_v0.4_aligned,numbered_aligned
48:16,48:16:16:1,48:16:21:1,48:16:16,48:16:21,3MS,2MP,1,qac_v0.4_aligned,numbered_aligned
48:16,48:16:21:1,48:16:23:1,48:16:21,48:16:23,2MP,2MP,0,qac_v0.4_aligned,numbered_aligned
48:16,48:16:23:1,48:16:26:1,48:16:23,48:16:26,2MP,3MS,1,qac_v0.4_aligned,numbered_aligned
48:17,48:17:1:1,48:17:14:1,48:17:1,48:17:14,3MS,3MS,0,qac_v0.4_aligned,numbered_aligned
48:17,48:17:14:1,48:17:17:1,48:17:14,48:17:17,3MS,3MS,0,qac_v0.4_aligned,numbered_aligned
48:17,48:17:24:1,48:17:25:1,48:17:24,48:17:25,3MS,3MS,0,qac_v0.4_aligned,numbered_aligned
48:18,48:18:7:1,48:18:10:2,48:18:7,48:18:10,3MP,3MS,0,qac_v0.4_aligned,numbered_aligned
48:18,48:18:10:2,48:18:14:2,48:18:10,48:18:14,3MS,3MS,0,qac_v0.4_aligned,numbered_aligned
48:18,48:18:14:2,48:18:17:2,48:18:14,48:18:17,3MS,3MS,0,qac_v0.4_aligned,numbered_aligned
48:19,48:19:3:1,48:19:4:2,48:19:3,48:19:4,3MP,3MS,0,qac_v0.4_aligned,numbered_aligned
48:20,48:20:1:1,48:20:5:1,48:20:1,48:20:5,3MS,2MP,1,qac_v0.4_aligned,numbered_aligned
48:20,48:20:5:1,48:20:6:2,48:20:5,48:20:6,2MP,3MS,1,qac_v0.4_aligned,numbered_aligned
48:20,48:20:6:2,48:20:9:2,48:20:6,48:20:9,3MS,3MS,0,qac_v0.4_aligned,numbered_aligned
48:20,48:20:9:2,48:20:13:3,48:20:9,48:20:13,3MS,3FS,0,qac_v0.4_aligned,numbered_aligned
48:20,48:20:13:3,48:20:16:2,48:20:13,48:20:16,3FS,3MS,0,qac_v0.4_aligned,numbered_aligned
48:21,48:21:3:1,48:21:6:1,48:21:3,48:21:6,2MP,3MS,1,qac_v0.4_aligned,numbered_aligned
48:21,48:21:6:1,48:21:9:2,48:21:6,48:21:9,3MS,3MS,0,qac_v0.4_aligned,numbered_aligned
48:22,48:22:2:1,48:22:4:1,48:22:2,48:22:4,3MS,3MP,0,qac_v0.4_aligned,numbered_aligned
48:22,48:22:4:1,48:22:5:2,48:22:4,48:22:5,3MP,3MP,0,qac_v0.4_aligned,numbered_aligned
48:22,48:22:5:2,48:22:9:1,48:22:5,48:22:9,3MP,3MP,0,qac_v0.4_aligned,numbered_aligned
48:23,48:23:5:1,48:23:9:1,48:23:5,48:23:9,3FS,2MS,1,qac_v0.4_aligned,numbered_aligned
48:24,48:24:3:1,48:24:13:1,48:24:3,48:24:13,3MS,3MS,0,qac_v0.4_aligned,numbered_aligned
48:24,48:24:13:1,48:24:15:2,48:24:13,48:24:15,3MS,3MS,0,qac_v0.4_aligned,numbered_aligned
48:24,48:24:15:2,48:24:18:1,48:24:15,48:24:18,3MS,2MP,1,qac_v0.4_aligned,numbered_aligned
48:25,48:25:3:1,48:25:4:2,48:25:3,48:25:4,3MP,3MP,0,qac_v0.4_aligned,numbered_aligned
48:25,48:25:4:2,48:25:11:1,48:25:4,48:25:11,3MP,3MS,0,qac_v0.4_aligned,numbered_aligned
48:25,48:25:11:1,48:25:19:1,48:25:11,48:25:19,3MS,2MP,1,qac_v0.4_aligned,numbered_aligned
48:25,48:25:22:2,48:25:27:2,48:25:22,48:25:27,2MS,3MS,1,qac_v0.4_aligned,numbered_aligned
48:25,48:25:27:2,48:25:32:1,48:25:27,48:25:32,3MS,3MS,0,qac_v0.4_aligned,numbered_aligned
48:25,48:25:32:1,48:25:34:1,48:25:32,48:25:34,3MS,2MP,1,qac_v0.4_aligned,numbered_aligned
48:25,48:25:34:1,48:25:35:2,48:25:34,48:25:35,2MP,1P,1,qac_v0.4_aligned,numbered_aligned
48:25,48:25:35:2,48:25:37:1,48:25:35,48:25:37,1P,3MP,1,qac_v0.4_aligned,numbered_aligned
48:26,48:26:2:1,48:26:4:1,48:26:2,48:26:4,3MS,3MP,0,qac_v0.4_aligned,numbered_aligned
48:26,48:26:4:1,48:26:10:2,48:26:4,48:26:10,3MP,3MS,0,qac_v0.4_aligned,numbered_aligned
48:26,48:26:10:2,48:26:17:2,48:26:10,48:26:17,3MS,3MS,0,qac_v0.4_aligned,numbered_aligned
48:26,48:26:17:2,48:26:20:2,48:26:17,48:26:20,3MS,3MP,0,qac_v0.4_aligned,numbered_aligned
48:26,48:26:20:2,48:26:24:2,48:26:20,48:26:24,3MP,3MS,0,qac_v0.4_aligned,numbered_aligned
48:27,48:27:2:1,48:27:7:2,48:27:2,48:27:7,3MS,2MP,1,qac_v0.4_aligned,numbered_aligned
48:27,48:27:7:2,48:27:11:1,48:27:7,48:27:11,2MP,3MS,1,qac_v0.4_aligned,numbered_aligned
48:27,48:27:11:1,48:27:18:1,48:27:11,48:27:18,3MS,2MP,1,qac_v0.4_aligned,numbered_aligned
48:27,48:27:18:1,48:27:19:2,48:27:18,48:27:19,2MP,3MS,1,qac_v0.4_aligned,numbered_aligned
48:27,48:27:19:2,48:27:22:1,48:27:19,48:27:22,3MS,2MP,1,qac_v0.4_aligned,numbered_aligned
48:27,48:27:22:1,48:27:23:2,48:27:22,48:27:23,2MP,3MS,1,qac_v0.4_aligned,numbered_aligned
48:28,48:28:3:1,48:28:8:2,48:28:3,48:28:8,3MS,3MS,0,qac_v0.4_aligned,numbered_aligned
48:28,48:28:8:2,48:28:12:2,48:28:8,48:28:12,3MS,3MS,0,qac_v0.4_aligned,numbered_aligned
48:29,48:29:14:1,48:29:33:1,48:29:14,48:29:33,3MP,3MS,0,qac_v0.4_aligned,numbered_aligned
48:29,48:29:36:2,48:29:37:2,48:29:36,48:29:37,3MS,3MS,0,qac_v0.4_aligned,numbered_aligned
48:29,48:29:37:2,48:29:40:1,48:29:37,48:29:40,3MS,3MS,0,qac_v0.4_aligned,numbered_aligned
48:29,48:29:40:1,48:29:42:2,48:29:40,48:29:42,3MS,3MS,0,qac_v0.4_aligned,numbered_aligned
48:29,48:29:42:2,48:29:45:1,48:29:42,48:29:45,3MS,3MS,0,qac_v0.4_aligned,numbered_aligned
49:1,49:1:5:1,49:1:10:2,49:1:10,49:1:15,2MP,2MP,0,qac_v0.4_aligned,numbered_aligned
49:2,49:2:5:1,49:2:11:1,49:2:6,49:2:12,2MP,2MP,0,qac_v0.4_aligned,numbered_aligned
49:2,49:2:11:1,49:2:18:1,49:2:12,49:2:19,2MP,3FS,1,qac_v0.4_aligned,numbered_aligned
49:2,49:2:18:1,49:2:22:1,49:2:19,49:2:23,3FS,2MP,1,qac_v0.4_aligned,numbered_aligned
49:3,49:3:3:1,49:3:10:1,49:3:3,49:3:10,3MP,3MS,0,qac_v0.4_aligned,numbered_aligned
49:4,49:4:3:1,49:4:9:1,49:4:3,49:4:9,3MP,3MP,0,qac_v0.4_aligned,numbered_aligned
49:5,49:5:3:1,49:5:5:1,49:5:3,49:5:5,3MP,2MS,1,qac_v0.4_aligned,numbered_aligned
49:5,49:5:5:1,49:5:7:2,49:5:5,49:5:7,2MS,3MS,1,qac_v0.4_aligned,numbered_aligned
49:6,49:6:5:1,49:6:8:2,49:6:6,49:6:9,3MS,2MP,1,qac_v0.4_aligned,numbered_aligned
49:6,49:6:8:2,49:6:10:1,49:6:9,49:6:11,2MP,2MP,0,qac_v0.4_aligned,numbered_aligned
49:6,49:6:10:1,49:6:13:2,49:6:11,49:6:14,2MP,2MP,0,qac_v0.4_aligned,numbered_aligned
49:6,49:6:13:2,49:6:16:1,49:6:14,49:6:17,2MP,2MP,0,qac_v0.4_aligned,numbered_aligned
49:7,49:7:1:2,49:7:7:1,49:7:1,49:7:7,2MP,3MS,1,qac_v0.4_aligned,numbered_aligned
49:7,49:7:7:1,49:7:12:2,49:7:7,49:7:12,3MS,2MP,1,qac_v0.4_aligned,numbered_aligned
49:7,49:7:12:2,49:7:15:1,49:7:12,49:7:15,2MP,3MS,1,qac_v0.4_aligned,numbered_aligned
49:7,49:7:15:1,49:7:18:2,49:7:15,49:7:18,3MS,3MS,0,qac_v0.4_aligned,numbered_aligned
49:7,49:7:18:2,49:7:21:2,49:7:18,49:7:21,3MS,3MS,0,qac_v0.4_aligned,numbered_aligned
49:9,49:9:5:1,49:9:6:2,49:9:5,49:9:6,3MP,2MP,1,qac_v0.4_aligned,numbered_aligned
49:9,49:9:6:2,49:9:9:1,49:9:6,49:9:9,2MP,3FS,1,qac_v0.4_aligned,numbered_aligned
49:9,49:9:9:1,49:9:13:2,49:9:9,49:9:13,3FS,2MP,1,qac_v0.4_aligned,numbered_aligned
49:9,49:9:22:1,49:9:23:2,49:9:22,49:9:23,3FS,2MP,1,qac_v0.4_aligned,numbered_aligned
49:9,49:9:23:2,49:9:26:2,49:9:23,49:9:26,2MP,2MP,0,qac_v0.4_aligned,numbered_aligned
49:9,49:9:26:2,49:9:29:1,49:9:26,49:9:29,2MP,3MS,1,qac_v0.4_aligned,numbered_aligned
49:10,49:10:4:2,49:10:7:2,49:10:4,49:10:7,2MP,2MP,0,qac_v0.4_aligned,numbered_aligned
49:10,49:10:7:2,49:10:10:1,49:10:7,49:10:10,2MP,2MP,0,qac_v0.4_aligned,numbered_aligned
49:11,49:11:5:1,49:11:9:1,49:11:6,49:11:10,3MS,3MS,0,qac_v0.4_aligned,numbered_aligned
49:11,49:11:9:1,49:11:11:1,49:11:10,49:11:12,3MS,3MP,0,qac_v0.4_aligned,numbered_aligned
49:11,49:11:11:1,49:11:18:1,49:11:12,49:11:19,3MP,3MS,0,qac_v0.4_aligned,numbered_aligned
49:11,49:11:18:1,49:11:20:1,49:11:19,49:11:21,3MS,3FP,0,qac_v0.4_aligned,numbered_aligned
49:11,49:11:20:1,49:11:24:1,49:11:21,49:11:25,3FP,2MP,1,qac_v0.4_aligned,numbered_aligned
49:11,49:11:24:1,49:11:27:1,49:11:25,49:11:28,2MP,2MP,0,qac_v0.4_aligned,numbered_aligned
49:11,49:11:27:1,49:11:29:1,49:11:28,49:11:30,2MP,3MS,1,qac_v0.4_aligned,numbered_aligned
49:11,49:11:29:1,49:11:36:1,49:11:30,49:11:37,3MS,3MS,0,qac_v0.4_aligned,numbered_aligned
49:12,49:12:4:1,49:12:13:1,49:12:5,49:12:14,2MP,2MP,0,qac_v0.4_aligned,numbered_aligned
49:12,49:12:13:1,49:12:15:1,49:12:14,49:12:16,2MP,3MS,1,qac_v0.4_aligned,numbered_aligned
49:12,49:12:15:1,49:12:18:2,49:12:16,49:12:19,3MS,3MS,0,qac_v0.4_aligned,numbered_aligned
49:12,49:12:18:2,49:12:21:1,49:12:19,49:12:22,3MS,3MS,0,qac_v0.4_aligned,numbered_aligned
49:12,49:12:21:1,49:12:25:2,49:12:22,49:12:26,3MS,2MP,1,qac_v0.4_aligned,numbered_aligned
49:12,49:12:25:2,49:12:26:2,49:12:26,49:12:27,2MP,2MP,0,qac_v0.4_aligned,numbered_aligned
49:13,49:13:4:1,49:13:8:2,49:13:5,49:13:9,1P,1P,0,qac_v0.4_aligned,numbered_aligned
49:13,49:13:8:2,49:13:11:2,49:13:9,49:13:12,1P,2MP,1,qac_v0.4_aligned,numbered_aligned
49:14,49:14:4:1,49:14:6:1,49:14:4,49:14:6,2MS,2MP,0,qac_v0.4_aligned,numbered_aligned
49:14,49:14:6:1,49:14:8:1,49:14:6,49:14:8,2MP,2MP,0,qac_v0.4_aligned,numbered_aligned
49:14,49:14:8:1,49:14:9:1,49:14:8,49:14:9,2MP,1P,1,qac_v0.4_aligned,numbered_aligned
49:14,49:14:9:1,49:14:11:1,49:14:9,49:14:11,1P,3MS,1,qac_v0.4_aligned,numbered_aligned
49:14,49:14:11:1,49:14:16:1,49:14:11,49:14:16,3MS,2MP,1,qac_v0.4_aligned,numbered_aligned
49:14,49:14:16:1,49:14:20:1,49:14:16,49:14:20,2MP,3MS,1,qac_v0.4_aligned,numbered_aligned
49:15,49:15:9:1,49:15:10:2,49:15:9,49:15:10,3MP,3MP,0,qac_v0.4_aligned,numbered_aligned
49:16,49:16:1:1,49:16:2:2,49:16:1,49:16:2,2MS,2MP,0,qac_v0.4_aligned,numbered_aligned
49:16,49:16:2:2,49:16:6:1,49:16:2,49:16:6,2MP,3MS,1,qac_v0.4_aligned,numbered_aligned
49:17,49:17:1:1,49:17:4:1,49:17:1,49:17:4,3MP,3MP,0,qac_v0.4_aligned,numbered_aligned
49:17,49:17:4:1,49:17:5:1,49:17:4,49:17:5,3MP,2MS,1,qac_v0.4_aligned,numbered_aligned
49:17,49:17:5:1,49:17:7:1,49:17:5,49:17:7,2MS,2MP,0,qac_v0.4_aligned,numbered_aligned
49:17,49:17:7:1,49:17:12:1,49:17:7,49:17:12,2MP,3MS,1,qac_v0.4_aligned,numbered_aligned
49:18,49:18:3:1,49:18:10:1,49:18:3,49:18:10,3MS,2MP,1,qac_v0.4_aligned,numbered_aligned
50:2,50:2:2:1,50:2:4:1,50:2:2,50:2:4,3MP,3MS,0,qac_v0.4_aligned,numbered_aligned
50:2,50:2:4:1,50:2:7:2,50:2:4,50:2:7,3MS,3MS,0,qac_v0.4_aligned,numbered_aligned
50:3,50:3:2:1,50:3:3:2,50:3:2,50:3:3,1P,1P,0,qac_v0.4_aligned,numbered_aligned
50:4,50:4:2:1,50:4:4:1,50:4:2,50:4:4,1P,3FS,1,qac_v0.4_aligned,numbered_aligned
50:5,50:5:2:1,50:5:5:1,50:5:2,50:5:5,3MP,3MS,0,qac_v0.4_aligned,numbered_aligned
50:6,50:6:2:1,50:6:7:1,50:6:2,50:6:7,3MP,1P,1,qac_v0.4_aligned,numbered_aligned
50:6,50:6:7:1,50:6:8:2,50:6:7,50:6:8,1P,1P,0,qac_v0.4_aligned,numbered_aligned
50:7,50:7:2:1,50:7:3:2,50:7:2,50:7:3,1P,1P,0,qac_v0.4_aligned,numbered_aligned
50:7,50:7:3:2,50:7:6:2,50:7:3,50:7:6,1P,1P,0,qac_v0.4_aligned,numbered_aligned
50:9,50:9:1:2,50:9:6:2,50:9:1,50:9:6,1P,1P,0,qac_v0.4_aligned,numbered_aligned
50:14,50:14:6:1,50:14:8:2,50:14:6,50:14:8,3MS,3MS,0,qac_v0.4_aligned,numbered_aligned
50:16,50:16:2:1,50:16:4:2,50:16:2,50:16:4,1P,1P,0,qac_v0.4_aligned,numbered_aligned
50:16,50:16:4:2,50:16:6:1,50:16:4,50:16:6,1P,3FS,1,qac_v0.4_aligned,numbered_aligned
50:19,50:19:1:2,50:19:7:1,50:19:1,50:19:7,3FS,2MS,1,qac_v0.4_aligned,numbered_aligned
50:19,50:19:7:1,50:19:9:1,50:19:7,50:19:9,2MS,2MS,0,qac_v0.4_aligned,numbered_aligned
50:22,50:22:2:1,50:22:7:2,50:22:2,50:22:7,2MS,1P,1,qac_v0.4_aligned,numbered_aligned
50:26,50:26:2:1,50:26:7:2,50:26:2,50:26:7,3MS,2MD,1,qac_v0.4_aligned,numbered_aligned
50:27,50:27:1:1,50:27:5:1,50:27:1,50:27:5,3MS,1S,1,qac_v0.4_aligned,numbered_aligned
50:27,50:27:5:1,50:27:7:1,50:27:5,50:27:7,1S,3MS,1,qac_v0.4_aligned,numbered_aligned
50:28,50:28:1:1,50:28:3:1,50:28:1,50:28:3,3MS,2MP,1,qac_v0.4_aligned,numbered_aligned
50:28,50:28:3:1,50:28:6:1,50:28:3,50:28:6,2MP,1S,1,qac_v0.4_aligned,numbered_aligned
50:30,50:30:2:1,50:30:5:1,50:30:2,50:30:5,1P,2FS,1,qac_v0.4_aligned,numbered_aligned
50:30,50:30:5:1,50:30:6:2,50:30:5,50:30:6,2FS,3FS,1,qac_v0.4_aligned,numbered_aligned
50:36,50:36:2:1,50:36:10:2,50:36:2,50:36:10,1P,3MP,1,qac_v0.4_aligned,numbered_aligned
50:37,50:37:6:1,50:37:10:1,50:37:6,50:37:10,3MS,3MS,0,qac_v0.4_aligned,numbered_aligned
50:38,50:38:2:1,50:38:11:1,50:38:2,50:38:11,1P,3MS,1,qac_v0.4_aligned,numbered_aligned
50:39,50:39:1:2,50:39:4:1,50:39:1,50:39:4,2MS,3MP,1,qac_v0.4_aligned,numbered_aligned
50:39,50:39:4:1,50:39:5:2,50:39:4,50:39:5,3MP,2MS,1,qac_v0.4_aligned,numbered_aligned
50:41,50:41:1:2,50:41:3:1,50:41:1,50:41:3,2MS,3MS,1,qac_v0.4_aligned,numbered_aligned
50:45,50:45:4:1,50:45:9:2,50:45:4,50:45:9,3MP,2MS,1,qac_v0.4_aligned,numbered_aligned
50:45,50:45:9:2,50:45:12:1,50:45:9,50:45:12,2MS,3MS,1,qac_v0.4_aligned,numbered_aligned
51:9,51:9:1:1,51:9:4:1,51:9:1,51:9:4,3MS,3MS,0,qac_v0.4_aligned,numbered_aligned
51:14,51:14:1:1,51:14:5:1,51:14:1,51:14:5,2MP,2MP,0,qac_v0.4_aligned,numbered_aligned
51:14,51:14:5:1,51:14:7:1,51:14:5,51:14:7,2MP,2MP,0,qac_v0.4_aligned,numbered_aligned
51:17,51:17:1:1,51:17:6:1,51:17:1,51:17:6,3MP,3MP,0,qac_v0.4_aligned,numbered_aligned
51:25,51:25:2:1,51:25:4:2,51:25:2,51:25:4,3MP,3MP,0,qac_v0.4_aligned,numbered_aligned
51:25,51:25:4:2,51:25:6:1,51:25:4,51:25:6,3MP,3MS,0,qac_v0.4_aligned,numbered_aligned
51:26,51:26:1:2,51:26:4:2,51:26:1,51:26:4,3MS,3MS,0,qac_v0.4_aligned,numbered_aligned
51:27,51:27:1:2,51:27:3:1,51:27:1,51:27:3,3MS,3MS,0,qac_v0.4_aligned,numbered_aligned
51:27,51:27:3:1,51:27:5:1,51:27:3,51:27:5,3MS,2MP,1,qac_v0.4_aligned,numbered_aligned
51:28,51:28:1:2,51:28:4:1,51:28:1,51:28:4,3MS,3MP,0,qac_v0.4_aligned,numbered_aligned
51:28,51:28:4:1,51:28:6:1,51:28:4,51:28:6,3MP,2MS,1,qac_v0.4_aligned,numbered_aligned
51:28,51:28:6:1,51:28:7:2,51:28:6,51:28:7,2MS,3MP,1,qac_v0.4_aligned,numbered_aligned
51:29,51:29:1:2,51:29:5:2,51:29:1,51:29:5,3FS,3FS,0,qac_v0.4_aligned,numbered_aligned
51:29,51:29:5:2,51:29:7:2,51:29:5,51:29:7,3FS,3FS,0,qac_v0.4_aligned,numbered_aligned
51:30,51:30:1:1,51:30:3:1,51:30:1,51:30:3,3MP,3MS,0,qac_v0.4_aligned,numbered_aligned
51:32,51:32:1:1,51:32:3:1,51:32:1,51:32:3,3MP,1P,1,qac_v0.4_aligned,numbered_aligned
51:35,51:35:1:2,51:35:3:1,51:35:1,51:35:3,1P,3MS,1,qac_v0.4_aligned,numbered_aligned
51:37,51:37:1:2,51:37:5:1,51:37:1,51:37:5,1P,3MP,1,qac_v0.4_aligned,numbered_aligned
51:39,51:39:1:2,51:39:3:2,51:39:1,51:39:3,3MS,3MS,0,qac_v0.4_aligned,numbered_aligned
51:40,51:40:1:2,51:40:3:2,51:40:1,51:40:3,1P,1P,0,qac_v0.4_aligned,numbered_aligned
51:42,51:42:2:1,51:42:5:1,51:42:2,51:42:5,3FS,3FS,0,qac_v0.4_aligned,numbered_aligned
51:42,51:42:5:1,51:42:8:1,51:42:5,51:42:8,3FS,3FS,0,qac_v0.4_aligned,numbered_aligned
51:43,51:43:4:1,51:43:6:1,51:43:4,51:43:6,3MS,2MP,1,qac_v0.4_aligned,numbered_aligned
51:44,51:44:1:2,51:44:5:2,51:44:1,51:44:5,3MP,3FS,0,qac_v0.4_aligned,numbered_aligned
51:44,51:44:5:2,51:44:8:1,51:44:5,51:44:8,3FS,3MP,0,qac_v0.4_aligned,numbered_aligned
51:45,51:45:2:1,51:45:6:1,51:45:2,51:45:6,3MP,3MP,0,qac_v0.4_aligned,numbered_aligned
51:48,51:48:2:1,51:48:3:2,51:48:2,51:48:3,1P,3MS,1,qac_v0.4_aligned,numbered_aligned
51:49,51:49:4:1,51:49:7:1,51:49:4,51:49:7,1P,2MP,1,qac_v0.4_aligned,numbered_aligned
51:52,51:52:3:1,51:52:10:1,51:52:3,51:52:10,3MS,3MP,0,qac_v0.4_aligned,numbered_aligned
51:55,51:55:1:2,51:55:4:1,51:55:1,51:55:4,2MS,3FS,1,qac_v0.4_aligned,numbered_aligned
51:56,51:56:2:1,51:56:6:2,51:56:2,51:56:6,1S,3MP,1,qac_v0.4_aligned,numbered_aligned
51:57,51:57:2:1,51:57:7:1,51:57:2,51:57:7,1S,1S,0,qac_v0.4_aligned,numbered_aligned
51:57,51:57:7:1,51:57:9:1,51:57:7,51:57:9,1S,3MP,1,qac_v0.4_aligned,numbered_aligned
51:59,51:59:3:1,51:59:9:1,51:59:3,51:59:9,3MP,3MP,0,qac_v0.4_aligned,numbered_aligned
51:60,51:60:3:1,51:60:7:1,51:60:3,51:60:7,3MP,3MP,0,qac_v0.4_aligned,numbered_aligned
52:14,52:14:4:1,52:14:6:1,52:14:4,52:14:6,2MP,2MP,0,qac_v0.4_aligned,numbered_aligned
52:16,52:16:1:1,52:16:2:2,52:16:1,52:16:2,2MP,2MP,0,qac_v0.4_aligned,numbered_aligned
52:16,52:16:2:2,52:16:5:1,52:16:2,52:16:5,2MP,2MP,0,qac_v0.4_aligned,numbered_aligned
52:16,52:16:5:1,52:16:9:1,52:16:5,52:16:9,2MP,2MP,0,qac_v0.4_aligned,numbered_aligned
52:16,52:16:9:1,52:16:11:1,52:16:9,52:16:11,2MP,2MP,0,qac_v0.4_aligned,numbered_aligned
52:16,52:16:11:1,52:16:12:1,52:16:11,52:16:12,2MP,2MP,0,qac_v0.4_aligned,numbered_aligned
52:19,52:19:1:1,52:19:2:2,52:19:1,52:19:2,2MP,2MP,0,qac_v0.4_aligned,numbered_aligned
52:19,52:19:2:2,52:19:5:1,52:19:2,52:19:5,2MP,2MP,0,qac_v0.4_aligned,numbered_aligned
52:19,52:19:5:1,52:19:6:1,52:19:5,52:19:6,2MP,2MP,0,qac_v0.4_aligned,numbered_aligned
52:21,52:21:3:2,52:21:6:1,52:21:3,52:21:6,3FS,1P,1,qac_v0.4_aligned,numbered_aligned
52:21,52:21:6:1,52:21:10:1,52:21:6,52:21:10,1P,1P,0,qac_v0.4_aligned,numbered_aligned
52:21,52:21:10:1,52:21:18:1,52:21:10,52:21:18,1P,3MS,1,qac_v0.4_aligned,numbered_aligned
52:22,52:22:1:2,52:22:5:1,52:22:1,52:22:5,1P,3MP,1,qac_v0.4_aligned,numbered_aligned
52:25,52:25:1:2,52:25:5:1,52:25:1,52:25:5,3MS,3MP,0,qac_v0.4_aligned,numbered_aligned
52:26,52:26:1:1,52:26:3:1,52:26:1,52:26:3,3MP,1P,1,qac_v0.4_aligned,numbered_aligned
52:28,52:28:2:1,52:28:5:1,52:28:2,52:28:5,1P,1P,0,qac_v0.4_aligned,numbered_aligned
52:30,52:30:2:1,52:30:4:1,52:30:2,52:30:4,3MP,1P,1,qac_v0.4_aligned,numbered_aligned
52:31,52:31:1:1,52:31:2:1,52:31:1,52:31:2,2MS,2MP,0,qac_v0.4_aligned,numbered_aligned
52:33,52:33:2:1,52:33:3:1,52:33:2,52:33:3,3MP,3MS,0,qac_v0.4_aligned,numbered_aligned
52:33,52:33:3:1,52:33:6:1,52:33:3,52:33:6,3MS,3MP,0,qac_v0.4_aligned,numbered_aligned
52:34,52:34:1:3,52:34:5:1,52:34:1,52:34:5,3MP,3MP,0,qac_v0.4_aligned,numbered_aligned
52:36,52:36:2:1,52:36:7:1,52:36:2,52:36:7,3MP,3MP,0,qac_v0.4_aligned,numbered_aligned
52:38,52:38:4:1,52:38:6:3,52:38:4,52:38:6,3MP,3MS,0,qac_v0.4_aligned,numbered_aligned
52:42,52:42:2:1,52:42:5:1,52:42:2,52:42:5,3MP,3MP,0,qac_v0.4_aligned,numbered_aligned
52:44,52:44:2:1,52:44:7:1,52:44:2,52:44:7,3MP,3MP,0,qac_v0.4_aligned,numbered_aligned
52:45,52:45:1:2,52:45:3:1,52:45:1,52:45:3,2MS,3MP,1,qac_v0.4_aligned,numbered_aligned
52:45,52:45:3:1,52:45:7:1,52:45:3,52:45:7,3MP,3MP,0,qac_v0.4_aligned,numbered_aligned
52:47,52:47:3:1,52:47:10:1,52:47:3,52:47:10,3MP,3MP,0,qac_v0.4_aligned,numbered_aligned
52:48,52:48:1:2,52:48:6:2,52:48:1,52:48:6,2MS,2MS,0,qac_v0.4_aligned,numbered_aligned
52:48,52:48:6:2,52:48:10:1,52:48:6,52:48:10,2MS,2MS,0,qac_v0.4_aligned,numbered_aligned
53:2,53:2:2:1,53:2:5:1,53:2:2,53:2:5,3MS,3MS,0,qac_v0.4_aligned,numbered_aligned
53:8,53:8:2:1,53:8:3:2,53:8:2,53:8:3,3MS,3MS,0,qac_v0.4_aligned,numbered_aligned
53:10,53:10:1:2,53:10:5:1,53:10:1,53:10:5,3MS,3MS,0,qac_v0.4_aligned,numbered_aligned
53:11,53:11:2:1,53:11:5:1,53:11:2,53:11:5,3MS,3MS,0,qac_v0.4_aligned,numbered_aligned
53:12,53:12:1:3,53:12:4:1,53:12:1,53:12:4,2MP,3MS,1,qac_v0.4_aligned,numbered_aligned
53:16,53:16:2:1,53:16:5:1,53:16:2,53:16:5,3MS,3MS,0,qac_v0.4_aligned,numbered_aligned
53:17,53:17:2:1,53:17:5:1,53:17:2,53:17:5,3MS,3MS,0,qac_v0.4_aligned,numbered_aligned
53:23,53:23:5:1,53:23:9:1,53:23:5,53:23:9,2MP,3MS,1,qac_v0.4_aligned,numbered_aligned
53:23,53:23:9:1,53:23:15:1,53:23:9,53:23:15,3MS,3MP,0,qac_v0.4_aligned,numbered_aligned
53:23,53:23:15:1,53:23:19:1,53:23:15,53:23:19,3MP,3FS,0,qac_v0.4_aligned,numbered_aligned
53:23,53:23:19:1,53:23:22:1,53:23:19,53:23:22,3FS,3MS,0,qac_v0.4_aligned,numbered_aligned
53:26,53:26:14:1,53:26:17:1,53:26:14,53:26:17,3MS,3MS,0,qac_v0.4_aligned,numbered_aligned
53:26,53:26:17:1,53:26:18:2,53:26:17,53:26:18,3MS,3MS,0,qac_v0.4_aligned,numbered_aligned
53:27,53:27:4:1,53:27:6:2,53:27:4,53:27:6,3MP,3MP,0,qac_v0.4_aligned,numbered_aligned
53:29,53:29:1:2,53:29:4:1,53:29:1,53:29:4,2MS,3MS,1,qac_v0.4_aligned,numbered_aligned
53:29,53:29:4:1,53:29:8:1,53:29:4,53:29:8,3MS,3MS,0,qac_v0.4_aligned,numbered_aligned
53:30,53:30:10:1,53:30:16:1,53:30:10,53:30:16,3MS,3MS,0,qac_v0.4_aligned,numbered_aligned
53:32,53:32:2:1,53:32:16:1,53:32:2,53:32:16,3MP,3MS,0,qac_v0.4_aligned,numbered_aligned
53:32,53:32:16:1,53:32:26:1,53:32:16,53:32:26,3MS,2MP,1,qac_v0.4_aligned,numbered_aligned
53:32,53:32:26:1,53:32:31:1,53:32:26,53:32:31,2MP,3MS,1,qac_v0.4_aligned,numbered_aligned
53:34,53:34:1:2,53:34:3:2,53:34:1,53:34:3,3MS,3MS,0,qac_v0.4_aligned,numbered_aligned
53:39,53:39:2:1,53:39:6:1,53:39:2,53:39:6,3MS,3MS,0,qac_v0.4_aligned,numbered_aligned
53:43,53:43:3:1,53:43:4:2,53:43:3,53:43:4,3MS,3MS,0,qac_v0.4_aligned,numbered_aligned
53:44,53:44:3:1,53:44:4:2,53:44:3,53:44:4,3MS,3MS,0,qac_v0.4_aligned,numbered_aligned
53:60,53:60:1:2,53:60:3:1,53:60:1,53:60:3,2MP,2MP,0,qac_v0.4_aligned,numbered_aligned
53:62,53:62:1:2,53:62:3:2,53:62:1,53:62:3,2MP,2MP,0,qac_v0.4_aligned,numbered_aligned
54:1,54:1:1:1,54:1:3:2,54:1:5,54:1:7,3FS,3MS,0,qac_v0.4_aligned,numbered_aligned
54:2,54:2:2:1,54:2:4:1,54:2:2,54:2:4,3MP,3MP,0,qac_v0.4_aligned,numbered_aligned
54:2,54:2:4:1,54:2:5:2,54:2:4,54:2:5,3MP,3MP,0,qac_v0.4_aligned,numbered_aligned
54:3,54:3:1:2,54:3:2:2,54:3:1,54:3:2,3MP,3MP,0,qac_v0.4_aligned,numbered_aligned
54:6,54:6:1:2,54:6:4:1,54:6:1,54:6:4,2MS,3MS,1,qac_v0.4_aligned,numbered_aligned
54:9,54:9:1:1,54:9:5:2,54:9:1,54:9:5,3FS,3MP,0,qac_v0.4_aligned,numbered_aligned
54:9,54:9:5:2,54:9:7:2,54:9:5,54:9:7,3MP,3MP,0,qac_v0.4_aligned,numbered_aligned
54:9,54:9:7:2,54:9:9:2,54:9:7,54:9:9,3MP,3MS,0,qac_v0.4_aligned,numbered_aligned
54:10,54:10:1:2,54:10:5:2,54:10:1,54:10:5,3MS,2MS,1,qac_v0.4_aligned,numbered_aligned
54:12,54:12:1:2,54:12:4:2,54:12:1,54:12:4,1P,3MS,1,qac_v0.4_aligned,numbered_aligned
54:12,54:12:4:2,54:12:9:1,54:12:4,54:12:9,3MS,3MS,0,qac_v0.4_aligned,numbered_aligned
54:14,54:14:5:1,54:14:6:1,54:14:5,54:14:6,3MS,3MS,0,qac_v0.4_aligned,numbered_aligned
54:18,54:18:1:1,54:18:4:1,54:18:1,54:18:4,3FS,3MS,0,qac_v0.4_aligned,numbered_aligned
54:24,54:24:1:2,54:24:5:1,54:24:1,54:24:5,3MP,1P,1,qac_v0.4_aligned,numbered_aligned
54:27,54:27:6:2,54:27:7:2,54:27:6,54:27:7,2MS,2MS,0,qac_v0.4_aligned,numbered_aligned
54:29,54:29:1:2,54:29:3:2,54:29:1,54:29:3,3MP,3MS,0,qac_v0.4_aligned,numbered_aligned
54:29,54:29:3:2,54:29:4:2,54:29:3,54:29:4,3MS,3MS,0,qac_v0.4_aligned,numbered_aligned
54:31,54:31:2:1,54:31:6:2,54:31:2,54:31:6,1P,3MP,1,qac_v0.4_aligned,numbered_aligned
54:34,54:34:2:1,54:34:8:1,54:34:2,54:34:8,1P,1P,0,qac_v0.4_aligned,numbered_aligned
54:36,54:36:2:1,54:36:4:2,54:36:2,54:36:4,3MS,3MP,0,qac_v0.4_aligned,numbered_aligned
54:37,54:37:2:1,54:37:5:2,54:37:2,54:37:5,3MP,1P,1,qac_v0.4_aligned,numbered_aligned
54:37,54:37:5:2,54:37:7:2,54:37:5,54:37:7,1P,2MP,1,qac_v0.4_aligned,numbered_aligned
54:42,54:42:1:1,54:42:4:2,54:42:1,54:42:4,3MP,1P,1,qac_v0.4_aligned,numbered_aligned
54:45,54:45:1:2,54:45:3:2,54:45:1,54:45:3,3MS,3MP,0,qac_v0.4_aligned,numbered_aligned
54:48,54:48:2:1,54:48:7:1,54:48:2,54:48:7,3MP,2MP,1,qac_v0.4_aligned,numbered_aligned
55:7,55:7:2:1,55:7:3:2,55:7:2,55:7:3,3MS,3MS,0,qac_v0.4_aligned,numbered_aligned
55:9,55:9:1:2,55:9:5:1,55:9:1,55:9:5,2MP,2MP,0,qac_v0.4_aligned,numbered_aligned
55:19,55:19:1:1,55:19:3:1,55:19:1,55:19:3,3MS,3MD,0,qac_v0.4_aligned,numbered_aligned
55:33,55:33:5:1,55:33:7:1,55:33:6,55:33:8,2MP,2MP,0,qac_v0.4_aligned,numbered_aligned
55:33,55:33:7:1,55:33:12:2,55:33:8,55:33:13,2MP,2MP,0,qac_v0.4_aligned,numbered_aligned
55:33,55:33:12:2,55:33:14:1,55:33:13,55:33:15,2MP,2MP,0,qac_v0.4_aligned,numbered_aligned
55:35,55:35:1:1,55:35:8:1,55:35:1,55:35:8,3MS,2D,1,qac_v0.4_aligned,numbered_aligned
55:37,55:37:2:1,55:37:4:2,55:37:2,55:37:4,3FS,3FS,0,qac_v0.4_aligned,numbered_aligned
55:41,55:41:1:1,55:41:4:2,55:41:1,55:41:4,3MS,3MS,0,qac_v0.4_aligned,numbered_aligned
56:19,56:19:2:1,56:19:5:1,56:19:2,56:19:5,3MP,3MP,0,qac_v0.4_aligned,numbered_aligned
56:24,56:24:3:1,56:24:4:1,56:24:3,56:24:4,3MP,3MP,0,qac_v0.4_aligned,numbered_aligned
56:46,56:46:1:2,56:46:2:1,56:46:1,56:46:2,3MP,3MP,0,qac_v0.4_aligned,numbered_aligned
56:47,56:47:1:2,56:47:2:1,56:47:1,56:47:2,3MP,3MP,0,qac_v0.4_aligned,numbered_aligned
56:47,56:47:2:1,56:47:4:1,56:47:2,56:47:4,3MP,1P,1,qac_v0.4_aligned,numbered_aligned
56:47,56:47:4:1,56:47:5:2,56:47:4,56:47:5,1P,1P,0,qac_v0.4_aligned,numbered_aligned
56:57,56:57:2:1,56:57:4:1,56:57:2,56:57:4,1P,2MP,1,qac_v0.4_aligned,numbered_aligned
56:61,56:61:3:1,56:61:5:2,56:61:3,56:61:5,1P,1P,0,qac_v0.4_aligned,numbered_aligned
56:61,56:61:5:2,56:61:9:1,56:61:5,56:61:9,1P,2MP,1,qac_v0.4_aligned,numbered_aligned
56:62,56:62:2:1,56:62:6:1,56:62:2,56:62:6,2MP,2MP,0,qac_v0.4_aligned,numbered_aligned
56:65,56:65:2:1,56:65:3:2,56:65:2,56:65:3,1P,1P,0,qac_v0.4_aligned,numbered_aligned
56:65,56:65:3:2,56:65:5:2,56:65:3,56:65:5,1P,2MP,1,qac_v0.4_aligned,numbered_aligned
56:65,56:65:5:2,56:65:6:1,56:65:5,56:65:6,2MP,2MP,0,qac_v0.4_aligned,numbered_aligned
56:70,56:70:2:1,56:70:3:1,56:70:2,56:70:3,1P,1P,0,qac_v0.4_aligned,numbered_aligned
56:70,56:70:3:1,56:70:6:1,56:70:3,56:70:6,1P,2MP,1,qac_v0.4_aligned,numbered_aligned
56:82,56:82:1:2,56:82:4:1,56:82:1,56:82:4,2MP,2MP,0,qac_v0.4_aligned,numbered_aligned
56:87,56:87:1:1,56:87:3:1,56:87:1,56:87:3,2MP,2MP,0,qac_v0.4_aligned,numbered_aligned
57:4,57:4:3:1,57:4:10:1,57:4:3,57:4:10,3MS,3MS,0,qac_v0.4_aligned,numbered_aligned
57:4,57:4:10:1,57:4:13:1,57:4:10,57:4:13,3MS,3MS,0,qac_v0.4_aligned,numbered_aligned
57:4,57:4:13:1,57:4:15:1,57:4:13,57:4:15,3MS,3MS,0,qac_v0.4_aligned,numbered_aligned
57:4,57:4:15:1,57:4:19:1,57:4:15,57:4:19,3MS,3MS,0,qac_v0.4_aligned,numbered_aligned
57:4,57:4:19:1,57:4:22:1,57:4:19,57:4:22,3MS,3MS,0,qac_v0.4_aligned,numbered_aligned
57:4,57:4:22:1,57:4:26:1,57:4:22,57:4:26,3MS,3MS,0,qac_v0.4_aligned,numbered_aligned
57:4,57:4:26:1,57:4:32:1,57:4:26,57:4:32,3MS,2MP,1,qac_v0.4_aligned,numbered_aligned
57:4,57:4:32:1,57:4:35:1,57:4:32,57:4:35,2MP,2MP,0,qac_v0.4_aligned,numbered_aligned
57:6,57:6:1:1,57:6:5:2,57:6:1,57:6:5,3MS,3MS,0,qac_v0.4_aligned,numbered_aligned
57:7,57:7:4:2,57:7:6:1,57:7:4,57:7:6,2MP,3MS,1,qac_v0.4_aligned,numbered_aligned
57:8,57:8:4:1,57:8:7:1,57:8:4,57:8:7,2MP,3MS,1,qac_v0.4_aligned,numbered_aligned
57:8,57:8:7:1,57:8:8:2,57:8:7,57:8:8,3MS,2MP,1,qac_v0.4_aligned,numbered_aligned
57:8,57:8:8:2,57:8:11:1,57:8:8,57:8:11,2MP,3MS,1,qac_v0.4_aligned,numbered_aligned
57:8,57:8:11:1,57:8:14:1,57:8:11,57:8:14,3MS,2MP,1,qac_v0.4_aligned,numbered_aligned
57:9,57:9:3:1,57:9:8:2,57:9:3,57:9:8,3MS,3MS,0,qac_v0.4_aligned,numbered_aligned
57:10,57:10:16:1,57:10:20:2,57:10:16,57:10:20,3MS,3MS,0,qac_v0.4_aligned,numbered_aligned
57:10,57:10:20:2,57:10:26:1,57:10:20,57:10:26,3MS,3MP,0,qac_v0.4_aligned,numbered_aligned
57:10,57:10:26:1,57:10:29:2,57:10:26,57:10:29,3MP,3MP,0,qac_v0.4_aligned,numbered_aligned
57:10,57:10:29:2,57:10:31:1,57:10:29,57:10:31,3MP,3MS,0,qac_v0.4_aligned,numbered_aligned
57:10,57:10:31:1,57:10:36:1,57:10:31,57:10:36,3MS,2MP,1,qac_v0.4_aligned,numbered_aligned
57:11,57:11:4:1,57:11:8:2,57:11:4,57:11:8,3MS,3MS,0,qac_v0.4_aligned,numbered_aligned
57:12,57:12:2:1,57:12:5:1,57:12:2,57:12:5,2MS,3MS,1,qac_v0.4_aligned,numbered_aligned
57:13,57:13:7:1,57:13:8:1,57:13:7,57:13:8,2MP,1P,1,qac_v0.4_aligned,numbered_aligned
57:13,57:13:8:1,57:13:11:1,57:13:8,57:13:11,1P,3MS,1,qac_v0.4_aligned,numbered_aligned
57:13,57:13:11:1,57:13:12:1,57:13:11,57:13:12,3MS,2MP,1,qac_v0.4_aligned,numbered_aligned
57:13,57:13:12:1,57:13:14:2,57:13:12,57:13:14,2MP,2MP,0,qac_v0.4_aligned,numbered_aligned
57:13,57:13:14:2,57:13:16:2,57:13:14,57:13:16,2MP,3MS,1,qac_v0.4_aligned,numbered_aligned
57:14,57:14:1:1,57:14:3:1,57:14:1,57:14:3,3MP,1P,1,qac_v0.4_aligned,numbered_aligned
57:14,57:14:3:1,57:14:5:1,57:14:3,57:14:5,1P,3MP,1,qac_v0.4_aligned,numbered_aligned
57:14,57:14:5:1,57:14:8:1,57:14:5,57:14:8,3MP,2MP,1,qac_v0.4_aligned,numbered_aligned
57:14,57:14:8:1,57:14:10:2,57:14:8,57:14:10,2MP,2MP,0,qac_v0.4_aligned,numbered_aligned
57:14,57:14:10:2,57:14:11:2,57:14:10,57:14:11,2MP,2MP,0,qac_v0.4_aligned,numbered_aligned
57:14,57:14:11:2,57:14:12:2,57:14:11,57:14:12,2MP,3FS,1,qac_v0.4_aligned,numbered_aligned
57:14,57:14:12:2,57:14:15:1,57:14:12,57:14:15,3FS,3MS,0,qac_v0.4_aligned,numbered_aligned
57:14,57:14:15:1,57:14:18:2,57:14:15,57:14:18,3MS,3MS,0,qac_v0.4_aligned,numbered_aligned
57:15,57:15:3:1,57:15:9:1,57:15:3,57:15:9,3MS,3MP,0,qac_v0.4_aligned,numbered_aligned
57:15,57:15:9:1,57:15:14:2,57:15:9,57:15:14,3MP,3MS,0,qac_v0.4_aligned,numbered_aligned
57:16,57:16:6:1,57:16:11:1,57:16:6,57:16:11,3FS,3MS,0,qac_v0.4_aligned,numbered_aligned
57:16,57:16:11:1,57:16:15:1,57:16:11,57:16:15,3MS,3MP,0,qac_v0.4_aligned,numbered_aligned
57:16,57:16:15:1,57:16:17:1,57:16:15,57:16:17,3MP,3MP,0,qac_v0.4_aligned,numbered_aligned
57:16,57:16:17:1,57:16:21:2,57:16:17,57:16:21,3MP,3MS,0,qac_v0.4_aligned,numbered_aligned
57:16,57:16:21:2,57:16:24:2,57:16:21,57:16:24,3MS,3FS,0,qac_v0.4_aligned,numbered_aligned
57:17,57:17:9:1,57:17:13:1,57:17:9,57:17:13,1P,2MP,1,qac_v0.4_aligned,numbered_aligned
57:18,57:18:4:2,57:18:8:1,57:18:4,57:18:8,3MP,3MS,0,qac_v0.4_aligned,numbered_aligned
57:19,57:19:15:1,57:19:16:2,57:19:15,57:19:16,3MP,3MP,0,qac_v0.4_aligned,numbered_aligned
57:20,57:20:1:1,57:20:16:1,57:20:1,57:20:16,2MP,3MS,1,qac_v0.4_aligned,numbered_aligned
57:20,57:20:16:1,57:20:20:1,57:20:16,57:20:20,3MS,3MS,0,qac_v0.4_aligned,numbered_aligned
57:21,57:21:1:1,57:21:11:1,57:21:1,57:21:11,2MP,3FS,1,qac_v0.4_aligned,numbered_aligned
57:21,57:21:19:1,57:21:21:1,57:21:19,57:21:21,3MS,3MS,0,qac_v0.4_aligned,numbered_aligned
57:22,57:22:2:1,57:22:16:1,57:22:2,57:22:16,3MS,1P,1,qac_v0.4_aligned,numbered_aligned
57:23,57:23:2:1,57:23:5:1,57:23:2,57:23:5,2MP,3MS,1,qac_v0.4_aligned,numbered_aligned
57:23,57:23:5:1,57:23:7:1,57:23:5,57:23:7,3MS,2MP,1,qac_v0.4_aligned,numbered_aligned
57:24,57:24:2:1,57:24:3:2,57:24:2,57:24:3,3MP,3MP,0,qac_v0.4_aligned,numbered_aligned
57:24,57:24:3:2,57:24:7:1,57:24:3,57:24:7,3MP,3MS,0,qac_v0.4_aligned,numbered_aligned
57:25,57:25:2:1,57:25:5:2,57:25:2,57:25:5,1P,1P,0,qac_v0.4_aligned,numbered_aligned
57:25,57:25:5:2,57:25:9:2,57:25:5,57:25:9,1P,3MS,1,qac_v0.4_aligned,numbered_aligned
57:25,57:25:9:2,57:25:12:2,57:25:9,57:25:12,3MS,1P,1,qac_v0.4_aligned,numbered_aligned
57:25,57:25:12:2,57:25:19:3,57:25:12,57:25:19,1P,3MS,1,qac_v0.4_aligned,numbered_aligned
57:25,57:25:19:3,57:25:22:1,57:25:19,57:25:22,3MS,3MS,0,qac_v0.4_aligned,numbered_aligned
57:26,57:26:2:1,57:26:5:2,57:26:2,57:26:5,1P,1P,0,qac_v0.4_aligned,numbered_aligned
57:27,57:27:2:1,57:27:6:2,57:27:2,57:27:6,1P,1P,0,qac_v0.4_aligned,numbered_aligned
57:27,57:27:12:2,57:27:16:1,57:27:12,57:27:16,1P,3MP,1,qac_v0.4_aligned,numbered_aligned
57:27,57:27:16:1,57:27:20:1,57:27:16,57:27:20,3MP,3MP,0,qac_v0.4_aligned,numbered_aligned
57:27,57:27:20:1,57:27:22:1,57:27:20,57:27:22,3MP,1P,1,qac_v0.4_aligned,numbered_aligned
57:27,57:27:22:1,57:27:29:1,57:27:22,57:27:29,1P,3MP,1,qac_v0.4_aligned,numbered_aligned
57:28,57:28:8:1,57:28:12:2,57:28:9,57:28:13,3MS,3MS,0,qac_v0.4_aligned,numbered_aligned
57:28,57:28:12:2,57:28:15:1,57:28:13,57:28:16,3MS,2MP,1,qac_v0.4_aligned,numbered_aligned
57:28,57:28:15:1,57:28:17:2,57:28:16,57:28:18,2MP,3MS,1,qac_v0.4_aligned,numbered_aligned
57:29,57:29:2:1,57:29:6:1,57:29:2,57:29:6,3MS,3MP,0,qac_v0.4_aligned,numbered_aligned
57:29,57:29:6:1,57:29:16:1,57:29:6,57:29:16,3MP,3MS,0,qac_v0.4_aligned,numbered_aligned
57:29,57:29:16:1,57:29:18:1,57:29:16,57:29:18,3MS,3MS,0,qac_v0.4_aligned,numbered_aligned
58:1,58:1:2:1,58:1:6:1,58:1:6,58:1:10,3MS,2MS,1,qac_v0.4_aligned,numbered_aligned
58:2,58:2:2:1,58:2:13:1,58:2:2,58:2:13,3MP,3FP,0,qac_v0.4_aligned,numbered_aligned
58:2,58:2:13:1,58:2:15:2,58:2:13,58:2:15,3FP,3MP,0,qac_v0.4_aligned,numbered_aligned
58:3,58:3:2:1,58:3:6:1,58:3:2,58:3:6,3MP,3MP,0,qac_v0.4_aligned,numbered_aligned
58:3,58:3:6:1,58:3:8:1,58:3:6,58:3:8,3MP,3MP,0,qac_v0.4_aligned,numbered_aligned
58:3,58:3:8:1,58:3:14:1,58:3:8,58:3:14,3MP,3MD,0,qac_v0.4_aligned,numbered_aligned
58:3,58:3:14:1,58:3:16:1,58:3:14,58:3:16,3MD,2MP,1,qac_v0.4_aligned,numbered_aligned
58:3,58:3:16:1,58:3:20:1,58:3:16,58:3:20,2MP,2MP,0,qac_v0.4_aligned,numbered_aligned
58:4,58:4:3:1,58:4:10:1,58:4:3,58:4:10,3MS,3MD,0,qac_v0.4_aligned,numbered_aligned
58:4,58:4:10:1,58:4:13:1,58:4:10,58:4:13,3MD,3MS,0,qac_v0.4_aligned,numbered_aligned
58:4,58:4:13:1,58:4:18:2,58:4:13,58:4:18,3MS,2MP,1,qac_v0.4_aligned,numbered_aligned
58:5,58:5:3:1,58:5:6:1,58:5:3,58:5:6,3MP,3MP,0,qac_v0.4_aligned,numbered_aligned
58:5,58:5:6:1,58:5:8:1,58:5:6,58:5:8,3MP,3MS,0,qac_v0.4_aligned,numbered_aligned
58:5,58:5:8:1,58:5:13:1,58:5:8,58:5:13,3MS,1P,1,qac_v0.4_aligned,numbered_aligned
58:6,58:6:2:1,58:6:5:2,58:6:2,58:6:5,3MS,3MS,0,qac_v0.4_aligned,numbered_aligned
58:6,58:6:5:2,58:6:7:1,58:6:5,58:6:7,3MS,3MP,0,qac_v0.4_aligned,numbered_aligned
58:7,58:7:2:1,58:7:5:1,58:7:2,58:7:5,2MS,3MS,1,qac_v0.4_aligned,numbered_aligned
58:7,58:7:5:1,58:7:13:1,58:7:5,58:7:13,3MS,3MS,0,qac_v0.4_aligned,numbered_aligned
58:7,58:7:13:1,58:7:36:1,58:7:13,58:7:36,3MS,3MP,0,qac_v0.4_aligned,numbered_aligned
58:7,58:7:36:1,58:7:38:1,58:7:36,58:7:38,3MP,3MS,0,qac_v0.4_aligned,numbered_aligned
58:7,58:7:38:1,58:7:40:1,58:7:38,58:7:40,3MS,3MP,0,qac_v0.4_aligned,numbered_aligned
58:8,58:8:2:1,58:8:5:1,58:8:2,58:8:5,2MS,3MP,1,qac_v0.4_aligned,numbered_aligned
58:8,58:8:5:1,58:8:9:1,58:8:5,58:8:9,3MP,3MP,0,qac_v0.4_aligned,numbered_aligned
58:8,58:8:9:1,58:8:11:1,58:8:9,58:8:11,3MP,3MP,0,qac_v0.4_aligned,numbered_aligned
58:8,58:8:11:1,58:8:13:2,58:8:11,58:8:13,3MP,3MP,0,qac_v0.4_aligned,numbered_aligned
58:8,58:8:13:2,58:8:19:1,58:8:13,58:8:19,3MP,3MP,0,qac_v0.4_aligned,numbered_aligned
58:8,58:8:19:1,58:8:20:1,58:8:19,58:8:20,3MP,3MP,0,qac_v0.4_aligned,numbered_aligned
58:8,58:8:20:1,58:8:23:1,58:8:20,58:8:23,3MP,3MS,0,qac_v0.4_aligned,numbered_aligned
58:8,58:8:23:1,58:8:26:2,58:8:23,58:8:26,3MS,3MP,0,qac_v0.4_aligned,numbered_aligned
58:8,58:8:26:2,58:8:30:1,58:8:26,58:8:30,3MP,3MS,0,qac_v0.4_aligned,numbered_aligned
58:8,58:8:30:1,58:8:33:1,58:8:30,58:8:33,3MS,1P,1,qac_v0.4_aligned,numbered_aligned
58:8,58:8:33:1,58:8:36:1,58:8:33,58:8:36,1P,3MP,1,qac_v0.4_aligned,numbered_aligned
58:8,58:8:36:1,58:8:37:2,58:8:36,58:8:37,3MP,3MS,0,qac_v0.4_aligned,numbered_aligned
58:9,58:9:5:1,58:9:7:1,58:9:6,58:9:8,2MP,2MP,0,qac_v0.4_aligned,numbered_aligned
58:9,58:9:7:1,58:9:12:2,58:9:8,58:9:13,2MP,2MP,0,qac_v0.4_aligned,numbered_aligned
58:9,58:9:12:2,58:9:15:2,58:9:13,58:9:16,2MP,2MP,0,qac_v0.4_aligned,numbered_aligned
58:9,58:9:15:2,58:9:19:1,58:9:16,58:9:20,2MP,2MP,0,qac_v0.4_aligned,numbered_aligned
58:10,58:10:8:2,58:10:16:3,58:10:8,58:10:16,3MS,3MS,0,qac_v0.4_aligned,numbered_aligned
58:11,58:11:5:1,58:11:7:1,58:11:6,58:11:8,3MS,2MP,1,qac_v0.4_aligned,numbered_aligned
58:11,58:11:7:1,58:11:10:2,58:11:8,58:11:11,2MP,2MP,0,qac_v0.4_aligned,numbered_aligned
58:11,58:11:10:2,58:11:11:1,58:11:11,58:11:12,2MP,3MS,1,qac_v0.4_aligned,numbered_aligned
58:11,58:11:11:1,58:11:15:1,58:11:12,58:11:16,3MS,3MS,0,qac_v0.4_aligned,numbered_aligned
58:11,58:11:15:1,58:11:16:1,58:11:16,58:11:17,3MS,2MP,1,qac_v0.4_aligned,numbered_aligned
58:11,58:11:16:1,58:11:17:2,58:11:17,58:11:18,2MP,2MP,0,qac_v0.4_aligned,numbered_aligned
58:11,58:11:17:2,58:11:18:1,58:11:18,58:11:19,2MP,3MS,1,qac_v0.4_aligned,numbered_aligned
58:11,58:11:24:1,58:11:29:1,58:11:25,58:11:30,3MP,2MP,1,qac_v0.4_aligned,numbered_aligned
58:12,58:12:5:1,58:12:7:2,58:12:6,58:12:8,2MP,2MP,0,qac_v0.4_aligned,numbered_aligned
58:12,58:12:7:2,58:12:18:1,58:12:8,58:12:19,2MP,2MP,0,qac_v0.4_aligned,numbered_aligned
58:13,58:13:3:1,58:13:10:1,58:13:3,58:13:10,2MP,2MP,0,qac_v0.4_aligned,numbered_aligned
58:13,58:13:10:1,58:13:11:2,58:13:10,58:13:11,2MP,3MS,1,qac_v0.4_aligned,numbered_aligned
58:13,58:13:11:2,58:13:14:2,58:13:11,58:13:14,3MS,2MP,1,qac_v0.4_aligned,numbered_aligned
58:13,58:13:18:2,58:13:24:1,58:13:18,58:13:24,2MP,2MP,0,qac_v0.4_aligned,numbered_aligned
58:14,58:14:2:1,58:14:5:1,58:14:2,58:14:5,2MS,3MP,1,qac_v0.4_aligned,numbered_aligned
58:14,58:14:5:1,58:14:7:1,58:14:5,58:14:7,3MP,3MS,0,qac_v0.4_aligned,numbered_aligned
58:14,58:14:7:1,58:14:15:2,58:14:7,58:14:15,3MS,3MP,0,qac_v0.4_aligned,numbered_aligned
58:14,58:14:15:2,58:14:19:1,58:14:15,58:14:19,3MP,3MP,0,qac_v0.4_aligned,numbered_aligned
58:15,58:15:1:1,58:15:7:1,58:15:1,58:15:7,3MS,3MS,0,qac_v0.4_aligned,numbered_aligned
58:15,58:15:7:1,58:15:9:1,58:15:7,58:15:9,3MS,3MP,0,qac_v0.4_aligned,numbered_aligned
58:15,58:15:9:1,58:15:10:1,58:15:9,58:15:10,3MP,3MP,0,qac_v0.4_aligned,numbered_aligned
58:16,58:16:1:1,58:16:4:2,58:16:1,58:16:4,3MP,3MP,0,qac_v0.4_aligned,numbered_aligned
58:18,58:18:2:1,58:18:5:2,58:18:2,58:18:5,3MS,3MP,0,qac_v0.4_aligned,numbered_aligned
58:18,58:18:5:2,58:18:8:1,58:18:5,58:18:8,3MP,3MP,0,qac_v0.4_aligned,numbered_aligned
58:18,58:18:8:1,58:18:10:2,58:18:8,58:18:10,3MP,3MP,0,qac_v0.4_aligned,numbered_aligned
58:21,58:21:1:1,58:21:3:2,58:21:1,58:21:3,3MS,1S,1,qac_v0.4_aligned,numbered_aligned
58:22,58:22:2:1,58:22:4:1,58:22:2,58:22:4,2MS,3MP,1,qac_v0.4_aligned,numbered_aligned
58:22,58:22:4:1,58:22:8:1,58:22:4,58:22:8,3MP,3MP,0,qac_v0.4_aligned,numbered_aligned
58:22,58:22:8:1,58:22:10:1,58:22:8,58:22:10,3MP,3MS,0,qac_v0.4_aligned,numbered_aligned
58:22,58:22:10:1,58:22:14:1,58:22:10,58:22:14,3MS,3MP,0,qac_v0.4_aligned,numbered_aligned
58:22,58:22:14:1,58:22:23:1,58:22:14,58:22:23,3MP,3MS,0,qac_v0.4_aligned,numbered_aligned
58:22,58:22:23:1,58:22:27:2,58:22:23,58:22:27,3MS,3MS,0,qac_v0.4_aligned,numbered_aligned
58:22,58:22:27:2,58:22:30:2,58:22:27,58:22:30,3MS,3MS,0,qac_v0.4_aligned,numbered_aligned
59:3,59:3:3:1,59:3:7:2,59:3:3,59:3:7,3MS,3MS,0,qac_v0.4_aligned,numbered_aligned
59:4,59:4:3:1,59:4:7:1,59:4:3,59:4:7,3MP,3MS,0,qac_v0.4_aligned,numbered_aligned
59:5,59:5:2:1,59:5:6:1,59:5:2,59:5:6,2MP,2MP,0,qac_v0.4_aligned,numbered_aligned
59:6,59:6:2:1,59:6:8:1,59:6:2,59:6:8,3MS,2MP,1,qac_v0.4_aligned,numbered_aligned
59:6,59:6:8:1,59:6:16:1,59:6:8,59:6:16,2MP,3MS,1,qac_v0.4_aligned,numbered_aligned
59:6,59:6:16:1,59:6:20:1,59:6:16,59:6:20,3MS,3MS,0,qac_v0.4_aligned,numbered_aligned
59:7,59:7:2:1,59:7:19:1,59:7:2,59:7:19,3MS,3MS,0,qac_v0.4_aligned,numbered_aligned
59:7,59:7:31:2,59:7:32:2,59:7:31,59:7:32,2MP,2MP,0,qac_v0.4_aligned,numbered_aligned
59:8,59:8:4:1,59:8:8:1,59:8:4,59:8:8,3MP,3MP,0,qac_v0.4_aligned,numbered_aligned
59:8,59:8:8:1,59:8:13:2,59:8:8,59:8:13,3MP,3MP,0,qac_v0.4_aligned,numbered_aligned
59:9,59:9:7:1,59:9:9:1,59:9:7,59:9:9,3MP,3MS,0,qac_v0.4_aligned,numbered_aligned
59:9,59:9:9:1,59:9:12:1,59:9:9,59:9:12,3MS,3MP,0,qac_v0.4_aligned,numbered_aligned
59:9,59:9:12:1,59:9:17:1,59:9:12,59:9:17,3MP,3MP,0,qac_v0.4_aligned,numbered_aligned
59:9,59:9:17:1,59:9:18:2,59:9:17,59:9:18,3MP,3MP,0,qac_v0.4_aligned,numbered_aligned
59:9,59:9:18:2,59:9:22:1,59:9:18,59:9:22,3MP,3MS,0,qac_v0.4_aligned,numbered_aligned
59:9,59:9:22:1,59:9:26:1,59:9:22,59:9:26,3MS,3MS,0,qac_v0.4_aligned,numbered_aligned
59:10,59:10:5:1,59:10:7:1,59:10:5,59:10:7,3MP,2MS,1,qac_v0.4_aligned,numbered_aligned
59:10,59:10:7:1,59:10:11:1,59:10:7,59:10:11,2MS,3MP,1,qac_v0.4_aligned,numbered_aligned
59:10,59:10:11:1,59:10:14:1,59:10:11,59:10:14,3MP,2MS,1,qac_v0.4_aligned,numbered_aligned
59:11,59:11:2:1,59:11:5:1,59:11:2,59:11:5,2MS,3MP,1,qac_v0.4_aligned,numbered_aligned
59:11,59:11:5:1,59:11:6:1,59:11:5,59:11:6,3MP,3MP,0,qac_v0.4_aligned,numbered_aligned
59:11,59:11:6:1,59:11:9:1,59:11:6,59:11:9,3MP,3MP,0,qac_v0.4_aligned,numbered_aligned
59:11,59:11:9:1,59:11:14:1,59:11:9,59:11:14,3MP,2MP,1,qac_v0.4_aligned,numbered_aligned
59:11,59:11:14:1,59:11:15:2,59:11:14,59:11:15,2MP,1P,1,qac_v0.4_aligned,numbered_aligned
59:11,59:11:15:2,59:11:18:1,59:11:15,59:11:18,1P,1P,0,qac_v0.4_aligned,numbered_aligned
59:11,59:11:18:1,59:11:23:1,59:11:18,59:11:23,1P,2MP,1,qac_v0.4_aligned,numbered_aligned
59:11,59:11:23:1,59:11:24:2,59:11:23,59:11:24,2MP,1P,1,qac_v0.4_aligned,numbered_aligned
59:11,59:11:24:2,59:11:26:1,59:11:24,59:11:26,1P,3MS,1,qac_v0.4_aligned,numbered_aligned
59:12,59:12:2:1,59:12:4:1,59:12:2,59:12:4,3MP,3MP,0,qac_v0.4_aligned,numbered_aligned
59:12,59:12:4:1,59:12:7:1,59:12:4,59:12:7,3MP,3MP,0,qac_v0.4_aligned,numbered_aligned
59:12,59:12:7:1,59:12:9:1,59:12:7,59:12:9,3MP,3MP,0,qac_v0.4_aligned,numbered_aligned
59:12,59:12:9:1,59:12:11:1,59:12:9,59:12:11,3MP,3MP,0,qac_v0.4_aligned,numbered_aligned
59:12,59:12:11:1,59:12:12:2,59:12:11,59:12:12,3MP,3MP,0,qac_v0.4_aligned,numbered_aligned
59:12,59:12:12:2,59:12:16:1,59:12:12,59:12:16,3MP,3MP,0,qac_v0.4_aligned,numbered_aligned
59:14,59:14:2:1,59:14:15:1,59:14:2,59:14:15,3MP,2MS,1,qac_v0.4_aligned,numbered_aligned
59:14,59:14:15:1,59:14:23:1,59:14:15,59:14:23,2MS,3MP,1,qac_v0.4_aligned,numbered_aligned
59:16,59:16:4:1,59:16:6:1,59:16:4,59:16:6,3MS,2MS,1,qac_v0.4_aligned,numbered_aligned
59:16,59:16:6:1,59:16:8:1,59:16:6,59:16:8,2MS,3MS,1,qac_v0.4_aligned,numbered_aligned
59:16,59:16:8:1,59:16:9:1,59:16:8,59:16:9,3MS,3MS,0,qac_v0.4_aligned,numbered_aligned
59:16,59:16:9:1,59:16:14:1,59:16:9,59:16:14,3MS,1S,1,qac_v0.4_aligned,numbered_aligned
59:18,59:18:4:1,59:18:6:3,59:18:5,59:18:7,2MP,3FS,1,qac_v0.4_aligned,numbered_aligned
59:18,59:18:6:3,59:18:9:1,59:18:7,59:18:10,3FS,3FS,0,qac_v0.4_aligned,numbered_aligned
59:18,59:18:9:1,59:18:11:2,59:18:10,59:18:12,3FS,2MP,1,qac_v0.4_aligned,numbered_aligned
59:18,59:18:11:2,59:18:17:1,59:18:12,59:18:18,2MP,2MP,0,qac_v0.4_aligned,numbered_aligned
59:19,59:19:2:1,59:19:4:1,59:19:2,59:19:4,2MP,3MP,1,qac_v0.4_aligned,numbered_aligned
59:21,59:21:2:1,59:21:7:2,59:21:2,59:21:7,1P,2MS,1,qac_v0.4_aligned,numbered_aligned
59:21,59:21:7:2,59:21:15:1,59:21:7,59:21:15,2MS,1P,1,qac_v0.4_aligned,numbered_aligned
59:21,59:21:15:1,59:21:18:1,59:21:15,59:21:18,1P,3MP,1,qac_v0.4_aligned,numbered_aligned
60:1,60:1:5:1,60:1:9:1,60:1:10,60:1:14,2MP,2MP,0,qac_v0.4_aligned,numbered_aligned
60:1,60:1:9:1,60:1:13:1,60:1:14,60:1:18,2MP,3MP,1,qac_v0.4_aligned,numbered_aligned
60:1,60:1:13:1,60:1:15:1,60:1:18,60:1:20,3MP,3MS,0,qac_v0.4_aligned,numbered_aligned
60:1,60:1:15:1,60:1:18:1,60:1:20,60:1:23,3MS,3MP,0,qac_v0.4_aligned,numbered_aligned
60:1,60:1:18:1,60:1:22:1,60:1:23,60:1:27,3MP,2MP,1,qac_v0.4_aligned,numbered_aligned
60:1,60:1:22:1,60:1:26:1,60:1:27,60:1:31,2MP,2MP,0,qac_v0.4_aligned,numbered_aligned
60:1,60:1:26:1,60:1:27:1,60:1:31,60:1:32,2MP,2MP,0,qac_v0.4_aligned,numbered_aligned
60:1,60:1:27:1,60:1:33:1,60:1:32,60:1:38,2MP,2MP,0,qac_v0.4_aligned,numbered_aligned
60:1,60:1:33:1,60:1:39:1,60:1:38,60:1:44,2MP,2MP,0,qac_v0.4_aligned,numbered_aligned
60:1,60:1:39:1,60:1:41:1,60:1:44,60:1:46,2MP,2MP,0,qac_v0.4_aligned,numbered_aligned
60:1,60:1:41:1,60:1:43:1,60:1:46,60:1:48,2MP,3MS,1,qac_v0.4_aligned,numbered_aligned
60:1,60:1:43:1,60:1:46:1,60:1:48,60:1:51,3MS,3MS,0,qac_v0.4_aligned,numbered_aligned
60:2,60:2:2:1,60:2:3:1,60:2:2,60:2:3,3MP,3MP,0,qac_v0.4_aligned,numbered_aligned
60:2,60:2:3:1,60:2:6:2,60:2:3,60:2:6,3MP,3MP,0,qac_v0.4_aligned,numbered_aligned
60:2,60:2:6:2,60:2:11:2,60:2:6,60:2:11,3MP,3MP,0,qac_v0.4_aligned,numbered_aligned
60:2,60:2:11:2,60:2:13:1,60:2:11,60:2:13,3MP,2MP,1,qac_v0.4_aligned,numbered_aligned
60:3,60:3:2:1,60:3:8:1,60:3:2,60:3:8,2MS,3MS,1,qac_v0.4_aligned,numbered_aligned
60:3,60:3:8:1,60:3:12:1,60:3:8,60:3:12,3MS,2MP,1,qac_v0.4_aligned,numbered_aligned
60:4,60:4:2:1,60:4:11:1,60:4:2,60:4:11,3FS,3MP,0,qac_v0.4_aligned,numbered_aligned
60:4,60:4:11:1,60:4:17:1,60:4:11,60:4:17,3MP,2MP,1,qac_v0.4_aligned,numbered_aligned
60:4,60:4:17:1,60:4:21:1,60:4:17,60:4:21,2MP,1P,1,qac_v0.4_aligned,numbered_aligned
60:4,60:4:21:1,60:4:23:2,60:4:21,60:4:23,1P,3MS,1,qac_v0.4_aligned,numbered_aligned
60:4,60:4:23:2,60:4:30:1,60:4:23,60:4:30,3MS,2MP,1,qac_v0.4_aligned,numbered_aligned
60:4,60:4:30:1,60:4:37:2,60:4:30,60:4:37,2MP,1S,1,qac_v0.4_aligned,numbered_aligned
60:4,60:4:37:2,60:4:40:1,60:4:37,60:4:40,1S,1S,0,qac_v0.4_aligned,numbered_aligned
60:4,60:4:40:1,60:4:48:1,60:4:40,60:4:48,1S,1P,0,qac_v0.4_aligned,numbered_aligned
60:4,60:4:48:1,60:4:50:1,60:4:48,60:4:50,1P,1P,0,qac_v0.4_aligned,numbered_aligned
60:5,60:5:3:1,60:5:6:1,60:5:3,60:5:6,2MS,3MP,1,qac_v0.4_aligned,numbered_aligned
60:5,60:5:6:1,60:5:7:2,60:5:6,60:5:7,3MP,2MS,1,qac_v0.4_aligned,numbered_aligned
60:6,60:6:2:1,60:6:8:1,60:6:2,60:6:8,3MS,3MS,0,qac_v0.4_aligned,numbered_aligned
60:7,60:7:1:1,60:7:4:1,60:7:1,60:7:4,3MS,3MS,0,qac_v0.4_aligned,numbered_aligned
60:7,60:7:4:1,60:7:8:1,60:7:4,60:7:8,3MS,2MP,1,qac_v0.4_aligned,numbered_aligned
60:8,60:8:7:1,60:8:11:1,60:8:7,60:8:11,3MP,3MP,0,qac_v0.4_aligned,numbered_aligned
60:8,60:8:11:1,60:8:15:1,60:8:11,60:8:15,3MP,2MP,1,qac_v0.4_aligned,numbered_aligned
60:8,60:8:15:1,60:8:16:2,60:8:15,60:8:16,2MP,2MP,0,qac_v0.4_aligned,numbered_aligned
60:8,60:8:16:2,60:8:20:1,60:8:16,60:8:20,2MP,3MS,1,qac_v0.4_aligned,numbered_aligned
60:9,60:9:6:1,60:9:9:2,60:9:6,60:9:9,3MP,3MP,0,qac_v0.4_aligned,numbered_aligned
60:9,60:9:9:2,60:9:12:2,60:9:9,60:9:12,3MP,3MP,0,qac_v0.4_aligned,numbered_aligned
60:9,60:9:12:2,60:9:16:1,60:9:12,60:9:16,3MP,2MP,1,qac_v0.4_aligned,numbered_aligned
60:9,60:9:16:1,60:9:18:1,60:9:16,60:9:18,2MP,3MS,1,qac_v0.4_aligned,numbered_aligned
60:10,60:10:5:1,60:10:8:2,60:10:6,60:10:9,3MS,2MP,1,qac_v0.4_aligned,numbered_aligned
60:10,60:10:8:2,60:10:13:1,60:10:9,60:10:14,2MP,2MP,0,qac_v0.4_aligned,numbered_aligned
60:10,60:10:13:1,60:10:16:1,60:10:14,60:10:17,2MP,2MP,0,qac_v0.4_aligned,numbered_aligned
60:10,60:10:16:1,60:10:25:1,60:10:17,60:10:26,2MP,3MP,1,qac_v0.4_aligned,numbered_aligned
60:10,60:10:29:1,60:10:34:1,60:10:30,60:10:35,3MP,2MP,1,qac_v0.4_aligned,numbered_aligned
60:10,60:10:47:1,60:10:51:1,60:10:48,60:10:52,3MP,3MS,0,qac_v0.4_aligned,numbered_aligned
60:11,60:11:2:1,60:11:8:2,60:11:2,60:11:8,3MS,2MP,1,qac_v0.4_aligned,numbered_aligned
60:11,60:11:11:1,60:11:15:1,60:11:11,60:11:15,3FS,3MP,0,qac_v0.4_aligned,numbered_aligned
60:11,60:11:15:1,60:11:16:2,60:11:15,60:11:16,3MP,2MP,1,qac_v0.4_aligned,numbered_aligned
60:12,60:12:4:1,60:12:6:1,60:12:5,60:12:7,3MS,3FP,0,qac_v0.4_aligned,numbered_aligned
60:12,60:12:6:1,60:12:10:1,60:12:7,60:12:11,3FP,3FP,0,qac_v0.4_aligned,numbered_aligned
60:12,60:12:10:1,60:12:14:1,60:12:11,60:12:15,3FP,3FP,0,qac_v0.4_aligned,numbered_aligned
60:12,60:12:14:1,60:12:16:1,60:12:15,60:12:17,3FP,3FP,0,qac_v0.4_aligned,numbered_aligned
60:12,60:12:16:1,60:12:18:1,60:12:17,60:12:19,3FP,3FP,0,qac_v0.4_aligned,numbered_aligned
60:12,60:12:18:1,60:12:21:1,60:12:19,60:12:22,3FP,3FP,0,qac_v0.4_aligned,numbered_aligned
60:12,60:12:21:1,60:12:23:1,60:12:22,60:12:24,3FP,3FP,0,qac_v0.4_aligned,numbered_aligned
60:12,60:12:23:1,60:12:28:1,60:12:24,60:12:29,3FP,3FP,0,qac_v0.4_aligned,numbered_aligned
60:12,60:12:28:1,60:12:31:2,60:12:29,60:12:32,3FP,2MS,1,qac_v0.4_aligned,numbered_aligned
60:12,60:12:31:2,60:12:32:2,60:12:32,60:12:33,2MS,2MS,0,qac_v0.4_aligned,numbered_aligned
60:13,60:13:5:1,60:13:7:1,60:13:6,60:13:8,2MP,3MS,1,qac_v0.4_aligned,numbered_aligned
60:13,60:13:7:1,60:13:11:1,60:13:8,60:13:12,3MS,3MP,0,qac_v0.4_aligned,numbered_aligned
60:13,60:13:11:1,60:13:15:1,60:13:12,60:13:16,3MP,3MS,0,qac_v0.4_aligned,numbered_aligned
61:2,61:2:5:1,61:2:8:1,61:2:6,61:2:9,2MP,2MP,0,qac_v0.4_aligned,numbered_aligned
61:3,61:3:1:1,61:3:6:1,61:3:1,61:3:6,3MS,2MP,1,qac_v0.4_aligned,numbered_aligned
61:3,61:3:6:1,61:3:9:1,61:3:6,61:3:9,2MP,2MP,0,qac_v0.4_aligned,numbered_aligned
61:4,61:4:3:1,61:4:5:1,61:4:3,61:4:5,3MS,3MP,0,qac_v0.4_aligned,numbered_aligned
61:5,61:5:9:1,61:5:15:1,61:5:10,61:5:16,2MP,3MP,1,qac_v0.4_aligned,numbered_aligned
61:5,61:5:15:1,61:5:16:1,61:5:16,61:5:17,3MP,3MS,0,qac_v0.4_aligned,numbered_aligned
61:7,61:7:4:1,61:7:9:1,61:7:4,61:7:9,3MS,3MS,0,qac_v0.4_aligned,numbered_aligned
61:9,61:9:3:1,61:9:8:2,61:9:3,61:9:8,3MS,3MS,0,qac_v0.4_aligned,numbered_aligned
61:9,61:9:8:2,61:9:13:1,61:9:8,61:9:13,3MS,3MS,0,qac_v0.4_aligned,numbered_aligned
61:10,61:10:5:1,61:10:8:1,61:10:6,61:10:9,1S,3FS,1,qac_v0.4_aligned,numbered_aligned
61:11,61:11:1:1,61:11:4:2,61:11:1,61:11:4,2MP,2MP,0,qac_v0.4_aligned,numbered_aligned
61:11,61:11:4:2,61:11:14:1,61:11:4,61:11:14,2MP,2MP,0,qac_v0.4_aligned,numbered_aligned
61:11,61:11:14:1,61:11:15:1,61:11:14,61:11:15,2MP,2MP,0,qac_v0.4_aligned,numbered_aligned
61:12,61:12:1:1,61:12:4:2,61:12:1,61:12:4,3MS,3MS,0,qac_v0.4_aligned,numbered_aligned
61:13,61:13:2:1,61:13:8:2,61:13:2,61:13:8,2MP,2MS,0,qac_v0.4_aligned,numbered_aligned
61:14,61:14:4:1,61:14:8:1,61:14:5,61:14:9,2MP,3MS,1,qac_v0.4_aligned,numbered_aligned
61:14,61:14:8:1,61:14:17:1,61:14:9,61:14:18,3MS,3MS,0,qac_v0.4_aligned,numbered_aligned
61:14,61:14:27:2,61:14:29:2,61:14:28,61:14:30,3FS,1P,1,qac_v0.4_aligned,numbered_aligned
62:2,62:2:11:2,62:2:12:2,62:2:11,62:2:12,3MS,3MS,0,qac_v0.4_aligned,numbered_aligned
62:2,62:2:12:2,62:2:16:1,62:2:12,62:2:16,3MS,3MP,0,qac_v0.4_aligned,numbered_aligned
62:4,62:4:4:1,62:4:6:1,62:4:4,62:4:6,3MS,3MS,0,qac_v0.4_aligned,numbered_aligned
62:5,62:5:3:1,62:5:7:1,62:5:3,62:5:7,3MP,3MP,0,qac_v0.4_aligned,numbered_aligned
62:5,62:5:7:1,62:5:10:1,62:5:7,62:5:10,3MP,3MS,0,qac_v0.4_aligned,numbered_aligned
62:5,62:5:10:1,62:5:12:1,62:5:10,62:5:12,3MS,3MS,0,qac_v0.4_aligned,numbered_aligned
62:5,62:5:12:1,62:5:16:1,62:5:12,62:5:16,3MS,3MP,0,qac_v0.4_aligned,numbered_aligned
62:6,62:6:1:1,62:6:4:1,62:6:1,62:6:5,2MS,3MP,1,qac_v0.4_aligned,numbered_aligned
62:6,62:6:4:1,62:6:6:1,62:6:5,62:6:7,3MP,2MP,1,qac_v0.4_aligned,numbered_aligned
62:6,62:6:6:1,62:6:13:2,62:6:7,62:6:14,2MP,2MP,0,qac_v0.4_aligned,numbered_aligned
62:6,62:6:13:2,62:6:16:1,62:6:14,62:6:17,2MP,2MP,0,qac_v0.4_aligned,numbered_aligned
62:7,62:7:2:1,62:7:5:1,62:7:2,62:7:5,3MP,3FS,0,qac_v0.4_aligned,numbered_aligned
62:8,62:8:1:1,62:8:5:1,62:8:1,62:8:5,2MS,2MP,0,qac_v0.4_aligned,numbered_aligned
62:8,62:8:5:1,62:8:10:1,62:8:5,62:8:10,2MP,2MP,0,qac_v0.4_aligned,numbered_aligned
62:8,62:8:10:1,62:8:15:2,62:8:10,62:8:15,2MP,3MS,1,qac_v0.4_aligned,numbered_aligned
62:8,62:8:15:2,62:8:17:1,62:8:15,62:8:17,3MS,2MP,1,qac_v0.4_aligned,numbered_aligned
62:8,62:8:17:1,62:8:18:1,62:8:17,62:8:18,2MP,2MP,0,qac_v0.4_aligned,numbered_aligned
62:9,62:9:10:2,62:9:14:2,62:9:11,62:9:15,2MP,2MP,0,qac_v0.4_aligned,numbered_aligned
62:9,62:9:14:2,62:9:20:1,62:9:15,62:9:21,2MP,2MP,0,qac_v0.4_aligned,numbered_aligned
62:9,62:9:20:1,62:9:21:1,62:9:21,62:9:22,2MP,2MP,0,qac_v0.4_aligned,numbered_aligned
62:10,62:10:2:1,62:10:4:2,62:10:2,62:10:4,3FS,2MP,1,qac_v0.4_aligned,numbered_aligned
62:10,62:10:4:2,62:10:7:2,62:10:4,62:10:7,2MP,2MP,0,qac_v0.4_aligned,numbered_aligned
62:10,62:10:7:2,62:10:11:2,62:10:7,62:10:11,2MP,2MP,0,qac_v0.4_aligned,numbered_aligned
62:10,62:10:11:2,62:10:15:1,62:10:11,62:10:15,2MP,2MP,0,qac_v0.4_aligned,numbered_aligned
62:11,62:11:2:1,62:11:6:1,62:11:2,62:11:6,3MP,3MP,0,qac_v0.4_aligned,numbered_aligned
62:11,62:11:6:1,62:11:8:2,62:11:6,62:11:8,3MP,3MP,0,qac_v0.4_aligned,numbered_aligned
62:11,62:11:8:2,62:11:10:1,62:11:8,62:11:10,3MP,2MS,1,qac_v0.4_aligned,numbered_aligned
63:1,63:1:2:1,63:1:4:1,63:1:6,63:1:8,3MS,3MP,0,qac_v0.4_aligned,numbered_aligned
63:1,63:1:4:1,63:1:5:1,63:1:8,63:1:9,3MP,1P,1,qac_v0.4_aligned,numbered_aligned
63:1,63:1:5:1,63:1:10:1,63:1:9,63:1:14,1P,3MS,1,qac_v0.4_aligned,numbered_aligned
63:1,63:1:10:1,63:1:14:1,63:1:14,63:1:18,3MS,3MS,0,qac_v0.4_aligned,numbered_aligned
63:2,63:2:1:1,63:2:4:2,63:2:1,63:2:4,3MP,3MP,0,qac_v0.4_aligned,numbered_aligned
63:2,63:2:4:2,63:2:9:1,63:2:4,63:2:9,3MP,3MS,0,qac_v0.4_aligned,numbered_aligned
63:2,63:2:9:1,63:2:11:1,63:2:9,63:2:11,3MS,3MP,0,qac_v0.4_aligned,numbered_aligned
63:2,63:2:11:1,63:2:12:1,63:2:11,63:2:12,3MP,3MP,0,qac_v0.4_aligned,numbered_aligned
63:3,63:3:5:1,63:3:6:2,63:3:5,63:3:6,3MP,3MS,0,qac_v0.4_aligned,numbered_aligned
63:3,63:3:6:2,63:3:11:1,63:3:6,63:3:11,3MS,3MP,0,qac_v0.4_aligned,numbered_aligned
63:4,63:4:2:1,63:4:3:1,63:4:2,63:4:3,2MS,2MS,0,qac_v0.4_aligned,numbered_aligned
63:4,63:4:3:1,63:4:6:1,63:4:3,63:4:6,2MS,3MP,1,qac_v0.4_aligned,numbered_aligned
63:4,63:4:6:1,63:4:7:1,63:4:6,63:4:7,3MP,2MS,1,qac_v0.4_aligned,numbered_aligned
63:4,63:4:7:1,63:4:12:1,63:4:7,63:4:12,2MS,3MP,1,qac_v0.4_aligned,numbered_aligned
63:4,63:4:12:1,63:4:18:2,63:4:12,63:4:18,3MP,2MS,1,qac_v0.4_aligned,numbered_aligned
63:4,63:4:18:2,63:4:19:1,63:4:18,63:4:19,2MS,3MS,1,qac_v0.4_aligned,numbered_aligned
63:4,63:4:19:1,63:4:22:1,63:4:19,63:4:22,3MS,3MP,0,qac_v0.4_aligned,numbered_aligned
63:5,63:5:2:1,63:5:4:1,63:5:2,63:5:4,3MS,2MP,1,qac_v0.4_aligned,numbered_aligned
63:5,63:5:4:1,63:5:5:1,63:5:4,63:5:5,2MP,3MS,1,qac_v0.4_aligned,numbered_aligned
63:5,63:5:5:1,63:5:9:1,63:5:5,63:5:9,3MS,3MP,0,qac_v0.4_aligned,numbered_aligned
63:5,63:5:9:1,63:5:11:2,63:5:9,63:5:11,3MP,2MS,1,qac_v0.4_aligned,numbered_aligned
63:5,63:5:11:2,63:5:12:1,63:5:11,63:5:12,2MS,3MP,1,qac_v0.4_aligned,numbered_aligned
63:6,63:6:3:2,63:6:7:1,63:6:3,63:6:7,2MS,2MS,0,qac_v0.4_aligned,numbered_aligned
63:6,63:6:7:1,63:6:10:1,63:6:7,63:6:10,2MS,3MS,1,qac_v0.4_aligned,numbered_aligned
63:7,63:7:3:1,63:7:5:1,63:7:3,63:7:5,3MP,2MP,1,qac_v0.4_aligned,numbered_aligned
63:7,63:7:5:1,63:7:12:1,63:7:5,63:7:12,2MP,3MP,1,qac_v0.4_aligned,numbered_aligned
63:7,63:7:12:1,63:7:20:1,63:7:12,63:7:20,3MP,3MP,0,qac_v0.4_aligned,numbered_aligned
63:8,63:8:1:1,63:8:3:1,63:8:1,63:8:3,3MP,1P,1,qac_v0.4_aligned,numbered_aligned
63:8,63:8:3:1,63:8:6:2,63:8:3,63:8:6,1P,3MS,1,qac_v0.4_aligned,numbered_aligned
63:8,63:8:6:2,63:8:17:1,63:8:6,63:8:17,3MS,3MP,0,qac_v0.4_aligned,numbered_aligned
63:9,63:9:5:1,63:9:13:1,63:9:6,63:9:14,2MS,3MS,1,qac_v0.4_aligned,numbered_aligned
63:10,63:10:1:2,63:10:4:1,63:10:1,63:10:4,2MP,1P,1,qac_v0.4_aligned,numbered_aligned
63:10,63:10:18:2,63:10:19:2,63:10:18,63:10:19,1S,1S,0,qac_v0.4_aligned,numbered_aligned
63:11,63:11:2:1,63:11:6:1,63:11:2,63:11:6,3MS,3MS,0,qac_v0.4_aligned,numbered_aligned
63:11,63:11:6:1,63:11:11:1,63:11:6,63:11:11,3MS,2MP,1,qac_v0.4_aligned,numbered_aligned
64:2,64:2:3:1,64:2:10:1,64:2:3,64:2:10,3MS,2MP,1,qac_v0.4_aligned,numbered_aligned
64:3,64:3:1:1,64:3:5:2,64:3:1,64:3:5,3MS,3MS,0,qac_v0.4_aligned,numbered_aligned
64:3,64:3:5:2,64:3:6:2,64:3:5,64:3:6,3MS,3MS,0,qac_v0.4_aligned,numbered_aligned
64:4,64:4:1:1,64:4:6:2,64:4:1,64:4:6,3MS,3MS,0,qac_v0.4_aligned,numbered_aligned
64:4,64:4:6:2,64:4:8:1,64:4:6,64:4:8,3MS,2MP,1,qac_v0.4_aligned,numbered_aligned
64:4,64:4:8:1,64:4:10:1,64:4:8,64:4:10,2MP,2MP,0,qac_v0.4_aligned,numbered_aligned
64:5,64:5:2:1,64:5:5:1,64:5:2,64:5:5,3MS,3MP,0,qac_v0.4_aligned,numbered_aligned
64:5,64:5:5:1,64:5:8:2,64:5:5,64:5:8,3MP,3MP,0,qac_v0.4_aligned,numbered_aligned
64:6,64:6:3:1,64:6:4:1,64:6:3,64:6:4,3FS,3FS,0,qac_v0.4_aligned,numbered_aligned
64:6,64:6:4:1,64:6:7:2,64:6:4,64:6:7,3FS,3MP,0,qac_v0.4_aligned,numbered_aligned
64:6,64:6:7:2,64:6:9:1,64:6:7,64:6:9,3MP,3MP,0,qac_v0.4_aligned,numbered_aligned
64:6,64:6:9:1,64:6:10:2,64:6:9,64:6:10,3MP,3MP,0,qac_v0.4_aligned,numbered_aligned
64:6,64:6:10:2,64:6:11:2,64:6:10,64:6:11,3MP,3MP,0,qac_v0.4_aligned,numbered_aligned
64:6,64:6:11:2,64:6:12:2,64:6:11,64:6:12,3MP,3MS,0,qac_v0.4_aligned,numbered_aligned
64:7,64:7:1:1,64:7:3:1,64:7:1,64:7:3,3MS,3MP,0,qac_v0.4_aligned,numbered_aligned
64:7,64:7:3:1,64:7:6:1,64:7:3,64:7:6,3MP,3MP,0,qac_v0.4_aligned,numbered_aligned
64:7,64:7:6:1,64:7:7:1,64:7:6,64:7:7,3MP,2MS,1,qac_v0.4_aligned,numbered_aligned
64:7,64:7:7:1,64:7:10:2,64:7:7,64:7:10,2MS,2MP,0,qac_v0.4_aligned,numbered_aligned
64:7,64:7:10:2,64:7:12:2,64:7:10,64:7:12,2MP,2MP,0,qac_v0.4_aligned,numbered_aligned
64:7,64:7:12:2,64:7:14:1,64:7:12,64:7:14,2MP,2MP,0,qac_v0.4_aligned,numbered_aligned
64:8,64:8:6:1,64:8:9:1,64:8:6,64:8:9,1P,2MP,1,qac_v0.4_aligned,numbered_aligned
64:9,64:9:2:1,64:9:9:1,64:9:2,64:9:9,3MS,3MS,0,qac_v0.4_aligned,numbered_aligned
64:9,64:9:9:1,64:9:11:2,64:9:9,64:9:11,3MS,3MS,0,qac_v0.4_aligned,numbered_aligned
64:9,64:9:11:2,64:9:13:1,64:9:11,64:9:13,3MS,3MS,0,qac_v0.4_aligned,numbered_aligned
64:9,64:9:13:1,64:9:16:2,64:9:13,64:9:16,3MS,3MS,0,qac_v0.4_aligned,numbered_aligned
64:10,64:10:2:1,64:10:3:2,64:10:2,64:10:3,3MP,3MP,0,qac_v0.4_aligned,numbered_aligned
64:10,64:10:3:2,64:10:10:2,64:10:3,64:10:10,3MP,3MS,0,qac_v0.4_aligned,numbered_aligned
64:11,64:11:2:1,64:11:9:1,64:11:2,64:11:9,3MS,3MS,0,qac_v0.4_aligned,numbered_aligned
64:11,64:11:9:1,64:11:11:1,64:11:9,64:11:11,3MS,3MS,0,qac_v0.4_aligned,numbered_aligned
64:12,64:12:1:2,64:12:3:2,64:12:1,64:12:3,2MP,2MP,0,qac_v0.4_aligned,numbered_aligned
64:12,64:12:3:2,64:12:6:1,64:12:3,64:12:6,2MP,2MP,0,qac_v0.4_aligned,numbered_aligned
64:14,64:14:10:2,64:14:12:1,64:14:11,64:14:13,2MP,2MP,0,qac_v0.4_aligned,numbered_aligned
64:14,64:14:12:1,64:14:13:2,64:14:13,64:14:14,2MP,2MP,0,qac_v0.4_aligned,numbered_aligned
64:14,64:14:13:2,64:14:14:2,64:14:14,64:14:15,2MP,2MP,0,qac_v0.4_aligned,numbered_aligned
64:16,64:16:1:2,64:16:4:1,64:16:1,64:16:4,2MP,2MP,0,qac_v0.4_aligned,numbered_aligned
64:16,64:16:4:1,64:16:5:2,64:16:4,64:16:5,2MP,2MP,0,qac_v0.4_aligned,numbered_aligned
64:16,64:16:5:2,64:16:6:2,64:16:5,64:16:6,2MP,2MP,0,qac_v0.4_aligned,numbered_aligned
64:16,64:16:6:2,64:16:7:2,64:16:6,64:16:7,2MP,2MP,0,qac_v0.4_aligned,numbered_aligned
64:16,64:16:7:2,64:16:11:1,64:16:7,64:16:11,2MP,3MS,1,qac_v0.4_aligned,numbered_aligned
64:17,64:17:2:1,64:17:6:1,64:17:2,64:17:6,2MP,3MS,1,qac_v0.4_aligned,numbered_aligned
64:17,64:17:6:1,64:17:8:2,64:17:6,64:17:8,3MS,3MS,0,qac_v0.4_aligned,numbered_aligned
65:1,65:1:4:1,65:1:6:2,65:1:9,65:1:11,2MP,2MP,0,qac_v0.4_aligned,numbered_aligned
65:1,65:1:6:2,65:1:8:2,65:1:11,65:1:13,2MP,2MP,0,qac_v0.4_aligned,numbered_aligned
65:1,65:1:8:2,65:1:10:2,65:1:13,65:1:15,2MP,2MP,0,qac_v0.4_aligned,numbered_aligned
65:1,65:1:10:2,65:1:14:1,65:1:15,65:1:19,2MP,2MP,0,qac_v0.4_aligned,numbered_aligned
65:1,65:1:14:1,65:1:18:1,65:1:19,65:1:23,2MP,3FP,1,qac_v0.4_aligned,numbered_aligned
65:1,65:1:18:1,65:1:21:1,65:1:23,65:1:26,3FP,3FP,0,qac_v0.4_aligned,numbered_aligned
65:1,65:1:21:1,65:1:28:1,65:1:26,65:1:33,3FP,3MS,0,qac_v0.4_aligned,numbered_aligned
65:1,65:1:28:1,65:1:32:1,65:1:33,65:1:37,3MS,3MS,0,qac_v0.4_aligned,numbered_aligned
65:2,65:2:2:1,65:2:4:2,65:2:2,65:2:4,3FP,2MP,1,qac_v0.4_aligned,numbered_aligned
65:2,65:2:4:2,65:2:7:1,65:2:4,65:2:7,2MP,2MP,0,qac_v0.4_aligned,numbered_aligned
65:2,65:2:7:1,65:2:9:2,65:2:7,65:2:9,2MP,2MP,0,qac_v0.4_aligned,numbered_aligned
65:2,65:2:9:2,65:2:13:2,65:2:9,65:2:13,2MP,2MP,0,qac_v0.4_aligned,numbered_aligned
65:2,65:2:13:2,65:2:17:1,65:2:13,65:2:17,2MP,3MS,1,qac_v0.4_aligned,numbered_aligned
65:2,65:2:17:1,65:2:20:1,65:2:17,65:2:20,3MS,3MS,0,qac_v0.4_aligned,numbered_aligned
65:2,65:2:20:1,65:2:21:1,65:2:20,65:2:21,3MS,3MS,0,qac_v0.4_aligned,numbered_aligned
65:2,65:2:21:1,65:2:26:1,65:2:21,65:2:26,3MS,3MS,0,qac_v0.4_aligned,numbered_aligned
65:2,65:2:26:1,65:2:28:1,65:2:26,65:2:28,3MS,3MS,0,qac_v0.4_aligned,numbered_aligned
65:3,65:3:1:2,65:3:5:1,65:3:1,65:3:5,3MS,3MS,0,qac_v0.4_aligned,numbered_aligned
65:3,65:3:5:1,65:3:7:1,65:3:5,65:3:7,3MS,3MS,0,qac_v0.4_aligned,numbered_aligned
65:3,65:3:7:1,65:3:17:1,65:3:7,65:3:17,3MS,3MS,0,qac_v0.4_aligned,numbered_aligned
65:4,65:4:2:1,65:4:8:1,65:4:2,65:4:8,3FP,2MP,1,qac_v0.4_aligned,numbered_aligned
65:4,65:4:8:1,65:4:14:1,65:4:8,65:4:14,2MP,3FP,1,qac_v0.4_aligned,numbered_aligned
65:4,65:4:14:1,65:4:19:1,65:4:14,65:4:19,3FP,3FP,0,qac_v0.4_aligned,numbered_aligned
65:4,65:4:19:1,65:4:22:1,65:4:19,65:4:22,3FP,3MS,0,qac_v0.4_aligned,numbered_aligned
65:4,65:4:22:1,65:4:24:1,65:4:22,65:4:24,3MS,3MS,0,qac_v0.4_aligned,numbered_aligned
65:5,65:5:4:1,65:5:7:1,65:5:4,65:5:7,3MS,3MS,0,qac_v0.4_aligned,numbered_aligned
65:5,65:5:7:1,65:5:9:1,65:5:7,65:5:9,3MS,3MS,0,qac_v0.4_aligned,numbered_aligned
65:5,65:5:9:1,65:5:12:2,65:5:9,65:5:12,3MS,3MS,0,qac_v0.4_aligned,numbered_aligned
65:6,65:6:1:1,65:6:4:1,65:6:1,65:6:4,2MP,2MP,0,qac_v0.4_aligned,numbered_aligned
65:6,65:6:4:1,65:6:8:1,65:6:4,65:6:8,2MP,2MP,0,qac_v0.4_aligned,numbered_aligned
65:6,65:6:8:1,65:6:9:2,65:6:8,65:6:9,2MP,2MP,0,qac_v0.4_aligned,numbered_aligned
65:6,65:6:9:2,65:6:12:1,65:6:9,65:6:12,2MP,3FP,1,qac_v0.4_aligned,numbered_aligned
65:6,65:6:12:1,65:6:15:2,65:6:12,65:6:15,3FP,2MP,1,qac_v0.4_aligned,numbered_aligned
65:6,65:6:15:2,65:6:18:1,65:6:15,65:6:18,2MP,3FP,1,qac_v0.4_aligned,numbered_aligned
65:6,65:6:18:1,65:6:21:1,65:6:18,65:6:21,3FP,3FP,0,qac_v0.4_aligned,numbered_aligned
65:6,65:6:25:2,65:6:29:1,65:6:25,65:6:29,2MP,2MP,0,qac_v0.4_aligned,numbered_aligned
65:6,65:6:29:1,65:6:30:3,65:6:29,65:6:30,2MP,3FS,1,qac_v0.4_aligned,numbered_aligned
65:7,65:7:1:2,65:7:7:1,65:7:1,65:7:7,3MS,3MS,0,qac_v0.4_aligned,numbered_aligned
65:7,65:7:7:1,65:7:10:3,65:7:7,65:7:10,3MS,3MS,0,qac_v0.4_aligned,numbered_aligned
65:8,65:8:4:1,65:8:9:2,65:8:4,65:8:9,3FS,1P,1,qac_v0.4_aligned,numbered_aligned
65:8,65:8:9:2,65:8:12:2,65:8:9,65:8:12,1P,1P,0,qac_v0.4_aligned,numbered_aligned
65:9,65:9:1:2,65:9:4:2,65:9:1,65:9:4,3FS,3MS,0,qac_v0.4_aligned,numbered_aligned
65:11,65:11:10:2,65:11:17:1,65:11:10,65:11:17,3MP,3MS,0,qac_v0.4_aligned,numbered_aligned
65:11,65:11:17:1,65:11:19:2,65:11:17,65:11:19,3MS,3MS,0,qac_v0.4_aligned,numbered_aligned
65:11,65:11:19:2,65:11:21:1,65:11:19,65:11:21,3MS,3MS,0,qac_v0.4_aligned,numbered_aligned
65:12,65:12:3:1,65:12:9:1,65:12:3,65:12:9,3MS,3MS,0,qac_v0.4_aligned,numbered_aligned
65:12,65:12:9:1,65:12:12:2,65:12:9,65:12:12,3MS,2MP,1,qac_v0.4_aligned,numbered_aligned
65:12,65:12:12:2,65:12:22:1,65:12:12,65:12:22,2MP,3MS,1,qac_v0.4_aligned,numbered_aligned
66:1,66:1:4:1,66:1:6:1,66:1:9,66:1:11,2MS,3MS,1,qac_v0.4_aligned,numbered_aligned
66:3,66:3:2:1,66:3:9:1,66:3:2,66:3:9,3MS,3FS,0,qac_v0.4_aligned,numbered_aligned
66:3,66:3:9:1,66:3:11:2,66:3:9,66:3:11,3FS,3MS,0,qac_v0.4_aligned,numbered_aligned
66:3,66:3:11:2,66:3:14:1,66:3:11,66:3:14,3MS,3MS,0,qac_v0.4_aligned,numbered_aligned
66:3,66:3:14:1,66:3:16:2,66:3:14,66:3:16,3MS,3MS,0,qac_v0.4_aligned,numbered_aligned
66:3,66:3:16:2,66:3:20:1,66:3:16,66:3:20,3MS,3MS,0,qac_v0.4_aligned,numbered_aligned
66:3,66:3:20:1,66:3:22:1,66:3:20,66:3:22,3MS,3FS,0,qac_v0.4_aligned,numbered_aligned
66:3,66:3:22:1,66:3:24:1,66:3:22,66:3:24,3FS,3MS,0,qac_v0.4_aligned,numbered_aligned
66:3,66:3:24:1,66:3:26:1,66:3:24,66:3:26,3MS,3MS,0,qac_v0.4_aligned,numbered_aligned
66:4,66:4:2:1,66:4:6:1,66:4:2,66:4:6,2D,3FS,1,qac_v0.4_aligned,numbered_aligned
66:4,66:4:6:1,66:4:9:1,66:4:6,66:4:9,3FS,2FD,1,qac_v0.4_aligned,numbered_aligned
66:5,66:5:1:1,66:5:4:1,66:5:1,66:5:4,3MS,3MS,0,qac_v0.4_aligned,numbered_aligned
66:5,66:5:4:1,66:5:6:1,66:5:4,66:5:6,3MS,3MS,0,qac_v0.4_aligned,numbered_aligned
66:6,66:6:4:1,66:6:16:1,66:6:5,66:6:17,2MP,3MP,1,qac_v0.4_aligned,numbered_aligned
66:6,66:6:16:1,66:6:19:1,66:6:17,66:6:20,3MP,3MS,0,qac_v0.4_aligned,numbered_aligned
66:6,66:6:19:1,66:6:20:2,66:6:20,66:6:21,3MS,3MP,0,qac_v0.4_aligned,numbered_aligned
66:6,66:6:20:2,66:6:22:1,66:6:21,66:6:23,3MP,3MP,0,qac_v0.4_aligned,numbered_aligned
66:7,66:7:3:1,66:7:5:1,66:7:4,66:7:6,3MP,2MP,1,qac_v0.4_aligned,numbered_aligned
66:7,66:7:5:1,66:7:8:1,66:7:6,66:7:9,2MP,2MP,0,qac_v0.4_aligned,numbered_aligned
66:7,66:7:8:1,66:7:10:1,66:7:9,66:7:11,2MP,2MP,0,qac_v0.4_aligned,numbered_aligned
66:7,66:7:10:1,66:7:11:1,66:7:11,66:7:12,2MP,2MP,0,qac_v0.4_aligned,numbered_aligned
66:8,66:8:4:1,66:8:9:1,66:8:5,66:8:10,2MP,3MS,1,qac_v0.4_aligned,numbered_aligned
66:8,66:8:9:1,66:8:12:1,66:8:10,66:8:13,3MS,3MS,0,qac_v0.4_aligned,numbered_aligned
66:8,66:8:12:1,66:8:15:2,66:8:13,66:8:16,3MS,3MS,0,qac_v0.4_aligned,numbered_aligned
66:8,66:8:30:1,66:8:34:1,66:8:31,66:8:35,3MS,3MP,0,qac_v0.4_aligned,numbered_aligned
66:8,66:8:34:1,66:8:36:1,66:8:35,66:8:37,3MP,2MS,1,qac_v0.4_aligned,numbered_aligned
66:8,66:8:36:1,66:8:39:2,66:8:37,66:8:40,2MS,2MS,0,qac_v0.4_aligned,numbered_aligned
66:9,66:9:3:1,66:9:6:2,66:9:4,66:9:7,2MS,2MS,0,qac_v0.4_aligned,numbered_aligned
66:9,66:9:6:2,66:9:10:2,66:9:7,66:9:11,2MS,3MS,1,qac_v0.4_aligned,numbered_aligned
66:10,66:10:1:1,66:10:5:1,66:10:1,66:10:5,3MS,3MP,0,qac_v0.4_aligned,numbered_aligned
66:10,66:10:5:1,66:10:10:1,66:10:5,66:10:10,3MP,3FD,0,qac_v0.4_aligned,numbered_aligned
66:10,66:10:10:1,66:10:16:2,66:10:10,66:10:16,3FD,3FD,0,qac_v0.4_aligned,numbered_aligned
66:10,66:10:16:2,66:10:18:1,66:10:16,66:10:18,3FD,3MD,0,qac_v0.4_aligned,numbered_aligned
66:10,66:10:18:1,66:10:23:2,66:10:18,66:10:23,3MD,3MS,0,qac_v0.4_aligned,numbered_aligned
66:10,66:10:23:2,66:10:24:1,66:10:23,66:10:24,3MS,2MD,1,qac_v0.4_aligned,numbered_aligned
66:11,66:11:9:1,66:11:11:1,66:11:9,66:11:11,3FS,2MS,1,qac_v0.4_aligned,numbered_aligned
66:12,66:12:5:1,66:12:7:2,66:12:5,66:12:7,3FS,1P,1,qac_v0.4_aligned,numbered_aligned
66:12,66:12:7:2,66:12:11:2,66:12:7,66:12:11,1P,3FS,1,qac_v0.4_aligned,numbered_aligned
66:12,66:12:11:2,66:12:15:2,66:12:11,66:12:15,3FS,3FS,0,qac_v0.4_aligned,numbered_aligned
67:2,67:2:2:1,67:2:5:2,67:2:2,67:2:5,3MS,3MS,0,qac_v0.4_aligned,numbered_aligned
67:3,67:3:2:1,67:3:7:1,67:3:2,67:3:7,3MS,2MS,1,qac_v0.4_aligned,numbered_aligned
67:3,67:3:7:1,67:3:13:2,67:3:7,67:3:13,2MS,2MS,0,qac_v0.4_aligned,numbered_aligned
67:3,67:3:13:2,67:3:16:1,67:3:13,67:3:16,2MS,2MS,0,qac_v0.4_aligned,numbered_aligned
67:4,67:4:2:1,67:4:5:1,67:4:2,67:4:5,2MS,3MS,1,qac_v0.4_aligned,numbered_aligned
67:5,67:5:2:1,67:5:6:2,67:5:2,67:5:6,1P,1P,0,qac_v0.4_aligned,numbered_aligned
67:5,67:5:6:2,67:5:9:2,67:5:6,67:5:9,1P,1P,0,qac_v0.4_aligned,numbered_aligned
67:6,67:6:2:1,67:6:6:2,67:6:2,67:6:6,3MP,3MS,0,qac_v0.4_aligned,numbered_aligned
67:7,67:7:2:1,67:7:4:1,67:7:2,67:7:4,3MP,3MP,0,qac_v0.4_aligned,numbered_aligned
67:7,67:7:4:1,67:7:8:1,67:7:4,67:7:8,3MP,3FS,0,qac_v0.4_aligned,numbered_aligned
67:8,67:8:1:1,67:8:2:1,67:8:1,67:8:2,3FS,3FS,0,qac_v0.4_aligned,numbered_aligned
67:8,67:8:9:1,67:8:12:1,67:8:9,67:8:12,3MS,3MS,0,qac_v0.4_aligned,numbered_aligned
67:9,67:9:1:1,67:9:4:1,67:9:1,67:9:4,3MP,3MS,0,qac_v0.4_aligned,numbered_aligned
67:9,67:9:4:1,67:9:6:2,67:9:4,67:9:6,3MS,1P,1,qac_v0.4_aligned,numbered_aligned
67:9,67:9:6:2,67:9:7:2,67:9:6,67:9:7,1P,1P,0,qac_v0.4_aligned,numbered_aligned
67:9,67:9:7:2,67:9:9:1,67:9:7,67:9:9,1P,3MS,1,qac_v0.4_aligned,numbered_aligned
67:10,67:10:1:2,67:10:3:1,67:10:1,67:10:3,3MP,1P,1,qac_v0.4_aligned,numbered_aligned
67:10,67:10:3:1,67:10:4:1,67:10:3,67:10:4,1P,1P,0,qac_v0.4_aligned,numbered_aligned
67:10,67:10:4:1,67:10:6:1,67:10:4,67:10:6,1P,1P,0,qac_v0.4_aligned,numbered_aligned
67:10,67:10:6:1,67:10:8:1,67:10:6,67:10:8,1P,1P,0,qac_v0.4_aligned,numbered_aligned
67:13,67:13:1:2,67:13:4:1,67:13:1,67:13:4,2MP,2MP,0,qac_v0.4_aligned,numbered_aligned
67:14,67:14:2:1,67:14:4:1,67:14:2,67:14:4,3MS,3MS,0,qac_v0.4_aligned,numbered_aligned
67:15,67:15:3:1,67:15:7:2,67:15:3,67:15:7,3MS,2MP,1,qac_v0.4_aligned,numbered_aligned
67:15,67:15:7:2,67:15:10:2,67:15:7,67:15:10,2MP,2MP,0,qac_v0.4_aligned,numbered_aligned
67:16,67:16:6:1,67:16:11:1,67:16:6,67:16:11,3MS,3FS,0,qac_v0.4_aligned,numbered_aligned
67:17,67:17:2:1,67:17:7:1,67:17:2,67:17:7,2MP,3MS,1,qac_v0.4_aligned,numbered_aligned
67:17,67:17:7:1,67:17:10:3,67:17:7,67:17:10,3MS,2MP,1,qac_v0.4_aligned,numbered_aligned
67:18,67:18:2:1,67:18:7:1,67:18:2,67:18:7,3MS,3MS,0,qac_v0.4_aligned,numbered_aligned
67:19,67:19:2:1,67:19:7:2,67:19:2,67:19:7,3MP,3FP,0,qac_v0.4_aligned,numbered_aligned
67:19,67:19:7:2,67:19:9:1,67:19:7,67:19:9,3FP,3MS,0,qac_v0.4_aligned,numbered_aligned
67:21,67:21:4:1,67:21:6:1,67:21:4,67:21:6,3MS,3MS,0,qac_v0.4_aligned,numbered_aligned
67:21,67:21:6:1,67:21:9:1,67:21:6,67:21:9,3MS,3MP,0,qac_v0.4_aligned,numbered_aligned
67:23,67:23:1:1,67:23:4:1,67:23:1,67:23:4,2MS,3MS,1,qac_v0.4_aligned,numbered_aligned
67:23,67:23:4:1,67:23:5:2,67:23:4,67:23:5,3MS,3MS,0,qac_v0.4_aligned,numbered_aligned
67:23,67:23:5:2,67:23:12:1,67:23:5,67:23:12,3MS,2MP,1,qac_v0.4_aligned,numbered_aligned
67:24,67:24:1:1,67:24:4:1,67:24:1,67:24:4,2MS,3MS,1,qac_v0.4_aligned,numbered_aligned
67:24,67:24:4:1,67:24:8:1,67:24:4,67:24:8,3MS,2MP,1,qac_v0.4_aligned,numbered_aligned
67:25,67:25:1:2,67:25:6:1,67:25:1,67:25:6,3MP,2MP,1,qac_v0.4_aligned,numbered_aligned
67:27,67:27:7:1,67:27:8:2,67:27:7,67:27:8,3MP,3MS,0,qac_v0.4_aligned,numbered_aligned
67:27,67:27:8:2,67:27:11:1,67:27:8,67:27:11,3MS,2MP,1,qac_v0.4_aligned,numbered_aligned
67:27,67:27:11:1,67:27:13:1,67:27:11,67:27:13,2MP,2MP,0,qac_v0.4_aligned,numbered_aligned
67:28,67:28:9:1,67:28:11:1,67:28:9,67:28:11,3MS,3MS,0,qac_v0.4_aligned,numbered_aligned
67:29,67:29:7:1,67:29:8:3,67:29:7,67:29:8,1P,2MP,1,qac_v0.4_aligned,numbered_aligned
67:30,67:30:4:1,67:30:8:1,67:30:4,67:30:8,3MS,3MS,0,qac_v0.4_aligned,numbered_aligned
68:5,68:5:1:3,68:5:2:2,68:5:1,68:5:2,2MS,3MP,1,qac_v0.4_aligned,numbered_aligned
68:9,68:9:1:1,68:9:3:1,68:9:1,68:9:3,3MP,2MS,1,qac_v0.4_aligned,numbered_aligned
68:9,68:9:3:1,68:9:4:2,68:9:3,68:9:4,2MS,3MP,1,qac_v0.4_aligned,numbered_aligned
68:15,68:15:2:1,68:15:5:1,68:15:2,68:15:5,3FS,3MS,0,qac_v0.4_aligned,numbered_aligned
68:17,68:17:2:1,68:17:4:1,68:17:2,68:17:4,1P,1P,0,qac_v0.4_aligned,numbered_aligned
68:17,68:17:4:1,68:17:8:1,68:17:4,68:17:8,1P,3MP,1,qac_v0.4_aligned,numbered_aligned
68:17,68:17:8:1,68:17:9:2,68:17:8,68:17:9,3MP,3MP,0,qac_v0.4_aligned,numbered_aligned
68:22,68:22:2:1,68:22:6:1,68:22:2,68:22:6,2MP,2MP,0,qac_v0.4_aligned,numbered_aligned
68:23,68:23:1:2,68:23:3:1,68:23:1,68:23:3,3MP,3MP,0,qac_v0.4_aligned,numbered_aligned
68:26,68:26:2:1,68:26:3:1,68:26:2,68:26:3,3MP,3MP,0,qac_v0.4_aligned,numbered_aligned
68:28,68:28:1:1,68:28:4:1,68:28:1,68:28:4,3MS,1S,1,qac_v0.4_aligned,numbered_aligned
68:28,68:28:4:1,68:28:7:1,68:28:4,68:28:7,1S,2MP,1,qac_v0.4_aligned,numbered_aligned
68:29,68:29:1:1,68:29:5:1,68:29:1,68:29:5,3MP,1P,1,qac_v0.4_aligned,numbered_aligned
68:30,68:30:1:2,68:30:5:1,68:30:1,68:30:5,3MS,3MP,0,qac_v0.4_aligned,numbered_aligned
68:31,68:31:1:1,68:31:4:1,68:31:1,68:31:5,3MP,1P,1,qac_v0.4_aligned,numbered_aligned
68:32,68:32:1:1,68:32:4:1,68:32:1,68:32:4,3MS,3MS,0,qac_v0.4_aligned,numbered_aligned
68:33,68:33:7:1,68:33:8:1,68:33:7,68:33:8,3MP,3MP,0,qac_v0.4_aligned,numbered_aligned
68:41,68:41:4:3,68:41:7:1,68:41:4,68:41:7,3MP,3MP,0,qac_v0.4_aligned,numbered_aligned
68:42,68:42:2:1,68:42:5:2,68:42:2,68:42:5,3MS,3MP,0,qac_v0.4_aligned,numbered_aligned
68:42,68:42:5:2,68:42:9:1,68:42:5,68:42:9,3MP,3MP,0,qac_v0.4_aligned,numbered_aligned
68:43,68:43:3:1,68:43:6:1,68:43:3,68:43:6,3FS,3MP,0,qac_v0.4_aligned,numbered_aligned
68:43,68:43:6:1,68:43:7:1,68:43:6,68:43:7,3MP,3MP,0,qac_v0.4_aligned,numbered_aligned
68:44,68:44:3:1,68:44:6:2,68:44:3,68:44:6,3MS,1P,1,qac_v0.4_aligned,numbered_aligned
68:44,68:44:6:2,68:44:10:1,68:44:6,68:44:10,1P,3MP,1,qac_v0.4_aligned,numbered_aligned
68:48,68:48:1:2,68:48:5:1,68:48:1,68:48:5,2MS,2MS,0,qac_v0.4_aligned,numbered_aligned
68:48,68:48:5:1,68:48:9:1,68:48:5,68:48:9,2MS,3MS,1,qac_v0.4_aligned,numbered_aligned
68:49,68:49:3:1,68:49:7:2,68:49:3,68:49:7,3MS,3MS,0,qac_v0.4_aligned,numbered_aligned
68:50,68:50:1:2,68:50:3:2,68:50:1,68:50:3,3MS,3MS,0,qac_v0.4_aligned,numbered_aligned
68:51,68:51:2:1,68:51:4:1,68:51:2,68:51:4,3MS,3MP,0,qac_v0.4_aligned,numbered_aligned
68:51,68:51:4:1,68:51:5:2,68:51:4,68:51:5,3MP,3MP,0,qac_v0.4_aligned,numbered_aligned
68:51,68:51:5:2,68:51:8:1,68:51:5,68:51:8,3MP,3MP,0,qac_v0.4_aligned,numbered_aligned
68:51,68:51:8:1,68:51:10:2,68:51:8,68:51:10,3MP,3MP,0,qac_v0.4_aligned,numbered_aligned
69:7,69:7:1:1,69:7:8:2,69:7:1,69:7:8,3MS,2MS,1,qac_v0.4_aligned,numbered_aligned
69:10,69:10:1:2,69:10:4:2,69:10:1,69:10:4,3MP,3MS,0,qac_v0.4_aligned,numbered_aligned
69:12,69:12:1:2,69:12:4:2,69:12:1,69:12:4,1P,3FS,1,qac_v0.4_aligned,numbered_aligned
69:14,69:14:1:2,69:14:4:2,69:14:1,69:14:4,3FS,3FD,0,qac_v0.4_aligned,numbered_aligned
69:18,69:18:2:1,69:18:4:1,69:18:2,69:18:4,2MP,2MS,0,qac_v0.4_aligned,numbered_aligned
69:19,69:19:6:2,69:19:8:1,69:19:6,69:19:8,3MS,2MP,1,qac_v0.4_aligned,numbered_aligned
69:24,69:24:1:1,69:24:2:2,69:24:1,69:24:2,2MP,2MP,0,qac_v0.4_aligned,numbered_aligned
69:24,69:24:2:2,69:24:5:1,69:24:2,69:24:5,2MP,2MP,0,qac_v0.4_aligned,numbered_aligned
69:30,69:30:1:1,69:30:2:2,69:30:1,69:30:2,2MP,2MP,0,qac_v0.4_aligned,numbered_aligned
69:33,69:33:2:1,69:33:4:1,69:33:2,69:33:4,3MS,3MS,0,qac_v0.4_aligned,numbered_aligned
69:38,69:38:2:1,69:38:4:1,69:38:2,69:38:4,1S,2MP,1,qac_v0.4_aligned,numbered_aligned
70:4,70:4:1:1,70:4:7:1,70:4:1,70:4:7,3FS,3MS,0,qac_v0.4_aligned,numbered_aligned
70:11,70:11:1:1,70:11:2:1,70:11:1,70:11:2,3MP,3MS,0,qac_v0.4_aligned,numbered_aligned
70:17,70:17:3:1,70:17:4:2,70:17:3,70:17:4,3MS,3MS,0,qac_v0.4_aligned,numbered_aligned
70:18,70:18:1:2,70:18:2:2,70:18:1,70:18:2,3MS,3MS,0,qac_v0.4_aligned,numbered_aligned
70:38,70:38:1:2,70:38:6:1,70:38:1,70:38:6,3MS,3MS,0,qac_v0.4_aligned,numbered_aligned
70:39,70:39:3:1,70:39:5:1,70:39:3,70:39:5,1P,3MP,1,qac_v0.4_aligned,numbered_aligned
70:42,70:42:1:2,70:42:2:1,70:42:1,70:42:2,2MS,3MP,1,qac_v0.4_aligned,numbered_aligned
70:42,70:42:2:1,70:42:3:2,70:42:2,70:42:3,3MP,3MP,0,qac_v0.4_aligned,numbered_aligned
70:42,70:42:3:2,70:42:5:1,70:42:3,70:42:5,3MP,3MP,0,qac_v0.4_aligned,numbered_aligned
70:42,70:42:5:1,70:42:8:1,70:42:5,70:42:8,3MP,3MP,0,qac_v0.4_aligned,numbered_aligned
70:43,70:43:2:1,70:43:9:1,70:43:2,70:43:9,3MP,3MP,0,qac_v0.4_aligned,numbered_aligned
70:44,70:44:3:1,70:44:8:1,70:44:3,70:44:8,3FS,3MP,0,qac_v0.4_aligned,numbered_aligned
70:44,70:44:8:1,70:44:9:1,70:44:8,70:44:9,3MP,3MP,0,qac_v0.4_aligned,numbered_aligned
71:1,71:1:2:1,71:1:7:1,71:1:6,71:1:11,1P,2MS,1,qac_v0.4_aligned,numbered_aligned
71:1,71:1:7:1,71:1:12:1,71:1:11,71:1:16,2MS,3MS,1,qac_v0.4_aligned,numbered_aligned
71:3,71:3:2:1,71:3:4:2,71:3:2,71:3:4,2MP,2MP,0,qac_v0.4_aligned,numbered_aligned
71:3,71:3:4:2,71:3:5:2,71:3:4,71:3:5,2MP,2MP,0,qac_v0.4_aligned,numbered_aligned
71:4,71:4:1:1,71:4:5:2,71:4:1,71:4:5,3MS,3MS,0,qac_v0.4_aligned,numbered_aligned
71:4,71:4:5:2,71:4:13:1,71:4:5,71:4:13,3MS,3MS,0,qac_v0.4_aligned,numbered_aligned
71:4,71:4:13:1,71:4:15:1,71:4:13,71:4:15,3MS,3MS,0,qac_v0.4_aligned,numbered_aligned
71:4,71:4:15:1,71:4:17:1,71:4:15,71:4:17,3MS,2MP,1,qac_v0.4_aligned,numbered_aligned
71:4,71:4:17:1,71:4:18:1,71:4:17,71:4:18,2MP,2MP,0,qac_v0.4_aligned,numbered_aligned
71:5,71:5:1:1,71:5:4:1,71:5:1,71:5:4,3MS,1S,1,qac_v0.4_aligned,numbered_aligned
71:7,71:7:3:1,71:7:4:2,71:7:3,71:7:4,1S,2MS,1,qac_v0.4_aligned,numbered_aligned
71:7,71:7:4:2,71:7:6:1,71:7:4,71:7:6,2MS,3MP,1,qac_v0.4_aligned,numbered_aligned
71:7,71:7:6:1,71:7:10:2,71:7:6,71:7:10,3MP,3MP,0,qac_v0.4_aligned,numbered_aligned
71:7,71:7:10:2,71:7:12:2,71:7:10,71:7:12,3MP,3MP,0,qac_v0.4_aligned,numbered_aligned
71:7,71:7:12:2,71:7:13:2,71:7:12,71:7:13,3MP,3MP,0,qac_v0.4_aligned,numbered_aligned
71:9,71:9:3:1,71:9:5:2,71:9:3,71:9:5,1S,1S,0,qac_v0.4_aligned,numbered_aligned
71:10,71:10:1:2,71:10:2:1,71:10:1,71:10:2,1S,2MP,1,qac_v0.4_aligned,numbered_aligned
71:10,71:10:2:1,71:10:5:1,71:10:2,71:10:5,2MP,3MS,1,qac_v0.4_aligned,numbered_aligned
71:12,71:12:1:2,71:12:4:2,71:12:1,71:12:4,3MS,3MS,0,qac_v0.4_aligned,numbered_aligned
71:12,71:12:4:2,71:12:7:2,71:12:4,71:12:7,3MS,3MS,0,qac_v0.4_aligned,numbered_aligned
71:15,71:15:2:1,71:15:4:1,71:15:2,71:15:4,2MP,3MS,1,qac_v0.4_aligned,numbered_aligned
71:16,71:16:1:2,71:16:5:2,71:16:1,71:16:5,3MS,3MS,0,qac_v0.4_aligned,numbered_aligned
71:18,71:18:2:1,71:18:4:2,71:18:2,71:18:4,3MS,3MS,0,qac_v0.4_aligned,numbered_aligned
71:21,71:21:6:2,71:21:9:1,71:21:6,71:21:9,3MP,3MS,0,qac_v0.4_aligned,numbered_aligned
71:23,71:23:1:2,71:23:3:1,71:23:1,71:23:3,3MP,2MP,1,qac_v0.4_aligned,numbered_aligned
71:23,71:23:3:1,71:23:6:1,71:23:3,71:23:6,2MP,2MP,0,qac_v0.4_aligned,numbered_aligned
71:24,71:24:2:1,71:24:5:1,71:24:2,71:24:5,3MP,2MS,1,qac_v0.4_aligned,numbered_aligned
71:25,71:25:3:1,71:25:4:2,71:25:3,71:25:4,3MP,3MP,0,qac_v0.4_aligned,numbered_aligned
71:25,71:25:4:2,71:25:7:1,71:25:4,71:25:7,3MP,3MP,0,qac_v0.4_aligned,numbered_aligned
71:26,71:26:1:2,71:26:5:1,71:26:1,71:26:5,3MS,2MS,1,qac_v0.4_aligned,numbered_aligned
71:27,71:27:3:1,71:27:4:1,71:27:3,71:27:4,2MS,3MP,1,qac_v0.4_aligned,numbered_aligned
71:27,71:27:4:1,71:27:7:1,71:27:4,71:27:7,3MP,3MP,0,qac_v0.4_aligned,numbered_aligned
71:28,71:28:2:1,71:28:6:1,71:28:2,71:28:6,2MS,3MS,1,qac_v0.4_aligned,numbered_aligned
71:28,71:28:6:1,71:28:12:1,71:28:6,71:28:12,3MS,2MS,1,qac_v0.4_aligned,numbered_aligned
72:1,72:1:5:1,72:1:9:2,72:1:9,72:1:13,3MS,3MP,0,qac_v0.4_aligned,numbered_aligned
72:1,72:1:9:2,72:1:11:1,72:1:13,72:1:15,3MP,1P,1,qac_v0.4_aligned,numbered_aligned
72:3,72:3:2:1,72:3:6:1,72:3:2,72:3:6,3MS,3MS,0,qac_v0.4_aligned,numbered_aligned
72:4,72:4:2:1,72:4:3:1,72:4:2,72:4:3,3MS,3MS,0,qac_v0.4_aligned,numbered_aligned
72:5,72:5:2:1,72:5:5:1,72:5:2,72:5:5,1P,3FS,1,qac_v0.4_aligned,numbered_aligned
72:6,72:6:2:1,72:6:6:1,72:6:2,72:6:6,3MS,3MP,0,qac_v0.4_aligned,numbered_aligned
72:6,72:6:6:1,72:6:10:2,72:6:6,72:6:10,3MP,3MP,0,qac_v0.4_aligned,numbered_aligned
72:7,72:7:2:1,72:7:4:1,72:7:2,72:7:4,3MP,2MP,1,qac_v0.4_aligned,numbered_aligned
72:7,72:7:4:1,72:7:7:1,72:7:4,72:7:7,2MP,3MS,1,qac_v0.4_aligned,numbered_aligned
72:8,72:8:2:1,72:8:4:2,72:8:2,72:8:4,1P,1P,0,qac_v0.4_aligned,numbered_aligned
72:8,72:8:4:2,72:8:5:1,72:8:4,72:8:5,1P,3FS,1,qac_v0.4_aligned,numbered_aligned
72:9,72:9:2:1,72:9:3:1,72:9:2,72:9:3,1P,1P,0,qac_v0.4_aligned,numbered_aligned
72:9,72:9:3:1,72:9:8:1,72:9:3,72:9:8,1P,3MS,1,qac_v0.4_aligned,numbered_aligned
72:9,72:9:8:1,72:9:10:1,72:9:8,72:9:10,3MS,3MS,0,qac_v0.4_aligned,numbered_aligned
72:10,72:10:5:1,72:10:10:1,72:10:5,72:10:10,3MS,3MS,0,qac_v0.4_aligned,numbered_aligned
72:12,72:12:2:1,72:12:5:1,72:12:2,72:12:5,1P,1P,0,qac_v0.4_aligned,numbered_aligned
72:12,72:12:5:1,72:12:10:1,72:12:5,72:12:10,1P,1P,0,qac_v0.4_aligned,numbered_aligned
72:13,72:13:8:1,72:13:11:1,72:13:8,72:13:11,3MS,3MS,0,qac_v0.4_aligned,numbered_aligned
72:14,72:14:7:1,72:14:9:1,72:14:7,72:14:9,3MS,3MP,0,qac_v0.4_aligned,numbered_aligned
72:17,72:17:1:2,72:17:4:1,72:17:1,72:17:4,1P,3MS,1,qac_v0.4_aligned,numbered_aligned
72:17,72:17:4:1,72:17:8:1,72:17:4,72:17:8,3MS,3MS,0,qac_v0.4_aligned,numbered_aligned
72:19,72:19:3:1,72:19:6:1,72:19:3,72:19:6,3MS,3MS,0,qac_v0.4_aligned,numbered_aligned
72:19,72:19:6:1,72:19:7:1,72:19:6,72:19:7,3MS,3MP,0,qac_v0.4_aligned,numbered_aligned
72:19,72:19:7:1,72:19:8:1,72:19:7,72:19:8,3MP,3MP,0,qac_v0.4_aligned,numbered_aligned
72:21,72:21:1:1,72:21:4:1,72:21:1,72:21:4,2MS,1S,1,qac_v0.4_aligned,numbered_aligned
72:24,72:24:3:1,72:24:5:1,72:24:3,72:24:5,3MP,3MP,0,qac_v0.4_aligned,numbered_aligned
72:24,72:24:5:1,72:24:6:3,72:24:5,72:24:6,3MP,3MP,0,qac_v0.4_aligned,numbered_aligned
72:25,72:25:6:1,72:25:8:1,72:25:6,72:25:8,2MP,3MS,1,qac_v0.4_aligned,numbered_aligned
72:27,72:27:3:1,72:27:7:1,72:27:3,72:27:7,3MS,3MS,0,qac_v0.4_aligned,numbered_aligned
72:28,72:28:1:2,72:28:4:1,72:28:1,72:28:4,3MS,3MP,0,qac_v0.4_aligned,numbered_aligned
72:28,72:28:4:1,72:28:7:2,72:28:4,72:28:7,3MP,3MS,0,qac_v0.4_aligned,numbered_aligned
72:28,72:28:7:2,72:28:10:2,72:28:7,72:28:10,3MS,3MS,0,qac_v0.4_aligned,numbered_aligned
73:4,73:4:2:1,73:4:4:2,73:4:2,73:4:4,2MS,2MS,0,qac_v0.4_aligned,numbered_aligned
73:8,73:8:1:2,73:8:4:2,73:8:1,73:8:4,2MS,2MS,0,qac_v0.4_aligned,numbered_aligned
73:10,73:10:1:2,73:10:4:1,73:10:1,73:10:4,2MS,3MP,1,qac_v0.4_aligned,numbered_aligned
73:10,73:10:4:1,73:10:5:2,73:10:4,73:10:5,3MP,2MS,1,qac_v0.4_aligned,numbered_aligned
73:14,73:14:2:1,73:14:5:2,73:14:2,73:14:5,3FS,3FS,0,qac_v0.4_aligned,numbered_aligned
73:15,73:15:2:1,73:15:8:1,73:15:2,73:15:8,1P,1P,0,qac_v0.4_aligned,numbered_aligned
73:16,73:16:1:2,73:16:4:2,73:16:1,73:16:4,3MS,1P,1,qac_v0.4_aligned,numbered_aligned
73:17,73:17:2:1,73:17:4:1,73:17:2,73:17:4,2MP,2MP,0,qac_v0.4_aligned,numbered_aligned
73:17,73:17:4:1,73:17:6:1,73:17:4,73:17:6,2MP,3MS,1,qac_v0.4_aligned,numbered_aligned
73:19,73:19:5:1,73:19:6:1,73:19:5,73:19:6,3MS,3MS,0,qac_v0.4_aligned,numbered_aligned
73:20,73:20:3:1,73:20:5:1,73:20:3,73:20:5,3MS,2MS,1,qac_v0.4_aligned,numbered_aligned
73:20,73:20:5:1,73:20:17:1,73:20:5,73:20:17,2MS,3MS,1,qac_v0.4_aligned,numbered_aligned
73:20,73:20:17:1,73:20:20:1,73:20:17,73:20:20,3MS,3MS,0,qac_v0.4_aligned,numbered_aligned
73:20,73:20:20:1,73:20:23:1,73:20:20,73:20:23,3MS,2MP,1,qac_v0.4_aligned,numbered_aligned
73:20,73:20:23:1,73:20:24:2,73:20:23,73:20:24,2MP,3MS,1,qac_v0.4_aligned,numbered_aligned
73:20,73:20:24:2,73:20:26:2,73:20:24,73:20:26,3MS,2MP,1,qac_v0.4_aligned,numbered_aligned
73:20,73:20:26:2,73:20:28:1,73:20:26,73:20:28,2MP,3MS,1,qac_v0.4_aligned,numbered_aligned
73:20,73:20:28:1,73:20:31:1,73:20:28,73:20:31,3MS,3MS,0,qac_v0.4_aligned,numbered_aligned
73:20,73:20:31:1,73:20:33:2,73:20:31,73:20:33,3MS,3MS,0,qac_v0.4_aligned,numbered_aligned
73:20,73:20:33:2,73:20:37:1,73:20:33,73:20:37,3MS,3MP,0,qac_v0.4_aligned,numbered_aligned
73:20,73:20:37:1,73:20:40:1,73:20:37,73:20:40,3MP,3MP,0,qac_v0.4_aligned,numbered_aligned
73:20,73:20:40:1,73:20:45:1,73:20:40,73:20:45,3MP,3MP,0,qac_v0.4_aligned,numbered_aligned
73:20,73:20:45:1,73:20:49:2,73:20:45,73:20:49,3MP,2MP,1,qac_v0.4_aligned,numbered_aligned
73:20,73:20:49:2,73:20:51:1,73:20:49,73:20:51,2MP,3MS,1,qac_v0.4_aligned,numbered_aligned
73:20,73:20:51:1,73:20:53:2,73:20:51,73:20:53,3MS,2MP,1,qac_v0.4_aligned,numbered_aligned
73:20,73:20:57:2,73:20:62:1,73:20:57,73:20:62,2MP,2MP,0,qac_v0.4_aligned,numbered_aligned
73:20,73:20:62:1,73:20:66:1,73:20:62,73:20:66,2MP,2MP,0,qac_v0.4_aligned,numbered_aligned
73:20,73:20:66:1,73:20:73:2,73:20:66,73:20:73,2MP,2MP,0,qac_v0.4_aligned,numbered_aligned
74:2,74:2:1:1,74:2:2:2,74:2:1,74:2:2,2MS,2MS,0,qac_v0.4_aligned,numbered_aligned
74:6,74:6:2:1,74:6:3:1,74:6:2,74:6:3,2MS,2MS,0,qac_v0.4_aligned,numbered_aligned
74:15,74:15:2:1,74:15:4:1,74:15:2,74:15:4,3MS,1S,1,qac_v0.4_aligned,numbered_aligned
74:18,74:18:2:1,74:18:3:2,74:18:2,74:18:3,3MS,3MS,0,qac_v0.4_aligned,numbered_aligned
74:19,74:19:1:2,74:19:3:1,74:19:1,74:19:3,3MS,3MS,0,qac_v0.4_aligned,numbered_aligned
74:20,74:20:2:1,74:20:4:1,74:20:2,74:20:4,3MS,3MS,0,qac_v0.4_aligned,numbered_aligned
74:22,74:22:2:1,74:22:3:2,74:22:2,74:22:3,3MS,3MS,0,qac_v0.4_aligned,numbered_aligned
74:23,74:23:2:1,74:23:3:2,74:23:2,74:23:3,3MS,3MS,0,qac_v0.4_aligned,numbered_aligned
74:24,74:24:1:2,74:24:6:1,74:24:1,74:24:6,3MS,3MS,0,qac_v0.4_aligned,numbered_aligned
74:31,74:31:2:1,74:31:8:1,74:31:2,74:31:8,1P,1P,0,qac_v0.4_aligned,numbered_aligned
74:31,74:31:8:1,74:31:13:1,74:31:8,74:31:13,1P,3MP,1,qac_v0.4_aligned,numbered_aligned
74:31,74:31:13:1,74:31:14:2,74:31:13,74:31:14,3MP,3MS,0,qac_v0.4_aligned,numbered_aligned
74:31,74:31:14:2,74:31:16:1,74:31:14,74:31:16,3MS,3MP,0,qac_v0.4_aligned,numbered_aligned
74:31,74:31:16:1,74:31:18:2,74:31:16,74:31:18,3MP,3MS,0,qac_v0.4_aligned,numbered_aligned
74:31,74:31:23:1,74:31:25:1,74:31:23,74:31:25,3MS,3MP,0,qac_v0.4_aligned,numbered_aligned
74:31,74:31:25:1,74:31:28:3,74:31:25,74:31:28,3MP,3MS,0,qac_v0.4_aligned,numbered_aligned
74:31,74:31:28:3,74:31:35:1,74:31:28,74:31:35,3MS,3MS,0,qac_v0.4_aligned,numbered_aligned
74:31,74:31:35:1,74:31:40:1,74:31:35,74:31:40,3MS,3MS,0,qac_v0.4_aligned,numbered_aligned
74:31,74:31:40:1,74:31:43:1,74:31:40,74:31:43,3MS,3MS,0,qac_v0.4_aligned,numbered_aligned
74:31,74:31:46:1,74:31:48:1,74:31:46,74:31:48,3MS,3MS,0,qac_v0.4_aligned,numbered_aligned
74:37,74:37:2:1,74:37:5:1,74:37:2,74:37:5,3MS,3MS,0,qac_v0.4_aligned,numbered_aligned
74:37,74:37:5:1,74:37:7:1,74:37:5,74:37:7,3MS,3MS,0,qac_v0.4_aligned,numbered_aligned
74:43,74:43:1:1,74:43:3:1,74:43:1,74:43:3,3MP,1P,1,qac_v0.4_aligned,numbered_aligned
74:44,74:44:2:1,74:44:3:1,74:44:2,74:44:3,1P,1P,0,qac_v0.4_aligned,numbered_aligned
74:45,74:45:1:2,74:45:2:1,74:45:1,74:45:2,1P,1P,0,qac_v0.4_aligned,numbered_aligned
74:46,74:46:1:2,74:46:2:1,74:46:1,74:46:2,1P,1P,0,qac_v0.4_aligned,numbered_aligned
74:52,74:52:2:1,74:52:7:1,74:52:2,74:52:7,3MS,3MS,0,qac_v0.4_aligned,numbered_aligned
74:55,74:55:2:1,74:55:3:1,74:55:2,74:55:3,3MS,3MS,0,qac_v0.4_aligned,numbered_aligned
74:56,74:56:2:1,74:56:5:1,74:56:2,74:56:5,3MP,3MS,0,qac_v0.4_aligned,numbered_aligned
75:3,75:3:1:2,75:3:4:1,75:3:1,75:3:4,3MS,1P,1,qac_v0.4_aligned,numbered_aligned
75:5,75:5:2:1,75:5:4:2,75:5:2,75:5:4,3MS,3MS,0,qac_v0.4_aligned,numbered_aligned
75:13,75:13:5:1,75:13:6:2,75:13:5,75:13:6,3MS,3MS,0,qac_v0.4_aligned,numbered_aligned
75:16,75:16:2:1,75:16:5:2,75:16:2,75:16:5,2MS,2MS,0,qac_v0.4_aligned,numbered_aligned
75:18,75:18:2:1,75:18:3:2,75:18:2,75:18:3,1P,2MS,1,qac_v0.4_aligned,numbered_aligned
75:25,75:25:1:1,75:25:3:1,75:25:1,75:25:3,3FS,3MS,0,qac_v0.4_aligned,numbered_aligned
75:31,75:31:2:1,75:31:4:1,75:31:2,75:31:4,3MS,3MS,0,qac_v0.4_aligned,numbered_aligned
75:32,75:32:2:1,75:32:3:2,75:32:2,75:32:3,3MS,3MS,0,qac_v0.4_aligned,numbered_aligned
75:33,75:33:2:1,75:33:5:1,75:33:2,75:33:5,3MS,3MS,0,qac_v0.4_aligned,numbered_aligned
75:36,75:36:1:2,75:36:4:1,75:36:1,75:36:4,3MS,3MS,0,qac_v0.4_aligned,numbered_aligned
75:37,75:37:2:1,75:37:6:1,75:37:2,75:37:6,3MS,3MS,0,qac_v0.4_aligned,numbered_aligned
75:38,75:38:2:1,75:38:4:2,75:38:2,75:38:4,3MS,3MS,0,qac_v0.4_aligned,numbered_aligned
75:38,75:38:4:2,75:38:5:2,75:38:4,75:38:5,3MS,3MS,0,qac_v0.4_aligned,numbered_aligned
76:1,76:1:2:1,76:1:9:1,76:1:6,76:1:13,3MS,3MS,0,qac_v0.4_aligned,numbered_aligned
76:2,76:2:2:1,76:2:7:1,76:2:2,76:2:7,1P,1P,0,qac_v0.4_aligned,numbered_aligned
76:2,76:2:7:1,76:2:8:2,76:2:7,76:2:8,1P,1P,0,qac_v0.4_aligned,numbered_aligned
76:5,76:5:3:1,76:5:6:1,76:5:3,76:5:6,3MP,3MS,0,qac_v0.4_aligned,numbered_aligned
76:6,76:6:2:1,76:6:6:1,76:6:2,76:6:6,3MS,3MP,0,qac_v0.4_aligned,numbered_aligned
76:7,76:7:1:1,76:7:3:2,76:7:1,76:7:3,3MP,3MP,0,qac_v0.4_aligned,numbered_aligned
76:7,76:7:3:2,76:7:5:1,76:7:3,76:7:5,3MP,3MS,0,qac_v0.4_aligned,numbered_aligned
76:9,76:9:2:1,76:9:6:1,76:9:2,76:9:6,1P,1P,0,qac_v0.4_aligned,numbered_aligned
76:15,76:15:1:2,76:15:7:1,76:15:1,76:15:7,3MS,3FS,0,qac_v0.4_aligned,numbered_aligned
76:17,76:17:1:2,76:17:4:1,76:17:1,76:17:4,3MP,3MS,0,qac_v0.4_aligned,numbered_aligned
76:19,76:19:1:2,76:19:6:1,76:19:1,76:19:6,3MS,2MS,1,qac_v0.4_aligned,numbered_aligned
76:19,76:19:6:1,76:19:7:1,76:19:6,76:19:7,2MS,2MS,0,qac_v0.4_aligned,numbered_aligned
76:20,76:20:2:1,76:20:4:1,76:20:2,76:20:4,2MS,2MS,0,qac_v0.4_aligned,numbered_aligned
76:22,76:22:3:1,76:22:6:2,76:22:3,76:22:6,3MS,3MS,0,qac_v0.4_aligned,numbered_aligned
76:24,76:24:1:2,76:24:5:1,76:24:1,76:24:5,2MS,2MS,0,qac_v0.4_aligned,numbered_aligned
76:26,76:26:3:2,76:26:5:2,76:26:3,76:26:5,2MS,2MS,0,qac_v0.4_aligned,numbered_aligned
76:27,76:27:3:1,76:27:5:2,76:27:3,76:27:5,3MP,3MP,0,qac_v0.4_aligned,numbered_aligned
76:28,76:28:2:1,76:28:3:2,76:28:2,76:28:3,1P,1P,0,qac_v0.4_aligned,numbered_aligned
76:28,76:28:3:2,76:28:6:1,76:28:3,76:28:6,1P,1P,0,qac_v0.4_aligned,numbered_aligned
76:28,76:28:6:1,76:28:7:1,76:28:6,76:28:7,1P,1P,0,qac_v0.4_aligned,numbered_aligned
76:29,76:29:5:1,76:29:6:1,76:29:5,76:29:6,3MS,3MS,0,qac_v0.4_aligned,numbered_aligned
76:30,76:30:2:1,76:30:5:1,76:30:2,76:30:5,2MP,3MS,1,qac_v0.4_aligned,numbered_aligned
76:30,76:30:5:1,76:30:9:1,76:30:5,76:30:9,3MS,3MS,0,qac_v0.4_aligned,numbered_aligned
76:31,76:31:1:1,76:31:3:1,76:31:1,76:31:3,3MS,3MS,0,qac_v0.4_aligned,numbered_aligned
76:31,76:31:3:1,76:31:7:1,76:31:3,76:31:7,3MS,3MS,0,qac_v0.4_aligned,numbered_aligned
77:23,77:23:1:2,77:23:2:2,77:23:1,77:23:2,1P,3MS,1,qac_v0.4_aligned,numbered_aligned
77:27,77:27:1:2,77:27:5:2,77:27:1,77:27:5,1P,1P,0,qac_v0.4_aligned,numbered_aligned
77:29,77:29:1:1,77:29:4:1,77:29:1,77:29:4,2MP,2MP,0,qac_v0.4_aligned,numbered_aligned
77:29,77:29:4:1,77:29:6:1,77:29:4,77:29:6,2MP,2MP,0,qac_v0.4_aligned,numbered_aligned
77:36,77:36:2:1,77:36:4:2,77:36:2,77:36:4,3MS,3MP,0,qac_v0.4_aligned,numbered_aligned
77:39,77:39:2:1,77:39:5:2,77:39:2,77:39:5,3MS,2MP,1,qac_v0.4_aligned,numbered_aligned
77:43,77:43:1:1,77:43:2:2,77:43:1,77:43:2,2MP,2MP,0,qac_v0.4_aligned,numbered_aligned
77:43,77:43:2:2,77:43:5:1,77:43:2,77:43:5,2MP,2MP,0,qac_v0.4_aligned,numbered_aligned
77:43,77:43:5:1,77:43:6:1,77:43:5,77:43:6,2MP,2MP,0,qac_v0.4_aligned,numbered_aligned
77:46,77:46:1:1,77:46:2:2,77:46:1,77:46:2,2MP,2MP,0,qac_v0.4_aligned,numbered_aligned
77:48,77:48:2:1,77:48:4:1,77:48:2,77:48:4,3MS,2MP,1,qac_v0.4_aligned,numbered_aligned
77:48,77:48:4:1,77:48:6:1,77:48:4,77:48:6,2MP,3MP,1,qac_v0.4_aligned,numbered_aligned
78:18,78:18:2:1,78:18:5:2,78:18:2,78:18:5,3MS,2MP,1,qac_v0.4_aligned,numbered_aligned
78:19,78:19:1:2,78:19:3:2,78:19:1,78:19:3,3FS,3FS,0,qac_v0.4_aligned,numbered_aligned
78:20,78:20:1:2,78:20:3:2,78:20:1,78:20:3,3FS,3FS,0,qac_v0.4_aligned,numbered_aligned
78:27,78:27:2:1,78:27:4:1,78:27:2,78:27:4,3MP,3MP,0,qac_v0.4_aligned,numbered_aligned
78:30,78:30:1:2,78:30:3:1,78:30:1,78:30:3,2MP,1P,1,qac_v0.4_aligned,numbered_aligned
78:38,78:38:2:1,78:38:7:1,78:38:2,78:38:7,3MS,3MP,0,qac_v0.4_aligned,numbered_aligned
78:38,78:38:7:1,78:38:10:1,78:38:7,78:38:10,3MP,3MS,0,qac_v0.4_aligned,numbered_aligned
78:38,78:38:10:1,78:38:13:2,78:38:10,78:38:13,3MS,3MS,0,qac_v0.4_aligned,numbered_aligned
78:39,78:39:5:1,78:39:6:1,78:39:5,78:39:6,3MS,3MS,0,qac_v0.4_aligned,numbered_aligned
79:17,79:17:1:1,79:17:5:1,79:17:1,79:17:5,2MS,3MS,1,qac_v0.4_aligned,numbered_aligned
79:18,79:18:1:2,79:18:6:1,79:18:1,79:18:6,2MS,2MS,0,qac_v0.4_aligned,numbered_aligned
79:19,79:19:1:2,79:19:4:2,79:19:1,79:19:4,1S,2MS,1,qac_v0.4_aligned,numbered_aligned
79:21,79:21:1:2,79:21:2:2,79:21:1,79:21:2,3MS,3MS,0,qac_v0.4_aligned,numbered_aligned
79:22,79:22:2:1,79:22:3:1,79:22:2,79:22:3,3MS,3MS,0,qac_v0.4_aligned,numbered_aligned
79:23,79:23:1:2,79:23:2:2,79:23:1,79:23:2,3MS,3MS,0,qac_v0.4_aligned,numbered_aligned
79:29,79:29:1:2,79:29:3:2,79:29:1,79:29:3,3MS,3MS,0,qac_v0.4_aligned,numbered_aligned
79:35,79:35:2:1,79:35:5:1,79:35:2,79:35:5,3MS,3MS,0,qac_v0.4_aligned,numbered_aligned
79:36,79:36:1:2,79:36:4:1,79:36:1,79:36:4,3FS,3MS,0,qac_v0.4_aligned,numbered_aligned
79:40,79:40:3:1,79:40:6:2,79:40:3,79:40:6,3MS,3MS,0,qac_v0.4_aligned,numbered_aligned
79:46,79:46:3:1,79:46:5:1,79:46:3,79:46:5,3MP,3MP,0,qac_v0.4_aligned,numbered_aligned
80:1,80:1:1:1,80:1:2:2,80:1:5,80:1:6,3MS,3MS,0,qac_v0.4_aligned,numbered_aligned
80:3,80:3:2:1,80:3:4:1,80:3:2,80:3:4,3MS,3MS,0,qac_v0.4_aligned,numbered_aligned
80:4,80:4:2:1,80:4:3:2,80:4:2,80:4:3,3MS,3FS,0,qac_v0.4_aligned,numbered_aligned
80:8,80:8:3:1,80:8:4:1,80:8:3,80:8:4,3MS,3MS,0,qac_v0.4_aligned,numbered_aligned
80:12,80:12:2:1,80:12:3:1,80:12:2,80:12:3,3MS,3MS,0,qac_v0.4_aligned,numbered_aligned
80:17,80:17:1:1,80:17:4:1,80:17:1,80:17:4,3MS,3MS,0,qac_v0.4_aligned,numbered_aligned
80:19,80:19:3:1,80:19:4:2,80:19:3,80:19:4,3MS,3MS,0,qac_v0.4_aligned,numbered_aligned
80:21,80:21:2:1,80:21:3:2,80:21:2,80:21:3,3MS,3MS,0,qac_v0.4_aligned,numbered_aligned
80:22,80:22:3:1,80:22:4:1,80:22:3,80:22:4,3MS,3MS,0,qac_v0.4_aligned,numbered_aligned
80:23,80:23:3:1,80:23:5:1,80:23:3,80:23:5,3MS,3MS,0,qac_v0.4_aligned,numbered_aligned
81:14,81:14:1:1,81:14:4:1,81:14:1,81:14:4,3FS,3FS,0,qac_v0.4_aligned,numbered_aligned
81:28,81:28:2:1,81:28:5:1,81:28:2,81:28:5,3MS,3MS,0,qac_v0.4_aligned,numbered_aligned
81:29,81:29:2:1,81:29:5:1,81:29:2,81:29:5,2MP,3MS,1,qac_v0.4_aligned,numbered_aligned
82:5,82:5:1:1,82:5:4:1,82:5:1,82:5:4,3FS,3FS,0,qac_v0.4_aligned,numbered_aligned
82:5,82:5:4:1,82:5:5:2,82:5:4,82:5:5,3FS,3FS,0,qac_v0.4_aligned,numbered_aligned
82:8,82:8:5:1,82:8:6:1,82:8:5,82:8:6,3MS,3MS,0,qac_v0.4_aligned,numbered_aligned
82:12,82:12:1:1,82:12:3:1,82:12:1,82:12:3,3MP,2MP,1,qac_v0.4_aligned,numbered_aligned
83:2,83:2:3:1,83:2:6:1,83:2:3,83:2:6,3MP,3MP,0,qac_v0.4_aligned,numbered_aligned
83:3,83:3:2:1,83:3:4:1,83:3:2,83:3:4,3MP,3MP,0,qac_v0.4_aligned,numbered_aligned
83:3,83:3:4:1,83:3:5:1,83:3:4,83:3:5,3MP,3MP,0,qac_v0.4_aligned,numbered_aligned
83:13,83:13:2:1,83:13:5:1,83:13:2,83:13:5,3FS,3MS,0,qac_v0.4_aligned,numbered_aligned
83:14,83:14:3:1,83:14:7:1,83:14:3,83:14:7,3MS,3MP,0,qac_v0.4_aligned,numbered_aligned
83:14,83:14:7:1,83:14:8:1,83:14:7,83:14:8,3MP,3MP,0,qac_v0.4_aligned,numbered_aligned
83:17,83:17:2:1,83:17:5:1,83:17:2,83:17:5,3MS,2MP,1,qac_v0.4_aligned,numbered_aligned
83:17,83:17:5:1,83:17:7:1,83:17:5,83:17:7,2MP,2MP,0,qac_v0.4_aligned,numbered_aligned
83:29,83:29:3:1,83:29:4:1,83:29:3,83:29:4,3MP,3MP,0,qac_v0.4_aligned,numbered_aligned
83:30,83:30:2:1,83:30:4:1,83:30:2,83:30:4,3MP,3MP,0,qac_v0.4_aligned,numbered_aligned
83:31,83:31:2:1,83:31:5:1,83:31:2,83:31:5,3MP,3MP,0,qac_v0.4_aligned,numbered_aligned
83:32,83:32:2:1,83:32:3:1,83:32:2,83:32:3,3MP,3MP,0,qac_v0.4_aligned,numbered_aligned
83:36,83:36:2:1,83:36:5:1,83:36:2,83:36:5,3MS,3MP,0,qac_v0.4_aligned,numbered_aligned
83:36,83:36:5:1,83:36:6:1,83:36:5,83:36:6,3MP,3MP,0,qac_v0.4_aligned,numbered_aligned
84:2,84:2:1:2,84:2:3:2,84:2:1,84:2:3,3FS,3FS,0,qac_v0.4_aligned,numbered_aligned
84:4,84:4:1:2,84:4:4:2,84:4:1,84:4:4,3FS,3FS,0,qac_v0.4_aligned,numbered_aligned
84:5,84:5:1:2,84:5:3:2,84:5:1,84:5:3,3FS,3FS,0,qac_v0.4_aligned,numbered_aligned
84:14,84:14:2:1,84:14:5:1,84:14:2,84:14:5,3MS,3MS,0,qac_v0.4_aligned,numbered_aligned
84:21,84:21:2:1,84:21:6:1,84:21:2,84:21:6,3MS,3MP,0,qac_v0.4_aligned,numbered_aligned
84:22,84:22:3:1,84:22:4:1,84:22:3,84:22:4,3MP,3MP,0,qac_v0.4_aligned,numbered_aligned
85:8,85:8:2:1,85:8:6:1,85:8:2,85:8:6,3MP,3MP,0,qac_v0.4_aligned,numbered_aligned
85:10,85:10:3:1,85:10:8:1,85:10:3,85:10:8,3MP,3MP,0,qac_v0.4_aligned,numbered_aligned
85:13,85:13:3:1,85:13:4:2,85:13:3,85:13:4,3MS,3MS,0,qac_v0.4_aligned,numbered_aligned
86:5,86:5:1:3,86:5:4:1,86:5:1,86:5:4,3MS,3MS,0,qac_v0.4_aligned,numbered_aligned
86:17,86:17:1:2,86:17:3:1,86:17:1,86:17:3,2MS,2MS,0,qac_v0.4_aligned,numbered_aligned
87:2,87:2:2:1,87:2:3:2,87:2:2,87:2:3,3MS,3MS,0,qac_v0.4_aligned,numbered_aligned
87:3,87:3:2:1,87:3:3:2,87:3:2,87:3:3,3MS,3MS,0,qac_v0.4_aligned,numbered_aligned
87:6,87:6:1:2,87:6:3:1,87:6:1,87:6:3,1P,2MS,1,qac_v0.4_aligned,numbered_aligned
87:7,87:7:3:1,87:7:6:1,87:7:3,87:7:6,3MS,3MS,0,qac_v0.4_aligned,numbered_aligned
87:7,87:7:6:1,87:7:9:1,87:7:6,87:7:9,3MS,3MS,0,qac_v0.4_aligned,numbered_aligned
87:9,87:9:1:2,87:9:3:1,87:9:1,87:9:3,2MS,3FS,1,qac_v0.4_aligned,numbered_aligned
87:10,87:10:1:2,87:10:3:1,87:10:1,87:10:3,3MS,3MS,0,qac_v0.4_aligned,numbered_aligned
87:13,87:13:3:1,87:13:6:1,87:13:3,87:13:6,3MS,3MS,0,qac_v0.4_aligned,numbered_aligned
87:14,87:14:2:1,87:14:4:1,87:14:2,87:14:4,3MS,3MS,0,qac_v0.4_aligned,numbered_aligned
87:15,87:15:1:2,87:15:4:2,87:15:1,87:15:4,3MS,3MS,0,qac_v0.4_aligned,numbered_aligned
88:17,88:17:2:1,88:17:6:1,88:17:2,88:17:6,3MP,3FS,0,qac_v0.4_aligned,numbered_aligned
88:23,88:23:3:1,88:23:4:2,88:23:3,88:23:4,3MS,3MS,0,qac_v0.4_aligned,numbered_aligned
89:6,89:6:2:1,89:6:4:1,89:6:2,89:6:4,2MS,3MS,1,qac_v0.4_aligned,numbered_aligned
89:15,89:15:7:2,89:15:8:2,89:15:7,89:15:8,3MS,3MS,0,qac_v0.4_aligned,numbered_aligned
89:15,89:15:8:2,89:15:9:2,89:15:8,89:15:9,3MS,3MS,0,qac_v0.4_aligned,numbered_aligned
89:15,89:15:9:2,89:15:11:1,89:15:9,89:15:11,3MS,3MS,0,qac_v0.4_aligned,numbered_aligned
89:16,89:16:5:2,89:16:8:2,89:16:5,89:16:8,3MS,3MS,0,qac_v0.4_aligned,numbered_aligned
89:16,89:16:8:2,89:16:10:1,89:16:8,89:16:10,3MS,3MS,0,qac_v0.4_aligned,numbered_aligned
90:5,90:5:1:2,90:5:4:1,90:5:1,90:5:4,3MS,3MS,0,qac_v0.4_aligned,numbered_aligned
90:6,90:6:1:1,90:6:2:1,90:6:1,90:6:2,3MS,1S,1,qac_v0.4_aligned,numbered_aligned
90:7,90:7:1:2,90:7:4:1,90:7:1,90:7:4,3MS,3MS,0,qac_v0.4_aligned,numbered_aligned
90:17,90:17:6:2,90:17:8:2,90:17:6,90:17:8,3MP,3MP,0,qac_v0.4_aligned,numbered_aligned
91:14,91:14:1:2,91:14:2:2,91:14:1,91:14:2,3MP,3MP,0,qac_v0.4_aligned,numbered_aligned
91:14,91:14:2:2,91:14:3:2,91:14:2,91:14:3,3MP,3MS,0,qac_v0.4_aligned,numbered_aligned
92:5,92:5:3:1,92:5:4:2,92:5:3,92:5:4,3MS,3MS,0,qac_v0.4_aligned,numbered_aligned
92:8,92:8:3:1,92:8:4:2,92:8:3,92:8:4,3MS,3MS,0,qac_v0.4_aligned,numbered_aligned
92:14,92:14:1:2,92:14:3:1,92:14:1,92:14:3,1S,3FS,1,qac_v0.4_aligned,numbered_aligned
92:16,92:16:2:1,92:16:3:2,92:16:2,92:16:3,3MS,3MS,0,qac_v0.4_aligned,numbered_aligned
93:3,93:3:2:1,93:3:5:1,93:3:2,93:3:5,3MS,3MS,0,qac_v0.4_aligned,numbered_aligned
93:5,93:5:2:1,93:5:4:2,93:5:2,93:5:4,3MS,2MS,1,qac_v0.4_aligned,numbered_aligned
93:7,93:7:1:2,93:7:3:2,93:7:1,93:7:3,3MS,3MS,0,qac_v0.4_aligned,numbered_aligned
93:8,93:8:1:2,93:8:3:2,93:8:1,93:8:3,3MS,3MS,0,qac_v0.4_aligned,numbered_aligned
94:7,94:7:2:1,94:7:3:2,94:7:2,94:7:3,2MS,2MS,0,qac_v0.4_aligned,numbered_aligned
96:1,96:1:1:1,96:1:5:1,96:1:5,96:1:9,2MS,3MS,1,qac_v0.4_aligned,numbered_aligned
96:5,96:5:1:1,96:5:5:1,96:5:1,96:5:5,3MS,3MS,0,qac_v0.4_aligned,numbered_aligned
96:13,96:13:3:1,96:13:4:2,96:13:3,96:13:4,3MS,3MS,0,qac_v0.4_aligned,numbered_aligned
96:14,96:14:2:1,96:14:5:1,96:14:2,96:14:5,3MS,3MS,0,qac_v0.4_aligned,numbered_aligned
96:15,96:15:4:1,96:15:5:2,96:15:4,96:15:5,3MS,1P,1,qac_v0.4_aligned,numbered_aligned
96:19,96:19:3:1,96:19:4:2,96:19:3,96:19:4,2MS,2MS,0,qac_v0.4_aligned,numbered_aligned
96:19,96:19:4:2,96:19:5:2,96:19:4,96:19:5,2MS,2MS,0,qac_v0.4_aligned,numbered_aligned
98:1,98:1:2:1,98:1:4:1,98:1:6,98:1:8,3MS,3MP,0,qac_v0.4_aligned,numbered_aligned
98:1,98:1:4:1,98:1:11:1,98:1:8,98:1:15,3MP,3FS,0,qac_v0.4_aligned,numbered_aligned
98:4,98:4:2:1,98:4:4:1,98:4:2,98:4:4,3MS,3MP,0,qac_v0.4_aligned,numbered_aligned
98:4,98:4:4:1,98:4:10:1,98:4:4,98:4:10,3MP,3FS,0,qac_v0.4_aligned,numbered_aligned
98:5,98:5:2:1,98:5:4:2,98:5:2,98:5:4,3MP,3MP,0,qac_v0.4_aligned,numbered_aligned
98:5,98:5:4:2,98:5:10:2,98:5:4,98:5:10,3MP,3MP,0,qac_v0.4_aligned,numbered_aligned
98:5,98:5:10:2,98:5:12:2,98:5:10,98:5:12,3MP,3MP,0,qac_v0.4_aligned,numbered_aligned
99:6,99:6:2:1,99:6:5:2,99:6:2,99:6:5,3MS,3MP,0,qac_v0.4_aligned,numbered_aligned
99:7,99:7:2:1,99:7:6:1,99:7:2,99:7:6,3MS,3MS,0,qac_v0.4_aligned,numbered_aligned
99:8,99:8:2:1,99:8:6:1,99:8:2,99:8:6,3MS,3MS,0,qac_v0.4_aligned,numbered_aligned
100:9,100:9:2:1,100:9:4:1,100:9:2,100:9:4,3MS,3MS,0,qac_v0.4_aligned,numbered_aligned
103:3,103:3:4:2,103:3:6:2,103:3:4,103:3:6,3MP,3MP,0,qac_v0.4_aligned,numbered_aligned
103:3,103:3:6:2,103:3:8:2,103:3:6,103:3:8,3MP,3MP,0,qac_v0.4_aligned,numbered_aligned
104:2,104:2:2:1,104:2:4:2,104:2:2,104:2:4,3MS,3MS,0,qac_v0.4_aligned,numbered_aligned
104:3,104:3:1:1,104:3:4:1,104:3:1,104:3:4,3MS,3MS,0,qac_v0.4_aligned,numbered_aligned
105:1,105:1:2:1,105:1:4:1,105:1:6,105:1:8,2MS,3MS,1,qac_v0.4_aligned,numbered_aligned
108:2,108:2:1:2,108:2:3:2,108:2:1,108:2:3,2MS,2MS,0,qac_v0.4_aligned,numbered_aligned
109:2,109:2:2:1,109:2:4:1,109:2:2,109:2:4,1S,2MP,1,qac_v0.4_aligned,numbered_aligned
110:2,110:2:1:2,110:2:3:1,110:2:1,110:2:3,2MS,3MP,1,qac_v0.4_aligned,numbered_aligned
110:3,110:3:1:2,110:3:4:2,110:3:1,110:3:4,2MS,2MS,0,qac_v0.4_aligned,numbered_aligned
110:3,110:3:4:2,110:3:6:1,110:3:4,110:3:6,2MS,3MS,1,qac_v0.4_aligned,numbered_aligned
111:1,111:1:1:1,111:1:5:2,111:1:5,111:1:9,3FS,3MS,0,qac_v0.4_aligned,numbered_aligned
111:2,111:2:2:1,111:2:6:1,111:2:2,111:2:6,3MS,3MS,0,qac_v0.4_aligned,numbered_aligned
112:3,112:3:2:1,112:3:4:1,112:3:2,112:3:4,3MS,3MS,0,qac_v0.4_aligned,numbered_aligned
113:1,113:1:1:1,113:1:2:1,113:1:5,113:1:6,2MS,1S,1,qac_v0.4_aligned,numbered_aligned
114:1,114:1:1:1,114:1:2:1,114:1:5,114:1:6,2MS,1S,1,qac_v0.4_aligned,numbered_aligned
