unit,unit_bw,segment_count,token_count,verse_count,surah_count,first_segment_id,last_segment_id,first_global_token_file,last_global_token_file,all_verified_segments_denominator,nonempty_field_segments_denominator,share_of_verified_segments,share_of_nonempty_field_segments,scope,profile_id,rank,cumulative_share_of_nonempty_field_segments
اله,Alh,2782,2782,1839,86,1:1:2:1,114:3:1:1,2,78235,116320,45394,0.02391678129298487,0.06128563246243997,numbered_aligned,qac_v0.4_aligned,1,0.06128563246243997
قول,qwl,1692,1692,1360,84,2:8:4:1,114:1:1:1,96,78229,116320,45394,0.014546079779917469,0.037273648499801734,numbered_aligned,qac_v0.4_aligned,2,0.0985592809622417
كون,kwn,1378,1378,1167,86,2:10:11:1,112:4:2:1,124,78194,116320,45394,0.011846629986244842,0.030356434771115125,numbered_aligned,qac_v0.4_aligned,3,0.12891571573335683
ربب,rbb,875,877,795,93,1:2:3:1,114:1:3:2,7,78231,116320,45394,0.007522352132049518,0.019275675199365554,numbered_aligned,qac_v0.4_aligned,4,0.14819139093272238
علم,Elm,843,843,720,85,1:2:4:2,102:5:4:1,8,77939,116320,45394,0.007247248968363136,0.018570736220645902,numbered_aligned,qac_v0.4_aligned,5,0.1667621271533683
قوم,qwm,649,698,587,79,1:6:3:2,98:5:16:2,20,77749,116320,45394,0.005579436038514443,0.014297043662157994,numbered_aligned,qac_v0.4_aligned,6,0.18105917081552628
كفر,kfr,520,520,460,76,2:6:3:1,109:1:3:2,72,78105,116320,45394,0.004470426409903714,0.011455258404194387,numbered_aligned,qac_v0.4_aligned,7,0.19251442921972067
بين,byn,503,503,448,70,2:66:4:1,98:4:11:2,1043,77733,116320,45394,0.0043242778541953235,0.01108075957174957,numbered_aligned,qac_v0.4_aligned,8,0.20359518879147023
رسل,rsl,502,502,419,69,2:87:8:3,105:3:1:2,1454,78023,116320,45394,0.004315680880330124,0.011058730228664581,numbered_aligned,qac_v0.4_aligned,9,0.2146539190201348
امن,Amn,496,496,427,66,2:3:2:1,95:3:3:2,43,77560,116320,45394,0.004264099037138927,0.010926554170154645,numbered_aligned,qac_v0.4_aligned,10,0.22558047319028945
ارض,ArD,457,458,436,80,2:11:7:2,99:2:2:2,132,77805,116320,45394,0.003928817056396148,0.010067409789840068,numbered_aligned,qac_v0.4_aligned,11,0.23564788298012954
يوم,ywm,401,401,373,75,1:4:2:1,101:4:1:1,12,77891,116320,45394,0.003447386519944979,0.008833766577080671,numbered_aligned,qac_v0.4_aligned,12,0.24448164955721022
كلل,kll,376,376,354,74,2:20:5:1,104:1:2:2,243,77975,116320,45394,0.003232462173314993,0.008283032999955942,numbered_aligned,qac_v0.4_aligned,13,0.25276468255716616
سمو,smw,375,376,348,81,1:1:1:2,96:1:2:2,1,77593,116320,45394,0.0032238651994497937,0.008261003656870953,numbered_aligned,qac_v0.4_aligned,14,0.2610256862140371
عذب,E*b,361,361,325,68,2:7:11:1,89:25:4:1,91,77236,116320,45394,0.0031035075653370013,0.007952592853681103,numbered_aligned,qac_v0.4_aligned,15,0.2689782790677182
عمل,Eml,359,359,313,68,2:25:4:2,103:3:4:2,335,77964,116320,45394,0.0030863136176066024,0.007908534167511125,numbered_aligned,qac_v0.4_aligned,16,0.27688681323522935
جعل,jEl,334,334,299,66,2:19:9:1,105:5:1:2,228,78031,116320,45394,0.0028713892709766164,0.0073578005903863946,numbered_aligned,qac_v0.4_aligned,17,0.2842446138256157
رحم,rHm,334,334,309,62,1:1:3:2,90:17:9:3,3,77329,116320,45394,0.0028713892709766164,0.0073578005903863946,numbered_aligned,qac_v0.4_aligned,18,0.2916024144160021
كتب,ktb,315,315,276,61,2:2:2:2,98:6:6:2,36,77755,116320,45394,0.0027080467675378267,0.006939243071771599,numbered_aligned,qac_v0.4_aligned,19,0.2985416574877737
ظلم,Zlm,308,308,283,59,2:17:15:1,76:31:6:3,211,75597,116320,45394,0.0026478679504814305,0.006785037670176675,numbered_aligned,qac_v0.4_aligned,20,0.3053266951579504
اتي,Aty,289,289,266,60,2:23:9:2,98:5:12:2,307,77745,116320,45394,0.002484525447042641,0.00636648015156188,numbered_aligned,qac_v0.4_aligned,21,0.3116931753095123
قبل,qbl,289,289,277,64,2:4:9:1,71:1:10:1,58,74215,116320,45394,0.002484525447042641,0.00636648015156188,numbered_aligned,qac_v0.4_aligned,22,0.3180596554610742
نزل,nzl,288,288,253,60,2:4:4:1,97:4:1:1,53,77684,116320,45394,0.0024759284731774417,0.006344450808476891,numbered_aligned,qac_v0.4_aligned,23,0.324404106269551
حقق,Hqq,286,286,262,59,2:26:17:2,103:3:7:3,382,77967,116320,45394,0.002458734525447043,0.006300392122306913,numbered_aligned,qac_v0.4_aligned,24,0.33070449839185795
نفس,nfs,284,284,258,63,2:9:8:1,91:7:1:2,111,77363,116320,45394,0.002441540577716644,0.006256333436136934,numbered_aligned,qac_v0.4_aligned,25,0.3369608318279949
كذب,k*b,282,282,257,68,2:10:12:1,107:1:3:1,125,78061,116320,45394,0.002424346629986245,0.006212274749966956,numbered_aligned,qac_v0.4_aligned,26,0.34317310657796185
ذكر,*kr,274,274,249,70,2:63:11:2,94:4:3:1,1010,77535,116320,45394,0.0023555708390646493,0.006036040005287042,numbered_aligned,qac_v0.4_aligned,27,0.34920914658324886
جيا,jyA,262,262,246,60,2:71:19:1,110:1:2:1,1145,78134,116320,45394,0.002252407152682256,0.005771687888267172,numbered_aligned,qac_v0.4_aligned,28,0.35498083447151607
اخذ,Ax*,261,261,232,55,2:48:14:1,79:25:1:2,722,76049,116320,45394,0.0022438101788170564,0.005749658545182183,numbered_aligned,qac_v0.4_aligned,29,0.36073049301669824
خلق,xlq,258,258,217,75,2:21:6:1,113:2:4:1,270,78209,116320,45394,0.002218019257221458,0.005683570515927215,numbered_aligned,qac_v0.4_aligned,30,0.36641406353262546
عبد,Ebd,251,254,229,55,1:5:2:1,109:5:5:1,15,78124,116320,45394,0.002157840440165062,0.005529365114332291,numbered_aligned,qac_v0.4_aligned,31,0.37194342864695773
وقي,wqy,241,241,222,61,2:2:7:3,96:12:3:3,41,77636,116320,45394,0.002071870701513067,0.0053090716834823986,numbered_aligned,qac_v0.4_aligned,32,0.37725250033044017
نوس,nws,240,240,224,52,2:8:2:2,114:6:3:3,94,78248,116320,45394,0.0020632737276478678,0.0052870423403974095,numbered_aligned,qac_v0.4_aligned,33,0.38253954267083756
شيا,$yA,236,236,205,52,2:20:15:1,87:7:3:1,253,76966,116320,45394,0.0020288858321870704,0.0051989249680574525,numbered_aligned,qac_v0.4_aligned,34,0.387738467638895
بعد,bEd,231,234,219,56,2:27:6:1,98:4:8:1,410,77730,116320,45394,0.001985900962861073,0.0050887782526325065,numbered_aligned,qac_v0.4_aligned,35,0.3928272458915275
غفر,gfr,231,231,200,56,2:58:16:1,110:3:4:2,865,78148,116320,45394,0.001985900962861073,0.0050887782526325065,numbered_aligned,qac_v0.4_aligned,36,0.39791602414416
امر,Amr,230,230,211,60,2:27:10:1,98:5:2:1,414,77735,116320,45394,0.0019773039889958736,0.005066748909547517,numbered_aligned,qac_v0.4_aligned,37,0.40298277305370755
راي,rAy,218,218,205,69,2:55:8:1,110:2:1:2,818,78138,116320,45394,0.0018741403026134801,0.004802396792527647,numbered_aligned,qac_v0.4_aligned,38,0.4077851698462352
هدي,hdy,218,218,200,56,1:6:1:1,96:11:5:2,18,77633,116320,45394,0.0018741403026134801,0.004802396792527647,numbered_aligned,qac_v0.4_aligned,39,0.41258756663876284
حكم,Hkm,208,208,187,57,2:32:12:2,95:8:4:2,511,77587,116320,45394,0.0017881705639614855,0.004582103361677755,numbered_aligned,qac_v0.4_aligned,40,0.4171696700004406
ملك,mlk,205,206,190,63,1:4:1:1,114:2:1:1,11,78233,116320,45394,0.0017623796423658872,0.004516015332422787,numbered_aligned,qac_v0.4_aligned,41,0.4216856853328634
جنن,jnn,195,195,190,69,2:25:8:1,114:6:2:2,339,78247,116320,45394,0.0016764099037138928,0.004295721901572895,numbered_aligned,qac_v0.4_aligned,42,0.4259814072344363
حسن,Hsn,194,194,177,50,2:58:20:2,95:4:5:1,869,77565,116320,45394,0.0016678129298486933,0.004273692558487906,numbered_aligned,qac_v0.4_aligned,43,0.4302550997929242
عند,End,194,194,182,62,2:54:19:1,98:8:2:1,802,77776,116320,45394,0.0016678129298486933,0.004273692558487906,numbered_aligned,qac_v0.4_aligned,44,0.43452879235141206
ولي,wly,194,194,173,53,2:64:2:1,96:13:4:2,1016,77640,116320,45394,0.0016678129298486933,0.004273692558487906,numbered_aligned,qac_v0.4_aligned,45,0.4388024849099
نور,nwr,193,194,173,62,2:17:5:1,111:3:2:1,201,78168,116320,45394,0.0016592159559834939,0.004251663215402917,numbered_aligned,qac_v0.4_aligned,46,0.4430541481253029
خير,xyr,192,192,175,55,2:54:17:1,100:8:3:2,800,77862,116320,45394,0.0016506189821182944,0.004229633872317927,numbered_aligned,qac_v0.4_aligned,47,0.4472837819976208
ضلل,Dll,188,188,168,55,1:7:9:2,105:2:5:1,29,78022,116320,45394,0.0016162310866574966,0.004141516499977971,numbered_aligned,qac_v0.4_aligned,48,0.4514252984975988
سمع,smE,185,185,163,57,2:7:6:1,88:11:2:1,86,77058,116320,45394,0.0015904401650618982,0.004075428470723003,numbered_aligned,qac_v0.4_aligned,49,0.4555007269683218
دعو,dEw,179,179,159,51,2:23:13:2,96:18:1:2,311,77657,116320,45394,0.0015388583218707015,0.003943252412213068,numbered_aligned,qac_v0.4_aligned,50,0.4594439793805349
صلح,SlH,179,181,169,54,2:11:11:1,103:3:5:2,136,77965,116320,45394,0.0015388583218707015,0.003943252412213068,numbered_aligned,qac_v0.4_aligned,51,0.46338723179274793
خرج,xrj,176,176,153,56,2:22:12:2,99:2:1:2,287,77804,116320,45394,0.001513067400275103,0.0038771643829581003,numbered_aligned,qac_v0.4_aligned,52,0.46726439617570603
سبل,sbl,170,170,160,45,2:108:18:2,80:20:2:2,1906,76212,116320,45394,0.0014614855570839066,0.003744988324448165,numbered_aligned,qac_v0.4_aligned,53,0.4710093845001542
مثل,mvl,169,169,148,50,2:17:1:1,89:8:4:1,197,77143,116320,45394,0.001452888583218707,0.003722958981363176,numbered_aligned,qac_v0.4_aligned,54,0.4747323434815174
قتل,qtl,167,167,121,33,2:54:14:2,85:4:1:1,797,76774,116320,45394,0.0014356946354883082,0.0036789002951931973,numbered_aligned,qac_v0.4_aligned,55,0.47841124377671057
كثر,kvr,166,166,161,51,2:26:31:1,108:1:3:2,396,78090,116320,45394,0.0014270976616231087,0.0036568709521082082,numbered_aligned,qac_v0.4_aligned,56,0.4820681147288188
تبع,tbE,165,165,149,51,2:38:10:1,79:7:1:1,606,75982,116320,45394,0.0014185006877579093,0.0036348416090232188,numbered_aligned,qac_v0.4_aligned,57,0.485702956337842
قلب,qlb,165,165,152,48,2:7:4:1,84:9:1:2,84,76689,116320,45394,0.0014185006877579093,0.0036348416090232188,numbered_aligned,qac_v0.4_aligned,58,0.4893377979468652
كبر,kbr,161,161,153,57,2:34:10:2,88:24:4:2,544,77105,116320,45394,0.0013841127922971114,0.003546724236683262,numbered_aligned,qac_v0.4_aligned,59,0.4928845221835485
موت,mwt,161,161,139,52,2:19:16:2,87:13:3:1,235,76990,116320,45394,0.0013841127922971114,0.003546724236683262,numbered_aligned,qac_v0.4_aligned,60,0.49643124642023173
شهد,$hd,160,160,123,48,2:23:14:1,100:7:4:2,312,77859,116320,45394,0.001375515818431912,0.0035246948935982727,numbered_aligned,qac_v0.4_aligned,61,0.49995594131383003
بعض,bED,158,158,87,38,2:26:9:1,69:44:4:1,374,73947,116320,45394,0.001358321870701513,0.0034806362074282947,numbered_aligned,qac_v0.4_aligned,62,0.5034365775212584
شرك,$rk,157,157,133,44,2:96:8:1,98:6:7:3,1639,77756,116320,45394,0.0013497248968363136,0.003458606864343305,numbered_aligned,qac_v0.4_aligned,63,0.5068951843856017
صدق,Sdq,153,153,142,48,2:23:20:1,92:6:1:2,318,77421,116320,45394,0.0013153370013755158,0.0033704894920033486,numbered_aligned,qac_v0.4_aligned,64,0.510265673877605
غير,gyr,152,152,144,45,1:7:5:1,100:3:1:3,25,77844,116320,45394,0.0013067400275103163,0.003348460148918359,numbered_aligned,qac_v0.4_aligned,65,0.5136141340265233
نصر,nSr,150,150,131,46,2:48:19:1,110:1:3:1,727,78135,116320,45394,0.0012895460797799174,0.003304401462748381,numbered_aligned,qac_v0.4_aligned,66,0.5169185354892717
وعد,wEd,148,148,129,51,2:51:2:1,85:2:2:2,757,76771,116320,45394,0.0012723521320495185,0.0032603427765784026,numbered_aligned,qac_v0.4_aligned,67,0.5201788782658501
بصر,bSr,147,147,138,61,2:7:8:1,84:15:6:1,88,76719,116320,45394,0.001263755158184319,0.003238313433493413,numbered_aligned,qac_v0.4_aligned,68,0.5234171916993435
رود,rwd,145,145,118,47,2:26:25:1,86:17:4:1,390,76940,116320,45394,0.0012465612104539201,0.003194254747323435,numbered_aligned,qac_v0.4_aligned,69,0.5266114464466669
دون,dwn,141,141,139,46,2:23:16:1,72:22:11:1,314,74650,116320,45394,0.0012121733149931225,0.003106137374983478,numbered_aligned,qac_v0.4_aligned,70,0.5297175838216505
سلم,slm,138,138,126,48,2:71:13:1,97:5:1:1,1139,77693,116320,45394,0.0011863823933975241,0.0030400493457285105,numbered_aligned,qac_v0.4_aligned,71,0.5327576331673789
دنو,dnw,133,133,128,46,2:61:27:1,87:16:4:2,943,77005,116320,45394,0.0011433975240715268,0.0029299026303035644,numbered_aligned,qac_v0.4_aligned,72,0.5356875357976825
قدر,qdr,132,132,121,58,2:20:25:1,97:3:2:2,263,77679,116320,45394,0.0011348005502063274,0.002907873287218575,numbered_aligned,qac_v0.4_aligned,73,0.5385954090849011
نعم,nEm,131,131,122,61,1:7:3:1,102:8:5:2,23,77951,116320,45394,0.001126203576341128,0.002885843944133586,numbered_aligned,qac_v0.4_aligned,74,0.5414812530290347
طوع,TwE,129,129,118,40,2:158:19:1,96:19:3:1,2854,77661,116320,45394,0.001109009628610729,0.0028417852579636074,numbered_aligned,qac_v0.4_aligned,75,0.5443230382869982
جمع,jmE,128,128,122,45,2:29:8:1,104:2:2:1,445,77979,116320,45394,0.0011004126547455295,0.0028197559148786184,numbered_aligned,qac_v0.4_aligned,76,0.547142794201877
نذر,n*r,127,127,114,49,2:6:9:1,92:14:1:2,78,77446,116320,45394,0.00109181568088033,0.0027977265717936293,numbered_aligned,qac_v0.4_aligned,77,0.5499405207736705
عظم,EZm,126,126,125,49,2:7:12:1,83:5:2:1,92,76501,116320,45394,0.0010832187070151306,0.00277569722870864,numbered_aligned,qac_v0.4_aligned,78,0.5527162180023791
خلف,xlf,124,124,113,39,2:30:9:1,78:3:4:1,465,75799,116320,45394,0.0010660247592847317,0.0027316385425386613,numbered_aligned,qac_v0.4_aligned,79,0.5554478565449178
اهل,Ahl,123,136,116,40,2:105:6:1,98:6:5:1,1833,77754,116320,45394,0.0010574277854195323,0.0027096091994536723,numbered_aligned,qac_v0.4_aligned,80,0.5581574657443715
نظر,nZr,123,123,109,47,2:50:10:1,88:17:2:1,755,77074,116320,45394,0.0010574277854195323,0.0027096091994536723,numbered_aligned,qac_v0.4_aligned,81,0.5608670749438252
خوف,xwf,122,122,111,42,2:38:13:1,106:4:7:1,609,78054,116320,45394,0.0010488308115543328,0.0026875798563686833,numbered_aligned,qac_v0.4_aligned,82,0.5635546548001938
رزق,rzq,122,122,109,44,2:3:7:1,89:16:7:1,48,77186,116320,45394,0.0010488308115543328,0.0026875798563686833,numbered_aligned,qac_v0.4_aligned,83,0.5662422346565625
بشر,b$r,120,121,117,46,2:25:1:2,84:24:1:2,332,76751,116320,45394,0.0010316368638239339,0.0026435211701987048,numbered_aligned,qac_v0.4_aligned,84,0.5688857558267613
دخل,dxl,119,119,106,44,2:58:3:1,110:2:3:1,852,78140,116320,45394,0.0010230398899587344,0.0026214918271137153,numbered_aligned,qac_v0.4_aligned,85,0.571507247653875
سوا,swA,119,119,112,38,2:49:7:1,63:2:9:1,734,72122,116320,45394,0.0010230398899587344,0.0026214918271137153,numbered_aligned,qac_v0.4_aligned,86,0.5741287394809886
عزز,Ezz,118,118,115,47,2:129:15:2,85:8:8:2,2316,76797,116320,45394,0.0010144429160935352,0.0025994624840287263,numbered_aligned,qac_v0.4_aligned,87,0.5767282019650174
لقي,lqy,116,116,111,48,2:14:2:1,84:6:8:2,164,76679,116320,45394,0.0009972489683631363,0.0025554037978587477,numbered_aligned,qac_v0.4_aligned,88,0.5792836057628762
نهر,nhr,113,113,102,51,2:25:12:2,98:8:9:2,343,77783,116320,45394,0.0009714580467675378,0.00248931576860378,numbered_aligned,qac_v0.4_aligned,89,0.58177292153148
امم,Amm,111,111,100,41,2:78:2:1,101:9:1:2,1261,77912,116320,45394,0.000954264099037139,0.0024452570824338017,numbered_aligned,qac_v0.4_aligned,90,0.5842181786139138
بني,bny,110,110,89,41,2:22:7:1,80:36:2:2,282,76263,116320,45394,0.0009456671251719395,0.0024232277393488127,numbered_aligned,qac_v0.4_aligned,91,0.5866414063532626
نفق,nfq,110,110,85,30,2:3:8:1,66:9:5:3,49,73000,116320,45394,0.0009456671251719395,0.0024232277393488127,numbered_aligned,qac_v0.4_aligned,92,0.5890646340926113
فعل,fEl,106,106,100,44,2:24:3:1,105:1:4:1,321,78014,116320,45394,0.0009112792297111417,0.0023351103670088556,numbered_aligned,qac_v0.4_aligned,93,0.5913997444596202
حسب,Hsb,105,105,98,40,2:202:8:2,104:3:1:1,3835,77982,116320,45394,0.0009026822558459422,0.0023130810239238666,numbered_aligned,qac_v0.4_aligned,94,0.5937128254835441
وجد,wjd,104,104,96,31,2:96:1:3,93:8:1:2,1632,77504,116320,45394,0.0008940852819807428,0.0022910516808388776,numbered_aligned,qac_v0.4_aligned,95,0.596003877164383
رجع,rjE,103,103,102,41,2:18:6:1,96:8:4:2,219,77622,116320,45394,0.0008854883081155433,0.002269022337753888,numbered_aligned,qac_v0.4_aligned,96,0.5982728995021368
صبر,Sbr,101,101,91,44,2:45:2:3,103:3:9:3,682,77969,116320,45394,0.0008682943603851444,0.0022249636515839096,numbered_aligned,qac_v0.4_aligned,97,0.6004978631537208
عدو,Edw,101,101,88,32,2:36:12:1,100:1:1:3,578,77840,116320,45394,0.0008682943603851444,0.0022249636515839096,numbered_aligned,qac_v0.4_aligned,98,0.6027228268053046
فضل,fDl,101,101,89,32,2:64:7:1,73:20:42:1,1021,74890,116320,45394,0.0008682943603851444,0.0022249636515839096,numbered_aligned,qac_v0.4_aligned,99,0.6049477904568886
يدي,ydy,101,101,93,40,2:66:5:1,111:1:2:1,1044,78157,116320,45394,0.0008682943603851444,0.0022249636515839096,numbered_aligned,qac_v0.4_aligned,100,0.6071727541084725
اكل,Akl,100,100,92,38,2:57:8:1,105:5:3:1,839,78033,116320,45394,0.0008596973865199449,0.0022029343084989206,numbered_aligned,qac_v0.4_aligned,101,0.6093756884169714
شدد,$dd,100,100,97,48,2:74:10:1,100:8:4:2,1181,77863,116320,45394,0.0008596973865199449,0.0022029343084989206,numbered_aligned,qac_v0.4_aligned,102,0.6115786227254704
دين,dyn,98,98,84,40,1:4:3:2,110:2:5:1,13,78142,116320,45394,0.0008425034387895461,0.002158875622328942,numbered_aligned,qac_v0.4_aligned,103,0.6137374983477992
اول,Awl,97,97,95,42,2:41:9:1,93:4:5:2,646,77492,116320,45394,0.0008339064649243467,0.002136846279243953,numbered_aligned,qac_v0.4_aligned,104,0.6158743446270433
اجر,Ajr,96,96,96,39,2:62:16:1,95:6:7:1,991,77577,116320,45394,0.0008253094910591472,0.0021148169361589635,numbered_aligned,qac_v0.4_aligned,105,0.6179891615632022
ولد,wld,96,96,75,36,2:83:10:4,112:3:4:1,1350,78192,116320,45394,0.0008253094910591472,0.0021148169361589635,numbered_aligned,qac_v0.4_aligned,106,0.6201039784993612
صحب,SHb,94,94,86,46,2:39:6:1,105:1:6:2,619,78016,116320,45394,0.0008081155433287483,0.0020707582499889855,numbered_aligned,qac_v0.4_aligned,107,0.6221747367493501
حبب,Hbb,93,93,83,35,2:165:9:1,100:8:2:2,2973,77861,116320,45394,0.0007995185694635488,0.002048728906903996,numbered_aligned,qac_v0.4_aligned,108,0.6242234656562541
قرب,qrb,93,93,88,40,2:83:13:2,96:19:5:2,1353,77663,116320,45394,0.0007995185694635488,0.002048728906903996,numbered_aligned,qac_v0.4_aligned,109,0.6262721945631581
سبح,sbH,92,92,87,49,2:30:19:1,110:3:1:2,475,78145,116320,45394,0.0007909215955983494,0.002026699563819007,numbered_aligned,qac_v0.4_aligned,110,0.6282988941269771
انس,Ans,89,89,86,49,2:60:17:1,103:2:2:2,904,77958,116320,45394,0.000765130674002751,0.0019606115345640394,numbered_aligned,qac_v0.4_aligned,111,0.6302595056615412
سجد,sjd,89,89,79,32,2:34:4:1,96:19:4:2,538,77662,116320,45394,0.000765130674002751,0.0019606115345640394,numbered_aligned,qac_v0.4_aligned,112,0.6322201171961052
ليس,lys,89,89,85,33,2:113:3:1,95:8:1:2,1994,77584,116320,45394,0.000765130674002751,0.0019606115345640394,numbered_aligned,qac_v0.4_aligned,113,0.6341807287306692
نبا,nbA,88,88,85,38,2:91:24:1,78:2:2:2,1561,75794,116320,45394,0.0007565337001375515,0.0019385821914790502,numbered_aligned,qac_v0.4_aligned,114,0.6361193109221484
توب,twb,87,87,69,25,2:37:6:2,110:3:7:1,591,78151,116320,45394,0.0007479367262723521,0.001916552848394061,numbered_aligned,qac_v0.4_aligned,115,0.6380358637705423
اخو,Axw,86,87,71,30,2:178:19:1,80:34:5:1,3263,76259,116320,45394,0.0007393397524071526,0.0018945235053090717,numbered_aligned,qac_v0.4_aligned,116,0.6399303872758514
خلد,xld,86,86,85,40,2:25:34:1,104:3:4:1,365,77985,116320,45394,0.0007393397524071526,0.0018945235053090717,numbered_aligned,qac_v0.4_aligned,117,0.6418249107811606
مول,mwl,86,86,80,38,2:155:8:2,111:2:4:1,2812,78164,116320,45394,0.0007393397524071526,0.0018945235053090717,numbered_aligned,qac_v0.4_aligned,118,0.6437194342864696
شطن,$Tn,83,83,74,34,2:14:10:1,81:25:4:1,172,76371,116320,45394,0.0007135488308115544,0.0018284354760541041,numbered_aligned,qac_v0.4_aligned,119,0.6455478697625237
كيف,kyf,83,83,83,37,2:28:1:1,105:1:3:1,425,78013,116320,45394,0.0007135488308115544,0.0018284354760541041,numbered_aligned,qac_v0.4_aligned,120,0.6473763052385778
حرم,Hrm,82,82,70,25,2:85:20:1,70:25:2:3,1404,74083,116320,45394,0.0007049518569463549,0.0018064061329691149,numbered_aligned,qac_v0.4_aligned,121,0.6491827113715469
عقب,Eqb,80,80,74,32,2:143:27:1,91:15:3:1,2585,77399,116320,45394,0.000687757909215956,0.0017623474467991364,numbered_aligned,qac_v0.4_aligned,122,0.6509450588183461
عرض,ErD,79,79,72,35,2:31:6:1,74:49:5:1,490,75149,116320,45394,0.0006791609353507565,0.0017403181037141473,numbered_aligned,qac_v0.4_aligned,123,0.6526853769220602
بغي,bgy,78,78,73,35,2:90:10:1,92:20:2:1,1520,77469,116320,45394,0.0006705639614855571,0.001718288760629158,numbered_aligned,qac_v0.4_aligned,124,0.6544036656826894
زوج,zwj,78,78,69,43,2:25:30:1,81:7:3:1,361,76309,116320,45394,0.0006705639614855571,0.001718288760629158,numbered_aligned,qac_v0.4_aligned,125,0.6561219544433184
احد,AHd,77,77,75,33,2:96:10:1,112:4:5:1,1641,78197,116320,45394,0.0006619669876203576,0.0016962594175441688,numbered_aligned,qac_v0.4_aligned,126,0.6578182138608627
جزي,jzy,76,76,73,40,2:85:29:1,98:8:1:1,1413,77775,116320,45394,0.0006533700137551582,0.0016742300744591796,numbered_aligned,qac_v0.4_aligned,127,0.6594924439353218
قلل,qll,76,76,74,33,2:41:16:1,77:46:3:1,653,75768,116320,45394,0.0006533700137551582,0.0016742300744591796,numbered_aligned,qac_v0.4_aligned,128,0.661166674009781
وجه,wjh,76,76,70,38,2:112:4:1,92:20:3:1,1978,77470,116320,45394,0.0006533700137551582,0.0016742300744591796,numbered_aligned,qac_v0.4_aligned,129,0.6628409040842402
الم,Alm,75,75,73,42,2:10:9:1,84:24:3:1,122,76753,116320,45394,0.0006447730398899587,0.0016522007313741905,numbered_aligned,qac_v0.4_aligned,130,0.6644931048156144
بلغ,blg,75,75,71,35,2:196:15:1,75:26:3:1,3663,75293,116320,45394,0.0006447730398899587,0.0016522007313741905,numbered_aligned,qac_v0.4_aligned,131,0.6661453055469886
صوب,Swb,75,75,54,26,2:19:2:2,78:38:14:1,221,75939,116320,45394,0.0006447730398899587,0.0016522007313741905,numbered_aligned,qac_v0.4_aligned,132,0.6677975062783628
شكر,$kr,74,74,69,35,2:52:8:1,76:22:8:1,775,75527,116320,45394,0.0006361760660247592,0.0016301713882892013,numbered_aligned,qac_v0.4_aligned,133,0.669427677666652
ضرر,Drr,74,74,70,31,2:102:45:2,72:21:6:1,1773,74637,116320,45394,0.0006361760660247592,0.0016301713882892013,numbered_aligned,qac_v0.4_aligned,134,0.6710578490549411
كلم,klm,74,74,70,32,2:37:5:1,78:38:7:1,590,75932,116320,45394,0.0006361760660247592,0.0016301713882892013,numbered_aligned,qac_v0.4_aligned,135,0.6726880204432304
رجل,rjl,73,73,66,32,2:228:35:4,72:6:7:2,4415,74491,116320,45394,0.0006275790921595598,0.001608142045204212,numbered_aligned,qac_v0.4_aligned,136,0.6742961624884346
باس,bAs,72,72,69,33,2:90:1:1,67:6:6:2,1511,73144,116320,45394,0.0006189821182943604,0.0015861127021192228,numbered_aligned,qac_v0.4_aligned,137,0.6758822751905538
متع,mtE,70,70,65,38,2:36:17:2,80:32:1:1,583,76249,116320,45394,0.0006017881705639615,0.0015420540159492445,numbered_aligned,qac_v0.4_aligned,138,0.6774243292065031
يمن,ymn,70,70,62,34,2:224:5:2,90:18:3:2,4337,77332,116320,45394,0.0006017881705639615,0.0015420540159492445,numbered_aligned,qac_v0.4_aligned,139,0.6789663832224523
اذن,A*n,69,69,64,31,2:97:10:2,97:4:5:2,1666,77688,116320,45394,0.0005931911966987621,0.0015200246728642552,numbered_aligned,qac_v0.4_aligned,140,0.6804864078953166
بيت,byt,69,69,52,27,2:125:3:2,106:3:4:2,2221,78047,116320,45394,0.0005931911966987621,0.0015200246728642552,numbered_aligned,qac_v0.4_aligned,141,0.6820064325681808
عرف,Erf,69,69,61,26,2:89:20:1,83:24:1:1,1504,76586,116320,45394,0.0005931911966987621,0.0015200246728642552,numbered_aligned,qac_v0.4_aligned,142,0.6835264572410451
فرق,frq,69,69,63,28,2:50:2:1,98:4:2:1,747,77724,116320,45394,0.0005931911966987621,0.0015200246728642552,numbered_aligned,qac_v0.4_aligned,143,0.6850464819139094
بعث,bEv,67,67,64,33,2:56:2:1,91:12:2:1,826,77381,116320,45394,0.0005759972489683631,0.0014759659866942767,numbered_aligned,qac_v0.4_aligned,144,0.6865224479006036
سكن,skn,67,67,64,40,2:61:40:3,107:3:5:2,956,78071,116320,45394,0.0005759972489683631,0.0014759659866942767,numbered_aligned,qac_v0.4_aligned,145,0.6879984138872979
ظنن,Znn,67,67,56,31,2:46:2:1,84:14:2:1,690,76710,116320,45394,0.0005759972489683631,0.0014759659866942767,numbered_aligned,qac_v0.4_aligned,146,0.6894743798739922
كسب,ksb,67,67,60,27,2:79:24:1,111:2:6:1,1294,78166,116320,45394,0.0005759972489683631,0.0014759659866942767,numbered_aligned,qac_v0.4_aligned,147,0.6909503458606865
وكل,wkl,67,67,60,29,3:122:11:3,73:9:9:1,8285,74778,116320,45394,0.0005759972489683631,0.0014759659866942767,numbered_aligned,qac_v0.4_aligned,148,0.6924263118473807
وحد,wHd,66,66,65,35,2:61:8:1,79:13:4:1,924,76006,116320,45394,0.0005674002751031637,0.0014539366436092875,numbered_aligned,qac_v0.4_aligned,149,0.69388024849099
جرم,jrm,65,65,65,36,5:2:28:1,83:29:3:1,13503,76610,116320,45394,0.0005588033012379642,0.0014319073005242984,numbered_aligned,qac_v0.4_aligned,150,0.6953121557915143
خسر,xsr,65,65,60,35,2:27:20:2,103:2:4:1,424,77960,116320,45394,0.0005588033012379642,0.0014319073005242984,numbered_aligned,qac_v0.4_aligned,151,0.6967440630920386
هلك,hlk,65,65,61,38,2:195:9:2,90:6:2:1,3643,77283,116320,45394,0.0005588033012379642,0.0014319073005242984,numbered_aligned,qac_v0.4_aligned,152,0.6981759703925629
حمل,Hml,64,64,50,29,2:248:21:1,111:4:2:1,5004,78172,116320,45394,0.0005502063273727648,0.0014098779574393092,numbered_aligned,qac_v0.4_aligned,153,0.6995858483500021
عين,Eyn,64,64,62,37,2:60:13:1,102:7:3:1,900,77945,116320,45394,0.0005502063273727648,0.0014098779574393092,numbered_aligned,qac_v0.4_aligned,154,0.7009957263074416
حمد,Hmd,63,63,61,40,1:2:1:2,110:3:2:2,5,78146,116320,45394,0.0005416093535075653,0.00138784861435432,numbered_aligned,qac_v0.4_aligned,155,0.7023835749217958
رضو,rDw,63,63,58,29,2:120:2:1,101:7:4:1,2125,77907,116320,45394,0.0005416093535075653,0.00138784861435432,numbered_aligned,qac_v0.4_aligned,156,0.7037714235361502
عود,Ewd,63,63,58,39,2:275:39:1,89:6:6:2,5813,77136,116320,45394,0.0005416093535075653,0.00138784861435432,numbered_aligned,qac_v0.4_aligned,157,0.7051592721505044
حيي,Hyy,62,62,54,32,2:28:6:2,87:13:6:1,430,76993,116320,45394,0.0005330123796423659,0.0013658192712693307,numbered_aligned,qac_v0.4_aligned,158,0.7065250914217738
ذوق,*wq,62,62,60,32,3:106:13:2,78:30:1:2,7999,75891,116320,45394,0.0005330123796423659,0.0013658192712693307,numbered_aligned,qac_v0.4_aligned,159,0.7078909106930431
سحر,sHr,62,62,58,26,2:102:16:2,74:24:5:1,1744,75005,116320,45394,0.0005330123796423659,0.0013658192712693307,numbered_aligned,qac_v0.4_aligned,160,0.7092567299643124
علو,Elw,62,62,60,34,3:61:11:1,92:20:5:2,7207,77472,116320,45394,0.0005330123796423659,0.0013658192712693307,numbered_aligned,qac_v0.4_aligned,161,0.7106225492355818
موه,mwh,62,62,59,40,2:22:11:1,86:6:3:1,286,76900,116320,45394,0.0005330123796423659,0.0013658192712693307,numbered_aligned,qac_v0.4_aligned,162,0.7119883685068511
زيد,zyd,59,59,57,31,2:10:4:2,78:30:3:1,117,75893,116320,45394,0.0005072214580467676,0.0012997312420143631,numbered_aligned,qac_v0.4_aligned,163,0.7132880997488655
ظهر,Zhr,59,59,57,30,2:85:11:1,94:3:3:1,1395,77532,116320,45394,0.0005072214580467676,0.0012997312420143631,numbered_aligned,qac_v0.4_aligned,164,0.7145878309908799
غيب,gyb,59,59,58,35,2:3:3:3,82:16:4:2,44,76457,116320,45394,0.0005072214580467676,0.0012997312420143631,numbered_aligned,qac_v0.4_aligned,165,0.7158875622328942
نسو,nsw,59,61,53,16,2:49:12:1,65:4:6:1,739,72626,116320,45394,0.0005072214580467676,0.0012997312420143631,numbered_aligned,qac_v0.4_aligned,166,0.7171872934749086
ردد,rdd,58,58,56,30,2:85:41:1,95:5:2:1,1425,77568,116320,45394,0.0004986244841815681,0.0012777018989293739,numbered_aligned,qac_v0.4_aligned,167,0.7184649953738379
ضرب,Drb,58,58,54,28,2:26:6:1,73:20:37:1,371,74885,116320,45394,0.0004986244841815681,0.0012777018989293739,numbered_aligned,qac_v0.4_aligned,168,0.7197426972727673
فتن,ftn,58,58,57,32,2:102:32:1,85:10:3:1,1760,76811,116320,45394,0.0004986244841815681,0.0012777018989293739,numbered_aligned,qac_v0.4_aligned,169,0.7210203991716967
نجو,njw,58,58,54,22,2:49:2:1,70:14:6:1,729,74046,116320,45394,0.0004986244841815681,0.0012777018989293739,numbered_aligned,qac_v0.4_aligned,170,0.7222981010706261
قري,qry,57,57,54,26,2:58:5:2,65:8:3:1,854,72722,116320,45394,0.0004900275103163687,0.0012556725558443846,numbered_aligned,qac_v0.4_aligned,171,0.7235537736264704
اجل,Ajl,56,56,48,29,2:231:5:1,77:12:3:1,4501,75636,116320,45394,0.00048143053645116916,0.0012336432127593956,numbered_aligned,qac_v0.4_aligned,172,0.7247874168392299
سوي,swy,56,56,56,40,2:6:4:1,87:2:3:2,73,76951,116320,45394,0.00048143053645116916,0.0012336432127593956,numbered_aligned,qac_v0.4_aligned,173,0.7260210600519893
عدد,Edd,56,56,49,26,2:24:12:1,104:2:4:2,330,77981,116320,45394,0.00048143053645116916,0.0012336432127593956,numbered_aligned,qac_v0.4_aligned,174,0.7272547032647486
وحي,wHy,56,56,51,27,3:44:5:1,99:5:3:1,6934,77816,116320,45394,0.00048143053645116916,0.0012336432127593956,numbered_aligned,qac_v0.4_aligned,175,0.728488346477508
ذهب,*hb,55,55,55,30,2:17:10:1,81:26:2:1,206,76374,116320,45394,0.00047283356258596976,0.0012116138696744063,numbered_aligned,qac_v0.4_aligned,176,0.7296999603471824
مسس,mss,55,55,51,28,2:80:3:1,70:21:2:1,1297,74067,116320,45394,0.00047283356258596976,0.0012116138696744063,numbered_aligned,qac_v0.4_aligned,177,0.7309115742168568
دور,dwr,54,54,52,27,2:84:11:1,71:26:10:1,1380,74407,116320,45394,0.0004642365887207703,0.001189584526589417,numbered_aligned,qac_v0.4_aligned,178,0.7321011587434463
روح,rwH,53,53,49,40,2:87:15:2,97:4:3:3,1461,77686,116320,45394,0.00045563961485557084,0.0011675551835044278,numbered_aligned,qac_v0.4_aligned,179,0.7332687139269507
فسق,fsq,53,53,53,23,2:26:39:2,63:6:18:2,404,72190,116320,45394,0.00045563961485557084,0.0011675551835044278,numbered_aligned,qac_v0.4_aligned,180,0.7344362691104551
وفي,wfy,52,52,51,26,2:177:36:3,83:2:6:1,3228,76489,116320,45394,0.0004470426409903714,0.0011455258404194388,numbered_aligned,qac_v0.4_aligned,181,0.7355817949508746
خبر,xbr,51,51,51,31,2:234:25:1,100:11:5:2,4663,77879,116320,45394,0.0004384456671251719,0.0011234964973344495,numbered_aligned,qac_v0.4_aligned,182,0.7367052914482091
فري,fry,51,51,48,20,3:24:15:1,61:7:4:1,6580,71785,116320,45394,0.0004384456671251719,0.0011234964973344495,numbered_aligned,qac_v0.4_aligned,183,0.7378287879455435
تحت,tHt,50,50,49,29,2:25:11:1,98:8:8:1,342,77782,116320,45394,0.00042984869325997247,0.0011014671542494603,numbered_aligned,qac_v0.4_aligned,184,0.7389302550997929
حلل,Hll,50,50,43,21,2:168:7:1,90:2:2:1,3038,77265,116320,45394,0.00042984869325997247,0.0011014671542494603,numbered_aligned,qac_v0.4_aligned,185,0.7400317222540423
فسد,fsd,50,50,47,23,2:11:5:1,89:12:3:2,130,77160,116320,45394,0.00042984869325997247,0.0011014671542494603,numbered_aligned,qac_v0.4_aligned,186,0.7411331894082919
نفع,nfE,50,50,49,31,2:102:56:1,87:9:3:1,1784,76977,116320,45394,0.00042984869325997247,0.0011014671542494603,numbered_aligned,qac_v0.4_aligned,187,0.7422346565625413
سوع,swE,49,49,44,27,6:31:10:2,79:42:3:2,16758,76124,116320,45394,0.00042125171939477306,0.001079437811164471,numbered_aligned,qac_v0.4_aligned,188,0.7433140943737058
ضعف,DEf,49,49,42,19,2:245:8:2,72:24:8:1,4878,74675,116320,45394,0.00042125171939477306,0.001079437811164471,numbered_aligned,qac_v0.4_aligned,189,0.7443935321848703
طيب,Tyb,49,49,45,23,2:57:10:1,61:12:11:1,841,71860,116320,45394,0.00042125171939477306,0.001079437811164471,numbered_aligned,qac_v0.4_aligned,190,0.7454729699960347
عقل,Eql,49,49,49,30,2:44:10:1,67:10:6:1,680,73190,116320,45394,0.00042125171939477306,0.001079437811164471,numbered_aligned,qac_v0.4_aligned,191,0.7465524078071992
تلو,tlw,47,47,45,27,2:44:7:1,83:13:2:1,677,76534,116320,45394,0.00040405777166437415,0.0010353791249944927,numbered_aligned,qac_v0.4_aligned,192,0.7475877869321936
طعم,TEm,47,47,40,25,2:61:7:1,107:3:4:1,923,78070,116320,45394,0.00040405777166437415,0.0010353791249944927,numbered_aligned,qac_v0.4_aligned,193,0.7486231660571881
عجل,Ejl,47,47,44,25,2:51:8:2,76:27:4:2,763,75558,116320,45394,0.00040405777166437415,0.0010353791249944927,numbered_aligned,qac_v0.4_aligned,194,0.7496585451821827
ابو,Abw,46,59,39,15,4:11:23:3,80:35:2:2,9906,76261,116320,45394,0.0003954607977991747,0.0010133497819095035,numbered_aligned,qac_v0.4_aligned,195,0.7506718949640921
اخر,Axr,46,46,45,23,2:184:13:1,82:5:5:2,3364,76413,116320,45394,0.0003954607977991747,0.0010133497819095035,numbered_aligned,qac_v0.4_aligned,196,0.7516852447460016
قدم,qdm,46,46,46,35,2:95:5:1,82:5:4:1,1627,76412,116320,45394,0.0003954607977991747,0.0010133497819095035,numbered_aligned,qac_v0.4_aligned,197,0.7526985945279112
كرم,krm,46,46,45,29,4:31:12:1,96:3:3:2,10471,77603,116320,45394,0.0003954607977991747,0.0010133497819095035,numbered_aligned,qac_v0.4_aligned,198,0.7537119443098207
نهي,nhy,46,46,45,24,2:192:2:1,96:15:4:1,3593,77649,116320,45394,0.0003954607977991747,0.0010133497819095035,numbered_aligned,qac_v0.4_aligned,199,0.7547252940917302
زين,zyn,45,45,42,28,2:212:1:1,67:5:2:1,3980,73128,116320,45394,0.00038686382393397523,0.0009913204388245142,numbered_aligned,qac_v0.4_aligned,200,0.7557166145305547
اثم,Avm,44,44,39,20,2:85:13:3,83:12:7:1,1397,76532,116320,45394,0.0003782668500687758,0.0009692910957395251,numbered_aligned,qac_v0.4_aligned,201,0.7566859056262942
بدل,bdl,44,44,40,25,2:59:1:2,76:28:9:1,870,75571,116320,45394,0.0003782668500687758,0.0009692910957395251,numbered_aligned,qac_v0.4_aligned,202,0.7576551967220337
حفظ,HfZ,44,44,42,23,2:238:1:1,86:4:6:1,4771,76893,116320,45394,0.0003782668500687758,0.0009692910957395251,numbered_aligned,qac_v0.4_aligned,203,0.7586244878177733
دبر,dbr,44,44,44,31,3:111:8:2,79:22:2:1,8066,76041,116320,45394,0.0003782668500687758,0.0009692910957395251,numbered_aligned,qac_v0.4_aligned,204,0.7595937789135128
سرر,srr,44,44,43,33,2:69:17:1,88:13:2:1,1108,77065,116320,45394,0.0003782668500687758,0.0009692910957395251,numbered_aligned,qac_v0.4_aligned,205,0.7605630700092523
صبح,SbH,44,44,42,25,3:103:17:2,100:3:2:1,7941,77845,116320,45394,0.0003782668500687758,0.0009692910957395251,numbered_aligned,qac_v0.4_aligned,206,0.7615323611049919
صدر,Sdr,44,44,41,29,3:29:6:1,114:5:4:1,6674,78244,116320,45394,0.0003782668500687758,0.0009692910957395251,numbered_aligned,qac_v0.4_aligned,207,0.7625016522007314
صرط,SrT,44,44,44,25,1:6:2:2,67:22:11:1,19,73323,116320,45394,0.0003782668500687758,0.0009692910957395251,numbered_aligned,qac_v0.4_aligned,208,0.7634709432964709
يسر,ysr,44,44,40,27,2:185:31:2,94:6:4:1,3414,77543,116320,45394,0.0003782668500687758,0.0009692910957395251,numbered_aligned,qac_v0.4_aligned,209,0.7644402343922104
جوب,jwb,43,43,41,23,2:186:7:1,89:9:3:1,3434,77148,116320,45394,0.0003696698762035763,0.0009472617526545358,numbered_aligned,qac_v0.4_aligned,210,0.765387496144865
فصل,fSl,43,43,42,24,2:233:36:1,86:13:3:1,4610,76928,116320,45394,0.0003696698762035763,0.0009472617526545358,numbered_aligned,qac_v0.4_aligned,211,0.7663347578975195
فوق,fwq,43,43,41,27,2:26:11:1,78:12:2:1,376,75823,116320,45394,0.0003696698762035763,0.0009472617526545358,numbered_aligned,qac_v0.4_aligned,212,0.7672820196501741
مكر,mkr,43,43,23,14,3:54:1:2,71:22:2:1,7107,74363,116320,45394,0.0003696698762035763,0.0009472617526545358,numbered_aligned,qac_v0.4_aligned,213,0.7682292814028285
ندو,ndw,43,43,41,23,2:171:12:2,96:17:2:1,3092,77656,116320,45394,0.0003696698762035763,0.0009472617526545358,numbered_aligned,qac_v0.4_aligned,214,0.7691765431554831
بحر,bHr,42,42,40,25,2:50:4:2,82:3:2:2,749,76404,116320,45394,0.0003610729023383769,0.0009252324095695467,numbered_aligned,qac_v0.4_aligned,215,0.7701017755650527
سخر,sxr,42,42,35,21,2:164:37:2,69:7:1:1,2958,73742,116320,45394,0.0003610729023383769,0.0009252324095695467,numbered_aligned,qac_v0.4_aligned,216,0.7710270079746222
صدد,Sdd,42,42,41,23,2:217:11:2,63:5:12:1,4136,72170,116320,45394,0.0003610729023383769,0.0009252324095695467,numbered_aligned,qac_v0.4_aligned,217,0.7719522403841917
عهد,Ehd,42,42,33,16,2:27:3:1,70:32:4:2,407,74123,116320,45394,0.0003610729023383769,0.0009252324095695467,numbered_aligned,qac_v0.4_aligned,218,0.7728774727937613
ترك,trk,41,41,35,20,2:17:13:2,75:36:4:1,209,75330,116320,45394,0.00035247592847317745,0.0009032030664845574,numbered_aligned,qac_v0.4_aligned,219,0.7737806758602458
جهد,jhd,41,41,36,19,2:218:6:2,66:9:3:1,4188,72998,116320,45394,0.00035247592847317745,0.0009032030664845574,numbered_aligned,qac_v0.4_aligned,220,0.7746838789267304
حشر,H$r,41,41,41,27,2:203:25:1,81:5:3:1,3860,76303,116320,45394,0.00035247592847317745,0.0009032030664845574,numbered_aligned,qac_v0.4_aligned,221,0.7755870819932149
سال,sAl,41,41,40,29,2:61:36:1,93:10:2:2,952,77512,116320,45394,0.00035247592847317745,0.0009032030664845574,numbered_aligned,qac_v0.4_aligned,222,0.7764902850596995
طوف,Twf,41,41,35,22,2:125:19:3,76:19:1:2,2237,75491,116320,45394,0.00035247592847317745,0.0009032030664845574,numbered_aligned,qac_v0.4_aligned,223,0.777393488126184
كره,krh,41,41,35,21,2:216:5:1,61:9:13:1,4105,71821,116320,45394,0.00035247592847317745,0.0009032030664845574,numbered_aligned,qac_v0.4_aligned,224,0.7782966911926686
جبل,jbl,40,41,38,33,2:260:28:1,101:5:2:2,5434,77897,116320,45394,0.000343878954607978,0.0008811737233995682,numbered_aligned,qac_v0.4_aligned,225,0.7791778649160682
خشي,x$y,40,40,34,21,2:74:31:1,87:10:3:1,1202,76981,116320,45394,0.000343878954607978,0.0008811737233995682,numbered_aligned,qac_v0.4_aligned,226,0.7800590386394678
شعر,$Er,40,40,40,23,2:9:10:1,69:41:4:1,113,73930,116320,45394,0.000343878954607978,0.0008811737233995682,numbered_aligned,qac_v0.4_aligned,227,0.7809402123628674
لعن,lEn,40,40,35,17,2:88:5:1,48:6:16:2,1479,66471,116320,45394,0.000343878954607978,0.0008811737233995682,numbered_aligned,qac_v0.4_aligned,228,0.781821386086267
وذر,w*r,40,40,38,25,2:234:4:2,76:27:5:2,4642,75559,116320,45394,0.000343878954607978,0.0008811737233995682,numbered_aligned,qac_v0.4_aligned,229,0.7827025598096665
سلط,slT,39,39,39,27,3:151:14:1,69:29:3:1,8680,73878,116320,45394,0.00033528198074277854,0.000859144380314579,numbered_aligned,qac_v0.4_aligned,230,0.7835617041899811
فلح,flH,39,39,39,24,2:5:8:2,91:9:2:1,69,77370,116320,45394,0.00033528198074277854,0.000859144380314579,numbered_aligned,qac_v0.4_aligned,231,0.7844208485702956
ذنب,*nb,38,38,36,25,3:11:11:2,91:14:6:2,6340,77395,116320,45394,0.0003266850068775791,0.0008371150372295898,numbered_aligned,qac_v0.4_aligned,232,0.7852579636075252
غني,gny,38,38,38,27,2:273:14:1,111:2:2:1,5741,78162,116320,45394,0.0003266850068775791,0.0008371150372295898,numbered_aligned,qac_v0.4_aligned,233,0.7860950786447548
فتح,ftH,38,38,33,25,2:76:15:1,110:1:5:3,1242,78137,116320,45394,0.0003266850068775791,0.0008371150372295898,numbered_aligned,qac_v0.4_aligned,234,0.7869321936819844
حزن,Hzn,37,37,37,24,2:38:17:1,58:10:5:2,613,70630,116320,45394,0.0003180880330123796,0.0008150856941446006,numbered_aligned,qac_v0.4_aligned,235,0.787747279376129
سبق,sbq,37,37,35,24,2:148:5:2,79:4:2:1,2695,75976,116320,45394,0.0003180880330123796,0.0008150856941446006,numbered_aligned,qac_v0.4_aligned,236,0.7885623650702736
شرب,$rb,37,37,32,21,2:60:18:1,83:28:2:1,905,76605,116320,45394,0.0003180880330123796,0.0008150856941446006,numbered_aligned,qac_v0.4_aligned,237,0.7893774507644182
طغي,Tgy,37,37,37,26,2:15:6:1,96:6:4:2,184,77615,116320,45394,0.0003180880330123796,0.0008150856941446006,numbered_aligned,qac_v0.4_aligned,238,0.7901925364585628
بطل,bTl,36,36,34,24,2:42:4:3,47:33:9:1,659,66312,116320,45394,0.0003094910591471802,0.0007930563510596114,numbered_aligned,qac_v0.4_aligned,239,0.7909855928096224
حدث,Hdv,36,36,36,28,2:76:13:2,99:4:2:1,1240,77812,116320,45394,0.0003094910591471802,0.0007930563510596114,numbered_aligned,qac_v0.4_aligned,240,0.7917786491606821
ريب,ryb,36,36,35,26,2:2:4:1,74:31:23:1,38,75049,116320,45394,0.0003094910591471802,0.0007930563510596114,numbered_aligned,qac_v0.4_aligned,241,0.7925717055117416
قرن,qrn,36,36,34,20,4:38:16:1,50:36:5:1,10642,67592,116320,45394,0.0003094910591471802,0.0007930563510596114,numbered_aligned,qac_v0.4_aligned,242,0.7933647618628012
قطع,qTE,36,36,36,23,2:27:8:2,69:46:2:2,412,73953,116320,45394,0.0003094910591471802,0.0007930563510596114,numbered_aligned,qac_v0.4_aligned,243,0.7941578182138609
نكر,nkr,36,36,36,26,3:104:11:2,67:18:8:1,7969,73270,116320,45394,0.0003094910591471802,0.0007930563510596114,numbered_aligned,qac_v0.4_aligned,244,0.7949508745649205
حين,Hyn,35,35,33,23,2:36:19:1,76:1:5:1,585,75363,116320,45394,0.00030089408528198076,0.0007710270079746222,numbered_aligned,qac_v0.4_aligned,245,0.7957219015728951
غفل,gfl,35,35,35,21,2:74:35:2,50:22:4:1,1206,67489,116320,45394,0.00030089408528198076,0.0007710270079746222,numbered_aligned,qac_v0.4_aligned,246,0.7964929285808697
قرر,qrr,35,35,35,21,2:36:16:1,77:21:3:1,582,75666,116320,45394,0.00030089408528198076,0.0007710270079746222,numbered_aligned,qac_v0.4_aligned,247,0.7972639555888443
قضي,qDy,35,35,33,20,2:117:5:1,80:23:3:1,2083,76223,116320,45394,0.00030089408528198076,0.0007710270079746222,numbered_aligned,qac_v0.4_aligned,248,0.7980349825968189
مرر,mrr,35,35,32,22,2:229:2:1,83:30:2:1,4422,76617,116320,45394,0.00030089408528198076,0.0007710270079746222,numbered_aligned,qac_v0.4_aligned,249,0.7988060096047935
جنح,jnH,34,34,32,14,2:158:13:1,60:10:31:1,2848,71577,116320,45394,0.0002922971114167813,0.000748997664889633,numbered_aligned,qac_v0.4_aligned,250,0.7995550072696832
ذرر,*rr,34,34,32,19,2:128:6:1,99:8:4:1,2290,77833,116320,45394,0.0002922971114167813,0.000748997664889633,numbered_aligned,qac_v0.4_aligned,251,0.8003040049345729
وثق,wvq,34,34,29,13,2:27:7:1,89:26:3:1,411,77240,116320,45394,0.0002922971114167813,0.000748997664889633,numbered_aligned,qac_v0.4_aligned,252,0.8010530025994624
ورث,wrv,34,34,34,20,2:233:31:2,89:19:2:2,4605,77201,116320,45394,0.0002922971114167813,0.000748997664889633,numbered_aligned,qac_v0.4_aligned,253,0.8018020002643521
شمس,$ms,33,33,32,28,2:258:29:3,91:1:1:3,5325,77346,116320,45394,0.00028370013755158184,0.0007269683218046437,numbered_aligned,qac_v0.4_aligned,254,0.8025289685861567
ظلل,Zll,33,33,31,20,2:57:1:2,77:41:4:1,832,75748,116320,45394,0.00028370013755158184,0.0007269683218046437,numbered_aligned,qac_v0.4_aligned,255,0.8032559369079614
قسم,qsm,33,33,31,24,4:8:3:2,90:1:2:1,9845,77261,116320,45394,0.00028370013755158184,0.0007269683218046437,numbered_aligned,qac_v0.4_aligned,256,0.803982905229766
كفي,kfy,33,33,32,15,2:137:15:3,48:28:12:2,2464,66897,116320,45394,0.00028370013755158184,0.0007269683218046437,numbered_aligned,qac_v0.4_aligned,257,0.8047098735515706
برر,brr,32,32,30,18,2:44:3:3,83:22:2:2,673,76580,116320,45394,0.0002751031636863824,0.0007049389787196546,numbered_aligned,qac_v0.4_aligned,258,0.8054148125302903
برك,brk,32,32,32,22,3:96:8:1,67:1:1:1,7819,73079,116320,45394,0.0002751031636863824,0.0007049389787196546,numbered_aligned,qac_v0.4_aligned,259,0.80611975150901
عرش,Er$,32,32,31,24,2:259:9:1,85:15:2:2,5348,76849,116320,45394,0.0002751031636863824,0.0007049389787196546,numbered_aligned,qac_v0.4_aligned,260,0.8068246904877296
قوي,qwy,32,32,29,21,2:63:10:2,86:10:4:1,1009,76917,116320,45394,0.0002751031636863824,0.0007049389787196546,numbered_aligned,qac_v0.4_aligned,261,0.8075296294664494
مدد,mdd,32,32,29,24,2:15:4:2,104:9:3:1,182,78006,116320,45394,0.0002751031636863824,0.0007049389787196546,numbered_aligned,qac_v0.4_aligned,262,0.8082345684451689
مرا,mrA,32,32,31,21,2:102:41:2,111:4:1:2,1769,78171,116320,45394,0.0002751031636863824,0.0007049389787196546,numbered_aligned,qac_v0.4_aligned,263,0.8089395074238886
نصب,nSb,32,32,29,19,2:202:3:1,94:7:3:2,3830,77546,116320,45394,0.0002751031636863824,0.0007049389787196546,numbered_aligned,qac_v0.4_aligned,264,0.8096444464026082
ثلث,vlv,31,31,28,20,2:196:49:1,77:30:5:1,3697,75703,116320,45394,0.00026650618982118293,0.0006829096356346653,numbered_aligned,qac_v0.4_aligned,265,0.8103273560382429
جنب,jnb,31,31,29,19,3:191:7:1,92:17:1:3,9501,77456,116320,45394,0.00026650618982118293,0.0006829096356346653,numbered_aligned,qac_v0.4_aligned,266,0.8110102656738776
خلص,xlS,31,31,30,17,2:94:9:1,98:5:6:1,1614,77739,116320,45394,0.00026650618982118293,0.0006829096356346653,numbered_aligned,qac_v0.4_aligned,267,0.8116931753095122
شرر,$rr,31,31,30,22,2:216:19:1,114:4:2:1,4119,78238,116320,45394,0.00026650618982118293,0.0006829096356346653,numbered_aligned,qac_v0.4_aligned,268,0.8123760849451469
طهر,Thr,31,31,26,18,2:25:31:1,98:2:6:1,362,77719,116320,45394,0.00026650618982118293,0.0006829096356346653,numbered_aligned,qac_v0.4_aligned,269,0.8130589945807816
غلب,glb,31,31,28,18,2:249:53:1,80:30:2:1,5066,76246,116320,45394,0.00026650618982118293,0.0006829096356346653,numbered_aligned,qac_v0.4_aligned,270,0.8137419042164162
قعد,qEd,31,31,26,15,2:127:4:2,85:6:4:1,2274,76783,116320,45394,0.00026650618982118293,0.0006829096356346653,numbered_aligned,qac_v0.4_aligned,271,0.8144248138520509
لبث,lbv,31,31,27,17,2:259:25:1,79:46:5:1,5364,76143,116320,45394,0.00026650618982118293,0.0006829096356346653,numbered_aligned,qac_v0.4_aligned,272,0.8151077234876856
نسي,nsy,31,31,28,16,2:44:4:2,87:6:3:1,674,76963,116320,45394,0.00026650618982118293,0.0006829096356346653,numbered_aligned,qac_v0.4_aligned,273,0.8157906331233202
وسع,wsE,31,31,28,14,2:115:11:1,65:7:5:1,2063,72699,116320,45394,0.00026650618982118293,0.0006829096356346653,numbered_aligned,qac_v0.4_aligned,274,0.8164735427589549
افك,Afk,30,30,29,21,5:75:25:1,69:9:5:3,15308,73766,116320,45394,0.00025790921595598347,0.0006608802925496762,numbered_aligned,qac_v0.4_aligned,275,0.8171344230515046
انث,Anv,30,30,26,17,2:178:13:3,92:3:4:3,3257,77413,116320,45394,0.00025790921595598347,0.0006608802925496762,numbered_aligned,qac_v0.4_aligned,276,0.8177953033440543
شفع,$fE,30,30,25,18,2:48:12:1,89:3:1:3,720,77120,116320,45394,0.00025790921595598347,0.0006608802925496762,numbered_aligned,qac_v0.4_aligned,277,0.818456183636604
صرف,Srf,30,30,29,17,2:164:34:2,46:29:2:1,2955,65707,116320,45394,0.00025790921595598347,0.0006608802925496762,numbered_aligned,qac_v0.4_aligned,278,0.8191170639291536
عسي,Esy,30,30,28,16,2:216:7:2,68:32:1:1,4107,73562,116320,45394,0.00025790921595598347,0.0006608802925496762,numbered_aligned,qac_v0.4_aligned,279,0.8197779442217034
عفو,Efw,30,30,27,11,2:52:2:1,64:14:12:1,769,72476,116320,45394,0.00025790921595598347,0.0006608802925496762,numbered_aligned,qac_v0.4_aligned,280,0.820438824514253
كيد,kyd,30,30,25,14,3:120:15:1,105:2:3:1,8257,78020,116320,45394,0.00025790921595598347,0.0006608802925496762,numbered_aligned,qac_v0.4_aligned,281,0.8210997048068026
هجر,hjr,30,30,26,16,2:218:5:1,74:5:2:2,4187,74941,116320,45394,0.00025790921595598347,0.0006608802925496762,numbered_aligned,qac_v0.4_aligned,282,0.8217605850993523
اني,Any,29,29,29,20,2:223:6:1,89:23:7:2,4322,77225,116320,45394,0.00024931224209078407,0.0006388509494646869,numbered_aligned,qac_v0.4_aligned,283,0.822399436048817
جند,jnd,29,29,27,18,2:249:4:3,85:17:4:2,5017,76857,116320,45394,0.00024931224209078407,0.0006388509494646869,numbered_aligned,qac_v0.4_aligned,284,0.8230382869982817
حجج,Hjj,29,29,25,10,2:76:18:2,45:25:8:1,1245,65029,116320,45394,0.00024931224209078407,0.0006388509494646869,numbered_aligned,qac_v0.4_aligned,285,0.8236771379477464
رفع,rfE,29,29,29,21,2:63:4:2,94:4:1:2,1003,77533,116320,45394,0.00024931224209078407,0.0006388509494646869,numbered_aligned,qac_v0.4_aligned,286,0.8243159888972111
صير,Syr,29,29,29,22,2:126:30:2,67:6:7:2,2270,73145,116320,45394,0.00024931224209078407,0.0006388509494646869,numbered_aligned,qac_v0.4_aligned,287,0.8249548398466757
عصي,ESy,29,29,29,20,2:61:57:1,79:21:2:2,973,76039,116320,45394,0.00024931224209078407,0.0006388509494646869,numbered_aligned,qac_v0.4_aligned,288,0.8255936907961404
هوي,hwy,29,29,29,17,2:87:22:1,101:9:2:1,1468,77913,116320,45394,0.00024931224209078407,0.0006388509494646869,numbered_aligned,qac_v0.4_aligned,289,0.8262325417456051
ابد,Abd,28,28,28,15,2:95:3:1,98:8:12:1,1625,77786,116320,45394,0.00024071526822558458,0.0006168216063796978,numbered_aligned,qac_v0.4_aligned,290,0.8268493633519849
ثوب,vwb,28,28,23,15,2:103:5:2,83:36:2:1,1807,76646,116320,45394,0.00024071526822558458,0.0006168216063796978,numbered_aligned,qac_v0.4_aligned,291,0.8274661849583645
خفي,xfy,28,28,26,19,2:271:7:1,87:7:9:1,5686,76972,116320,45394,0.00024071526822558458,0.0006168216063796978,numbered_aligned,qac_v0.4_aligned,292,0.8280830065647442
خلو,xlw,28,28,28,18,2:14:8:1,84:4:4:2,170,76667,116320,45394,0.00024071526822558458,0.0006168216063796978,numbered_aligned,qac_v0.4_aligned,293,0.828699828171124
سبع,sbE,28,28,24,16,2:29:14:1,78:12:3:1,451,75824,116320,45394,0.00024071526822558458,0.0006168216063796978,numbered_aligned,qac_v0.4_aligned,294,0.8293166497775036
سعي,sEy,28,28,26,19,2:114:11:2,92:4:2:1,2033,77415,116320,45394,0.00024071526822558458,0.0006168216063796978,numbered_aligned,qac_v0.4_aligned,295,0.8299334713838833
طير,Tyr,28,28,23,19,2:260:21:2,105:3:3:1,5427,78025,116320,45394,0.00024071526822558458,0.0006168216063796978,numbered_aligned,qac_v0.4_aligned,296,0.8305502929902631
عدل,Edl,28,28,24,11,2:48:16:1,82:7:4:2,724,76424,116320,45394,0.00024071526822558458,0.0006168216063796978,numbered_aligned,qac_v0.4_aligned,297,0.8311671145966427
ودد,wdd,28,28,27,18,2:96:9:1,85:14:3:2,1640,76847,116320,45394,0.00024071526822558458,0.0006168216063796978,numbered_aligned,qac_v0.4_aligned,298,0.8317839362030224
يقن,yqn,28,28,28,19,2:4:12:1,102:7:4:2,61,77946,116320,45394,0.00024071526822558458,0.0006168216063796978,numbered_aligned,qac_v0.4_aligned,299,0.8324007578094021
بدو,bdw,27,27,25,14,2:271:2:1,60:4:23:2,5681,71427,116320,45394,0.00023211829436038515,0.0005947922632947085,numbered_aligned,qac_v0.4_aligned,300,0.8329955500726969
ثقل,vql,27,27,25,18,4:40:5:1,101:6:3:1,10664,77902,116320,45394,0.00023211829436038515,0.0005947922632947085,numbered_aligned,qac_v0.4_aligned,301,0.8335903423359915
جدل,jdl,27,27,25,14,4:107:2:1,58:1:6:1,12109,70405,116320,45394,0.00023211829436038515,0.0005947922632947085,numbered_aligned,qac_v0.4_aligned,302,0.8341851345992862
حوط,HwT,27,27,26,18,2:19:18:1,85:20:4:1,237,76868,116320,45394,0.00023211829436038515,0.0005947922632947085,numbered_aligned,qac_v0.4_aligned,303,0.834779926862581
حيث,Hyv,27,27,25,13,2:58:8:1,68:44:8:1,857,73654,116320,45394,0.00023211829436038515,0.0005947922632947085,numbered_aligned,qac_v0.4_aligned,304,0.8353747191258757
سير,syr,27,27,25,21,3:137:6:2,81:3:3:1,8469,76297,116320,45394,0.00023211829436038515,0.0005947922632947085,numbered_aligned,qac_v0.4_aligned,305,0.8359695113891704
شقق,$qq,27,27,24,20,2:74:22:1,84:1:3:1,1193,76657,116320,45394,0.00023211829436038515,0.0005947922632947085,numbered_aligned,qac_v0.4_aligned,306,0.836564303652465
صلو,Slw,27,27,25,17,2:125:11:1,108:2:1:2,2229,78091,116320,45394,0.00023211829436038515,0.0005947922632947085,numbered_aligned,qac_v0.4_aligned,307,0.8371590959157598
عشر,E$r,27,30,26,19,2:60:12:1,89:2:2:1,899,77119,116320,45394,0.00023211829436038515,0.0005947922632947085,numbered_aligned,qac_v0.4_aligned,308,0.8377538881790545
غرر,grr,27,27,21,14,3:24:10:2,82:6:4:1,6575,76418,116320,45394,0.00023211829436038515,0.0005947922632947085,numbered_aligned,qac_v0.4_aligned,309,0.8383486804423492
فوز,fwz,27,27,26,21,3:185:17:1,85:11:13:2,9403,76835,116320,45394,0.00023211829436038515,0.0005947922632947085,numbered_aligned,qac_v0.4_aligned,310,0.838943472705644
قصص,qSS,27,27,22,14,2:178:6:2,40:78:13:1,3250,61735,116320,45394,0.00023211829436038515,0.0005947922632947085,numbered_aligned,qac_v0.4_aligned,311,0.8395382649689386
قمر,qmr,27,27,26,23,6:77:3:2,91:2:1:3,17578,77348,116320,45394,0.00023211829436038515,0.0005947922632947085,numbered_aligned,qac_v0.4_aligned,312,0.8401330572322333
مسك,msk,27,27,24,17,2:229:3:2,83:26:2:1,4423,76596,116320,45394,0.00023211829436038515,0.0005947922632947085,numbered_aligned,qac_v0.4_aligned,313,0.840727849495528
ملا,mlA,27,27,27,15,2:246:4:2,72:8:5:1,4890,74509,116320,45394,0.00023211829436038515,0.0005947922632947085,numbered_aligned,qac_v0.4_aligned,314,0.8413226417588228
وزر,wzr,27,27,14,11,6:31:20:1,94:2:3:1,16769,77529,116320,45394,0.00023211829436038515,0.0005947922632947085,numbered_aligned,qac_v0.4_aligned,315,0.8419174340221175
بلو,blw,26,26,25,18,2:49:15:1,86:9:2:1,742,76912,116320,45394,0.0002235213204951857,0.0005727629202097194,numbered_aligned,qac_v0.4_aligned,316,0.8424901969423272
جحم,jHm,26,26,26,18,2:119:10:2,102:6:2:2,2123,77942,116320,45394,0.0002235213204951857,0.0005727629202097194,numbered_aligned,qac_v0.4_aligned,317,0.8430629598625369
عجب,Ejb,26,26,23,16,2:204:4:1,72:1:13:1,3864,74449,116320,45394,0.0002235213204951857,0.0005727629202097194,numbered_aligned,qac_v0.4_aligned,318,0.8436357227827466
عمي,Emy,26,26,23,18,5:71:5:2,80:2:3:2,15202,76156,116320,45394,0.0002235213204951857,0.0005727629202097194,numbered_aligned,qac_v0.4_aligned,319,0.8442084857029564
منن,mnn,26,26,24,20,2:57:6:2,95:6:9:1,837,77579,116320,45394,0.0002235213204951857,0.0005727629202097194,numbered_aligned,qac_v0.4_aligned,320,0.8447812486231661
نبت,nbt,26,26,23,21,2:61:15:1,80:27:1:2,931,76238,116320,45394,0.0002235213204951857,0.0005727629202097194,numbered_aligned,qac_v0.4_aligned,321,0.8453540115433757
هون,hwn,26,26,26,19,2:90:27:1,89:16:10:1,1537,77189,116320,45394,0.0002235213204951857,0.0005727629202097194,numbered_aligned,qac_v0.4_aligned,322,0.8459267744635856
وري,wry,26,26,26,21,2:91:15:1,100:2:1:3,1552,77842,116320,45394,0.0002235213204951857,0.0005727629202097194,numbered_aligned,qac_v0.4_aligned,323,0.8464995373837952
وضع,wDE,26,26,24,18,3:36:2:1,94:2:1:2,6779,77527,116320,45394,0.0002235213204951857,0.0005727629202097194,numbered_aligned,qac_v0.4_aligned,324,0.8470723003040049
بوب,bwb,25,25,23,17,2:58:12:2,78:19:4:1,861,75854,116320,45394,0.00021492434662998623,0.0005507335771247301,numbered_aligned,qac_v0.4_aligned,325,0.8476230338811297
حدد,Hdd,25,25,20,12,2:187:55:1,65:1:29:1,3499,72557,116320,45394,0.00021492434662998623,0.0005507335771247301,numbered_aligned,qac_v0.4_aligned,326,0.8481737674582543
حول,Hwl,25,25,25,19,2:17:9:1,46:27:4:1,205,65682,116320,45394,0.00021492434662998623,0.0005507335771247301,numbered_aligned,qac_v0.4_aligned,327,0.8487245010353791
فلك,flk,25,25,25,20,2:164:9:3,45:12:7:2,2930,64826,116320,45394,0.00021492434662998623,0.0005507335771247301,numbered_aligned,qac_v0.4_aligned,328,0.8492752346125039
قسط,qsT,25,25,22,15,2:282:88:1,72:15:2:2,5998,74584,116320,45394,0.00021492434662998623,0.0005507335771247301,numbered_aligned,qac_v0.4_aligned,329,0.8498259681896286
نشا,n$A,25,25,23,12,6:6:27:2,73:6:2:1,16381,74751,116320,45394,0.00021492434662998623,0.0005507335771247301,numbered_aligned,qac_v0.4_aligned,330,0.8503767017667533
وصي,wSy,25,25,15,11,2:180:10:2,103:3:8:2,3300,77968,116320,45394,0.00021492434662998623,0.0005507335771247301,numbered_aligned,qac_v0.4_aligned,331,0.850927435343878
وهب,whb,25,25,22,12,3:8:8:2,42:49:12:2,6293,63434,116320,45394,0.00021492434662998623,0.0005507335771247301,numbered_aligned,qac_v0.4_aligned,332,0.8514781689210028
بطن,bTn,24,24,24,18,2:174:17:1,57:13:21:1,3155,70044,116320,45394,0.0002063273727647868,0.0005287042340397409,numbered_aligned,qac_v0.4_aligned,333,0.8520068731550425
جهل,jhl,24,24,24,17,2:67:20:2,49:6:12:2,1068,67047,116320,45394,0.0002063273727647868,0.0005287042340397409,numbered_aligned,qac_v0.4_aligned,334,0.8525355773890823
حضر,HDr,24,24,24,16,2:133:5:1,81:14:4:1,2366,76331,116320,45394,0.0002063273727647868,0.0005287042340397409,numbered_aligned,qac_v0.4_aligned,335,0.853064281623122
ذلل,*ll,24,24,23,17,2:61:39:2,76:14:6:1,955,75467,116320,45394,0.0002063273727647868,0.0005287042340397409,numbered_aligned,qac_v0.4_aligned,336,0.8535929858571617
زكو,zkw,24,24,23,15,2:129:12:2,92:18:4:1,2313,77461,116320,45394,0.0002063273727647868,0.0005287042340397409,numbered_aligned,qac_v0.4_aligned,337,0.8541216900912015
شجر,$jr,24,24,23,17,4:65:8:1,56:72:3:1,11155,69710,116320,45394,0.0002063273727647868,0.0005287042340397409,numbered_aligned,qac_v0.4_aligned,338,0.8546503943252413
عجز,Ejz,24,24,23,20,5:31:14:2,72:12:10:1,14254,74557,116320,45394,0.0002063273727647868,0.0005287042340397409,numbered_aligned,qac_v0.4_aligned,339,0.855179098559281
عمر,Emr,24,24,19,14,2:96:12:1,52:4:2:2,1643,68063,116320,45394,0.0002063273727647868,0.0005287042340397409,numbered_aligned,qac_v0.4_aligned,340,0.8557078027933207
فجر,fjr,24,24,21,16,2:60:9:2,97:5:5:2,896,77697,116320,45394,0.0002063273727647868,0.0005287042340397409,numbered_aligned,qac_v0.4_aligned,341,0.8562365070273604
فحش,fH$,24,24,23,15,2:169:4:3,65:1:22:2,3051,72550,116320,45394,0.0002063273727647868,0.0005287042340397409,numbered_aligned,qac_v0.4_aligned,342,0.8567652112614002
كود,kwd,24,24,24,19,2:20:1:1,72:19:7:1,239,74620,116320,45394,0.0002063273727647868,0.0005287042340397409,numbered_aligned,qac_v0.4_aligned,343,0.8572939154954399
مرض,mrD,24,24,23,13,2:10:3:1,74:31:32:1,116,75058,116320,45394,0.0002063273727647868,0.0005287042340397409,numbered_aligned,qac_v0.4_aligned,344,0.8578226197294797
وعظ,wEZ,24,24,23,13,2:66:8:2,65:2:17:1,1047,72586,116320,45394,0.0002063273727647868,0.0005287042340397409,numbered_aligned,qac_v0.4_aligned,345,0.8583513239635194
وقع,wqE,24,24,22,16,4:100:24:1,77:7:3:2,11951,75621,116320,45394,0.0002063273727647868,0.0005287042340397409,numbered_aligned,qac_v0.4_aligned,346,0.8588800281975592
ثمر,vmr,23,23,21,12,2:22:15:2,47:15:31:2,290,66067,116320,45394,0.00019773039889958734,0.0005066748909547517,numbered_aligned,qac_v0.4_aligned,347,0.859386703088514
ثني,vny,23,23,20,15,2:60:11:1,68:18:2:1,898,73498,116320,45394,0.00019773039889958734,0.0005066748909547517,numbered_aligned,qac_v0.4_aligned,348,0.8598933779794686
رقب,rqb,23,23,19,13,2:177:31:2,90:13:2:1,3223,77307,116320,45394,0.00019773039889958734,0.0005066748909547517,numbered_aligned,qac_v0.4_aligned,349,0.8604000528704234
سرع,srE,23,23,23,14,2:202:7:1,70:43:5:1,3834,74188,116320,45394,0.00019773039889958734,0.0005066748909547517,numbered_aligned,qac_v0.4_aligned,350,0.8609067277613781
طلق,Tlq,23,23,21,10,2:227:3:2,77:30:1:1,4376,75699,116320,45394,0.00019773039889958734,0.0005066748909547517,numbered_aligned,qac_v0.4_aligned,351,0.8614134026523329
غرق,grq,23,23,23,18,2:50:6:2,79:1:2:1,751,75970,116320,45394,0.00019773039889958734,0.0005066748909547517,numbered_aligned,qac_v0.4_aligned,352,0.8619200775432877
لسن,lsn,23,23,22,17,3:78:5:1,90:9:1:2,7504,77295,116320,45394,0.00019773039889958734,0.0005066748909547517,numbered_aligned,qac_v0.4_aligned,353,0.8624267524342424
نكح,nkH,23,23,19,6,2:221:2:1,60:10:34:1,4252,71580,116320,45394,0.00019773039889958734,0.0005066748909547517,numbered_aligned,qac_v0.4_aligned,354,0.8629334273251972
وزن,wzn,23,23,21,14,6:152:14:3,101:8:4:1,19080,77911,116320,45394,0.00019773039889958734,0.0005066748909547517,numbered_aligned,qac_v0.4_aligned,355,0.8634401022161519
يتم,ytm,23,23,22,12,2:83:14:3,107:2:4:2,1354,78066,116320,45394,0.00019773039889958734,0.0005066748909547517,numbered_aligned,qac_v0.4_aligned,356,0.8639467771071067
بسط,bsT,22,22,20,13,2:247:32:1,71:19:5:1,4972,74344,116320,45394,0.0001891334250343879,0.00048464554786976254,numbered_aligned,qac_v0.4_aligned,357,0.8644314226549764
تمم,tmm,22,22,20,12,2:124:6:2,66:8:36:1,2205,72985,116320,45394,0.0001891334250343879,0.00048464554786976254,numbered_aligned,qac_v0.4_aligned,358,0.8649160682028462
ربع,rbE,22,22,21,11,2:51:4:1,58:7:19:1,759,70539,116320,45394,0.0001891334250343879,0.00048464554786976254,numbered_aligned,qac_v0.4_aligned,359,0.8654007137507159
غضب,gDb,22,22,20,15,1:7:6:2,60:13:7:1,26,71669,116320,45394,0.0001891334250343879,0.00048464554786976254,numbered_aligned,qac_v0.4_aligned,360,0.8658853592985857
فرح,frH,22,22,21,13,3:120:8:1,57:23:7:1,8250,70250,116320,45394,0.0001891334250343879,0.00048464554786976254,numbered_aligned,qac_v0.4_aligned,361,0.8663700048464554
ترب,trb,21,21,21,18,2:264:23:1,90:16:4:1,5528,77320,116320,45394,0.00018053645116918846,0.00046261620478477334,numbered_aligned,qac_v0.4_aligned,362,0.8668326210512403
حجر,Hjr,21,21,18,14,2:24:11:3,105:4:2:2,329,78028,116320,45394,0.00018053645116918846,0.00046261620478477334,numbered_aligned,qac_v0.4_aligned,363,0.867295237256025
حذر,H*r,21,21,19,12,2:19:15:1,64:14:10:2,234,72474,116320,45394,0.00018053645116918846,0.00046261620478477334,numbered_aligned,qac_v0.4_aligned,364,0.8677578534608098
حلم,Hlm,21,21,20,16,2:225:14:1,64:17:12:1,4360,72518,116320,45394,0.00018053645116918846,0.00046261620478477334,numbered_aligned,qac_v0.4_aligned,365,0.8682204696655945
حمم,Hmm,21,21,20,15,6:70:40:1,78:25:2:1,17461,75875,116320,45394,0.00018053645116918846,0.00046261620478477334,numbered_aligned,qac_v0.4_aligned,366,0.8686830858703793
رجو,rjw,21,21,20,16,2:218:11:1,78:27:4:1,4193,75882,116320,45394,0.00018053645116918846,0.00046261620478477334,numbered_aligned,qac_v0.4_aligned,367,0.8691457020751642
سنن,snn,21,21,15,11,3:137:5:1,48:23:10:2,8468,66768,116320,45394,0.00018053645116918846,0.00046261620478477334,numbered_aligned,qac_v0.4_aligned,368,0.8696083182799489
صلي,Sly,21,21,21,18,4:10:12:3,111:3:1:2,9882,78167,116320,45394,0.00018053645116918846,0.00046261620478477334,numbered_aligned,qac_v0.4_aligned,369,0.8700709344847337
غشو,g$w,21,21,19,18,2:7:9:1,92:1:3:1,89,77406,116320,45394,0.00018053645116918846,0.00046261620478477334,numbered_aligned,qac_v0.4_aligned,370,0.8705335506895184
نشر,n$r,21,21,20,18,17:13:13:1,81:10:3:1,36427,76318,116320,45394,0.00018053645116918846,0.00046261620478477334,numbered_aligned,qac_v0.4_aligned,371,0.8709961668943033
هود,hwd,21,22,21,10,2:62:5:1,62:6:4:1,980,71994,116320,45394,0.00018053645116918846,0.00046261620478477334,numbered_aligned,qac_v0.4_aligned,372,0.871458783099088
حزب,Hzb,20,20,17,13,5:56:8:1,58:22:48:1,14890,70871,116320,45394,0.000171939477303989,0.0004405868616997841,numbered_aligned,qac_v0.4_aligned,373,0.8718993699607878
درج,drj,20,20,20,16,2:228:37:1,68:44:6:2,4417,73652,116320,45394,0.000171939477303989,0.0004405868616997841,numbered_aligned,qac_v0.4_aligned,374,0.8723399568224875
سرف,srf,20,20,19,16,3:147:11:2,51:34:4:3,8629,67861,116320,45394,0.000171939477303989,0.0004405868616997841,numbered_aligned,qac_v0.4_aligned,375,0.8727805436841873
سنو,snw,20,20,20,17,2:96:14:1,70:4:11:1,1645,74007,116320,45394,0.000171939477303989,0.0004405868616997841,numbered_aligned,qac_v0.4_aligned,376,0.8732211305458871
شري,$ry,20,20,19,7,2:16:3:1,16:95:2:1,188,35766,116320,45394,0.000171939477303989,0.0004405868616997841,numbered_aligned,qac_v0.4_aligned,377,0.8736617174075869
شهر,$hr,20,20,16,9,2:185:1:1,97:3:6:1,3384,77683,116320,45394,0.000171939477303989,0.0004405868616997841,numbered_aligned,qac_v0.4_aligned,378,0.8741023042692867
صنع,SnE,20,20,19,14,5:14:25:1,35:8:25:1,13913,56461,116320,45394,0.000171939477303989,0.0004405868616997841,numbered_aligned,qac_v0.4_aligned,379,0.8745428911309865
فقه,fqh,20,20,20,12,4:78:35:1,63:7:20:1,11429,72210,116320,45394,0.000171939477303989,0.0004405868616997841,numbered_aligned,qac_v0.4_aligned,380,0.8749834779926863
كتم,ktm,20,20,19,7,2:42:5:2,40:28:7:1,660,61002,116320,45394,0.000171939477303989,0.0004405868616997841,numbered_aligned,qac_v0.4_aligned,381,0.8754240648543861
لبس,lbs,20,20,18,12,2:42:2:1,78:10:3:1,657,75818,116320,45394,0.000171939477303989,0.0004405868616997841,numbered_aligned,qac_v0.4_aligned,382,0.8758646517160859
لعب,lEb,20,20,20,13,5:57:10:2,70:42:3:2,14904,74178,116320,45394,0.000171939477303989,0.0004405868616997841,numbered_aligned,qac_v0.4_aligned,383,0.8763052385777856
مري,mry,20,20,19,16,2:147:7:2,54:36:4:2,2690,68965,116320,45394,0.000171939477303989,0.0004405868616997841,numbered_aligned,qac_v0.4_aligned,384,0.8767458254394854
نفخ,nfx,20,20,18,17,3:49:18:2,78:18:2:1,7023,75846,116320,45394,0.000171939477303989,0.0004405868616997841,numbered_aligned,qac_v0.4_aligned,385,0.8771864123011852
الف,Alf,19,19,16,12,2:96:13:1,106:1:1:2,1644,78038,116320,45394,0.00016334250343878954,0.0004185575186147949,numbered_aligned,qac_v0.4_aligned,386,0.8776049698198
برا,brA,19,19,17,13,2:54:13:1,98:7:9:2,796,77774,116320,45394,0.00016334250343878954,0.0004185575186147949,numbered_aligned,qac_v0.4_aligned,387,0.8780235273384148
بقي,bqy,19,19,19,15,2:248:14:2,87:17:3:2,4997,77008,116320,45394,0.00016334250343878954,0.0004185575186147949,numbered_aligned,qac_v0.4_aligned,388,0.8784420848570296
بلد,bld,19,19,19,15,2:126:7:1,95:3:2:2,2247,77559,116320,45394,0.00016334250343878954,0.0004185575186147949,numbered_aligned,qac_v0.4_aligned,389,0.8788606423756443
رشد,r$d,19,19,19,9,2:186:17:1,72:21:8:1,3444,74639,116320,45394,0.00016334250343878954,0.0004185575186147949,numbered_aligned,qac_v0.4_aligned,390,0.8792791998942592
سعر,sEr,19,19,19,15,4:10:13:1,84:12:2:1,9883,76703,116320,45394,0.00016334250343878954,0.0004185575186147949,numbered_aligned,qac_v0.4_aligned,391,0.8796977574128739
سقي,sqy,19,19,19,17,2:60:2:1,91:13:7:2,889,77389,116320,45394,0.00016334250343878954,0.0004185575186147949,numbered_aligned,qac_v0.4_aligned,392,0.8801163149314888
صور,Swr,19,19,17,17,2:260:22:2,82:8:3:1,5428,76427,116320,45394,0.00016334250343878954,0.0004185575186147949,numbered_aligned,qac_v0.4_aligned,393,0.8805348724501035
طلع,TlE,19,19,18,13,3:179:18:2,104:7:2:1,9267,77998,116320,45394,0.00016334250343878954,0.0004185575186147949,numbered_aligned,qac_v0.4_aligned,394,0.8809534299687183
عرب,Erb,19,19,19,13,9:90:4:2,56:37:1:1,25627,69555,116320,45394,0.00016334250343878954,0.0004185575186147949,numbered_aligned,qac_v0.4_aligned,395,0.8813719874873331
فكه,fkh,19,19,19,12,23:19:10:1,83:31:6:1,44317,76625,116320,45394,0.00016334250343878954,0.0004185575186147949,numbered_aligned,qac_v0.4_aligned,396,0.8817905450059479
كشف,k$f,19,19,19,14,6:17:6:1,68:42:2:1,16528,73628,116320,45394,0.00016334250343878954,0.0004185575186147949,numbered_aligned,qac_v0.4_aligned,397,0.8822091025245627
نخل,nxl,19,19,19,16,2:266:8:1,80:29:2:2,5578,76244,116320,45394,0.00016334250343878954,0.0004185575186147949,numbered_aligned,qac_v0.4_aligned,398,0.8826276600431775
نزع,nzE,19,19,19,16,3:26:9:2,79:1:1:3,6604,75969,116320,45394,0.00016334250343878954,0.0004185575186147949,numbered_aligned,qac_v0.4_aligned,399,0.8830462175617924
ثبت,vbt,18,18,17,11,2:250:10:2,47:7:8:2,5083,65945,116320,45394,0.0001547455295735901,0.0003965281755298057,numbered_aligned,qac_v0.4_aligned,400,0.8834427457373221
ثمن,vmn,18,18,18,12,2:41:15:1,69:17:9:1,652,73815,116320,45394,0.0001547455295735901,0.0003965281755298057,numbered_aligned,qac_v0.4_aligned,401,0.8838392739128519
خصم,xSm,18,18,17,12,2:204:17:2,50:28:3:1,3877,67536,116320,45394,0.0001547455295735901,0.0003965281755298057,numbered_aligned,qac_v0.4_aligned,402,0.8842358020883817
دبب,dbb,18,18,18,14,2:164:33:1,45:4:6:1,2954,64725,116320,45394,0.0001547455295735901,0.0003965281755298057,numbered_aligned,qac_v0.4_aligned,403,0.8846323302639115
غرب,grb,18,18,16,12,2:115:3:3,73:9:3:3,2055,74772,116320,45394,0.0001547455295735901,0.0003965281755298057,numbered_aligned,qac_v0.4_aligned,404,0.8850288584394413
فكر,fkr,18,18,18,13,2:219:26:1,74:18:2:1,4224,74984,116320,45394,0.0001547455295735901,0.0003965281755298057,numbered_aligned,qac_v0.4_aligned,405,0.8854253866149712
قرا,qrA,18,18,17,12,2:228:5:1,96:3:1:1,4385,77601,116320,45394,0.0001547455295735901,0.0003965281755298057,numbered_aligned,qac_v0.4_aligned,406,0.885821914790501
ليل,lyl,18,18,17,13,2:51:5:1,97:3:1:1,760,77678,116320,45394,0.0001547455295735901,0.0003965281755298057,numbered_aligned,qac_v0.4_aligned,407,0.8862184429660308
ملل,mll,18,18,16,11,2:120:9:1,38:7:5:2,2132,58759,116320,45394,0.0001547455295735901,0.0003965281755298057,numbered_aligned,qac_v0.4_aligned,408,0.8866149711415605
نفر,nfr,18,18,16,10,4:71:6:2,74:50:3:1,11234,75152,116320,45394,0.0001547455295735901,0.0003965281755298057,numbered_aligned,qac_v0.4_aligned,409,0.8870114993170903
نوب,nwb,18,18,18,11,11:75:5:1,60:4:50:1,29529,71454,116320,45394,0.0001547455295735901,0.0003965281755298057,numbered_aligned,qac_v0.4_aligned,410,0.8874080274926202
اذي,A*y,17,17,16,7,2:196:24:1,33:59:17:1,3672,55255,116320,45394,0.00014614855570839065,0.0003744988324448165,numbered_aligned,qac_v0.4_aligned,411,0.8877825263250649
حصن,HSn,17,17,11,7,4:24:1:3,66:12:5:1,10288,73062,116320,45394,0.00014614855570839065,0.0003744988324448165,numbered_aligned,qac_v0.4_aligned,412,0.8881570251575098
خشع,x$E,17,17,16,16,2:45:8:2,88:2:3:1,688,77027,116320,45394,0.00014614855570839065,0.0003744988324448165,numbered_aligned,qac_v0.4_aligned,413,0.8885315239899546
خفف,xff,17,17,17,13,2:86:8:1,101:8:3:1,1441,77910,116320,45394,0.00014614855570839065,0.0003744988324448165,numbered_aligned,qac_v0.4_aligned,414,0.8889060228223994
ربص,rbS,17,17,12,7,2:226:5:1,57:14:10:2,4365,70060,116320,45394,0.00014614855570839065,0.0003744988324448165,numbered_aligned,qac_v0.4_aligned,415,0.8892805216548443
زعم,zEm,17,17,16,10,4:60:5:1,68:40:4:1,11052,73618,116320,45394,0.00014614855570839065,0.0003744988324448165,numbered_aligned,qac_v0.4_aligned,416,0.8896550204872891
سور,swr,17,17,16,13,2:23:10:2,76:21:7:1,308,75513,116320,45394,0.00014614855570839065,0.0003744988324448165,numbered_aligned,qac_v0.4_aligned,417,0.8900295193197338
سوق,swq,17,17,16,13,7:57:14:1,75:30:4:2,20285,75307,116320,45394,0.00014614855570839065,0.0003744988324448165,numbered_aligned,qac_v0.4_aligned,418,0.8904040181521787
شرق,$rq,17,17,17,13,2:115:2:2,73:9:2:2,2054,74771,116320,45394,0.00014614855570839065,0.0003744988324448165,numbered_aligned,qac_v0.4_aligned,419,0.8907785169846235
عوذ,Ew*,17,17,17,14,2:67:15:1,114:1:2:1,1063,78230,116320,45394,0.00014614855570839065,0.0003744988324448165,numbered_aligned,qac_v0.4_aligned,420,0.8911530158170683
فرض,frD,17,17,13,7,2:68:15:1,66:2:2:1,1083,72837,116320,45394,0.00014614855570839065,0.0003744988324448165,numbered_aligned,qac_v0.4_aligned,421,0.8915275146495132
فطر,fTr,17,17,16,14,6:14:6:1,82:1:3:1,16486,76399,116320,45394,0.00014614855570839065,0.0003744988324448165,numbered_aligned,qac_v0.4_aligned,422,0.891902013481958
لدن,ldn,17,17,16,10,3:8:11:1,28:57:21:1,6296,50873,116320,45394,0.00014614855570839065,0.0003744988324448165,numbered_aligned,qac_v0.4_aligned,423,0.8922765123144027
مدن,mdn,17,17,17,11,7:111:6:2,63:8:5:2,21114,72215,116320,45394,0.00014614855570839065,0.0003744988324448165,numbered_aligned,qac_v0.4_aligned,424,0.8926510111468476
مكن,mkn,17,17,15,12,6:6:9:1,81:20:6:1,16363,76352,116320,45394,0.00014614855570839065,0.0003744988324448165,numbered_aligned,qac_v0.4_aligned,425,0.8930255099792924
مني,mny,17,17,16,9,2:94:13:2,75:37:6:1,1618,75337,116320,45394,0.00014614855570839065,0.0003744988324448165,numbered_aligned,qac_v0.4_aligned,426,0.8934000088117372
نقم,nqm,17,17,16,12,3:4:18:1,85:8:2:1,6215,76791,116320,45394,0.00014614855570839065,0.0003744988324448165,numbered_aligned,qac_v0.4_aligned,427,0.8937745076441821
جهر,jhr,16,16,15,13,2:55:10:1,87:7:7:2,820,76970,116320,45394,0.0001375515818431912,0.0003524694893598273,numbered_aligned,qac_v0.4_aligned,428,0.8941269771335418
حبط,HbT,16,16,16,12,2:217:47:1,49:2:18:1,4172,66992,116320,45394,0.0001375515818431912,0.0003524694893598273,numbered_aligned,qac_v0.4_aligned,429,0.8944794466229017
خون,xwn,16,16,11,8,2:187:18:1,66:10:16:2,3462,73022,116320,45394,0.0001375515818431912,0.0003524694893598273,numbered_aligned,qac_v0.4_aligned,430,0.8948319161122615
سطر,sTr,16,16,16,14,6:25:31:1,88:22:3:2,16675,77097,116320,45394,0.0001375515818431912,0.0003524694893598273,numbered_aligned,qac_v0.4_aligned,431,0.8951843856016214
عتد,Etd,16,16,16,10,4:18:21:1,76:4:2:1,10150,75388,116320,45394,0.0001375515818431912,0.0003524694893598273,numbered_aligned,qac_v0.4_aligned,432,0.8955368550909811
علن,Eln,16,16,16,12,2:77:9:1,71:9:3:1,1259,74282,116320,45394,0.0001375515818431912,0.0003524694893598273,numbered_aligned,qac_v0.4_aligned,433,0.895889324580341
غلل,gll,16,16,13,12,3:161:5:1,76:4:5:2,8957,75391,116320,45394,0.0001375515818431912,0.0003524694893598273,numbered_aligned,qac_v0.4_aligned,434,0.8962417940697008
كيل,kyl,16,16,13,7,6:152:13:2,83:3:2:1,19079,76491,116320,45394,0.0001375515818431912,0.0003524694893598273,numbered_aligned,qac_v0.4_aligned,435,0.8965942635590607
منع,mnE,16,16,16,15,2:114:4:1,107:7:1:2,2026,78082,116320,45394,0.0001375515818431912,0.0003524694893598273,numbered_aligned,qac_v0.4_aligned,436,0.8969467330484205
مهد,mhd,16,16,15,13,2:206:12:2,78:6:4:1,3903,75808,116320,45394,0.0001375515818431912,0.0003524694893598273,numbered_aligned,qac_v0.4_aligned,437,0.8972992025377803
هزا,hzA,16,16,16,10,2:15:2:1,45:35:6:1,180,65168,116320,45394,0.0001375515818431912,0.0003524694893598273,numbered_aligned,qac_v0.4_aligned,438,0.8976516720271401
بيع,byE,15,15,11,8,2:254:13:1,62:9:15:2,5190,72050,116320,45394,0.00012895460797799173,0.0003304401462748381,numbered_aligned,qac_v0.4_aligned,439,0.897982112173415
حرج,Hrj,15,15,11,9,4:65:15:1,48:17:12:1,11162,66673,116320,45394,0.00012895460797799173,0.0003304401462748381,numbered_aligned,qac_v0.4_aligned,440,0.8983125523196899
حرر,Hrr,15,15,11,10,2:178:9:2,76:12:5:2,3253,75451,116320,45394,0.00012895460797799173,0.0003304401462748381,numbered_aligned,qac_v0.4_aligned,441,0.8986429924659647
راس,rAs,15,15,14,13,2:196:13:1,63:5:10:1,3661,72168,116320,45394,0.00012895460797799173,0.0003304401462748381,numbered_aligned,qac_v0.4_aligned,442,0.8989734326122395
شكك,$kk,15,15,15,11,4:157:22:1,44:9:4:1,13058,64407,116320,45394,0.00012895460797799173,0.0003304401462748381,numbered_aligned,qac_v0.4_aligned,443,0.8993038727585143
صمم,Smm,15,15,14,13,2:18:1:1,47:23:5:2,214,66193,116320,45394,0.00012895460797799173,0.0003304401462748381,numbered_aligned,qac_v0.4_aligned,444,0.8996343129047891
فتي,fty,15,15,13,6,4:25:15:1,37:149:1:2,10344,58556,116320,45394,0.00012895460797799173,0.0003304401462748381,numbered_aligned,qac_v0.4_aligned,445,0.899964753051064
لهو,lhw,15,15,14,12,6:32:6:2,80:10:3:1,16781,76183,116320,45394,0.00012895460797799173,0.0003304401462748381,numbered_aligned,qac_v0.4_aligned,446,0.9002951931973389
مطر,mTr,15,15,9,9,4:102:48:1,46:24:9:1,12029,65623,116320,45394,0.00012895460797799173,0.0003304401462748381,numbered_aligned,qac_v0.4_aligned,447,0.9006256333436137
حرث,Hrv,14,14,11,7,2:71:12:2,68:22:4:1,1138,73513,116320,45394,0.00012035763411279229,0.0003084108031898489,numbered_aligned,qac_v0.4_aligned,448,0.9009340441468036
خبث,xbv,14,14,9,8,2:267:16:2,24:26:4:3,5622,45619,116320,45394,0.00012035763411279229,0.0003084108031898489,numbered_aligned,qac_v0.4_aligned,449,0.9012424549499934
رجم,rjm,14,14,14,12,3:36:24:2,81:25:5:1,6801,76372,116320,45394,0.00012035763411279229,0.0003084108031898489,numbered_aligned,qac_v0.4_aligned,450,0.9015508657531832
ركب,rkb,14,14,14,13,2:239:5:1,84:19:1:2,4783,76729,116320,45394,0.00012035763411279229,0.0003084108031898489,numbered_aligned,qac_v0.4_aligned,451,0.9018592765563731
زرع,zrE,14,14,12,12,6:141:9:3,56:64:5:2,18771,69675,116320,45394,0.00012035763411279229,0.0003084108031898489,numbered_aligned,qac_v0.4_aligned,452,0.902167687359563
صفف,Sff,14,14,12,11,18:48:4:1,89:22:5:1,38550,77218,116320,45394,0.00012035763411279229,0.0003084108031898489,numbered_aligned,qac_v0.4_aligned,453,0.9024760981627528
صوم,Swm,14,14,11,6,2:183:6:2,58:4:4:2,3343,70465,116320,45394,0.00012035763411279229,0.0003084108031898489,numbered_aligned,qac_v0.4_aligned,454,0.9027845089659426
عطو,ETw,14,14,12,11,9:29:24:1,108:1:2:1,24476,78089,116320,45394,0.00012035763411279229,0.0003084108031898489,numbered_aligned,qac_v0.4_aligned,455,0.9030929197691325
غدو,gdw,14,14,14,12,3:121:2:1,68:25:1:2,8265,73526,116320,45394,0.00012035763411279229,0.0003084108031898489,numbered_aligned,qac_v0.4_aligned,456,0.9034013305723223
غوي,gwy,14,14,11,10,7:175:13:2,53:2:5:1,22239,68379,116320,45394,0.00012035763411279229,0.0003084108031898489,numbered_aligned,qac_v0.4_aligned,457,0.9037097413755122
فقر,fqr,14,14,14,11,2:268:3:2,75:25:5:1,5638,75290,116320,45394,0.00012035763411279229,0.0003084108031898489,numbered_aligned,qac_v0.4_aligned,458,0.9040181521787021
كفف,kff,14,14,13,8,2:208:7:1,48:24:3:1,3922,66773,116320,45394,0.00012035763411279229,0.0003084108031898489,numbered_aligned,qac_v0.4_aligned,459,0.9043265629818918
مشي,m$y,14,14,14,11,2:20:8:1,68:11:2:1,246,73462,116320,45394,0.00012035763411279229,0.0003084108031898489,numbered_aligned,qac_v0.4_aligned,460,0.9046349737850817
وصف,wSf,14,14,14,7,6:100:15:1,43:82:8:1,18050,64285,116320,45394,0.00012035763411279229,0.0003084108031898489,numbered_aligned,qac_v0.4_aligned,461,0.9049433845882716
ولج,wlj,14,14,9,8,3:27:1:1,57:6:5:2,6621,69898,116320,45394,0.00012035763411279229,0.0003084108031898489,numbered_aligned,qac_v0.4_aligned,462,0.9052517953914614
ابي,Aby,13,13,12,8,2:34:9:1,33:72:8:2,543,55402,116320,45394,0.00011176066024759285,0.0002863814601048597,numbered_aligned,qac_v0.4_aligned,463,0.9055381768515662
بغت,bgt,13,13,13,10,6:31:11:1,47:18:7:1,16759,66117,116320,45394,0.00011176066024759285,0.0002863814601048597,numbered_aligned,qac_v0.4_aligned,464,0.9058245583116712
جلد,jld,13,13,9,6,4:56:10:1,41:22:11:1,10963,62131,116320,45394,0.00011176066024759285,0.0002863814601048597,numbered_aligned,qac_v0.4_aligned,465,0.906110939771776
حلف,Hlf,13,13,12,5,4:62:10:1,68:10:4:1,11102,73459,116320,45394,0.00011176066024759285,0.0002863814601048597,numbered_aligned,qac_v0.4_aligned,466,0.9063973212318809
خزن,xzn,13,13,13,11,6:50:6:1,67:8:10:1,17067,73163,116320,45394,0.00011176066024759285,0.0002863814601048597,numbered_aligned,qac_v0.4_aligned,467,0.9066837026919857
خلل,xll,13,13,13,11,2:254:16:1,43:67:1:2,5193,64166,116320,45394,0.00011176066024759285,0.0002863814601048597,numbered_aligned,qac_v0.4_aligned,468,0.9069700841520906
راف,rAf,13,13,13,8,2:143:44:2,59:10:22:1,2602,71102,116320,45394,0.00011176066024759285,0.0002863814601048597,numbered_aligned,qac_v0.4_aligned,469,0.9072564656121954
سوم,swm,13,13,13,10,2:49:6:1,55:41:3:2,733,69270,116320,45394,0.00011176066024759285,0.0002863814601048597,numbered_aligned,qac_v0.4_aligned,470,0.9075428470723003
صغر,Sgr,13,13,13,11,2:282:82:1,54:53:2:1,5992,69064,116320,45394,0.00011176066024759285,0.0002863814601048597,numbered_aligned,qac_v0.4_aligned,471,0.9078292285324052
صيح,SyH,13,13,13,9,11:67:4:2,63:4:14:1,29428,72150,116320,45394,0.00011176066024759285,0.0002863814601048597,numbered_aligned,qac_v0.4_aligned,472,0.9081156099925101
ضيق,Dyq,13,13,12,10,6:125:15:1,65:6:9:2,18476,72671,116320,45394,0.00011176066024759285,0.0002863814601048597,numbered_aligned,qac_v0.4_aligned,473,0.9084019914526149
طمن,Tmn,13,13,12,11,2:260:15:2,89:27:3:2,5421,77245,116320,45394,0.00011176066024759285,0.0002863814601048597,numbered_aligned,qac_v0.4_aligned,474,0.9086883729127198
غلظ,glZ,13,13,13,10,3:159:10:1,66:9:6:2,8914,73001,116320,45394,0.00011176066024759285,0.0002863814601048597,numbered_aligned,qac_v0.4_aligned,475,0.9089747543728246
غلم,glm,13,13,13,8,3:40:6:1,52:24:3:1,6877,68181,116320,45394,0.00011176066024759285,0.0002863814601048597,numbered_aligned,qac_v0.4_aligned,476,0.9092611358329294
فوه,fwh,13,13,13,10,3:118:19:1,61:8:5:2,8203,71802,116320,45394,0.00011176066024759285,0.0002863814601048597,numbered_aligned,qac_v0.4_aligned,477,0.9095475172930343
قرض,qrD,13,13,7,6,2:245:4:1,73:20:59:1,4874,74907,116320,45394,0.00011176066024759285,0.0002863814601048597,numbered_aligned,qac_v0.4_aligned,478,0.9098338987531391
نجم,njm,13,13,13,12,6:97:5:2,86:3:1:2,17967,76886,116320,45394,0.00011176066024759285,0.0002863814601048597,numbered_aligned,qac_v0.4_aligned,479,0.9101202802132441
وقت,wqt,13,13,13,10,2:189:6:1,78:17:5:1,3532,75844,116320,45394,0.00011176066024759285,0.0002863814601048597,numbered_aligned,qac_v0.4_aligned,480,0.9104066616733489
بخل,bxl,12,12,7,6,3:180:4:1,92:8:3:1,9289,77427,116320,45394,0.0001031636863823934,0.00026435211701987044,numbered_aligned,qac_v0.4_aligned,481,0.9106710137903687
بكر,bkr,12,12,12,11,2:68:17:1,76:25:4:1,1085,75546,116320,45394,0.0001031636863823934,0.00026435211701987044,numbered_aligned,qac_v0.4_aligned,482,0.9109353659073887
بيض,byD,12,12,12,10,2:187:37:2,37:49:2:1,3481,58083,116320,45394,0.0001031636863823934,0.00026435211701987044,numbered_aligned,qac_v0.4_aligned,483,0.9111997180244085
جحد,jHd,12,12,12,10,6:33:14:1,46:26:24:1,16802,65670,116320,45394,0.0001031636863823934,0.00026435211701987044,numbered_aligned,qac_v0.4_aligned,484,0.9114640701414284
جور,jwr,12,12,9,9,4:36:13:3,67:28:11:1,10592,73384,116320,45394,0.0001031636863823934,0.00026435211701987044,numbered_aligned,qac_v0.4_aligned,485,0.9117284222584483
حسر,Hsr,12,15,12,12,2:167:17:1,69:50:2:2,3024,73971,116320,45394,0.0001031636863823934,0.00026435211701987044,numbered_aligned,qac_v0.4_aligned,486,0.9119927743754681
حنف,Hnf,12,12,12,9,2:135:11:1,98:5:9:1,2414,77742,116320,45394,0.0001031636863823934,0.00026435211701987044,numbered_aligned,qac_v0.4_aligned,487,0.912257126492488
خرر,xrr,12,12,12,10,7:143:30:2,38:24:30:2,21540,58946,116320,45394,0.0001031636863823934,0.00026435211701987044,numbered_aligned,qac_v0.4_aligned,488,0.9125214786095078
خوض,xwD,12,12,9,7,4:140:19:1,74:45:4:2,12734,75133,116320,45394,0.0001031636863823934,0.00026435211701987044,numbered_aligned,qac_v0.4_aligned,489,0.9127858307265277
درك,drk,12,12,11,9,4:78:3:1,68:49:3:1,11397,73687,116320,45394,0.0001031636863823934,0.00026435211701987044,numbered_aligned,qac_v0.4_aligned,490,0.9130501828435476
ركع,rkE,12,12,10,8,2:43:5:2,77:48:6:1,668,75779,116320,45394,0.0001031636863823934,0.00026435211701987044,numbered_aligned,qac_v0.4_aligned,491,0.9133145349605675
سفر,sfr,12,12,12,9,2:184:9:1,80:38:3:1,3360,76272,116320,45394,0.0001031636863823934,0.00026435211701987044,numbered_aligned,qac_v0.4_aligned,492,0.9135788870775874
شبه,$bh,12,12,9,6,2:25:27:1,39:23:6:1,358,59855,116320,45394,0.0001031636863823934,0.00026435211701987044,numbered_aligned,qac_v0.4_aligned,493,0.9138432391946072
شهو,$hw,12,12,12,12,3:14:4:2,77:42:3:1,6385,75752,116320,45394,0.0001031636863823934,0.00026435211701987044,numbered_aligned,qac_v0.4_aligned,494,0.9141075913116271
شيع,$yE,12,12,11,9,6:65:17:1,54:51:3:1,17362,69054,116320,45394,0.0001031636863823934,0.00026435211701987044,numbered_aligned,qac_v0.4_aligned,495,0.9143719434286469
طمع,TmE,12,12,12,10,2:75:1:3,74:15:2:1,1209,74973,116320,45394,0.0001031636863823934,0.00026435211701987044,numbered_aligned,qac_v0.4_aligned,496,0.9146362955456668
طين,Tyn,12,12,12,11,3:49:15:2,51:33:5:1,7020,67857,116320,45394,0.0001031636863823934,0.00026435211701987044,numbered_aligned,qac_v0.4_aligned,497,0.9149006476626868
عذر,E*r,12,12,11,8,7:164:15:1,77:36:4:2,22045,75728,116320,45394,0.0001031636863823934,0.00026435211701987044,numbered_aligned,qac_v0.4_aligned,498,0.9151649997797066
عسر,Esr,12,12,12,9,2:185:35:2,94:6:3:2,3418,77542,116320,45394,0.0001031636863823934,0.00026435211701987044,numbered_aligned,qac_v0.4_aligned,499,0.9154293518967265
عصم,ESm,12,12,12,10,3:101:11:1,60:10:40:2,7905,71586,116320,45394,0.0001031636863823934,0.00026435211701987044,numbered_aligned,qac_v0.4_aligned,500,0.9156937040137463
فدي,fdy,12,12,12,9,2:85:18:1,57:15:5:1,1402,70075,116320,45394,0.0001031636863823934,0.00026435211701987044,numbered_aligned,qac_v0.4_aligned,501,0.9159580561307662
قنت,qnt,12,12,11,8,2:116:14:1,66:12:17:2,2078,73074,116320,45394,0.0001031636863823934,0.00026435211701987044,numbered_aligned,qac_v0.4_aligned,502,0.916222408247786
كنن,knn,12,12,12,11,2:235:11:1,56:78:3:1,4674,69737,116320,45394,0.0001031636863823934,0.00026435211701987044,numbered_aligned,qac_v0.4_aligned,503,0.9164867603648059
لبب,lbb,12,12,12,8,2:269:16:2,40:54:4:2,5664,61414,116320,45394,0.0001031636863823934,0.00026435211701987044,numbered_aligned,qac_v0.4_aligned,504,0.9167511124818258
لحم,lHm,12,12,12,10,2:173:6:2,56:21:1:2,3119,69505,116320,45394,0.0001031636863823934,0.00026435211701987044,numbered_aligned,qac_v0.4_aligned,505,0.9170154645988456
لوم,lwm,12,12,11,9,5:54:27:1,75:2:4:2,14859,75198,116320,45394,0.0001031636863823934,0.00026435211701987044,numbered_aligned,qac_v0.4_aligned,506,0.9172798167158656
نبذ,nb*,12,12,12,10,2:100:4:1,104:4:2:2,1700,77987,116320,45394,0.0001031636863823934,0.00026435211701987044,numbered_aligned,qac_v0.4_aligned,507,0.9175441688328854
نصح,nSH,12,12,11,6,7:21:5:2,66:8:8:1,19580,72957,116320,45394,0.0001031636863823934,0.00026435211701987044,numbered_aligned,qac_v0.4_aligned,508,0.9178085209499053
نطف,nTf,12,12,12,11,16:4:4:1,80:19:2:1,34431,76208,116320,45394,0.0001031636863823934,0.00026435211701987044,numbered_aligned,qac_v0.4_aligned,509,0.9180728730669252
نطق,nTq,12,12,11,9,21:63:9:1,77:35:4:1,42380,75724,116320,45394,0.0001031636863823934,0.00026435211701987044,numbered_aligned,qac_v0.4_aligned,510,0.918337225183945
نيل,nyl,12,12,10,7,2:124:17:1,33:25:7:1,2216,54563,116320,45394,0.0001031636863823934,0.00026435211701987044,numbered_aligned,qac_v0.4_aligned,511,0.9186015773009649
ودي,wdy,12,12,11,11,4:92:16:2,89:9:5:3,11737,77150,116320,45394,0.0001031636863823934,0.00026435211701987044,numbered_aligned,qac_v0.4_aligned,512,0.9188659294179847
وصل,wSl,12,12,10,7,2:27:14:1,28:51:2:1,418,50785,116320,45394,0.0001031636863823934,0.00026435211701987044,numbered_aligned,qac_v0.4_aligned,513,0.9191302815350046
بوا,bwA,11,11,10,9,3:121:5:1,39:74:9:1,8268,60596,116320,45394,9.456671251719394e-05,0.00024232277393488127,numbered_aligned,qac_v0.4_aligned,514,0.9193726043089395
جمل,jml,11,11,11,9,7:40:17:2,77:33:2:1,19964,75716,116320,45394,9.456671251719394e-05,0.00024232277393488127,numbered_aligned,qac_v0.4_aligned,515,0.9196149270828744
حرب,Hrb,11,11,11,9,2:279:5:2,47:4:19:2,5868,65910,116320,45394,9.456671251719394e-05,0.00024232277393488127,numbered_aligned,qac_v0.4_aligned,516,0.9198572498568093
حور,Hwr,11,11,11,10,3:52:12:2,84:14:5:1,7089,76713,116320,45394,9.456671251719394e-05,0.00024232277393488127,numbered_aligned,qac_v0.4_aligned,517,0.9200995726307442
خزي,xzy,11,11,11,8,3:192:7:1,41:16:16:1,9522,62060,116320,45394,9.456671251719394e-05,0.00024232277393488127,numbered_aligned,qac_v0.4_aligned,518,0.920341895404679
رضع,rDE,11,11,6,5,2:233:2:1,65:6:30:3,4576,72692,116320,45394,9.456671251719394e-05,0.00024232277393488127,numbered_aligned,qac_v0.4_aligned,519,0.9205842181786139
رهب,rhb,11,11,11,9,5:82:23:2,59:13:3:1,15432,71150,116320,45394,9.456671251719394e-05,0.00024232277393488127,numbered_aligned,qac_v0.4_aligned,520,0.9208265409525488
زبر,zbr,11,11,11,10,3:184:10:3,54:52:5:2,9384,69062,116320,45394,9.456671251719394e-05,0.00024232277393488127,numbered_aligned,qac_v0.4_aligned,521,0.9210688637264837
سبب,sbb,11,11,10,6,2:166:12:2,40:37:1:1,3007,61173,116320,45394,9.456671251719394e-05,0.00024232277393488127,numbered_aligned,qac_v0.4_aligned,522,0.9213111865004185
سحب,sHb,11,11,11,10,2:164:36:3,54:48:2:1,2957,69033,116320,45394,9.456671251719394e-05,0.00024232277393488127,numbered_aligned,qac_v0.4_aligned,523,0.9215535092743534
سفه,sfh,11,11,10,5,2:13:12:2,72:4:4:1,155,74471,116320,45394,9.456671251719394e-05,0.00024232277393488127,numbered_aligned,qac_v0.4_aligned,524,0.9217958320482883
سلك,slk,11,11,11,10,15:12:2:1,74:42:2:1,33817,75118,116320,45394,9.456671251719394e-05,0.00024232277393488127,numbered_aligned,qac_v0.4_aligned,525,0.9220381548222232
شمل,$ml,11,11,10,8,6:143:15:1,70:37:4:2,18824,74146,116320,45394,9.456671251719394e-05,0.00024232277393488127,numbered_aligned,qac_v0.4_aligned,526,0.922280477596158
صعق,SEq,11,11,10,8,2:19:14:2,52:45:7:1,233,68333,116320,45394,9.456671251719394e-05,0.00024232277393488127,numbered_aligned,qac_v0.4_aligned,527,0.9225228003700929
طبع,TbE,11,11,11,9,4:155:15:1,63:3:6:2,13023,72131,116320,45394,9.456671251719394e-05,0.00024232277393488127,numbered_aligned,qac_v0.4_aligned,528,0.9227651231440278
عصو,ESw,11,11,11,6,2:60:7:2,28:31:3:1,894,50451,116320,45394,9.456671251719394e-05,0.00024232277393488127,numbered_aligned,qac_v0.4_aligned,529,0.9230074459179627
عنب,Enb,11,11,11,10,2:266:9:2,80:28:1:2,5579,76241,116320,45394,9.456671251719394e-05,0.00024232277393488127,numbered_aligned,qac_v0.4_aligned,530,0.9232497686918976
غمم,gmm,11,11,10,8,2:57:3:2,25:25:4:3,834,46886,116320,45394,9.456671251719394e-05,0.00024232277393488127,numbered_aligned,qac_v0.4_aligned,531,0.9234920914658324
غيظ,gyZ,11,11,10,8,3:119:19:2,67:8:4:2,8234,73157,116320,45394,9.456671251719394e-05,0.00024232277393488127,numbered_aligned,qac_v0.4_aligned,532,0.9237344142397673
فاي,fAy,11,11,9,6,2:249:51:1,28:81:9:1,5064,51252,116320,45394,9.456671251719394e-05,0.00024232277393488127,numbered_aligned,qac_v0.4_aligned,533,0.9239767370137022
فرر,frr,11,11,10,9,18:18:19:1,80:34:2:1,38044,76256,116320,45394,9.456671251719394e-05,0.00024232277393488127,numbered_aligned,qac_v0.4_aligned,534,0.9242190597876372
قصر,qSr,11,11,11,9,4:101:9:1,77:32:4:3,11967,75714,116320,45394,9.456671251719394e-05,0.00024232277393488127,numbered_aligned,qac_v0.4_aligned,535,0.9244613825615721
لغو,lgw,11,11,11,11,2:225:4:3,88:11:4:1,4350,77060,116320,45394,9.456671251719394e-05,0.00024232277393488127,numbered_aligned,qac_v0.4_aligned,536,0.9247037053355069
ورد,wrd,11,11,9,7,11:98:5:2,55:37:5:1,29904,69250,116320,45394,9.456671251719394e-05,0.00024232277393488127,numbered_aligned,qac_v0.4_aligned,537,0.9249460281094418
وقد,wqd,11,11,11,10,2:17:4:1,104:6:3:2,200,77996,116320,45394,9.456671251719394e-05,0.00024232277393488127,numbered_aligned,qac_v0.4_aligned,538,0.9251883508833767
يمم,ymm,11,11,10,7,2:267:15:1,51:40:5:2,5621,67900,116320,45394,9.456671251719394e-05,0.00024232277393488127,numbered_aligned,qac_v0.4_aligned,539,0.9254306736573116
ايد,Ayd,10,10,10,8,2:87:14:2,61:14:29:2,1460,71905,116320,45394,8.59697386519945e-05,0.00022029343084989205,numbered_aligned,qac_v0.4_aligned,540,0.9256509670881614
بطش,bT$,10,10,8,8,7:195:8:1,85:12:2:1,22549,76838,116320,45394,8.59697386519945e-05,0.00022029343084989205,numbered_aligned,qac_v0.4_aligned,541,0.9258712605190114
ثوي,vwy,10,10,10,8,3:151:18:1,47:12:21:1,8684,66008,116320,45394,8.59697386519945e-05,0.00022029343084989205,numbered_aligned,qac_v0.4_aligned,542,0.9260915539498612
جبر,jbr,10,10,10,9,5:22:6:1,59:23:14:2,14101,71303,116320,45394,8.59697386519945e-05,0.00022029343084989205,numbered_aligned,qac_v0.4_aligned,543,0.9263118473807112
جدد,jdd,10,10,10,8,13:5:11:1,72:3:3:1,32143,74461,116320,45394,8.59697386519945e-05,0.00022029343084989205,numbered_aligned,qac_v0.4_aligned,544,0.926532140811561
حيق,Hyq,10,10,10,9,6:10:6:2,46:26:27:2,16429,65673,116320,45394,8.59697386519945e-05,0.00022029343084989205,numbered_aligned,qac_v0.4_aligned,545,0.9267524342424109
دفع,dfE,10,10,9,8,2:251:15:1,70:2:4:1,5103,73992,116320,45394,8.59697386519945e-05,0.00022029343084989205,numbered_aligned,qac_v0.4_aligned,546,0.9269727276732608
دمر,dmr,10,10,8,8,7:137:21:2,47:10:12:1,21418,65972,116320,45394,8.59697386519945e-05,0.00022029343084989205,numbered_aligned,qac_v0.4_aligned,547,0.9271930211041107
دمو,dmw,10,10,10,7,2:30:17:2,22:37:6:1,473,43529,116320,45394,8.59697386519945e-05,0.00022029343084989205,numbered_aligned,qac_v0.4_aligned,548,0.9274133145349606
رجز,rjz,10,10,9,7,2:59:13:1,74:5:1:3,882,74940,116320,45394,8.59697386519945e-05,0.00022029343084989205,numbered_aligned,qac_v0.4_aligned,549,0.9276336079658105
رجس,rjs,10,10,9,7,5:90:9:1,33:33:21:2,15578,54703,116320,45394,8.59697386519945e-05,0.00022029343084989205,numbered_aligned,qac_v0.4_aligned,550,0.9278539013966604
زلف,zlf,10,10,10,8,11:114:5:2,81:13:3:1,30117,76327,116320,45394,8.59697386519945e-05,0.00022029343084989205,numbered_aligned,qac_v0.4_aligned,551,0.9280741948275102
زيل,zyl,10,10,10,10,2:217:30:1,48:25:34:1,4155,66823,116320,45394,8.59697386519945e-05,0.00022029343084989205,numbered_aligned,qac_v0.4_aligned,552,0.9282944882583601
سجن,sjn,10,10,10,3,12:25:20:1,83:8:4:1,30606,76516,116320,45394,8.59697386519945e-05,0.00022029343084989205,numbered_aligned,qac_v0.4_aligned,553,0.92851478168921
سفل,sfl,10,10,9,9,4:145:5:2,95:5:4:1,12842,77570,116320,45394,8.59697386519945e-05,0.00022029343084989205,numbered_aligned,qac_v0.4_aligned,554,0.9287350751200599
سود,swd,10,10,9,8,2:187:40:2,43:17:10:1,3484,63655,116320,45394,8.59697386519945e-05,0.00022029343084989205,numbered_aligned,qac_v0.4_aligned,555,0.9289553685509098
شفق,$fq,10,10,10,8,18:49:5:1,84:16:3:3,38567,76722,116320,45394,8.59697386519945e-05,0.00022029343084989205,numbered_aligned,qac_v0.4_aligned,556,0.9291756619817597
صفو,Sfw,10,10,10,9,2:130:11:1,47:15:26:1,2328,66062,116320,45394,8.59697386519945e-05,0.00022029343084989205,numbered_aligned,qac_v0.4_aligned,557,0.9293959554126096
ضحك,DHk,10,10,10,8,9:82:1:3,83:34:6:1,25501,76641,116320,45394,8.59697386519945e-05,0.00022029343084989205,numbered_aligned,qac_v0.4_aligned,558,0.9296162488434595
ضيع,DyE,10,10,10,8,2:143:39:2,19:59:5:1,2597,40000,116320,45394,8.59697386519945e-05,0.00022029343084989205,numbered_aligned,qac_v0.4_aligned,559,0.9298365422743093
طرف,Trf,10,10,10,10,3:127:2:1,55:56:3:2,8343,69339,116320,45394,8.59697386519945e-05,0.00022029343084989205,numbered_aligned,qac_v0.4_aligned,560,0.9300568357051593
طرق,Trq,10,10,10,6,4:168:12:1,86:2:4:2,13236,76885,116320,45394,8.59697386519945e-05,0.00022029343084989205,numbered_aligned,qac_v0.4_aligned,561,0.9302771291360091
طور,Twr,10,10,10,8,2:63:6:2,95:2:1:2,1005,77556,116320,45394,8.59697386519945e-05,0.00022029343084989205,numbered_aligned,qac_v0.4_aligned,562,0.9304974225668591
طول,Twl,10,10,10,10,4:25:5:1,76:26:7:1,10334,75554,116320,45394,8.59697386519945e-05,0.00022029343084989205,numbered_aligned,qac_v0.4_aligned,563,0.9307177159977089
عون,Ewn,10,10,9,7,1:5:4:1,25:4:9:2,17,46621,116320,45394,8.59697386519945e-05,0.00022029343084989205,numbered_aligned,qac_v0.4_aligned,564,0.9309380094285589
قدس,qds,10,10,10,7,2:30:21:2,79:16:5:2,477,76018,116320,45394,8.59697386519945e-05,0.00022029343084989205,numbered_aligned,qac_v0.4_aligned,565,0.9311583028594087
كفل,kfl,10,10,10,8,3:37:8:2,57:28:9:1,6809,70361,116320,45394,8.59697386519945e-05,0.00022029343084989205,numbered_aligned,qac_v0.4_aligned,566,0.9313785962902587
ماي,mAy,10,10,7,5,2:259:19:1,37:147:3:1,5358,58548,116320,45394,8.59697386519945e-05,0.00022029343084989205,numbered_aligned,qac_v0.4_aligned,567,0.9315988897211085
نقص,nqS,10,10,10,9,2:155:6:2,73:3:3:1,2810,74736,116320,45394,8.59697386519945e-05,0.00022029343084989205,numbered_aligned,qac_v0.4_aligned,568,0.9318191831519584
بدا,bdA,9,9,9,8,7:29:15:1,85:13:3:1,19727,76843,116320,45394,7.737276478679505e-05,0.00019826408776490285,numbered_aligned,qac_v0.4_aligned,569,0.9320174472397234
برز,brz,9,9,9,8,2:250:2:1,79:36:1:2,5075,76095,116320,45394,7.737276478679505e-05,0.00019826408776490285,numbered_aligned,qac_v0.4_aligned,570,0.9322157113274883
بقر,bqr,9,9,9,3,2:67:10:1,12:46:7:1,1058,30978,116320,45394,7.737276478679505e-05,0.00019826408776490285,numbered_aligned,qac_v0.4_aligned,571,0.9324139754152532
تجر,tjr,9,9,8,7,2:16:8:1,62:11:18:2,193,72089,116320,45394,7.737276478679505e-05,0.00019826408776490285,numbered_aligned,qac_v0.4_aligned,572,0.932612239503018
حرق,Hrq,9,9,9,8,2:266:28:2,85:10:14:2,5598,76822,116320,45394,7.737276478679505e-05,0.00019826408776490285,numbered_aligned,qac_v0.4_aligned,573,0.9328105035907829
حلي,Hly,9,9,9,8,7:148:7:1,76:21:6:2,21642,75512,116320,45394,7.737276478679505e-05,0.00019826408776490285,numbered_aligned,qac_v0.4_aligned,574,0.9330087676785478
خطا,xTA,9,9,8,7,2:58:18:1,96:16:3:1,867,77654,116320,45394,7.737276478679505e-05,0.00019826408776490285,numbered_aligned,qac_v0.4_aligned,575,0.9332070317663127
خطب,xTb,9,9,9,8,2:235:8:1,78:37:10:1,4671,75925,116320,45394,7.737276478679505e-05,0.00019826408776490285,numbered_aligned,qac_v0.4_aligned,576,0.9334052958540776
خيل,xyl,9,9,9,9,3:14:13:3,59:6:11:1,6394,70980,116320,45394,7.737276478679505e-05,0.00019826408776490285,numbered_aligned,qac_v0.4_aligned,577,0.9336035599418425
دوم,dwm,9,9,9,6,3:75:20:1,70:23:5:1,7447,74076,116320,45394,7.737276478679505e-05,0.00019826408776490285,numbered_aligned,qac_v0.4_aligned,578,0.9338018240296074
ربو,rbw,9,9,9,9,2:265:13:2,69:10:6:1,5556,73773,116320,45394,7.737276478679505e-05,0.00019826408776490285,numbered_aligned,qac_v0.4_aligned,579,0.9340000881173723
رعي,rEy,9,9,8,8,2:104:6:1,87:4:3:2,1821,76957,116320,45394,7.737276478679505e-05,0.00019826408776490285,numbered_aligned,qac_v0.4_aligned,580,0.9341983522051373
رهق,rhq,9,9,9,7,10:26:6:1,80:41:1:1,26977,76279,116320,45394,7.737276478679505e-05,0.00019826408776490285,numbered_aligned,qac_v0.4_aligned,581,0.9343966162929022
زيغ,zyg,9,9,8,7,3:7:18:1,61:5:16:1,6257,71742,116320,45394,7.737276478679505e-05,0.00019826408776490285,numbered_aligned,qac_v0.4_aligned,582,0.9345948803806671
سبت,sbt,9,9,7,6,2:65:7:2,78:9:3:1,1034,75815,116320,45394,7.737276478679505e-05,0.00019826408776490285,numbered_aligned,qac_v0.4_aligned,583,0.934793144468432
سرق,srq,9,9,7,4,5:38:1:3,60:12:14:1,14403,71637,116320,45394,7.737276478679505e-05,0.00019826408776490285,numbered_aligned,qac_v0.4_aligned,584,0.9349914085561969
شقو,$qw,9,9,9,6,11:106:3:1,92:15:4:2,29996,77452,116320,45394,7.737276478679505e-05,0.00019826408776490285,numbered_aligned,qac_v0.4_aligned,585,0.9351896726439618
صحف,SHf,9,9,9,8,20:133:12:2,98:2:5:1,41687,77718,116320,45394,7.737276478679505e-05,0.00019826408776490285,numbered_aligned,qac_v0.4_aligned,586,0.9353879367317267
صعد,SEd,9,9,9,8,3:153:2:1,74:17:2:1,8727,74982,116320,45394,7.737276478679505e-05,0.00019826408776490285,numbered_aligned,qac_v0.4_aligned,587,0.9355862008194915
عتو,Etw,9,9,9,7,7:77:3:2,69:6:6:1,20620,73741,116320,45394,7.737276478679505e-05,0.00019826408776490285,numbered_aligned,qac_v0.4_aligned,588,0.9357844649072564
عرج,Erj,9,9,9,8,15:14:9:1,70:4:1:1,33836,73997,116320,45394,7.737276478679505e-05,0.00019826408776490285,numbered_aligned,qac_v0.4_aligned,589,0.9359827289950213
عزل,Ezl,9,9,9,7,2:222:7:2,44:21:5:2,4296,64487,116320,45394,7.737276478679505e-05,0.00019826408776490285,numbered_aligned,qac_v0.4_aligned,590,0.9361809930827862
عكف,Ekf,9,9,9,7,2:125:20:3,48:25:9:1,2238,66798,116320,45394,7.737276478679505e-05,0.00019826408776490285,numbered_aligned,qac_v0.4_aligned,591,0.9363792571705511
عنق,Enq,9,9,9,8,8:12:19:2,40:71:4:1,22871,61657,116320,45394,7.737276478679505e-05,0.00019826408776490285,numbered_aligned,qac_v0.4_aligned,592,0.9365775212583161
عوج,Ewj,9,9,9,7,3:99:12:1,39:28:5:1,7872,59934,116320,45394,7.737276478679505e-05,0.00019826408776490285,numbered_aligned,qac_v0.4_aligned,593,0.936775785346081
عوم,Ewm,9,9,7,5,2:259:20:1,31:14:11:1,5359,53354,116320,45394,7.737276478679505e-05,0.00019826408776490285,numbered_aligned,qac_v0.4_aligned,594,0.9369740494338459
فرج,frj,9,9,9,8,21:91:3:1,77:9:3:1,42680,75627,116320,45394,7.737276478679505e-05,0.00019826408776490285,numbered_aligned,qac_v0.4_aligned,595,0.9371723135216108
فضض,fDD,9,9,9,6,3:14:12:3,76:21:9:1,6393,75515,116320,45394,7.737276478679505e-05,0.00019826408776490285,numbered_aligned,qac_v0.4_aligned,596,0.9373705776093757
فيض,fyD,9,9,8,7,2:198:10:1,46:8:16:1,3761,65306,116320,45394,7.737276478679505e-05,0.00019826408776490285,numbered_aligned,qac_v0.4_aligned,597,0.9375688416971406
قبض,qbD,9,9,7,6,2:245:13:1,67:19:7:2,4883,73277,116320,45394,7.737276478679505e-05,0.00019826408776490285,numbered_aligned,qac_v0.4_aligned,598,0.9377671057849055
قهر,qhr,9,9,9,8,6:18:2:2,93:9:4:1,16541,77510,116320,45394,7.737276478679505e-05,0.00019826408776490285,numbered_aligned,qac_v0.4_aligned,599,0.9379653698726704
كنز,knz,9,9,7,6,9:34:18:1,28:76:11:2,24575,51134,116320,45394,7.737276478679505e-05,0.00019826408776490285,numbered_aligned,qac_v0.4_aligned,600,0.9381636339604353
لون,lwn,9,9,7,5,2:69:8:1,39:21:18:1,1099,59816,116320,45394,7.737276478679505e-05,0.00019826408776490285,numbered_aligned,qac_v0.4_aligned,601,0.9383618980482002
نقض,nqD,9,9,9,7,2:27:2:1,94:3:2:1,406,77531,116320,45394,7.737276478679505e-05,0.00019826408776490285,numbered_aligned,qac_v0.4_aligned,602,0.9385601621359652
همم,hmm,9,9,8,6,3:122:2:1,40:5:8:2,8276,60666,116320,45394,7.737276478679505e-05,0.00019826408776490285,numbered_aligned,qac_v0.4_aligned,603,0.93875842622373
وقر,wqr,9,9,9,8,6:25:13:1,71:13:6:1,16657,74311,116320,45394,7.737276478679505e-05,0.00019826408776490285,numbered_aligned,qac_v0.4_aligned,604,0.9389566903114949
وهن,whn,9,9,8,7,3:139:2:1,47:35:2:1,8484,66330,116320,45394,7.737276478679505e-05,0.00019826408776490285,numbered_aligned,qac_v0.4_aligned,605,0.9391549543992598
بثث,bvv,8,8,8,8,2:164:29:2,101:4:5:2,2950,77895,116320,45394,6.87757909215956e-05,0.00017623474467991365,numbered_aligned,qac_v0.4_aligned,606,0.9393311891439398
برهن,brhn,8,8,8,7,2:111:15:1,28:75:8:1,1971,51114,116320,45394,6.87757909215956e-05,0.00017623474467991365,numbered_aligned,qac_v0.4_aligned,607,0.9395074238886196
بهت,bht,8,8,8,6,2:258:36:2,60:12:22:2,5332,71645,116320,45394,6.87757909215956e-05,0.00017623474467991365,numbered_aligned,qac_v0.4_aligned,608,0.9396836586332995
ترف,trf,8,8,8,7,11:116:23:1,56:45:5:1,30156,69584,116320,45394,6.87757909215956e-05,0.00017623474467991365,numbered_aligned,qac_v0.4_aligned,609,0.9398598933779795
جبي,jby,8,8,8,8,6:87:5:2,68:50:1:2,17736,73695,116320,45394,6.87757909215956e-05,0.00017623474467991365,numbered_aligned,qac_v0.4_aligned,610,0.9400361281226594
جري,jry,8,8,8,7,10:22:12:2,88:12:3:1,26862,77063,116320,45394,6.87757909215956e-05,0.00017623474467991365,numbered_aligned,qac_v0.4_aligned,611,0.9402123628673393
حجب,Hjb,8,8,8,8,7:46:2:1,83:15:6:2,20071,76553,116320,45394,6.87757909215956e-05,0.00017623474467991365,numbered_aligned,qac_v0.4_aligned,612,0.9403885976120192
حصي,HSy,8,8,8,8,14:34:11:1,78:29:3:1,33492,75889,116320,45394,6.87757909215956e-05,0.00017623474467991365,numbered_aligned,qac_v0.4_aligned,613,0.9405648323566991
ختم,xtm,8,8,8,7,2:7:1:1,83:26:1:1,81,76595,116320,45394,6.87757909215956e-05,0.00017623474467991365,numbered_aligned,qac_v0.4_aligned,614,0.9407410671013791
خسف,xsf,8,8,8,7,16:45:6:1,75:8:1:2,34981,75222,116320,45394,6.87757909215956e-05,0.00017623474467991365,numbered_aligned,qac_v0.4_aligned,615,0.9409173018460589
خضر,xDr,8,8,8,7,6:99:14:1,76:21:4:1,18005,75510,116320,45394,6.87757909215956e-05,0.00017623474467991365,numbered_aligned,qac_v0.4_aligned,616,0.9410935365907389
خمس,xms,8,8,8,7,3:125:11:2,70:4:9:1,8320,74005,116320,45394,6.87757909215956e-05,0.00017623474467991365,numbered_aligned,qac_v0.4_aligned,617,0.9412697713354188
خول,xwl,8,8,6,5,4:23:7:2,39:49:8:1,10240,60238,116320,45394,6.87757909215956e-05,0.00017623474467991365,numbered_aligned,qac_v0.4_aligned,618,0.9414460060800987
رجف,rjf,8,8,7,5,7:78:2:2,79:6:3:2,20635,75981,116320,45394,6.87757909215956e-05,0.00017623474467991365,numbered_aligned,qac_v0.4_aligned,619,0.9416222408247786
رغب,rgb,8,8,8,7,2:130:2:1,94:8:3:2,2319,77549,116320,45394,6.87757909215956e-05,0.00017623474467991365,numbered_aligned,qac_v0.4_aligned,620,0.9417984755694585
رمي,rmy,8,8,6,4,4:112:7:1,105:4:1:1,12192,78027,116320,45394,6.87757909215956e-05,0.00017623474467991365,numbered_aligned,qac_v0.4_aligned,621,0.9419747103141385
ستت,stt,8,8,8,8,7:54:9:1,58:4:15:1,20225,70476,116320,45394,6.87757909215956e-05,0.00017623474467991365,numbered_aligned,qac_v0.4_aligned,622,0.9421509450588184
سري,sry,8,8,8,8,11:81:9:2,89:4:3:1,29618,77124,116320,45394,6.87757909215956e-05,0.00017623474467991365,numbered_aligned,qac_v0.4_aligned,623,0.9423271798034982
سقط,sqT,8,8,8,8,6:59:14:1,52:44:6:1,17250,68323,116320,45394,6.87757909215956e-05,0.00017623474467991365,numbered_aligned,qac_v0.4_aligned,624,0.9425034145481782
سلف,slf,8,8,8,7,2:275:34:1,69:24:5:1,5808,73849,116320,45394,6.87757909215956e-05,0.00017623474467991365,numbered_aligned,qac_v0.4_aligned,625,0.9426796492928581
صفح,SfH,8,8,7,6,2:109:23:2,64:14:13:2,1929,72477,116320,45394,6.87757909215956e-05,0.00017623474467991365,numbered_aligned,qac_v0.4_aligned,626,0.942855884037538
صوت,Swt,8,8,5,4,17:64:5:2,49:3:4:1,37125,67000,116320,45394,6.87757909215956e-05,0.00017623474467991365,numbered_aligned,qac_v0.4_aligned,627,0.9430321187822179
ضرع,DrE,8,8,8,4,6:42:11:1,88:6:6:1,16958,77042,116320,45394,6.87757909215956e-05,0.00017623474467991365,numbered_aligned,qac_v0.4_aligned,628,0.9432083535268978
عزم,Ezm,8,8,8,6,2:227:2:1,47:21:5:1,4375,66171,116320,45394,6.87757909215956e-05,0.00017623474467991365,numbered_aligned,qac_v0.4_aligned,629,0.9433845882715778
عشو,E$w,8,8,8,7,12:16:3:1,79:46:7:1,30439,76145,116320,45394,6.87757909215956e-05,0.00017623474467991365,numbered_aligned,qac_v0.4_aligned,630,0.9435608230162577
عقر,Eqr,8,8,8,7,3:40:11:1,91:14:2:2,6882,77391,116320,45394,6.87757909215956e-05,0.00017623474467991365,numbered_aligned,qac_v0.4_aligned,631,0.9437370577609375
عيش,Ey$,8,8,8,8,7:10:8:1,101:7:3:1,19441,77906,116320,45394,6.87757909215956e-05,0.00017623474467991365,numbered_aligned,qac_v0.4_aligned,632,0.9439132925056175
غبر,gbr,8,8,8,7,7:83:7:2,80:40:4:1,20698,76278,116320,45394,6.87757909215956e-05,0.00017623474467991365,numbered_aligned,qac_v0.4_aligned,633,0.9440895272502974
غنم,gnm,8,8,8,5,4:94:24:1,48:20:3:1,11822,66717,116320,45394,6.87757909215956e-05,0.00017623474467991365,numbered_aligned,qac_v0.4_aligned,634,0.9442657619949774
فرط,frT,8,8,8,6,6:31:16:1,39:56:7:1,16765,60351,116320,45394,6.87757909215956e-05,0.00017623474467991365,numbered_aligned,qac_v0.4_aligned,635,0.9444419967396572
قبر,qbr,8,8,8,8,9:84:11:1,102:2:3:2,25544,77928,116320,45394,6.87757909215956e-05,0.00017623474467991365,numbered_aligned,qac_v0.4_aligned,636,0.9446182314843371
قذف,q*f,8,8,7,5,20:39:2:1,37:8:6:2,40593,57868,116320,45394,6.87757909215956e-05,0.00017623474467991365,numbered_aligned,qac_v0.4_aligned,637,0.9447944662290171
كلف,klf,8,8,8,7,2:233:18:1,65:7:15:1,4592,72709,116320,45394,6.87757909215956e-05,0.00017623474467991365,numbered_aligned,qac_v0.4_aligned,638,0.944970700973697
نوم,nwm,8,8,8,8,2:255:12:1,78:9:2:1,5210,75814,116320,45394,6.87757909215956e-05,0.00017623474467991365,numbered_aligned,qac_v0.4_aligned,639,0.9451469357183768
هبط,hbT,8,8,8,4,2:36:9:1,20:123:2:1,575,41543,116320,45394,6.87757909215956e-05,0.00017623474467991365,numbered_aligned,qac_v0.4_aligned,640,0.9453231704630568
وبل,wbl,8,8,7,6,2:264:25:1,73:16:6:1,5530,74825,116320,45394,6.87757909215956e-05,0.00017623474467991365,numbered_aligned,qac_v0.4_aligned,641,0.9454994052077367
اثر,Avr,7,7,7,6,20:72:3:1,87:16:2:1,40958,77003,116320,45394,6.0178817056396145e-05,0.00015420540159492445,numbered_aligned,qac_v0.4_aligned,642,0.9456536106093316
اصل,ASl,7,7,7,7,14:24:11:1,76:25:5:2,33351,75547,116320,45394,6.0178817056396145e-05,0.00015420540159492445,numbered_aligned,qac_v0.4_aligned,643,0.9458078160109266
اوب,Awb,7,7,7,4,17:25:11:3,88:25:3:1,36592,77108,116320,45394,6.0178817056396145e-05,0.00015420540159492445,numbered_aligned,qac_v0.4_aligned,644,0.9459620214125215
بخس,bxs,7,7,7,6,2:282:32:1,72:13:12:1,5942,74570,116320,45394,6.0178817056396145e-05,0.00015420540159492445,numbered_aligned,qac_v0.4_aligned,645,0.9461162268141164
برج,brj,7,7,6,6,4:78:8:1,85:1:3:2,11402,76769,116320,45394,6.0178817056396145e-05,0.00015420540159492445,numbered_aligned,qac_v0.4_aligned,646,0.9462704322157113
بضع,bDE,7,7,6,2,12:19:12:1,30:4:2:1,30490,52386,116320,45394,6.0178817056396145e-05,0.00015420540159492445,numbered_aligned,qac_v0.4_aligned,647,0.9464246376173062
بكي,bky,7,7,7,6,9:82:3:3,53:60:3:1,25503,68726,116320,45394,6.0178817056396145e-05,0.00015420540159492445,numbered_aligned,qac_v0.4_aligned,648,0.9465788430189012
تسع,tsE,7,7,6,5,17:101:4:1,74:30:2:1,37653,75025,116320,45394,6.0178817056396145e-05,0.00015420540159492445,numbered_aligned,qac_v0.4_aligned,649,0.9467330484204961
حبل,Hbl,7,7,6,5,3:103:2:2,111:5:3:1,7926,78176,116320,45394,6.0178817056396145e-05,0.00015420540159492445,numbered_aligned,qac_v0.4_aligned,650,0.946887253822091
حظظ,HZZ,7,7,7,5,3:176:17:1,41:35:10:1,9215,62315,116320,45394,6.0178817056396145e-05,0.00015420540159492445,numbered_aligned,qac_v0.4_aligned,651,0.947041459223686
خطف,xTf,7,7,6,6,2:20:3:1,37:10:4:2,241,57879,116320,45394,6.0178817056396145e-05,0.00015420540159492445,numbered_aligned,qac_v0.4_aligned,652,0.9471956646252808
دكك,dkk,7,7,4,4,7:143:29:1,89:21:6:1,21539,77213,116320,45394,6.0178817056396145e-05,0.00015420540159492445,numbered_aligned,qac_v0.4_aligned,653,0.9473498700268758
ذبح,*bH,7,7,7,5,2:49:9:1,37:107:2:2,736,58378,116320,45394,6.0178817056396145e-05,0.00015420540159492445,numbered_aligned,qac_v0.4_aligned,654,0.9475040754284707
زني,zny,7,7,5,4,17:32:3:2,60:12:16:1,36665,71639,116320,45394,6.0178817056396145e-05,0.00015420540159492445,numbered_aligned,qac_v0.4_aligned,655,0.9476582808300656
زيت,zyt,7,7,6,5,6:99:28:3,95:1:2:3,18019,77555,116320,45394,6.0178817056396145e-05,0.00015420540159492445,numbered_aligned,qac_v0.4_aligned,656,0.9478124862316606
سرح,srH,7,7,5,3,2:229:6:1,33:49:21:1,4426,54963,116320,45394,6.0178817056396145e-05,0.00015420540159492445,numbered_aligned,qac_v0.4_aligned,657,0.9479666916332555
سكر,skr,7,7,6,5,4:43:8:1,50:19:2:1,10709,67466,116320,45394,6.0178817056396145e-05,0.00015420540159492445,numbered_aligned,qac_v0.4_aligned,658,0.9481208970348505
صلب,Slb,7,7,7,6,4:23:41:1,86:7:4:2,10274,76905,116320,45394,6.0178817056396145e-05,0.00015420540159492445,numbered_aligned,qac_v0.4_aligned,659,0.9482751024364453
عبر,Ebr,7,7,7,6,3:13:27:2,79:26:4:2,6379,76057,116320,45394,6.0178817056396145e-05,0.00015420540159492445,numbered_aligned,qac_v0.4_aligned,660,0.9484293078380402
عصف,ESf,7,7,6,6,10:22:20:1,105:5:2:2,26870,78032,116320,45394,6.0178817056396145e-05,0.00015420540159492445,numbered_aligned,qac_v0.4_aligned,661,0.9485835132396352
عقد,Eqd,7,7,7,5,2:235:29:1,113:4:5:2,4692,78219,116320,45394,6.0178817056396145e-05,0.00015420540159492445,numbered_aligned,qac_v0.4_aligned,662,0.9487377186412301
علق,Elq,7,7,6,6,4:129:14:3,96:2:4:1,12521,77600,116320,45394,6.0178817056396145e-05,0.00015420540159492445,numbered_aligned,qac_v0.4_aligned,663,0.9488919240428251
عمد,Emd,7,7,7,7,4:93:4:1,104:9:2:1,11785,78005,116320,45394,6.0178817056396145e-05,0.00015420540159492445,numbered_aligned,qac_v0.4_aligned,664,0.94904612944442
عمه,Emh,7,7,7,7,2:15:7:1,27:4:10:1,185,48814,116320,45394,6.0178817056396145e-05,0.00015420540159492445,numbered_aligned,qac_v0.4_aligned,665,0.9492003348460148
غرف,grf,7,7,5,5,2:249:22:1,39:20:9:1,5035,59787,116320,45394,6.0178817056396145e-05,0.00015420540159492445,numbered_aligned,qac_v0.4_aligned,666,0.9493545402476098
قسو,qsw,7,7,6,6,2:74:2:1,57:16:24:2,1173,70109,116320,45394,6.0178817056396145e-05,0.00015420540159492445,numbered_aligned,qac_v0.4_aligned,667,0.9495087456492047
لطف,lTf,7,7,7,7,6:103:8:2,67:14:6:2,18092,73224,116320,45394,6.0178817056396145e-05,0.00015420540159492445,numbered_aligned,qac_v0.4_aligned,668,0.9496629510507997
مكث,mkv,7,7,7,7,13:17:36:2,43:77:8:1,32408,64246,116320,45394,6.0178817056396145e-05,0.00015420540159492445,numbered_aligned,qac_v0.4_aligned,669,0.9498171564523946
ندم,ndm,7,7,7,6,5:31:25:2,49:6:17:1,14265,67052,116320,45394,6.0178817056396145e-05,0.00015420540159492445,numbered_aligned,qac_v0.4_aligned,670,0.9499713618539896
نصف,nSf,7,7,7,3,2:237:11:2,73:20:10:2,4746,74858,116320,45394,6.0178817056396145e-05,0.00015420540159492445,numbered_aligned,qac_v0.4_aligned,671,0.9501255672555844
نكث,nkv,7,7,6,5,7:135:11:1,48:10:14:1,21386,66511,116320,45394,6.0178817056396145e-05,0.00015420540159492445,numbered_aligned,qac_v0.4_aligned,672,0.9502797726571793
نوق,nwq,7,7,7,6,7:73:20:1,91:13:5:1,20547,77387,116320,45394,6.0178817056396145e-05,0.00015420540159492445,numbered_aligned,qac_v0.4_aligned,673,0.9504339780587743
وعي,wEy,7,7,4,4,12:76:2:2,84:23:4:1,31434,76750,116320,45394,6.0178817056396145e-05,0.00015420540159492445,numbered_aligned,qac_v0.4_aligned,674,0.9505881834603692
ادي,Ady,6,6,5,4,2:178:23:2,44:18:2:1,3267,64460,116320,45394,5.15818431911967e-05,0.00013217605850993522,numbered_aligned,qac_v0.4_aligned,675,0.9507203595188791
اسر,Asr,6,6,6,4,2:85:17:1,76:28:4:1,1401,75566,116320,45394,5.15818431911967e-05,0.00013217605850993522,numbered_aligned,qac_v0.4_aligned,676,0.9508525355773891
اسو,Asw,6,6,6,4,5:26:11:1,60:6:5:1,14174,71474,116320,45394,5.15818431911967e-05,0.00013217605850993522,numbered_aligned,qac_v0.4_aligned,677,0.950984711635899
اوي,Awy,6,6,6,4,18:10:2:1,79:41:4:2,37894,76121,116320,45394,5.15818431911967e-05,0.00013217605850993522,numbered_aligned,qac_v0.4_aligned,678,0.9511168876944089
برق,brq,6,6,6,5,2:19:8:2,75:7:2:1,227,75220,116320,45394,5.15818431911967e-05,0.00013217605850993522,numbered_aligned,qac_v0.4_aligned,679,0.9512490637529188
بعل,bEl,6,6,4,4,2:228:22:2,37:125:2:1,4402,58455,116320,45394,5.15818431911967e-05,0.00013217605850993522,numbered_aligned,qac_v0.4_aligned,680,0.9513812398114289
بكم,bkm,6,6,6,5,2:18:2:1,17:97:20:2,215,37591,116320,45394,5.15818431911967e-05,0.00013217605850993522,numbered_aligned,qac_v0.4_aligned,681,0.9515134158699388
تبر,tbr,6,6,4,4,7:139:3:1,71:28:15:1,21453,74432,116320,45394,5.15818431911967e-05,0.00013217605850993522,numbered_aligned,qac_v0.4_aligned,682,0.9516455919284487
ثقف,vqf,6,6,6,6,2:191:3:1,60:2:2:1,3569,71380,116320,45394,5.15818431911967e-05,0.00013217605850993522,numbered_aligned,qac_v0.4_aligned,683,0.9517777679869587
حبر,Hbr,6,6,6,4,5:44:15:3,43:70:5:1,14572,64191,116320,45394,5.15818431911967e-05,0.00013217605850993522,numbered_aligned,qac_v0.4_aligned,684,0.9519099440454686
حرف,Hrf,6,6,6,5,2:75:13:1,22:11:7:1,1221,43094,116320,45394,5.15818431911967e-05,0.00013217605850993522,numbered_aligned,qac_v0.4_aligned,685,0.9520421201039785
حصد,HSd,6,6,6,6,6:141:25:1,50:9:10:2,18787,67391,116320,45394,5.15818431911967e-05,0.00013217605850993522,numbered_aligned,qac_v0.4_aligned,686,0.9521742961624884
حصر,HSr,6,6,6,5,2:196:6:1,17:8:11:1,3654,36358,116320,45394,5.15818431911967e-05,0.00013217605850993522,numbered_aligned,qac_v0.4_aligned,687,0.9523064722209984
حطم,HTm,6,6,6,5,27:18:14:1,104:5:4:2,48995,77993,116320,45394,5.15818431911967e-05,0.00013217605850993522,numbered_aligned,qac_v0.4_aligned,688,0.9524386482795083
حمر,Hmr,6,6,6,6,2:259:45:1,74:50:2:1,5384,75151,116320,45394,5.15818431911967e-05,0.00013217605850993522,numbered_aligned,qac_v0.4_aligned,689,0.9525708243380182
حمي,Hmy,6,6,5,5,5:103:11:1,101:11:2:1,15845,77919,116320,45394,5.15818431911967e-05,0.00013217605850993522,numbered_aligned,qac_v0.4_aligned,690,0.9527030003965282
خلط,xlT,6,6,6,6,2:220:12:1,38:24:11:2,4236,58927,116320,45394,5.15818431911967e-05,0.00013217605850993522,numbered_aligned,qac_v0.4_aligned,691,0.9528351764550381
خمر,xmr,6,6,6,5,2:219:3:2,47:15:20:1,4201,66056,116320,45394,5.15818431911967e-05,0.00013217605850993522,numbered_aligned,qac_v0.4_aligned,692,0.952967352513548
داب,dAb,6,6,6,5,3:11:1:2,40:31:2:1,6330,61074,116320,45394,5.15818431911967e-05,0.00013217605850993522,numbered_aligned,qac_v0.4_aligned,693,0.9530995285720579
درس,drs,6,6,6,5,3:79:28:1,68:37:5:1,7556,73597,116320,45394,5.15818431911967e-05,0.00013217605850993522,numbered_aligned,qac_v0.4_aligned,694,0.9532317046305679
دلل,dll,6,6,6,5,20:40:6:1,61:10:5:1,40619,71828,116320,45394,5.15818431911967e-05,0.00013217605850993522,numbered_aligned,qac_v0.4_aligned,695,0.9533638806890778
ذرا,*rA,6,6,6,6,6:136:4:1,67:24:4:1,18647,73340,116320,45394,5.15818431911967e-05,0.00013217605850993522,numbered_aligned,qac_v0.4_aligned,696,0.9534960567475878
رصد,rSd,6,6,6,4,9:5:14:1,89:14:3:4,24030,77168,116320,45394,5.15818431911967e-05,0.00013217605850993522,numbered_aligned,qac_v0.4_aligned,697,0.9536282328060978
زجر,zjr,6,6,5,3,37:2:1:3,79:13:3:1,57838,76005,116320,45394,5.15818431911967e-05,0.00013217605850993522,numbered_aligned,qac_v0.4_aligned,698,0.9537604088646077
زلزل,zlzl,6,6,4,4,2:214:16:2,99:1:4:1,4064,77803,116320,45394,5.15818431911967e-05,0.00013217605850993522,numbered_aligned,qac_v0.4_aligned,699,0.9538925849231176
زور,zwr,6,6,6,5,18:17:5:1,102:2:2:1,37996,77927,116320,45394,5.15818431911967e-05,0.00013217605850993522,numbered_aligned,qac_v0.4_aligned,700,0.9540247609816275
سدد,sdd,6,6,5,4,4:9:15:1,36:9:8:1,9870,57146,116320,45394,5.15818431911967e-05,0.00013217605850993522,numbered_aligned,qac_v0.4_aligned,701,0.9541569370401375
شفي,$fy,6,6,6,6,9:14:8:2,41:44:16:2,24181,62461,116320,45394,5.15818431911967e-05,0.00013217605850993522,numbered_aligned,qac_v0.4_aligned,702,0.9542891130986474
صرر,Srr,6,6,6,5,3:117:11:1,71:7:12:2,8171,74273,116320,45394,5.15818431911967e-05,0.00013217605850993522,numbered_aligned,qac_v0.4_aligned,703,0.9544212891571573
صيد,Syd,6,6,5,1,5:1:16:2,5:96:11:1,13467,15727,116320,45394,5.15818431911967e-05,0.00013217605850993522,numbered_aligned,qac_v0.4_aligned,704,0.9545534652156673
غرم,grm,6,6,6,5,9:60:11:3,68:46:6:1,25071,73667,116320,45394,5.15818431911967e-05,0.00013217605850993522,numbered_aligned,qac_v0.4_aligned,705,0.9546856412741772
فخر,fxr,6,6,6,5,4:36:32:1,57:23:15:1,10611,70258,116320,45394,5.15818431911967e-05,0.00013217605850993522,numbered_aligned,qac_v0.4_aligned,706,0.9548178173326871
فرش,fr$,6,6,6,6,2:22:5:1,101:4:4:3,280,77894,116320,45394,5.15818431911967e-05,0.00013217605850993522,numbered_aligned,qac_v0.4_aligned,707,0.9549499933911971
فرغ,frg,6,6,6,6,2:250:7:1,94:7:2:1,5080,77545,116320,45394,5.15818431911967e-05,0.00013217605850993522,numbered_aligned,qac_v0.4_aligned,708,0.955082169449707
فزع,fzE,6,6,6,4,21:103:3:2,38:22:5:2,42799,58883,116320,45394,5.15818431911967e-05,0.00013217605850993522,numbered_aligned,qac_v0.4_aligned,709,0.9552143455082169
قصد,qSd,6,6,6,5,5:66:19:1,35:32:12:1,15097,56821,116320,45394,5.15818431911967e-05,0.00013217605850993522,numbered_aligned,qac_v0.4_aligned,710,0.9553465215667268
كاس,kAs,6,6,6,5,37:45:3:2,78:34:1:2,58065,75903,116320,45394,5.15818431911967e-05,0.00013217605850993522,numbered_aligned,qac_v0.4_aligned,711,0.9554786976252369
كرر,krr,6,6,6,6,2:167:7:1,79:12:4:1,3014,76001,116320,45394,5.15818431911967e-05,0.00013217605850993522,numbered_aligned,qac_v0.4_aligned,712,0.9556108736837468
كظم,kZm,6,6,6,6,3:134:6:3,68:48:11:1,8418,73684,116320,45394,5.15818431911967e-05,0.00013217605850993522,numbered_aligned,qac_v0.4_aligned,713,0.9557430497422567
كلب,klb,6,6,4,3,5:4:13:1,18:22:14:1,13601,38144,116320,45394,5.15818431911967e-05,0.00013217605850993522,numbered_aligned,qac_v0.4_aligned,714,0.9558752258007667
كهف,khf,6,6,6,1,18:9:5:2,18:25:3:1,37887,38190,116320,45394,5.15818431911967e-05,0.00013217605850993522,numbered_aligned,qac_v0.4_aligned,715,0.9560074018592766
لالا,lAlA,6,6,6,6,22:23:19:2,76:19:8:1,43301,75498,116320,45394,5.15818431911967e-05,0.00013217605850993522,numbered_aligned,qac_v0.4_aligned,716,0.9561395779177865
لحد,lHd,6,6,6,6,7:180:8:1,72:22:12:1,22326,74651,116320,45394,5.15818431911967e-05,0.00013217605850993522,numbered_aligned,qac_v0.4_aligned,717,0.9562717539762964
لوح,lwH,6,6,6,4,7:145:4:2,85:22:2:1,21570,76874,116320,45394,5.15818431911967e-05,0.00013217605850993522,numbered_aligned,qac_v0.4_aligned,718,0.9564039300348064
مرج,mrj,6,6,6,3,25:53:3:1,55:58:3:3,47178,69352,116320,45394,5.15818431911967e-05,0.00013217605850993522,numbered_aligned,qac_v0.4_aligned,719,0.9565361060933163
مقت,mqt,6,6,5,4,4:22:15:2,61:3:2:1,10231,71707,116320,45394,5.15818431911967e-05,0.00013217605850993522,numbered_aligned,qac_v0.4_aligned,720,0.9566682821518262
ملو,mlw,6,6,6,5,13:32:6:2,47:25:15:2,32679,66217,116320,45394,5.15818431911967e-05,0.00013217605850993522,numbered_aligned,qac_v0.4_aligned,721,0.9568004582103362
مهل,mhl,6,6,5,5,18:29:22:3,86:17:3:1,38285,76939,116320,45394,5.15818431911967e-05,0.00013217605850993522,numbered_aligned,qac_v0.4_aligned,722,0.9569326342688461
موج,mwj,6,6,5,5,10:22:22:2,31:32:3:1,26872,53667,116320,45394,5.15818431911967e-05,0.00013217605850993522,numbered_aligned,qac_v0.4_aligned,723,0.957064810327356
ميل,myl,6,6,3,1,4:27:11:1,4:129:12:2,10412,12519,116320,45394,5.15818431911967e-05,0.00013217605850993522,numbered_aligned,qac_v0.4_aligned,724,0.9571969863858659
ندد,ndd,6,6,6,5,2:22:21:1,41:9:11:1,296,61934,116320,45394,5.15818431911967e-05,0.00013217605850993522,numbered_aligned,qac_v0.4_aligned,725,0.9573291624443759
نزغ,nzg,6,6,4,4,7:200:2:1,41:36:5:1,22607,62321,116320,45394,5.15818431911967e-05,0.00013217605850993522,numbered_aligned,qac_v0.4_aligned,726,0.9574613385028858
نسك,nsk,6,6,5,2,2:128:11:1,22:67:6:1,2295,43972,116320,45394,5.15818431911967e-05,0.00013217605850993522,numbered_aligned,qac_v0.4_aligned,727,0.9575935145613957
ارك,Ark,5,5,5,4,18:31:24:2,83:35:2:2,38327,76643,116320,45394,4.298486932599725e-05,0.00011014671542494602,numbered_aligned,qac_v0.4_aligned,728,0.9577036612768207
برد,brd,5,5,5,5,21:69:4:1,78:24:4:1,42428,75871,116320,45394,4.298486932599725e-05,0.00011014671542494602,numbered_aligned,qac_v0.4_aligned,729,0.9578138079922457
بغض,bgD,5,5,5,3,3:118:17:2,60:4:27:3,8201,71431,116320,45394,4.298486932599725e-05,0.00011014671542494602,numbered_aligned,qac_v0.4_aligned,730,0.9579239547076707
بلس,bls,5,5,5,4,6:44:20:1,43:75:6:1,16992,64231,116320,45394,4.298486932599725e-05,0.00011014671542494602,numbered_aligned,qac_v0.4_aligned,731,0.9580341014230955
بور,bwr,5,5,5,4,14:28:12:2,48:12:20:1,33410,66579,116320,45394,4.298486932599725e-05,0.00011014671542494602,numbered_aligned,qac_v0.4_aligned,732,0.9581442481385205
ثبر,vbr,5,5,4,3,17:102:15:1,84:11:3:1,37684,76701,116320,45394,4.298486932599725e-05,0.00011014671542494602,numbered_aligned,qac_v0.4_aligned,733,0.9582543948539455
ثور,vwr,5,5,5,4,2:71:8:1,100:4:1:2,1134,77846,116320,45394,4.298486932599725e-05,0.00011014671542494602,numbered_aligned,qac_v0.4_aligned,734,0.9583645415693705
جثم,jvm,5,5,5,3,7:78:6:1,29:37:7:1,20639,51913,116320,45394,4.298486932599725e-05,0.00011014671542494602,numbered_aligned,qac_v0.4_aligned,735,0.9584746882847953
جوز,jwz,5,5,5,5,2:249:31:1,46:16:8:2,5044,65473,116320,45394,4.298486932599725e-05,0.00011014671542494602,numbered_aligned,qac_v0.4_aligned,736,0.9585848350002203
جوع,jwE,5,5,5,5,2:155:5:3,106:4:4:1,2809,78051,116320,45394,4.298486932599725e-05,0.00011014671542494602,numbered_aligned,qac_v0.4_aligned,737,0.9586949817156453
حرص,HrS,5,5,5,5,2:96:2:1,16:37:2:1,1633,34874,116320,45394,4.298486932599725e-05,0.00011014671542494602,numbered_aligned,qac_v0.4_aligned,738,0.9588051284310701
حسد,Hsd,5,5,4,4,2:109:12:1,113:5:5:1,1918,78224,116320,45394,4.298486932599725e-05,0.00011014671542494602,numbered_aligned,qac_v0.4_aligned,739,0.9589152751464951
حسس,Hss,5,5,5,3,3:52:2:1,21:102:3:1,7079,42790,116320,45394,4.298486932599725e-05,0.00011014671542494602,numbered_aligned,qac_v0.4_aligned,740,0.9590254218619201
حصب,HSb,5,5,5,5,17:68:10:1,67:17:9:1,37190,73259,116320,45394,4.298486932599725e-05,0.00011014671542494602,numbered_aligned,qac_v0.4_aligned,741,0.959135568577345
حوت,Hwt,5,5,5,4,7:163:14:1,68:48:7:2,22017,73680,116320,45394,4.298486932599725e-05,0.00011014671542494602,numbered_aligned,qac_v0.4_aligned,742,0.9592457152927699
حيص,HyS,5,5,5,5,4:121:7:1,50:36:15:1,12352,67602,116320,45394,4.298486932599725e-05,0.00011014671542494602,numbered_aligned,qac_v0.4_aligned,743,0.9593558620081949
خدع,xdE,5,5,3,3,2:9:1:1,8:62:4:1,104,23672,116320,45394,4.298486932599725e-05,0.00011014671542494602,numbered_aligned,qac_v0.4_aligned,744,0.9594660087236199
خرص,xrS,5,5,5,4,6:116:18:1,51:10:2:2,18310,67718,116320,45394,4.298486932599725e-05,0.00011014671542494602,numbered_aligned,qac_v0.4_aligned,745,0.9595761554390448
خطو,xTw,5,5,4,3,2:168:11:1,24:21:10:1,3042,45532,116320,45394,4.298486932599725e-05,0.00011014671542494602,numbered_aligned,qac_v0.4_aligned,746,0.9596863021544697
خنزر,xnzr,5,5,5,4,2:173:7:2,16:115:7:2,3120,36049,116320,45394,4.298486932599725e-05,0.00011014671542494602,numbered_aligned,qac_v0.4_aligned,747,0.9597964488698947
خيب,xyb,5,5,5,4,3:127:9:1,91:10:2:1,8350,77374,116320,45394,4.298486932599725e-05,0.00011014671542494602,numbered_aligned,qac_v0.4_aligned,748,0.9599065955853197
دري,dry,5,5,5,5,4:11:59:1,80:3:2:1,9942,76158,116320,45394,4.298486932599725e-05,0.00011014671542494602,numbered_aligned,qac_v0.4_aligned,749,0.9600167423007446
دهن,dhn,5,5,4,4,23:20:7:3,68:9:4:2,44327,73455,116320,45394,4.298486932599725e-05,0.00011014671542494602,numbered_aligned,qac_v0.4_aligned,750,0.9601268890161695
ذرع,*rE,5,5,4,4,11:77:9:1,69:32:6:1,29553,73889,116320,45394,4.298486932599725e-05,0.00011014671542494602,numbered_aligned,qac_v0.4_aligned,751,0.9602370357315945
ذمم,*mm,5,5,5,3,9:8:10:1,68:49:10:1,24093,73694,116320,45394,4.298486932599725e-05,0.00011014671542494602,numbered_aligned,qac_v0.4_aligned,752,0.9603471824470194
ربط,rbT,5,5,5,4,3:200:6:2,28:10:12:1,9675,50071,116320,45394,4.298486932599725e-05,0.00011014671542494602,numbered_aligned,qac_v0.4_aligned,753,0.9604573291624444
ردي,rdy,5,5,5,5,5:3:14:3,92:11:6:1,13541,77438,116320,45394,4.298486932599725e-05,0.00011014671542494602,numbered_aligned,qac_v0.4_aligned,754,0.9605674758778693
رفق,rfq,5,5,5,3,4:69:18:1,18:31:28:1,11220,38331,116320,45394,4.298486932599725e-05,0.00011014671542494602,numbered_aligned,qac_v0.4_aligned,755,0.9606776225932943
زهق,zhq,5,5,4,3,9:55:14:2,21:18:9:1,25001,41894,116320,45394,4.298486932599725e-05,0.00011014671542494602,numbered_aligned,qac_v0.4_aligned,756,0.9607877693087192
سبط,sbT,5,5,5,4,2:136:14:3,7:160:4:1,2432,21927,116320,45394,4.298486932599725e-05,0.00011014671542494602,numbered_aligned,qac_v0.4_aligned,757,0.9608979160241442
سدس,sds,5,5,4,3,4:11:27:2,58:7:24:1,9910,70544,116320,45394,4.298486932599725e-05,0.00011014671542494602,numbered_aligned,qac_v0.4_aligned,758,0.9610080627395691
سنبل,snbl,5,5,4,2,2:261:12:1,12:47:10:1,5457,31003,116320,45394,4.298486932599725e-05,0.00011014671542494602,numbered_aligned,qac_v0.4_aligned,759,0.961118209454994
شتت,$tt,5,5,5,5,20:53:19:1,99:6:4:1,40768,77821,116320,45394,4.298486932599725e-05,0.00011014671542494602,numbered_aligned,qac_v0.4_aligned,760,0.961228356170419
شحح,$HH,5,5,4,4,4:128:20:2,64:16:12:1,12498,72502,116320,45394,4.298486932599725e-05,0.00011014671542494602,numbered_aligned,qac_v0.4_aligned,761,0.961338502885844
شرح,$rH,5,5,5,5,6:125:6:1,94:1:2:1,18467,77524,116320,45394,4.298486932599725e-05,0.00011014671542494602,numbered_aligned,qac_v0.4_aligned,762,0.9614486496012689
شرع,$rE,5,5,5,4,5:48:28:1,45:18:4:1,14699,64915,116320,45394,4.298486932599725e-05,0.00011014671542494602,numbered_aligned,qac_v0.4_aligned,763,0.9615587963166938
شطر,$Tr,5,5,3,1,2:144:12:1,2:150:14:1,2615,2740,116320,45394,4.298486932599725e-05,0.00011014671542494602,numbered_aligned,qac_v0.4_aligned,764,0.9616689430321188
شهب,$hb,5,5,5,4,15:18:6:1,72:9:12:1,33862,74524,116320,45394,4.298486932599725e-05,0.00011014671542494602,numbered_aligned,qac_v0.4_aligned,765,0.9617790897475438
صبب,Sbb,5,5,4,4,22:19:13:1,89:13:1:2,43256,77161,116320,45394,4.298486932599725e-05,0.00011014671542494602,numbered_aligned,qac_v0.4_aligned,766,0.9618892364629686
صدع,SdE,5,5,5,5,15:94:1:2,86:12:3:2,34355,76925,116320,45394,4.298486932599725e-05,0.00011014671542494602,numbered_aligned,qac_v0.4_aligned,767,0.9619993831783936
صدف,Sdf,5,5,3,2,6:46:23:1,18:96:8:2,17024,39214,116320,45394,4.298486932599725e-05,0.00011014671542494602,numbered_aligned,qac_v0.4_aligned,768,0.9621095298938186
صفر,Sfr,5,5,5,5,2:69:14:1,77:33:3:1,1105,75717,116320,45394,4.298486932599725e-05,0.00011014671542494602,numbered_aligned,qac_v0.4_aligned,769,0.9622196766092435
صنم,Snm,5,5,5,5,6:74:7:1,26:71:3:1,17544,47926,116320,45394,4.298486932599725e-05,0.00011014671542494602,numbered_aligned,qac_v0.4_aligned,770,0.9623298233246684
ضوا,DwA,5,5,5,4,2:17:7:1,28:71:17:2,203,51062,116320,45394,4.298486932599725e-05,0.00011014671542494602,numbered_aligned,qac_v0.4_aligned,771,0.9624399700400934
طرد,Trd,5,5,4,3,6:52:2:1,26:114:3:2,17108,48145,116320,45394,4.298486932599725e-05,0.00011014671542494602,numbered_aligned,qac_v0.4_aligned,772,0.9625501167555184
طمس,Tms,5,5,5,5,4:47:14:1,77:8:3:1,10825,75624,116320,45394,4.298486932599725e-05,0.00011014671542494602,numbered_aligned,qac_v0.4_aligned,773,0.9626602634709432
عتب,Etb,5,5,4,4,16:84:14:1,45:35:16:1,35583,65178,116320,45394,4.298486932599725e-05,0.00011014671542494602,numbered_aligned,qac_v0.4_aligned,774,0.9627704101863682
عثو,Evw,5,5,5,5,2:60:25:1,29:36:13:1,912,51903,116320,45394,4.298486932599725e-05,0.00011014671542494602,numbered_aligned,qac_v0.4_aligned,775,0.9628805569017932
عصب,ESb,5,5,5,4,11:77:13:1,28:76:16:3,29557,51139,116320,45394,4.298486932599725e-05,0.00011014671542494602,numbered_aligned,qac_v0.4_aligned,776,0.9629907036172182
عصر,ESr,5,5,5,4,2:266:25:1,103:1:1:3,5595,77956,116320,45394,4.298486932599725e-05,0.00011014671542494602,numbered_aligned,qac_v0.4_aligned,777,0.963100850332643
عمم,Emm,5,5,3,3,4:23:6:2,33:50:20:1,10239,54985,116320,45394,4.298486932599725e-05,0.00011014671542494602,numbered_aligned,qac_v0.4_aligned,778,0.963210997048068
عنت,Ent,5,5,5,5,2:220:22:2,49:7:12:2,4246,67064,116320,45394,4.298486932599725e-05,0.00011014671542494602,numbered_aligned,qac_v0.4_aligned,779,0.963321143763493
غوث,gwv,5,5,4,4,8:9:2:1,46:17:15:1,22803,65498,116320,45394,4.298486932599725e-05,0.00011014671542494602,numbered_aligned,qac_v0.4_aligned,780,0.963431290478918
فاد,fAd,5,5,5,5,11:120:10:1,53:11:3:2,30202,68413,116320,45394,4.298486932599725e-05,0.00011014671542494602,numbered_aligned,qac_v0.4_aligned,781,0.9635414371943428
فرد,frd,5,5,5,4,6:94:3:1,34:46:9:2,17907,56208,116320,45394,4.298486932599725e-05,0.00011014671542494602,numbered_aligned,qac_v0.4_aligned,782,0.9636515839097678
فوت,fwt,5,5,5,5,3:153:18:1,67:3:12:1,8743,73110,116320,45394,4.298486932599725e-05,0.00011014671542494602,numbered_aligned,qac_v0.4_aligned,783,0.9637617306251928
فوج,fwj,5,5,5,5,27:83:6:1,110:2:7:1,49801,78144,116320,45394,4.298486932599725e-05,0.00011014671542494602,numbered_aligned,qac_v0.4_aligned,784,0.9638718773406177
قتر,qtr,5,5,5,5,2:236:19:2,80:41:2:1,4729,76280,116320,45394,4.298486932599725e-05,0.00011014671542494602,numbered_aligned,qac_v0.4_aligned,785,0.9639820240560426
قدد,qdd,5,5,5,2,12:25:3:2,72:11:9:1,30589,74547,116320,45394,4.298486932599725e-05,0.00011014671542494602,numbered_aligned,qac_v0.4_aligned,786,0.9640921707714676
قرع,qrE,5,5,5,3,13:31:37:1,101:3:4:2,32659,77890,116320,45394,4.298486932599725e-05,0.00011014671542494602,numbered_aligned,qac_v0.4_aligned,787,0.9642023174868926
قرف,qrf,5,5,4,3,6:113:9:3,42:23:20:1,18255,63059,116320,45394,4.298486932599725e-05,0.00011014671542494602,numbered_aligned,qac_v0.4_aligned,788,0.9643124642023175
قطر,qTr,5,5,5,5,14:50:3:1,55:33:9:1,33702,69222,116320,45394,4.298486932599725e-05,0.00011014671542494602,numbered_aligned,qac_v0.4_aligned,789,0.9644226109177424
قفو,qfw,5,5,4,4,2:87:5:2,57:27:6:2,1451,70318,116320,45394,4.298486932599725e-05,0.00011014671542494602,numbered_aligned,qac_v0.4_aligned,790,0.9645327576331674
قمص,qmS,5,5,5,1,12:18:3:1,12:28:3:1,30462,30641,116320,45394,4.298486932599725e-05,0.00011014671542494602,numbered_aligned,qac_v0.4_aligned,791,0.9646429043485923
قنط,qnT,5,5,5,4,15:55:7:2,42:28:8:1,34131,63139,116320,45394,4.298486932599725e-05,0.00011014671542494602,numbered_aligned,qac_v0.4_aligned,792,0.9647530510640173
كسف,ksf,5,5,5,5,17:92:7:1,52:44:3:1,37500,68320,116320,45394,4.298486932599725e-05,0.00011014671542494602,numbered_aligned,qac_v0.4_aligned,793,0.9648631977794422
كسو,ksw,5,5,5,4,2:233:15:2,23:14:11:2,4589,44264,116320,45394,4.298486932599725e-05,0.00011014671542494602,numbered_aligned,qac_v0.4_aligned,794,0.9649733444948672
كمل,kml,5,5,5,3,2:185:36:3,16:25:3:1,3419,34652,116320,45394,4.298486932599725e-05,0.00011014671542494602,numbered_aligned,qac_v0.4_aligned,795,0.9650834912102921
كوكب,kwkb,5,5,5,5,6:76:6:1,82:2:2:2,17566,76401,116320,45394,4.298486932599725e-05,0.00011014671542494602,numbered_aligned,qac_v0.4_aligned,796,0.9651936379257171
لزم,lzm,5,5,5,5,11:28:16:2,48:26:17:2,28760,66846,116320,45394,4.298486932599725e-05,0.00011014671542494602,numbered_aligned,qac_v0.4_aligned,797,0.965303784641142
لمس,lms,5,5,5,5,4:43:33:1,72:8:2:1,10734,74506,116320,45394,4.298486932599725e-05,0.00011014671542494602,numbered_aligned,qac_v0.4_aligned,798,0.965413931356567
لين,lyn,5,5,5,5,3:159:5:1,59:5:4:1,8909,70960,116320,45394,4.298486932599725e-05,0.00011014671542494602,numbered_aligned,qac_v0.4_aligned,799,0.9655240780719919
مرد,mrd,5,5,5,5,4:117:11:1,37:7:5:1,12309,57862,116320,45394,4.298486932599725e-05,0.00011014671542494602,numbered_aligned,qac_v0.4_aligned,800,0.9656342247874168
مصر,mSr,5,5,5,4,2:61:32:1,43:51:10:1,948,64014,116320,45394,4.298486932599725e-05,0.00011014671542494602,numbered_aligned,qac_v0.4_aligned,801,0.9657443715028418
ميد,myd,5,5,5,4,5:112:13:1,31:10:11:1,16105,53280,116320,45394,4.298486932599725e-05,0.00011014671542494602,numbered_aligned,qac_v0.4_aligned,802,0.9658545182182667
نسف,nsf,5,5,3,2,20:97:25:2,77:10:3:1,41289,75630,116320,45394,4.298486932599725e-05,0.00011014671542494602,numbered_aligned,qac_v0.4_aligned,803,0.9659646649336917
نشز,n$z,5,5,4,3,2:259:53:1,58:11:17:2,5392,70660,116320,45394,4.298486932599725e-05,0.00011014671542494602,numbered_aligned,qac_v0.4_aligned,804,0.9660748116491166
نفد,nfd,5,5,4,4,16:96:3:1,38:54:7:1,35782,59210,116320,45394,4.298486932599725e-05,0.00011014671542494602,numbered_aligned,qac_v0.4_aligned,805,0.9661849583645415
نقذ,nq*,5,5,5,4,3:103:26:2,39:19:7:1,7950,59775,116320,45394,4.298486932599725e-05,0.00011014671542494602,numbered_aligned,qac_v0.4_aligned,806,0.9662951050799665
نكل,nkl,5,5,5,5,2:66:2:1,79:25:3:1,1041,76051,116320,45394,4.298486932599725e-05,0.00011014671542494602,numbered_aligned,qac_v0.4_aligned,807,0.9664052517953915
هلل,hll,5,5,5,4,2:173:9:1,16:115:9:1,3122,36051,116320,45394,4.298486932599725e-05,0.00011014671542494602,numbered_aligned,qac_v0.4_aligned,808,0.9665153985108164
وجل,wjl,5,5,5,4,8:2:7:1,23:60:6:1,22721,44719,116320,45394,4.298486932599725e-05,0.00011014671542494602,numbered_aligned,qac_v0.4_aligned,809,0.9666255452262413
وسط,wsT,5,5,5,4,2:143:4:1,100:5:1:2,2562,77849,116320,45394,4.298486932599725e-05,0.00011014671542494602,numbered_aligned,qac_v0.4_aligned,810,0.9667356919416663
ياس,yAs,5,5,4,4,5:3:32:1,65:4:2:1,13559,72622,116320,45394,4.298486932599725e-05,0.00011014671542494602,numbered_aligned,qac_v0.4_aligned,811,0.9668458386570913
اسف,Asf,4,5,4,4,7:150:7:1,20:86:6:1,21682,41125,116320,45394,3.43878954607978e-05,8.811737233995682e-05,numbered_aligned,qac_v0.4_aligned,812,0.9669339560294312
امد,Amd,4,4,4,4,3:30:19:1,72:25:11:1,6709,74689,116320,45394,3.43878954607978e-05,8.811737233995682e-05,numbered_aligned,qac_v0.4_aligned,813,0.9670220734017712
بدع,bdE,4,4,4,4,2:117:1:1,57:27:20:1,2079,70332,116320,45394,3.43878954607978e-05,8.811737233995682e-05,numbered_aligned,qac_v0.4_aligned,814,0.9671101907741111
بول,bwl,4,4,4,3,12:50:14:1,47:5:3:1,31047,65932,116320,45394,3.43878954607978e-05,8.811737233995682e-05,numbered_aligned,qac_v0.4_aligned,815,0.967198308146451
تبب,tbb,4,4,3,3,11:101:24:1,111:1:5:2,29950,78160,116320,45394,3.43878954607978e-05,8.811737233995682e-05,numbered_aligned,qac_v0.4_aligned,816,0.9672864255187911
جدر,jdr,4,4,4,3,9:97:5:2,59:14:11:1,25775,71170,116320,45394,3.43878954607978e-05,8.811737233995682e-05,numbered_aligned,qac_v0.4_aligned,817,0.967374542891131
جرح,jrH,4,4,4,3,5:4:12:2,45:21:4:1,13600,64950,116320,45394,3.43878954607978e-05,8.811737233995682e-05,numbered_aligned,qac_v0.4_aligned,818,0.9674626602634709
جسد,jsd,4,4,4,4,7:148:9:1,38:34:7:1,21644,59063,116320,45394,3.43878954607978e-05,8.811737233995682e-05,numbered_aligned,qac_v0.4_aligned,819,0.9675507776358109
جلو,jlw,4,4,4,3,7:143:25:1,92:2:3:1,21535,77409,116320,45394,3.43878954607978e-05,8.811737233995682e-05,numbered_aligned,qac_v0.4_aligned,820,0.9676388950081508
جهز,jhz,4,4,2,1,12:59:2:1,12:70:3:2,31168,31374,116320,45394,3.43878954607978e-05,8.811737233995682e-05,numbered_aligned,qac_v0.4_aligned,821,0.9677270123804909
حما,HmA,4,4,4,2,15:26:7:1,18:86:10:1,33932,39093,116320,45394,3.43878954607978e-05,8.811737233995682e-05,numbered_aligned,qac_v0.4_aligned,822,0.9678151297528308
حيض,HyD,4,4,2,2,2:222:3:2,65:4:14:1,4292,72634,116320,45394,3.43878954607978e-05,8.811737233995682e-05,numbered_aligned,qac_v0.4_aligned,823,0.9679032471251707
خرق,xrq,4,4,3,3,6:100:6:2,18:71:9:2,18041,38893,116320,45394,3.43878954607978e-05,8.811737233995682e-05,numbered_aligned,qac_v0.4_aligned,824,0.9679913644975107
خصص,xSS,4,4,4,4,2:105:18:1,59:9:24:1,1845,71073,116320,45394,3.43878954607978e-05,8.811737233995682e-05,numbered_aligned,qac_v0.4_aligned,825,0.9680794818698506
خفض,xfD,4,4,4,4,15:88:13:2,56:3:1:1,34333,69444,116320,45394,3.43878954607978e-05,8.811737233995682e-05,numbered_aligned,qac_v0.4_aligned,826,0.9681675992421906
خوي,xwy,4,4,4,4,2:259:7:1,69:7:15:1,5346,73756,116320,45394,3.43878954607978e-05,8.811737233995682e-05,numbered_aligned,qac_v0.4_aligned,827,0.9682557166145306
دحر,dHr,4,4,4,3,7:18:5:1,37:9:1:1,19526,57872,116320,45394,3.43878954607978e-05,8.811737233995682e-05,numbered_aligned,qac_v0.4_aligned,828,0.9683438339868705
دحض,dHD,4,4,4,4,18:56:11:2,42:16:11:1,38696,62922,116320,45394,3.43878954607978e-05,8.811737233995682e-05,numbered_aligned,qac_v0.4_aligned,829,0.9684319513592105
دخر,dxr,4,4,4,4,16:48:17:1,40:60:13:1,35023,61498,116320,45394,3.43878954607978e-05,8.811737233995682e-05,numbered_aligned,qac_v0.4_aligned,830,0.9685200687315504
درا,drA,4,4,4,4,2:72:4:2,28:54:7:2,1154,50819,116320,45394,3.43878954607978e-05,8.811737233995682e-05,numbered_aligned,qac_v0.4_aligned,831,0.9686081861038904
دلو,dlw,4,4,3,3,2:188:6:2,53:8:3:2,3515,68400,116320,45394,3.43878954607978e-05,8.811737233995682e-05,numbered_aligned,qac_v0.4_aligned,832,0.9686963034762304
رتل,rtl,4,4,2,2,25:32:14:2,73:4:6:1,46963,74744,116320,45394,3.43878954607978e-05,8.811737233995682e-05,numbered_aligned,qac_v0.4_aligned,833,0.9687844208485703
رحب,rHb,4,4,4,2,9:25:20:1,38:60:5:1,24391,59242,116320,45394,3.43878954607978e-05,8.811737233995682e-05,numbered_aligned,qac_v0.4_aligned,834,0.9688725382209102
رحل,rHl,4,4,4,2,12:62:6:1,106:2:2:1,31205,78041,116320,45394,3.43878954607978e-05,8.811737233995682e-05,numbered_aligned,qac_v0.4_aligned,835,0.9689606555932502
رذل,r*l,4,4,4,4,11:27:18:1,26:111:5:2,28732,48129,116320,45394,3.43878954607978e-05,8.811737233995682e-05,numbered_aligned,qac_v0.4_aligned,836,0.9690487729655902
رعب,rEb,4,4,4,4,3:151:6:2,33:26:12:2,8672,54584,116320,45394,3.43878954607978e-05,8.811737233995682e-05,numbered_aligned,qac_v0.4_aligned,837,0.9691368903379302
رقي,rqy,4,4,3,3,17:93:8:1,75:27:3:1,37513,75297,116320,45394,3.43878954607978e-05,8.811737233995682e-05,numbered_aligned,qac_v0.4_aligned,838,0.9692250077102701
ركن,rkn,4,4,4,3,11:80:10:1,51:39:2:2,29607,67891,116320,45394,3.43878954607978e-05,8.811737233995682e-05,numbered_aligned,qac_v0.4_aligned,839,0.96931312508261
زخرف,zxrf,4,4,4,4,6:112:13:1,43:35:1:2,18236,63851,116320,45394,3.43878954607978e-05,8.811737233995682e-05,numbered_aligned,qac_v0.4_aligned,840,0.96940124245495
زلل,zll,4,4,4,3,2:36:1:2,16:94:6:2,567,35751,116320,45394,3.43878954607978e-05,8.811737233995682e-05,numbered_aligned,qac_v0.4_aligned,841,0.9694893598272899
زول,zwl,4,4,3,2,14:44:26:1,35:41:9:1,33646,56987,116320,45394,3.43878954607978e-05,8.811737233995682e-05,numbered_aligned,qac_v0.4_aligned,842,0.96957747719963
سجل,sjl,4,4,4,4,11:82:11:1,105:4:4:1,29649,78030,116320,45394,3.43878954607978e-05,8.811737233995682e-05,numbered_aligned,qac_v0.4_aligned,843,0.9696655945719699
سحت,sHt,4,4,4,2,5:42:4:3,20:61:10:2,14520,40837,116320,45394,3.43878954607978e-05,8.811737233995682e-05,numbered_aligned,qac_v0.4_aligned,844,0.9697537119443098
سخط,sxT,4,4,4,4,3:162:7:2,47:28:5:1,8980,66245,116320,45394,3.43878954607978e-05,8.811737233995682e-05,numbered_aligned,qac_v0.4_aligned,845,0.9698418293166498
سدر,sdr,4,4,4,3,34:16:15:1,56:28:2:1,55729,69534,116320,45394,3.43878954607978e-05,8.811737233995682e-05,numbered_aligned,qac_v0.4_aligned,846,0.9699299466889897
سرب,srb,4,4,4,4,13:10:13:2,78:20:4:1,32225,75858,116320,45394,3.43878954607978e-05,8.811737233995682e-05,numbered_aligned,qac_v0.4_aligned,847,0.9700180640613297
سرج,srj,4,4,4,4,25:61:9:1,78:13:2:1,47287,75827,116320,45394,3.43878954607978e-05,8.811737233995682e-05,numbered_aligned,qac_v0.4_aligned,848,0.9701061814336697
سفح,sfH,4,4,4,3,4:24:21:1,6:145:18:1,10308,18890,116320,45394,3.43878954607978e-05,8.811737233995682e-05,numbered_aligned,qac_v0.4_aligned,849,0.9701942988060096
سفن,sfn,4,4,3,2,18:71:6:2,29:15:3:2,38890,51570,116320,45394,3.43878954607978e-05,8.811737233995682e-05,numbered_aligned,qac_v0.4_aligned,850,0.9702824161783495
سقف,sqf,4,4,4,4,16:26:13:2,52:5:1:3,34677,68064,116320,45394,3.43878954607978e-05,8.811737233995682e-05,numbered_aligned,qac_v0.4_aligned,851,0.9703705335506895
سلح,slH,4,4,1,1,4:102:12:1,4:102:54:1,11993,12035,116320,45394,3.43878954607978e-05,8.811737233995682e-05,numbered_aligned,qac_v0.4_aligned,852,0.9704586509230295
سمم,smm,4,4,4,4,7:40:19:1,56:42:2:1,19966,69571,116320,45394,3.43878954607978e-05,8.811737233995682e-05,numbered_aligned,qac_v0.4_aligned,853,0.9705467682953695
سمن,smn,4,4,4,3,12:43:7:1,88:7:2:1,30934,77044,116320,45394,3.43878954607978e-05,8.811737233995682e-05,numbered_aligned,qac_v0.4_aligned,854,0.9706348856677094
سول,swl,4,4,4,3,12:18:8:1,47:25:13:1,30467,66215,116320,45394,3.43878954607978e-05,8.811737233995682e-05,numbered_aligned,qac_v0.4_aligned,855,0.9707230030400493
سيل,syl,4,4,3,2,13:17:5:2,34:16:4:1,32377,55718,116320,45394,3.43878954607978e-05,8.811737233995682e-05,numbered_aligned,qac_v0.4_aligned,856,0.9708111204123893
شان,$An,4,4,4,4,10:61:4:1,80:37:5:1,27518,76268,116320,45394,3.43878954607978e-05,8.811737233995682e-05,numbered_aligned,qac_v0.4_aligned,857,0.9708992377847293
شور,$wr,4,4,4,4,2:233:40:2,42:38:7:1,4614,63255,116320,45394,3.43878954607978e-05,8.811737233995682e-05,numbered_aligned,qac_v0.4_aligned,858,0.9709873551570692
شيخ,$yx,4,4,4,4,11:72:8:1,40:67:20:1,29495,61612,116320,45394,3.43878954607978e-05,8.811737233995682e-05,numbered_aligned,qac_v0.4_aligned,859,0.9710754725294092
صرح,SrH,4,4,3,3,27:44:4:2,40:36:6:1,49331,61169,116320,45394,3.43878954607978e-05,8.811737233995682e-05,numbered_aligned,qac_v0.4_aligned,860,0.9711635899017491
صرخ,Srx,4,4,4,4,14:22:30:2,36:43:5:1,33309,57464,116320,45394,3.43878954607978e-05,8.811737233995682e-05,numbered_aligned,qac_v0.4_aligned,861,0.971251707274089
صلصل,SlSl,4,4,4,2,15:26:5:1,55:14:4:1,33930,69128,116320,45394,3.43878954607978e-05,8.811737233995682e-05,numbered_aligned,qac_v0.4_aligned,862,0.9713398246464291
ضحو,DHw,4,4,4,3,7:98:7:1,93:1:1:3,20963,77479,116320,45394,3.43878954607978e-05,8.811737233995682e-05,numbered_aligned,qac_v0.4_aligned,863,0.971427942018769
ضيف,Dyf,4,4,4,4,15:51:3:1,54:37:4:1,34099,68970,116320,45394,3.43878954607978e-05,8.811737233995682e-05,numbered_aligned,qac_v0.4_aligned,864,0.971516059391109
طبق,Tbq,4,4,3,3,67:3:5:1,84:19:4:1,73103,76732,116320,45394,3.43878954607978e-05,8.811737233995682e-05,numbered_aligned,qac_v0.4_aligned,865,0.9716041767634489
طفل,Tfl,4,4,4,3,22:5:37:1,40:67:14:1,42993,61606,116320,45394,3.43878954607978e-05,8.811737233995682e-05,numbered_aligned,qac_v0.4_aligned,866,0.9716922941357888
طلب,Tlb,4,4,3,3,7:54:18:1,22:73:28:3,20234,44093,116320,45394,3.43878954607978e-05,8.811737233995682e-05,numbered_aligned,qac_v0.4_aligned,867,0.9717804115081289
طوق,Twq,4,4,4,2,2:184:16:1,3:180:17:2,3367,9302,116320,45394,3.43878954607978e-05,8.811737233995682e-05,numbered_aligned,qac_v0.4_aligned,868,0.9718685288804688
عفف,Eff,4,4,4,3,2:273:16:2,24:60:18:1,5743,46389,116320,45394,3.43878954607978e-05,8.811737233995682e-05,numbered_aligned,qac_v0.4_aligned,869,0.9719566462528088
عقم,Eqm,4,4,4,3,22:55:16:1,51:41:7:2,43809,67909,116320,45394,3.43878954607978e-05,8.811737233995682e-05,numbered_aligned,qac_v0.4_aligned,870,0.9720447636251487
عور,Ewr,4,4,3,2,24:31:61:1,33:13:21:2,45765,54345,116320,45394,3.43878954607978e-05,8.811737233995682e-05,numbered_aligned,qac_v0.4_aligned,871,0.9721328809974886
غسق,gsq,4,4,4,4,17:78:6:1,113:3:3:1,37324,78212,116320,45394,3.43878954607978e-05,8.811737233995682e-05,numbered_aligned,qac_v0.4_aligned,872,0.9722209983698286
غسل,gsl,4,4,4,4,4:43:19:1,69:36:5:1,10720,73911,116320,45394,3.43878954607978e-05,8.811737233995682e-05,numbered_aligned,qac_v0.4_aligned,873,0.9723091157421686
غضض,gDD,4,4,4,3,24:30:3:1,49:3:3:1,45692,66999,116320,45394,3.43878954607978e-05,8.811737233995682e-05,numbered_aligned,qac_v0.4_aligned,874,0.9723972331145085
غمر,gmr,4,4,4,3,6:93:28:1,51:11:4:1,17883,67722,116320,45394,3.43878954607978e-05,8.811737233995682e-05,numbered_aligned,qac_v0.4_aligned,875,0.9724853504868485
غور,gwr,4,4,4,3,9:40:15:2,67:30:6:1,24731,73407,116320,45394,3.43878954607978e-05,8.811737233995682e-05,numbered_aligned,qac_v0.4_aligned,876,0.9725734678591884
غيث,gyv,4,4,4,4,12:49:8:1,57:20:15:1,31030,70173,116320,45394,3.43878954607978e-05,8.811737233995682e-05,numbered_aligned,qac_v0.4_aligned,877,0.9726615852315283
فشل,f$l,4,4,4,2,3:122:6:1,8:46:6:2,8280,23417,116320,45394,3.43878954607978e-05,8.811737233995682e-05,numbered_aligned,qac_v0.4_aligned,878,0.9727497026038684
فلق,flq,4,4,4,3,6:95:3:1,113:1:4:2,17936,78205,116320,45394,3.43878954607978e-05,8.811737233995682e-05,numbered_aligned,qac_v0.4_aligned,879,0.9728378199762083
فور,fwr,4,4,4,4,3:125:7:1,67:7:8:1,8316,73153,116320,45394,3.43878954607978e-05,8.811737233995682e-05,numbered_aligned,qac_v0.4_aligned,880,0.9729259373485483
فيا,fyA,4,4,4,3,33:50:14:1,59:7:2:1,54979,70996,116320,45394,3.43878954607978e-05,8.811737233995682e-05,numbered_aligned,qac_v0.4_aligned,881,0.9730140547208882
قلد,qld,4,4,4,3,5:2:14:2,42:12:2:1,13489,62798,116320,45394,3.43878954607978e-05,8.811737233995682e-05,numbered_aligned,qac_v0.4_aligned,882,0.9731021720932281
قلم,qlm,4,4,4,4,3:44:12:1,96:4:3:3,6941,77606,116320,45394,3.43878954607978e-05,8.811737233995682e-05,numbered_aligned,qac_v0.4_aligned,883,0.9731902894655682
قنطر,qnTr,4,4,3,2,3:14:8:3,4:20:9:1,6389,10197,116320,45394,3.43878954607978e-05,8.811737233995682e-05,numbered_aligned,qac_v0.4_aligned,884,0.9732784068379081
كرب,krb,4,4,4,3,6:64:7:1,37:115:4:2,17342,58417,116320,45394,3.43878954607978e-05,8.811737233995682e-05,numbered_aligned,qac_v0.4_aligned,885,0.973366524210248
كعب,kEb,4,4,4,2,5:6:17:2,78:33:1:2,13680,75901,116320,45394,3.43878954607978e-05,8.811737233995682e-05,numbered_aligned,qac_v0.4_aligned,886,0.973454641582588
كوب,kwb,4,4,4,4,43:71:6:2,88:14:1:2,64197,77067,116320,45394,3.43878954607978e-05,8.811737233995682e-05,numbered_aligned,qac_v0.4_aligned,887,0.9735427589549279
لحق,lHq,4,4,4,4,3:170:10:1,62:3:4:1,9120,71952,116320,45394,3.43878954607978e-05,8.811737233995682e-05,numbered_aligned,qac_v0.4_aligned,888,0.973630876327268
لمز,lmz,4,4,4,3,9:58:3:1,104:1:4:1,25028,77977,116320,45394,3.43878954607978e-05,8.811737233995682e-05,numbered_aligned,qac_v0.4_aligned,889,0.9737189936996079
لمم,lmm,4,4,4,4,6:150:2:2,89:19:4:1,18999,77203,116320,45394,3.43878954607978e-05,8.811737233995682e-05,numbered_aligned,qac_v0.4_aligned,890,0.9738071110719478
مجد,mjd,4,4,4,3,11:73:14:1,85:21:4:1,29513,76872,116320,45394,3.43878954607978e-05,8.811737233995682e-05,numbered_aligned,qac_v0.4_aligned,891,0.9738952284442878
مزق,mzq,4,4,2,1,34:7:10:1,34:19:12:1,55545,55767,116320,45394,3.43878954607978e-05,8.811737233995682e-05,numbered_aligned,qac_v0.4_aligned,892,0.9739833458166277
مسح,msH,4,4,3,3,4:43:41:2,38:33:4:1,10742,59054,116320,45394,3.43878954607978e-05,8.811737233995682e-05,numbered_aligned,qac_v0.4_aligned,893,0.9740714631889678
مضي,mDy,4,4,4,4,8:38:14:1,43:8:5:2,23263,63559,116320,45394,3.43878954607978e-05,8.811737233995682e-05,numbered_aligned,qac_v0.4_aligned,894,0.9741595805613077
مهن,mhn,4,4,4,4,32:8:8:1,77:20:5:1,53840,75663,116320,45394,3.43878954607978e-05,8.811737233995682e-05,numbered_aligned,qac_v0.4_aligned,895,0.9742476979336476
ميز,myz,4,4,4,4,3:179:11:1,67:8:2:1,9260,73155,116320,45394,3.43878954607978e-05,8.811737233995682e-05,numbered_aligned,qac_v0.4_aligned,896,0.9743358153059876
نحت,nHt,4,4,4,4,7:74:15:2,37:95:4:1,20576,58298,116320,45394,3.43878954607978e-05,8.811737233995682e-05,numbered_aligned,qac_v0.4_aligned,897,0.9744239326783275
نسخ,nsx,4,4,4,4,2:106:2:1,45:29:8:1,1854,65087,116320,45394,3.43878954607978e-05,8.811737233995682e-05,numbered_aligned,qac_v0.4_aligned,898,0.9745120500506675
نسل,nsl,4,4,4,4,2:205:10:3,36:51:10:1,3887,57552,116320,45394,3.43878954607978e-05,8.811737233995682e-05,numbered_aligned,qac_v0.4_aligned,899,0.9746001674230075
نعج,nEj,4,4,2,1,38:23:7:1,38:24:7:1,58908,58923,116320,45394,3.43878954607978e-05,8.811737233995682e-05,numbered_aligned,qac_v0.4_aligned,900,0.9746882847953474
نفل,nfl,4,4,3,3,8:1:3:2,21:72:5:1,22699,42449,116320,45394,3.43878954607978e-05,8.811737233995682e-05,numbered_aligned,qac_v0.4_aligned,901,0.9747764021676874
نقر,nqr,4,4,3,2,4:53:10:1,74:8:4:2,10924,74950,116320,45394,3.43878954607978e-05,8.811737233995682e-05,numbered_aligned,qac_v0.4_aligned,902,0.9748645195400273
نمل,nml,4,4,2,2,3:119:17:2,27:18:10:2,8232,48991,116320,45394,3.43878954607978e-05,8.811737233995682e-05,numbered_aligned,qac_v0.4_aligned,903,0.9749526369123672
هات,hAt,4,4,4,4,2:111:14:1,28:75:7:1,1970,51113,116320,45394,3.43878954607978e-05,8.811737233995682e-05,numbered_aligned,qac_v0.4_aligned,904,0.9750407542847073
هزز,hzz,4,4,4,4,22:5:63:1,41:39:11:1,43019,62369,116320,45394,3.43878954607978e-05,8.811737233995682e-05,numbered_aligned,qac_v0.4_aligned,905,0.9751288716570472
ودع,wdE,4,4,4,4,6:98:8:2,93:3:2:1,17986,77484,116320,45394,3.43878954607978e-05,8.811737233995682e-05,numbered_aligned,qac_v0.4_aligned,906,0.9752169890293871
ورق,wrq,4,4,4,4,6:59:16:1,20:121:10:1,17252,41530,116320,45394,3.43878954607978e-05,8.811737233995682e-05,numbered_aligned,qac_v0.4_aligned,907,0.9753051064017271
وسوس,wsws,4,4,4,3,7:20:1:2,114:5:2:1,19551,78242,116320,45394,3.43878954607978e-05,8.811737233995682e-05,numbered_aligned,qac_v0.4_aligned,908,0.975393223774067
وقف,wqf,4,4,4,3,6:27:4:1,37:24:1:2,16691,57959,116320,45394,3.43878954607978e-05,8.811737233995682e-05,numbered_aligned,qac_v0.4_aligned,909,0.975481341146407
يبس,ybs,4,4,4,3,6:59:27:1,20:77:13:1,17263,41036,116320,45394,3.43878954607978e-05,8.811737233995682e-05,numbered_aligned,qac_v0.4_aligned,910,0.975569458518747
ابل,Abl,3,3,3,3,6:144:2:2,105:3:4:1,18834,78026,116320,45394,2.579092159559835e-05,6.608802925496761e-05,numbered_aligned,qac_v0.4_aligned,911,0.9756355465480019
اجج,Ajj,3,3,3,3,25:53:10:1,56:70:4:1,47185,69701,116320,45394,2.579092159559835e-05,6.608802925496761e-05,numbered_aligned,qac_v0.4_aligned,912,0.9757016345772569
اسس,Ass,3,3,2,1,9:108:6:1,9:109:12:1,25983,26012,116320,45394,2.579092159559835e-05,6.608802925496761e-05,numbered_aligned,qac_v0.4_aligned,913,0.9757677226065119
افف,Aff,3,3,3,3,17:23:19:1,46:17:4:1,36563,65487,116320,45394,2.579092159559835e-05,6.608802925496761e-05,numbered_aligned,qac_v0.4_aligned,914,0.9758338106357668
افل,Afl,3,3,3,1,6:76:11:1,6:78:11:1,17571,17604,116320,45394,2.579092159559835e-05,6.608802925496761e-05,numbered_aligned,qac_v0.4_aligned,915,0.9758998986650218
الو,Alw,3,3,3,3,2:226:2:1,24:22:2:1,4362,45558,116320,45394,2.579092159559835e-05,6.608802925496761e-05,numbered_aligned,qac_v0.4_aligned,916,0.9759659866942768
بذر,b*r,3,3,2,1,17:26:9:1,17:27:2:2,36602,36605,116320,45394,2.579092159559835e-05,6.608802925496761e-05,numbered_aligned,qac_v0.4_aligned,917,0.9760320747235317
برح,brH,3,3,3,3,12:80:25:1,20:91:3:1,31543,41205,116320,45394,2.579092159559835e-05,6.608802925496761e-05,numbered_aligned,qac_v0.4_aligned,918,0.9760981627527867
بهج,bhj,3,3,3,3,22:5:69:1,50:7:11:1,43025,67376,116320,45394,2.579092159559835e-05,6.608802925496761e-05,numbered_aligned,qac_v0.4_aligned,919,0.9761642507820417
بهم,bhm,3,3,3,2,5:1:8:1,22:34:12:1,13459,43473,116320,45394,2.579092159559835e-05,6.608802925496761e-05,numbered_aligned,qac_v0.4_aligned,920,0.9762303388112966
ثلل,vll,3,3,3,1,56:13:1:1,56:40:1:2,69476,69562,116320,45394,2.579092159559835e-05,6.608802925496761e-05,numbered_aligned,qac_v0.4_aligned,921,0.9762964268405516
جثو,jvw,3,3,3,2,19:68:8:1,45:28:4:1,40105,65069,116320,45394,2.579092159559835e-05,6.608802925496761e-05,numbered_aligned,qac_v0.4_aligned,922,0.9763625148698066
جدث,jdv,3,3,3,3,36:51:7:2,70:43:4:2,57549,74187,116320,45394,2.579092159559835e-05,6.608802925496761e-05,numbered_aligned,qac_v0.4_aligned,923,0.9764286028990615
جزا,jzA,3,3,3,3,2:260:30:1,43:15:5:1,5436,63634,116320,45394,2.579092159559835e-05,6.608802925496761e-05,numbered_aligned,qac_v0.4_aligned,924,0.9764946909283165
جيب,jyb,3,3,3,3,24:31:18:1,28:32:4:1,45722,50472,116320,45394,2.579092159559835e-05,6.608802925496761e-05,numbered_aligned,qac_v0.4_aligned,925,0.9765607789575715
حدق,Hdq,3,3,3,3,27:60:12:1,80:30:1:2,49521,76245,116320,45394,2.579092159559835e-05,6.608802925496761e-05,numbered_aligned,qac_v0.4_aligned,926,0.9766268669868264
حرض,HrD,3,3,3,3,4:84:9:2,12:85:8:1,11536,31623,116320,45394,2.579092159559835e-05,6.608802925496761e-05,numbered_aligned,qac_v0.4_aligned,927,0.9766929550160814
حضض,HDD,3,3,3,3,69:34:2:1,107:3:2:1,73898,78068,116320,45394,2.579092159559835e-05,6.608802925496761e-05,numbered_aligned,qac_v0.4_aligned,928,0.9767590430453363
حلق,Hlq,3,3,3,3,2:196:12:1,56:83:4:2,3660,69757,116320,45394,2.579092159559835e-05,6.608802925496761e-05,numbered_aligned,qac_v0.4_aligned,929,0.9768251310745913
حوج,Hwj,3,3,3,3,12:68:16:1,59:9:15:1,31341,71064,116320,45394,2.579092159559835e-05,6.608802925496761e-05,numbered_aligned,qac_v0.4_aligned,930,0.9768912191038464
خبت,xbt,3,3,3,2,11:23:6:2,22:54:11:2,28675,43783,116320,45394,2.579092159559835e-05,6.608802925496761e-05,numbered_aligned,qac_v0.4_aligned,931,0.9769573071331012
خذل,x*l,3,3,3,3,3:160:8:1,25:29:11:1,8942,46928,116320,45394,2.579092159559835e-05,6.608802925496761e-05,numbered_aligned,qac_v0.4_aligned,932,0.9770233951623563
خفت,xft,3,3,3,3,17:110:17:1,68:23:3:1,37773,73519,116320,45394,2.579092159559835e-05,6.608802925496761e-05,numbered_aligned,qac_v0.4_aligned,933,0.9770894831916113
خيط,xyT,3,3,2,2,2:187:36:2,7:40:20:2,3480,19967,116320,45394,2.579092159559835e-05,6.608802925496761e-05,numbered_aligned,qac_v0.4_aligned,934,0.9771555712208662
درر,drr,3,3,3,3,6:6:19:1,71:11:4:1,16373,74296,116320,45394,2.579092159559835e-05,6.608802925496761e-05,numbered_aligned,qac_v0.4_aligned,935,0.9772216592501212
دعع,dEE,3,3,2,2,52:13:2:1,107:2:3:1,68092,78065,116320,45394,2.579092159559835e-05,6.608802925496761e-05,numbered_aligned,qac_v0.4_aligned,936,0.9772877472793762
ذاب,*Ab,3,3,3,1,12:13:10:2,12:17:11:2,30407,30452,116320,45394,2.579092159559835e-05,6.608802925496761e-05,numbered_aligned,qac_v0.4_aligned,937,0.9773538353086311
ذرو,*rw,3,3,2,2,18:45:16:1,51:1:2:1,38515,67693,116320,45394,2.579092159559835e-05,6.608802925496761e-05,numbered_aligned,qac_v0.4_aligned,938,0.9774199233378861
ذقن,*qn,3,3,3,2,17:107:17:3,36:8:8:2,37742,57136,116320,45394,2.579092159559835e-05,6.608802925496761e-05,numbered_aligned,qac_v0.4_aligned,939,0.9774860113671411
ردف,rdf,3,3,3,3,8:9:11:1,79:7:2:2,22812,75983,116320,45394,2.579092159559835e-05,6.608802925496761e-05,numbered_aligned,qac_v0.4_aligned,940,0.977552099396396
رقم,rqm,3,3,3,2,18:9:6:3,83:20:2:1,37888,76576,116320,45394,2.579092159559835e-05,6.608802925496761e-05,numbered_aligned,qac_v0.4_aligned,941,0.977618187425651
ركض,rkD,3,3,3,2,21:12:7:1,38:42:1:1,41843,59121,116320,45394,2.579092159559835e-05,6.608802925496761e-05,numbered_aligned,qac_v0.4_aligned,942,0.9776842754549059
ركم,rkm,3,3,3,3,8:37:11:2,52:44:9:1,23242,68326,116320,45394,2.579092159559835e-05,6.608802925496761e-05,numbered_aligned,qac_v0.4_aligned,943,0.9777503634841609
رمن,rmn,3,3,3,2,6:99:29:3,55:68:4:2,18020,69388,116320,45394,2.579092159559835e-05,6.608802925496761e-05,numbered_aligned,qac_v0.4_aligned,944,0.9778164515134159
رهن,rhn,3,3,3,3,2:283:8:2,74:38:5:1,6046,75108,116320,45394,2.579092159559835e-05,6.608802925496761e-05,numbered_aligned,qac_v0.4_aligned,945,0.9778825395426708
روغ,rwg,3,3,3,2,37:91:1:2,51:26:1:2,58278,67805,116320,45394,2.579092159559835e-05,6.608802925496761e-05,numbered_aligned,qac_v0.4_aligned,946,0.9779486275719258
زبد,zbd,3,3,1,1,13:17:10:1,13:17:29:2,32382,32401,116320,45394,2.579092159559835e-05,6.608802925496761e-05,numbered_aligned,qac_v0.4_aligned,947,0.9780147156011808
زفر,zfr,3,3,3,3,11:106:8:1,25:12:9:2,30001,46725,116320,45394,2.579092159559835e-05,6.608802925496761e-05,numbered_aligned,qac_v0.4_aligned,948,0.9780808036304357
زقم,zqm,3,3,3,3,37:62:6:2,56:52:5:1,58151,69619,116320,45394,2.579092159559835e-05,6.608802925496761e-05,numbered_aligned,qac_v0.4_aligned,949,0.9781468916596907
ستر,str,3,3,3,3,17:45:12:1,41:22:3:1,36847,62123,116320,45394,2.579092159559835e-05,6.608802925496761e-05,numbered_aligned,qac_v0.4_aligned,950,0.9782129796889457
سجر,sjr,3,3,3,3,40:72:6:1,81:6:3:1,61665,76306,116320,45394,2.579092159559835e-05,6.608802925496761e-05,numbered_aligned,qac_v0.4_aligned,951,0.9782790677182006
سربل,srbl,3,3,2,2,14:50:1:1,16:81:17:2,33700,35548,116320,45394,2.579092159559835e-05,6.608802925496761e-05,numbered_aligned,qac_v0.4_aligned,952,0.9783451557474556
سلخ,slx,3,3,3,3,7:175:7:2,36:37:4:1,22233,57410,116320,45394,2.579092159559835e-05,6.608802925496761e-05,numbered_aligned,qac_v0.4_aligned,953,0.9784112437767106
سلل,sll,3,3,3,3,23:12:5:1,32:8:5:1,44245,53837,116320,45394,2.579092159559835e-05,6.608802925496761e-05,numbered_aligned,qac_v0.4_aligned,954,0.9784773318059655
سوغ,swg,3,3,3,3,14:17:4:1,35:12:7:1,33192,56543,116320,45394,2.579092159559835e-05,6.608802925496761e-05,numbered_aligned,qac_v0.4_aligned,955,0.9785434198352205
سيح,syH,3,3,3,2,9:2:1:2,66:5:15:1,23949,72911,116320,45394,2.579092159559835e-05,6.608802925496761e-05,numbered_aligned,qac_v0.4_aligned,956,0.9786095078644755
شحن,$Hn,3,3,3,3,26:119:6:2,37:140:5:2,48180,58517,116320,45394,2.579092159559835e-05,6.608802925496761e-05,numbered_aligned,qac_v0.4_aligned,957,0.9786755958937304
شطط,$TT,3,3,3,3,18:14:19:1,72:4:7:1,37954,74474,116320,45394,2.579092159559835e-05,6.608802925496761e-05,numbered_aligned,qac_v0.4_aligned,958,0.9787416839229854
شيب,$yb,3,3,3,3,19:4:9:1,73:17:8:1,39410,74833,116320,45394,2.579092159559835e-05,6.608802925496761e-05,numbered_aligned,qac_v0.4_aligned,959,0.9788077719522403
صبغ,Sbg,3,3,2,2,2:138:1:1,23:20:8:2,2469,44328,116320,45394,2.579092159559835e-05,6.608802925496761e-05,numbered_aligned,qac_v0.4_aligned,960,0.9788738599814953
صبو,Sbw,3,3,3,2,12:33:13:1,19:29:10:1,30743,39682,116320,45394,2.579092159559835e-05,6.608802925496761e-05,numbered_aligned,qac_v0.4_aligned,961,0.9789399480107503
صرصر,SrSr,3,3,3,3,41:16:4:1,69:6:5:1,62048,73740,116320,45394,2.579092159559835e-05,6.608802925496761e-05,numbered_aligned,qac_v0.4_aligned,962,0.9790060360400052
صرم,Srm,3,3,3,1,68:17:9:2,68:22:7:1,73495,73516,116320,45394,2.579092159559835e-05,6.608802925496761e-05,numbered_aligned,qac_v0.4_aligned,963,0.9790721240692603
ضجع,DjE,3,3,3,3,3:154:62:1,32:16:4:2,8812,53944,116320,45394,2.579092159559835e-05,6.608802925496761e-05,numbered_aligned,qac_v0.4_aligned,964,0.9791382120985153
ضغث,Dgv,3,3,3,3,12:44:2:1,38:44:3:1,30954,59139,116320,45394,2.579092159559835e-05,6.608802925496761e-05,numbered_aligned,qac_v0.4_aligned,965,0.9792043001277702
طفق,Tfq,3,3,3,3,7:22:9:2,38:33:3:2,19589,59053,116320,45394,2.579092159559835e-05,6.608802925496761e-05,numbered_aligned,qac_v0.4_aligned,966,0.9792703881570252
طوي,Twy,3,3,3,3,20:12:9:1,79:16:6:1,40448,76019,116320,45394,2.579092159559835e-05,6.608802925496761e-05,numbered_aligned,qac_v0.4_aligned,967,0.9793364761862802
عبس,Ebs,3,3,3,3,74:22:2:1,80:1:1:1,74996,76152,116320,45394,2.579092159559835e-05,6.608802925496761e-05,numbered_aligned,qac_v0.4_aligned,968,0.9794025642155351
عري,Ery,3,3,3,3,20:118:7:1,68:49:8:3,41500,73692,116320,45394,2.579092159559835e-05,6.608802925496761e-05,numbered_aligned,qac_v0.4_aligned,969,0.9794686522447901
عزر,Ezr,3,3,3,3,5:12:23:2,48:9:4:2,13834,66493,116320,45394,2.579092159559835e-05,6.608802925496761e-05,numbered_aligned,qac_v0.4_aligned,970,0.9795347402740451
عير,Eyr,3,3,3,1,12:70:13:2,12:94:3:2,31384,31751,116320,45394,2.579092159559835e-05,6.608802925496761e-05,numbered_aligned,qac_v0.4_aligned,971,0.9796008283033
فتر,ftr,3,3,3,3,5:19:9:1,43:75:2:1,14037,64227,116320,45394,2.579092159559835e-05,6.608802925496761e-05,numbered_aligned,qac_v0.4_aligned,972,0.979666916332555
فتل,ftl,3,3,3,2,4:49:14:1,17:71:15:1,10873,37249,116320,45394,2.579092159559835e-05,6.608802925496761e-05,numbered_aligned,qac_v0.4_aligned,973,0.9797330043618099
فجج,fjj,3,3,3,3,21:31:10:1,71:20:4:1,42049,74348,116320,45394,2.579092159559835e-05,6.608802925496761e-05,numbered_aligned,qac_v0.4_aligned,974,0.9797990923910649
فرت,frt,3,3,3,3,25:53:7:1,77:27:7:1,47182,75689,116320,45394,2.579092159559835e-05,6.608802925496761e-05,numbered_aligned,qac_v0.4_aligned,975,0.9798651804203199
فزز,fzz,3,3,3,1,17:64:1:2,17:103:3:1,37121,37687,116320,45394,2.579092159559835e-05,6.608802925496761e-05,numbered_aligned,qac_v0.4_aligned,976,0.9799312684495748
فسح,fsH,3,3,1,1,58:11:7:1,58:11:11:1,70650,70654,116320,45394,2.579092159559835e-05,6.608802925496761e-05,numbered_aligned,qac_v0.4_aligned,977,0.9799973564788298
فقد,fqd,3,3,3,2,12:71:5:1,27:20:1:2,31391,49025,116320,45394,2.579092159559835e-05,6.608802925496761e-05,numbered_aligned,qac_v0.4_aligned,978,0.9800634445080848
قبس,qbs,3,3,3,3,20:10:13:2,57:13:8:1,40429,70031,116320,45394,2.579092159559835e-05,6.608802925496761e-05,numbered_aligned,qac_v0.4_aligned,979,0.9801295325373397
قرح,qrH,3,3,2,1,3:140:3:1,3:172:9:2,8494,9149,116320,45394,2.579092159559835e-05,6.608802925496761e-05,numbered_aligned,qac_v0.4_aligned,980,0.9801956205665947
قرد,qrd,3,3,3,3,2:65:11:1,7:166:10:1,1038,22077,116320,45394,2.579092159559835e-05,6.608802925496761e-05,numbered_aligned,qac_v0.4_aligned,981,0.9802617085958497
كبت,kbt,3,3,2,2,3:127:7:1,58:5:8:1,8348,70495,116320,45394,2.579092159559835e-05,6.608802925496761e-05,numbered_aligned,qac_v0.4_aligned,982,0.9803277966251046
كور,kwr,3,3,2,2,39:5:5:1,81:1:3:1,59513,76291,116320,45394,2.579092159559835e-05,6.608802925496761e-05,numbered_aligned,qac_v0.4_aligned,983,0.9803938846543596
لجج,ljj,3,3,3,3,23:75:8:2,67:21:9:1,44857,73309,116320,45394,2.579092159559835e-05,6.608802925496761e-05,numbered_aligned,qac_v0.4_aligned,984,0.9804599726836146
لذذ,l**,3,3,3,3,37:46:2:1,47:15:21:1,58069,66057,116320,45394,2.579092159559835e-05,6.608802925496761e-05,numbered_aligned,qac_v0.4_aligned,985,0.9805260607128695
لفت,lft,3,3,3,3,10:78:3:2,15:65:9:1,27809,34191,116320,45394,2.579092159559835e-05,6.608802925496761e-05,numbered_aligned,qac_v0.4_aligned,986,0.9805921487421245
لفف,lff,3,3,3,3,17:104:14:1,78:16:2:1,37707,75839,116320,45394,2.579092159559835e-05,6.608802925496761e-05,numbered_aligned,qac_v0.4_aligned,987,0.9806582367713795
لفو,lfw,3,3,3,3,2:170:12:1,37:69:2:1,3070,58185,116320,45394,2.579092159559835e-05,6.608802925496761e-05,numbered_aligned,qac_v0.4_aligned,988,0.9807243248006344
لقف,lqf,3,3,3,3,7:117:9:1,26:45:6:1,21166,47775,116320,45394,2.579092159559835e-05,6.608802925496761e-05,numbered_aligned,qac_v0.4_aligned,989,0.9807904128298894
لهب,lhb,3,3,3,2,77:31:6:2,111:3:4:1,75710,78170,116320,45394,2.579092159559835e-05,6.608802925496761e-05,numbered_aligned,qac_v0.4_aligned,990,0.9808565008591443
متن,mtn,3,3,3,3,7:183:5:1,68:45:5:1,22352,73661,116320,45394,2.579092159559835e-05,6.608802925496761e-05,numbered_aligned,qac_v0.4_aligned,991,0.9809225888883993
مرح,mrH,3,3,3,3,17:37:5:1,40:75:11:1,36741,61700,116320,45394,2.579092159559835e-05,6.608802925496761e-05,numbered_aligned,qac_v0.4_aligned,992,0.9809886769176543
مزج,mzj,3,3,3,2,76:5:7:1,83:27:1:2,75399,76601,116320,45394,2.579092159559835e-05,6.608802925496761e-05,numbered_aligned,qac_v0.4_aligned,993,0.9810547649469092
مضغ,mDg,3,3,2,2,22:5:21:1,23:14:9:2,42977,44262,116320,45394,2.579092159559835e-05,6.608802925496761e-05,numbered_aligned,qac_v0.4_aligned,994,0.9811208529761642
مور,mwr,3,3,2,2,52:9:2:1,67:16:11:1,68077,73250,116320,45394,2.579092159559835e-05,6.608802925496761e-05,numbered_aligned,qac_v0.4_aligned,995,0.9811869410054193
نثر,nvr,3,3,3,3,25:23:9:1,82:2:3:1,46875,76402,116320,45394,2.579092159559835e-05,6.608802925496761e-05,numbered_aligned,qac_v0.4_aligned,996,0.9812530290346742
نحس,nHs,3,3,3,3,41:16:7:1,55:35:6:2,62051,69239,116320,45394,2.579092159559835e-05,6.608802925496761e-05,numbered_aligned,qac_v0.4_aligned,997,0.9813191170639292
نسب,nsb,3,3,3,3,23:101:6:1,37:158:5:1,45083,58599,116320,45394,2.579092159559835e-05,6.608802925496761e-05,numbered_aligned,qac_v0.4_aligned,998,0.9813852050931842
نصي,nSy,3,3,3,2,11:56:13:2,96:16:1:1,29235,77652,116320,45394,2.579092159559835e-05,6.608802925496761e-05,numbered_aligned,qac_v0.4_aligned,999,0.9814512931224391
نضد,nDd,3,3,3,3,11:82:12:1,56:29:2:1,29650,69537,116320,45394,2.579092159559835e-05,6.608802925496761e-05,numbered_aligned,qac_v0.4_aligned,1000,0.9815173811516941
نضر,nDr,3,3,3,3,75:22:3:1,83:24:4:1,75279,76589,116320,45394,2.579092159559835e-05,6.608802925496761e-05,numbered_aligned,qac_v0.4_aligned,1001,0.9815834691809491
نفذ,nf*,3,3,1,1,55:33:7:1,55:33:14:1,69220,69227,116320,45394,2.579092159559835e-05,6.608802925496761e-05,numbered_aligned,qac_v0.4_aligned,1002,0.981649557210204
نقب,nqb,3,3,3,3,5:12:11:1,50:36:10:2,13822,67597,116320,45394,2.579092159559835e-05,6.608802925496761e-05,numbered_aligned,qac_v0.4_aligned,1003,0.981715645239459
نكف,nkf,3,3,2,1,4:172:2:1,4:173:13:1,13327,13356,116320,45394,2.579092159559835e-05,6.608802925496761e-05,numbered_aligned,qac_v0.4_aligned,1004,0.9817817332687139
هزم,hzm,3,3,3,3,2:251:1:2,54:45:1:2,5089,69017,116320,45394,2.579092159559835e-05,6.608802925496761e-05,numbered_aligned,qac_v0.4_aligned,1005,0.9818478212979689
هطع,hTE,3,3,3,3,14:43:1:1,70:36:5:1,33612,74142,116320,45394,2.579092159559835e-05,6.608802925496761e-05,numbered_aligned,qac_v0.4_aligned,1006,0.9819139093272239
همز,hmz,3,3,3,3,23:97:6:1,104:1:3:1,45047,77976,116320,45394,2.579092159559835e-05,6.608802925496761e-05,numbered_aligned,qac_v0.4_aligned,1007,0.9819799973564788
وتد,wtd,3,3,3,3,38:12:8:2,89:10:3:2,58810,77153,116320,45394,2.579092159559835e-05,6.608802925496761e-05,numbered_aligned,qac_v0.4_aligned,1008,0.9820460853857338
وثن,wvn,3,3,3,2,22:30:21:2,29:25:7:1,43417,51723,116320,45394,2.579092159559835e-05,6.608802925496761e-05,numbered_aligned,qac_v0.4_aligned,1009,0.9821121734149888
وجس,wjs,3,3,3,3,11:70:8:2,51:28:1:2,29467,67816,116320,45394,2.579092159559835e-05,6.608802925496761e-05,numbered_aligned,qac_v0.4_aligned,1010,0.9821782614442437
وزع,wzE,3,3,3,2,27:17:9:1,41:19:8:1,48980,62090,116320,45394,2.579092159559835e-05,6.608802925496761e-05,numbered_aligned,qac_v0.4_aligned,1011,0.9822443494734987
وصد,wSd,3,3,3,3,18:18:13:3,104:8:3:1,38038,78003,116320,45394,2.579092159559835e-05,6.608802925496761e-05,numbered_aligned,qac_v0.4_aligned,1012,0.9823104375027537
وفق,wfq,3,3,3,2,4:35:15:1,78:26:2:1,10572,75878,116320,45394,2.579092159559835e-05,6.608802925496761e-05,numbered_aligned,qac_v0.4_aligned,1013,0.9823765255320086
اثث,Avv,2,2,2,2,16:80:22:1,19:74:8:1,35528,40164,116320,45394,1.71939477303989e-05,4.405868616997841e-05,numbered_aligned,qac_v0.4_aligned,1014,0.9824205842181786
ازز,Azz,2,2,1,1,19:83:8:1,19:83:9:1,40254,40255,116320,45394,1.71939477303989e-05,4.405868616997841e-05,numbered_aligned,qac_v0.4_aligned,1015,0.9824646429043485
اشر,A$r,2,2,2,1,54:25:9:1,54:26:5:2,68898,68903,116320,45394,1.71939477303989e-05,4.405868616997841e-05,numbered_aligned,qac_v0.4_aligned,1016,0.9825087015905186
اصر,ASr,2,2,2,2,2:286:24:1,7:157:26:1,6149,21866,116320,45394,1.71939477303989e-05,4.405868616997841e-05,numbered_aligned,qac_v0.4_aligned,1017,0.9825527602766886
افق,Afq,2,2,2,2,53:7:2:3,81:23:3:3,68396,76361,116320,45394,1.71939477303989e-05,4.405868616997841e-05,numbered_aligned,qac_v0.4_aligned,1018,0.9825968189628586
الل,All,2,2,2,1,9:8:8:1,9:10:5:1,24091,24117,116320,45394,1.71939477303989e-05,4.405868616997841e-05,numbered_aligned,qac_v0.4_aligned,1019,0.9826408776490285
امل,Aml,2,2,2,2,15:3:5:2,18:46:13:1,33750,38535,116320,45394,1.71939477303989e-05,4.405868616997841e-05,numbered_aligned,qac_v0.4_aligned,1020,0.9826849363351985
امو,Amw,2,2,2,2,2:221:6:3,24:32:7:2,4256,45789,116320,45394,1.71939477303989e-05,4.405868616997841e-05,numbered_aligned,qac_v0.4_aligned,1021,0.9827289950213685
انف,Anf,2,2,1,1,5:45:9:3,5:45:10:3,14607,14608,116320,45394,1.71939477303989e-05,4.405868616997841e-05,numbered_aligned,qac_v0.4_aligned,1022,0.9827730537075384
اوه,Awh,2,2,2,2,9:114:21:2,11:75:4:1,26136,29528,116320,45394,1.71939477303989e-05,4.405868616997841e-05,numbered_aligned,qac_v0.4_aligned,1023,0.9828171123937084
بتل,btl,2,2,1,1,73:8:4:2,73:8:6:1,74767,74769,116320,45394,1.71939477303989e-05,4.405868616997841e-05,numbered_aligned,qac_v0.4_aligned,1024,0.9828611710798784
بخع,bxE,2,2,2,2,18:6:2:1,26:3:2:1,37856,47469,116320,45394,1.71939477303989e-05,4.405868616997841e-05,numbered_aligned,qac_v0.4_aligned,1025,0.9829052297660483
بدن,bdn,2,2,2,2,10:92:3:2,22:36:1:3,28005,43497,116320,45394,1.71939477303989e-05,4.405868616997841e-05,numbered_aligned,qac_v0.4_aligned,1026,0.9829492884522184
برص,brS,2,2,2,2,3:49:26:3,5:110:41:3,7031,16056,116320,45394,1.71939477303989e-05,4.405868616997841e-05,numbered_aligned,qac_v0.4_aligned,1027,0.9829933471383884
برم,brm,2,2,1,1,43:79:2:1,43:79:5:1,64255,64258,116320,45394,1.71939477303989e-05,4.405868616997841e-05,numbered_aligned,qac_v0.4_aligned,1028,0.9830374058245583
بزغ,bzg,2,2,2,1,6:77:4:1,6:78:4:1,17579,17597,116320,45394,1.71939477303989e-05,4.405868616997841e-05,numbered_aligned,qac_v0.4_aligned,1029,0.9830814645107283
بسر,bsr,2,2,2,2,74:22:3:2,75:24:3:1,74997,75285,116320,45394,1.71939477303989e-05,4.405868616997841e-05,numbered_aligned,qac_v0.4_aligned,1030,0.9831255231968983
بسس,bss,2,2,1,1,56:5:1:2,56:5:3:1,69450,69452,116320,45394,1.71939477303989e-05,4.405868616997841e-05,numbered_aligned,qac_v0.4_aligned,1031,0.9831695818830682
بسل,bsl,2,2,1,1,6:70:13:1,6:70:34:1,17434,17455,116320,45394,1.71939477303989e-05,4.405868616997841e-05,numbered_aligned,qac_v0.4_aligned,1032,0.9832136405692382
بطر,bTr,2,2,2,2,8:47:7:1,28:58:5:1,23431,50882,116320,45394,1.71939477303989e-05,4.405868616997841e-05,numbered_aligned,qac_v0.4_aligned,1033,0.9832576992554082
بعثر,bEvr,2,2,2,2,82:4:3:1,100:9:4:1,76408,77867,116320,45394,1.71939477303989e-05,4.405868616997841e-05,numbered_aligned,qac_v0.4_aligned,1034,0.9833017579415781
بعر,bEr,2,2,2,1,12:65:22:1,12:72:9:1,31270,31400,116320,45394,1.71939477303989e-05,4.405868616997841e-05,numbered_aligned,qac_v0.4_aligned,1035,0.9833458166277481
بنن,bnn,2,2,2,2,8:12:23:1,75:4:6:1,22875,75209,116320,45394,1.71939477303989e-05,4.405868616997841e-05,numbered_aligned,qac_v0.4_aligned,1036,0.9833898753139182
تور,twr,2,2,2,2,17:69:6:1,20:55:7:1,37201,40784,116320,45394,1.71939477303989e-05,4.405868616997841e-05,numbered_aligned,qac_v0.4_aligned,1037,0.9834339340000882
ثخن,vxn,2,2,2,2,8:67:9:1,47:4:9:1,23771,65900,116320,45394,1.71939477303989e-05,4.405868616997841e-05,numbered_aligned,qac_v0.4_aligned,1038,0.9834779926862581
ثعب,vEb,2,2,2,2,7:107:5:1,26:32:5:1,21085,47685,116320,45394,1.71939477303989e-05,4.405868616997841e-05,numbered_aligned,qac_v0.4_aligned,1039,0.9835220513724281
ثقب,vqb,2,2,2,2,37:10:7:1,86:3:2:2,57882,76887,116320,45394,1.71939477303989e-05,4.405868616997841e-05,numbered_aligned,qac_v0.4_aligned,1040,0.9835661100585981
جبب,jbb,2,2,2,1,12:10:10:2,12:15:9:2,30371,30428,116320,45394,1.71939477303989e-05,4.405868616997841e-05,numbered_aligned,qac_v0.4_aligned,1041,0.983610168744768
جذذ,j**,2,2,2,2,11:108:18:1,21:58:2:1,30035,42335,116320,45394,1.71939477303989e-05,4.405868616997841e-05,numbered_aligned,qac_v0.4_aligned,1042,0.983654227430938
جذع,j*E,2,2,2,2,19:25:3:2,20:71:20:1,39626,40949,116320,45394,1.71939477303989e-05,4.405868616997841e-05,numbered_aligned,qac_v0.4_aligned,1043,0.983698286117108
جرد,jrd,2,2,2,2,7:133:4:3,54:7:7:1,21343,68779,116320,45394,1.71939477303989e-05,4.405868616997841e-05,numbered_aligned,qac_v0.4_aligned,1044,0.9837423448032779
جرز,jrz,2,2,2,2,18:8:6:1,32:27:8:2,37882,54088,116320,45394,1.71939477303989e-05,4.405868616997841e-05,numbered_aligned,qac_v0.4_aligned,1045,0.9837864034894479
جزع,jzE,2,2,2,2,14:21:28:2,70:20:4:1,33273,74065,116320,45394,1.71939477303989e-05,4.405868616997841e-05,numbered_aligned,qac_v0.4_aligned,1046,0.9838304621756179
جسم,jsm,2,2,2,2,2:247:35:3,63:4:4:1,4975,72140,116320,45394,1.71939477303989e-05,4.405868616997841e-05,numbered_aligned,qac_v0.4_aligned,1047,0.983874520861788
جلب,jlb,2,2,2,2,17:64:6:2,33:59:11:1,37126,55249,116320,45394,1.71939477303989e-05,4.405868616997841e-05,numbered_aligned,qac_v0.4_aligned,1048,0.9839185795479579
جلل,jll,2,2,2,1,55:27:5:2,55:78:5:2,69185,69432,116320,45394,1.71939477303989e-05,4.405868616997841e-05,numbered_aligned,qac_v0.4_aligned,1049,0.9839626382341279
جنف,jnf,2,2,2,2,2:182:5:1,5:3:56:1,3325,13583,116320,45394,1.71939477303989e-05,4.405868616997841e-05,numbered_aligned,qac_v0.4_aligned,1050,0.9840066969202979
جني,jny,2,2,2,2,19:25:8:1,55:54:7:2,39631,69330,116320,45394,1.71939477303989e-05,4.405868616997841e-05,numbered_aligned,qac_v0.4_aligned,1051,0.9840507556064678
حبس,Hbs,2,2,2,2,5:106:28:1,11:8:10:1,15928,28419,116320,45394,1.71939477303989e-05,4.405868616997841e-05,numbered_aligned,qac_v0.4_aligned,1052,0.9840948142926378
حجز,Hjz,2,2,2,2,27:61:14:1,69:47:6:1,49550,73961,116320,45394,1.71939477303989e-05,4.405868616997841e-05,numbered_aligned,qac_v0.4_aligned,1053,0.9841388729788078
حطب,HTb,2,2,2,2,72:15:5:1,111:4:3:2,74587,78173,116320,45394,1.71939477303989e-05,4.405868616997841e-05,numbered_aligned,qac_v0.4_aligned,1054,0.9841829316649777
حطط,HTT,2,2,2,2,2:58:15:1,7:161:12:1,864,21978,116320,45394,1.71939477303989e-05,4.405868616997841e-05,numbered_aligned,qac_v0.4_aligned,1055,0.9842269903511477
حظر,HZr,2,2,2,2,17:20:12:1,54:31:8:2,36524,68934,116320,45394,1.71939477303989e-05,4.405868616997841e-05,numbered_aligned,qac_v0.4_aligned,1056,0.9842710490373177
حفر,Hfr,2,2,2,2,3:103:23:1,79:10:5:2,7947,75993,116320,45394,1.71939477303989e-05,4.405868616997841e-05,numbered_aligned,qac_v0.4_aligned,1057,0.9843151077234877
حفف,Hff,2,2,2,2,18:32:10:2,39:75:3:1,38341,60606,116320,45394,1.71939477303989e-05,4.405868616997841e-05,numbered_aligned,qac_v0.4_aligned,1058,0.9843591664096577
حفو,Hfw,2,2,2,2,19:47:10:1,47:37:3:2,39874,66356,116320,45394,1.71939477303989e-05,4.405868616997841e-05,numbered_aligned,qac_v0.4_aligned,1059,0.9844032250958277
حقب,Hqb,2,2,2,2,18:60:13:1,78:23:3:1,38773,75867,116320,45394,1.71939477303989e-05,4.405868616997841e-05,numbered_aligned,qac_v0.4_aligned,1060,0.9844472837819976
حنث,Hnv,2,2,2,2,38:44:7:1,56:46:4:2,59143,69588,116320,45394,1.71939477303989e-05,4.405868616997841e-05,numbered_aligned,qac_v0.4_aligned,1061,0.9844913424681676
حنجر,Hnjr,2,2,2,2,33:10:13:2,40:18:7:2,54301,60860,116320,45394,1.71939477303989e-05,4.405868616997841e-05,numbered_aligned,qac_v0.4_aligned,1062,0.9845354011543376
حوذ,Hw*,2,2,2,2,4:141:20:1,58:19:1:1,12768,70792,116320,45394,1.71939477303989e-05,4.405868616997841e-05,numbered_aligned,qac_v0.4_aligned,1063,0.9845794598405075
حوش,Hw$,2,2,2,1,12:31:23:1,12:51:10:1,30702,31065,116320,45394,1.71939477303989e-05,4.405868616997841e-05,numbered_aligned,qac_v0.4_aligned,1064,0.9846235185266775
حوي,Hwy,2,2,2,2,6:146:19:2,87:5:3:1,18930,76960,116320,45394,1.71939477303989e-05,4.405868616997841e-05,numbered_aligned,qac_v0.4_aligned,1065,0.9846675772128475
خبل,xbl,2,2,2,2,3:118:11:1,9:47:7:1,8195,24860,116320,45394,1.71939477303989e-05,4.405868616997841e-05,numbered_aligned,qac_v0.4_aligned,1066,0.9847116358990174
خدد,xdd,2,2,2,2,31:18:3:1,85:4:3:2,53435,76776,116320,45394,1.71939477303989e-05,4.405868616997841e-05,numbered_aligned,qac_v0.4_aligned,1067,0.9847556945851875
خدن,xdn,2,2,2,2,4:25:34:1,5:5:32:1,10363,13651,116320,45394,1.71939477303989e-05,4.405868616997841e-05,numbered_aligned,qac_v0.4_aligned,1068,0.9847997532713575
خصف,xSf,2,2,2,2,7:22:10:1,20:121:7:1,19590,41527,116320,45394,1.71939477303989e-05,4.405868616997841e-05,numbered_aligned,qac_v0.4_aligned,1069,0.9848438119575275
خضع,xDE,2,2,2,2,26:4:11:1,33:32:10:1,47484,54673,116320,45394,1.71939477303989e-05,4.405868616997841e-05,numbered_aligned,qac_v0.4_aligned,1070,0.9848878706436974
خمد,xmd,2,2,2,2,21:15:8:1,36:29:8:1,41867,57336,116320,45394,1.71939477303989e-05,4.405868616997841e-05,numbered_aligned,qac_v0.4_aligned,1071,0.9849319293298674
خمص,xmS,2,2,2,2,5:3:54:1,9:120:27:1,13581,26266,116320,45394,1.71939477303989e-05,4.405868616997841e-05,numbered_aligned,qac_v0.4_aligned,1072,0.9849759880160374
خنس,xns,2,2,2,2,81:15:3:3,114:4:4:2,76334,78240,116320,45394,1.71939477303989e-05,4.405868616997841e-05,numbered_aligned,qac_v0.4_aligned,1073,0.9850200467022073
خور,xwr,2,2,2,2,7:148:11:1,20:88:6:1,21646,41167,116320,45394,1.71939477303989e-05,4.405868616997841e-05,numbered_aligned,qac_v0.4_aligned,1074,0.9850641053883773
دخن,dxn,2,2,2,2,41:11:6:1,44:10:5:2,61958,64413,116320,45394,1.71939477303989e-05,4.405868616997841e-05,numbered_aligned,qac_v0.4_aligned,1075,0.9851081640745473
دمع,dmE,2,2,2,2,5:83:11:2,9:92:18:2,15446,25684,116320,45394,1.71939477303989e-05,4.405868616997841e-05,numbered_aligned,qac_v0.4_aligned,1076,0.9851522227607172
دهر,dhr,2,2,2,2,45:24:12:2,76:1:7:2,65012,75365,116320,45394,1.71939477303989e-05,4.405868616997841e-05,numbered_aligned,qac_v0.4_aligned,1077,0.9851962814468872
دول,dwl,2,2,2,2,3:140:11:1,59:7:20:1,8502,71014,116320,45394,1.71939477303989e-05,4.405868616997841e-05,numbered_aligned,qac_v0.4_aligned,1078,0.9852403401330573
ذبب,*bb,2,2,1,1,22:73:15:1,22:73:21:2,44080,44086,116320,45394,1.71939477303989e-05,4.405868616997841e-05,numbered_aligned,qac_v0.4_aligned,1079,0.9852843988192272
رجج,rjj,2,2,1,1,56:4:2:1,56:4:4:1,69447,69449,116320,45394,1.71939477303989e-05,4.405868616997841e-05,numbered_aligned,qac_v0.4_aligned,1080,0.9853284575053972
رسخ,rsx,2,2,2,2,3:7:32:3,4:162:2:2,6271,13122,116320,45394,1.71939477303989e-05,4.405868616997841e-05,numbered_aligned,qac_v0.4_aligned,1081,0.9853725161915672
رسس,rss,2,2,2,2,25:38:4:2,50:12:6:2,47018,67410,116320,45394,1.71939477303989e-05,4.405868616997841e-05,numbered_aligned,qac_v0.4_aligned,1082,0.9854165748777372
رطب,rTb,2,2,2,2,6:59:25:1,19:25:7:1,17261,39630,116320,45394,1.71939477303989e-05,4.405868616997841e-05,numbered_aligned,qac_v0.4_aligned,1083,0.9854606335639071
رعد,rEd,2,2,2,2,2:19:7:2,13:13:2:2,226,32272,116320,45394,1.71939477303989e-05,4.405868616997841e-05,numbered_aligned,qac_v0.4_aligned,1084,0.9855046922500771
رغد,rgd,2,2,2,2,2:58:10:1,16:112:10:1,859,36006,116320,45394,1.71939477303989e-05,4.405868616997841e-05,numbered_aligned,qac_v0.4_aligned,1085,0.985548750936247
رفت,rft,2,2,2,1,17:49:5:2,17:98:10:2,36899,37608,116320,45394,1.71939477303989e-05,4.405868616997841e-05,numbered_aligned,qac_v0.4_aligned,1086,0.985592809622417
رفد,rfd,2,2,1,1,11:99:8:2,11:99:9:2,29916,29917,116320,45394,1.71939477303989e-05,4.405868616997841e-05,numbered_aligned,qac_v0.4_aligned,1087,0.985636868308587
رقد,rqd,2,2,2,2,18:18:4:1,36:52:6:1,38029,57559,116320,45394,1.71939477303989e-05,4.405868616997841e-05,numbered_aligned,qac_v0.4_aligned,1088,0.9856809269947571
ركس,rks,2,2,2,1,4:88:7:1,4:91:13:1,11610,11702,116320,45394,1.71939477303989e-05,4.405868616997841e-05,numbered_aligned,qac_v0.4_aligned,1089,0.985724985680927
رمم,rmm,2,2,2,2,36:78:11:1,51:42:9:3,57778,67918,116320,45394,1.71939477303989e-05,4.405868616997841e-05,numbered_aligned,qac_v0.4_aligned,1090,0.985769044367097
رهط,rhT,2,2,2,2,11:91:13:1,27:48:5:1,29814,49399,116320,45394,1.71939477303989e-05,4.405868616997841e-05,numbered_aligned,qac_v0.4_aligned,1091,0.985813103053267
روض,rwD,2,2,2,2,30:15:8:1,42:22:14:1,52527,63029,116320,45394,1.71939477303989e-05,4.405868616997841e-05,numbered_aligned,qac_v0.4_aligned,1092,0.9858571617394369
زجج,zjj,2,2,1,1,24:35:12:1,24:35:13:2,45872,45873,116320,45394,1.71939477303989e-05,4.405868616997841e-05,numbered_aligned,qac_v0.4_aligned,1093,0.9859012204256069
زحزح,zHzH,2,2,2,2,2:96:17:2,3:185:11:1,1648,9397,116320,45394,1.71939477303989e-05,4.405868616997841e-05,numbered_aligned,qac_v0.4_aligned,1094,0.9859452791117769
زلق,zlq,2,2,2,2,18:40:15:1,68:51:5:2,38451,73704,116320,45394,1.71939477303989e-05,4.405868616997841e-05,numbered_aligned,qac_v0.4_aligned,1095,0.9859893377979468
زلم,zlm,2,2,2,1,5:3:28:3,5:90:8:3,13555,15577,116320,45394,1.71939477303989e-05,4.405868616997841e-05,numbered_aligned,qac_v0.4_aligned,1096,0.9860333964841168
زمر,zmr,2,2,2,1,39:71:6:1,39:73:7:1,60530,60574,116320,45394,1.71939477303989e-05,4.405868616997841e-05,numbered_aligned,qac_v0.4_aligned,1097,0.9860774551702868
سبغ,sbg,2,2,2,2,31:20:13:2,34:11:3:1,53472,55612,116320,45394,1.71939477303989e-05,4.405868616997841e-05,numbered_aligned,qac_v0.4_aligned,1098,0.9861215138564569
سحق,sHq,2,2,2,2,22:31:21:1,67:11:3:2,43441,73198,116320,45394,1.71939477303989e-05,4.405868616997841e-05,numbered_aligned,qac_v0.4_aligned,1099,0.9861655725426268
سرمد,srmd,2,2,2,1,28:71:8:1,28:72:8:1,51053,51072,116320,45394,1.71939477303989e-05,4.405868616997841e-05,numbered_aligned,qac_v0.4_aligned,1100,0.9862096312287968
سعد,sEd,2,2,2,1,11:105:10:2,11:108:3:1,29993,30020,116320,45394,1.71939477303989e-05,4.405868616997841e-05,numbered_aligned,qac_v0.4_aligned,1101,0.9862536899149668
سفك,sfk,2,2,2,1,2:30:16:2,2:84:5:1,472,1374,116320,45394,1.71939477303989e-05,4.405868616997841e-05,numbered_aligned,qac_v0.4_aligned,1102,0.9862977486011367
سقم,sqm,2,2,2,1,37:89:3:1,37:145:4:1,58274,58540,116320,45394,1.71939477303989e-05,4.405868616997841e-05,numbered_aligned,qac_v0.4_aligned,1103,0.9863418072873067
سلسل,slsl,2,2,2,2,40:71:5:3,69:32:3:1,61658,73886,116320,45394,1.71939477303989e-05,4.405868616997841e-05,numbered_aligned,qac_v0.4_aligned,1104,0.9863858659734767
سلو,slw,2,2,2,2,2:57:7:3,7:160:32:3,838,21955,116320,45394,1.71939477303989e-05,4.405868616997841e-05,numbered_aligned,qac_v0.4_aligned,1105,0.9864299246596466
سهو,shw,2,2,2,2,51:11:5:1,107:5:5:1,67723,78078,116320,45394,1.71939477303989e-05,4.405868616997841e-05,numbered_aligned,qac_v0.4_aligned,1106,0.9864739833458166
شخص,$xS,2,2,2,2,14:42:11:1,21:97:6:1,33609,42737,116320,45394,1.71939477303989e-05,4.405868616997841e-05,numbered_aligned,qac_v0.4_aligned,1107,0.9865180420319866
شعب,$Eb,2,2,2,2,49:13:9:1,77:30:6:1,67209,75704,116320,45394,1.71939477303989e-05,4.405868616997841e-05,numbered_aligned,qac_v0.4_aligned,1108,0.9865621007181565
شغل,$gl,2,2,2,2,36:55:6:1,48:11:6:1,57592,66528,116320,45394,1.71939477303989e-05,4.405868616997841e-05,numbered_aligned,qac_v0.4_aligned,1109,0.9866061594043266
شفو,$fw,2,2,2,2,3:103:22:1,9:109:15:1,7946,26015,116320,45394,1.71939477303989e-05,4.405868616997841e-05,numbered_aligned,qac_v0.4_aligned,1110,0.9866502180904966
شكل,$kl,2,2,2,2,17:84:5:1,38:58:3:1,37397,59226,116320,45394,1.71939477303989e-05,4.405868616997841e-05,numbered_aligned,qac_v0.4_aligned,1111,0.9866942767766665
شهق,$hq,2,2,2,2,11:106:9:2,67:7:6:1,30002,73151,116320,45394,1.71939477303989e-05,4.405868616997841e-05,numbered_aligned,qac_v0.4_aligned,1112,0.9867383354628365
شيد,$yd,2,2,2,2,4:78:9:1,22:45:14:1,11403,43656,116320,45394,1.71939477303989e-05,4.405868616997841e-05,numbered_aligned,qac_v0.4_aligned,1113,0.9867823941490065
صبع,SbE,2,2,2,2,2:19:10:1,71:7:7:1,229,74268,116320,45394,1.71939477303989e-05,4.405868616997841e-05,numbered_aligned,qac_v0.4_aligned,1114,0.9868264528351764
صخر,Sxr,2,2,2,2,18:63:6:2,89:9:4:2,38802,77149,116320,45394,1.71939477303989e-05,4.405868616997841e-05,numbered_aligned,qac_v0.4_aligned,1115,0.9868705115213464
صدي,Sdy,2,2,2,2,8:35:8:2,80:6:3:1,23205,76170,116320,45394,1.71939477303989e-05,4.405868616997841e-05,numbered_aligned,qac_v0.4_aligned,1116,0.9869145702075164
صغو,Sgw,2,2,2,2,6:113:1:3,66:4:6:1,18247,72881,116320,45394,1.71939477303989e-05,4.405868616997841e-05,numbered_aligned,qac_v0.4_aligned,1117,0.9869586288936864
صفد,Sfd,2,2,2,2,14:49:6:2,38:38:4:2,33699,59096,116320,45394,1.71939477303989e-05,4.405868616997841e-05,numbered_aligned,qac_v0.4_aligned,1118,0.9870026875798563
صنو,Snw,2,2,1,1,13:4:10:1,13:4:12:1,32115,32117,116320,45394,1.71939477303989e-05,4.405868616997841e-05,numbered_aligned,qac_v0.4_aligned,1119,0.9870467462660264
صهر,Shr,2,2,2,2,22:20:1:1,25:54:9:2,43261,47199,116320,45394,1.71939477303989e-05,4.405868616997841e-05,numbered_aligned,qac_v0.4_aligned,1120,0.9870908049521964
ضغن,Dgn,2,2,2,1,47:29:11:1,47:37:6:1,66261,66359,116320,45394,1.71939477303989e-05,4.405868616997841e-05,numbered_aligned,qac_v0.4_aligned,1121,0.9871348636383663
ضمم,Dmm,2,2,2,2,20:22:1:2,28:32:10:2,40519,50478,116320,45394,1.71939477303989e-05,4.405868616997841e-05,numbered_aligned,qac_v0.4_aligned,1122,0.9871789223245363
طرو,Trw,2,2,2,2,16:14:8:1,35:12:16:1,34548,56552,116320,45394,1.71939477303989e-05,4.405868616997841e-05,numbered_aligned,qac_v0.4_aligned,1123,0.9872229810107063
طعن,TEn,2,2,2,2,4:46:17:2,9:12:7:2,10789,24142,116320,45394,1.71939477303989e-05,4.405868616997841e-05,numbered_aligned,qac_v0.4_aligned,1124,0.9872670396968762
طمث,Tmv,2,2,2,1,55:56:5:1,55:74:2:1,69341,69409,116320,45394,1.71939477303989e-05,4.405868616997841e-05,numbered_aligned,qac_v0.4_aligned,1125,0.9873110983830462
ظفر,Zfr,2,2,2,2,6:146:7:1,48:24:13:1,18918,66783,116320,45394,1.71939477303989e-05,4.405868616997841e-05,numbered_aligned,qac_v0.4_aligned,1126,0.9873551570692162
عبث,Ebv,2,2,2,2,23:115:4:1,26:128:5:1,45195,48230,116320,45394,1.71939477303989e-05,4.405868616997841e-05,numbered_aligned,qac_v0.4_aligned,1127,0.9873992157553861
عتق,Etq,2,2,2,1,22:29:8:2,22:33:11:2,43396,43461,116320,45394,1.71939477303989e-05,4.405868616997841e-05,numbered_aligned,qac_v0.4_aligned,1128,0.9874432744415561
عتل,Etl,2,2,2,2,44:47:2:2,68:13:1:1,64634,73468,116320,45394,1.71939477303989e-05,4.405868616997841e-05,numbered_aligned,qac_v0.4_aligned,1129,0.9874873331277262
عثر,Evr,2,2,2,2,5:107:2:1,18:21:2:1,15953,38100,116320,45394,1.71939477303989e-05,4.405868616997841e-05,numbered_aligned,qac_v0.4_aligned,1130,0.9875313918138962
عجف,Ejf,2,2,2,1,12:43:10:1,12:46:11:1,30937,30982,116320,45394,1.71939477303989e-05,4.405868616997841e-05,numbered_aligned,qac_v0.4_aligned,1131,0.9875754505000661
عجم,Ejm,2,2,2,2,26:198:5:2,41:44:4:1,48625,62449,116320,45394,1.71939477303989e-05,4.405868616997841e-05,numbered_aligned,qac_v0.4_aligned,1132,0.9876195091862361
عرر,Err,2,2,2,2,22:36:22:3,48:25:24:1,43518,66813,116320,45394,1.71939477303989e-05,4.405868616997841e-05,numbered_aligned,qac_v0.4_aligned,1133,0.9876635678724061
عرو,Erw,2,2,2,2,2:256:17:3,31:22:10:3,5265,53520,116320,45394,1.71939477303989e-05,4.405868616997841e-05,numbered_aligned,qac_v0.4_aligned,1134,0.987707626558576
عزب,Ezb,2,2,2,2,10:61:22:1,34:3:14:1,27536,55480,116320,45394,1.71939477303989e-05,4.405868616997841e-05,numbered_aligned,qac_v0.4_aligned,1135,0.987751685244746
عضد,EDd,2,2,2,2,18:51:13:1,28:35:3:1,38629,50519,116320,45394,1.71939477303989e-05,4.405868616997841e-05,numbered_aligned,qac_v0.4_aligned,1136,0.987795743930916
عضل,EDl,2,2,2,2,2:232:7:1,4:19:12:1,4548,10166,116320,45394,1.71939477303989e-05,4.405868616997841e-05,numbered_aligned,qac_v0.4_aligned,1137,0.9878398026170859
عطل,ETl,2,2,2,2,22:45:12:1,81:4:3:1,43654,76300,116320,45394,1.71939477303989e-05,4.405868616997841e-05,numbered_aligned,qac_v0.4_aligned,1138,0.9878838613032559
عنكب,Enkb,2,2,1,1,29:41:9:2,29:41:16:2,51979,51986,116320,45394,1.71939477303989e-05,4.405868616997841e-05,numbered_aligned,qac_v0.4_aligned,1139,0.9879279199894259
عهن,Ehn,2,2,2,2,70:9:3:3,101:5:3:3,74022,77898,116320,45394,1.71939477303989e-05,4.405868616997841e-05,numbered_aligned,qac_v0.4_aligned,1140,0.9879719786755959
عيل,Eyl,2,2,2,2,9:28:16:1,93:8:2:1,24441,77505,116320,45394,1.71939477303989e-05,4.405868616997841e-05,numbered_aligned,qac_v0.4_aligned,1141,0.9880160373617659
غثو,gvw,2,2,2,2,23:41:5:1,87:5:2:1,44570,76959,116320,45394,1.71939477303989e-05,4.405868616997841e-05,numbered_aligned,qac_v0.4_aligned,1142,0.9880600960479359
غدر,gdr,2,2,2,1,18:47:9:1,18:49:14:1,38544,38577,116320,45394,1.71939477303989e-05,4.405868616997841e-05,numbered_aligned,qac_v0.4_aligned,1143,0.9881041547341058
غرو,grw,2,2,2,2,5:14:13:2,33:60:12:2,13901,55271,116320,45394,1.71939477303989e-05,4.405868616997841e-05,numbered_aligned,qac_v0.4_aligned,1144,0.9881482134202758
غطو,gTw,2,2,2,2,18:101:5:1,50:22:9:1,39269,67494,116320,45394,1.71939477303989e-05,4.405868616997841e-05,numbered_aligned,qac_v0.4_aligned,1145,0.9881922721064458
غلف,glf,2,2,2,2,2:88:3:1,4:155:13:1,1477,13021,116320,45394,1.71939477303989e-05,4.405868616997841e-05,numbered_aligned,qac_v0.4_aligned,1146,0.9882363307926157
غلو,glw,2,2,2,2,4:171:4:1,5:77:5:1,13276,15330,116320,45394,1.71939477303989e-05,4.405868616997841e-05,numbered_aligned,qac_v0.4_aligned,1147,0.9882803894787857
غوص,gwS,2,2,2,2,21:82:4:1,38:37:4:2,42569,59092,116320,45394,1.71939477303989e-05,4.405868616997841e-05,numbered_aligned,qac_v0.4_aligned,1148,0.9883244481649557
غوط,gwT,2,2,2,2,4:43:31:2,5:6:33:2,10732,13696,116320,45394,1.71939477303989e-05,4.405868616997841e-05,numbered_aligned,qac_v0.4_aligned,1149,0.9883685068511256
غيض,gyD,2,2,2,2,11:44:7:2,13:8:8:1,29027,32200,116320,45394,1.71939477303989e-05,4.405868616997841e-05,numbered_aligned,qac_v0.4_aligned,1150,0.9884125655372957
فكك,fkk,2,2,2,2,90:13:1:1,98:1:9:1,77306,77710,116320,45394,1.71939477303989e-05,4.405868616997841e-05,numbered_aligned,qac_v0.4_aligned,1151,0.9884566242234657
قحم,qHm,2,2,2,2,38:59:3:1,90:11:2:1,59230,77300,116320,45394,1.71939477303989e-05,4.405868616997841e-05,numbered_aligned,qac_v0.4_aligned,1152,0.9885006829096357
قدو,qdw,2,2,2,2,6:90:6:1,43:23:21:1,17779,63733,116320,45394,1.71939477303989e-05,4.405868616997841e-05,numbered_aligned,qac_v0.4_aligned,1153,0.9885447415958056
قرطس,qrTs,2,2,2,1,6:7:6:1,6:91:27:1,16391,17816,116320,45394,1.71939477303989e-05,4.405868616997841e-05,numbered_aligned,qac_v0.4_aligned,1154,0.9885888002819756
قسطس,qsTs,2,2,2,2,17:35:6:3,26:182:2:3,36715,48525,116320,45394,1.71939477303989e-05,4.405868616997841e-05,numbered_aligned,qac_v0.4_aligned,1155,0.9886328589681456
قصو,qSw,2,2,2,2,8:42:7:2,19:22:5:1,23331,39599,116320,45394,1.71939477303989e-05,4.405868616997841e-05,numbered_aligned,qac_v0.4_aligned,1156,0.9886769176543155
قطف,qTf,2,2,2,2,69:23:1:1,76:14:5:1,73843,75466,116320,45394,1.71939477303989e-05,4.405868616997841e-05,numbered_aligned,qac_v0.4_aligned,1157,0.9887209763404855
قلي,qly,2,2,2,2,26:168:5:2,93:3:5:1,48455,77487,116320,45394,1.71939477303989e-05,4.405868616997841e-05,numbered_aligned,qac_v0.4_aligned,1158,0.9887650350266555
قوت,qwt,2,2,2,2,4:85:22:1,41:10:10:1,11571,61947,116320,45394,1.71939477303989e-05,4.405868616997841e-05,numbered_aligned,qac_v0.4_aligned,1159,0.9888090937128254
قوع,qwE,2,2,2,2,20:106:2:1,24:39:5:2,41367,45960,116320,45394,1.71939477303989e-05,4.405868616997841e-05,numbered_aligned,qac_v0.4_aligned,1160,0.9888531523989955
قيض,qyD,2,2,2,2,41:25:1:2,43:36:6:1,62161,63868,116320,45394,1.71939477303989e-05,4.405868616997841e-05,numbered_aligned,qac_v0.4_aligned,1161,0.9888972110851655
قيل,qyl,2,2,2,2,7:4:10:1,25:24:7:1,19389,46882,116320,45394,1.71939477303989e-05,4.405868616997841e-05,numbered_aligned,qac_v0.4_aligned,1162,0.9889412697713355
كبب,kbb,2,2,2,2,27:90:4:2,67:22:3:1,49893,73315,116320,45394,1.71939477303989e-05,4.405868616997841e-05,numbered_aligned,qac_v0.4_aligned,1163,0.9889853284575054
كدح,kdH,2,2,1,1,84:6:4:1,84:6:7:1,76675,76678,116320,45394,1.71939477303989e-05,4.405868616997841e-05,numbered_aligned,qac_v0.4_aligned,1164,0.9890293871436754
كرس,krs,2,2,2,2,2:255:42:1,38:34:6:1,5240,59062,116320,45394,1.71939477303989e-05,4.405868616997841e-05,numbered_aligned,qac_v0.4_aligned,1165,0.9890734458298454
كسل,ksl,2,2,2,2,4:142:12:1,9:54:17:1,12796,24982,116320,45394,1.71939477303989e-05,4.405868616997841e-05,numbered_aligned,qac_v0.4_aligned,1166,0.9891175045160153
كلو,klw,2,2,2,2,17:23:15:1,18:33:1:1,36559,38346,116320,45394,1.71939477303989e-05,4.405868616997841e-05,numbered_aligned,qac_v0.4_aligned,1167,0.9891615632021853
كمم,kmm,2,2,2,2,41:47:10:1,55:11:5:2,62514,69116,116320,45394,1.71939477303989e-05,4.405868616997841e-05,numbered_aligned,qac_v0.4_aligned,1168,0.9892056218883553
كمه,kmh,2,2,2,2,3:49:25:2,5:110:40:2,7030,16055,116320,45394,1.71939477303989e-05,4.405868616997841e-05,numbered_aligned,qac_v0.4_aligned,1169,0.9892496805745252
كهل,khl,2,2,2,2,3:46:5:2,5:110:20:2,6975,16035,116320,45394,1.71939477303989e-05,4.405868616997841e-05,numbered_aligned,qac_v0.4_aligned,1170,0.9892937392606952
كهن,khn,2,2,2,2,52:29:6:2,69:42:3:1,68218,73936,116320,45394,1.71939477303989e-05,4.405868616997841e-05,numbered_aligned,qac_v0.4_aligned,1171,0.9893377979468653
كين,kyn,2,2,2,2,3:146:18:1,23:76:5:1,8615,44865,116320,45394,1.71939477303989e-05,4.405868616997841e-05,numbered_aligned,qac_v0.4_aligned,1172,0.9893818566330352
لبد,lbd,2,2,2,2,72:19:10:1,90:6:4:1,74623,77285,116320,45394,1.71939477303989e-05,4.405868616997841e-05,numbered_aligned,qac_v0.4_aligned,1173,0.9894259153192052
لبن,lbn,2,2,2,2,16:66:14:1,47:15:14:1,35255,66050,116320,45394,1.71939477303989e-05,4.405868616997841e-05,numbered_aligned,qac_v0.4_aligned,1174,0.9894699740053752
لجا,ljA,2,2,2,2,9:118:18:1,42:47:16:1,26217,63390,116320,45394,1.71939477303989e-05,4.405868616997841e-05,numbered_aligned,qac_v0.4_aligned,1175,0.9895140326915451
لدد,ldd,2,2,2,2,2:204:16:1,19:97:10:1,3876,40347,116320,45394,1.71939477303989e-05,4.405868616997841e-05,numbered_aligned,qac_v0.4_aligned,1176,0.9895580913777151
لغب,lgb,2,2,2,2,35:35:14:1,50:38:13:1,56868,67628,116320,45394,1.71939477303989e-05,4.405868616997841e-05,numbered_aligned,qac_v0.4_aligned,1177,0.9896021500638851
لقط,lqT,2,2,2,2,12:10:11:1,28:8:1:2,30372,50029,116320,45394,1.71939477303989e-05,4.405868616997841e-05,numbered_aligned,qac_v0.4_aligned,1178,0.989646208750055
لمح,lmH,2,2,2,2,16:77:9:2,54:50:5:2,35463,69050,116320,45394,1.71939477303989e-05,4.405868616997841e-05,numbered_aligned,qac_v0.4_aligned,1179,0.989690267436225
لهث,lhv,2,2,1,1,7:176:17:1,7:176:20:1,22256,22259,116320,45394,1.71939477303989e-05,4.405868616997841e-05,numbered_aligned,qac_v0.4_aligned,1180,0.989734326122395
لوي,lwy,2,2,2,2,4:46:15:1,63:5:9:1,10787,72167,116320,45394,1.71939477303989e-05,4.405868616997841e-05,numbered_aligned,qac_v0.4_aligned,1181,0.9897783848085651
محص,mHS,2,2,2,1,3:141:1:3,3:154:68:3,8516,8818,116320,45394,1.71939477303989e-05,4.405868616997841e-05,numbered_aligned,qac_v0.4_aligned,1182,0.989822443494735
محق,mHq,2,2,2,2,2:276:1:1,3:141:5:2,5820,8520,116320,45394,1.71939477303989e-05,4.405868616997841e-05,numbered_aligned,qac_v0.4_aligned,1183,0.989866502180905
محن,mHn,2,2,2,2,49:3:10:1,60:10:8:2,67006,71554,116320,45394,1.71939477303989e-05,4.405868616997841e-05,numbered_aligned,qac_v0.4_aligned,1184,0.989910560867075
محو,mHw,2,2,2,2,17:12:5:2,42:24:13:2,36396,63081,116320,45394,1.71939477303989e-05,4.405868616997841e-05,numbered_aligned,qac_v0.4_aligned,1185,0.9899546195532449
مخر,mxr,2,2,2,2,16:14:15:1,35:12:23:1,34555,56559,116320,45394,1.71939477303989e-05,4.405868616997841e-05,numbered_aligned,qac_v0.4_aligned,1186,0.9899986782394149
ملح,mlH,2,2,2,2,25:53:9:1,35:12:10:1,47184,56546,116320,45394,1.71939477303989e-05,4.405868616997841e-05,numbered_aligned,qac_v0.4_aligned,1187,0.9900427369255849
ملق,mlq,2,2,2,2,6:151:18:1,17:31:5:1,19042,36654,116320,45394,1.71939477303989e-05,4.405868616997841e-05,numbered_aligned,qac_v0.4_aligned,1188,0.9900867956117548
نبع,nbE,2,2,2,2,17:90:10:1,39:21:10:1,37482,59808,116320,45394,1.71939477303989e-05,4.405868616997841e-05,numbered_aligned,qac_v0.4_aligned,1189,0.9901308542979248
نحل,nHl,2,2,2,2,4:4:4:1,16:68:4:2,9760,35277,116320,45394,1.71939477303989e-05,4.405868616997841e-05,numbered_aligned,qac_v0.4_aligned,1190,0.9901749129840948
نزف,nzf,2,2,2,2,37:47:7:1,56:19:5:1,58077,69501,116320,45394,1.71939477303989e-05,4.405868616997841e-05,numbered_aligned,qac_v0.4_aligned,1191,0.9902189716702648
نشط,n$T,2,2,1,1,79:2:1:3,79:2:2:1,75971,75972,116320,45394,1.71939477303989e-05,4.405868616997841e-05,numbered_aligned,qac_v0.4_aligned,1192,0.9902630303564348
نصت,nSt,2,2,2,2,7:204:6:2,46:29:12:1,22663,65717,116320,45394,1.71939477303989e-05,4.405868616997841e-05,numbered_aligned,qac_v0.4_aligned,1193,0.9903070890426048
نعس,nEs,2,2,2,2,3:154:8:1,8:11:3:2,8758,22833,116320,45394,1.71939477303989e-05,4.405868616997841e-05,numbered_aligned,qac_v0.4_aligned,1194,0.9903511477287747
نفش,nf$,2,2,2,2,21:78:8:1,101:5:4:2,42521,77899,116320,45394,1.71939477303989e-05,4.405868616997841e-05,numbered_aligned,qac_v0.4_aligned,1195,0.9903952064149447
نكب,nkb,2,2,2,2,23:74:8:2,67:15:9:1,44849,73234,116320,45394,1.71939477303989e-05,4.405868616997841e-05,numbered_aligned,qac_v0.4_aligned,1196,0.9904392651011147
نكس,nks,2,2,2,2,21:65:2:1,36:68:3:1,42389,57685,116320,45394,1.71939477303989e-05,4.405868616997841e-05,numbered_aligned,qac_v0.4_aligned,1197,0.9904833237872847
نكص,nkS,2,2,2,2,8:48:19:1,23:66:9:1,23460,44780,116320,45394,1.71939477303989e-05,4.405868616997841e-05,numbered_aligned,qac_v0.4_aligned,1198,0.9905273824734546
هبو,hbw,2,2,2,2,25:23:8:1,56:6:2:1,46874,69454,116320,45394,1.71939477303989e-05,4.405868616997841e-05,numbered_aligned,qac_v0.4_aligned,1199,0.9905714411596246
هرع,hrE,2,2,2,2,11:78:3:1,37:70:4:1,29560,58191,116320,45394,1.71939477303989e-05,4.405868616997841e-05,numbered_aligned,qac_v0.4_aligned,1200,0.9906154998457946
هشم,h$m,2,2,2,2,18:45:15:1,54:31:7:2,38514,68933,116320,45394,1.71939477303989e-05,4.405868616997841e-05,numbered_aligned,qac_v0.4_aligned,1201,0.9906595585319645
هضم,hDm,2,2,2,2,20:112:11:1,26:148:4:1,41429,48329,116320,45394,1.71939477303989e-05,4.405868616997841e-05,numbered_aligned,qac_v0.4_aligned,1202,0.9907036172181346
همن,hmn,2,2,2,2,5:48:11:2,59:23:12:2,14682,71301,116320,45394,1.71939477303989e-05,4.405868616997841e-05,numbered_aligned,qac_v0.4_aligned,1203,0.9907476759043046
هور,hwr,2,2,1,1,9:109:17:1,9:109:18:2,26017,26018,116320,45394,1.71939477303989e-05,4.405868616997841e-05,numbered_aligned,qac_v0.4_aligned,1204,0.9907917345904745
هيا,hyA,2,2,2,1,18:10:12:2,18:16:15:2,37904,37987,116320,45394,1.71939477303989e-05,4.405868616997841e-05,numbered_aligned,qac_v0.4_aligned,1205,0.9908357932766445
هيج,hyj,2,2,2,2,39:21:20:1,57:20:20:1,59818,70178,116320,45394,1.71939477303989e-05,4.405868616997841e-05,numbered_aligned,qac_v0.4_aligned,1206,0.9908798519628145
هيم,hym,2,2,2,2,26:225:7:1,56:55:3:2,48758,69629,116320,45394,1.71939477303989e-05,4.405868616997841e-05,numbered_aligned,qac_v0.4_aligned,1207,0.9909239106489844
وبق,wbq,2,2,2,2,18:52:13:1,42:34:2:1,38642,63207,116320,45394,1.71939477303989e-05,4.405868616997841e-05,numbered_aligned,qac_v0.4_aligned,1208,0.9909679693351544
وتر,wtr,2,2,2,2,47:35:11:1,89:3:2:3,66339,77121,116320,45394,1.71939477303989e-05,4.405868616997841e-05,numbered_aligned,qac_v0.4_aligned,1209,0.9910120280213244
وجف,wjf,2,2,2,2,59:6:8:1,79:8:3:1,70977,75986,116320,45394,1.71939477303989e-05,4.405868616997841e-05,numbered_aligned,qac_v0.4_aligned,1210,0.9910560867074943
ودق,wdq,2,2,2,2,24:43:14:2,30:48:15:2,46052,53012,116320,45394,1.71939477303989e-05,4.405868616997841e-05,numbered_aligned,qac_v0.4_aligned,1211,0.9911001453936643
وسق,wsq,2,2,2,1,84:17:3:1,84:18:3:1,76725,76728,116320,45394,1.71939477303989e-05,4.405868616997841e-05,numbered_aligned,qac_v0.4_aligned,1212,0.9911442040798344
وسل,wsl,2,2,2,2,5:35:8:2,17:57:7:2,14361,37007,116320,45394,1.71939477303989e-05,4.405868616997841e-05,numbered_aligned,qac_v0.4_aligned,1213,0.9911882627660044
وسم,wsm,2,2,2,2,15:75:5:3,68:16:1:2,34251,73484,116320,45394,1.71939477303989e-05,4.405868616997841e-05,numbered_aligned,qac_v0.4_aligned,1214,0.9912323214521743
وصب,wSb,2,2,2,2,16:52:8:1,37:9:4:1,35064,57875,116320,45394,1.71939477303989e-05,4.405868616997841e-05,numbered_aligned,qac_v0.4_aligned,1215,0.9912763801383443
وطر,wTr,2,2,1,1,33:37:30:1,33:37:44:1,54805,54819,116320,45394,1.71939477303989e-05,4.405868616997841e-05,numbered_aligned,qac_v0.4_aligned,1216,0.9913204388245143
ابب,Abb,1,1,1,1,80:31:2:2,80:31:2:2,76248,76248,116320,45394,8.59697386519945e-06,2.2029343084989206e-05,numbered_aligned,qac_v0.4_aligned,1217,0.9913424681675992
ابق,Abq,1,1,1,1,37:140:2:1,37:140:2:1,58514,58514,116320,45394,8.59697386519945e-06,2.2029343084989206e-05,numbered_aligned,qac_v0.4_aligned,1218,0.9913644975106842
اثل,Avl,1,1,1,1,34:16:12:2,34:16:12:2,55726,55726,116320,45394,8.59697386519945e-06,2.2029343084989206e-05,numbered_aligned,qac_v0.4_aligned,1219,0.9913865268537693
ادد,Add,1,1,1,1,19:89:4:1,19:89:4:1,40290,40290,116320,45394,8.59697386519945e-06,2.2029343084989206e-05,numbered_aligned,qac_v0.4_aligned,1220,0.9914085561968542
ارب,Arb,1,1,1,1,24:31:52:2,24:31:52:2,45756,45756,116320,45394,8.59697386519945e-06,2.2029343084989206e-05,numbered_aligned,qac_v0.4_aligned,1221,0.9914305855399392
ازف,Azf,1,1,1,1,53:57:1:1,53:57:1:1,68712,68712,116320,45394,8.59697386519945e-06,2.2029343084989206e-05,numbered_aligned,qac_v0.4_aligned,1222,0.9914526148830242
الت,Alt,1,1,1,1,52:21:10:1,52:21:10:1,68156,68156,116320,45394,8.59697386519945e-06,2.2029343084989206e-05,numbered_aligned,qac_v0.4_aligned,1223,0.9914746442261092
امت,Amt,1,1,1,1,20:107:6:1,20:107:6:1,41374,41374,116320,45394,8.59697386519945e-06,2.2029343084989206e-05,numbered_aligned,qac_v0.4_aligned,1224,0.9914966735691941
انم,Anm,1,1,1,1,55:10:3:3,55:10:3:3,69111,69111,116320,45394,8.59697386519945e-06,2.2029343084989206e-05,numbered_aligned,qac_v0.4_aligned,1225,0.9915187029122792
ايم,Aym,1,1,1,1,24:32:2:2,24:32:2:2,45784,45784,116320,45394,8.59697386519945e-06,2.2029343084989206e-05,numbered_aligned,qac_v0.4_aligned,1226,0.9915407322553641
بار,bAr,1,1,1,1,22:45:11:2,22:45:11:2,43653,43653,116320,45394,8.59697386519945e-06,2.2029343084989206e-05,numbered_aligned,qac_v0.4_aligned,1227,0.9915627615984491
بتر,btr,1,1,1,1,108:3:4:2,108:3:4:2,78097,78097,116320,45394,8.59697386519945e-06,2.2029343084989206e-05,numbered_aligned,qac_v0.4_aligned,1228,0.9915847909415342
بتك,btk,1,1,1,1,4:119:4:3,4:119:4:3,12321,12321,116320,45394,8.59697386519945e-06,2.2029343084989206e-05,numbered_aligned,qac_v0.4_aligned,1229,0.9916068202846191
بجس,bjs,1,1,1,1,7:160:16:2,7:160:16:2,21939,21939,116320,45394,8.59697386519945e-06,2.2029343084989206e-05,numbered_aligned,qac_v0.4_aligned,1230,0.9916288496277041
بحث,bHv,1,1,1,1,5:31:4:1,5:31:4:1,14243,14243,116320,45394,8.59697386519945e-06,2.2029343084989206e-05,numbered_aligned,qac_v0.4_aligned,1231,0.9916508789707891
بدر,bdr,1,1,1,1,4:6:17:2,4:6:17:2,9803,9803,116320,45394,8.59697386519945e-06,2.2029343084989206e-05,numbered_aligned,qac_v0.4_aligned,1232,0.9916729083138741
بسق,bsq,1,1,1,1,50:10:2:1,50:10:2:1,67393,67393,116320,45394,8.59697386519945e-06,2.2029343084989206e-05,numbered_aligned,qac_v0.4_aligned,1233,0.991694937656959
بسم,bsm,1,1,1,1,27:19:1:2,27:19:1:2,49001,49001,116320,45394,8.59697386519945e-06,2.2029343084989206e-05,numbered_aligned,qac_v0.4_aligned,1234,0.9917169670000441
بصل,bSl,1,1,1,1,2:61:22:2,2:61:22:2,938,938,116320,45394,8.59697386519945e-06,2.2029343084989206e-05,numbered_aligned,qac_v0.4_aligned,1235,0.991738996343129
بطا,bTA,1,1,1,1,4:72:4:2,4:72:4:2,11242,11242,116320,45394,8.59697386519945e-06,2.2029343084989206e-05,numbered_aligned,qac_v0.4_aligned,1236,0.991761025686214
بغل,bgl,1,1,1,1,16:8:2:3,16:8:2:3,34466,34466,116320,45394,8.59697386519945e-06,2.2029343084989206e-05,numbered_aligned,qac_v0.4_aligned,1237,0.991783055029299
بقع,bqE,1,1,1,1,28:30:9:2,28:30:9:2,50437,50437,116320,45394,8.59697386519945e-06,2.2029343084989206e-05,numbered_aligned,qac_v0.4_aligned,1238,0.991805084372384
بقل,bql,1,1,1,1,2:61:18:1,2:61:18:1,934,934,116320,45394,8.59697386519945e-06,2.2029343084989206e-05,numbered_aligned,qac_v0.4_aligned,1239,0.991827113715469
بهل,bhl,1,1,1,1,3:61:20:1,3:61:20:1,7216,7216,116320,45394,8.59697386519945e-06,2.2029343084989206e-05,numbered_aligned,qac_v0.4_aligned,1240,0.991849143058554
بيد,byd,1,1,1,1,18:35:10:1,18:35:10:1,38379,38379,116320,45394,8.59697386519945e-06,2.2029343084989206e-05,numbered_aligned,qac_v0.4_aligned,1241,0.991871172401639
تعس,tEs,1,1,1,1,47:8:3:2,47:8:3:2,65949,65949,116320,45394,8.59697386519945e-06,2.2029343084989206e-05,numbered_aligned,qac_v0.4_aligned,1242,0.991893201744724
تفث,tfv,1,1,1,1,22:29:3:1,22:29:3:1,43391,43391,116320,45394,8.59697386519945e-06,2.2029343084989206e-05,numbered_aligned,qac_v0.4_aligned,1243,0.991915231087809
تقن,tqn,1,1,1,1,27:88:12:1,27:88:12:1,49872,49872,116320,45394,8.59697386519945e-06,2.2029343084989206e-05,numbered_aligned,qac_v0.4_aligned,1244,0.9919372604308939
تلل,tll,1,1,1,1,37:103:3:2,37:103:3:2,58359,58359,116320,45394,8.59697386519945e-06,2.2029343084989206e-05,numbered_aligned,qac_v0.4_aligned,1245,0.991959289773979
تين,tyn,1,1,1,1,95:1:1:3,95:1:1:3,77554,77554,116320,45394,8.59697386519945e-06,2.2029343084989206e-05,numbered_aligned,qac_v0.4_aligned,1246,0.9919813191170639
تيه,tyh,1,1,1,1,5:26:7:1,5:26:7:1,14170,14170,116320,45394,8.59697386519945e-06,2.2029343084989206e-05,numbered_aligned,qac_v0.4_aligned,1247,0.9920033484601489
ثبط,vbT,1,1,1,1,9:46:11:2,9:46:11:2,24849,24849,116320,45394,8.59697386519945e-06,2.2029343084989206e-05,numbered_aligned,qac_v0.4_aligned,1248,0.9920253778032339
ثبي,vby,1,1,1,1,4:71:7:1,4:71:7:1,11235,11235,116320,45394,8.59697386519945e-06,2.2029343084989206e-05,numbered_aligned,qac_v0.4_aligned,1249,0.9920474071463189
ثجج,vjj,1,1,1,1,78:14:5:1,78:14:5:1,75833,75833,116320,45394,8.59697386519945e-06,2.2029343084989206e-05,numbered_aligned,qac_v0.4_aligned,1250,0.9920694364894039
ثرب,vrb,1,1,1,1,12:92:3:1,12:92:3:1,31728,31728,116320,45394,8.59697386519945e-06,2.2029343084989206e-05,numbered_aligned,qac_v0.4_aligned,1251,0.9920914658324889
ثري,vry,1,1,1,1,20:6:12:2,20:6:12:2,40397,40397,116320,45394,8.59697386519945e-06,2.2029343084989206e-05,numbered_aligned,qac_v0.4_aligned,1252,0.9921134951755739
ثيب,vyb,1,1,1,1,66:5:16:1,66:5:16:1,72912,72912,116320,45394,8.59697386519945e-06,2.2029343084989206e-05,numbered_aligned,qac_v0.4_aligned,1253,0.9921355245186588
جبت,jbt,1,1,1,1,4:51:10:3,4:51:10:3,10893,10893,116320,45394,8.59697386519945e-06,2.2029343084989206e-05,numbered_aligned,qac_v0.4_aligned,1254,0.9921575538617439
جبن,jbn,1,1,1,1,37:103:4:3,37:103:4:3,58360,58360,116320,45394,8.59697386519945e-06,2.2029343084989206e-05,numbered_aligned,qac_v0.4_aligned,1255,0.9921795832048288
جبه,jbh,1,1,1,1,9:35:9:1,9:35:9:1,24594,24594,116320,45394,8.59697386519945e-06,2.2029343084989206e-05,numbered_aligned,qac_v0.4_aligned,1256,0.9922016125479138
جثث,jvv,1,1,1,1,14:26:6:1,14:26:6:1,33373,33373,116320,45394,8.59697386519945e-06,2.2029343084989206e-05,numbered_aligned,qac_v0.4_aligned,1257,0.9922236418909988
جذو,j*w,1,1,1,1,28:29:23:1,28:29:23:1,50424,50424,116320,45394,8.59697386519945e-06,2.2029343084989206e-05,numbered_aligned,qac_v0.4_aligned,1258,0.9922456712340838
جرر,jrr,1,1,1,1,7:150:21:1,7:150:21:1,21696,21696,116320,45394,8.59697386519945e-06,2.2029343084989206e-05,numbered_aligned,qac_v0.4_aligned,1259,0.9922677005771688
جرع,jrE,1,1,1,1,14:17:1:1,14:17:1:1,33189,33189,116320,45394,8.59697386519945e-06,2.2029343084989206e-05,numbered_aligned,qac_v0.4_aligned,1260,0.9922897299202538
جرف,jrf,1,1,1,1,9:109:16:1,9:109:16:1,26016,26016,116320,45394,8.59697386519945e-06,2.2029343084989206e-05,numbered_aligned,qac_v0.4_aligned,1261,0.9923117592633388
جسس,jss,1,1,1,1,49:12:13:1,49:12:13:1,67181,67181,116320,45394,8.59697386519945e-06,2.2029343084989206e-05,numbered_aligned,qac_v0.4_aligned,1262,0.9923337886064237
جفا,jfA,1,1,1,1,13:17:31:1,13:17:31:1,32403,32403,116320,45394,8.59697386519945e-06,2.2029343084989206e-05,numbered_aligned,qac_v0.4_aligned,1263,0.9923558179495088
جفن,jfn,1,1,1,1,34:13:8:2,34:13:8:2,55656,55656,116320,45394,8.59697386519945e-06,2.2029343084989206e-05,numbered_aligned,qac_v0.4_aligned,1264,0.9923778472925937
جفو,jfw,1,1,1,1,32:16:1:1,32:16:1:1,53941,53941,116320,45394,8.59697386519945e-06,2.2029343084989206e-05,numbered_aligned,qac_v0.4_aligned,1265,0.9923998766356787
جلس,jls,1,1,1,1,58:11:9:2,58:11:9:2,70652,70652,116320,45394,8.59697386519945e-06,2.2029343084989206e-05,numbered_aligned,qac_v0.4_aligned,1266,0.9924219059787637
جمح,jmH,1,1,1,1,9:57:11:1,9:57:11:1,25025,25025,116320,45394,8.59697386519945e-06,2.2029343084989206e-05,numbered_aligned,qac_v0.4_aligned,1267,0.9924439353218487
جمد,jmd,1,1,1,1,27:88:4:1,27:88:4:1,49864,49864,116320,45394,8.59697386519945e-06,2.2029343084989206e-05,numbered_aligned,qac_v0.4_aligned,1268,0.9924659646649336
جمم,jmm,1,1,1,1,89:20:4:1,89:20:4:1,77207,77207,116320,45394,8.59697386519945e-06,2.2029343084989206e-05,numbered_aligned,qac_v0.4_aligned,1269,0.9924879940080187
جود,jwd,1,1,1,1,38:31:6:2,38:31:6:2,59039,59039,116320,45394,8.59697386519945e-06,2.2029343084989206e-05,numbered_aligned,qac_v0.4_aligned,1270,0.9925100233511037
جوس,jws,1,1,1,1,17:5:12:2,17:5:12:2,36308,36308,116320,45394,8.59697386519945e-06,2.2029343084989206e-05,numbered_aligned,qac_v0.4_aligned,1271,0.9925320526941886
جوف,jwf,1,1,1,1,33:4:8:1,33:4:8:1,54164,54164,116320,45394,8.59697386519945e-06,2.2029343084989206e-05,numbered_aligned,qac_v0.4_aligned,1272,0.9925540820372737
جوو,jww,1,1,1,1,16:79:7:1,16:79:7:1,35495,35495,116320,45394,8.59697386519945e-06,2.2029343084989206e-05,numbered_aligned,qac_v0.4_aligned,1273,0.9925761113803586
جيد,jyd,1,1,1,1,111:5:2:1,111:5:2:1,78175,78175,116320,45394,8.59697386519945e-06,2.2029343084989206e-05,numbered_aligned,qac_v0.4_aligned,1274,0.9925981407234437
حبك,Hbk,1,1,1,1,51:7:3:2,51:7:3:2,67708,67708,116320,45394,8.59697386519945e-06,2.2029343084989206e-05,numbered_aligned,qac_v0.4_aligned,1275,0.9926201700665286
حتم,Htm,1,1,1,1,19:71:8:1,19:71:8:1,40131,40131,116320,45394,8.59697386519945e-06,2.2029343084989206e-05,numbered_aligned,qac_v0.4_aligned,1276,0.9926421994096136
حثث,Hvv,1,1,1,1,7:54:19:1,7:54:19:1,20235,20235,116320,45394,8.59697386519945e-06,2.2029343084989206e-05,numbered_aligned,qac_v0.4_aligned,1277,0.9926642287526986
حدب,Hdb,1,1,1,1,21:96:9:1,21:96:9:1,42730,42730,116320,45394,8.59697386519945e-06,2.2029343084989206e-05,numbered_aligned,qac_v0.4_aligned,1278,0.9926862580957836
حرد,Hrd,1,1,1,1,68:25:3:1,68:25:3:1,73528,73528,116320,45394,8.59697386519945e-06,2.2029343084989206e-05,numbered_aligned,qac_v0.4_aligned,1279,0.9927082874388685
حرس,Hrs,1,1,1,1,72:8:6:1,72:8:6:1,74510,74510,116320,45394,8.59697386519945e-06,2.2029343084989206e-05,numbered_aligned,qac_v0.4_aligned,1280,0.9927303167819536
حرك,Hrk,1,1,1,1,75:16:2:1,75:16:2:1,75254,75254,116320,45394,8.59697386519945e-06,2.2029343084989206e-05,numbered_aligned,qac_v0.4_aligned,1281,0.9927523461250386
حري,Hry,1,1,1,1,72:14:9:1,72:14:9:1,74581,74581,116320,45394,8.59697386519945e-06,2.2029343084989206e-05,numbered_aligned,qac_v0.4_aligned,1282,0.9927743754681235
حسم,Hsm,1,1,1,1,69:7:7:1,69:7:7:1,73748,73748,116320,45394,8.59697386519945e-06,2.2029343084989206e-05,numbered_aligned,qac_v0.4_aligned,1283,0.9927964048112086
حصحص,HSHS,1,1,1,1,12:51:21:1,12:51:21:1,31076,31076,116320,45394,8.59697386519945e-06,2.2029343084989206e-05,numbered_aligned,qac_v0.4_aligned,1284,0.9928184341542935
حصل,HSl,1,1,1,1,100:10:1:2,100:10:1:2,77871,77871,116320,45394,8.59697386519945e-06,2.2029343084989206e-05,numbered_aligned,qac_v0.4_aligned,1285,0.9928404634973785
حفد,Hfd,1,1,1,1,16:72:12:2,16:72:12:2,35364,35364,116320,45394,8.59697386519945e-06,2.2029343084989206e-05,numbered_aligned,qac_v0.4_aligned,1286,0.9928624928404635
حقف,Hqf,1,1,1,1,46:21:7:3,46:21:7:3,65571,65571,116320,45394,8.59697386519945e-06,2.2029343084989206e-05,numbered_aligned,qac_v0.4_aligned,1287,0.9928845221835485
حنذ,Hn*,1,1,1,1,11:69:15:1,11:69:15:1,29459,29459,116320,45394,8.59697386519945e-06,2.2029343084989206e-05,numbered_aligned,qac_v0.4_aligned,1288,0.9929065515266334
حنك,Hnk,1,1,1,1,17:62:12:2,17:62:12:2,37107,37107,116320,45394,8.59697386519945e-06,2.2029343084989206e-05,numbered_aligned,qac_v0.4_aligned,1289,0.9929285808697185
حنن,Hnn,1,1,1,1,19:13:1:2,19:13:1:2,39510,39510,116320,45394,8.59697386519945e-06,2.2029343084989206e-05,numbered_aligned,qac_v0.4_aligned,1290,0.9929506102128035
حوب,Hwb,1,1,1,1,4:2:15:1,4:2:15:1,9727,9727,116320,45394,8.59697386519945e-06,2.2029343084989206e-05,numbered_aligned,qac_v0.4_aligned,1291,0.9929726395558884
حوز,Hwz,1,1,1,1,8:16:9:1,8:16:9:1,22915,22915,116320,45394,8.59697386519945e-06,2.2029343084989206e-05,numbered_aligned,qac_v0.4_aligned,1292,0.9929946688989735
حيد,Hyd,1,1,1,1,50:19:9:1,50:19:9:1,67473,67473,116320,45394,8.59697386519945e-06,2.2029343084989206e-05,numbered_aligned,qac_v0.4_aligned,1293,0.9930166982420584
حير,Hyr,1,1,1,1,6:71:23:1,6:71:23:1,17489,17489,116320,45394,8.59697386519945e-06,2.2029343084989206e-05,numbered_aligned,qac_v0.4_aligned,1294,0.9930387275851434
حيف,Hyf,1,1,1,1,24:50:9:1,24:50:9:1,46170,46170,116320,45394,8.59697386519945e-06,2.2029343084989206e-05,numbered_aligned,qac_v0.4_aligned,1295,0.9930607569282284
خبا,xbA,1,1,1,1,27:25:6:2,27:25:6:2,49093,49093,116320,45394,8.59697386519945e-06,2.2029343084989206e-05,numbered_aligned,qac_v0.4_aligned,1296,0.9930827862713134
خبز,xbz,1,1,1,1,12:36:18:1,12:36:18:1,30786,30786,116320,45394,8.59697386519945e-06,2.2029343084989206e-05,numbered_aligned,qac_v0.4_aligned,1297,0.9931048156143983
خبط,xbT,1,1,1,1,2:275:10:1,2:275:10:1,5784,5784,116320,45394,8.59697386519945e-06,2.2029343084989206e-05,numbered_aligned,qac_v0.4_aligned,1298,0.9931268449574834
خبو,xbw,1,1,1,1,17:97:25:1,17:97:25:1,37596,37596,116320,45394,8.59697386519945e-06,2.2029343084989206e-05,numbered_aligned,qac_v0.4_aligned,1299,0.9931488743005683
ختر,xtr,1,1,1,1,31:32:21:1,31:32:21:1,53685,53685,116320,45394,8.59697386519945e-06,2.2029343084989206e-05,numbered_aligned,qac_v0.4_aligned,1300,0.9931709036436533
خرب,xrb,1,1,1,1,2:114:13:1,2:114:13:1,2035,2035,116320,45394,8.59697386519945e-06,2.2029343084989206e-05,numbered_aligned,qac_v0.4_aligned,1301,0.9931929329867384
خردل,xrdl,1,1,1,1,21:47:15:1,21:47:15:1,42245,42245,116320,45394,8.59697386519945e-06,2.2029343084989206e-05,numbered_aligned,qac_v0.4_aligned,1302,0.9932149623298233
خرطم,xrTm,1,1,1,1,68:16:3:2,68:16:3:2,73486,73486,116320,45394,8.59697386519945e-06,2.2029343084989206e-05,numbered_aligned,qac_v0.4_aligned,1303,0.9932369916729084
خسا,xsA,1,1,1,1,67:4:8:1,67:4:8:1,73124,73124,116320,45394,8.59697386519945e-06,2.2029343084989206e-05,numbered_aligned,qac_v0.4_aligned,1304,0.9932590210159933
خشب,x$b,1,1,1,1,63:4:10:1,63:4:10:1,72146,72146,116320,45394,8.59697386519945e-06,2.2029343084989206e-05,numbered_aligned,qac_v0.4_aligned,1305,0.9932810503590783
خضد,xDd,1,1,1,1,56:28:3:1,56:28:3:1,69535,69535,116320,45394,8.59697386519945e-06,2.2029343084989206e-05,numbered_aligned,qac_v0.4_aligned,1306,0.9933030797021632
خطط,xTT,1,1,1,1,29:48:9:1,29:48:9:1,52093,52093,116320,45394,8.59697386519945e-06,2.2029343084989206e-05,numbered_aligned,qac_v0.4_aligned,1307,0.9933251090452483
خلع,xlE,1,1,1,1,20:12:4:2,20:12:4:2,40443,40443,116320,45394,8.59697386519945e-06,2.2029343084989206e-05,numbered_aligned,qac_v0.4_aligned,1308,0.9933471383883332
خمط,xmT,1,1,1,1,34:16:11:1,34:16:11:1,55725,55725,116320,45394,8.59697386519945e-06,2.2029343084989206e-05,numbered_aligned,qac_v0.4_aligned,1309,0.9933691677314183
خنق,xnq,1,1,1,1,5:3:12:3,5:3:12:3,13539,13539,116320,45394,8.59697386519945e-06,2.2029343084989206e-05,numbered_aligned,qac_v0.4_aligned,1310,0.9933911970745032
خيم,xym,1,1,1,1,55:72:4:2,55:72:4:2,69403,69403,116320,45394,8.59697386519945e-06,2.2029343084989206e-05,numbered_aligned,qac_v0.4_aligned,1311,0.9934132264175882
دثر,dvr,1,1,1,1,74:1:2:2,74:1:2:2,74933,74933,116320,45394,8.59697386519945e-06,2.2029343084989206e-05,numbered_aligned,qac_v0.4_aligned,1312,0.9934352557606733
درهم,drhm,1,1,1,1,12:20:4:1,12:20:4:1,30498,30498,116320,45394,8.59697386519945e-06,2.2029343084989206e-05,numbered_aligned,qac_v0.4_aligned,1313,0.9934572851037582
دسر,dsr,1,1,1,1,54:13:5:2,54:13:5:2,68821,68821,116320,45394,8.59697386519945e-06,2.2029343084989206e-05,numbered_aligned,qac_v0.4_aligned,1314,0.9934793144468432
دسس,dss,1,1,1,1,16:59:13:1,16:59:13:1,35136,35136,116320,45394,8.59697386519945e-06,2.2029343084989206e-05,numbered_aligned,qac_v0.4_aligned,1315,0.9935013437899282
دفا,dfA,1,1,1,1,16:5:5:1,16:5:5:1,34440,34440,116320,45394,8.59697386519945e-06,2.2029343084989206e-05,numbered_aligned,qac_v0.4_aligned,1316,0.9935233731330132
دفق,dfq,1,1,1,1,86:6:4:1,86:6:4:1,76901,76901,116320,45394,8.59697386519945e-06,2.2029343084989206e-05,numbered_aligned,qac_v0.4_aligned,1317,0.9935454024760981
دلك,dlk,1,1,1,1,17:78:3:2,17:78:3:2,37321,37321,116320,45394,8.59697386519945e-06,2.2029343084989206e-05,numbered_aligned,qac_v0.4_aligned,1318,0.9935674318191832
دمدم,dmdm,1,1,1,1,91:14:3:2,91:14:3:2,77392,77392,116320,45394,8.59697386519945e-06,2.2029343084989206e-05,numbered_aligned,qac_v0.4_aligned,1319,0.9935894611622681
دمغ,dmg,1,1,1,1,21:18:6:2,21:18:6:2,41891,41891,116320,45394,8.59697386519945e-06,2.2029343084989206e-05,numbered_aligned,qac_v0.4_aligned,1320,0.9936114905053531
دنر,dnr,1,1,1,1,3:75:14:2,3:75:14:2,7441,7441,116320,45394,8.59697386519945e-06,2.2029343084989206e-05,numbered_aligned,qac_v0.4_aligned,1321,0.9936335198484382
دهق,dhq,1,1,1,1,78:34:2:1,78:34:2:1,75904,75904,116320,45394,8.59697386519945e-06,2.2029343084989206e-05,numbered_aligned,qac_v0.4_aligned,1322,0.9936555491915231
دهم,dhm,1,1,1,1,55:64:1:1,55:64:1:1,69373,69373,116320,45394,8.59697386519945e-06,2.2029343084989206e-05,numbered_aligned,qac_v0.4_aligned,1323,0.9936775785346081
دهي,dhy,1,1,1,1,54:46:5:1,54:46:5:1,69025,69025,116320,45394,8.59697386519945e-06,2.2029343084989206e-05,numbered_aligned,qac_v0.4_aligned,1324,0.9936996078776931
ذام,*Am,1,1,1,1,7:18:4:1,7:18:4:1,19525,19525,116320,45394,8.59697386519945e-06,2.2029343084989206e-05,numbered_aligned,qac_v0.4_aligned,1325,0.9937216372207781
ذبذب,*b*b,1,1,1,1,4:143:1:1,4:143:1:1,12804,12804,116320,45394,8.59697386519945e-06,2.2029343084989206e-05,numbered_aligned,qac_v0.4_aligned,1326,0.993743666563863
ذخر,*xr,1,1,1,1,3:49:35:1,3:49:35:1,7040,7040,116320,45394,8.59697386519945e-06,2.2029343084989206e-05,numbered_aligned,qac_v0.4_aligned,1327,0.9937656959069481
ذعن,*En,1,1,1,1,24:49:7:1,24:49:7:1,46161,46161,116320,45394,8.59697386519945e-06,2.2029343084989206e-05,numbered_aligned,qac_v0.4_aligned,1328,0.993787725250033
ذكو,*kw,1,1,1,1,5:3:21:1,5:3:21:1,13548,13548,116320,45394,8.59697386519945e-06,2.2029343084989206e-05,numbered_aligned,qac_v0.4_aligned,1329,0.993809754593118
ذهل,*hl,1,1,1,1,22:2:3:1,22:2:3:1,42913,42913,116320,45394,8.59697386519945e-06,2.2029343084989206e-05,numbered_aligned,qac_v0.4_aligned,1330,0.993831783936203
ذود,*wd,1,1,1,1,28:23:15:1,28:23:15:1,50293,50293,116320,45394,8.59697386519945e-06,2.2029343084989206e-05,numbered_aligned,qac_v0.4_aligned,1331,0.993853813279288
ذيع,*yE,1,1,1,1,4:83:8:1,4:83:8:1,11505,11505,116320,45394,8.59697386519945e-06,2.2029343084989206e-05,numbered_aligned,qac_v0.4_aligned,1332,0.993875842622373
ربح,rbH,1,1,1,1,2:16:7:1,2:16:7:1,192,192,116320,45394,8.59697386519945e-06,2.2029343084989206e-05,numbered_aligned,qac_v0.4_aligned,1333,0.993897871965458
رتع,rtE,1,1,1,1,12:12:4:1,12:12:4:1,30393,30393,116320,45394,8.59697386519945e-06,2.2029343084989206e-05,numbered_aligned,qac_v0.4_aligned,1334,0.993919901308543
رتق,rtq,1,1,1,1,21:30:9:1,21:30:9:1,42030,42030,116320,45394,8.59697386519945e-06,2.2029343084989206e-05,numbered_aligned,qac_v0.4_aligned,1335,0.993941930651628
رحق,rHq,1,1,1,1,83:25:3:1,83:25:3:1,76593,76593,116320,45394,8.59697386519945e-06,2.2029343084989206e-05,numbered_aligned,qac_v0.4_aligned,1336,0.993963959994713
رخو,rxw,1,1,1,1,38:36:6:1,38:36:6:1,59086,59086,116320,45394,8.59697386519945e-06,2.2029343084989206e-05,numbered_aligned,qac_v0.4_aligned,1337,0.9939859893377979
ردا,rdA,1,1,1,1,28:34:9:1,28:34:9:1,50511,50511,116320,45394,8.59697386519945e-06,2.2029343084989206e-05,numbered_aligned,qac_v0.4_aligned,1338,0.994008018680883
ردم,rdm,1,1,1,1,18:95:12:1,18:95:12:1,39206,39206,116320,45394,8.59697386519945e-06,2.2029343084989206e-05,numbered_aligned,qac_v0.4_aligned,1339,0.9940300480239679
رسو,rsw,1,1,1,1,34:13:11:1,34:13:11:1,55659,55659,116320,45394,8.59697386519945e-06,2.2029343084989206e-05,numbered_aligned,qac_v0.4_aligned,1340,0.9940520773670529
رصص,rSS,1,1,1,1,61:4:11:1,61:4:11:1,71725,71725,116320,45394,8.59697386519945e-06,2.2029343084989206e-05,numbered_aligned,qac_v0.4_aligned,1341,0.9940741067101379
رغم,rgm,1,1,1,1,4:100:9:1,4:100:9:1,11936,11936,116320,45394,8.59697386519945e-06,2.2029343084989206e-05,numbered_aligned,qac_v0.4_aligned,1342,0.9940961360532229
رفث,rfv,1,1,1,1,2:187:5:2,2:187:5:2,3449,3449,116320,45394,8.59697386519945e-06,2.2029343084989206e-05,numbered_aligned,qac_v0.4_aligned,1343,0.9941181653963079
رفرف,rfrf,1,1,1,1,55:76:3:1,55:76:3:1,69420,69420,116320,45394,8.59697386519945e-06,2.2029343084989206e-05,numbered_aligned,qac_v0.4_aligned,1344,0.9941401947393929
رقق,rqq,1,1,1,1,52:3:2:1,52:3:2:1,68060,68060,116320,45394,8.59697386519945e-06,2.2029343084989206e-05,numbered_aligned,qac_v0.4_aligned,1345,0.9941622240824779
ركد,rkd,1,1,1,1,42:33:6:1,42:33:6:1,63196,63196,116320,45394,8.59697386519945e-06,2.2029343084989206e-05,numbered_aligned,qac_v0.4_aligned,1346,0.9941842534255628
ركز,rkz,1,1,1,1,19:98:14:1,19:98:14:1,40361,40361,116320,45394,8.59697386519945e-06,2.2029343084989206e-05,numbered_aligned,qac_v0.4_aligned,1347,0.9942062827686479
رمح,rmH,1,1,1,1,5:94:11:2,5:94:11:2,15653,15653,116320,45394,8.59697386519945e-06,2.2029343084989206e-05,numbered_aligned,qac_v0.4_aligned,1348,0.9942283121117328
رمد,rmd,1,1,1,1,14:18:6:2,14:18:6:2,33210,33210,116320,45394,8.59697386519945e-06,2.2029343084989206e-05,numbered_aligned,qac_v0.4_aligned,1349,0.9942503414548178
رمز,rmz,1,1,1,1,3:41:14:1,3:41:14:1,6902,6902,116320,45394,8.59697386519945e-06,2.2029343084989206e-05,numbered_aligned,qac_v0.4_aligned,1350,0.9942723707979028
رهو,rhw,1,1,1,1,44:24:3:1,44:24:3:1,64501,64501,116320,45394,8.59697386519945e-06,2.2029343084989206e-05,numbered_aligned,qac_v0.4_aligned,1351,0.9942944001409878
روع,rwE,1,1,1,1,11:74:5:2,11:74:5:2,29518,29518,116320,45394,8.59697386519945e-06,2.2029343084989206e-05,numbered_aligned,qac_v0.4_aligned,1352,0.9943164294840728
ريع,ryE,1,1,1,1,26:128:3:1,26:128:3:1,48228,48228,116320,45394,8.59697386519945e-06,2.2029343084989206e-05,numbered_aligned,qac_v0.4_aligned,1353,0.9943384588271578
رين,ryn,1,1,1,1,83:14:3:1,83:14:3:1,76542,76542,116320,45394,8.59697386519945e-06,2.2029343084989206e-05,numbered_aligned,qac_v0.4_aligned,1354,0.9943604881702428
زبن,zbn,1,1,1,1,96:18:2:2,96:18:2:2,77658,77658,116320,45394,8.59697386519945e-06,2.2029343084989206e-05,numbered_aligned,qac_v0.4_aligned,1355,0.9943825175133277
زحف,zHf,1,1,1,1,8:15:8:1,8:15:8:1,22903,22903,116320,45394,8.59697386519945e-06,2.2029343084989206e-05,numbered_aligned,qac_v0.4_aligned,1356,0.9944045468564128
زرق,zrq,1,1,1,1,20:102:8:1,20:102:8:1,41340,41340,116320,45394,8.59697386519945e-06,2.2029343084989206e-05,numbered_aligned,qac_v0.4_aligned,1357,0.9944265761994977
زفف,zff,1,1,1,1,37:94:3:1,37:94:3:1,58294,58294,116320,45394,8.59697386519945e-06,2.2029343084989206e-05,numbered_aligned,qac_v0.4_aligned,1358,0.9944486055425827
زمل,zml,1,1,1,1,73:1:2:2,73:1:2:2,74729,74729,116320,45394,8.59697386519945e-06,2.2029343084989206e-05,numbered_aligned,qac_v0.4_aligned,1359,0.9944706348856677
زمهر,zmhr,1,1,1,1,76:13:10:1,76:13:10:1,75461,75461,116320,45394,8.59697386519945e-06,2.2029343084989206e-05,numbered_aligned,qac_v0.4_aligned,1360,0.9944926642287527
زنم,znm,1,1,1,1,68:13:4:1,68:13:4:1,73471,73471,116320,45394,8.59697386519945e-06,2.2029343084989206e-05,numbered_aligned,qac_v0.4_aligned,1361,0.9945146935718376
زهد,zhd,1,1,1,1,12:20:9:2,12:20:9:2,30503,30503,116320,45394,8.59697386519945e-06,2.2029343084989206e-05,numbered_aligned,qac_v0.4_aligned,1362,0.9945367229149227
زهر,zhr,1,1,1,1,20:131:10:1,20:131:10:1,41655,41655,116320,45394,8.59697386519945e-06,2.2029343084989206e-05,numbered_aligned,qac_v0.4_aligned,1363,0.9945587522580077
سجو,sjw,1,1,1,1,93:2:3:1,93:2:3:1,77482,77482,116320,45394,8.59697386519945e-06,2.2029343084989206e-05,numbered_aligned,qac_v0.4_aligned,1364,0.9945807816010926
سحل,sHl,1,1,1,1,20:39:10:3,20:39:10:3,40601,40601,116320,45394,8.59697386519945e-06,2.2029343084989206e-05,numbered_aligned,qac_v0.4_aligned,1365,0.9946028109441777
سدي,sdy,1,1,1,1,75:36:5:1,75:36:5:1,75331,75331,116320,45394,8.59697386519945e-06,2.2029343084989206e-05,numbered_aligned,qac_v0.4_aligned,1366,0.9946248402872626
سرد,srd,1,1,1,1,34:11:6:2,34:11:6:2,55615,55615,116320,45394,8.59697386519945e-06,2.2029343084989206e-05,numbered_aligned,qac_v0.4_aligned,1367,0.9946468696303477
سردق,srdq,1,1,1,1,18:29:17:1,18:29:17:1,38280,38280,116320,45394,8.59697386519945e-06,2.2029343084989206e-05,numbered_aligned,qac_v0.4_aligned,1368,0.9946688989734326
سطح,sTH,1,1,1,1,88:20:4:1,88:20:4:1,77090,77090,116320,45394,8.59697386519945e-06,2.2029343084989206e-05,numbered_aligned,qac_v0.4_aligned,1369,0.9946909283165176
سطو,sTw,1,1,1,1,22:72:13:1,22:72:13:1,44048,44048,116320,45394,8.59697386519945e-06,2.2029343084989206e-05,numbered_aligned,qac_v0.4_aligned,1370,0.9947129576596025
سغب,sgb,1,1,1,1,90:14:6:1,90:14:6:1,77313,77313,116320,45394,8.59697386519945e-06,2.2029343084989206e-05,numbered_aligned,qac_v0.4_aligned,1371,0.9947349870026876
سفع,sfE,1,1,1,1,96:15:5:2,96:15:5:2,77650,77650,116320,45394,8.59697386519945e-06,2.2029343084989206e-05,numbered_aligned,qac_v0.4_aligned,1372,0.9947570163457725
سكب,skb,1,1,1,1,56:31:2:1,56:31:2:1,69541,69541,116320,45394,8.59697386519945e-06,2.2029343084989206e-05,numbered_aligned,qac_v0.4_aligned,1373,0.9947790456888576
سكت,skt,1,1,1,1,7:154:2:1,7:154:2:1,21756,21756,116320,45394,8.59697386519945e-06,2.2029343084989206e-05,numbered_aligned,qac_v0.4_aligned,1374,0.9948010750319426
سلب,slb,1,1,1,1,22:73:20:1,22:73:20:1,44085,44085,116320,45394,8.59697386519945e-06,2.2029343084989206e-05,numbered_aligned,qac_v0.4_aligned,1375,0.9948231043750275
سلق,slq,1,1,1,1,33:19:19:1,33:19:19:1,54448,54448,116320,45394,8.59697386519945e-06,2.2029343084989206e-05,numbered_aligned,qac_v0.4_aligned,1376,0.9948451337181126
سمد,smd,1,1,1,1,53:61:2:1,53:61:2:1,68728,68728,116320,45394,8.59697386519945e-06,2.2029343084989206e-05,numbered_aligned,qac_v0.4_aligned,1377,0.9948671630611975
سمر,smr,1,1,1,1,23:67:3:1,23:67:3:1,44783,44783,116320,45394,8.59697386519945e-06,2.2029343084989206e-05,numbered_aligned,qac_v0.4_aligned,1378,0.9948891924042825
سمك,smk,1,1,1,1,79:28:2:1,79:28:2:1,76067,76067,116320,45394,8.59697386519945e-06,2.2029343084989206e-05,numbered_aligned,qac_v0.4_aligned,1379,0.9949112217473675
سند,snd,1,1,1,1,63:4:11:1,63:4:11:1,72147,72147,116320,45394,8.59697386519945e-06,2.2029343084989206e-05,numbered_aligned,qac_v0.4_aligned,1380,0.9949332510904525
سنم,snm,1,1,1,1,83:27:3:1,83:27:3:1,76603,76603,116320,45394,8.59697386519945e-06,2.2029343084989206e-05,numbered_aligned,qac_v0.4_aligned,1381,0.9949552804335374
سنه,snh,1,1,1,1,2:259:42:1,2:259:42:1,5381,5381,116320,45394,8.59697386519945e-06,2.2029343084989206e-05,numbered_aligned,qac_v0.4_aligned,1382,0.9949773097766225
سهر,shr,1,1,1,1,79:14:3:3,79:14:3:3,76009,76009,116320,45394,8.59697386519945e-06,2.2029343084989206e-05,numbered_aligned,qac_v0.4_aligned,1383,0.9949993391197075
سهل,shl,1,1,1,1,7:74:13:1,7:74:13:1,20574,20574,116320,45394,8.59697386519945e-06,2.2029343084989206e-05,numbered_aligned,qac_v0.4_aligned,1384,0.9950213684627924
سهم,shm,1,1,1,1,37:141:1:2,37:141:1:2,58518,58518,116320,45394,8.59697386519945e-06,2.2029343084989206e-05,numbered_aligned,qac_v0.4_aligned,1385,0.9950433978058775
سوح,swH,1,1,1,1,37:177:3:2,37:177:3:2,58677,58677,116320,45394,8.59697386519945e-06,2.2029343084989206e-05,numbered_aligned,qac_v0.4_aligned,1386,0.9950654271489624
سوط,swT,1,1,1,1,89:13:4:1,89:13:4:1,77164,77164,116320,45394,8.59697386519945e-06,2.2029343084989206e-05,numbered_aligned,qac_v0.4_aligned,1387,0.9950874564920474
سيب,syb,1,1,1,1,5:103:7:1,5:103:7:1,15841,15841,116320,45394,8.59697386519945e-06,2.2029343084989206e-05,numbered_aligned,qac_v0.4_aligned,1388,0.9951094858351324
شتو,$tw,1,1,1,1,106:2:3:2,106:2:3:2,78042,78042,116320,45394,8.59697386519945e-06,2.2029343084989206e-05,numbered_aligned,qac_v0.4_aligned,1389,0.9951315151782174
شحم,$Hm,1,1,1,1,6:146:13:1,6:146:13:1,18924,18924,116320,45394,8.59697386519945e-06,2.2029343084989206e-05,numbered_aligned,qac_v0.4_aligned,1390,0.9951535445213023
شرد,$rd,1,1,1,1,8:57:5:2,8:57:5:2,23596,23596,116320,45394,8.59697386519945e-06,2.2029343084989206e-05,numbered_aligned,qac_v0.4_aligned,1391,0.9951755738643874
شرذم,$r*m,1,1,1,1,26:54:3:2,26:54:3:2,47842,47842,116320,45394,8.59697386519945e-06,2.2029343084989206e-05,numbered_aligned,qac_v0.4_aligned,1392,0.9951976032074723
شرط,$rT,1,1,1,1,47:18:10:1,47:18:10:1,66120,66120,116320,45394,8.59697386519945e-06,2.2029343084989206e-05,numbered_aligned,qac_v0.4_aligned,1393,0.9952196325505573
شطا,$TA,1,1,1,1,28:30:5:1,28:30:5:1,50433,50433,116320,45394,8.59697386519945e-06,2.2029343084989206e-05,numbered_aligned,qac_v0.4_aligned,1394,0.9952416618936424
شعل,$El,1,1,1,1,19:4:7:2,19:4:7:2,39408,39408,116320,45394,8.59697386519945e-06,2.2029343084989206e-05,numbered_aligned,qac_v0.4_aligned,1395,0.9952636912367273
شغف,$gf,1,1,1,1,12:30:12:1,12:30:12:1,30673,30673,116320,45394,8.59697386519945e-06,2.2029343084989206e-05,numbered_aligned,qac_v0.4_aligned,1396,0.9952857205798123
شفه,$fh,1,1,1,1,90:9:2:2,90:9:2:2,77296,77296,116320,45394,8.59697386519945e-06,2.2029343084989206e-05,numbered_aligned,qac_v0.4_aligned,1397,0.9953077499228973
شكس,$ks,1,1,1,1,39:29:7:1,39:29:7:1,59943,59943,116320,45394,8.59697386519945e-06,2.2029343084989206e-05,numbered_aligned,qac_v0.4_aligned,1398,0.9953297792659823
شمت,$mt,1,1,1,1,7:150:32:1,7:150:32:1,21707,21707,116320,45394,8.59697386519945e-06,2.2029343084989206e-05,numbered_aligned,qac_v0.4_aligned,1399,0.9953518086090672
شمخ,$mx,1,1,1,1,77:27:4:1,77:27:4:1,75686,75686,116320,45394,8.59697386519945e-06,2.2029343084989206e-05,numbered_aligned,qac_v0.4_aligned,1400,0.9953738379521523
شمز,$mz,1,1,1,1,39:45:5:1,39:45:5:1,60164,60164,116320,45394,8.59697386519945e-06,2.2029343084989206e-05,numbered_aligned,qac_v0.4_aligned,1401,0.9953958672952372
شنا,$nA,1,1,1,1,108:3:2:1,108:3:2:1,78095,78095,116320,45394,8.59697386519945e-06,2.2029343084989206e-05,numbered_aligned,qac_v0.4_aligned,1402,0.9954178966383223
شوب,$wb,1,1,1,1,37:67:5:2,37:67:5:2,58176,58176,116320,45394,8.59697386519945e-06,2.2029343084989206e-05,numbered_aligned,qac_v0.4_aligned,1403,0.9954399259814072
شوظ,$wZ,1,1,1,1,55:35:3:1,55:35:3:1,69236,69236,116320,45394,8.59697386519945e-06,2.2029343084989206e-05,numbered_aligned,qac_v0.4_aligned,1404,0.9954619553244922
شوك,$wk,1,1,1,1,8:7:12:2,8:7:12:2,22783,22783,116320,45394,8.59697386519945e-06,2.2029343084989206e-05,numbered_aligned,qac_v0.4_aligned,1405,0.9954839846675773
شوي,$wy,1,1,1,1,70:16:2:3,70:16:2:3,74051,74051,116320,45394,8.59697386519945e-06,2.2029343084989206e-05,numbered_aligned,qac_v0.4_aligned,1406,0.9955060140106622
صخخ,Sxx,1,1,1,1,80:33:3:2,80:33:3:2,76254,76254,116320,45394,8.59697386519945e-06,2.2029343084989206e-05,numbered_aligned,qac_v0.4_aligned,1407,0.9955280433537472
صرع,SrE,1,1,1,1,69:7:11:1,69:7:11:1,73752,73752,116320,45394,8.59697386519945e-06,2.2029343084989206e-05,numbered_aligned,qac_v0.4_aligned,1408,0.9955500726968322
صعر,SEr,1,1,1,1,31:18:2:1,31:18:2:1,53434,53434,116320,45394,8.59697386519945e-06,2.2029343084989206e-05,numbered_aligned,qac_v0.4_aligned,1409,0.9955721020399172
صفصف,SfSf,1,1,1,1,20:106:3:1,20:106:3:1,41368,41368,116320,45394,8.59697386519945e-06,2.2029343084989206e-05,numbered_aligned,qac_v0.4_aligned,1410,0.9955941313830021
صفن,Sfn,1,1,1,1,38:31:5:2,38:31:5:2,59038,59038,116320,45394,8.59697386519945e-06,2.2029343084989206e-05,numbered_aligned,qac_v0.4_aligned,1411,0.9956161607260872
صكك,Skk,1,1,1,1,51:29:5:2,51:29:5:2,67829,67829,116320,45394,8.59697386519945e-06,2.2029343084989206e-05,numbered_aligned,qac_v0.4_aligned,1412,0.9956381900691721
صلد,Sld,1,1,1,1,2:264:27:1,2:264:27:1,5532,5532,116320,45394,8.59697386519945e-06,2.2029343084989206e-05,numbered_aligned,qac_v0.4_aligned,1413,0.9956602194122571
صمت,Smt,1,1,1,1,7:193:12:1,7:193:12:1,22527,22527,116320,45394,8.59697386519945e-06,2.2029343084989206e-05,numbered_aligned,qac_v0.4_aligned,1414,0.9956822487553422
صمد,Smd,1,1,1,1,112:2:2:2,112:2:2:2,78188,78188,116320,45394,8.59697386519945e-06,2.2029343084989206e-05,numbered_aligned,qac_v0.4_aligned,1415,0.9957042780984271
صمع,SmE,1,1,1,1,22:40:19:1,22:40:19:1,43585,43585,116320,45394,8.59697386519945e-06,2.2029343084989206e-05,numbered_aligned,qac_v0.4_aligned,1416,0.9957263074415121
صوع,SwE,1,1,1,1,12:72:3:1,12:72:3:1,31394,31394,116320,45394,8.59697386519945e-06,2.2029343084989206e-05,numbered_aligned,qac_v0.4_aligned,1417,0.9957483367845971
صوف,Swf,1,1,1,1,16:80:19:1,16:80:19:1,35525,35525,116320,45394,8.59697386519945e-06,2.2029343084989206e-05,numbered_aligned,qac_v0.4_aligned,1418,0.9957703661276821
صيص,SyS,1,1,1,1,33:26:8:1,33:26:8:1,54580,54580,116320,45394,8.59697386519945e-06,2.2029343084989206e-05,numbered_aligned,qac_v0.4_aligned,1419,0.995792395470767
صيف,Syf,1,1,1,1,106:2:4:3,106:2:4:3,78043,78043,116320,45394,8.59697386519945e-06,2.2029343084989206e-05,numbered_aligned,qac_v0.4_aligned,1420,0.9958144248138521
ضان,DAn,1,1,1,1,6:143:4:2,6:143:4:2,18813,18813,116320,45394,8.59697386519945e-06,2.2029343084989206e-05,numbered_aligned,qac_v0.4_aligned,1421,0.995836454156937
ضبح,DbH,1,1,1,1,100:1:2:1,100:1:2:1,77841,77841,116320,45394,8.59697386519945e-06,2.2029343084989206e-05,numbered_aligned,qac_v0.4_aligned,1422,0.995858483500022
ضدد,Ddd,1,1,1,1,19:82:6:1,19:82:6:1,40246,40246,116320,45394,8.59697386519945e-06,2.2029343084989206e-05,numbered_aligned,qac_v0.4_aligned,1423,0.995880512843107
ضفدع,DfdE,1,1,1,1,7:133:6:3,7:133:6:3,21345,21345,116320,45394,8.59697386519945e-06,2.2029343084989206e-05,numbered_aligned,qac_v0.4_aligned,1424,0.995902542186192
ضمر,Dmr,1,1,1,1,22:27:9:1,22:27:9:1,43363,43363,116320,45394,8.59697386519945e-06,2.2029343084989206e-05,numbered_aligned,qac_v0.4_aligned,1425,0.995924571529277
ضنك,Dnk,1,1,1,1,20:124:8:1,20:124:8:1,41567,41567,116320,45394,8.59697386519945e-06,2.2029343084989206e-05,numbered_aligned,qac_v0.4_aligned,1426,0.995946600872362
ضنن,Dnn,1,1,1,1,81:24:5:2,81:24:5:2,76367,76367,116320,45394,8.59697386519945e-06,2.2029343084989206e-05,numbered_aligned,qac_v0.4_aligned,1427,0.995968630215447
ضير,Dyr,1,1,1,1,26:50:3:1,26:50:3:1,47811,47811,116320,45394,8.59697386519945e-06,2.2029343084989206e-05,numbered_aligned,qac_v0.4_aligned,1428,0.9959906595585319
ضيز,Dyz,1,1,1,1,53:22:4:1,53:22:4:1,68459,68459,116320,45394,8.59697386519945e-06,2.2029343084989206e-05,numbered_aligned,qac_v0.4_aligned,1429,0.996012688901617
طرح,TrH,1,1,1,1,12:9:4:1,12:9:4:1,30351,30351,116320,45394,8.59697386519945e-06,2.2029343084989206e-05,numbered_aligned,qac_v0.4_aligned,1430,0.9960347182447019
طفا,TfA,1,1,1,1,5:64:38:1,5:64:38:1,15057,15057,116320,45394,8.59697386519945e-06,2.2029343084989206e-05,numbered_aligned,qac_v0.4_aligned,1431,0.996056747587787
طفف,Tff,1,1,1,1,83:1:2:3,83:1:2:3,76483,76483,116320,45394,8.59697386519945e-06,2.2029343084989206e-05,numbered_aligned,qac_v0.4_aligned,1432,0.9960787769308719
طلح,TlH,1,1,1,1,56:29:1:2,56:29:1:2,69536,69536,116320,45394,8.59697386519945e-06,2.2029343084989206e-05,numbered_aligned,qac_v0.4_aligned,1433,0.9961008062739569
طلل,Tll,1,1,1,1,2:265:23:2,2:265:23:2,5566,5566,116320,45394,8.59697386519945e-06,2.2029343084989206e-05,numbered_aligned,qac_v0.4_aligned,1434,0.9961228356170418
طمم,Tmm,1,1,1,1,79:34:3:2,79:34:3:2,76088,76088,116320,45394,8.59697386519945e-06,2.2029343084989206e-05,numbered_aligned,qac_v0.4_aligned,1435,0.9961448649601269
طود,Twd,1,1,1,1,26:63:12:3,26:63:12:3,47888,47888,116320,45394,8.59697386519945e-06,2.2029343084989206e-05,numbered_aligned,qac_v0.4_aligned,1436,0.9961668943032119
ظعن,ZEn,1,1,1,1,16:80:15:1,16:80:15:1,35521,35521,116320,45394,8.59697386519945e-06,2.2029343084989206e-05,numbered_aligned,qac_v0.4_aligned,1437,0.9961889236462969
ظما,ZmA,1,1,1,1,9:120:23:1,9:120:23:1,26262,26262,116320,45394,8.59697386519945e-06,2.2029343084989206e-05,numbered_aligned,qac_v0.4_aligned,1438,0.9962109529893819
عدس,Eds,1,1,1,1,2:61:21:2,2:61:21:2,937,937,116320,45394,8.59697386519945e-06,2.2029343084989206e-05,numbered_aligned,qac_v0.4_aligned,1439,0.9962329823324668
عرجن,Erjn,1,1,1,1,36:39:6:3,36:39:6:3,57429,57429,116320,45394,8.59697386519945e-06,2.2029343084989206e-05,numbered_aligned,qac_v0.4_aligned,1440,0.9962550116755519
عرم,Erm,1,1,1,1,34:16:5:2,34:16:5:2,55719,55719,116320,45394,8.59697386519945e-06,2.2029343084989206e-05,numbered_aligned,qac_v0.4_aligned,1441,0.9962770410186368
عزو,Ezw,1,1,1,1,70:37:5:1,70:37:5:1,74147,74147,116320,45394,8.59697386519945e-06,2.2029343084989206e-05,numbered_aligned,qac_v0.4_aligned,1442,0.9962990703617218
عسعس,EsEs,1,1,1,1,81:17:3:1,81:17:3:1,76339,76339,116320,45394,8.59697386519945e-06,2.2029343084989206e-05,numbered_aligned,qac_v0.4_aligned,1443,0.9963210997048068
عسل,Esl,1,1,1,1,47:15:25:1,47:15:25:1,66061,66061,116320,45394,8.59697386519945e-06,2.2029343084989206e-05,numbered_aligned,qac_v0.4_aligned,1444,0.9963431290478918
عضض,EDD,1,1,1,1,3:119:15:1,3:119:15:1,8230,8230,116320,45394,8.59697386519945e-06,2.2029343084989206e-05,numbered_aligned,qac_v0.4_aligned,1445,0.9963651583909768
عضو,EDw,1,1,1,1,15:91:4:1,15:91:4:1,34348,34348,116320,45394,8.59697386519945e-06,2.2029343084989206e-05,numbered_aligned,qac_v0.4_aligned,1446,0.9963871877340618
عطف,ETf,1,1,1,1,22:9:2:1,22:9:2:1,43065,43065,116320,45394,8.59697386519945e-06,2.2029343084989206e-05,numbered_aligned,qac_v0.4_aligned,1447,0.9964092170771468
عفر,Efr,1,1,1,1,27:39:2:1,27:39:2:1,49237,49237,116320,45394,8.59697386519945e-06,2.2029343084989206e-05,numbered_aligned,qac_v0.4_aligned,1448,0.9964312464202317
عمق,Emq,1,1,1,1,22:27:14:1,22:27:14:1,43368,43368,116320,45394,8.59697386519945e-06,2.2029343084989206e-05,numbered_aligned,qac_v0.4_aligned,1449,0.9964532757633168
عنو,Enw,1,1,1,1,20:111:1:2,20:111:1:2,41410,41410,116320,45394,8.59697386519945e-06,2.2029343084989206e-05,numbered_aligned,qac_v0.4_aligned,1450,0.9964753051064017
عوق,Ewq,1,1,1,1,33:18:4:2,33:18:4:2,54419,54419,116320,45394,8.59697386519945e-06,2.2029343084989206e-05,numbered_aligned,qac_v0.4_aligned,1451,0.9964973344494867
عول,Ewl,1,1,1,1,4:3:28:1,4:3:28:1,9756,9756,116320,45394,8.59697386519945e-06,2.2029343084989206e-05,numbered_aligned,qac_v0.4_aligned,1452,0.9965193637925717
عيب,Eyb,1,1,1,1,18:79:10:1,18:79:10:1,39001,39001,116320,45394,8.59697386519945e-06,2.2029343084989206e-05,numbered_aligned,qac_v0.4_aligned,1453,0.9965413931356567
عيي,Eyy,1,1,1,1,50:15:1:3,50:15:1:3,67425,67425,116320,45394,8.59697386519945e-06,2.2029343084989206e-05,numbered_aligned,qac_v0.4_aligned,1454,0.9965634224787416
غبن,gbn,1,1,1,1,64:9:7:2,64:9:7:2,72396,72396,116320,45394,8.59697386519945e-06,2.2029343084989206e-05,numbered_aligned,qac_v0.4_aligned,1455,0.9965854518218267
غزل,gzl,1,1,1,1,16:92:5:1,16:92:5:1,35701,35701,116320,45394,8.59697386519945e-06,2.2029343084989206e-05,numbered_aligned,qac_v0.4_aligned,1456,0.9966074811649117
غزو,gzw,1,1,1,1,3:156:16:1,3:156:16:1,8863,8863,116320,45394,8.59697386519945e-06,2.2029343084989206e-05,numbered_aligned,qac_v0.4_aligned,1457,0.9966295105079966
غصب,gSb,1,1,1,1,18:79:17:1,18:79:17:1,39008,39008,116320,45394,8.59697386519945e-06,2.2029343084989206e-05,numbered_aligned,qac_v0.4_aligned,1458,0.9966515398510817
غصص,gSS,1,1,1,1,73:13:3:1,73:13:3:1,74798,74798,116320,45394,8.59697386519945e-06,2.2029343084989206e-05,numbered_aligned,qac_v0.4_aligned,1459,0.9966735691941666
غطش,gT$,1,1,1,1,79:29:1:2,79:29:1:2,76069,76069,116320,45394,8.59697386519945e-06,2.2029343084989206e-05,numbered_aligned,qac_v0.4_aligned,1460,0.9966955985372516
غلق,glq,1,1,1,1,12:23:8:2,12:23:8:2,30552,30552,116320,45394,8.59697386519945e-06,2.2029343084989206e-05,numbered_aligned,qac_v0.4_aligned,1461,0.9967176278803366
غمز,gmz,1,1,1,1,83:30:4:1,83:30:4:1,76619,76619,116320,45394,8.59697386519945e-06,2.2029343084989206e-05,numbered_aligned,qac_v0.4_aligned,1462,0.9967396572234216
غمض,gmD,1,1,1,1,2:267:23:1,2:267:23:1,5629,5629,116320,45394,8.59697386519945e-06,2.2029343084989206e-05,numbered_aligned,qac_v0.4_aligned,1463,0.9967616865665065
غول,gwl,1,1,1,1,37:47:3:1,37:47:3:1,58073,58073,116320,45394,8.59697386519945e-06,2.2029343084989206e-05,numbered_aligned,qac_v0.4_aligned,1464,0.9967837159095916
فتق,ftq,1,1,1,1,21:30:10:2,21:30:10:2,42031,42031,116320,45394,8.59697386519945e-06,2.2029343084989206e-05,numbered_aligned,qac_v0.4_aligned,1465,0.9968057452526765
فجو,fjw,1,1,1,1,18:17:17:1,18:17:17:1,38008,38008,116320,45394,8.59697386519945e-06,2.2029343084989206e-05,numbered_aligned,qac_v0.4_aligned,1466,0.9968277745957616
فرث,frv,1,1,1,1,16:66:12:1,16:66:12:1,35253,35253,116320,45394,8.59697386519945e-06,2.2029343084989206e-05,numbered_aligned,qac_v0.4_aligned,1467,0.9968498039388466
فرع,frE,1,1,1,1,14:24:13:2,14:24:13:2,33353,33353,116320,45394,8.59697386519945e-06,2.2029343084989206e-05,numbered_aligned,qac_v0.4_aligned,1468,0.9968718332819315
فره,frh,1,1,1,1,26:149:5:1,26:149:5:1,48334,48334,116320,45394,8.59697386519945e-06,2.2029343084989206e-05,numbered_aligned,qac_v0.4_aligned,1469,0.9968938626250166
فسر,fsr,1,1,1,1,25:33:8:1,25:33:8:1,46972,46972,116320,45394,8.59697386519945e-06,2.2029343084989206e-05,numbered_aligned,qac_v0.4_aligned,1470,0.9969158919681015
فصح,fSH,1,1,1,1,28:34:4:1,28:34:4:1,50506,50506,116320,45394,8.59697386519945e-06,2.2029343084989206e-05,numbered_aligned,qac_v0.4_aligned,1471,0.9969379213111865
فصم,fSm,1,1,1,1,2:256:20:1,2:256:20:1,5268,5268,116320,45394,8.59697386519945e-06,2.2029343084989206e-05,numbered_aligned,qac_v0.4_aligned,1472,0.9969599506542715
فضح,fDH,1,1,1,1,15:68:6:1,15:68:6:1,34215,34215,116320,45394,8.59697386519945e-06,2.2029343084989206e-05,numbered_aligned,qac_v0.4_aligned,1473,0.9969819799973565
فضو,fDw,1,1,1,1,4:21:4:1,4:21:4:1,10209,10209,116320,45394,8.59697386519945e-06,2.2029343084989206e-05,numbered_aligned,qac_v0.4_aligned,1474,0.9970040093404414
فظظ,fZZ,1,1,1,1,3:159:9:1,3:159:9:1,8913,8913,116320,45394,8.59697386519945e-06,2.2029343084989206e-05,numbered_aligned,qac_v0.4_aligned,1475,0.9970260386835265
فقع,fqE,1,1,1,1,2:69:15:1,2:69:15:1,1106,1106,116320,45394,8.59697386519945e-06,2.2029343084989206e-05,numbered_aligned,qac_v0.4_aligned,1476,0.9970480680266115
فلن,fln,1,1,1,1,25:28:5:1,25:28:5:1,46916,46916,116320,45394,8.59697386519945e-06,2.2029343084989206e-05,numbered_aligned,qac_v0.4_aligned,1477,0.9970700973696964
فند,fnd,1,1,1,1,12:94:12:1,12:94:12:1,31760,31760,116320,45394,8.59697386519945e-06,2.2029343084989206e-05,numbered_aligned,qac_v0.4_aligned,1478,0.9970921267127815
فنن,fnn,1,1,1,1,55:48:2:1,55:48:2:1,69303,69303,116320,45394,8.59697386519945e-06,2.2029343084989206e-05,numbered_aligned,qac_v0.4_aligned,1479,0.9971141560558664
فني,fny,1,1,1,1,55:26:4:1,55:26:4:1,69180,69180,116320,45394,8.59697386519945e-06,2.2029343084989206e-05,numbered_aligned,qac_v0.4_aligned,1480,0.9971361853989514
فهم,fhm,1,1,1,1,21:79:1:2,21:79:1:2,42528,42528,116320,45394,8.59697386519945e-06,2.2029343084989206e-05,numbered_aligned,qac_v0.4_aligned,1481,0.9971582147420364
فوض,fwD,1,1,1,1,40:44:5:2,40:44:5:2,61291,61291,116320,45394,8.59697386519945e-06,2.2029343084989206e-05,numbered_aligned,qac_v0.4_aligned,1482,0.9971802440851214
فوم,fwm,1,1,1,1,2:61:20:2,2:61:20:2,936,936,116320,45394,8.59697386519945e-06,2.2029343084989206e-05,numbered_aligned,qac_v0.4_aligned,1483,0.9972022734282063
فيل,fyl,1,1,1,1,105:1:7:2,105:1:7:2,78017,78017,116320,45394,8.59697386519945e-06,2.2029343084989206e-05,numbered_aligned,qac_v0.4_aligned,1484,0.9972243027712914
قبح,qbH,1,1,1,1,28:42:10:2,28:42:10:2,50636,50636,116320,45394,8.59697386519945e-06,2.2029343084989206e-05,numbered_aligned,qac_v0.4_aligned,1485,0.9972463321143763
قثا,qvA,1,1,1,1,2:61:19:2,2:61:19:2,935,935,116320,45394,8.59697386519945e-06,2.2029343084989206e-05,numbered_aligned,qac_v0.4_aligned,1486,0.9972683614574613
قدح,qdH,1,1,1,1,100:2:2:1,100:2:2:1,77843,77843,116320,45394,8.59697386519945e-06,2.2029343084989206e-05,numbered_aligned,qac_v0.4_aligned,1487,0.9972903908005464
قسر,qsr,1,1,1,1,74:51:3:1,74:51:3:1,75155,75155,116320,45394,8.59697386519945e-06,2.2029343084989206e-05,numbered_aligned,qac_v0.4_aligned,1488,0.9973124201436313
قسس,qss,1,1,1,1,5:82:22:1,5:82:22:1,15431,15431,116320,45394,8.59697386519945e-06,2.2029343084989206e-05,numbered_aligned,qac_v0.4_aligned,1489,0.9973344494867163
قشعر,q$Er,1,1,1,1,39:23:8:1,39:23:8:1,59857,59857,116320,45394,8.59697386519945e-06,2.2029343084989206e-05,numbered_aligned,qac_v0.4_aligned,1490,0.9973564788298013
قصف,qSf,1,1,1,1,17:69:10:1,17:69:10:1,37205,37205,116320,45394,8.59697386519945e-06,2.2029343084989206e-05,numbered_aligned,qac_v0.4_aligned,1491,0.9973785081728863
قصم,qSm,1,1,1,1,21:11:2:1,21:11:2:1,41828,41828,116320,45394,8.59697386519945e-06,2.2029343084989206e-05,numbered_aligned,qac_v0.4_aligned,1492,0.9974005375159712
قضب,qDb,1,1,1,1,80:28:2:2,80:28:2:2,76242,76242,116320,45394,8.59697386519945e-06,2.2029343084989206e-05,numbered_aligned,qac_v0.4_aligned,1493,0.9974225668590563
قضض,qDD,1,1,1,1,18:77:17:1,18:77:17:1,38972,38972,116320,45394,8.59697386519945e-06,2.2029343084989206e-05,numbered_aligned,qac_v0.4_aligned,1494,0.9974445962021412
قطط,qTT,1,1,1,1,38:16:5:1,38:16:5:1,58839,58839,116320,45394,8.59697386519945e-06,2.2029343084989206e-05,numbered_aligned,qac_v0.4_aligned,1495,0.9974666255452262
قطمر,qTmr,1,1,1,1,35:13:28:1,35:13:28:1,56592,56592,116320,45394,8.59697386519945e-06,2.2029343084989206e-05,numbered_aligned,qac_v0.4_aligned,1496,0.9974886548883112
قعر,qEr,1,1,1,1,54:20:6:1,54:20:6:1,68865,68865,116320,45394,8.59697386519945e-06,2.2029343084989206e-05,numbered_aligned,qac_v0.4_aligned,1497,0.9975106842313962
قفل,qfl,1,1,1,1,47:24:7:1,47:24:7:1,66202,66202,116320,45394,8.59697386519945e-06,2.2029343084989206e-05,numbered_aligned,qac_v0.4_aligned,1498,0.9975327135744813
قمح,qmH,1,1,1,1,36:8:10:1,36:8:10:1,57138,57138,116320,45394,8.59697386519945e-06,2.2029343084989206e-05,numbered_aligned,qac_v0.4_aligned,1499,0.9975547429175662
قمطر,qmTr,1,1,1,1,76:10:7:1,76:10:7:1,75438,75438,116320,45394,8.59697386519945e-06,2.2029343084989206e-05,numbered_aligned,qac_v0.4_aligned,1500,0.9975767722606512
قمع,qmE,1,1,1,1,22:21:2:1,22:21:2:1,43268,43268,116320,45394,8.59697386519945e-06,2.2029343084989206e-05,numbered_aligned,qac_v0.4_aligned,1501,0.9975988016037362
قمل,qml,1,1,1,1,7:133:5:3,7:133:5:3,21344,21344,116320,45394,8.59697386519945e-06,2.2029343084989206e-05,numbered_aligned,qac_v0.4_aligned,1502,0.9976208309468212
قنع,qnE,1,1,1,1,22:36:21:2,22:36:21:2,43517,43517,116320,45394,8.59697386519945e-06,2.2029343084989206e-05,numbered_aligned,qac_v0.4_aligned,1503,0.9976428602899061
قنو,qnw,1,1,1,1,6:99:23:1,6:99:23:1,18014,18014,116320,45394,8.59697386519945e-06,2.2029343084989206e-05,numbered_aligned,qac_v0.4_aligned,1504,0.9976648896329912
قني,qny,1,1,1,1,53:48:4:2,53:48:4:2,68677,68677,116320,45394,8.59697386519945e-06,2.2029343084989206e-05,numbered_aligned,qac_v0.4_aligned,1505,0.9976869189760761
قوب,qwb,1,1,1,1,53:9:2:1,53:9:2:1,68402,68402,116320,45394,8.59697386519945e-06,2.2029343084989206e-05,numbered_aligned,qac_v0.4_aligned,1506,0.9977089483191611
قوس,qws,1,1,1,1,53:9:3:1,53:9:3:1,68403,68403,116320,45394,8.59697386519945e-06,2.2029343084989206e-05,numbered_aligned,qac_v0.4_aligned,1507,0.9977309776622462
كبد,kbd,1,1,1,1,90:4:5:1,90:4:5:1,77275,77275,116320,45394,8.59697386519945e-06,2.2029343084989206e-05,numbered_aligned,qac_v0.4_aligned,1508,0.9977530070053311
كبكب,kbkb,1,1,1,1,26:94:1:2,26:94:1:2,48041,48041,116320,45394,8.59697386519945e-06,2.2029343084989206e-05,numbered_aligned,qac_v0.4_aligned,1509,0.9977750363484161
كثب,kvb,1,1,1,1,73:14:7:1,73:14:7:1,74807,74807,116320,45394,8.59697386519945e-06,2.2029343084989206e-05,numbered_aligned,qac_v0.4_aligned,1510,0.9977970656915011
كدر,kdr,1,1,1,1,81:2:3:1,81:2:3:1,76294,76294,116320,45394,8.59697386519945e-06,2.2029343084989206e-05,numbered_aligned,qac_v0.4_aligned,1511,0.9978190950345861
كدي,kdy,1,1,1,1,53:34:3:2,53:34:3:2,68614,68614,116320,45394,8.59697386519945e-06,2.2029343084989206e-05,numbered_aligned,qac_v0.4_aligned,1512,0.997841124377671
كسد,ksd,1,1,1,1,9:24:13:1,9:24:13:1,24351,24351,116320,45394,8.59697386519945e-06,2.2029343084989206e-05,numbered_aligned,qac_v0.4_aligned,1513,0.9978631537207561
كشط,k$T,1,1,1,1,81:11:3:1,81:11:3:1,76321,76321,116320,45394,8.59697386519945e-06,2.2029343084989206e-05,numbered_aligned,qac_v0.4_aligned,1514,0.997885183063841
كفا,kfA,1,1,1,1,112:4:4:1,112:4:4:1,78196,78196,116320,45394,8.59697386519945e-06,2.2029343084989206e-05,numbered_aligned,qac_v0.4_aligned,1515,0.997907212406926
كفت,kft,1,1,1,1,77:25:4:1,77:25:4:1,75680,75680,116320,45394,8.59697386519945e-06,2.2029343084989206e-05,numbered_aligned,qac_v0.4_aligned,1516,0.997929241750011
كلا,klA,1,1,1,1,21:42:3:1,21:42:3:1,42165,42165,116320,45394,8.59697386519945e-06,2.2029343084989206e-05,numbered_aligned,qac_v0.4_aligned,1517,0.997951271093096
كلح,klH,1,1,1,1,23:104:6:1,23:104:6:1,45109,45109,116320,45394,8.59697386519945e-06,2.2029343084989206e-05,numbered_aligned,qac_v0.4_aligned,1518,0.997973300436181
كند,knd,1,1,1,1,100:6:4:2,100:6:4:2,77855,77855,116320,45394,8.59697386519945e-06,2.2029343084989206e-05,numbered_aligned,qac_v0.4_aligned,1519,0.997995329779266
كنس,kns,1,1,1,1,81:16:2:2,81:16:2:2,76336,76336,116320,45394,8.59697386519945e-06,2.2029343084989206e-05,numbered_aligned,qac_v0.4_aligned,1520,0.998017359122351
كوي,kwy,1,1,1,1,9:35:7:2,9:35:7:2,24592,24592,116320,45394,8.59697386519945e-06,2.2029343084989206e-05,numbered_aligned,qac_v0.4_aligned,1521,0.9980393884654359
لحف,lHf,1,1,1,1,2:273:22:1,2:273:22:1,5749,5749,116320,45394,8.59697386519945e-06,2.2029343084989206e-05,numbered_aligned,qac_v0.4_aligned,1522,0.998061417808521
لحن,lHn,1,1,1,1,47:30:8:1,47:30:8:1,66269,66269,116320,45394,8.59697386519945e-06,2.2029343084989206e-05,numbered_aligned,qac_v0.4_aligned,1523,0.9980834471516059
لزب,lzb,1,1,1,1,37:11:12:1,37:11:12:1,57894,57894,116320,45394,8.59697386519945e-06,2.2029343084989206e-05,numbered_aligned,qac_v0.4_aligned,1524,0.998105476494691
لظي,lZy,1,1,1,1,92:14:3:1,92:14:3:1,77448,77448,116320,45394,8.59697386519945e-06,2.2029343084989206e-05,numbered_aligned,qac_v0.4_aligned,1525,0.9981275058377759
لفح,lfH,1,1,1,1,23:104:1:1,23:104:1:1,45104,45104,116320,45394,8.59697386519945e-06,2.2029343084989206e-05,numbered_aligned,qac_v0.4_aligned,1526,0.9981495351808609
لفظ,lfZ,1,1,1,1,50:18:2:1,50:18:2:1,67458,67458,116320,45394,8.59697386519945e-06,2.2029343084989206e-05,numbered_aligned,qac_v0.4_aligned,1527,0.9981715645239458
لقب,lqb,1,1,1,1,49:11:28:3,49:11:28:3,67156,67156,116320,45394,8.59697386519945e-06,2.2029343084989206e-05,numbered_aligned,qac_v0.4_aligned,1528,0.9981935938670309
لقح,lqH,1,1,1,1,15:22:3:1,15:22:3:1,33896,33896,116320,45394,8.59697386519945e-06,2.2029343084989206e-05,numbered_aligned,qac_v0.4_aligned,1529,0.9982156232101159
لقم,lqm,1,1,1,1,37:142:1:2,37:142:1:2,58522,58522,116320,45394,8.59697386519945e-06,2.2029343084989206e-05,numbered_aligned,qac_v0.4_aligned,1530,0.9982376525532008
لهم,lhm,1,1,1,1,91:8:1:2,91:8:1:2,77366,77366,116320,45394,8.59697386519945e-06,2.2029343084989206e-05,numbered_aligned,qac_v0.4_aligned,1531,0.9982596818962859
لوت,lwt,1,1,1,1,38:3:8:2,38:3:8:2,58722,58722,116320,45394,8.59697386519945e-06,2.2029343084989206e-05,numbered_aligned,qac_v0.4_aligned,1532,0.9982817112393708
لوذ,lw*,1,1,1,1,24:63:15:1,24:63:15:1,46524,46524,116320,45394,8.59697386519945e-06,2.2029343084989206e-05,numbered_aligned,qac_v0.4_aligned,1533,0.9983037405824559
ليت,lyt,1,1,1,1,49:14:20:1,49:14:20:1,67240,67240,116320,45394,8.59697386519945e-06,2.2029343084989206e-05,numbered_aligned,qac_v0.4_aligned,1534,0.9983257699255408
مجس,mjs,1,1,1,1,22:17:8:3,22:17:8:3,43192,43192,116320,45394,8.59697386519945e-06,2.2029343084989206e-05,numbered_aligned,qac_v0.4_aligned,1535,0.9983477992686258
محل,mHl,1,1,1,1,13:13:19:2,13:13:19:2,32289,32289,116320,45394,8.59697386519945e-06,2.2029343084989206e-05,numbered_aligned,qac_v0.4_aligned,1536,0.9983698286117108
مزن,mzn,1,1,1,1,56:69:4:2,56:69:4:2,69694,69694,116320,45394,8.59697386519945e-06,2.2029343084989206e-05,numbered_aligned,qac_v0.4_aligned,1537,0.9983918579547958
مسخ,msx,1,1,1,1,36:67:3:2,36:67:3:2,57675,57675,116320,45394,8.59697386519945e-06,2.2029343084989206e-05,numbered_aligned,qac_v0.4_aligned,1538,0.9984138872978808
مسد,msd,1,1,1,1,111:5:5:1,111:5:5:1,78178,78178,116320,45394,8.59697386519945e-06,2.2029343084989206e-05,numbered_aligned,qac_v0.4_aligned,1539,0.9984359166409658
مسو,msw,1,1,1,1,30:17:4:1,30:17:4:1,52543,52543,116320,45394,8.59697386519945e-06,2.2029343084989206e-05,numbered_aligned,qac_v0.4_aligned,1540,0.9984579459840508
مشج,m$j,1,1,1,1,76:2:6:1,76:2:6:1,75375,75375,116320,45394,8.59697386519945e-06,2.2029343084989206e-05,numbered_aligned,qac_v0.4_aligned,1541,0.9984799753271357
مطو,mTw,1,1,1,1,75:33:5:1,75:33:5:1,75319,75319,116320,45394,8.59697386519945e-06,2.2029343084989206e-05,numbered_aligned,qac_v0.4_aligned,1542,0.9985020046702208
معز,mEz,1,1,1,1,6:143:7:2,6:143:7:2,18816,18816,116320,45394,8.59697386519945e-06,2.2029343084989206e-05,numbered_aligned,qac_v0.4_aligned,1543,0.9985240340133057
معن,mEn,1,1,1,1,107:7:2:2,107:7:2:2,78083,78083,116320,45394,8.59697386519945e-06,2.2029343084989206e-05,numbered_aligned,qac_v0.4_aligned,1544,0.9985460633563907
معي,mEy,1,1,1,1,47:15:44:1,47:15:44:1,66080,66080,116320,45394,8.59697386519945e-06,2.2029343084989206e-05,numbered_aligned,qac_v0.4_aligned,1545,0.9985680926994757
مكو,mkw,1,1,1,1,8:35:7:1,8:35:7:1,23204,23204,116320,45394,8.59697386519945e-06,2.2029343084989206e-05,numbered_aligned,qac_v0.4_aligned,1546,0.9985901220425607
مير,myr,1,1,1,1,12:65:16:2,12:65:16:2,31264,31264,116320,45394,8.59697386519945e-06,2.2029343084989206e-05,numbered_aligned,qac_v0.4_aligned,1547,0.9986121513856456
نبز,nbz,1,1,1,1,49:11:27:1,49:11:27:1,67155,67155,116320,45394,8.59697386519945e-06,2.2029343084989206e-05,numbered_aligned,qac_v0.4_aligned,1548,0.9986341807287307
نبط,nbT,1,1,1,1,4:83:20:1,4:83:20:1,11517,11517,116320,45394,8.59697386519945e-06,2.2029343084989206e-05,numbered_aligned,qac_v0.4_aligned,1549,0.9986562100718157
نتق,ntq,1,1,1,1,7:171:2:1,7:171:2:1,22163,22163,116320,45394,8.59697386519945e-06,2.2029343084989206e-05,numbered_aligned,qac_v0.4_aligned,1550,0.9986782394149006
نجد,njd,1,1,1,1,90:10:2:2,90:10:2:2,77298,77298,116320,45394,8.59697386519945e-06,2.2029343084989206e-05,numbered_aligned,qac_v0.4_aligned,1551,0.9987002687579857
نجس,njs,1,1,1,1,9:28:6:1,9:28:6:1,24431,24431,116320,45394,8.59697386519945e-06,2.2029343084989206e-05,numbered_aligned,qac_v0.4_aligned,1552,0.9987222981010706
نحب,nHb,1,1,1,1,33:23:12:1,33:23:12:1,54534,54534,116320,45394,8.59697386519945e-06,2.2029343084989206e-05,numbered_aligned,qac_v0.4_aligned,1553,0.9987443274441556
نحر,nHr,1,1,1,1,108:2:3:2,108:2:3:2,78093,78093,116320,45394,8.59697386519945e-06,2.2029343084989206e-05,numbered_aligned,qac_v0.4_aligned,1554,0.9987663567872406
نخر,nxr,1,1,1,1,79:11:4:1,79:11:4:1,75997,75997,116320,45394,8.59697386519945e-06,2.2029343084989206e-05,numbered_aligned,qac_v0.4_aligned,1555,0.9987883861303256
نسا,nsA,1,1,1,1,34:14:13:1,34:14:13:1,55680,55680,116320,45394,8.59697386519945e-06,2.2029343084989206e-05,numbered_aligned,qac_v0.4_aligned,1556,0.9988104154734105
نسر,nsr,1,1,1,1,71:23:13:2,71:23:13:2,74377,74377,116320,45394,8.59697386519945e-06,2.2029343084989206e-05,numbered_aligned,qac_v0.4_aligned,1557,0.9988324448164956
نضج,nDj,1,1,1,1,4:56:9:1,4:56:9:1,10962,10962,116320,45394,8.59697386519945e-06,2.2029343084989206e-05,numbered_aligned,qac_v0.4_aligned,1558,0.9988544741595805
نضخ,nDx,1,1,1,1,55:66:3:1,55:66:3:1,69380,69380,116320,45394,8.59697386519945e-06,2.2029343084989206e-05,numbered_aligned,qac_v0.4_aligned,1559,0.9988765035026655
نطح,nTH,1,1,1,1,5:3:15:3,5:3:15:3,13542,13542,116320,45394,8.59697386519945e-06,2.2029343084989206e-05,numbered_aligned,qac_v0.4_aligned,1560,0.9988985328457506
نعق,nEq,1,1,1,1,2:171:6:1,2:171:6:1,3086,3086,116320,45394,8.59697386519945e-06,2.2029343084989206e-05,numbered_aligned,qac_v0.4_aligned,1561,0.9989205621888355
نعل,nEl,1,1,1,1,20:12:5:1,20:12:5:1,40444,40444,116320,45394,8.59697386519945e-06,2.2029343084989206e-05,numbered_aligned,qac_v0.4_aligned,1562,0.9989425915319206
نغض,ngD,1,1,1,1,17:51:15:3,17:51:15:3,36923,36923,116320,45394,8.59697386519945e-06,2.2029343084989206e-05,numbered_aligned,qac_v0.4_aligned,1563,0.9989646208750055
نفث,nfv,1,1,1,1,113:4:3:2,113:4:3:2,78217,78217,116320,45394,8.59697386519945e-06,2.2029343084989206e-05,numbered_aligned,qac_v0.4_aligned,1564,0.9989866502180905
نفح,nfH,1,1,1,1,21:46:3:1,21:46:3:1,42221,42221,116320,45394,8.59697386519945e-06,2.2029343084989206e-05,numbered_aligned,qac_v0.4_aligned,1565,0.9990086795611754
نفي,nfy,1,1,1,1,5:33:22:1,5:33:22:1,14327,14327,116320,45394,8.59697386519945e-06,2.2029343084989206e-05,numbered_aligned,qac_v0.4_aligned,1566,0.9990307089042605
نقع,nqE,1,1,1,1,100:4:3:1,100:4:3:1,77848,77848,116320,45394,8.59697386519945e-06,2.2029343084989206e-05,numbered_aligned,qac_v0.4_aligned,1567,0.9990527382473454
نكد,nkd,1,1,1,1,7:58:12:1,7:58:12:1,20312,20312,116320,45394,8.59697386519945e-06,2.2029343084989206e-05,numbered_aligned,qac_v0.4_aligned,1568,0.9990747675904305
نمم,nmm,1,1,1,1,68:11:3:2,68:11:3:2,73463,73463,116320,45394,8.59697386519945e-06,2.2029343084989206e-05,numbered_aligned,qac_v0.4_aligned,1569,0.9990967969335155
نهج,nhj,1,1,1,1,5:48:29:2,5:48:29:2,14700,14700,116320,45394,8.59697386519945e-06,2.2029343084989206e-05,numbered_aligned,qac_v0.4_aligned,1570,0.9991188262766004
نوش,nw$,1,1,1,1,34:52:6:2,34:52:6:2,56287,56287,116320,45394,8.59697386519945e-06,2.2029343084989206e-05,numbered_aligned,qac_v0.4_aligned,1571,0.9991408556196855
نوص,nwS,1,1,1,1,38:3:10:1,38:3:10:1,58724,58724,116320,45394,8.59697386519945e-06,2.2029343084989206e-05,numbered_aligned,qac_v0.4_aligned,1572,0.9991628849627704
نون,nwn,1,1,1,1,21:87:2:2,21:87:2:2,42618,42618,116320,45394,8.59697386519945e-06,2.2029343084989206e-05,numbered_aligned,qac_v0.4_aligned,1573,0.9991849143058554
نوي,nwy,1,1,1,1,6:95:5:3,6:95:5:3,17938,17938,116320,45394,8.59697386519945e-06,2.2029343084989206e-05,numbered_aligned,qac_v0.4_aligned,1574,0.9992069436489404
هجد,hjd,1,1,1,1,17:79:3:2,17:79:3:2,37335,37335,116320,45394,8.59697386519945e-06,2.2029343084989206e-05,numbered_aligned,qac_v0.4_aligned,1575,0.9992289729920254
هجع,hjE,1,1,1,1,51:17:6:1,51:17:6:1,67759,67759,116320,45394,8.59697386519945e-06,2.2029343084989206e-05,numbered_aligned,qac_v0.4_aligned,1576,0.9992510023351103
هدد,hdd,1,1,1,1,19:90:9:1,19:90:9:1,40299,40299,116320,45394,8.59697386519945e-06,2.2029343084989206e-05,numbered_aligned,qac_v0.4_aligned,1577,0.9992730316781954
هدم,hdm,1,1,1,1,22:40:18:2,22:40:18:2,43584,43584,116320,45394,8.59697386519945e-06,2.2029343084989206e-05,numbered_aligned,qac_v0.4_aligned,1578,0.9992950610212803
هدهد,hdhd,1,1,1,1,27:20:8:2,27:20:8:2,49032,49032,116320,45394,8.59697386519945e-06,2.2029343084989206e-05,numbered_aligned,qac_v0.4_aligned,1579,0.9993170903643653
هرب,hrb,1,1,1,1,72:12:11:1,72:12:11:1,74558,74558,116320,45394,8.59697386519945e-06,2.2029343084989206e-05,numbered_aligned,qac_v0.4_aligned,1580,0.9993391197074504
هزل,hzl,1,1,1,1,86:14:3:3,86:14:3:3,76931,76931,116320,45394,8.59697386519945e-06,2.2029343084989206e-05,numbered_aligned,qac_v0.4_aligned,1581,0.9993611490505353
هشش,h$$,1,1,1,1,20:18:6:2,20:18:6:2,40495,40495,116320,45394,8.59697386519945e-06,2.2029343084989206e-05,numbered_aligned,qac_v0.4_aligned,1582,0.9993831783936203
هلع,hlE,1,1,1,1,70:19:4:1,70:19:4:1,74061,74061,116320,45394,8.59697386519945e-06,2.2029343084989206e-05,numbered_aligned,qac_v0.4_aligned,1583,0.9994052077367053
همد,hmd,1,1,1,1,22:5:58:1,22:5:58:1,43014,43014,116320,45394,8.59697386519945e-06,2.2029343084989206e-05,numbered_aligned,qac_v0.4_aligned,1584,0.9994272370797903
همر,hmr,1,1,1,1,54:11:5:1,54:11:5:1,68807,68807,116320,45394,8.59697386519945e-06,2.2029343084989206e-05,numbered_aligned,qac_v0.4_aligned,1585,0.9994492664228752
همس,hms,1,1,1,1,20:108:13:1,20:108:13:1,41387,41387,116320,45394,8.59697386519945e-06,2.2029343084989206e-05,numbered_aligned,qac_v0.4_aligned,1586,0.9994712957659603
هيت,hyt,1,1,1,1,12:23:11:1,12:23:11:1,30555,30555,116320,45394,8.59697386519945e-06,2.2029343084989206e-05,numbered_aligned,qac_v0.4_aligned,1587,0.9994933251090452
هيل,hyl,1,1,1,1,73:14:8:1,73:14:8:1,74808,74808,116320,45394,8.59697386519945e-06,2.2029343084989206e-05,numbered_aligned,qac_v0.4_aligned,1588,0.9995153544521302
وال,wAl,1,1,1,1,18:58:19:1,18:58:19:1,38752,38752,116320,45394,8.59697386519945e-06,2.2029343084989206e-05,numbered_aligned,qac_v0.4_aligned,1589,0.9995373837952152
وبر,wbr,1,1,1,1,16:80:20:2,16:80:20:2,35526,35526,116320,45394,8.59697386519945e-06,2.2029343084989206e-05,numbered_aligned,qac_v0.4_aligned,1590,0.9995594131383002
وتن,wtn,1,1,1,1,69:46:4:2,69:46:4:2,73955,73955,116320,45394,8.59697386519945e-06,2.2029343084989206e-05,numbered_aligned,qac_v0.4_aligned,1591,0.9995814424813853
وجب,wjb,1,1,1,1,22:36:16:1,22:36:16:1,43512,43512,116320,45394,8.59697386519945e-06,2.2029343084989206e-05,numbered_aligned,qac_v0.4_aligned,1592,0.9996034718244702
وحش,wH$,1,1,1,1,81:5:2:2,81:5:2:2,76302,76302,116320,45394,8.59697386519945e-06,2.2029343084989206e-05,numbered_aligned,qac_v0.4_aligned,1593,0.9996255011675552
وسن,wsn,1,1,1,1,2:255:10:1,2:255:10:1,5208,5208,116320,45394,8.59697386519945e-06,2.2029343084989206e-05,numbered_aligned,qac_v0.4_aligned,1594,0.9996475305106401
وشي,w$y,1,1,1,1,2:71:15:1,2:71:15:1,1141,1141,116320,45394,8.59697386519945e-06,2.2029343084989206e-05,numbered_aligned,qac_v0.4_aligned,1595,0.9996695598537252
وضن,wDn,1,1,1,1,56:15:3:1,56:15:3:1,69484,69484,116320,45394,8.59697386519945e-06,2.2029343084989206e-05,numbered_aligned,qac_v0.4_aligned,1596,0.9996915891968101
وطا,wTA,1,1,1,1,9:120:33:1,9:120:33:1,26272,26272,116320,45394,8.59697386519945e-06,2.2029343084989206e-05,numbered_aligned,qac_v0.4_aligned,1597,0.9997136185398952
وطن,wTn,1,1,1,1,9:25:5:1,9:25:5:1,24376,24376,116320,45394,8.59697386519945e-06,2.2029343084989206e-05,numbered_aligned,qac_v0.4_aligned,1598,0.9997356478829801
وفد,wfd,1,1,1,1,19:85:6:1,19:85:6:1,40268,40268,116320,45394,8.59697386519945e-06,2.2029343084989206e-05,numbered_aligned,qac_v0.4_aligned,1599,0.9997576772260651
وفر,wfr,1,1,1,1,17:63:10:1,17:63:10:1,37120,37120,116320,45394,8.59697386519945e-06,2.2029343084989206e-05,numbered_aligned,qac_v0.4_aligned,1600,0.9997797065691502
وفض,wfD,1,1,1,1,70:43:9:1,70:43:9:1,74192,74192,116320,45394,8.59697386519945e-06,2.2029343084989206e-05,numbered_aligned,qac_v0.4_aligned,1601,0.9998017359122351
وقب,wqb,1,1,1,1,113:3:5:1,113:3:5:1,78214,78214,116320,45394,8.59697386519945e-06,2.2029343084989206e-05,numbered_aligned,qac_v0.4_aligned,1602,0.9998237652553201
وقذ,wq*,1,1,1,1,5:3:13:3,5:3:13:3,13540,13540,116320,45394,8.59697386519945e-06,2.2029343084989206e-05,numbered_aligned,qac_v0.4_aligned,1603,0.9998457945984051
وكد,wkd,1,1,1,1,16:91:10:1,16:91:10:1,35686,35686,116320,45394,8.59697386519945e-06,2.2029343084989206e-05,numbered_aligned,qac_v0.4_aligned,1604,0.9998678239414901
وكز,wkz,1,1,1,1,28:15:26:2,28:15:26:2,50155,50155,116320,45394,8.59697386519945e-06,2.2029343084989206e-05,numbered_aligned,qac_v0.4_aligned,1605,0.999889853284575
وني,wny,1,1,1,1,20:42:6:1,20:42:6:1,40656,40656,116320,45394,8.59697386519945e-06,2.2029343084989206e-05,numbered_aligned,qac_v0.4_aligned,1606,0.9999118826276601
وهج,whj,1,1,1,1,78:13:3:1,78:13:3:1,75828,75828,116320,45394,8.59697386519945e-06,2.2029343084989206e-05,numbered_aligned,qac_v0.4_aligned,1607,0.999933911970745
وهي,why,1,1,1,1,69:16:5:1,69:16:5:1,73806,73806,116320,45394,8.59697386519945e-06,2.2029343084989206e-05,numbered_aligned,qac_v0.4_aligned,1608,0.99995594131383
يقظ,yqZ,1,1,1,1,18:18:2:1,18:18:2:1,38027,38027,116320,45394,8.59697386519945e-06,2.2029343084989206e-05,numbered_aligned,qac_v0.4_aligned,1609,0.999977970656915
ينع,ynE,1,1,1,1,6:99:38:2,6:99:38:2,18029,18029,116320,45394,8.59697386519945e-06,2.2029343084989206e-05,numbered_aligned,qac_v0.4_aligned,1610,1.0
